"Date & Time",Temperature,Humidity,PM1.0,PM2.5,PM10
"2025-01-01 00:06:32.0000",8.42,107,15.75047779083252,20.185955640669142,21.77539401535141
"2025-01-01 00:36:26.0000",8.1,106.53,4.069773197174072,4.448209726954957,12.12789429185369
"2025-01-01 01:06:20.0000",7.77,107,1.945943832397461,1.895570685799883,11.65556054836246
"2025-01-01 01:36:15.0000",7.82,106.96,2.802896022796631,3.086351058572073,14.37534599858634
"2025-01-01 02:06:11.0000",8.03,107.3,2.7321619987487793,2.93200100210725,8.94996567091055
"2025-01-01 02:36:10.0000",9.31,105.84,1.7505210638046265,2.0357176070499996,5.815292434673826
"2025-01-01 03:06:00.0000",7.41,108.51,2.144254446029663,2.275835429045779,13.800173077377279
"2025-01-01 03:35:52.0000",6.66,110,1.7768388986587524,1.7405874584166294,9.185702881733668
"2025-01-01 04:05:46.0000",6.51,109.72,1.8114044666290283,2.0223268228805016,14.525857635627782
"2025-01-01 04:35:40.0000",6.29,109.59,1.4597828388214111,1.4494579652437367,7.782858016128719
"2025-01-01 05:05:35.0000",6.06,109.39,1.7076661586761475,1.6119031835917923,12.35932874821194
"2025-01-01 05:35:30.0000",5.81,109.34,1.4882975816726685,1.5522980799440007,9.622192432087758
"2025-01-01 06:05:24.0000",5.6,109.12,1.129813551902771,1.3966785752305864,6.89949251580013
"2025-01-01 06:35:18.0000",5.2,109.19,0.6923396587371826,0.9282445436225615,5.875052771465544
"2025-01-01 07:05:12.0000",5.08,109.38,0.7927249073982239,0.9694262758814052,5.652074901182336
"2025-01-01 07:35:07.0000",5.12,109.07,0.5806306600570679,0.7531162223980631,4.050517281342796
"2025-01-01 08:34:57.0000",5.65,109.29,1.7162492275238037,1.6621780523208927,7.719605785366442
"2025-01-01 09:04:53.0000",5.95,109.27,2.0801849365234375,2.0526942226694187,8.746341259683607
"2025-01-01 09:34:48.0000",6.18,109.13,2.272186756134033,2.5579427232650334,7.1717611629520785
"2025-01-01 10:04:43.0000",6.37,109.08,2.7650885581970215,3.3308371390243816,11.46969873415156
"2025-01-01 10:34:38.0000",6.29,108.03,3.0649776458740234,3.362718200301673,13.064940244304085
"2025-01-01 11:04:34.0000",6.25,109.18,3.019033432006836,3.1689687793126966,11.460650386806824
"2025-01-01 11:34:29.0000",6.41,109.65,3.9672465324401855,3.8332922585246503,16.599702502251567
"2025-01-01 12:34:21.0000",6.76,108.52,1.6541306972503662,1.9815468436957482,10.001881364905735
"2025-01-01 13:04:15.0000",6.69,107.96,2.324014186859131,2.8081956190357116,8.907522325351087
"2025-01-01 13:34:11.0000",7.01,107.54,1.6662999391555786,2.3736945189825596,9.719610187428401
"2025-01-01 14:04:09.0000",7.75,100.13,2.2754883766174316,3.231149832125897,11.269866762362467
"2025-01-01 14:34:01.0000",6.9,102.17,2.2328295707702637,3.0841970030220116,10.880924581642212
"2025-01-01 15:03:55.0000",7.29,100.9,1.6415468454360962,2.614592649309902,12.108561959150956
"2025-01-01 15:33:46.0000",5.68,99.3,1.7628389596939087,2.3757858395164284,11.620834405548916
"2025-01-01 16:03:39.0000",5.31,100.63,1.7788996696472168,2.4420149621991567,10.503514288636394
"2025-01-01 16:33:34.0000",5.74,100.86,1.7455030679702759,2.567040923110681,7.396280052186958
"2025-01-01 17:33:26.0000",5.76,96.49,0.9582932591438293,2.0110632091761462,7.870392012892053
"2025-01-01 18:03:18.0000",5.37,97.99,1.4217177629470825,2.10426991796664,11.357769839207423
"2025-01-01 18:33:13.0000",4.77,98.34,0.5867168307304382,1.4154600212356676,5.441611123868805
"2025-01-01 19:03:06.0000",3.9,100.75,0.5863902568817139,1.2731151497820414,5.0362868673191175
"2025-01-01 19:33:00.0000",3.7,101.08,0.7345195412635803,1.427727250669321,4.942726428123959
"2025-01-01 20:02:55.0000",3.03,101.9,0.8515040278434753,1.5746543850017503,5.102108594322768
"2025-01-01 20:32:50.0000",2.73,101.69,0.8044071197509766,1.5409899565295628,4.5869066185631775
"2025-01-01 21:02:43.0000",1.78,102.43,0.9529047608375549,1.7415680048712778,5.104900988184941
"2025-01-01 21:32:39.0000",2.38,102.83,0.9691360592842102,1.517593367926347,5.767363776916227
"2025-01-01 22:02:33.0000",1.59,100.88,0.993431568145752,1.7239342631233652,5.696921487063924
"2025-01-01 22:32:26.0000",1.13,101.09,1.3891476392745972,2.0457314932060955,7.462200184940498
"2025-01-01 23:02:21.0000",0.89,101.43,1.3350331783294678,2.3280780253107305,7.517435538502684
"2025-01-01 23:32:15.0000",0.43,100.3,1.4389069080352783,2.1991313871134417,7.666073213497201
"2025-01-02 00:02:10.0000",0.43,100.71,1.5754995346069336,2.2764172813228285,6.763802523086014
"2025-01-02 00:32:04.0000",0.28,100.49,1.5198893547058105,2.1510686143808946,7.628270175335572
"2025-01-02 01:01:59.0000",0.12,100.24,1.5116533041000366,2.281330045537591,7.816322726116956
"2025-01-02 01:31:53.0000",-0.39,99.35,1.5479686260223389,2.2608038909354633,9.732011886082384
"2025-01-02 02:01:47.0000",-0.55,100.25,1.467065691947937,1.9889966175458516,7.87348586260538
"2025-01-02 02:31:42.0000",-0.29,100.14,1.4689034223556519,2.1419280669744154,7.2040867281096315
"2025-01-02 03:01:37.0000",-0.28,99.85,1.1148253679275513,1.861538334745639,6.797992362824215
"2025-01-02 03:31:32.0000",-0.73,99.21,1.2967814207077026,2.089712982761382,7.395426458321519
"2025-01-02 04:01:26.0000",-0.85,99.86,1.293342113494873,1.9615899231081142,5.443326917564943
"2025-01-02 04:31:20.0000",-1.23,99.13,1.2528846263885498,1.9834313657654155,6.621341333047629
"2025-01-02 05:01:14.0000",-1.13,99.32,1.1258375644683838,1.7230634412664112,6.281493939794558
"2025-01-02 05:31:09.0000",-1.27,98.95,1.2763525247573853,2.0207321184153026,6.455502453899494
"2025-01-02 06:01:02.0000",-2.15,98.99,1.2460771799087524,1.849089223651433,6.327948735369546
"2025-01-02 06:30:59.0000",-1.41,99.98,0.9590398669242859,1.7665145487367901,7.263339184946537
"2025-01-02 07:00:54.0000",-1.15,99.24,1.141654372215271,1.8088460927254866,7.163559656611177
"2025-01-02 07:30:49.0000",-1.12,99.2,1.1617640256881714,1.8317781017890598,6.36939026764707
"2025-01-02 08:00:44.0000",-0.75,99.57,0.9434980750083923,1.714970826474245,7.393638643087414
"2025-01-02 08:30:39.0000",-0.59,99.96,1.067901849746704,1.739929053625574,6.431247707364805
"2025-01-02 09:00:34.0000",-0.48,99.71,0.9241512417793274,1.6876152845643462,5.958819516466226
"2025-01-02 09:30:34.0000",2.95,93.58,0.9175929427146912,1.889070626389287,6.900107708946155
"2025-01-02 10:00:32.0000",4.61,90.75,0.8708098530769348,1.9284389147650902,7.320159495248404
"2025-01-02 10:30:28.0000",5.25,91.64,0.9737156629562378,2.2542091718940807,8.58795988115595
"2025-01-02 11:00:29.0000",7.75,83.58,1.1196112632751465,2.3815624387530834,8.125830631937049
"2025-01-02 12:00:25.0000",10.42,79.35,1.3725227117538452,3.3736047204499684,11.29707367341344
"2025-01-02 12:30:20.0000",10.5,76.58,1.2673029899597168,3.4358781591430905,11.921895043784911
"2025-01-02 13:00:12.0000",7.88,81.74,1.0466389656066895,3.3247502138597453,9.855068617528307
"2025-01-02 13:30:09.0000",9.8,79.18,1.115378975868225,3.336372597916506,10.593853806205956
"2025-01-02 14:29:48.0000",4.87,81.41,1.2200764417648315,3.057008200277097,11.593525500778533
"2025-01-02 14:59:40.0000",3.75,78.91,0.7676494121551514,2.714727305670857,9.916274821802698
"2025-01-02 15:29:33.0000",2.78,78.35,0.8866329193115234,2.5156399843774895,9.144871886104157
"2025-01-02 15:59:27.0000",1.96,79.41,0.912492573261261,2.399650259141459,7.682729638911252
"2025-01-02 16:29:21.0000",1.36,79.45,0.8842756152153015,2.3179331884795693,8.103032970068426
"2025-01-02 16:59:13.0000",0.29,80.07,0.9354476928710938,2.3839883265880415,7.889327414935706
"2025-01-02 17:29:06.0000",-0.57,80.03,1.1781055927276611,2.6279172706748777,9.048802868782529
"2025-01-02 17:58:58.0000",-1.15,80.44,1.4084115028381348,2.774543787940863,7.837296522989481
"2025-01-02 18:28:51.0000",-1.54,80.82,1.1976816654205322,2.4925024108861393,7.76918239549061
"2025-01-02 18:58:46.0000",-1.59,80.76,1.447991132736206,2.6984029391886213,8.167557143620163
"2025-01-02 19:28:41.0000",-1.08,81.31,1.4203112125396729,2.6813738801366536,8.402757645276722
"2025-01-02 19:58:38.0000",-0.97,80.89,1.143568515777588,2.4171774219151327,8.126075217459135
"2025-01-02 20:28:31.0000",-1.77,80.88,1.112310767173767,2.4109334279577546,6.253665398714588
"2025-01-02 20:58:24.0000",-2.16,80.74,1.3238041400909424,2.672292097379744,8.217622591541433
"2025-01-02 21:28:19.0000",-2.05,81.28,1.0016732215881348,2.4103263715551675,8.4673696191202
"2025-01-02 21:58:13.0000",-1.77,81.65,1.355366826057434,2.42334389493781,6.275061400993174
"2025-01-02 22:28:09.0000",-1.51,81.81,1.3175586462020874,2.2715447882169686,7.754274207141091
"2025-01-02 22:58:05.0000",-0.5,82.52,0.876544177532196,2.013850726017821,7.210274991185873
"2025-01-02 23:28:01.0000",-0.11,82.99,1.0344300270080566,2.196486273679601,7.372529948223654
"2025-01-02 23:57:58.0000",0.67,81.8,1.293442964553833,2.7202095683383227,8.784784161514493
"2025-01-03 00:27:51.0000",-0.1,82.03,1.0734896659851074,2.41987729137884,8.12791613041504
"2025-01-03 00:57:45.0000",0.27,81.88,0.8144282698631287,2.2946497518956614,6.754917053645672
"2025-01-03 01:27:41.0000",0.66,81.81,1.1947548389434814,2.5294433523622772,7.527551704142573
"2025-01-03 01:57:37.0000",1.38,80.26,0.6966528296470642,2.3154613000376494,8.044932668132907
"2025-01-03 02:27:34.0000",1.97,78.27,0.683343231678009,2.3330137435395444,8.580951725119474
"2025-01-03 02:57:30.0000",2.04,79.31,1.0995362997055054,2.4646229263206423,8.828029741272081
"2025-01-03 03:27:27.0000",2.64,79.22,0.8898035883903503,2.443219480800652,9.226041873966874
"2025-01-03 03:57:22.0000",2.39,80.37,1.2709306478500366,2.5228757375635986,9.948543877079182
"2025-01-03 04:27:18.0000",3.23,80.66,1.198951244354248,2.5725225175921453,8.6134180342121
"2025-01-03 04:57:14.0000",3.83,78.52,0.8778375387191772,2.4052089295956667,9.080737175295422
"2025-01-03 05:27:09.0000",3.97,78.93,0.9627708196640015,2.3526962927716757,8.920200219932989
"2025-01-03 05:57:04.0000",4.32,77.65,1.1461519002914429,2.6658220503180523,9.094152072882945
"2025-01-03 06:26:58.0000",4.21,79.01,1.0911734104156494,2.521439486897093,9.133955816399695
"2025-01-03 06:56:53.0000",4.12,79.5,1.2317711114883423,2.5658811989701,9.21126191386789
"2025-01-03 07:26:48.0000",4.26,80.37,1.0984126329421997,2.353927218139203,10.292822571016185
"2025-01-03 07:56:43.0000",4.3,80.63,1.1234216690063477,2.2701586975069508,8.1232303276428
"2025-01-03 08:26:38.0000",4.29,81.82,1.4809508323669434,2.5698458943053524,9.20066175934248
"2025-01-03 08:56:33.0000",4.44,82.3,1.4668631553649902,2.553623656976901,8.91695436518561
"2025-01-03 09:26:28.0000",4.4,83.41,1.5783618688583374,2.4956979563111674,8.68114026959707
"2025-01-03 09:56:23.0000",4.11,88.35,1.3411310911178589,1.8541581228861732,9.154481687891064
"2025-01-03 10:26:19.0000",4.71,88.26,1.714827537536621,2.5804753689145197,11.143392486550658
"2025-01-03 10:56:15.0000",5.36,87.33,1.6652653217315674,2.4481511620757996,9.066498123969568
"2025-01-03 11:26:08.0000",4.96,90.22,1.8590580224990845,2.5951532635096024,13.197507967294436
"2025-01-03 11:56:03.0000",4.89,90.83,1.8890749216079712,2.408042578071992,10.407139016106973
"2025-01-03 12:25:58.0000",5.32,90.83,1.6842211484909058,2.401813367933994,10.015252983926374
"2025-01-03 12:55:52.0000",5.41,91.97,1.0008305311203003,1.764784735388939,6.932017879810091
"2025-01-03 13:25:47.0000",4.76,92.78,1.1029411554336548,1.5544392247489252,8.304699500650441
"2025-01-03 13:55:44.0000",5.04,93.22,1.1803683042526245,1.521069402792648,7.650468237669113
"2025-01-03 14:25:39.0000",5.18,94.41,1.1081563234329224,1.8467982685930795,7.34053442355716
"2025-01-03 14:55:34.0000",5.52,93.56,1.5461311340332031,2.117513989669191,8.26768939066169
"2025-01-03 15:25:27.0000",5.12,93.49,1.5364760160446167,2.1289078337739125,7.83062604863007
"2025-01-03 15:55:20.0000",4.33,94.08,1.528954267501831,1.9880008972635683,8.843942921011207
"2025-01-03 16:25:14.0000",4.17,95.25,1.2338289022445679,1.5985971331158901,6.879848145872755
"2025-01-03 17:25:02.0000",3.71,95.86,1.7242560386657715,2.2748569579322253,9.709812321475418
"2025-01-03 17:54:56.0000",3.79,95.55,1.3326945304870605,1.6479659821264292,7.128375994602804
"2025-01-03 18:24:50.0000",3.49,95.78,2.0561819076538086,2.670515890261911,9.627913462584873
"2025-01-03 18:54:46.0000",4.07,95.95,1.756479263305664,2.153517774117811,9.266839329041012
"2025-01-03 19:24:39.0000",3.5,95.81,1.2134932279586792,1.629294213124241,6.031872042764428
"2025-01-03 19:54:33.0000",2.99,95.99,1.7675782442092896,2.1835090894685036,8.376005633570609
"2025-01-03 20:24:28.0000",2.75,97.15,1.7319949865341187,1.9325824007496775,6.432078513182548
"2025-01-03 20:54:24.0000",3.18,97.64,1.5542534589767456,1.9208859057598364,6.377616276253929
"2025-01-03 21:24:19.0000",3.19,97.41,0.7452263236045837,0.9662383194923827,4.856986025671946
"2025-01-03 21:54:14.0000",3.04,97.82,0.3681863248348236,0.7569039962966042,4.4798555730097
"2025-01-03 22:24:09.0000",3.14,98.1,0.7979965806007385,1.1487682914212876,4.746015844224656
"2025-01-03 22:54:03.0000",3.1,97.92,0.8217055797576904,1.1186486843097838,5.748128688685579
"2025-01-03 23:23:57.0000",2.71,98.36,0.9109272956848145,1.2567652814402135,5.242047813544776
"2025-01-03 23:53:52.0000",2.77,98.58,0.8769124150276184,1.333351132986065,4.695938241951805
"2025-01-04 00:23:46.0000",2.68,98.58,0.9994359016418457,1.4591994949087215,4.58038421237509
"2025-01-04 00:53:41.0000",2.23,99.35,1.1492332220077515,1.627122373455886,5.877898466328007
"2025-01-04 01:23:36.0000",2.56,99.16,0.9706140756607056,1.442790691844374,5.478859436918353
"2025-01-04 01:53:31.0000",2.61,98.87,0.7606608867645264,1.2097484833416396,4.633854803456709
"2025-01-04 02:23:25.0000",2.54,99.2,0.7996360659599304,1.3379609145898166,6.955179681836135
"2025-01-04 02:53:20.0000",2.41,99.05,0.8891505002975464,1.4706978541476818,6.23991094226009
"2025-01-04 03:23:15.0000",2.44,99.21,0.576151430606842,1.162157336948768,5.08652178797431
"2025-01-04 03:53:10.0000",2.19,99.29,0.4617219567298889,0.9684383594332491,4.7366217300443205
"2025-01-04 04:23:04.0000",1.91,99.11,0.5611890554428101,1.172329682506541,5.7588476234553925
"2025-01-04 04:52:59.0000",2.03,99.56,0.7305554151535034,1.3742312797356868,5.877320981827487
"2025-01-04 05:22:56.0000",2.12,99.09,0.4452299177646637,1.0265567009456094,4.949016895663587
"2025-01-04 05:52:51.0000",2.09,98.7,0.4506031274795532,1.099772500544127,4.905257793576946
"2025-01-04 06:22:45.0000",1.73,98.73,0.756539523601532,1.3940506734067772,6.105026348191281
"2025-01-04 06:52:40.0000",1.7,99.12,0.9022656083106995,1.535639509486971,6.966321347685652
"2025-01-04 07:22:36.0000",1.84,98.82,1.2884355783462524,1.934759392142445,6.642431703553422
"2025-01-04 07:52:31.0000",2,98.84,1.0699803829193115,1.722009705686773,6.30603083901614
"2025-01-04 08:22:25.0000",2.06,98.69,1.2277143001556396,1.6907905785574135,6.657264841276132
"2025-01-04 08:52:19.0000",1.93,98.72,1.405916690826416,2.1650995206451467,7.055278040611195
"2025-01-04 09:22:14.0000",1.99,98.68,1.434800624847412,2.1737471470054075,5.698577179125756
"2025-01-04 09:52:09.0000",1.93,98.84,1.8471944332122803,2.3278077895761613,5.917225376085855
"2025-01-04 10:22:04.0000",2.06,99.12,1.342474102973938,1.9052638266530968,6.202164599823379
"2025-01-04 10:51:59.0000",2.24,99.01,1.6024683713912964,2.295880754839234,6.042158976022766
"2025-01-04 11:21:54.0000",2.37,99.09,1.4810909032821655,2.1596190706771923,6.5912685006304725
"2025-01-04 11:51:49.0000",2.59,98.97,1.2279181480407715,1.8027872451651472,5.84737963265322
"2025-01-04 12:21:45.0000",2.76,98.67,1.1586500406265259,1.7803281358596936,6.039425844621706
"2025-01-04 12:51:40.0000",2.76,98.52,1.2127695083618164,1.836669083060996,6.841385281493018
"2025-01-04 13:21:35.0000",2.52,98.47,7.4455647468566895,9.234960021448797,10.21886003262341
"2025-01-04 13:51:30.0000",2.45,98.34,8.546092987060547,9.858251840386922,10.978807157982246
"2025-01-04 14:21:24.0000",2.41,98.1,7.120017051696777,8.485555284829701,10.619611065289478
"2025-01-04 14:51:19.0000",2.22,97.95,5.690892696380615,6.653626533976831,8.9203885314997
"2025-01-04 15:21:13.0000",1.97,97.92,3.340869903564453,3.9456988726264934,7.7105788833580515
"2025-01-04 15:51:07.0000",1.76,97.75,3.207305669784546,3.8300970872912528,7.5228698450905
"2025-01-04 16:21:02.0000",1.51,97.53,2.787702798843384,3.6602106628240083,7.469148770282603
"2025-01-04 16:50:57.0000",1.39,97.38,10.931549072265625,12.106724861512287,11.484102115008742
"2025-01-04 17:20:52.0000",1.36,97.18,4.493618011474609,5.250434114340548,8.787912614444068
"2025-01-04 17:50:47.0000",1.22,96.91,4.1995134353637695,4.9432228251133195,6.927843972841272
"2025-01-04 18:20:40.0000",1.07,96.92,6.293155670166016,6.988834858180315,9.084679608966894
"2025-01-04 18:50:35.0000",1.13,97.02,5.894302845001221,6.880494534282184,8.884011119486274
"2025-01-04 19:20:30.0000",1.23,96.93,7.2989182472229,8.281721564438149,10.172685342493846
"2025-01-04 19:50:25.0000",1.23,96.73,9.495316505432129,10.842178281622552,11.739936188820613
"2025-01-04 20:20:19.0000",1.22,96.74,7.4164862632751465,8.407445967656594,11.331349326163203
"2025-01-04 20:50:14.0000",1.38,96.73,5.471430778503418,6.198107181792997,9.85949982562623
"2025-01-04 21:20:10.0000",1.15,96.39,3.9599709510803223,4.466001989437991,8.214663906326145
"2025-01-04 21:50:03.0000",0.73,97.28,4.361124038696289,4.823649307026141,8.264649477445646
"2025-01-04 22:19:56.0000",0.4,97.67,5.957462787628174,6.576301420209537,9.584405626709664
"2025-01-04 22:49:51.0000",0.07,98.62,7.429890155792236,8.597756269099113,11.453019413139913
"2025-01-04 23:19:45.0000",-0.16,98.69,10.73173999786377,12.602235014716998,12.868272293438563
"2025-01-04 23:49:39.0000",-0.25,98.99,7.453969955444336,8.77068967601096,9.657359835749732
"2025-01-05 00:19:35.0000",-0.27,99.18,6.926156997680664,7.921280030371946,8.290432656386903
"2025-01-05 00:49:29.0000",-0.26,99.39,8.342024803161621,9.56467094554416,9.56297388247147
"2025-01-05 01:19:23.0000",-0.27,99.54,11.860823631286621,12.989208581779993,10.342353431932501
"2025-01-05 01:49:18.0000",-0.28,99.68,12.531954765319824,14.17692587340706,12.145785562657125
"2025-01-05 02:19:12.0000",-0.3,99.79,6.980274200439453,7.466310222753404,7.75623308302308
"2025-01-05 02:49:08.0000",-0.3,100.14,4.125936985015869,4.038477667222038,4.953334159160574
"2025-01-05 03:19:02.0000",-0.27,100.27,2.57920241355896,2.614139642001823,4.428470511708351
"2025-01-05 03:48:56.0000",-0.27,100.48,3.003742218017578,2.988201581151191,5.075278148060865
"2025-01-05 04:18:51.0000",-0.28,100.47,2.9311535358428955,3.10771297233343,6.056960272705542
"2025-01-05 04:48:46.0000",-0.28,100.61,0.9047670960426331,1.023879206634402,3.1828977650383474
"2025-01-05 05:18:41.0000",-0.29,100.85,0.7341223359107971,0.8874715609432421,3.7688267527074073
"2025-01-05 05:48:36.0000",-0.31,101.07,0.6839312314987183,0.8138430269127307,4.038190483227923
"2025-01-05 06:18:30.0000",-0.31,101.16,0.578711748123169,0.7699930431761963,4.019833348435734
"2025-01-05 06:48:24.0000",-0.31,101.31,0.35264256596565247,0.5778211058655683,3.72924242600419
"2025-01-05 07:18:18.0000",-0.31,101.38,0.5070974230766296,0.7853477316650612,3.852287468414829
"2025-01-05 07:48:13.0000",-0.3,101.5,0.6968966722488403,0.8214915642033795,3.786284679449765
"2025-01-05 08:18:07.0000",-0.29,101.66,0.9752135276794434,1.1209430510193823,3.839190972106163
"2025-01-05 08:48:01.0000",-0.27,101.91,0.9143093824386597,1.0357354469098068,3.8386019688695683
"2025-01-05 09:17:56.0000",-0.23,102.25,0.7668631076812744,0.9551112638660569,4.028882284940635
"2025-01-05 09:47:50.0000",-0.15,102.69,0.44207799434661865,0.6323115620099353,3.77699212617454
"2025-01-05 10:17:45.0000",0.02,103.19,0.508036196231842,0.7044005592206288,4.381308689296684
"2025-01-05 10:47:41.0000",0.18,104.1,0.5975081324577332,0.8545227615964154,3.8655997191841616
"2025-01-05 11:17:37.0000",0.31,105.05,0.6695451140403748,0.9322084497799926,4.072381306587432
"2025-01-05 11:47:33.0000",0.31,106.07,1.2203606367111206,1.5989401333539464,5.464265344909893
"2025-01-05 12:17:27.0000",0.72,106.37,2.0213544368743896,2.2998198384370676,5.0617148583240885
"2025-01-05 12:47:22.0000",0.81,105.16,1.7740641832351685,2.047992196889235,4.60628498576459
"2025-01-05 13:17:17.0000",0.84,105.15,3.716557264328003,4.456648242536881,6.1908675617164235
"2025-01-05 14:17:06.0000",0.83,105.28,7.430911064147949,9.008501987871865,8.285886721142095
"2025-01-05 14:47:00.0000",0.8,105.07,4.895355701446533,5.813027901963132,7.155479615441165
"2025-01-05 15:16:53.0000",0.87,105.14,3.956655979156494,4.498815764314704,6.050687761850674
"2025-01-05 15:46:47.0000",0.96,105.08,12.619611740112305,15.350079464311571,12.495802785836242
"2025-01-05 16:16:43.0000",0.99,104.99,17.860383987426758,22.153127153129297,19.12920942475199
"2025-01-05 16:46:37.0000",1,105.03,29.74110221862793,37.479583229596265,29.57235041056655
"2025-01-05 17:16:32.0000",1.07,105.05,30.727073669433594,39.12338791572041,32.091208506725756
"2025-01-05 17:46:26.0000",1.13,105.06,13.079774856567383,15.970054296344477,12.47336602353202
"2025-01-05 18:16:21.0000",1.16,105.13,15.515521049499512,19.245384886403503,14.26409275557475
"2025-01-05 18:46:16.0000",1.2,105.14,18.269948959350586,23.420013485097144,17.433544048346988
"2025-01-05 19:46:06.0000",1.21,105.23,30.157194137573242,39.28898277381496,29.870447383916698
"2025-01-05 20:16:01.0000",1.32,105.4,25.782573699951172,33.54578934120815,24.93634206182575
"2025-01-05 21:15:52.0000",1.47,105.46,14.221222877502441,17.29617165304562,13.215787305839303
"2025-01-05 21:45:47.0000",1.36,105.24,37.087337493896484,46.29092110952664,49.41524914710055
"2025-01-05 22:15:42.0000",1.13,105.46,7.743664264678955,8.736483532531759,7.371343356716949
"2025-01-05 22:45:36.0000",1.18,105.68,4.39747428894043,4.650717467885754,5.3865155660792094
"2025-01-05 23:15:31.0000",1.19,105.72,1.524184226989746,1.5814413651823285,3.8612086981393996
"2025-01-05 23:45:26.0000",1.18,105.81,1.2149276733398438,1.1542102474955835,3.7883539222986524
"2025-01-06 00:45:14.0000",0.71,106.06,1.8769309520721436,1.802375952849271,3.8560140033908885
"2025-01-06 01:15:09.0000",0.29,106.16,1.021295428276062,1.0592840291201977,3.8133223085205086
"2025-01-06 01:45:04.0000",-0.05,106.86,0.5217756032943726,0.4977323637345034,3.3251012061561616
"2025-01-06 02:14:59.0000",-0.14,106.98,0.5487991571426392,0.5931496824437625,3.2789200262876563
"2025-01-06 02:44:54.0000",-0.22,106.74,1.3674359321594238,1.505339505464342,4.280544301170878
"2025-01-06 03:44:45.0000",-0.25,106.78,1.0207781791687012,1.1267380009385444,2.1781576702213226
"2025-01-06 04:14:40.0000",-0.23,106.89,0.6903895735740662,0.6974899300764273,1.2796807270711326
"2025-01-06 04:44:34.0000",-0.14,107.58,0.31917276978492737,0.36967949880221296,3.5073251134287364
"2025-01-06 05:14:30.0000",0.07,108.43,0.284183531999588,0.3672261893345845,4.18987454843161
"2025-01-06 05:44:26.0000",0.49,108.96,0.2195342779159546,0.3665542600812881,4.259154004060467
"2025-01-06 06:14:22.0000",1.09,109.57,0.2796705663204193,0.2668467284089842,3.8196040952912487
"2025-01-06 06:44:17.0000",1.39,110.66,0.3853054940700531,0.4003269928563426,3.6447960234270425
"2025-01-06 07:44:06.0000",1.68,111.95,0.6008700728416443,0.6675604468031324,4.211500309236698
"2025-01-06 08:14:02.0000",1.87,112.23,0.9040125012397766,1.0596247767696274,5.583160122018184
"2025-01-06 08:43:56.0000",2.21,112.65,0.6729264259338379,0.7209982987901749,4.779731283827764
"2025-01-06 09:13:52.0000",2.49,112.02,0.9045982360839844,1.2352740924862025,5.438257568649123
"2025-01-06 09:43:47.0000",2.93,108.61,0.571535587310791,1.0071437273635622,5.043855124062837
"2025-01-06 10:13:42.0000",3.2,105.72,1.1097221374511719,1.6503159602520228,6.767678511018297
"2025-01-06 10:43:37.0000",3.21,105.35,0.646130383014679,1.0344769358847739,5.170931572997319
"2025-01-06 11:13:32.0000",3.57,104.58,0.8854554295539856,1.3259368530798137,6.143603068534279
"2025-01-06 11:43:28.0000",4.13,99.29,0.7144240140914917,1.4031004264014177,6.516573438323598
"2025-01-06 12:13:22.0000",4.72,96.9,1.1743853092193604,2.004905245023247,8.15958312123474
"2025-01-06 12:43:22.0000",7.82,90.1,0.60298091173172,2.132036733333417,7.994247625965414
"2025-01-06 13:13:12.0000",6.94,93.12,0.7904881238937378,2.019228048522731,9.264833437596131
"2025-01-06 13:43:12.0000",8.75,85.21,0.8766177892684937,2.7447775117259545,10.742102303119454
"2025-01-06 14:13:01.0000",5.96,89.03,1.6139856576919556,2.7524577256028286,9.694379465966131
"2025-01-06 14:42:56.0000",5.29,88.39,0.7513965964317322,1.9020318193073644,7.873202550232519
"2025-01-06 15:12:48.0000",4.52,91.13,1.6985723972320557,2.453655106737462,10.34443429638682
"2025-01-06 15:42:43.0000",3.87,91.4,1.2325619459152222,1.890076410662025,8.551809746383977
"2025-01-06 16:12:37.0000",3.95,94.2,0.9254210591316223,1.615229105853553,7.24850088127583
"2025-01-06 17:12:27.0000",3.87,92.99,1.6360348463058472,2.3520593513084176,9.703921748620274
"2025-01-06 17:42:22.0000",4.31,93.88,2.099921703338623,3.047573734501878,11.536926211693224
"2025-01-06 18:12:17.0000",4.38,93.1,1.8772460222244263,2.9340407401199693,10.185866126494732
"2025-01-06 18:42:12.0000",4.48,91.02,1.8003838062286377,2.7874647116149585,9.301800459136546
"2025-01-06 19:12:08.0000",4.47,89.61,2.112234115600586,3.367560585153687,10.653696540338913
"2025-01-06 19:42:00.0000",3.72,89.54,1.9262703657150269,3.2653058338892733,9.690310282074899
"2025-01-06 20:11:54.0000",3.59,90.08,2.6663310527801514,3.9076528011048457,12.891576836483715
"2025-01-06 20:41:48.0000",3.2,88.86,2.166887044906616,3.3271225489889114,11.772252883747935
"2025-01-06 21:11:42.0000",2.8,87.05,1.6998672485351562,3.246239440624064,9.456422446814951
"2025-01-06 21:41:37.0000",2.78,86.76,2.1569669246673584,3.5497573515555683,12.032418147498907
"2025-01-06 22:11:31.0000",2.93,87.39,2.1056597232818604,3.3227562189689657,8.274058922244619
"2025-01-06 22:41:25.0000",1.67,87.53,0.8785738945007324,1.7158695477028885,7.306235041053558
"2025-01-06 23:11:18.0000",1.01,89.21,0.92644202709198,1.4976384805571885,7.890070803187815
"2025-01-06 23:41:12.0000",0.42,90.24,1.9273322820663452,2.319639337477253,9.291074098927805
"2025-01-07 00:11:07.0000",0.24,90.63,0.9082498550415039,1.3541576866711509,6.151570976230337
"2025-01-07 00:41:00.0000",-0.25,91.18,1.2244782447814941,2.0503268742153082,3.4025027216586956
"2025-01-07 01:10:54.0000",-0.32,91.42,6.124368190765381,7.135228535178592,19.989365152724353
"2025-01-07 01:40:48.0000",-0.31,91.91,0.6758971810340881,1.1268647709712383,4.612575791763918
"2025-01-07 02:10:44.0000",-0.29,92.27,2.2181146144866943,3.1989956968778492,5.6722701244729254
"2025-01-07 02:40:39.0000",-0.21,92.89,0.6631584167480469,0.921072103298917,5.133748604825601
"2025-01-07 03:10:35.0000",-0.15,93.16,0.6310676336288452,0.9504377993227896,6.593476363479965
"2025-01-07 03:40:30.0000",-0.11,93.54,0.9181618690490723,1.2081338309106249,5.512002836056019
"2025-01-07 04:10:26.0000",0.26,94.09,1.091353178024292,1.4483338873822937,4.371090766620608
"2025-01-07 04:40:21.0000",0.36,94.35,1.284926176071167,1.553093644782013,6.447567623945917
"2025-01-07 05:10:17.0000",0.48,94.34,1.1244659423828125,1.391909252528638,5.921064803711482
"2025-01-07 05:40:12.0000",0.04,94.94,1.5785183906555176,1.7334675519583205,8.94095114553171
"2025-01-07 06:10:05.0000",0.1,95.68,2.1746184825897217,2.6470887596821515,8.763152130523325
"2025-01-07 06:40:01.0000",0.72,95.66,1.3493965864181519,1.8002784461202768,6.707767132424841
"2025-01-07 07:09:57.0000",0.39,95.59,2.1511995792388916,2.735239785912985,8.80279103049698
"2025-01-07 07:39:51.0000",0.61,96.11,1.1424669027328491,1.519249622123521,5.122583552820476
"2025-01-07 08:09:44.0000",0,96.57,3.6881189346313477,4.815684939230162,4.624997089987257
"2025-01-07 08:39:39.0000",0.74,99.06,1.4862490892410278,1.7157967474815756,6.461340285645596
"2025-01-07 09:09:35.0000",1.22,100.25,1.0913084745407104,1.2633483186706733,6.10036167283441
"2025-01-07 09:39:30.0000",0.98,98.79,0.5169755220413208,0.7893430455449154,5.521326538652037
"2025-01-07 10:09:23.0000",0.61,98.86,0.7646424174308777,1.0331933082687157,4.142778547500287
"2025-01-07 10:39:23.0000",5.04,96.28,0.8097938895225525,1.0765049923381755,4.000201135752716
"2025-01-07 11:09:18.0000",3.9,99.6,0.9594473242759705,1.2088923724935134,7.246663297723003
"2025-01-07 11:39:10.0000",2.24,95.6,0.5940726399421692,1.1270857433082688,7.3580143050492515
"2025-01-07 12:39:01.0000",2.8,99.06,1.1543171405792236,1.6898209589073834,6.604417439439342
"2025-01-07 13:08:57.0000",3.07,99.54,0.9900230765342712,1.639324623863406,6.390103430722774
"2025-01-07 14:08:47.0000",3.07,98.12,1.1656545400619507,2.068669446914454,8.315291913677195
"2025-01-07 14:38:41.0000",2.84,97.9,1.166797399520874,2.082494458799161,7.14263154385898
"2025-01-07 15:08:37.0000",3.6,94.6,1.9240894317626953,2.5548567634910553,10.018690443559445
"2025-01-07 15:38:29.0000",2.01,93.41,0.9347286820411682,1.638226850161864,5.759641905068629
"2025-01-07 16:08:23.0000",1.79,95.98,1.162434697151184,1.690197214467469,7.1981811264843
"2025-01-07 17:08:13.0000",2.92,91.64,1.169693112373352,2.3747729457592204,9.370011837190631
"2025-01-07 17:38:10.0000",3.09,89.77,0.690156877040863,1.9122864520793534,6.979317914359092
"2025-01-07 18:08:04.0000",2.99,90.08,0.7411068677902222,1.814889307765379,7.811983314294652
"2025-01-07 19:07:52.0000",2.97,92.48,1.4036598205566406,2.326799131826457,5.257609849059759
"2025-01-07 19:37:49.0000",3.35,90.59,1.7758721113204956,2.7014489620927398,10.42220884612355
"2025-01-07 20:07:45.0000",3.5,91.42,1.8443742990493774,2.762863461703782,9.824332220831828
"2025-01-07 20:37:37.0000",3.09,93.68,2.371666193008423,3.1318853115446457,13.076586803389677
"2025-01-07 21:07:32.0000",2.71,92.03,1.9643737077713013,2.8675005814859365,9.475925502755421
"2025-01-07 21:37:26.0000",2.05,92.67,1.5721397399902344,2.189455800708545,7.090063167832115
"2025-01-07 22:07:20.0000",2.17,96.05,2.3033366203308105,2.690285631743544,9.756782486364465
"2025-01-07 22:37:18.0000",2.89,95.9,3.11137318611145,3.592727868354865,10.429759059949973
"2025-01-07 23:07:11.0000",2.08,96.09,1.239220142364502,1.7686063787120552,7.212866986000404
"2025-01-07 23:37:05.0000",1.81,96.17,0.8408306837081909,1.462062534251324,7.842871117171398
"2025-01-08 00:06:58.0000",1.54,97.75,1.4530830383300781,2.1916756563414883,7.443764385802925
"2025-01-08 00:36:54.0000",1.77,98.06,2.0669429302215576,2.6420774731438,10.163867108314584
"2025-01-08 01:06:50.0000",2.28,99.28,1.454753041267395,2.126925327552663,8.065416088580879
"2025-01-08 01:36:46.0000",2.61,99.08,1.546860694885254,2.3086137647908087,9.170163854886441
"2025-01-08 02:06:41.0000",2.68,98.45,1.0087859630584717,2.1423282312434533,8.060228952520744
"2025-01-08 02:36:35.0000",2.32,97.58,1.3184720277786255,2.068636526472087,7.103437204348033
"2025-01-08 03:06:29.0000",2.21,98.31,1.0989165306091309,1.8562984973566021,8.400335422075779
"2025-01-08 03:36:25.0000",2.04,97.49,0.8785812854766846,1.5684661283427257,5.970196511381288
"2025-01-08 04:06:20.0000",1.94,97.42,1.3073198795318604,2.2894459392635076,7.998963522777783
"2025-01-08 04:36:15.0000",1.93,96.51,1.3276598453521729,2.268724551724897,8.387826380553523
"2025-01-08 05:06:11.0000",2.08,96.92,1.4592113494873047,2.51534925691353,9.728763618604084
"2025-01-08 05:36:05.0000",1.57,95.71,1.7118741273880005,2.642419505048249,9.762775810399711
"2025-01-08 06:05:57.0000",0.32,95.78,1.4730725288391113,2.253393715929758,9.134515047275679
"2025-01-08 06:35:51.0000",-0.11,96.86,1.6483991146087646,2.4016295709910658,7.854518123007717
"2025-01-08 07:05:47.0000",-0.06,96.38,1.7153114080429077,2.2673115283358247,10.049729492551513
"2025-01-08 07:35:41.0000",0.11,97.05,1.9721437692642212,2.7651396899606526,8.777525017592065
"2025-01-08 08:05:35.0000",-0.18,96.95,2.1950457096099854,2.9708080544452615,9.426415672383179
"2025-01-08 08:35:30.0000",-0.59,96.59,3.9642269611358643,5.00157833693644,10.529546615031428
"2025-01-08 09:05:23.0000",-0.66,97.17,3.917665719985962,4.448861904960377,9.268714208294796
"2025-01-08 09:35:18.0000",-0.13,97.75,3.3462417125701904,4.292214640009573,11.182738326732057
"2025-01-08 10:05:13.0000",0.35,97.9,3.668050527572632,4.595559920631984,9.924897208256171
"2025-01-08 10:35:09.0000",1.24,97.2,3.520200252532959,4.121586214096961,10.242098642137648
"2025-01-08 11:05:05.0000",1.44,96.81,3.162505626678467,3.91055572699907,9.77490410787472
"2025-01-08 11:35:01.0000",1.37,96.76,3.176867961883545,3.8654768752735427,9.488252381916713
"2025-01-08 12:04:56.0000",1.25,96.69,5.9529290199279785,7.04274986415691,13.033074563931367
"2025-01-08 12:34:48.0000",0.72,97.29,7.041521072387695,7.44491169482179,10.788589082627713
"2025-01-08 13:04:43.0000",0.67,97.44,10.490156173706055,12.375643522660656,13.535768070022016
"2025-01-08 13:34:37.0000",0.54,97.2,13.167769432067871,15.013851603513181,15.504413981154496
"2025-01-08 14:04:31.0000",0.3,97.59,11.568608283996582,12.851686699290742,14.456535707870565
"2025-01-08 14:34:25.0000",0.11,97.41,11.962449073791504,13.405545807250618,17.485836915000593
"2025-01-08 15:34:13.0000",-0.42,97.32,13.323952674865723,13.942206596281562,16.171260531109205
"2025-01-08 16:04:09.0000",-0.67,97.38,16.72678565979004,18.752650297451083,16.88475278091609
"2025-01-08 16:34:02.0000",-1.14,97.3,20.57781219482422,23.014843354602593,22.009190217074817
"2025-01-08 17:03:58.0000",-1.13,97.52,26.601119995117188,30.04074217476302,26.360235081139802
"2025-01-08 18:03:47.0000",-1.31,97.53,32.72248077392578,38.2270733097552,33.40787057682164
"2025-01-08 18:33:41.0000",-1.35,97.47,27.12521743774414,32.334626166333116,26.13545162009145
"2025-01-08 19:03:35.0000",-1.47,97.4,26.911575317382812,32.20267331958996,28.168016058169535
"2025-01-08 19:33:28.0000",-1.72,97.45,25.19207763671875,29.625601666992807,25.44178437959322
"2025-01-08 20:03:22.0000",-2.16,97.29,13.351311683654785,16.02052244785668,14.411630481733475
"2025-01-08 20:33:15.0000",-3.38,96.58,18.881576538085938,23.28834773842762,21.09398185331521
"2025-01-08 21:03:08.0000",-3.67,97.73,24.129091262817383,29.312073183910023,26.912334987226643
"2025-01-08 21:33:03.0000",-3.42,97.98,23.198776245117188,29.271259181773736,24.13103207691068
"2025-01-08 22:02:58.0000",-3.69,96.38,25.12837028503418,31.610724026169652,26.686758367778744
"2025-01-08 22:32:52.0000",-4.05,96.13,15.340475082397461,18.195809376877026,16.853871862299826
"2025-01-08 23:02:46.0000",-4.22,97.4,19.25611114501953,23.470446322184102,21.877492500749643
"2025-01-08 23:32:39.0000",-4.51,96.61,30.025054931640625,36.848195599464844,30.832903177330735
"2025-01-09 00:02:34.0000",-4.58,96.32,28.988000869750977,34.58511570049835,27.72941213851123
"2025-01-09 00:32:29.0000",-4.64,96.77,25.37477684020996,29.794565281233453,24.62949761478202
"2025-01-09 01:02:23.0000",-4.81,95.52,20.448566436767578,24.44320386664848,22.307328954384595
"2025-01-09 01:32:17.0000",-4.8,95.67,19.8177490234375,23.769778534614197,23.82308770748315
"2025-01-09 02:02:12.0000",-4.79,96.23,19.51702117919922,23.42716121437228,22.45260909462419
"2025-01-09 02:32:06.0000",-4.65,96.75,18.990013122558594,23.372839282737157,18.82539220288592
"2025-01-09 03:02:01.0000",-4.59,96.16,15.98385238647461,19.978806448964843,18.880947514973066
"2025-01-09 03:31:55.0000",-4.86,95.84,16.526107788085938,19.882938916455984,21.21320405644897
"2025-01-09 04:01:49.0000",-4.82,96.63,21.215015411376953,26.02839604863884,21.886245205611527
"2025-01-09 04:31:43.0000",-4.27,96.98,24.733484268188477,29.849002193513765,26.59152368147172
"2025-01-09 05:01:37.0000",-4.2,97.49,22.490217208862305,27.85370667700473,26.18529192302222
"2025-01-09 05:31:35.0000",-3,98.19,27.51708221435547,36.47786187039296,29.3404522717
"2025-01-09 06:01:31.0000",-2.59,98,27.858829498291016,36.09138620186459,28.72792362739005
"2025-01-09 06:31:28.0000",-1.73,97.85,21.27553939819336,28.346979378263885,22.14511646307597
"2025-01-09 07:01:23.0000",-1.45,98.36,16.144638061523438,20.675159315955696,18.252361516889128
"2025-01-09 07:31:21.0000",-0.8,98.91,4.496337890625,5.917920185500673,9.334758163566157
"2025-01-09 08:01:17.0000",-0.45,98.89,3.3722052574157715,4.031725841105496,9.114312414353918
"2025-01-09 08:31:10.0000",-0.77,99.73,6.133313179016113,7.166533755004282,12.756426834441495
"2025-01-09 09:01:06.0000",-0.53,100.31,7.771215915679932,9.631964170605936,12.138747236898942
"2025-01-09 09:31:01.0000",-0.27,100.27,11.188898086547852,14.00672307156322,13.940537721446887
"2025-01-09 10:00:56.0000",1.1,102.85,8.411943435668945,10.305785141989036,12.211518374795194
"2025-01-09 10:31:01.0000",3.71,93.04,4.781028747558594,5.4961369719780295,7.537655871179761
"2025-01-09 11:00:52.0000",1.83,102.33,2.6970224380493164,3.3414183579923646,7.817937360945437
"2025-01-09 11:31:00.0000",9.19,84.87,2.1516849994659424,2.7196644296302193,4.766211557858518
"2025-01-09 12:00:57.0000",9.82,87.46,1.6575716733932495,2.8503500309310454,7.254316250750673
"2025-01-09 12:30:57.0000",11.29,79.73,0.9615012407302856,3.083489958280793,10.53519271458219
"2025-01-09 13:00:49.0000",9.57,79.95,0.981619656085968,3.059539515078603,10.836022854891898
"2025-01-09 13:30:34.0000",5.79,85.19,1.2642616033554077,2.948304548604005,11.361663894189995
"2025-01-09 14:00:31.0000",6.06,81.61,1.377992033958435,3.25667702970623,10.53469524709944
"2025-01-09 14:30:26.0000",4.68,77.35,1.1667895317077637,2.800925680079812,10.602865511383703
"2025-01-09 15:30:08.0000",1.58,82.24,1.338882327079773,2.4922535933042855,9.086080173497042
"2025-01-09 16:00:00.0000",0.4,82.8,1.8848803043365479,3.0724871718202573,8.389671658777203
"2025-01-09 16:29:53.0000",-0.17,82.91,1.8496395349502563,3.287745272303305,9.653688517393245
"2025-01-09 16:59:47.0000",-0.39,82.67,1.6791638135910034,2.676122785493456,9.04277159252586
"2025-01-09 17:29:40.0000",-0.58,84,1.266291618347168,2.0106344022496194,7.750660042028205
"2025-01-09 18:29:31.0000",-0.38,84.57,1.7261207103729248,2.709971070785543,8.547793800470217
"2025-01-09 18:59:25.0000",-0.91,85.05,1.5511494874954224,2.3978651821422075,6.1348954067627925
"2025-01-09 19:29:18.0000",-1.56,85.05,1.8788968324661255,2.739509230626384,7.672489699668289
"2025-01-09 19:59:13.0000",-1.49,85.6,2.105142116546631,3.0489923468898428,9.0508711391937
"2025-01-09 20:29:07.0000",-1.79,85.89,2.530177593231201,3.493989824164771,8.674663412206867
"2025-01-09 20:59:06.0000",-1.05,85.3,2.276825428009033,3.126527673075964,9.226654947529124
"2025-01-09 21:29:01.0000",-0.67,85.5,2.3210742473602295,3.3120544359260298,9.676003264343105
"2025-01-09 21:58:54.0000",-1.33,85.31,2.0372750759124756,3.1084845494679487,10.026528176414267
"2025-01-09 22:28:48.0000",-2,85.99,3.8001153469085693,5.1495004339425545,8.904958525352942
"2025-01-09 22:58:42.0000",-2.37,86.04,4.725330829620361,5.937620111001679,13.102136297323174
"2025-01-09 23:28:35.0000",-1.99,86.74,6.269538402557373,7.161268200354849,10.956725798358077
"2025-01-09 23:58:29.0000",-1.98,86.57,4.750441551208496,5.628143275337435,11.435643126874186
"2025-01-10 00:28:24.0000",-2.13,86.8,4.363529205322266,4.974493116222688,11.805951028118615
"2025-01-10 00:58:17.0000",-2.55,86.97,8.988482475280762,10.139661563591883,16.40750628424136
"2025-01-10 01:28:09.0000",-3.6,86.85,18.43779945373535,19.986996759258638,19.466361550005853
"2025-01-10 01:58:03.0000",-3.99,87.49,13.442795753479004,14.68416574783028,15.367992575760447
"2025-01-10 02:27:58.0000",-4.03,87.69,12.061044692993164,13.618280691297716,13.77953020148353
"2025-01-10 02:57:53.0000",-3.81,87.72,9.862689971923828,11.224445816844678,11.159498433950748
"2025-01-10 03:27:47.0000",-4.08,87.94,10.832499504089355,11.886154918752162,13.116092333888718
"2025-01-10 03:57:42.0000",-4.43,87.79,14.199357032775879,16.56700211498124,15.284482085444463
"2025-01-10 04:27:37.0000",-5.02,87.94,15.993952751159668,18.538356025206422,15.49320614676914
"2025-01-10 04:57:31.0000",-5.27,88.2,15.789390563964844,18.550580515628525,16.84677371189395
"2025-01-10 05:27:26.0000",-5.31,88.11,15.726583480834961,18.202854546971917,14.897017960192839
"2025-01-10 05:57:19.0000",-5.42,88.3,15.453927040100098,17.18109133950342,15.676489616631267
"2025-01-10 06:27:14.0000",-5.05,88.41,16.085779190063477,18.671084606346074,22.261453717800197
"2025-01-10 06:57:08.0000",-5.54,88.47,24.02519989013672,28.077104633040896,-18.248935079580647
"2025-01-10 07:27:03.0000",-5.46,88.93,24.203310012817383,27.753178916687418,22.18726712790116
"2025-01-10 07:56:58.0000",-5.17,88.91,22.007131576538086,26.110969209292303,22.433124881944266
"2025-01-10 08:26:55.0000",-4.56,89.17,31.95263671875,38.31282740928388,28.494047715952153
"2025-01-10 08:56:51.0000",-3.79,89.65,34.80449676513672,42.00135428731261,32.0833623564984
"2025-01-10 09:26:46.0000",-3.33,90.13,30.212520599365234,37.38857884141633,28.08209690702978
"2025-01-10 09:56:42.0000",-3.08,90.53,25.37736701965332,29.600531436746945,23.720647288484262
"2025-01-10 10:26:35.0000",-2.87,90.99,17.62373924255371,20.092753629100788,18.866650497708775
"2025-01-10 10:56:32.0000",-0.34,91.08,9.996088027954102,11.664819187212588,13.62552377478573
"2025-01-10 11:26:33.0000",2.32,86.09,10.665861129760742,12.858132241761636,12.796674007168837
"2025-01-10 11:56:31.0000",3.02,86.73,8.939492225646973,10.294450527007662,8.258021395622148
"2025-01-10 12:26:29.0000",5.08,82.76,10.076295852661133,11.293824238804412,13.189323666282512
"2025-01-10 12:56:28.0000",5.76,80.81,7.654723644256592,8.9662783110588,13.110698600739243
"2025-01-10 13:26:22.0000",6.55,82.57,4.436123371124268,5.793969885960659,10.787975425127703
"2025-01-10 13:56:19.0000",7.12,81.33,4.1374831199646,5.499502682737967,10.714813464451302
"2025-01-10 14:26:09.0000",4.48,85.34,4.342222690582275,5.500294368882672,9.859028682948002
"2025-01-10 14:55:57.0000",1.89,90.95,4.4359822273254395,5.600892300398798,10.482263185117148
"2025-01-10 15:25:51.0000",1.66,91.61,8.7133150100708,9.65714927024964,13.894861964046298
"2025-01-10 15:55:42.0000",0.04,91.75,7.091202735900879,8.12333237341407,12.273491727231718
"2025-01-10 16:25:34.0000",-0.96,92.52,6.3166937828063965,7.454406019311312,11.355365686494496
"2025-01-10 16:55:28.0000",-1.57,92.34,7.236464023590088,8.48080344999073,12.798561600820811
"2025-01-10 17:25:21.0000",-1.92,91.66,13.012918472290039,14.358091921714312,16.56009586224615
"2025-01-10 17:55:15.0000",-2.15,91.27,14.660296440124512,15.939892637975177,16.983103134660958
"2025-01-10 18:25:10.0000",-1.99,90.44,10.439214706420898,11.723738526687058,12.902661885166395
"2025-01-10 18:55:04.0000",-2.09,90.04,8.61209774017334,9.413817119021541,12.021305456816599
"2025-01-10 19:25:01.0000",-2.13,89.82,8.620245933532715,9.870481885339418,12.420724176135392
"2025-01-10 19:54:56.0000",-2.45,89.67,7.550468921661377,8.733308514033064,12.49764829501879
"2025-01-10 20:24:51.0000",-2.54,89.59,18.12102699279785,18.91458375369298,17.824594807446932
"2025-01-10 20:54:45.0000",-2.46,89.77,11.178888320922852,12.464343117763605,12.49307983616763
"2025-01-10 21:24:39.0000",-2.74,89.55,11.792739868164062,13.690960755042916,14.334802693315861
"2025-01-10 21:54:32.0000",-2.93,89.66,13.639884948730469,15.707997184001664,16.01969160314647
"2025-01-10 22:24:28.0000",-3.17,89.58,15.408679962158203,17.33333115008564,17.963486698403408
"2025-01-10 22:54:23.0000",-3.15,90.03,10.457904815673828,11.63442599111248,13.516972057076096
"2025-01-10 23:24:19.0000",-2.84,90.07,8.365655899047852,9.674351764585257,13.293555130732793
"2025-01-10 23:54:14.0000",-2.94,90.04,11.502964973449707,12.704119251722263,14.011025458032945
"2025-01-11 00:24:09.0000",-2.75,90.59,14.099234580993652,15.556429445794908,16.82934252894447
"2025-01-11 00:54:05.0000",-2.76,90.49,16.14931297302246,17.902380896703097,19.120827470547308
"2025-01-11 01:23:59.0000",-2.79,91.11,18.672657012939453,21.24213461057918,21.779202672146496
"2025-01-11 01:53:53.0000",-3.18,90.76,25.651290893554688,29.355590279473475,25.92122590695106
"2025-01-11 02:23:47.0000",-3.57,91.07,31.83102035522461,35.78346845904085,28.08819913066311
"2025-01-11 02:53:43.0000",-3.67,91.1,31.85283660888672,36.37358282733035,32.06658844634923
"2025-01-11 03:23:39.0000",-3.36,91.58,26.063720703125,28.93145893597714,27.732635779594585
"2025-01-11 03:53:33.0000",-3.56,91.06,29.4376220703125,33.38352210441421,26.285411733516803
"2025-01-11 04:23:27.0000",-3.29,91.87,26.79348373413086,30.650268506163755,26.2916340786405
"2025-01-11 04:53:22.0000",-2.47,92.23,25.144880294799805,28.392047357587927,24.984433449456652
"2025-01-11 05:23:18.0000",-2,91.89,23.840694427490234,26.402655692810004,26.30043440801332
"2025-01-11 05:53:13.0000",-2.04,91.9,26.15686798095703,29.691799338665643,26.376268198688898
"2025-01-11 06:23:09.0000",-2.12,92.17,28.106109619140625,31.496137212913453,25.98405871388615
"2025-01-11 06:53:03.0000",-1.99,92.66,27.747814178466797,30.558905576059864,25.650128544679784
"2025-01-11 07:22:58.0000",-2.23,92.41,30.825969696044922,35.398217790846985,28.87343721251824
"2025-01-11 07:52:51.0000",-2.67,92.99,31.831539154052734,37.69190242760365,30.09077788234181
"2025-01-11 08:22:44.0000",-3.16,93.29,35.51805114746094,42.87739643372774,32.46847447365813
"2025-01-11 08:52:40.0000",-2.52,93.94,36.84752655029297,45.94359952881807,34.98266239910753
"2025-01-11 09:22:35.0000",-1.26,93.39,33.52513122558594,38.05761229861838,29.813348037452478
"2025-01-11 09:52:32.0000",0.39,93.92,20.30783462524414,22.235408611249426,20.131467152744246
"2025-01-11 10:22:27.0000",0.97,92.89,20.846193313598633,23.297556719074844,21.712432830280193
"2025-01-11 10:52:24.0000",2.96,92.75,18.16996955871582,20.45945828267295,18.77301614315988
"2025-01-11 11:22:17.0000",1.54,92.97,27.007709503173828,29.703217891217633,24.41879336445417
"2025-01-11 11:52:11.0000",1.24,93.57,27.692121505737305,31.022888430716453,24.805960273946024
"2025-01-11 12:22:06.0000",1.41,93.93,24.4412784576416,27.68142621532543,24.53708007872123
"2025-01-11 13:21:57.0000",1.6,94.08,21.326793670654297,23.49590184724777,21.369561147108172
"2025-01-11 13:51:52.0000",1.3,93.86,24.141101837158203,27.0876472255728,23.995426646814742
"2025-01-11 14:21:48.0000",1.46,94.01,28.916749954223633,34.75352670809695,29.18078554138776
"2025-01-11 14:51:42.0000",1.15,93.97,23.09951400756836,27.440426201875177,23.619316521326486
"2025-01-11 15:21:36.0000",1.08,94.35,21.308818817138672,25.631116390276546,23.157920299117173
"2025-01-11 15:51:33.0000",1.37,94.28,22.812971115112305,26.06033439121574,22.701401563439017
"2025-01-11 16:51:22.0000",1.12,94.59,21.488601684570312,24.77651740215022,21.125054696618065
"2025-01-11 17:21:17.0000",0.77,94.72,18.387691497802734,20.42766656872345,18.12006635111999
"2025-01-11 17:51:11.0000",0.6,95.25,24.80539321899414,28.369526182009903,23.53423544459485
"2025-01-11 18:21:06.0000",0.68,95.31,20.900283813476562,23.931179631287556,21.68557502966663
"2025-01-11 18:51:01.0000",0.84,95.28,19.659692764282227,22.427902158720503,20.39172090191145
"2025-01-11 19:20:56.0000",0.89,95.3,18.855295181274414,21.284906476628148,20.772624107101603
"2025-01-11 19:50:51.0000",1.01,95.42,17.796470642089844,19.87282083240114,18.482481774950784
"2025-01-11 20:20:46.0000",1.12,95.76,15.481054306030273,17.794310694901593,18.046246724602387
"2025-01-11 20:50:42.0000",1.39,95.74,15.417930603027344,17.819769413877385,16.475392871118974
"2025-01-11 21:50:31.0000",1.46,95.88,24.70130157470703,28.305395241565503,21.9696875079075
"2025-01-11 22:20:26.0000",1.66,96.01,14.288552284240723,17.37910776480611,16.823701741701623
"2025-01-11 22:50:22.0000",1.47,96,12.245134353637695,14.366580285432562,14.57814276994289
"2025-01-11 23:20:16.0000",1.46,96.05,10.672595024108887,12.246083069167334,13.819231160210956
"2025-01-11 23:50:11.0000",1.21,96.3,14.065092086791992,16.698762978712814,15.320174817246835
"2025-01-12 00:20:06.0000",1.21,96.48,22.846899032592773,25.935693543240284,22.489957268973825
"2025-01-12 00:50:00.0000",1.05,96.85,23.02644157409668,26.720376314904996,22.292211988641455
"2025-01-12 01:19:55.0000",0.96,97.2,32.638458251953125,38.37146248531217,31.73624074737118
"2025-01-12 01:49:48.0000",0.98,97.31,35.98299789428711,42.6443057323024,34.10363536795413
"2025-01-12 02:19:43.0000",1.01,97.54,21.850486755371094,25.770240497111065,22.30090292697959
"2025-01-12 02:49:38.0000",1.05,97.6,21.842130661010742,26.0053933047176,22.851948842478553
"2025-01-12 03:19:33.0000",0.98,97.86,27.69060516357422,32.53809671257348,26.817946816478198
"2025-01-12 03:49:27.0000",1.02,98.09,24.081085205078125,28.516229417271358,24.35353424641434
"2025-01-12 04:19:23.0000",1.05,98.3,28.501379013061523,33.34577979316562,25.78660108065871
"2025-01-12 04:49:16.0000",0.99,98.34,23.839963912963867,28.04389633335757,22.840918836222563
"2025-01-12 05:19:11.0000",0.99,98.55,29.966466903686523,35.348498849894796,26.10560806986741
"2025-01-12 05:49:06.0000",0.91,98.51,20.968313217163086,24.561832938849147,17.647709264906478
"2025-01-12 06:18:59.0000",0.42,98.37,25.036054611206055,29.542932817996217,23.95673202687856
"2025-01-12 06:48:53.0000",-0.05,98.97,29.028181076049805,34.51362675611149,26.233022067909072
"2025-01-12 07:18:47.0000",-0.32,98.9,26.785388946533203,32.0419835589808,26.49811159554759
"2025-01-12 08:18:35.0000",-0.77,99.42,28.519996643066406,34.182816834753794,26.013531267839785
"2025-01-12 08:48:30.0000",-0.62,99.65,30.806156158447266,38.86014323445812,28.454001723128858
"2025-01-12 09:18:27.0000",1.28,98.53,22.30596923828125,25.566351439579034,20.754642348665005
"2025-01-12 09:48:24.0000",2.4,97.31,16.935758590698242,19.225138433255704,16.63335513040594
"2025-01-12 10:18:21.0000",3.67,96.15,17.674602508544922,19.74901253515053,16.905977103494184
"2025-01-12 10:48:18.0000",5.55,92.86,16.065948486328125,18.011166089836102,15.863121969370077
"2025-01-12 11:18:15.0000",6.22,91.7,25.61223602294922,29.381288196763403,22.101032097217235
"2025-01-12 11:48:09.0000",6.68,92.63,21.79893684387207,25.411401544752067,19.894305083593096
"2025-01-12 12:18:05.0000",6.56,92.14,24.289613723754883,27.62674458706343,18.813233519732297
"2025-01-12 12:47:59.0000",6.76,93.74,19.485855102539062,22.407365506007967,18.604973664925815
"2025-01-12 13:17:57.0000",7.68,91.75,14.855462074279785,16.76430056975739,15.567967135943455
"2025-01-12 13:47:53.0000",8.34,91.79,10.641120910644531,11.998994312015574,12.596603374643541
"2025-01-12 14:17:50.0000",8.09,90.72,8.233328819274902,9.98307585190709,10.93471884808055
"2025-01-12 14:47:40.0000",5.45,97.5,9.276754379272461,11.438772693357217,11.661758346958983
"2025-01-12 15:17:33.0000",6.02,97.86,9.624887466430664,11.522119915920127,11.98463942675669
"2025-01-12 15:47:27.0000",4.81,94.67,9.3162202835083,10.666273068557562,12.244883447317884
"2025-01-12 16:17:20.0000",3.9,94.05,9.525912284851074,10.851652445174564,11.75328640324417
"2025-01-12 16:47:14.0000",3.77,94.1,11.250031471252441,12.92161090746978,13.27843987835174
"2025-01-12 17:17:10.0000",3.64,94.33,12.997517585754395,14.89206168639523,14.0548597173989
"2025-01-12 17:47:03.0000",3.51,94.77,15.602621078491211,18.17700748651519,16.607977080465773
"2025-01-12 18:16:58.0000",3.44,95.22,17.338314056396484,20.00339410024886,17.839964878873136
"2025-01-12 18:46:52.0000",3.22,95.19,17.647157669067383,20.39387114995928,18.51173971223477
"2025-01-12 19:16:45.0000",2.89,95.72,16.833654403686523,19.294450285035218,17.161400506115168
"2025-01-12 19:46:40.0000",3.26,95.78,14.503865242004395,16.546445857439913,14.752372967567103
"2025-01-12 20:16:35.0000",3.29,95.92,13.143168449401855,14.631643804881605,14.030490872466743
"2025-01-12 20:46:29.0000",3.38,95.98,9.719803810119629,10.748569439930776,12.058349707330501
"2025-01-12 21:16:24.0000",3.39,96.08,8.55173110961914,9.477736375577154,11.596045579746681
"2025-01-12 21:46:19.0000",3.56,97.04,6.229022979736328,6.691889773019072,9.215438358149246
"2025-01-12 22:16:14.0000",3.48,97.14,6.944401264190674,7.609780754583398,10.577406460474931
"2025-01-12 22:46:09.0000",3.41,97.43,7.456949234008789,8.066611227125234,10.233595644199953
"2025-01-12 23:16:03.0000",3.41,97.76,6.635524749755859,7.337569849558854,9.35281325391647
"2025-01-12 23:45:58.0000",3.39,97.94,5.50419282913208,6.22837445130826,8.252823433538145
"2025-01-13 00:15:52.0000",3.19,98.3,6.130838871002197,6.44182220237665,9.294724041086742
"2025-01-13 00:45:45.0000",3.27,98.74,4.9936394691467285,5.65461444436635,8.664939537493316
"2025-01-13 01:15:41.0000",3.36,98.42,4.3772172927856445,4.831654092412011,7.7188031896111715
"2025-01-13 01:45:35.0000",3.52,98.33,3.6052534580230713,4.3397513433215735,7.34029049795734
"2025-01-13 02:15:30.0000",3.85,98.27,2.8946921825408936,3.5900084150703298,7.313248394005649
"2025-01-13 02:45:26.0000",4.14,97.82,2.722055673599243,3.507266105379967,7.888837355239547
"2025-01-13 03:15:21.0000",4.15,97.29,2.63765287399292,3.2794034648036434,6.852576749713316
"2025-01-13 03:45:16.0000",4.18,97.03,2.2981181144714355,3.0791108749759046,7.575513435784349
"2025-01-13 04:15:10.0000",4.24,96.59,2.2951717376708984,2.915612812318562,7.8173184878963395
"2025-01-13 04:45:04.0000",4.19,96.37,2.1146717071533203,2.7526269722329486,7.108459723446152
"2025-01-13 05:15:00.0000",4.39,95.67,1.712093472480774,2.4053553863301453,6.9063883587254145
"2025-01-13 05:44:55.0000",4.39,95.17,1.4786856174468994,2.2932774123030697,6.412064693850143
"2025-01-13 06:14:50.0000",4.53,94.84,1.5255032777786255,2.3204509942843186,7.101124067332797
"2025-01-13 06:44:46.0000",4.62,94.59,1.612168312072754,2.570268300113362,7.283539840693732
"2025-01-13 07:14:40.0000",4.55,94.33,1.5866122245788574,2.4745172011586187,7.481999473489473
"2025-01-13 07:44:34.0000",4.41,94.17,1.5052437782287598,2.405311359574929,7.065582218439452
"2025-01-13 08:14:27.0000",4.36,94.53,1.840914011001587,2.8044601188207117,6.902736064798908
"2025-01-13 08:44:22.0000",4.52,94.18,1.733225703239441,2.637191756110935,7.2360376489519815
"2025-01-13 09:14:17.0000",4.71,94.09,1.8590087890625,2.670442745792457,8.021353626710647
"2025-01-13 09:44:12.0000",4.81,93.8,1.8005540370941162,2.781455226562698,7.28778147763834
"2025-01-13 10:14:08.0000",5.11,93.83,2.0331599712371826,2.901206137112083,7.097686272644321
"2025-01-13 10:44:02.0000",5.39,93.39,2.1142234802246094,2.995170810779011,8.279310979807025
"2025-01-13 11:13:57.0000",5.44,93.16,2.3787264823913574,3.332307766900374,8.292200871416881
"2025-01-13 11:43:52.0000",5.4,93.56,2.7999093532562256,3.8489175295405333,8.259798161448417
"2025-01-13 12:13:48.0000",5.77,93.56,2.697124481201172,3.6117508614557643,9.723737298293646
"2025-01-13 12:43:42.0000",6.15,93.48,2.795823097229004,3.572960717060668,9.871127692825468
"2025-01-13 13:13:37.0000",6.24,93.39,3.130768060684204,3.895371127403326,9.706356525822315
"2025-01-13 13:43:33.0000",6.4,93.56,3.042523145675659,3.7414920078742124,10.736680803206994
"2025-01-13 14:13:27.0000",6.75,93.61,3.336822032928467,4.10992980385985,9.297937647743764
"2025-01-13 14:43:23.0000",6.92,93.51,2.620593547821045,3.661960256494337,9.539005229651526
"2025-01-13 15:13:17.0000",6.81,93.78,2.7296886444091797,3.52188057979208,8.817144969186854
"2025-01-13 15:43:11.0000",6.81,93.75,2.580420970916748,3.519800607139165,8.08847353375613
"2025-01-13 16:13:07.0000",7.21,93.84,1.613427758216858,2.5825790650025615,7.5740335847010085
"2025-01-13 16:43:01.0000",7.21,93.62,1.6315399408340454,2.4487531305446733,7.422670985299565
"2025-01-13 17:12:56.0000",7.51,94.19,1.2386103868484497,2.175865700165025,6.7039047930536
"2025-01-13 17:42:51.0000",7.23,94.04,1.9858815670013428,2.8380361880740432,7.45069077707914
"2025-01-13 18:12:46.0000",7.41,94.32,2.4714221954345703,3.4119755185541076,9.482486679286039
"2025-01-13 18:42:41.0000",7.32,94.07,1.9142026901245117,2.858185339580067,7.707451938217412
"2025-01-13 19:12:34.0000",7.07,94.47,2.367013692855835,3.3664744688108357,8.031863104956948
"2025-01-13 19:42:29.0000",6.92,94.81,2.5434045791625977,3.372910732558826,7.6564330731988335
"2025-01-13 20:12:24.0000",7.02,95.19,2.445496082305908,3.253043936042914,7.355256192624251
"2025-01-13 20:42:20.0000",7.18,94.83,2.764268398284912,3.7953974465041935,8.363207051127304
"2025-01-13 21:12:15.0000",6.99,95.49,2.2422726154327393,2.838882102159418,8.376953152325864
"2025-01-13 21:42:09.0000",7.65,96.42,1.3412086963653564,2.0620116077872472,6.659440284295813
"2025-01-13 22:12:05.0000",7.47,95.9,3.0316073894500732,3.6532275456728764,8.606705422744495
"2025-01-13 22:42:00.0000",7.78,96.35,2.132124662399292,2.9427227089075343,8.017055384995837
"2025-01-13 23:11:57.0000",8.99,96.22,0.6634407043457031,1.4058260807246719,5.652745352369748
"2025-01-13 23:41:53.0000",9.24,96.09,0.604556143283844,1.5414408400029485,6.032736991584159
"2025-01-14 00:11:48.0000",9.43,95.83,0.45842093229293823,1.4081193289597176,6.141233201058815
"2025-01-14 00:41:43.0000",9.57,95.72,0.5499525666236877,1.522866567122928,5.814313295678803
"2025-01-14 01:11:38.0000",9.6,95.94,0.481051504611969,1.4526308278794422,6.008174070046888
"2025-01-14 01:41:33.0000",9.51,96.02,0.48333650827407837,1.4218981864013773,5.6698165638927716
"2025-01-14 02:11:28.0000",9.47,96.08,0.5651491284370422,1.6029693070802822,5.701532228067302
"2025-01-14 02:41:21.0000",9.21,96.34,0.4665970802307129,1.4305346077848278,5.624650791117884
"2025-01-14 03:11:16.0000",9.35,96.5,0.43498218059539795,1.3788914411597422,5.5140954035292085
"2025-01-14 03:41:12.0000",9.85,96.2,0.29695090651512146,1.1991963287869505,5.6412113227800464
"2025-01-14 04:11:09.0000",9.93,95.98,0.3381028175354004,1.3338175051922185,5.763314658861973
"2025-01-14 04:41:03.0000",9.96,95.97,0.3108477294445038,1.274043986457547,5.520692267473572
"2025-01-14 05:10:57.0000",9.94,95.98,0.32810115814208984,1.2569487784680506,5.486177101312778
"2025-01-14 05:40:52.0000",9.71,96.19,0.3598923087120056,1.260829062595751,5.643267816474627
"2025-01-14 06:10:47.0000",9.51,96.05,0.4073750376701355,1.2388469594385514,5.911862786816865
"2025-01-14 06:40:41.0000",9.29,96.39,0.5571293234825134,1.3552659759721106,5.543219862410488
"2025-01-14 07:10:37.0000",9.39,96.65,0.307352751493454,1.1098918243498268,5.099588605609131
"2025-01-14 07:40:32.0000",9.17,96.93,0.3199799060821533,1.0678926193415472,5.144548404285544
"2025-01-14 08:10:27.0000",9.45,97.05,0.46651795506477356,1.3059815912007202,5.605930701387276
"2025-01-14 08:40:21.0000",9.57,97.18,0.45033445954322815,1.3154142756254252,2.135564962595222
"2025-01-14 09:10:16.0000",9.81,97.32,0.6199121475219727,1.4644790978679003,5.666279907636484
"2025-01-14 09:40:12.0000",10.02,97.35,1.3773000240325928,2.3015973796974145,7.4548935802333665
"2025-01-14 10:10:08.0000",10.29,96.89,0.6803629398345947,1.6255021681735484,8.778776445004905
"2025-01-14 10:40:03.0000",10.05,96.97,1.0912209749221802,2.026132552687154,9.509745431207005
"2025-01-14 11:09:58.0000",10.18,97.35,0.6463603377342224,1.5642878553519373,7.534530011627644
"2025-01-14 11:39:55.0000",10.37,97.3,1.1234538555145264,2.1117646229014713,6.756140379251376
"2025-01-14 12:09:49.0000",10.32,97.45,1.199012041091919,2.00214029510433,7.178489029290232
"2025-01-14 13:39:33.0000",9.9,99.38,5.057823657989502,6.435401311772519,11.88568995354306
"2025-01-14 14:09:28.0000",9.64,99.44,7.396529197692871,10.012980304840692,12.28332629249
"2025-01-14 14:39:22.0000",9.4,99.63,13.629626274108887,17.545947989575687,18.45232399219283
"2025-01-14 15:09:17.0000",9.35,99.7,15.766987800598145,21.23787113621407,21.90416192530151
"2025-01-14 15:39:11.0000",9.33,99.92,12.395708084106445,15.84643899377811,16.59995705800782
"2025-01-14 16:09:07.0000",9.15,99.87,25.00428009033203,27.18573345379569,69.84058473048472
"2025-01-14 16:39:01.0000",9.01,100.02,25.449243545532227,30.695916861435784,101.43774962040041
"2025-01-14 17:08:57.0000",9.09,100.26,37.62260055541992,49.21435730887476,48.25886536775499
"2025-01-14 17:38:51.0000",8.94,100.72,44.730438232421875,56.954312215231724,52.15271325223899
"2025-01-14 18:08:45.0000",9,100.52,55.98585891723633,69.56457648967361,69.64027063875317
"2025-01-14 18:38:39.0000",8.87,101.02,58.905174255371094,73.63081261449588,72.69575324708943
"2025-01-14 19:08:33.0000",8.87,100.98,75.29179382324219,78.21474843690292,138.39060342142918
"2025-01-14 19:38:27.0000",8.64,100.85,54.77735900878906,49.4071371387493,257.39327403353116
"2025-01-14 20:08:21.0000",8.28,101.17,50.059478759765625,47.411483848187835,203.92937198901848
"2025-01-14 20:38:16.0000",8.33,101.38,44.80015563964844,44.03052758454784,244.4775424696416
"2025-01-14 21:08:09.0000",8.08,101.27,81.74213409423828,85.11650716121487,133.07544360136552
"2025-01-14 21:38:04.0000",7.97,101.59,108.56642150878906,101.26392052495862,642.9830870783608
"2025-01-14 22:08:00.0000",8.02,101.76,103.7683334350586,95.45041479465658,387.1166026418128
"2025-01-14 22:37:55.0000",8.13,101.77,73.73686218261719,71.96486577602897,199.6424755209801
"2025-01-14 23:07:49.0000",8.3,102.1,86.46682739257812,94.55449552584788,141.99833305579978
"2025-01-14 23:37:44.0000",8.4,102,83.41554260253906,96.46215082956591,117.57304379824632
"2025-01-15 00:07:40.0000",8.43,102.25,93.26065826416016,114.32823458095515,113.40537931454823
"2025-01-15 00:37:35.0000",8.43,102.24,104.85226440429688,128.84811245184886,123.54428139186845
"2025-01-15 01:07:30.0000",8.27,101.91,90.2572250366211,108.5498817656373,110.65990528337194
"2025-01-15 01:37:23.0000",7.31,102.69,75.9048843383789,94.60654134840456,79.18725591880688
"2025-01-15 02:07:17.0000",7.25,103.44,65.6209716796875,80.90640803771909,66.21902100628137
"2025-01-15 02:37:12.0000",7.6,103.44,72.56957244873047,92.03602757308812,74.38832610423741
"2025-01-15 03:07:07.0000",7.83,103.28,50.145965576171875,62.67104077390571,46.48060926398604
"2025-01-15 03:37:01.0000",7.89,103.28,64.90632629394531,81.31698633008091,62.32727179204465
"2025-01-15 04:06:56.0000",7.8,103.22,49.391151428222656,62.28445704531907,45.05462645824075
"2025-01-15 04:36:50.0000",7.66,103.34,37.37118148803711,45.89050931552001,35.466750396820096
"2025-01-15 05:06:46.0000",7.27,103.29,32.298614501953125,39.92157507352323,29.808986796305803
"2025-01-15 05:36:39.0000",6.63,104.11,26.595067977905273,31.98320042590679,25.52940650803657
"2025-01-15 06:06:33.0000",6.19,104.42,28.547182083129883,34.143307961592434,22.911218731910857
"2025-01-15 06:36:27.0000",6.02,104.52,24.96059226989746,30.112607383573415,22.54722500598042
"2025-01-15 07:06:22.0000",5.92,104.51,26.192359924316406,31.129697041007102,24.30086514432747
"2025-01-15 07:36:16.0000",5.71,104.2,23.88174819946289,28.82931433181889,23.59717754510283
"2025-01-15 08:06:11.0000",5.35,104.23,14.3474702835083,17.108397088880817,16.294228919602688
"2025-01-15 08:36:05.0000",5.01,104.74,9.30474853515625,10.78101946401306,12.221577218562272
"2025-01-15 09:06:00.0000",5.67,105.11,6.643714427947998,7.792480162328575,10.17878799701819
"2025-01-15 09:35:58.0000",7.72,101.12,3.8838820457458496,4.715933156063167,7.748916543985697
"2025-01-15 10:05:57.0000",10.08,96.43,3.3534035682678223,4.1060356847551205,8.2064559289877
"2025-01-15 10:35:54.0000",11.26,93.7,2.3731040954589844,3.1601409023354057,7.147999479122317
"2025-01-15 11:05:55.0000",14.12,87.03,2.4773809909820557,3.322638710649359,7.179318535018418
"2025-01-15 11:35:55.0000",16.57,84.75,2.3189401626586914,3.2888402813279467,7.536070207867063
"2025-01-15 12:05:51.0000",17.05,80.5,2.101832389831543,3.2769606035873675,8.894559513849728
"2025-01-15 12:35:46.0000",17.5,82.38,2.4107236862182617,3.82028098256914,6.985229133606629
"2025-01-15 13:35:38.0000",17.84,80.61,2.5361969470977783,4.326921116428689,11.448918202648136
"2025-01-15 14:05:30.0000",16.61,84.1,4.36968469619751,5.9301706911590975,10.398938509055768
"2025-01-15 14:35:18.0000",11.82,86.23,4.214870452880859,5.166921677806978,9.267535245013926
"2025-01-15 15:05:08.0000",10.46,94.62,5.208935260772705,6.270186344983556,9.574845320608256
"2025-01-15 15:35:05.0000",10.69,92.62,5.33394193649292,6.5792617384077206,10.532672760907419
"2025-01-15 16:04:55.0000",8.44,95.41,7.272068500518799,8.229283712437018,12.035578286072703
"2025-01-15 16:34:47.0000",7.2,97.24,9.255492210388184,10.275004113736648,13.811288424999702
"2025-01-15 17:34:34.0000",5.9,97.63,14.86020278930664,15.971192042098544,17.801134389785144
"2025-01-15 18:04:28.0000",5.75,97.38,12.767184257507324,13.99111993176523,15.57740722573264
"2025-01-15 18:34:23.0000",5.43,97.14,15.962979316711426,17.218470745383105,15.472893980961812
"2025-01-15 19:04:19.0000",5.44,96.74,12.650758743286133,13.8523825156904,16.076738720363092
"2025-01-15 19:34:13.0000",5.16,96.64,12.567622184753418,14.502626349284574,15.430115156691766
"2025-01-15 20:04:09.0000",5.18,96.91,9.693249702453613,11.06184758069794,11.951691713187152
"2025-01-15 20:34:03.0000",5.05,96.92,8.528932571411133,10.171799287782465,12.866799963811959
"2025-01-15 21:03:57.0000",4.64,96.71,14.68527889251709,16.562192523909147,16.246628079463083
"2025-01-15 21:33:51.0000",4.07,97.07,13.453300476074219,15.853267647644916,15.97442088183707
"2025-01-15 22:03:45.0000",4.05,96.86,11.599379539489746,13.456605694230912,14.487200261463151
"2025-01-15 22:33:40.0000",3.87,97.01,12.351020812988281,14.067348222034148,15.126454174868064
"2025-01-15 23:03:34.0000",3.41,96.92,13.840083122253418,16.00642558865826,14.914365100797381
"2025-01-15 23:33:28.0000",3.17,97.13,9.002031326293945,10.569352525847377,12.108584753410963
"2025-01-16 00:03:23.0000",3.12,97.01,8.93669319152832,10.624231847148222,11.90956420432167
"2025-01-16 00:33:18.0000",3.11,96.89,6.5031023025512695,8.022065417987996,10.191034951511979
"2025-01-16 01:03:11.0000",2.35,96.91,9.739118576049805,11.624232968073231,11.468801826807987
"2025-01-16 01:33:05.0000",2.31,97.28,8.146556854248047,9.92850018233644,11.656259171163615
"2025-01-16 02:03:01.0000",2.26,97.29,9.005152702331543,11.012826591604206,11.254730024372336
"2025-01-16 02:32:55.0000",2.04,97.24,11.837213516235352,14.61845293074143,13.7691829763911
"2025-01-16 03:02:50.0000",1.97,97.3,12.094833374023438,14.835845297113222,12.79265691453784
"2025-01-16 03:32:44.0000",2.08,97.54,6.355859279632568,8.010209753582634,9.559207939669802
"2025-01-16 04:02:39.0000",2.39,96.78,4.195223331451416,5.280713809928223,7.825544788221448
"2025-01-16 04:32:34.0000",2.16,96.28,4.402805328369141,5.6801938526477755,8.21353262648122
"2025-01-16 05:02:28.0000",1.89,96.26,4.976969242095947,5.978690868823583,8.952399911683685
"2025-01-16 05:32:23.0000",1.71,95.75,4.274491310119629,5.2903264217121295,8.028642657034435
"2025-01-16 06:02:16.0000",1.22,95.99,5.383190631866455,6.496220800930763,8.329765324187465
"2025-01-16 06:32:11.0000",1.22,95.83,4.060751438140869,5.124759548448078,7.393825516971179
"2025-01-16 07:02:04.0000",0.92,95.64,5.32197904586792,6.534062983016026,8.757123249612764
"2025-01-16 07:31:57.0000",0.71,95.74,5.009803771972656,6.187827056307255,8.712921835519513
"2025-01-16 08:01:53.0000",0.94,95.64,3.5864474773406982,4.521766148625196,7.130812103234717
"2025-01-16 08:31:47.0000",1.24,95.57,2.894634246826172,3.971957442434918,7.364656108777053
"2025-01-16 09:01:42.0000",2.49,95.8,2.388706922531128,3.133482600297524,7.163650602445622
"2025-01-16 09:31:42.0000",5.26,89.91,2.681539535522461,3.595826928322184,7.963332865088426
"2025-01-16 10:01:43.0000",7.86,87.36,2.902360677719116,3.955581883635473,7.229418602331232
"2025-01-16 11:01:37.0000",9.8,88.08,2.7983953952789307,3.99675190738006,8.16330938397151
"2025-01-16 12:01:29.0000",12.1,85.97,2.5249733924865723,3.725567423839972,10.87603631891186
"2025-01-16 12:31:25.0000",11.51,84.25,2.176628351211548,3.5039662212561993,8.108103733924876
"2025-01-16 13:01:21.0000",12.07,82.91,2.9712586402893066,4.504365018166822,12.093445598994855
"2025-01-16 13:31:19.0000",13.11,79.23,2.2906136512756348,3.9649311060071715,13.003397917733642
"2025-01-16 14:01:15.0000",13.23,76.5,3.188431978225708,5.004059472088535,12.464531873429877
"2025-01-16 14:31:08.0000",11.04,72.9,3.140770673751831,4.853857675246542,11.698399274305071
"2025-01-16 15:00:56.0000",9.15,70.63,2.952256917953491,4.534219278421498,13.686985082625407
"2025-01-16 15:30:52.0000",9.45,69.19,2.8385469913482666,4.588360237688623,12.739635065233493
"2025-01-16 16:00:42.0000",7.53,68.45,2.989450454711914,4.739470546246471,9.735544409311338
"2025-01-16 16:30:36.0000",6.53,68.85,3.106492280960083,4.844931190131698,12.590670976805388
"2025-01-16 17:00:30.0000",5.79,69.39,3.0183629989624023,4.594395135245569,13.213572495020376
"2025-01-16 17:30:23.0000",5.34,70.08,3.611288547515869,5.068963586544532,11.749615162430079
"2025-01-16 18:00:18.0000",4.94,71.09,4.592745304107666,5.884256674048153,11.892246413169422
"2025-01-16 18:30:11.0000",4.58,72.25,4.699699878692627,5.960576864937123,11.19189562223098
"2025-01-16 19:00:05.0000",4.29,73.63,5.827880382537842,7.103553158809662,11.956294798377957
"2025-01-16 19:30:00.0000",4.05,74.49,6.211322784423828,7.23858152744969,10.985186512808385
"2025-01-16 19:59:54.0000",3.76,76.32,6.88049840927124,7.922415851825341,11.57552343982252
"2025-01-16 20:29:48.0000",3.31,77.79,7.799701690673828,8.559140204425095,11.329484689325273
"2025-01-16 20:59:42.0000",2.94,79.92,8.43644905090332,9.900901815131926,11.85373677521808
"2025-01-16 21:29:36.0000",2.5,81.37,10.298910140991211,11.710243501562514,12.87014788687432
"2025-01-16 21:59:31.0000",2.03,82.32,15.357979774475098,17.564132649737967,16.356997551851983
"2025-01-16 22:29:25.0000",2.03,84.18,22.11796760559082,26.226497966566438,21.949518495255298
"2025-01-16 22:59:19.0000",2.34,85.92,29.076244354248047,33.31625309156431,26.62134752061514
"2025-01-16 23:29:14.0000",2.45,86.25,27.810699462890625,33.73767764827709,26.487289062232385
"2025-01-16 23:59:08.0000",2.64,88.23,25.40766143798828,30.148280089771347,23.65594479551857
"2025-01-17 00:29:02.0000",2.76,89.06,20.73004150390625,24.225662476801414,19.918316961960336
"2025-01-17 00:58:55.0000",2.44,88.89,16.31749725341797,19.55585895358694,16.619107120258406
"2025-01-17 01:28:49.0000",2.26,89.3,15.00313949584961,17.332165329671668,15.425701694128145
"2025-01-17 01:58:43.0000",2.12,89.49,14.827274322509766,17.418118234299254,15.051842631444426
"2025-01-17 02:28:38.0000",2.46,89.45,14.687772750854492,17.370760393682733,15.157403708479817
"2025-01-17 02:58:33.0000",2.63,89.48,13.605561256408691,16.118736700785554,14.794248458314142
"2025-01-17 03:28:30.0000",2.96,89.28,14.719722747802734,16.495439425067456,14.695398301903005
"2025-01-17 03:58:24.0000",2.55,89.65,16.4509334564209,19.06112306414663,16.737982112013018
"2025-01-17 04:28:19.0000",2,90.45,19.747516632080078,23.80844097146248,19.144137689845373
"2025-01-17 04:58:14.0000",2.07,91.22,17.303586959838867,20.751780754241313,17.085013451041764
"2025-01-17 05:28:09.0000",2.26,90.98,17.44403076171875,20.823487856091514,17.52886966777615
"2025-01-17 05:58:04.0000",2.09,91.53,23.048118591308594,28.238042838970173,21.907604580598502
"2025-01-17 06:28:00.0000",2.24,91.39,26.55909538269043,32.42071328183378,24.571270483208878
"2025-01-17 06:57:54.0000",2.55,91.92,23.47909164428711,28.510281218306673,21.079967087102922
"2025-01-17 07:27:48.0000",2.39,92.08,27.527050018310547,34.35312497580575,25.12062827460916
"2025-01-17 07:57:42.0000",2.19,92.72,28.867366790771484,35.365155390929004,26.0514915035153
"2025-01-17 08:27:37.0000",2.7,92.84,28.192312240600586,35.45539059136915,25.62129498015093
"2025-01-17 08:57:34.0000",3.42,93.39,21.932113647460938,27.602342302330797,20.84078066561729
"2025-01-17 09:27:30.0000",4.9,94.22,14.01907730102539,16.260784651729427,14.13857793364566
"2025-01-17 09:57:28.0000",6.52,92.74,11.884370803833008,13.815474412104784,13.101459941369699
"2025-01-17 10:27:27.0000",7.18,91.86,10.467026710510254,12.152013294167771,12.188648268867526
"2025-01-17 10:57:21.0000",6.6,94.18,10.227108001708984,11.690678977289572,11.187423835488811
"2025-01-17 11:27:17.0000",7.96,94.14,8.020745277404785,9.341351561727242,10.288760863529683
"2025-01-17 11:57:17.0000",9.55,93.07,6.24079704284668,7.3453580912725345,10.154345444318517
"2025-01-17 12:27:14.0000",10.07,92.74,5.254805088043213,6.234392589300774,10.66241681432215
"2025-01-17 12:57:10.0000",10.75,92.38,5.172578811645508,6.410340928932733,10.524375719727049
"2025-01-17 13:27:07.0000",11.23,92.63,4.423899173736572,5.409849266541784,9.923959624336725
"2025-01-17 13:57:04.0000",11.53,92.66,4.279740810394287,4.925469538804468,9.735948050140118
"2025-01-17 14:56:48.0000",9.24,91.18,3.964996099472046,5.075718862702618,9.272555652968968
"2025-01-17 15:26:43.0000",8.8,89.98,3.4129140377044678,4.534210986148902,9.011890201977737
"2025-01-17 15:56:36.0000",8.33,90.17,4.367507457733154,5.101044874540475,9.882782474674274
"2025-01-17 16:26:30.0000",8.02,89.67,5.839892387390137,6.94913059539317,10.113617030786163
"2025-01-17 16:56:24.0000",7.85,89.51,6.420836925506592,7.2261161745601425,12.773581917919268
"2025-01-17 17:26:18.0000",7.8,89.4,4.032993793487549,4.9611630359183945,11.4732567347105
"2025-01-17 17:56:13.0000",7.75,89.28,3.9623775482177734,4.753559642763763,9.67234333157882
"2025-01-17 18:26:07.0000",7.73,89.23,3.8231728076934814,4.731189047247385,9.550991378259342
"2025-01-17 18:56:00.0000",7.51,89.29,4.314178466796875,5.1298332383091365,10.274553236658639
"2025-01-17 19:25:55.0000",7.37,89.16,5.514725208282471,6.335123928988481,10.428974800668525
"2025-01-17 19:55:47.0000",6.31,89.6,6.581849575042725,7.148539644465957,11.856436233722015
"2025-01-17 20:55:36.0000",4.98,90.22,8.396513938903809,9.287884394738965,11.540149718227681
"2025-01-17 21:25:29.0000",4.46,90.66,12.307611465454102,13.430324697257287,15.783618129448
"2025-01-17 21:55:24.0000",4.38,91.05,16.225244522094727,17.996627663292116,15.196006860302308
"2025-01-17 22:25:19.0000",4.08,91.43,21.461132049560547,24.097047982663813,22.683050355952275
"2025-01-17 22:55:14.0000",3.92,92.13,22.391660690307617,25.435185138033177,23.216941524738736
"2025-01-17 23:25:08.0000",3.63,92.58,23.233186721801758,26.457111085231617,23.96453619793892
"2025-01-17 23:55:04.0000",3.43,93.08,22.699024200439453,25.571460500927618,21.43237530525708
"2025-01-18 00:24:58.0000",3.15,93.45,21.341699600219727,23.92399528003925,20.18541358861066
"2025-01-18 00:54:52.0000",3.18,93.78,21.46170425415039,20.827559593680782,16.84380426180413
"2025-01-18 01:24:47.0000",2.96,94.23,17.945545196533203,20.016302210699088,18.22158347211122
"2025-01-18 01:54:41.0000",2.88,94.72,20.27592658996582,22.83306536758805,19.75064292040002
"2025-01-18 02:24:36.0000",3.24,94.81,18.356843948364258,20.584047239242853,18.681893732744836
"2025-01-18 02:54:32.0000",3.25,94.58,17.76938819885254,20.392947924536276,18.46712862165405
"2025-01-18 03:24:27.0000",2.82,95.23,16.77066993713379,18.735148953544176,18.20405224166743
"2025-01-18 03:54:21.0000",2.42,96.11,17.249919891357422,19.583475312628604,18.587541770395767
"2025-01-18 04:24:15.0000",2.27,96.48,14.138582229614258,16.151763933849672,15.238972859575952
"2025-01-18 04:54:09.0000",2.13,96.74,12.259379386901855,13.827409409328272,14.439241536068737
"2025-01-18 05:53:59.0000",3.13,96.3,12.716259956359863,15.229105447237165,16.064852297201146
"2025-01-18 06:23:54.0000",2.56,95.76,13.945991516113281,16.252466220165093,13.755409713283596
"2025-01-18 06:53:48.0000",1.87,96.6,18.206743240356445,21.94295857897748,17.882877554268262
"2025-01-18 07:23:42.0000",1.51,96.56,19.486106872558594,24.039884262139676,19.180631971336805
"2025-01-18 08:23:29.0000",1.2,96.38,20.78413963317871,25.445099995339586,18.549275835251287
"2025-01-18 08:53:23.0000",1.04,96.24,21.333532333374023,26.86476357776909,21.94857414329809
"2025-01-18 09:23:16.0000",1.37,96.89,19.26958465576172,24.180500155850236,19.35347310561069
"2025-01-18 09:53:13.0000",1.89,96.28,19.12819480895996,23.29670194673223,18.71828357497894
"2025-01-18 10:23:08.0000",2.26,96.14,17.29026222229004,21.07516172176497,16.25616629792983
"2025-01-18 10:53:03.0000",2.75,96.24,14.912755966186523,17.58718422660027,14.877804623439987
"2025-01-18 11:22:59.0000",3,96.03,12.21900749206543,14.00200766546441,12.822327443514354
"2025-01-18 11:52:55.0000",3.1,95.72,10.86382007598877,13.06924130185326,12.395224831219243
"2025-01-18 12:22:49.0000",3.18,95.7,10.229597091674805,11.900365367085016,11.670298667311942
"2025-01-18 12:52:44.0000",3.42,95.72,13.825592041015625,14.997738758156654,14.560863942075487
"2025-01-18 13:22:40.0000",3.74,95.3,10.47449779510498,11.913804730010577,11.866331944425632
"2025-01-18 14:22:32.0000",3.7,94.72,11.222722053527832,13.494963764835914,13.899736351303188
"2025-01-18 14:52:25.0000",3.55,94.73,11.547309875488281,14.087245880436203,12.64913410503641
"2025-01-18 15:22:20.0000",3.4,94.49,10.967296600341797,12.640523483684493,11.662635808056034
"2025-01-18 15:52:15.0000",3.21,94.23,10.945572853088379,12.824334124513275,12.3151066503605
"2025-01-18 16:22:09.0000",3.06,94.11,12.259982109069824,14.177072863754104,12.336614758807439
"2025-01-18 17:21:58.0000",2.74,93.85,12.35104751586914,14.157952326655943,12.828946221153233
"2025-01-18 17:51:53.0000",2.64,93.9,15.072522163391113,17.083673845622005,14.84240734709923
"2025-01-18 18:21:47.0000",2.55,93.66,17.30645751953125,19.528605381067383,15.879893804922888
"2025-01-18 18:51:42.0000",2.41,93.61,15.861299514770508,17.960254889701226,15.672802241396655
"2025-01-18 19:21:35.0000",2.21,93.49,15.058035850524902,17.166381099036794,14.597618581977871
"2025-01-18 19:51:29.0000",2.01,93.52,15.259383201599121,17.661314802881627,15.440671980201145
"2025-01-18 20:21:23.0000",1.75,93.41,19.27149200439453,22.7219982807829,17.993064072315214
"2025-01-18 21:21:12.0000",1.31,93.39,38.13609313964844,45.621126836584374,31.171159031498775
"2025-01-18 21:51:05.0000",1.17,93.39,40.199459075927734,49.0664845189345,33.47515700234502
"2025-01-18 22:21:00.0000",1.04,93.38,40.31285858154297,48.65881681293335,34.436774613115006
"2025-01-18 22:50:54.0000",0.87,93.39,44.81594467163086,53.49583178065916,36.37530121034021
"2025-01-18 23:20:48.0000",0.89,93.41,48.73176956176758,60.394621468739665,40.109993740253834
"2025-01-18 23:50:43.0000",0.83,93.41,35.77042770385742,44.57679443865936,31.764162203551038
"2025-01-19 00:20:37.0000",0.77,93.48,42.76082229614258,53.82155080857147,37.42085018976483
"2025-01-19 00:50:32.0000",0.72,93.47,50.711875915527344,64.38084292889224,44.30732310734382
"2025-01-19 01:20:27.0000",0.66,93.57,48.792266845703125,61.16100458292931,41.871113443382086
"2025-01-19 01:50:22.0000",0.55,93.69,48.796878814697266,62.13129837843099,41.18763316595589
"2025-01-19 02:20:16.0000",0.47,93.74,40.08991622924805,50.590571267076065,35.1427077034654
"2025-01-19 02:50:12.0000",0.4,93.77,47.067962646484375,58.5801866186499,41.20712347385913
"2025-01-19 03:20:05.0000",0.29,93.92,50.97993087768555,63.79195777156863,42.55004285400978
"2025-01-19 03:49:58.0000",0.16,93.93,50.644554138183594,64.7091792360229,44.90085220419038
"2025-01-19 04:19:54.0000",0.04,94.04,46.61542510986328,60.64284677249348,42.126641565415376
"2025-01-19 04:49:50.0000",-0.07,94,38.23557662963867,48.18475950411688,33.70806363916964
"2025-01-19 05:19:44.0000",-0.17,93.94,35.41756057739258,46.195577662537815,33.56463015433568
"2025-01-19 05:49:39.0000",-0.24,93.92,27.675073623657227,35.980298962622726,26.72784664701906
"2025-01-19 06:19:33.0000",-0.28,94.02,24.875835418701172,32.00206311828147,23.8981761529565
"2025-01-19 06:49:28.0000",-0.33,93.93,25.468975067138672,33.36896332778341,24.864097501377895
"2025-01-19 07:19:22.0000",-0.35,93.81,23.94485092163086,31.132992202721436,24.061696949630402
"2025-01-19 07:49:16.0000",-0.53,94.16,27.66384506225586,36.442507721748996,28.52709604567849
"2025-01-19 08:19:10.0000",-0.56,94.63,33.97682189941406,43.59500586110485,33.41173026458574
"2025-01-19 08:49:06.0000",-0.41,94.8,31.68413543701172,41.361975701637604,31.229338241478743
"2025-01-19 09:19:01.0000",-0.12,94.92,32.76009750366211,43.10421586204515,31.701363257057352
"2025-01-19 09:48:57.0000",0.16,94.94,31.973094940185547,42.12620032354276,30.71356827531075
"2025-01-19 10:18:51.0000",0.55,95.08,25.59815216064453,33.149481494104755,25.164237036152695
"2025-01-19 10:48:48.0000",0.94,95.01,21.073787689208984,27.78901782277637,20.29968686614071
"2025-01-19 11:18:44.0000",1.65,95.3,17.02008819580078,21.916182225197225,17.978464996453756
"2025-01-19 11:48:39.0000",2.68,94.89,15.771702766418457,20.800110231952697,16.94798135229412
"2025-01-19 12:18:35.0000",3.09,94.83,15.470293998718262,19.800768239534673,15.968989364539087
"2025-01-19 12:48:30.0000",3.38,95.47,14.940585136413574,19.515878244834084,16.390721203579197
"2025-01-19 13:18:26.0000",3.58,95.32,14.510093688964844,18.30655107264682,15.182448913882396
"2025-01-19 13:48:21.0000",3.67,94.89,16.145923614501953,20.96149316350908,19.919683281791947
"2025-01-19 14:18:14.0000",3.55,94.8,14.536188125610352,18.519415023930556,15.933312223111114
"2025-01-19 14:48:09.0000",3.48,94.9,13.576617240905762,17.7355728142271,17.34251887343512
"2025-01-19 15:18:04.0000",3.24,94.89,12.121550559997559,15.16052892248218,13.33559468040777
"2025-01-19 15:47:59.0000",2.98,94.99,13.619047164916992,16.675019331309564,15.964161531640826
"2025-01-19 16:17:54.0000",2.75,94.91,12.640630722045898,15.91794273282416,16.33890779088042
"2025-01-19 16:47:48.0000",2.7,94.98,13.429680824279785,16.543288119997534,14.96899616085491
"2025-01-19 17:17:43.0000",2.62,94.79,12.964581489562988,16.17889698910586,15.51847294048385
"2025-01-19 17:47:37.0000",2.59,94.77,13.476991653442383,16.540218595052192,15.56461868774254
"2025-01-19 18:17:31.0000",2.6,94.76,12.83605670928955,15.959328916347083,14.301685889327903
"2025-01-19 18:47:27.0000",2.59,94.72,11.067811965942383,13.7720818983727,13.216960071612824
"2025-01-19 19:17:23.0000",2.65,94.58,10.982695579528809,13.382774156486091,12.787951670538929
"2025-01-19 19:47:17.0000",2.68,94.62,10.237419128417969,12.845796782797466,12.202968529731729
"2025-01-19 20:17:11.0000",2.76,94.4,9.887066841125488,11.761851325374048,12.856300825909313
"2025-01-19 20:47:06.0000",2.74,94.43,13.21063232421875,14.988043174443538,14.328543373149968
"2025-01-19 21:17:00.0000",2.81,94.36,9.638020515441895,11.779021164930956,12.497980886446413
"2025-01-19 21:46:56.0000",2.84,94.23,8.143310546875,10.16584982561384,11.254963228744405
"2025-01-19 22:16:51.0000",2.89,94.18,7.567264556884766,9.087859088791785,10.211203141599979
"2025-01-19 22:46:46.0000",2.75,93.93,7.010901927947998,8.653169084923617,10.797946660193585
"2025-01-19 23:16:41.0000",2.77,93.84,7.428754806518555,9.399073899572208,10.450014264032436
"2025-01-19 23:46:36.0000",2.82,93.63,8.338576316833496,10.476332524234714,10.987205842467388
"2025-01-20 00:16:31.0000",2.85,93.4,9.133224487304688,11.460589224022987,11.871898761237716
"2025-01-20 00:46:25.0000",2.64,93.28,10.22614574432373,12.617260499931872,12.709590860661399
"2025-01-20 01:16:21.0000",2.72,93.21,12.850081443786621,15.784358099644335,14.285059117387469
"2025-01-20 01:46:16.0000",2.63,93.03,14.777681350708008,18.72342486276782,16.21980978104401
"2025-01-20 02:16:11.0000",2.63,92.97,14.259445190429688,17.631476370268164,15.778661144382788
"2025-01-20 02:46:06.0000",2.46,92.97,16.327505111694336,20.274163961389718,17.314169108884116
"2025-01-20 03:16:00.0000",2.5,93.1,16.378963470458984,20.49339924931333,18.835650116150525
"2025-01-20 03:45:56.0000",2.82,92.81,13.301774024963379,16.398118844802934,15.188538849324566
"2025-01-20 04:15:50.0000",2.89,92.37,14.583222389221191,18.361643975827313,16.42136409266774
"2025-01-20 04:45:45.0000",2.87,92.22,15.999603271484375,19.631638321425996,17.60977394716628
"2025-01-20 05:15:40.0000",2.37,91.96,18.152555465698242,22.504781699117935,19.069793290185483
"2025-01-20 05:45:36.0000",2.47,92.43,15.162238121032715,18.708687970955367,17.427032495292345
"2025-01-20 06:15:30.0000",2.64,92.39,13.938730239868164,17.064174236409684,16.51468157182303
"2025-01-20 06:45:24.0000",2.77,92.21,15.320703506469727,19.375195176754755,17.106038218935208
"2025-01-20 07:15:19.0000",2.36,92.08,17.69489288330078,21.994309071769585,19.11308548965161
"2025-01-20 07:45:13.0000",2.37,92.45,20.149858474731445,25.013214706342655,20.919795309663687
"2025-01-20 08:15:07.0000",2.43,92.55,18.852935791015625,23.883574727016395,19.658478809935318
"2025-01-20 08:45:03.0000",2.54,92.65,19.804670333862305,25.27901541558377,18.041833417395267
"2025-01-20 09:14:59.0000",2.68,92.91,19.284448623657227,24.10873922374025,20.347379271444407
"2025-01-20 09:44:53.0000",2.75,93.39,19.775644302368164,24.470726118365096,20.821073560438872
"2025-01-20 10:14:49.0000",3.13,93.64,19.829559326171875,24.620513257225525,22.456797070565894
"2025-01-20 10:44:44.0000",3.52,93.74,17.611572265625,21.52915081590601,18.966720373003426
"2025-01-20 11:14:39.0000",3.83,93.92,19.273550033569336,23.615993213536818,21.050360064078088
"2025-01-20 11:44:34.0000",4.06,93.95,18.929166793823242,23.350095347366203,22.050890089120635
"2025-01-20 12:44:24.0000",3.87,94.32,17.35883903503418,21.12645650924244,18.90633167510741
"2025-01-20 13:14:18.0000",3.89,94.8,19.50722885131836,23.86324543341764,21.23538821988256
"2025-01-20 13:44:14.0000",4.14,95,22.308700561523438,26.912719252269763,23.15977698984487
"2025-01-20 14:14:08.0000",4.08,95.05,24.134618759155273,28.96588718191808,25.039048939435332
"2025-01-20 15:13:58.0000",4.19,95.64,26.768125534057617,32.77875378782889,29.50957304055234
"2025-01-20 15:43:52.0000",4.26,95.95,28.99480438232422,35.29195828805733,28.143201430663066
"2025-01-20 16:13:47.0000",4.27,96.15,35.7064323425293,42.304519053126704,37.13341236459593
"2025-01-20 16:43:42.0000",4.31,96.42,38.25130844116211,44.94088593119543,41.302626384575014
"2025-01-20 17:13:37.0000",4.38,96.56,38.66619873046875,46.00326231624278,40.60430283720921
"2025-01-20 17:43:31.0000",4.42,96.75,35.54791259765625,41.67110158256175,34.779838556979115
"2025-01-20 18:13:25.0000",4.58,97.04,27.57428741455078,32.97046407571719,29.08885622407089
"2025-01-20 18:43:20.0000",4.7,97.32,32.393924713134766,38.35149914220859,35.11707930011811
"2025-01-20 19:13:16.0000",4.88,97.52,30.24874496459961,35.354871645693414,36.226475950920445
"2025-01-20 19:43:09.0000",5.06,97.81,24.666461944580078,29.428658093310972,27.895860977728614
"2025-01-20 20:13:04.0000",5.18,98.08,19.66343116760254,23.201350949623272,22.11734005826466
"2025-01-20 20:42:59.0000",5.14,98.19,27.359619140625,32.19796547027044,29.541088229116458
"2025-01-20 21:12:55.0000",5.15,98.55,19.167776107788086,22.70527932386343,21.699268712074723
"2025-01-20 22:12:45.0000",5.27,98.82,14.788776397705078,17.316954974765036,16.803943434272917
"2025-01-20 22:42:39.0000",5.17,99.25,13.173711776733398,15.739602109394891,16.243085747712694
"2025-01-20 23:12:34.0000",5.22,99.27,11.313826560974121,12.825549277179217,12.017258816837359
"2025-01-20 23:42:29.0000",5.2,99.4,11.686976432800293,13.327602941226617,13.53845369438038
"2025-01-21 00:12:24.0000",5.18,99.57,11.215618133544922,12.952423181555686,12.165011486726165
"2025-01-21 00:42:19.0000",5.11,99.62,11.789602279663086,13.873750280635463,13.991834104782965
"2025-01-21 01:12:13.0000",5.03,99.78,12.374473571777344,14.913470024276378,15.050775781793709
"2025-01-21 01:42:08.0000",5.03,99.95,10.767317771911621,12.67253315692475,13.580426450263522
"2025-01-21 02:12:01.0000",4.89,99.91,16.250362396240234,19.510190677214183,17.118527787105453
"2025-01-21 02:41:56.0000",4.86,100.12,11.869851112365723,13.51402131927943,13.25374289973517
"2025-01-21 03:11:50.0000",4.75,100.22,13.171525001525879,15.70522360729951,13.930592788530877
"2025-01-21 03:41:45.0000",4.62,100.43,11.534330368041992,13.397183939730963,13.000983418906102
"2025-01-21 04:11:40.0000",4.59,100.49,9.133344650268555,10.537290955994575,10.451188808080294
"2025-01-21 04:41:36.0000",4.5,100.54,8.225207328796387,9.432690705875075,10.314191561999655
"2025-01-21 05:11:31.0000",4.47,100.77,7.621375560760498,9.21437148248251,10.322798364761004
"2025-01-21 05:41:25.0000",4.49,100.9,7.50414514541626,8.440062550863024,9.773829992190404
"2025-01-21 06:11:21.0000",4.56,100.97,7.117693901062012,8.27705407335358,9.793917758893464
"2025-01-21 06:41:15.0000",4.59,101.12,7.716085910797119,9.045293416572713,10.451821235390796
"2025-01-21 07:11:08.0000",4.67,101.31,8.135987281799316,9.313709977950747,10.89942996194338
"2025-01-21 07:41:04.0000",4.71,101.37,9.155511856079102,10.463420145366388,10.701054089483758
"2025-01-21 08:10:58.0000",4.74,101.35,9.784899711608887,11.475250461094609,10.982748191988788
"2025-01-21 08:40:53.0000",4.83,101.72,8.150970458984375,9.4869329864889,7.238539209470128
"2025-01-21 09:10:48.0000",5.06,101.64,9.386363983154297,11.091368963027824,11.8552509755853
"2025-01-21 09:40:43.0000",5.34,101.75,7.50878381729126,8.868276003770232,10.07167432162645
"2025-01-21 10:10:39.0000",5.55,101.7,8.256010055541992,9.984532044050386,10.7548114325834
"2025-01-21 10:40:33.0000",5.55,101.41,8.781567573547363,10.903519193059681,7.9664476127410895
"2025-01-21 11:10:29.0000",5.43,102.14,10.408515930175781,12.663138323172412,13.29552426260128
"2025-01-21 11:40:24.0000",5.57,102.26,9.701895713806152,11.71748419423453,10.998802183985962
"2025-01-21 12:10:19.0000",5.67,102.03,11.100018501281738,13.57677478955464,12.000709973647748
"2025-01-21 12:40:13.0000",5.64,102.28,11.244577407836914,13.683675792454558,13.283372492358279
"2025-01-21 13:10:09.0000",5.78,102.54,9.177470207214355,11.12397122740079,10.953346280677916
"2025-01-21 13:40:03.0000",5.97,102.32,8.422736167907715,10.626723664010187,11.341384848386486
"2025-01-21 14:09:57.0000",5.68,102.32,10.120389938354492,12.271923814849037,12.834411419099643
"2025-01-21 14:39:53.0000",5.59,102.77,12.018708229064941,14.838332023214841,13.872766653679575
"2025-01-21 15:09:47.0000",5.42,102.98,11.320898056030273,13.59380146325133,14.252522219626519
"2025-01-21 15:39:41.0000",5.3,103.04,12.499425888061523,15.195065283831092,13.552262723744528
"2025-01-21 16:09:36.0000",5.26,103.15,12.421114921569824,14.967364909558734,13.268786507013509
"2025-01-21 16:39:30.0000",5.22,103.22,10.375781059265137,12.43748825620715,12.251721151972667
"2025-01-21 17:09:25.0000",5.29,103.33,14.684906959533691,17.480891447649615,16.676403491021325
"2025-01-21 17:39:22.0000",5.31,103.36,18.877071380615234,22.82088242635179,17.726937269387534
"2025-01-21 18:09:17.0000",5.31,103.44,17.206634521484375,20.907178509154598,16.954461496569174
"2025-01-21 18:39:12.0000",5.33,103.59,21.05149269104004,25.984335687621943,21.091637146731916
"2025-01-21 19:09:07.0000",5.23,103.57,22.10282325744629,27.37553955358121,21.41438658783743
"2025-01-21 19:39:02.0000",5.15,103.6,20.46674346923828,24.779683951411666,19.307692150480058
"2025-01-21 20:08:56.0000",5.17,103.8,25.29717445373535,30.88907050559797,23.029490538050958
"2025-01-21 20:38:52.0000",5.11,103.78,31.87949562072754,39.54866046932102,28.770474534783098
"2025-01-21 21:08:47.0000",4.94,103.81,30.284631729125977,37.76677768546809,27.686761704365665
"2025-01-21 21:38:41.0000",4.78,103.93,30.053504943847656,38.27464105852939,27.13679105192207
"2025-01-21 23:08:25.0000",4.39,104.41,35.187744140625,44.423004291046865,32.35574996821263
"2025-01-21 23:38:21.0000",4.38,104.29,40.291934967041016,50.62342357396961,36.52916463459329
"2025-01-22 00:08:16.0000",3.79,103.94,45.872257232666016,58.733287243497045,42.577261772775074
"2025-01-22 00:38:09.0000",3.08,104.14,54.27911376953125,69.40018020621802,51.99380766804664
"2025-01-22 01:08:03.0000",2.67,104.59,63.16408920288086,81.45999884298223,61.342572306958466
"2025-01-22 01:37:57.0000",2.67,104.83,73.07669067382812,91.93733615193037,75.3122939567522
"2025-01-22 02:07:51.0000",2.48,104.27,82.64855194091797,102.59562450621151,89.29320059682428
"2025-01-22 02:37:46.0000",2.38,104.63,100.67888641357422,124.74904014891482,112.48146322329906
"2025-01-22 03:07:41.0000",2.49,104.58,105.77565002441406,133.3355858753182,109.55739964960799
"2025-01-22 03:37:35.0000",2.61,104.99,93.84912872314453,117.06074026675131,104.18856509771508
"2025-01-22 04:07:31.0000",2.96,104.46,92.46851348876953,116.4395435791279,97.66400984229624
"2025-01-22 04:37:25.0000",2.89,104.49,97.085205078125,121.51375821868993,109.05283389175236
"2025-01-22 05:07:20.0000",2.8,104.22,88.3755874633789,111.56177279503522,91.45076800489439
"2025-01-22 05:37:14.0000",2.27,104.23,150.02061462402344,149.71933428615773,313.52427071546913
"2025-01-22 06:07:08.0000",1.59,104.37,169.31370544433594,156.97073407445248,518.9165427224236
"2025-01-22 06:37:00.0000",1.43,105.57,165.77073669433594,150.90586710194623,368.99916425686325
"2025-01-22 07:06:57.0000",2.15,105.19,150.08169555664062,160.25833330704657,220.58424430828578
"2025-01-22 07:36:51.0000",1.8,104.25,138.24180603027344,154.50880371567982,178.0816815136803
"2025-01-22 08:06:43.0000",1.28,104.28,144.58985900878906,152.4702725305035,250.25038634139742
"2025-01-22 08:36:37.0000",1.19,104.7,171.4620819091797,151.9860617086785,578.0208286887438
"2025-01-22 09:06:32.0000",1.6,105.06,124.08035278320312,135.51234100461693,-28.455289122279964
"2025-01-22 09:36:28.0000",2.13,104.87,121.71636962890625,132.4044933679737,179.21092753321267
"2025-01-22 10:06:23.0000",2.59,105.07,132.64434814453125,137.01824553555855,220.4926650994525
"2025-01-22 11:06:16.0000",4.25,104.6,78.11368560791016,97.62873863421078,93.40183529921057
"2025-01-22 11:36:11.0000",4.21,105.33,121.24424743652344,117.70017904495033,168.54400889815724
"2025-01-22 12:06:05.0000",4.21,105.32,102.2181167602539,119.89011632967235,93.53359799192128
"2025-01-22 12:36:02.0000",4.72,106.45,77.5655288696289,98.66973632884356,81.18310420208076
"2025-01-22 13:05:56.0000",4.95,106.09,58.15990447998047,72.13174095853915,52.892947888004315
"2025-01-22 13:35:52.0000",5.71,106.37,44.989166259765625,57.31877116994145,43.97022186859987
"2025-01-22 14:05:48.0000",6.55,106.75,25.522125244140625,32.60393022930768,24.804020404168227
"2025-01-22 14:35:44.0000",6.37,104.89,22.173120498657227,27.98040518018565,22.0581749261963
"2025-01-22 15:05:38.0000",5.84,105.99,37.341217041015625,47.92589970490923,38.30713194482854
"2025-01-22 15:35:34.0000",5.6,105.1,17.738136291503906,22.579824390771677,19.027440719253956
"2025-01-22 16:05:27.0000",5.06,106.51,10.856454849243164,13.970970966575804,12.798750252771683
"2025-01-22 16:35:20.0000",4.8,106.21,12.596600532531738,16.063454517598476,14.007851230494955
"2025-01-22 17:05:15.0000",4.54,106.33,17.042804718017578,21.754450206341517,19.64109927432261
"2025-01-22 17:35:09.0000",4.33,106.39,17.163555145263672,21.715125567729963,18.923783280390712
"2025-01-22 18:05:04.0000",3.94,105.93,18.572145462036133,23.51367238704803,20.67634516639656
"2025-01-22 18:34:58.0000",3.89,107.02,28.66014289855957,36.11189636451016,32.67075148381589
"2025-01-22 19:04:52.0000",3.5,106.38,24.727157592773438,31.683048825038917,26.18386748349712
"2025-01-22 19:34:47.0000",3.31,107.65,7.503812313079834,9.491108497972222,10.233177473764053
"2025-01-22 20:04:42.0000",3.69,107.27,4.180384159088135,5.312522617669128,7.43271724814793
"2025-01-22 20:34:36.0000",3.66,106.42,0.9784207344055176,1.396630523808238,4.985409980663529
"2025-01-22 21:04:30.0000",3.44,106.49,2.0596649646759033,2.7923269248900726,6.5103723182674855
"2025-01-22 21:34:23.0000",3.17,106.54,2.237488031387329,2.8010759085205765,5.788301970454627
"2025-01-22 22:04:17.0000",2.94,107.37,3.5259997844696045,4.1635996102497135,6.430605095477538
"2025-01-22 22:34:13.0000",3.27,107.56,6.478242874145508,7.745868864221674,5.923197348984121
"2025-01-22 23:04:08.0000",3.43,106.97,5.8332109451293945,7.416859486732809,7.587519939462035
"2025-01-22 23:34:04.0000",3.45,107.02,6.159857749938965,7.49863577873248,7.073841688214358
"2025-01-23 00:03:59.0000",3.55,106.88,5.675822734832764,6.90010430252177,7.2199907830891314
"2025-01-23 01:03:49.0000",3.51,106.75,3.9540889263153076,4.744205507073463,6.307448634343053
"2025-01-23 01:33:42.0000",3.24,107.03,3.0349957942962646,3.681790998200433,6.248766352258902
"2025-01-23 02:03:38.0000",3.51,106.98,3.0505619049072266,3.8283918933497185,5.873980263520692
"2025-01-23 02:33:33.0000",3.49,106.96,3.0460455417633057,3.886587986764625,5.714862004238156
"2025-01-23 03:03:27.0000",3.18,106.48,3.1177191734313965,3.7104856990767563,5.765594487936907
"2025-01-23 03:33:22.0000",3.37,107.65,2.844292402267456,3.52319593486999,5.587919636851863
"2025-01-23 04:03:16.0000",3.52,107,2.561737298965454,3.2169120585629614,5.440587214316054
"2025-01-23 04:33:12.0000",3.72,107.62,1.9109448194503784,2.3361567435154806,5.213407433724939
"2025-01-23 05:03:07.0000",3.62,106.87,2.410388469696045,2.98167632160973,6.258207436726517
"2025-01-23 05:33:01.0000",3.23,106.47,2.262143850326538,2.726226751486175,5.317689250947048
"2025-01-23 06:02:56.0000",2.74,107.84,1.7402305603027344,2.216205130169085,5.202345482744421
"2025-01-23 06:32:51.0000",2.49,107.35,1.779054880142212,2.2009332604003005,5.119704731192854
"2025-01-23 07:02:47.0000",2.47,107.78,1.9603776931762695,2.5399723199745536,5.190756586416409
"2025-01-23 07:32:42.0000",2.53,107.94,1.7243062257766724,2.270908965760883,5.059979364967593
"2025-01-23 08:02:37.0000",2.87,108.21,2.0169990062713623,2.4127373554590927,5.064704053737312
"2025-01-23 08:32:32.0000",3.02,107.75,2.7757983207702637,3.280350165807848,5.888267443001545
"2025-01-23 09:02:28.0000",3.18,107.93,3.516900062561035,4.281328216408971,6.489203153977125
"2025-01-23 09:32:23.0000",3.45,108.29,3.149416923522949,3.924963410968904,6.176584744863686
"2025-01-23 10:02:18.0000",3.72,108.46,2.470731735229492,3.0223172811464067,5.470929101250426
"2025-01-23 11:02:07.0000",3.91,109.14,7.8312201499938965,9.191559708005984,9.048231063618168
"2025-01-23 11:32:03.0000",4.08,108.68,10.710615158081055,12.664585785132346,11.40295370218353
"2025-01-23 12:01:58.0000",4.09,109.16,4.209786891937256,4.886023630293631,6.90170330888919
"2025-01-23 12:31:52.0000",4.33,110.18,0.7238508462905884,1.117289547317315,5.091437648159355
"2025-01-23 13:31:44.0000",5.15,108.74,1.4968067407608032,1.9573010219765277,4.81943981965182
"2025-01-23 14:01:42.0000",6.84,107.55,0.6753652691841125,1.5480825573052395,5.692841068260095
"2025-01-23 14:31:37.0000",6.36,105.55,0.9849937558174133,1.6818615711429596,6.533529542390239
"2025-01-23 16:01:21.0000",5.89,105.46,3.1229255199432373,3.8348118243392357,13.59027019139425
"2025-01-23 16:31:16.0000",5.57,106.14,3.506361484527588,4.00606406854371,11.183480766993462
"2025-01-23 17:01:11.0000",5.54,106.46,3.470027208328247,3.7779672985920483,12.067249417697596
"2025-01-23 17:31:07.0000",5.68,105.94,2.821113109588623,3.8460348980075008,11.261815037881645
"2025-01-23 18:01:00.0000",5.19,104.24,2.8318674564361572,3.677639436603834,10.766811617634598
"2025-01-23 18:30:54.0000",4.69,104.05,3.3430471420288086,4.22501850389136,11.175192764812191
"2025-01-23 19:00:48.0000",4.59,104.39,2.390415906906128,3.187810292977134,10.3583740846421
"2025-01-23 19:30:42.0000",4.17,103.82,2.3163394927978516,3.397616867601786,9.17769877983133
"2025-01-23 20:00:35.0000",3.65,104.88,2.9665372371673584,4.052792306389707,10.501197667904831
"2025-01-23 20:30:30.0000",3.65,104.93,3.2945263385772705,4.16533412454567,9.700910722438019
"2025-01-23 21:00:24.0000",3.89,104.98,2.543619155883789,3.6544101670149938,8.6918292161422
"2025-01-23 21:30:20.0000",4.24,104.69,2.3424599170684814,3.1463659393983816,9.593712156062702
"2025-01-23 22:00:17.0000",4.8,104.23,2.4438796043395996,3.5306210140044527,9.3954561227292
"2025-01-23 22:30:12.0000",4.69,103.7,2.4182512760162354,3.345511838984346,8.307771790936014
"2025-01-23 23:30:02.0000",4.58,103.06,2.96536922454834,3.9509890295253287,10.185965814118092
"2025-01-23 23:59:56.0000",4.58,102.66,3.069105863571167,4.231674672003763,9.443769109577687
"2025-01-24 00:29:50.0000",4.24,101.19,3.8811254501342773,4.931957532347173,11.163798701445723
"2025-01-24 00:59:44.0000",3.72,102.68,4.091209411621094,4.869329355396605,13.72699147122031
"2025-01-24 01:29:37.0000",3.81,104.1,5.29292106628418,5.98697670995128,15.214219055689956
"2025-01-24 01:59:33.0000",4.05,105.79,5.645135879516602,6.286695425589764,16.37610348871981
"2025-01-24 02:29:29.0000",4.48,108.23,5.447686672210693,6.179936333201228,15.637855914200191
"2025-01-24 02:59:24.0000",5.09,111.78,5.054131031036377,5.692131733134908,15.175888629709455
"2025-01-24 03:29:21.0000",5.89,113.48,3.388582944869995,3.7540597391562502,12.325361884104574
"2025-01-24 03:59:17.0000",6.91,114.32,1.422660231590271,1.6655483273423917,6.330482037161026
"2025-01-24 04:29:14.0000",7.74,114.12,1.2357861995697021,1.4850558069675406,5.224787641785655
"2025-01-24 04:59:10.0000",8.31,114.02,0.6069293022155762,0.9082650733493021,4.675691412006338
"2025-01-24 05:29:05.0000",8.61,111.47,6.034504413604736,7.049973477110318,17.872320764089814
"2025-01-24 05:59:01.0000",8.53,97.05,7.436709880828857,9.120631820308725,21.898549869217103
"2025-01-24 06:28:54.0000",8.47,78.42,4.877651691436768,6.867998704526618,18.440021926349313
"2025-01-24 06:58:49.0000",8.06,76.46,6.206273555755615,8.073829161250242,19.576752620553343
"2025-01-24 07:28:42.0000",8.05,72.09,7.139530181884766,9.11633101803786,21.934396785555723
"2025-01-24 07:58:36.0000",7.64,70.04,8.10843563079834,9.89551675856431,24.604318220122945
"2025-01-24 08:28:31.0000",7.38,68.69,7.228553295135498,8.921291899426038,20.551948692922565
"2025-01-24 08:58:26.0000",7.7,64.01,8.236248016357422,10.250384941457655,22.43565065052858
"2025-01-24 09:28:20.0000",7.9,60.66,6.958578109741211,9.195740470642098,21.495437527404825
"2025-01-24 09:58:16.0000",8.56,56.12,7.044680595397949,9.097609383597842,22.6490029884603
"2025-01-24 10:28:11.0000",9.36,53.1,3.5891239643096924,6.16543558326607,16.169122692738124
"2025-01-24 10:58:07.0000",9.83,53.51,5.758636474609375,8.16983207762772,18.415898265588353
"2025-01-24 11:28:04.0000",11.37,47.64,4.368480205535889,6.872379171750176,17.455144173971146
"2025-01-24 11:57:58.0000",11.04,44.89,2.7151694297790527,5.672202981023259,15.032131571109971
"2025-01-24 12:27:53.0000",11.06,43.68,2.6653716564178467,5.722210154989754,15.007516067749425
"2025-01-24 12:57:48.0000",10.87,46.28,4.231125354766846,6.899748751317679,18.056207670305543
"2025-01-24 13:27:43.0000",11.16,44.08,3.9282870292663574,6.845359994751592,18.536156883897675
"2025-01-24 13:57:38.0000",10.58,44.09,3.565096855163574,6.444089718937509,17.103597473724182
"2025-01-24 14:27:32.0000",10.04,44.32,2.784451961517334,5.702066246243391,15.415784430171446
"2025-01-24 14:57:25.0000",9.15,48.01,2.8651819229125977,5.774197162942821,15.62925123166443
"2025-01-24 15:27:21.0000",9.26,47.63,3.1947860717773438,6.051682947866869,14.326349797202973
"2025-01-24 15:57:12.0000",7.34,49.6,3.1873085498809814,5.881642860632549,15.234767412496257
"2025-01-24 16:27:05.0000",6.59,52.59,3.737074851989746,6.103155847564664,16.606088740510575
"2025-01-24 16:56:59.0000",6.13,55.49,4.661593914031982,6.949504466329536,17.569836847779314
"2025-01-24 17:26:53.0000",5.85,58.05,4.276340484619141,6.572088048281822,19.197622164384427
"2025-01-24 17:56:47.0000",5.71,60.97,3.962677478790283,6.012727404784714,15.939062666569551
"2025-01-24 18:26:41.0000",5.54,63.26,5.082180500030518,6.937438948471844,18.305757660441152
"2025-01-24 19:26:32.0000",5.58,66.63,2.701931953430176,4.618090286514153,12.811746823404572
"2025-01-24 19:56:26.0000",5.37,67.91,2.7211830615997314,4.154964088972153,11.150996399415673
"2025-01-24 20:26:22.0000",5.4,70.02,2.7902371883392334,4.0892571249054726,12.161252889817483
"2025-01-24 21:26:09.0000",4.48,74.4,2.7467200756073,4.0339865144373634,11.332905858662144
"2025-01-24 21:56:05.0000",4.72,75.27,1.947873830795288,3.0698619492503694,9.699408255263805
"2025-01-24 22:26:00.0000",4.45,75.46,2.1058907508850098,3.178507028475449,9.788274782330292
"2025-01-24 22:55:53.0000",4.03,76.52,1.4731338024139404,2.7609223846189943,10.31772796222718
"2025-01-24 23:25:49.0000",3.64,76.64,1.4511040449142456,3.0606274168696577,10.63868357211719
"2025-01-24 23:55:42.0000",3.26,76.1,1.62222158908844,3.1977907525212617,9.534726390842836
"2025-01-25 00:25:36.0000",2.91,76.02,2.08545184135437,3.7188670485574136,11.109436426329802
"2025-01-25 00:55:30.0000",2.83,76.23,1.9125572443008423,3.294473360202219,11.24111018938877
"2025-01-25 01:25:25.0000",2.54,77,2.098351240158081,3.6041722214727208,10.656313388510055
"2025-01-25 01:55:19.0000",2.19,77.82,1.7936676740646362,3.1021196311325383,10.985761054396914
"2025-01-25 02:25:13.0000",2.19,78.04,1.550128698348999,3.098818972546098,10.097041775457123
"2025-01-25 02:55:09.0000",1.95,78.03,1.6235272884368896,2.8918117980037055,9.827315291044401
"2025-01-25 03:25:02.0000",1.35,78.1,1.5541388988494873,2.9090053610919178,9.485587047070446
"2025-01-25 03:54:57.0000",1.66,78.14,1.5590565204620361,3.045244284637134,10.364199334782072
"2025-01-25 04:24:51.0000",1.66,78.15,1.329707384109497,2.646995799890959,7.8166344690805
"2025-01-25 04:54:46.0000",1.25,78.67,1.7374917268753052,3.0195496221505698,10.388124068086462
"2025-01-25 05:54:34.0000",1.58,79.29,1.3711605072021484,2.6836745938561473,7.29850172093038
"2025-01-25 06:24:29.0000",1.37,79.51,1.3718056678771973,2.7337732050810555,9.924551132519644
"2025-01-25 06:54:23.0000",1.2,79.72,1.369692087173462,2.6553631464377947,8.640234456715241
"2025-01-25 07:24:16.0000",0.77,80.15,1.4711272716522217,2.907742856954695,9.051004953535614
"2025-01-25 08:24:06.0000",1.2,80.7,1.3858667612075806,2.637642547749632,8.707493480970044
"2025-01-25 08:54:02.0000",1.92,81.25,1.352480411529541,2.5568776286930253,8.486666266618252
"2025-01-25 09:24:00.0000",4.28,77.09,1.7426308393478394,2.8932901666503965,9.796550093373584
"2025-01-25 09:53:59.0000",6.19,74.97,1.6664905548095703,3.0819132097082393,10.253089937410904
"2025-01-25 10:53:55.0000",9.26,71.7,1.9035704135894775,3.7075273681502496,11.476514289318603
"2025-01-25 11:23:50.0000",10.17,67.9,1.5875755548477173,3.7211938753068017,11.84406094408568
"2025-01-25 11:53:48.0000",11.25,67.34,1.7478560209274292,4.037568883818096,12.685241161894096
"2025-01-25 12:23:45.0000",12.54,65.06,1.2501224279403687,3.8868295184389976,12.509605121872452
"2025-01-25 12:53:40.0000",12.09,61.18,1.1999924182891846,3.9247806182131715,12.811718331044482
"2025-01-25 13:53:29.0000",12.61,58.68,1.2665809392929077,3.9121831295842235,12.500489340588546
"2025-01-25 14:23:25.0000",11.68,56.93,1.1937718391418457,4.052243772269949,12.242485229773187
"2025-01-25 14:53:13.0000",9.29,58.75,1.2992671728134155,3.9447498615651564,12.031505718925493
"2025-01-25 15:23:09.0000",9.51,57.64,1.0397895574569702,3.8213167022647294,11.658121571320573
"2025-01-25 15:52:59.0000",7.41,57.5,1.299039602279663,3.9896392662480773,11.373640017828935
"2025-01-25 16:22:49.0000",5.24,58.57,1.187443733215332,3.7468658990149324,12.118938529736155
"2025-01-25 16:52:41.0000",3.77,59.64,2.1139588356018066,4.370353166781986,11.680030845161225
"2025-01-25 17:22:34.0000",3.29,60.89,2.191178321838379,4.1060425926918755,11.568747788569569
"2025-01-25 17:52:30.0000",3.3,61.49,1.753736138343811,3.9817986019695093,12.687287195345409
"2025-01-25 18:22:25.0000",3.24,62.32,2.166419267654419,4.328835243639283,11.621664745368964
"2025-01-25 18:52:19.0000",3.28,63.22,1.7490726709365845,3.878124726822288,12.104463048673548
"2025-01-25 19:22:14.0000",3.71,64.43,3.0175180435180664,4.891735526633316,16.11665458300107
"2025-01-25 19:52:09.0000",3.49,66.02,2.758164882659912,4.634996129492805,14.148888797702185
"2025-01-25 20:22:03.0000",3.24,69.93,3.0108165740966797,4.653196356019193,10.270461263374767
"2025-01-25 20:51:57.0000",3.12,71.49,2.1507909297943115,3.7744041206783985,13.643034266205708
"2025-01-25 21:21:52.0000",3.19,73.65,2.0659148693084717,3.569478163893617,10.745104070181844
"2025-01-25 21:51:46.0000",2.91,75.36,2.258256196975708,3.7789576970380137,10.677112632319492
"2025-01-25 22:21:41.0000",2.8,76.71,2.4391870498657227,3.916877240455682,10.229455305295838
"2025-01-25 22:51:36.0000",2.95,77.2,2.0252034664154053,3.5209653256414284,10.306894171642092
"2025-01-25 23:21:31.0000",2.73,77.5,2.2296853065490723,3.5422767923263057,10.427512437211021
"2025-01-25 23:51:24.0000",2.52,78.81,2.590024709701538,4.083301285748704,11.414374069828131
"2025-01-26 00:21:19.0000",2.47,80.96,2.720926284790039,3.971469613113975,11.330475162304658
"2025-01-26 00:51:14.0000",2.6,80.41,1.9545296430587769,3.373963034471338,10.317855352056613
"2025-01-26 01:21:09.0000",2.1,80.26,1.0302265882492065,2.431722916790849,7.74269346394341
"2025-01-26 01:51:04.0000",1.91,81.72,1.6906989812850952,3.147550090258689,9.565151552921076
"2025-01-26 02:20:59.0000",2.45,81.49,1.6740314960479736,2.9712055142476,8.923218516366646
"2025-01-26 02:50:54.0000",2.16,82.1,2.1448230743408203,3.508456411505508,10.773662012909405
"2025-01-26 03:20:47.0000",2.04,83.57,2.870542049407959,4.04845775180714,12.488565890450879
"2025-01-26 03:50:41.0000",1.82,84.23,2.0384137630462646,3.091923871655602,9.865832709029505
"2025-01-26 04:20:32.0000",1.14,85.28,2.181685447692871,3.33912324581039,11.238810555888877
"2025-01-26 04:50:27.0000",0.98,86.01,2.2376792430877686,3.576125727629209,11.99989792757394
"2025-01-26 05:20:22.0000",0.93,86.88,2.202065944671631,3.2837825346163005,9.789636423425021
"2025-01-26 05:50:15.0000",1.12,87.13,2.420991897583008,3.444789576445959,10.436735363847566
"2025-01-26 06:20:10.0000",1.21,88.38,2.4533751010894775,3.5178284571145015,10.030884930190393
"2025-01-26 06:50:05.0000",1.23,89.65,2.8532965183258057,3.5475701159990223,9.662569433252628
"2025-01-26 07:19:59.0000",1.15,90.19,2.990889310836792,3.904326302567487,10.935470490960586
"2025-01-26 07:49:53.0000",1.12,91.22,3.2094361782073975,3.9349746232108926,8.979823481502079
"2025-01-26 08:49:45.0000",2.15,92.13,3.4167699813842773,3.5291848390297926,8.895966757518796
"2025-01-26 09:19:42.0000",3.01,92.32,3.9679384231567383,4.566948223945101,8.641129059738544
"2025-01-26 09:49:37.0000",3.5,92.62,5.488016605377197,6.076677202996072,11.476588310749323
"2025-01-26 10:19:32.0000",4,93.4,2.77526593208313,3.297154626993863,10.071368952647763
"2025-01-26 10:49:28.0000",4.38,93.62,2.6664462089538574,3.3509708972333216,8.759841953227152
"2025-01-26 11:19:23.0000",4.66,93.08,2.2362232208251953,3.0560168763719355,10.065007230222685
"2025-01-26 11:49:18.0000",4.8,92.84,2.3132245540618896,3.06715535669493,9.425095405056663
"2025-01-26 12:19:12.0000",4.42,95.22,2.5065200328826904,3.3964212180134146,8.566358062954219
"2025-01-26 12:49:08.0000",4.91,95.18,1.7557663917541504,2.7193698445661334,9.196247307399538
"2025-01-26 13:19:05.0000",5.01,95.21,1.3166455030441284,2.187499525681765,7.171869837466092
"2025-01-26 13:49:00.0000",5.24,96.4,1.1620386838912964,2.117069522837569,6.727514975345447
"2025-01-26 14:18:55.0000",5.54,94.79,0.9228537082672119,1.8857302290907283,6.213950717367645
"2025-01-26 14:48:49.0000",4.99,95.78,0.7852560877799988,1.6739986677022076,6.558429124038247
"2025-01-26 15:18:44.0000",4.58,98.03,0.4700242578983307,1.3576275967505382,5.594339671398605
"2025-01-26 15:48:37.0000",4.33,99.51,0.3322065472602844,1.098890267147632,4.514929419140259
"2025-01-26 16:18:32.0000",4.25,100.68,0.3538440465927124,1.098026508685485,5.076062418445269
"2025-01-26 16:48:26.0000",4.49,99.63,0.42080143094062805,1.200711238371998,5.0105635992182895
"2025-01-26 17:18:21.0000",4.69,99.24,0.7334682941436768,1.5258981575338804,5.492931799248756
"2025-01-26 18:18:13.0000",5.26,99.52,0.8565104603767395,1.5247075781051371,5.745617078652584
"2025-01-26 18:48:07.0000",5.37,100.86,1.1695410013198853,2.028627841186728,6.417078942750261
"2025-01-26 19:18:03.0000",5.76,100.01,1.2497819662094116,2.078825676532071,7.054169773570279
"2025-01-26 19:47:56.0000",5.48,100.72,1.5386197566986084,2.4460623228273355,7.212650259082411
"2025-01-26 20:17:51.0000",5.18,100.89,1.7133582830429077,2.5890083231157885,7.485115775392818
"2025-01-26 20:47:47.0000",5.27,101.16,2.446364164352417,3.1510646322678197,8.740227206310436
"2025-01-26 21:17:41.0000",5.57,101.08,3.436380624771118,4.381824894502374,9.904723539132696
"2025-01-26 21:47:37.0000",5.99,101.03,3.531644344329834,4.339429113490481,12.15993687281539
"2025-01-26 22:47:26.0000",5.96,100.06,4.624817371368408,5.3644496532679495,14.910742291935255
"2025-01-26 23:17:20.0000",5.53,102.09,5.40964937210083,6.144676340300025,16.900723516160134
"2025-01-26 23:47:15.0000",5.61,103.38,7.184653282165527,7.841354607531306,20.870197198650548
"2025-01-27 00:17:10.0000",5.8,104.41,5.30515193939209,5.624500990545019,18.97186096137516
"2025-01-27 00:47:06.0000",5.78,103.95,3.6902379989624023,4.166789647157438,12.432104687027987
"2025-01-27 01:17:00.0000",4.93,103.73,1.3743878602981567,1.9820847547396778,6.664249031462206
"2025-01-27 01:46:54.0000",4.11,104.95,0.4170677661895752,1.0319678965653492,5.292125564076844
"2025-01-27 02:16:48.0000",3.81,104.82,0.13304191827774048,0.7130719193150369,4.5287451949870405
"2025-01-27 02:46:42.0000",3.66,104.25,0.11888254433870316,0.7331827727828831,4.454777157956861
"2025-01-27 03:16:36.0000",3.26,103.91,0.3031989336013794,0.9325907233502074,4.684370921392185
"2025-01-27 03:46:30.0000",2.86,104.24,0.23724833130836487,0.8701794997295591,4.528117922915298
"2025-01-27 04:16:25.0000",2.73,104.6,0.26448994874954224,0.8417105713981838,4.938467511153993
"2025-01-27 04:46:20.0000",2.68,104.35,0.42041724920272827,0.9974835386746882,5.277273433438843
"2025-01-27 05:16:15.0000",2.61,104.4,0.5722665786743164,1.160006487915077,5.199277598061538
"2025-01-27 05:46:11.0000",2.86,105.02,1.0205283164978027,1.5962594259969012,6.241725339002624
"2025-01-27 06:16:06.0000",2.99,104.11,1.6676685810089111,2.0531775525233984,7.643493946301597
"2025-01-27 06:46:02.0000",2.92,104,1.455323576927185,1.9511191374971146,7.542569696167906
"2025-01-27 07:15:56.0000",3.13,105.28,2.3446826934814453,2.8101845691962466,9.415414057262149
"2025-01-27 07:45:51.0000",3.3,104,3.2090964317321777,4.219662301719296,10.731472892309682
"2025-01-27 08:15:46.0000",3.43,103.68,4.391507148742676,5.073526653546881,15.743708135582656
"2025-01-27 08:45:41.0000",3.42,104.22,4.414498329162598,5.318774801991642,14.546428176280042
"2025-01-27 09:15:36.0000",4.09,105.45,3.4880006313323975,4.319895612160149,11.54071097616627
"2025-01-27 09:45:31.0000",4.39,103.91,4.753889083862305,5.451287619308863,11.600396990660373
"2025-01-27 10:15:27.0000",4.79,103.98,4.614465236663818,5.462792761166332,13.795756373314225
"2025-01-27 10:45:23.0000",5.44,103.82,4.372482776641846,5.29183665440174,12.994591763460182
"2025-01-27 11:15:20.0000",6.8,101.24,4.833246231079102,5.556819248475534,13.758476742513697
"2025-01-27 11:45:16.0000",6.78,101.23,4.641239643096924,5.730480540076775,13.01733109125789
"2025-01-27 12:15:13.0000",7.64,100.55,5.066865921020508,6.1308865818149805,15.672866908547396
"2025-01-27 13:15:07.0000",9.64,97.73,5.7439045906066895,7.177185540412544,17.012830191403708
"2025-01-27 13:45:01.0000",8.66,93.48,5.823473930358887,7.3656095572161355,20.36682035848657
"2025-01-27 14:14:52.0000",7.19,94.58,5.439448356628418,6.803670988155793,16.074777584697166
"2025-01-27 15:14:40.0000",6.55,92.86,5.340353488922119,6.702620318629604,15.794315050865725
"2025-01-27 15:44:36.0000",6.51,92.17,4.813299179077148,6.101466868058658,13.425178943316558
"2025-01-27 16:14:31.0000",6.66,91.13,4.420961380004883,5.82002842897235,16.013770241214814
"2025-01-27 16:44:26.0000",6.66,90.24,3.9933223724365234,5.099840003468392,13.570229364498312
"2025-01-27 17:14:20.0000",6.6,89.28,3.546173334121704,4.717001040803289,12.239177516022707
"2025-01-27 17:44:15.0000",6.4,88.35,3.5103206634521484,4.773742422647937,12.55389548155031
"2025-01-27 18:44:03.0000",6.18,88.19,3.5644404888153076,4.833173257588479,13.637793329078361
"2025-01-27 19:13:58.0000",6.21,87.99,3.6244890689849854,4.8729395081211475,11.299294502847449
"2025-01-27 19:43:53.0000",5.96,88.34,3.9418721199035645,5.2797567112689725,13.067676304702477
"2025-01-27 20:13:49.0000",6.03,88.75,4.071766376495361,5.2810262528611585,12.74277470984966
"2025-01-27 20:43:43.0000",5.96,89.04,2.7889795303344727,3.9634702692724093,9.695579681752937
"2025-01-27 21:13:38.0000",5.85,89.41,2.3826189041137695,3.6105267008318234,9.001583611005135
"2025-01-27 21:43:32.0000",5.62,90.12,2.396850109100342,3.585363247767234,9.66844678329973
"2025-01-27 22:13:28.0000",5.65,91.14,1.9886225461959839,3.117186880796426,8.399877448805185
"2025-01-27 22:43:23.0000",5.69,91.66,2.0916054248809814,3.095704332460354,9.562305115052926
"2025-01-27 23:13:19.0000",5.74,92.4,3.076967239379883,4.087739379648796,10.03747104013959
"2025-01-27 23:43:12.0000",5.58,93.1,3.7901434898376465,4.755510941415706,12.740341576936522
"2025-01-28 00:13:08.0000",6,94.15,4.326598167419434,5.63113909023529,12.704373262180617
"2025-01-28 00:43:04.0000",6.11,94.44,5.658132076263428,6.743870001469532,16.944385729199148
"2025-01-28 01:12:58.0000",5.99,97.31,5.62929630279541,6.684355892287006,18.789642660175563
"2025-01-28 01:42:52.0000",6.29,97.54,5.174083232879639,6.302752522776934,16.062638749115877
"2025-01-28 02:12:47.0000",6.46,97.38,5.008977890014648,5.951572456101264,17.011879850012335
"2025-01-28 02:42:42.0000",6.3,97.58,4.353450775146484,5.085266839928346,14.917348284290497
"2025-01-28 03:12:36.0000",6.1,97.96,4.472388744354248,5.435154810621,15.224070168617363
"2025-01-28 03:42:30.0000",5.83,98.33,4.336312294006348,5.129873993209063,13.818856593080454
"2025-01-28 04:12:25.0000",5.75,98.71,4.649381160736084,5.389706940073202,17.169688342326317
"2025-01-28 04:42:19.0000",5.99,98.85,4.026928901672363,4.567622568706489,11.851370691888466
"2025-01-28 05:12:14.0000",6.24,98.61,3.3515384197235107,4.110178626124068,10.67919024176687
"2025-01-28 05:42:08.0000",6.52,98.66,2.86863374710083,3.4441776642347732,10.527519753160455
"2025-01-28 06:12:03.0000",6.58,98.73,2.934351682662964,3.69930730376104,9.980702894090772
"2025-01-28 06:41:59.0000",6.3,98.93,3.032931327819824,4.008508179170232,11.425344544909553
"2025-01-28 07:11:51.0000",5.98,99.61,3.796584129333496,4.652391557869406,11.73075512471478
"2025-01-28 07:41:45.0000",5.8,99.57,2.963412284851074,3.9244002044453365,10.43222930322267
"2025-01-28 08:11:40.0000",5.85,99.43,2.996309280395508,3.6159650040810147,11.202791916722811
"2025-01-28 08:41:36.0000",6.32,99.68,2.9823875427246094,4.021490539749137,10.168862839131275
"2025-01-28 09:11:31.0000",6.69,99.61,3.4282283782958984,4.233136284410247,10.37896504500996
"2025-01-28 09:41:25.0000",6.73,99.52,6.7356181144714355,8.15315678450659,11.950009031632302
"2025-01-28 10:11:21.0000",6.69,99.73,12.278595924377441,15.568510003727566,16.707005163662476
"2025-01-28 10:41:16.0000",6.73,100.47,9.574983596801758,11.795905634956679,13.590301966427166
"2025-01-28 11:11:11.0000",6.73,100.66,8.046709060668945,10.463555466695386,12.31559190730397
"2025-01-28 11:41:06.0000",7.72,102.02,4.505886554718018,5.895281857921223,8.216542737349668
"2025-01-28 12:40:59.0000",8.74,100.19,1.8524434566497803,2.7662807977576658,6.366836623336201
"2025-01-28 13:10:53.0000",8.81,101.52,1.1056301593780518,1.962291446624132,6.2061446703368
"2025-01-28 13:40:48.0000",8.77,99.09,1.4019436836242676,2.2379470792491065,6.844604687321971
"2025-01-28 14:40:31.0000",6.3,101.01,4.780906677246094,4.959908378807618,12.21766341226269
"2025-01-28 15:10:26.0000",6.09,101.04,3.6378092765808105,4.067473616719356,12.044829947312637
"2025-01-28 15:40:22.0000",6.09,102.04,3.1852898597717285,3.486189735868308,8.792247849493071
"2025-01-28 16:40:11.0000",6.03,103.2,2.087782859802246,2.5287463348798838,10.862251420336632
"2025-01-28 17:10:06.0000",5.57,101.86,2.583948850631714,3.278490133201933,12.232282026763038
"2025-01-28 17:40:01.0000",5.5,101.7,1.6288132667541504,2.28298337501309,9.478887115150552
"2025-01-28 19:09:47.0000",5.72,101.25,2.1361989974975586,2.69408098054386,10.123987366005855
"2025-01-28 19:39:42.0000",5.85,101.01,2.0703606605529785,2.8333665108196815,11.154223951961963
"2025-01-28 20:09:36.0000",6.04,100.52,1.991322636604309,2.642785812443738,9.098672344216684
"2025-01-28 21:09:26.0000",5.92,100.21,2.102219581604004,2.7995883723157102,11.301392275103291
"2025-01-28 21:39:20.0000",5.66,100.52,2.577738046646118,2.866962237258556,11.54573575784396
"2025-01-28 22:39:10.0000",5.53,100.72,1.278221845626831,1.8132866271062338,8.347561832224974
"2025-01-28 23:09:04.0000",5.84,101.09,3.244828939437866,3.83427463804723,14.218440753251848
"2025-01-28 23:39:00.0000",6.38,101.66,3.0711019039154053,3.7228366257855234,14.01722933742182
"2025-01-29 00:08:56.0000",6.38,101.56,3.9737861156463623,4.383208592938256,14.287297142352605
"2025-01-29 00:38:50.0000",6.24,101.57,3.8361382484436035,4.599006636959228,15.731719424710565
"2025-01-29 01:08:45.0000",6.39,101.83,3.5340464115142822,4.1766973333750474,13.618112937562994
"2025-01-29 01:38:39.0000",6.23,101.53,2.8008551597595215,3.069650269775726,11.918618622013636
"2025-01-29 02:08:34.0000",6.06,101.57,3.824666738510132,4.305062688476328,14.567330601681197
"2025-01-29 02:38:29.0000",5.89,101.47,3.4813694953918457,4.240200381219786,15.245843868738522
"2025-01-29 03:08:24.0000",5.53,101.85,3.17668080329895,3.7292417538870755,13.367446193173402
"2025-01-29 03:38:19.0000",5.28,102.02,3.48776912689209,3.7222558760291475,13.287127888758336
"2025-01-29 04:08:13.0000",4.76,103.47,3.230642318725586,3.4723908464046334,13.709760683162996
"2025-01-29 04:38:09.0000",5.21,102.98,3.349398612976074,3.728812013854649,15.098930468139956
"2025-01-29 05:08:04.0000",5.23,102.6,3.973418951034546,4.231724860234003,18.950627662718066
"2025-01-29 05:37:57.0000",4.28,103.08,4.182669162750244,4.673744231454275,20.296474504458978
"2025-01-29 06:07:51.0000",3.87,103.21,4.081945896148682,4.085408605436674,14.526407907710984
"2025-01-29 06:37:45.0000",3.47,103.84,3.8455190658569336,3.947753903537908,19.20647945661093
"2025-01-29 07:07:41.0000",3.64,104.04,3.9697163105010986,4.048795339470475,20.91051008082705
"2025-01-29 07:37:37.0000",4.32,104.52,3.5109918117523193,3.75917339702029,17.636458900123547
"2025-01-29 08:07:33.0000",4.74,104.33,3.661673069000244,3.7388895702886096,14.140378995414267
"2025-01-29 08:37:28.0000",4.88,104.37,3.653064012527466,3.693970905740807,12.68202196138359
"2025-01-29 09:07:23.0000",5.18,104.89,1.9970706701278687,2.2798220875027866,8.979112682792973
"2025-01-29 09:37:20.0000",6.15,104.41,2.0658020973205566,2.778227344020454,8.882138186568595
"2025-01-29 10:07:14.0000",6.44,102.02,2.137239694595337,2.8133338086410693,9.415728847274805
"2025-01-29 10:37:15.0000",10.35,92.88,2.0694918632507324,3.450761516616103,11.571432927612221
"2025-01-29 11:07:12.0000",10.1,87.43,2.3586974143981934,3.9387061748500765,14.027358307231438
"2025-01-29 11:37:02.0000",8.2,93.41,3.188995361328125,4.406594305162426,11.869924612315835
"2025-01-29 12:07:03.0000",10.73,78.72,2.1525635719299316,4.098040383400606,12.824606350011273
"2025-01-29 12:36:58.0000",11.18,72.1,1.7008955478668213,3.775303563500896,13.003500482424881
"2025-01-29 13:06:54.0000",11.37,67.9,1.3848365545272827,3.783262103336314,12.989992127127556
"2025-01-29 13:36:50.0000",11.56,67.68,1.5674245357513428,3.956507771989014,12.810345163479637
"2025-01-29 14:06:43.0000",10.6,66.49,1.699183464050293,3.967363590235148,13.03387601334479
"2025-01-29 15:06:28.0000",8.28,67.37,1.2894718647003174,3.308955948013179,12.631119093623392
"2025-01-29 15:36:19.0000",6.93,68.89,1.5218000411987305,3.378130160670577,12.424843837747366
"2025-01-29 16:36:06.0000",4.46,73.88,1.7080169916152954,3.0415072777619936,10.018326898704876
"2025-01-29 17:05:58.0000",3.78,76.75,1.9431546926498413,2.9985257893904183,11.475550952024982
"2025-01-29 17:35:52.0000",3.21,77.77,1.4033271074295044,2.5821791049317104,9.050162542087177
"2025-01-29 18:05:47.0000",3.14,78.66,1.420150637626648,2.4287397966094875,9.361868693872207
"2025-01-29 18:35:41.0000",3.44,79.92,1.094946026802063,2.193186518097371,7.936285715735334
"2025-01-29 19:05:36.0000",3.4,80.53,1.6934266090393066,2.772187847009004,8.998902259342644
"2025-01-29 19:35:31.0000",3.22,81.88,1.6500232219696045,2.490197644353437,8.032520757627282
"2025-01-29 20:35:20.0000",3.22,85.19,1.3333702087402344,2.307459456633388,7.306551535876004
"2025-01-29 21:05:14.0000",3.26,86.64,1.7270686626434326,2.614143291621552,10.54949423843642
"2025-01-29 21:35:08.0000",3.3,86.74,1.5135575532913208,2.6669124949829373,9.495720436430384
"2025-01-29 22:05:03.0000",3.06,86.02,1.8336762189865112,2.7484335170486602,8.904558899768988
"2025-01-29 22:34:57.0000",2.93,86.86,2.0268478393554688,2.9718802715097956,9.94375328352473
"2025-01-29 23:04:52.0000",2.86,87.23,2.3547370433807373,3.478579932591249,11.80701920762908
"2025-01-29 23:34:46.0000",2.95,88.56,2.3852248191833496,3.1793267025941745,7.79645435876648
"2025-01-30 00:04:41.0000",2.91,89.86,2.3732404708862305,3.0515298873398917,12.492553537222053
"2025-01-30 00:34:35.0000",2.58,90.52,1.8952240943908691,2.4671297125899305,9.111956457347292
"2025-01-30 01:04:31.0000",2.66,89.84,1.871395468711853,2.7688312455259823,10.33929971899786
"2025-01-30 01:34:24.0000",2.31,89.27,1.9499893188476562,2.7603250561345614,11.214001252256486
"2025-01-30 02:04:17.0000",1.9,90.43,2.148113489151001,2.911982195108864,9.887294686444553
"2025-01-30 02:34:11.0000",1.3,90.84,2.541013240814209,3.1358617464503156,9.529392719823978
"2025-01-30 03:04:07.0000",2.14,91.8,2.0309691429138184,2.4633979548657408,9.600242999364928
"2025-01-30 03:34:03.0000",2.48,92.3,2.0974268913269043,2.6782446844355605,9.59904187353764
"2025-01-30 04:03:56.0000",2.3,92.93,1.8145567178726196,2.3463670454880896,11.36137013887134
"2025-01-30 04:33:50.0000",1.77,92.92,1.867918848991394,2.686607613536311,7.969607659063729
"2025-01-30 05:03:43.0000",1.94,94.01,1.7698396444320679,2.3644144169267087,7.895858952112283
"2025-01-30 05:33:40.0000",1.93,93.72,2.216432809829712,2.8570307018262007,9.414704256445688
"2025-01-30 06:03:35.0000",2.81,95.51,2.1565239429473877,2.5419934605561987,10.12280103896714
"2025-01-30 06:33:32.0000",3.37,95.7,1.825427532196045,2.6175999055044565,9.832732004551154
"2025-01-30 07:03:27.0000",3.36,95.69,2.507107734680176,3.0177633644312807,9.818491593753446
"2025-01-30 07:33:22.0000",3.74,96.25,2.0207955837249756,2.4640684776723343,10.635860823321526
"2025-01-30 08:03:16.0000",3.15,95.59,1.9915707111358643,2.7348889766407063,9.017504582121912
"2025-01-30 08:33:12.0000",3.87,97.07,2.0486319065093994,2.6250860784100345,9.943236492878547
"2025-01-30 09:03:09.0000",5.43,96.61,2.3331966400146484,3.2058103627412753,9.33368376214191
"2025-01-30 09:33:10.0000",6.08,90.1,1.9904743432998657,2.9440441854916646,11.574508562499776
"2025-01-30 10:03:05.0000",5.68,92.63,1.3206706047058105,2.263361759668042,9.613275012570302
"2025-01-30 10:33:04.0000",6.7,89.04,1.5259355306625366,2.604270093582359,8.469738764272195
"2025-01-30 11:03:04.0000",11.12,83.54,1.7231884002685547,3.44537323411722,11.175356751042562
"2025-01-30 11:33:01.0000",10.37,80.54,1.5641964673995972,3.2572802761848103,10.01794863338137
"2025-01-30 12:02:46.0000",6.16,84.6,1.3159279823303223,2.7595269954071036,9.09943625234902
"2025-01-30 12:32:41.0000",5.63,83.25,0.83216392993927,2.1432345210005415,8.889889822293572
"2025-01-30 13:02:39.0000",5.98,82.77,1.2954713106155396,2.631497817469166,8.594748419091461
"2025-01-30 13:32:31.0000",5.22,85.71,1.1390228271484375,2.0461159850770203,6.436578693520727
"2025-01-30 14:02:28.0000",7.91,86.28,1.5141295194625854,2.403294692950613,8.937302080916066
"2025-01-30 14:32:28.0000",9.76,82.62,1.390777587890625,2.7588589420242653,10.416730112348858
"2025-01-30 15:02:21.0000",7.88,82.42,2.223740577697754,3.5828590737133643,9.812125597435674
"2025-01-30 15:32:14.0000",8.28,86.09,1.3698261976242065,2.8314797429759935,12.411963626009252
"2025-01-30 16:02:10.0000",7.59,82.94,1.8613169193267822,3.3031265938818244,9.493291129868272
"2025-01-30 16:32:00.0000",5.33,84.9,1.8005071878433228,3.0333700821947422,12.15660874740672
"2025-01-30 17:01:51.0000",4.01,86.97,2.1676132678985596,3.062502421077488,10.19749246703133
"2025-01-30 17:31:45.0000",3.26,87.9,2.5237832069396973,3.3572680462630613,9.692521494111041
"2025-01-30 18:01:39.0000",3.31,87.88,2.3642032146453857,3.2168117912371703,9.273278800124572
"2025-01-30 18:31:33.0000",2.94,87.91,1.762017846107483,2.7011282991875527,7.533963883183303
"2025-01-30 19:01:27.0000",2.69,88.02,2.14457631111145,3.2020562112061057,8.873636362897681
"2025-01-30 19:31:21.0000",2.6,87.92,1.7016007900238037,2.7769810067395926,8.791189353366049
"2025-01-30 20:01:14.0000",2.28,87.67,2.1460611820220947,3.084845908091866,9.145548811497601
"2025-01-30 21:30:59.0000",3.18,87.53,2.309673547744751,3.340125487884867,8.046203802039043
"2025-01-30 23:00:45.0000",3.31,87.8,1.7565358877182007,2.9034411208875732,9.059269964657881
"2025-01-30 23:30:39.0000",3.4,88.21,1.6383448839187622,2.760984172640614,9.071027162561121
"2025-01-31 00:00:33.0000",3.07,88.41,2.0246407985687256,2.8799769822455055,10.69201360998441
"2025-01-31 00:30:28.0000",2.82,90.24,2.096107006072998,3.127551744832112,9.349562408311936
"2025-01-31 01:00:23.0000",2.85,91.39,2.2740025520324707,3.083894384398831,9.992492171532545
"2025-01-31 01:30:17.0000",2.99,92.12,2.207155227661133,2.919394490027729,10.30354433266908
"2025-01-31 02:00:11.0000",3.12,93.56,1.4258227348327637,2.1927514867836693,7.380840394253406
"2025-01-31 02:30:06.0000",3.39,95.37,1.6042851209640503,2.401520307669041,8.842483083349649
"2025-01-31 03:00:02.0000",3.61,96.63,1.516920566558838,2.0856832319427663,7.308577362136757
"2025-01-31 03:29:57.0000",3.7,96.34,1.2777503728866577,1.8764001581682839,6.573966858639852
"2025-01-31 03:59:52.0000",4.01,96.47,1.6442396640777588,2.138830285451699,7.717917103403141
"2025-01-31 04:29:47.0000",4.36,96.79,2.540994882583618,2.9349272237783715,10.751936330332969
"2025-01-31 04:59:44.0000",5.73,99.64,5.667236328125,6.056218022515328,19.944271399851107
"2025-01-31 05:29:42.0000",6.2,101.69,6.222649574279785,6.332022392746261,19.95120026824293
"2025-01-31 05:59:37.0000",6.4,102.84,7.23677396774292,7.4351090907630315,21.581835058650043
"2025-01-31 06:29:32.0000",6.59,102.83,6.639997959136963,7.162766627484884,21.75133842602148
"2025-01-31 06:59:28.0000",6.5,102.99,6.593653202056885,7.252118643139429,20.09598460810267
"2025-01-31 07:29:22.0000",6.53,102.06,6.513260364532471,6.871955281522938,19.712632106920825
"2025-01-31 08:29:12.0000",6.51,101.79,7.988243579864502,8.931334213476715,25.033520272374744
"2025-01-31 08:59:07.0000",6.64,101.2,7.152418613433838,7.619824784255575,19.842382780930375
"2025-01-31 09:29:01.0000",6.86,100.1,8.643301963806152,9.565356820261528,25.074392655797716
"2025-01-31 09:58:56.0000",6.94,100.25,11.714133262634277,12.71090155917911,30.217128477585682
"2025-01-31 10:28:52.0000",7.1,99.89,13.25779914855957,14.664057485549222,31.53933528011028
"2025-01-31 11:28:43.0000",7.64,95.7,7.560978412628174,8.675691610557383,24.456371265032047
"2025-01-31 11:58:38.0000",8.15,94.26,7.399438858032227,8.907805086861558,23.583928935067775
"2025-01-31 12:28:33.0000",8.19,92.52,6.387269973754883,7.381590289302311,22.174017300684397
"2025-01-31 12:58:27.0000",7.83,92.56,6.817954063415527,8.255814025055514,19.62302207643192
"2025-01-31 13:28:22.0000",8.35,93.14,5.271430015563965,6.648696782169838,20.057285023627774
"2025-01-31 13:58:17.0000",8.11,92.4,7.714532852172852,9.32010055040431,23.78020614537911
"2025-01-31 14:28:09.0000",7.55,93.33,8.932723045349121,10.288765021937879,29.34541499502719
"2025-01-31 14:58:05.0000",7.69,93.42,7.478049278259277,8.53995548539679,23.274566047926225
"2025-01-31 15:28:00.0000",8.07,93.24,5.486448287963867,6.619174487399086,19.267145622219036
"2025-01-31 15:57:54.0000",7.33,92.67,9.162391662597656,10.637646109104647,33.28108619716588
"2025-01-31 16:57:40.0000",5.58,92.73,8.14459228515625,9.302826486088703,24.61743545815601
"2025-01-31 17:27:32.0000",4.03,94.2,8.601232528686523,9.637065512044302,24.587977334117976
"2025-01-31 17:57:24.0000",3.08,94.56,10.316274642944336,10.71085495466624,37.49419384785031
"2025-01-31 18:27:19.0000",3.2,93.98,10.28329849243164,10.487066611332827,33.123369772882185
"2025-01-31 18:57:14.0000",2.84,93.8,10.509905815124512,11.071027216945641,35.50232521008091
"2025-01-31 19:27:10.0000",3.29,94.17,9.816742897033691,10.567059470817599,30.9017149424574
"2025-01-31 19:57:05.0000",3.6,93.87,10.114912986755371,10.521275706564225,31.252342281945577
"2025-01-31 20:27:01.0000",4.1,94.1,12.033853530883789,12.774938337787216,33.46504669007634
"2025-01-31 20:56:57.0000",4.58,93.64,10.493515968322754,11.563144383323195,25.810296339491913
"2025-01-31 21:26:51.0000",4.71,93.91,12.112227439880371,13.563249659163166,29.16121924139338
"2025-01-31 21:56:47.0000",4.9,94.2,9.558284759521484,10.914899786905108,26.37019992942759
"2025-01-31 22:26:42.0000",4.93,94.42,8.518717765808105,10.0970808404186,22.034346484305683
"2025-01-31 22:56:37.0000",4.91,94.34,10.719046592712402,11.723643221278632,24.32848599081459
"2025-01-31 23:26:31.0000",4.95,94.83,8.485549926757812,9.866650047133055,17.941690575629487
"2025-01-31 23:56:25.0000",5.21,94.89,10.612479209899902,11.587345714775482,23.64272652325537
"2025-02-01 00:26:20.0000",5.08,94.94,11.274101257324219,12.544113746596272,28.031867695078606
"2025-02-01 00:56:14.0000",5.03,95.16,10.168352127075195,11.450742449742542,25.237593789590868
"2025-02-01 01:26:09.0000",5.02,95.29,10.03409194946289,10.749697511946717,26.75936185334389
"2025-02-01 01:56:04.0000",5.14,95.42,9.966736793518066,11.046710157609759,23.16001979891586
"2025-02-01 02:25:58.0000",4.84,95.57,12.443668365478516,12.513043050600775,34.34960821163581
"2025-02-01 02:55:54.0000",4.61,95.8,10.230758666992188,10.650356869043584,25.100448600613355
"2025-02-01 04:25:35.0000",3.25,96.89,34.39829635620117,45.13710526262707,32.60705947056891
"2025-02-01 04:55:29.0000",3,97.28,37.4097900390625,49.18185743559671,35.28155581486712
"2025-02-01 05:55:18.0000",2.83,97.57,40.6459846496582,52.815855043546826,39.118677058077935
"2025-02-01 06:25:12.0000",2.4,97.9,40.511817932128906,52.85147821787266,39.18352895907749
"2025-02-01 06:55:07.0000",2.29,98.22,29.06310272216797,38.010908044081994,28.4990598063359
"2025-02-01 07:25:03.0000",2.4,98.61,19.43800926208496,25.330239151464102,21.060565252737273
"2025-02-01 07:54:59.0000",2.61,98.61,10.61376953125,13.413456742381012,16.33716385493454
"2025-02-01 08:24:53.0000",2.68,98.96,7.944190502166748,10.026056458892178,13.543804257051718
"2025-02-01 08:54:48.0000",4.04,98.34,7.214410305023193,8.92571059738336,15.000738351342296
"2025-02-01 09:24:48.0000",6.22,94.74,5.316818714141846,6.484200877939843,11.617124656871374
"2025-02-01 09:54:45.0000",7.49,93.04,4.910810470581055,5.987553956946776,10.603338375163627
"2025-02-01 10:24:42.0000",8.82,91.59,3.7485485076904297,4.72307260456282,11.36273068759149
"2025-02-01 10:54:39.0000",9.69,89.85,3.815526008605957,4.620105269105184,10.8472406535679
"2025-02-01 11:24:36.0000",9.99,89.48,3.7818033695220947,4.576413599081765,11.683880179364166
"2025-02-01 11:54:32.0000",10.61,87.98,3.9973948001861572,5.006927732766199,11.822777535511692
"2025-02-01 12:24:30.0000",11.39,85.12,4.073209285736084,5.162852265306636,11.863920356481795
"2025-02-01 12:54:25.0000",10.62,82.89,5.455380439758301,6.309737519581222,11.48200597785322
"2025-02-01 13:24:19.0000",10.31,81.07,5.138641357421875,6.595456742224474,11.190110472172295
"2025-02-01 13:54:14.0000",10.6,79.76,5.275990009307861,6.330084496113705,13.061646368716236
"2025-02-01 14:24:10.0000",9.87,77.02,4.85392951965332,5.880655661408356,11.27300049612588
"2025-02-01 14:54:02.0000",9.1,76.57,3.8611533641815186,4.964791070836867,11.178306103601567
"2025-02-01 15:23:55.0000",8.84,75.66,3.8319334983825684,4.881372827531883,10.341512462492428
"2025-02-01 15:53:49.0000",7.5,74.1,4.063747406005859,5.180244861087991,10.292555024862885
"2025-02-01 16:53:33.0000",5.11,76.75,4.267773151397705,5.310902104730857,10.06813188903202
"2025-02-01 17:23:27.0000",4.78,77.72,3.289354085922241,4.378942319475953,8.670153455658944
"2025-02-01 17:53:22.0000",4.56,78.32,3.9574673175811768,5.13532738217988,9.2611974436699
"2025-02-01 18:23:15.0000",4.25,79.05,4.606521129608154,5.9058078090941555,10.12348603700902
"2025-02-01 18:53:09.0000",4.34,80.41,4.506633758544922,5.681243472341302,9.68378765981549
"2025-02-01 19:23:04.0000",4.56,81.24,3.417396306991577,4.603098370811326,8.8880357999545
"2025-02-01 19:52:58.0000",4.59,81.45,3.4677515029907227,4.377855078465214,8.862856975898765
"2025-02-01 20:22:54.0000",4.47,81.9,2.4246041774749756,3.467945555215858,8.562783998651314
"2025-02-01 20:52:50.0000",4.45,82.39,1.9937331676483154,2.948733214870073,7.631673266383373
"2025-02-01 21:22:45.0000",4.32,83.03,2.1522297859191895,3.2023078201113444,7.75439536306352
"2025-02-01 21:52:39.0000",4.18,83.12,2.2983341217041016,3.1728686535598216,7.66433298865797
"2025-02-01 22:22:34.0000",4.12,83.45,2.355724811553955,3.2670363298311758,7.863821969213536
"2025-02-01 22:52:29.0000",4.23,83.78,2.3087875843048096,3.1423442788498956,7.838130039404491
"2025-02-01 23:22:24.0000",4.52,84,2.5040199756622314,3.3495838261115662,7.473629016546794
"2025-02-01 23:52:20.0000",4.68,84.46,3.0633046627044678,3.7769504558796254,7.951430790914636
"2025-02-02 00:22:14.0000",4.77,84.7,3.331437826156616,4.162871479432305,7.566710289022129
"2025-02-02 00:52:09.0000",4.72,85.27,5.232233047485352,5.87545818052379,9.39374886344329
"2025-02-02 01:22:03.0000",4.94,86.41,5.963591575622559,7.041619319398862,10.161229969838109
"2025-02-02 01:51:58.0000",5.14,87.21,4.47570276260376,5.118379617111983,9.188974042146617
"2025-02-02 02:21:53.0000",5.3,87.16,3.6450438499450684,4.580261586519341,8.51921392359795
"2025-02-02 02:51:47.0000",5.14,87.77,3.7116830348968506,4.534659664116865,9.398429992114153
"2025-02-02 03:21:42.0000",5.01,88.23,4.185243606567383,4.912112313900013,8.581485075478335
"2025-02-02 03:51:37.0000",4.97,88.64,4.178294658660889,4.9430392283475095,8.49103340143799
"2025-02-02 04:51:25.0000",4.6,88.95,3.784818172454834,4.652301715439668,8.480102977390745
"2025-02-02 05:21:20.0000",4.59,89.03,3.383864641189575,4.1955387647564315,7.9494312577554584
"2025-02-02 06:21:08.0000",4.25,89.2,3.5561318397521973,4.3516468917961175,8.352239660081178
"2025-02-02 06:51:04.0000",4.11,89.31,3.736069440841675,4.522763877495039,7.915033376625667
"2025-02-02 07:20:59.0000",3.89,89.57,4.1509690284729,4.930550774688744,7.895664058450238
"2025-02-02 07:50:54.0000",3.77,89.66,3.7873575687408447,4.409400077468494,7.607134064412719
"2025-02-02 08:20:49.0000",3.81,89.94,3.210108995437622,3.841182422951274,7.315975130060589
"2025-02-02 08:50:45.0000",4.83,88.9,2.581277370452881,3.1884598134528925,7.883982838310916
"2025-02-02 09:20:42.0000",6.18,87.38,2.0252528190612793,2.745172653721621,7.07233180707347
"2025-02-02 09:50:39.0000",7.31,86.31,1.9582030773162842,2.917561395487411,7.309637301631386
"2025-02-02 10:20:36.0000",7.42,86.03,1.8097283840179443,2.861543134175234,6.998941259895303
"2025-02-02 10:50:32.0000",9.99,85.59,1.525890588760376,2.5006328367127693,7.2861349425440585
"2025-02-02 11:20:27.0000",8.07,83.63,1.6568049192428589,2.8252260275996703,7.920461612806581
"2025-02-02 11:50:20.0000",7.37,85.3,1.6736961603164673,2.7663804722564675,8.720366553622913
"2025-02-02 12:20:14.0000",7.29,84.83,1.8174476623535156,2.866173593701594,7.505625291857607
"2025-02-02 12:50:09.0000",8.6,86.04,1.8847936391830444,2.7288933956747288,8.266340805372906
"2025-02-02 13:20:10.0000",10.21,82.95,1.7032209634780884,2.938117604004871,8.045878875001893
"2025-02-02 13:50:02.0000",8.81,82.84,1.6207278966903687,2.8256249436734526,8.605568691499307
"2025-02-02 14:19:55.0000",7.72,83.31,1.6287873983383179,2.8301916295717144,8.336901211876818
"2025-02-02 14:49:48.0000",6.8,83.26,2.2387282848358154,3.3553204034871116,8.808294628054748
"2025-02-02 15:19:41.0000",6.21,84.22,3.1415319442749023,4.1291887943213545,8.930284836656888
"2025-02-02 15:49:37.0000",6.21,84.79,2.8388068675994873,3.70729483359285,6.090607546017337
"2025-02-02 16:49:25.0000",5.98,84.59,4.747105598449707,5.1254753850820105,10.658675999229796
"2025-02-02 17:49:14.0000",5.66,86.09,7.308354377746582,7.790070196373775,10.802709734987925
"2025-02-02 18:19:10.0000",5.72,86.62,7.122466564178467,7.708978327087777,13.13511376556145
"2025-02-02 18:49:04.0000",5.88,87.24,7.0874457359313965,7.68394240477911,11.104472676759881
"2025-02-02 19:19:00.0000",6.06,87.93,5.048715591430664,5.637947821534692,10.573332310335939
"2025-02-02 20:18:49.0000",6.13,89.48,5.014782905578613,5.250349741914784,10.090493471316808
"2025-02-02 20:48:44.0000",5.77,90.85,4.8779778480529785,5.290087810550022,9.220111034140714
"2025-02-02 21:18:39.0000",5.57,91.09,4.491016864776611,5.067265360626556,9.561467475548495
"2025-02-02 22:18:27.0000",5.08,92.61,4.551401615142822,5.279018455447004,8.944898844532359
"2025-02-02 22:48:20.0000",5.18,92.64,4.0568766593933105,4.673999033514776,9.180450934500122
"2025-02-02 23:18:15.0000",5.49,92.2,3.8909592628479004,4.554174306817616,9.118958931227892
"2025-02-02 23:48:11.0000",5.46,91.87,3.7032523155212402,4.149354251183373,5.3226924497009325
"2025-02-03 00:18:06.0000",5.31,92.43,4.195842266082764,4.842397220677244,9.330222765959663
"2025-02-03 00:48:00.0000",5.46,92.56,4.062948703765869,4.4593232846603925,8.412311286980591
"2025-02-03 01:17:56.0000",5.57,92.69,4.268898963928223,4.69492438760055,8.564947080198598
"2025-02-03 01:47:52.0000",5.8,92.83,3.8309171199798584,4.203426859920047,8.54152107416506
"2025-02-03 02:17:47.0000",5.72,93.19,4.447059631347656,4.896145263942699,9.31385938685014
"2025-02-03 02:47:42.0000",5.79,93.65,4.297064304351807,4.878691817783692,7.908312997399944
"2025-02-03 03:47:32.0000",5.83,93.43,3.7546567916870117,4.218861510102692,6.7842503661123015
"2025-02-03 04:17:25.0000",4.71,95.01,3.8053793907165527,4.16696910087959,7.051652926054685
"2025-02-03 04:47:19.0000",4.68,95.71,3.4607393741607666,3.966446974187855,8.20509601031589
"2025-02-03 05:17:13.0000",4.52,95.76,3.7936716079711914,4.243354490905061,7.7019184415007516
"2025-02-03 05:47:08.0000",4.59,96.17,4.126631259918213,4.784923338171994,7.488819048974015
"2025-02-03 06:17:03.0000",4.46,96.42,4.177475929260254,4.846991717824328,7.699686655057458
"2025-02-03 06:46:57.0000",4.22,97.02,3.730860710144043,4.503282690298583,7.187433850470691
"2025-02-03 07:16:51.0000",4.24,97.54,2.719637870788574,3.4068835970043994,6.368406389678969
"2025-02-03 07:46:46.0000",4.37,97.51,2.0035059452056885,2.608892271557254,6.02108020327352
"2025-02-03 08:16:41.0000",4.5,97.83,3.4941463470458984,4.33971631632904,7.388717512871493
"2025-02-03 08:46:37.0000",6.12,96.33,2.1575543880462646,2.968173163740328,5.962972109448254
"2025-02-03 09:16:36.0000",8.06,92.19,2.828843355178833,3.401950606376422,6.593340426944537
"2025-02-03 09:46:32.0000",9.59,92.58,1.23310124874115,1.9429909666849248,5.682042884786905
"2025-02-03 10:16:30.0000",11.86,89.7,0.9398346543312073,1.7250746631025526,5.462945068386751
"2025-02-03 10:46:28.0000",12.26,89.96,0.6479372382164001,1.6089643606614747,5.879030766829466
"2025-02-03 11:16:24.0000",12.74,89.03,0.7184777855873108,2.097831968644424,6.978327400088059
"2025-02-03 11:46:23.0000",14.92,86.63,0.8973839282989502,1.9089331007688801,6.937907600204532
"2025-02-03 12:16:13.0000",10.95,89.54,0.823138415813446,2.133664544927913,9.021857443898707
"2025-02-03 13:16:03.0000",10.16,86.52,1.0404512882232666,2.28852818159925,8.554162578850901
"2025-02-03 13:46:02.0000",12.33,84.12,1.1237950325012207,2.5570694488137784,9.510229958029193
"2025-02-03 14:15:54.0000",10.77,83.23,1.280251145362854,2.916693857733181,9.780899748692898
"2025-02-03 15:15:46.0000",12.15,81.49,1.9308477640151978,3.465278051228655,11.561625179436922
"2025-02-03 15:45:38.0000",10.78,80.72,1.8322713375091553,3.31449879143382,12.2162298131499
"2025-02-03 16:45:25.0000",9.03,80.6,1.6297773122787476,3.164081072272474,7.93479266363201
"2025-02-03 17:15:19.0000",8.98,80.53,1.588914155960083,3.02299995119998,10.30563794627219
"2025-02-03 17:45:15.0000",8.68,80.98,1.774631381034851,3.329348834966065,9.286180166450633
"2025-02-03 18:15:10.0000",8.52,81.39,1.5842375755310059,2.95165234260293,10.26680657517433
"2025-02-03 18:45:05.0000",8.58,81.62,1.7338411808013916,3.137053354130386,10.14450103214013
"2025-02-03 19:15:00.0000",8.3,81.75,2.137157440185547,3.4072899369613023,10.717797635853028
"2025-02-03 19:44:54.0000",8.08,82.11,2.327824831008911,3.8528610490287845,11.374374693258664
"2025-02-03 20:14:48.0000",7.76,82.43,2.233166217803955,3.699809786452109,11.839751533749302
"2025-02-03 20:44:41.0000",7.39,82.9,2.8228759765625,4.155671784781941,14.22796148216342
"2025-02-03 21:14:36.0000",7.4,83.3,2.585587739944458,3.686600335757632,11.99453850953296
"2025-02-03 21:44:31.0000",7.89,83.47,2.546215772628784,3.9517364561301433,14.251260281190875
"2025-02-03 22:14:28.0000",8.4,83.35,2.8461787700653076,4.391536356531345,11.800401053364366
"2025-02-03 22:44:22.0000",8.36,83.62,2.765604257583618,4.077694760132389,13.773728871275434
"2025-02-03 23:14:17.0000",8.56,84.05,2.3310060501098633,3.65627467938294,12.259229481449234
"2025-02-04 00:14:05.0000",7.92,84.66,2.4202916622161865,3.6372486061815623,11.972339704776553
"2025-02-04 00:44:00.0000",7.83,85.06,2.2401137351989746,3.4101880503280393,12.04755660932592
"2025-02-04 01:13:56.0000",8.06,85.16,1.7681958675384521,3.0710667848040707,10.263778259918787
"2025-02-04 01:43:51.0000",8.42,85.18,1.3178056478500366,2.6416336347093017,9.159094337067996
"2025-02-04 02:13:45.0000",8.55,85.39,1.2640506029129028,2.5988900646191824,9.143438819652204
"2025-02-04 02:43:40.0000",8.72,85.58,0.9646949768066406,2.0745947344968676,7.487045023547302
"2025-02-04 03:13:36.0000",8.87,85.73,1.0791429281234741,2.4482066600375036,8.856150341786806
"2025-02-04 03:43:32.0000",9.18,85.66,1.1625573635101318,2.557291842648361,9.489823452555084
"2025-02-04 04:13:27.0000",9.19,85.3,1.2833342552185059,2.4980457954064716,9.867936968948753
"2025-02-04 04:43:21.0000",9.17,85.48,1.0472393035888672,2.4163328417080283,9.459363081465668
"2025-02-04 05:13:16.0000",9.02,85.46,1.2587292194366455,2.535887706417256,8.878190196090285
"2025-02-04 05:43:10.0000",8.72,85.65,1.092939019203186,2.535588685240225,9.132771282039595
"2025-02-04 06:13:05.0000",8.74,85.63,1.2157785892486572,2.5159563531021627,9.672747719199652
"2025-02-04 06:43:00.0000",9.03,85.46,1.5555405616760254,2.8428778924704963,9.380583754240387
"2025-02-04 07:12:54.0000",9.05,85.29,1.7282757759094238,3.0857973845493865,9.826949808183466
"2025-02-04 07:42:49.0000",9.13,85.17,1.9686834812164307,3.4326334380199603,10.708555147847902
"2025-02-04 08:12:44.0000",9.12,84.89,2.111804962158203,3.3811629936499434,12.349874296497463
"2025-02-04 08:42:39.0000",9.74,84.24,1.8119851350784302,3.0864479880806543,9.339272148021653
"2025-02-04 09:12:34.0000",9.89,83.8,1.7080986499786377,3.068867730427138,11.644549545505352
"2025-02-04 09:42:29.0000",9.58,84.18,1.605284333229065,2.9527716441237395,10.714856565975978
"2025-02-04 10:12:23.0000",9.57,84.49,1.5957086086273193,3.0044878372431834,10.290387538983039
"2025-02-04 10:42:17.0000",9.56,84.7,1.5993541479110718,2.9221155378770773,9.568334923355534
"2025-02-04 11:12:12.0000",8.79,86.17,1.2610810995101929,2.620407140752515,8.352514224194111
"2025-02-04 11:42:07.0000",8.62,87.34,1.2891120910644531,2.4711878698304277,8.286081619570561
"2025-02-04 12:12:03.0000",9.05,87.31,0.6135717630386353,1.7965064206145271,6.5745528293949205
"2025-02-04 12:41:58.0000",9.28,87.44,0.6866807341575623,1.6066993516511334,5.898191092269039
"2025-02-04 13:11:47.0000",7.32,90.23,1.8891429901123047,2.2370499290015218,9.679995466489814
"2025-02-04 13:41:43.0000",7.42,91.3,1.5101927518844604,2.215374890384468,7.894441568590329
"2025-02-04 14:11:40.0000",8.47,89.93,1.1963361501693726,2.3269458489039017,6.5238495964983825
"2025-02-04 14:41:35.0000",8.64,87.39,0.9402778744697571,2.291741001332058,7.980401248747505
"2025-02-04 15:11:31.0000",9.28,86.65,1.1756043434143066,2.550393984884598,8.479627619424669
"2025-02-04 15:41:28.0000",10.77,84.54,1.5791196823120117,3.3043539602030227,11.324247102270261
"2025-02-04 16:41:13.0000",8.17,83.19,3.4739978313446045,4.959601253096031,13.668361215274926
"2025-02-04 17:11:07.0000",7.9,83.15,4.6453471183776855,6.343162616632066,14.612770751050675
"2025-02-04 17:41:01.0000",7.56,83.26,4.56757116317749,5.984757645698036,16.59193204033165
"2025-02-04 19:10:45.0000",6.72,82.61,2.10310959815979,3.6914606078377306,11.51466833232391
"2025-02-04 19:40:40.0000",6.67,82.27,1.7742396593093872,3.1859454649055703,12.052638847761951
"2025-02-04 20:10:34.0000",6.58,82.32,1.4534151554107666,2.7135825542340726,9.722007358299315
"2025-02-04 20:40:30.0000",6.44,81.31,1.184357762336731,2.8894324257991135,10.483084267782738
"2025-02-04 21:10:24.0000",6.03,81.41,1.3219314813613892,2.7286348006388543,9.282282172748658
"2025-02-04 21:40:18.0000",5.58,82.17,1.5060884952545166,2.82679558324849,8.873948935456882
"2025-02-04 22:10:12.0000",5.39,82.77,1.2107917070388794,2.6043395169003323,8.958199299166404
"2025-02-04 22:40:05.0000",4.9,83.1,1.2277038097381592,2.3436792932664505,9.858652586527436
"2025-02-04 23:09:59.0000",4.48,83.74,1.2093214988708496,2.4370087262663707,7.595212013348031
"2025-02-04 23:39:54.0000",4.32,84.16,1.2134064435958862,2.3548801480066226,9.11221739097234
"2025-02-05 00:09:47.0000",3.93,84.28,1.0317755937576294,2.2416370809691855,8.260926768862408
"2025-02-05 00:39:42.0000",3.67,84.14,0.9949370622634888,2.3198742567183475,7.473474471654431
"2025-02-05 01:09:37.0000",3.95,84.47,1.021412968635559,2.173942295691962,7.93896241104006
"2025-02-05 01:39:32.0000",3.8,84.32,1.133055329322815,2.4010885000191973,8.4620939632491
"2025-02-05 02:09:28.0000",3.97,84.56,1.1996619701385498,2.3511516431682935,8.298461773526421
"2025-02-05 02:39:22.0000",3.81,85.02,1.6066477298736572,2.5996445830094936,10.611580566719134
"2025-02-05 03:09:17.0000",3.79,85.37,1.2791701555252075,2.282319993666232,8.666325882456686
"2025-02-05 03:39:12.0000",4.14,85.51,1.3567218780517578,2.5675393904647605,8.826625680729402
"2025-02-05 04:09:06.0000",4.16,85.49,1.8358067274093628,2.808300992099501,10.413445324271658
"2025-02-05 04:39:02.0000",4.17,85.54,1.4870797395706177,2.633752100275834,9.668097516914813
"2025-02-05 05:08:57.0000",3.83,85.8,1.6364725828170776,2.9026111571200244,10.015510349298728
"2025-02-05 05:38:49.0000",2.8,86.29,1.695607304573059,3.02018739568427,9.74289470543304
"2025-02-05 06:08:45.0000",3.62,86.36,1.5053112506866455,2.313843108734841,9.799049729730726
"2025-02-05 06:38:42.0000",4.21,85.68,1.425686240196228,2.645179659027093,9.298560321013678
"2025-02-05 07:08:36.0000",3.74,85.87,1.4744511842727661,2.6481806484055124,8.759925095280012
"2025-02-05 07:38:29.0000",3.79,86.41,1.7729171514511108,2.87590671019788,11.55094522869504
"2025-02-05 08:08:24.0000",4.28,86.25,1.7218388319015503,2.874382404117213,9.831291810114312
"2025-02-05 08:38:19.0000",4.42,86.15,1.96066415309906,3.0517263757476214,8.74994986732996
"2025-02-05 09:08:16.0000",6.15,82.98,2.127291202545166,3.3429796334770274,10.247811639472957
"2025-02-05 09:38:16.0000",9.44,77.94,2.0347774028778076,3.3370854183814984,7.560262675488158
"2025-02-05 10:08:11.0000",9.78,78.52,2.389373302459717,3.8606805286190067,12.728534694076044
"2025-02-05 10:38:08.0000",9.04,78.14,2.422924041748047,3.9370844011794683,14.62057750842019
"2025-02-05 11:08:01.0000",8.64,79.45,2.9036881923675537,4.503895069817831,12.336213768057426
"2025-02-05 11:37:56.0000",9.11,78.43,2.119018316268921,3.763825894303028,14.763399328584898
"2025-02-05 12:07:50.0000",8.23,79.1,2.431164026260376,4.05279843057647,12.489467705186897
"2025-02-05 12:37:47.0000",8.59,78.82,2.2302401065826416,3.592373637632007,12.383266576337434
"2025-02-05 13:07:40.0000",7.72,79.39,2.2577695846557617,3.718444858228593,11.042702629791783
"2025-02-05 13:37:37.0000",9.16,79.35,2.2646877765655518,3.746561080082162,12.935390560441036
"2025-02-05 14:07:34.0000",11,79.23,2.2498223781585693,4.0446345820399365,14.029454565341155
"2025-02-05 15:07:26.0000",11.43,75.18,1.908172607421875,4.0070158463786925,13.894907940533876
"2025-02-05 15:37:21.0000",10.88,75.12,2.291703939437866,4.146530816746013,14.027100110730512
"2025-02-05 16:07:11.0000",8.47,74.16,2.3924779891967773,4.347337068759269,14.266159747660888
"2025-02-05 16:37:01.0000",6.19,75.85,2.4900147914886475,4.107372443646391,12.82208697842716
"2025-02-05 17:06:54.0000",4.49,76.53,2.789332866668701,4.500205597503197,13.04144323907687
"2025-02-05 18:06:41.0000",3.1,77.93,3.00848126411438,4.131003162080471,13.20024709145806
"2025-02-05 18:36:36.0000",2.85,78.52,2.820894956588745,3.6673132027649777,11.660862835802092
"2025-02-05 19:06:31.0000",2.6,78.73,3.3182828426361084,4.563118154520168,14.91418651669125
"2025-02-05 19:36:23.0000",2.16,78.95,3.774590253829956,4.846903884763332,17.221418724563645
"2025-02-05 20:06:17.0000",1.92,79.19,4.334438323974609,5.311571500093114,15.555556335693993
"2025-02-05 20:36:12.0000",1.64,79.44,4.5867390632629395,5.836346570701526,17.857114889228804
"2025-02-05 21:36:01.0000",1.1,79.95,4.34685754776001,5.4379742331001175,14.615449606111868
"2025-02-05 22:05:56.0000",0.89,80.06,3.7855782508850098,4.9935807687819125,16.011095987244506
"2025-02-05 22:35:51.0000",0.77,80.38,4.241398811340332,5.292913157556599,18.504885540736
"2025-02-05 23:05:45.0000",0.45,80.47,4.223898887634277,5.267229314375104,16.496415678980483
"2025-02-06 00:05:35.0000",0.29,80.71,4.476049423217773,5.667883495210952,17.16651785951771
"2025-02-06 00:35:30.0000",0.18,80.89,4.363525867462158,5.136455050590822,16.962146235793973
"2025-02-06 01:05:24.0000",0.5,81.55,7.1419477462768555,7.8949743186808,18.74131583483453
"2025-02-06 02:05:14.0000",-0.29,81.72,8.097748756408691,9.144667220641352,18.88536785528649
"2025-02-06 02:35:08.0000",0.14,82.27,8.25522518157959,9.018180123184033,17.001686630853637
"2025-02-06 03:05:03.0000",0.17,82.73,6.4103102684021,7.116010392654454,16.45375572098303
"2025-02-06 03:34:57.0000",-0.29,82.95,6.930968761444092,7.250894240504295,17.00900547843552
"2025-02-06 04:04:52.0000",-0.01,82.87,7.186615943908691,7.835270328871893,16.71530209756105
"2025-02-06 04:34:47.0000",-0.14,83.46,21.38929557800293,23.41108039460226,22.883610734387794
"2025-02-06 05:04:41.0000",-0.66,83.59,48.92091751098633,53.04680820996847,74.5601573932374
"2025-02-06 05:34:34.0000",-1.03,84.07,60.206939697265625,64.59368371533175,58.32924752273702
"2025-02-06 06:04:29.0000",-0.99,84.27,39.877933502197266,46.18373174788535,39.22659737945748
"2025-02-06 06:34:24.0000",-0.7,84.46,114.26166534423828,128.95329199680913,166.5326623082625
"2025-02-06 07:04:20.0000",-0.28,84.59,107.95836639404297,124.10481622412883,86.54701014562357
"2025-02-06 07:34:15.0000",-0.47,84.74,153.2911376953125,174.84931288680247,161.3040969438812
"2025-02-06 08:04:09.0000",-0.78,85.15,170.89442443847656,196.17541269333697,121.64901417491521
"2025-02-06 08:34:04.0000",-0.93,85.46,124.4103775024414,141.6978920311962,129.94588833364287
"2025-02-06 09:04:00.0000",-0.58,86.03,103.26422882080078,120.19060109057214,151.76019822292156
"2025-02-06 09:33:58.0000",2.26,84.09,35.66659164428711,41.89404584558643,39.62674651940562
"2025-02-06 10:03:58.0000",4.66,82.05,8.548932075500488,9.727393798454733,12.617328160726382
"2025-02-06 10:33:57.0000",6.73,81.97,6.150155067443848,7.626184139710361,11.521693851552172
"2025-02-06 11:03:56.0000",8.6,82,3.9132943153381348,4.958130313236904,11.071150403672256
"2025-02-06 11:33:55.0000",10.12,81.52,3.1265766620635986,4.357860659336424,10.312090407742174
"2025-02-06 12:03:53.0000",11.33,81.37,3.7881991863250732,4.826955785494507,11.978990838661533
"2025-02-06 12:33:52.0000",12.87,78.13,3.2424910068511963,4.765802234283226,12.5648511517192
"2025-02-06 13:03:43.0000",11.64,79.88,4.0027618408203125,5.66672158463349,11.71343783541689
"2025-02-06 13:33:40.0000",12.26,79.45,3.733008861541748,5.481955597699616,14.832800383339192
"2025-02-06 14:03:36.0000",12.1,77.79,2.7037370204925537,4.465097989503277,15.151472174059974
"2025-02-06 14:33:30.0000",12.19,75.95,3.7956228256225586,5.805085440164888,16.10402068057361
"2025-02-06 15:03:24.0000",11.66,73.34,3.3428168296813965,5.227078945600373,14.72871013452125
"2025-02-06 15:33:17.0000",10.94,71.73,3.1417832374572754,5.13391042669738,10.76767333747837
"2025-02-06 16:03:10.0000",9.51,69.27,2.1615524291992188,4.182374748109299,14.716597450098703
"2025-02-06 16:33:00.0000",7.28,69.6,2.4895052909851074,4.376708938342638,12.37646419036001
"2025-02-06 17:02:53.0000",6.01,69.72,2.3885912895202637,4.365401093941013,15.871437003023962
"2025-02-06 17:32:46.0000",5.28,70.24,2.6908655166625977,4.554684022248342,13.515161885332212
"2025-02-06 18:02:38.0000",4.77,71.07,2.8339662551879883,4.220156355615085,14.038402586694799
"2025-02-06 18:32:32.0000",4.16,71.62,3.0451507568359375,4.48865945485218,13.576543810456482
"2025-02-06 19:02:26.0000",3.4,72.16,4.220606803894043,5.601473773754471,13.878026017327539
"2025-02-06 19:32:19.0000",2.72,72.64,5.468533992767334,6.163473090783754,13.20774445345541
"2025-02-06 20:02:13.0000",2.37,73.16,7.697179794311523,8.017734155909837,14.506314884943428
"2025-02-06 20:32:07.0000",1.93,73.45,10.048463821411133,10.411109109484936,15.060143736547932
"2025-02-06 21:01:59.0000",0.84,73.85,14.488541603088379,14.906306873941375,20.6947834528475
"2025-02-06 21:31:53.0000",0.19,74.08,17.274988174438477,19.36035251725113,21.435666239130075
"2025-02-06 22:01:46.0000",-0.35,74.86,18.148601531982422,20.330717785910362,26.299534973040974
"2025-02-06 22:31:40.0000",-0.38,75.5,19.460691452026367,21.60633052128123,23.646664219764364
"2025-02-06 23:01:36.0000",0.45,75.39,14.82738971710205,15.965137821484717,17.88390704281601
"2025-02-06 23:31:30.0000",-0.13,75.46,13.555665969848633,14.715287123811876,18.11256627998176
"2025-02-07 00:01:22.0000",-1.02,76.08,13.2992525100708,14.94940729587606,18.753368833481865
"2025-02-07 00:31:20.0000",0.25,76.87,5.373902320861816,6.523489190876153,12.63718892343398
"2025-02-07 01:01:15.0000",0.72,77.15,5.232638835906982,6.262013305494398,11.082538035527417
"2025-02-07 01:31:10.0000",0.48,77.47,5.857933044433594,6.8168791236269906,11.908789483807695
"2025-02-07 02:01:02.0000",0.06,78.05,5.9026360511779785,6.598038251283217,13.4174771538175
"2025-02-07 02:30:58.0000",0.33,78.54,4.792118549346924,5.836111382355233,12.628260356042487
"2025-02-07 03:00:54.0000",0.41,78.68,3.8710432052612305,4.944033944943502,11.126710190031313
"2025-02-07 03:30:47.0000",0.18,79.28,3.247682809829712,4.121401428894777,11.060611026380167
"2025-02-07 04:00:43.0000",0.19,79.65,2.695833444595337,3.786300002117149,10.968514927238077
"2025-02-07 04:30:39.0000",1.07,80.06,2.3472652435302734,3.3566307235902384,10.707174207105751
"2025-02-07 05:00:35.0000",1.44,80.33,2.1998789310455322,3.528960632811256,10.134304840843875
"2025-02-07 05:30:30.0000",1.37,80.59,2.370725631713867,3.508797223411776,11.371960506981582
"2025-02-07 06:00:25.0000",1.3,80.97,2.2233660221099854,3.3808747017943097,11.138676567215931
"2025-02-07 07:00:15.0000",1.91,81.56,2.6785948276519775,3.789745847332029,13.324128304155428
"2025-02-07 08:00:07.0000",2.65,81.57,2.717094659805298,4.011473070242238,13.368209664682656
"2025-02-07 08:30:02.0000",3.07,81.7,2.580860137939453,3.808562567800818,12.261204305639104
"2025-02-07 08:59:57.0000",3.18,81.62,2.4762017726898193,3.7287584467170847,11.578050567688898
"2025-02-07 09:29:53.0000",3.54,81.75,2.3786816596984863,3.486550383823466,11.289721341503755
"2025-02-07 09:59:49.0000",4.93,82.15,2.6878864765167236,3.8939419517337517,11.428983538578
"2025-02-07 10:29:46.0000",4.75,80.7,2.9317219257354736,4.227075632360506,13.065421493378093
"2025-02-07 10:59:41.0000",5.89,80.1,2.613760471343994,3.9996291472099585,14.037355595553532
"2025-02-07 11:29:36.0000",5.85,78.64,2.4396209716796875,3.9292156799479665,11.075851115531153
"2025-02-07 11:59:30.0000",5.4,78.12,2.458291530609131,3.987709363618826,14.580388218923096
"2025-02-07 12:29:25.0000",5.23,78.35,2.996009349822998,4.609151590623055,16.045857194111406
"2025-02-07 12:59:20.0000",5.23,77.85,2.9434523582458496,4.448293755591976,11.163607277877752
"2025-02-07 13:29:15.0000",5.3,77.12,3.1528425216674805,4.740671951159609,12.682515523649988
"2025-02-07 14:29:08.0000",5.71,75.11,2.9499566555023193,4.6304120509955276,14.2865446211204
"2025-02-07 14:59:02.0000",5.25,75.21,2.7428956031799316,4.339607352213897,11.483235969736253
"2025-02-07 15:28:56.0000",5.2,75.09,2.873225688934326,4.419158892826815,12.11561729919368
"2025-02-07 15:58:51.0000",4.99,74.35,2.8735458850860596,4.61859478187052,14.46263553267278
"2025-02-07 16:28:46.0000",4.65,74.21,3.0082037448883057,4.802594972027643,13.290984052704776
"2025-02-07 16:58:40.0000",4.34,74.1,3.25542950630188,4.916513683560454,13.562794294063467
"2025-02-07 17:28:34.0000",4.28,74.17,3.4792544841766357,5.246512095049361,14.95753574339569
"2025-02-07 17:58:28.0000",4.17,74.25,3.400395393371582,5.0064634765936145,13.61737359186405
"2025-02-07 18:28:23.0000",4.09,74.3,2.9471518993377686,4.410926336224633,10.47394226636002
"2025-02-07 18:58:18.0000",4,74.38,3.037121295928955,4.908040587245117,16.21235601007335
"2025-02-07 19:28:13.0000",3.92,74.31,2.8004932403564453,4.375069352511878,11.268288561993787
"2025-02-07 19:58:08.0000",3.79,74.13,2.8669943809509277,4.564422927457194,12.63308645319319
"2025-02-07 20:28:02.0000",3.69,74.48,3.1179521083831787,4.630229110771512,11.659389239881852
"2025-02-07 20:57:57.0000",3.59,74.79,2.966573715209961,4.350883671727817,12.331732683919782
"2025-02-07 21:27:52.0000",3.56,75.21,3.385070562362671,4.873098490795939,14.268839088554781
"2025-02-07 21:57:45.0000",2.89,76.12,4.091907978057861,5.55489903714858,12.68541440574205
"2025-02-07 22:27:40.0000",3.31,76.16,3.6403815746307373,5.330778156615627,15.620943031265417
"2025-02-07 22:57:35.0000",3.32,76.25,3.620391368865967,4.92968558788017,12.122537381350309
"2025-02-07 23:27:30.0000",2.76,77.19,3.209094524383545,4.67434030665005,15.054479876830598
"2025-02-07 23:57:25.0000",2.95,76.93,3.1616222858428955,4.394458750709535,13.21689302307403
"2025-02-08 00:27:18.0000",2.31,77.84,3.6494293212890625,5.12069130959514,13.730354771764876
"2025-02-08 00:57:12.0000",1.88,79.18,3.6703906059265137,5.039043838343471,14.206497904196787
"2025-02-08 01:27:06.0000",1.73,79.75,3.69433856010437,4.8444771359205685,13.822922950762308
"2025-02-08 02:26:57.0000",2.03,79.74,3.6025092601776123,4.637930279100421,8.487954418812397
"2025-02-08 02:56:51.0000",1.7,79.79,4.015043258666992,4.896230728512861,11.084723164761238
"2025-02-08 03:26:46.0000",1.66,80.06,6.868977069854736,7.277450055886377,12.915437776512784
"2025-02-08 03:56:40.0000",1.58,80.21,6.359472274780273,6.88367958822908,14.269267923998937
"2025-02-08 04:56:30.0000",1.71,80.6,6.653320789337158,7.218102794986807,11.087906780124039
"2025-02-08 05:26:23.0000",1.57,80.85,6.6549835205078125,7.601527113279544,12.023709536221418
"2025-02-08 05:56:18.0000",1.61,81.01,6.227729797363281,6.9628864202825,11.336768295850733
"2025-02-08 06:26:14.0000",1.73,81.27,5.919380187988281,6.820021750465165,10.33054344138265
"2025-02-08 06:56:09.0000",1.72,81.27,5.498813152313232,6.387851374574787,10.482225451587393
"2025-02-08 07:26:04.0000",1.76,81.55,5.7245259284973145,6.52919610790401,10.587697550196635
"2025-02-08 07:55:59.0000",1.81,81.66,6.277927398681641,7.4511237766566385,11.460734388491336
"2025-02-08 08:25:54.0000",1.73,81.8,6.692270755767822,7.467274167989643,11.669803121005272
"2025-02-08 08:55:50.0000",1.99,82.2,7.616343021392822,8.74098410703276,13.274267357835399
"2025-02-08 09:25:45.0000",2.38,82.3,9.610350608825684,11.106430130904359,12.248533170255778
"2025-02-08 09:55:41.0000",2.74,82.58,10.50129222869873,11.882228746054682,16.77646878227376
"2025-02-08 10:25:37.0000",3.12,82.71,11.02978229522705,12.938989512679164,14.417037379629045
"2025-02-08 10:55:33.0000",3.38,82.94,10.27007007598877,11.683028980883117,14.5054207866188
"2025-02-08 11:25:27.0000",3.51,82.99,11.541342735290527,12.94220390454137,14.178007890863938
"2025-02-08 11:55:22.0000",3.71,83.08,12.072361946105957,13.438930886677037,16.97648766155119
"2025-02-08 12:25:17.0000",3.82,83.2,11.139774322509766,13.157959251449448,14.42062525840262
"2025-02-08 12:55:12.0000",3.91,83.22,11.346233367919922,12.929324395886029,14.956512264753224
"2025-02-08 13:55:00.0000",4.1,83.25,13.242258071899414,15.38112959607586,15.370461744794547
"2025-02-08 14:24:55.0000",4.22,83.35,13.543598175048828,15.544927011827886,16.551480553077887
"2025-02-08 14:54:49.0000",4.3,83.36,15.329862594604492,17.433401901383284,17.39843459471018
"2025-02-08 15:24:44.0000",4.19,83.42,16.015172958374023,17.753579715597485,18.630986773407006
"2025-02-08 15:54:40.0000",4.15,83.56,18.53487205505371,21.17851127536073,21.979176976003824
"2025-02-08 16:24:35.0000",4.12,83.67,18.754518508911133,20.603965565075246,19.760927190404523
"2025-02-08 16:54:29.0000",4.13,83.76,17.796377182006836,20.050849319735352,19.624794278212295
"2025-02-08 17:54:18.0000",3.91,84.19,19.204078674316406,21.351487388673842,20.559205463410663
"2025-02-08 18:24:12.0000",3.72,84.69,19.131168365478516,21.51397325022917,21.467405628390416
"2025-02-08 18:54:06.0000",3.26,85.31,23.19767951965332,26.47836781486647,23.704568650306662
"2025-02-08 19:24:01.0000",3.12,85.71,25.370960235595703,29.41718771353667,25.429417997735467
"2025-02-08 19:53:57.0000",3,85.78,26.8638858795166,30.887427416486922,25.90071242596596
"2025-02-08 20:23:51.0000",3,85.86,23.995134353637695,27.899697873145318,23.214050873255818
"2025-02-08 20:53:47.0000",2.99,85.94,23.836706161499023,28.09722971016917,23.432370165486258
"2025-02-08 21:23:41.0000",2.98,86.12,24.12116050720215,28.321564873795285,24.428523180864854
"2025-02-08 22:23:31.0000",3.07,86.26,24.686811447143555,28.134607335115238,23.854750612567756
"2025-02-08 22:53:27.0000",3.1,86.36,23.837642669677734,26.731593007462173,23.74692928216575
"2025-02-08 23:23:22.0000",3.19,86.54,23.804166793823242,27.56480778492223,22.72932359273483
"2025-02-09 00:23:10.0000",3.14,87.2,24.3631649017334,27.386207802251946,23.770002273854697
"2025-02-09 01:22:59.0000",3.17,87.82,24.82528305053711,28.14848925299152,19.643213074734547
"2025-02-09 01:52:54.0000",3.18,88.12,21.8618106842041,24.968581438647938,20.29757895759236
"2025-02-09 02:22:48.0000",3.23,88.3,23.216182708740234,27.048714382155943,22.9490394137367
"2025-02-09 03:22:39.0000",3.25,88.63,25.41752052307129,29.34960661693779,23.45623982130387
"2025-02-09 03:52:33.0000",3.37,88.84,28.83614730834961,33.07440234333621,26.990027436531413
"2025-02-09 04:22:28.0000",3.46,89.21,24.841964721679688,29.031907035922796,23.55292352570389
"2025-02-09 04:52:22.0000",3.48,89.44,23.45952606201172,27.312721010278537,22.70267409616709
"2025-02-09 05:22:18.0000",3.54,89.82,20.57897186279297,23.764548072210477,19.60083626586925
"2025-02-09 05:52:12.0000",3.21,89.95,14.314923286437988,16.390649234681916,14.14620480331178
"2025-02-09 06:22:09.0000",3.5,90.46,11.17551040649414,12.91663572778639,12.211787447804644
"2025-02-09 06:52:04.0000",3.76,90.08,11.134330749511719,12.760011482173898,12.010267747762493
"2025-02-09 07:21:59.0000",3.99,90.11,12.837950706481934,15.639162399591761,14.088736844122838
"2025-02-09 07:51:54.0000",4.45,90.4,22.321117401123047,27.304417005494233,22.505484306657863
"2025-02-09 08:21:49.0000",4.75,90.67,27.708641052246094,33.38389372530145,27.51310479572644
"2025-02-09 08:51:44.0000",5,91.23,32.59001541137695,39.42559157597865,32.50422493224723
"2025-02-09 09:21:40.0000",5.23,91.38,29.089048385620117,35.64083665492331,29.453460675712783
"2025-02-09 09:51:35.0000",5.37,91.6,32.226715087890625,38.438114704535685,33.111249481198456
"2025-02-09 10:21:31.0000",5.67,91.78,26.89124870300293,32.423076073676796,26.604621403500314
"2025-02-09 10:51:27.0000",5.87,91.62,27.75133514404297,32.819223303760864,27.106697232068914
"2025-02-09 11:21:21.0000",5.96,91.76,24.617422103881836,29.18948874634764,24.40159726385423
"2025-02-09 11:51:16.0000",6.16,91.54,24.95183563232422,29.542956244909234,25.076727196863313
"2025-02-09 12:21:12.0000",6.36,91.46,19.803436279296875,23.43237737767092,22.568444901396603
"2025-02-09 12:51:07.0000",6.53,91.3,20.819673538208008,24.735709888895105,22.225253640226093
"2025-02-09 13:21:02.0000",7.02,91.11,22.41590690612793,26.62676433308437,26.309794851446725
"2025-02-09 13:50:56.0000",6.84,90.78,21.090585708618164,24.905138232377723,23.16241662535246
"2025-02-09 14:20:51.0000",6.67,90.45,20.54547691345215,24.398364548979682,23.05827773995445
"2025-02-09 14:50:47.0000",6.56,90.51,19.995479583740234,23.571105324215168,22.00984849380191
"2025-02-09 15:20:41.0000",6.4,90.37,20.71743392944336,24.26717625331881,23.212971565327614
"2025-02-09 15:50:35.0000",6.2,90.18,19.134723663330078,22.114260393854032,21.59728492927789
"2025-02-09 16:20:29.0000",6.04,90.13,18.661304473876953,21.579766375080098,19.612982995784204
"2025-02-09 16:50:23.0000",5.93,90.05,16.68746566772461,19.90108972993268,19.2737151618362
"2025-02-09 17:20:19.0000",5.85,89.86,14.397567749023438,17.1935796101891,17.01342097099811
"2025-02-09 17:50:12.0000",5.71,89.59,15.367706298828125,18.128120822687233,18.194772497053073
"2025-02-09 19:19:57.0000",5.48,88.97,14.067334175109863,16.549817762823963,17.38731703144884
"2025-02-09 19:49:52.0000",5.47,88.66,12.577780723571777,14.730028243967714,16.323575004388307
"2025-02-09 20:19:46.0000",5.43,88.41,13.297074317932129,15.430639733723861,17.09959361569634
"2025-02-09 20:49:40.0000",5.48,88.12,11.582097053527832,13.276438188134833,14.468090448090184
"2025-02-09 21:19:35.0000",5.5,87.65,9.718461990356445,11.646475977545617,13.927797225051348
"2025-02-09 21:49:30.0000",5.46,87.38,10.601207733154297,12.450172426911374,14.297453952035568
"2025-02-09 22:19:24.0000",5.38,87.3,10.47367000579834,12.491159940598624,15.611119221690307
"2025-02-09 22:49:19.0000",5.33,87.06,9.439948081970215,11.379548072456757,14.108963456984156
"2025-02-09 23:19:13.0000",5.2,86.91,8.65054988861084,10.449975492581556,14.558429837352328
"2025-02-09 23:49:08.0000",4.95,86.87,6.882096290588379,8.27192280879199,11.944561389188415
"2025-02-10 00:19:02.0000",4.74,86.93,5.181099891662598,6.811754977920094,9.468471492625614
"2025-02-10 00:48:57.0000",4.45,86.76,6.065919876098633,7.616758984282809,10.258838864984778
"2025-02-10 01:18:51.0000",4.38,86.87,7.2117018699646,8.838184706740293,11.100840527793913
"2025-02-10 01:48:46.0000",4.37,86.73,7.583620071411133,9.236936050924134,11.632500003751804
"2025-02-10 02:18:40.0000",4.3,86.62,6.068890571594238,7.511768965491634,10.11759987243313
"2025-02-10 02:48:36.0000",4.19,86.51,4.763245105743408,6.224369506705021,9.745507813736618
"2025-02-10 03:18:30.0000",3.98,86.28,5.46351957321167,6.6323351896399565,9.765070516517753
"2025-02-10 03:48:25.0000",3.89,86.32,5.340024471282959,6.791804675462165,9.567276429300847
"2025-02-10 04:48:17.0000",3.84,86.32,5.712218761444092,7.197311636636415,9.956894407463583
"2025-02-10 05:18:12.0000",3.82,86.49,5.293954372406006,6.6695647337006045,9.489725525674867
"2025-02-10 05:48:07.0000",3.72,86.98,8.468375205993652,10.207773017167924,10.649160462450922
"2025-02-10 06:18:03.0000",3.86,86.96,8.938691139221191,10.902280175304318,13.378935843405715
"2025-02-10 06:47:58.0000",3.72,87.21,4.042885780334473,5.12399504244906,8.37998455984527
"2025-02-10 07:47:49.0000",3.97,87.29,9.274768829345703,10.576020147946103,14.745429766722594
"2025-02-10 08:17:43.0000",3.64,87.63,8.3156099319458,9.710684274922158,13.158968700590297
"2025-02-10 08:47:37.0000",3.46,88.09,8.195775985717773,9.51288857139595,13.044438326991267
"2025-02-10 09:47:28.0000",3.98,87.47,5.258267402648926,6.546745241159233,9.461762192073426
"2025-02-10 10:47:18.0000",4.64,86.01,5.191613674163818,6.4510392354818125,10.540100777690713
"2025-02-10 11:17:12.0000",4.82,85.91,5.002178192138672,6.664454152642956,11.028824170985228
"2025-02-10 11:47:07.0000",4.7,85.36,5.338184833526611,6.690010015196306,11.30048661503155
"2025-02-10 12:17:02.0000",4.78,85.35,4.177114009857178,5.348372679839684,10.167368851808694
"2025-02-10 12:46:57.0000",4.74,85.18,3.422675132751465,4.640182890242634,9.404822102783193
"2025-02-10 13:16:53.0000",5.18,84.83,2.752225637435913,3.982814177635104,8.14316950682551
"2025-02-10 13:46:48.0000",5.05,84.24,2.054471492767334,3.26451716145493,8.327742842499735
"2025-02-10 14:16:43.0000",4.98,84.16,2.019747495651245,3.3598831769189683,7.9759853622008094
"2025-02-10 15:16:32.0000",4.61,84.64,2.97499418258667,4.337824479811378,9.255261756660998
"2025-02-10 16:46:16.0000",4.55,84.46,1.8517876863479614,3.1215694453830785,7.537814926906678
"2025-02-10 17:16:10.0000",4.43,84.48,1.5589399337768555,2.8205349009545766,7.865056591481365
"2025-02-10 17:46:05.0000",4.28,84.61,2.176762819290161,3.4511724202055585,8.333259734292245
"2025-02-10 18:15:59.0000",4.17,84.64,3.1993820667266846,4.364186337712769,8.754037109251252
"2025-02-10 18:45:54.0000",3.68,85.28,4.824985027313232,6.3657450141104865,9.942141763367193
"2025-02-10 19:15:47.0000",3.46,85.92,5.853747844696045,7.500831067151952,11.89999546072218
"2025-02-10 19:45:42.0000",3.23,86.39,8.286688804626465,9.728101927344353,13.974668153844547
"2025-02-10 20:15:36.0000",3.06,86.75,9.687220573425293,11.693569182624138,14.61492799959738
"2025-02-10 20:45:31.0000",2.93,86.67,8.513224601745605,10.101187372314845,14.836680302886455
"2025-02-10 21:15:25.0000",2.86,86.88,10.334146499633789,12.058324824363437,17.674354288408736
"2025-02-10 21:45:20.0000",2.89,87.23,10.807232856750488,12.585128809648374,17.294701092121567
"2025-02-10 22:15:15.0000",2.87,87.71,10.233349800109863,12.116002371646449,14.094858475128456
"2025-02-10 22:45:09.0000",2.85,88.19,11.187827110290527,13.207744202489451,17.562825384506027
"2025-02-10 23:15:04.0000",2.84,88.57,11.27601146697998,13.082941819645624,18.058987788160735
"2025-02-10 23:44:58.0000",2.78,88.73,7.455590724945068,9.062329923186896,10.85106165973993
"2025-02-11 00:14:54.0000",2.63,89.15,5.762811660766602,6.981989977564541,9.915218290968221
"2025-02-11 00:44:47.0000",2.53,89.26,5.798482894897461,7.3195602105523925,9.560857728176288
"2025-02-11 01:44:37.0000",2.74,89.19,5.6249284744262695,7.071769739834877,11.651321950505073
"2025-02-11 02:14:32.0000",2.76,89.17,7.137621879577637,8.941028414479982,12.216842725732468
"2025-02-11 02:44:26.0000",2.72,89.3,6.99001932144165,8.58361746362019,9.37836606942273
"2025-02-11 03:14:21.0000",2.79,89.45,6.281580924987793,7.485416928121154,10.946420853674711
"2025-02-11 03:44:17.0000",2.83,89.47,6.485991477966309,8.057249080500112,10.173100221936723
"2025-02-11 04:14:12.0000",2.91,89.64,6.827579021453857,7.8313592881247835,9.449317663931836
"2025-02-11 04:44:06.0000",2.98,89.68,8.5081787109375,9.822605509204964,11.43676643887065
"2025-02-11 05:14:02.0000",3.17,89.91,12.630171775817871,14.201293812612379,15.48533334332777
"2025-02-11 05:43:56.0000",3.32,89.83,13.793413162231445,15.884435881061544,17.209242308592316
"2025-02-11 06:13:50.0000",3.35,89.85,14.408239364624023,16.52489723022809,17.60102279611707
"2025-02-11 06:43:44.0000",3.36,90.01,16.490346908569336,19.01883096394296,20.259586404416716
"2025-02-11 07:43:34.0000",3.7,90.11,16.756969451904297,18.749381622425535,19.460666411899012
"2025-02-11 08:13:28.0000",3.85,90.2,14.924589157104492,16.75087316141444,18.878006868988514
"2025-02-11 08:43:23.0000",3.99,90.27,14.949049949645996,16.713042030563663,17.9839317295425
"2025-02-11 09:13:18.0000",4.1,90.31,13.701107025146484,15.106741286277693,17.91936563484483
"2025-02-11 09:43:13.0000",4.27,90.36,13.795063018798828,15.25455939738943,17.04591045646182
"2025-02-11 10:13:08.0000",4.43,90.44,14.103589057922363,15.471682897548403,15.243257710213888
"2025-02-11 10:43:02.0000",4.54,90.32,13.788312911987305,15.629477040755233,17.65585903193656
"2025-02-11 11:12:57.0000",4.6,90.37,12.888204574584961,14.476078715726223,17.56800292086656
"2025-02-11 11:42:51.0000",4.67,90.32,12.375004768371582,13.7883492938123,16.30349845722651
"2025-02-11 12:12:47.0000",4.72,90.22,13.978282928466797,15.714500938619793,20.092382250968097
"2025-02-11 12:42:41.0000",4.81,90.31,14.364701271057129,16.31206222188833,21.113235033837878
"2025-02-11 13:12:36.0000",4.9,90.19,15.247313499450684,17.720935951959078,22.294704526509122
"2025-02-11 13:42:31.0000",4.92,90.1,14.773533821105957,17.121763047639096,25.63483913178465
"2025-02-11 14:12:25.0000",4.83,90.31,12.480701446533203,14.42957519361261,22.488398695951926
"2025-02-11 14:42:21.0000",4.79,90.13,11.417896270751953,13.074433016859771,17.268497631286767
"2025-02-11 15:12:13.0000",4.12,91.39,11.765533447265625,13.594098275153433,19.3602242346722
"2025-02-11 15:42:07.0000",4.02,91.79,12.651534080505371,14.837846314593325,18.8880011989331
"2025-02-11 16:12:02.0000",3.83,92.27,12.185222625732422,14.344869460081684,18.879226072245842
"2025-02-11 16:41:57.0000",3.96,92.03,12.920421600341797,15.032927576992632,19.07767494603898
"2025-02-11 17:11:52.0000",3.77,91.93,12.751126289367676,14.868612689237743,19.640455991677225
"2025-02-11 17:41:46.0000",3.56,92.07,13.30494213104248,15.613131487270898,18.889856339477053
"2025-02-11 18:11:41.0000",3.47,92.58,12.431199073791504,14.151856914550963,17.500559497134578
"2025-02-11 18:41:37.0000",3.53,92.85,13.443890571594238,15.616323038590243,19.23965512718362
"2025-02-11 20:11:23.0000",3.76,92.24,8.542576789855957,9.924735989380423,12.5975329299956
"2025-02-11 21:11:12.0000",3.58,91.97,10.270028114318848,11.688787262553992,13.450538026320265
"2025-02-11 21:41:06.0000",3.6,91.86,8.831903457641602,10.166738544743945,12.23167015037998
"2025-02-11 22:40:57.0000",3.5,91.83,11.198152542114258,12.37160260407684,14.258677490890136
"2025-02-11 23:10:52.0000",3.51,91.93,11.23604965209961,12.655422769465131,14.041882968224034
"2025-02-11 23:40:47.0000",3.53,92.04,12.253873825073242,13.765492751580101,14.320933732239512
"2025-02-12 00:10:42.0000",3.43,92.11,12.586907386779785,14.118313236482239,13.904277569055143
"2025-02-12 00:40:36.0000",3.31,92.08,14.297025680541992,16.0566365193684,15.02097905924744
"2025-02-12 01:10:31.0000",3,92.33,18.14006996154785,20.761579715990116,19.100006043492776
"2025-02-12 01:40:25.0000",2.31,93.06,20.649066925048828,23.708782087802195,20.814049160378335
"2025-02-12 02:10:20.0000",2.56,93.26,19.502653121948242,22.779259365454237,20.41772014691317
"2025-02-12 02:40:16.0000",2.79,92.94,16.796003341674805,19.51766611296177,17.99946088458554
"2025-02-12 03:10:10.0000",2.86,92.75,15.905806541442871,18.384110850902697,17.120155651952565
"2025-02-12 03:40:05.0000",3.03,92.98,14.789937973022461,17.13692263370493,16.954645852851073
"2025-02-12 04:09:59.0000",3.24,92.84,14.688278198242188,17.153971785517868,16.923570195878607
"2025-02-12 04:39:54.0000",3.11,92.94,15.42561149597168,18.419136569180317,18.28772357501672
"2025-02-12 05:09:49.0000",2.99,93.38,14.424492835998535,17.01293582764772,16.131808862960302
"2025-02-12 05:39:43.0000",2.97,93.67,12.797701835632324,14.611837584609841,13.023672448365012
"2025-02-12 06:09:37.0000",2.99,93.4,13.554852485656738,15.85554735348355,15.541610344194716
"2025-02-12 06:39:31.0000",2.94,93.34,15.788300514221191,18.010180738623156,16.593379309702843
"2025-02-12 07:09:25.0000",2.99,93.47,17.339818954467773,20.05851934073939,17.242566242306584
"2025-02-12 07:39:19.0000",3.07,93.39,18.197471618652344,21.719182865563887,20.116637109423557
"2025-02-12 08:09:14.0000",2.95,93.7,21.236083984375,24.95163754561283,21.643721323661566
"2025-02-12 08:39:10.0000",2.98,93.85,28.223554611206055,33.40176066520557,27.63959327933171
"2025-02-12 09:09:05.0000",3.13,94.04,27.16270637512207,32.33513846110333,26.15924683365057
"2025-02-12 09:39:01.0000",3.25,94.4,20.861026763916016,24.958911635688484,22.865432015383618
"2025-02-12 10:08:56.0000",3.45,94.66,20.879114151000977,24.59153347902938,23.47976236030871
"2025-02-12 11:08:47.0000",4.1,94.69,17.805559158325195,21.879673622058718,23.222403295623984
"2025-02-12 11:38:43.0000",4.51,94.38,17.701894760131836,21.270351745622207,18.87039520823316
"2025-02-12 12:38:34.0000",5.32,93.84,17.59063720703125,21.157544856760993,17.955088657112917
"2025-02-12 13:08:30.0000",5.72,93.75,16.06952476501465,19.118820806731602,18.92115795658461
"2025-02-12 13:38:25.0000",5.98,93.41,14.162911415100098,16.5525149338765,17.964059050682078
"2025-02-12 14:08:19.0000",5.82,92.68,14.323843002319336,16.67782513784134,16.800459891473142
"2025-02-12 14:38:14.0000",5.69,92.96,16.133806228637695,18.55969307307995,21.694357630496324
"2025-02-12 15:08:08.0000",5.63,92.62,15.547475814819336,17.70379915603772,17.81373240911404
"2025-02-12 15:38:03.0000",5.28,92.47,17.40013885498047,19.756769322103427,20.006305312020785
"2025-02-12 16:07:58.0000",5.06,92.37,16.35550880432129,18.31244291070431,21.036148632619184
"2025-02-12 17:07:46.0000",4.44,92.02,12.61624813079834,14.48619820782185,16.018383481046367
"2025-02-12 17:37:40.0000",4.34,91.79,12.967915534973145,14.990615979956173,18.8086981646713
"2025-02-12 18:07:34.0000",4.27,91.59,13.039488792419434,14.927055178301826,20.045891291377785
"2025-02-12 18:37:28.0000",4.2,91.36,10.474544525146484,12.020488803015347,14.098693345810192
"2025-02-12 19:07:23.0000",4.24,91.11,9.119940757751465,10.430974432882719,13.921611163926451
"2025-02-12 19:37:18.0000",4,90.83,12.010616302490234,13.516873646047705,15.930967820128048
"2025-02-12 20:07:12.0000",3.7,91.25,12.10938835144043,13.200577210804441,13.946758661645827
"2025-02-12 20:37:07.0000",3.72,91.04,11.95352554321289,12.854352431113105,13.95497513315287
"2025-02-12 21:36:57.0000",3.59,90.95,14.355950355529785,15.89694516968029,15.541660184033178
"2025-02-12 22:06:53.0000",3.55,90.94,16.56159782409668,18.026651494552006,20.77459952055592
"2025-02-12 22:36:48.0000",3.55,90.98,15.301566123962402,17.05744529479564,16.916391411034127
"2025-02-12 23:06:43.0000",3.61,91.04,15.209138870239258,17.35909460545267,16.468562106290886
"2025-02-12 23:36:38.0000",3.53,90.94,14.745530128479004,16.827252802868195,14.157083808790748
"2025-02-13 00:06:33.0000",3.42,91.03,14.32871150970459,16.25632925431831,17.706952164925674
"2025-02-13 00:36:28.0000",3.42,90.86,12.747401237487793,14.200085175344984,16.308411774354397
"2025-02-13 01:06:22.0000",3.4,90.7,12.095297813415527,13.338643662073615,14.775346419250496
"2025-02-13 01:36:17.0000",3.4,90.55,13.378743171691895,14.529361873700836,18.17296790500536
"2025-02-13 02:06:11.0000",3.27,90.45,13.78759479522705,15.033553764401432,15.162528180634116
"2025-02-13 02:36:06.0000",3.17,90.42,11.820273399353027,13.000272277369447,16.395907785858718
"2025-02-13 03:06:00.0000",3.07,90.3,11.196463584899902,12.211259925818336,13.094644072605393
"2025-02-13 03:35:55.0000",2.99,90.16,9.538654327392578,10.877634102825983,14.775804117855582
"2025-02-13 04:05:49.0000",2.87,89.79,8.318896293640137,9.242626647111368,13.416916659937474
"2025-02-13 04:35:44.0000",2.68,89.42,6.373591423034668,7.4354798151086765,12.612102511827468
"2025-02-13 05:05:37.0000",2.13,88.74,6.128638744354248,7.124055468654166,12.952314598100608
"2025-02-13 06:05:27.0000",2.19,88.17,5.551901340484619,6.69294743658916,14.124013591178961
"2025-02-13 06:35:22.0000",2.26,87.78,5.143206596374512,6.50181617928182,12.44787355152992
"2025-02-13 07:05:17.0000",2.4,87.41,4.451442718505859,5.707415071915272,10.974341850499057
"2025-02-13 07:35:11.0000",2.34,86.83,3.694807291030884,5.144275235425484,9.716935638520805
"2025-02-13 08:05:06.0000",2.32,86.59,3.4650394916534424,4.719949253408961,11.371168182410887
"2025-02-13 08:35:01.0000",2.42,86.36,3.1653690338134766,4.448577471458376,12.302370270639114
"2025-02-13 09:04:57.0000",2.61,85.87,3.0005080699920654,4.56431189292059,10.915223855013966
"2025-02-13 09:34:52.0000",2.82,85.08,2.7725448608398438,4.118076734566743,10.768295615899202
"2025-02-13 10:04:46.0000",3.01,84.54,2.5286684036254883,3.962169149646337,9.25344946583408
"2025-02-13 10:34:42.0000",3.24,84.21,2.739086389541626,4.144034448318182,12.084347640847286
"2025-02-13 11:04:37.0000",3.46,83.19,2.5725269317626953,4.229824524000839,11.419613437764934
"2025-02-13 11:34:32.0000",3.57,82.32,2.6322455406188965,4.165494334352481,12.565107705285671
"2025-02-13 12:04:27.0000",3.72,81.61,3.1093435287475586,4.3424084216993,11.271745704217357
"2025-02-13 12:34:23.0000",3.69,81.46,2.497187376022339,3.9879597253676633,9.749890843689258
"2025-02-13 13:04:18.0000",3.65,80.98,2.4968385696411133,4.152405164925479,9.438592882007836
"2025-02-13 13:34:13.0000",3.71,80.68,2.531374931335449,4.162356912736003,12.426479668793533
"2025-02-13 14:04:09.0000",3.75,79.93,2.6119184494018555,4.117462031028163,11.725274201758715
"2025-02-13 14:34:04.0000",3.65,79.74,2.9168457984924316,4.388577135969476,11.433919091237643
"2025-02-13 15:03:58.0000",3.52,79.19,2.582796812057495,4.262506431264149,11.098883632898719
"2025-02-13 15:33:52.0000",3.39,78.44,2.732164144515991,4.115831994099848,11.783442768964166
"2025-02-13 16:03:46.0000",3.34,77.91,2.0953946113586426,3.7079630539946997,10.235442880001546
"2025-02-13 16:33:41.0000",3.15,77.23,2.526071548461914,3.9523580292835256,9.93528893934363
"2025-02-13 17:03:36.0000",2.94,76.98,2.5971877574920654,4.156971337487769,10.997139129191975
"2025-02-13 17:33:29.0000",2.81,76.51,2.484464168548584,3.7816482956312156,9.78083240741061
"2025-02-13 18:03:23.0000",2.72,76.15,2.5323188304901123,3.994195148813385,12.089046383866284
"2025-02-13 18:33:17.0000",2.6,76.1,2.5286850929260254,3.8596600217266137,9.287520687552039
"2025-02-13 19:03:11.0000",2.56,75.7,2.5434789657592773,3.998298718989062,9.288525358289148
"2025-02-13 19:33:06.0000",2.47,75.23,2.7854645252227783,4.215801435154048,10.378982278641912
"2025-02-13 20:03:00.0000",2.42,75.25,2.8156237602233887,4.339023583704013,10.947391534051302
"2025-02-13 20:32:56.0000",2.35,75.18,2.74151349067688,4.213639374565153,10.304750340310271
"2025-02-13 21:02:49.0000",2.27,75.05,2.73142671585083,4.227940526344745,10.450113599457302
"2025-02-13 22:02:40.0000",2.15,73.87,3.0913562774658203,4.67241633359009,10.021023585880382
"2025-02-13 22:32:35.0000",2.17,73.32,3.351193904876709,5.005916419458881,10.595096390552257
"2025-02-13 23:02:29.0000",2.2,73.35,3.4825656414031982,5.055921671205449,10.613102544317254
"2025-02-13 23:32:24.0000",2.22,73.19,3.7032876014709473,5.297427282463297,10.478783338007009
"2025-02-14 00:32:13.0000",2.23,72.84,5.068599700927734,6.442764630196162,11.284609909281238
"2025-02-14 01:02:08.0000",2.16,72.37,5.3409600257873535,6.8499191450082675,11.2001044384673
"2025-02-14 01:32:02.0000",1.85,71.41,4.762767791748047,6.141337549297222,11.15281546125297
"2025-02-14 02:01:57.0000",1.61,70.96,5.407623291015625,7.06695995726564,12.449086506716158
"2025-02-14 02:31:51.0000",1.47,70.9,5.6542816162109375,7.047737092258122,12.754662171149814
"2025-02-14 03:01:45.0000",1.07,71.48,5.903371810913086,7.406884792462303,12.346704870084805
"2025-02-14 03:31:40.0000",0.76,72.1,5.7717156410217285,7.026890002260478,13.011282036392195
"2025-02-14 04:01:33.0000",0.38,72.78,6.076442718505859,7.594282449296544,12.874631710399905
"2025-02-14 04:31:27.0000",0.21,73.06,6.011115074157715,7.713653517069579,12.340976789989165
"2025-02-14 05:01:21.0000",-0.06,73.44,6.382631301879883,7.5972692354083,11.381322967401214
"2025-02-14 05:31:15.0000",-0.09,73.79,5.520893096923828,6.901993941936651,11.614631119668942
"2025-02-14 06:01:11.0000",-0.05,73.97,5.88528299331665,7.144984012375989,11.67402516205917
"2025-02-14 06:31:06.0000",0.08,74.22,5.4984211921691895,6.696417320656485,10.576462394873454
"2025-02-14 07:01:02.0000",0.24,74.43,5.087131023406982,6.339448820957762,11.586382287322438
"2025-02-14 07:30:56.0000",0.52,74.46,5.401747703552246,6.599804102569188,11.943694143437021
"2025-02-14 08:00:52.0000",0.96,74.47,4.29667854309082,5.494227198047971,10.833847120540064
"2025-02-14 08:30:48.0000",1.41,73.93,3.517023801803589,4.898488910217023,11.764289330850108
"2025-02-14 09:00:43.0000",1.76,73.8,3.713527202606201,5.366199796969821,11.853738606054398
"2025-02-14 09:30:39.0000",2.12,73.35,3.2876694202423096,4.610016216514092,10.7137759376167
"2025-02-14 10:00:35.0000",2.52,72.77,3.486457109451294,4.964709598549878,11.436707998369728
"2025-02-14 10:30:30.0000",3.37,72.72,3.6688733100891113,5.010407598516246,10.711646304486768
"2025-02-14 11:00:31.0000",7.12,69.67,4.04947566986084,5.523971510868454,10.444877579345729
"2025-02-14 12:00:19.0000",4.37,69.11,5.153956413269043,6.293479485723117,11.605364935542589
"2025-02-14 12:30:13.0000",4.35,68.88,4.649909973144531,5.93255678875958,11.406760410674591
"2025-02-14 13:00:09.0000",4.78,69.06,6.2211432456970215,7.683444558725308,14.167447887789608
"2025-02-14 13:30:05.0000",5.18,68.26,7.2689056396484375,8.415467440156227,12.844453137067493
"2025-02-14 14:29:54.0000",4.23,68.33,7.458680629730225,8.634196263913102,14.506533207898125
"2025-02-14 14:59:48.0000",4.21,69.09,8.360310554504395,9.666343375563963,14.299496705805034
"2025-02-14 15:29:44.0000",4.15,69.43,8.65117359161377,9.903063057174792,15.69639586189483
"2025-02-14 15:59:37.0000",3.75,69.97,10.297821998596191,11.390234472770713,14.53419054688717
"2025-02-14 16:29:30.0000",3.14,71.74,11.414072036743164,12.915874512679292,16.43209712435679
"2025-02-14 16:59:26.0000",2.94,73.59,14.146750450134277,15.271921142366315,17.92247273073314
"2025-02-14 17:59:14.0000",2.86,75.76,15.341818809509277,16.68315094021286,17.459649122747408
"2025-02-14 18:59:03.0000",2.89,77.12,18.6125545501709,20.22796583772818,19.761209052361657
"2025-02-14 19:58:51.0000",2.47,79.26,19.584945678710938,21.594567477149585,21.467440597694274
"2025-02-14 20:28:45.0000",2.25,79.81,19.537376403808594,21.59237034254416,20.17314490072947
"2025-02-14 20:58:39.0000",2.4,80.07,19.28969383239746,21.320066348095715,20.079618996000395
"2025-02-14 21:28:34.0000",2.45,80.09,19.452425003051758,22.16529948329822,20.71644496716458
"2025-02-14 21:58:29.0000",2.56,80.24,20.456504821777344,23.121879555452484,21.336267840991493
"2025-02-14 22:28:24.0000",2.61,80.64,19.594449996948242,22.586448165294097,20.26849030864813
"2025-02-14 22:58:18.0000",2.67,80.84,18.480545043945312,20.78563702991089,20.08842808766546
"2025-02-14 23:28:14.0000",2.74,81.07,17.345369338989258,19.46601195840903,18.908974982908397
"2025-02-15 00:28:05.0000",2.86,81.3,16.144161224365234,18.290982528368122,17.710406116832687
"2025-02-15 00:58:01.0000",2.75,81.44,16.855863571166992,19.292007756407504,19.190518235286635
"2025-02-15 01:27:55.0000",2.73,81.58,17.593347549438477,20.004291121649235,19.02841635793228
"2025-02-15 01:57:51.0000",2.73,81.75,17.78160285949707,20.196168036170796,20.395043722570612
"2025-02-15 02:27:46.0000",2.7,82.05,20.031190872192383,22.98050180916233,22.142988871012633
"2025-02-15 02:57:40.0000",2.52,82.32,20.74249267578125,23.960620611766664,22.780920672968957
"2025-02-15 03:57:30.0000",2.57,82.79,20.251848220825195,23.856449576088565,21.823382638190854
"2025-02-15 04:27:24.0000",2.56,82.93,22.34811782836914,26.188284855719708,23.448561252146263
"2025-02-15 04:57:19.0000",2.51,83.02,23.965129852294922,28.34808419506629,25.04538458518012
"2025-02-15 05:27:13.0000",2.45,83.26,25.26125717163086,29.96483135996891,26.382090731946917
"2025-02-15 05:57:09.0000",2.39,83.6,28.53462791442871,32.92923292999859,29.09696439951683
"2025-02-15 06:27:04.0000",2.33,83.9,29.361417770385742,34.17973509500852,29.45263750774911
"2025-02-15 06:57:00.0000",2.28,84.39,32.13197326660156,37.653337790798176,33.2915607116172
"2025-02-15 07:26:55.0000",2.25,84.66,37.246177673339844,43.84097936080913,40.29377063267163
"2025-02-15 07:56:50.0000",2.29,85.21,42.751522064208984,51.04860678529715,45.80987761239782
"2025-02-15 08:56:40.0000",2.47,85.87,54.875606536865234,64.38026927638032,61.21641624429528
"2025-02-15 09:26:36.0000",2.56,86.55,56.606658935546875,65.83505163553637,61.54560013136365
"2025-02-15 09:56:31.0000",2.68,86.9,55.5885009765625,66.06434408600944,59.98115050407157
"2025-02-15 10:26:25.0000",2.89,87.66,59.51009750366211,70.52956946844547,68.17844590701523
"2025-02-15 10:56:20.0000",3.02,88.07,56.57738494873047,68.25974854796883,61.34814703859044
"2025-02-15 11:26:16.0000",3.23,88.5,49.321659088134766,59.96819761201683,54.592510489644845
"2025-02-15 11:56:11.0000",3.4,88.87,47.265419006347656,58.41572569014579,51.473189231484284
"2025-02-15 12:26:06.0000",3.49,89.39,46.40570068359375,56.96726867275144,50.66927917094475
"2025-02-15 12:56:02.0000",3.52,91.15,36.90031814575195,45.260789295883185,37.477861012350075
"2025-02-15 13:25:56.0000",3.92,91.61,31.77928924560547,38.14603628290989,32.577106816156224
"2025-02-15 13:55:52.0000",4.28,92.11,22.89593505859375,27.350417664796023,23.171154221755632
"2025-02-15 14:25:47.0000",4.37,92.57,17.785669326782227,21.223683949901798,18.351991041766905
"2025-02-15 14:55:41.0000",4.16,93.32,15.199552536010742,18.016122900699465,16.481211755693604
"2025-02-15 15:25:36.0000",4.26,93.55,11.485188484191895,14.076675519775826,13.156380062948184
"2025-02-15 15:55:31.0000",4.38,93.22,9.268081665039062,11.368781403919845,11.574839018155062
"2025-02-15 16:25:25.0000",4.25,93.46,15.970669746398926,19.017210672034143,15.942467864639946
"2025-02-15 16:55:20.0000",4.19,93.5,14.148648262023926,16.553937300293793,14.509245616215471
"2025-02-15 17:25:14.0000",4.13,93.44,17.889854431152344,20.83001446016524,16.20689625533331
"2025-02-15 17:55:09.0000",3.96,93.93,23.58457374572754,27.73330054636046,23.28238091316259
"2025-02-15 18:54:59.0000",3.81,94.02,36.97127151489258,44.24117282198755,37.76940941134665
"2025-02-15 19:24:54.0000",3.8,94.14,33.591060638427734,40.53163477702056,31.220281892850398
"2025-02-15 19:54:49.0000",3.77,94.26,33.84185028076172,41.776344939991404,34.010278949874554
"2025-02-15 20:24:44.0000",3.63,94.55,37.53751754760742,46.29060267361916,35.24740618215599
"2025-02-15 20:54:39.0000",3.57,94.8,40.793792724609375,51.709556638041526,40.60043019047603
"2025-02-15 21:24:34.0000",3.55,95.05,46.8131103515625,59.39851927508058,47.98263035261897
"2025-02-15 21:54:27.0000",3.54,95.36,42.43484878540039,53.98365220131545,41.12307416094354
"2025-02-15 22:24:22.0000",3.54,95.52,44.64400863647461,56.76865862962028,44.09601794826596
"2025-02-15 23:24:13.0000",3.5,96,40.55466842651367,52.54617232399156,38.302519260607475
"2025-02-16 00:24:01.0000",3.41,96.7,45.008079528808594,58.34617959132628,44.88022285406718
"2025-02-16 00:53:56.0000",3.37,96.91,42.12267303466797,54.07377510307983,43.16349563534153
"2025-02-16 01:23:51.0000",3.33,97.27,35.471710205078125,46.402579151712615,35.29566650656425
"2025-02-16 01:53:47.0000",3.29,97.64,31.752952575683594,41.035734640592224,31.364549342945196
"2025-02-16 02:23:40.0000",3.16,98.11,28.645751953125,37.40445712896118,29.20117667785792
"2025-02-16 02:53:35.0000",3.04,98.53,32.140689849853516,41.10909582255238,33.63167470710459
"2025-02-16 03:23:30.0000",2.95,98.88,41.124183654785156,53.55472162775016,41.46427859582855
"2025-02-16 03:53:25.0000",2.86,99.33,35.24678039550781,45.58925928236835,35.2782288453952
"2025-02-16 04:23:18.0000",2.75,99.66,30.053234100341797,38.75965889365577,29.908123696467882
"2025-02-16 04:53:14.0000",2.64,99.85,32.69430923461914,42.191365610211925,31.919842260916667
"2025-02-16 05:23:10.0000",2.47,100.19,26.485876083374023,33.77023031683013,23.86733283985163
"2025-02-16 05:53:04.0000",2.28,100.65,27.165048599243164,34.407611896247246,23.521193123563265
"2025-02-16 06:22:59.0000",2.11,101.07,29.442426681518555,37.85443814462233,27.553347360432408
"2025-02-16 06:52:54.0000",1.94,101.51,33.259578704833984,42.87766963695561,31.58590662585175
"2025-02-16 07:22:48.0000",1.81,101.92,36.32633590698242,47.013555094022045,34.789292441379004
"2025-02-16 07:52:43.0000",1.73,101.75,34.91600799560547,44.31740655591732,31.593463832301314
"2025-02-16 08:22:36.0000",1.97,101.69,30.668067932128906,39.21633128564271,27.82203495594183
"2025-02-16 08:52:32.0000",2.22,101.23,24.869508743286133,32.12164166028196,23.741044153613256
"2025-02-16 09:22:27.0000",2.47,100.95,27.76603889465332,34.86509233886836,24.81273983393039
"2025-02-16 09:52:23.0000",2.95,100.47,23.15422821044922,29.02639284064557,21.06129293378641
"2025-02-16 10:22:19.0000",3.56,99.61,12.03104019165039,14.733806623520849,12.755449820505284
"2025-02-16 10:52:14.0000",3.6,99.42,9.836105346679688,11.578626590848415,10.921482852067609
"2025-02-16 11:52:05.0000",3.88,97.9,11.242082595825195,13.435238185434375,11.712752457393563
"2025-02-16 12:21:59.0000",3.82,96.92,11.990836143493652,14.217418310152718,12.627964383806932
"2025-02-16 12:51:54.0000",4.18,96.07,11.707155227661133,13.912378917710482,12.714727855935184
"2025-02-16 13:21:50.0000",4.22,94.63,15.761580467224121,19.200694179305096,13.684889071302534
"2025-02-16 13:51:45.0000",4.64,94.73,17.724388122558594,20.00023765726397,16.811615958326474
"2025-02-16 14:21:40.0000",4.4,93.17,20.193206787109375,24.02280527063027,19.829354532577806
"2025-02-16 14:51:36.0000",4.3,92.47,21.085372924804688,25.016039875844466,20.333513096848755
"2025-02-16 15:51:23.0000",3.91,90.27,17.887720108032227,20.846603328837045,17.784052357964093
"2025-02-16 16:21:18.0000",3.97,89.81,18.822269439697266,21.730818396355442,18.796272022036657
"2025-02-16 16:51:13.0000",3.89,89.44,17.046403884887695,19.623812796721356,17.780497839944506
"2025-02-16 17:21:07.0000",3.68,88.08,13.546066284179688,16.00629089870496,16.11472232968261
"2025-02-16 17:51:00.0000",3.16,86.83,13.672118186950684,16.485561367996155,16.301426443079873
"2025-02-16 18:20:55.0000",3.18,86.74,12.979118347167969,15.299171841001801,15.198321074985756
"2025-02-16 19:20:44.0000",2.98,85.82,12.75192928314209,15.268642362089023,15.473816491083335
"2025-02-16 19:50:38.0000",2.93,85.01,11.419339179992676,13.749788598506205,14.345437576345013
"2025-02-16 20:20:32.0000",2.9,84.44,11.544598579406738,13.806836304017791,14.73980915721093
"2025-02-16 20:50:26.0000",2.53,83.55,11.177348136901855,13.099284204825905,13.84532194423103
"2025-02-16 21:20:22.0000",2.38,82.85,11.053533554077148,12.783570693725643,13.802687716856141
"2025-02-16 21:50:17.0000",2.42,82.47,9.911467552185059,11.28230522912924,12.995061598596218
"2025-02-16 22:20:12.0000",2.37,82.33,9.221638679504395,10.588261788583727,12.13195101824167
"2025-02-16 22:50:07.0000",2.21,82.1,7.817885398864746,9.047887623880822,11.391529512342537
"2025-02-16 23:20:01.0000",1.84,80.92,5.215319633483887,6.616131308610477,7.5119153986217535
"2025-02-16 23:49:55.0000",1.63,80.53,4.66431999206543,5.880326099874536,9.942163908903677
"2025-02-17 00:19:49.0000",1.46,80.29,4.506304740905762,5.686655602339876,10.017439879246602
"2025-02-17 00:49:44.0000",1.38,80.1,5.294994354248047,6.747426879585786,10.367198546111343
"2025-02-17 01:19:40.0000",1.26,80.08,5.949460506439209,7.166384248284371,10.764571565216965
"2025-02-17 01:49:34.0000",1.13,79.73,6.225982666015625,7.387789151406501,10.692208747006221
"2025-02-17 02:19:28.0000",1.01,79.78,6.663867473602295,8.000367302743324,11.035882823411695
"2025-02-17 02:49:22.0000",0.88,79.75,7.070249557495117,8.57465454062133,11.450820478784179
"2025-02-17 03:19:16.0000",0.84,79.99,7.375321865081787,8.590091361617853,12.505195577851348
"2025-02-17 03:49:11.0000",0.87,80.16,7.283576965332031,8.457541652448894,11.019883506621166
"2025-02-17 04:19:06.0000",0.88,80.39,8.055675506591797,9.173601704680648,11.483277020780394
"2025-02-17 04:49:00.0000",0.94,80.65,9.083197593688965,9.721083626153522,12.160844071615312
"2025-02-17 05:18:56.0000",0.99,80.88,9.830389022827148,10.487783596376426,12.876187116753092
"2025-02-17 05:48:51.0000",0.97,81.09,11.231278419494629,11.731274497610602,14.03836650199627
"2025-02-17 06:18:46.0000",0.96,81.32,11.844599723815918,12.426997521141118,13.957729558642079
"2025-02-17 06:48:41.0000",0.95,81.48,13.654021263122559,14.230967093064637,15.088799077809119
"2025-02-17 07:18:36.0000",0.92,81.95,13.780266761779785,14.90760825377947,15.821093333451255
"2025-02-17 07:48:31.0000",1.07,82.06,11.968377113342285,13.050966364964644,14.485314489187234
"2025-02-17 08:48:21.0000",1.54,81.06,11.012838363647461,12.52439906736426,14.093535669097529
"2025-02-17 09:18:17.0000",1.74,80.66,11.295425415039062,12.974503515978329,14.326979653538778
"2025-02-17 09:48:11.0000",1.98,80.16,12.085165023803711,13.796746380162512,15.984417379408704
"2025-02-17 10:18:07.0000",2.36,79.66,11.886204719543457,13.543110308380022,15.514088501840085
"2025-02-17 10:48:02.0000",2.95,78.93,10.803533554077148,12.022511485881383,13.94665045446821
"2025-02-17 11:17:58.0000",3.59,77.71,10.543811798095703,11.924797049700219,14.04082843056265
"2025-02-17 11:47:52.0000",3.7,77.84,11.357118606567383,12.793179306915365,14.511643089630825
"2025-02-17 12:17:48.0000",3.96,76.88,11.115583419799805,12.12601248306846,15.330382696073988
"2025-02-17 13:17:38.0000",4.62,75.67,11.763190269470215,13.142660235689847,17.159943760410638
"2025-02-17 13:47:34.0000",5.32,74.3,11.524693489074707,13.0640341161972,15.154746073643022
"2025-02-17 14:17:28.0000",4.92,74.76,11.665882110595703,13.268603672163168,15.729042342359424
"2025-02-17 14:47:23.0000",5.12,74.59,12.213711738586426,13.726569330475016,17.101443620830462
"2025-02-17 15:17:19.0000",4.86,73.48,10.150472640991211,11.2023960012308,14.555811301125111
"2025-02-17 15:47:14.0000",5.56,73.29,9.986644744873047,11.113520461388255,15.707071681755062
"2025-02-17 16:17:10.0000",5.76,70.73,9.955655097961426,11.000223991721896,14.506898281138124
"2025-02-17 16:47:01.0000",4.52,70.5,9.800786972045898,11.188546338876762,15.044764040404766
"2025-02-17 17:16:55.0000",3.89,71.08,9.160826683044434,10.750235268119916,15.339698961264627
"2025-02-17 17:46:49.0000",3.47,71.72,9.396334648132324,11.283310251131576,15.152024897859715
"2025-02-17 18:16:44.0000",3.08,72.47,10.68757152557373,12.420367259721202,14.845570631052388
"2025-02-17 18:46:39.0000",2.92,73.63,9.569443702697754,10.736267507319143,13.655979337904586
"2025-02-17 19:16:33.0000",2.73,74.52,9.743352890014648,11.226791687678418,14.703284629786385
"2025-02-17 19:46:28.0000",2.5,75.2,9.508378028869629,10.848671142267724,14.60279526199109
"2025-02-17 20:16:22.0000",2.34,76.19,9.454809188842773,10.84224910978849,14.505535636640914
"2025-02-17 20:46:16.0000",2.25,76.91,7.346829891204834,8.566686060174158,11.818352484146876
"2025-02-17 21:16:11.0000",2.16,77.11,6.150211334228516,7.128679299527443,10.8786037487713
"2025-02-17 21:46:06.0000",2.03,77.37,5.560013771057129,6.573066028847671,10.674994817059929
"2025-02-17 22:45:56.0000",1.63,77.43,4.270622253417969,5.321389336536149,9.105588905877465
"2025-02-17 23:15:50.0000",1.42,77.61,4.646796703338623,5.635145542795798,9.78319690953194
"2025-02-17 23:45:45.0000",1.21,77.59,3.6592347621917725,4.848287646619883,8.896653733090446
"2025-02-18 00:45:34.0000",0.86,77.68,3.8925843238830566,4.9377369455806335,8.828220755320036
"2025-02-18 01:15:29.0000",0.67,77.76,3.955733060836792,5.008360552595871,8.728294845573703
"2025-02-18 01:45:22.0000",0.37,77.84,3.9553298950195312,5.100212992092085,9.336367950873276
"2025-02-18 02:15:17.0000",0.2,78.01,4.113221645355225,5.181733544778157,8.905186588192867
"2025-02-18 02:45:11.0000",-0.14,78.13,4.442622661590576,5.521686224433031,10.027696199618871
"2025-02-18 03:15:06.0000",-0.42,78.68,5.005075454711914,5.938194820130021,10.037323270611383
"2025-02-18 03:45:01.0000",-0.33,78.95,5.300857067108154,6.085151307059421,9.577823168299775
"2025-02-18 04:14:58.0000",-0.2,78.98,6.043290615081787,7.062447623285993,10.32131735450209
"2025-02-18 04:44:52.0000",0.01,79.19,6.661898136138916,7.724875735805409,10.560371421637038
"2025-02-18 05:14:48.0000",0.11,79.26,7.620132923126221,8.567971419443598,10.949960405001555
"2025-02-18 05:44:43.0000",0.28,79.47,8.683789253234863,9.470333590336768,11.296778865904223
"2025-02-18 06:14:38.0000",0.43,79.63,9.680072784423828,10.40209479440263,12.365041797842716
"2025-02-18 06:44:33.0000",0.55,79.87,11.458415031433105,12.165483220072144,13.971037276372826
"2025-02-18 07:14:27.0000",0.69,80.02,12.705873489379883,13.408052201896384,13.94717744197564
"2025-02-18 07:44:23.0000",0.89,80.05,13.942806243896484,14.84569119494684,15.047246360378033
"2025-02-18 08:14:17.0000",1.13,80.14,14.782108306884766,16.011728619431814,16.082156350297886
"2025-02-18 08:44:13.0000",1.53,79.93,14.826351165771484,15.422461758644852,13.794605646043708
"2025-02-18 09:14:09.0000",2.31,77.86,12.33206558227539,13.423367519779516,14.160912746908464
"2025-02-18 09:44:06.0000",3.78,75.84,12.156899452209473,12.781541309716465,14.965759056049382
"2025-02-18 10:14:01.0000",3.71,74.08,11.897064208984375,12.484796861182934,15.500657059449528
"2025-02-18 10:43:57.0000",4.56,72.96,14.071417808532715,15.124052013767406,14.493096618992846
"2025-02-18 11:13:54.0000",5.5,69.18,14.028993606567383,14.055123534937257,16.335346074533593
"2025-02-18 11:43:46.0000",5.09,69.72,11.902915954589844,12.448310068648045,15.943016644750951
"2025-02-18 13:13:35.0000",6.86,63.69,11.217887878417969,11.968892544625533,16.801506109798556
"2025-02-18 13:43:29.0000",7.69,62.13,11.635259628295898,12.111425745678392,17.30360822760279
"2025-02-18 14:13:23.0000",7.18,61.23,11.148996353149414,11.379099093747483,16.536244264979068
"2025-02-18 14:43:18.0000",6.92,61.44,10.595311164855957,10.834826546644454,16.0367350173222
"2025-02-18 15:13:11.0000",6.35,60.1,10.818924903869629,10.961762692481472,16.401593617187093
"2025-02-18 15:43:04.0000",5.92,60.11,10.349388122558594,11.070949296414737,16.718171249478527
"2025-02-18 16:12:56.0000",5.21,60.01,10.550193786621094,11.083970130349412,16.381851901808528
"2025-02-18 16:42:50.0000",4.85,60.76,10.136364936828613,10.549466417691894,15.64649469373946
"2025-02-18 17:12:44.0000",4.56,61.61,10.915596008300781,11.47214617488418,15.606747792511221
"2025-02-18 18:12:32.0000",3.94,64.76,12.6200532913208,12.741331691338585,16.462220323149115
"2025-02-18 18:42:26.0000",3.64,66.25,13.539610862731934,13.373178288299739,15.62856109973487
"2025-02-18 19:12:19.0000",3.38,68.09,14.74496841430664,14.969428455183866,18.35372869200018
"2025-02-18 19:42:14.0000",3.19,69.04,17.42796516418457,17.83762603856926,20.60386708473795
"2025-02-18 20:12:07.0000",3.15,70.43,15.475696563720703,16.276245079513764,17.91619919649575
"2025-02-18 20:42:02.0000",3.28,71.53,13.778312683105469,14.822629087146982,16.819662871530436
"2025-02-18 21:11:57.0000",3.16,72.32,13.73678207397461,15.35016191131564,17.928881604251185
"2025-02-18 21:41:52.0000",2.95,73.13,15.007243156433105,16.05719639203452,17.28556416475858
"2025-02-18 22:11:46.0000",2.74,74.04,13.007379531860352,14.159153418808765,15.66227864918184
"2025-02-18 22:41:41.0000",2.56,74.16,11.62123966217041,13.014296406422703,15.909605714516498
"2025-02-18 23:11:35.0000",2.31,73.87,10.279899597167969,11.296049386044835,14.671808261691819
"2025-02-18 23:41:29.0000",2.11,73.76,11.81845474243164,12.96192688229338,15.387827673140231
"2025-02-19 00:11:24.0000",1.85,74.17,12.994836807250977,14.468694389015214,16.05224981256225
"2025-02-19 00:41:18.0000",1.78,75.17,15.731358528137207,16.633656624192234,17.30703897016064
"2025-02-19 01:11:12.0000",1.69,75.36,18.30718994140625,19.14926067821573,19.737271960596274
"2025-02-19 01:41:07.0000",1.45,76.12,17.697612762451172,18.49444334819445,18.909971777245087
"2025-02-19 02:11:02.0000",1.42,77.11,18.23586654663086,19.059082764556628,18.329003379120863
"2025-02-19 02:40:57.0000",1.57,77.78,18.6614990234375,19.0408851308282,18.593160552071733
"2025-02-19 03:10:52.0000",1.41,77.86,19.071815490722656,19.122595202599907,19.19567902885343
"2025-02-19 03:40:48.0000",1.41,78.5,19.666362762451172,19.895283262045627,19.396201340963543
"2025-02-19 04:10:42.0000",1.41,78.63,18.45497703552246,20.32361576044784,19.395159909386873
"2025-02-19 04:40:37.0000",1.34,79.55,18.299762725830078,19.85731157954843,19.45244124716428
"2025-02-19 05:10:31.0000",1.54,79.26,18.273942947387695,20.281380045672126,18.590675266417623
"2025-02-19 05:40:25.0000",1.49,79.75,18.319215774536133,20.131081182982456,18.408721210779397
"2025-02-19 06:10:20.0000",1.49,80.11,18.526599884033203,20.67566894818989,20.700081023027114
"2025-02-19 06:40:15.0000",1.78,79.79,16.92142677307129,18.316003904874357,17.99731768031579
"2025-02-19 07:10:09.0000",1.82,79.63,17.764951705932617,19.33041126183927,19.996403002489533
"2025-02-19 07:40:03.0000",1.74,79.98,18.576766967773438,20.393004489217056,18.98186829224136
"2025-02-19 08:09:59.0000",1.86,80.14,19.16953468322754,20.238101019723015,20.318544253607097
"2025-02-19 08:39:54.0000",2.12,80.25,19.465980529785156,21.49587704737203,19.459395627486774
"2025-02-19 09:09:50.0000",2.46,80.32,18.204797744750977,19.607462755820215,18.250633492803953
"2025-02-19 09:39:46.0000",2.89,79.9,18.07966423034668,19.78188728075746,19.713030015768325
"2025-02-19 10:09:39.0000",2.18,82.6,20.109567642211914,21.44567501353665,19.287091504675686
"2025-02-19 11:09:29.0000",2.27,86.99,26.816572189331055,31.10889744381546,25.175652214153637
"2025-02-19 12:09:20.0000",3.07,88.97,37.98712158203125,41.526793297859435,31.64222524395445
"2025-02-19 12:39:16.0000",4.42,88.37,27.03628921508789,31.34973246917249,26.13585340949913
"2025-02-19 13:09:15.0000",6.96,85.44,22.239545822143555,25.28922970028748,22.02527488617646
"2025-02-19 13:39:12.0000",8.24,85.99,22.57472801208496,25.750845392008422,21.74588448042649
"2025-02-19 14:09:09.0000",8.09,84.48,21.32862091064453,25.313603698849942,22.28774452141734
"2025-02-19 15:08:54.0000",6.99,84.16,20.89427375793457,22.79956466251445,22.07107776405373
"2025-02-19 15:38:46.0000",5.78,84.33,23.691692352294922,26.694182319869736,23.99454285953954
"2025-02-19 16:38:36.0000",5.4,85.21,24.961698532104492,28.554663781364685,25.670105904221053
"2025-02-19 17:08:29.0000",5.1,85.93,25.454687118530273,29.192907450610132,24.66746335589181
"2025-02-19 17:38:23.0000",5.34,86.81,24.547060012817383,28.57763840827601,25.82335323264346
"2025-02-19 18:08:18.0000",5.36,87.68,25.06853485107422,29.04147608723418,25.94744551232707
"2025-02-19 18:38:15.0000",5.48,88.53,28.5394229888916,32.14796748605883,26.307917892655933
"2025-02-19 19:08:11.0000",5.93,89.85,34.17460632324219,39.438229279433386,31.859972844317657
"2025-02-19 19:38:07.0000",6.47,90.93,31.55506706237793,36.39527155711269,29.59650608252375
"2025-02-19 20:37:57.0000",6.38,96.22,40.808231353759766,48.39201677492947,37.1613396683657
"2025-02-19 21:07:52.0000",6.4,98.05,44.253631591796875,52.6250534703163,40.68395567468757
"2025-02-19 21:37:47.0000",6.62,98.44,41.450069427490234,48.43396283062766,37.341101090978924
"2025-02-19 22:07:42.0000",6.9,98.7,39.93721008300781,47.744073208893255,36.32504020677359
"2025-02-19 22:37:38.0000",7.35,99.55,35.51487350463867,42.16929861629787,32.20884820072621
"2025-02-19 23:07:34.0000",7.37,100.42,35.81201934814453,42.20513155318026,33.40248753775794
"2025-02-19 23:37:29.0000",7.42,102.54,26.718994140625,32.64547118554591,27.39911476864496
"2025-02-20 00:07:24.0000",7.77,102.75,21.221179962158203,25.35296136220649,20.751563921586545
"2025-02-20 00:37:20.0000",8.09,102.32,12.068462371826172,14.416591893055974,14.262903138244546
"2025-02-20 01:07:15.0000",8.36,102.48,8.03387451171875,9.80819035496587,11.333475619070066
"2025-02-20 01:37:10.0000",8.5,102.19,5.798468112945557,6.842608312385276,10.080905008315542
"2025-02-20 02:07:05.0000",8.68,103.1,5.789713382720947,6.642197977852619,10.16340263873421
"2025-02-20 02:36:59.0000",8.77,103.94,3.7746379375457764,4.499970587011197,7.490785176903785
"2025-02-20 03:06:54.0000",8.8,104.55,3.1948587894439697,3.6509226598587428,6.5984911967507935
"2025-02-20 03:36:50.0000",9.32,104.75,2.3540945053100586,2.921653739000648,5.948135734242516
"2025-02-20 04:06:45.0000",9.63,104.78,1.8757736682891846,2.4176103037815206,5.511656443556444
"2025-02-20 05:06:35.0000",10.08,105.12,2.5845959186553955,2.7710486806232377,5.741050318001262
"2025-02-20 05:36:30.0000",10.16,105.38,2.6902332305908203,3.1450518562319485,6.458444589096193
"2025-02-20 06:06:24.0000",9.98,106.67,4.966781139373779,5.84465414429615,8.387414011801157
"2025-02-20 06:36:21.0000",10.22,108.27,5.127291202545166,5.862146314893042,7.9264136541330785
"2025-02-20 07:36:12.0000",10.59,110.12,1.2596135139465332,1.9578533224274512,6.434204613964721
"2025-02-20 08:36:03.0000",11.31,110.17,1.6155105829238892,2.0346171246431255,5.527816548752291
"2025-02-20 09:05:59.0000",11.37,111.35,0.8973429799079895,1.3839652439060193,5.056610740692774
"2025-02-20 09:35:55.0000",11.5,111.71,0.9967092275619507,1.4238193515823228,5.136216485966188
"2025-02-20 10:05:51.0000",11.66,112.12,1.0517101287841797,1.4132846089480335,4.90981357425512
"2025-02-20 10:35:47.0000",12.53,111.87,0.5867317914962769,1.1225666103732364,4.612880539029596
"2025-02-20 11:05:43.0000",12.62,111.37,0.49235257506370544,1.1192767046601984,4.807881270441357
"2025-02-20 11:35:39.0000",13.84,109.48,0.425737202167511,0.9712709848241302,4.6671205862023255
"2025-02-20 12:05:33.0000",12.56,110.38,0.5537823438644409,1.1997873514246553,5.76504495725077
"2025-02-20 12:35:25.0000",11.06,111.1,0.8778488636016846,1.3828396418734363,7.078355110121349
"2025-02-20 13:05:21.0000",11.48,110.61,0.47970566153526306,1.0230510729502675,4.6306045298456135
"2025-02-20 13:35:17.0000",12.3,109.05,0.5505952835083008,1.3277229805459143,5.303133145223686
"2025-02-20 14:05:13.0000",13.06,106.43,0.6687577366828918,1.7451362384823137,6.626868735478974
"2025-02-20 14:35:11.0000",14.04,101.13,0.8337645530700684,2.0626851124133547,7.705016960998986
"2025-02-20 15:05:12.0000",16.4,89.66,4.841641902923584,6.634237998399479,18.128384619041586
"2025-02-20 15:35:04.0000",15.83,86.85,5.550410747528076,7.383115079662891,17.067357549931305
"2025-02-20 16:04:58.0000",15.06,80.9,4.818841934204102,6.683135094852476,17.296335324831567
"2025-02-20 16:34:49.0000",13.5,83.46,6.164830207824707,8.20304599697647,20.33574039640539
"2025-02-20 17:04:42.0000",12.26,84.16,6.196463584899902,7.547672622706847,18.250104964233355
"2025-02-20 17:34:37.0000",11.49,84.89,7.044362545013428,8.415164922389762,23.055159658996885
"2025-02-20 18:04:30.0000",10.91,84.62,7.189215183258057,8.75005123318996,22.394658952426674
"2025-02-20 18:34:24.0000",10.42,85.35,9.000629425048828,10.805623873268466,25.78688191080525
"2025-02-20 19:04:18.0000",9.97,85.9,8.8941650390625,10.69971079351313,24.550821088601925
"2025-02-20 19:34:12.0000",9.74,86.3,8.792434692382812,9.983117695906754,23.818090038334265
"2025-02-20 20:04:08.0000",9.76,86.48,9.647284507751465,11.196576822630572,26.539524027559906
"2025-02-20 20:34:00.0000",9.75,87.04,8.19084358215332,9.773526551263572,23.63487919678776
"2025-02-20 21:03:56.0000",10.03,86.7,8.690167427062988,10.363066138401129,25.064890618882878
"2025-02-20 21:33:49.0000",9.52,87.66,8.243349075317383,9.675582923898345,23.94081050533392
"2025-02-20 22:03:44.0000",9.47,88.16,7.678142070770264,9.000289136859427,21.23765914499811
"2025-02-20 22:33:39.0000",9.31,88.85,7.795734405517578,8.771777101385666,19.31370572454858
"2025-02-20 23:03:34.0000",9.36,89.77,8.165048599243164,9.193045705346023,24.22589534050947
"2025-02-20 23:33:30.0000",9.39,90.16,8.443328857421875,9.817513344638153,27.207033335825265
"2025-02-21 00:03:23.0000",9.49,90.68,8.656332969665527,9.367757417855579,20.860759475644294
"2025-02-21 00:33:18.0000",9.52,91.37,8.492255210876465,9.745176635895909,21.02377226145104
"2025-02-21 01:03:14.0000",9.73,91.8,8.654304504394531,9.878104324721443,23.610451014463266
"2025-02-21 01:33:07.0000",9.42,92.95,7.912347316741943,9.258257179926582,22.675665701716767
"2025-02-21 02:03:02.0000",9.44,93.93,8.57744312286377,9.458282084774508,22.564316362407755
"2025-02-21 02:32:56.0000",9.34,96.38,7.7712507247924805,8.945157264706522,19.40790040418005
"2025-02-21 03:02:51.0000",9.3,97.73,6.806035995483398,7.615322791554502,18.24414312806184
"2025-02-21 03:32:47.0000",9.61,98.2,6.233444690704346,7.340852699182806,18.71252695555035
"2025-02-21 04:02:42.0000",9.92,98.12,3.8439910411834717,4.811082451803061,13.016114227610885
"2025-02-21 04:32:37.0000",10.5,98.2,1.8907405138015747,2.9333120354456876,8.501602994581098
"2025-02-21 05:02:33.0000",10.48,99.97,1.5069527626037598,2.521597938266144,7.681158927158019
"2025-02-21 05:32:29.0000",11.01,101.66,1.0222100019454956,1.9180911933685458,6.654808640973884
"2025-02-21 06:02:24.0000",11.02,102.71,1.0134351253509521,1.727733341930505,6.45715259024543
"2025-02-21 06:32:19.0000",11.12,104.66,0.5106874108314514,1.3056009089869196,5.24154224477781
"2025-02-21 07:02:15.0000",11.41,106.56,0.3383254110813141,0.9712946310051384,5.000370472350979
"2025-02-21 07:32:10.0000",11.57,106.26,0.29095160961151123,1.0226446399356388,5.122605761729019
"2025-02-21 08:32:01.0000",11.97,107.24,0.5430685877799988,1.168170110466854,4.856866127247876
"2025-02-21 09:01:58.0000",12.66,105.65,1.2366812229156494,2.242707705549094,6.918846276706422
"2025-02-21 09:31:53.0000",13.14,102.78,2.2939302921295166,3.2461755801353016,9.311919937043498
"2025-02-21 10:01:49.0000",13.48,100.61,2.3902361392974854,3.603376253027705,8.470254012562542
"2025-02-21 10:31:46.0000",14.3,96.31,1.959192156791687,3.2858422565020318,9.229629522351196
"2025-02-21 11:01:41.0000",14.28,94.8,2.067340850830078,3.344558815336508,10.173523790190108
"2025-02-21 11:31:34.0000",13.99,93.8,1.8210294246673584,2.9564711284051564,8.626563499956953
"2025-02-21 12:31:24.0000",14.45,90.99,2.0747694969177246,3.4633451783703424,9.267585378658017
"2025-02-21 13:01:19.0000",14.7,89.48,1.9952335357666016,3.2953976255269373,9.107508078160752
"2025-02-21 13:31:13.0000",13.73,89.57,1.8398926258087158,3.048048155241201,8.586402207623422
"2025-02-21 14:01:08.0000",13.94,90.3,1.2405282258987427,2.5836462046767967,7.855960508545388
"2025-02-21 14:31:02.0000",13.38,91.24,1.1825443506240845,2.4627323637200114,7.925061476230005
"2025-02-21 15:00:57.0000",13.03,91.72,1.8533676862716675,3.2680248305273167,8.055693938446836
"2025-02-21 15:30:49.0000",12.77,92.62,1.130021333694458,2.296045339605513,7.563558022246937
"2025-02-21 16:00:43.0000",12.77,93.03,2.4077634811401367,3.616688882075818,9.820861949979346
"2025-02-21 17:30:28.0000",12.61,90.36,3.046996593475342,4.537210680782917,11.439932192356391
"2025-02-21 18:00:22.0000",12.12,89.74,2.843097686767578,4.341984820896428,10.624984999104873
"2025-02-21 18:30:14.0000",10.79,90.75,2.2779438495635986,3.2338441833945013,9.145971289818705
"2025-02-21 19:00:07.0000",10.17,91.58,2.097358226776123,3.235207543101336,10.34629064008238
"2025-02-21 19:30:00.0000",9.71,91.36,2.5727038383483887,3.736881623143034,9.457275228678137
"2025-02-21 19:59:54.0000",9.38,91.01,2.269056797027588,3.6472540660377235,10.120331815944024
"2025-02-21 20:29:49.0000",8.83,91.06,2.0844886302948,3.4591128637408635,12.088487948128586
"2025-02-21 20:59:43.0000",8.61,90.87,2.0853750705718994,3.2627962646577298,10.214664250488946
"2025-02-21 21:29:37.0000",8.43,91,2.8641679286956787,4.265254420733339,11.75309448119569
"2025-02-21 21:59:33.0000",8.9,90.95,2.971245527267456,4.413484237908983,11.521240858218421
"2025-02-21 22:59:24.0000",8.72,90.37,3.0248048305511475,4.402565357799918,10.971196993876863
"2025-02-21 23:29:19.0000",8.98,90.64,2.7970192432403564,4.27364728094086,13.131218082573048
"2025-02-21 23:59:14.0000",8.81,90.35,2.6482057571411133,3.955592976588592,11.212699178394429
"2025-02-22 00:29:08.0000",8.3,90.43,2.852412223815918,3.886957701425086,14.634276843494336
"2025-02-22 00:59:01.0000",7.6,91.11,3.3474678993225098,4.1915419951688575,11.750181848368037
"2025-02-22 01:28:56.0000",7.17,91.39,3.3368771076202393,4.299213314320306,12.389563372456772
"2025-02-22 01:58:50.0000",7.28,92.1,3.69067120552063,4.873945112155105,16.511684568847965
"2025-02-22 02:28:45.0000",7.13,92.35,3.8537516593933105,4.701375351290727,12.942075183863293
"2025-02-22 02:58:39.0000",6.87,92.86,4.027265548706055,5.119655061437116,15.67419562514642
"2025-02-22 03:28:34.0000",6.97,93.03,3.480801820755005,4.473675015344615,15.14684157253721
"2025-02-22 03:58:28.0000",6.61,93.64,3.792112350463867,4.7054943830734715,14.975627472821852
"2025-02-22 04:28:22.0000",6.59,93.94,3.8043370246887207,4.624463288820133,14.797080188796615
"2025-02-22 04:58:16.0000",6.37,94.22,4.258042335510254,5.241043657067869,14.967487404352449
"2025-02-22 05:28:10.0000",6.15,94.54,4.3699846267700195,5.1428307524281465,14.994253271728052
"2025-02-22 05:58:05.0000",6.27,95.04,3.867513418197632,4.746140665577187,13.913916755721964
"2025-02-22 06:27:59.0000",6,95.36,4.013497352600098,4.616340354472576,11.948975225232756
"2025-02-22 06:57:53.0000",5.87,95.74,4.140676975250244,4.992740136997752,15.880555288983395
"2025-02-22 07:27:48.0000",6.02,96.04,4.137125015258789,4.925493191469493,15.164945368630072
"2025-02-22 07:57:43.0000",6.23,96.3,3.9315884113311768,4.932585413812972,16.848681186124722
"2025-02-22 08:27:40.0000",8.6,92.76,3.903287172317505,4.861059520192859,13.72721903205556
"2025-02-22 08:57:40.0000",10.76,88.78,3.906123638153076,5.055844795278561,14.27975974114202
"2025-02-22 09:27:38.0000",12.56,87.46,3.436608076095581,4.466523759624048,14.48723970934022
"2025-02-22 09:57:37.0000",14.37,84.8,3.97104811668396,5.334209893830046,15.264439186435261
"2025-02-22 10:27:32.0000",15.01,84.2,3.828927993774414,5.324958120560463,15.714520707873096
"2025-02-22 11:27:19.0000",13.12,85.67,3.917261838912964,5.315462900406341,15.379966010819086
"2025-02-22 11:57:15.0000",15.02,83.07,3.333238363265991,5.028023798915049,16.174007797527917
"2025-02-22 12:27:14.0000",16.16,75.64,3.2288413047790527,5.236748120162078,14.575443981887629
"2025-02-22 12:57:15.0000",18.31,68.37,3.231485605239868,5.4828729653384345,16.25872365073452
"2025-02-22 13:27:10.0000",17.78,65.06,2.755725383758545,5.2458260618836015,16.159189399190414
"2025-02-22 13:57:05.0000",18.85,62.39,2.5624606609344482,5.2063708603180645,15.295884024308892
"2025-02-22 14:26:49.0000",13.09,62.8,3.5312654972076416,5.6589394060769145,16.565206177556053
"2025-02-22 15:26:43.0000",15.64,61.58,3.457406520843506,5.8840432673396785,17.56970182972842
"2025-02-22 15:56:33.0000",12.01,62.71,3.194042444229126,5.495226833826542,17.20588675597613
"2025-02-22 16:26:26.0000",12.4,65.02,3.0531835556030273,5.164257192701431,16.92544114698856
"2025-02-22 16:56:21.0000",11.21,65.42,3.9102909564971924,5.91250319129721,17.292773898068706
"2025-02-22 17:26:13.0000",9.87,67.07,3.756568193435669,5.883286404301486,18.77604788120185
"2025-02-22 17:56:05.0000",8.97,68.57,4.709987640380859,6.293460877932354,16.157770760462725
"2025-02-22 18:25:59.0000",8.36,70.19,4.221382141113281,5.985898274799159,18.819068520321498
"2025-02-22 19:25:47.0000",7.89,73.53,4.085038661956787,5.709221477331307,16.141194725071657
"2025-02-22 19:55:42.0000",7.46,74.32,4.594245433807373,6.328440344999928,16.60889802187949
"2025-02-22 20:25:37.0000",6.88,75.1,3.765650987625122,5.377456035534438,14.941981474408234
"2025-02-22 20:55:31.0000",6.68,75.49,3.7869927883148193,5.416550123883094,14.67191952196789
"2025-02-22 21:25:25.0000",6.29,75.91,4.094234943389893,5.470186050673414,17.923704423566136
"2025-02-22 21:55:19.0000",6.06,76.67,5.033103942871094,6.5031064115928015,18.051105034285833
"2025-02-22 22:25:15.0000",6.72,76.96,3.5722148418426514,5.111860688890521,14.221095173502237
"2025-02-22 22:55:10.0000",6.43,77.71,3.8385093212127686,5.611333716620372,17.096869898928112
"2025-02-22 23:25:04.0000",6.24,78.86,4.317877292633057,5.6730098778115785,15.911553826522347
"2025-02-22 23:54:58.0000",5.98,79.85,4.668641090393066,6.066517846971477,18.02331674382738
"2025-02-23 00:24:52.0000",5.64,80.63,4.521594524383545,5.742453062686108,19.830947856374273
"2025-02-23 00:54:45.0000",5.49,81.57,4.470880031585693,5.820779791444391,15.442537231919552
"2025-02-23 01:24:41.0000",5.78,82.48,4.299392223358154,5.576186530339971,14.433361476907384
"2025-02-23 01:54:36.0000",5.95,83.77,4.454276084899902,5.497082191865094,14.953772054826052
"2025-02-23 02:24:32.0000",6.19,85.33,4.177211761474609,5.293795997642887,17.10618089320538
"2025-02-23 02:54:26.0000",6.15,86.86,4.044983863830566,5.1505299613663675,14.385405841251476
"2025-02-23 03:24:22.0000",6.14,88.1,4.053235054016113,5.032403760381149,13.288126748972353
"2025-02-23 03:54:17.0000",6.06,89.74,3.8535430431365967,4.767005143672655,15.113122104406132
"2025-02-23 04:24:12.0000",6.26,91.27,3.241370439529419,4.272398885012321,12.018476582903258
"2025-02-23 04:54:08.0000",6.49,91.18,4.12778902053833,4.998131347480513,13.536440718565752
"2025-02-23 05:24:03.0000",6.53,91.56,3.9266197681427,5.049071562369458,13.515138066387014
"2025-02-23 05:53:59.0000",7,92.43,3.451997995376587,4.420900278988762,12.425692055883236
"2025-02-23 06:23:56.0000",7.21,92.36,3.331221580505371,4.333621444666672,15.34659482109438
"2025-02-23 07:23:47.0000",7.98,91.88,3.0137360095977783,3.9153668598387603,12.725140260889509
"2025-02-23 07:53:43.0000",8.2,91.86,3.068537950515747,4.074509401922894,11.373787086549463
"2025-02-23 08:23:37.0000",8.31,91.61,3.039125919342041,4.313937145711199,12.313850277647106
"2025-02-23 08:53:32.0000",8.48,91.26,2.627124786376953,3.6441749615515207,10.042494324514285
"2025-02-23 09:23:29.0000",8.8,90.35,2.8590574264526367,3.896680135965718,12.681536122191703
"2025-02-23 10:23:19.0000",9.42,88,2.311326742172241,3.577329912546267,9.977218890902385
"2025-02-23 11:23:09.0000",9.73,84.75,1.8420839309692383,3.4477963048275515,10.154418976909136
"2025-02-23 11:53:02.0000",9.38,86.66,2.592344284057617,3.8914653563194515,11.171250375205828
"2025-02-23 12:22:57.0000",9.85,87.97,2.310112237930298,3.4367012336032134,10.230332362947676
"2025-02-23 12:52:52.0000",9.68,87.2,1.5080662965774536,2.7363066913883163,8.382950685775374
"2025-02-23 13:22:47.0000",9.49,89.33,1.3546222448349,2.536349351703098,8.340322136532546
"2025-02-23 13:52:42.0000",9.48,90.44,0.7969892024993896,1.90579729821713,7.341250989326599
"2025-02-23 14:22:37.0000",9.28,91.52,0.7965012192726135,1.9117191657071648,7.329246358558627
"2025-02-23 14:52:33.0000",9.08,93.81,1.0820690393447876,2.04379054188528,8.260612880490806
"2025-02-23 15:22:28.0000",9.26,95.29,0.7013001441955566,1.5842339079354844,6.972753381751663
"2025-02-23 15:52:24.0000",9.6,95.96,0.5058575868606567,1.42676599546894,5.986962732424012
"2025-02-23 16:22:19.0000",9.75,98.33,0.57640540599823,1.4541860265873516,5.406729783991558
"2025-02-23 16:52:14.0000",9.78,100.85,0.6539955735206604,1.3828506278567179,5.823954925772528
"2025-02-23 17:22:10.0000",10.1,102.44,0.5818581581115723,1.404910678813321,6.389234352228183
"2025-02-23 17:52:06.0000",10.41,101.85,0.6611884236335754,1.5239685690431524,5.957975926550613
"2025-02-23 18:22:00.0000",10.46,102.16,0.514533281326294,1.241890427791811,4.617512249797242
"2025-02-23 18:51:54.0000",10.38,102.66,0.6063361763954163,1.431729215220555,6.232533043427375
"2025-02-23 19:21:48.0000",10.3,102.83,0.9659132957458496,1.6249971327266763,6.927629386018659
"2025-02-23 19:51:44.0000",10.2,102.46,1.208118200302124,2.191036963120853,7.176407542326044
"2025-02-23 20:51:34.0000",10.03,101.17,1.3892024755477905,2.241183617567909,7.009574165724584
"2025-02-23 21:21:29.0000",9.88,100.99,1.0894255638122559,2.0120916753879383,7.031569674418032
"2025-02-23 21:51:25.0000",9.89,100.74,1.139953374862671,2.1671535339820287,6.758476797316993
"2025-02-23 22:21:20.0000",9.82,100.75,1.097883701324463,2.013775866401577,7.003429881016196
"2025-02-23 22:51:16.0000",9.86,100.17,1.2333647012710571,2.2260495527355952,7.357277303589403
"2025-02-23 23:21:10.0000",9.89,100.17,1.400570273399353,2.3977506594251117,7.629886341292898
"2025-02-23 23:51:05.0000",9.83,99.74,2.5671303272247314,3.156765950237341,7.3229068611148005
"2025-02-24 00:21:01.0000",10.08,99.28,3.3661086559295654,4.394235217599339,12.048370725690095
"2025-02-24 00:50:56.0000",10.15,98.64,4.498044967651367,5.548006716289395,16.1539737276606
"2025-02-24 01:20:49.0000",9.88,97.66,4.325963020324707,5.600117508361302,14.799565941225742
"2025-02-24 01:50:45.0000",9.69,97.68,3.900730609893799,4.899566337327398,13.917295747711133
"2025-02-24 02:20:40.0000",9.52,97.54,3.290888547897339,4.2841455768333665,13.260533872003657
"2025-02-24 02:50:35.0000",9.18,97.49,3.865767240524292,4.744009006008456,13.739619832922072
"2025-02-24 03:20:30.0000",8.9,97.43,4.437922954559326,5.379133895378723,17.07290587153887
"2025-02-24 03:50:24.0000",8.64,97.27,4.380846977233887,5.579508518031756,14.556804278934363
"2025-02-24 04:20:17.0000",8.09,97.48,4.356827735900879,5.3442543019601025,15.851785450190754
"2025-02-24 05:20:05.0000",7.24,97.84,3.703583002090454,4.419066253800169,14.400544308688525
"2025-02-24 05:49:59.0000",6.96,97.88,4.996865272521973,5.655597475977439,13.66267300852008
"2025-02-24 06:19:56.0000",7.71,98.31,5.828094959259033,6.772294528753037,17.3536001746712
"2025-02-24 06:49:53.0000",8.86,97.35,7.1336164474487305,8.346471678372602,22.027720251269706
"2025-02-24 07:19:48.0000",8.71,96.59,6.565237522125244,7.180728584212838,20.99421752514945
"2025-02-24 07:49:42.0000",8.95,96.54,4.765891075134277,5.60141445418497,15.391033896720892
"2025-02-24 08:19:37.0000",8.9,96.55,4.485624313354492,5.750746702606571,15.131881696771996
"2025-02-24 08:49:34.0000",9.55,95.6,4.031716346740723,5.128992855304134,14.260256318832216
"2025-02-24 09:19:30.0000",9.78,93.95,3.0640289783477783,4.187444951933007,11.69141965227995
"2025-02-24 09:49:26.0000",10.12,92.19,2.593485116958618,3.892721673478115,10.396000354306484
"2025-02-24 10:19:22.0000",10,91.11,2.7580292224884033,4.105038547495872,12.038475790645114
"2025-02-24 10:49:18.0000",13.19,86.41,2.928179979324341,4.263892902482991,12.5963832216564
"2025-02-24 11:19:20.0000",13.42,80.54,3.5060598850250244,5.349915619514044,16.568660583461234
"2025-02-24 11:49:08.0000",8.78,84.77,3.652512550354004,4.84382673132776,14.637127205076677
"2025-02-24 12:19:11.0000",14.95,84.1,4.266574859619141,5.516506896486931,19.53438681604431
"2025-02-24 13:19:07.0000",16.9,78.06,4.075085163116455,6.242975952664139,19.265577033461156
"2025-02-24 13:49:03.0000",17.28,70.79,3.686981201171875,5.7963910890194414,16.32108431126636
"2025-02-24 14:18:58.0000",17.13,67.51,2.702955722808838,5.272960521475314,15.500577053019327
"2025-02-24 15:18:46.0000",15.86,60.46,2.893904209136963,5.614106608528153,15.777882176625262
"2025-02-24 15:48:37.0000",14.31,61.12,3.67675518989563,6.375968651943511,17.01402915422107
"2025-02-24 16:48:23.0000",11.66,60.85,4.330031394958496,6.445396820521748,17.558549549343144
"2025-02-24 17:18:13.0000",9.79,62.88,4.607697486877441,6.959765399492821,17.14288545538392
"2025-02-24 17:48:06.0000",8.82,64.14,4.554970741271973,6.730731171965221,20.309536997450948
"2025-02-24 18:18:01.0000",8.38,64.98,4.520262241363525,6.729614110569097,19.77177697726273
"2025-02-24 18:47:54.0000",7.93,66.35,4.194725036621094,6.39685954673042,19.406784559031667
"2025-02-24 19:17:49.0000",8.25,67.76,2.6804628372192383,4.419831969963296,13.107933968002891
"2025-02-24 19:47:43.0000",6.96,73.88,0.937947690486908,1.9269750284227398,7.672670380744653
"2025-02-24 20:17:35.0000",5.71,75.02,0.6652280688285828,1.8565416031402768,6.946330713205993
"2025-02-24 20:47:29.0000",5.51,76.68,0.8050031065940857,1.8882340932677026,6.139832119331818
"2025-02-24 21:17:24.0000",5.43,78.03,1.336098074913025,2.273395013842918,8.337370034549245
"2025-02-24 22:17:13.0000",5.42,79.98,1.488206148147583,2.5866831609270813,9.54282449945413
"2025-02-24 22:47:08.0000",5.3,80.51,1.6829758882522583,2.866172282735983,11.06787412013982
"2025-02-24 23:17:02.0000",4.8,80.8,1.6962031126022339,2.9193862745796184,10.182250923076472
"2025-02-24 23:46:57.0000",4.78,80.92,1.6085625886917114,2.7565341658952702,12.252802471991004
"2025-02-25 00:16:52.0000",5.07,81.22,1.7713323831558228,3.1553589354422926,9.516688823803527
"2025-02-25 00:46:49.0000",5.47,81.19,2.1717352867126465,3.563996349279013,7.854900634209727
"2025-02-25 01:16:42.0000",4.76,81.91,1.8566924333572388,3.140247934509717,9.955373113468474
"2025-02-25 01:46:35.0000",3.88,82.52,1.8926362991333008,3.224734088981819,8.170153890334786
"2025-02-25 02:16:31.0000",3.85,82.52,1.8572365045547485,3.1612521862641687,11.799131972132038
"2025-02-25 03:16:20.0000",3.84,82.69,1.8244227170944214,3.001983378307797,10.413548439207673
"2025-02-25 04:16:09.0000",3.25,83.17,1.9038430452346802,3.2233520851768165,10.169032601672663
"2025-02-25 04:46:03.0000",2.94,82.83,1.7549575567245483,2.9618140913652438,11.049740684481883
"2025-02-25 05:45:52.0000",2.71,83.58,1.7817950248718262,2.6503394722269826,8.964340774450488
"2025-02-25 06:15:46.0000",2.43,83.99,1.7181605100631714,2.7079817681369907,9.65880959838684
"2025-02-25 06:45:42.0000",3.22,84.47,2.1652705669403076,3.0970903525844977,9.749114960958803
"2025-02-25 07:45:35.0000",4.76,84.19,1.905949354171753,3.0796637192653256,10.965174226970806
"2025-02-25 08:15:30.0000",5.15,84.22,2.181873083114624,3.418403459923561,10.661291538177036
"2025-02-25 08:45:26.0000",6.01,84.1,2.0926520824432373,3.3964176063078675,10.025315684939715
"2025-02-25 09:15:25.0000",10.02,77,2.0211706161499023,3.4760240585462867,8.720613608324365
"2025-02-25 09:45:26.0000",10.93,75.15,1.7601083517074585,3.197335860993005,10.259387902216536
"2025-02-25 10:15:19.0000",10.87,74.71,2.1098411083221436,3.8703204973735756,12.798836023476596
"2025-02-25 10:45:20.0000",13.32,68.78,2.3412516117095947,4.159931320187655,14.046320211483417
"2025-02-25 11:15:15.0000",13.61,66.68,2.7541069984436035,4.83263712733897,15.191473076528183
"2025-02-25 11:45:11.0000",13.45,65.5,2.5870563983917236,4.343951728686657,13.335061474132537
"2025-02-25 12:15:06.0000",13.97,63.82,2.417863607406616,4.505532329132311,13.504844373618887
"2025-02-25 12:45:00.0000",13.33,63.9,2.6385247707366943,4.663582231739221,14.314497306745627
"2025-02-25 13:44:48.0000",13.91,64.9,2.877514123916626,4.94127187961189,14.593454348447576
"2025-02-25 14:14:41.0000",12.87,64.44,3.1292481422424316,5.385676725660421,18.184503638125108
"2025-02-25 14:44:33.0000",12.02,65.37,2.791459321975708,4.994356655413405,15.351127244725669
"2025-02-25 15:14:28.0000",11.5,65.45,2.9631106853485107,5.032853583333068,17.92420733567991
"2025-02-25 16:14:14.0000",9.17,68.11,3.4670193195343018,5.242359561631967,15.243898500190337
"2025-02-25 17:13:59.0000",7.53,70.08,2.7849626541137695,4.559407168795401,13.701445956175146
"2025-02-25 17:43:51.0000",6.25,72.07,3.0689964294433594,4.632283913209209,13.98193700984514
"2025-02-25 18:13:44.0000",5.65,73.87,2.751242160797119,4.1590676643627225,10.681253565269397
"2025-02-25 18:43:38.0000",5.3,74.04,2.2811498641967773,3.8571286399195452,10.627151463880866
"2025-02-25 19:13:33.0000",5.74,74.16,1.9229207038879395,3.302963840624536,9.869290919561331
"2025-02-25 19:43:27.0000",5.9,73.35,2.1645896434783936,3.973632595955685,10.917357389235072
"2025-02-25 20:43:14.0000",5.28,74.51,2.3906311988830566,3.87668056828681,11.07222303340609
"2025-02-25 21:13:09.0000",5.45,74.4,2.695671796798706,4.35612676190738,10.71787412079708
"2025-02-25 21:43:03.0000",5.22,75.06,2.2472829818725586,3.6396757656997303,10.986113418303335
"2025-02-25 22:12:57.0000",4.7,75.77,2.0688610076904297,3.563213247586768,11.122732681366172
"2025-02-25 22:42:51.0000",3.46,76.53,2.7366979122161865,4.14543386218408,13.027643269220828
"2025-02-25 23:12:45.0000",3.59,77,2.3086116313934326,3.744893303813259,10.052018617670981
"2025-02-25 23:42:39.0000",2.78,77.09,1.7015119791030884,3.0185463144653415,10.388145218451893
"2025-02-26 00:12:34.0000",3.02,77.22,2.1004621982574463,3.5739920257528968,10.001298953716494
"2025-02-26 00:42:28.0000",2.77,77.51,1.5919808149337769,3.0762976490558134,11.634591976589414
"2025-02-26 01:12:22.0000",2.82,77.98,1.5721062421798706,3.1939937071497213,11.560206989420667
"2025-02-26 01:42:17.0000",2.79,78.29,1.5537663698196411,2.808020025513411,8.940531617243828
"2025-02-26 02:12:12.0000",2.78,79.06,1.624832272529602,3.0920486104531073,10.155963888938691
"2025-02-26 03:12:04.0000",3.62,79.54,1.3984934091567993,2.6185932447046,8.704254113400369
"2025-02-26 03:41:59.0000",3.59,80.18,1.450213074684143,2.8882057511713954,9.064133572999648
"2025-02-26 04:11:55.0000",3.86,81,1.6737021207809448,2.7803745562334328,10.18431999901006
"2025-02-26 04:41:49.0000",4.05,81.9,1.8255400657653809,2.88967701186072,9.779025496979065
"2025-02-26 05:11:44.0000",3.96,82.97,1.9775065183639526,3.198319513197598,9.646289105359394
"2025-02-26 05:41:38.0000",3.5,85.79,2.429943799972534,3.5281198100590867,12.242400378521467
"2025-02-26 06:11:33.0000",3.73,88.07,2.25765323638916,3.282269772174046,11.11648306792814
"2025-02-26 06:41:29.0000",4.23,86.95,2.264681577682495,3.1471538148389344,10.081955517201045
"2025-02-26 07:11:24.0000",4.14,87.06,1.7450780868530273,2.5874961606021865,9.136265331059903
"2025-02-26 07:41:20.0000",4.31,87.03,1.2916829586029053,2.214616209949976,7.717019759488227
"2025-02-26 08:11:13.0000",3.63,87.89,1.4889066219329834,2.6253357268734607,8.761262305314547
"2025-02-26 08:41:12.0000",7.58,82.96,1.662052869796753,2.663507579920772,8.33285398671392
"2025-02-26 09:11:13.0000",10.28,79.07,1.4725897312164307,2.4800440371417096,7.904014905692426
"2025-02-26 09:41:13.0000",12.43,79.54,1.3105186223983765,2.361585132346635,9.187703902535887
"2025-02-26 10:11:11.0000",13.86,79.84,1.3608191013336182,2.583750819919008,9.354039822182086
"2025-02-26 10:41:07.0000",14.65,76.43,1.9703426361083984,3.580856715503966,10.82225207910838
"2025-02-26 11:11:01.0000",12.13,73.64,1.5818746089935303,3.656952906066694,13.083944653058106
"2025-02-26 11:40:58.0000",14.93,68.6,1.2874860763549805,3.5334959232397867,11.895749260730934
"2025-02-26 12:10:51.0000",14.68,65.26,1.198917031288147,3.6069247866250578,11.796233362373798
"2025-02-26 13:40:37.0000",14.4,59.14,1.2282260656356812,3.9005044676383056,13.928564650006358
"2025-02-26 14:10:31.0000",12.83,58.1,1.2408865690231323,3.8580070884583675,12.878576881152684
"2025-02-26 14:40:25.0000",12.97,58.75,1.10703444480896,3.6210862276813636,11.555276550714831
"2025-02-26 15:40:08.0000",9.09,65.35,1.249426245689392,3.394113816676323,11.764860390394047
"2025-02-26 16:10:00.0000",7.14,68.21,1.7789511680603027,3.2761892525336105,9.781454073210913
"2025-02-26 16:39:53.0000",6.15,71.63,2.5072295665740967,3.8198298396484636,10.839379924667753
"2025-02-26 17:09:47.0000",6.08,75.59,2.3590352535247803,3.4696748554819665,11.883887819811582
"2025-02-26 17:39:42.0000",6.18,77.68,2.605915069580078,3.545718394639013,11.545862399964822
"2025-02-26 18:09:37.0000",5.79,78.14,2.6342127323150635,3.5353434642120942,11.682997225852619
"2025-02-26 18:39:30.0000",5.62,79.4,1.6926136016845703,2.6246594281679583,8.215566970138418
"2025-02-26 19:09:25.0000",5.62,81.91,2.103379249572754,3.1049857423887306,10.237765707945965
"2025-02-26 19:39:19.0000",5.68,82.44,1.9984729290008545,2.932439381932948,9.51038153633983
"2025-02-26 20:09:15.0000",5.58,83.19,1.923402190208435,2.7070098898541346,10.652291108937185
"2025-02-26 20:39:10.0000",5.06,85.37,1.2372817993164062,1.783108719914292,8.04566152643499
"2025-02-26 21:09:05.0000",4.67,87.4,0.49198731780052185,1.1580830303662464,4.600216201454713
"2025-02-26 21:38:59.0000",4.77,89.4,1.0986301898956299,1.5409648243242617,6.9856705512361135
"2025-02-26 22:08:55.0000",5.07,90.93,2.8400533199310303,3.148776296868571,11.199989087106129
"2025-02-26 22:38:50.0000",5.1,90.93,2.174149990081787,2.5604779478572572,11.43627773826838
"2025-02-26 23:08:43.0000",4.46,92.36,1.543371319770813,1.9359204665348457,9.74463837248496
"2025-02-27 00:08:32.0000",4.4,94.44,1.612155556678772,1.8257160556439527,9.151828886475297
"2025-02-27 00:38:25.0000",3.99,96.1,1.288950800895691,1.6995993338252446,6.449123926480432
"2025-02-27 01:08:22.0000",4.56,96.42,2.1058998107910156,2.338028510477604,8.815349821286642
"2025-02-27 01:38:16.0000",4.31,95.84,1.9829474687576294,2.390827662852722,8.18524657361692
"2025-02-27 02:08:11.0000",3.67,94.39,1.0869083404541016,2.006562387900733,5.563680357981592
"2025-02-27 02:38:05.0000",3.03,95.08,1.3252521753311157,2.0118641505708004,7.47329527865204
"2025-02-27 03:07:58.0000",2.94,95.55,1.0887837409973145,1.6633150551011369,6.9057401292622265
"2025-02-27 03:37:53.0000",3.05,95.68,1.9399296045303345,2.4946026850430325,7.187060351404671
"2025-02-27 04:07:48.0000",2.81,95.99,1.4342129230499268,1.9544916117841298,3.7083644547738506
"2025-02-27 04:37:42.0000",2.46,96.39,1.2923671007156372,1.5879235563183935,7.48161629052871
"2025-02-27 05:07:36.0000",2.04,96.57,1.397501826286316,2.0120764589475058,8.98926949880856
"2025-02-27 05:37:29.0000",1.75,97.24,1.4358294010162354,1.7466143813469022,7.104900152097454
"2025-02-27 06:07:24.0000",1.75,97.34,1.5371472835540771,1.6978428696912522,4.75165503009907
"2025-02-27 06:37:20.0000",2.02,97.42,1.7820661067962646,2.1267892887288022,8.125694409817402
"2025-02-27 07:07:15.0000",2.45,97.91,1.6506972312927246,1.9097401418031357,9.08192214062216
"2025-02-27 07:37:10.0000",2.2,98.68,1.9181493520736694,2.4284686590271534,8.028276095218011
"2025-02-27 08:07:06.0000",3.09,100.52,2.075706720352173,2.3929982604775057,6.148366313763722
"2025-02-27 08:37:09.0000",7.84,88.73,1.7813698053359985,2.3268811762266943,8.223694173174545
"2025-02-27 09:07:08.0000",9.4,82.88,1.7048089504241943,3.0113426795248652,9.550313913339899
"2025-02-27 10:07:01.0000",11.53,76.43,1.374808669090271,3.07811630986562,9.677012946848402
"2025-02-27 10:36:56.0000",11.93,69.34,1.6790341138839722,3.599274759534801,13.303565981487353
"2025-02-27 11:06:51.0000",12.03,67.16,1.8409754037857056,3.9181306919378676,13.544969315744614
"2025-02-27 11:36:47.0000",12.93,65.59,2.1470861434936523,4.387479245246762,13.419703438653043
"2025-02-27 12:06:41.0000",12.03,66.57,2.0843381881713867,3.91008614744235,13.389297008605261
"2025-02-27 12:36:41.0000",13.84,63.89,2.6982498168945312,4.547599983604319,15.117882282203505
"2025-02-27 13:06:38.0000",14.62,63.81,2.434293270111084,4.499636263798013,14.415249083112997
"2025-02-27 13:36:31.0000",13.88,63.42,2.0628650188446045,4.260369266419127,14.09050371055884
"2025-02-27 14:06:25.0000",13.05,62.98,2.095435857772827,4.236269508469038,15.415962197501687
"2025-02-27 14:36:21.0000",13.7,63.25,2.2133500576019287,4.4150939514942085,14.718617571221857
"2025-02-27 15:06:16.0000",12.92,63.12,2.1179354190826416,4.383854881541651,15.911702154833709
"2025-02-27 15:36:08.0000",11.15,64.8,2.2901804447174072,4.192667580920905,14.488024558296658
"2025-02-27 16:06:03.0000",10.75,66.83,2.096165895462036,3.7828773728361456,13.74558959747361
"2025-02-27 16:35:56.0000",9.69,68.64,1.9199877977371216,3.7915707692666993,13.011630906994968
"2025-02-27 17:05:47.0000",7.45,70.97,2.1985721588134766,3.7738614085153035,12.390674983239863
"2025-02-27 18:05:31.0000",4.82,74.97,2.2316482067108154,3.2429883689843493,9.359161728681334
"2025-02-27 18:35:24.0000",3.99,75.71,2.596815824508667,3.891051932086337,11.513087194693858
"2025-02-27 19:05:17.0000",3.4,75.65,2.7890875339508057,3.8190556870693637,13.31964664110313
"2025-02-27 20:05:06.0000",2.81,75.6,4.774118423461914,5.940421239078672,18.926068009209118
"2025-02-27 21:04:55.0000",3.17,75.9,5.169046878814697,6.523555032439785,17.251958714956608
"2025-02-27 22:34:37.0000",2.25,77.42,7.698978424072266,9.069179242011307,17.723473804808368
"2025-02-27 23:04:33.0000",2.43,77.56,7.697288990020752,9.35189636171133,23.040988267441588
"2025-02-27 23:34:28.0000",2.64,77.72,5.5390625,6.740355392553855,22.493707416696353
"2025-02-28 00:04:23.0000",2.22,78.51,4.932358741760254,6.069198835604644,16.66675732861596
"2025-02-28 01:04:11.0000",1.78,80.2,3.8024661540985107,4.526566370491817,17.155382653806917
"2025-02-28 01:34:06.0000",1.57,80.05,3.8070528507232666,4.5823903267162995,15.435520060302032
"2025-02-28 02:04:01.0000",1.42,80.43,3.797226905822754,4.558722541876561,14.7744859629678
"2025-02-28 02:33:57.0000",1.26,80.54,4.568750858306885,5.528497644367356,16.834862863761458
"2025-02-28 03:03:52.0000",1.09,80.74,4.339285373687744,5.326689685475655,16.224194776204136
"2025-02-28 03:33:46.0000",0.8,80.83,4.410584449768066,5.496345776040554,15.987992319809749
"2025-02-28 04:03:40.0000",0.63,81.43,3.9266695976257324,5.093591647700103,10.497447315381766
"2025-02-28 04:33:36.0000",0.6,81.22,4.1277265548706055,5.126863001567333,14.183127292963482
"2025-02-28 05:03:31.0000",0.44,81.24,4.855274200439453,6.20645087052014,16.660066057963675
"2025-02-28 05:33:25.0000",0.07,81.63,5.129927158355713,6.351861111254707,18.174780666695064
"2025-02-28 06:03:20.0000",0.23,81.83,5.705729961395264,7.211408984504361,17.962782645119574
"2025-02-28 06:33:15.0000",0.35,82.16,8.185050010681152,9.884034491603089,18.5360581486157
"2025-02-28 07:03:11.0000",0.48,82.63,12.89706802368164,14.586906848201274,21.61492874487341
"2025-02-28 07:33:05.0000",0.73,82.92,14.575790405273438,15.66530131410498,20.30296422089841
"2025-02-28 08:03:00.0000",1.12,83.17,9.31843376159668,10.008513739651113,15.992967515428198
"2025-02-28 08:32:59.0000",3.64,79.72,8.254654884338379,9.608929168319413,12.250468454182055
"2025-02-28 09:02:55.0000",4.99,79,4.8416900634765625,5.735056280600124,9.409795820655987
"2025-02-28 09:32:56.0000",7.13,78.04,3.7547218799591064,5.064364458622436,10.471965351893118
"2025-02-28 10:02:55.0000",9.95,77.09,4.241758346557617,5.2948210547223,10.328223866257913
"2025-02-28 10:32:52.0000",9.5,79.63,3.9355063438415527,5.042056026518324,13.726916359249696
"2025-02-28 11:02:47.0000",9.85,81.35,5.325369358062744,6.5252348366069395,12.661109843435495
"2025-02-28 11:32:48.0000",12.77,78.78,4.940945148468018,6.2217266682433925,13.123314480958808
"2025-02-28 12:02:42.0000",13.07,81.03,4.104903221130371,5.5883860551296225,14.958223209782862
"2025-02-28 12:32:35.0000",10.7,78.87,4.980296611785889,6.369531145653351,15.527117437984453
"2025-02-28 13:32:30.0000",14.83,77.7,5.441597938537598,7.125799016814132,13.834256806625136
"2025-02-28 14:02:26.0000",15.57,75.81,6.0012054443359375,7.493797315063699,13.301100991342782
"2025-02-28 14:32:17.0000",11.54,75.04,6.388498783111572,8.18537710626463,14.06698776684408
"2025-02-28 15:02:06.0000",9.51,75.35,7.13126277923584,8.743116954255072,14.886109088414058
"2025-02-28 15:32:00.0000",8.71,74.57,7.446529865264893,8.907693731240514,16.352268483035054
"2025-02-28 16:01:55.0000",8.1,74.43,7.845992088317871,9.519273553230956,16.92980243231258
"2025-02-28 16:31:49.0000",8.87,75.32,7.836223602294922,9.456120837757156,16.06197865468521
"2025-02-28 17:01:44.0000",8.84,74.04,7.011160373687744,8.399929274528025,13.960224913771443
"2025-02-28 17:31:37.0000",7.53,74.3,4.983086585998535,6.498148804337774,14.213082035612555
"2025-02-28 18:01:29.0000",6.57,74.32,4.824034214019775,6.4892806293127325,13.613090338806325
"2025-02-28 19:01:14.0000",4.98,74.45,6.134673118591309,7.275696849234015,15.695942097477541
"2025-02-28 20:01:02.0000",4.8,74.64,7.775969505310059,8.62731860534206,18.851335853162492
"2025-02-28 20:30:58.0000",4.83,74.64,6.114805221557617,7.288619687959342,15.950528096361232
"2025-02-28 21:00:51.0000",4.85,75.04,6.034889221191406,7.314460230451347,12.580294912760865
"2025-02-28 21:30:46.0000",4.54,75.24,5.367842197418213,6.525591152779108,13.508917967041771
"2025-02-28 22:00:40.0000",4.12,75.67,5.510965347290039,6.447340706738818,13.027175175681377
"2025-02-28 22:30:34.0000",3.68,76.24,5.708054065704346,7.026966920458989,12.63030349702481
"2025-02-28 23:00:28.0000",3.45,76.55,5.4497389793396,6.695182823973906,13.736336733573665
"2025-02-28 23:30:21.0000",2.97,76.73,6.247739315032959,7.3372103106246405,12.493270853035867
"2025-03-01 00:00:15.0000",2.66,77.17,5.106527805328369,6.167279033318216,13.00738718406058
"2025-03-01 00:30:11.0000",2.64,77.39,4.844845771789551,5.868924340302247,9.850552952989254
"2025-03-01 01:30:00.0000",1.72,77.74,4.238413333892822,5.190798940137488,10.904387470265728
"2025-03-01 01:59:55.0000",2.06,78.47,4.570093154907227,5.848233726589573,11.117983073438065
"2025-03-01 02:29:50.0000",1.98,78.15,5.35053014755249,6.560824289404734,12.304230490620213
"2025-03-01 02:59:42.0000",1.37,78.63,5.829092502593994,6.8250688463824245,10.571831243903949
"2025-03-01 03:29:35.0000",0.97,79.26,5.768466472625732,6.872015647329568,11.113782902476407
"2025-03-01 03:59:30.0000",0.82,79.61,5.206453800201416,6.210555417754207,11.06728129968889
"2025-03-01 04:59:19.0000",0.31,80.27,4.93500280380249,6.013975022492961,10.289451979611501
"2025-03-01 05:29:14.0000",0,80.28,5.6402435302734375,6.53296204132308,11.586844064357747
"2025-03-01 05:59:08.0000",-0.08,80.77,5.560816287994385,6.4094525963197295,11.680126419739318
"2025-03-01 06:29:02.0000",0.01,80.89,6.254380702972412,6.886506491816695,11.679645534410904
"2025-03-01 06:58:57.0000",0.09,81.31,6.344995975494385,7.318120883581701,10.897181738915368
"2025-03-01 07:28:52.0000",0.3,81.77,5.524041652679443,6.4675538158041315,8.930401737416076
"2025-03-01 07:58:48.0000",1.2,81.55,4.8532328605651855,5.865532349672975,10.476069302687137
"2025-03-01 08:28:46.0000",3.49,78.52,4.172529697418213,5.095258908960683,10.639234880575076
"2025-03-01 08:58:44.0000",5.61,77.31,3.542111873626709,4.86658283668238,9.35116133788141
"2025-03-01 09:28:46.0000",8.94,75.25,3.3381059169769287,4.392449383557076,9.224413095217301
"2025-03-01 10:28:47.0000",14.07,76.03,2.2271053791046143,3.5119379281224936,9.384229223380487
"2025-03-01 10:58:49.0000",16.26,70.32,1.736659288406372,3.6222403224592474,10.173784337412757
"2025-03-01 11:28:43.0000",15.96,68.3,2.2474451065063477,4.299606790095386,11.867723821340537
"2025-03-01 11:58:38.0000",16.13,65.16,1.6433796882629395,3.9244542572743772,12.10179482185937
"2025-03-01 12:28:34.0000",16.37,62.12,1.1422178745269775,3.761252915451757,11.250988175521096
"2025-03-01 13:28:21.0000",15.48,56.94,1.0992165803909302,3.946453048262882,11.447410101676756
"2025-03-01 13:58:13.0000",13.99,56.82,0.940384030342102,3.7348827320826867,11.485384903764501
"2025-03-01 14:28:10.0000",14.8,56.31,0.9390751123428345,3.7916263375289727,11.78891622381892
"2025-03-01 14:58:05.0000",14.61,55.12,0.7898842692375183,3.856654203416918,11.646406264441378
"2025-03-01 15:57:53.0000",13.14,52.39,0.6009445786476135,3.902044482086527,13.105605329179522
"2025-03-01 16:27:46.0000",12.08,50.88,0.817251980304718,3.93695682962613,12.825425681703154
"2025-03-01 16:57:38.0000",9.58,51.85,0.904837429523468,3.814858099208859,11.476560043716763
"2025-03-01 17:27:26.0000",7.47,54.17,1.0073802471160889,3.6060285600213415,11.213196647246997
"2025-03-01 17:57:19.0000",6.57,55.19,0.9705830812454224,3.56208361988516,11.929990476738519
"2025-03-01 18:27:13.0000",5.65,55.84,1.3522082567214966,3.8349267999100825,12.837733003033291
"2025-03-01 19:27:02.0000",4.8,56.88,1.4348655939102173,3.920573109792381,13.292321912227225
"2025-03-01 19:56:56.0000",4.87,57.88,1.7533470392227173,4.108606560634352,15.023105153950782
"2025-03-01 20:26:51.0000",4.2,58.33,2.4859189987182617,4.724256077515389,13.105349271898366
"2025-03-01 20:56:47.0000",5.08,58.26,5.103845119476318,6.606429394073583,14.868348090705524
"2025-03-01 21:26:43.0000",5.56,58.53,5.926302909851074,7.452405753955599,17.236489704203606
"2025-03-01 21:56:36.0000",4.59,59.17,2.1623971462249756,4.307542575695009,12.625005259142634
"2025-03-01 22:26:31.0000",4.41,59.94,1.9929860830307007,4.130807522597936,12.62616045844682
"2025-03-01 23:26:21.0000",4.75,60.34,3.226271152496338,5.234405833929899,13.857021920321165
"2025-03-01 23:56:13.0000",3.54,61.17,3.0416359901428223,5.118390491716754,13.2636316452231
"2025-03-02 00:56:04.0000",3.89,62.38,3.3678088188171387,5.106018560837384,13.709259340008249
"2025-03-02 01:25:59.0000",4.47,62.4,3.264139175415039,4.961813206660284,14.407214507494768
"2025-03-02 01:55:54.0000",4.27,63.33,3.4322400093078613,5.085908339088043,12.475895554921328
"2025-03-02 02:25:49.0000",4.52,63.77,3.968838691711426,5.600340484627707,12.41566042302925
"2025-03-02 02:55:43.0000",4.01,64.27,2.526310682296753,4.1270631811779195,8.42718438151321
"2025-03-02 03:25:38.0000",4.07,64.68,2.682831048965454,4.344884450094465,11.098954110215393
"2025-03-02 03:55:33.0000",3.98,64.86,2.591132164001465,4.224967242840969,12.621745549965391
"2025-03-02 04:25:28.0000",4.36,65,2.5474705696105957,4.261654854290281,10.386874744652841
"2025-03-02 05:25:19.0000",4.64,65.43,1.782762050628662,3.646568891964617,8.5042596470222
"2025-03-02 05:55:14.0000",4.65,65.79,2.0935444831848145,3.893167799737898,10.670046627936475
"2025-03-02 06:25:10.0000",4.66,66.2,1.9014352560043335,3.7039540083252236,10.504699081718249
"2025-03-02 06:55:04.0000",4.25,66.58,2.3941502571105957,4.244307485686765,10.386420226308195
"2025-03-02 07:25:01.0000",4.36,66.79,1.895561933517456,3.7867851148714853,10.177215856363098
"2025-03-02 07:54:55.0000",4.28,67.03,1.917893886566162,3.7681712170042347,10.150646667906893
"2025-03-02 08:24:49.0000",4.65,67.31,1.9539090394973755,3.7442447552457803,10.73990519749495
"2025-03-02 08:54:46.0000",5.28,67.19,1.7170802354812622,3.602870210039833,10.817274481078487
"2025-03-02 09:24:42.0000",5.7,67.23,1.6934086084365845,3.5280656654703675,10.495580528692031
"2025-03-02 09:54:38.0000",6.43,67.32,1.9357110261917114,3.644159624652291,9.877157383301595
"2025-03-02 10:24:34.0000",7.2,67.21,1.7660553455352783,3.5418074607349057,11.596899871503137
"2025-03-02 10:54:31.0000",7.8,67.3,1.7121323347091675,3.413110880976361,10.021121145308324
"2025-03-02 11:24:26.0000",8.39,67.25,1.6285138130187988,3.3535653682237934,12.311161779288524
"2025-03-02 11:54:21.0000",8.84,67.32,1.753424048423767,3.5095488520424,11.407361725433203
"2025-03-02 12:24:19.0000",10.5,66.47,1.2978671789169312,3.1971201010531303,9.86873775443153
"2025-03-02 12:54:15.0000",11.25,66.41,1.1860265731811523,3.0516354100687773,10.53107945757141
"2025-03-02 13:24:11.0000",12.3,66.02,1.3044716119766235,3.3194298456208493,9.597777157689615
"2025-03-02 13:54:06.0000",12.73,65.21,0.7585396766662598,2.8662593371085863,8.996487316140707
"2025-03-02 14:23:59.0000",11.7,65.08,0.4409342408180237,2.7818313104469214,9.251805968016134
"2025-03-02 14:53:53.0000",11.32,64.94,0.44401824474334717,2.7313335803616443,9.565718546737568
"2025-03-02 15:23:46.0000",10.71,65.05,0.558338463306427,2.8374356337364857,9.192246170332721
"2025-03-02 15:53:40.0000",10.21,65.25,0.6144368648529053,2.7989745463234943,10.341652885373284
"2025-03-02 16:23:33.0000",9.62,65.58,0.8790803551673889,3.0113216882769756,9.701491644827339
"2025-03-02 16:53:27.0000",9.16,65.89,0.9138110876083374,2.8835289426082618,9.443725619853534
"2025-03-02 17:23:21.0000",8.55,66.8,1.0910090208053589,3.0186748370328944,9.665745625702126
"2025-03-02 17:53:14.0000",7.58,67.62,0.9502896666526794,3.0103032648769905,11.075232623919257
"2025-03-02 18:23:06.0000",6.82,68.5,1.1394091844558716,2.9518260857356973,9.142301987197337
"2025-03-02 18:53:02.0000",6.85,68.79,1.0720999240875244,2.9687871733085127,8.99668102845662
"2025-03-02 19:22:56.0000",6.57,68.96,1.2717046737670898,3.0822119802634207,8.9833504853652
"2025-03-02 19:52:51.0000",6.15,69,2.047656297683716,4.048555883763144,10.061111467634532
"2025-03-02 20:22:42.0000",5.27,70.08,1.2501038312911987,3.078128384317943,9.545454992991932
"2025-03-02 20:52:36.0000",5.03,70.45,1.1729788780212402,2.7898429015726154,8.64837157654176
"2025-03-02 21:22:30.0000",4.81,70.82,1.1985434293746948,2.9834863359438737,8.905834107737606
"2025-03-02 21:52:26.0000",4.62,70.7,0.8528622388839722,2.544800251367392,8.572819421746164
"2025-03-02 22:22:20.0000",4.21,70.94,1.145439863204956,2.9433906393285145,9.611040139110091
"2025-03-02 22:52:15.0000",4.32,71.2,1.0598344802856445,2.9141090924840856,9.181165960108174
"2025-03-02 23:22:11.0000",5.09,70.93,1.1218160390853882,2.6818714843075253,8.558450637498684
"2025-03-02 23:52:07.0000",5.6,70.84,1.0938953161239624,2.835160246917491,10.044026345120152
"2025-03-03 00:51:58.0000",5.89,71.18,1.3592133522033691,2.9594166318860067,9.58523024525675
"2025-03-03 01:21:53.0000",5.82,71.36,1.6516283750534058,3.3875172059106546,7.119227423457204
"2025-03-03 01:51:47.0000",5.67,71.73,1.6389273405075073,3.2601467621652915,9.617678170483739
"2025-03-03 02:21:42.0000",5.76,71.87,1.3308247327804565,2.8664738646585097,10.463389078070504
"2025-03-03 02:51:36.0000",5.89,72.2,1.1185123920440674,2.5071537333946132,8.320776060827727
"2025-03-03 03:21:32.0000",5.97,72.4,1.2882449626922607,2.7484234103159286,9.85548430710384
"2025-03-03 03:51:27.0000",5.59,72.85,1.4136981964111328,2.8473021796183593,9.405352130488279
"2025-03-03 04:21:21.0000",4.55,73.65,1.4700242280960083,2.9986220408732196,9.13636895768964
"2025-03-03 04:51:15.0000",4.51,74.12,1.2979871034622192,2.775372061322281,8.689355576440335
"2025-03-03 05:21:10.0000",4.19,74.13,1.2587352991104126,2.6799487807957,8.709641938039898
"2025-03-03 05:51:03.0000",3.95,74.87,1.3719910383224487,2.8110550274208674,10.230210016828327
"2025-03-03 06:21:00.0000",4.91,74.7,1.255885124206543,2.6587057901677755,8.210249106005143
"2025-03-03 06:50:55.0000",5.52,74.68,1.5798823833465576,2.8790364016545973,10.5722599835844
"2025-03-03 07:20:50.0000",5.62,75.05,1.5224143266677856,2.776666892343316,10.319140061291455
"2025-03-03 07:50:45.0000",5.78,75.48,1.6825804710388184,2.79777605092106,9.111638706799873
"2025-03-03 08:20:41.0000",6.42,77.18,1.2349447011947632,2.2476785281789713,7.8149249109442085
"2025-03-03 08:50:37.0000",7.39,76.56,1.1310995817184448,2.4403484538130042,9.771490457975755
"2025-03-03 09:20:34.0000",8.27,76.03,1.432367205619812,2.760467227737704,9.322522439742684
"2025-03-03 09:50:30.0000",9.16,75.46,1.5731284618377686,2.7889546312252462,10.169308587900137
"2025-03-03 10:20:28.0000",11.14,73.4,1.3742873668670654,2.829309632486558,8.888814773237968
"2025-03-03 10:50:26.0000",12.64,71.15,1.0319169759750366,2.6977446136709684,8.927182301289976
"2025-03-03 11:20:24.0000",14.24,68.64,1.050252079963684,3.2278531461169804,10.395709048744303
"2025-03-03 11:50:21.0000",14.23,65.67,1.0851377248764038,3.295359701731575,10.741003030567056
"2025-03-03 12:20:18.0000",14.55,63.54,0.8222894668579102,3.2580572633604845,11.017855660230309
"2025-03-03 12:50:13.0000",14.51,62.55,0.9785035252571106,3.3127542923921425,10.076489425242109
"2025-03-03 13:20:09.0000",14.38,60.93,0.8114678859710693,3.3299168584123864,11.452949506766538
"2025-03-03 13:50:02.0000",13.82,61.2,0.8727046251296997,3.303054257857862,12.423064219650295
"2025-03-03 14:19:56.0000",13.51,61.36,1.7551851272583008,4.031079134971866,12.61015912301911
"2025-03-03 14:49:50.0000",12.75,61.67,1.238197684288025,3.5881164015585147,10.775755967686035
"2025-03-03 15:19:45.0000",13.15,62.02,1.1398953199386597,3.564941335965087,11.671601211407797
"2025-03-03 15:49:38.0000",12.02,62.39,1.1489953994750977,3.3251053544711,12.135873043994017
"2025-03-03 16:19:31.0000",11.25,63.11,1.1935261487960815,3.4345944853845567,11.467911984663287
"2025-03-03 16:49:23.0000",10.37,64.37,1.3239933252334595,3.4479361441651566,10.188916361022557
"2025-03-03 17:19:18.0000",9.8,65.41,1.4805810451507568,3.338373188063141,11.03693226689197
"2025-03-03 17:49:11.0000",8.98,66.89,1.1228915452957153,2.8972578899240093,10.122250268675412
"2025-03-03 18:19:05.0000",8.41,67.71,1.4282187223434448,3.2116201544013263,10.999784547797832
"2025-03-03 18:48:58.0000",6.94,68.25,1.631454586982727,3.434728710771829,11.307331702998077
"2025-03-03 19:18:50.0000",5.9,70.09,1.5677729845046997,3.0151883927603893,11.259568497202824
"2025-03-03 19:48:44.0000",5.27,70.69,1.9282573461532593,3.3420446508406982,11.552182020139048
"2025-03-03 20:18:37.0000",4.83,70.94,2.416213035583496,3.9995649633679697,10.629819347475014
"2025-03-03 20:48:32.0000",4.87,71.25,1.6871293783187866,3.317591085748994,9.873899493749233
"2025-03-03 21:18:28.0000",5.42,71.3,2.112454652786255,3.5559917118511977,10.257105676661686
"2025-03-03 21:48:23.0000",4.83,71.68,1.7079962491989136,3.3345398227787757,8.404732207548685
"2025-03-03 22:18:17.0000",4.95,72.3,1.7794647216796875,3.2890541942632177,10.364827148457971
"2025-03-03 22:48:14.0000",5.22,72.31,1.882834553718567,3.419478754460692,9.768748732045113
"2025-03-04 00:18:01.0000",7.07,72.15,1.3208706378936768,2.8678625171863903,9.438700935773554
"2025-03-04 00:47:57.0000",7.01,72.36,1.3874191045761108,3.054755799332526,9.539435035239652
"2025-03-04 01:17:51.0000",6.74,72.6,1.3121994733810425,2.913373616090362,8.74201673925496
"2025-03-04 01:47:46.0000",6.14,73.07,1.5266178846359253,3.1923590578462497,10.163831596212324
"2025-03-04 02:17:39.0000",5.29,73.41,1.221882700920105,2.8575010804065646,8.580450130332885
"2025-03-04 02:47:32.0000",4.17,74.1,1.204842448234558,2.685854209165522,9.693467138969943
"2025-03-04 03:17:26.0000",3.31,74.52,1.2711304426193237,2.8673317167174233,9.365721410190238
"2025-03-04 03:47:19.0000",2.77,74.88,1.311324119567871,2.763368134084817,10.795352328538812
"2025-03-04 04:17:13.0000",2.25,75.03,1.111390471458435,2.546208884210424,8.149698571519206
"2025-03-04 04:47:08.0000",2.91,75.03,1.2630752325057983,2.778622321717894,9.821320271198216
"2025-03-04 05:17:04.0000",2.53,74.63,1.6105186939239502,2.851126599665344,8.489503859787728
"2025-03-04 05:46:56.0000",1.67,75.53,1.856372356414795,3.1365829144719695,8.916506911810853
"2025-03-04 06:16:51.0000",1.52,75.95,1.9594122171401978,3.3262658155433966,9.222737545053416
"2025-03-04 06:46:46.0000",1.21,76.37,2.8850479125976562,3.9954103544855135,8.941783877311167
"2025-03-04 07:16:41.0000",2.34,76.55,1.2984815835952759,2.7067859429251904,6.095439560090854
"2025-03-04 07:46:36.0000",2.97,76.74,1.2296850681304932,2.2306699171950437,7.037143047884751
"2025-03-04 08:16:36.0000",7.24,71.59,1.5171856880187988,2.768041711034903,7.997306755001406
"2025-03-04 08:46:42.0000",10.58,67.41,1.3308558464050293,2.840329942011184,8.134709451700498
"2025-03-04 09:16:38.0000",10.92,69.85,1.566199541091919,3.105192309771234,9.583354981662563
"2025-03-04 11:16:21.0000",13.94,65.91,1.7520948648452759,3.8149480674243184,11.01354888466436
"2025-03-04 11:46:17.0000",14.41,65.39,1.891300082206726,3.935764292250932,11.665840607349196
"2025-03-04 12:16:13.0000",14.71,62.18,1.592008352279663,4.046951738717518,11.52247732837061
"2025-03-04 12:46:05.0000",13.44,61.44,1.3384957313537598,3.5842573463133784,11.20998324696522
"2025-03-04 13:15:57.0000",11.5,61.94,1.2546236515045166,3.4814555283866144,11.382490377070722
"2025-03-04 13:45:56.0000",14.4,62.63,1.3345483541488647,3.5210131652568517,11.501152223628509
"2025-03-04 14:15:53.0000",14.45,60.24,1.342846155166626,3.8170396983881756,12.034314193267656
"2025-03-04 14:45:47.0000",13.54,59.59,0.7047064304351807,3.4599385692160074,11.254005490303285
"2025-03-04 15:15:38.0000",11.91,57.97,0.6154107451438904,3.4642414546738878,11.028543255695471
"2025-03-04 16:15:28.0000",11.65,56.35,0.8780288100242615,3.5277513766702,11.211081790221918
"2025-03-04 16:45:19.0000",9.68,56.55,0.9923800826072693,3.6713522727886203,11.335272538782199
"2025-03-04 17:15:10.0000",8.3,57.98,0.9872072339057922,3.47427260338143,10.892570724942733
"2025-03-04 17:45:03.0000",7.36,58.73,1.1637269258499146,3.5053781789058065,10.832180531875998
"2025-03-04 18:14:56.0000",6.35,59.33,2.104215621948242,4.258580127296897,10.975949207163648
"2025-03-04 18:44:51.0000",5.71,59.65,4.7798943519592285,6.463457831490864,12.559386252932676
"2025-03-04 19:14:44.0000",5.38,60.15,4.874672889709473,6.593578854553501,12.209980488360202
"2025-03-04 19:44:39.0000",5.46,60.55,3.376513957977295,5.158120972628079,11.454636958722707
"2025-03-04 20:14:35.0000",5.01,61.06,3.1941754817962646,5.020061216744908,11.336247645734586
"2025-03-04 20:44:28.0000",4.45,61.51,3.474623441696167,5.32282289842594,12.224115465178095
"2025-03-04 21:14:22.0000",4.45,62.11,2.3441271781921387,4.1607696204850875,10.546116176954284
"2025-03-04 21:44:19.0000",4.74,62.48,2.061814546585083,3.925496077337866,10.276329143021242
"2025-03-04 22:14:15.0000",4.85,63.41,2.0618362426757812,4.094239768837559,10.217565442267436
"2025-03-04 22:44:08.0000",4.18,64.12,3.4667985439300537,5.2270499676053035,11.494558105235354
"2025-03-04 23:14:02.0000",3.57,64.66,3.1805999279022217,4.983804622054579,12.44600841692215
"2025-03-04 23:43:57.0000",3.45,65,2.564730405807495,4.321757249189821,10.642118899477184
"2025-03-05 00:13:52.0000",4.02,65.55,1.7273427248001099,3.3029960750745695,8.910896375647173
"2025-03-05 00:43:48.0000",4.21,66.35,1.6458758115768433,3.3319850999357885,9.754335126692544
"2025-03-05 01:13:42.0000",3.36,66.93,2.969977378845215,4.365152013378702,11.052576630268781
"2025-03-05 01:43:36.0000",2.97,67.6,3.221019744873047,4.617050551845523,12.46090652473793
"2025-03-05 02:43:27.0000",3.69,68.38,1.7079662084579468,3.288667069527653,9.863200098373396
"2025-03-05 03:13:21.0000",3.14,68.9,2.2384142875671387,3.661498376590568,10.323952818322812
"2025-03-05 03:43:16.0000",3.31,69.46,1.431132197380066,2.9123724963302418,9.470763082799255
"2025-03-05 04:13:11.0000",3.37,70.04,1.4886829853057861,3.147379284860991,9.220197314161004
"2025-03-05 04:43:06.0000",4.12,69.84,1.194498062133789,2.75374758167628,8.855457095423835
"2025-03-05 05:13:00.0000",3.73,70.5,1.5103460550308228,3.0041855962970083,9.450928263987011
"2025-03-05 05:42:53.0000",3.25,71.18,1.8868517875671387,3.540877581988028,9.852264278071909
"2025-03-05 06:12:47.0000",2.71,71.78,2.3478925228118896,3.5498652121804843,10.208705765172235
"2025-03-05 06:42:41.0000",2.21,72.25,2.8076517581939697,3.9886302821375197,9.80483970886083
"2025-03-05 07:12:34.0000",2.22,72.47,3.071899652481079,4.167605690094685,9.094697398514223
"2025-03-05 07:42:30.0000",2.61,72.94,2.8564655780792236,3.833120759309921,9.015966473037873
"2025-03-05 08:12:26.0000",3.86,72.72,2.5702803134918213,3.896185503280907,9.5466439710715
"2025-03-05 08:42:25.0000",6.79,69.66,2.013927698135376,3.4831592555493316,10.569663549577854
"2025-03-05 09:12:22.0000",7.57,70.61,2.096411943435669,3.7080067504871583,10.189123195613833
"2025-03-05 09:42:22.0000",12.12,66.82,2.8714540004730225,4.4177608590751944,11.562178759019805
"2025-03-05 10:12:24.0000",15.87,62.87,1.6021405458450317,3.4248456575671953,11.213875954015835
"2025-03-05 10:42:20.0000",15.26,64.92,2.0492684841156006,3.6899889442973635,11.470714640165065
"2025-03-05 11:12:17.0000",17.43,62.35,1.6284544467926025,3.8540464236273118,11.102268768115836
"2025-03-05 11:42:11.0000",15.67,62.29,2.0722970962524414,3.9402860408582816,11.226009534155258
"2025-03-05 12:12:05.0000",16.86,60.73,1.663144826889038,4.032456406499234,12.320799134396085
"2025-03-05 12:42:08.0000",19.06,55.77,1.5056779384613037,3.984507087418001,11.56795925334392
"2025-03-05 13:12:00.0000",18.86,51.79,1.114582896232605,4.114737899478236,12.71377993355913
"2025-03-05 13:41:55.0000",18.82,50.07,1.1439979076385498,4.174236760131729,12.980221016712251
"2025-03-05 14:11:51.0000",19.25,47.96,1.012600302696228,4.049189332339565,11.921413276514144
"2025-03-05 14:41:44.0000",18.1,44.25,1.2856069803237915,4.489812331593497,11.898929649541017
"2025-03-05 15:11:39.0000",17.84,42.18,1.06679368019104,4.579199343661689,13.85938617433323
"2025-03-05 15:41:34.0000",17.46,41.38,1.2160166501998901,4.635532484973234,13.635255594995192
"2025-03-05 16:11:28.0000",17.23,41.51,1.1467496156692505,4.565439290938467,14.276965992981014
"2025-03-05 16:41:20.0000",16.26,40.67,1.3527699708938599,4.757700070116187,14.14876708410285
"2025-03-05 17:11:11.0000",13.82,39.67,1.053736686706543,4.594183656831766,14.777136855453971
"2025-03-05 17:41:02.0000",11.09,41.32,1.5264673233032227,4.841850001212529,16.986561205203927
"2025-03-05 18:10:51.0000",9.38,42.46,1.4676071405410767,4.728627028050006,12.829653940256618
"2025-03-05 18:40:46.0000",9.66,43.24,2.450754165649414,5.188207902609959,13.824341864961736
"2025-03-05 19:10:41.0000",9.5,43.97,3.1041221618652344,5.515235465504556,13.772158269318673
"2025-03-05 19:40:37.0000",9.25,44.81,3.306617259979248,5.5057312156811244,14.047015022661084
"2025-03-05 20:10:30.0000",8.54,45.37,3.3576955795288086,5.553616062919107,13.795109084175786
"2025-03-05 20:40:24.0000",7.9,46.07,3.729224443435669,5.7854994331637455,13.765028436810315
"2025-03-05 21:10:18.0000",7.57,46.92,4.8255720138549805,6.587313647703258,14.337053773708305
"2025-03-05 21:40:14.0000",7.37,47.75,5.860212326049805,7.440294162910798,15.264702028180267
"2025-03-05 22:40:03.0000",7.12,49.67,7.963284492492676,9.392307016262118,16.70877302239735
"2025-03-05 23:09:57.0000",6.95,50.59,8.744232177734375,10.176726407889733,15.012052238023104
"2025-03-05 23:39:52.0000",6.56,51.1,6.227641582489014,8.012627102224105,16.04027595659274
"2025-03-06 00:09:45.0000",5.64,52.23,7.2715959548950195,8.707590284437368,16.46242229952243
"2025-03-06 00:39:39.0000",5.78,53.18,8.77352523803711,10.203189857002013,16.418754736905694
"2025-03-06 01:09:34.0000",5.45,54.05,9.266624450683594,10.20801621001995,16.04743828009904
"2025-03-06 01:39:27.0000",5.13,55.24,10.549001693725586,11.232680204704664,17.613777040365942
"2025-03-06 02:09:23.0000",5.36,57.47,12.00998306274414,12.974833961415428,18.691532733399374
"2025-03-06 02:39:17.0000",4.79,58.05,11.639891624450684,12.69730086019458,17.668740364472622
"2025-03-06 03:09:12.0000",4.92,59.83,13.752067565917969,14.104075515356874,18.88337010992051
"2025-03-06 03:39:07.0000",4.9,60.91,13.548046112060547,14.035817672282901,17.938053671550087
"2025-03-06 04:09:02.0000",4.98,62.25,13.859527587890625,14.298493959300993,19.24774339330495
"2025-03-06 04:38:56.0000",4.97,63.06,14.087533950805664,15.161328937297615,18.774971973686064
"2025-03-06 05:08:51.0000",4.83,63.49,13.45134162902832,14.42110746693948,18.44911411221258
"2025-03-06 05:38:47.0000",5.33,64.25,15.204764366149902,16.331517877501582,19.645800960111742
"2025-03-06 06:08:43.0000",5.4,65.51,15.525947570800781,16.604902005763247,19.781158134806986
"2025-03-06 06:38:38.0000",5.36,66.67,17.09248924255371,18.508947614821537,20.85290392230098
"2025-03-06 07:08:32.0000",4.86,67.4,20.202775955200195,22.297322045182703,22.953161173277422
"2025-03-06 07:38:28.0000",5.17,67.86,19.921958923339844,21.239945931725902,22.26530197182508
"2025-03-06 08:38:23.0000",9.27,64.47,14.390217781066895,15.513813678475099,19.729931850633573
"2025-03-06 09:08:21.0000",10.85,63.32,14.633012771606445,15.867457297658142,20.391956514138418
"2025-03-06 09:38:18.0000",12.25,62.37,14.894426345825195,16.560988405198735,22.338742614662625
"2025-03-06 10:08:15.0000",13.39,61.37,13.954384803771973,15.473015674417328,22.043739125070186
"2025-03-06 11:08:10.0000",16.14,58.77,13.050240516662598,14.459179840774942,19.762290553528672
"2025-03-06 11:38:07.0000",16.72,56.75,13.438857078552246,14.427439947632188,21.68142918486775
"2025-03-06 12:08:03.0000",17.34,55.09,12.725842475891113,13.435381003784661,20.444997101945507
"2025-03-06 12:38:01.0000",18.13,53.72,11.39592170715332,12.442234540256042,22.817744204860336
"2025-03-06 13:07:57.0000",19.07,52.18,11.164051055908203,12.376953767707208,20.67171579564055
"2025-03-06 13:37:52.0000",18.06,50.54,9.063251495361328,10.117902542452077,21.409106647002435
"2025-03-06 14:07:47.0000",19.62,50.82,8.667774200439453,9.658426275504864,19.461744772467583
"2025-03-06 14:37:39.0000",18.43,49.15,8.109052658081055,9.553624162638636,19.78429516054414
"2025-03-06 15:07:35.0000",18.72,47.07,7.404584884643555,8.698701952371437,17.895052787501175
"2025-03-06 15:37:30.0000",18.39,45.02,6.0855326652526855,7.916853652483167,19.010654903940008
"2025-03-06 16:37:16.0000",15.29,45.94,6.288300514221191,8.091027496305378,18.61688677667095
"2025-03-06 17:37:01.0000",13.34,51.38,7.266536235809326,8.681654227527629,20.462628954423266
"2025-03-06 18:06:53.0000",12.02,57.55,7.387257099151611,8.578827999305693,17.32213832232263
"2025-03-06 18:36:47.0000",12.12,57.52,7.538760662078857,8.552193627162882,19.30190701922463
"2025-03-06 19:06:41.0000",11.88,58.77,7.7902960777282715,8.70594133304008,18.421046104457464
"2025-03-06 19:36:36.0000",11.59,59.74,7.293452262878418,8.375474760073065,16.97122252232683
"2025-03-06 20:06:31.0000",11.39,61.47,6.260558605194092,7.6466105858909295,15.409767451572323
"2025-03-06 20:36:25.0000",11.35,63.09,6.306760311126709,7.77578961417592,15.190801545271453
"2025-03-06 21:06:21.0000",11.29,66.24,6.677174091339111,8.02109444284643,15.589268060979071
"2025-03-06 21:36:15.0000",10.54,70.13,7.338566303253174,8.339485352228394,17.080156674081792
"2025-03-06 22:06:08.0000",9.97,76.68,7.101191520690918,8.170663137829054,16.07717344673719
"2025-03-06 22:36:03.0000",9.95,77.61,9.586722373962402,10.35130756108021,16.5293835258429
"2025-03-06 23:06:00.0000",9.91,79.33,8.556659698486328,9.534356007628913,17.238331512750687
"2025-03-06 23:35:54.0000",9.74,80.3,9.2452974319458,9.7389023170832,14.93448761977907
"2025-03-07 00:35:44.0000",9.7,81.19,10.710013389587402,11.2319228699702,16.87041814874916
"2025-03-07 01:05:38.0000",9.71,82.09,9.777765274047852,10.827060161561596,15.311127876568936
"2025-03-07 01:35:33.0000",9.68,83.2,9.091827392578125,9.741933709407064,14.33825544744751
"2025-03-07 02:05:28.0000",9.64,84.9,9.870047569274902,10.645545590601131,16.455536304586555
"2025-03-07 02:35:23.0000",9.65,85.89,9.637372970581055,10.375182760115932,14.95445991996631
"2025-03-07 03:05:18.0000",9.72,86,8.816994667053223,9.771366818741702,15.294082116397975
"2025-03-07 03:35:13.0000",9.75,86.19,9.224150657653809,10.477360126015238,14.523820050569139
"2025-03-07 04:05:08.0000",9.87,86.57,7.923894882202148,9.088253790992837,13.502643788350078
"2025-03-07 05:34:52.0000",9.67,88.22,11.339727401733398,12.432789370831411,14.499540758789472
"2025-03-07 06:04:47.0000",9.31,90.58,16.71499252319336,18.958975082202503,19.934489692000625
"2025-03-07 06:34:41.0000",9.21,91.72,19.897579193115234,22.045813941705752,22.337177147631973
"2025-03-07 07:04:36.0000",9.19,92.39,24.102943420410156,28.476649793443908,25.975904567019796
"2025-03-07 07:34:29.0000",9.17,92.95,22.6258602142334,26.61556120604059,23.597901215694534
"2025-03-07 08:04:25.0000",9.17,93.58,26.18712043762207,29.323953100633126,27.993094463212113
"2025-03-07 08:34:20.0000",9.21,94.19,26.18204116821289,29.367860538328355,30.758874282644932
"2025-03-07 09:34:10.0000",9.53,94.88,17.23523712158203,19.518512741311746,22.50905617652395
"2025-03-07 10:04:07.0000",10.91,95.85,12.832773208618164,15.039005208673956,20.282266845893695
"2025-03-07 10:34:03.0000",12.13,95.11,10.291090965270996,11.991311483971705,18.32675830192675
"2025-03-07 11:03:59.0000",12.23,95.31,8.647708892822266,9.49565407191438,13.903936693281459
"2025-03-07 11:33:54.0000",12.59,95.05,8.948527336120605,9.633064691925457,14.752216134286675
"2025-03-07 12:03:50.0000",12.96,94.19,7.352202892303467,8.304653326453648,15.640984433319653
"2025-03-07 13:03:43.0000",14.24,91.27,4.637523174285889,5.445918146141342,12.265948525337164
"2025-03-07 13:33:37.0000",13.54,89.71,5.2123613357543945,6.058050802906715,14.373908351479772
"2025-03-07 14:03:31.0000",13.55,89.54,6.420166015625,7.638835883060693,14.79681817490546
"2025-03-07 14:33:29.0000",14.32,86.94,5.944048881530762,7.077955332098929,13.053163809577011
"2025-03-07 15:03:25.0000",14.31,84.9,4.2963547706604,5.516267384899972,11.375784056264997
"2025-03-07 15:33:20.0000",14.74,82.5,5.100519180297852,6.496122040849265,13.027281962490191
"2025-03-07 16:03:16.0000",14.47,81,5.852158546447754,6.885829667720761,16.434497704728447
"2025-03-07 16:33:10.0000",14.26,79.2,5.85206937789917,6.921720858049783,13.636928206859523
"2025-03-07 17:03:05.0000",13.91,79.08,6.054482460021973,7.336908377371388,17.32156867995939
"2025-03-07 17:32:58.0000",13.45,79.33,6.392906665802002,7.55406935007904,15.772844110650379
"2025-03-07 18:02:53.0000",13.13,79.36,7.226468086242676,8.262003100949107,13.669063369598401
"2025-03-07 18:32:47.0000",13.15,79.47,6.466547012329102,7.45679439595553,16.580032325130563
"2025-03-07 19:02:43.0000",13.42,79.39,5.754953384399414,6.5873384595878735,14.567020019923433
"2025-03-07 19:32:38.0000",13.35,79.57,6.484758377075195,7.789090745763844,15.56976660642801
"2025-03-07 20:02:33.0000",13.07,79.71,5.386939525604248,6.678736607969334,15.180403624602627
"2025-03-07 20:32:29.0000",12.81,80.09,5.071478366851807,6.07578728814126,14.529211893584177
"2025-03-07 21:02:23.0000",12.45,80.64,5.651232719421387,6.725219565358053,12.218051903390466
"2025-03-07 22:02:11.0000",11.33,82.11,6.075211524963379,7.437693383328274,13.566186677528723
"2025-03-07 22:32:07.0000",11.34,82.2,6.536717891693115,7.752797837479999,13.41963238212989
"2025-03-07 23:02:01.0000",11.4,81.92,6.273368835449219,7.391286437076198,13.795314975011458
"2025-03-07 23:31:57.0000",11.52,81.86,6.365405082702637,7.6100977434016075,12.719012056408259
"2025-03-08 00:01:51.0000",11.35,82.08,6.805859565734863,7.92889093491813,12.935097341339004
"2025-03-08 00:31:46.0000",11.1,82.62,7.888319969177246,8.86867258963983,12.869149762369826
"2025-03-08 01:01:40.0000",10.68,83.35,8.317843437194824,9.617118501934804,14.53109892358104
"2025-03-08 01:31:35.0000",10.99,83.2,8.071808815002441,9.581778909464608,15.184382317168755
"2025-03-08 02:01:30.0000",10.95,83.05,7.828824520111084,9.08060754555,13.828621409901208
"2025-03-08 03:01:19.0000",10.45,83.81,9.251556396484375,10.856994810115788,12.268991277717742
"2025-03-08 03:31:14.0000",9.92,84.77,9.319801330566406,10.717612868278882,13.90790333932212
"2025-03-08 04:01:08.0000",9.47,85.07,9.369766235351562,10.787310495964913,13.749833562193091
"2025-03-08 04:31:02.0000",9.23,85.16,10.41437816619873,12.218581379706768,15.707294418907393
"2025-03-08 05:00:56.0000",9.03,85.95,12.269323348999023,14.273412922533192,17.63872798606756
"2025-03-08 05:30:52.0000",8.74,86.06,11.90951919555664,13.27157694631579,16.363716879273255
"2025-03-08 06:00:47.0000",8.99,85.89,25.183391571044922,26.76535704877544,24.946829462761247
"2025-03-08 06:30:42.0000",8.98,85.77,18.435056686401367,19.9398460877618,20.34667214132325
"2025-03-08 07:00:37.0000",8.92,86.2,16.444032669067383,18.26000645088332,19.14076052239067
"2025-03-08 07:30:32.0000",9.24,85.87,14.46047592163086,16.31786034024688,17.169935506543048
"2025-03-08 08:00:30.0000",10.36,84.29,12.466960906982422,14.229692247584232,17.32647037399166
"2025-03-08 08:30:24.0000",10.19,84.94,11.354710578918457,13.283724659520692,16.576653439669133
"2025-03-08 09:00:21.0000",11.48,84.03,10.759291648864746,11.986251353734868,14.994684769035839
"2025-03-08 09:30:21.0000",13.71,79.58,10.178155899047852,11.58170528057389,16.610533945465935
"2025-03-08 10:00:16.0000",15.09,78.66,8.36878490447998,9.893243950136545,14.142667818231878
"2025-03-08 10:30:15.0000",17.2,75.33,6.439236164093018,8.009162840466363,13.74463870127098
"2025-03-08 11:00:15.0000",19.62,70.8,3.467395067214966,5.3380702227602725,13.019054173440477
"2025-03-08 11:30:10.0000",19.56,62.9,3.727224349975586,5.656407342514851,14.547892661946175
"2025-03-08 12:00:06.0000",20.17,59.09,3.0668137073516846,5.347522228900479,14.73840135396733
"2025-03-08 12:30:02.0000",20.68,53.97,2.832613945007324,5.182759794553245,14.106878408823839
"2025-03-08 12:59:58.0000",20.9,51.1,2.8474442958831787,5.220966759173289,15.123930378516349
"2025-03-08 13:29:53.0000",20.79,47.32,3.1439411640167236,5.520940869636374,14.35225865848398
"2025-03-08 13:59:46.0000",19.58,47.01,3.5935776233673096,6.0825713584380106,15.984982786057833
"2025-03-08 14:29:39.0000",19.82,46.77,3.9152345657348633,6.257198592997464,15.363026886630978
"2025-03-08 15:29:25.0000",17.33,45.74,5.230900287628174,7.015669360565692,17.129827397277715
"2025-03-08 15:59:20.0000",16.96,46.72,6.074199676513672,7.5394747481119095,16.286121602231056
"2025-03-08 16:29:14.0000",16.53,48.12,7.563204288482666,8.461213000883667,17.025494385929488
"2025-03-08 16:59:08.0000",16.09,49.33,7.692935943603516,9.2053611025985,17.35491977353527
"2025-03-08 17:29:02.0000",15.32,50.78,8.990047454833984,9.867060698690251,19.247969193157147
"2025-03-08 17:58:54.0000",14.4,52.31,7.79146671295166,8.681636698943777,17.288348811712304
"2025-03-08 18:28:47.0000",13.72,53.66,7.456088542938232,8.63322024206547,17.240377801959028
"2025-03-08 18:58:40.0000",13.26,54.89,7.19256591796875,8.453379213919364,16.69011563799832
"2025-03-08 19:28:34.0000",12.8,55.8,6.4323554039001465,7.9758393889628065,16.23638677870905
"2025-03-08 20:28:20.0000",12.18,57.85,7.0962233543396,8.249855827431539,14.935485845844216
"2025-03-08 20:58:15.0000",11.79,58.71,6.211935043334961,7.257520032347436,14.314512193139517
"2025-03-08 21:28:09.0000",11.54,59.59,6.5371928215026855,7.6807009422347985,13.73973129858423
"2025-03-08 21:58:03.0000",11.37,60.18,5.950139999389648,6.964088067279537,12.36146405730743
"2025-03-08 22:27:58.0000",11.28,60.6,5.652194499969482,6.689701900089904,13.651785825329872
"2025-03-08 22:57:53.0000",11.06,61.22,6.134471416473389,7.096210551834506,14.318705533890364
"2025-03-08 23:27:46.0000",10.46,62.13,6.005534648895264,7.005127224105304,13.7788806381763
"2025-03-08 23:57:39.0000",10.1,63,5.976161003112793,7.122189548007038,15.230381074639952
"2025-03-09 00:27:35.0000",10.03,63.39,6.530044078826904,7.523700652063109,13.516991208046901
"2025-03-09 00:57:30.0000",9.71,63.92,8.527176856994629,9.42927513930464,15.763410296168063
"2025-03-09 01:27:24.0000",9.28,64.62,9.195802688598633,10.410771976488132,15.857584833589502
"2025-03-09 01:57:18.0000",8.49,64.96,9.410325050354004,10.395436535335355,15.53443354816612
"2025-03-09 02:27:11.0000",7.64,65.41,10.045187950134277,10.621565546591455,17.732438616812146
"2025-03-09 02:57:06.0000",8.12,65.56,11.561906814575195,12.953845637149517,16.82047954181869
"2025-03-09 03:27:02.0000",8.29,65.93,13.434834480285645,14.856321146320557,17.22531133286116
"2025-03-09 03:56:56.0000",8.12,66.28,13.791733741760254,14.679734928649143,17.319300692446525
"2025-03-09 04:26:50.0000",7.66,67.07,14.063764572143555,16.08591688109022,19.292496040218236
"2025-03-09 04:56:44.0000",7.32,67.48,14.062704086303711,15.465093607512225,18.499534021275725
"2025-03-09 05:26:39.0000",7.35,67.61,15.083189010620117,16.733626366207584,20.413486385305866
"2025-03-09 05:56:34.0000",7.41,67.75,16.031583786010742,18.014282751540833,20.14107563290424
"2025-03-09 06:26:29.0000",7.34,68.12,21.136266708374023,23.739551383229433,24.831301221967234
"2025-03-09 06:56:25.0000",7.4,68.37,23.06435203552246,25.907074799972914,26.770211466548727
"2025-03-09 07:26:20.0000",7.87,68.11,24.5286865234375,26.079817127212824,27.666990730079675
"2025-03-09 07:56:18.0000",10.03,65.48,26.151052474975586,27.183116666085493,27.940213965712363
"2025-03-09 08:26:16.0000",12.3,62.29,23.010622024536133,23.676198535371743,26.040223760496932
"2025-03-09 08:56:14.0000",14.36,60.35,21.94498634338379,22.211484852667155,26.023687832761244
"2025-03-09 09:26:11.0000",15.31,59.32,21.919391632080078,22.156060557883144,24.953874600501678
"2025-03-09 10:26:06.0000",18.26,55.1,19.17669105529785,19.27971627352817,24.470573507738933
"2025-03-09 10:56:04.0000",19.69,51.95,17.93282699584961,17.880114473343355,23.997489637273915
"2025-03-09 11:25:58.0000",20.62,48.83,17.544151306152344,17.84285260001354,23.916578240029402
"2025-03-09 11:55:55.0000",21.14,45.74,17.527162551879883,17.016347354404946,24.93579530571485
"2025-03-09 12:25:49.0000",21.72,44.26,16.6402587890625,16.004762380313707,26.41472727327942
"2025-03-09 12:55:45.0000",22.17,42.34,16.283309936523438,15.542915442609084,25.762720885842963
"2025-03-09 13:25:41.0000",22.63,40.89,12.103226661682129,12.480109691656478,23.156847955779185
"2025-03-09 13:55:35.0000",22.6,38.64,10.097572326660156,10.827854903569536,20.844343484276827
"2025-03-09 14:25:30.0000",22.52,38.11,8.401996612548828,9.34819261790411,19.249687193370406
"2025-03-09 14:55:24.0000",21.46,36.44,9.689598083496094,10.456134746828187,20.935134776680613
"2025-03-09 15:25:15.0000",20,35.83,8.688685417175293,9.48608539420727,19.635059674410353
"2025-03-09 15:55:09.0000",19.62,36,10.702269554138184,10.831029346442648,21.440734258338914
"2025-03-09 16:25:01.0000",18.44,36.46,10.137104988098145,11.064038919640169,21.274350901490813
"2025-03-09 16:54:53.0000",17.24,38.22,14.697193145751953,13.83476081540146,25.307215455952594
"2025-03-09 17:24:46.0000",16.07,39.88,13.963611602783203,13.548325048489648,24.232006469729395
"2025-03-09 17:54:40.0000",15.01,41.69,14.803014755249023,13.583502611836803,21.498922383006427
"2025-03-09 18:24:33.0000",14.16,43.44,15.723995208740234,14.649166834003248,22.484563000194882
"2025-03-09 18:54:27.0000",13.31,44.89,17.63519287109375,15.967967823515862,25.9686099555685
"2025-03-09 19:24:20.0000",12.61,46.27,18.23879623413086,16.120984032895905,23.836782338277825
"2025-03-09 19:54:14.0000",12.14,47.83,21.696041107177734,20.127044826449012,28.020733979980758
"2025-03-09 20:24:07.0000",11.86,49.21,23.037200927734375,21.09987327469371,28.17979178618621
"2025-03-09 20:54:01.0000",11.37,50.65,22.89223861694336,21.14077549296339,27.383050169347722
"2025-03-09 21:23:56.0000",11.06,51.7,23.951812744140625,22.42985090983663,28.53451859069875
"2025-03-09 21:53:50.0000",10.72,52.39,23.40488052368164,21.995732420752,28.9322161933093
"2025-03-09 22:23:44.0000",10.17,53.23,22.704090118408203,21.569324641886144,26.64037030041682
"2025-03-09 22:53:38.0000",9.83,54.02,23.70179557800293,23.077888689672164,27.346102937211537
"2025-03-09 23:23:33.0000",9.54,54.67,24.64537811279297,23.722217237428215,28.16435545161805
"2025-03-09 23:53:27.0000",8.24,55.58,23.970983505249023,22.889614016475136,27.07859689830156
"2025-03-10 00:23:19.0000",7.32,56.25,23.104040145874023,22.03209616040232,27.766813992061188
"2025-03-10 00:53:12.0000",6.97,56.56,24.327970504760742,23.325708430848504,25.798566562134532
"2025-03-10 01:53:02.0000",6.64,56.85,23.62794303894043,22.894260240273077,26.68812670509182
"2025-03-10 02:22:56.0000",6.06,57.5,24.962942123413086,24.55810686703043,27.88579104388668
"2025-03-10 02:52:49.0000",5.6,58.18,24.22365951538086,23.657787332581943,27.086307174442126
"2025-03-10 03:22:46.0000",6.38,58.37,25.90137481689453,25.706912744596426,29.161178516891823
"2025-03-10 03:52:41.0000",6.55,58.57,26.08114242553711,25.339278868002822,28.14730517397783
"2025-03-10 04:22:35.0000",6.35,59.1,25.426610946655273,25.782931551407646,29.62179117077823
"2025-03-10 04:52:29.0000",6.04,59.76,24.866209030151367,25.652506614098606,26.1261168852571
"2025-03-10 05:22:25.0000",6.18,59.86,24.607898712158203,25.274173797457053,28.05985140708254
"2025-03-10 05:52:20.0000",6.11,60.4,24.9565372467041,25.699993122264296,27.126982323242235
"2025-03-10 06:22:14.0000",5.94,60.9,24.64958953857422,25.93828111802761,27.46037782250081
"2025-03-10 06:52:09.0000",6.12,61.23,23.439952850341797,24.76207974346117,26.439296187374282
"2025-03-10 07:22:05.0000",6.5,61.31,24.570878982543945,25.542329521586918,29.08819561250747
"2025-03-10 07:52:02.0000",8.39,59.77,24.689733505249023,26.355942736817877,27.967508037391305
"2025-03-10 08:22:02.0000",11.07,57.02,23.87822723388672,24.940183383317237,28.020653955601812
"2025-03-10 08:52:01.0000",13.19,55.75,23.148311614990234,24.20577827233117,27.604413430419896
"2025-03-10 09:21:59.0000",13.66,55.78,22.68509864807129,23.297186157144345,28.249280611726448
"2025-03-10 09:51:56.0000",14.8,54.15,19.785707473754883,20.59064625798825,24.58185279531426
"2025-03-10 10:21:55.0000",17.33,50.73,19.86638832092285,20.736063216123494,27.450195413226922
"2025-03-10 10:51:52.0000",18.12,49.09,19.081052780151367,19.39716549809849,27.78194712616418
"2025-03-10 11:51:42.0000",18.9,47.33,16.665319442749023,16.954360878186,25.29797639018456
"2025-03-10 12:21:42.0000",21.03,44.77,17.759248733520508,18.016095651912917,26.242807079476144
"2025-03-10 12:51:39.0000",20.86,42.79,19.129060745239258,17.558774892433163,27.00050765618799
"2025-03-10 13:21:31.0000",19.35,42.18,19.373598098754883,17.68770876562457,30.28745242442446
"2025-03-10 13:51:21.0000",16.13,43.79,21.911643981933594,19.284701639214173,29.31780941112138
"2025-03-10 14:21:14.0000",15.56,45.3,24.228790283203125,22.206903918997632,29.997089915710575
"2025-03-10 14:51:04.0000",13.28,47.92,28.589487075805664,26.003936372163704,32.613775505404604
"2025-03-10 15:21:01.0000",14.11,49.28,29.496828079223633,27.94257015144359,34.56753178620802
"2025-03-10 15:50:54.0000",12.94,50.8,33.660804748535156,33.300941837446025,38.599993605569075
"2025-03-10 16:20:46.0000",11.64,52.89,21.690610885620117,21.700449661647795,31.274100989106753
"2025-03-10 16:50:38.0000",9.98,55.31,15.704442977905273,17.080646386026036,23.030140932472616
"2025-03-10 17:20:31.0000",9.03,57.15,13.885464668273926,15.80026886736491,24.097618097042226
"2025-03-10 17:50:25.0000",8.2,58.99,12.706769943237305,14.542571463340433,22.01054254395115
"2025-03-10 18:20:19.0000",7.65,60.14,11.654733657836914,13.551075148851238,20.369067878009414
"2025-03-10 19:20:07.0000",7.47,61,7.6972270011901855,9.630972638053278,18.059700261786872
"2025-03-10 20:19:55.0000",6.86,62.39,5.91461181640625,7.834339892363168,19.197457998674253
"2025-03-10 20:49:51.0000",6.34,63.17,4.567077159881592,6.471965340097365,17.323845711825577
"2025-03-10 21:19:44.0000",5.5,64.29,4.482082366943359,6.362656042831587,17.222628341154245
"2025-03-10 22:19:32.0000",4.71,64.93,3.393942356109619,5.267158455564535,17.004610146993087
"2025-03-10 22:49:25.0000",4.35,65.05,3.3131861686706543,5.337472189537335,16.52562861700028
"2025-03-10 23:19:20.0000",4.15,64.95,3.126577615737915,5.075439003702977,15.103622835335115
"2025-03-10 23:49:14.0000",3.85,64.77,3.5262088775634766,5.623393211412229,16.264262657934754
"2025-03-11 00:19:09.0000",3.9,65.22,3.758254051208496,5.670102988616748,16.912483535636955
"2025-03-11 00:49:03.0000",3.48,65.39,3.3632102012634277,5.356394750823562,16.900111190057498
"2025-03-11 01:18:58.0000",3.43,65.63,3.4684336185455322,5.352948118446968,16.90959371070953
"2025-03-11 01:48:54.0000",3.44,65.75,3.303168535232544,5.134021150589135,15.646976535511499
"2025-03-11 02:18:49.0000",3.8,65.6,3.465143918991089,5.134049853800751,16.921820631506304
"2025-03-11 02:48:44.0000",3.84,65.78,3.52664852142334,5.380378459209877,13.043650941419362
"2025-03-11 03:18:40.0000",3.85,66.04,3.348202705383301,4.846928240159477,11.297197771976725
"2025-03-11 03:48:35.0000",3.9,66.1,3.3349897861480713,4.901450726126773,15.452459495949789
"2025-03-11 04:18:30.0000",3.32,66.85,2.858466386795044,4.614566450413315,12.377730808798395
"2025-03-11 04:48:22.0000",2.4,67.49,2.8550620079040527,4.6018284033868575,13.479067761388517
"2025-03-11 05:18:16.0000",2.05,68.08,2.499208450317383,4.008948139165105,12.638809914012983
"2025-03-11 05:48:10.0000",1.61,68.93,2.3429274559020996,3.8912862763536644,10.442885173962198
"2025-03-11 06:18:04.0000",1.26,69.39,2.3727927207946777,3.7773499643293196,11.95878021212614
"2025-03-11 06:47:58.0000",1,69.71,2.469054698944092,3.993912930386241,11.04280920932095
"2025-03-11 07:17:53.0000",1.18,69.89,2.623929738998413,4.248701128908053,13.708626293289539
"2025-03-11 07:47:50.0000",3.55,68.5,2.297562599182129,3.79886245738167,10.57422693598858
"2025-03-11 08:17:49.0000",6.09,64.13,2.120549201965332,3.8535826720341833,13.211990838589571
"2025-03-11 08:47:46.0000",7.96,63.02,1.882285237312317,3.710541288158227,11.813891712294788
"2025-03-11 09:17:45.0000",9.48,61.51,1.7478373050689697,3.8760902460982196,13.664490165401414
"2025-03-11 09:47:43.0000",10.91,58.77,1.6613365411758423,4.007282414428387,12.73196683420606
"2025-03-11 10:17:41.0000",12.31,57.29,1.7399274110794067,4.207142980664784,14.222438546054113
"2025-03-11 10:47:36.0000",12.24,54.68,1.808223843574524,4.3494749435477775,15.195280132743335
"2025-03-11 11:17:30.0000",12.71,54.65,1.9035743474960327,4.425258696180277,14.270997063910137
"2025-03-11 11:47:26.0000",11.72,53.46,1.4958827495574951,4.3925384156226945,13.968573042754274
"2025-03-11 12:17:20.0000",12.96,51.44,1.6532304286956787,4.5443112765823885,16.997797744280472
"2025-03-11 12:47:11.0000",10.85,52.12,1.4437053203582764,4.326220680624735,14.916827533050562
"2025-03-11 13:17:07.0000",10.09,51.03,1.1695518493652344,4.118323725851228,12.498824248566931
"2025-03-11 14:16:55.0000",9.02,52.27,1.14793860912323,3.986819905300276,12.773870480650112
"2025-03-11 14:46:51.0000",9.18,52.71,0.6343912482261658,3.424116181225368,11.115952717649261
"2025-03-11 15:16:47.0000",10.87,52.44,0.6296699047088623,3.5947871815441728,11.079559451046325
"2025-03-11 15:46:43.0000",10.42,52.31,0.8762218356132507,3.7655293282677738,11.980624033912918
"2025-03-11 16:16:37.0000",9.19,52.68,0.7809559106826782,3.6217316571954887,10.579319757896412
"2025-03-11 16:46:28.0000",6.79,56.5,0.8434790372848511,3.2167749082537447,10.835902634426926
"2025-03-11 17:16:20.0000",5.61,59.05,0.8933825492858887,3.0225395925794527,10.848350653724834
"2025-03-11 17:46:13.0000",4.8,61.55,0.7442631721496582,2.5937596053303658,9.705032931345052
"2025-03-11 18:16:08.0000",4.2,62.12,0.5742926001548767,2.3966719579310447,9.061207221389777
"2025-03-11 18:46:01.0000",3.67,64.97,0.5574061870574951,2.099168508807393,8.258055273498634
"2025-03-11 19:15:55.0000",3.57,66.62,1.2049988508224487,2.5155349262050417,9.118543639747852
"2025-03-11 20:15:46.0000",3.81,69.77,0.6811941266059875,2.1148474877901053,8.074836861626611
"2025-03-11 20:45:40.0000",3.74,69.79,1.6666213274002075,2.931518664443373,10.609378585698668
"2025-03-11 21:15:35.0000",3.76,70.73,0.8633007407188416,2.2329407690259604,6.526231755463517
"2025-03-11 21:45:29.0000",3.52,72.48,0.967549741268158,1.9867997335790366,7.6066571545989135
"2025-03-11 22:15:24.0000",3.44,73.6,1.2948731184005737,2.2704064989739985,10.177444836699033
"2025-03-11 22:45:18.0000",2.99,74.28,1.1424380540847778,2.2187985360665103,9.113711684480522
"2025-03-11 23:15:12.0000",2.53,74.92,1.3254114389419556,2.476563992488585,10.941743716787785
"2025-03-11 23:45:08.0000",3.75,76.29,0.9864469766616821,1.6386857456202755,8.398091288214337
"2025-03-12 00:15:04.0000",4.84,76.8,1.2300903797149658,2.0624099260824744,10.132055337932972
"2025-03-12 00:44:58.0000",4.14,77.36,1.4544881582260132,2.3501274992013172,9.546274320754222
"2025-03-12 01:14:53.0000",3.79,79.13,1.085384488105774,1.7603006601900386,7.625010058199477
"2025-03-12 01:44:50.0000",4.7,78.82,1.0409080982208252,1.6231461465133563,8.197462541113822
"2025-03-12 02:14:45.0000",4.8,84.13,0.7166446447372437,1.2453028234044385,7.685055495752893
"2025-03-12 02:44:39.0000",4.43,82.9,0.2797039747238159,0.7468803110144373,5.127995515946127
"2025-03-12 03:44:27.0000",3.41,82.74,0.5769355297088623,1.2118956067090052,6.207118053363501
"2025-03-12 04:14:22.0000",3.11,82.59,0.6587581038475037,1.2775183028941008,6.094483058248544
"2025-03-12 04:44:18.0000",3.29,82.48,0.9184061288833618,1.4034729172968419,5.980282630277164
"2025-03-12 05:14:12.0000",2.97,83.12,0.9444876909255981,1.5059407756882743,5.482886452543165
"2025-03-12 05:44:06.0000",2.48,83.59,1.1880768537521362,1.7018400340648474,5.966653244239573
"2025-03-12 06:14:00.0000",2.03,84.38,1.1846262216567993,1.8466795572780308,3.0310916006345456
"2025-03-12 06:43:54.0000",1.64,84.92,1.1358556747436523,1.8777059262119493,7.508602053442352
"2025-03-12 07:43:45.0000",4.02,81.94,1.0862343311309814,2.202207365863514,6.378864025345918
"2025-03-12 08:13:45.0000",7.28,72.48,0.9755203127861023,2.343128546370222,7.6349048167424
"2025-03-12 08:43:45.0000",8.81,70.77,0.7672831416130066,2.452299852853066,8.10948686959589
"2025-03-12 09:13:43.0000",7.92,69.12,0.8410953879356384,2.878312342373256,10.18702546839333
"2025-03-12 09:43:36.0000",7.03,70.4,0.5605292320251465,2.5883044368969004,9.01346689467503
"2025-03-12 11:13:21.0000",7.63,66.73,0.5332067608833313,2.6263320951013442,8.063472943858214
"2025-03-12 11:43:14.0000",6.77,65.94,0.658149003982544,2.6844098248142396,9.533855623157597
"2025-03-12 12:43:02.0000",6.96,66.75,0.900116503238678,2.7563828173612963,9.395589264854864
"2025-03-12 13:13:01.0000",11.25,63.22,0.3259549140930176,3.0039446404604426,9.758698985939821
"2025-03-12 14:12:47.0000",10.17,59.45,0.5315594673156738,3.0149518531164117,7.241990588686226
"2025-03-12 14:42:40.0000",8.59,61.22,0.5154289603233337,2.889704077461034,10.210738653447956
"2025-03-12 15:12:33.0000",8.25,61.73,0.5881787538528442,2.912711066367129,10.079014299470128
"2025-03-12 15:42:32.0000",10.83,58.98,0.4343129098415375,3.1871067929816403,10.883908516166656
"2025-03-12 16:12:25.0000",8.26,61.33,0.7315872311592102,3.026249112889486,8.685960467196598
"2025-03-12 17:42:03.0000",5.66,67.23,0.6458668112754822,2.5496573401710454,9.055275686703842
"2025-03-12 18:11:56.0000",5.26,67.74,0.7527984380722046,2.484027897431217,8.169166740422877
"2025-03-12 18:41:50.0000",4.54,68.86,0.7214449644088745,2.3743724408666433,8.286359531651843
"2025-03-12 19:41:38.0000",3.53,69.69,0.9287518262863159,2.5262858900962035,8.807357107508018
"2025-03-12 20:11:32.0000",3.13,70.45,0.8125696778297424,2.270895022080508,8.736593237955923
"2025-03-12 20:41:25.0000",3.04,71.32,0.9323806762695312,2.134746008919705,7.7407486980623945
"2025-03-12 21:41:12.0000",1.71,73,0.9425399899482727,2.1172377557119666,8.053962950654656
"2025-03-12 22:11:06.0000",1.54,72.99,1.2678611278533936,2.490103431430184,8.88943150036698
"2025-03-12 22:41:00.0000",1.62,73.1,0.9938594698905945,2.0424616837638756,6.538816007437486
"2025-03-12 23:10:54.0000",1.44,73.73,1.0963215827941895,2.146918282648089,6.457300227480133
"2025-03-12 23:40:49.0000",1.39,74.27,1.4903385639190674,2.6301774334200134,11.901864165298873
"2025-03-13 00:10:45.0000",1.62,75.42,1.098968267440796,1.983811638799456,7.114270306499664
"2025-03-13 00:40:39.0000",1.56,77.01,1.174955129623413,2.1755180380413344,7.559702681547469
"2025-03-13 01:40:28.0000",1.56,76.57,0.6137130260467529,1.8959568893681327,6.409060730986454
"2025-03-13 02:10:23.0000",1.88,76.35,0.640289306640625,2.0318668306218504,7.117952719826094
"2025-03-13 02:40:19.0000",1.36,75.93,0.5797070860862732,2.015397275029934,7.589857525804388
"2025-03-13 03:10:13.0000",1.33,75.97,0.7612329721450806,2.0357471634626623,7.715516599415028
"2025-03-13 03:40:06.0000",1.31,75.8,0.7224712371826172,1.985542070942637,6.081779698031638
"2025-03-13 04:10:01.0000",0.36,76.36,0.8065155148506165,2.1545736156362167,7.858553306436077
"2025-03-13 04:39:57.0000",1.23,76.69,0.5155156254768372,1.60414252002856,5.734257058101697
"2025-03-13 05:09:55.0000",2.05,76.23,0.6109369993209839,1.8101496958716976,7.189710893555907
"2025-03-13 05:39:49.0000",1.28,77.11,0.6089624166488647,1.7648912139053339,6.637062054211933
"2025-03-13 06:09:45.0000",1.22,76.94,0.5924904942512512,1.7843741353081135,7.283768492805586
"2025-03-13 06:39:39.0000",0.96,78.15,0.7424114942550659,1.860672443341226,7.817315607537482
"2025-03-13 07:09:34.0000",1.47,78.22,0.7564010620117188,1.8188373924231709,6.599936056364662
"2025-03-13 07:39:29.0000",2.54,78.52,0.7722810506820679,1.956339552258643,7.989232216784157
"2025-03-13 08:09:26.0000",3.46,77.16,0.9828936457633972,2.2826228342183925,8.911975710012278
"2025-03-13 08:39:22.0000",4.3,75.21,0.9817579388618469,2.552638235688792,9.761153744038669
"2025-03-13 09:09:24.0000",8.55,66.79,0.9802550077438354,2.9904657341690797,10.534566676276773
"2025-03-13 09:39:21.0000",8.89,66.76,0.8259307146072388,2.858939101571368,9.732510765682013
"2025-03-13 10:09:19.0000",8.15,64.42,0.9287044405937195,3.1094690422776265,10.808686894418981
"2025-03-13 10:39:12.0000",10.45,63.12,0.8848344087600708,3.071669880471684,10.342389364008328
"2025-03-13 11:09:10.0000",11.48,61.24,0.8551684021949768,3.26668367400704,10.475855706126977
"2025-03-13 11:39:09.0000",13.05,57.55,0.8233416676521301,3.4586830529077415,11.095668730318566
"2025-03-13 12:08:56.0000",8.55,58.94,0.6396682262420654,3.2066992218725465,10.861169326327156
"2025-03-13 12:38:56.0000",10.99,56.21,0.6967542171478271,3.415383838900366,11.877652340901665
"2025-03-13 13:38:39.0000",8.22,58.27,0.8361948728561401,3.354706777754317,11.107385861017079
"2025-03-13 15:08:25.0000",7.81,62.15,0.7284684181213379,3.0844651217655303,10.066825988100055
"2025-03-13 15:38:21.0000",8.86,61.3,0.7113703489303589,3.0978343185495563,10.733499437251327
"2025-03-13 16:08:18.0000",9.23,59.53,0.5487411618232727,3.0676716275943523,10.24632366858506
"2025-03-13 16:38:12.0000",8.32,60.41,0.5938031673431396,3.021731414866698,9.912216080872144
"2025-03-13 17:08:06.0000",7.05,61.31,0.5548240542411804,2.717823927036448,10.207191492913593
"2025-03-13 17:37:57.0000",5.57,63.99,0.7613043785095215,2.7762572637889926,10.978812897303023
"2025-03-13 18:07:52.0000",5.22,64.9,0.77444988489151,2.5636627530180016,9.057434573668896
"2025-03-13 19:37:34.0000",3.22,67.27,0.7074408531188965,2.4296133984910684,10.079113388499945
"2025-03-13 20:07:26.0000",2.88,68.37,1.0138344764709473,2.383515903929734,7.740213776902588
"2025-03-13 20:37:19.0000",2.52,68.14,0.8456810712814331,2.459153813395821,9.465652449440427
"2025-03-13 21:07:14.0000",2.35,68.21,0.730963945388794,2.363366681134076,8.447226203087736
"2025-03-13 21:37:11.0000",2.97,67.9,1.088249921798706,2.876679543748667,9.774492082911632
"2025-03-13 22:07:05.0000",3.34,67.64,1.1974974870681763,3.007520610061714,8.166330237628427
"2025-03-13 22:36:58.0000",3.03,68.02,0.9199284911155701,2.6284875711224354,10.011316717078468
"2025-03-13 23:06:53.0000",2.66,68.47,0.6559680104255676,2.48579791848153,8.850698066442927
"2025-03-13 23:36:48.0000",3,68.42,0.5431302785873413,2.342428951735725,9.485463533701852
"2025-03-14 00:06:44.0000",3.27,68.45,0.744062602519989,2.4332137107670055,8.259860359055999
"2025-03-14 00:36:40.0000",4.02,69.48,0.6868855953216553,1.8979779579302865,7.71264789956299
"2025-03-14 01:06:36.0000",4.17,69.79,0.5864669680595398,1.9921406647956168,7.230962384370142
"2025-03-14 01:36:32.0000",3.95,70.19,0.7654391527175903,2.440557956776091,10.163303522756475
"2025-03-14 02:06:26.0000",3.76,70.48,0.7815579771995544,2.3727850532355625,8.880926041904095
"2025-03-14 02:36:21.0000",3.46,70.84,0.8949474096298218,2.5179956505422143,8.807089190688206
"2025-03-14 03:06:14.0000",3.46,70.93,0.9057644009590149,2.3809673121254495,8.720042103148495
"2025-03-14 03:36:10.0000",3.41,70.95,0.6754772067070007,2.2946455402107984,7.214698382132501
"2025-03-14 04:06:04.0000",3.23,71.28,0.6808556318283081,2.372477459474224,8.110009035349822
"2025-03-14 04:36:00.0000",3.06,71.46,0.6336809992790222,2.2093608990623173,7.718817349263196
"2025-03-14 05:05:55.0000",3.17,71.43,0.6840082406997681,2.281486718638281,8.68920610970527
"2025-03-14 05:35:51.0000",3.55,71.49,1.1915154457092285,2.7934147012434356,8.92361227282399
"2025-03-14 06:05:47.0000",3.63,71.62,1.7395881414413452,3.0772885624278623,9.58679819601966
"2025-03-14 06:35:41.0000",3.54,71.84,2.979898691177368,4.041520665313495,9.32069551154066
"2025-03-14 07:05:36.0000",3.61,72,2.3718113899230957,3.527360729969835,8.466007498573614
"2025-03-14 07:35:32.0000",3.91,72.18,3.432659387588501,4.416367311715926,8.187165254830626
"2025-03-14 08:05:28.0000",4.15,72.27,4.061141490936279,5.185065117164156,11.646477673318559
"2025-03-14 08:35:25.0000",4.36,72.36,4.943330764770508,5.869460255381394,10.376032284158141
"2025-03-14 09:05:20.0000",4.88,72.43,4.561765670776367,5.5749266936382025,11.262753572618454
"2025-03-14 09:35:17.0000",6.1,71.84,4.022854328155518,5.0870884331537445,14.30199812303014
"2025-03-14 10:05:15.0000",8.14,70.53,2.043865203857422,3.6145193603535173,9.284402070810364
"2025-03-14 10:35:20.0000",13.43,64.35,1.4334485530853271,3.161719825117998,9.123705976859577
"2025-03-14 11:05:20.0000",15.6,60.27,1.078404426574707,3.58820314796475,10.921987023599316
"2025-03-14 11:35:15.0000",12.88,56.36,1.0684003829956055,3.792342170419699,11.849063444253494
"2025-03-14 12:05:00.0000",8.82,59.19,0.7388622760772705,3.3467259851093814,10.968658665109416
"2025-03-14 12:34:54.0000",8.27,59.03,0.8572095036506653,3.5006870717087866,10.973656807677278
"2025-03-14 13:04:48.0000",8.2,58.8,0.6737274527549744,3.218250642435219,10.176923577628104
"2025-03-14 13:34:44.0000",8.84,58.43,0.5706427693367004,3.059498470781785,10.091015581784845
"2025-03-14 15:04:38.0000",11.2,57.07,0.7343258261680603,3.5099577291505226,12.310528047067526
"2025-03-14 15:34:31.0000",10.42,56.4,1.2321065664291382,3.84574257076063,12.12456099482977
"2025-03-14 16:04:24.0000",10.35,56.08,0.49305883049964905,3.3684575040515665,11.527556542587831
"2025-03-14 16:34:18.0000",9.24,55.21,0.7111518383026123,3.4371835063355816,11.583468635465755
"2025-03-14 17:04:09.0000",7.57,58.33,1.0381276607513428,3.2766548802181656,10.075124562403103
"2025-03-14 17:34:02.0000",6.62,59.58,1.1380099058151245,3.2984300271377918,10.878930967374142
"2025-03-14 18:03:55.0000",5.57,61.93,1.3164355754852295,3.298542956775308,9.873713691632354
"2025-03-14 18:33:48.0000",4.7,62.91,1.3975800275802612,3.418236478218712,10.30082355717679
"2025-03-14 19:03:42.0000",4.9,63.48,1.4072582721710205,3.206852808671101,9.685191817951035
"2025-03-14 19:33:38.0000",4.89,63.5,1.3136723041534424,3.100153016960033,9.442928466027178
"2025-03-14 20:03:32.0000",4.57,64.16,1.983642816543579,3.857918755500067,11.994454697878526
"2025-03-14 21:03:21.0000",4.15,64.93,1.338360071182251,3.228366365133148,10.877033074244638
"2025-03-14 21:33:15.0000",3.71,65.29,1.1778002977371216,3.0623929269193177,9.386123412690338
"2025-03-14 22:03:09.0000",3.05,65.75,1.380214810371399,3.2828281691270056,10.061077966960527
"2025-03-14 22:33:03.0000",2.36,66.04,1.5015803575515747,3.3305042227029107,10.833766135197454
"2025-03-14 23:02:57.0000",1.82,66.4,1.3202179670333862,3.2051435715618903,10.016999714109339
"2025-03-14 23:32:50.0000",0.7,67.21,1.4000834226608276,3.072815938224198,9.459723627784987
"2025-03-15 00:02:42.0000",-0.12,67.47,2.0249764919281006,3.727530366783678,11.441790856465616
"2025-03-15 01:02:30.0000",-0.5,67.66,2.6396398544311523,4.272924038732141,10.381718742273513
"2025-03-15 01:32:27.0000",-0.52,67.96,2.3939101696014404,3.885808619514184,10.633481696439022
"2025-03-15 02:02:21.0000",-0.35,68.43,2.503244400024414,3.667881987902005,9.845043580622434
"2025-03-15 02:32:15.0000",-0.61,69.37,3.486828088760376,4.844412198000655,11.11322208595905
"2025-03-15 03:02:11.0000",0.14,69.28,3.7936980724334717,5.040300065797086,8.095567843252782
"2025-03-15 03:32:07.0000",0.25,69.75,4.403043270111084,5.823006341346936,11.743209109706186
"2025-03-15 04:02:04.0000",0.25,70.2,3.8645706176757812,5.351970354895025,7.86300039519075
"2025-03-15 04:31:59.0000",0.39,70.57,2.9786760807037354,4.586002923648084,10.308356311231334
"2025-03-15 05:01:53.0000",0.41,70.9,2.085811138153076,3.400793954243887,11.008965872225115
"2025-03-15 05:31:48.0000",0.49,71.29,1.621774673461914,2.9860509883948385,9.116459643938457
"2025-03-15 06:01:42.0000",0.56,71.55,1.5453088283538818,2.655862244108639,7.717115913198766
"2025-03-15 06:31:37.0000",0.4,71.94,1.8421169519424438,3.0024823415486717,8.995979888663621
"2025-03-15 07:01:31.0000",0.54,72.19,2.7582831382751465,4.036508759470206,11.113685110491213
"2025-03-15 07:31:27.0000",2.22,71.56,3.0609211921691895,4.250898712666139,9.69398472531261
"2025-03-15 08:01:28.0000",5.25,66.66,2.5582334995269775,3.980503814523935,9.96636200368113
"2025-03-15 08:31:27.0000",7.51,65.02,2.296205997467041,3.799642710847104,10.435881331264655
"2025-03-15 09:01:24.0000",8.84,65.17,1.5361554622650146,3.127707709371169,9.850862828930323
"2025-03-15 10:01:20.0000",12.22,63.87,0.9249099493026733,2.8124960994288,9.419041305852595
"2025-03-15 11:01:16.0000",14.85,60.61,0.7727833390235901,2.917111250474248,9.752797421775638
"2025-03-15 12:00:53.0000",10.83,62.13,1.194536805152893,3.5041582125443287,11.057585851208911
"2025-03-15 12:30:47.0000",9.86,59.71,1.0128333568572998,3.2934736402953138,10.554454971605065
"2025-03-15 13:00:40.0000",8.87,61.72,1.1227819919586182,3.202974672617345,10.887686362225747
"2025-03-15 13:30:38.0000",10.63,58.41,0.8868053555488586,3.348857500722202,11.421097291505895
"2025-03-15 14:00:29.0000",8.33,60.32,0.8445877432823181,2.860914171681058,9.383921885705545
"2025-03-15 14:30:27.0000",8.84,59.61,0.5275011658668518,2.921057218843152,10.313005754181548
"2025-03-15 15:00:22.0000",10.81,59.02,0.5199982523918152,3.105700055756273,10.139244795535667
"2025-03-15 15:30:11.0000",7.37,60.78,0.7104859948158264,2.8613548625526337,11.196443032469169
"2025-03-15 16:00:13.0000",9.78,60.22,0.6098493337631226,3.0482978696253555,10.716802873069136
"2025-03-15 16:30:02.0000",8.02,64.43,0.6892266869544983,2.8643719317115877,10.911107162509435
"2025-03-15 17:00:00.0000",8.67,61.99,0.572424590587616,2.9209239215580136,10.082662133483579
"2025-03-15 17:29:50.0000",6.93,63.97,0.7643855214118958,2.7704507662472673,10.020510621153194
"2025-03-15 17:59:44.0000",6.36,63.84,0.7045318484306335,2.660061352320075,9.644699852204928
"2025-03-15 18:29:39.0000",5.83,64.86,0.950315535068512,2.835039076422257,10.485438978803842
"2025-03-15 18:59:34.0000",5.51,65.31,1.491084098815918,3.304630783330808,9.649617474434192
"2025-03-15 19:29:28.0000",5.48,66.26,1.0851963758468628,2.811124651722393,10.022622810767277
"2025-03-15 19:59:23.0000",5.46,66.53,0.9972872138023376,2.551236026517994,8.897439673281001
"2025-03-15 20:29:18.0000",5.47,66.93,0.945036768913269,2.516834922626406,9.050147553028694
"2025-03-15 20:59:13.0000",5.44,67.32,0.8922588229179382,2.514688030326695,9.232081179550997
"2025-03-15 21:29:07.0000",5.36,67.71,1.0178213119506836,2.610820670714902,8.7105549510864
"2025-03-15 21:59:00.0000",5.21,68.34,1.0353904962539673,2.598312466449496,8.690755470048423
"2025-03-15 22:28:54.0000",5.23,68.91,0.9913425445556641,2.3849538539194866,7.7243266785164
"2025-03-15 22:58:49.0000",5.33,69.19,1.04152512550354,2.511085841249622,9.28788649429366
"2025-03-15 23:28:43.0000",5.19,69.97,1.2324113845825195,2.6719310991091847,9.160299783735823
"2025-03-15 23:58:36.0000",4,70.67,1.5333421230316162,3.030335101091356,10.51578993845897
"2025-03-16 00:28:26.0000",2.16,72.36,1.7330760955810547,3.1791673084099745,10.26201093487618
"2025-03-16 00:58:21.0000",1.58,72.13,2.508713722229004,3.8738564807596716,11.621539422655946
"2025-03-16 01:28:14.0000",1.83,72.22,3.1415817737579346,4.390725834532601,10.697868763885161
"2025-03-16 01:58:11.0000",2.39,71.62,2.1634528636932373,3.5764423159897545,9.977010903240412
"2025-03-16 02:28:06.0000",2.81,71.84,2.181964635848999,3.3153108101740996,9.19520694474757
"2025-03-16 02:58:01.0000",2.55,72.14,2.705925226211548,3.893397952623141,11.73533996327569
"2025-03-16 03:27:54.0000",2.15,72.81,3.153480291366577,4.213945318425577,9.56500152861063
"2025-03-16 03:57:47.0000",1.95,73.15,3.89298152923584,4.963935763456006,10.851683553766717
"2025-03-16 04:27:43.0000",2.15,73,4.560595989227295,5.47319407347948,10.25929707589224
"2025-03-16 04:57:37.0000",1.58,73.39,5.588679790496826,6.471066474598299,11.189362321715013
"2025-03-16 05:27:30.0000",0.38,73.83,9.573771476745605,10.259050579672262,13.225460393293476
"2025-03-16 05:57:24.0000",-0.03,74.45,8.478665351867676,9.254550936668958,6.189108407344993
"2025-03-16 06:27:18.0000",-0.04,74.14,9.964595794677734,10.453187215437005,14.187105025228254
"2025-03-16 06:57:14.0000",0.76,74.47,12.601605415344238,13.57478964137059,16.672496956207134
"2025-03-16 07:27:11.0000",2.45,73.34,7.471180438995361,8.499701153828736,12.183571355333155
"2025-03-16 07:57:16.0000",6.79,66.32,5.176002502441406,6.160295504018549,9.909399387358015
"2025-03-16 08:27:15.0000",8.45,66.47,5.618690490722656,6.584457200558186,10.763636422314006
"2025-03-16 08:57:14.0000",10.54,66.16,5.248598575592041,6.126506347324698,10.505386496771333
"2025-03-16 09:27:11.0000",12.22,65.76,4.0213623046875,5.2532414013354725,11.007488664658972
"2025-03-16 09:57:06.0000",12.41,66.75,2.971283435821533,4.408258966775731,9.723288023814014
"2025-03-16 10:27:03.0000",14.1,64.61,1.2413101196289062,3.267658502857392,7.560734180024016
"2025-03-16 10:56:59.0000",14.84,61.14,1.3137589693069458,3.5605476772229023,10.885395532241377
"2025-03-16 11:26:46.0000",10.58,63.08,0.9418147802352905,3.2220925995280045,10.801479888190899
"2025-03-16 11:56:38.0000",9.88,63.77,0.9230957627296448,3.1674964069092577,10.25700968522925
"2025-03-16 12:26:32.0000",9.62,63.29,0.9924315810203552,3.207137594634574,10.101465927769608
"2025-03-16 12:56:25.0000",9.3,63.79,1.9083820581436157,3.763488362066587,10.309083103299287
"2025-03-16 13:26:21.0000",9.9,63.06,1.526154637336731,3.492446847655116,10.409232218682646
"2025-03-16 13:56:14.0000",8.93,64.5,1.5433303117752075,3.4159463122687748,9.571854731079783
"2025-03-16 14:26:10.0000",8.67,64.89,1.8086439371109009,3.6610117839941303,10.063695907221751
"2025-03-16 14:56:04.0000",8.64,66.32,1.4176944494247437,3.024262853432616,9.403551200508103
"2025-03-16 15:55:51.0000",7.96,68.12,1.420164942741394,2.8755957613793437,8.560068627429457
"2025-03-16 16:25:47.0000",8.53,68.03,1.6850718259811401,3.369894722088924,10.053742400501514
"2025-03-16 16:55:43.0000",8.94,67.81,0.8705030679702759,2.6775782580446355,8.467112697467094
"2025-03-16 17:25:37.0000",9,67.25,0.7632546424865723,2.6542048032148653,8.40165113906213
"2025-03-16 18:55:22.0000",8.15,67.68,2.1967108249664307,4.237966721419619,10.942118111103337
"2025-03-16 19:25:16.0000",7.87,68.02,2.155909538269043,3.9554686867243607,10.74354278636057
"2025-03-16 19:55:11.0000",7.53,68.46,2.28421950340271,3.9612827705454046,10.229102693094891
"2025-03-16 20:25:06.0000",7.24,68.83,1.1657638549804688,2.9586722069505518,6.71809848239403
"2025-03-16 20:55:00.0000",6.98,69.11,1.1077156066894531,2.869519852663575,8.925789676662792
"2025-03-16 21:24:54.0000",6.83,69.32,1.3941503763198853,3.1872461089496236,10.914976633245525
"2025-03-16 21:54:50.0000",6.62,69.49,1.1225043535232544,2.875051020946508,8.575280997387523
"2025-03-16 22:24:45.0000",6.47,69.74,1.1761374473571777,2.824925158210353,8.870047869788696
"2025-03-16 22:54:40.0000",6.3,69.88,1.2488301992416382,3.0302403492527037,8.683817921807407
"2025-03-16 23:24:34.0000",6.16,69.9,1.1593061685562134,2.918312788094549,9.889527158257994
"2025-03-16 23:54:29.0000",6.02,70.03,1.1090701818466187,2.9096145052425837,9.217398093192969
"2025-03-17 00:24:24.0000",6.3,69.74,1.2927197217941284,3.132798368969964,10.081317196014107
"2025-03-17 00:54:19.0000",6.32,69.45,1.2102832794189453,2.9950435845267878,9.578728519264224
"2025-03-17 01:24:13.0000",6.25,69.47,1.5087192058563232,3.3970255710274437,11.842785703718734
"2025-03-17 01:54:08.0000",6.19,69.41,1.6428725719451904,3.5425163681903595,12.534456564306012
"2025-03-17 02:53:57.0000",5.95,69.53,1.682207465171814,3.6978948048667677,12.893398952469086
"2025-03-17 03:53:46.0000",5.67,69.47,2.1094508171081543,3.9145680141888533,10.661658031352012
"2025-03-17 04:23:41.0000",5.64,69.27,1.7102653980255127,3.539899629810472,11.846180062606333
"2025-03-17 04:53:36.0000",5.47,69.34,1.6789095401763916,3.526096927411575,12.82043049586359
"2025-03-17 05:23:30.0000",5.29,69.4,1.0814167261123657,2.9243304735097473,10.289032091327208
"2025-03-17 05:53:26.0000",5.02,69.74,0.7162154316902161,2.539576650294077,8.5987265027448
"2025-03-17 06:23:21.0000",4.73,70.15,0.5489839911460876,2.285999614238243,9.074152569670218
"2025-03-17 06:53:14.0000",4.67,70.51,0.7559918761253357,2.379684805859251,8.600811013050992
"2025-03-17 07:23:08.0000",4.75,70.72,0.6462547183036804,2.313122204761361,7.840086528971907
"2025-03-17 07:53:03.0000",5.02,71.24,0.8669850826263428,2.40338628674878,8.693549814269465
"2025-03-17 08:22:59.0000",5.37,71.46,1.4148058891296387,2.8458243721499707,9.263432472972598
"2025-03-17 09:22:48.0000",5.59,71.17,1.4093512296676636,3.0309759650260486,8.747082879632583
"2025-03-17 09:52:44.0000",6.13,70.09,1.1003903150558472,2.933963720280887,9.22941758499715
"2025-03-17 10:22:38.0000",5.94,69.73,1.1478482484817505,3.1335116661816107,11.23766800670679
"2025-03-17 10:52:34.0000",5.98,69.52,2.0652530193328857,3.761983515536999,13.051214761404475
"2025-03-17 11:22:29.0000",6.55,68.3,2.554382801055908,4.499514535702853,14.56252414240425
"2025-03-17 11:52:25.0000",6.93,67.61,2.5062029361724854,4.373349068545304,14.692312795935297
"2025-03-17 12:22:20.0000",7.19,66.86,2.6085855960845947,4.495206234166125,15.626289620122792
"2025-03-17 12:52:15.0000",7.63,66.18,3.0497257709503174,4.909405594453534,14.81461095900173
"2025-03-17 13:22:10.0000",8.29,65.31,3.4661176204681396,5.344405067680248,14.613853587376836
"2025-03-17 13:52:05.0000",8.42,63.82,3.3419108390808105,5.35612415871217,13.95052333812787
"2025-03-17 14:21:59.0000",8.28,63.64,2.658355474472046,4.744917696078931,14.591619003665352
"2025-03-17 14:51:54.0000",8.12,63.37,2.4788706302642822,4.661416312165498,12.82831510362043
"2025-03-17 15:51:44.0000",8.61,61.58,2.5627286434173584,4.760790454057508,13.215683161596084
"2025-03-17 16:21:39.0000",7.85,61.32,2.7600533962249756,5.066176054697254,14.727153721872348
"2025-03-17 16:51:31.0000",7.38,61.35,2.358877658843994,4.579708283867178,14.993829037582403
"2025-03-17 17:21:25.0000",7.09,61.48,2.630459785461426,4.879657897147988,14.381514115008706
"2025-03-17 17:51:20.0000",6.87,61.39,2.772646188735962,4.928614621584533,14.567730919528422
"2025-03-17 18:21:15.0000",6.63,61.71,2.77445912361145,4.91239166800634,11.487826584932085
"2025-03-17 18:51:10.0000",6.54,61.99,3.0843465328216553,5.1645767079131355,13.903231047778265
"2025-03-17 19:50:57.0000",6.26,62.7,3.178821563720703,5.188469908233374,14.159064075999071
"2025-03-17 20:50:47.0000",6.35,63.57,2.449777126312256,4.318236657505013,11.620316704887701
"2025-03-17 21:20:42.0000",6.04,64.24,3.0185763835906982,4.647455028859202,13.0960504117351
"2025-03-17 21:50:33.0000",4.92,65.89,3.3738765716552734,4.8035922849986985,13.089431595063312
"2025-03-17 22:20:26.0000",3.83,67.5,3.3070003986358643,4.921995478519514,12.118590699465983
"2025-03-17 22:50:18.0000",3.26,68.87,3.3294973373413086,4.787408576339837,9.430120658953234
"2025-03-17 23:50:06.0000",2.52,70.87,3.672110080718994,4.7943482003219415,9.152067015298712
"2025-03-18 00:20:01.0000",2.25,71.82,3.369178056716919,4.486771852280352,10.533675043367797
"2025-03-18 00:49:56.0000",2.66,72.04,3.4361817836761475,4.3580027970298785,10.211451321333264
"2025-03-18 01:19:51.0000",2.23,72.98,3.213182210922241,3.9046887936947225,9.222212297742162
"2025-03-18 01:49:45.0000",2.21,73.55,3.0997021198272705,3.97479434719241,10.51971624934836
"2025-03-18 02:19:40.0000",1.7,73.95,3.2829127311706543,4.228397176452214,9.99775268296051
"2025-03-18 02:49:33.0000",1.21,74.4,4.025389671325684,4.571037863523655,8.843981226941498
"2025-03-18 03:19:27.0000",1.05,74.86,4.440125465393066,4.995854860025238,10.698519143571426
"2025-03-18 03:49:21.0000",1.01,75.14,4.98422384262085,6.085475225797858,11.647274633609637
"2025-03-18 04:19:17.0000",0.95,75.54,6.240566253662109,7.210348017663446,12.046149757358913
"2025-03-18 04:49:11.0000",0.87,76.22,6.369634628295898,7.034808370195039,12.800208042773583
"2025-03-18 05:19:06.0000",0.9,76.92,6.415239334106445,7.136937525149463,15.071301105385638
"2025-03-18 05:49:01.0000",0.91,77.51,5.971805095672607,6.6474565807240165,13.272697712494413
"2025-03-18 06:18:56.0000",0.87,77.88,6.063422679901123,6.5558294019604455,11.317045420716868
"2025-03-18 06:48:51.0000",0.95,77.99,7.39051628112793,8.03716536677462,12.184415363273029
"2025-03-18 07:18:48.0000",2.2,78.07,6.871035575866699,7.398896859767752,10.351915051321111
"2025-03-18 07:48:47.0000",4.47,73.82,5.794958591461182,6.8748488964246235,11.502810604636444
"2025-03-18 08:18:46.0000",6.04,71.73,4.828994274139404,6.209865778186044,10.765284453418873
"2025-03-18 08:48:43.0000",7.35,70.59,4.582815647125244,5.7615722808986245,11.82478838393831
"2025-03-18 09:18:40.0000",8.78,68.38,3.4123995304107666,4.847307629575543,10.536220431398759
"2025-03-18 10:18:34.0000",10.91,62.7,2.829542636871338,4.542763342439746,12.363796312100655
"2025-03-18 10:48:31.0000",11.92,60.05,2.6869966983795166,4.57031287711008,11.458151475040484
"2025-03-18 11:18:28.0000",13.1,57.45,4.14274263381958,5.606137621163098,13.702477487963963
"2025-03-18 11:48:24.0000",13.39,53.85,3.3693618774414062,5.429437086646417,14.339925128077459
"2025-03-18 12:18:20.0000",13.95,51.02,2.758014440536499,5.257559533797712,14.395762284687102
"2025-03-18 12:48:16.0000",14.67,48.58,2.2965471744537354,4.9054930131455095,15.573153176473165
"2025-03-18 13:18:11.0000",14.68,46,2.645045042037964,5.101157429795001,15.385707236993705
"2025-03-18 13:48:07.0000",15.29,43.95,2.264096260070801,5.30775624797027,14.35212842115654
"2025-03-18 14:18:02.0000",15.27,42.62,2.1519196033477783,5.0765758703279795,15.639458869573149
"2025-03-18 14:47:56.0000",14.94,40.5,2.3041791915893555,5.227587262236683,15.402489553278668
"2025-03-18 15:47:45.0000",13.95,37.38,2.2522225379943848,5.3017715573744395,14.990189942739867
"2025-03-18 16:17:39.0000",13.49,37.26,2.192293405532837,5.342313318533715,15.569742763836045
"2025-03-18 16:47:33.0000",12.83,36.37,2.089045763015747,5.368150486145283,16.439252046199293
"2025-03-18 17:17:27.0000",11.97,37.4,2.2616517543792725,5.233885303344674,14.755034759047316
"2025-03-18 17:47:18.0000",10.59,39.29,2.748324394226074,5.480448440950431,15.925199320655773
"2025-03-18 18:17:10.0000",9.47,41.25,2.5804333686828613,5.262858877838311,15.314050750542474
"2025-03-18 18:47:04.0000",8.62,42.79,2.789893627166748,5.248809985642171,15.10485599809458
"2025-03-18 19:16:57.0000",7.92,44.41,2.9564764499664307,5.328286550880678,14.71825470704822
"2025-03-18 19:46:50.0000",7.43,46.35,2.9733996391296387,5.3786343731038855,14.427530683744727
"2025-03-18 20:16:44.0000",6.93,48.05,3.3719100952148438,5.560503865067881,14.291673458965192
"2025-03-18 20:46:38.0000",6.28,49.29,3.602092981338501,5.64231545883594,14.177749040756831
"2025-03-18 21:16:31.0000",5.48,50.35,3.933229923248291,5.864681751244516,16.553771571048674
"2025-03-18 21:46:25.0000",5.01,51.68,3.2300846576690674,5.1491162545384634,12.313083778758129
"2025-03-18 22:46:14.0000",4.14,53.91,3.096467971801758,5.04087319286498,13.508527704466324
"2025-03-18 23:16:07.0000",3.52,55.23,2.912271022796631,4.573484303520969,13.157198469894082
"2025-03-18 23:45:59.0000",3.12,55.97,3.2016794681549072,4.994594996052844,13.070147237450048
"2025-03-19 00:15:54.0000",2.78,56.86,2.893583297729492,4.573819896258279,11.987540476284813
"2025-03-19 01:45:38.0000",1.81,59.08,3.430166006088257,5.1350427361783835,12.308334121823549
"2025-03-19 02:15:32.0000",1.38,59.53,4.207094192504883,5.170984364911658,13.109066967693451
"2025-03-19 02:45:25.0000",0.93,60.13,4.349616527557373,5.497893752546688,13.745225377234558
"2025-03-19 03:15:19.0000",0.8,60.64,4.111410140991211,5.278639883648151,11.892260139311666
"2025-03-19 03:45:15.0000",0.71,61.2,4.399498462677002,5.514998984747531,11.004247540604418
"2025-03-19 04:15:10.0000",0.6,61.69,4.351020812988281,5.368160029607324,12.500494935211135
"2025-03-19 04:45:04.0000",0.18,62.03,4.616855144500732,5.606232678933495,12.848105777410305
"2025-03-19 05:14:59.0000",0.19,62.52,5.146576404571533,6.152758026403095,13.036373653581633
"2025-03-19 05:44:55.0000",0.45,62.88,6.0599517822265625,6.746817433829568,13.728190552615992
"2025-03-19 06:14:51.0000",0.41,63.48,6.674529075622559,7.271311900467529,13.04557934508524
"2025-03-19 06:44:46.0000",0.29,64.17,7.272448539733887,8.210112060440805,12.354550915063118
"2025-03-19 07:14:41.0000",1.78,64.25,7.951814651489258,8.153300745165492,15.25370364146298
"2025-03-19 07:44:41.0000",4.53,60.75,7.052407264709473,7.6959591175890605,15.093546627469715
"2025-03-19 08:14:39.0000",5.42,61,7.194728851318359,7.431567045330298,14.291412139356462
"2025-03-19 09:14:31.0000",6.68,60.64,8.821975708007812,9.071196244732251,16.448068692670137
"2025-03-19 09:44:30.0000",9.96,58.52,7.872995853424072,8.434370424743213,16.624032625385162
"2025-03-19 10:14:27.0000",11.35,57.31,8.155963897705078,8.644869951311328,16.84565686066028
"2025-03-19 10:44:26.0000",13.24,56.45,8.58244800567627,9.337890040398818,12.53958825232462
"2025-03-19 11:14:23.0000",13.95,54.78,7.299011707305908,7.9970179358792635,15.594392965033117
"2025-03-19 12:14:14.0000",15.32,50.76,8.716320991516113,8.766170512985166,17.49346623153154
"2025-03-19 12:44:11.0000",15.75,48.86,8.540764808654785,9.044919723443083,17.6760899177044
"2025-03-19 13:14:07.0000",17.15,47.86,10.213309288024902,9.486655026582774,18.13419452539509
"2025-03-19 13:44:02.0000",17.45,46.25,9.508309364318848,9.72579275412359,19.857014183788518
"2025-03-19 14:13:57.0000",17.69,44.61,9.037160873413086,9.243013866905054,17.323508838387017
"2025-03-19 14:43:54.0000",18.28,43.27,10.267352104187012,10.137770124613409,21.39039029412467
"2025-03-19 15:13:49.0000",18.07,42.11,10.090039253234863,9.843321012895261,20.869452103739857
"2025-03-19 15:43:42.0000",16.98,42.05,11.017374992370605,10.822036250047946,20.76571895790891
"2025-03-19 16:13:35.0000",16.07,42.54,11.997759819030762,10.828420716528255,21.46343385977403
"2025-03-19 16:43:30.0000",16.06,42.32,10.792308807373047,10.807453381805562,20.124061403594133
"2025-03-19 17:13:23.0000",15.13,43.21,10.840765953063965,10.829813316318118,18.825239322942508
"2025-03-19 17:43:17.0000",13.98,43.52,10.529788970947266,10.190574807666563,22.7197779823822
"2025-03-19 18:13:08.0000",12.47,44.21,11.327083587646484,11.168315468949137,22.120778034045188
"2025-03-19 18:43:00.0000",10.22,46.57,13.189455032348633,12.390229289229199,21.90322528687748
"2025-03-19 19:12:52.0000",8.44,47.81,59.52619934082031,48.15337019451123,57.15450037657785
"2025-03-19 19:42:46.0000",7.66,48.49,13.94992733001709,12.907140403558035,23.385775627313674
"2025-03-19 20:12:40.0000",7.52,49.49,15.271894454956055,14.119805321020255,26.193352147196787
"2025-03-19 20:42:34.0000",7.03,50.49,17.342023849487305,15.97891210429279,25.675833635918366
"2025-03-19 21:12:30.0000",6.86,50.83,18.08151626586914,16.847569623203903,24.790954447932172
"2025-03-19 22:12:17.0000",5.63,52.6,18.17233657836914,16.712787101868564,24.078855113732473
"2025-03-19 22:42:14.0000",6.12,52.86,19.550874710083008,18.231844968992064,26.969569705145474
"2025-03-19 23:12:09.0000",6.28,53.41,19.00835609436035,18.0285729248296,25.327892717385172
"2025-03-19 23:42:02.0000",6.13,54.02,18.302827835083008,17.774757545366395,24.98974239703531
"2025-03-20 00:11:57.0000",5.86,54.47,19.02682113647461,18.350680055901908,25.349606101961758
"2025-03-20 00:41:52.0000",5.33,55.04,19.827659606933594,18.861436254617058,24.889369494585367
"2025-03-20 01:11:47.0000",5.44,56.08,20.068241119384766,20.01892448172722,25.49215267639033
"2025-03-20 01:41:43.0000",5.45,56.73,21.87141227722168,21.818149642914637,26.756383761128482
"2025-03-20 02:11:37.0000",5.37,57.23,21.60576629638672,21.099906349795997,24.740745821291338
"2025-03-20 02:41:32.0000",5.95,57.24,21.893064498901367,21.106145483985234,26.255594651568153
"2025-03-20 03:11:28.0000",6.4,57.85,23.539155960083008,22.28398912776616,26.19757747831827
"2025-03-20 03:41:22.0000",6.31,58.64,24.70103645324707,23.952295814841126,28.823533458520927
"2025-03-20 04:41:10.0000",5.01,61.11,24.841798782348633,26.274541738612335,28.14597569192
"2025-03-20 05:11:04.0000",4.43,61.49,22.308486938476562,23.190526242711805,25.861972382610375
"2025-03-20 05:40:59.0000",4.07,62.03,21.95993423461914,22.902828733495063,25.89855493791394
"2025-03-20 06:10:54.0000",4.43,62.42,20.226858139038086,21.801509506772074,23.518023392353705
"2025-03-20 06:40:50.0000",4.69,62.98,21.907819747924805,25.022065526190946,24.943489792835294
"2025-03-20 07:10:46.0000",5.8,63.24,21.793807983398438,25.528935245145405,25.148246759221237
"2025-03-20 07:40:45.0000",8.53,60.11,20.932588577270508,23.443318224276553,19.89531853886611
"2025-03-20 08:10:45.0000",11.02,57.99,21.228139877319336,23.501462063649047,26.399944395471383
"2025-03-20 08:40:43.0000",13.01,57.26,21.76578140258789,23.869219941959454,27.821274811960514
"2025-03-20 09:40:38.0000",16.22,55.35,23.40814781188965,24.57301418651213,28.786348221202626
"2025-03-20 10:10:36.0000",17.32,54.16,21.411579132080078,22.649011313421656,26.5667372200207
"2025-03-20 10:40:34.0000",18.41,52.98,22.52365493774414,23.738767123473384,27.015167814684887
"2025-03-20 11:10:33.0000",19.77,50.36,23.610586166381836,24.5347637087112,31.149286036597235
"2025-03-20 11:40:29.0000",20.94,49.56,19.020959854125977,19.566159835720374,28.392127649541212
"2025-03-20 12:10:23.0000",19.86,47.99,14.215418815612793,14.602179590789005,22.79952831986833
"2025-03-20 12:40:15.0000",19.4,49.22,10.6725492477417,12.292518038983754,21.35369933570614
"2025-03-20 13:10:08.0000",18.48,49.17,8.81816577911377,10.073741171579233,18.185340684418374
"2025-03-20 13:40:05.0000",18.9,48.5,4.7669782638549805,6.758787326224203,15.576254810736856
"2025-03-20 14:09:58.0000",17.88,48.97,5.664687633514404,7.2852680100145,15.483680904647388
"2025-03-20 14:39:51.0000",17.56,50.11,5.44625186920166,7.029356270668751,15.368834495045766
"2025-03-20 15:09:46.0000",17.37,51.22,5.940488815307617,7.485088682675648,15.891413656754365
"2025-03-20 15:39:41.0000",17.17,52.18,7.1894211769104,8.54391487036472,18.410990772400012
"2025-03-20 16:09:37.0000",17.31,53.25,6.977977275848389,8.41004675392316,14.432084413632902
"2025-03-20 16:39:31.0000",17.59,54.04,7.293550968170166,8.35167577485897,16.75042744590139
"2025-03-20 17:09:26.0000",17.49,54.36,5.973069190979004,7.589540129779041,13.925575726218291
"2025-03-20 17:39:20.0000",16.67,54.5,5.835314750671387,7.542173746177571,17.805078478277892
"2025-03-20 18:09:11.0000",15.64,55.31,5.499419212341309,6.862180232495437,16.65445438469852
"2025-03-20 18:39:05.0000",14.8,56.12,6.479020595550537,7.563571572609427,16.032406119924374
"2025-03-20 19:09:00.0000",14.02,57.22,5.041352272033691,6.545801807475142,15.987362455923458
"2025-03-20 20:08:48.0000",13.02,59.42,4.896920680999756,6.411527470484421,15.867862827208876
"2025-03-20 21:08:35.0000",12.19,61.44,4.720019340515137,6.076356294324645,12.889739319091523
"2025-03-20 21:38:31.0000",11.89,62.76,5.3506999015808105,6.494582452496644,13.455449936956231
"2025-03-20 22:08:25.0000",11.53,63.97,4.583471775054932,6.028283974402443,12.988711556257634
"2025-03-20 23:08:14.0000",11.02,65.94,10.075701713562012,10.942235309748058,17.86656085130819
"2025-03-20 23:38:09.0000",11.03,66.56,11.439842224121094,12.456044139549098,14.858723210008128
"2025-03-21 00:08:02.0000",10.86,66.93,11.817489624023438,12.1837629908111,17.752742149057468
"2025-03-21 00:37:56.0000",10.2,67.69,12.886488914489746,13.63344567553468,17.95836976689715
"2025-03-21 01:07:51.0000",10.1,68.56,13.507120132446289,14.853704709231307,20.542151619151323
"2025-03-21 01:37:47.0000",10.12,68.99,11.91905403137207,13.742485706668731,18.53377332825164
"2025-03-21 02:07:42.0000",10.06,69.4,10.440986633300781,12.01467279583969,16.778402820791296
"2025-03-21 03:07:31.0000",9.92,70.09,9.70803165435791,11.01509280219033,15.978961618281106
"2025-03-21 03:37:26.0000",9.74,70.48,8.875853538513184,10.337676629804466,14.931828301227457
"2025-03-21 04:07:21.0000",9.85,70.77,8.771968841552734,9.674613581018523,15.255002087288817
"2025-03-21 04:37:16.0000",9.85,70.9,9.632341384887695,11.638150379569748,16.806460456566047
"2025-03-21 05:07:10.0000",10.02,71.16,10.110249519348145,12.012698201601513,17.24718829928257
"2025-03-21 05:37:07.0000",10.33,71.15,11.170695304870605,12.902210218665223,16.119961597082305
"2025-03-21 06:07:01.0000",10.29,71.25,10.633894920349121,12.485163123592278,15.609317553621414
"2025-03-21 06:36:56.0000",10.07,71.91,12.215975761413574,13.540083358352302,17.567955297996214
"2025-03-21 07:06:51.0000",10.23,72.01,13.712870597839355,14.865371485931526,17.471038084984677
"2025-03-21 07:36:48.0000",11.05,71.38,13.035896301269531,14.338574527058094,18.335143582187733
"2025-03-21 08:06:43.0000",11.97,71.22,12.709020614624023,14.172075027970722,17.640103082643343
"2025-03-21 08:36:42.0000",13.6,67.37,13.0556640625,14.624883451343537,18.277744042157902
"2025-03-21 09:36:37.0000",17.14,61.87,11.016016960144043,12.31986261973776,17.965341208270758
"2025-03-21 10:06:33.0000",17.25,59.72,11.992203712463379,13.454706319610223,19.612983155471767
"2025-03-21 10:36:24.0000",15.88,59.85,12.211132049560547,13.141432796450554,20.461546360063316
"2025-03-21 11:06:19.0000",16.67,58.55,8.32708740234375,10.02575374934813,19.2638236760793
"2025-03-21 11:36:15.0000",16.77,56.32,7.126468658447266,9.150579908744875,19.67849784942167
"2025-03-21 12:06:12.0000",16.86,54.81,7.049989223480225,8.739475229734197,18.053483576375474
"2025-03-21 12:36:06.0000",16.61,54.82,6.567445278167725,8.208859529677976,17.25980166197044
"2025-03-21 13:06:01.0000",16.86,53.85,6.423428058624268,7.827967593175454,14.811717482706788
"2025-03-21 13:35:57.0000",16.98,53.23,5.928253173828125,7.6446224692733935,16.217310633408182
"2025-03-21 14:05:51.0000",16.91,53.02,5.401458263397217,7.3297269483550584,16.234738211754372
"2025-03-21 14:35:46.0000",17.08,52.25,6.356686115264893,8.097279467629015,18.352602115148052
"2025-03-21 15:05:41.0000",17.19,52.29,6.622398376464844,8.414658134956152,18.8845231592399
"2025-03-21 15:35:36.0000",16.88,52.33,6.348085880279541,7.849277291690408,20.831164960179496
"2025-03-21 16:05:30.0000",16.63,52.84,6.428394794464111,8.037826531604173,18.51387870751696
"2025-03-21 16:35:25.0000",16.77,53.18,7.763870716094971,9.035182759154122,19.60514695898397
"2025-03-21 17:35:13.0000",15.72,54.4,7.1354570388793945,8.722367459583214,19.028004355672543
"2025-03-21 18:05:06.0000",15.11,55.3,7.6193695068359375,9.08307342748369,17.92386529618967
"2025-03-21 18:35:00.0000",14.74,56.16,8.646504402160645,9.643143974652299,19.801898542723713
"2025-03-21 19:04:53.0000",14.15,57.27,12.229947090148926,12.984211048528563,22.02680252353499
"2025-03-21 19:34:47.0000",13.63,58.49,12.425416946411133,12.976457585692557,20.949920111316548
"2025-03-21 20:04:41.0000",13.18,59.54,11.35488510131836,12.36764891334216,22.11390103674549
"2025-03-21 21:34:21.0000",11.31,65.55,10.608360290527344,11.496532471333673,20.653560131917356
"2025-03-21 22:04:16.0000",11.5,66.54,8.850152969360352,9.992732853748288,18.68431623699925
"2025-03-21 22:34:11.0000",11.09,71.32,9.754742622375488,10.59637988498345,21.124807882589216
"2025-03-21 23:04:05.0000",10.74,75.24,13.363384246826172,14.559746964104022,21.525140616736394
"2025-03-21 23:34:00.0000",10.6,78.26,13.995020866394043,14.510197457227353,21.345041958914525
"2025-03-22 00:33:49.0000",10.78,78.84,14.533666610717773,16.123386440911275,20.566837893393625
"2025-03-22 01:03:43.0000",10.74,79.89,16.511188507080078,17.4546040313022,22.09914072544427
"2025-03-22 01:33:39.0000",11.03,80.25,13.5888032913208,14.745251407770608,19.777448418157956
"2025-03-22 02:03:34.0000",11.13,80.25,12.54310417175293,13.962996080947843,20.68721038650434
"2025-03-22 03:03:23.0000",11.03,81.89,9.682428359985352,10.799129018518052,17.47964571424281
"2025-03-22 03:33:19.0000",10.74,83.3,9.929275512695312,10.917676359508974,16.436736851800703
"2025-03-22 04:03:13.0000",10.25,84.18,11.678670883178711,13.318812008106818,19.77433604281118
"2025-03-22 04:33:07.0000",10.02,85.38,13.05959415435791,14.566785323014406,20.406755708752325
"2025-03-22 05:03:02.0000",10,86.59,13.586471557617188,14.874054531251664,17.35545052567696
"2025-03-22 05:32:56.0000",9.7,87,16.312414169311523,18.370591085150412,22.600953872019694
"2025-03-22 06:02:50.0000",9.28,87.12,19.57856559753418,22.781842941883557,23.775170602751242
"2025-03-22 06:32:44.0000",8.99,88.02,21.54541778564453,24.513127966554052,25.801051308989493
"2025-03-22 07:02:41.0000",9.89,88.08,16.96990966796875,18.574437710853232,20.74064148693953
"2025-03-22 08:02:35.0000",13.61,83.43,8.342272758483887,9.401124861650736,14.296540760677285
"2025-03-22 08:32:34.0000",15.45,80.21,8.141766548156738,9.160585359700187,14.019216749497156
"2025-03-22 09:02:27.0000",13.28,82.4,10.770459175109863,11.790034924400665,16.998935815145153
"2025-03-22 09:32:22.0000",13.04,83.97,11.407859802246094,13.233538974262231,17.497923505451237
"2025-03-22 10:32:17.0000",17,79.53,6.792664051055908,7.8201101715847265,12.659903110872904
"2025-03-22 11:02:14.0000",19.28,75.73,5.504931449890137,6.781538047337589,13.687017660623281
"2025-03-22 13:01:53.0000",18.78,65.57,3.105875015258789,4.920791348941101,12.119120427900869
"2025-03-22 13:31:49.0000",19.15,62.78,3.741037607192993,5.659452659402425,13.893649737469882
"2025-03-22 14:01:45.0000",19.67,61.76,2.4820854663848877,4.563963137180879,12.50280175132047
"2025-03-22 14:31:41.0000",19.01,60.92,2.5851871967315674,4.429665626346869,13.08475324074679
"2025-03-22 15:01:34.0000",18.28,60.43,3.082307815551758,5.129288816436872,13.6857972242794
"2025-03-22 15:31:29.0000",17.51,60.67,2.404585123062134,4.621005394755707,12.951145772511959
"2025-03-22 16:01:23.0000",17.02,60.78,2.444554090499878,4.642958729568435,13.212535275994531
"2025-03-22 16:31:17.0000",16.78,60.91,2.3981635570526123,4.625312366730991,14.227288543431559
"2025-03-22 17:01:11.0000",15.67,62.27,5.046132564544678,6.532622920544405,15.018340115346204
"2025-03-22 17:31:03.0000",14.45,64.07,5.534567356109619,7.069088150525048,14.298624353325957
"2025-03-22 18:00:57.0000",13.8,65.26,5.423714637756348,6.822211960667989,12.860220257364222
"2025-03-22 18:30:49.0000",13.46,66.31,6.527188301086426,7.889011891172977,15.157725974669525
"2025-03-22 19:00:44.0000",13.75,66.26,2.2718665599823,4.235666233673159,11.71644035374173
"2025-03-22 19:30:38.0000",12.54,67.64,3.8335609436035156,5.520806113773853,11.085410007622718
"2025-03-22 20:00:31.0000",11.53,70.63,2.8301868438720703,4.372083525753885,10.30118363834357
"2025-03-22 21:30:16.0000",11.42,72.14,7.452275276184082,8.774827476722926,12.136113094618796
"2025-03-22 22:00:11.0000",11.35,72.48,8.683757781982422,10.112105388890301,13.912534347568146
"2025-03-22 22:30:04.0000",11.02,73.41,8.867884635925293,10.26732369722232,14.495026572217755
"2025-03-22 22:59:57.0000",10.77,75.12,8.46941089630127,10.479700287018737,13.250481445317492
"2025-03-22 23:29:52.0000",10.49,78.16,10.345133781433105,13.341663268031759,12.892238820665314
"2025-03-22 23:59:45.0000",10.24,80.52,13.148309707641602,16.94031823018006,14.81196304181236
"2025-03-23 00:29:39.0000",10.01,83.25,13.427213668823242,17.95317725188151,17.116975853389363
"2025-03-23 00:59:33.0000",9.51,83.84,40.48733139038086,48.26459619016461,61.72277747822069
"2025-03-23 01:29:24.0000",8.7,84.15,36.617576599121094,42.30378585084234,76.02026717699349
"2025-03-23 01:59:17.0000",8.32,84.74,37.09104919433594,44.26201057966863,45.42771209636763
"2025-03-23 02:29:12.0000",8.29,84.73,34.60615158081055,39.670283337877166,68.1715748251025
"2025-03-23 02:59:07.0000",8.56,85.98,11.669001579284668,14.393719564727181,19.505407836502663
"2025-03-23 03:29:02.0000",8.74,87.72,8.033795356750488,9.83743839914252,13.656463356096577
"2025-03-23 03:58:58.0000",8.87,89.3,11.274580955505371,14.538332151286472,13.679444106228322
"2025-03-23 04:28:53.0000",8.9,90.8,15.507474899291992,19.349890601162823,20.642266694258723
"2025-03-23 04:58:48.0000",8.68,90.75,28.0523681640625,36.20904608850708,35.190320829788675
"2025-03-23 05:28:41.0000",8.51,92.53,28.15220069885254,36.99576624778656,32.40231331857003
"2025-03-23 05:58:36.0000",8.45,92.79,30.355804443359375,39.7704018511402,31.18138676617506
"2025-03-23 06:28:31.0000",8.59,92.63,33.9675178527832,43.92477532220747,42.180263680536825
"2025-03-23 06:58:26.0000",8.74,92.75,32.770694732666016,42.4138999556809,35.27340993024999
"2025-03-23 07:28:21.0000",8.88,92.99,36.0618782043457,46.49687824651897,35.96363134541039
"2025-03-23 07:58:16.0000",9.73,94.29,27.39631462097168,35.02828143616019,27.332064281357308
"2025-03-23 08:58:06.0000",9.63,95.24,27.145057678222656,32.44049955123468,24.572074337384258
"2025-03-23 09:28:03.0000",10.08,93.56,22.234066009521484,27.537473789746,22.684377743362663
"2025-03-23 09:57:56.0000",9.85,93.51,24.328521728515625,29.561522637600213,25.05627937100576
"2025-03-23 10:27:50.0000",9.5,94.04,17.412960052490234,21.290158755336844,20.55985873695528
"2025-03-23 10:57:46.0000",10.85,93.34,16.53875160217285,18.66086800353308,19.476686653524176
"2025-03-23 11:27:41.0000",11,92.18,14.082075119018555,16.22706693017497,19.247394713738995
"2025-03-23 11:57:33.0000",10.46,92.36,12.16329288482666,13.886924750894487,16.456043367916244
"2025-03-23 12:27:28.0000",10.65,92.31,12.11186695098877,13.718104463968118,19.3709607034105
"2025-03-23 13:27:19.0000",11.85,90.12,13.438313484191895,15.004586225318954,23.891898435119472
"2025-03-23 13:57:16.0000",12.98,88.38,12.82467269897461,14.623873828328552,18.193788061757033
"2025-03-23 14:27:10.0000",12.2,86.97,14.770400047302246,16.30145752905809,22.688057527756893
"2025-03-23 14:57:04.0000",12.23,86.82,15.535233497619629,17.24778635177898,24.00516331689074
"2025-03-23 15:26:59.0000",12.37,84.8,15.16858959197998,16.48046662349953,24.096385655435178
"2025-03-23 15:56:53.0000",12.17,84.54,15.269546508789062,17.03747121026906,23.265388894549474
"2025-03-23 16:26:48.0000",12.28,84.03,14.467849731445312,16.03810286379898,23.81036454770369
"2025-03-23 16:56:42.0000",11.77,83.83,16.706680297851562,18.11862689567124,25.12474340448674
"2025-03-23 17:26:35.0000",10.79,84,17.20049285888672,19.087618722291218,26.51966072463806
"2025-03-23 17:56:29.0000",9.98,84.6,18.19578742980957,19.22588870417534,28.90569956402291
"2025-03-23 18:26:22.0000",9.24,84.79,16.023435592651367,17.294712513404342,27.567625456052955
"2025-03-23 18:56:16.0000",9.46,84.96,12.651731491088867,13.939913923209813,21.071126431954934
"2025-03-23 19:26:12.0000",9.69,84.03,12.575019836425781,13.701588090738786,19.017122929158536
"2025-03-23 19:56:07.0000",9.65,83.42,13.624103546142578,14.512668223132296,23.391186584679183
"2025-03-23 20:26:01.0000",8.83,83.31,12.481161117553711,13.984663339673965,21.229117922636952
"2025-03-23 20:55:54.0000",7.63,84.07,13.386558532714844,14.1571662890478,21.263481821188584
"2025-03-23 21:25:48.0000",6.79,84.1,13.986307144165039,14.871039879855223,18.872290610042075
"2025-03-23 21:55:41.0000",6.11,84.24,13.904007911682129,15.145327614628348,19.918660774889588
"2025-03-23 22:55:29.0000",5.03,84.07,17.125526428222656,18.191476043702643,24.31785002862424
"2025-03-23 23:25:24.0000",4.29,83.87,18.256237030029297,19.194918559416454,24.531954647326295
"2025-03-23 23:55:17.0000",3.7,83.97,19.916292190551758,21.22640747157873,26.27094134914122
"2025-03-24 00:25:09.0000",3.08,84.14,22.39835548400879,24.082941162734947,28.3984586645882
"2025-03-24 00:55:03.0000",3.22,84.25,22.07281494140625,23.952318867593185,23.818743026366004
"2025-03-24 01:24:58.0000",3,83.84,22.039810180664062,23.676599958783683,26.23483976278939
"2025-03-24 01:54:51.0000",2.44,84.34,25.496328353881836,27.60701115816079,30.719945441578773
"2025-03-24 02:24:46.0000",2.42,84.42,27.92156219482422,30.72875558431824,33.495147260474724
"2025-03-24 02:54:43.0000",2.35,84,27.463903427124023,30.093790047959097,31.915797366102677
"2025-03-24 03:24:37.0000",2.32,84.43,29.249290466308594,32.27493855027016,34.15679074940742
"2025-03-24 03:54:31.0000",2.21,84.36,28.2666015625,31.190967706064193,31.72853892582259
"2025-03-24 04:24:27.0000",2.19,84.44,31.841264724731445,35.267215774992124,34.90745808278452
"2025-03-24 04:54:23.0000",2.2,84.76,39.27172088623047,45.42369224372075,43.9702744080798
"2025-03-24 05:24:17.0000",1.98,85.14,40.779258728027344,46.783660839336946,43.40604254265478
"2025-03-24 05:54:12.0000",1.83,85.14,40.47232437133789,46.87901037500718,42.86101786214518
"2025-03-24 06:24:07.0000",2,85.27,36.69788360595703,42.6223943536722,39.35719726106932
"2025-03-24 06:54:02.0000",2.95,84.8,33.96348190307617,39.183167013573694,33.348853476018704
"2025-03-24 08:23:58.0000",9.43,76.94,11.381491661071777,13.802434943463178,16.939318495411158
"2025-03-24 08:53:58.0000",12.16,75.42,11.286840438842773,12.785600985710548,16.66799210604921
"2025-03-24 09:23:59.0000",14.8,71.36,12.102355003356934,13.447545658600344,18.15540983319353
"2025-03-24 09:53:56.0000",16.01,69.81,15.814255714416504,16.627091487954992,22.004791307215964
"2025-03-24 10:23:52.0000",16.89,67.51,14.10300064086914,14.659953626900203,20.38929926170145
"2025-03-24 10:53:49.0000",18.8,66.39,13.167684555053711,14.332409127324482,21.119937148025468
"2025-03-24 11:53:38.0000",18.28,59.88,16.399232864379883,16.073229736218078,25.856271073811538
"2025-03-24 12:23:33.0000",17.64,56.87,15.292101860046387,15.938960854115823,25.228586447393088
"2025-03-24 12:53:26.0000",17.07,54.75,13.566560745239258,13.27066783430513,23.193408919301785
"2025-03-24 13:23:19.0000",17.07,54.57,10.834728240966797,11.380091367813163,21.76604388865501
"2025-03-24 13:53:16.0000",17.31,52.97,10.577770233154297,10.87624214236443,17.56816996616633
"2025-03-24 14:23:10.0000",16.91,52.61,9.043585777282715,9.692195509178829,19.432684280625885
"2025-03-24 14:53:05.0000",16.28,51.68,11.055288314819336,10.832108803346184,20.097934645425646
"2025-03-24 15:22:58.0000",15.31,52.86,7.881313323974609,9.380933562528528,18.60110883796677
"2025-03-24 15:52:51.0000",14.41,54.33,9.845629692077637,10.682907011579742,23.521787915971863
"2025-03-24 16:22:46.0000",13.71,55.6,10.64402961730957,11.166794085549826,22.21221430402073
"2025-03-24 17:22:32.0000",11.27,61.44,7.891842842102051,9.362939396435307,17.006321296875022
"2025-03-24 17:52:23.0000",9.14,64.15,8.103923797607422,9.460503408464517,18.079317471044995
"2025-03-24 18:22:15.0000",7.74,67.75,10.170331954956055,11.011145383219255,18.34370709981353
"2025-03-24 18:52:09.0000",6.68,68.21,6.618007659912109,7.8336877451528695,16.39343755185266
"2025-03-24 19:22:02.0000",6.11,69.06,6.635946750640869,7.785798505002033,19.546198238395853
"2025-03-24 19:51:56.0000",5.87,69.74,5.290386199951172,6.296435099131019,16.81999901301122
"2025-03-24 20:21:50.0000",5.68,70.8,6.216886520385742,7.1699151989418155,18.550854395300618
"2025-03-24 20:51:44.0000",5.5,71.7,5.424951553344727,6.719650972342233,15.264921914706775
"2025-03-24 21:21:38.0000",4.95,72.01,3.0626115798950195,4.169428582300121,14.526299136508511
"2025-03-24 21:51:32.0000",4.86,73.15,2.212449312210083,3.053889512254418,11.709097546373231
"2025-03-24 22:21:27.0000",5.11,74.08,2.7590479850769043,3.6486990419696923,12.241813382585866
"2025-03-24 22:51:22.0000",5.19,75.22,3.1882846355438232,4.034851316667243,10.329294151694798
"2025-03-24 23:51:11.0000",5.37,77.13,4.204453945159912,4.853114334101408,10.185221259790227
"2025-03-25 00:21:06.0000",5.44,78.08,5.020750045776367,5.880397776437533,7.799102780671472
"2025-03-25 00:51:02.0000",6.37,77.7,4.860811233520508,5.961337485312203,10.856886342671634
"2025-03-25 01:20:59.0000",7,78.6,4.367247104644775,5.285965560821371,9.154246182256314
"2025-03-25 01:50:55.0000",7.69,79.47,4.361149787902832,5.576665695641903,10.947460095645651
"2025-03-25 02:20:51.0000",8.03,80.29,3.4637293815612793,4.484828303454212,9.720840595649017
"2025-03-25 02:50:46.0000",8.2,80.75,3.773702383041382,4.834517719366311,10.32833374347734
"2025-03-25 03:20:41.0000",8.33,81.47,2.9496078491210938,3.8326768182529425,9.845005364458443
"2025-03-25 03:50:35.0000",8.36,83.77,2.604997158050537,3.2279561132949484,11.465380798528756
"2025-03-25 04:20:30.0000",8.33,84.32,3.1312856674194336,3.7157264058143102,12.753562569834124
"2025-03-25 04:50:24.0000",8.4,85.82,4.499169826507568,4.9170373264465885,10.955470660052518
"2025-03-25 05:20:19.0000",8.44,87.5,6.471935749053955,7.460517436628196,9.737525573736523
"2025-03-25 05:50:15.0000",8.25,88.83,11.332998275756836,14.071117105982987,15.601170839689862
"2025-03-25 06:20:10.0000",8.22,89.95,14.056683540344238,18.932353977039472,21.661943084121962
"2025-03-25 06:50:04.0000",8.18,90.58,17.26899528503418,22.4189265640939,26.465674183854826
"2025-03-25 07:19:57.0000",8.21,91.35,29.201745986938477,35.37716118907072,43.44771713538462
"2025-03-25 07:49:51.0000",8.34,92.74,17.521169662475586,23.044788927635988,27.003527256385897
"2025-03-25 08:19:47.0000",8.58,94.68,17.835243225097656,22.933451552284062,23.488622592633707
"2025-03-25 08:49:41.0000",8.93,95.95,11.858057975769043,15.595428142982898,15.561426635129155
"2025-03-25 09:49:32.0000",9.23,97.92,11.753849029541016,15.325654469694998,16.363252638646255
"2025-03-25 10:19:27.0000",9.45,98.32,14.81928825378418,19.908760599311282,15.581762958233588
"2025-03-25 10:49:20.0000",10.2,99.29,8.145012855529785,10.404448778724758,12.861608993754542
"2025-03-25 11:19:20.0000",12.58,93.98,2.786440372467041,3.286005191598895,9.736150884433
"2025-03-25 11:49:15.0000",12.34,91.77,2.379634380340576,3.1314056992265895,9.966405974364076
"2025-03-25 12:49:03.0000",12.18,88.15,1.9016225337982178,3.267802239846618,9.68814719668057
"2025-03-25 13:18:58.0000",12.23,83.87,1.9031208753585815,3.152993768793312,11.241245139103244
"2025-03-25 13:48:52.0000",12.34,82.86,2.272355794906616,4.023125733077264,11.962802195287894
"2025-03-25 14:18:50.0000",13.82,78.57,1.437907099723816,3.3116708083121096,11.33450855072327
"2025-03-25 14:48:43.0000",12.87,77.73,1.8662874698638916,3.8127596299027195,11.457344382527383
"2025-03-25 15:18:37.0000",12.36,77.71,1.9806140661239624,3.6146007133945637,12.203088993629617
"2025-03-25 15:48:32.0000",12.04,76.91,1.4810841083526611,3.1822415843249017,10.745060751116329
"2025-03-25 16:18:23.0000",11.08,79.57,1.6777467727661133,3.1843286318608013,11.179279854612655
"2025-03-25 16:48:23.0000",12.35,75.76,1.4914888143539429,3.5005790492285125,11.012942974973324
"2025-03-25 17:18:14.0000",10.76,75.97,1.2582576274871826,3.0499064828031806,8.88408089446661
"2025-03-25 17:48:08.0000",9.97,75.68,1.297787070274353,3.0817714410794217,11.599089726455755
"2025-03-25 18:17:59.0000",8.32,77.24,1.4372978210449219,3.007000346699467,10.144493989737834
"2025-03-25 18:47:51.0000",7.58,78.04,1.4655402898788452,2.903109808799558,9.69973921059009
"2025-03-25 19:17:44.0000",6.78,78.24,1.5059057474136353,2.816771506902161,8.362323004685436
"2025-03-25 19:47:37.0000",5.95,79.55,1.8106422424316406,3.0036277210303903,9.590028081801627
"2025-03-25 20:17:31.0000",5.55,80.23,1.7341132164001465,2.567960215877468,10.683621848563412
"2025-03-25 20:47:25.0000",5.25,80.61,1.763576626777649,2.7945222801504537,10.033447557860864
"2025-03-25 21:47:15.0000",4.58,80.74,2.051708221435547,3.1506323585344265,12.273150723442946
"2025-03-25 22:17:10.0000",4.43,81.01,2.479365110397339,3.545012277151771,12.083449418514316
"2025-03-25 22:47:05.0000",4.2,81.33,3.399786949157715,4.303009833363237,12.281630318970489
"2025-03-25 23:16:59.0000",3.93,81.23,3.578230142593384,4.4316262107978535,12.186191780150823
"2025-03-25 23:46:54.0000",4.19,81.94,4.396083831787109,5.361429743546291,16.439092294236026
"2025-03-26 00:16:49.0000",4.07,81.89,5.075592041015625,5.9062808786065615,13.9188541569144
"2025-03-26 00:46:44.0000",3.78,82.5,5.347471714019775,6.234399449386617,13.395263925967432
"2025-03-26 01:16:38.0000",3.48,82.48,6.13822078704834,6.957130543755479,15.796975907173156
"2025-03-26 02:16:27.0000",3.26,83.09,6.499190330505371,7.468957742225664,16.385416433787455
"2025-03-26 02:46:21.0000",3.32,83.04,6.248518466949463,7.035758741975845,14.053785442838745
"2025-03-26 03:16:17.0000",3.8,83.05,5.476811408996582,6.421324664416983,13.881064355274948
"2025-03-26 03:46:13.0000",4.73,82.7,4.786870002746582,5.715564953095795,14.321139095593345
"2025-03-26 04:16:10.0000",5.33,82.79,3.3991734981536865,4.245594490375477,12.193202732356454
"2025-03-26 04:46:06.0000",5.66,83.44,2.6767804622650146,3.5031641453627174,9.794403971415829
"2025-03-26 05:16:00.0000",5.64,83.76,5.133963584899902,5.85328520806418,11.65543082264555
"2025-03-26 05:45:56.0000",5.64,84.26,4.97504997253418,5.681577399534847,12.623774428394388
"2025-03-26 06:15:50.0000",5.74,84.39,6.192082405090332,6.720049796924528,12.552561559355041
"2025-03-26 06:45:45.0000",5.88,84.79,6.444469451904297,7.342690889312197,13.121599985843806
"2025-03-26 07:15:41.0000",6.6,84.6,5.271711349487305,5.824903503137793,5.609299634474423
"2025-03-26 07:45:39.0000",8.61,82.7,4.233800888061523,5.052641556912532,10.249944389462135
"2025-03-26 08:15:41.0000",11.91,77.39,3.829746961593628,4.930576478324822,10.24228225823242
"2025-03-26 08:45:38.0000",12.77,77.37,3.5039048194885254,4.4719447747558645,8.879793768728682
"2025-03-26 09:15:36.0000",14.53,75.47,2.415764093399048,3.752132006319916,10.329853245748515
"2025-03-26 09:45:30.0000",13.8,77.69,2.163362741470337,3.425994108560373,7.256641200660457
"2025-03-26 10:15:29.0000",15.27,76.41,2.152552604675293,3.589327489333556,10.416823343318576
"2025-03-26 10:45:22.0000",14.73,76.89,1.9862549304962158,3.5424419470348827,10.71981760533347
"2025-03-26 11:15:21.0000",16.82,71.74,2.4262032508850098,4.200745057217366,12.015548288725011
"2025-03-26 11:45:22.0000",19.66,68.8,2.6669857501983643,4.466677206807918,11.338257023732826
"2025-03-26 12:15:16.0000",20.17,65.37,2.5468335151672363,4.53356942610932,12.25707918971936
"2025-03-26 12:45:11.0000",20.04,61.73,2.723936080932617,4.986697494488454,12.77818412716308
"2025-03-26 13:15:06.0000",19.73,58.09,2.515352725982666,4.854368583671744,13.679817523229014
"2025-03-26 13:45:01.0000",19.29,56.82,2.2889676094055176,4.642395710202457,13.46456463384205
"2025-03-26 14:14:55.0000",18.39,54.31,2.5209004878997803,4.8968059142749,14.122551077291266
"2025-03-26 14:44:48.0000",17.53,54.11,2.379952907562256,5.024520662987306,15.698846959834508
"2025-03-26 15:14:40.0000",15.93,55.04,2.2764692306518555,4.646532476687298,12.513407779694697
"2025-03-26 15:44:36.0000",16.44,55.42,2.089872360229492,4.514675851189677,11.664924362084513
"2025-03-26 16:14:29.0000",15.47,54.84,1.2054392099380493,3.9133006673704984,12.212738022618304
"2025-03-26 16:44:21.0000",14.07,57.8,1.0219517946243286,3.586721906980317,10.903315717626949
"2025-03-26 17:14:14.0000",13.3,59.25,1.082189679145813,3.5881620411084496,13.206339791951569
"2025-03-26 18:13:59.0000",10.01,62.55,1.2974023818969727,3.347508420461046,10.222147457256522
"2025-03-26 19:13:45.0000",7.62,63.73,1.3693751096725464,3.2310269998522947,10.805063825927537
"2025-03-26 19:43:40.0000",8.02,65.44,1.4533641338348389,2.9959685107869736,9.700896507435017
"2025-03-26 20:13:34.0000",7.67,66.58,1.1679482460021973,2.790883924117391,8.613490627833421
"2025-03-26 21:13:21.0000",5.49,67.36,2.69004487991333,4.184407557946734,11.276305431553698
"2025-03-26 21:43:16.0000",5.37,67.68,2.138688564300537,3.548518171416336,9.308091394780462
"2025-03-26 22:13:12.0000",5.2,68.01,3.254157066345215,4.353948259275712,10.421186688294814
"2025-03-26 22:43:07.0000",5.05,68.51,2.8376286029815674,4.245832947856172,10.381842812986754
"2025-03-26 23:13:02.0000",5.18,69.17,2.306194543838501,3.63650819837528,9.137370585487695
"2025-03-27 00:12:52.0000",5.62,70.11,2.8732590675354004,4.273865419006861,9.926583799121417
"2025-03-27 00:42:49.0000",6.73,69.71,3.151505708694458,4.400243156678518,9.523057203219944
"2025-03-27 01:12:46.0000",7.72,69.95,1.812927007675171,3.276485987219916,8.79944717563382
"2025-03-27 01:42:41.0000",8.09,71.23,1.3086473941802979,2.5941227109212606,7.525096199509072
"2025-03-27 02:12:37.0000",8.47,71.82,0.8762229681015015,2.1983300849081138,7.100314718042656
"2025-03-27 02:42:31.0000",7.8,72.34,0.7168515920639038,2.2114378009847795,7.215404748469169
"2025-03-27 03:12:24.0000",6.66,73.68,1.2465797662734985,2.7223226349175795,7.673459936077876
"2025-03-27 03:42:20.0000",7.48,73.41,1.2760608196258545,2.806152408208431,7.7183956091539745
"2025-03-27 04:12:15.0000",6.8,74.18,0.43452778458595276,2.027969667275481,4.850781385940373
"2025-03-27 04:42:08.0000",6.4,75.14,2.808910608291626,4.367261090458512,8.467927504466234
"2025-03-27 05:12:03.0000",6.23,75.93,3.5194852352142334,4.868124393782093,9.257121916813777
"2025-03-27 05:41:59.0000",6.52,76.68,1.857630729675293,3.3606841877649694,7.9516110459545635
"2025-03-27 06:11:53.0000",6.3,77.43,1.4627715349197388,2.927135306579942,6.976793121329088
"2025-03-27 06:41:49.0000",7.24,77.74,0.8153527975082397,2.1949293164375696,6.842392721967662
"2025-03-27 07:11:50.0000",10.46,71.97,0.5808454155921936,1.9355931565634379,7.545532283673578
"2025-03-27 07:41:47.0000",11.75,71.26,0.4450446665287018,1.8340675647199618,6.949517464229907
"2025-03-27 08:11:46.0000",13.86,69.22,0.45906275510787964,1.8796603558821177,7.838102199118497
"2025-03-27 08:41:43.0000",14.45,70.39,0.4089873731136322,1.9649588904001412,7.332673534861523
"2025-03-27 09:11:42.0000",16.49,68.92,0.3364749848842621,1.832702647446863,6.708725600648463
"2025-03-27 09:41:40.0000",18.12,67.83,0.3641248941421509,2.027254577725721,8.056126090472155
"2025-03-27 10:11:36.0000",19.24,65.46,0.347173273563385,2.208593719202988,7.908701812261207
"2025-03-27 10:41:34.0000",20.63,61.92,0.3428427577018738,2.5247234182443896,8.895894791125446
"2025-03-27 11:11:31.0000",21.38,58.73,0.44658398628234863,2.9398617166996606,10.488843839636276
"2025-03-27 11:41:24.0000",21.16,55.57,0.4525860846042633,3.0741294767661826,10.434029907624483
"2025-03-27 12:11:18.0000",21.58,52.41,0.5027177929878235,3.377270973714003,11.128561227249232
"2025-03-27 12:41:11.0000",21.27,52.09,0.25075310468673706,3.127559191259096,10.59908742550249
"2025-03-27 13:11:05.0000",19.87,52.86,0.39935094118118286,3.2008786559828577,11.178383882319148
"2025-03-27 13:41:02.0000",19.2,53.02,0.3145085871219635,3.1937535641535413,10.840821501521791
"2025-03-27 14:10:55.0000",19.02,53.86,0.3497365713119507,3.172914872263249,10.622638926077903
"2025-03-27 14:40:49.0000",17.36,53.81,0.5379723906517029,3.2863539205186445,11.081696013877044
"2025-03-27 15:10:41.0000",15.97,56.82,0.47365331649780273,2.920975904409793,9.474222754891073
"2025-03-27 15:40:34.0000",14.55,59.39,0.36650148034095764,2.6093399302169225,8.741602296939087
"2025-03-27 16:10:26.0000",13.63,61.98,0.35427534580230713,2.476712110967958,8.37182787392012
"2025-03-27 17:10:16.0000",12.8,65.01,0.44850125908851624,2.3781399887521895,8.827282048203205
"2025-03-27 17:40:09.0000",12.51,67.41,0.34499770402908325,2.0394954549953903,7.2929901109278354
"2025-03-27 18:10:04.0000",12.13,69.14,0.4307713508605957,2.0909834589251415,7.232746718603894
"2025-03-27 18:39:59.0000",11.87,70.77,0.5016400218009949,2.0960454941806765,7.362393142683059
"2025-03-27 19:09:54.0000",11.83,71.84,0.9402920007705688,2.5591950432071298,7.650173448197898
"2025-03-27 19:39:49.0000",12.01,70.93,0.32545945048332214,2.1775999681875082,7.742172478925507
"2025-03-27 20:09:44.0000",11.87,70.86,0.6104122996330261,2.391939462714527,8.515621447674592
"2025-03-27 20:39:36.0000",11.48,71.35,0.4799833297729492,2.1843173280751214,7.503692374856203
"2025-03-27 21:09:31.0000",11.2,72.74,0.321195125579834,1.6872269490877974,6.615506340791489
"2025-03-27 21:39:27.0000",10.99,74.38,0.30524778366088867,1.6599709979595336,6.496573067176017
"2025-03-27 22:09:21.0000",10.93,77.09,0.1253775805234909,1.4285876655745269,6.378875492439946
"2025-03-27 22:39:16.0000",10.78,78.8,0.09635709226131439,1.2502467588567794,5.859978020465337
"2025-03-27 23:09:11.0000",10.72,79.51,0.1466706395149231,1.2819926062467326,5.980469519256214
"2025-03-27 23:39:06.0000",10.62,81.61,0.27046310901641846,1.5397329844439185,6.199005308354639
"2025-03-28 00:09:00.0000",9.99,81.96,0.45721229910850525,1.4717434373050502,6.473576064032117
"2025-03-28 00:38:55.0000",9.84,82.34,0.5584618449211121,1.733587611208858,6.4890773059697
"2025-03-28 01:08:49.0000",9.69,80.32,0.8542326092720032,2.307652138119342,7.988841331061189
"2025-03-28 02:08:37.0000",8.31,82.73,1.113608479499817,1.8622679854021649,7.888896111022657
"2025-03-28 02:38:31.0000",7.78,84,2.9870598316192627,3.293735793238102,12.88987577684215
"2025-03-28 03:08:25.0000",7.56,85.18,4.108506679534912,4.475177238181443,15.538733968968302
"2025-03-28 03:38:21.0000",8.05,87.69,5.205648899078369,5.427472223762108,18.533522673525322
"2025-03-28 04:08:16.0000",7.56,89.02,4.694824695587158,4.983797051192835,17.393432367467167
"2025-03-28 04:38:08.0000",6.84,89.98,4.900826454162598,5.753909381718824,16.738320531483584
"2025-03-28 05:08:04.0000",6.6,89.89,4.527319431304932,5.103892294560961,15.865720155949433
"2025-03-28 05:37:58.0000",6.61,90.11,4.488065242767334,5.117369091816476,13.764760399280542
"2025-03-28 06:07:54.0000",7.3,89.64,3.6407816410064697,4.278832768776132,13.889099510173095
"2025-03-28 06:37:50.0000",7.56,88.82,3.837770462036133,4.8709785042326565,15.615914208109794
"2025-03-28 07:07:45.0000",7.58,89.19,3.5295886993408203,4.505870136283454,14.675682458131657
"2025-03-28 07:37:41.0000",9.35,84.34,2.6219234466552734,3.7589088884077926,11.655913413716318
"2025-03-28 08:07:39.0000",9.73,80.37,2.7477684020996094,4.03256685564033,13.007687866863938
"2025-03-28 08:37:36.0000",10.85,74.68,2.6844775676727295,4.230804708660507,12.76415986225388
"2025-03-28 09:07:32.0000",11.57,72.13,3.4399845600128174,5.0761193416694645,14.469583575042979
"2025-03-28 10:07:26.0000",13.97,62.69,2.484527349472046,4.652367909092088,13.386554182352667
"2025-03-28 10:37:20.0000",13.75,58.27,3.4253766536712646,5.756730362195325,18.439994489441233
"2025-03-28 11:07:14.0000",14.37,56.4,2.550391435623169,4.890258401108543,15.042604997309159
"2025-03-28 11:37:09.0000",14.72,54.2,3.385852813720703,5.8362777661426515,16.610359211107962
"2025-03-28 12:07:06.0000",15.09,53,3.2403597831726074,5.80120366765491,16.2570245161619
"2025-03-28 13:06:56.0000",15.23,51.4,3.9670047760009766,6.511296408466135,17.741115131039606
"2025-03-28 15:06:32.0000",13.19,54.56,2.3292887210845947,4.8786607850514905,14.373102984857175
"2025-03-28 15:36:28.0000",12.91,54.03,1.7843447923660278,4.383424128606173,12.774544232823322
"2025-03-28 16:06:23.0000",11.61,57.36,2.0007941722869873,4.225936415420034,12.596125956565135
"2025-03-28 16:36:13.0000",10.25,63,1.11239492893219,3.2208373857240686,12.025583218388398
"2025-03-28 17:06:09.0000",9.7,62.93,1.0263234376907349,3.3661870742916395,10.357974097470157
"2025-03-28 17:36:02.0000",8.82,65.55,0.9990454912185669,2.977648154212975,10.134216344473215
"2025-03-28 18:35:46.0000",6.42,70.82,1.8620871305465698,3.242991640536287,12.020260048321177
"2025-03-28 19:05:40.0000",6.21,72.98,2.240778684616089,3.6437131304795356,11.925607107666838
"2025-03-28 20:35:25.0000",6.32,77.07,2.5577242374420166,3.4469911061644014,11.224991003117708
"2025-03-28 21:05:19.0000",6.28,78.95,3.178457736968994,4.102324018251978,12.063306943296299
"2025-03-28 21:35:14.0000",6.52,80.05,2.6790082454681396,3.844870305153139,10.979325090627595
"2025-03-28 22:05:09.0000",6.42,80.01,3.5010197162628174,4.809610846440468,14.050532419256479
"2025-03-28 22:35:03.0000",6.05,81.74,2.9225223064422607,3.51929800188611,11.385454777623385
"2025-03-28 23:34:53.0000",5.74,83.2,4.013646602630615,4.669424732878703,15.911449616180771
"2025-03-29 00:04:48.0000",5.69,83.72,3.7296838760375977,4.6376424331376445,16.129439391438595
"2025-03-29 00:34:43.0000",5.84,83.97,3.6676065921783447,4.465121633137457,11.019921780235855
"2025-03-29 01:04:38.0000",5.75,84.08,4.063930034637451,4.989570949024001,15.800149143238084
"2025-03-29 01:34:32.0000",5.6,84.21,4.168277263641357,5.380860840224843,16.287009608938003
"2025-03-29 02:34:22.0000",5.28,84.97,4.547316074371338,5.068172028493262,15.262526868339197
"2025-03-29 03:04:16.0000",5.2,85.31,4.729593276977539,5.590023929716674,18.62415427361176
"2025-03-29 03:34:11.0000",5.03,86.01,4.792658805847168,5.494483555928496,15.539130303326003
"2025-03-29 04:04:05.0000",4.9,86.84,4.520362854003906,5.275099268448518,18.848747029123498
"2025-03-29 04:34:00.0000",4.73,87.16,4.181107997894287,5.033233014941237,12.337505901779078
"2025-03-29 05:03:55.0000",4.42,87.73,3.9829928874969482,4.774960544236785,15.368191855769062
"2025-03-29 05:33:52.0000",4.54,87.76,4.081899642944336,4.615323787546379,14.795340189581152
"2025-03-29 06:03:48.0000",4.78,87.28,3.637753486633301,4.356521246504878,14.267713303443353
"2025-03-29 06:33:44.0000",5.43,86.73,3.3324432373046875,4.436075778071411,14.112184572787065
"2025-03-29 07:03:39.0000",5.87,85.89,3.22637677192688,4.491971616537347,12.542918003857379
"2025-03-29 08:03:29.0000",6.64,84.74,3.260897397994995,4.489417660316677,12.019355729777738
"2025-03-29 08:33:25.0000",7.69,84.19,3.344926118850708,4.866451533225054,12.91583949742741
"2025-03-29 09:03:23.0000",9.3,82.15,3.226032018661499,4.720638572503541,14.660254018294372
"2025-03-29 09:33:21.0000",10.93,78.98,3.398139476776123,4.865124378011319,12.295843963139273
"2025-03-29 10:03:16.0000",11.49,77.09,2.7886431217193604,4.618934587774007,14.33768802203145
"2025-03-29 10:33:11.0000",10.73,74.24,3.061945915222168,5.002769908733847,14.592459465901525
"2025-03-29 11:03:06.0000",10.64,73.73,3.3260884284973145,5.4298783810128795,15.865831604264429
"2025-03-29 11:33:03.0000",11.27,70.71,2.6201202869415283,4.5294781079997914,13.797672747336437
"2025-03-29 12:02:57.0000",11.5,68.28,2.49338960647583,4.43638448627333,13.680472227859164
"2025-03-29 12:32:54.0000",13.05,66.83,2.6148133277893066,4.751933765381723,14.601211644745558
"2025-03-29 13:02:52.0000",13.6,64.8,2.5755677223205566,4.933878380219728,14.450778431610074
"2025-03-29 14:02:37.0000",10.72,64.48,2.4765830039978027,4.512262393393151,14.450373621408056
"2025-03-29 14:32:28.0000",10.57,66.71,3.1231517791748047,5.1827563149163645,14.817463486424796
"2025-03-29 15:02:23.0000",9.97,66.91,2.40260910987854,4.217555539185667,10.536101175460443
"2025-03-29 15:32:16.0000",9.6,68.86,2.730396032333374,4.515446313618403,11.733996131710338
"2025-03-29 16:32:04.0000",9.25,72.25,1.414939522743225,2.883276032283085,9.401495381548067
"2025-03-29 17:01:59.0000",9.42,74.35,0.9903594255447388,2.3863732222812724,7.8253542940500775
"2025-03-29 17:31:56.0000",10.02,76.35,0.4115343689918518,1.8059021973129947,6.6337473899348565
"2025-03-29 18:01:52.0000",10.53,79.53,0.18341009318828583,1.4817024710047675,6.119120622619756
"2025-03-29 18:31:48.0000",10.7,80.47,0.25035786628723145,1.5397835256079795,6.2135347906950456
"2025-03-29 19:01:42.0000",10.78,81.27,0.25708818435668945,1.513763364035925,6.123339714269226
"2025-03-29 19:31:37.0000",10.8,80.55,0.2622723877429962,1.5686679813350297,6.609734071449418
"2025-03-29 20:01:32.0000",10.92,81.03,0.24816662073135376,1.3670126383868668,5.958051985583695
"2025-03-29 20:31:27.0000",10.99,81.34,0.6946285963058472,1.6468106656750443,8.57072803369323
"2025-03-29 21:01:21.0000",10.63,85.42,1.4954068660736084,2.183132292261204,7.160407821206416
"2025-03-29 22:01:09.0000",9.67,92.77,2.866696357727051,3.4205592283812103,12.928649038468478
"2025-03-29 22:31:04.0000",9.46,94.61,4.145087242126465,4.630272632839004,13.09283587439717
"2025-03-29 23:00:59.0000",8.93,95.48,3.5487170219421387,4.1493541968022996,13.891511949757831
"2025-03-29 23:30:54.0000",8.74,95.09,4.302596092224121,5.075706133638032,16.9854920897509
"2025-03-30 00:00:48.0000",8.58,95.17,4.419118881225586,5.194408277462435,16.813322539489267
"2025-03-30 00:30:43.0000",8.42,94.6,7.496303081512451,7.900433650567427,24.099329697777343
"2025-03-30 01:00:37.0000",8.25,93.59,8.09450912475586,9.108599881557588,25.57697541792637
"2025-03-30 01:30:31.0000",8.03,93.13,9.00648021697998,9.678449652982792,26.868547056497274
"2025-03-30 02:00:25.0000",7.68,93.73,10.872190475463867,11.586792247941752,32.07701576304006
"2025-03-30 03:00:15.0000",7.64,93.6,11.143821716308594,11.544353944647007,33.44733658432726
"2025-03-30 03:30:10.0000",7.44,93.76,13.550497055053711,14.590912323257232,34.16820543725509
"2025-03-30 04:00:06.0000",7.99,93.29,7.263583183288574,8.545519887858498,23.747990633286307
"2025-03-30 04:30:01.0000",7.62,92.77,12.137405395507812,12.522211058897328,33.32635735292857
"2025-03-30 04:59:54.0000",7.46,92.65,12.93010139465332,13.444714821756845,34.72592933623069
"2025-03-30 05:29:50.0000",7.29,93.02,11.708049774169922,13.040585231507592,34.873474909947404
"2025-03-30 05:59:45.0000",7.39,93.33,11.078943252563477,11.568182938439573,30.04846504332124
"2025-03-30 06:59:37.0000",8.54,91.46,9.589997291564941,10.702598967562743,31.311333973380915
"2025-03-30 07:29:36.0000",10.2,84.81,9.511512756347656,10.668287537851223,29.4807961455068
"2025-03-30 07:59:32.0000",10.84,81.96,9.669112205505371,10.872633436542372,29.438797808777323
"2025-03-30 08:59:25.0000",12.7,73.02,4.509566307067871,5.920428117730333,16.952533639506857
"2025-03-30 09:29:23.0000",13.82,71.27,5.270282745361328,6.639573550738966,18.61491259710985
"2025-03-30 09:59:20.0000",15.06,64.39,5.77366828918457,7.600743448427304,19.868491387978114
"2025-03-30 10:29:18.0000",16.17,61.22,5.458245277404785,7.331279364018715,21.18763963703236
"2025-03-30 10:59:14.0000",16.96,59.82,6.621658802032471,8.835484433706181,22.848303594966044
"2025-03-30 11:29:07.0000",16.6,57.43,5.228221893310547,7.289698882354138,19.755764368568027
"2025-03-30 11:59:04.0000",17.69,58.24,5.5255537033081055,7.940006219885951,25.32635470991509
"2025-03-30 12:28:59.0000",17.18,57.43,5.7505950927734375,8.020927773843685,20.670814120924373
"2025-03-30 12:58:51.0000",15.68,58.68,5.72070837020874,8.078448565029063,23.162776911117195
"2025-03-30 13:28:44.0000",16.25,59.39,5.519321441650391,7.57166814166515,20.123609963908116
"2025-03-30 13:58:40.0000",17.08,58.57,5.090043067932129,7.471622487495745,21.52345964434605
"2025-03-30 14:28:32.0000",16.23,57.14,4.747219562530518,7.09422683348769,20.674692158293418
"2025-03-30 14:58:27.0000",15.95,57.7,4.607085227966309,7.012593395429415,19.615982875257938
"2025-03-30 15:28:23.0000",15.16,57.77,4.893104076385498,7.23817010307622,18.575197046412804
"2025-03-30 16:28:09.0000",13.37,62.31,4.84145975112915,6.735812281436395,19.42677548040025
"2025-03-30 16:58:01.0000",12.4,64.64,5.376364231109619,7.278796868187585,21.79018640896177
"2025-03-30 17:27:57.0000",12.03,64.93,4.91198205947876,6.980359406619331,18.469848504193127
"2025-03-30 17:57:49.0000",10.37,66.67,5.220399856567383,6.983578363108089,21.39498556006525
"2025-03-30 18:27:40.0000",9.18,69.18,5.1732587814331055,6.618813314032414,19.949016926224886
"2025-03-30 18:57:33.0000",8.16,70.38,5.617513179779053,7.1272969758117295,20.674213927830213
"2025-03-30 19:27:26.0000",7.53,71.22,4.778243064880371,6.3031353890703095,22.07717131948569
"2025-03-30 20:27:14.0000",7.29,73.85,4.72487211227417,5.876034902902486,16.442468869063752
"2025-03-30 21:27:01.0000",6.44,75,4.950594902038574,6.737683208345706,23.340959686392953
"2025-03-30 21:56:56.0000",6.15,75.04,4.632232666015625,6.344948720863506,15.654689299914716
"2025-03-30 22:26:50.0000",6.03,75.64,5.1492767333984375,6.3088832386445235,16.782450241418086
"2025-03-30 22:56:44.0000",5.88,75.74,4.590846061706543,5.813943868729536,20.499042964944824
"2025-03-30 23:56:32.0000",5.3,77,4.340497970581055,5.4874623593435325,17.150624140246943
"2025-03-31 00:26:27.0000",5.37,78.02,4.916085720062256,6.104137859538679,18.467922756881926
"2025-03-31 01:26:17.0000",4.8,78.55,4.508090496063232,5.6429766841891285,18.636994376945523
"2025-03-31 01:56:11.0000",4.71,78.88,5.120980739593506,5.960345442020656,22.124519621229737
"2025-03-31 02:26:07.0000",5.37,79.11,4.73512077331543,5.701066197508603,21.823624549101606
"2025-03-31 03:26:00.0000",6.44,78.81,4.8230414390563965,6.0761746539143475,17.494145951466177
"2025-03-31 03:55:56.0000",6.51,79.02,5.05485725402832,6.520563937301844,19.66133974981649
"2025-03-31 04:25:52.0000",6.54,79.33,6.2296223640441895,7.483837708258005,19.19227687783644
"2025-03-31 04:55:47.0000",6.77,79.62,5.625219821929932,6.618707713579557,18.82655065273618
"2025-03-31 05:25:43.0000",6.95,79.75,4.965873718261719,6.3222017093515355,17.335103312265872
"2025-03-31 05:55:38.0000",7.04,79.75,5.133049011230469,6.294690735452595,15.50318971717713
"2025-03-31 06:25:32.0000",7.1,79.95,4.445903301239014,5.6401545946499185,13.444102049085677
"2025-03-31 07:25:23.0000",7.9,79.98,4.45767879486084,6.039372347983104,17.54789183283019
"2025-03-31 08:25:16.0000",9.42,79.44,4.06813383102417,5.258518428295182,14.906324411519025
"2025-03-31 08:55:14.0000",10.34,78.94,4.125060081481934,5.5873461319649405,16.66253497377551
"2025-03-31 09:25:12.0000",11.41,77.92,3.811927556991577,5.261661966879294,15.82166770425211
"2025-03-31 09:55:09.0000",12.46,76.94,4.254707336425781,5.8543103093588345,16.322398005946297
"2025-03-31 10:25:06.0000",13.61,74.61,4.2456889152526855,6.178297002050808,16.54117840573062
"2025-03-31 10:55:02.0000",14.47,73.29,4.375387191772461,5.960548459905745,15.708358700712148
"2025-03-31 11:24:58.0000",15.33,71.65,4.301805019378662,6.231963536006219,17.23736506914927
"2025-03-31 11:54:54.0000",16.05,71.07,4.057531356811523,6.07690078533422,15.449406879381213
"2025-03-31 12:24:49.0000",16.25,69.79,4.358117580413818,6.212795049838501,16.221129865472452
"2025-03-31 12:54:47.0000",17.84,67.36,4.535077095031738,6.591058494625404,16.101433979813624
"2025-03-31 13:24:44.0000",19.42,65.85,4.7018914222717285,7.043404565834189,20.38946327805584
"2025-03-31 13:54:41.0000",20.63,64.36,4.493676662445068,6.687179967619559,16.796868915517237
"2025-03-31 14:24:36.0000",20.57,63.99,4.497341632843018,6.994463207584981,18.676995389519217
"2025-03-31 15:24:26.0000",20.32,58.44,4.3178486824035645,6.9200877964659835,20.485966975262304
"2025-03-31 15:54:20.0000",20,57.88,4.354023456573486,6.821562713261272,19.35052201378763
"2025-03-31 16:24:12.0000",18.76,57.09,4.224407196044922,6.887805456886996,21.563533607835055
"2025-03-31 16:54:04.0000",16.93,56.66,4.040571689605713,6.701018443225342,19.792392986880486
"2025-03-31 17:23:59.0000",16.3,56.39,4.010218143463135,6.589203631355365,16.907891439252406
"2025-03-31 17:53:53.0000",15.92,56.66,3.516901969909668,6.034094880037287,15.870585105133529
"2025-03-31 18:23:47.0000",15.1,57.11,3.297212600708008,5.991963933560101,16.96531889730591
"2025-03-31 19:23:35.0000",13.54,58.47,4.4391303062438965,6.976487753055414,20.916762017354817
"2025-03-31 19:53:28.0000",12.92,59.1,5.3843536376953125,7.733739798374268,19.847467020890054
"2025-03-31 20:23:22.0000",12.42,59.75,5.9784417152404785,8.212815760632372,21.779053709177525
"2025-03-31 20:53:17.0000",11.95,60.56,4.78139066696167,6.7956684893790325,17.032363823054276
"2025-03-31 21:53:05.0000",11.45,61.99,4.131998538970947,6.287230640278848,15.767717002049265
"2025-03-31 23:22:48.0000",10.67,62.78,3.716397285461426,5.740865412089614,17.093421637701336
"2025-03-31 23:52:41.0000",9.99,63.37,3.023630380630493,5.343287345265589,15.68922720989407

