"Date & Time",Temperature,Humidity,PM1.0,PM2.5,PM10
"2025-01-01 00:15:00.0000",5.96,100,5.737456798553467,14.271025657653809,30.985538482666016
"2025-01-01 00:30:00.0000",5.75,100,2.6133999824523926,12.29152774810791,46.99495315551758
"2025-01-01 00:45:00.0000",5.62,100,1.6542764902114868,13.279650688171387,56.133358001708984
"2025-01-01 01:00:00.0000",5.6,100,1.6560423374176025,10.543499946594238,41.368621826171875
"2025-01-01 01:15:00.0000",5.62,100,1.5126631259918213,10.890658378601074,33.16741180419922
"2025-01-01 01:30:00.0000",5.65,100,1.2545255422592163,7.861729145050049,24.649904251098633
"2025-01-01 01:45:00.0000",5.73,100,1.2680511474609375,8.450133323669434,25.595012664794922
"2025-01-01 02:00:00.0000",6.35,100,1.3528478145599365,7.828265190124512,18.230148315429688
"2025-01-01 02:15:00.0000",8.08,100,1.25931978225708,5.861937522888184,12.3915433883667
"2025-01-01 02:30:00.0000",8.54,100,0.7873364686965942,3.3176534175872803,7.407464981079102
"2025-01-01 02:45:00.0000",6.74,100,1.2446413040161133,6.339337348937988,13.96667766571045
"2025-01-01 03:00:00.0000",6.09,100,1.8651083707809448,12.791070938110352,46.99032211303711
"2025-01-01 03:15:00.0000",5.04,100,1.3206952810287476,8.325566291809082,25.016307830810547
"2025-01-01 03:30:00.0000",4.63,100,1.2264028787612915,8.245965957641602,17.79701042175293
"2025-01-01 03:45:00.0000",4.53,100,1.2841835021972656,10.072440147399902,33.26802062988281
"2025-01-01 04:00:00.0000",4.39,100,1.3755371570587158,9.438408851623535,37.390472412109375
"2025-01-01 04:15:00.0000",4.19,100,2.045318841934204,10.086637496948242,26.212543487548828
"2025-01-01 04:30:00.0000",3.93,100,0.9494985938072205,7.77579927444458,23.936513900756836
"2025-01-01 04:45:00.0000",3.88,100,0.9186164736747742,7.6564860343933105,30.998069763183594
"2025-01-01 05:00:00.0000",3.78,100,1.202529788017273,10.242941856384277,30.98415756225586
"2025-01-01 05:15:00.0000",3.64,100,1.2393791675567627,9.591567039489746,33.89344024658203
"2025-01-01 05:30:00.0000",3.65,100,1.3157671689987183,10.863753318786621,42.69872283935547
"2025-01-01 05:45:00.0000",3.53,100,1.2470341920852661,10.593711853027344,34.31336212158203
"2025-01-01 06:00:00.0000",3.33,100,0.9042662978172302,7.489009380340576,38.32183837890625
"2025-01-01 06:15:00.0000",2.99,100,0.5829447507858276,4.932852745056152,16.664552688598633
"2025-01-01 06:30:00.0000",2.87,100,0.44103097915649414,3.5117790699005127,10.92849063873291
"2025-01-01 06:45:00.0000",2.82,100,0.3934168815612793,2.7907280921936035,9.348654747009277
"2025-01-01 07:00:00.0000",2.85,100,0.3119889199733734,2.299506187438965,13.309549331665039
"2025-01-01 07:15:00.0000",2.98,100,0.34374552965164185,1.7813936471939087,7.891800403594971
"2025-01-01 07:30:00.0000",3.18,100,0.23887209594249725,0.9289331436157227,3.5515494346618652
"2025-01-01 07:45:00.0000",3.53,100,0.3651222288608551,2.322706460952759,8.481715202331543
"2025-01-01 08:00:00.0000",3.62,100,0.5311372876167297,2.767972469329834,10.553628921508789
"2025-01-01 08:15:00.0000",3.84,100,0.822499692440033,3.8134047985076904,10.196614265441895
"2025-01-01 08:30:00.0000",4.01,100,1.1061317920684814,5.5656418800354,11.294458389282227
"2025-01-01 08:45:00.0000",4.14,99.52,1.0890611410140991,5.744001865386963,14.222877502441406
"2025-01-01 09:00:00.0000",4.31,98.57,1.1750082969665527,5.596697807312012,16.67424201965332
"2025-01-01 09:15:00.0000",4.37,98.78,1.2369349002838135,5.845616817474365,18.269750595092773
"2025-01-01 09:30:00.0000",4.43,99.94,1.326586127281189,7.431487083435059,23.665754318237305
"2025-01-01 09:45:00.0000",4.34,100,1.6014398336410522,8.116805076599121,21.173166275024414
"2025-01-01 10:00:00.0000",4.3,100,1.8238307237625122,8.76917839050293,18.14299964904785
"2025-01-01 10:15:00.0000",4.32,100,1.7941190004348755,7.61146879196167,14.929425239562988
"2025-01-01 10:30:00.0000",4.24,100,1.5445951223373413,7.713118076324463,14.618041038513184
"2025-01-01 10:45:00.0000",4.01,100,1.8172470331192017,10.063706398010254,25.94896697998047
"2025-01-01 11:00:00.0000",3.88,100,2.4845261573791504,13.174503326416016,26.12234115600586
"2025-01-01 11:15:00.0000",3.95,100,2.3092172145843506,12.950074195861816,31.306028366088867
"2025-01-01 11:30:00.0000",4.17,100,2.688793420791626,14.787896156311035,34.633419036865234
"2025-01-01 11:45:00.0000",4.35,100,2.591625452041626,14.99835205078125,41.66581726074219
"2025-01-01 12:00:00.0000",4.45,100,2.036830425262451,9.461383819580078,21.06614112854004
"2025-01-01 12:15:00.0000",4.6,100,1.9948495626449585,12.1813383102417,32.530059814453125
"2025-01-01 12:30:00.0000",4.5,100,1.0952163934707642,5.87489652633667,16.819271087646484
"2025-01-01 12:45:00.0000",4.46,100,1.355929970741272,7.24509859085083,19.082731246948242
"2025-01-01 13:00:00.0000",4.61,100,2.1821491718292236,11.640594482421875,23.296005249023438
"2025-01-01 13:15:00.0000",5.04,100,1.6933224201202393,8.671814918518066,23.929643630981445
"2025-01-01 13:30:00.0000",4.4,100,1.1220804452896118,6.599537372589111,17.322702407836914
"2025-01-01 13:45:00.0000",4.37,100,0.9123212695121765,4.824789524078369,14.541385650634766
"2025-01-01 14:00:00.0000",4.35,100,1.065312385559082,6.4840312004089355,15.372437477111816
"2025-01-01 14:15:00.0000",3.86,100,0.9390016198158264,4.799795627593994,13.482584953308105
"2025-01-01 14:30:00.0000",4.23,100,1.735496997833252,11.171114921569824,33.94087600708008
"2025-01-01 14:45:00.0000",4.61,100,1.901690125465393,10.383597373962402,29.633663177490234
"2025-01-01 15:00:00.0000",4.77,100,1.7958945035934448,9.828782081604004,30.702516555786133
"2025-01-01 15:15:00.0000",4.38,98.42,0.9597176909446716,5.552577018737793,15.261239051818848
"2025-01-01 15:30:00.0000",3.69,100,1.209441900253296,7.028678894042969,32.227577209472656
"2025-01-01 15:45:00.0000",3.44,100,0.7526455521583557,3.636972427368164,8.550880432128906
"2025-01-01 16:00:00.0000",3.59,100,1.5279080867767334,8.723075866699219,32.73088455200195
"2025-01-01 16:15:00.0000",3.78,100,1.554545283317566,9.06374454498291,24.760988235473633
"2025-01-01 16:30:00.0000",3.96,100,1.9722857475280762,11.487343788146973,37.47987747192383
"2025-01-01 16:45:00.0000",4.21,99.76,1.5926826000213623,8.16048526763916,28.647937774658203
"2025-01-01 17:00:00.0000",4.22,97.33,1.3201428651809692,6.741783618927002,27.365650177001953
"2025-01-01 17:15:00.0000",4.34,97.14,1.531911849975586,8.015985488891602,24.784767150878906
"2025-01-01 17:30:00.0000",4.17,97.77,0.9361364245414734,4.053116798400879,9.704549789428711
"2025-01-01 17:45:00.0000",3.82,98.66,1.0517109632492065,5.676540851593018,20.480249404907227
"2025-01-01 18:00:00.0000",3.68,100,1.212123990058899,6.37271785736084,23.75847053527832
"2025-01-01 18:15:00.0000",3.56,99.87,1.0254440307617188,4.523416042327881,14.892779350280762
"2025-01-01 18:30:00.0000",2.95,100,0.8248505592346191,2.3172972202301025,6.905827045440674
"2025-01-01 18:45:00.0000",2.15,100,1.5698657035827637,3.4487645626068115,8.798440933227539
"2025-01-01 19:00:00.0000",2.04,100,1.2682836055755615,2.7652602195739746,9.171122550964355
"2025-01-01 19:15:00.0000",1.94,100,1.0476045608520508,1.9630320072174072,7.154517650604248
"2025-01-01 19:30:00.0000",1.93,100,1.1798338890075684,2.194939613342285,4.623878002166748
"2025-01-01 19:45:00.0000",1.72,100,1.0563393831253052,2.0221757888793945,7.762083053588867
"2025-01-01 20:00:00.0000",1.6,100,1.1426801681518555,2.0717809200286865,4.521213054656982
"2025-01-01 20:15:00.0000",1.52,100,2.1202497482299805,3.5897417068481445,6.382087230682373
"2025-01-01 20:30:00.0000",1.51,100,0.9221510887145996,1.6574761867523193,4.086296558380127
"2025-01-01 20:45:00.0000",1.27,100,0.6658186316490173,1.3560529947280884,3.7213134765625
"2025-01-01 21:00:00.0000",0.97,100,1.6562705039978027,3.9273083209991455,9.544784545898438
"2025-01-01 21:15:00.0000",1.04,100,1.2911409139633179,2.54890513420105,5.802779197692871
"2025-01-01 21:30:00.0000",1.07,100,1.222296118736267,3.1417033672332764,7.7091264724731445
"2025-01-01 21:45:00.0000",0.98,100,0.9395464062690735,2.673011302947998,7.166022300720215
"2025-01-01 22:00:00.0000",0.7,100,0.957477331161499,3.653529644012451,16.952966690063477
"2025-01-01 22:15:00.0000",0.45,100,0.917564868927002,4.2835469245910645,11.381854057312012
"2025-01-01 22:30:00.0000",0.31,100,1.1558490991592407,3.955583333969116,7.754820346832275
"2025-01-01 22:45:00.0000",0.07,100,1.3463943004608154,4.908499240875244,12.822708129882812
"2025-01-01 23:00:00.0000",0,100,1.4430242776870728,5.1535186767578125,13.86342716217041
"2025-01-01 23:15:00.0000",0,100,1.4105384349822998,4.7383012771606445,11.230612754821777
"2025-01-01 23:30:00.0000",0,100,1.1587440967559814,4.542242527008057,9.142203330993652
"2025-01-01 23:45:00.0000",0,100,1.2995274066925049,5.025005340576172,14.180002212524414
"2025-01-02 00:00:00.0000",0,100,1.2903573513031006,5.372233867645264,19.604366302490234
"2025-01-02 00:15:00.0000",0,100,1.3200838565826416,5.021815299987793,12.006608009338379
"2025-01-02 00:30:00.0000",0,100,1.3108055591583252,5.953883647918701,14.33828353881836
"2025-01-02 00:45:00.0000",0,100,1.0825366973876953,4.4019575119018555,9.658380508422852
"2025-01-02 01:00:00.0000",0,100,1.119515299797058,4.657031059265137,12.533032417297363
"2025-01-02 01:15:00.0000",0,100,1.2055398225784302,5.3798370361328125,19.53733253479004
"2025-01-02 01:30:00.0000",0,100,1.4149411916732788,5.116037368774414,16.51360321044922
"2025-01-02 01:45:00.0000",0,100,1.3386601209640503,4.927952289581299,16.373287200927734
"2025-01-02 02:00:00.0000",0,100,1.3073368072509766,5.239170074462891,16.053037643432617
"2025-01-02 02:15:00.0000",0,100,1.3728134632110596,4.790177345275879,10.478023529052734
"2025-01-02 02:30:00.0000",0,100,1.1257623434066772,4.335371971130371,9.206889152526855
"2025-01-02 02:45:00.0000",0,100,1.1323333978652954,4.540563106536865,12.287565231323242
"2025-01-02 03:00:00.0000",0,100,1.0780096054077148,4.508172988891602,11.427544593811035
"2025-01-02 03:15:00.0000",0,100,1.0576796531677246,4.8349785804748535,11.505542755126953
"2025-01-02 03:30:00.0000",0,100,1.1587480306625366,4.606112480163574,15.970982551574707
"2025-01-02 03:45:00.0000",0,100,1.087297797203064,3.776641845703125,8.932699203491211
"2025-01-02 04:00:00.0000",0,100,1.0335423946380615,4.4801344871521,18.754323959350586
"2025-01-02 04:15:00.0000",0,100,0.984337568283081,4.461422920227051,13.847005844116211
"2025-01-02 04:30:00.0000",0,100,0.9812578558921814,3.960029125213623,9.103315353393555
"2025-01-02 04:45:00.0000",0,100,1.129770040512085,5.102175712585449,13.18612003326416
"2025-01-02 05:00:00.0000",0,100,0.9678952693939209,3.2866506576538086,14.752582550048828
"2025-01-02 05:15:00.0000",0,100,1.0401726961135864,3.9387123584747314,10.22185230255127
"2025-01-02 05:30:00.0000",0,100,0.9809403419494629,4.427945613861084,18.850643157958984
"2025-01-02 05:45:00.0000",0,100,1.1496784687042236,4.499027729034424,12.116382598876953
"2025-01-02 06:00:00.0000",0,100,1.0027731657028198,3.744312047958374,8.11871337890625
"2025-01-02 06:15:00.0000",0,100,0.994723916053772,3.9191153049468994,11.569096565246582
"2025-01-02 06:30:00.0000",0,100,0.9352350831031799,3.8743200302124023,12.368651390075684
"2025-01-02 06:45:00.0000",0,100,1.109687328338623,3.9559714794158936,18.673839569091797
"2025-01-02 07:00:00.0000",0,100,1.1145225763320923,4.192494869232178,14.993719100952148
"2025-01-02 07:15:00.0000",0,100,1.0240492820739746,3.810290813446045,8.650044441223145
"2025-01-02 07:30:00.0000",0,100,0.9485889673233032,3.2728140354156494,10.644523620605469
"2025-01-02 07:45:00.0000",0,100,1.0302420854568481,3.8198931217193604,9.001851081848145
"2025-01-02 08:00:00.0000",0,100,1.0907832384109497,3.9469974040985107,20.58810043334961
"2025-01-02 08:15:00.0000",0,98.89,0.9386041760444641,3.879319667816162,9.87562084197998
"2025-01-02 08:30:00.0000",0,97.44,0.9810221791267395,3.3364531993865967,8.2943115234375
"2025-01-02 08:45:00.0000",0,96.25,1.0036258697509766,3.7618918418884277,15.140410423278809
"2025-01-02 09:00:00.0000",0,95.23,1.1243743896484375,3.952486753463745,9.65626335144043
"2025-01-02 09:15:00.0000",0,95.24,1.011401891708374,4.032687187194824,14.529169082641602
"2025-01-02 09:30:00.0000",0,95.27,1.2739231586456299,4.4230265617370605,8.949373245239258
"2025-01-02 09:45:00.0000",0,92.08,1.5734329223632812,4.526498317718506,9.924668312072754
"2025-01-02 10:00:00.0000",0,88.11,1.1630172729492188,4.772507190704346,13.05391788482666
"2025-01-02 10:15:00.0000",1.84,77.12,1.2546826601028442,3.8540520668029785,11.650688171386719
"2025-01-02 10:30:00.0000",3.23,71.31,1.2242666482925415,3.8259799480438232,19.4876766204834
"2025-01-02 10:45:00.0000",4.29,67.32,1.438622236251831,4.258053302764893,9.48634147644043
"2025-01-02 11:00:00.0000",5.89,60.04,1.7267557382583618,5.1454620361328125,21.699838638305664
"2025-01-02 11:15:00.0000",5.92,59.01,1.5914961099624634,4.20607852935791,13.24449348449707
"2025-01-02 11:30:00.0000",7.43,56.65,1.463083028793335,4.497037410736084,11.057077407836914
"2025-01-02 11:45:00.0000",7.21,57.14,1.8670306205749512,5.665721416473389,23.764490127563477
"2025-01-02 12:00:00.0000",9.15,55.19,1.6821149587631226,4.7021989822387695,42.557491302490234
"2025-01-02 12:15:00.0000",8.89,53.1,1.7472137212753296,5.858591079711914,56.36985397338867
"2025-01-02 12:30:00.0000",8,52.56,1.2038315534591675,3.3841898441314697,11.62016773223877
"2025-01-02 12:45:00.0000",9.22,51.37,1.6188877820968628,6.507711410522461,40.532527923583984
"2025-01-02 13:00:00.0000",9.26,50.39,1.0575395822525024,3.5965473651885986,20.069456100463867
"2025-01-02 13:15:00.0000",8.53,50.7,1.5597665309906006,9.349821090698242,89.18241119384766
"2025-01-02 13:30:00.0000",8.25,51.94,1.4358960390090942,7.261878967285156,56.089298248291016
"2025-01-02 13:45:00.0000",5.46,57.07,0.8680749535560608,2.6005117893218994,5.6021552085876465
"2025-01-02 14:00:00.0000",6.33,58.65,0.8339508771896362,3.492112398147583,14.263467788696289
"2025-01-02 14:15:00.0000",5.97,59.38,0.8499184250831604,3.271148443222046,8.772965431213379
"2025-01-02 14:30:00.0000",4.99,64.53,0.8616592288017273,2.8487188816070557,7.099295139312744
"2025-01-02 14:45:00.0000",5.36,60.74,0.5350819230079651,2.7922418117523193,10.851876258850098
"2025-01-02 15:00:00.0000",4.02,63.83,0.534148633480072,2.7280445098876953,14.931966781616211
"2025-01-02 15:15:00.0000",3.21,70.09,0.6673761606216431,3.3410117626190186,24.748443603515625
"2025-01-02 15:30:00.0000",2.39,74.25,0.9533910155296326,3.295912265777588,12.49929141998291
"2025-01-02 15:45:00.0000",2.01,75.75,0.8807972073554993,3.8332080841064453,18.436710357666016
"2025-01-02 16:00:00.0000",1.74,77.99,1.2161282300949097,4.176578521728516,14.906983375549316
"2025-01-02 16:15:00.0000",1.6,77.04,1.005883812904358,3.8400492668151855,21.442481994628906
"2025-01-02 16:30:00.0000",1.33,78.31,1.8758869171142578,5.691336154937744,16.572526931762695
"2025-01-02 16:45:00.0000",0.88,80.6,2.089952230453491,4.916017532348633,15.601221084594727
"2025-01-02 17:00:00.0000",0.53,82.69,1.6149029731750488,4.453309059143066,15.950638771057129
"2025-01-02 17:15:00.0000",0.19,84.51,1.980911135673523,5.670113563537598,19.55577278137207
"2025-01-02 17:30:00.0000",0,87.25,2.7260162830352783,7.2945876121521,35.71271896362305
"2025-01-02 17:45:00.0000",0,89.23,2.7611286640167236,5.6150898933410645,19.26599884033203
"2025-01-02 18:00:00.0000",0,90.69,2.823530912399292,6.586497783660889,20.567365646362305
"2025-01-02 18:15:00.0000",0,90.67,2.1603219509124756,5.974451541900635,12.440783500671387
"2025-01-02 18:30:00.0000",0,89.91,2.3089492321014404,6.3785719871521,25.180728912353516
"2025-01-02 18:45:00.0000",0,89.84,1.8232803344726562,4.195651054382324,13.482059478759766
"2025-01-02 19:00:00.0000",0,89.77,2.019134044647217,4.8055806159973145,12.919867515563965
"2025-01-02 19:15:00.0000",0,89.42,1.8712518215179443,5.0734782218933105,16.17763900756836
"2025-01-02 19:30:00.0000",0,89.33,3.0879852771759033,6.97700834274292,16.949399948120117
"2025-01-02 19:45:00.0000",0,89.9,2.757835865020752,5.174365997314453,8.433449745178223
"2025-01-02 20:00:00.0000",0,89.51,2.3880226612091064,5.738968849182129,18.81953239440918
"2025-01-02 20:15:00.0000",0,87.62,1.9095768928527832,4.797492027282715,20.89261245727539
"2025-01-02 20:30:00.0000",0,88.31,2.18318247795105,4.615063190460205,9.6604642868042
"2025-01-02 20:45:00.0000",0,90.68,2.8461527824401855,5.709343910217285,11.807747840881348
"2025-01-02 21:00:00.0000",0,91.81,3.2087273597717285,6.962279319763184,13.232208251953125
"2025-01-02 21:15:00.0000",0,93.12,2.885115623474121,6.0622639656066895,13.998952865600586
"2025-01-02 21:30:00.0000",0,93.15,2.1269216537475586,4.800057411193848,8.433517456054688
"2025-01-02 21:45:00.0000",0,92.27,2.254732131958008,5.946248531341553,17.778532028198242
"2025-01-02 22:00:00.0000",0,92.54,2.1097168922424316,4.727153301239014,19.848661422729492
"2025-01-02 22:15:00.0000",0,92.6,1.8942426443099976,5.844857215881348,27.140380859375
"2025-01-02 22:30:00.0000",0,92.32,1.6922626495361328,5.140068054199219,16.860240936279297
"2025-01-02 22:45:00.0000",0,92.09,0.9666498303413391,3.8001489639282227,15.638175964355469
"2025-01-02 23:00:00.0000",0,86.95,0.5776918530464172,2.544499397277832,7.387613773345947
"2025-01-02 23:15:00.0000",0.11,86.39,0.6364265084266663,2.752962827682495,11.53565502166748
"2025-01-02 23:30:00.0000",0.38,82.45,0.5625176429748535,3.0074009895324707,9.67971420288086
"2025-01-02 23:45:00.0000",0.77,78.75,0.7453164458274841,4.580081462860107,19.920812606811523
"2025-01-03 00:00:00.0000",0.76,77.55,0.7866941690444946,4.047695159912109,14.585197448730469
"2025-01-03 00:15:00.0000",0.53,77.57,0.971876859664917,4.476799488067627,14.620580673217773
"2025-01-03 00:30:00.0000",0.34,77.45,0.9037087559700012,3.7038681507110596,11.883647918701172
"2025-01-03 00:45:00.0000",0.37,75.89,0.7492368221282959,3.158393383026123,7.486018657684326
"2025-01-03 01:00:00.0000",0.4,77.97,0.6636566519737244,3.370612382888794,9.392170906066895
"2025-01-03 01:15:00.0000",0.52,77.16,0.7378504276275635,2.841383695602417,8.782269477844238
"2025-01-03 01:30:00.0000",0.72,77.75,0.5985511541366577,3.32560396194458,15.317928314208984
"2025-01-03 01:45:00.0000",0.82,79.47,0.7202986478805542,4.248156547546387,19.59709358215332
"2025-01-03 02:00:00.0000",0.81,78.13,0.5910425186157227,4.171663284301758,14.810873031616211
"2025-01-03 02:15:00.0000",0.9,79,0.6508882641792297,3.9495761394500732,19.68781089782715
"2025-01-03 02:30:00.0000",1.13,77.19,0.6910961270332336,3.9088151454925537,13.556439399719238
"2025-01-03 02:45:00.0000",1.08,80.73,0.84026038646698,3.784039258956909,16.922176361083984
"2025-01-03 03:00:00.0000",1.02,84.1,0.7321992516517639,3.992493152618408,15.805336952209473
"2025-01-03 03:15:00.0000",1.24,85.65,0.7446039915084839,3.500896453857422,8.666790008544922
"2025-01-03 03:30:00.0000",1.41,85.01,0.6480945348739624,3.778608798980713,10.849462509155273
"2025-01-03 03:45:00.0000",1.32,86,0.8991059064865112,4.861903190612793,19.412569046020508
"2025-01-03 04:00:00.0000",1.39,88.23,0.904869794845581,4.517403602600098,10.817684173583984
"2025-01-03 04:15:00.0000",1.57,87.46,1.0565351247787476,5.143854141235352,15.302030563354492
"2025-01-03 04:30:00.0000",1.79,84.35,0.9403445720672607,4.932121753692627,11.292474746704102
"2025-01-03 04:45:00.0000",2.03,83.75,0.8705394864082336,4.900060653686523,13.006078720092773
"2025-01-03 05:00:00.0000",2.14,82.55,0.765734076499939,4.347661018371582,17.530532836914062
"2025-01-03 05:15:00.0000",2.2,81.77,0.8332052826881409,3.8289408683776855,19.54153060913086
"2025-01-03 05:30:00.0000",2.25,82.68,0.7206659913063049,4.368710517883301,13.492637634277344
"2025-01-03 05:45:00.0000",2.31,84.1,0.9186795949935913,4.705875396728516,18.779630661010742
"2025-01-03 06:00:00.0000",2.37,84.98,0.9218027591705322,5.695420265197754,14.297954559326172
"2025-01-03 06:15:00.0000",2.34,84.19,0.9475750923156738,5.017792224884033,21.040952682495117
"2025-01-03 06:30:00.0000",2.44,82.58,0.7982968688011169,4.485672473907471,13.754107475280762
"2025-01-03 06:45:00.0000",2.49,82.79,0.8664273619651794,4.474059581756592,15.322016716003418
"2025-01-03 07:00:00.0000",2.49,85.62,0.8457958102226257,4.903065204620361,12.28274154663086
"2025-01-03 07:15:00.0000",2.5,87.48,1.2030442953109741,6.610199451446533,21.598665237426758
"2025-01-03 07:30:00.0000",2.56,87.52,1.1004083156585693,5.851382255554199,25.61727523803711
"2025-01-03 07:45:00.0000",2.6,86.79,1.0311306715011597,5.53754997253418,15.436863899230957
"2025-01-03 08:00:00.0000",2.57,88.21,0.8877277374267578,4.3536696434021,9.244800567626953
"2025-01-03 08:15:00.0000",2.6,89.29,0.8618736863136292,5.674394607543945,17.685897827148438
"2025-01-03 08:30:00.0000",2.63,91.63,1.2954692840576172,7.553413391113281,20.445995330810547
"2025-01-03 08:45:00.0000",2.53,93.26,1.2930009365081787,7.444626331329346,28.678377151489258
"2025-01-03 09:00:00.0000",2.59,92.17,1.3382676839828491,7.086296081542969,31.257904052734375
"2025-01-03 09:15:00.0000",2.56,94.05,1.1820975542068481,6.8527703285217285,23.355754852294922
"2025-01-03 09:30:00.0000",2.02,100,1.2884645462036133,7.759200572967529,27.415847778320312
"2025-01-03 09:45:00.0000",1.93,100,1.5859160423278809,9.597887992858887,32.40446472167969
"2025-01-03 10:00:00.0000",2.1,100,1.1571234464645386,6.799125671386719,21.243488311767578
"2025-01-03 10:15:00.0000",2.17,100,1.6250381469726562,9.781442642211914,54.24344253540039
"2025-01-03 10:30:00.0000",2.17,100,1.7259663343429565,10.489306449890137,31.740530014038086
"2025-01-03 10:45:00.0000",2.6,100,1.6867011785507202,8.623424530029297,26.810863494873047
"2025-01-03 11:00:00.0000",2.57,100,1.9377168416976929,11.571430206298828,44.933589935302734
"2025-01-03 11:15:00.0000",2.62,100,2.0721328258514404,14.419066429138184,67.16258239746094
"2025-01-03 11:30:00.0000",2.92,100,1.070359706878662,6.484574794769287,32.57417678833008
"2025-01-03 11:45:00.0000",3,100,1.636383056640625,10.161842346191406,37.31909942626953
"2025-01-03 12:00:00.0000",2.97,100,2.05662202835083,10.751208305358887,40.32085037231445
"2025-01-03 12:15:00.0000",3.08,100,1.5406506061553955,8.684565544128418,35.64251708984375
"2025-01-03 12:30:00.0000",2.58,100,1.5382188558578491,8.730313301086426,31.336593627929688
"2025-01-03 12:45:00.0000",2.34,100,1.9887852668762207,13.42508602142334,54.3841438293457
"2025-01-03 13:00:00.0000",2.5,100,1.9723771810531616,11.625237464904785,56.57984924316406
"2025-01-03 13:15:00.0000",2.46,100,1.7703874111175537,11.145672798156738,42.74283981323242
"2025-01-03 13:30:00.0000",2.63,100,1.7830748558044434,11.098772048950195,48.429412841796875
"2025-01-03 13:45:00.0000",2.57,100,1.3824020624160767,8.128345489501953,22.26243782043457
"2025-01-03 14:00:00.0000",2.57,100,1.1208763122558594,7.233387470245361,35.90011978149414
"2025-01-03 14:15:00.0000",2.71,100,1.4674874544143677,7.479413032531738,21.83130645751953
"2025-01-03 14:30:00.0000",2.89,100,1.232439398765564,6.538417339324951,33.82719802856445
"2025-01-03 14:45:00.0000",3.26,100,1.3628904819488525,6.781075954437256,25.21932601928711
"2025-01-03 15:00:00.0000",3.35,100,1.846738576889038,9.155207633972168,28.101049423217773
"2025-01-03 15:15:00.0000",3.41,100,1.1788978576660156,4.953633785247803,23.708690643310547
"2025-01-03 15:30:00.0000",3.47,100,1.263990879058838,6.018613815307617,16.41390037536621
"2025-01-03 15:45:00.0000",3.38,100,1.243862509727478,5.996553421020508,15.731619834899902
"2025-01-03 16:00:00.0000",3.17,100,1.1965489387512207,6.056163787841797,25.719453811645508
"2025-01-03 16:15:00.0000",3.19,99.94,0.9676351547241211,5.780489444732666,14.716548919677734
"2025-01-03 16:30:00.0000",3.1,99.95,1.2442870140075684,6.225678443908691,23.686683654785156
"2025-01-03 16:45:00.0000",3.06,100,0.9920296669006348,6.215994834899902,21.988290786743164
"2025-01-03 17:00:00.0000",2.88,100,1.2371881008148193,7.559523105621338,28.697526931762695
"2025-01-03 17:15:00.0000",2.81,100,1.575924038887024,6.349379539489746,21.15431785583496
"2025-01-03 17:30:00.0000",2.8,100,1.669202208518982,6.476324558258057,23.658592224121094
"2025-01-03 17:45:00.0000",2.63,100,2.2670958042144775,7.586080551147461,17.546669006347656
"2025-01-03 18:00:00.0000",2.5,100,2.5093369483947754,8.742685317993164,28.54042625427246
"2025-01-03 18:15:00.0000",2.58,100,1.7723628282546997,9.956391334533691,41.035316467285156
"2025-01-03 18:30:00.0000",2.53,100,1.6103534698486328,8.475696563720703,35.76209259033203
"2025-01-03 18:45:00.0000",2.47,100,1.7707107067108154,8.20327377319336,35.386783599853516
"2025-01-03 19:00:00.0000",2.23,100,2.4223601818084717,7.568557262420654,21.1293888092041
"2025-01-03 19:15:00.0000",1.86,100,1.106632947921753,4.925091743469238,13.247235298156738
"2025-01-03 19:30:00.0000",1.76,100,1.7585790157318115,6.005203723907471,22.661542892456055
"2025-01-03 19:45:00.0000",1.59,100,1.5840578079223633,6.657111167907715,20.563156127929688
"2025-01-03 20:00:00.0000",1.37,100,1.6395635604858398,4.643484115600586,13.016962051391602
"2025-01-03 20:15:00.0000",1.37,100,1.1650766134262085,4.4258131980896,9.791902542114258
"2025-01-03 20:30:00.0000",1.33,100,1.3431397676467896,5.113994598388672,11.533973693847656
"2025-01-03 20:45:00.0000",1.39,100,1.3961286544799805,4.980062007904053,13.822717666625977
"2025-01-03 21:00:00.0000",1.43,100,1.314204454421997,5.535747528076172,17.748783111572266
"2025-01-03 21:15:00.0000",1.42,100,1.0603104829788208,4.196948528289795,17.387073516845703
"2025-01-03 21:30:00.0000",1.45,100,0.5198134779930115,2.0023293495178223,6.545367240905762
"2025-01-03 21:45:00.0000",1.43,100,0.45082971453666687,1.591495394706726,6.788357734680176
"2025-01-03 22:00:00.0000",1.23,100,0.5717798471450806,2.596698522567749,8.620870590209961
"2025-01-03 22:15:00.0000",1.23,100,0.6348421573638916,2.552741527557373,6.680920600891113
"2025-01-03 22:30:00.0000",1.35,100,0.8596595525741577,3.958782911300659,13.269728660583496
"2025-01-03 22:45:00.0000",1.35,100,0.9200426936149597,2.6130757331848145,6.090243339538574
"2025-01-03 23:00:00.0000",1.26,100,0.9934946894645691,4.300731182098389,18.003795623779297
"2025-01-03 23:15:00.0000",1.14,100,0.901617705821991,3.213945150375366,12.100362777709961
"2025-01-03 23:30:00.0000",1.15,100,0.8828792572021484,3.5713164806365967,11.486419677734375
"2025-01-03 23:45:00.0000",1.07,100,1.0570077896118164,4.579530239105225,14.034242630004883
"2025-01-04 00:00:00.0000",1.08,100,1.0138092041015625,3.079970598220825,8.910569190979004
"2025-01-04 00:15:00.0000",0.93,100,1.2668976783752441,4.619799613952637,14.905142784118652
"2025-01-04 00:30:00.0000",0.72,100,0.9505892992019653,3.778395414352417,12.899188995361328
"2025-01-04 00:45:00.0000",0.58,100,0.8952698707580566,3.3692948818206787,16.928672790527344
"2025-01-04 01:00:00.0000",0.59,100,0.8655530214309692,3.3885297775268555,11.736701965332031
"2025-01-04 01:15:00.0000",0.64,100,1.0576175451278687,3.617279291152954,9.050516128540039
"2025-01-04 01:30:00.0000",0.62,100,0.8325958847999573,3.2787668704986572,14.90280818939209
"2025-01-04 01:45:00.0000",0.8,100,0.7547621726989746,2.070194721221924,10.382856369018555
"2025-01-04 02:00:00.0000",0.89,100,0.8676199913024902,3.377366065979004,10.411521911621094
"2025-01-04 02:15:00.0000",0.79,100,0.7289224863052368,2.276421546936035,15.530438423156738
"2025-01-04 02:30:00.0000",0.72,100,0.9729083776473999,2.599337339401245,5.52374267578125
"2025-01-04 02:45:00.0000",0.68,100,0.7262307405471802,2.227389097213745,8.148887634277344
"2025-01-04 03:00:00.0000",0.72,100,0.6309653520584106,2.2802884578704834,6.244879722595215
"2025-01-04 03:15:00.0000",0.76,100,0.5337081551551819,2.688286304473877,8.053014755249023
"2025-01-04 03:30:00.0000",0.85,100,0.50777268409729,2.409874677658081,8.960199356079102
"2025-01-04 03:45:00.0000",0.69,100,0.7660920023918152,2.7933666706085205,7.682161808013916
"2025-01-04 04:00:00.0000",0.52,100,0.6998674273490906,2.581937789916992,9.45967960357666
"2025-01-04 04:15:00.0000",0.35,100,0.817750871181488,2.9269063472747803,6.852356910705566
"2025-01-04 04:30:00.0000",0.26,100,0.6763567924499512,1.7955639362335205,6.162261486053467
"2025-01-04 04:45:00.0000",0.35,100,0.7806072235107422,1.9059394598007202,5.373884677886963
"2025-01-04 05:00:00.0000",0.5,100,0.586422860622406,2.0651674270629883,6.585372447967529
"2025-01-04 05:15:00.0000",0.52,100,0.618245542049408,2.1795401573181152,6.059852600097656
"2025-01-04 05:30:00.0000",0.49,100,0.8313159346580505,2.583526372909546,7.040188312530518
"2025-01-04 05:45:00.0000",0.42,100,0.7175189256668091,2.4213788509368896,5.935361385345459
"2025-01-04 06:00:00.0000",0.31,100,0.7045746445655823,1.9373656511306763,5.457116603851318
"2025-01-04 06:15:00.0000",0.17,100,0.8772330284118652,2.6362152099609375,5.8424530029296875
"2025-01-04 06:30:00.0000",0,100,0.9958158731460571,2.341888189315796,5.986148357391357
"2025-01-04 06:45:00.0000",0,100,0.9017105102539062,2.7700788974761963,8.967320442199707
"2025-01-04 07:00:00.0000",0.03,100,0.7681489586830139,1.8484997749328613,4.5409979820251465
"2025-01-04 07:15:00.0000",0.06,100,0.8896822333335876,2.728184461593628,6.709057807922363
"2025-01-04 07:30:00.0000",0.05,100,0.880174458026886,3.029996156692505,12.721284866333008
"2025-01-04 07:45:00.0000",0.08,100,0.7231902480125427,2.789292097091675,9.280511856079102
"2025-01-04 08:00:00.0000",0.1,100,0.8000044822692871,2.2782645225524902,5.757866859436035
"2025-01-04 08:15:00.0000",0.07,100,1.3559731245040894,3.1064093112945557,7.486313343048096
"2025-01-04 08:30:00.0000",0.09,100,1.0303030014038086,2.6661159992218018,10.974184036254883
"2025-01-04 08:45:00.0000",0.03,100,0.9681435823440552,2.347982883453369,7.022740840911865
"2025-01-04 09:00:00.0000",0,100,1.181115746498108,3.283278226852417,7.5637922286987305
"2025-01-04 09:15:00.0000",0,100,0.9697962999343872,2.3161721229553223,6.1458420753479
"2025-01-04 09:30:00.0000",0,100,1.3790549039840698,3.5192904472351074,7.594602584838867
"2025-01-04 09:45:00.0000",0,100,1.387406349182129,3.6932742595672607,13.312064170837402
"2025-01-04 10:00:00.0000",0,100,1.3426718711853027,3.4365835189819336,8.814229965209961
"2025-01-04 10:15:00.0000",0,100,1.0554436445236206,2.741569995880127,10.364493370056152
"2025-01-04 10:30:00.0000",0,100,1.0331307649612427,2.786776065826416,6.222705364227295
"2025-01-04 10:45:00.0000",0.04,100,1.157299280166626,3.5585227012634277,14.793658256530762
"2025-01-04 11:00:00.0000",0.12,100,1.0708739757537842,3.4512782096862793,8.799022674560547
"2025-01-04 11:15:00.0000",0.19,100,1.1373281478881836,3.0600266456604004,7.434101581573486
"2025-01-04 11:30:00.0000",0.33,100,0.8080139756202698,2.2055165767669678,6.113518714904785
"2025-01-04 11:45:00.0000",0.58,100,1.2019598484039307,2.9934158325195312,8.01577091217041
"2025-01-04 12:00:00.0000",0.54,100,1.297464370727539,3.301295518875122,9.539351463317871
"2025-01-04 12:15:00.0000",0.77,100,1.4013956785202026,2.8207836151123047,5.481768608093262
"2025-01-04 12:30:00.0000",0.87,100,1.180122971534729,3.7670340538024902,8.706464767456055
"2025-01-04 12:45:00.0000",0.81,100,1.296372890472412,3.1929965019226074,7.643257141113281
"2025-01-04 13:00:00.0000",0.55,100,1.363030195236206,4.110213756561279,15.403864860534668
"2025-01-04 13:15:00.0000",0.56,100,2.229449987411499,4.318310260772705,11.122060775756836
"2025-01-04 13:30:00.0000",0.56,100,5.186032772064209,8.141438484191895,16.700349807739258
"2025-01-04 13:45:00.0000",0.55,100,5.9893479347229,8.652341842651367,21.442163467407227
"2025-01-04 14:00:00.0000",0.55,100,7.195276260375977,10.448697090148926,23.276662826538086
"2025-01-04 14:15:00.0000",0.52,100,6.241791725158691,8.853900909423828,15.687260627746582
"2025-01-04 14:30:00.0000",0.51,100,6.581335544586182,9.76707935333252,22.7275390625
"2025-01-04 14:45:00.0000",0.27,100,7.969796657562256,11.026643753051758,21.70000648498535
"2025-01-04 15:00:00.0000",0.23,100,9.300222396850586,11.969149589538574,17.769668579101562
"2025-01-04 15:15:00.0000",0.18,100,7.8845696449279785,11.398951530456543,18.213159561157227
"2025-01-04 15:30:00.0000",0.09,100,6.074368953704834,9.15101432800293,15.33466911315918
"2025-01-04 15:45:00.0000",0,100,11.852203369140625,16.56627655029297,26.690473556518555
"2025-01-04 16:00:00.0000",0,100,7.405481338500977,11.937167167663574,18.821090698242188
"2025-01-04 16:15:00.0000",0,100,5.744461536407471,9.035215377807617,12.7744140625
"2025-01-04 16:30:00.0000",0,100,9.572348594665527,13.198752403259277,17.358732223510742
"2025-01-04 16:45:00.0000",0,100,15.446856498718262,20.448152542114258,29.99177360534668
"2025-01-04 17:00:00.0000",0,100,14.851210594177246,19.518024444580078,31.18897247314453
"2025-01-04 17:15:00.0000",0,100,9.656719207763672,13.385260581970215,20.21949005126953
"2025-01-04 17:30:00.0000",0,100,6.647862434387207,10.232935905456543,20.2291259765625
"2025-01-04 17:45:00.0000",0,100,3.760730743408203,6.512058258056641,12.732110977172852
"2025-01-04 18:00:00.0000",0,100,3.8506879806518555,7.061193466186523,14.645210266113281
"2025-01-04 18:15:00.0000",0,100,4.256734848022461,8.300980567932129,15.936793327331543
"2025-01-04 18:30:00.0000",0,100,4.145256042480469,7.62502908706665,12.6110200881958
"2025-01-04 18:45:00.0000",0,100,4.4589619636535645,7.550200939178467,15.87881851196289
"2025-01-04 19:00:00.0000",0,100,4.163705825805664,7.346712589263916,15.130365371704102
"2025-01-04 19:15:00.0000",0,100,5.694616794586182,9.209721565246582,16.48014259338379
"2025-01-04 19:30:00.0000",0,100,6.930679798126221,10.880013465881348,17.925832748413086
"2025-01-04 19:45:00.0000",0,100,7.129199028015137,11.378924369812012,16.492820739746094
"2025-01-04 20:00:00.0000",0,100,6.836313247680664,10.583298683166504,18.858190536499023
"2025-01-04 20:15:00.0000",0,100,6.186003684997559,10.765095710754395,24.178789138793945
"2025-01-04 20:30:00.0000",0,100,5.105053901672363,8.195783615112305,13.38095474243164
"2025-01-04 20:45:00.0000",0,100,5.09721040725708,8.245590209960938,17.08794593811035
"2025-01-04 21:00:00.0000",0,100,4.439959526062012,8.38469123840332,16.218290328979492
"2025-01-04 21:15:00.0000",0,100,3.2460310459136963,5.533978462219238,17.85580062866211
"2025-01-04 21:30:00.0000",0,100,2.5676112174987793,5.191676139831543,10.796927452087402
"2025-01-04 21:45:00.0000",0,100,2.9853482246398926,6.390899181365967,14.605870246887207
"2025-01-04 22:00:00.0000",0,100,3.0897226333618164,6.756197452545166,17.045602798461914
"2025-01-04 22:15:00.0000",0,100,3.564364194869995,7.541486740112305,19.766616821289062
"2025-01-04 22:30:00.0000",0,100,4.012895107269287,7.4571990966796875,16.748632431030273
"2025-01-04 22:45:00.0000",0,100,4.218594551086426,7.163280487060547,11.332179069519043
"2025-01-04 23:00:00.0000",0,100,4.292417049407959,7.427931308746338,12.5217924118042
"2025-01-04 23:15:00.0000",0,100,5.680881500244141,9.543535232543945,15.468210220336914
"2025-01-04 23:30:00.0000",0,100,5.047683238983154,8.98762321472168,17.197214126586914
"2025-01-04 23:45:00.0000",0,100,6.091367721557617,9.766670227050781,13.85576057434082
"2025-01-05 00:00:00.0000",0,100,5.846072673797607,9.365608215332031,18.040855407714844
"2025-01-05 00:15:00.0000",0,100,4.609786033630371,6.890237808227539,10.260204315185547
"2025-01-05 00:30:00.0000",0,100,4.597115993499756,6.34495735168457,9.351268768310547
"2025-01-05 00:45:00.0000",0,100,4.7752227783203125,6.380699157714844,8.843729972839355
"2025-01-05 01:00:00.0000",0,100,5.271833896636963,7.985908031463623,12.597966194152832
"2025-01-05 01:15:00.0000",0,100,5.827534198760986,8.469476699829102,13.650373458862305
"2025-01-05 01:30:00.0000",0,100,7.3846001625061035,9.946565628051758,14.97633171081543
"2025-01-05 01:45:00.0000",0,100,6.98436164855957,9.042489051818848,12.095035552978516
"2025-01-05 02:00:00.0000",0,100,5.579010486602783,7.653219223022461,13.954554557800293
"2025-01-05 02:15:00.0000",0,100,4.845098495483398,6.625101089477539,10.768584251403809
"2025-01-05 02:30:00.0000",0,100,4.6477227210998535,6.384170055389404,10.519634246826172
"2025-01-05 02:45:00.0000",0,100,3.640327215194702,4.714932918548584,9.224750518798828
"2025-01-05 03:00:00.0000",0,100,2.6070892810821533,3.545677900314331,6.171770095825195
"2025-01-05 03:15:00.0000",0,100,2.10634446144104,2.816736936569214,5.074573993682861
"2025-01-05 03:30:00.0000",0,100,2.154555082321167,3.0400283336639404,5.755727291107178
"2025-01-05 03:45:00.0000",0,100,2.0671794414520264,2.915783405303955,5.573406219482422
"2025-01-05 04:00:00.0000",0,100,1.8481512069702148,2.3571622371673584,4.551579475402832
"2025-01-05 04:15:00.0000",0,100,1.6653902530670166,2.412968158721924,7.009261608123779
"2025-01-05 04:30:00.0000",0,100,1.4279146194458008,2.029224157333374,8.556471824645996
"2025-01-05 04:45:00.0000",0,100,0.938628613948822,1.6939284801483154,5.679347038269043
"2025-01-05 05:00:00.0000",0,100,0.7117286324501038,0.8762227892875671,3.045361042022705
"2025-01-05 05:15:00.0000",0,100,0.609955906867981,0.8101845383644104,5.143392086029053
"2025-01-05 05:30:00.0000",0,100,0.6195271015167236,1.0412805080413818,12.814129829406738
"2025-01-05 05:45:00.0000",0,100,0.5404255986213684,1.4410454034805298,14.709181785583496
"2025-01-05 06:00:00.0000",0,100,0.6284106373786926,1.2591283321380615,5.324945449829102
"2025-01-05 06:15:00.0000",0,100,0.3957514762878418,0.6876896619796753,2.954960823059082
"2025-01-05 06:30:00.0000",0,100,0.37353143095970154,0.6510067582130432,3.4995946884155273
"2025-01-05 06:45:00.0000",0,100,0.2438497245311737,0.4225790500640869,2.70634126663208
"2025-01-05 07:00:00.0000",0,100,0.2669321596622467,0.33379969000816345,2.494194746017456
"2025-01-05 07:15:00.0000",0,100,0.27195918560028076,0.40613240003585815,2.6029880046844482
"2025-01-05 07:30:00.0000",0,100,0.3640197217464447,0.6122402548789978,3.6995229721069336
"2025-01-05 07:45:00.0000",0,100,0.3336561918258667,0.5028004050254822,2.7041587829589844
"2025-01-05 08:00:00.0000",0,100,0.40150919556617737,0.6505723595619202,3.162569761276245
"2025-01-05 08:15:00.0000",0,100,0.545653223991394,1.0604629516601562,5.595327377319336
"2025-01-05 08:30:00.0000",0,100,0.6135849952697754,1.1200374364852905,3.7396624088287354
"2025-01-05 08:45:00.0000",0,100,0.6642184853553772,1.0543899536132812,3.7139830589294434
"2025-01-05 09:00:00.0000",0,100,0.9672371745109558,1.6232765913009644,5.418413162231445
"2025-01-05 09:15:00.0000",0,100,0.8450968265533447,1.5580878257751465,9.064594268798828
"2025-01-05 09:30:00.0000",0,100,0.8242689967155457,1.3563536405563354,7.180617809295654
"2025-01-05 09:45:00.0000",0,100,0.684602677822113,1.4952963590621948,9.49661636352539
"2025-01-05 10:00:00.0000",0,100,0.6083934903144836,0.8983414173126221,3.2076454162597656
"2025-01-05 10:15:00.0000",0,100,0.5862154364585876,1.1357746124267578,3.5881481170654297
"2025-01-05 10:30:00.0000",0,100,0.6852423548698425,1.4741554260253906,3.8396596908569336
"2025-01-05 10:45:00.0000",0,100,0.6712279915809631,1.6448661088943481,5.944025993347168
"2025-01-05 11:00:00.0000",0,100,0.6780397295951843,1.5252939462661743,4.0466461181640625
"2025-01-05 11:15:00.0000",0,100,0.7535865306854248,1.5151647329330444,9.79308032989502
"2025-01-05 11:30:00.0000",0,100,0.9349364042282104,1.9739375114440918,4.987619876861572
"2025-01-05 11:45:00.0000",0,100,1.3732666969299316,2.6169638633728027,8.411052703857422
"2025-01-05 12:00:00.0000",0,100,1.766204833984375,3.7278378009796143,10.433318138122559
"2025-01-05 12:15:00.0000",0,100,1.6576274633407593,2.784240484237671,11.927223205566406
"2025-01-05 12:30:00.0000",0,100,1.813504695892334,3.466036319732666,7.971019268035889
"2025-01-05 12:45:00.0000",0,100,2.001927375793457,3.5376031398773193,7.641965389251709
"2025-01-05 13:00:00.0000",0,100,1.9587368965148926,3.280712842941284,8.749753952026367
"2025-01-05 13:15:00.0000",0,100,2.6971359252929688,4.28198766708374,12.189484596252441
"2025-01-05 13:30:00.0000",0,100,3.185870409011841,4.927823066711426,10.081971168518066
"2025-01-05 13:45:00.0000",0,100,3.4035561084747314,5.018471717834473,10.749958038330078
"2025-01-05 14:00:00.0000",0,100,4.352939605712891,6.142419338226318,8.813371658325195
"2025-01-05 14:15:00.0000",0,100,5.153391361236572,7.581737041473389,12.545690536499023
"2025-01-05 14:30:00.0000",0,100,6.429698944091797,10.283924102783203,14.935955047607422
"2025-01-05 14:45:00.0000",0,100,8.519075393676758,11.984878540039062,14.880023956298828
"2025-01-05 15:00:00.0000",0,100,11.766530990600586,16.11301040649414,20.344390869140625
"2025-01-05 15:15:00.0000",0,100,10.47091007232666,14.88194751739502,18.11919593811035
"2025-01-05 15:30:00.0000",0,100,9.817134857177734,13.594468116760254,20.862279891967773
"2025-01-05 15:45:00.0000",0,100,6.394150733947754,9.153182029724121,12.424818992614746
"2025-01-05 16:00:00.0000",0,100,6.001813888549805,8.47301197052002,14.300244331359863
"2025-01-05 16:15:00.0000",0,100,6.251119613647461,9.297771453857422,13.657522201538086
"2025-01-05 16:30:00.0000",0,100,6.985827445983887,10.671539306640625,18.36916732788086
"2025-01-05 16:45:00.0000",0,100,6.525084972381592,10.42029094696045,13.865094184875488
"2025-01-05 17:00:00.0000",0,100,6.817681312561035,10.057778358459473,12.557666778564453
"2025-01-05 17:15:00.0000",0,100,5.498986721038818,8.027310371398926,10.537017822265625
"2025-01-05 17:30:00.0000",0,100,5.355580806732178,8.158818244934082,15.957612037658691
"2025-01-05 17:45:00.0000",0,100,8.211621284484863,11.723217010498047,14.453845977783203
"2025-01-05 18:00:00.0000",0,100,8.318410873413086,11.404916763305664,14.223395347595215
"2025-01-05 18:15:00.0000",0,100,6.166858673095703,8.684195518493652,14.036931991577148
"2025-01-05 18:30:00.0000",0,100,6.008172988891602,8.782048225402832,13.805821418762207
"2025-01-05 18:45:00.0000",0,100,7.368148326873779,10.329268455505371,13.100532531738281
"2025-01-05 19:00:00.0000",0,100,8.635637283325195,11.074368476867676,13.762002944946289
"2025-01-05 19:15:00.0000",0,100,9.026524543762207,11.392390251159668,13.719381332397461
"2025-01-05 19:30:00.0000",0,100,9.177422523498535,12.155752182006836,19.939258575439453
"2025-01-05 19:45:00.0000",0,100,8.016519546508789,10.331689834594727,12.718582153320312
"2025-01-05 20:00:00.0000",0,100,6.309283256530762,8.525301933288574,13.401240348815918
"2025-01-05 20:15:00.0000",0,100,7.762753009796143,10.80678939819336,24.60213851928711
"2025-01-05 20:30:00.0000",0,100,6.083754062652588,8.001923561096191,11.494287490844727
"2025-01-05 20:45:00.0000",0,100,8.398809432983398,11.594149589538574,15.339250564575195
"2025-01-05 21:00:00.0000",0,100,6.17799711227417,8.361684799194336,11.00141716003418
"2025-01-05 21:15:00.0000",0,100,5.602552890777588,8.669060707092285,12.333528518676758
"2025-01-05 21:30:00.0000",0,100,6.6938605308532715,9.527423858642578,12.25214958190918
"2025-01-05 21:45:00.0000",0,100,7.661583423614502,10.082161903381348,14.189156532287598
"2025-01-05 22:00:00.0000",0,100,5.225955486297607,6.903855323791504,9.370919227600098
"2025-01-05 22:15:00.0000",0,100,3.4484493732452393,4.777350902557373,7.533684730529785
"2025-01-05 22:30:00.0000",0,100,2.0952374935150146,2.9136757850646973,5.5047993659973145
"2025-01-05 22:45:00.0000",0,100,1.6854803562164307,2.3463633060455322,4.57414436340332
"2025-01-05 23:00:00.0000",0,100,1.571000337600708,2.346438407897949,4.853451728820801
"2025-01-05 23:15:00.0000",0,100,1.1276829242706299,1.5995863676071167,3.896904945373535
"2025-01-05 23:30:00.0000",0,100,0.8230960965156555,1.2805516719818115,3.504204511642456
"2025-01-05 23:45:00.0000",0,100,0.8819995522499084,1.2605723142623901,3.4703636169433594
"2025-01-06 00:00:00.0000",0,100,0.7485666871070862,1.0702282190322876,3.255126476287842
"2025-01-06 00:15:00.0000",0,100,0.7748959064483643,0.9416776299476624,3.1078603267669678
"2025-01-06 00:30:00.0000",0,100,0.9471104145050049,1.143371343612671,3.3165292739868164
"2025-01-06 00:45:00.0000",0,100,0.7257855534553528,0.888647735118866,3.0548160076141357
"2025-01-06 01:00:00.0000",0,100,0.47932812571525574,0.7109774947166443,2.9214699268341064
"2025-01-06 01:15:00.0000",0,100,0.45194369554519653,0.6322170495986938,2.8296945095062256
"2025-01-06 01:30:00.0000",0,100,0.2781178057193756,0.3659055531024933,2.5302653312683105
"2025-01-06 01:45:00.0000",0,100,0.28129321336746216,0.5726252198219299,3.1207282543182373
"2025-01-06 02:00:00.0000",0,100,0.42362818121910095,0.6727003455162048,2.856088876724243
"2025-01-06 02:15:00.0000",0,100,0.3664443790912628,0.679863452911377,5.38751220703125
"2025-01-06 02:30:00.0000",0,100,0.39609116315841675,0.5675719380378723,2.843823194503784
"2025-01-06 02:45:00.0000",0,100,0.5666608214378357,0.9807659983634949,7.645515441894531
"2025-01-06 03:00:00.0000",0,100,0.3551464378833771,0.6324272751808167,2.9499223232269287
"2025-01-06 03:15:00.0000",0,100,0.2439832240343094,0.6764223575592041,7.371952056884766
"2025-01-06 03:30:00.0000",0,100,0.3430928587913513,0.9240275025367737,4.025969982147217
"2025-01-06 03:45:00.0000",0,100,0.3509402573108673,0.6373785138130188,3.205570936203003
"2025-01-06 04:00:00.0000",0,100,0.24787423014640808,0.6503358483314514,3.2609856128692627
"2025-01-06 04:15:00.0000",0,100,0.3319864571094513,1.0311574935913086,12.156094551086426
"2025-01-06 04:30:00.0000",0,100,0.2673082947731018,1.2923978567123413,6.2520928382873535
"2025-01-06 04:45:00.0000",0,100,0.27955469489097595,0.9812114834785461,3.372959852218628
"2025-01-06 05:00:00.0000",0,100,0.3711547255516052,1.8700244426727295,8.760557174682617
"2025-01-06 05:15:00.0000",0,100,0.3162767291069031,2.3011350631713867,10.007431030273438
"2025-01-06 05:30:00.0000",0,100,0.2494761347770691,2.1351490020751953,14.640628814697266
"2025-01-06 05:45:00.0000",0,100,0.31468909978866577,2.4032206535339355,11.125581741333008
"2025-01-06 06:00:00.0000",0,100,0.36138635873794556,2.134927272796631,7.5278000831604
"2025-01-06 06:15:00.0000",0,100,0.3999316394329071,3.3015942573547363,8.635049819946289
"2025-01-06 06:30:00.0000",0,100,0.515972912311554,3.0841240882873535,19.058597564697266
"2025-01-06 06:45:00.0000",0,100,0.5006970763206482,3.549509048461914,14.90662670135498
"2025-01-06 07:00:00.0000",0,100,0.5120099186897278,3.3033666610717773,14.409927368164062
"2025-01-06 07:15:00.0000",0,100,0.4274479150772095,2.9694864749908447,9.824886322021484
"2025-01-06 07:30:00.0000",0.04,100,0.4365391731262207,2.8945369720458984,10.50085735321045
"2025-01-06 07:45:00.0000",0.23,100,0.583167314529419,3.433096170425415,11.483689308166504
"2025-01-06 08:00:00.0000",0.43,100,0.6575191020965576,3.1759371757507324,8.729445457458496
"2025-01-06 08:15:00.0000",0.57,100,1.0490370988845825,4.360198497772217,15.214363098144531
"2025-01-06 08:30:00.0000",0.74,100,1.1087933778762817,6.129786968231201,25.405292510986328
"2025-01-06 08:45:00.0000",0.92,100,1.4234485626220703,7.251624584197998,21.646785736083984
"2025-01-06 09:00:00.0000",1.08,100,1.249934434890747,6.857386589050293,29.02122688293457
"2025-01-06 09:15:00.0000",1.26,100,1.2646247148513794,6.849325656890869,21.130184173583984
"2025-01-06 09:30:00.0000",1.43,100,0.8273941874504089,4.471356391906738,12.121121406555176
"2025-01-06 09:45:00.0000",1.66,100,1.102354884147644,6.423564434051514,27.017274856567383
"2025-01-06 10:00:00.0000",1.79,100,0.9777287840843201,5.294290065765381,22.77374839782715
"2025-01-06 10:15:00.0000",1.79,100,0.9049525856971741,4.410976409912109,14.271957397460938
"2025-01-06 10:30:00.0000",1.73,100,1.3388278484344482,7.129378318786621,34.85107421875
"2025-01-06 10:45:00.0000",1.88,100,1.2802801132202148,6.921331882476807,18.263479232788086
"2025-01-06 11:00:00.0000",1.94,100,1.034775972366333,5.152041435241699,20.89756965637207
"2025-01-06 11:15:00.0000",2.02,100,1.243428349494934,6.136567115783691,18.304826736450195
"2025-01-06 11:30:00.0000",2.16,100,1.091300129890442,6.387718200683594,23.79938507080078
"2025-01-06 11:45:00.0000",2.44,100,1.1876850128173828,6.240820407867432,25.819351196289062
"2025-01-06 12:00:00.0000",2.55,99.86,0.8730077147483826,4.753206729888916,13.518899917602539
"2025-01-06 12:15:00.0000",2.85,97.78,0.9329192638397217,4.6884541511535645,18.071086883544922
"2025-01-06 12:30:00.0000",4.05,92.47,0.7381225228309631,4.174983501434326,21.34518051147461
"2025-01-06 12:45:00.0000",3.88,89.71,0.7061919569969177,3.5579640865325928,9.726563453674316
"2025-01-06 13:00:00.0000",3.07,94.73,0.7807800769805908,4.537153720855713,15.614619255065918
"2025-01-06 13:15:00.0000",4.57,83.94,0.6648252606391907,3.1593546867370605,8.595123291015625
"2025-01-06 13:30:00.0000",5.43,78.98,0.9802724123001099,5.322856426239014,16.57442855834961
"2025-01-06 13:45:00.0000",5.39,79.01,0.7960306406021118,5.14637565612793,15.638224601745605
"2025-01-06 14:00:00.0000",4.1,84.72,0.7381619811058044,4.165055274963379,13.874505043029785
"2025-01-06 14:15:00.0000",4.14,90.43,1.3571125268936157,7.833332538604736,26.43131446838379
"2025-01-06 14:30:00.0000",3.71,92.45,1.4885066747665405,7.884709358215332,22.258779525756836
"2025-01-06 14:45:00.0000",3.41,94.36,1.3575239181518555,7.445289134979248,19.34716033935547
"2025-01-06 15:00:00.0000",3.26,95.97,1.5405993461608887,7.419707775115967,25.241291046142578
"2025-01-06 15:15:00.0000",3.02,96.62,1.252168893814087,6.495677947998047,18.984172821044922
"2025-01-06 15:30:00.0000",2.89,98.26,1.5071077346801758,8.637914657592773,29.89016342163086
"2025-01-06 15:45:00.0000",2.71,97.91,1.1494085788726807,6.851365089416504,20.49996566772461
"2025-01-06 16:00:00.0000",2.37,99.09,0.9809306263923645,5.380410194396973,15.732178688049316
"2025-01-06 16:15:00.0000",2.47,97.73,0.7787173986434937,4.626535415649414,14.2953462600708
"2025-01-06 16:30:00.0000",2.6,99.12,1.2174859046936035,6.672057628631592,19.412717819213867
"2025-01-06 16:45:00.0000",2.63,92.49,0.8639456629753113,4.228902339935303,13.127152442932129
"2025-01-06 17:00:00.0000",2.67,94.02,1.2404847145080566,6.000865459442139,17.468242645263672
"2025-01-06 17:15:00.0000",2.64,96.78,1.4188493490219116,6.082796573638916,25.930023193359375
"2025-01-06 17:30:00.0000",2.73,97.55,1.9124679565429688,9.419994354248047,28.879505157470703
"2025-01-06 17:45:00.0000",2.83,97.18,2.100299835205078,9.766796112060547,28.525955200195312
"2025-01-06 18:00:00.0000",2.83,96.86,1.9065178632736206,8.534418106079102,30.131479263305664
"2025-01-06 18:15:00.0000",2.79,96.95,1.9682648181915283,10.179134368896484,23.844738006591797
"2025-01-06 18:30:00.0000",2.61,95.59,1.7319834232330322,7.730538368225098,26.56410026550293
"2025-01-06 18:45:00.0000",2.72,94.63,1.7966418266296387,9.283905029296875,24.997465133666992
"2025-01-06 19:00:00.0000",2.82,91.84,2.031248092651367,9.572359085083008,28.64446258544922
"2025-01-06 19:15:00.0000",2.64,90.18,2.10506534576416,8.744100570678711,27.58513832092285
"2025-01-06 19:30:00.0000",2.48,88.78,1.9283323287963867,9.155506134033203,23.095849990844727
"2025-01-06 19:45:00.0000",2.39,86.59,1.6828362941741943,7.366215229034424,24.35580062866211
"2025-01-06 20:00:00.0000",1.68,98.59,2.101501941680908,12.372997283935547,31.29804039001465
"2025-01-06 20:15:00.0000",1.66,95.7,2.1843466758728027,10.637182235717773,27.517942428588867
"2025-01-06 20:30:00.0000",1.38,95.41,2.103769063949585,10.696043014526367,37.19414138793945
"2025-01-06 20:45:00.0000",1.72,88.33,1.8582909107208252,8.281624794006348,19.731735229492188
"2025-01-06 21:00:00.0000",1.69,86.85,1.8069822788238525,8.929322242736816,28.98624610900879
"2025-01-06 21:15:00.0000",1.59,83.92,1.8586716651916504,9.370784759521484,24.73567008972168
"2025-01-06 21:30:00.0000",1.58,84.24,1.6299018859863281,7.6238532066345215,18.25991439819336
"2025-01-06 21:45:00.0000",1.44,88.48,1.5328553915023804,7.301344871520996,15.105792999267578
"2025-01-06 22:00:00.0000",1.36,91.54,2.720656394958496,10.403470993041992,26.63379669189453
"2025-01-06 22:15:00.0000",1.13,94.52,1.9404199123382568,8.997394561767578,18.412988662719727
"2025-01-06 22:30:00.0000",0.04,100,0.9490132331848145,5.255953788757324,14.654321670532227
"2025-01-06 22:45:00.0000",0,100,1.2411878108978271,6.255895614624023,16.630367279052734
"2025-01-06 23:00:00.0000",0,100,1.1984120607376099,7.150089740753174,26.872831344604492
"2025-01-06 23:15:00.0000",0,100,1.1372792720794678,5.958271026611328,16.780574798583984
"2025-01-06 23:30:00.0000",0,100,0.8312657475471497,4.7086405754089355,13.23438835144043
"2025-01-06 23:45:00.0000",0,100,0.6861768960952759,4.028187274932861,13.000387191772461
"2025-01-07 00:00:00.0000",0,100,1.2245376110076904,5.904399871826172,18.71689224243164
"2025-01-07 00:15:00.0000",0,100,0.6087521910667419,2.494100332260132,6.677219390869141
"2025-01-07 00:30:00.0000",0,100,0.2535768151283264,1.3932883739471436,13.676262855529785
"2025-01-07 00:45:00.0000",0,100,0.13600420951843262,0.524737536907196,4.460333824157715
"2025-01-07 01:00:00.0000",0,100,0.5250216126441956,2.5371181964874268,40.32627487182617
"2025-01-07 01:15:00.0000",0,100,0.3013877272605896,0.9284085035324097,4.463635444641113
"2025-01-07 01:30:00.0000",0,100,0.556918740272522,1.7528694868087769,9.543274879455566
"2025-01-07 01:45:00.0000",0,100,0.2812916040420532,0.846798837184906,4.051486968994141
"2025-01-07 02:00:00.0000",0,100,0.1870753914117813,0.5205383896827698,3.073901891708374
"2025-01-07 02:15:00.0000",0,100,0.35946646332740784,1.829079508781433,12.870864868164062
"2025-01-07 02:30:00.0000",0,100,0.2404552549123764,1.304397702217102,4.137978553771973
"2025-01-07 02:45:00.0000",0,100,0.276824414730072,1.5892205238342285,4.8358893394470215
"2025-01-07 03:00:00.0000",0,100,0.5960078835487366,2.7126829624176025,7.4772562980651855
"2025-01-07 03:15:00.0000",0,100,0.31135135889053345,1.2320678234100342,4.790431499481201
"2025-01-07 03:30:00.0000",0,100,0.41691485047340393,2.2007899284362793,5.817906379699707
"2025-01-07 03:45:00.0000",0,100,0.6635213494300842,3.4694979190826416,9.074438095092773
"2025-01-07 04:00:00.0000",0,100,0.7094548344612122,3.5803611278533936,14.633145332336426
"2025-01-07 04:15:00.0000",0,100,0.6914123296737671,3.5381970405578613,10.220380783081055
"2025-01-07 04:30:00.0000",0,100,0.866077184677124,4.10341215133667,16.016780853271484
"2025-01-07 04:45:00.0000",0,100,0.8715210556983948,4.200847148895264,16.420787811279297
"2025-01-07 05:00:00.0000",0,100,0.5780833959579468,3.222942590713501,11.325155258178711
"2025-01-07 05:15:00.0000",0,100,1.1372356414794922,5.091368675231934,18.77444839477539
"2025-01-07 05:30:00.0000",0,100,0.6869024038314819,3.7419559955596924,14.673141479492188
"2025-01-07 05:45:00.0000",0,100,0.7981875538825989,5.787281513214111,27.459688186645508
"2025-01-07 06:00:00.0000",0,100,1.687983512878418,6.85584831237793,26.291522979736328
"2025-01-07 06:15:00.0000",0,100,1.2006160020828247,5.474579811096191,16.403789520263672
"2025-01-07 06:30:00.0000",0,100,1.180577039718628,5.232323169708252,22.210121154785156
"2025-01-07 06:45:00.0000",0,100,1.2414467334747314,5.835598945617676,28.951929092407227
"2025-01-07 07:00:00.0000",0,100,1.254738211631775,4.992581367492676,15.745190620422363
"2025-01-07 07:15:00.0000",0,100,1.3088831901550293,5.587947368621826,23.447168350219727
"2025-01-07 07:30:00.0000",0,100,1.4754555225372314,4.445461750030518,10.79033088684082
"2025-01-07 07:45:00.0000",0,100,1.9806631803512573,5.539643287658691,14.19291877746582
"2025-01-07 08:00:00.0000",0,100,1.8311971426010132,5.850728988647461,16.20263671875
"2025-01-07 08:15:00.0000",0,100,1.6566379070281982,5.975425720214844,24.138229370117188
"2025-01-07 08:30:00.0000",0,100,2.0726730823516846,6.835725784301758,21.891828536987305
"2025-01-07 08:45:00.0000",0,100,1.708395004272461,7.864109992980957,26.707971572875977
"2025-01-07 09:00:00.0000",0,100,1.0783658027648926,6.406064033508301,23.983673095703125
"2025-01-07 09:15:00.0000",0,100,0.404939740896225,2.144988536834717,6.23913049697876
"2025-01-07 09:30:00.0000",0,100,0.5208238959312439,3.0826940536499023,16.77920913696289
"2025-01-07 09:45:00.0000",0,100,0.6566430926322937,3.3052122592926025,9.766873359680176
"2025-01-07 10:00:00.0000",0,100,0.998846709728241,4.7610554695129395,15.460874557495117
"2025-01-07 10:15:00.0000",0,100,1.1516209840774536,5.132171154022217,18.03530502319336
"2025-01-07 10:30:00.0000",0.5,100,1.1256476640701294,4.608455181121826,16.292049407958984
"2025-01-07 10:45:00.0000",1.98,100,1.1545666456222534,4.784380912780762,20.820838928222656
"2025-01-07 11:00:00.0000",0.86,100,1.248767614364624,6.615083694458008,21.47922706604004
"2025-01-07 11:15:00.0000",0.74,100,1.3348745107650757,6.80502986907959,22.87527084350586
"2025-01-07 11:30:00.0000",0,100,0.71518874168396,4.233761310577393,16.800046920776367
"2025-01-07 11:45:00.0000",0,100,0.672284722328186,3.9845521450042725,15.08919620513916
"2025-01-07 12:00:00.0000",0.43,100,1.1343269348144531,7.169872760772705,19.285480499267578
"2025-01-07 12:15:00.0000",0.74,100,1.1050230264663696,7.184005260467529,30.403818130493164
"2025-01-07 12:30:00.0000",0.99,100,1.2119265794754028,6.823699474334717,31.092090606689453
"2025-01-07 12:45:00.0000",0.89,100,1.1414273977279663,5.981222152709961,18.962718963623047
"2025-01-07 13:00:00.0000",0.84,100,1.5409228801727295,8.11315631866455,20.72340202331543
"2025-01-07 13:15:00.0000",1.12,100,1.0780426263809204,5.880341529846191,17.420745849609375
"2025-01-07 13:30:00.0000",1.15,99.8,0.9862139821052551,5.977672100067139,17.140336990356445
"2025-01-07 13:45:00.0000",1.67,100,1.5642818212509155,7.007113456726074,22.38863754272461
"2025-01-07 14:00:00.0000",1.41,99.92,1.5216560363769531,7.471074104309082,35.4676513671875
"2025-01-07 14:15:00.0000",0.59,100,0.8694390058517456,4.183413028717041,11.382613182067871
"2025-01-07 14:30:00.0000",0.31,100,1.3714476823806763,6.824594974517822,29.828781127929688
"2025-01-07 14:45:00.0000",0.58,100,1.183321475982666,7.718993663787842,23.118154525756836
"2025-01-07 15:00:00.0000",0.92,100,1.299953579902649,7.232518672943115,20.42367172241211
"2025-01-07 15:15:00.0000",1.22,99.97,1.1782845258712769,7.9908127784729,20.572614669799805
"2025-01-07 15:30:00.0000",0.3,100,1.154457926750183,6.820287704467773,27.83570671081543
"2025-01-07 15:45:00.0000",0,100,0.9983422756195068,6.340818881988525,18.341249465942383
"2025-01-07 16:00:00.0000",0,100,2.1866135597229004,8.520037651062012,28.831247329711914
"2025-01-07 16:15:00.0000",0.14,100,1.8623358011245728,7.819757461547852,30.968826293945312
"2025-01-07 16:30:00.0000",0.55,100,1.252285361289978,7.006706237792969,26.91874122619629
"2025-01-07 16:45:00.0000",0.64,100,1.5800682306289673,7.8287577629089355,28.390785217285156
"2025-01-07 17:00:00.0000",0.99,99.38,0.9417476654052734,5.144141674041748,12.14191722869873
"2025-01-07 17:15:00.0000",1.37,93.38,1.0568770170211792,4.851390838623047,24.839231491088867
"2025-01-07 17:30:00.0000",1.5,94.04,1.2508623600006104,6.923625946044922,17.860179901123047
"2025-01-07 17:45:00.0000",1.47,94.43,1.3347599506378174,6.454134464263916,22.931432723999023
"2025-01-07 18:00:00.0000",1.41,93.36,1.1035786867141724,5.518276691436768,17.66383934020996
"2025-01-07 18:15:00.0000",1.01,99.52,1.0114713907241821,3.9270520210266113,22.321849822998047
"2025-01-07 18:30:00.0000",0.68,100,1.1067304611206055,5.807012557983398,23.063030242919922
"2025-01-07 18:45:00.0000",0.97,99.95,1.3583050966262817,7.015589237213135,21.667104721069336
"2025-01-07 19:00:00.0000",1.4,97.28,1.3956034183502197,7.746069431304932,34.95223617553711
"2025-01-07 19:15:00.0000",1.63,97.61,1.5218088626861572,7.640965461730957,25.18852996826172
"2025-01-07 19:30:00.0000",1.47,99.74,1.403773307800293,7.6283063888549805,32.885009765625
"2025-01-07 19:45:00.0000",1.53,99.94,1.439212441444397,6.829721927642822,23.635005950927734
"2025-01-07 20:00:00.0000",1.62,99.99,1.6733899116516113,8.555233001708984,21.879871368408203
"2025-01-07 20:15:00.0000",1.72,99.83,2.3170230388641357,9.821550369262695,25.948108673095703
"2025-01-07 20:30:00.0000",1.79,99.7,1.791562795639038,8.829992294311523,21.306434631347656
"2025-01-07 20:45:00.0000",1.72,95.84,1.4634833335876465,7.881847858428955,24.688085556030273
"2025-01-07 21:00:00.0000",1.53,95.1,1.5340145826339722,7.5562849044799805,24.91807746887207
"2025-01-07 21:15:00.0000",1.01,100,2.2847867012023926,14.066376686096191,57.99940490722656
"2025-01-07 21:30:00.0000",0.36,100,1.4445174932479858,7.924556255340576,26.779949188232422
"2025-01-07 21:45:00.0000",0.2,100,1.513702392578125,7.431257247924805,20.714656829833984
"2025-01-07 22:00:00.0000",0.15,100,1.9720458984375,10.707803726196289,26.914709091186523
"2025-01-07 22:15:00.0000",0.68,100,1.8261222839355469,10.255288124084473,29.23814582824707
"2025-01-07 22:30:00.0000",0.95,100,1.619523048400879,7.962646961212158,24.079763412475586
"2025-01-07 22:45:00.0000",1.14,100,1.8495728969573975,11.069010734558105,28.676549911499023
"2025-01-07 23:00:00.0000",0.99,100,1.5996448993682861,6.371351718902588,19.015527725219727
"2025-01-07 23:15:00.0000",0.85,98.72,1.0179848670959473,4.8540778160095215,16.51656150817871
"2025-01-07 23:30:00.0000",0.81,98.06,1.018792748451233,5.597942352294922,18.94077491760254
"2025-01-07 23:45:00.0000",0.74,97.54,0.9098436236381531,4.989701747894287,17.98927116394043
"2025-01-08 00:00:00.0000",0.76,97.53,1.2204993963241577,6.3898797035217285,18.960538864135742
"2025-01-08 00:15:00.0000",0.57,99.83,1.2062149047851562,5.868314266204834,18.75160789489746
"2025-01-08 00:30:00.0000",0.24,100,1.3241713047027588,6.738446235656738,15.38662052154541
"2025-01-08 00:45:00.0000",0.13,100,1.5574558973312378,6.640870094299316,23.89686393737793
"2025-01-08 01:00:00.0000",0.29,100,1.5429308414459229,8.450989723205566,28.366294860839844
"2025-01-08 01:15:00.0000",0.62,100,0.8701756000518799,5.274661064147949,13.39869213104248
"2025-01-08 01:30:00.0000",0.97,98.83,1.0115784406661987,5.250945091247559,16.725690841674805
"2025-01-08 01:45:00.0000",1.01,100,1.0741627216339111,6.413272380828857,23.64068031311035
"2025-01-08 02:00:00.0000",1.12,99.84,1.1300512552261353,5.911191940307617,23.889209747314453
"2025-01-08 02:15:00.0000",1.13,93.89,0.5700656771659851,3.152714252471924,8.896846771240234
"2025-01-08 02:30:00.0000",1.21,95.78,0.8306081295013428,4.395502090454102,17.09817123413086
"2025-01-08 02:45:00.0000",0.99,96.42,0.7692240476608276,3.648078441619873,12.242462158203125
"2025-01-08 03:00:00.0000",0.93,98.66,1.0226272344589233,5.267034530639648,22.42441177368164
"2025-01-08 03:15:00.0000",1.06,98.51,0.8270819783210754,4.986693859100342,18.11973762512207
"2025-01-08 03:30:00.0000",0.92,97.79,0.7857033610343933,3.976738929748535,18.898033142089844
"2025-01-08 03:45:00.0000",0.82,99.99,0.7443197965621948,3.9153878688812256,12.101418495178223
"2025-01-08 04:00:00.0000",0.82,100,0.8105107545852661,3.8090240955352783,11.306903839111328
"2025-01-08 04:15:00.0000",0.66,99.27,1.0385416746139526,5.84505033493042,17.809110641479492
"2025-01-08 04:30:00.0000",0.78,98.15,1.2275316715240479,5.38683557510376,17.242639541625977
"2025-01-08 04:45:00.0000",0.63,98.63,1.1770368814468384,5.7729597091674805,22.944528579711914
"2025-01-08 05:00:00.0000",0.41,99.53,1.2021076679229736,7.116053581237793,30.478641510009766
"2025-01-08 05:15:00.0000",0.27,100,1.0036505460739136,4.655791759490967,10.137316703796387
"2025-01-08 05:30:00.0000",0.32,100,1.0157876014709473,3.578817129135132,8.574470520019531
"2025-01-08 05:45:00.0000",0.12,100,1.285447359085083,7.199771881103516,16.19092559814453
"2025-01-08 06:00:00.0000",0,100,1.0504547357559204,3.9067530632019043,9.11489200592041
"2025-01-08 06:15:00.0000",0,100,1.2471154928207397,6.239543914794922,24.72783851623535
"2025-01-08 06:30:00.0000",0,100,1.1933419704437256,5.508259296417236,16.276792526245117
"2025-01-08 06:45:00.0000",0,100,1.0671377182006836,3.7636544704437256,8.978302955627441
"2025-01-08 07:00:00.0000",0,100,1.6306028366088867,7.852516174316406,29.291297912597656
"2025-01-08 07:15:00.0000",0,100,1.5083993673324585,6.811664581298828,24.734689712524414
"2025-01-08 07:30:00.0000",0,100,1.7526518106460571,8.275466918945312,26.432836532592773
"2025-01-08 07:45:00.0000",0,100,1.8030264377593994,7.2883172035217285,28.186859130859375
"2025-01-08 08:00:00.0000",0,100,1.8389918804168701,8.095696449279785,25.91691017150879
"2025-01-08 08:15:00.0000",0,100,1.9850620031356812,6.396829128265381,18.62709617614746
"2025-01-08 08:30:00.0000",0,100,2.3061821460723877,8.094135284423828,25.704933166503906
"2025-01-08 08:45:00.0000",0,100,2.183434009552002,8.582696914672852,22.421077728271484
"2025-01-08 09:00:00.0000",0,100,1.9228476285934448,6.91719913482666,21.341110229492188
"2025-01-08 09:15:00.0000",0,100,2.127033233642578,7.193310737609863,21.236047744750977
"2025-01-08 09:30:00.0000",0,100,3.22733736038208,9.721009254455566,35.7347412109375
"2025-01-08 09:45:00.0000",0,100,2.906722068786621,8.966141700744629,23.854703903198242
"2025-01-08 10:00:00.0000",0,100,3.058180809020996,8.290702819824219,16.96294403076172
"2025-01-08 10:15:00.0000",0,100,2.8046653270721436,8.404986381530762,22.790552139282227
"2025-01-08 10:30:00.0000",0,100,2.7613790035247803,8.251532554626465,17.744855880737305
"2025-01-08 10:45:00.0000",0,100,2.740873336791992,8.039054870605469,27.948156356811523
"2025-01-08 11:00:00.0000",0,100,7.366935729980469,14.494759559631348,25.55729866027832
"2025-01-08 11:15:00.0000",0,100,2.8581998348236084,8.078659057617188,24.01909828186035
"2025-01-08 11:30:00.0000",0,100,2.869483232498169,7.497052192687988,26.3212890625
"2025-01-08 11:45:00.0000",0,100,2.784536361694336,8.003608703613281,37.225772857666016
"2025-01-08 12:00:00.0000",0,100,2.0770111083984375,5.73785924911499,12.74063491821289
"2025-01-08 12:15:00.0000",0,100,3.037665367126465,9.259621620178223,28.05085563659668
"2025-01-08 12:30:00.0000",0,100,6.203598976135254,12.335540771484375,23.100444793701172
"2025-01-08 12:45:00.0000",0,100,5.93560791015625,12.50798225402832,29.1229190826416
"2025-01-08 13:00:00.0000",0,100,5.482752323150635,11.025711059570312,35.49753189086914
"2025-01-08 13:15:00.0000",0,100,6.851601600646973,14.47003173828125,24.47298240661621
"2025-01-08 13:30:00.0000",0,100,7.700728893280029,15.679451942443848,31.16251564025879
"2025-01-08 13:45:00.0000",0,100,9.975650787353516,19.456361770629883,37.04315185546875
"2025-01-08 14:00:00.0000",0,100,9.278458595275879,16.985462188720703,27.307249069213867
"2025-01-08 14:15:00.0000",0,100,9.343751907348633,17.904298782348633,36.40146255493164
"2025-01-08 14:30:00.0000",0,100,8.1483154296875,16.081764221191406,37.91450500488281
"2025-01-08 14:45:00.0000",0,100,6.3154754638671875,13.251873970031738,28.057598114013672
"2025-01-08 15:00:00.0000",0,100,6.200072765350342,14.478215217590332,27.71033477783203
"2025-01-08 15:15:00.0000",0,100,6.044852256774902,12.751740455627441,29.782085418701172
"2025-01-08 15:30:00.0000",0,100,5.909394264221191,12.79030704498291,29.66654396057129
"2025-01-08 15:45:00.0000",0,100,6.23347806930542,12.799099922180176,32.58332443237305
"2025-01-08 16:00:00.0000",0,100,6.782320976257324,14.441615104675293,32.28799057006836
"2025-01-08 16:15:00.0000",0,100,7.808666229248047,17.152421951293945,28.532047271728516
"2025-01-08 16:30:00.0000",0,100,7.191174030303955,13.322555541992188,19.414506912231445
"2025-01-08 16:45:00.0000",0,100,8.326376914978027,15.311639785766602,22.229618072509766
"2025-01-08 17:00:00.0000",0,100,8.328272819519043,15.364192962646484,31.384437561035156
"2025-01-08 17:15:00.0000",0,100,8.39670467376709,15.601685523986816,29.927988052368164
"2025-01-08 17:30:00.0000",0,100,8.270689010620117,15.046259880065918,31.087078094482422
"2025-01-08 17:45:00.0000",0,100,9.274341583251953,16.119028091430664,24.788936614990234
"2025-01-08 18:00:00.0000",0,100,11.42945671081543,20.49445152282715,34.94331741333008
"2025-01-08 18:15:00.0000",0,100,8.585808753967285,15.261717796325684,24.7387752532959
"2025-01-08 18:30:00.0000",0,100,9.699554443359375,18.125179290771484,29.720462799072266
"2025-01-08 18:45:00.0000",0,100,11.106180191040039,19.12795639038086,32.970943450927734
"2025-01-08 19:00:00.0000",0,100,10.242347717285156,18.335647583007812,29.84858512878418
"2025-01-08 19:15:00.0000",0,100,10.169490814208984,18.68828582763672,30.64592742919922
"2025-01-08 19:30:00.0000",0,100,9.598262786865234,17.240684509277344,28.668724060058594
"2025-01-08 19:45:00.0000",0,100,9.441155433654785,16.589431762695312,22.461130142211914
"2025-01-08 20:00:00.0000",0,100,10.3687105178833,17.719223022460938,30.644933700561523
"2025-01-08 20:15:00.0000",0,100,11.61061954498291,20.050567626953125,29.103986740112305
"2025-01-08 20:30:00.0000",0,100,11.796412467956543,19.448909759521484,35.04850769042969
"2025-01-08 20:45:00.0000",0,100,10.592376708984375,18.822351455688477,26.7348690032959
"2025-01-08 21:00:00.0000",0,100,11.05642318725586,18.4135684967041,32.58396530151367
"2025-01-08 21:15:00.0000",0,100,11.61589527130127,19.665746688842773,28.23426628112793
"2025-01-08 21:30:00.0000",0,100,12.04102897644043,19.61182975769043,26.080852508544922
"2025-01-08 21:45:00.0000",0,100,11.716601371765137,19.727832794189453,30.470781326293945
"2025-01-08 22:00:00.0000",0,100,9.195992469787598,15.020172119140625,19.67562484741211
"2025-01-08 22:15:00.0000",0,100,10.295515060424805,16.760910034179688,22.538658142089844
"2025-01-08 22:30:00.0000",0,100,12.758777618408203,22.457765579223633,33.86741638183594
"2025-01-08 22:45:00.0000",0,100,18.50187873840332,29.040719985961914,50.316001892089844
"2025-01-08 23:00:00.0000",0,100,15.359619140625,23.12222671508789,28.11705780029297
"2025-01-08 23:15:00.0000",0,100,14.791434288024902,21.856719970703125,27.820690155029297
"2025-01-08 23:30:00.0000",0,100,13.251453399658203,19.611616134643555,25.453123092651367
"2025-01-08 23:45:00.0000",0,100,16.271940231323242,25.751205444335938,37.35806655883789
"2025-01-09 00:00:00.0000",0,100,15.100796699523926,23.95177459716797,30.92291259765625
"2025-01-09 00:15:00.0000",0,100,11.918333053588867,18.447214126586914,23.601398468017578
"2025-01-09 00:30:00.0000",0,100,14.329538345336914,21.86220932006836,27.75357437133789
"2025-01-09 00:45:00.0000",0,100,14.998635292053223,24.465776443481445,34.77400207519531
"2025-01-09 01:00:00.0000",0,100,17.869863510131836,29.04987144470215,46.03824234008789
"2025-01-09 01:15:00.0000",0,100,13.502950668334961,19.54290008544922,26.632463455200195
"2025-01-09 01:30:00.0000",0,100,13.983094215393066,21.53169059753418,26.954044342041016
"2025-01-09 01:45:00.0000",0,100,13.449175834655762,19.629497528076172,25.137563705444336
"2025-01-09 02:00:00.0000",0,100,13.889813423156738,21.413358688354492,26.72233772277832
"2025-01-09 02:15:00.0000",0,100,17.77859115600586,30.42755889892578,50.301334381103516
"2025-01-09 02:30:00.0000",0,100,18.144229888916016,31.097801208496094,49.94822692871094
"2025-01-09 02:45:00.0000",0,100,14.501625061035156,22.728862762451172,28.78135871887207
"2025-01-09 03:00:00.0000",0,100,16.643157958984375,27.578012466430664,42.641719818115234
"2025-01-09 03:15:00.0000",0,100,15.341367721557617,25.216318130493164,41.26954650878906
"2025-01-09 03:30:00.0000",0,100,14.164228439331055,22.054214477539062,28.717723846435547
"2025-01-09 03:45:00.0000",0,100,17.541259765625,30.57200050354004,47.07962417602539
"2025-01-09 04:00:00.0000",0,100,16.822864532470703,29.673227310180664,45.733863830566406
"2025-01-09 04:15:00.0000",0,100,16.207551956176758,29.724950790405273,50.060428619384766
"2025-01-09 04:30:00.0000",0,100,17.750932693481445,31.138349533081055,51.418609619140625
"2025-01-09 04:45:00.0000",0,100,15.9988374710083,26.94194221496582,34.4387321472168
"2025-01-09 05:00:00.0000",0,100,14.231988906860352,25.691532135009766,41.11009216308594
"2025-01-09 05:15:00.0000",0,100,13.875152587890625,23.77510643005371,35.78594970703125
"2025-01-09 05:30:00.0000",0,100,13.770150184631348,21.406681060791016,29.238117218017578
"2025-01-09 05:45:00.0000",0,100,12.495037078857422,19.246442794799805,24.650184631347656
"2025-01-09 06:00:00.0000",0,100,12.285093307495117,20.427621841430664,31.387876510620117
"2025-01-09 06:15:00.0000",0,100,14.808343887329102,24.52440643310547,34.18052673339844
"2025-01-09 06:30:00.0000",0,100,11.251395225524902,17.82528305053711,24.475915908813477
"2025-01-09 06:45:00.0000",0,100,10.6513032913208,16.9527530670166,26.622526168823242
"2025-01-09 07:00:00.0000",0,100,10.199645042419434,14.99077033996582,19.832595825195312
"2025-01-09 07:15:00.0000",0,100,7.387445449829102,13.136266708374023,20.722591400146484
"2025-01-09 07:30:00.0000",0,100,2.4387946128845215,6.974959373474121,15.033759117126465
"2025-01-09 07:45:00.0000",0,100,1.33021080493927,4.737941741943359,11.407133102416992
"2025-01-09 08:00:00.0000",0,100,2.126842975616455,8.753584861755371,49.01044845581055
"2025-01-09 08:15:00.0000",0,100,2.6883838176727295,9.29140567779541,29.528207778930664
"2025-01-09 08:30:00.0000",0,100,3.6199984550476074,10.531243324279785,31.86461067199707
"2025-01-09 08:45:00.0000",0,100,3.0221316814422607,8.56950855255127,16.866209030151367
"2025-01-09 09:00:00.0000",0,100,3.46903133392334,13.067787170410156,57.21171951293945
"2025-01-09 09:15:00.0000",0,100,3.6161465644836426,12.3514986038208,48.99542236328125
"2025-01-09 09:30:00.0000",0,100,3.434396505355835,9.882293701171875,36.43852996826172
"2025-01-09 09:45:00.0000",0,100,3.8414149284362793,12.154382705688477,33.752166748046875
"2025-01-09 10:00:00.0000",0,100,4.24308967590332,10.167439460754395,36.741905212402344
"2025-01-09 10:15:00.0000",0.21,100,3.834484815597534,12.719156265258789,44.16693878173828
"2025-01-09 10:30:00.0000",0.7,100,4.161178112030029,14.432012557983398,65.43318176269531
"2025-01-09 10:45:00.0000",0,100,2.903777599334717,12.472278594970703,67.49468231201172
"2025-01-09 11:00:00.0000",0,100,2.0455329418182373,7.227231979370117,38.01677322387695
"2025-01-09 11:15:00.0000",3.17,100,1.6705094575881958,5.04149055480957,22.45481300354004
"2025-01-09 11:30:00.0000",4.89,91.08,2.351870536804199,7.914463043212891,34.847938537597656
"2025-01-09 11:45:00.0000",7.27,83.03,2.3755879402160645,6.332651615142822,22.13992691040039
"2025-01-09 12:00:00.0000",7.82,73.02,0.7495169639587402,3.641876459121704,16.143024444580078
"2025-01-09 12:15:00.0000",6.84,70.72,0.6724735498428345,3.3236804008483887,9.479277610778809
"2025-01-09 12:30:00.0000",6.07,69.71,0.8343955874443054,4.506852149963379,23.419790267944336
"2025-01-09 12:45:00.0000",6.78,69.78,0.6939727067947388,2.881571054458618,8.555838584899902
"2025-01-09 13:00:00.0000",6.96,69.32,0.790651798248291,3.424734354019165,7.853192329406738
"2025-01-09 13:15:00.0000",5.5,73.37,0.897407591342926,3.525026559829712,7.706181526184082
"2025-01-09 13:30:00.0000",3.81,79.43,1.0739612579345703,5.2390971183776855,21.464771270751953
"2025-01-09 13:45:00.0000",3.51,81.58,0.9427191615104675,4.383631229400635,9.531573295593262
"2025-01-09 14:00:00.0000",4.54,78.89,1.0035990476608276,4.770158290863037,12.762076377868652
"2025-01-09 14:15:00.0000",4.09,77.01,0.8810931444168091,4.091960430145264,11.596037864685059
"2025-01-09 14:30:00.0000",3.04,84.31,1.507386565208435,5.652844429016113,14.105634689331055
"2025-01-09 14:45:00.0000",2.4,88.01,1.149734616279602,5.442068099975586,17.898454666137695
"2025-01-09 15:00:00.0000",2.49,88.41,1.2196896076202393,5.508613586425781,16.926719665527344
"2025-01-09 15:15:00.0000",1.9,88.84,1.8174045085906982,7.069334506988525,19.688121795654297
"2025-01-09 15:30:00.0000",1.32,92.4,2.024449586868286,6.152524948120117,17.515274047851562
"2025-01-09 15:45:00.0000",1.06,94.84,1.397373080253601,5.3020920753479,24.646799087524414
"2025-01-09 16:00:00.0000",0.56,99.12,1.5938867330551147,5.729912281036377,15.783583641052246
"2025-01-09 16:15:00.0000",0.36,100,2.186762571334839,8.347681045532227,41.34233856201172
"2025-01-09 16:30:00.0000",0.32,99.93,1.9127705097198486,5.079900741577148,13.00015640258789
"2025-01-09 16:45:00.0000",0.07,99.04,1.9636346101760864,6.792766571044922,21.68157958984375
"2025-01-09 17:00:00.0000",0,99.65,2.128448963165283,6.785104274749756,18.498031616210938
"2025-01-09 17:15:00.0000",0,100,2.119816780090332,6.135663986206055,12.905903816223145
"2025-01-09 17:30:00.0000",0,100,2.169718027114868,5.935635566711426,16.154813766479492
"2025-01-09 17:45:00.0000",0,100,2.770623207092285,7.721810817718506,19.567890167236328
"2025-01-09 18:00:00.0000",0,99.98,2.927589178085327,8.42538070678711,22.321317672729492
"2025-01-09 18:15:00.0000",0,100,2.253596305847168,6.237277030944824,17.403697967529297
"2025-01-09 18:30:00.0000",0,100,1.8245092630386353,5.765005588531494,14.957118034362793
"2025-01-09 18:45:00.0000",0,99.74,2.7524986267089844,7.240796089172363,14.681864738464355
"2025-01-09 19:00:00.0000",0,100,2.287480592727661,6.72514533996582,15.19184684753418
"2025-01-09 19:15:00.0000",0,100,2.1753294467926025,6.752885341644287,19.864599227905273
"2025-01-09 19:30:00.0000",0,100,2.90966534614563,7.52901029586792,22.042749404907227
"2025-01-09 19:45:00.0000",0,100,2.9949400424957275,8.028093338012695,25.692716598510742
"2025-01-09 20:00:00.0000",0,100,3.2341952323913574,7.966073036193848,16.021156311035156
"2025-01-09 20:15:00.0000",0,100,3.2633914947509766,8.734750747680664,17.69550895690918
"2025-01-09 20:30:00.0000",0,100,3.238492965698242,10.313765525817871,39.4941291809082
"2025-01-09 20:45:00.0000",0,100,3.529697895050049,10.948006629943848,25.053312301635742
"2025-01-09 21:00:00.0000",0,100,3.3336544036865234,9.50537109375,20.63665199279785
"2025-01-09 21:15:00.0000",0,100,3.25947642326355,9.186304092407227,18.420907974243164
"2025-01-09 21:30:00.0000",0,100,2.9562578201293945,7.6228461265563965,13.90492057800293
"2025-01-09 21:45:00.0000",0,100,3.201270341873169,8.87188720703125,15.910874366760254
"2025-01-09 22:00:00.0000",0,100,3.3337655067443848,9.573285102844238,21.648113250732422
"2025-01-09 22:15:00.0000",0,100,3.982311487197876,9.879910469055176,18.984888076782227
"2025-01-09 22:30:00.0000",0,100,3.9359183311462402,9.538773536682129,17.754838943481445
"2025-01-09 22:45:00.0000",0,100,5.374972343444824,13.076632499694824,32.82872009277344
"2025-01-09 23:00:00.0000",0,100,5.798956871032715,13.050604820251465,31.261493682861328
"2025-01-09 23:15:00.0000",0,100,5.779285430908203,14.447736740112305,38.47670364379883
"2025-01-09 23:30:00.0000",0,100,5.427768707275391,12.28139591217041,33.90989685058594
"2025-01-09 23:45:00.0000",0,100,5.283304691314697,12.538540840148926,22.23557472229004
"2025-01-10 00:00:00.0000",0,100,5.448540210723877,12.286224365234375,30.118196487426758
"2025-01-10 00:15:00.0000",0,100,4.917336463928223,11.631250381469727,21.50850486755371
"2025-01-10 00:30:00.0000",0,100,5.324817180633545,10.789257049560547,30.689491271972656
"2025-01-10 00:45:00.0000",0,100,5.648632049560547,12.673298835754395,30.243410110473633
"2025-01-10 01:00:00.0000",0,100,5.493706226348877,11.962845802307129,29.592384338378906
"2025-01-10 01:15:00.0000",0,100,5.176829814910889,12.128499031066895,27.802963256835938
"2025-01-10 01:30:00.0000",0,100,12.745658874511719,21.47439956665039,35.9752197265625
"2025-01-10 01:45:00.0000",0,100,12.069303512573242,19.31197738647461,28.994449615478516
"2025-01-10 02:00:00.0000",0,100,11.389410018920898,18.26717758178711,31.717185974121094
"2025-01-10 02:15:00.0000",0,100,9.628864288330078,15.598627090454102,29.055675506591797
"2025-01-10 02:30:00.0000",0,100,9.50596809387207,14.858440399169922,21.029319763183594
"2025-01-10 02:45:00.0000",0,100,9.43822193145752,15.912103652954102,30.06385040283203
"2025-01-10 03:00:00.0000",0,100,8.780193328857422,14.722977638244629,23.740896224975586
"2025-01-10 03:15:00.0000",0,100,9.46922492980957,15.809220314025879,26.252304077148438
"2025-01-10 03:30:00.0000",0,100,9.235014915466309,14.999103546142578,23.564102172851562
"2025-01-10 03:45:00.0000",0,100,10.204692840576172,16.721864700317383,30.593616485595703
"2025-01-10 04:00:00.0000",0,100,11.611725807189941,19.199092864990234,25.28179168701172
"2025-01-10 04:15:00.0000",0,100,11.76671314239502,18.663280487060547,31.619247436523438
"2025-01-10 04:30:00.0000",0,100,15.223587036132812,25.03864288330078,37.57674789428711
"2025-01-10 04:45:00.0000",0,100,12.232942581176758,19.088443756103516,25.67731475830078
"2025-01-10 05:00:00.0000",0,100,11.593426704406738,17.286230087280273,24.980287551879883
"2025-01-10 05:15:00.0000",0,100,11.2772798538208,16.237102508544922,21.117393493652344
"2025-01-10 05:30:00.0000",0,100,12.660765647888184,19.03225326538086,28.31719207763672
"2025-01-10 05:45:00.0000",0,100,11.751323699951172,17.875764846801758,39.421669006347656
"2025-01-10 06:00:00.0000",0,100,13.595829010009766,20.55585289001465,28.711318969726562
"2025-01-10 06:15:00.0000",0,100,12.197991371154785,17.56771469116211,25.075275421142578
"2025-01-10 06:30:00.0000",0,100,12.198966026306152,17.741859436035156,21.48380470275879
"2025-01-10 06:45:00.0000",0,100,11.152554512023926,16.033843994140625,19.50421905517578
"2025-01-10 07:00:00.0000",0,100,13.127769470214844,19.843690872192383,30.223541259765625
"2025-01-10 07:15:00.0000",0,100,12.739229202270508,17.792827606201172,20.899213790893555
"2025-01-10 07:30:00.0000",0,100,16.698551177978516,23.390995025634766,27.39751625061035
"2025-01-10 07:45:00.0000",0,100,19.858850479125977,30.113924026489258,42.9920539855957
"2025-01-10 08:00:00.0000",0,100,25.96845054626465,40.65918731689453,54.55411911010742
"2025-01-10 08:15:00.0000",0,100,30.0414981842041,48.68613815307617,61.88910675048828
"2025-01-10 08:30:00.0000",0,100,27.398984909057617,44.07024002075195,56.830806732177734
"2025-01-10 08:45:00.0000",0,100,24.67041015625,39.80909729003906,48.61118698120117
"2025-01-10 09:00:00.0000",0,100,19.539485931396484,30.07038116455078,38.65425109863281
"2025-01-10 09:15:00.0000",0,100,20.59697723388672,32.786895751953125,42.06303787231445
"2025-01-10 09:30:00.0000",0,100,17.56700325012207,27.057350158691406,36.589752197265625
"2025-01-10 09:45:00.0000",0,100,12.838950157165527,22.179861068725586,47.456886291503906
"2025-01-10 10:00:00.0000",0,100,10.656017303466797,19.716957092285156,38.41701126098633
"2025-01-10 10:15:00.0000",0,100,9.736981391906738,16.637447357177734,32.391841888427734
"2025-01-10 10:30:00.0000",0,100,10.31746768951416,17.565549850463867,28.69115447998047
"2025-01-10 10:45:00.0000",0,100,10.586275100708008,17.775415420532227,29.080894470214844
"2025-01-10 11:00:00.0000",0,100,8.745755195617676,16.4023494720459,28.59800910949707
"2025-01-10 11:15:00.0000",1.95,88.31,8.157952308654785,13.284722328186035,17.953731536865234
"2025-01-10 11:30:00.0000",1.7,83.6,7.880816459655762,14.278999328613281,24.737445831298828
"2025-01-10 11:45:00.0000",0,90.84,10.746109962463379,17.32265281677246,27.45511245727539
"2025-01-10 12:00:00.0000",1.04,87.26,8.800703048706055,14.877729415893555,26.24928092956543
"2025-01-10 12:15:00.0000",2.11,84.57,7.9089884757995605,13.327107429504395,20.619165420532227
"2025-01-10 12:30:00.0000",3.77,77.86,7.30618143081665,13.349274635314941,25.84180450439453
"2025-01-10 12:45:00.0000",5.74,66.92,6.939696788787842,12.057374000549316,26.648963928222656
"2025-01-10 13:00:00.0000",5.42,66.93,7.417964458465576,13.081292152404785,20.592979431152344
"2025-01-10 13:15:00.0000",3.22,73.68,8.723445892333984,14.199639320373535,23.48440933227539
"2025-01-10 13:30:00.0000",2.18,79.75,9.062042236328125,14.600349426269531,20.64799690246582
"2025-01-10 13:45:00.0000",2.17,83.93,7.6243510246276855,11.464152336120605,17.330698013305664
"2025-01-10 14:00:00.0000",2.72,79.55,7.027697563171387,11.395992279052734,21.839235305786133
"2025-01-10 14:15:00.0000",1.25,85.98,7.384531021118164,12.912238121032715,26.68659019470215
"2025-01-10 14:30:00.0000",3,81.07,6.727842330932617,11.38461685180664,19.784883499145508
"2025-01-10 14:45:00.0000",4.36,72.86,5.420599937438965,9.21651554107666,16.405763626098633
"2025-01-10 15:00:00.0000",2.67,79.87,7.446986675262451,12.478128433227539,19.57349967956543
"2025-01-10 15:15:00.0000",2.27,79.25,4.758617401123047,9.010613441467285,18.202741622924805
"2025-01-10 15:30:00.0000",2.39,76.9,4.856916904449463,9.255749702453613,18.601369857788086
"2025-01-10 15:45:00.0000",1.56,79.76,6.007948875427246,11.395540237426758,32.577571868896484
"2025-01-10 16:00:00.0000",0.18,84.87,6.652515411376953,13.284994125366211,30.701505661010742
"2025-01-10 16:15:00.0000",0,91.24,6.175067901611328,11.724058151245117,18.824644088745117
"2025-01-10 16:30:00.0000",0,95.16,7.461140155792236,14.778696060180664,26.123523712158203
"2025-01-10 16:45:00.0000",0,99.07,7.23186731338501,13.538142204284668,25.34088134765625
"2025-01-10 17:00:00.0000",0,100,6.642950057983398,12.38447093963623,20.521535873413086
"2025-01-10 17:15:00.0000",0,100,6.384579658508301,10.347599029541016,14.104426383972168
"2025-01-10 17:30:00.0000",0,100,7.900127410888672,14.491227149963379,23.733272552490234
"2025-01-10 17:45:00.0000",0,100,7.995590686798096,13.681825637817383,20.611812591552734
"2025-01-10 18:00:00.0000",0,100,11.319417953491211,18.431337356567383,29.401065826416016
"2025-01-10 18:15:00.0000",0,100,8.598557472229004,15.442532539367676,27.7744197845459
"2025-01-10 18:30:00.0000",0,100,10.0598726272583,18.32123565673828,27.374977111816406
"2025-01-10 18:45:00.0000",0,100,10.521953582763672,18.21073341369629,35.54826354980469
"2025-01-10 19:00:00.0000",0,100,9.765047073364258,17.056255340576172,31.36319923400879
"2025-01-10 19:15:00.0000",0,100,7.848576545715332,14.841608047485352,35.85095977783203
"2025-01-10 19:30:00.0000",0,100,8.200188636779785,14.726073265075684,23.96360206604004
"2025-01-10 19:45:00.0000",0,100,7.7323713302612305,15.061700820922852,26.321521759033203
"2025-01-10 20:00:00.0000",0,100,8.640398979187012,15.751897811889648,22.93446159362793
"2025-01-10 20:15:00.0000",0,100,7.949248313903809,15.086380958557129,28.914981842041016
"2025-01-10 20:30:00.0000",0,100,7.564826965332031,13.583001136779785,22.45391845703125
"2025-01-10 20:45:00.0000",0,100,8.124384880065918,15.073728561401367,34.530094146728516
"2025-01-10 21:00:00.0000",0,100,10.26710033416748,18.223630905151367,26.969770431518555
"2025-01-10 21:15:00.0000",0,100,8.31507396697998,15.35791301727295,25.83199119567871
"2025-01-10 21:30:00.0000",0,100,8.593537330627441,15.213104248046875,27.585365295410156
"2025-01-10 21:45:00.0000",0,100,8.57125473022461,15.175498008728027,24.393831253051758
"2025-01-10 22:00:00.0000",0,100,9.078919410705566,14.405046463012695,19.469606399536133
"2025-01-10 22:15:00.0000",0,100,11.234440803527832,20.256378173828125,34.66168212890625
"2025-01-10 22:30:00.0000",0,100,10.354351043701172,16.32177734375,22.71137809753418
"2025-01-10 22:45:00.0000",0,100,9.638163566589355,14.967215538024902,17.94942283630371
"2025-01-10 23:00:00.0000",0,100,10.662872314453125,20.22542381286621,28.171323776245117
"2025-01-10 23:15:00.0000",0,100,9.121301651000977,16.674739837646484,32.770118713378906
"2025-01-10 23:30:00.0000",0,100,9.708011627197266,19.127063751220703,32.454402923583984
"2025-01-10 23:45:00.0000",0,100,9.949774742126465,19.490825653076172,29.755229949951172
"2025-01-11 00:00:00.0000",0,100,9.97097110748291,18.35851287841797,35.57721710205078
"2025-01-11 00:15:00.0000",0,100,11.157362937927246,20.911540985107422,44.8673095703125
"2025-01-11 00:30:00.0000",0,100,11.924365043640137,22.330448150634766,43.22725296020508
"2025-01-11 00:45:00.0000",0,100,10.932889938354492,20.033761978149414,31.516620635986328
"2025-01-11 01:00:00.0000",0,100,13.405817031860352,24.2089786529541,38.258358001708984
"2025-01-11 01:15:00.0000",0,100,13.223457336425781,24.24287986755371,38.679718017578125
"2025-01-11 01:30:00.0000",0,100,19.158302307128906,31.560956954956055,46.68900680541992
"2025-01-11 01:45:00.0000",0,100,18.669876098632812,30.271385192871094,47.1777458190918
"2025-01-11 02:00:00.0000",0,100,20.236005783081055,33.003761291503906,45.70897674560547
"2025-01-11 02:15:00.0000",0,100,23.278188705444336,38.96799087524414,61.019744873046875
"2025-01-11 02:30:00.0000",0,100,19.674793243408203,34.006019592285156,45.351318359375
"2025-01-11 02:45:00.0000",0,100,18.07294273376465,29.636903762817383,43.32040023803711
"2025-01-11 03:00:00.0000",0,100,18.99700927734375,31.98661994934082,47.869319915771484
"2025-01-11 03:15:00.0000",0,100,16.946996688842773,28.415529251098633,53.37046432495117
"2025-01-11 03:30:00.0000",0,100,15.377874374389648,26.80575942993164,56.497737884521484
"2025-01-11 03:45:00.0000",0,100,16.82695960998535,28.304275512695312,44.63213348388672
"2025-01-11 04:00:00.0000",0,100,18.37381362915039,31.279972076416016,50.1673469543457
"2025-01-11 04:15:00.0000",0,100,18.294925689697266,31.278173446655273,57.95828628540039
"2025-01-11 04:30:00.0000",0,100,20.12494659423828,33.4432487487793,61.607181549072266
"2025-01-11 04:45:00.0000",0,100,22.272050857543945,36.03968048095703,50.50937271118164
"2025-01-11 05:00:00.0000",0,100,18.65470314025879,31.531644821166992,47.46694564819336
"2025-01-11 05:15:00.0000",0,100,20.283628463745117,33.80437469482422,59.555328369140625
"2025-01-11 05:30:00.0000",0,100,18.85887908935547,33.92460250854492,59.147605895996094
"2025-01-11 05:45:00.0000",0,100,20.09988784790039,33.843711853027344,62.11674118041992
"2025-01-11 06:00:00.0000",0,100,20.56787109375,34.008827209472656,63.497154235839844
"2025-01-11 06:15:00.0000",0,100,20.061473846435547,32.59284210205078,55.12894821166992
"2025-01-11 06:30:00.0000",0,100,20.981416702270508,34.37165069580078,60.624691009521484
"2025-01-11 06:45:00.0000",0,100,22.375411987304688,36.04837417602539,62.83527374267578
"2025-01-11 07:00:00.0000",0,100,21.483989715576172,35.9105110168457,61.46072769165039
"2025-01-11 07:15:00.0000",0,100,21.95429801940918,33.943328857421875,44.27930450439453
"2025-01-11 07:30:00.0000",0,100,22.88423728942871,35.73210144042969,50.35258102416992
"2025-01-11 07:45:00.0000",0,100,26.047870635986328,41.79440689086914,65.4757308959961
"2025-01-11 08:00:00.0000",0,100,27.042011260986328,43.23326873779297,73.52079772949219
"2025-01-11 08:15:00.0000",0,100,28.2868595123291,45.675453186035156,71.31185913085938
"2025-01-11 08:30:00.0000",0,100,26.426477432250977,41.993587493896484,68.73213958740234
"2025-01-11 08:45:00.0000",0,100,25.468189239501953,40.863155364990234,62.46137619018555
"2025-01-11 09:00:00.0000",0,100,24.299962997436523,39.62575912475586,61.223045349121094
"2025-01-11 09:15:00.0000",0,100,25.210466384887695,41.701271057128906,62.565101623535156
"2025-01-11 09:30:00.0000",0,100,24.856826782226562,40.29069519042969,61.028629302978516
"2025-01-11 09:45:00.0000",0,100,23.47178077697754,39.61970901489258,59.2234001159668
"2025-01-11 10:00:00.0000",0,100,21.87754249572754,37.202392578125,61.1535530090332
"2025-01-11 10:15:00.0000",0,100,19.180740356445312,32.7984504699707,55.471466064453125
"2025-01-11 10:30:00.0000",0,100,16.5513858795166,28.385162353515625,42.677513122558594
"2025-01-11 10:45:00.0000",0,100,13.729747772216797,22.96422004699707,30.904579162597656
"2025-01-11 11:00:00.0000",0.14,99.84,12.73422908782959,21.822052001953125,41.764041900634766
"2025-01-11 11:15:00.0000",0,100,12.923087120056152,23.420368194580078,40.81898880004883
"2025-01-11 11:30:00.0000",0,100,17.92031478881836,29.219045639038086,50.618186950683594
"2025-01-11 11:45:00.0000",0,100,19.330610275268555,29.82696533203125,51.152496337890625
"2025-01-11 12:00:00.0000",0,100,16.559356689453125,27.17947006225586,47.649993896484375
"2025-01-11 12:15:00.0000",0,100,14.7833890914917,25.718524932861328,40.40713119506836
"2025-01-11 12:30:00.0000",0,100,14.006587028503418,23.83083724975586,40.92595291137695
"2025-01-11 12:45:00.0000",0,100,13.993826866149902,24.17777442932129,36.44603729248047
"2025-01-11 13:00:00.0000",0,100,14.308782577514648,24.89671516418457,38.024845123291016
"2025-01-11 13:15:00.0000",0,100,13.092630386352539,23.292280197143555,37.210182189941406
"2025-01-11 13:30:00.0000",0,100,14.587686538696289,23.2308349609375,35.929325103759766
"2025-01-11 13:45:00.0000",0,100,14.123689651489258,24.26316261291504,48.830780029296875
"2025-01-11 14:00:00.0000",0,100,15.106674194335938,25.666240692138672,39.591548919677734
"2025-01-11 14:15:00.0000",0,100,14.20335578918457,24.205625534057617,42.26675796508789
"2025-01-11 14:30:00.0000",0,100,15.8645601272583,27.63983726501465,49.358238220214844
"2025-01-11 14:45:00.0000",0,100,19.97127914428711,32.04520797729492,50.51346969604492
"2025-01-11 15:00:00.0000",0,100,16.381237030029297,26.78315544128418,42.781490325927734
"2025-01-11 15:15:00.0000",0,100,17.357769012451172,28.708772659301758,47.007572174072266
"2025-01-11 15:30:00.0000",0,100,14.614053726196289,25.025100708007812,45.55592346191406
"2025-01-11 15:45:00.0000",0,100,14.82490062713623,25.650720596313477,42.16904067993164
"2025-01-11 16:00:00.0000",0,100,18.015655517578125,29.387149810791016,43.64519500732422
"2025-01-11 16:15:00.0000",0,100,18.733383178710938,29.284461975097656,43.381778717041016
"2025-01-11 16:30:00.0000",0,100,14.306955337524414,24.133888244628906,37.811256408691406
"2025-01-11 16:45:00.0000",0,100,18.42192840576172,30.340970993041992,49.256187438964844
"2025-01-11 17:00:00.0000",0,100,23.7219181060791,36.208900451660156,51.119483947753906
"2025-01-11 17:15:00.0000",0,100,19.070323944091797,30.938364028930664,45.71354293823242
"2025-01-11 17:30:00.0000",0,100,12.64936637878418,22.338891983032227,33.34867477416992
"2025-01-11 17:45:00.0000",0,100,12.607423782348633,23.13580322265625,41.049285888671875
"2025-01-11 18:00:00.0000",0,100,13.361827850341797,22.915647506713867,39.750213623046875
"2025-01-11 18:15:00.0000",0,100,13.700508117675781,22.7552433013916,38.285194396972656
"2025-01-11 18:30:00.0000",0,100,13.367667198181152,22.27153968811035,39.69226837158203
"2025-01-11 18:45:00.0000",0,100,13.110757827758789,23.543659210205078,41.19725036621094
"2025-01-11 19:00:00.0000",0,100,12.988823890686035,21.746042251586914,34.801239013671875
"2025-01-11 19:15:00.0000",0,100,12.010993003845215,20.586118698120117,32.27540588378906
"2025-01-11 19:30:00.0000",0,100,13.385096549987793,23.08049774169922,39.265933990478516
"2025-01-11 19:45:00.0000",0,100,13.501487731933594,24.285627365112305,37.39934539794922
"2025-01-11 20:00:00.0000",0,100,13.428382873535156,23.343725204467773,46.772613525390625
"2025-01-11 20:15:00.0000",0,100,17.493547439575195,28.33892250061035,39.71535873413086
"2025-01-11 20:30:00.0000",0,100,15.905831336975098,26.034812927246094,36.05466079711914
"2025-01-11 20:45:00.0000",0,100,17.62220573425293,28.896570205688477,45.675025939941406
"2025-01-11 21:00:00.0000",0,100,17.219919204711914,28.174854278564453,43.859519958496094
"2025-01-11 21:15:00.0000",0,100,17.729318618774414,27.921131134033203,40.83595275878906
"2025-01-11 21:30:00.0000",0,100,17.172439575195312,28.096757888793945,44.82439422607422
"2025-01-11 21:45:00.0000",0,100,16.51897430419922,27.90468978881836,40.90680694580078
"2025-01-11 22:00:00.0000",0,100,12.695807456970215,22.073345184326172,33.613914489746094
"2025-01-11 22:15:00.0000",0,100,12.287676811218262,21.92286491394043,32.09373474121094
"2025-01-11 22:30:00.0000",0,100,11.138957977294922,20.290729522705078,29.514310836791992
"2025-01-11 22:45:00.0000",0,100,9.809017181396484,18.41871452331543,28.93808937072754
"2025-01-11 23:00:00.0000",0,100,8.834458351135254,15.879509925842285,21.5780086517334
"2025-01-11 23:15:00.0000",0,100,9.204524993896484,16.93256187438965,26.86753273010254
"2025-01-11 23:30:00.0000",0,100,9.298822402954102,15.817421913146973,23.6531982421875
"2025-01-11 23:45:00.0000",0,100,9.155269622802734,17.18637466430664,35.991485595703125
"2025-01-12 00:00:00.0000",0,100,8.8502779006958,16.3004150390625,27.342254638671875
"2025-01-12 00:15:00.0000",0,100,10.420692443847656,17.891033172607422,27.201997756958008
"2025-01-12 00:30:00.0000",0,100,14.478503227233887,24.253528594970703,34.9970588684082
"2025-01-12 00:45:00.0000",0,100,16.5595645904541,26.43043327331543,37.378173828125
"2025-01-12 01:00:00.0000",0,100,15.726899147033691,26.55032730102539,40.19668960571289
"2025-01-12 01:15:00.0000",0,100,18.48077392578125,29.278324127197266,41.50208282470703
"2025-01-12 01:30:00.0000",0,100,17.363073348999023,29.19554328918457,44.746036529541016
"2025-01-12 01:45:00.0000",0,100,20.917301177978516,34.84151840209961,59.54545211791992
"2025-01-12 02:00:00.0000",0,100,17.336044311523438,30.50489616394043,50.22876739501953
"2025-01-12 02:15:00.0000",0,100,15.831418991088867,28.30519676208496,56.48818588256836
"2025-01-12 02:30:00.0000",0,100,14.536863327026367,25.343782424926758,38.712646484375
"2025-01-12 02:45:00.0000",0,100,14.415323257446289,26.643375396728516,45.27890396118164
"2025-01-12 03:00:00.0000",0,100,15.408705711364746,25.940704345703125,39.270320892333984
"2025-01-12 03:15:00.0000",0,100,16.062036514282227,27.275503158569336,51.915428161621094
"2025-01-12 03:30:00.0000",0,100,15.36705207824707,25.726512908935547,46.84101486206055
"2025-01-12 03:45:00.0000",0,100,14.123031616210938,24.563955307006836,36.06941223144531
"2025-01-12 04:00:00.0000",0,100,14.20473861694336,23.120027542114258,38.212623596191406
"2025-01-12 04:15:00.0000",0,100,17.152847290039062,26.357807159423828,37.77103042602539
"2025-01-12 04:30:00.0000",0,100,17.98014259338379,27.573970794677734,37.85875701904297
"2025-01-12 04:45:00.0000",0,100,13.72288990020752,21.65236473083496,30.17543601989746
"2025-01-12 05:00:00.0000",0,100,14.23586654663086,24.40384292602539,41.01764678955078
"2025-01-12 05:15:00.0000",0,100,13.295305252075195,22.350440979003906,33.87282943725586
"2025-01-12 05:30:00.0000",0,100,13.834722518920898,24.019657135009766,47.250022888183594
"2025-01-12 05:45:00.0000",0,100,14.157458305358887,22.21272850036621,32.21546936035156
"2025-01-12 06:00:00.0000",0,100,14.442152976989746,23.81035614013672,35.053077697753906
"2025-01-12 06:15:00.0000",0,100,14.687003135681152,23.9251708984375,34.02427673339844
"2025-01-12 06:30:00.0000",0,100,14.914505958557129,23.316434860229492,35.044883728027344
"2025-01-12 06:45:00.0000",0,100,14.899796485900879,24.214014053344727,34.18655776977539
"2025-01-12 07:00:00.0000",0,100,16.241539001464844,24.74030876159668,39.320247650146484
"2025-01-12 07:15:00.0000",0,100,19.766048431396484,30.37400245666504,42.99165725708008
"2025-01-12 07:30:00.0000",0,100,20.797483444213867,31.68464469909668,40.93165588378906
"2025-01-12 07:45:00.0000",0,100,20.079504013061523,31.413801193237305,48.350852966308594
"2025-01-12 08:00:00.0000",0,100,19.083555221557617,28.86590003967285,41.6324462890625
"2025-01-12 08:15:00.0000",0,100,19.929656982421875,30.731367111206055,43.582096099853516
"2025-01-12 08:30:00.0000",0,100,18.038436889648438,27.744802474975586,41.008541107177734
"2025-01-12 08:45:00.0000",0,100,16.7871150970459,26.660396575927734,38.75137710571289
"2025-01-12 09:00:00.0000",0,100,16.983318328857422,27.106355667114258,41.005882263183594
"2025-01-12 09:15:00.0000",0,100,16.511194229125977,25.552135467529297,40.48655700683594
"2025-01-12 09:30:00.0000",0,100,15.203134536743164,24.182287216186523,33.42045974731445
"2025-01-12 09:45:00.0000",0,100,15.684884071350098,24.187767028808594,31.93455696105957
"2025-01-12 10:00:00.0000",0,100,15.44450569152832,23.55910301208496,31.356182098388672
"2025-01-12 10:15:00.0000",0.04,100,13.093283653259277,20.53129005432129,32.21516036987305
"2025-01-12 10:30:00.0000",1.51,100,11.549332618713379,18.001850128173828,27.483726501464844
"2025-01-12 10:45:00.0000",2.54,95.32,11.182518005371094,16.637657165527344,21.890913009643555
"2025-01-12 11:00:00.0000",3.39,91,11.241600036621094,16.204437255859375,20.636882781982422
"2025-01-12 11:15:00.0000",3.86,88.17,11.780073165893555,16.861766815185547,24.98247528076172
"2025-01-12 11:30:00.0000",3.25,90.22,20.20001220703125,26.08954429626465,31.774856567382812
"2025-01-12 11:45:00.0000",4.12,88.4,17.6539363861084,22.92613983154297,28.528377532958984
"2025-01-12 12:00:00.0000",4.5,86.25,15.63624095916748,21.761747360229492,25.888202667236328
"2025-01-12 12:15:00.0000",4.32,87.21,14.472467422485352,20.260787963867188,24.54143524169922
"2025-01-12 12:30:00.0000",3.86,89.59,15.38125228881836,22.406822204589844,30.134748458862305
"2025-01-12 12:45:00.0000",4.8,87.34,14.286712646484375,21.044965744018555,24.90762710571289
"2025-01-12 13:00:00.0000",6.33,83.3,12.04710578918457,17.2852783203125,21.885250091552734
"2025-01-12 13:15:00.0000",7.19,81.09,10.386290550231934,14.784255027770996,18.88278579711914
"2025-01-12 13:30:00.0000",6.66,82.83,8.460275650024414,13.139382362365723,19.12683868408203
"2025-01-12 13:45:00.0000",6.49,83.78,8.081239700317383,12.619370460510254,18.655044555664062
"2025-01-12 14:00:00.0000",7.16,82.18,6.731009483337402,10.149691581726074,14.041036605834961
"2025-01-12 14:15:00.0000",8.27,77.89,5.988236904144287,8.635695457458496,13.445572853088379
"2025-01-12 14:30:00.0000",8.19,77.04,5.371554374694824,7.768625736236572,10.518285751342773
"2025-01-12 14:45:00.0000",6.79,81.28,5.125788688659668,7.450405597686768,10.575594902038574
"2025-01-12 15:00:00.0000",5.77,85.33,5.869117736816406,8.924617767333984,13.279380798339844
"2025-01-12 15:15:00.0000",6.18,85.47,4.921840190887451,7.04673433303833,9.835367202758789
"2025-01-12 15:30:00.0000",5.52,86.55,5.428763389587402,8.302706718444824,11.422804832458496
"2025-01-12 15:45:00.0000",4.49,90.6,5.413352966308594,8.290300369262695,14.301061630249023
"2025-01-12 16:00:00.0000",3.54,95.04,5.347270488739014,8.366852760314941,13.15214729309082
"2025-01-12 16:15:00.0000",2.76,99.94,5.40322208404541,8.743918418884277,15.751235008239746
"2025-01-12 16:30:00.0000",2.33,100,6.7965850830078125,10.383213996887207,19.20011329650879
"2025-01-12 16:45:00.0000",2.03,100,8.002208709716797,11.316973686218262,19.388790130615234
"2025-01-12 17:00:00.0000",1.77,100,8.458124160766602,12.284055709838867,17.72797966003418
"2025-01-12 17:15:00.0000",1.63,100,8.396990776062012,12.46463680267334,19.26618766784668
"2025-01-12 17:30:00.0000",1.57,100,10.095685005187988,14.450501441955566,18.840621948242188
"2025-01-12 17:45:00.0000",1.36,100,11.51802921295166,16.79255485534668,28.218252182006836
"2025-01-12 18:00:00.0000",1.12,100,12.95366382598877,19.20235824584961,28.79112434387207
"2025-01-12 18:15:00.0000",1.12,100,11.917352676391602,17.817766189575195,24.56491470336914
"2025-01-12 18:30:00.0000",1.16,100,13.079057693481445,19.344453811645508,23.60486602783203
"2025-01-12 18:45:00.0000",1.07,100,14.586817741394043,21.337112426757812,29.718469619750977
"2025-01-12 19:00:00.0000",0.93,100,12.852365493774414,19.625730514526367,26.548006057739258
"2025-01-12 19:15:00.0000",0.86,100,13.29472827911377,20.080242156982422,26.963638305664062
"2025-01-12 19:30:00.0000",0.91,100,13.109563827514648,19.351337432861328,29.035123825073242
"2025-01-12 19:45:00.0000",1.06,100,11.874523162841797,18.342775344848633,27.704439163208008
"2025-01-12 20:00:00.0000",0.99,100,12.050728797912598,18.122081756591797,29.768062591552734
"2025-01-12 20:15:00.0000",0.97,100,11.175098419189453,17.207252502441406,23.917844772338867
"2025-01-12 20:30:00.0000",0.94,100,9.537160873413086,15.062078475952148,22.348392486572266
"2025-01-12 20:45:00.0000",1.02,100,9.1585054397583,14.014941215515137,23.069839477539062
"2025-01-12 21:00:00.0000",1.06,100,8.211344718933105,12.903789520263672,21.775253295898438
"2025-01-12 21:15:00.0000",1.1,100,6.936049461364746,11.794804573059082,24.73352813720703
"2025-01-12 21:30:00.0000",1.22,100,6.138986587524414,10.45203971862793,20.035587310791016
"2025-01-12 21:45:00.0000",1.34,100,5.214857578277588,9.184708595275879,14.466058731079102
"2025-01-12 22:00:00.0000",1.4,100,5.083090782165527,8.328655242919922,20.873735427856445
"2025-01-12 22:15:00.0000",1.28,100,6.0240702629089355,10.240942001342773,21.237937927246094
"2025-01-12 22:30:00.0000",1.17,100,6.3315606117248535,11.369099617004395,22.416654586791992
"2025-01-12 22:45:00.0000",1.16,100,6.26598596572876,10.516057968139648,19.272714614868164
"2025-01-12 23:00:00.0000",1.18,100,5.729856014251709,9.123231887817383,15.934988975524902
"2025-01-12 23:15:00.0000",1.24,100,5.23769998550415,9.047053337097168,14.599467277526855
"2025-01-12 23:30:00.0000",1.3,100,4.4519147872924805,7.448685169219971,12.54196548461914
"2025-01-12 23:45:00.0000",1.32,100,4.136648654937744,8.296797752380371,19.231128692626953
"2025-01-13 00:00:00.0000",1.22,100,4.197829723358154,8.542043685913086,17.43153190612793
"2025-01-13 00:15:00.0000",1.12,100,4.597148418426514,8.579593658447266,13.94095516204834
"2025-01-13 00:30:00.0000",1.1,100,4.244263648986816,8.16761302947998,18.861600875854492
"2025-01-13 00:45:00.0000",1.12,100,4.253547668457031,7.833986759185791,15.703702926635742
"2025-01-13 01:00:00.0000",1.16,100,3.783939838409424,6.863633155822754,14.60737133026123
"2025-01-13 01:15:00.0000",1.19,100,3.453756093978882,6.6860198974609375,15.216365814208984
"2025-01-13 01:30:00.0000",1.19,100,2.9767239093780518,5.635617733001709,10.550156593322754
"2025-01-13 01:45:00.0000",1.26,100,2.8255529403686523,5.7795209884643555,10.939281463623047
"2025-01-13 02:00:00.0000",1.35,100,2.58404803276062,5.381126403808594,10.87723159790039
"2025-01-13 02:15:00.0000",1.55,100,2.8577680587768555,6.124273777008057,13.526571273803711
"2025-01-13 02:30:00.0000",1.72,100,2.2000627517700195,4.51568603515625,7.9616923332214355
"2025-01-13 02:45:00.0000",1.82,100,2.0198543071746826,4.601762294769287,10.848422050476074
"2025-01-13 03:00:00.0000",1.86,100,1.8587250709533691,4.372685432434082,9.615986824035645
"2025-01-13 03:15:00.0000",1.9,100,1.856195092201233,4.444737434387207,12.452609062194824
"2025-01-13 03:30:00.0000",1.88,100,1.7685554027557373,4.70694637298584,11.943180084228516
"2025-01-13 03:45:00.0000",1.88,100,1.6487280130386353,4.370250701904297,18.864486694335938
"2025-01-13 04:00:00.0000",1.92,100,1.7063714265823364,4.306589603424072,12.724300384521484
"2025-01-13 04:15:00.0000",1.95,100,1.6584126949310303,3.7870283126831055,10.837774276733398
"2025-01-13 04:30:00.0000",1.96,100,1.6790399551391602,4.512996196746826,12.008760452270508
"2025-01-13 04:45:00.0000",1.93,100,1.694538950920105,4.681679725646973,10.119315147399902
"2025-01-13 05:00:00.0000",1.93,100,1.541627287864685,3.615338087081909,8.28864574432373
"2025-01-13 05:15:00.0000",1.96,100,1.3859919309616089,4.081989765167236,10.079252243041992
"2025-01-13 05:30:00.0000",2.04,99.98,1.2384828329086304,3.1166272163391113,9.04219913482666
"2025-01-13 05:45:00.0000",1.96,99.91,1.1797889471054077,2.955756902694702,8.06529712677002
"2025-01-13 06:00:00.0000",2.06,99.73,1.2865656614303589,4.231389045715332,12.815706253051758
"2025-01-13 06:15:00.0000",2.1,99.87,1.3026365041732788,3.898064613342285,11.546079635620117
"2025-01-13 06:30:00.0000",2.22,99.94,1.144456386566162,3.274089813232422,9.279851913452148
"2025-01-13 06:45:00.0000",2.31,99.97,1.3838742971420288,3.7482879161834717,16.227243423461914
"2025-01-13 07:00:00.0000",2.21,100,1.4445812702178955,4.5927324295043945,19.449691772460938
"2025-01-13 07:15:00.0000",2.2,100,1.40119206905365,3.8721325397491455,11.18288803100586
"2025-01-13 07:30:00.0000",2.16,100,1.2380876541137695,3.8194286823272705,10.755184173583984
"2025-01-13 07:45:00.0000",2.1,100,1.3395304679870605,4.013164520263672,11.056804656982422
"2025-01-13 08:00:00.0000",2.06,100,1.465858817100525,5.12267541885376,14.35282039642334
"2025-01-13 08:15:00.0000",2.16,100,1.574912667274475,5.43523645401001,13.110671043395996
"2025-01-13 08:30:00.0000",2.18,100,1.5373116731643677,5.178610801696777,12.886040687561035
"2025-01-13 08:45:00.0000",2.22,100,1.533920168876648,4.614613056182861,11.926541328430176
"2025-01-13 09:00:00.0000",2.29,99.95,1.526800274848938,4.979434013366699,15.118667602539062
"2025-01-13 09:15:00.0000",2.39,99.84,1.8263862133026123,5.802071571350098,13.388099670410156
"2025-01-13 09:30:00.0000",2.44,99.94,1.5757055282592773,3.8990349769592285,7.900789737701416
"2025-01-13 09:45:00.0000",2.58,99.87,1.5852175951004028,4.10074520111084,7.845266342163086
"2025-01-13 10:00:00.0000",2.67,99.94,1.654915690422058,5.897944450378418,15.2086181640625
"2025-01-13 10:15:00.0000",2.76,99.85,1.6323745250701904,4.889034748077393,30.475540161132812
"2025-01-13 10:30:00.0000",2.73,99.99,2.028456926345825,6.281702995300293,20.040014266967773
"2025-01-13 10:45:00.0000",2.81,99.96,1.752180576324463,5.635229587554932,12.389392852783203
"2025-01-13 11:00:00.0000",2.87,99.96,1.614363431930542,5.743605613708496,14.739723205566406
"2025-01-13 11:15:00.0000",3,99.94,1.8725944757461548,6.248631477355957,19.54334831237793
"2025-01-13 11:30:00.0000",3.01,100,2.1658194065093994,7.099313259124756,21.022541046142578
"2025-01-13 11:45:00.0000",3.17,100,2.0262768268585205,6.27554178237915,13.38581371307373
"2025-01-13 12:00:00.0000",3.34,100,2.125723361968994,6.794856548309326,17.33979606628418
"2025-01-13 12:15:00.0000",3.5,99.94,2.320007085800171,7.868895053863525,22.35972023010254
"2025-01-13 12:30:00.0000",3.65,99.79,2.3308279514312744,7.25380802154541,25.637554168701172
"2025-01-13 12:45:00.0000",3.75,99.72,2.267507553100586,7.018048286437988,31.415864944458008
"2025-01-13 13:00:00.0000",3.73,99.85,2.348524570465088,7.53051233291626,17.91680335998535
"2025-01-13 13:15:00.0000",3.9,99.82,2.3897130489349365,6.913285732269287,20.96905517578125
"2025-01-13 13:30:00.0000",4.05,99.87,2.4297235012054443,7.066701412200928,18.957719802856445
"2025-01-13 13:45:00.0000",4.12,99.9,2.3189899921417236,7.438981056213379,13.066004753112793
"2025-01-13 14:00:00.0000",4.19,100,2.5450551509857178,8.475933074951172,22.647275924682617
"2025-01-13 14:15:00.0000",4.45,99.79,2.2700533866882324,8.362138748168945,30.34403419494629
"2025-01-13 14:30:00.0000",4.58,99.81,1.8532679080963135,5.818803787231445,15.93451976776123
"2025-01-13 14:45:00.0000",4.86,100,1.795985221862793,5.786471843719482,12.863669395446777
"2025-01-13 15:00:00.0000",4.95,99.43,2.0663580894470215,6.29965877532959,13.533172607421875
"2025-01-13 15:15:00.0000",4.64,99.47,2.251816749572754,7.136306285858154,29.966720581054688
"2025-01-13 15:30:00.0000",4.51,99.57,2.336132764816284,7.2673726081848145,17.726987838745117
"2025-01-13 15:45:00.0000",4.37,99.77,2.3858747482299805,8.063579559326172,19.562747955322266
"2025-01-13 16:00:00.0000",4.41,99.93,1.9604674577713013,6.425529956817627,13.73328971862793
"2025-01-13 16:15:00.0000",4.7,99.93,1.1000616550445557,4.104227066040039,10.12467098236084
"2025-01-13 16:30:00.0000",4.87,99.73,1.3561272621154785,4.137065887451172,8.590421676635742
"2025-01-13 16:45:00.0000",5.31,100,1.078799843788147,3.238485097885132,8.127603530883789
"2025-01-13 17:00:00.0000",5.66,100,0.9738384485244751,2.8795247077941895,7.3674540519714355
"2025-01-13 17:15:00.0000",5.79,100,1.2037720680236816,2.794434070587158,7.327723503112793
"2025-01-13 17:30:00.0000",5.51,100,1.3239436149597168,4.039384841918945,12.303899765014648
"2025-01-13 17:45:00.0000",5.17,100,1.7369226217269897,3.9288012981414795,6.967283248901367
"2025-01-13 18:00:00.0000",5.02,100,1.2986268997192383,4.222250461578369,12.843981742858887
"2025-01-13 18:15:00.0000",5.18,100,1.5405055284500122,4.364970684051514,15.654067993164062
"2025-01-13 18:30:00.0000",5.03,100,1.6353929042816162,3.59540057182312,7.986859321594238
"2025-01-13 18:45:00.0000",4.77,100,1.6839770078659058,4.506207466125488,11.093053817749023
"2025-01-13 19:00:00.0000",4.7,100,1.7391810417175293,4.980123043060303,9.65976619720459
"2025-01-13 19:15:00.0000",4.41,100,2.5110223293304443,6.171288013458252,16.57302474975586
"2025-01-13 19:30:00.0000",4.43,100,2.0923216342926025,5.044479846954346,9.253226280212402
"2025-01-13 19:45:00.0000",4.61,100,2.0669217109680176,5.633200645446777,11.759520530700684
"2025-01-13 20:00:00.0000",4.86,100,1.881461262702942,4.910434722900391,10.233268737792969
"2025-01-13 20:15:00.0000",4.91,100,1.830174207687378,4.564684867858887,11.788629531860352
"2025-01-13 20:30:00.0000",4.86,100,1.9428969621658325,5.168906211853027,11.874398231506348
"2025-01-13 20:45:00.0000",4.88,100,1.9292362928390503,4.871099948883057,10.717655181884766
"2025-01-13 21:00:00.0000",5.01,100,1.9308953285217285,5.07963752746582,11.729564666748047
"2025-01-13 21:15:00.0000",5.32,100,1.564777135848999,4.030421733856201,10.427939414978027
"2025-01-13 21:30:00.0000",5.73,100,1.146297574043274,3.663134813308716,8.790791511535645
"2025-01-13 21:45:00.0000",5.94,100,1.3017722368240356,3.677912473678589,11.678515434265137
"2025-01-13 22:00:00.0000",5.37,100,2.189689874649048,5.930110931396484,13.022329330444336
"2025-01-13 22:15:00.0000",5.02,100,2.3321709632873535,6.14419412612915,10.464163780212402
"2025-01-13 22:30:00.0000",4.92,100,1.9003958702087402,5.598021030426025,12.758963584899902
"2025-01-13 22:45:00.0000",6.72,100,0.6181877851486206,2.0780868530273438,6.4075140953063965
"2025-01-13 23:00:00.0000",6.96,100,0.678505003452301,1.7486169338226318,11.081454277038574
"2025-01-13 23:15:00.0000",6.97,100,0.3971920311450958,1.6375676393508911,6.436432361602783
"2025-01-13 23:30:00.0000",7.01,100,0.3751240074634552,1.0607731342315674,3.7013518810272217
"2025-01-13 23:45:00.0000",6.94,100,0.40909963846206665,1.4955592155456543,4.419622898101807
"2025-01-14 00:00:00.0000",7.03,100,0.3739515244960785,1.694044589996338,5.304922103881836
"2025-01-14 00:15:00.0000",7.22,100,0.25113391876220703,0.63227778673172,2.9575657844543457
"2025-01-14 00:30:00.0000",7.28,99.94,0.3316155970096588,1.328173279762268,4.094324111938477
"2025-01-14 00:45:00.0000",7.19,100,0.3146888017654419,0.8108434677124023,3.150615930557251
"2025-01-14 01:00:00.0000",7.22,100,0.43685173988342285,1.5201787948608398,5.553012847900391
"2025-01-14 01:15:00.0000",7.26,100,0.43203026056289673,1.2484818696975708,3.951526165008545
"2025-01-14 01:30:00.0000",7.33,100,0.32030200958251953,0.9270452857017517,3.2846362590789795
"2025-01-14 01:45:00.0000",7.32,100,0.37525230646133423,1.191468596458435,3.6718356609344482
"2025-01-14 02:00:00.0000",7.23,100,0.42610979080200195,1.5428833961486816,5.79048490524292
"2025-01-14 02:15:00.0000",6.89,100,0.5937294363975525,1.7093676328659058,4.654478549957275
"2025-01-14 02:30:00.0000",6.92,100,0.3233760595321655,1.0607187747955322,4.065865993499756
"2025-01-14 02:45:00.0000",6.88,100,0.3735170066356659,1.2492040395736694,5.359771251678467
"2025-01-14 03:00:00.0000",7,100,0.36737045645713806,1.0795578956604004,3.396557092666626
"2025-01-14 03:15:00.0000",7.31,100,0.2513488531112671,0.9735041856765747,4.686365127563477
"2025-01-14 03:30:00.0000",7.64,100,0.23743589222431183,1.0024179220199585,3.8369624614715576
"2025-01-14 03:45:00.0000",7.45,100,0.318412721157074,0.8091764450073242,3.0702035427093506
"2025-01-14 04:00:00.0000",7.55,100,0.24459707736968994,0.9112517237663269,3.3562352657318115
"2025-01-14 04:15:00.0000",7.71,100,0.16688336431980133,0.828208863735199,3.3991434574127197
"2025-01-14 04:30:00.0000",7.66,100,0.1788010448217392,0.6455357074737549,3.711439847946167
"2025-01-14 04:45:00.0000",7.74,100,0.2907317280769348,0.9974460601806641,3.3964061737060547
"2025-01-14 05:00:00.0000",7.72,100,0.32622092962265015,1.510135531425476,4.652782917022705
"2025-01-14 05:15:00.0000",7.69,100,0.28147265315055847,0.8830791711807251,3.494107961654663
"2025-01-14 05:30:00.0000",7.69,100,0.37003251910209656,1.3371034860610962,4.074762344360352
"2025-01-14 05:45:00.0000",7.49,100,0.3463177978992462,1.3056353330612183,7.991082668304443
"2025-01-14 06:00:00.0000",7.43,100,0.43076759576797485,1.5225896835327148,4.497992515563965
"2025-01-14 06:15:00.0000",7.44,100,0.38281548023223877,1.6420376300811768,5.852691173553467
"2025-01-14 06:30:00.0000",7.42,100,0.45265427231788635,1.367078423500061,4.764118671417236
"2025-01-14 06:45:00.0000",7.3,100,0.3765166401863098,0.9649280905723572,4.701173782348633
"2025-01-14 07:00:00.0000",7.21,100,0.31455206871032715,1.0568256378173828,3.8359313011169434
"2025-01-14 07:15:00.0000",7.13,100,0.36397823691368103,1.2008427381515503,5.585794925689697
"2025-01-14 07:30:00.0000",7.03,100,0.4223547875881195,0.9481404423713684,5.700241565704346
"2025-01-14 07:45:00.0000",7.11,100,0.3614814579486847,1.1723922491073608,5.92039155960083
"2025-01-14 08:00:00.0000",7.26,100,0.21420182287693024,0.7568683624267578,3.981578826904297
"2025-01-14 08:15:00.0000",7.23,100,0.2534242272377014,0.5741159915924072,3.6681089401245117
"2025-01-14 08:30:00.0000",7.35,100,0.23653997480869293,0.8603018522262573,3.601529836654663
"2025-01-14 08:45:00.0000",7.53,100,0.24192281067371368,1.0929841995239258,5.568312168121338
"2025-01-14 09:00:00.0000",7.58,100,0.39774346351623535,1.6296870708465576,8.653594017028809
"2025-01-14 09:15:00.0000",7.66,100,0.540938675403595,1.7807337045669556,5.92494010925293
"2025-01-14 09:30:00.0000",7.72,100,0.6155409812927246,1.7159420251846313,5.245751857757568
"2025-01-14 09:45:00.0000",7.9,100,0.7888815999031067,2.5752172470092773,11.480915069580078
"2025-01-14 10:00:00.0000",8.08,100,1.4069788455963135,4.843220233917236,12.664149284362793
"2025-01-14 10:15:00.0000",8.14,100,1.0449292659759521,3.693838119506836,16.838212966918945
"2025-01-14 10:30:00.0000",8.03,100,1.4610633850097656,3.671144723892212,11.155807495117188
"2025-01-14 10:45:00.0000",8,100,1.0085588693618774,2.7868404388427734,13.177938461303711
"2025-01-14 11:00:00.0000",7.92,100,1.2000447511672974,2.889486074447632,7.357535362243652
"2025-01-14 11:15:00.0000",7.94,100,1.0717103481292725,3.5039682388305664,11.277437210083008
"2025-01-14 11:30:00.0000",7.99,100,1.0611202716827393,2.898685932159424,7.4405012130737305
"2025-01-14 11:45:00.0000",7.9,100,1.2023717164993286,3.465613842010498,11.380517959594727
"2025-01-14 12:00:00.0000",7.9,100,1.6840530633926392,5.310610294342041,20.551593780517578
"2025-01-14 12:15:00.0000",8.21,100,1.0795174837112427,4.052210807800293,9.326481819152832
"2025-01-14 12:30:00.0000",8.26,100,0.9011329412460327,3.0674827098846436,9.44987964630127
"2025-01-14 12:45:00.0000",8.14,100,1.0552057027816772,3.984863042831421,10.543457984924316
"2025-01-14 13:00:00.0000",8.31,100,1.0777335166931152,3.2233731746673584,10.214658737182617
"2025-01-14 13:15:00.0000",8.25,100,1.3309502601623535,4.339269638061523,8.82009506225586
"2025-01-14 13:30:00.0000",8.15,100,1.8579760789871216,4.925200462341309,15.583657264709473
"2025-01-14 13:45:00.0000",7.95,100,1.9079173803329468,5.568808078765869,14.707576751708984
"2025-01-14 14:00:00.0000",7.62,100,2.2342448234558105,6.663130283355713,14.28528881072998
"2025-01-14 14:15:00.0000",7.54,100,2.163689374923706,6.141654968261719,13.193120956420898
"2025-01-14 14:30:00.0000",7.44,100,2.9507200717926025,6.7691521644592285,11.395281791687012
"2025-01-14 14:45:00.0000",7.33,100,2.94292950630188,7.148512840270996,18.03508186340332
"2025-01-14 15:00:00.0000",7.29,100,3.4036736488342285,7.521685600280762,17.592575073242188
"2025-01-14 15:15:00.0000",7.2,100,3.795825481414795,8.291316032409668,15.549226760864258
"2025-01-14 15:30:00.0000",7.14,100,4.566230297088623,9.47263240814209,17.090744018554688
"2025-01-14 15:45:00.0000",7.17,100,6.161561489105225,10.45702838897705,23.16423988342285
"2025-01-14 16:00:00.0000",7.17,100,5.515349388122559,8.955778121948242,12.128963470458984
"2025-01-14 16:15:00.0000",7.14,100,6.977156162261963,10.931938171386719,17.576879501342773
"2025-01-14 16:30:00.0000",7.18,100,6.255361080169678,10.036208152770996,23.050142288208008
"2025-01-14 16:45:00.0000",7.16,100,8.452873229980469,14.048019409179688,25.921131134033203
"2025-01-14 17:00:00.0000",7.09,100,8.160517692565918,13.239128112792969,23.33695411682129
"2025-01-14 17:15:00.0000",7.04,100,9.82471752166748,15.341350555419922,22.382137298583984
"2025-01-14 17:30:00.0000",7.04,100,9.8726224899292,15.01037311553955,20.835548400878906
"2025-01-14 17:45:00.0000",6.98,100,12.682866096496582,18.83892250061035,27.736112594604492
"2025-01-14 18:00:00.0000",6.22,100,11.305741310119629,15.585099220275879,20.36663246154785
"2025-01-14 18:15:00.0000",6.11,100,13.612430572509766,19.33514976501465,24.109697341918945
"2025-01-14 18:30:00.0000",5.83,100,16.602481842041016,60.489219665527344,1827.218505859375
"2025-01-14 18:45:00.0000",5.43,100,17.538480758666992,38.40639114379883,949.1017456054688
"2025-01-14 19:00:00.0000",5.69,100,22.586061477661133,55.89756393432617,1055.391845703125
"2025-01-14 19:15:00.0000",5.77,100,21.52201271057129,49.27238464355469,1313.1263427734375
"2025-01-14 19:30:00.0000",5.86,100,23.18691062927246,100.46981048583984,2127.779296875
"2025-01-14 19:45:00.0000",5.77,100,18.225522994995117,72.31307220458984,3284.232666015625
"2025-01-14 20:00:00.0000",5.76,100,20.148433685302734,52.31828308105469,1162.233642578125
"2025-01-14 20:15:00.0000",5.77,100,15.098573684692383,29.07289695739746,302.1376953125
"2025-01-14 20:30:00.0000",5.82,100,19.10684585571289,30.06989860534668,59.9810905456543
"2025-01-14 20:45:00.0000",5.75,100,30.521347045898438,223.22900390625,2214.15869140625
"2025-01-14 21:00:00.0000",5.69,100,32.03610610961914,239.13467407226562,2508.96826171875
"2025-01-14 21:15:00.0000",5.74,100,27.64964485168457,85.6755599975586,570.6083984375
"2025-01-14 21:30:00.0000",5.37,100,20.597688674926758,65.22869110107422,340.8364562988281
"2025-01-14 21:45:00.0000",5.17,100,20.536169052124023,162.84825134277344,1584.9541015625
"2025-01-14 22:00:00.0000",5.09,100,21.310161590576172,117.17829132080078,907.5994262695312
"2025-01-14 22:15:00.0000",5.03,100,29.575777053833008,112.44418334960938,640.4058227539062
"2025-01-14 22:30:00.0000",5.05,100,21.92466926574707,46.077369689941406,236.59124755859375
"2025-01-14 22:45:00.0000",4.99,100,21.114770889282227,34.82820129394531,64.98651123046875
"2025-01-14 23:00:00.0000",4.75,100,34.9101448059082,103.00675964355469,600.3748779296875
"2025-01-14 23:15:00.0000",4.7,100,36.346588134765625,73.56053161621094,113.76142120361328
"2025-01-14 23:30:00.0000",4.91,100,28.969398498535156,49.38433074951172,54.0711669921875
"2025-01-14 23:45:00.0000",4.85,100,27.07115364074707,45.34736251831055,49.6481819152832
"2025-01-15 00:00:00.0000",4.77,100,24.69330406188965,41.479984283447266,45.59959030151367
"2025-01-15 00:15:00.0000",4.9,100,18.01980972290039,27.29096221923828,29.91055679321289
"2025-01-15 00:30:00.0000",4.78,100,29.63232421875,53.8663444519043,61.61918258666992
"2025-01-15 00:45:00.0000",4.27,100,25.491487503051758,41.862060546875,46.185577392578125
"2025-01-15 01:00:00.0000",4.43,100,23.7466983795166,36.108001708984375,39.72670364379883
"2025-01-15 01:15:00.0000",4.13,100,22.01785659790039,35.76462936401367,255.24217224121094
"2025-01-15 01:30:00.0000",3.59,100,13.433813095092773,63.10044860839844,1096.4791259765625
"2025-01-15 01:45:00.0000",3.23,100,18.518104553222656,30.884611129760742,134.3695831298828
"2025-01-15 02:00:00.0000",3.12,100,20.2060546875,71.39131927490234,684.0827026367188
"2025-01-15 02:15:00.0000",3.05,100,23.658340454101562,41.18125534057617,119.67272186279297
"2025-01-15 02:30:00.0000",2.77,100,57.25906753540039,388.18597412109375,1780.976806640625
"2025-01-15 02:45:00.0000",2.56,100,38.09140396118164,78.17517852783203,347.3912353515625
"2025-01-15 03:00:00.0000",2.67,100,34.732086181640625,74.61712646484375,205.100830078125
"2025-01-15 03:15:00.0000",2.86,100,31.35990333557129,49.80970764160156,56.35466384887695
"2025-01-15 03:30:00.0000",3.2,100,32.58829116821289,51.413330078125,55.505859375
"2025-01-15 03:45:00.0000",3.42,100,36.38175964355469,59.444725036621094,64.10819244384766
"2025-01-15 04:00:00.0000",3.53,100,29.224334716796875,44.19233703613281,48.514888763427734
"2025-01-15 04:15:00.0000",3.76,100,23.23107147216797,32.1869010925293,35.37289047241211
"2025-01-15 04:30:00.0000",3.72,100,21.514497756958008,30.910978317260742,34.585723876953125
"2025-01-15 04:45:00.0000",3.78,100,26.70703125,40.6147346496582,47.80367660522461
"2025-01-15 05:00:00.0000",3.68,100,18.006000518798828,24.54680633544922,28.288368225097656
"2025-01-15 05:15:00.0000",3.37,100,19.397953033447266,27.90557289123535,33.25084686279297
"2025-01-15 05:30:00.0000",3.42,100,19.238689422607422,27.89673614501953,34.04582595825195
"2025-01-15 05:45:00.0000",3.28,100,17.758459091186523,25.816818237304688,35.83161544799805
"2025-01-15 06:00:00.0000",3.04,100,17.715545654296875,25.220937728881836,30.10317039489746
"2025-01-15 06:15:00.0000",2.55,100,18.547754287719727,25.756080627441406,31.760406494140625
"2025-01-15 06:30:00.0000",2.5,100,21.65768814086914,31.370817184448242,37.499691009521484
"2025-01-15 06:45:00.0000",2.74,100,16.16124153137207,22.20450782775879,29.906837463378906
"2025-01-15 07:00:00.0000",3.08,100,16.28641700744629,24.399904251098633,28.140560150146484
"2025-01-15 07:15:00.0000",3.26,100,12.057703018188477,18.42432975769043,23.741025924682617
"2025-01-15 07:30:00.0000",3.07,100,13.20782470703125,20.24312400817871,24.235939025878906
"2025-01-15 07:45:00.0000",2.97,100,11.714865684509277,18.639732360839844,29.449987411499023
"2025-01-15 08:00:00.0000",2.92,100,9.524646759033203,15.70931339263916,25.88886070251465
"2025-01-15 08:15:00.0000",3.04,100,5.6127848625183105,12.04892635345459,24.19815444946289
"2025-01-15 08:30:00.0000",3.14,100,4.42318868637085,9.885636329650879,25.600507736206055
"2025-01-15 08:45:00.0000",3.08,100,3.852679491043091,8.106776237487793,21.349416732788086
"2025-01-15 09:00:00.0000",3.02,100,3.845423936843872,8.281842231750488,14.981807708740234
"2025-01-15 09:15:00.0000",3.02,100,4.371096611022949,8.53510570526123,18.813077926635742
"2025-01-15 09:30:00.0000",3.06,100,5.234957695007324,9.542236328125,25.584850311279297
"2025-01-15 09:45:00.0000",3.17,100,4.790125846862793,9.127372741699219,15.820712089538574
"2025-01-15 10:00:00.0000",3.16,100,4.580643177032471,8.054219245910645,17.681232452392578
"2025-01-15 10:15:00.0000",5.24,100,5.280941963195801,9.35349178314209,16.332712173461914
"2025-01-15 10:30:00.0000",6.98,100,3.2905497550964355,6.441632270812988,16.40517234802246
"2025-01-15 10:45:00.0000",8.94,96.52,2.173271656036377,4.3909077644348145,11.090876579284668
"2025-01-15 11:00:00.0000",10.83,87.26,1.9048641920089722,3.4260058403015137,8.817217826843262
"2025-01-15 11:15:00.0000",11.86,79.61,1.732324481010437,4.342559337615967,10.005621910095215
"2025-01-15 11:30:00.0000",12.9,75.35,1.6794846057891846,3.477951765060425,6.605312824249268
"2025-01-15 11:45:00.0000",13.4,70.58,1.87643563747406,3.943445920944214,7.468773365020752
"2025-01-15 12:00:00.0000",12.88,69.43,1.663522720336914,3.5208799839019775,6.949830532073975
"2025-01-15 12:15:00.0000",13.67,68.17,1.9921724796295166,3.941340208053589,11.620055198669434
"2025-01-15 12:30:00.0000",13.76,67.04,1.733196496963501,3.3069145679473877,7.188918590545654
"2025-01-15 12:45:00.0000",13.69,66.23,2.196150541305542,4.36811637878418,7.859716415405273
"2025-01-15 13:00:00.0000",12.9,68.62,3.3098268508911133,6.20953893661499,13.120193481445312
"2025-01-15 13:15:00.0000",12.51,69.16,2.6945295333862305,5.6842780113220215,14.902787208557129
"2025-01-15 13:30:00.0000",10.88,75.61,2.9182047843933105,6.811733722686768,13.360796928405762
"2025-01-15 13:45:00.0000",10.85,76.73,2.8736259937286377,5.67512321472168,11.395552635192871
"2025-01-15 14:00:00.0000",10.41,78.98,3.0062670707702637,6.995119571685791,21.193681716918945
"2025-01-15 14:15:00.0000",10.46,80.23,3.5271217823028564,8.107095718383789,20.170989990234375
"2025-01-15 14:30:00.0000",9.53,82.53,3.5902302265167236,7.8683247566223145,23.37383270263672
"2025-01-15 14:45:00.0000",9.02,85.89,4.25403356552124,8.845226287841797,27.599811553955078
"2025-01-15 15:00:00.0000",9.92,83.53,5.958313941955566,12.070746421813965,25.522296905517578
"2025-01-15 15:15:00.0000",9.49,84.02,5.320385456085205,8.705888748168945,15.12297534942627
"2025-01-15 15:30:00.0000",9.7,84.01,4.392464637756348,8.614059448242188,15.420745849609375
"2025-01-15 15:45:00.0000",9.48,84.6,4.19053316116333,7.812627792358398,17.64826011657715
"2025-01-15 16:00:00.0000",8.98,86.47,4.462761402130127,8.601363182067871,21.243192672729492
"2025-01-15 16:15:00.0000",7.85,91.25,4.30703592300415,8.141563415527344,13.90046501159668
"2025-01-15 16:30:00.0000",6.95,95.17,5.285445213317871,10.453083038330078,24.59050178527832
"2025-01-15 16:45:00.0000",6.33,97.65,6.469197750091553,11.632368087768555,21.190649032592773
"2025-01-15 17:00:00.0000",5.68,97.88,5.068502426147461,9.23340892791748,13.299263954162598
"2025-01-15 17:15:00.0000",5.1,100,7.186691761016846,12.23205280303955,22.95884132385254
"2025-01-15 17:30:00.0000",4.96,100,6.741775035858154,12.290376663208008,17.92702865600586
"2025-01-15 17:45:00.0000",4.95,100,7.160372257232666,12.886048316955566,21.827707290649414
"2025-01-15 18:00:00.0000",4.83,100,5.984753608703613,12.16576099395752,28.638072967529297
"2025-01-15 18:15:00.0000",4.68,100,6.1102471351623535,11.927226066589355,26.94060707092285
"2025-01-15 18:30:00.0000",4.47,100,5.855800151824951,10.677619934082031,27.54808807373047
"2025-01-15 18:45:00.0000",4.39,100,5.6735758781433105,10.986071586608887,16.580490112304688
"2025-01-15 19:00:00.0000",4.29,100,5.361917495727539,10.484573364257812,23.178152084350586
"2025-01-15 19:15:00.0000",3.86,100,7.969683647155762,14.168560981750488,25.457958221435547
"2025-01-15 19:30:00.0000",3.32,100,8.653231620788574,15.389242172241211,32.8026008605957
"2025-01-15 19:45:00.0000",3.04,100,10.10311508178711,17.53696060180664,27.807973861694336
"2025-01-15 20:00:00.0000",3.01,100,9.986104965209961,17.406944274902344,30.22266387939453
"2025-01-15 20:15:00.0000",2.86,100,10.284058570861816,18.147384643554688,31.227571487426758
"2025-01-15 20:30:00.0000",2.46,100,7.300477504730225,12.851927757263184,20.601316452026367
"2025-01-15 20:45:00.0000",2.04,100,7.994649410247803,13.7322998046875,20.168155670166016
"2025-01-15 21:00:00.0000",1.87,100,9.67172908782959,15.291891098022461,22.954851150512695
"2025-01-15 21:15:00.0000",1.69,100,11.433208465576172,21.025440216064453,35.715213775634766
"2025-01-15 21:30:00.0000",1.66,100,11.831636428833008,19.47818374633789,35.016563415527344
"2025-01-15 21:45:00.0000",1.72,100,12.2619047164917,19.638418197631836,27.464263916015625
"2025-01-15 22:00:00.0000",1.59,100,12.387391090393066,19.35499382019043,27.832307815551758
"2025-01-15 22:15:00.0000",1.66,100,11.884132385253906,19.73147964477539,30.546133041381836
"2025-01-15 22:30:00.0000",1.89,100,10.652636528015137,16.9869441986084,31.32870864868164
"2025-01-15 22:45:00.0000",1.94,100,8.928064346313477,14.290828704833984,21.08786964416504
"2025-01-15 23:00:00.0000",1.91,100,9.53266716003418,14.614242553710938,22.789966583251953
"2025-01-15 23:15:00.0000",1.76,100,8.149900436401367,12.745783805847168,25.24530029296875
"2025-01-15 23:30:00.0000",1.79,100,6.1815361976623535,9.927310943603516,15.241589546203613
"2025-01-15 23:45:00.0000",1.66,100,6.121327877044678,10.069958686828613,16.102771759033203
"2025-01-16 00:00:00.0000",1.56,100,6.569650650024414,11.552159309387207,22.6715030670166
"2025-01-16 00:15:00.0000",1.5,100,6.158623218536377,10.644797325134277,17.572355270385742
"2025-01-16 00:30:00.0000",1.53,100,5.393848419189453,7.7546772956848145,12.079058647155762
"2025-01-16 00:45:00.0000",1.48,100,4.936118125915527,8.118870735168457,12.17821979522705
"2025-01-16 01:00:00.0000",1.4,100,4.829233646392822,8.263503074645996,20.55967140197754
"2025-01-16 01:15:00.0000",1.33,100,5.132943630218506,8.239472389221191,16.342649459838867
"2025-01-16 01:30:00.0000",1.25,100,4.449481964111328,6.80030632019043,14.321810722351074
"2025-01-16 01:45:00.0000",1.14,100,5.804940223693848,9.204523086547852,20.3514404296875
"2025-01-16 02:00:00.0000",1.11,100,5.666499614715576,9.483297348022461,15.231241226196289
"2025-01-16 02:15:00.0000",0.92,100,6.150158405303955,9.390952110290527,15.943949699401855
"2025-01-16 02:30:00.0000",0.88,100,6.875337600708008,10.5464448928833,14.512033462524414
"2025-01-16 02:45:00.0000",0.75,100,6.58782434463501,10.65977668762207,18.4964599609375
"2025-01-16 03:00:00.0000",0.56,100,7.646549224853516,11.70656681060791,21.408479690551758
"2025-01-16 03:15:00.0000",0.36,100,7.57082986831665,11.490280151367188,15.319845199584961
"2025-01-16 03:30:00.0000",0.45,100,5.684142589569092,8.581295013427734,13.592421531677246
"2025-01-16 03:45:00.0000",0.52,100,3.4071969985961914,5.502934455871582,9.741817474365234
"2025-01-16 04:00:00.0000",0.48,100,4.439089298248291,7.283445358276367,11.629101753234863
"2025-01-16 04:15:00.0000",0.54,99.6,3.7680368423461914,6.893590450286865,12.507955551147461
"2025-01-16 04:30:00.0000",0.5,98.8,3.7982847690582275,5.7152628898620605,14.25412654876709
"2025-01-16 04:45:00.0000",0.47,97.86,3.395643472671509,5.161334037780762,13.860091209411621
"2025-01-16 05:00:00.0000",0.42,96.69,3.3813445568084717,5.33798885345459,8.516412734985352
"2025-01-16 05:15:00.0000",0.39,95.33,2.8153679370880127,4.971493721008301,8.289979934692383
"2025-01-16 05:30:00.0000",0.28,95.16,2.6779208183288574,4.331857681274414,7.184741973876953
"2025-01-16 05:45:00.0000",0.21,94.44,2.5442416667938232,4.0243048667907715,6.927810192108154
"2025-01-16 06:00:00.0000",0.22,93.14,2.239363670349121,3.2507951259613037,5.59202766418457
"2025-01-16 06:15:00.0000",0.13,96.39,3.7095696926116943,5.911900997161865,11.402658462524414
"2025-01-16 06:30:00.0000",0.01,95.94,3.319359064102173,5.059147834777832,8.39908218383789
"2025-01-16 06:45:00.0000",0,96.68,3.3966386318206787,4.882063388824463,7.619185447692871
"2025-01-16 07:00:00.0000",0,94.4,2.900235414505005,4.361905574798584,12.164688110351562
"2025-01-16 07:15:00.0000",0,97.17,3.784001111984253,6.065000057220459,10.381778717041016
"2025-01-16 07:30:00.0000",0,99.28,3.623126268386841,5.283274173736572,8.270414352416992
"2025-01-16 07:45:00.0000",0,96.54,2.976487398147583,4.3863348960876465,12.360435485839844
"2025-01-16 08:00:00.0000",0,96.57,3.1084704399108887,4.977309226989746,8.377492904663086
"2025-01-16 08:15:00.0000",0,95.77,3.034574270248413,4.740936756134033,8.259740829467773
"2025-01-16 08:30:00.0000",0,93.77,2.5948123931884766,3.8515560626983643,7.698850154876709
"2025-01-16 08:45:00.0000",0,92.63,2.5652599334716797,4.07021951675415,11.244400024414062
"2025-01-16 09:00:00.0000",0,91.78,2.6051604747772217,5.063700199127197,31.909832000732422
"2025-01-16 09:15:00.0000",0,90.49,2.358426094055176,4.340318202972412,8.260714530944824
"2025-01-16 09:30:00.0000",0.04,89.01,2.3736236095428467,4.154244422912598,22.35368537902832
"2025-01-16 09:45:00.0000",0.15,87.79,1.9311747550964355,3.1479175090789795,6.44106388092041
"2025-01-16 10:00:00.0000",0.51,86.14,1.8959590196609497,3.7000997066497803,16.22185516357422
"2025-01-16 10:15:00.0000",2.82,78.12,2.2259786128997803,4.0394134521484375,9.915428161621094
"2025-01-16 10:30:00.0000",5.34,67.42,2.5164647102355957,11.69552993774414,78.4700698852539
"2025-01-16 10:45:00.0000",6.78,60.53,2.281466484069824,6.181344509124756,26.465036392211914
"2025-01-16 11:00:00.0000",8.09,56.58,2.5027565956115723,9.346901893615723,36.573612213134766
"2025-01-16 11:15:00.0000",9.33,53.9,2.8858482837677,8.639517784118652,47.014793395996094
"2025-01-16 11:30:00.0000",9.61,53.26,1.976887583732605,3.6031596660614014,15.230490684509277
"2025-01-16 11:45:00.0000",9.57,51.9,2.369795799255371,7.084168910980225,35.44712448120117
"2025-01-16 12:00:00.0000",10.03,51.05,2.33532452583313,7.362682342529297,43.65885543823242
"2025-01-16 12:15:00.0000",10.33,49.31,2.101517915725708,4.739721775054932,15.881352424621582
"2025-01-16 12:30:00.0000",10.43,49.43,2.0637218952178955,5.46788215637207,22.461366653442383
"2025-01-16 12:45:00.0000",10.06,49.91,1.9343605041503906,6.1898369789123535,35.78683853149414
"2025-01-16 13:00:00.0000",12.87,45.1,2.6988778114318848,13.223097801208496,85.49478149414062
"2025-01-16 13:15:00.0000",13.78,41.6,2.0774853229522705,4.855562210083008,24.783447265625
"2025-01-16 13:30:00.0000",15.45,39,2.3125739097595215,8.599410057067871,42.85496139526367
"2025-01-16 13:45:00.0000",14.97,39.37,2.5066580772399902,9.628551483154297,56.16170120239258
"2025-01-16 14:00:00.0000",13.26,41.78,1.6719125509262085,5.664176940917969,31.23253059387207
"2025-01-16 14:15:00.0000",12.74,43.6,1.8807886838912964,3.548816442489624,21.976301193237305
"2025-01-16 14:30:00.0000",12.79,44.39,2.451514720916748,6.763915061950684,57.64289093017578
"2025-01-16 14:45:00.0000",12.76,44.65,1.9852557182312012,4.880383014678955,34.01150894165039
"2025-01-16 15:00:00.0000",12.71,45.45,2.044919013977051,5.230393886566162,20.313024520874023
"2025-01-16 15:15:00.0000",12.46,46.98,2.165041923522949,5.175159454345703,17.685062408447266
"2025-01-16 15:30:00.0000",11.42,48.96,2.0872726440429688,4.232310771942139,21.276756286621094
"2025-01-16 15:45:00.0000",10.48,51.88,2.129634141921997,3.8131144046783447,24.09752655029297
"2025-01-16 16:00:00.0000",9.26,54.81,2.423205614089966,4.807759761810303,23.70621109008789
"2025-01-16 16:15:00.0000",7.52,60.15,2.343467950820923,4.9992523193359375,24.065567016601562
"2025-01-16 16:30:00.0000",5.99,65.88,2.6115901470184326,5.036581516265869,28.100082397460938
"2025-01-16 16:45:00.0000",5.21,69.61,3.1917333602905273,5.6578803062438965,17.02227020263672
"2025-01-16 17:00:00.0000",4.62,73.27,4.132595062255859,6.607387542724609,12.656567573547363
"2025-01-16 17:15:00.0000",4.2,75.87,3.1438050270080566,5.2604594230651855,17.669525146484375
"2025-01-16 17:30:00.0000",3.9,78.4,3.222564220428467,5.277034282684326,14.253618240356445
"2025-01-16 17:45:00.0000",3.5,81.53,3.8402397632598877,5.780585289001465,23.065879821777344
"2025-01-16 18:00:00.0000",3.25,83.35,3.831193685531616,5.692152500152588,13.640483856201172
"2025-01-16 18:15:00.0000",3.03,84.72,3.7889108657836914,5.422413349151611,14.9263916015625
"2025-01-16 18:30:00.0000",2.81,86.2,4.188622951507568,6.172597885131836,17.711883544921875
"2025-01-16 18:45:00.0000",2.62,87.4,4.041128635406494,5.608066082000732,10.1837158203125
"2025-01-16 19:00:00.0000",2.47,88.16,4.163416385650635,5.594396591186523,8.792471885681152
"2025-01-16 19:15:00.0000",2.23,89.57,5.736763000488281,8.484460830688477,12.924072265625
"2025-01-16 19:30:00.0000",1.98,91,5.065074920654297,7.198245048522949,11.992758750915527
"2025-01-16 19:45:00.0000",1.76,92.91,5.216249465942383,7.321187496185303,15.16700267791748
"2025-01-16 20:00:00.0000",1.64,94.11,5.831697463989258,7.855112552642822,12.660820960998535
"2025-01-16 20:15:00.0000",1.47,96,5.93065881729126,7.929781436920166,10.487948417663574
"2025-01-16 20:30:00.0000",1.32,97.68,6.355685234069824,8.5565824508667,11.334232330322266
"2025-01-16 20:45:00.0000",1.08,99.52,6.20587158203125,8.30775260925293,11.431489944458008
"2025-01-16 21:00:00.0000",0.85,100,6.2191386222839355,8.398972511291504,12.242445945739746
"2025-01-16 21:15:00.0000",0.72,100,7.541005611419678,9.764902114868164,16.874664306640625
"2025-01-16 21:30:00.0000",0.48,100,8.756701469421387,11.743081092834473,15.085887908935547
"2025-01-16 21:45:00.0000",0.33,100,10.063553810119629,13.275461196899414,16.188926696777344
"2025-01-16 22:00:00.0000",0.22,100,11.455549240112305,15.09814739227295,18.061824798583984
"2025-01-16 22:15:00.0000",0.22,100,13.765713691711426,18.589065551757812,21.112865447998047
"2025-01-16 22:30:00.0000",0.2,100,16.891389846801758,23.201648712158203,26.13976287841797
"2025-01-16 22:45:00.0000",0.27,100,18.90790367126465,25.85899543762207,29.67797088623047
"2025-01-16 23:00:00.0000",0.34,100,19.850690841674805,27.572721481323242,35.05048370361328
"2025-01-16 23:15:00.0000",0.34,100,20.494159698486328,28.94584083557129,33.4306640625
"2025-01-16 23:30:00.0000",0.33,100,20.370040893554688,28.537281036376953,40.189674377441406
"2025-01-16 23:45:00.0000",0.37,100,21.778362274169922,30.62370491027832,36.410736083984375
"2025-01-17 00:00:00.0000",0.41,100,21.218122482299805,29.362930297851562,32.44300842285156
"2025-01-17 00:15:00.0000",0.45,100,16.96170997619629,22.682819366455078,25.50752067565918
"2025-01-17 00:30:00.0000",0.61,100,14.359172821044922,19.293731689453125,25.992116928100586
"2025-01-17 00:45:00.0000",0.63,100,15.638252258300781,20.777544021606445,26.76664161682129
"2025-01-17 01:00:00.0000",0.59,100,13.359087944030762,17.12812614440918,19.510162353515625
"2025-01-17 01:15:00.0000",0.57,100,12.85769271850586,16.995058059692383,21.684404373168945
"2025-01-17 01:30:00.0000",0.53,100,12.29243278503418,16.037696838378906,21.798538208007812
"2025-01-17 01:45:00.0000",0.43,100,12.309405326843262,16.01095199584961,22.60598373413086
"2025-01-17 02:00:00.0000",0.34,100,12.702424049377441,17.405563354492188,21.852375030517578
"2025-01-17 02:15:00.0000",0.39,100,11.937222480773926,15.43841552734375,21.199642181396484
"2025-01-17 02:30:00.0000",0.43,100,11.746498107910156,15.936392784118652,24.175304412841797
"2025-01-17 02:45:00.0000",0.56,100,10.573397636413574,14.31265640258789,18.91623306274414
"2025-01-17 03:00:00.0000",0.68,100,10.713003158569336,14.304346084594727,17.662826538085938
"2025-01-17 03:15:00.0000",0.79,100,10.293647766113281,13.946301460266113,18.547983169555664
"2025-01-17 03:30:00.0000",0.69,100,10.56065845489502,13.93732738494873,16.705839157104492
"2025-01-17 03:45:00.0000",0.51,100,10.918146133422852,14.179956436157227,17.525470733642578
"2025-01-17 04:00:00.0000",0.29,100,12.648762702941895,16.768224716186523,22.904945373535156
"2025-01-17 04:15:00.0000",0.18,100,14.14003849029541,18.846736907958984,22.516279220581055
"2025-01-17 04:30:00.0000",0.12,100,13.693533897399902,18.733070373535156,24.339017868041992
"2025-01-17 04:45:00.0000",0.04,100,13.093586921691895,17.28049087524414,20.28114891052246
"2025-01-17 05:00:00.0000",0.15,100,12.975565910339355,17.35028648376465,20.440628051757812
"2025-01-17 05:15:00.0000",0.12,100,14.273028373718262,19.349369049072266,23.452503204345703
"2025-01-17 05:30:00.0000",0.07,100,14.52016830444336,19.48456573486328,25.027353286743164
"2025-01-17 05:45:00.0000",0.2,100,15.250550270080566,20.751670837402344,25.038240432739258
"2025-01-17 06:00:00.0000",0.37,100,16.34684944152832,21.393999099731445,24.96180534362793
"2025-01-17 06:15:00.0000",0.4,100,17.101512908935547,22.48650550842285,26.723365783691406
"2025-01-17 06:30:00.0000",0.42,100,18.32056999206543,23.856590270996094,39.6264533996582
"2025-01-17 06:45:00.0000",0.45,100,16.92416000366211,22.879404067993164,26.913856506347656
"2025-01-17 07:00:00.0000",0.57,100,17.246784210205078,23.302453994750977,29.421207427978516
"2025-01-17 07:15:00.0000",0.61,100,17.48970603942871,23.32557487487793,26.76616096496582
"2025-01-17 07:30:00.0000",0.72,100,16.258533477783203,21.616771697998047,25.17087745666504
"2025-01-17 07:45:00.0000",0.74,100,15.696084022521973,20.687326431274414,25.506975173950195
"2025-01-17 08:00:00.0000",0.67,100,17.749862670898438,23.407611846923828,28.7625732421875
"2025-01-17 08:15:00.0000",0.71,100,17.29836082458496,23.633012771606445,28.912893295288086
"2025-01-17 08:30:00.0000",0.8,100,17.726970672607422,24.121313095092773,29.200651168823242
"2025-01-17 08:45:00.0000",1,100,16.341039657592773,21.75332260131836,28.876432418823242
"2025-01-17 09:00:00.0000",1.27,100,15.27499008178711,20.515914916992188,30.162450790405273
"2025-01-17 09:15:00.0000",1.49,100,14.870346069335938,20.42943572998047,29.430770874023438
"2025-01-17 09:30:00.0000",1.87,100,12.94443130493164,18.01324462890625,22.427934646606445
"2025-01-17 09:45:00.0000",2.35,100,11.731846809387207,16.642789840698242,27.29151153564453
"2025-01-17 10:00:00.0000",2.72,100,10.26598834991455,14.334884643554688,26.075454711914062
"2025-01-17 10:15:00.0000",3.92,100,7.530203819274902,11.431955337524414,15.970721244812012
"2025-01-17 10:30:00.0000",4.08,100,8.447916984558105,12.009835243225098,20.145429611206055
"2025-01-17 10:45:00.0000",4.12,100,7.84676456451416,10.872249603271484,14.05846118927002
"2025-01-17 11:00:00.0000",4.45,99.98,6.767281532287598,9.6852445602417,15.929676055908203
"2025-01-17 11:15:00.0000",5.14,97.68,5.698980808258057,8.837813377380371,28.828126907348633
"2025-01-17 11:30:00.0000",6.17,94.8,6.299402236938477,9.718842506408691,16.401596069335938
"2025-01-17 11:45:00.0000",7.5,90.48,4.7768754959106445,7.617669582366943,14.284500122070312
"2025-01-17 12:00:00.0000",8.2,87.91,4.050445556640625,6.902486801147461,12.725701332092285
"2025-01-17 12:15:00.0000",8.82,84.69,3.9542806148529053,7.1352434158325195,14.067708969116211
"2025-01-17 12:30:00.0000",9.43,82.25,3.6906893253326416,6.511028289794922,16.003345489501953
"2025-01-17 12:45:00.0000",9.56,80.93,3.6213276386260986,6.68523645401001,11.574728965759277
"2025-01-17 13:00:00.0000",10.04,79.8,3.7573580741882324,7.3337883949279785,16.43393325805664
"2025-01-17 13:15:00.0000",10.36,78.1,3.369661331176758,6.69878625869751,16.872236251831055
"2025-01-17 13:30:00.0000",11.21,75.75,3.040090799331665,7.19585657119751,18.8169002532959
"2025-01-17 13:45:00.0000",10.76,76.06,2.654280424118042,5.953679084777832,18.158903121948242
"2025-01-17 14:00:00.0000",9.9,78.63,3.0146405696868896,6.302422046661377,13.134629249572754
"2025-01-17 14:15:00.0000",9.01,82.01,2.8634986877441406,5.010462760925293,7.859665870666504
"2025-01-17 14:30:00.0000",8.21,85.34,3.179414987564087,7.224942684173584,13.090519905090332
"2025-01-17 14:45:00.0000",8.16,86.36,2.7863171100616455,6.012958526611328,12.714142799377441
"2025-01-17 15:00:00.0000",7.91,87.15,2.597489356994629,5.505764484405518,14.59603214263916
"2025-01-17 15:15:00.0000",7.39,89.18,3.233051300048828,6.376942157745361,10.140582084655762
"2025-01-17 15:30:00.0000",7.07,90.72,3.1868200302124023,6.666392803192139,13.255102157592773
"2025-01-17 15:45:00.0000",6.93,91.78,3.4173521995544434,6.627268314361572,11.446816444396973
"2025-01-17 16:00:00.0000",6.73,92.39,3.175841808319092,7.205812931060791,16.209564208984375
"2025-01-17 16:15:00.0000",6.37,94.85,4.200050354003906,9.469366073608398,18.698169708251953
"2025-01-17 16:30:00.0000",6.29,95.78,4.302700996398926,8.402106285095215,14.24573802947998
"2025-01-17 16:45:00.0000",6.02,97.25,4.649468898773193,9.013068199157715,20.870088577270508
"2025-01-17 17:00:00.0000",6,97.28,3.859870672225952,7.189752101898193,13.138143539428711
"2025-01-17 17:15:00.0000",5.92,97.48,3.819876194000244,8.404166221618652,19.492963790893555
"2025-01-17 17:30:00.0000",5.77,97.71,3.8521385192871094,7.858878135681152,12.061917304992676
"2025-01-17 17:45:00.0000",5.64,97.91,3.1256353855133057,7.77927827835083,18.93588638305664
"2025-01-17 18:00:00.0000",5.55,98.06,3.0201644897460938,6.208797931671143,11.216140747070312
"2025-01-17 18:15:00.0000",5.47,98.11,3.1460037231445312,6.71703577041626,14.947063446044922
"2025-01-17 18:30:00.0000",5.4,97.81,4.732873916625977,9.241649627685547,15.648635864257812
"2025-01-17 18:45:00.0000",5.31,98.07,3.8114285469055176,8.264117240905762,20.753145217895508
"2025-01-17 19:00:00.0000",5.33,98.8,3.3151164054870605,7.130771160125732,13.10531234741211
"2025-01-17 19:15:00.0000",5.36,99.23,4.306920528411865,8.268319129943848,14.411157608032227
"2025-01-17 19:30:00.0000",5.17,99.98,4.533735752105713,8.29605484008789,15.073686599731445
"2025-01-17 19:45:00.0000",4.9,100,4.988733768463135,9.104416847229004,25.869840621948242
"2025-01-17 20:00:00.0000",4.6,100,5.559909343719482,11.299674034118652,20.53451156616211
"2025-01-17 20:15:00.0000",4.25,100,5.539448261260986,10.601907730102539,17.106239318847656
"2025-01-17 20:30:00.0000",3.86,100,5.716643333435059,10.204869270324707,19.124427795410156
"2025-01-17 20:45:00.0000",3.6,100,5.288171768188477,9.421775817871094,15.16621208190918
"2025-01-17 21:00:00.0000",3.23,100,5.950257301330566,11.124399185180664,19.232675552368164
"2025-01-17 21:15:00.0000",2.78,100,7.118903636932373,13.159624099731445,27.712556838989258
"2025-01-17 21:30:00.0000",2.66,100,7.894779205322266,13.302390098571777,26.155790328979492
"2025-01-17 21:45:00.0000",2.42,100,10.859792709350586,17.970455169677734,29.00196075439453
"2025-01-17 22:00:00.0000",2.34,100,11.285101890563965,18.411865234375,31.786598205566406
"2025-01-17 22:15:00.0000",2.24,100,11.757462501525879,17.55730628967285,25.418899536132812
"2025-01-17 22:30:00.0000",2.16,100,13.269858360290527,22.301321029663086,36.192317962646484
"2025-01-17 22:45:00.0000",2.02,100,13.00866413116455,20.204299926757812,27.866968154907227
"2025-01-17 23:00:00.0000",1.85,100,14.5305757522583,21.749202728271484,33.6670036315918
"2025-01-17 23:15:00.0000",1.81,100,14.928122520446777,22.15668487548828,35.038902282714844
"2025-01-17 23:30:00.0000",1.67,100,13.952123641967773,20.553396224975586,31.84909439086914
"2025-01-17 23:45:00.0000",1.68,100,13.77626895904541,20.417984008789062,29.489625930786133
"2025-01-18 00:00:00.0000",1.54,100,13.692371368408203,21.644052505493164,30.277326583862305
"2025-01-18 00:15:00.0000",1.46,100,14.67867660522461,21.134084701538086,32.39676284790039
"2025-01-18 00:30:00.0000",1.36,100,13.920278549194336,21.028579711914062,32.16971969604492
"2025-01-18 00:45:00.0000",1.25,100,14.352641105651855,22.157285690307617,33.849361419677734
"2025-01-18 01:00:00.0000",1.24,100,13.930744171142578,21.373146057128906,35.42436599731445
"2025-01-18 01:15:00.0000",1.19,100,13.461699485778809,20.349401473999023,30.448867797851562
"2025-01-18 01:30:00.0000",1.09,100,14.265926361083984,21.018869400024414,29.529909133911133
"2025-01-18 01:45:00.0000",1.03,100,13.805024147033691,19.971405029296875,28.91423225402832
"2025-01-18 02:00:00.0000",0.99,100,14.123405456542969,20.807958602905273,27.815195083618164
"2025-01-18 02:15:00.0000",1,100,13.686895370483398,21.010162353515625,38.12944793701172
"2025-01-18 02:30:00.0000",0.98,100,13.232361793518066,19.23264503479004,26.73497200012207
"2025-01-18 02:45:00.0000",0.92,100,13.391690254211426,20.065767288208008,28.412992477416992
"2025-01-18 03:00:00.0000",0.88,100,12.930927276611328,19.291568756103516,29.90776824951172
"2025-01-18 03:15:00.0000",0.75,100,12.010049819946289,18.179317474365234,27.507204055786133
"2025-01-18 03:30:00.0000",0.54,100,12.305644035339355,18.970426559448242,29.987821578979492
"2025-01-18 03:45:00.0000",0.42,100,10.812125205993652,16.513221740722656,23.3077392578125
"2025-01-18 04:00:00.0000",0.29,100,10.757097244262695,16.803653717041016,25.069141387939453
"2025-01-18 04:15:00.0000",0.2,100,10.541242599487305,16.208667755126953,26.396800994873047
"2025-01-18 04:30:00.0000",0.18,100,10.256464958190918,16.108631134033203,24.521760940551758
"2025-01-18 04:45:00.0000",0.14,100,10.327506065368652,17.185401916503906,28.467384338378906
"2025-01-18 05:00:00.0000",0.31,100,9.688578605651855,15.189823150634766,27.29336166381836
"2025-01-18 05:15:00.0000",0.51,100,8.538217544555664,13.646549224853516,24.4105281829834
"2025-01-18 05:30:00.0000",0.65,100,7.850360870361328,12.622522354125977,19.715436935424805
"2025-01-18 05:45:00.0000",0.67,100,8.442538261413574,13.470892906188965,21.641937255859375
"2025-01-18 06:00:00.0000",0.53,100,9.510502815246582,14.347526550292969,20.656280517578125
"2025-01-18 06:15:00.0000",0.39,100,10.509307861328125,14.246183395385742,23.23691749572754
"2025-01-18 06:30:00.0000",0.24,100,11.81917953491211,17.517127990722656,23.01785659790039
"2025-01-18 06:45:00.0000",0.07,100,12.87858772277832,18.19445037841797,28.742076873779297
"2025-01-18 07:00:00.0000",0,100,12.970407485961914,18.854394912719727,26.2388916015625
"2025-01-18 07:15:00.0000",0,100,13.893691062927246,18.533573150634766,26.185081481933594
"2025-01-18 07:30:00.0000",0,100,14.380354881286621,19.18111228942871,23.86532211303711
"2025-01-18 07:45:00.0000",0,100,15.19568157196045,20.35533332824707,28.877370834350586
"2025-01-18 08:00:00.0000",0,100,15.227202415466309,20.268583297729492,24.48587989807129
"2025-01-18 08:15:00.0000",0,100,15.897602081298828,21.31000328063965,25.541133880615234
"2025-01-18 08:30:00.0000",0,100,16.169200897216797,21.218618392944336,29.233623504638672
"2025-01-18 08:45:00.0000",0,100,15.516998291015625,20.924654006958008,30.141029357910156
"2025-01-18 09:00:00.0000",0,100,15.89341926574707,21.583301544189453,27.06808090209961
"2025-01-18 09:15:00.0000",0,100,15.341764450073242,19.824234008789062,22.480045318603516
"2025-01-18 09:30:00.0000",0,100,14.939300537109375,19.494356155395508,22.518386840820312
"2025-01-18 09:45:00.0000",0,100,13.833072662353516,18.51737403869629,27.32696533203125
"2025-01-18 10:00:00.0000",0,100,13.07079792022705,17.034687042236328,21.504379272460938
"2025-01-18 10:15:00.0000",0.05,100,12.966464042663574,17.448213577270508,21.49014663696289
"2025-01-18 10:30:00.0000",0.13,100,12.569462776184082,16.656774520874023,21.34239387512207
"2025-01-18 10:45:00.0000",0.33,100,13.306256294250488,21.676502227783203,36.15568161010742
"2025-01-18 11:00:00.0000",0.49,100,10.613311767578125,13.867045402526855,21.12685203552246
"2025-01-18 11:15:00.0000",0.72,100,11.217337608337402,15.013763427734375,18.792604446411133
"2025-01-18 11:30:00.0000",0.99,100,8.93858814239502,12.131143569946289,18.875905990600586
"2025-01-18 11:45:00.0000",1.12,99.83,8.367621421813965,16.655916213989258,55.879249572753906
"2025-01-18 12:00:00.0000",0.95,99.27,7.954448223114014,12.038411140441895,28.029727935791016
"2025-01-18 12:15:00.0000",0.81,99.68,8.138398170471191,11.464639663696289,17.602903366088867
"2025-01-18 12:30:00.0000",0.98,99.31,9.069012641906738,15.76665210723877,73.03224182128906
"2025-01-18 12:45:00.0000",0.93,99.62,9.138605117797852,13.400249481201172,34.04082489013672
"2025-01-18 13:00:00.0000",1.07,99.33,8.982595443725586,17.049240112304688,56.591407775878906
"2025-01-18 13:15:00.0000",1.31,98.95,8.378458976745605,14.425163269042969,36.88660430908203
"2025-01-18 13:30:00.0000",1.39,97.58,7.961355209350586,10.943286895751953,17.15517807006836
"2025-01-18 13:45:00.0000",1.34,98.05,8.760367393493652,12.042998313903809,21.40762710571289
"2025-01-18 14:00:00.0000",1.53,97.67,8.659076690673828,12.315711975097656,35.077728271484375
"2025-01-18 14:15:00.0000",1.58,97.34,8.953447341918945,13.057283401489258,34.17317581176758
"2025-01-18 14:30:00.0000",1.7,97.1,9.303326606750488,12.72130012512207,25.755090713500977
"2025-01-18 14:45:00.0000",1.35,98.66,8.723843574523926,11.715540885925293,16.98166275024414
"2025-01-18 15:00:00.0000",1.23,99.72,9.284926414489746,12.232725143432617,17.37989044189453
"2025-01-18 15:15:00.0000",1.19,99.99,8.897828102111816,12.426993370056152,16.462324142456055
"2025-01-18 15:30:00.0000",1.21,100,8.339712142944336,11.034515380859375,20.993419647216797
"2025-01-18 15:45:00.0000",0.98,100,8.934792518615723,11.6251802444458,14.022619247436523
"2025-01-18 16:00:00.0000",0.97,100,10.221572875976562,13.480724334716797,19.820087432861328
"2025-01-18 16:15:00.0000",0.88,100,9.74027156829834,13.953323364257812,24.346996307373047
"2025-01-18 16:30:00.0000",0.91,100,9.883501052856445,13.081583023071289,15.983457565307617
"2025-01-18 16:45:00.0000",0.76,100,10.25767707824707,13.531103134155273,22.63231086730957
"2025-01-18 17:00:00.0000",0.65,100,9.669245719909668,12.711016654968262,16.415306091308594
"2025-01-18 17:15:00.0000",0.48,100,11.729805946350098,15.02486801147461,20.104543685913086
"2025-01-18 17:30:00.0000",0.4,100,10.456953048706055,13.467087745666504,16.509929656982422
"2025-01-18 17:45:00.0000",0.46,100,10.594029426574707,13.672059059143066,20.59000587463379
"2025-01-18 18:00:00.0000",0.36,100,11.242219924926758,15.317075729370117,20.115861892700195
"2025-01-18 18:15:00.0000",0.4,100,10.344147682189941,13.583516120910645,18.42500877380371
"2025-01-18 18:30:00.0000",0.35,100,11.259319305419922,15.049131393432617,26.976634979248047
"2025-01-18 18:45:00.0000",0.38,100,13.052084922790527,16.598575592041016,25.355438232421875
"2025-01-18 19:00:00.0000",0.36,100,12.008061408996582,16.324857711791992,22.500411987304688
"2025-01-18 19:15:00.0000",0.14,100,12.046875953674316,15.459030151367188,18.856287002563477
"2025-01-18 19:30:00.0000",0.08,100,11.705656051635742,15.380802154541016,19.435455322265625
"2025-01-18 19:45:00.0000",0,100,16.397693634033203,20.970081329345703,27.793249130249023
"2025-01-18 20:00:00.0000",0,100,17.595979690551758,22.32671356201172,25.38739585876465
"2025-01-18 20:15:00.0000",0,100,24.29485321044922,30.251253128051758,32.987159729003906
"2025-01-18 20:30:00.0000",0,100,28.134729385375977,35.255958557128906,39.04914093017578
"2025-01-18 20:45:00.0000",0,100,28.59101676940918,35.81340026855469,41.05414962768555
"2025-01-18 21:00:00.0000",0,100,22.40237808227539,28.407358169555664,32.216758728027344
"2025-01-18 21:15:00.0000",0,100,26.517719268798828,34.796844482421875,40.445796966552734
"2025-01-18 21:30:00.0000",0,100,21.32199478149414,28.01906967163086,31.693805694580078
"2025-01-18 21:45:00.0000",0,100,26.067480087280273,33.62804412841797,37.10936737060547
"2025-01-18 22:00:00.0000",0,100,32.58243942260742,42.051414489746094,46.10728073120117
"2025-01-18 22:15:00.0000",0,100,34.615447998046875,44.800514221191406,48.8912239074707
"2025-01-18 22:30:00.0000",0,100,31.03104591369629,39.769474029541016,43.388153076171875
"2025-01-18 22:45:00.0000",0,100,35.22236633300781,44.54140853881836,48.898582458496094
"2025-01-18 23:00:00.0000",0,100,28.20926284790039,36.11954116821289,40.55961608886719
"2025-01-18 23:15:00.0000",0,100,29.325637817382812,37.66646957397461,41.44735336303711
"2025-01-18 23:30:00.0000",0,100,35.26544189453125,45.21657943725586,53.46825408935547
"2025-01-18 23:45:00.0000",0,100,36.553955078125,47.840126037597656,53.42206573486328
"2025-01-19 00:00:00.0000",0,100,33.659610748291016,44.71946716308594,51.52822494506836
"2025-01-19 00:15:00.0000",0,100,36.311466217041016,48.082427978515625,52.052181243896484
"2025-01-19 00:30:00.0000",0,100,40.803470611572266,54.39921188354492,58.604251861572266
"2025-01-19 00:45:00.0000",0,100,35.3911018371582,46.407588958740234,55.839866638183594
"2025-01-19 01:00:00.0000",0,100,37.71815490722656,49.470611572265625,55.31705093383789
"2025-01-19 01:15:00.0000",0,100,43.975563049316406,56.522705078125,61.483821868896484
"2025-01-19 01:30:00.0000",0,100,37.65025329589844,48.432960510253906,51.462730407714844
"2025-01-19 01:45:00.0000",0,100,38.72624206542969,49.91164016723633,53.17611312866211
"2025-01-19 02:00:00.0000",0,100,32.856388092041016,42.78958511352539,52.54909133911133
"2025-01-19 02:15:00.0000",0,100,28.226539611816406,36.47856140136719,42.86583709716797
"2025-01-19 02:30:00.0000",0,100,31.723880767822266,42.054710388183594,45.01181411743164
"2025-01-19 02:45:00.0000",0,100,29.57351303100586,40.1185417175293,45.06985855102539
"2025-01-19 03:00:00.0000",0,100,30.550504684448242,41.12682342529297,45.684181213378906
"2025-01-19 03:15:00.0000",0,100,27.435922622680664,36.33392333984375,44.51776885986328
"2025-01-19 03:30:00.0000",0,100,35.39154815673828,46.58870315551758,53.21643829345703
"2025-01-19 03:45:00.0000",0,100,36.261146545410156,48.47647476196289,53.55375289916992
"2025-01-19 04:00:00.0000",0,100,33.90762710571289,45.8818359375,49.15489196777344
"2025-01-19 04:15:00.0000",0,100,30.310110092163086,41.6640739440918,44.927730560302734
"2025-01-19 04:30:00.0000",0,100,27.992887496948242,37.66836166381836,42.812679290771484
"2025-01-19 04:45:00.0000",0,100,23.659517288208008,31.297449111938477,33.798988342285156
"2025-01-19 05:00:00.0000",0,100,25.993919372558594,34.76423263549805,37.958656311035156
"2025-01-19 05:15:00.0000",0,100,28.671031951904297,39.13840866088867,42.380313873291016
"2025-01-19 05:30:00.0000",0,100,26.59976577758789,35.79201126098633,38.67013168334961
"2025-01-19 05:45:00.0000",0,100,22.82561492919922,30.94119644165039,35.03101348876953
"2025-01-19 06:00:00.0000",0,100,23.036823272705078,31.50118064880371,34.35215377807617
"2025-01-19 06:15:00.0000",0,100,22.477954864501953,31.26848602294922,34.142982482910156
"2025-01-19 06:30:00.0000",0,100,22.248245239257812,30.757476806640625,34.02867889404297
"2025-01-19 06:45:00.0000",0,100,22.53056526184082,31.453126907348633,35.82568359375
"2025-01-19 07:00:00.0000",0,100,20.906740188598633,28.389402389526367,31.028730392456055
"2025-01-19 07:15:00.0000",0,100,20.461774826049805,28.115680694580078,35.106834411621094
"2025-01-19 07:30:00.0000",0,100,21.06800079345703,29.642398834228516,33.5558967590332
"2025-01-19 07:45:00.0000",0,100,23.255834579467773,33.55890655517578,44.271724700927734
"2025-01-19 08:00:00.0000",0,100,25.271831512451172,37.00867462158203,43.14763259887695
"2025-01-19 08:15:00.0000",0,100,25.525737762451172,37.21434783935547,48.32355499267578
"2025-01-19 08:30:00.0000",0,100,24.312450408935547,35.7078857421875,49.77023696899414
"2025-01-19 08:45:00.0000",0,100,26.29819107055664,36.443416595458984,45.99515151977539
"2025-01-19 09:00:00.0000",0,100,25.694814682006836,36.54780578613281,50.572635650634766
"2025-01-19 09:15:00.0000",0,100,26.8844051361084,37.73029708862305,49.347843170166016
"2025-01-19 09:30:00.0000",0,100,26.7515926361084,36.88896179199219,42.711524963378906
"2025-01-19 09:45:00.0000",0,100,26.28458595275879,37.26899719238281,50.78227615356445
"2025-01-19 10:00:00.0000",0,100,21.75507354736328,30.18921661376953,40.74339294433594
"2025-01-19 10:15:00.0000",0,100,19.847497940063477,28.076608657836914,32.93535232543945
"2025-01-19 10:30:00.0000",0,100,17.695844650268555,24.95591163635254,37.644325256347656
"2025-01-19 10:45:00.0000",0,100,16.79349136352539,23.171154022216797,27.068391799926758
"2025-01-19 11:00:00.0000",0,100,16.970382690429688,23.880277633666992,27.81517219543457
"2025-01-19 11:15:00.0000",0,100,16.93543815612793,24.12217903137207,33.067420959472656
"2025-01-19 11:30:00.0000",0.13,100,14.647073745727539,22.097482681274414,48.84961700439453
"2025-01-19 11:45:00.0000",0.14,100,15.4915189743042,25.070207595825195,72.88121032714844
"2025-01-19 12:00:00.0000",0.13,100,14.799799919128418,23.435989379882812,47.49860763549805
"2025-01-19 12:15:00.0000",0.3,100,14.77579402923584,26.523956298828125,75.88385009765625
"2025-01-19 12:30:00.0000",0.4,100,14.87917423248291,25.386423110961914,63.87595748901367
"2025-01-19 12:45:00.0000",0.53,100,14.391627311706543,24.2165470123291,58.08161926269531
"2025-01-19 13:00:00.0000",0.84,99.92,13.014349937438965,25.19162940979004,81.54875183105469
"2025-01-19 13:15:00.0000",0.94,99.83,14.481941223144531,31.448482513427734,84.10164642333984
"2025-01-19 13:30:00.0000",0.91,99.75,13.483287811279297,20.624053955078125,43.01155471801758
"2025-01-19 13:45:00.0000",0.65,100,13.616048812866211,22.546184539794922,47.804500579833984
"2025-01-19 14:00:00.0000",0.77,99.96,12.758808135986328,19.814037322998047,33.5504150390625
"2025-01-19 14:15:00.0000",0.78,99.86,11.775046348571777,20.859766006469727,68.0048599243164
"2025-01-19 14:30:00.0000",0.84,99.95,12.0564546585083,20.047306060791016,55.498104095458984
"2025-01-19 14:45:00.0000",1.12,98.93,10.848556518554688,19.111101150512695,35.98801040649414
"2025-01-19 15:00:00.0000",0.93,99.69,10.837995529174805,18.625179290771484,39.676361083984375
"2025-01-19 15:15:00.0000",0.74,100,11.393982887268066,17.688695907592773,44.87712860107422
"2025-01-19 15:30:00.0000",0.74,100,11.322888374328613,17.96031951904297,41.903480529785156
"2025-01-19 15:45:00.0000",0.84,100,10.539786338806152,15.754389762878418,30.063703536987305
"2025-01-19 16:00:00.0000",0.81,100,11.035737037658691,15.69098949432373,23.885910034179688
"2025-01-19 16:15:00.0000",0.8,100,11.109661102294922,15.653712272644043,20.827791213989258
"2025-01-19 16:30:00.0000",0.81,100,11.086043357849121,14.980833053588867,17.926179885864258
"2025-01-19 16:45:00.0000",0.69,100,11.409080505371094,16.25918960571289,23.016254425048828
"2025-01-19 17:00:00.0000",0.62,100,12.790177345275879,17.98541831970215,28.8626708984375
"2025-01-19 17:15:00.0000",0.5,100,11.750125885009766,16.243886947631836,21.790035247802734
"2025-01-19 17:30:00.0000",0.51,100,12.475199699401855,17.280071258544922,25.548192977905273
"2025-01-19 17:45:00.0000",0.52,100,11.882609367370605,16.426687240600586,20.60319709777832
"2025-01-19 18:00:00.0000",0.61,100,12.744648933410645,17.58208465576172,23.5472354888916
"2025-01-19 18:15:00.0000",0.61,100,11.643535614013672,16.663909912109375,20.57969093322754
"2025-01-19 18:30:00.0000",0.61,100,10.165889739990234,13.890682220458984,17.5695743560791
"2025-01-19 18:45:00.0000",0.53,100,9.930339813232422,13.645275115966797,16.5979061126709
"2025-01-19 19:00:00.0000",0.52,100,9.942037582397461,13.786696434020996,17.4768123626709
"2025-01-19 19:15:00.0000",0.63,100,9.902219772338867,13.478927612304688,18.329437255859375
"2025-01-19 19:30:00.0000",0.73,100,8.819127082824707,12.10506534576416,16.14006996154785
"2025-01-19 19:45:00.0000",0.73,100,8.744318962097168,12.642419815063477,17.713726043701172
"2025-01-19 20:00:00.0000",0.75,100,8.639081954956055,12.50218677520752,20.59227752685547
"2025-01-19 20:15:00.0000",0.79,100,8.47989273071289,12.179557800292969,16.647876739501953
"2025-01-19 20:30:00.0000",0.8,100,8.247533798217773,11.297370910644531,19.321062088012695
"2025-01-19 20:45:00.0000",0.77,100,8.872135162353516,12.196025848388672,15.430790901184082
"2025-01-19 21:00:00.0000",0.73,100,8.850998878479004,12.303321838378906,19.613372802734375
"2025-01-19 21:15:00.0000",0.79,99.98,7.018529415130615,10.114765167236328,19.377758026123047
"2025-01-19 21:30:00.0000",0.95,99.55,7.004235744476318,9.993200302124023,14.781511306762695
"2025-01-19 21:45:00.0000",1.02,98.39,6.071226596832275,8.360966682434082,15.12636947631836
"2025-01-19 22:00:00.0000",1.07,97.3,6.301909446716309,8.96174430847168,12.2957763671875
"2025-01-19 22:15:00.0000",0.9,98.38,7.62977933883667,10.427752494812012,13.706348419189453
"2025-01-19 22:30:00.0000",0.83,98.78,7.383108139038086,9.87397575378418,12.281421661376953
"2025-01-19 22:45:00.0000",0.75,98.59,6.88045597076416,9.243742942810059,14.201558113098145
"2025-01-19 23:00:00.0000",0.76,98.2,7.148160457611084,9.937748908996582,13.443516731262207
"2025-01-19 23:15:00.0000",0.74,97.88,6.589211463928223,9.556100845336914,16.150270462036133
"2025-01-19 23:30:00.0000",0.8,96.49,6.392828464508057,8.991643905639648,19.042903900146484
"2025-01-19 23:45:00.0000",0.87,96.11,6.616847515106201,9.24532699584961,21.151885986328125
"2025-01-20 00:00:00.0000",0.84,96.08,7.332127571105957,10.482100486755371,16.112512588500977
"2025-01-20 00:15:00.0000",0.84,95.22,6.842952728271484,9.489073753356934,13.572372436523438
"2025-01-20 00:30:00.0000",0.89,95.95,8.867767333984375,12.49775218963623,16.01386833190918
"2025-01-20 00:45:00.0000",0.84,96.47,9.659303665161133,12.751532554626465,15.572813987731934
"2025-01-20 01:00:00.0000",0.83,96.96,10.044220924377441,14.302483558654785,19.695411682128906
"2025-01-20 01:15:00.0000",0.83,97.32,11.135529518127441,15.189387321472168,19.766849517822266
"2025-01-20 01:30:00.0000",0.69,98.25,11.310211181640625,15.084359169006348,17.649070739746094
"2025-01-20 01:45:00.0000",0.64,98.16,10.701208114624023,14.720756530761719,18.747264862060547
"2025-01-20 02:00:00.0000",0.72,97.99,11.484991073608398,15.517618179321289,18.073654174804688
"2025-01-20 02:15:00.0000",0.74,98.41,12.232181549072266,16.721858978271484,19.756973266601562
"2025-01-20 02:30:00.0000",0.59,99.96,14.81618881225586,20.45416259765625,25.168018341064453
"2025-01-20 02:45:00.0000",0.51,100,13.465021133422852,18.636259078979492,24.070568084716797
"2025-01-20 03:00:00.0000",0.52,100,14.154387474060059,19.510656356811523,23.52018928527832
"2025-01-20 03:15:00.0000",0.57,99.96,13.130631446838379,18.334630966186523,22.40671157836914
"2025-01-20 03:30:00.0000",0.6,99.8,12.266435623168945,16.90853500366211,19.50174331665039
"2025-01-20 03:45:00.0000",0.67,98.84,11.7324800491333,16.17621421813965,19.91292381286621
"2025-01-20 04:00:00.0000",0.74,98.19,11.745779991149902,16.192523956298828,23.077781677246094
"2025-01-20 04:15:00.0000",0.84,97.56,12.028076171875,17.35176658630371,27.466541290283203
"2025-01-20 04:30:00.0000",0.72,99.26,14.270750999450684,20.164140701293945,25.403968811035156
"2025-01-20 04:45:00.0000",0.67,99.16,14.451031684875488,19.682147979736328,26.782503128051758
"2025-01-20 05:00:00.0000",0.66,99.98,14.366402626037598,20.010108947753906,23.634984970092773
"2025-01-20 05:15:00.0000",0.56,100,14.870165824890137,21.379924774169922,26.020841598510742
"2025-01-20 05:30:00.0000",0.56,100,13.744812965393066,19.291385650634766,28.28927993774414
"2025-01-20 05:45:00.0000",0.54,100,14.551315307617188,20.454925537109375,26.778810501098633
"2025-01-20 06:00:00.0000",0.63,100,12.690136909484863,17.848739624023438,22.892087936401367
"2025-01-20 06:15:00.0000",0.69,99.83,12.759452819824219,17.490924835205078,21.631628036499023
"2025-01-20 06:30:00.0000",0.76,99.33,11.909327507019043,16.885986328125,21.76267433166504
"2025-01-20 06:45:00.0000",0.79,99.06,12.08716106414795,16.7603759765625,24.844751358032227
"2025-01-20 07:00:00.0000",0.75,100,13.505823135375977,19.536081314086914,23.653717041015625
"2025-01-20 07:15:00.0000",0.73,100,13.263042449951172,18.55190658569336,21.982633590698242
"2025-01-20 07:30:00.0000",0.72,100,14.59487533569336,21.299100875854492,30.219287872314453
"2025-01-20 07:45:00.0000",0.64,100,15.485692024230957,21.670133590698242,24.33236312866211
"2025-01-20 08:00:00.0000",0.59,100,15.344596862792969,22.067792892456055,27.214109420776367
"2025-01-20 08:15:00.0000",0.6,100,14.731940269470215,21.496124267578125,26.333227157592773
"2025-01-20 08:30:00.0000",0.71,100,14.795455932617188,21.128942489624023,27.15099334716797
"2025-01-20 08:45:00.0000",0.82,100,15.332048416137695,21.867610931396484,25.872638702392578
"2025-01-20 09:00:00.0000",0.7,100,15.85348892211914,22.269479751586914,25.396190643310547
"2025-01-20 09:15:00.0000",0.85,100,15.751337051391602,22.580663681030273,27.30439567565918
"2025-01-20 09:30:00.0000",0.96,100,15.86029052734375,23.095022201538086,27.31282615661621
"2025-01-20 09:45:00.0000",0.83,100,17.789779663085938,25.434812545776367,29.207767486572266
"2025-01-20 10:00:00.0000",1.04,100,16.962106704711914,25.035858154296875,39.18455123901367
"2025-01-20 10:15:00.0000",1.24,100,16.20630645751953,23.40624237060547,41.53989028930664
"2025-01-20 10:30:00.0000",1.54,100,15.02493667602539,21.440610885620117,27.773012161254883
"2025-01-20 10:45:00.0000",1.59,100,14.883058547973633,21.314817428588867,28.803436279296875
"2025-01-20 11:00:00.0000",1.59,100,14.931426048278809,21.529809951782227,28.886669158935547
"2025-01-20 11:15:00.0000",1.8,100,15.302017211914062,22.257108688354492,32.33723831176758
"2025-01-20 11:30:00.0000",1.89,100,15.011492729187012,21.52452278137207,34.284358978271484
"2025-01-20 11:45:00.0000",1.94,100,15.92569351196289,23.771608352661133,37.17996597290039
"2025-01-20 12:00:00.0000",2,100,15.863973617553711,23.314823150634766,33.39176559448242
"2025-01-20 12:15:00.0000",1.92,100,15.846023559570312,23.046226501464844,35.75267028808594
"2025-01-20 12:30:00.0000",1.8,100,14.499899864196777,21.09742546081543,30.26496696472168
"2025-01-20 12:45:00.0000",1.83,100,15.589287757873535,23.2359619140625,35.99871063232422
"2025-01-20 13:00:00.0000",1.88,100,16.056856155395508,23.526287078857422,31.83611488342285
"2025-01-20 13:15:00.0000",1.84,100,17.317054748535156,25.20391273498535,35.06829833984375
"2025-01-20 13:30:00.0000",2,100,16.91640281677246,25.710966110229492,33.31000518798828
"2025-01-20 13:45:00.0000",2.1,100,15.89991283416748,24.35793113708496,34.62982177734375
"2025-01-20 14:00:00.0000",2.1,100,15.870023727416992,23.704923629760742,29.71950912475586
"2025-01-20 14:15:00.0000",2.14,100,15.265106201171875,23.4075927734375,36.98733901977539
"2025-01-20 14:30:00.0000",2.09,100,15.298258781433105,23.613027572631836,32.6318359375
"2025-01-20 14:45:00.0000",2.17,100,16.528152465820312,25.675729751586914,36.06536865234375
"2025-01-20 15:00:00.0000",2.43,100,16.532655715942383,25.12925910949707,52.48713684082031
"2025-01-20 15:15:00.0000",2.46,100,16.504125595092773,24.40117835998535,29.215946197509766
"2025-01-20 15:30:00.0000",2.56,100,16.103931427001953,24.74677085876465,30.088146209716797
"2025-01-20 15:45:00.0000",2.58,100,16.066621780395508,26.06100845336914,41.82680130004883
"2025-01-20 16:00:00.0000",2.4,100,19.138952255249023,28.999208450317383,38.29615783691406
"2025-01-20 16:15:00.0000",2.45,100,17.71243667602539,26.350282669067383,40.53693389892578
"2025-01-20 16:30:00.0000",2.33,100,19.485300064086914,30.162851333618164,35.83180618286133
"2025-01-20 16:45:00.0000",2.39,100,19.528430938720703,31.87968635559082,44.06827163696289
"2025-01-20 17:00:00.0000",2.37,100,19.915634155273438,31.809791564941406,45.35816192626953
"2025-01-20 17:15:00.0000",2.39,100,20.505168914794922,33.350406646728516,51.51795196533203
"2025-01-20 17:30:00.0000",2.36,100,18.861473083496094,30.946569442749023,38.200599670410156
"2025-01-20 17:45:00.0000",2.43,100,17.49661636352539,27.704397201538086,37.18840026855469
"2025-01-20 18:00:00.0000",2.5,100,21.422096252441406,32.938446044921875,46.88338851928711
"2025-01-20 18:15:00.0000",2.49,100,17.95234489440918,29.092510223388672,52.95671081542969
"2025-01-20 18:30:00.0000",2.52,100,17.540557861328125,27.983654022216797,33.710121154785156
"2025-01-20 18:45:00.0000",2.56,100,17.016536712646484,27.869524002075195,41.98795700073242
"2025-01-20 19:00:00.0000",2.59,100,18.28668212890625,30.339570999145508,47.961822509765625
"2025-01-20 19:15:00.0000",2.63,100,17.538658142089844,28.940793991088867,47.24921417236328
"2025-01-20 19:30:00.0000",2.7,100,16.363691329956055,27.705385208129883,38.56245803833008
"2025-01-20 19:45:00.0000",2.87,100,13.776839256286621,22.125585556030273,31.426010131835938
"2025-01-20 20:00:00.0000",2.96,100,13.257168769836426,21.533981323242188,29.183582305908203
"2025-01-20 20:15:00.0000",2.94,100,14.94650650024414,23.573970794677734,36.73808670043945
"2025-01-20 20:30:00.0000",2.95,100,14.638567924499512,25.175888061523438,45.677642822265625
"2025-01-20 20:45:00.0000",2.98,100,14.322086334228516,23.529626846313477,37.065826416015625
"2025-01-20 21:00:00.0000",2.96,100,12.525440216064453,19.269176483154297,30.255592346191406
"2025-01-20 21:15:00.0000",3.02,100,12.381512641906738,20.316354751586914,26.820581436157227
"2025-01-20 21:30:00.0000",3.02,100,11.349691390991211,17.19420623779297,22.88477897644043
"2025-01-20 21:45:00.0000",3.04,100,11.128606796264648,18.525754928588867,35.591041564941406
"2025-01-20 22:00:00.0000",3.13,100,10.324689865112305,16.5541934967041,30.41204261779785
"2025-01-20 22:15:00.0000",3.18,100,8.323406219482422,11.782159805297852,15.690223693847656
"2025-01-20 22:30:00.0000",3.18,100,9.026690483093262,14.278706550598145,25.612510681152344
"2025-01-20 22:45:00.0000",3.15,100,8.837620735168457,13.832639694213867,23.961231231689453
"2025-01-20 23:00:00.0000",3.23,100,8.158117294311523,12.430755615234375,24.682594299316406
"2025-01-20 23:15:00.0000",3.16,100,7.816540718078613,11.725628852844238,16.139034271240234
"2025-01-20 23:30:00.0000",3.15,100,8.026946067810059,12.777352333068848,24.106931686401367
"2025-01-20 23:45:00.0000",3.16,100,6.972103595733643,10.557988166809082,18.771038055419922
"2025-01-21 00:00:00.0000",3.13,100,8.004021644592285,12.247493743896484,21.87806510925293
"2025-01-21 00:15:00.0000",3.1,100,7.44207763671875,11.79982852935791,17.27554702758789
"2025-01-21 00:30:00.0000",3.02,100,7.1376423835754395,10.336185455322266,19.148710250854492
"2025-01-21 00:45:00.0000",3.02,100,7.393004417419434,10.729991912841797,15.225963592529297
"2025-01-21 01:00:00.0000",2.96,100,7.519240379333496,10.990838050842285,21.195789337158203
"2025-01-21 01:15:00.0000",2.92,100,7.365408897399902,11.004436492919922,16.36411476135254
"2025-01-21 01:30:00.0000",2.91,100,7.245232105255127,10.942679405212402,17.568796157836914
"2025-01-21 01:45:00.0000",2.89,100,7.835238933563232,12.964029312133789,19.12778663635254
"2025-01-21 02:00:00.0000",2.88,100,6.870771884918213,9.544687271118164,23.74669075012207
"2025-01-21 02:15:00.0000",2.84,100,7.106985092163086,11.161064147949219,17.590524673461914
"2025-01-21 02:30:00.0000",2.79,100,7.131424427032471,10.794269561767578,19.604736328125
"2025-01-21 02:45:00.0000",2.79,100,7.063065528869629,10.768291473388672,15.644394874572754
"2025-01-21 03:00:00.0000",2.77,100,6.979382038116455,10.693731307983398,14.46802806854248
"2025-01-21 03:15:00.0000",2.73,100,6.541622638702393,10.399621963500977,16.132476806640625
"2025-01-21 03:30:00.0000",2.75,100,6.245291709899902,9.274617195129395,13.759780883789062
"2025-01-21 03:45:00.0000",2.65,100,5.984942436218262,9.204778671264648,14.245378494262695
"2025-01-21 04:00:00.0000",2.66,100,5.142968654632568,8.132939338684082,12.581379890441895
"2025-01-21 04:15:00.0000",2.65,100,4.9587016105651855,8.464430809020996,15.212203025817871
"2025-01-21 04:30:00.0000",2.6,100,4.824573516845703,7.523630619049072,11.620549201965332
"2025-01-21 04:45:00.0000",2.6,100,4.746666431427002,8.414433479309082,18.941333770751953
"2025-01-21 05:00:00.0000",2.56,100,4.724706649780273,7.453342437744141,17.623613357543945
"2025-01-21 05:15:00.0000",2.56,100,4.903350353240967,7.84333610534668,20.76576042175293
"2025-01-21 05:30:00.0000",2.49,100,4.67160177230835,7.710623741149902,15.292062759399414
"2025-01-21 05:45:00.0000",2.37,100,4.700759410858154,7.459100246429443,19.9973201751709
"2025-01-21 06:00:00.0000",2.41,100,4.973922252655029,7.9689249992370605,15.38623046875
"2025-01-21 06:15:00.0000",2.43,100,4.72430419921875,7.932252883911133,15.876434326171875
"2025-01-21 06:30:00.0000",2.51,100,4.848080635070801,8.145023345947266,12.102766036987305
"2025-01-21 06:45:00.0000",2.51,100,5.118584632873535,8.875558853149414,17.128704071044922
"2025-01-21 07:00:00.0000",2.56,100,5.673720836639404,10.055105209350586,17.196985244750977
"2025-01-21 07:15:00.0000",2.56,100,5.365335464477539,8.393773078918457,14.499649047851562
"2025-01-21 07:30:00.0000",2.54,100,5.697368144989014,9.162211418151855,15.737214088439941
"2025-01-21 07:45:00.0000",2.57,100,5.745784282684326,9.62475872039795,21.513952255249023
"2025-01-21 08:00:00.0000",2.61,100,5.9016642570495605,9.843056678771973,16.385974884033203
"2025-01-21 08:15:00.0000",2.67,100,5.583461284637451,9.294032096862793,18.18253517150879
"2025-01-21 08:30:00.0000",2.71,100,5.803603649139404,8.5462064743042,15.567675590515137
"2025-01-21 08:45:00.0000",2.76,100,5.703067779541016,9.28880500793457,23.139663696289062
"2025-01-21 09:00:00.0000",2.83,100,6.398597240447998,10.754740715026855,19.416399002075195
"2025-01-21 09:15:00.0000",2.75,100,7.150067329406738,12.013213157653809,24.276113510131836
"2025-01-21 09:30:00.0000",2.83,100,6.620766639709473,11.38418197631836,20.689729690551758
"2025-01-21 09:45:00.0000",3.06,100,6.54599666595459,10.750142097473145,15.784069061279297
"2025-01-21 10:00:00.0000",3.15,100,6.080198764801025,10.258665084838867,35.41525650024414
"2025-01-21 10:15:00.0000",3.27,100,6.110976219177246,9.983673095703125,19.954885482788086
"2025-01-21 10:30:00.0000",3.27,100,6.818299770355225,11.582650184631348,21.4049129486084
"2025-01-21 10:45:00.0000",3.23,100,6.678781986236572,11.620393753051758,26.463178634643555
"2025-01-21 11:00:00.0000",3.16,100,7.016509532928467,11.715981483459473,22.456857681274414
"2025-01-21 11:15:00.0000",3.29,100,6.281266212463379,9.935022354125977,19.652088165283203
"2025-01-21 11:30:00.0000",3.38,100,6.78319787979126,11.931596755981445,31.12310028076172
"2025-01-21 11:45:00.0000",3.55,100,6.861944198608398,12.071232795715332,27.319278717041016
"2025-01-21 12:00:00.0000",3.56,100,6.812685966491699,10.603384971618652,23.15802764892578
"2025-01-21 12:15:00.0000",3.53,100,7.913318157196045,13.050249099731445,24.75676155090332
"2025-01-21 12:30:00.0000",3.45,100,6.9140448570251465,11.37350845336914,19.907093048095703
"2025-01-21 12:45:00.0000",3.43,100,8.177355766296387,13.688220024108887,30.496383666992188
"2025-01-21 13:00:00.0000",3.58,100,7.602960109710693,14.07706356048584,29.80900001525879
"2025-01-21 13:15:00.0000",3.7,100,7.406613349914551,12.5072603225708,24.366975784301758
"2025-01-21 13:30:00.0000",3.96,100,7.692099094390869,13.757970809936523,23.46566390991211
"2025-01-21 13:45:00.0000",3.82,100,7.809244155883789,14.693504333496094,36.54499816894531
"2025-01-21 14:00:00.0000",3.83,100,8.2088041305542,16.146743774414062,27.62235450744629
"2025-01-21 14:15:00.0000",3.8,100,8.802895545959473,15.701593399047852,47.284175872802734
"2025-01-21 14:30:00.0000",3.66,100,9.66088581085205,18.08905792236328,43.28046417236328
"2025-01-21 14:45:00.0000",3.65,100,7.813215732574463,12.6461181640625,18.244691848754883
"2025-01-21 15:00:00.0000",3.51,100,8.456708908081055,15.582379341125488,36.069618225097656
"2025-01-21 15:15:00.0000",3.35,100,7.889165878295898,12.879758834838867,25.83345603942871
"2025-01-21 15:30:00.0000",3.31,100,8.91701889038086,15.737154960632324,29.934988021850586
"2025-01-21 15:45:00.0000",3.19,100,8.845725059509277,14.039478302001953,22.073251724243164
"2025-01-21 16:00:00.0000",3.19,100,9.341897010803223,17.1718807220459,42.26375961303711
"2025-01-21 16:15:00.0000",3.16,100,10.011425971984863,17.44063377380371,32.28693389892578
"2025-01-21 16:30:00.0000",3.21,100,7.960196018218994,13.490079879760742,19.224538803100586
"2025-01-21 16:45:00.0000",3.24,100,7.676924705505371,12.785933494567871,22.46112060546875
"2025-01-21 17:00:00.0000",3.24,100,7.678675651550293,11.709470748901367,16.495073318481445
"2025-01-21 17:15:00.0000",3.15,100,9.049212455749512,13.76449966430664,24.194061279296875
"2025-01-21 17:30:00.0000",3.24,100,9.175426483154297,15.445396423339844,36.41431427001953
"2025-01-21 17:45:00.0000",3.23,100,9.503497123718262,17.040311813354492,35.138675689697266
"2025-01-21 18:00:00.0000",3.09,100,10.053024291992188,16.033639907836914,25.292282104492188
"2025-01-21 18:15:00.0000",3.06,100,9.203727722167969,14.564797401428223,21.723339080810547
"2025-01-21 18:30:00.0000",3.05,100,11.090738296508789,17.382308959960938,36.558956146240234
"2025-01-21 18:45:00.0000",3.06,100,11.926712989807129,18.419870376586914,39.294105529785156
"2025-01-21 19:00:00.0000",3,100,13.547289848327637,20.895414352416992,40.77947998046875
"2025-01-21 19:15:00.0000",2.85,100,13.127059936523438,18.76451301574707,24.22408676147461
"2025-01-21 19:30:00.0000",2.88,100,13.077004432678223,19.14808464050293,29.177453994750977
"2025-01-21 19:45:00.0000",2.79,100,14.246674537658691,20.65280532836914,33.40406799316406
"2025-01-21 20:00:00.0000",2.85,100,14.818310737609863,21.861040115356445,41.97730255126953
"2025-01-21 20:15:00.0000",2.91,100,15.040738105773926,21.47007942199707,29.896953582763672
"2025-01-21 20:30:00.0000",2.84,100,17.449321746826172,24.817920684814453,41.32408142089844
"2025-01-21 20:45:00.0000",2.78,100,16.996845245361328,25.478017807006836,44.59904861450195
"2025-01-21 21:00:00.0000",2.63,100,16.989452362060547,24.0383243560791,35.6982307434082
"2025-01-21 21:15:00.0000",2.63,100,15.821575164794922,21.173709869384766,27.109907150268555
"2025-01-21 21:30:00.0000",2.53,100,17.824981689453125,24.646718978881836,31.760339736938477
"2025-01-21 21:45:00.0000",2.48,100,18.154502868652344,25.63530921936035,36.870521545410156
"2025-01-21 22:00:00.0000",2.55,100,17.716272354125977,23.833559036254883,30.152379989624023
"2025-01-21 22:15:00.0000",2.41,100,19.211048126220703,26.085773468017578,29.86863136291504
"2025-01-21 22:30:00.0000",2.39,100,19.63187026977539,26.93280029296875,34.326263427734375
"2025-01-21 22:45:00.0000",2.34,100,17.352113723754883,22.70344352722168,26.985685348510742
"2025-01-21 23:00:00.0000",2.32,100,19.509817123413086,26.94951057434082,34.82499694824219
"2025-01-21 23:15:00.0000",2.33,100,19.81089973449707,26.60386085510254,37.1429328918457
"2025-01-21 23:30:00.0000",2.32,100,20.442588806152344,27.61452293395996,35.5959587097168
"2025-01-21 23:45:00.0000",2.12,100,22.758037567138672,31.6704158782959,42.3119010925293
"2025-01-22 00:00:00.0000",1.9,100,20.16874122619629,27.83882713317871,36.36937713623047
"2025-01-22 00:15:00.0000",1.7,100,20.42094612121582,26.813968658447266,30.44365882873535
"2025-01-22 00:30:00.0000",1.53,100,24.915592193603516,34.596317291259766,48.592201232910156
"2025-01-22 00:45:00.0000",1.41,100,25.72727394104004,36.209312438964844,47.471214294433594
"2025-01-22 01:00:00.0000",1.23,100,20.07748031616211,27.10411834716797,30.498626708984375
"2025-01-22 01:15:00.0000",1.08,100,26.47357940673828,36.99774169921875,48.41836929321289
"2025-01-22 01:30:00.0000",1.05,100,30.686321258544922,44.603660583496094,50.5523681640625
"2025-01-22 01:45:00.0000",1.08,100,30.45538902282715,44.069541931152344,57.86616897583008
"2025-01-22 02:00:00.0000",1.04,100,31.21826934814453,47.068668365478516,64.12840270996094
"2025-01-22 02:15:00.0000",1.02,100,28.2891845703125,39.80863571166992,48.22962188720703
"2025-01-22 02:30:00.0000",0.96,100,33.236419677734375,50.13611602783203,57.785152435302734
"2025-01-22 02:45:00.0000",0.98,100,25.568078994750977,35.68752670288086,39.9310302734375
"2025-01-22 03:00:00.0000",1,100,31.013578414916992,45.816871643066406,51.82859420776367
"2025-01-22 03:15:00.0000",1,100,31.73310089111328,47.921974182128906,62.22043991088867
"2025-01-22 03:30:00.0000",0.99,100,25.766433715820312,36.55308151245117,40.76267623901367
"2025-01-22 03:45:00.0000",0.99,100,34.23798751831055,52.301570892333984,61.420352935791016
"2025-01-22 04:00:00.0000",0.95,100,33.850460052490234,50.84619903564453,63.83586883544922
"2025-01-22 04:15:00.0000",0.91,100,34.08462905883789,52.28813934326172,65.85619354248047
"2025-01-22 04:30:00.0000",0.75,100,36.08908462524414,55.03403854370117,64.2885513305664
"2025-01-22 04:45:00.0000",0.73,100,36.8353157043457,56.967620849609375,63.7680778503418
"2025-01-22 05:00:00.0000",0.73,100,29.48495864868164,42.45431900024414,45.93299865722656
"2025-01-22 05:15:00.0000",0.8,100,34.618534088134766,51.89173889160156,58.345577239990234
"2025-01-22 05:30:00.0000",0.76,100,38.87163162231445,61.52553939819336,78.06733703613281
"2025-01-22 05:45:00.0000",0.56,100,43.107933044433594,72.20553588867188,83.9838638305664
"2025-01-22 06:00:00.0000",0.26,100,35.62123107910156,55.67629623413086,70.94490814208984
"2025-01-22 06:15:00.0000",0,100,41.67000961303711,287.72576904296875,2819.141357421875
"2025-01-22 06:30:00.0000",0,100,32.144046783447266,106.08106231689453,1897.2879638671875
"2025-01-22 06:45:00.0000",0,100,55.779903411865234,269.3799133300781,2311.18798828125
"2025-01-22 07:00:00.0000",0,100,50.14104080200195,142.5186767578125,2493.189453125
"2025-01-22 07:15:00.0000",0,100,58.02424621582031,142.76438903808594,1558.6456298828125
"2025-01-22 07:30:00.0000",0,100,41.66510009765625,66.97737884521484,105.61779022216797
"2025-01-22 07:45:00.0000",0,100,39.997310638427734,70.2257080078125,512.9010620117188
"2025-01-22 08:00:00.0000",0,100,46.81929016113281,82.5149917602539,296.8158874511719
"2025-01-22 08:15:00.0000",0,100,41.7491340637207,68.39136505126953,212.99160766601562
"2025-01-22 08:30:00.0000",0,100,43.493385314941406,78.44654846191406,161.63046264648438
"2025-01-22 08:45:00.0000",0,100,61.40089797973633,142.9777069091797,961.9380493164062
"2025-01-22 09:00:00.0000",0,100,47.162296295166016,79.6709213256836,178.16627502441406
"2025-01-22 09:15:00.0000",0,100,50.47793960571289,110.72920227050781,1656.03662109375
"2025-01-22 09:30:00.0000",0,100,59.89487838745117,136.53562927246094,999.3492431640625
"2025-01-22 09:45:00.0000",0,100,56.75037384033203,113.70586395263672,477.3763427734375
"2025-01-22 10:00:00.0000",0,100,47.07183837890625,82.06966400146484,140.19419860839844
"2025-01-22 10:15:00.0000",0.17,100,40.133827209472656,64.06295013427734,70.70270538330078
"2025-01-22 10:30:00.0000",0.21,100,55.05752944946289,111.16264343261719,329.76043701171875
"2025-01-22 10:45:00.0000",0.95,100,47.93009567260742,84.74177551269531,155.22335815429688
"2025-01-22 11:00:00.0000",1.18,100,47.25425338745117,142.15435791015625,1011.094482421875
"2025-01-22 11:15:00.0000",0.9,100,49.50409698486328,172.28665161132812,868.9178466796875
"2025-01-22 11:30:00.0000",0.55,100,47.52375030517578,100.20963287353516,240.85203552246094
"2025-01-22 11:45:00.0000",0.94,100,51.33798599243164,122.67935943603516,380.6300354003906
"2025-01-22 12:00:00.0000",0.97,100,63.207359313964844,125.32292938232422,154.99432373046875
"2025-01-22 12:15:00.0000",0.98,100,70.23348999023438,165.5096893310547,288.54815673828125
"2025-01-22 12:30:00.0000",1.27,100,51.37538146972656,92.39754486083984,104.86666870117188
"2025-01-22 12:45:00.0000",1.55,100,49.20123291015625,85.95008087158203,97.5715103149414
"2025-01-22 13:00:00.0000",1.51,100,49.3063850402832,86.99068450927734,105.66020965576172
"2025-01-22 13:15:00.0000",1.69,100,42.55752944946289,70.26457214355469,84.96490478515625
"2025-01-22 13:30:00.0000",2.25,100,45.78794479370117,74.6134033203125,88.35316467285156
"2025-01-22 13:45:00.0000",2.96,100,37.35068130493164,54.988807678222656,61.45221710205078
"2025-01-22 14:00:00.0000",3.22,100,35.26113510131836,52.04291915893555,70.5989990234375
"2025-01-22 14:15:00.0000",3.5,100,34.08222579956055,49.02000427246094,59.45663833618164
"2025-01-22 14:30:00.0000",3.17,100,32.63776779174805,47.244956970214844,52.220821380615234
"2025-01-22 14:45:00.0000",2.95,100,32.39993667602539,46.904850006103516,52.542701721191406
"2025-01-22 15:00:00.0000",2.78,100,37.152099609375,56.94277572631836,69.90596771240234
"2025-01-22 15:15:00.0000",2.89,100,39.99275207519531,63.10296630859375,72.4257583618164
"2025-01-22 15:30:00.0000",2.96,100,39.74195861816406,61.93622970581055,70.06675720214844
"2025-01-22 15:45:00.0000",2.66,100,39.1016960144043,62.10152816772461,68.82215118408203
"2025-01-22 16:00:00.0000",2.54,100,43.76723861694336,70.73728942871094,78.88109588623047
"2025-01-22 16:15:00.0000",2.39,100,35.33201217651367,54.83085250854492,62.64891052246094
"2025-01-22 16:30:00.0000",2.41,100,38.11305618286133,60.200965881347656,67.67363739013672
"2025-01-22 16:45:00.0000",2.39,100,32.59048080444336,50.46364974975586,59.086578369140625
"2025-01-22 17:00:00.0000",2.37,100,31.90780258178711,45.66255569458008,50.519527435302734
"2025-01-22 17:15:00.0000",2.33,100,40.46626663208008,63.416664123535156,77.33854675292969
"2025-01-22 17:30:00.0000",2.31,100,39.74070739746094,63.669979095458984,75.95728302001953
"2025-01-22 17:45:00.0000",2.17,100,27.997426986694336,45.86874008178711,64.21639251708984
"2025-01-22 18:00:00.0000",2.11,100,26.187196731567383,41.29338073730469,58.11199188232422
"2025-01-22 18:15:00.0000",2.01,100,24.555198669433594,39.785858154296875,58.73786544799805
"2025-01-22 18:30:00.0000",1.98,100,23.237485885620117,35.900421142578125,45.38206481933594
"2025-01-22 18:45:00.0000",2.05,100,22.40738868713379,34.68794250488281,44.19770050048828
"2025-01-22 19:00:00.0000",2.03,100,4.912841796875,7.703117370605469,14.943687438964844
"2025-01-22 19:15:00.0000",2.05,100,1.5302088260650635,3.421860933303833,7.891751289367676
"2025-01-22 19:30:00.0000",2.09,100,1.7632076740264893,3.94254732131958,14.304224014282227
"2025-01-22 19:45:00.0000",2.19,100,1.9858579635620117,3.6709907054901123,13.953642845153809
"2025-01-22 20:00:00.0000",2.24,100,1.638006567955017,3.00504732131958,13.418516159057617
"2025-01-22 20:15:00.0000",2.2,100,2.402210235595703,4.342686653137207,16.248361587524414
"2025-01-22 20:30:00.0000",2.15,100,2.6788229942321777,5.223448276519775,8.749625205993652
"2025-01-22 20:45:00.0000",2.07,100,0.8129070997238159,1.8150582313537598,6.899962425231934
"2025-01-22 21:00:00.0000",2.02,100,0.9655337333679199,2.234713077545166,7.175625324249268
"2025-01-22 21:15:00.0000",1.92,100,1.6256903409957886,3.4347293376922607,11.0468168258667
"2025-01-22 21:30:00.0000",1.88,100,1.9558390378952026,5.255810260772705,16.006622314453125
"2025-01-22 21:45:00.0000",1.75,100,1.250329852104187,2.6400609016418457,11.05278205871582
"2025-01-22 22:00:00.0000",1.7,100,1.5999250411987305,2.9681756496429443,10.045931816101074
"2025-01-22 22:15:00.0000",1.69,100,1.8479119539260864,2.815825939178467,5.795172214508057
"2025-01-22 22:30:00.0000",1.76,100,1.7835252285003662,2.848249912261963,6.2244672775268555
"2025-01-22 22:45:00.0000",1.85,100,1.8061906099319458,3.072007656097412,7.844620227813721
"2025-01-22 23:00:00.0000",1.85,100,2.257164478302002,4.123492240905762,9.330168724060059
"2025-01-22 23:15:00.0000",1.85,100,2.045969247817993,3.0807032585144043,5.453124523162842
"2025-01-22 23:30:00.0000",1.84,100,2.8278861045837402,4.3177571296691895,8.493518829345703
"2025-01-22 23:45:00.0000",1.73,100,3.745436906814575,5.422747611999512,14.017122268676758
"2025-01-23 00:00:00.0000",1.69,100,3.9081950187683105,5.101543426513672,7.40615701675415
"2025-01-23 00:15:00.0000",1.72,100,4.090735912322998,5.251938819885254,7.730046272277832
"2025-01-23 00:30:00.0000",1.6,100,4.646585941314697,6.302137851715088,9.154146194458008
"2025-01-23 00:45:00.0000",1.61,100,3.4021058082580566,4.546991348266602,7.397134304046631
"2025-01-23 01:00:00.0000",1.58,100,3.6516876220703125,5.038143634796143,8.292866706848145
"2025-01-23 01:15:00.0000",1.54,100,2.8768560886383057,3.8281233310699463,9.314554214477539
"2025-01-23 01:30:00.0000",1.45,100,3.082028865814209,4.146182060241699,6.5534515380859375
"2025-01-23 01:45:00.0000",1.38,100,3.7206199169158936,5.2709197998046875,8.208633422851562
"2025-01-23 02:00:00.0000",1.44,100,3.0383455753326416,4.068803787231445,6.54724645614624
"2025-01-23 02:15:00.0000",1.42,100,3.1846981048583984,4.276338577270508,8.179183959960938
"2025-01-23 02:30:00.0000",1.38,100,3.2674710750579834,4.303045272827148,8.730886459350586
"2025-01-23 02:45:00.0000",1.4,100,2.9009745121002197,4.125484466552734,6.6043524742126465
"2025-01-23 03:00:00.0000",1.19,100,2.551201820373535,3.538503885269165,10.521549224853516
"2025-01-23 03:15:00.0000",1.15,100,2.0637753009796143,3.136418342590332,6.879114151000977
"2025-01-23 03:30:00.0000",1.22,100,2.3020424842834473,3.503103017807007,6.035186290740967
"2025-01-23 03:45:00.0000",1.21,100,2.5196292400360107,4.020660400390625,7.7051568031311035
"2025-01-23 04:00:00.0000",1.16,100,2.283010721206665,3.6579089164733887,8.056805610656738
"2025-01-23 04:15:00.0000",1.31,100,1.864959478378296,2.6489686965942383,4.944364547729492
"2025-01-23 04:30:00.0000",1.43,100,1.6532208919525146,2.483283281326294,6.580972671508789
"2025-01-23 04:45:00.0000",1.56,100,1.407231092453003,2.456873655319214,7.285839080810547
"2025-01-23 05:00:00.0000",1.44,100,1.2536637783050537,2.5206849575042725,5.720816612243652
"2025-01-23 05:15:00.0000",1.34,100,1.108242392539978,1.9198616743087769,8.394229888916016
"2025-01-23 05:30:00.0000",1.2,100,1.2129859924316406,1.7330448627471924,4.0864176750183105
"2025-01-23 05:45:00.0000",0.92,100,1.2051836252212524,1.9114187955856323,5.402106285095215
"2025-01-23 06:00:00.0000",0.81,100,1.2494404315948486,2.1065189838409424,5.687987327575684
"2025-01-23 06:15:00.0000",0.61,100,1.3498331308364868,2.421586751937866,5.569279193878174
"2025-01-23 06:30:00.0000",0.51,100,1.4282722473144531,2.224848508834839,4.721100330352783
"2025-01-23 06:45:00.0000",0.44,100,1.391965389251709,2.288933038711548,6.404495716094971
"2025-01-23 07:00:00.0000",0.49,100,1.1660443544387817,2.075549840927124,5.5241804122924805
"2025-01-23 07:15:00.0000",0.5,100,1.2527439594268799,2.045257091522217,5.370497703552246
"2025-01-23 07:30:00.0000",0.53,100,1.1721140146255493,2.3441436290740967,6.097652435302734
"2025-01-23 07:45:00.0000",0.63,100,1.1698331832885742,2.234795570373535,9.825385093688965
"2025-01-23 08:00:00.0000",0.74,100,1.2493326663970947,2.299907922744751,8.782444953918457
"2025-01-23 08:15:00.0000",0.81,100,1.500907301902771,2.7367613315582275,10.692021369934082
"2025-01-23 08:30:00.0000",0.89,100,1.96728515625,3.646895408630371,8.20952033996582
"2025-01-23 08:45:00.0000",1,100,1.9591832160949707,3.5269546508789062,8.961560249328613
"2025-01-23 09:00:00.0000",1.04,100,1.975021243095398,2.9944090843200684,5.5341033935546875
"2025-01-23 09:15:00.0000",1.14,100,1.996991515159607,3.5582149028778076,12.46334457397461
"2025-01-23 09:30:00.0000",1.31,100,2.175504446029663,3.907803773880005,6.764887809753418
"2025-01-23 09:45:00.0000",1.55,100,1.5012569427490234,3.415266513824463,12.400738716125488
"2025-01-23 10:00:00.0000",1.65,100,1.4772858619689941,3.7870895862579346,21.78314208984375
"2025-01-23 10:15:00.0000",1.53,100,1.8519312143325806,3.4166665077209473,7.155113697052002
"2025-01-23 10:30:00.0000",1.6,100,2.7870378494262695,4.427567005157471,15.832530975341797
"2025-01-23 10:45:00.0000",1.73,100,4.041772842407227,6.091067790985107,13.043869018554688
"2025-01-23 11:00:00.0000",1.87,100,3.9948670864105225,5.7206807136535645,12.847350120544434
"2025-01-23 11:15:00.0000",2.03,100,3.7287352085113525,5.6685309410095215,12.412741661071777
"2025-01-23 11:30:00.0000",1.99,100,4.344614028930664,6.7767839431762695,11.221024513244629
"2025-01-23 11:45:00.0000",1.97,100,4.848657131195068,8.282632827758789,20.02663230895996
"2025-01-23 12:00:00.0000",1.88,100,2.6973037719726562,7.44341516494751,29.62299346923828
"2025-01-23 12:15:00.0000",1.86,100,0.9302141666412354,2.186563491821289,7.049240589141846
"2025-01-23 12:30:00.0000",2.02,100,0.821793258190155,3.442589521408081,14.822978973388672
"2025-01-23 12:45:00.0000",2.05,100,0.19409394264221191,0.38337966799736023,2.8938486576080322
"2025-01-23 13:00:00.0000",2.33,100,0.21543514728546143,0.6972568035125732,3.9438118934631348
"2025-01-23 13:15:00.0000",2.59,100,0.4495403468608856,1.5743554830551147,14.147153854370117
"2025-01-23 13:30:00.0000",2.87,100,0.6747393608093262,1.8302007913589478,9.395730972290039
"2025-01-23 13:45:00.0000",3.75,100,0.4068472981452942,2.0387964248657227,6.367678165435791
"2025-01-23 14:00:00.0000",4.99,97.19,0.4869137406349182,2.009380340576172,4.815447807312012
"2025-01-23 14:15:00.0000",4.67,96.69,0.7437131404876709,3.8697996139526367,11.5911226272583
"2025-01-23 14:30:00.0000",4.46,98.83,1.0302679538726807,4.916147708892822,11.48110580444336
"2025-01-23 14:45:00.0000",3.66,100,0.6327388882637024,3.0523035526275635,8.748000144958496
"2025-01-23 15:00:00.0000",2.94,100,0.7033587694168091,3.5436034202575684,12.57494831085205
"2025-01-23 15:15:00.0000",2.85,100,1.2140827178955078,6.105959415435791,18.775672912597656
"2025-01-23 15:30:00.0000",3.13,100,2.135434627532959,11.948664665222168,28.332923889160156
"2025-01-23 15:45:00.0000",3.84,100,2.148925542831421,11.680474281311035,30.600229263305664
"2025-01-23 16:00:00.0000",3.98,100,2.3774282932281494,13.366409301757812,32.311729431152344
"2025-01-23 16:15:00.0000",3.9,100,2.7637343406677246,15.253753662109375,36.00691604614258
"2025-01-23 16:30:00.0000",3.68,100,2.1230251789093018,10.244431495666504,22.20097541809082
"2025-01-23 16:45:00.0000",3.8,100,2.4303853511810303,11.739354133605957,27.9373779296875
"2025-01-23 17:00:00.0000",3.88,100,2.245591878890991,9.752494812011719,23.407670974731445
"2025-01-23 17:15:00.0000",3.92,99.43,1.9020472764968872,8.834553718566895,18.751293182373047
"2025-01-23 17:30:00.0000",4.05,96.08,1.5603374242782593,7.11080265045166,14.341097831726074
"2025-01-23 17:45:00.0000",4.1,94.46,1.9800845384597778,9.726678848266602,22.705120086669922
"2025-01-23 18:00:00.0000",3.92,94.46,2.0265183448791504,9.209390640258789,18.65275001525879
"2025-01-23 18:15:00.0000",3.76,96.23,2.2423887252807617,10.21004867553711,20.658966064453125
"2025-01-23 18:30:00.0000",3.52,97.41,2.1592390537261963,9.58237361907959,21.051856994628906
"2025-01-23 18:45:00.0000",3.33,98.59,1.986897349357605,8.611674308776855,16.03274154663086
"2025-01-23 19:00:00.0000",3.13,99,1.8683518171310425,8.167689323425293,17.365346908569336
"2025-01-23 19:15:00.0000",3.22,98.36,1.6056262254714966,6.955522537231445,16.488208770751953
"2025-01-23 19:30:00.0000",2.91,99.98,2.0975821018218994,7.566719055175781,16.46514320373535
"2025-01-23 19:45:00.0000",2.67,100,2.4296395778656006,8.011563301086426,18.279634475708008
"2025-01-23 20:00:00.0000",2.47,100,1.8671034574508667,7.9014387130737305,22.50315284729004
"2025-01-23 20:15:00.0000",2.34,100,2.396111249923706,8.6705904006958,27.275604248046875
"2025-01-23 20:30:00.0000",2.16,100,2.9359560012817383,9.531407356262207,21.435657501220703
"2025-01-23 20:45:00.0000",1.99,100,1.920796275138855,7.8971171379089355,22.90397071838379
"2025-01-23 21:00:00.0000",2.26,100,2.032912015914917,7.848794460296631,16.95033836364746
"2025-01-23 21:15:00.0000",2.23,100,2.0182976722717285,8.436044692993164,19.431793212890625
"2025-01-23 21:30:00.0000",2.5,100,1.748673677444458,8.658745765686035,19.608808517456055
"2025-01-23 21:45:00.0000",3.01,98.11,1.9847698211669922,9.599204063415527,22.407249450683594
"2025-01-23 22:00:00.0000",2.73,99.2,1.9757697582244873,8.081708908081055,15.765721321105957
"2025-01-23 22:15:00.0000",2.6,99.61,2.127270221710205,9.039607048034668,19.271427154541016
"2025-01-23 22:30:00.0000",2.35,100,2.1635560989379883,9.802641868591309,23.075824737548828
"2025-01-23 22:45:00.0000",2.44,100,2.2793900966644287,9.2374267578125,27.616907119750977
"2025-01-23 23:00:00.0000",2.43,100,2.2241005897521973,10.264504432678223,25.34500503540039
"2025-01-23 23:15:00.0000",2.7,99.17,2.308046340942383,9.884495735168457,29.81450653076172
"2025-01-23 23:30:00.0000",2.5,99.92,2.1677303314208984,10.252907752990723,22.526508331298828
"2025-01-23 23:45:00.0000",2.34,100,2.0442256927490234,10.451746940612793,33.79582595825195
"2025-01-24 00:00:00.0000",2.33,100,2.415973424911499,11.927411079406738,30.767536163330078
"2025-01-24 00:15:00.0000",2.38,100,2.89941668510437,13.693400382995605,34.720367431640625
"2025-01-24 00:30:00.0000",2.23,100,2.7311205863952637,14.487207412719727,34.61075973510742
"2025-01-24 00:45:00.0000",1.88,100,2.9347636699676514,14.451340675354004,34.86903762817383
"2025-01-24 01:00:00.0000",1.78,100,3.206110954284668,15.709025382995605,34.13467788696289
"2025-01-24 01:15:00.0000",1.86,100,3.4636456966400146,17.638845443725586,40.773250579833984
"2025-01-24 01:30:00.0000",2,100,3.714684009552002,18.321701049804688,43.70868682861328
"2025-01-24 01:45:00.0000",2.03,100,3.915571451187134,20.199710845947266,48.00920486450195
"2025-01-24 02:00:00.0000",2,100,3.631803274154663,18.766387939453125,42.86606216430664
"2025-01-24 02:15:00.0000",2.13,100,3.9229090213775635,19.941843032836914,46.23838424682617
"2025-01-24 02:30:00.0000",2.33,100,3.8439812660217285,18.17790412902832,34.11018753051758
"2025-01-24 02:45:00.0000",2.63,100,3.1132118701934814,16.414546966552734,44.387210845947266
"2025-01-24 03:00:00.0000",2.96,100,3.409214735031128,17.135496139526367,34.745567321777344
"2025-01-24 03:15:00.0000",3.29,100,2.675046682357788,14.445565223693848,35.06852722167969
"2025-01-24 03:30:00.0000",3.81,100,1.8090300559997559,10.030509948730469,21.726200103759766
"2025-01-24 03:45:00.0000",4.29,100,1.4155935049057007,7.026284694671631,19.177921295166016
"2025-01-24 04:00:00.0000",4.72,100,0.9853267073631287,4.5588507652282715,12.251839637756348
"2025-01-24 04:15:00.0000",5.1,100,0.760845959186554,3.987980842590332,8.473782539367676
"2025-01-24 04:30:00.0000",5.49,100,0.3626771569252014,1.9650657176971436,6.193964004516602
"2025-01-24 04:45:00.0000",5.72,100,0.330035537481308,1.6107866764068604,4.723662376403809
"2025-01-24 05:00:00.0000",5.93,100,0.3645482063293457,1.7226635217666626,5.199010372161865
"2025-01-24 05:15:00.0000",6.42,100,1.3963720798492432,6.032975196838379,13.902384757995605
"2025-01-24 05:30:00.0000",7.62,93,4.767958164215088,20.174457550048828,33.304988861083984
"2025-01-24 05:45:00.0000",7.6,81.75,5.153108596801758,20.38994789123535,34.30995559692383
"2025-01-24 06:00:00.0000",7.22,79.02,4.492454528808594,17.765695571899414,41.61613845825195
"2025-01-24 06:15:00.0000",6.97,77.37,4.584766864776611,19.50348663330078,35.63507843017578
"2025-01-24 06:30:00.0000",6.82,76.28,4.618399143218994,18.74833106994629,36.88097381591797
"2025-01-24 06:45:00.0000",6.46,73.86,5.475637912750244,20.046804428100586,40.731563568115234
"2025-01-24 07:00:00.0000",6.48,72.84,4.753108024597168,19.471893310546875,34.626399993896484
"2025-01-24 07:15:00.0000",6.37,73.18,5.4114789962768555,22.479475021362305,41.75276565551758
"2025-01-24 07:30:00.0000",6.19,69.83,5.430548667907715,19.77935791015625,42.82102584838867
"2025-01-24 07:45:00.0000",5.84,72.59,6.137857913970947,23.812339782714844,59.54313659667969
"2025-01-24 08:00:00.0000",6.03,66.93,4.431998252868652,15.156166076660156,25.242111206054688
"2025-01-24 08:15:00.0000",5.8,68.78,8.001015663146973,31.371883392333984,67.092529296875
"2025-01-24 08:30:00.0000",5.93,67.36,6.1684889793396,22.855634689331055,38.75263214111328
"2025-01-24 08:45:00.0000",5.8,66.61,5.702021598815918,23.596904754638672,41.18755340576172
"2025-01-24 09:00:00.0000",5.58,65.42,5.027645587921143,17.19378089904785,28.809837341308594
"2025-01-24 09:15:00.0000",5.62,64.38,4.624871730804443,17.804325103759766,33.3096923828125
"2025-01-24 09:30:00.0000",5.42,65.96,5.374330997467041,22.33150863647461,68.31533813476562
"2025-01-24 09:45:00.0000",5.53,62.52,4.087067604064941,12.476710319519043,24.57084846496582
"2025-01-24 10:00:00.0000",5.43,63.38,5.004678726196289,17.141374588012695,30.599956512451172
"2025-01-24 10:15:00.0000",5.6,62.97,5.339241027832031,20.12174415588379,48.8241081237793
"2025-01-24 10:30:00.0000",5.74,61.18,4.736098766326904,16.738862991333008,30.844709396362305
"2025-01-24 10:45:00.0000",5.9,61.06,3.102473020553589,11.035333633422852,23.74616241455078
"2025-01-24 11:00:00.0000",6.1,58.33,3.042517900466919,11.483871459960938,24.475955963134766
"2025-01-24 11:15:00.0000",6.34,58.46,3.4836854934692383,12.901841163635254,26.055744171142578
"2025-01-24 11:30:00.0000",6.62,56.66,2.211510419845581,7.491369247436523,15.70605182647705
"2025-01-24 11:45:00.0000",6.64,54.61,1.461106777191162,4.422581672668457,11.759593963623047
"2025-01-24 12:00:00.0000",6.48,54.86,1.8662829399108887,5.606009483337402,15.426338195800781
"2025-01-24 12:15:00.0000",6.56,54.77,1.9641202688217163,6.782958984375,13.935746192932129
"2025-01-24 12:30:00.0000",6.15,55.45,2.7077133655548096,9.121105194091797,18.953594207763672
"2025-01-24 12:45:00.0000",6.42,55.07,1.949000597000122,6.089536190032959,21.450849533081055
"2025-01-24 13:00:00.0000",6.6,53.91,3.2218644618988037,11.355756759643555,25.089704513549805
"2025-01-24 13:15:00.0000",6.62,51.19,1.4213827848434448,5.038292407989502,9.905978202819824
"2025-01-24 13:30:00.0000",6.46,51.76,1.877130389213562,6.5828142166137695,11.945646286010742
"2025-01-24 13:45:00.0000",6.58,51.58,2.5996103286743164,8.492363929748535,18.013538360595703
"2025-01-24 14:00:00.0000",6.45,51,2.5430655479431152,8.684409141540527,21.038227081298828
"2025-01-24 14:15:00.0000",6.55,51.24,1.2313143014907837,3.643069267272949,8.991169929504395
"2025-01-24 14:30:00.0000",6.56,52.99,2.6447525024414062,8.615612030029297,15.515469551086426
"2025-01-24 14:45:00.0000",6.6,53.74,2.5863075256347656,8.629836082458496,17.248313903808594
"2025-01-24 15:00:00.0000",6.63,53.6,2.1500051021575928,8.144553184509277,20.484758377075195
"2025-01-24 15:15:00.0000",6.36,52.97,2.6894781589508057,9.722691535949707,25.817350387573242
"2025-01-24 15:30:00.0000",6.05,53.42,2.418283462524414,9.451448440551758,23.338529586791992
"2025-01-24 15:45:00.0000",5.56,54.16,2.0604636669158936,7.805241584777832,16.584726333618164
"2025-01-24 16:00:00.0000",5.17,57.38,2.6093974113464355,9.768796920776367,17.15700912475586
"2025-01-24 16:15:00.0000",4.98,59,2.8093607425689697,9.04773235321045,14.785039901733398
"2025-01-24 16:30:00.0000",4.8,60.92,2.7315027713775635,9.842248916625977,21.871068954467773
"2025-01-24 16:45:00.0000",4.64,62.99,3.1740477085113525,10.748602867126465,18.641895294189453
"2025-01-24 17:00:00.0000",4.49,65.56,3.658353805541992,14.99942398071289,35.19011688232422
"2025-01-24 17:15:00.0000",4.43,66.67,3.4269328117370605,15.925653457641602,42.452945709228516
"2025-01-24 17:30:00.0000",4.43,67.56,3.4708917140960693,15.198049545288086,38.894779205322266
"2025-01-24 17:45:00.0000",4.19,71.85,3.1006956100463867,12.95752239227295,36.56260299682617
"2025-01-24 18:00:00.0000",4.25,73.04,2.840233564376831,12.312790870666504,33.12117385864258
"2025-01-24 18:15:00.0000",4.04,76.54,3.877923011779785,17.933910369873047,34.639381408691406
"2025-01-24 18:30:00.0000",3.9,78.28,3.930532455444336,17.70570945739746,44.797203063964844
"2025-01-24 18:45:00.0000",4.19,75.35,3.005823850631714,13.785801887512207,40.03947067260742
"2025-01-24 19:00:00.0000",4.23,76.77,2.004115581512451,7.703862190246582,20.304428100585938
"2025-01-24 19:15:00.0000",3.64,83.41,2.3211779594421387,10.539156913757324,25.208293914794922
"2025-01-24 19:30:00.0000",3.38,87.23,2.569075345993042,10.479960441589355,21.18914031982422
"2025-01-24 19:45:00.0000",3.36,88.8,2.2453298568725586,7.52137565612793,21.80772590637207
"2025-01-24 20:00:00.0000",3.51,88.94,2.3998589515686035,9.767109870910645,24.840579986572266
"2025-01-24 20:15:00.0000",3.67,88.56,2.2817625999450684,10.754053115844727,25.94118309020996
"2025-01-24 20:30:00.0000",3.1,92.03,2.223085641860962,9.243637084960938,18.64806365966797
"2025-01-24 20:45:00.0000",2.45,97.67,2.129119396209717,10.127777099609375,29.84722137451172
"2025-01-24 21:00:00.0000",2.27,99.81,2.4774255752563477,12.221963882446289,28.499584197998047
"2025-01-24 21:15:00.0000",2.36,99.59,2.3978865146636963,11.041159629821777,35.39371871948242
"2025-01-24 21:30:00.0000",2.59,96.92,1.8631303310394287,8.67811393737793,20.197547912597656
"2025-01-24 21:45:00.0000",2.74,94.92,1.7569687366485596,7.9051899909973145,19.344894409179688
"2025-01-24 22:00:00.0000",2.8,94.1,1.9349322319030762,8.343432426452637,17.356313705444336
"2025-01-24 22:15:00.0000",2.75,94.49,1.6126506328582764,6.422866344451904,16.586496353149414
"2025-01-24 22:30:00.0000",2.55,96.55,1.5728789567947388,7.118750095367432,16.669330596923828
"2025-01-24 22:45:00.0000",2.43,97.05,1.4023387432098389,6.219220161437988,14.033205032348633
"2025-01-24 23:00:00.0000",2.25,95.96,1.2881454229354858,6.0505170822143555,14.687883377075195
"2025-01-24 23:15:00.0000",2.14,89.12,0.994705319404602,4.070636749267578,11.548745155334473
"2025-01-24 23:30:00.0000",2.25,83.26,1.2072532176971436,5.439858436584473,13.417206764221191
"2025-01-24 23:45:00.0000",2.2,82.04,1.4558650255203247,6.943680286407471,15.964927673339844
"2025-01-25 00:00:00.0000",2.12,81.71,1.6437305212020874,7.834713459014893,21.699790954589844
"2025-01-25 00:15:00.0000",2,80.59,1.4003654718399048,7.824540615081787,16.539047241210938
"2025-01-25 00:30:00.0000",1.84,81.91,1.2724894285202026,5.9527587890625,14.026694297790527
"2025-01-25 00:45:00.0000",1.62,84.87,1.650612235069275,7.248459815979004,19.775711059570312
"2025-01-25 01:00:00.0000",1.54,86.83,1.7716302871704102,9.550276756286621,31.34009552001953
"2025-01-25 01:15:00.0000",1.43,87.38,1.4255259037017822,7.665336608886719,20.182397842407227
"2025-01-25 01:30:00.0000",1.33,87.07,1.317099928855896,6.381806373596191,15.692682266235352
"2025-01-25 01:45:00.0000",1.27,88.42,1.454199194908142,6.7401556968688965,21.334882736206055
"2025-01-25 02:00:00.0000",1.2,87.58,1.2013179063796997,5.18387508392334,11.839692115783691
"2025-01-25 02:15:00.0000",1.12,87.07,1.262452483177185,6.361663818359375,13.937358856201172
"2025-01-25 02:30:00.0000",0.91,87.54,1.2774606943130493,6.123394012451172,20.956119537353516
"2025-01-25 02:45:00.0000",0.64,88.66,1.3476866483688354,6.65384578704834,18.03373146057129
"2025-01-25 03:00:00.0000",0.39,89.88,1.270974040031433,6.404439926147461,17.504364013671875
"2025-01-25 03:15:00.0000",0.09,90.73,1.38034987449646,5.613038539886475,10.785144805908203
"2025-01-25 03:30:00.0000",0,91.34,1.245524287223816,6.581711292266846,16.588159561157227
"2025-01-25 03:45:00.0000",0.01,92.42,1.2032711505889893,6.1858649253845215,22.874181747436523
"2025-01-25 04:00:00.0000",0.14,91.63,1.2875069379806519,6.3617377281188965,26.885215759277344
"2025-01-25 04:15:00.0000",0,92.96,1.304506778717041,6.391924858093262,16.015995025634766
"2025-01-25 04:30:00.0000",0,95.38,1.2520654201507568,5.862433910369873,27.345285415649414
"2025-01-25 04:45:00.0000",0,96.07,1.3392306566238403,6.528783798217773,20.13669204711914
"2025-01-25 05:00:00.0000",0,96.44,1.2052333354949951,5.153249263763428,15.60074234008789
"2025-01-25 05:15:00.0000",0,95.44,1.177228569984436,5.450725078582764,12.896620750427246
"2025-01-25 05:30:00.0000",0,94.68,1.124419927597046,5.584789276123047,14.858173370361328
"2025-01-25 05:45:00.0000",0,95.14,1.165875792503357,6.0870747566223145,17.855318069458008
"2025-01-25 06:00:00.0000",0,95.46,1.0139449834823608,5.058986663818359,14.502965927124023
"2025-01-25 06:15:00.0000",0,95.43,1.1437692642211914,5.847498893737793,21.004241943359375
"2025-01-25 06:30:00.0000",0,93.71,1.0015959739685059,4.790416717529297,13.603983879089355
"2025-01-25 06:45:00.0000",0,92.88,1.1499158143997192,5.649392604827881,16.208833694458008
"2025-01-25 07:00:00.0000",0,93.22,1.1395429372787476,5.806375026702881,23.583532333374023
"2025-01-25 07:15:00.0000",0,93.7,0.9525726437568665,4.388123512268066,12.041665077209473
"2025-01-25 07:30:00.0000",0,94.85,1.0319756269454956,4.510102272033691,18.253437042236328
"2025-01-25 07:45:00.0000",0,96.06,1.0978484153747559,5.470917701721191,22.706146240234375
"2025-01-25 08:00:00.0000",0,95.28,1.2506994009017944,5.807453155517578,24.280723571777344
"2025-01-25 08:15:00.0000",0,94.66,1.2787224054336548,5.869757652282715,17.309825897216797
"2025-01-25 08:30:00.0000",0,95.06,1.5182117223739624,7.110151767730713,19.142879486083984
"2025-01-25 08:45:00.0000",0,95.57,1.306565284729004,5.99521541595459,18.883647918701172
"2025-01-25 09:00:00.0000",0,96.38,1.414109468460083,6.648829936981201,20.191951751708984
"2025-01-25 09:15:00.0000",0,97.1,1.5297441482543945,6.976153373718262,24.893932342529297
"2025-01-25 09:30:00.0000",0,97.74,1.5756733417510986,6.6343278884887695,15.42000675201416
"2025-01-25 09:45:00.0000",0,97.75,1.578888177871704,8.055891990661621,28.721393585205078
"2025-01-25 10:00:00.0000",0.38,97.23,1.5515860319137573,7.292534828186035,20.915266036987305
"2025-01-25 10:15:00.0000",1.55,93.08,1.8205188512802124,7.3256449699401855,21.331607818603516
"2025-01-25 10:30:00.0000",3.28,83.69,2.019184112548828,10.260024070739746,30.553756713867188
"2025-01-25 10:45:00.0000",3.95,80.52,1.8521608114242554,10.30512523651123,37.3117790222168
"2025-01-25 11:00:00.0000",3.95,78.55,1.9868906736373901,11.298368453979492,51.586605072021484
"2025-01-25 11:15:00.0000",4.58,75.34,1.5602006912231445,7.207873821258545,27.28278350830078
"2025-01-25 11:30:00.0000",4.62,74.67,2.0883893966674805,9.311739921569824,46.93214416503906
"2025-01-25 11:45:00.0000",5.18,73.95,1.884539008140564,11.22476577758789,56.287784576416016
"2025-01-25 12:00:00.0000",5.34,70.29,1.445432186126709,8.138113975524902,29.73323631286621
"2025-01-25 12:15:00.0000",6.12,67.74,1.4577783346176147,8.431350708007812,29.814401626586914
"2025-01-25 12:30:00.0000",6.8,63.17,1.1170430183410645,5.021513938903809,16.77317237854004
"2025-01-25 12:45:00.0000",6.96,60.81,1.4137558937072754,8.117644309997559,30.342205047607422
"2025-01-25 13:00:00.0000",6.38,59.02,1.0865756273269653,4.600271224975586,13.798645973205566
"2025-01-25 13:15:00.0000",6.27,57.78,0.9343348741531372,3.4365224838256836,9.590402603149414
"2025-01-25 13:30:00.0000",6.45,58.46,0.9022347331047058,3.501641035079956,9.993354797363281
"2025-01-25 13:45:00.0000",7.48,57.69,1.2876696586608887,5.602503776550293,30.384357452392578
"2025-01-25 14:00:00.0000",9.73,53.58,1.8919224739074707,8.991568565368652,42.51899719238281
"2025-01-25 14:15:00.0000",9.99,48.93,1.5886183977127075,4.6597747802734375,11.741405487060547
"2025-01-25 14:30:00.0000",7.57,55.87,1.3738470077514648,5.01242208480835,19.513208389282227
"2025-01-25 14:45:00.0000",6.79,57.57,0.8909919857978821,3.6957361698150635,7.76458215713501
"2025-01-25 15:00:00.0000",6.44,57.89,1.2346824407577515,4.698887348175049,9.52810001373291
"2025-01-25 15:15:00.0000",6.18,57.96,1.0372049808502197,4.476215362548828,20.02459144592285
"2025-01-25 15:30:00.0000",6.17,56.56,0.964097261428833,4.130805492401123,13.598945617675781
"2025-01-25 15:45:00.0000",6.52,56.91,1.5354503393173218,5.638291358947754,25.297304153442383
"2025-01-25 16:00:00.0000",5.97,58.66,1.0447543859481812,4.231457710266113,11.699394226074219
"2025-01-25 16:15:00.0000",4.76,62.02,1.289831519126892,4.747121810913086,12.523591041564941
"2025-01-25 16:30:00.0000",3.98,67.3,1.826351284980774,7.443958759307861,33.830543518066406
"2025-01-25 16:45:00.0000",3.46,69.62,1.2046436071395874,4.546243667602539,15.344440460205078
"2025-01-25 17:00:00.0000",3,77.39,2.19069504737854,6.649052143096924,23.200942993164062
"2025-01-25 17:15:00.0000",2.78,75.66,1.5838788747787476,5.3146820068359375,20.771324157714844
"2025-01-25 17:30:00.0000",2.73,77.26,1.9930258989334106,7.027281761169434,29.748483657836914
"2025-01-25 17:45:00.0000",2.51,79.58,2.0346009731292725,8.040695190429688,35.44768524169922
"2025-01-25 18:00:00.0000",2.27,82.99,2.1913890838623047,8.178898811340332,26.718950271606445
"2025-01-25 18:15:00.0000",1.94,86.33,2.2025203704833984,8.318258285522461,27.989322662353516
"2025-01-25 18:30:00.0000",1.98,86.08,1.9105660915374756,7.699383735656738,26.495258331298828
"2025-01-25 18:45:00.0000",2.09,87,2.1539695262908936,8.037627220153809,21.77773666381836
"2025-01-25 19:00:00.0000",2.04,87.05,2.2174627780914307,7.1210222244262695,18.318035125732422
"2025-01-25 19:15:00.0000",1.98,87.87,1.9946298599243164,7.4681291580200195,17.038026809692383
"2025-01-25 19:30:00.0000",1.82,89.33,3.1119632720947266,9.403016090393066,19.86423683166504
"2025-01-25 19:45:00.0000",1.68,91.12,2.719895362854004,9.073484420776367,26.028873443603516
"2025-01-25 20:00:00.0000",1.47,92.65,2.518378973007202,9.524943351745605,28.736980438232422
"2025-01-25 20:15:00.0000",1.3,93.77,2.5666720867156982,8.573623657226562,19.548603057861328
"2025-01-25 20:30:00.0000",1.18,95.13,2.635369300842285,9.25320816040039,28.398265838623047
"2025-01-25 20:45:00.0000",1.13,97.26,2.2603275775909424,7.970388889312744,16.88547134399414
"2025-01-25 21:00:00.0000",1.19,97.53,1.8382352590560913,6.919116973876953,16.465112686157227
"2025-01-25 21:15:00.0000",1.31,96.16,1.6210538148880005,6.850191593170166,14.203093528747559
"2025-01-25 21:30:00.0000",1.21,96.39,1.6614617109298706,6.05361270904541,17.835466384887695
"2025-01-25 21:45:00.0000",0.92,97.2,1.544187307357788,5.676331520080566,15.75992488861084
"2025-01-25 22:00:00.0000",0.94,97.37,1.5490418672561646,5.975175380706787,13.792267799377441
"2025-01-25 22:15:00.0000",0.92,98.2,1.5992720127105713,5.574086666107178,22.60228729248047
"2025-01-25 22:30:00.0000",0.99,98.9,1.5437257289886475,6.630463600158691,16.119831085205078
"2025-01-25 22:45:00.0000",1.13,98.9,1.594413161277771,5.25522518157959,12.60071849822998
"2025-01-25 23:00:00.0000",1.2,99.65,2.000044107437134,7.840962886810303,21.175527572631836
"2025-01-25 23:15:00.0000",0.97,100,1.9619618654251099,8.63955307006836,28.322813034057617
"2025-01-25 23:30:00.0000",0.91,100,2.1281535625457764,7.923079490661621,24.87774658203125
"2025-01-25 23:45:00.0000",0.85,100,2.068472146987915,7.351877689361572,20.8277530670166
"2025-01-26 00:00:00.0000",0.67,100,2.049492359161377,8.027081489562988,32.341758728027344
"2025-01-26 00:15:00.0000",0.63,100,2.0340890884399414,6.7082953453063965,14.498144149780273
"2025-01-26 00:30:00.0000",0.65,100,1.8290166854858398,6.85059118270874,14.111767768859863
"2025-01-26 00:45:00.0000",0.67,100,1.7804961204528809,6.844074726104736,14.86422061920166
"2025-01-26 01:00:00.0000",0.74,100,1.9454189538955688,6.727838516235352,15.786989212036133
"2025-01-26 01:15:00.0000",0.49,100,0.9459914565086365,3.5977823734283447,9.406530380249023
"2025-01-26 01:30:00.0000",0.39,100,0.9839849472045898,3.398254871368408,7.56318998336792
"2025-01-26 01:45:00.0000",0.31,100,1.0304280519485474,3.582056999206543,8.816606521606445
"2025-01-26 02:00:00.0000",0.35,100,1.5224541425704956,5.867722511291504,11.47083568572998
"2025-01-26 02:15:00.0000",0.41,100,1.6075491905212402,7.607943058013916,16.04690170288086
"2025-01-26 02:30:00.0000",0.43,100,1.6235517263412476,7.927130222320557,18.23900032043457
"2025-01-26 02:45:00.0000",0.36,100,1.6295005083084106,7.298944473266602,18.241798400878906
"2025-01-26 03:00:00.0000",0.17,100,1.7789884805679321,8.146669387817383,21.772520065307617
"2025-01-26 03:15:00.0000",0.14,100,1.9769392013549805,9.121556282043457,22.979785919189453
"2025-01-26 03:30:00.0000",0.12,100,1.8241626024246216,8.446897506713867,20.36658477783203
"2025-01-26 03:45:00.0000",0,100,1.6736029386520386,6.080795764923096,14.200841903686523
"2025-01-26 04:00:00.0000",0,100,1.4258842468261719,6.12494421005249,15.331350326538086
"2025-01-26 04:15:00.0000",0,100,1.604539155960083,6.651303768157959,16.662858963012695
"2025-01-26 04:30:00.0000",0,100,1.811306357383728,7.138119697570801,24.135892868041992
"2025-01-26 04:45:00.0000",0,100,1.8230897188186646,7.749087810516357,19.13454246520996
"2025-01-26 05:00:00.0000",0,100,1.9186543226242065,7.093048572540283,17.858549118041992
"2025-01-26 05:15:00.0000",0,100,1.6133636236190796,6.301601886749268,13.982354164123535
"2025-01-26 05:30:00.0000",0,100,1.7492467164993286,7.161588668823242,14.644022941589355
"2025-01-26 05:45:00.0000",0,100,1.7520860433578491,6.683191776275635,13.873106002807617
"2025-01-26 06:00:00.0000",0,100,1.814233660697937,7.383365631103516,16.88956642150879
"2025-01-26 06:15:00.0000",0,100,1.787214756011963,8.084953308105469,19.81131935119629
"2025-01-26 06:30:00.0000",0,100,2.138730764389038,7.319294452667236,18.51860237121582
"2025-01-26 06:45:00.0000",0,100,2.130312919616699,9.502474784851074,29.68328094482422
"2025-01-26 07:00:00.0000",0,100,2.1201677322387695,9.455634117126465,28.434324264526367
"2025-01-26 07:15:00.0000",0,100,2.31769061088562,9.808834075927734,36.02384948730469
"2025-01-26 07:30:00.0000",0,100,2.1028120517730713,8.75258731842041,29.765043258666992
"2025-01-26 07:45:00.0000",0,100,2.3840417861938477,9.781404495239258,27.19815444946289
"2025-01-26 08:00:00.0000",0,100,2.7796523571014404,9.368134498596191,21.52353286743164
"2025-01-26 08:15:00.0000",0,100,3.2947592735290527,10.669037818908691,23.138469696044922
"2025-01-26 08:30:00.0000",0,100,2.471121072769165,9.521147727966309,24.533580780029297
"2025-01-26 08:45:00.0000",0,100,2.591745615005493,8.829855918884277,18.484664916992188
"2025-01-26 09:00:00.0000",0.34,100,2.074256181716919,7.342165946960449,16.213647842407227
"2025-01-26 09:15:00.0000",0.65,100,2.3267717361450195,6.807193756103516,11.73168659210205
"2025-01-26 09:30:00.0000",0.95,100,2.6403653621673584,7.3265886306762695,15.67691707611084
"2025-01-26 09:45:00.0000",1.13,100,3.9186460971832275,10.055727005004883,22.743762969970703
"2025-01-26 10:00:00.0000",1.3,100,2.523932695388794,9.26872730255127,30.329994201660156
"2025-01-26 10:15:00.0000",1.54,100,2.1012766361236572,8.33334732055664,18.717859268188477
"2025-01-26 10:30:00.0000",1.81,100,2.11722469329834,9.073434829711914,26.857919692993164
"2025-01-26 10:45:00.0000",2.04,100,2.0408191680908203,9.820926666259766,26.643352508544922
"2025-01-26 11:00:00.0000",2.24,100,1.69912588596344,9.188514709472656,20.55776023864746
"2025-01-26 11:15:00.0000",2.28,100,1.7204399108886719,8.98500919342041,25.46129608154297
"2025-01-26 11:30:00.0000",2.37,100,1.8676471710205078,8.621824264526367,20.107202529907227
"2025-01-26 11:45:00.0000",2.39,100,1.8254833221435547,8.434551239013672,21.371322631835938
"2025-01-26 12:00:00.0000",2.49,100,1.778100848197937,7.968921184539795,26.427968978881836
"2025-01-26 12:15:00.0000",2.51,100,1.9858620166778564,8.161285400390625,25.40413475036621
"2025-01-26 12:30:00.0000",2.62,100,1.8406685590744019,8.863027572631836,23.666351318359375
"2025-01-26 12:45:00.0000",2.78,100,1.1832852363586426,5.378863334655762,12.110295295715332
"2025-01-26 13:00:00.0000",3.07,100,1.2007280588150024,5.531905651092529,14.504324913024902
"2025-01-26 13:15:00.0000",3.04,100,0.9923482537269592,4.866964817047119,12.214366912841797
"2025-01-26 13:30:00.0000",2.96,100,0.7300520539283752,4.0861053466796875,12.810283660888672
"2025-01-26 13:45:00.0000",3.09,100,0.9035719037055969,3.6036083698272705,8.224403381347656
"2025-01-26 14:00:00.0000",3.17,100,0.8499573469161987,3.945474147796631,12.643320083618164
"2025-01-26 14:30:00.0000",3.29,100,0.8011918067932129,3.5580601692199707,9.492188453674316
"2025-01-26 14:45:00.0000",3.13,100,0.48547908663749695,2.1712872982025146,8.99635124206543
"2025-01-26 15:00:00.0000",3.01,100,0.5171635150909424,2.036294937133789,5.276150703430176
"2025-01-26 15:15:00.0000",2.61,100,0.5171635150909424,2.036294937133789,5.276150703430176
"2025-01-26 15:30:00.0000",2.45,100,0.6435468196868896,1.8083628416061401,7.474580764770508
"2025-01-26 15:45:00.0000",2.24,100,0.4991520047187805,1.4626351594924927,7.9436421394348145
"2025-01-26 16:00:00.0000",2.17,100,0.36374443769454956,0.865464448928833,3.5329208374023438
"2025-01-26 16:15:00.0000",2.21,100,0.33484113216400146,1.0689040422439575,3.6823253631591797
"2025-01-26 16:30:00.0000",2.38,100,0.4602561295032501,1.0465137958526611,4.196852207183838
"2025-01-26 16:45:00.0000",2.46,100,0.3904922604560852,1.0244473218917847,3.5382208824157715
"2025-01-26 17:00:00.0000",2.64,100,0.5667287111282349,1.341711401939392,3.992504358291626
"2025-01-26 17:15:00.0000",2.78,100,3.4788897037506104,6.044112682342529,8.926892280578613
"2025-01-26 17:30:00.0000",2.98,100,0.8467918634414673,2.0292820930480957,8.181127548217773
"2025-01-26 17:45:00.0000",3.11,100,0.6438587307929993,2.0995569229125977,5.974543571472168
"2025-01-26 18:00:00.0000",3.32,100,0.66636061668396,2.2600185871124268,6.004859447479248
"2025-01-26 18:15:00.0000",3.25,100,0.6185207962989807,1.6122989654541016,4.030025482177734
"2025-01-26 18:30:00.0000",3.34,100,0.8703356385231018,2.653053045272827,15.531858444213867
"2025-01-26 18:45:00.0000",3.33,100,0.7592291235923767,2.6881394386291504,7.814924716949463
"2025-01-26 19:00:00.0000",3.47,100,0.9876911640167236,3.9324424266815186,10.229630470275879
"2025-01-26 19:15:00.0000",3.54,100,0.9504743218421936,2.7600035667419434,6.334612846374512
"2025-01-26 19:30:00.0000",3.49,100,1.0748904943466187,4.133332252502441,10.419984817504883
"2025-01-26 19:45:00.0000",3.38,100,1.0898094177246094,3.385770320892334,7.094054698944092
"2025-01-26 20:00:00.0000",3.29,100,1.0758649110794067,4.383936405181885,9.65283489227295
"2025-01-26 20:15:00.0000",3.34,100,1.1400947570800781,3.549269914627075,8.644643783569336
"2025-01-26 20:30:00.0000",3.15,100,1.13128662109375,3.941948890686035,10.613791465759277
"2025-01-26 20:45:00.0000",3.08,100,26.141212463378906,43.56550598144531,50.247352600097656
"2025-01-26 21:00:00.0000",3.13,100,1.6495733261108398,7.343902111053467,16.725587844848633
"2025-01-26 21:15:00.0000",3.23,100,2.2841720581054688,9.019119262695312,21.420387268066406
"2025-01-26 21:30:00.0000",3.42,100,2.578807830810547,10.395561218261719,28.26050567626953
"2025-01-26 21:45:00.0000",3.71,100,2.5972816944122314,11.482979774475098,30.382972717285156
"2025-01-26 22:00:00.0000",3.93,100,2.439366340637207,11.851678848266602,36.34687042236328
"2025-01-26 22:15:00.0000",3.96,100,2.567322254180908,10.692659378051758,29.640193939208984
"2025-01-26 22:30:00.0000",3.96,100,2.752328634262085,13.403515815734863,34.904136657714844
"2025-01-26 22:45:00.0000",3.86,100,3.084625005722046,15.03334903717041,36.69533157348633
"2025-01-26 23:00:00.0000",3.6,100,3.4345645904541016,17.559423446655273,41.985107421875
"2025-01-26 23:15:00.0000",3.48,100,3.565674304962158,18.00305938720703,38.856910705566406
"2025-01-26 23:30:00.0000",3.53,100,4.081811904907227,22.44879722595215,53.296974182128906
"2025-01-26 23:45:00.0000",3.5,100,4.250765800476074,21.694305419921875,41.919090270996094
"2025-01-27 00:00:00.0000",3.47,100,4.053463935852051,20.998205184936523,43.90629577636719
"2025-01-27 00:15:00.0000",3.54,100,3.4801623821258545,17.845115661621094,38.074825286865234
"2025-01-27 00:30:00.0000",3.55,100,3.335519552230835,17.767621994018555,35.76911163330078
"2025-01-27 00:45:00.0000",3.47,100,2.362061023712158,11.97055721282959,21.827951431274414
"2025-01-27 01:00:00.0000",3.22,100,1.077919602394104,4.604990482330322,11.712080001831055
"2025-01-27 01:15:00.0000",2.8,100,0.9401164054870605,5.60374116897583,18.779565811157227
"2025-01-27 01:30:00.0000",2.32,100,0.3219602108001709,2.031231164932251,12.664271354675293
"2025-01-27 01:45:00.0000",2.04,100,0.3403784930706024,2.1078097820281982,8.053515434265137
"2025-01-27 02:00:00.0000",1.85,100,0.11107926815748215,0.4042969048023224,2.9530587196350098
"2025-01-27 02:15:00.0000",1.77,100,0.1183171197772026,0.412860631942749,2.7353451251983643
"2025-01-27 02:30:00.0000",1.7,100,0.09997811168432236,0.3969590961933136,2.621208906173706
"2025-01-27 02:45:00.0000",1.63,100,0.12942151725292206,0.2613101303577423,2.4345736503601074
"2025-01-27 03:00:00.0000",1.51,100,0.12443463504314423,0.31502753496170044,2.5210840702056885
"2025-01-27 03:15:00.0000",1.31,100,0.19871920347213745,0.7991962432861328,3.54264235496521
"2025-01-27 03:30:00.0000",1.08,100,0.1919589340686798,0.9855066537857056,3.981227397918701
"2025-01-27 03:45:00.0000",1,100,0.2383808195590973,1.0300190448760986,4.001739025115967
"2025-01-27 04:00:00.0000",0.87,100,0.21030056476593018,0.8532038331031799,3.6286211013793945
"2025-01-27 04:15:00.0000",0.86,100,0.15521369874477386,0.524461030960083,2.8490452766418457
"2025-01-27 04:30:00.0000",0.86,100,0.20904579758644104,0.9124419689178467,3.44413161277771
"2025-01-27 04:45:00.0000",0.79,100,0.33054929971694946,1.1168111562728882,5.429105758666992
"2025-01-27 05:00:00.0000",0.75,100,0.36102089285850525,1.0450177192687988,3.4045445919036865
"2025-01-27 05:15:00.0000",0.67,100,0.4290423095226288,1.4438616037368774,7.582592487335205
"2025-01-27 05:30:00.0000",0.85,100,0.7594223022460938,3.536076784133911,9.44294261932373
"2025-01-27 05:45:00.0000",1.08,100,0.5863499045372009,2.5593934059143066,6.97084379196167
"2025-01-27 06:00:00.0000",1.02,100,0.40577003359794617,1.5815198421478271,5.6588263511657715
"2025-01-27 06:15:00.0000",1.11,100,1.1937694549560547,5.481396198272705,14.317754745483398
"2025-01-27 06:30:00.0000",1.34,100,1.4099265336990356,6.3217387199401855,12.493154525756836
"2025-01-27 06:45:00.0000",1.22,100,1.0079737901687622,4.8620147705078125,13.502239227294922
"2025-01-27 07:00:00.0000",1.08,100,1.1906629800796509,5.948880672454834,12.805031776428223
"2025-01-27 07:15:00.0000",1.35,100,1.6438831090927124,8.275830268859863,24.292882919311523
"2025-01-27 07:30:00.0000",1.51,100,2.195371389389038,9.472169876098633,22.367210388183594
"2025-01-27 07:45:00.0000",1.47,100,2.560837984085083,10.941947937011719,29.351356506347656
"2025-01-27 08:00:00.0000",1.49,100,2.600722074508667,13.18659782409668,33.96380615234375
"2025-01-27 08:15:00.0000",1.52,100,3.3714208602905273,15.265345573425293,38.34114456176758
"2025-01-27 08:30:00.0000",1.47,100,3.2470827102661133,17.864383697509766,51.05087661743164
"2025-01-27 08:45:00.0000",1.4,100,2.9849085807800293,15.360260963439941,47.527976989746094
"2025-01-27 09:00:00.0000",1.44,100,2.728813648223877,13.452406883239746,37.330692291259766
"2025-01-27 09:15:00.0000",1.74,100,2.65799617767334,13.475379943847656,32.76078796386719
"2025-01-27 09:30:00.0000",1.91,100,2.5701189041137695,13.491336822509766,32.00458908081055
"2025-01-27 09:45:00.0000",2.1,100,3.5618703365325928,16.946775436401367,45.426753997802734
"2025-01-27 10:00:00.0000",2.45,100,3.7024388313293457,18.072917938232422,48.19514846801758
"2025-01-27 10:15:00.0000",2.72,100,3.486290454864502,16.84465980529785,43.050296783447266
"2025-01-27 10:30:00.0000",2.94,100,3.4543821811676025,16.780929565429688,36.740760803222656
"2025-01-27 10:45:00.0000",3.29,99.59,3.475508689880371,15.420454025268555,30.86241340637207
"2025-01-27 11:00:00.0000",3.51,98.93,3.5861642360687256,15.518939018249512,28.1895694732666
"2025-01-27 11:15:00.0000",4.16,97.01,3.8741261959075928,16.515527725219727,32.58838653564453
"2025-01-27 11:30:00.0000",4.05,96.84,3.921386957168579,17.430936813354492,40.73112869262695
"2025-01-27 11:45:00.0000",4.22,96.12,3.7004339694976807,15.978199005126953,35.859954833984375
"2025-01-27 12:00:00.0000",4.44,94.69,3.8760969638824463,15.153529167175293,31.71259307861328
"2025-01-27 12:15:00.0000",4.54,94.13,4.081428527832031,17.655029296875,33.59528732299805
"2025-01-27 12:30:00.0000",5.7,89.37,4.814299583435059,19.84616470336914,35.223167419433594
"2025-01-27 12:45:00.0000",5.97,86.22,4.2113823890686035,15.924808502197266,29.461498260498047
"2025-01-27 13:00:00.0000",5.47,88.47,4.651658535003662,18.543991088867188,30.90172576904297
"2025-01-27 13:15:00.0000",5.82,87.12,4.453055381774902,18.743099212646484,34.837703704833984
"2025-01-27 13:30:00.0000",5.52,87.22,4.522065162658691,19.137432098388672,34.844242095947266
"2025-01-27 13:45:00.0000",5.1,88.65,4.672839641571045,19.825584411621094,38.14296340942383
"2025-01-27 14:00:00.0000",4.61,92.19,4.53018856048584,17.333776473999023,32.81266784667969
"2025-01-27 14:15:00.0000",4.43,95.34,4.2672014236450195,19.214405059814453,32.46385955810547
"2025-01-27 14:30:00.0000",4.39,96.76,4.79229736328125,20.232608795166016,44.220062255859375
"2025-01-27 14:45:00.0000",4.36,96.4,3.7474493980407715,14.859467506408691,30.937686920166016
"2025-01-27 15:00:00.0000",4.4,95.43,3.6887049674987793,14.452672004699707,32.57184982299805
"2025-01-27 15:15:00.0000",4.35,95.72,3.969789981842041,17.207286834716797,32.356990814208984
"2025-01-27 15:30:00.0000",4.28,96.96,4.280982494354248,19.505937576293945,49.670433044433594
"2025-01-27 15:45:00.0000",4.27,95.33,3.416673421859741,15.761725425720215,31.258899688720703
"2025-01-27 16:00:00.0000",4.31,94.7,3.8357110023498535,17.19020652770996,33.689239501953125
"2025-01-27 16:15:00.0000",4.34,93.61,3.698972702026367,15.779841423034668,28.295400619506836
"2025-01-27 16:30:00.0000",4.43,92.32,3.01065993309021,12.867980003356934,29.674541473388672
"2025-01-27 16:45:00.0000",4.48,91.51,3.2354652881622314,13.612954139709473,28.89879608154297
"2025-01-27 17:00:00.0000",4.45,91.19,3.22780704498291,14.422524452209473,36.49052429199219
"2025-01-27 17:15:00.0000",4.33,90.97,2.883643865585327,13.498359680175781,26.967185974121094
"2025-01-27 17:30:00.0000",4.14,92.53,2.5763182640075684,11.177581787109375,29.298418045043945
"2025-01-27 17:45:00.0000",4.04,93.06,2.608001708984375,9.91637134552002,16.907989501953125
"2025-01-27 18:00:00.0000",4.01,93.08,2.1449413299560547,8.923672676086426,16.447349548339844
"2025-01-27 18:15:00.0000",4,93.63,2.251858711242676,9.054121017456055,16.532459259033203
"2025-01-27 18:30:00.0000",3.93,94.78,2.3233187198638916,9.878751754760742,21.153078079223633
"2025-01-27 18:45:00.0000",3.8,96.14,2.6881532669067383,10.492563247680664,18.68276023864746
"2025-01-27 19:00:00.0000",3.78,96.42,2.5728566646575928,11.729120254516602,23.354528427124023
"2025-01-27 19:15:00.0000",3.81,96.18,2.903576374053955,14.231280326843262,28.310352325439453
"2025-01-27 19:30:00.0000",3.76,96.95,2.8844685554504395,12.517531394958496,30.297300338745117
"2025-01-27 19:45:00.0000",3.72,97.66,2.6862356662750244,14.00140380859375,26.242477416992188
"2025-01-27 20:00:00.0000",3.72,97.77,2.825028419494629,13.058173179626465,30.381214141845703
"2025-01-27 20:15:00.0000",3.74,97.88,2.963373899459839,12.430374145507812,22.9975643157959
"2025-01-27 20:30:00.0000",3.74,98.15,2.674301862716675,11.14786148071289,23.39082908630371
"2025-01-27 20:45:00.0000",3.71,98.52,2.478254556655884,9.918237686157227,15.639177322387695
"2025-01-27 21:00:00.0000",3.6,98.98,2.0181543827056885,8.726766586303711,16.993701934814453
"2025-01-27 21:15:00.0000",3.49,99.78,1.9209375381469727,7.206580638885498,12.224444389343262
"2025-01-27 21:30:00.0000",3.43,100,1.7950506210327148,7.19633150100708,12.12617015838623
"2025-01-27 21:45:00.0000",3.31,100,1.734938383102417,6.900332450866699,13.381582260131836
"2025-01-27 22:00:00.0000",3.33,100,1.7512612342834473,6.8271484375,12.800565719604492
"2025-01-27 22:15:00.0000",3.31,100,1.603126049041748,7.853078365325928,18.098939895629883
"2025-01-27 22:30:00.0000",3.3,100,1.6583141088485718,7.313842296600342,19.11419105529785
"2025-01-27 22:45:00.0000",3.39,100,1.8895355463027954,8.098708152770996,19.241395950317383
"2025-01-27 23:00:00.0000",3.46,100,1.8882182836532593,8.266922950744629,23.806243896484375
"2025-01-27 23:15:00.0000",3.6,100,2.2280077934265137,9.531436920166016,18.822696685791016
"2025-01-27 23:30:00.0000",3.56,100,2.2177813053131104,8.661046981811523,16.436967849731445
"2025-01-27 23:45:00.0000",3.59,100,2.3139350414276123,9.860722541809082,19.433246612548828
"2025-01-28 00:00:00.0000",3.84,100,2.734424114227295,13.096893310546875,26.288623809814453
"2025-01-28 00:15:00.0000",3.91,100,3.1697282791137695,14.97234058380127,28.110916137695312
"2025-01-28 00:30:00.0000",3.96,100,3.4773788452148438,15.76033878326416,32.51953125
"2025-01-28 00:45:00.0000",3.93,100,3.850713014602661,19.73155975341797,44.73850631713867
"2025-01-28 01:00:00.0000",3.84,100,4.3378586769104,21.891019821166992,52.067657470703125
"2025-01-28 01:15:00.0000",3.9,100,4.215450763702393,20.474220275878906,39.46294021606445
"2025-01-28 01:30:00.0000",3.96,100,4.170790672302246,21.93659019470215,47.592018127441406
"2025-01-28 01:45:00.0000",4.05,100,4.22328519821167,20.649372100830078,47.891910552978516
"2025-01-28 02:00:00.0000",4.16,100,3.721679210662842,18.54442596435547,39.39372634887695
"2025-01-28 02:15:00.0000",4.26,100,3.2540483474731445,15.89995288848877,31.540727615356445
"2025-01-28 02:30:00.0000",4.33,100,3.1950128078460693,15.360330581665039,38.78435516357422
"2025-01-28 02:45:00.0000",4.38,100,3.257645845413208,16.23451805114746,41.7075309753418
"2025-01-28 03:00:00.0000",4.35,100,2.9837424755096436,13.920982360839844,28.011280059814453
"2025-01-28 03:15:00.0000",4.34,100,2.7977969646453857,14.331278800964355,29.190025329589844
"2025-01-28 03:30:00.0000",4.27,100,2.8457038402557373,14.150542259216309,29.283973693847656
"2025-01-28 03:45:00.0000",4.18,100,3.058743953704834,12.74365520477295,27.704917907714844
"2025-01-28 04:00:00.0000",4.06,100,2.854980945587158,13.575140953063965,25.704957962036133
"2025-01-28 04:15:00.0000",4.03,100,2.705350160598755,13.7632474899292,36.4932861328125
"2025-01-28 04:30:00.0000",3.99,100,2.673670530319214,12.377699851989746,28.307889938354492
"2025-01-28 04:45:00.0000",4.07,100,2.682453155517578,11.993026733398438,23.057476043701172
"2025-01-28 05:00:00.0000",4.15,100,2.7067792415618896,12.584953308105469,25.99708366394043
"2025-01-28 05:15:00.0000",4.23,100,2.3813633918762207,10.58699893951416,21.39139175415039
"2025-01-28 05:30:00.0000",4.26,100,2.375603675842285,9.933545112609863,19.954113006591797
"2025-01-28 05:45:00.0000",4.3,100,2.0794589519500732,8.765564918518066,16.958696365356445
"2025-01-28 06:00:00.0000",4.46,100,2.0100505352020264,9.097824096679688,18.568618774414062
"2025-01-28 06:15:00.0000",4.52,100,1.9187532663345337,8.242717742919922,13.915526390075684
"2025-01-28 06:30:00.0000",4.48,100,2.241025686264038,9.802666664123535,20.628271102905273
"2025-01-28 06:45:00.0000",4.35,100,2.0272347927093506,9.157421112060547,18.042818069458008
"2025-01-28 07:00:00.0000",4.29,100,2.2339820861816406,11.111237525939941,24.72873878479004
"2025-01-28 07:15:00.0000",4.24,100,2.327944755554199,10.604449272155762,22.34195899963379
"2025-01-28 07:30:00.0000",4.13,100,2.4889628887176514,10.028151512145996,18.729888916015625
"2025-01-28 07:45:00.0000",4.16,100,2.2925186157226562,9.472930908203125,19.93266487121582
"2025-01-28 08:00:00.0000",4.23,100,2.2220845222473145,9.410552978515625,21.29431915283203
"2025-01-28 08:15:00.0000",4.26,100,2.2782273292541504,10.221489906311035,23.85249137878418
"2025-01-28 08:30:00.0000",4.35,100,2.3133931159973145,9.194499015808105,16.10700225830078
"2025-01-28 08:45:00.0000",4.45,100,2.3367726802825928,9.170771598815918,34.30541229248047
"2025-01-28 09:00:00.0000",4.64,100,2.319779872894287,8.430651664733887,18.161113739013672
"2025-01-28 09:15:00.0000",4.71,100,2.3777849674224854,10.363964080810547,24.244287490844727
"2025-01-28 09:30:00.0000",4.77,100,3.161587953567505,10.20826530456543,21.98426055908203
"2025-01-28 09:45:00.0000",4.76,100,3.778942823410034,10.464820861816406,18.510515213012695
"2025-01-28 10:00:00.0000",4.7,100,5.796207904815674,13.790413856506348,22.04034996032715
"2025-01-28 10:15:00.0000",4.67,100,6.454999923706055,14.280076026916504,21.405414581298828
"2025-01-28 10:30:00.0000",4.63,100,6.262590408325195,13.741572380065918,25.364578247070312
"2025-01-28 10:45:00.0000",4.67,100,6.445348739624023,12.266401290893555,19.163850784301758
"2025-01-28 11:00:00.0000",4.59,100,4.413931369781494,8.817164421081543,20.356792449951172
"2025-01-28 11:15:00.0000",4.55,100,4.683128833770752,9.744223594665527,18.874784469604492
"2025-01-28 11:30:00.0000",4.7,100,4.278672695159912,9.854713439941406,19.99936866760254
"2025-01-28 11:45:00.0000",5.28,100,3.4004204273223877,8.187836647033691,16.43242835998535
"2025-01-28 12:00:00.0000",5.5,100,2.295522689819336,5.4737629890441895,14.351299285888672
"2025-01-28 12:15:00.0000",5.8,100,2.109407424926758,4.954625606536865,15.272444725036621
"2025-01-28 12:30:00.0000",6.08,100,1.7930936813354492,3.2989518642425537,7.3244853019714355
"2025-01-28 12:45:00.0000",6.05,100,1.2832270860671997,2.9525065422058105,7.637353897094727
"2025-01-28 13:00:00.0000",6.22,100,1.4579582214355469,3.6961705684661865,10.479866981506348
"2025-01-28 13:15:00.0000",6.17,100,1.403312087059021,3.5118305683135986,8.46986198425293
"2025-01-28 13:30:00.0000",5.98,99.99,0.8940145969390869,3.2778663635253906,8.757753372192383
"2025-01-28 13:45:00.0000",5.54,100,0.9706009030342102,3.908963441848755,17.42336082458496
"2025-01-28 14:00:00.0000",4.61,100,0.9099796414375305,4.7314677238464355,23.027433395385742
"2025-01-28 14:15:00.0000",4.24,100,2.7787153720855713,13.330103874206543,42.37068557739258
"2025-01-28 14:30:00.0000",3.97,100,3.4049670696258545,16.264488220214844,39.740013122558594
"2025-01-28 14:45:00.0000",3.96,100,2.9813380241394043,12.867061614990234,24.098651885986328
"2025-01-28 15:00:00.0000",3.85,100,2.6221368312835693,11.962721824645996,38.62655258178711
"2025-01-28 15:15:00.0000",3.79,100,2.8191208839416504,11.944091796875,44.6914176940918
"2025-01-28 15:30:00.0000",3.95,100,2.065277576446533,9.306290626525879,19.955663681030273
"2025-01-28 15:45:00.0000",3.92,100,1.7568646669387817,9.099372863769531,29.440696716308594
"2025-01-28 16:00:00.0000",3.9,100,1.7638949155807495,7.877326011657715,25.750886917114258
"2025-01-28 16:15:00.0000",3.92,100,1.9481757879257202,11.127585411071777,33.448543548583984
"2025-01-28 16:30:00.0000",3.86,100,2.3434765338897705,12.957039833068848,30.923147201538086
"2025-01-28 16:45:00.0000",3.88,100,2.516190528869629,12.154043197631836,38.19939041137695
"2025-01-28 17:00:00.0000",3.81,100,2.2561609745025635,12.569052696228027,32.7428092956543
"2025-01-28 17:15:00.0000",3.69,100,1.8553311824798584,10.430363655090332,32.917354583740234
"2025-01-28 17:30:00.0000",3.81,100,2.19138240814209,10.687407493591309,25.990798950195312
"2025-01-28 17:45:00.0000",3.72,100,1.7000641822814941,8.911643028259277,25.575136184692383
"2025-01-28 18:00:00.0000",3.68,100,1.9034050703048706,8.513639450073242,18.424657821655273
"2025-01-28 18:15:00.0000",3.67,100,1.8281892538070679,8.13981819152832,26.341585159301758
"2025-01-28 18:30:00.0000",3.72,100,1.6117501258850098,7.261878490447998,16.92607879638672
"2025-01-28 18:45:00.0000",3.82,100,1.5092183351516724,8.384079933166504,23.458566665649414
"2025-01-28 19:00:00.0000",4.01,100,1.5510354042053223,6.565297603607178,16.443706512451172
"2025-01-28 19:15:00.0000",4.14,99.37,1.5626270771026611,7.824758052825928,19.01146125793457
"2025-01-28 19:30:00.0000",4.22,99.95,1.5765352249145508,7.845179080963135,18.69733428955078
"2025-01-28 19:45:00.0000",4.18,100,1.6198900938034058,7.577655792236328,26.192596435546875
"2025-01-28 20:00:00.0000",4.22,100,1.5349892377853394,7.357246398925781,23.895112991333008
"2025-01-28 20:15:00.0000",4.21,100,1.5426844358444214,7.528119087219238,21.131689071655273
"2025-01-28 20:30:00.0000",4.18,100,1.8604804277420044,9.92543888092041,22.66867446899414
"2025-01-28 20:45:00.0000",4.15,100,2.0940146446228027,9.86682415008545,32.35712432861328
"2025-01-28 21:00:00.0000",4.13,100,1.5713016986846924,8.271560668945312,22.251134872436523
"2025-01-28 21:15:00.0000",4.17,100,1.7838847637176514,10.729601860046387,30.20514488220215
"2025-01-28 21:30:00.0000",4.05,100,2.0289835929870605,11.086453437805176,31.40456199645996
"2025-01-28 21:45:00.0000",4.02,100,2.1006503105163574,11.692265510559082,34.542991638183594
"2025-01-28 22:00:00.0000",4.12,100,1.9892605543136597,11.201558113098145,29.767576217651367
"2025-01-28 22:15:00.0000",3.61,100,1.0404114723205566,5.984889030456543,17.410327911376953
"2025-01-28 22:30:00.0000",3.62,100,1.4093509912490845,8.425261497497559,25.3865966796875
"2025-01-28 22:45:00.0000",3.5,100,1.1692142486572266,7.1823272705078125,25.95966148376465
"2025-01-28 23:00:00.0000",3.69,100,2.147706985473633,13.944040298461914,45.38875198364258
"2025-01-28 23:15:00.0000",3.86,100,2.6473751068115234,14.745404243469238,45.70456314086914
"2025-01-28 23:30:00.0000",4.1,100,2.7220571041107178,16.379749298095703,45.36564636230469
"2025-01-28 23:45:00.0000",4.16,100,2.720585584640503,14.229135513305664,34.66992950439453
"2025-01-29 00:00:00.0000",4.18,100,3.1706063747406006,16.39590835571289,44.223793029785156
"2025-01-29 00:15:00.0000",4.19,100,2.610898017883301,14.503640174865723,36.90129089355469
"2025-01-29 00:30:00.0000",4.17,100,2.689486265182495,14.050755500793457,30.81087303161621
"2025-01-29 00:45:00.0000",4.22,100,2.763460397720337,15.333574295043945,37.4239501953125
"2025-01-29 01:00:00.0000",4.02,100,2.8800203800201416,16.835058212280273,51.31231689453125
"2025-01-29 01:15:00.0000",3.97,100,2.928494691848755,16.01376724243164,42.6856689453125
"2025-01-29 01:30:00.0000",4,100,2.9382288455963135,14.648514747619629,45.920562744140625
"2025-01-29 01:45:00.0000",4.02,100,2.9776089191436768,16.85125732421875,42.595245361328125
"2025-01-29 02:00:00.0000",4.09,100,2.758307933807373,16.60369110107422,35.86698913574219
"2025-01-29 02:15:00.0000",4.12,100,3.1229188442230225,16.698963165283203,39.79873275756836
"2025-01-29 02:30:00.0000",4.03,100,2.9531755447387695,16.214723587036133,43.705116271972656
"2025-01-29 02:45:00.0000",3.9,100,2.7887957096099854,15.998026847839355,54.64928436279297
"2025-01-29 03:00:00.0000",3.88,100,2.7425613403320312,16.842267990112305,49.91529083251953
"2025-01-29 03:15:00.0000",3.69,100,2.4129607677459717,14.241861343383789,50.98713302612305
"2025-01-29 03:30:00.0000",3.57,100,2.7182369232177734,15.74354362487793,42.96376419067383
"2025-01-29 03:45:00.0000",3.52,100,2.7629597187042236,16.3443603515625,58.1038818359375
"2025-01-29 04:00:00.0000",3.45,100,2.7438530921936035,14.767112731933594,43.6277961730957
"2025-01-29 04:15:00.0000",3.52,100,2.8015928268432617,16.062196731567383,48.429481506347656
"2025-01-29 04:30:00.0000",3.48,100,2.584904193878174,14.805841445922852,36.55292892456055
"2025-01-29 04:45:00.0000",3.34,100,3.06742787361145,17.509191513061523,48.13896179199219
"2025-01-29 05:00:00.0000",3.25,100,2.508862257003784,15.136412620544434,40.53749465942383
"2025-01-29 05:15:00.0000",3.22,100,2.6462032794952393,16.893125534057617,61.7991828918457
"2025-01-29 05:30:00.0000",3.18,100,2.917052745819092,17.83241844177246,43.88264083862305
"2025-01-29 05:45:00.0000",3.08,100,2.4727375507354736,15.519827842712402,49.4266471862793
"2025-01-29 06:00:00.0000",2.98,100,2.5370640754699707,17.705780029296875,59.3865852355957
"2025-01-29 06:15:00.0000",2.82,100,2.6071956157684326,15.838769912719727,46.35275650024414
"2025-01-29 06:30:00.0000",2.81,100,2.384822368621826,15.15015697479248,54.74384307861328
"2025-01-29 06:45:00.0000",2.75,100,2.5929019451141357,17.94038200378418,62.23585510253906
"2025-01-29 07:00:00.0000",2.67,100,2.4622392654418945,15.810437202453613,58.51603317260742
"2025-01-29 07:15:00.0000",2.68,100,2.292907953262329,15.33852767944336,39.255889892578125
"2025-01-29 07:30:00.0000",2.81,100,2.36964750289917,13.803144454956055,37.34564971923828
"2025-01-29 07:45:00.0000",2.94,100,2.352324962615967,12.502944946289062,30.861080169677734
"2025-01-29 08:00:00.0000",2.93,100,2.6391351222991943,14.243955612182617,46.49287796020508
"2025-01-29 08:15:00.0000",3.03,100,2.53033709526062,14.783641815185547,43.727378845214844
"2025-01-29 08:30:00.0000",3.1,100,2.188915729522705,12.923842430114746,41.15895080566406
"2025-01-29 08:45:00.0000",3.22,100,2.6823558807373047,14.838102340698242,46.318790435791016
"2025-01-29 09:00:00.0000",3.42,100,2.654526948928833,15.47636890411377,47.86903381347656
"2025-01-29 09:15:00.0000",3.62,100,2.0071499347686768,10.38680648803711,26.624340057373047
"2025-01-29 09:30:00.0000",4.05,100,2.701700210571289,11.49842643737793,29.335416793823242
"2025-01-29 09:45:00.0000",4.36,100,1.735508918762207,9.717226028442383,25.342260360717773
"2025-01-29 10:00:00.0000",4.43,100,2.0701048374176025,9.473835945129395,32.061126708984375
"2025-01-29 10:15:00.0000",4.81,100,2.081949234008789,11.166163444519043,34.06427001953125
"2025-01-29 10:30:00.0000",6.57,94.49,1.9263386726379395,10.331939697265625,24.073904037475586
"2025-01-29 10:45:00.0000",6.82,90.88,1.9516651630401611,8.686880111694336,21.891647338867188
"2025-01-29 11:00:00.0000",7.66,86.17,2.0133087635040283,9.942852020263672,25.896621704101562
"2025-01-29 11:15:00.0000",7.42,86.11,1.9784960746765137,8.526114463806152,18.301427841186523
"2025-01-29 11:30:00.0000",6.86,87.91,2.010869026184082,9.957316398620605,32.052520751953125
"2025-01-29 11:45:00.0000",6.87,87.91,2.2230443954467773,10.46939468383789,33.112735748291016
"2025-01-29 12:00:00.0000",7.81,80.41,2.142660617828369,11.6862211227417,39.56924819946289
"2025-01-29 12:15:00.0000",8.56,76.37,1.9281091690063477,11.1631441116333,66.83399200439453
"2025-01-29 12:30:00.0000",9.23,73.32,1.8550397157669067,8.333470344543457,19.039234161376953
"2025-01-29 12:45:00.0000",9.37,71.96,1.5668777227401733,7.123081207275391,18.987520217895508
"2025-01-29 13:00:00.0000",9.62,68.04,1.185389518737793,5.689813137054443,14.713149070739746
"2025-01-29 13:15:00.0000",9.41,68.31,1.5870213508605957,7.541337490081787,26.27907371520996
"2025-01-29 13:30:00.0000",9.21,67.92,2.0465800762176514,9.078374862670898,24.017314910888672
"2025-01-29 13:45:00.0000",9.16,68.86,1.8615975379943848,8.616861343383789,26.878759384155273
"2025-01-29 14:00:00.0000",8.53,69.99,2.2094109058380127,10.201415061950684,39.724308013916016
"2025-01-29 14:15:00.0000",8.23,69.51,1.506286382675171,7.1700968742370605,29.093425750732422
"2025-01-29 14:30:00.0000",8.1,70.55,1.7290679216384888,9.077535629272461,41.60788345336914
"2025-01-29 14:45:00.0000",7.97,68.39,1.5509051084518433,7.315508842468262,25.25670051574707
"2025-01-29 15:00:00.0000",7.61,70.03,1.3308700323104858,6.155689239501953,20.522951126098633
"2025-01-29 15:15:00.0000",6.44,72.9,1.3734761476516724,7.759291648864746,24.712621688842773
"2025-01-29 15:30:00.0000",5.96,77.12,1.351139783859253,5.98567008972168,13.98221492767334
"2025-01-29 15:45:00.0000",5.07,81.01,1.54422128200531,7.217008590698242,19.67593002319336
"2025-01-29 16:00:00.0000",4.6,84.33,1.4718427658081055,8.685115814208984,32.930397033691406
"2025-01-29 16:15:00.0000",4.12,86.32,1.6402523517608643,7.130504608154297,19.360456466674805
"2025-01-29 16:30:00.0000",3.61,89.08,1.6685787439346313,8.473639488220215,21.18194007873535
"2025-01-29 16:45:00.0000",3.32,91.52,2.565647840499878,10.102374076843262,25.365251541137695
"2025-01-29 17:00:00.0000",3.13,93.11,1.949544906616211,10.993438720703125,35.49797058105469
"2025-01-29 17:15:00.0000",2.98,95.06,1.9456382989883423,8.85487174987793,29.593708038330078
"2025-01-29 17:30:00.0000",2.85,94.67,1.7555652856826782,8.91495418548584,32.161529541015625
"2025-01-29 17:45:00.0000",2.79,92.71,1.3755242824554443,6.72155237197876,24.036169052124023
"2025-01-29 18:00:00.0000",2.82,90.89,1.4945331811904907,6.213951587677002,16.223011016845703
"2025-01-29 18:15:00.0000",2.85,89.36,1.5315914154052734,6.054024696350098,17.578107833862305
"2025-01-29 18:30:00.0000",2.86,88.26,1.8863043785095215,6.516810417175293,17.345054626464844
"2025-01-29 18:45:00.0000",2.89,89.02,1.4837921857833862,6.412505626678467,19.620935440063477
"2025-01-29 19:00:00.0000",2.81,92.49,1.4837088584899902,7.815016746520996,29.203113555908203
"2025-01-29 19:30:00.0000",2.7,94.39,1.4863005876541138,5.72276496887207,20.268625259399414
"2025-01-29 19:45:00.0000",2.71,94.52,1.9212288856506348,6.706645965576172,18.773344039916992
"2025-01-29 20:00:00.0000",2.75,94.37,1.7740596532821655,6.916818141937256,14.7384033203125
"2025-01-29 20:15:00.0000",2.69,94.43,1.7740596532821655,6.916818141937256,14.7384033203125
"2025-01-29 20:30:00.0000",2.59,96.59,1.5629717111587524,6.814489841461182,28.094865798950195
"2025-01-29 20:45:00.0000",2.46,96.53,1.2161109447479248,5.985522270202637,22.818098068237305
"2025-01-29 21:00:00.0000",2.43,96.57,1.6977697610855103,8.068305969238281,30.311704635620117
"2025-01-29 21:15:00.0000",2.44,96.35,1.7619074583053589,10.183180809020996,37.54249954223633
"2025-01-29 21:30:00.0000",2.39,93.39,1.7884145975112915,7.796112060546875,22.248085021972656
"2025-01-29 21:45:00.0000",2.47,90.26,1.527970552444458,6.818481922149658,19.005495071411133
"2025-01-29 22:00:00.0000",2.42,90.55,1.5380390882492065,7.339513778686523,20.89167594909668
"2025-01-29 22:15:00.0000",2.37,91.48,1.4142340421676636,7.147396087646484,23.138803482055664
"2025-01-29 22:30:00.0000",2.3,92.08,1.451407790184021,6.718888282775879,15.357452392578125
"2025-01-29 22:45:00.0000",2.25,93.43,1.6446518898010254,9.859110832214355,31.025421142578125
"2025-01-29 23:00:00.0000",2.23,95.02,2.0656399726867676,11.405877113342285,45.15414047241211
"2025-01-29 23:15:00.0000",2.16,97.95,1.773284912109375,8.951889038085938,23.649328231811523
"2025-01-29 23:30:00.0000",2.16,99.75,2.0467581748962402,11.294869422912598,31.733253479003906
"2025-01-29 23:45:00.0000",2,100,2.190779685974121,13.762016296386719,61.894508361816406
"2025-01-30 00:00:00.0000",2,100,2.297201156616211,12.919595718383789,46.63591384887695
"2025-01-30 00:15:00.0000",1.91,100,1.9038703441619873,9.928893089294434,27.450483322143555
"2025-01-30 00:30:00.0000",1.97,99.18,2.132117509841919,12.866211891174316,52.82493591308594
"2025-01-30 00:45:00.0000",2.04,97.57,2.252072334289551,13.234963417053223,48.929569244384766
"2025-01-30 01:00:00.0000",2.06,94.41,1.6739692687988281,8.75361156463623,30.158212661743164
"2025-01-30 01:15:00.0000",1.99,93.41,1.5881434679031372,7.808812141418457,20.286376953125
"2025-01-30 01:30:00.0000",1.84,94.96,1.435312032699585,7.9938764572143555,20.947357177734375
"2025-01-30 01:45:00.0000",1.63,95.74,1.7865151166915894,6.114414215087891,12.171571731567383
"2025-01-30 02:00:00.0000",1.45,98.41,1.8682010173797607,10.473607063293457,31.223461151123047
"2025-01-30 02:15:00.0000",1.53,100,2.0709359645843506,12.010908126831055,46.45531463623047
"2025-01-30 02:30:00.0000",1.49,100,1.643031120300293,9.280014038085938,19.952777862548828
"2025-01-30 02:45:00.0000",1.58,100,1.7118741273880005,10.559202194213867,42.19329071044922
"2025-01-30 03:00:00.0000",1.7,100,1.628503441810608,9.419290542602539,29.934982299804688
"2025-01-30 03:15:00.0000",1.78,100,1.6111671924591064,10.683777809143066,38.14848327636719
"2025-01-30 03:30:00.0000",1.77,100,1.8873122930526733,11.548495292663574,38.98280334472656
"2025-01-30 03:45:00.0000",1.64,100,1.8924219608306885,11.58051872253418,28.742151260375977
"2025-01-30 04:00:00.0000",1.62,100,1.6733224391937256,10.628769874572754,31.732362747192383
"2025-01-30 04:15:00.0000",1.56,100,1.3035918474197388,7.058129787445068,24.20155906677246
"2025-01-30 04:30:00.0000",1.42,100,1.4279509782791138,6.803066730499268,17.341997146606445
"2025-01-30 04:45:00.0000",1.24,100,1.7683204412460327,9.673626899719238,31.2484188079834
"2025-01-30 05:00:00.0000",1.21,100,1.4778965711593628,8.673892974853516,29.394420623779297
"2025-01-30 05:15:00.0000",1.26,100,1.4553595781326294,8.427152633666992,29.837051391601562
"2025-01-30 05:30:00.0000",1.27,100,1.3020693063735962,7.339676380157471,18.096698760986328
"2025-01-30 05:45:00.0000",1.26,100,1.4395087957382202,8.854070663452148,31.445154190063477
"2025-01-30 06:00:00.0000",1.76,100,1.3633434772491455,8.879709243774414,25.216693878173828
"2025-01-30 06:15:00.0000",2.17,100,1.591078519821167,8.719003677368164,25.929561614990234
"2025-01-30 06:30:00.0000",2.23,100,1.4821017980575562,9.417250633239746,27.497243881225586
"2025-01-30 06:45:00.0000",2.24,100,1.3653631210327148,8.088582038879395,18.70185661315918
"2025-01-30 07:00:00.0000",2.21,100,1.4950734376907349,9.34000301361084,45.31825637817383
"2025-01-30 07:15:00.0000",2.2,100,1.8414729833602905,10.327065467834473,31.402393341064453
"2025-01-30 07:30:00.0000",2.25,100,1.7244470119476318,10.241856575012207,33.781288146972656
"2025-01-30 07:45:00.0000",2.24,100,1.7919895648956299,10.025627136230469,23.40669822692871
"2025-01-30 08:00:00.0000",2.17,100,1.6895432472229004,8.63827896118164,24.34657096862793
"2025-01-30 08:15:00.0000",2.2,100,1.6104832887649536,7.570666790008545,22.421146392822266
"2025-01-30 08:30:00.0000",2.29,100,1.5447386503219604,9.470562934875488,24.655176162719727
"2025-01-30 08:45:00.0000",2.52,100,1.6566708087921143,8.896146774291992,34.12746047973633
"2025-01-30 09:00:00.0000",2.55,100,1.757759928703308,9.067849159240723,29.905725479125977
"2025-01-30 09:15:00.0000",2.8,100,2.093334913253784,9.352962493896484,30.104280471801758
"2025-01-30 09:30:00.0000",2.99,99.74,2.205130100250244,9.92591381072998,32.28216552734375
"2025-01-30 09:45:00.0000",3.2,98.64,1.6797667741775513,7.954311847686768,16.24744987487793
"2025-01-30 10:00:00.0000",3.42,97.42,1.51419997215271,8.048768043518066,31.669809341430664
"2025-01-30 10:15:00.0000",3.76,93.38,1.535811185836792,7.214597225189209,31.272613525390625
"2025-01-30 10:30:00.0000",4.66,89.98,1.83991539478302,8.810399055480957,57.13968276977539
"2025-01-30 10:45:00.0000",6.23,84.71,5.111464977264404,40.656211853027344,265.6322021484375
"2025-01-30 11:00:00.0000",8.02,77.18,3.7441976070404053,33.57056427001953,232.45562744140625
"2025-01-30 11:15:00.0000",8.36,74.02,2.7877912521362305,18.81428337097168,94.96992492675781
"2025-01-30 11:30:00.0000",6.01,79.87,1.5210001468658447,9.803388595581055,34.4033317565918
"2025-01-30 11:45:00.0000",3.61,87.75,1.001885175704956,5.410839557647705,13.785113334655762
"2025-01-30 12:00:00.0000",3.4,91.03,1.8158366680145264,12.628042221069336,66.21849060058594
"2025-01-30 12:15:00.0000",3.59,90.46,1.2896528244018555,6.50859260559082,22.72203826904297
"2025-01-30 12:30:00.0000",3.53,93.68,1.3493678569793701,7.100497722625732,23.18781852722168
"2025-01-30 12:45:00.0000",3.96,93.5,1.2674734592437744,6.6478681564331055,14.472685813903809
"2025-01-30 13:00:00.0000",3.06,96.45,2.291815757751465,15.777655601501465,61.99771499633789
"2025-01-30 13:15:00.0000",3.91,99.16,1.3080161809921265,9.08563232421875,34.73240661621094
"2025-01-30 13:30:00.0000",4.07,96.67,1.2947975397109985,6.823593616485596,17.691686630249023
"2025-01-30 13:45:00.0000",3.94,98.73,1.1207681894302368,6.622922897338867,18.31547737121582
"2025-01-30 14:00:00.0000",5.37,92.31,1.3699560165405273,7.7224225997924805,17.356294631958008
"2025-01-30 14:15:00.0000",6.24,90.79,1.194504976272583,6.532548904418945,17.08930778503418
"2025-01-30 14:30:00.0000",6.28,84.65,1.3266215324401855,6.900708198547363,20.307661056518555
"2025-01-30 14:45:00.0000",5.94,86.29,1.347256064414978,6.952012538909912,20.638792037963867
"2025-01-30 15:00:00.0000",5.92,86.84,1.2972813844680786,7.477481842041016,22.88925552368164
"2025-01-30 15:15:00.0000",4.82,89.39,1.3558272123336792,6.94761848449707,18.202030181884766
"2025-01-30 15:30:00.0000",5.17,88.22,1.3025684356689453,5.590848445892334,14.512367248535156
"2025-01-30 15:45:00.0000",5.77,85.33,1.2766526937484741,6.716061592102051,20.165525436401367
"2025-01-30 16:00:00.0000",5.37,87.65,1.371386170387268,6.590038299560547,15.22912311553955
"2025-01-30 16:15:00.0000",4.29,90.51,1.448693037033081,8.03031063079834,25.559852600097656
"2025-01-30 16:30:00.0000",3.63,94.1,1.980355978012085,9.004650115966797,27.25981330871582
"2025-01-30 16:45:00.0000",3.27,97.17,2.040640354156494,9.029413223266602,26.589366912841797
"2025-01-30 17:00:00.0000",2.92,99.69,1.7617567777633667,9.065956115722656,32.53070831298828
"2025-01-30 17:15:00.0000",2.66,100,2.15447735786438,11.43517780303955,34.59650421142578
"2025-01-30 17:30:00.0000",2.5,100,2.2335662841796875,8.946440696716309,26.165245056152344
"2025-01-30 17:45:00.0000",2.37,100,2.076824903488159,8.203601837158203,34.95442581176758
"2025-01-30 18:00:00.0000",2.34,100,2.2755627632141113,8.048728942871094,19.452163696289062
"2025-01-30 18:15:00.0000",2.17,99.92,2.106027364730835,7.812055587768555,21.736591339111328
"2025-01-30 18:30:00.0000",2.09,99.11,1.8930195569992065,6.5325398445129395,21.18131446838379
"2025-01-30 18:45:00.0000",1.85,99.43,2.029935598373413,6.257619857788086,16.317096710205078
"2025-01-30 19:00:00.0000",1.58,99.59,2.6261470317840576,8.793695449829102,22.373546600341797
"2025-01-30 19:15:00.0000",1.38,99.97,2.064035654067993,6.512982368469238,14.87520694732666
"2025-01-30 19:30:00.0000",1.21,100,1.912177562713623,5.5366339683532715,14.09893798828125
"2025-01-30 19:45:00.0000",0.97,100,2.4232351779937744,7.856492042541504,16.799787521362305
"2025-01-30 20:00:00.0000",1,100,2.0127179622650146,6.36625337600708,14.36989688873291
"2025-01-30 20:15:00.0000",0.98,100,2.1869754791259766,8.0292329788208,23.807233810424805
"2025-01-30 20:30:00.0000",0.89,100,2.172691822052002,7.419646263122559,24.36203956604004
"2025-01-30 20:45:00.0000",0.91,100,1.7985646724700928,7.8399271965026855,22.00639533996582
"2025-01-30 21:00:00.0000",1,100,2.185105323791504,7.513172149658203,18.527429580688477
"2025-01-30 21:15:00.0000",1.13,100,2.6745266914367676,8.489802360534668,31.805051803588867
"2025-01-30 21:30:00.0000",1.19,100,2.1276440620422363,7.1855878829956055,26.445945739746094
"2025-01-30 21:45:00.0000",1.22,100,1.6978602409362793,6.277829647064209,19.42776870727539
"2025-01-30 22:00:00.0000",1.22,100,1.7157511711120605,6.22445011138916,19.944374084472656
"2025-01-30 22:15:00.0000",1.24,100,1.4143812656402588,5.440558433532715,16.69318199157715
"2025-01-30 22:30:00.0000",1.24,100,1.594224214553833,5.483287811279297,13.08767318725586
"2025-01-30 22:45:00.0000",1.19,100,1.6126283407211304,5.856802463531494,12.268712043762207
"2025-01-30 23:00:00.0000",1.11,100,1.6207619905471802,5.934487819671631,14.288731575012207
"2025-01-30 23:15:00.0000",1.07,100,1.4813971519470215,6.40666389465332,16.250259399414062
"2025-01-30 23:30:00.0000",1.14,100,1.365493655204773,5.677761077880859,17.016952514648438
"2025-01-30 23:45:00.0000",1.25,100,1.4989697933197021,7.034990310668945,20.94798469543457
"2025-01-31 00:00:00.0000",1.22,100,1.5643606185913086,7.091245651245117,24.71489906311035
"2025-01-31 00:15:00.0000",1.04,100,1.4574673175811768,7.645763397216797,25.46904754638672
"2025-01-31 00:30:00.0000",0.99,100,1.613014578819275,9.425919532775879,40.39777374267578
"2025-01-31 00:45:00.0000",0.94,100,1.6065752506256104,8.6550874710083,27.96662712097168
"2025-01-31 01:00:00.0000",0.95,100,1.727781891822815,8.930739402770996,30.76022720336914
"2025-01-31 01:15:00.0000",1.03,100,1.3664406538009644,8.300110816955566,21.492555618286133
"2025-01-31 01:30:00.0000",1,100,1.338873267173767,6.862480640411377,16.82511329650879
"2025-01-31 01:45:00.0000",1.05,100,1.12290620803833,6.350766181945801,22.631507873535156
"2025-01-31 02:00:00.0000",1.06,100,1.280103087425232,7.147204875946045,17.90505599975586
"2025-01-31 02:15:00.0000",1.15,100,1.1083706617355347,5.457496643066406,11.630349159240723
"2025-01-31 02:30:00.0000",1.24,100,0.9805440902709961,4.906134605407715,17.218597412109375
"2025-01-31 02:45:00.0000",1.35,100,1.0248438119888306,5.575139045715332,13.578168869018555
"2025-01-31 03:00:00.0000",1.45,100,0.7512620091438293,3.45760440826416,10.245309829711914
"2025-01-31 03:15:00.0000",1.5,100,0.7315409779548645,3.397226333618164,7.4356689453125
"2025-01-31 03:30:00.0000",1.51,100,0.6965945363044739,3.392357110977173,10.098505020141602
"2025-01-31 03:45:00.0000",1.51,100,0.7375952005386353,3.2978708744049072,8.227357864379883
"2025-01-31 04:00:00.0000",1.65,100,1.1191623210906982,3.940634250640869,8.032891273498535
"2025-01-31 04:15:00.0000",1.84,100,1.2556993961334229,6.044550895690918,18.69855499267578
"2025-01-31 04:30:00.0000",2.1,100,2.8898494243621826,17.828901290893555,43.46267318725586
"2025-01-31 04:45:00.0000",2.71,100,4.072539329528809,25.292598724365234,64.04456329345703
"2025-01-31 05:00:00.0000",3.57,100,4.9963059425354,28.89151954650879,81.12153625488281
"2025-01-31 05:15:00.0000",4.01,100,5.1474609375,25.95490074157715,65.84027099609375
"2025-01-31 05:30:00.0000",4.26,100,5.338881015777588,28.865697860717773,61.413326263427734
"2025-01-31 05:45:00.0000",4.29,100,5.7037482261657715,29.181087493896484,59.638851165771484
"2025-01-31 06:00:00.0000",4.39,100,5.24017333984375,28.210411071777344,60.045570373535156
"2025-01-31 06:15:00.0000",4.43,100,5.492369174957275,28.020666122436523,65.13932800292969
"2025-01-31 06:30:00.0000",4.53,100,5.3038249015808105,26.083477020263672,64.76358795166016
"2025-01-31 06:45:00.0000",4.58,100,5.157164096832275,26.20484733581543,54.77053451538086
"2025-01-31 07:00:00.0000",4.57,100,5.186829090118408,26.747787475585938,55.59357833862305
"2025-01-31 07:15:00.0000",4.52,100,6.174931049346924,32.286251068115234,77.03980255126953
"2025-01-31 07:30:00.0000",4.51,100,6.151953220367432,31.56178092956543,74.90287780761719
"2025-01-31 07:45:00.0000",4.48,100,6.001398086547852,30.755029678344727,77.08840942382812
"2025-01-31 08:00:00.0000",4.58,100,6.123707294464111,30.279605865478516,69.20076751708984
"2025-01-31 08:15:00.0000",4.61,100,6.589738845825195,34.758628845214844,83.64899444580078
"2025-01-31 08:30:00.0000",4.6,100,6.331223487854004,32.45219039916992,74.43456268310547
"2025-01-31 08:45:00.0000",4.5,100,7.24940824508667,37.08771896362305,93.48747253417969
"2025-01-31 09:00:00.0000",4.67,100,7.066885471343994,36.58381271362305,102.4129867553711
"2025-01-31 09:15:00.0000",4.89,100,7.4596757888793945,37.42048263549805,89.79727172851562
"2025-01-31 09:30:00.0000",4.95,100,7.527754306793213,37.67017364501953,81.65275573730469
"2025-01-31 09:45:00.0000",4.97,100,7.395527362823486,38.442535400390625,92.62273406982422
"2025-01-31 10:00:00.0000",5.01,100,7.73027229309082,41.217041015625,105.4358139038086
"2025-01-31 10:15:00.0000",4.95,100,7.827965259552002,41.112545013427734,96.9731674194336
"2025-01-31 10:30:00.0000",4.98,100,6.916231155395508,32.126922607421875,76.77771759033203
"2025-01-31 10:45:00.0000",5.15,99.69,6.8234477043151855,30.190589904785156,58.73896408081055
"2025-01-31 11:00:00.0000",5.41,99.36,6.08399772644043,30.084972381591797,69.63163757324219
"2025-01-31 11:15:00.0000",5.33,98.59,6.278022766113281,31.48217010498047,81.06241607666016
"2025-01-31 11:30:00.0000",5.35,98.71,8.251577377319336,32.43766784667969,92.19475555419922
"2025-01-31 11:45:00.0000",5.37,99.76,5.958865165710449,27.631271362304688,61.11166000366211
"2025-01-31 12:00:00.0000",7.33,94.22,5.726350784301758,27.300058364868164,81.24971771240234
"2025-01-31 12:15:00.0000",6.72,93.23,5.223235130310059,22.93421745300293,55.838035583496094
"2025-01-31 12:30:00.0000",6.05,94.44,5.675868988037109,26.842939376831055,87.84078216552734
"2025-01-31 12:45:00.0000",5.79,94.84,6.768833637237549,32.805973052978516,83.38436889648438
"2025-01-31 13:00:00.0000",5.64,96.52,6.494523525238037,28.22025489807129,60.773868560791016
"2025-01-31 13:15:00.0000",5.51,97.22,5.805359363555908,26.278474807739258,52.96869659423828
"2025-01-31 13:30:00.0000",5.61,97.38,6.159302711486816,28.34790802001953,60.797096252441406
"2025-01-31 13:45:00.0000",5.46,98.08,6.531757831573486,30.49388885498047,63.399253845214844
"2025-01-31 14:00:00.0000",5.3,98.76,6.99381685256958,33.51778793334961,72.5191421508789
"2025-01-31 14:15:00.0000",5.19,99.3,6.2137556076049805,26.25098419189453,48.37110137939453
"2025-01-31 14:30:00.0000",5.3,98.53,6.845677375793457,32.19588088989258,83.17717742919922
"2025-01-31 14:45:00.0000",5.38,98.46,6.675987243652344,32.100223541259766,76.18871307373047
"2025-01-31 15:00:00.0000",5.43,98.73,6.618523120880127,31.467876434326172,89.52210235595703
"2025-01-31 15:15:00.0000",5.39,98.3,6.650633811950684,31.474454879760742,75.73802185058594
"2025-01-31 15:30:00.0000",5.38,98.46,6.617057800292969,33.01493453979492,80.9239730834961
"2025-01-31 15:45:00.0000",5.08,99.21,6.088396072387695,27.81956672668457,54.27841567993164
"2025-01-31 16:00:00.0000",4.99,99.7,5.89010763168335,28.815946578979492,81.3689956665039
"2025-01-31 16:15:00.0000",4.96,99.34,6.085729122161865,27.88405418395996,65.43953704833984
"2025-01-31 16:30:00.0000",4.84,99.76,6.686550140380859,31.11407470703125,66.31002044677734
"2025-01-31 16:45:00.0000",4.68,99.95,6.663395881652832,27.14754867553711,66.27190399169922
"2025-01-31 17:00:00.0000",4.4,100,7.256153106689453,33.25072479248047,67.212646484375
"2025-01-31 17:15:00.0000",4.07,100,7.337452411651611,31.27985382080078,71.67344665527344
"2025-01-31 17:30:00.0000",3.85,100,7.84956169128418,33.2826042175293,78.64752960205078
"2025-01-31 17:45:00.0000",3.6,100,7.678350925445557,34.267539978027344,92.06261444091797
"2025-01-31 18:00:00.0000",3.43,100,12.012564659118652,37.31710433959961,83.20864868164062
"2025-01-31 18:15:00.0000",3.34,100,9.75093936920166,36.56293487548828,66.25843811035156
"2025-01-31 18:30:00.0000",3.3,100,9.875723838806152,36.78718185424805,77.05293273925781
"2025-01-31 18:45:00.0000",3.23,100,8.343870162963867,32.7664680480957,62.63188171386719
"2025-01-31 19:00:00.0000",2.97,100,8.975615501403809,37.02411651611328,70.38409423828125
"2025-01-31 19:15:00.0000",2.56,100,11.319820404052734,46.28273010253906,107.36676788330078
"2025-01-31 19:30:00.0000",2.26,100,11.499190330505371,44.56568145751953,110.6470947265625
"2025-01-31 19:45:00.0000",2.14,100,11.131073951721191,37.725624084472656,66.4089584350586
"2025-01-31 20:00:00.0000",2.05,100,10.434853553771973,36.97594451904297,64.18920135498047
"2025-01-31 20:15:00.0000",2,100,11.18740463256836,42.09138870239258,94.58464813232422
"2025-01-31 20:30:00.0000",2.18,100,10.21586799621582,42.020263671875,108.90597534179688
"2025-01-31 20:45:00.0000",2.4,100,11.321844100952148,38.616455078125,72.4811019897461
"2025-01-31 21:00:00.0000",2.42,100,11.013590812683105,41.841487884521484,87.68034362792969
"2025-01-31 21:15:00.0000",2.34,100,12.741338729858398,44.270179748535156,97.61604309082031
"2025-01-31 21:30:00.0000",2.36,100,12.664226531982422,44.73344039916992,107.33570098876953
"2025-01-31 21:45:00.0000",2.29,100,12.208052635192871,42.86560821533203,83.67422485351562
"2025-01-31 22:00:00.0000",2.41,100,11.386043548583984,39.79337692260742,72.06774139404297
"2025-01-31 22:15:00.0000",2.49,100,11.636422157287598,40.52906799316406,66.06501007080078
"2025-01-31 22:30:00.0000",2.56,100,10.6348295211792,40.50556945800781,86.24039459228516
"2025-01-31 22:45:00.0000",2.58,100,9.758323669433594,33.83713150024414,67.0846176147461
"2025-01-31 23:00:00.0000",2.61,100,10.996426582336426,40.011566162109375,83.06179809570312
"2025-01-31 23:15:00.0000",2.74,100,9.897979736328125,35.880035400390625,73.84484100341797
"2025-01-31 23:30:00.0000",2.82,100,10.066493034362793,39.9223747253418,81.68841552734375
"2025-01-31 23:45:00.0000",2.77,100,9.455806732177734,39.1166877746582,90.90135955810547
"2025-02-01 00:00:00.0000",2.85,100,9.408028602600098,38.19258117675781,90.00469207763672
"2025-02-01 00:15:00.0000",2.82,100,8.406893730163574,30.140426635742188,61.76042556762695
"2025-02-01 00:30:00.0000",2.9,100,9.99662971496582,37.517539978027344,73.3892593383789
"2025-02-01 00:45:00.0000",2.88,100,10.156111717224121,37.97552490234375,84.92304992675781
"2025-02-01 01:00:00.0000",2.88,100,7.969235897064209,32.35797882080078,60.03346252441406
"2025-02-01 01:15:00.0000",2.92,100,9.243114471435547,37.18531036376953,77.2699203491211
"2025-02-01 01:30:00.0000",2.92,100,10.429924011230469,41.60930252075195,86.46910095214844
"2025-02-01 01:45:00.0000",2.63,100,11.138030052185059,42.408870697021484,91.45755004882812
"2025-02-01 02:00:00.0000",2.59,100,9.930667877197266,39.63325500488281,101.31373596191406
"2025-02-01 02:15:00.0000",2.62,100,9.167238235473633,31.366233825683594,67.3576889038086
"2025-02-01 02:30:00.0000",2.53,100,7.839663505554199,29.809707641601562,74.2917251586914
"2025-02-01 02:45:00.0000",2.41,100,6.87316370010376,28.22709846496582,68.4187240600586
"2025-02-01 03:00:00.0000",2.33,100,6.167506694793701,20.452136993408203,36.948760986328125
"2025-02-01 03:15:00.0000",2.18,100,8.364049911499023,21.78994369506836,42.96617126464844
"2025-02-01 03:30:00.0000",2.05,100,11.898735046386719,20.35223960876465,31.160139083862305
"2025-02-01 03:45:00.0000",1.87,100,19.001232147216797,28.952617645263672,37.534976959228516
"2025-02-01 04:00:00.0000",1.75,100,20.784652709960938,29.11188316345215,37.816490173339844
"2025-02-01 04:15:00.0000",1.6,100,22.280982971191406,32.0693244934082,43.36770248413086
"2025-02-01 04:30:00.0000",1.42,100,22.840171813964844,31.674463272094727,40.59291458129883
"2025-02-01 04:45:00.0000",1.29,100,25.463226318359375,34.95637130737305,44.647377014160156
"2025-02-01 05:00:00.0000",1.15,100,26.67152214050293,38.07115173339844,43.518070220947266
"2025-02-01 05:15:00.0000",1.06,100,28.813331604003906,42.04378128051758,59.611793518066406
"2025-02-01 05:30:00.0000",0.96,100,29.793392181396484,42.41805648803711,47.95341873168945
"2025-02-01 05:45:00.0000",0.84,100,28.452978134155273,42.00792694091797,57.126216888427734
"2025-02-01 06:00:00.0000",0.67,100,26.30851173400879,36.473140716552734,40.16401672363281
"2025-02-01 06:15:00.0000",0.58,100,29.184799194335938,43.42021179199219,55.54503631591797
"2025-02-01 06:30:00.0000",0.5,100,26.001283645629883,38.59506607055664,51.21266174316406
"2025-02-01 06:45:00.0000",0.55,100,22.405582427978516,33.91941452026367,47.16985321044922
"2025-02-01 07:00:00.0000",0.64,100,19.13042449951172,30.50434684753418,39.67708969116211
"2025-02-01 07:15:00.0000",0.65,100,15.121536254882812,24.339176177978516,35.74104690551758
"2025-02-01 07:30:00.0000",0.68,100,12.023544311523438,22.188615798950195,33.73505783081055
"2025-02-01 07:45:00.0000",0.61,100,9.239014625549316,18.49168586730957,34.51607131958008
"2025-02-01 08:00:00.0000",0.57,100,6.605409622192383,16.156503677368164,28.941387176513672
"2025-02-01 08:15:00.0000",0.56,100,5.459261894226074,15.964125633239746,35.15692901611328
"2025-02-01 08:30:00.0000",0.63,100,5.301669597625732,14.671478271484375,26.143558502197266
"2025-02-01 08:45:00.0000",0.72,100,5.410649299621582,15.457147598266602,35.67281723022461
"2025-02-01 09:00:00.0000",0.8,100,4.346976280212402,14.867565155029297,29.911819458007812
"2025-02-01 09:15:00.0000",0.95,100,4.293981075286865,13.97353458404541,31.43682861328125
"2025-02-01 09:30:00.0000",1.14,100,3.8935580253601074,13.136262893676758,36.746700286865234
"2025-02-01 09:45:00.0000",1.42,100,3.3681421279907227,12.55925178527832,26.933269500732422
"2025-02-01 10:00:00.0000",1.72,100,3.459716558456421,13.32306957244873,35.203025817871094
"2025-02-01 10:15:00.0000",2.15,100,3.008913278579712,11.272051811218262,23.904130935668945
"2025-02-01 10:30:00.0000",4.2,95.2,2.9206788539886475,11.414036750793457,29.900617599487305
"2025-02-01 10:45:00.0000",6.02,87.57,2.782804012298584,10.717339515686035,24.95608139038086
"2025-02-01 11:00:00.0000",6.4,82.96,3.0377984046936035,11.154885292053223,31.642406463623047
"2025-02-01 11:15:00.0000",6.92,80.13,2.913320779800415,8.81113052368164,22.506738662719727
"2025-02-01 11:30:00.0000",6.6,78.59,2.8644042015075684,11.323156356811523,34.966304779052734
"2025-02-01 11:45:00.0000",6.91,79.15,3.2573933601379395,10.431119918823242,26.133928298950195
"2025-02-01 12:00:00.0000",6.7,78.35,3.441936731338501,11.358654022216797,29.60043716430664
"2025-02-01 12:15:00.0000",7.66,77.03,3.1427273750305176,7.949875354766846,16.207754135131836
"2025-02-01 12:30:00.0000",7.59,74.33,3.6840362548828125,8.855545997619629,27.815654754638672
"2025-02-01 12:45:00.0000",7.51,75.15,4.406193256378174,9.166157722473145,15.69092845916748
"2025-02-01 13:00:00.0000",6.18,80.04,3.728437662124634,7.9047112464904785,14.915241241455078
"2025-02-01 13:15:00.0000",6.01,79.55,4.557474613189697,9.447778701782227,15.201351165771484
"2025-02-01 13:30:00.0000",5.97,81.5,3.9244306087493896,7.567571640014648,14.926548957824707
"2025-02-01 13:45:00.0000",6.45,80.01,4.174559593200684,7.85648250579834,16.485755920410156
"2025-02-01 14:00:00.0000",7.64,74.95,3.481963634490967,6.75969123840332,18.310508728027344
"2025-02-01 14:15:00.0000",9.06,70.31,3.3992815017700195,6.607125759124756,17.532320022583008
"2025-02-01 14:30:00.0000",7.98,71.91,3.0232808589935303,5.953968524932861,14.082352638244629
"2025-02-01 14:45:00.0000",7.09,75.15,3.2736027240753174,6.796064853668213,18.982280731201172
"2025-02-01 15:00:00.0000",6.32,79.27,3.2274270057678223,6.636829376220703,18.697507858276367
"2025-02-01 15:15:00.0000",6.99,77.4,2.841033935546875,4.602651596069336,9.633899688720703
"2025-02-01 15:30:00.0000",6.72,76.96,2.788250684738159,6.1349616050720215,20.665851593017578
"2025-02-01 15:45:00.0000",6.63,77.26,2.9483840465545654,5.863948822021484,14.817925453186035
"2025-02-01 16:00:00.0000",5.39,79.9,2.8591625690460205,6.264148235321045,15.871057510375977
"2025-02-01 16:15:00.0000",4.76,83.02,3.1395134925842285,6.762299537658691,17.18215560913086
"2025-02-01 16:30:00.0000",4.12,85.96,3.0577540397644043,4.748620986938477,11.51565170288086
"2025-02-01 16:45:00.0000",3.68,88.98,3.1415278911590576,5.442706108093262,12.781414031982422
"2025-02-01 17:00:00.0000",3.3,90.93,3.2188196182250977,5.194082260131836,8.252519607543945
"2025-02-01 17:15:00.0000",3.1,91.15,3.1087751388549805,5.498307228088379,13.29042911529541
"2025-02-01 17:30:00.0000",2.91,91.85,3.409465789794922,5.434350967407227,11.355443000793457
"2025-02-01 17:45:00.0000",2.75,93.22,3.5121266841888428,5.600087642669678,11.395812034606934
"2025-02-01 18:00:00.0000",2.75,93.46,3.5940353870391846,5.537166595458984,9.945535659790039
"2025-02-01 18:15:00.0000",2.65,93.82,3.4634461402893066,5.945821762084961,9.910395622253418
"2025-02-01 18:30:00.0000",2.65,93.58,3.6167285442352295,6.375397682189941,16.141170501708984
"2025-02-01 18:45:00.0000",2.62,94.03,3.570817232131958,5.67161226272583,9.951456069946289
"2025-02-01 19:00:00.0000",2.64,94.48,3.2054145336151123,5.644350528717041,17.70843505859375
"2025-02-01 19:15:00.0000",2.63,94.7,3.024940013885498,5.408634185791016,14.173578262329102
"2025-02-01 19:30:00.0000",2.7,94.31,4.177269458770752,6.839864730834961,12.157151222229004
"2025-02-01 19:45:00.0000",2.7,94.74,3.1748533248901367,5.507113933563232,12.146484375
"2025-02-01 20:00:00.0000",2.62,94.7,2.233010768890381,3.893479108810425,10.031246185302734
"2025-02-01 20:15:00.0000",2.55,94.86,1.7855618000030518,3.4561049938201904,8.470311164855957
"2025-02-01 20:30:00.0000",2.52,94.49,2.165048122406006,3.984194040298462,12.095170021057129
"2025-02-01 20:45:00.0000",2.46,94.67,6.567819118499756,10.996005058288574,16.497295379638672
"2025-02-01 21:00:00.0000",2.4,95.21,1.6313515901565552,3.399813413619995,7.18204927444458
"2025-02-01 21:15:00.0000",2.44,95.13,1.971152663230896,4.163149833679199,15.128877639770508
"2025-02-01 21:30:00.0000",2.44,95.42,2.0742340087890625,3.9553263187408447,7.3918023109436035
"2025-02-01 21:45:00.0000",2.35,96.1,1.8389326333999634,3.5847136974334717,10.568208694458008
"2025-02-01 22:00:00.0000",2.37,95.98,1.759290337562561,3.0840320587158203,7.262632846832275
"2025-02-01 22:15:00.0000",2.36,95.93,1.8086446523666382,3.7136642932891846,9.074204444885254
"2025-02-01 22:30:00.0000",2.4,96.07,1.953503966331482,4.191884994506836,16.090538024902344
"2025-02-01 22:45:00.0000",2.48,96.09,2.0699987411499023,4.223509788513184,9.845130920410156
"2025-02-01 23:00:00.0000",2.55,95.95,1.92457914352417,3.5268003940582275,6.822722911834717
"2025-02-01 23:15:00.0000",2.67,95.39,2.0417778491973877,3.9118125438690186,10.144491195678711
"2025-02-01 23:30:00.0000",2.72,95.36,2.583355665206909,4.555063724517822,8.946059226989746
"2025-02-01 23:45:00.0000",2.73,95.79,2.9710049629211426,5.052425861358643,9.01486587524414
"2025-02-02 00:00:00.0000",2.75,96.5,2.7480831146240234,5.314024448394775,11.27519416809082
"2025-02-02 00:15:00.0000",2.81,96.24,2.631483316421509,4.547436714172363,7.677374362945557
"2025-02-02 00:30:00.0000",2.92,96.08,3.2390007972717285,5.912750720977783,10.803760528564453
"2025-02-02 00:45:00.0000",2.95,97.4,4.216376304626465,8.155242919921875,16.91457748413086
"2025-02-02 01:00:00.0000",3,99.71,4.799408912658691,8.580121040344238,27.494077682495117
"2025-02-02 01:15:00.0000",2.83,100,4.402140140533447,7.9658284187316895,14.687921524047852
"2025-02-02 01:30:00.0000",2.96,100,4.442137718200684,8.054768562316895,18.03618812561035
"2025-02-02 01:45:00.0000",2.97,100,3.0765647888183594,6.410440444946289,13.749519348144531
"2025-02-02 02:00:00.0000",3.03,99.8,2.860231876373291,6.348971366882324,14.483202934265137
"2025-02-02 02:15:00.0000",3.11,99.22,3.307945489883423,7.255254745483398,14.725502014160156
"2025-02-02 02:30:00.0000",3.03,99.52,3.0281717777252197,5.99818754196167,10.406259536743164
"2025-02-02 02:45:00.0000",3.07,99.15,2.9939005374908447,6.084338665008545,12.11621379852295
"2025-02-02 03:00:00.0000",3.02,99.21,3.107113838195801,5.95921516418457,11.927248001098633
"2025-02-02 03:15:00.0000",2.96,99.79,3.0808169841766357,5.574456691741943,9.48681926727295
"2025-02-02 03:30:00.0000",2.9,99.99,3.009897232055664,5.618587493896484,12.133647918701172
"2025-02-02 03:45:00.0000",2.87,99.59,3.0945210456848145,5.713628768920898,11.616329193115234
"2025-02-02 04:00:00.0000",2.78,99.83,2.474541187286377,4.370902061462402,9.669360160827637
"2025-02-02 04:15:00.0000",2.74,98.85,2.7894699573516846,5.491186141967773,13.29741096496582
"2025-02-02 04:30:00.0000",2.72,98.79,2.9697372913360596,4.686588764190674,7.674960613250732
"2025-02-02 04:45:00.0000",2.57,99.65,2.7286376953125,4.6056227684021,9.005756378173828
"2025-02-02 05:00:00.0000",2.54,99.92,2.763530731201172,4.704686641693115,8.268758773803711
"2025-02-02 05:15:00.0000",2.52,99.93,2.430759906768799,4.507018566131592,11.365757942199707
"2025-02-02 05:30:00.0000",2.55,99.67,1.9406002759933472,3.3293392658233643,6.823341369628906
"2025-02-02 05:45:00.0000",2.46,99.22,2.2824668884277344,4.013177394866943,6.816264629364014
"2025-02-02 06:00:00.0000",2.37,99.02,2.7330257892608643,4.702697277069092,9.147175788879395
"2025-02-02 06:15:00.0000",2.33,99.32,3.0234532356262207,4.918856143951416,9.160271644592285
"2025-02-02 06:30:00.0000",2.23,99.63,2.9978322982788086,5.009367942810059,12.965044021606445
"2025-02-02 06:45:00.0000",2.14,99.89,2.6420254707336426,4.365991592407227,10.331265449523926
"2025-02-02 07:00:00.0000",2.06,99.94,2.6907856464385986,4.016320705413818,12.57813835144043
"2025-02-02 07:15:00.0000",2.01,99.95,3.0234384536743164,4.566747188568115,8.775897979736328
"2025-02-02 07:30:00.0000",1.99,100,2.9364171028137207,4.295718669891357,7.83840274810791
"2025-02-02 07:45:00.0000",1.94,100,2.8232312202453613,4.772324562072754,8.489399909973145
"2025-02-02 08:00:00.0000",1.87,100,2.5942330360412598,4.29875373840332,9.348999977111816
"2025-02-02 08:15:00.0000",1.78,100,2.185177803039551,3.890040397644043,9.021062850952148
"2025-02-02 08:30:00.0000",1.85,100,1.915574073791504,3.2944047451019287,9.047560691833496
"2025-02-02 08:45:00.0000",2.01,99.43,2.0479543209075928,3.8047714233398438,7.731778144836426
"2025-02-02 09:00:00.0000",2.19,98.24,1.617086410522461,3.233273506164551,13.344538688659668
"2025-02-02 09:15:00.0000",2.43,97.21,1.702898621559143,3.142953395843506,8.410906791687012
"2025-02-02 09:30:00.0000",2.71,95.93,1.661003828048706,2.87129282951355,8.81932258605957
"2025-02-02 09:45:00.0000",2.87,94.97,1.656969666481018,3.870328903198242,19.0458927154541
"2025-02-02 10:00:00.0000",3.29,93.24,1.557538390159607,3.6458466053009033,11.102349281311035
"2025-02-02 10:15:00.0000",3.75,91.54,1.4987375736236572,4.266005516052246,16.695035934448242
"2025-02-02 10:30:00.0000",4.39,89.35,1.4510154724121094,4.626501560211182,20.605810165405273
"2025-02-02 10:45:00.0000",5.74,84.01,1.369389295578003,3.586808443069458,13.716562271118164
"2025-02-02 11:00:00.0000",5.87,81.45,1.5807229280471802,3.57051944732666,22.057004928588867
"2025-02-02 11:15:00.0000",5.21,83.99,1.5357227325439453,3.999784231185913,9.77902603149414
"2025-02-02 11:30:00.0000",4.43,87.33,1.586642861366272,5.287711143493652,17.511463165283203
"2025-02-02 11:45:00.0000",4.48,87.48,1.5263590812683105,4.498412132263184,11.960097312927246
"2025-02-02 12:00:00.0000",4.24,89.75,1.7054394483566284,3.3729448318481445,12.998656272888184
"2025-02-02 12:15:00.0000",4.08,94.4,1.856607437133789,7.434215545654297,36.627010345458984
"2025-02-02 12:30:00.0000",4.23,92.69,1.7865911722183228,5.901176929473877,23.00629997253418
"2025-02-02 12:45:00.0000",4.91,91.27,1.343614101409912,4.010185718536377,11.453497886657715
"2025-02-02 13:00:00.0000",5.1,90.08,1.5356682538986206,3.7241437435150146,12.538283348083496
"2025-02-02 13:15:00.0000",6.31,84.78,1.7911629676818848,5.9915595054626465,29.599267959594727
"2025-02-02 13:30:00.0000",6.19,83.44,1.5402828454971313,4.292654991149902,18.279632568359375
"2025-02-02 13:45:00.0000",5.31,86.68,1.9456188678741455,4.936246871948242,19.90715789794922
"2025-02-02 14:00:00.0000",5.08,88.84,1.6157515048980713,3.7744088172912598,11.06424331665039
"2025-02-02 14:15:00.0000",5.04,89.21,1.5178276300430298,3.6911752223968506,8.519759178161621
"2025-02-02 14:30:00.0000",4.79,93.85,1.8832242488861084,4.7393107414245605,15.378325462341309
"2025-02-02 14:45:00.0000",4.43,98.15,1.9683769941329956,4.154094219207764,9.022417068481445
"2025-02-02 15:00:00.0000",4.19,100,2.8613176345825195,5.380904197692871,12.999443054199219
"2025-02-02 15:15:00.0000",4.13,100,2.188297986984253,4.638219356536865,9.345061302185059
"2025-02-02 15:30:00.0000",4.15,100,2.053189516067505,4.340071678161621,9.509957313537598
"2025-02-02 15:45:00.0000",3.93,100,2.135110378265381,5.1912994384765625,12.729722023010254
"2025-02-02 16:00:00.0000",3.94,100,2.7517549991607666,5.16985559463501,9.855480194091797
"2025-02-02 16:15:00.0000",3.95,100,2.6638224124908447,6.24984884262085,22.02647590637207
"2025-02-02 16:30:00.0000",3.96,100,3.0337281227111816,6.410671234130859,20.74440574645996
"2025-02-02 16:45:00.0000",3.9,100,3.284877300262451,6.644253730773926,14.226653099060059
"2025-02-02 17:00:00.0000",3.85,100,3.5028603076934814,6.612097263336182,17.961992263793945
"2025-02-02 17:15:00.0000",3.75,100,3.9380407333374023,7.489031791687012,13.844769477844238
"2025-02-02 17:30:00.0000",3.74,100,4.2830586433410645,8.735316276550293,27.914207458496094
"2025-02-02 17:45:00.0000",3.77,100,4.173481464385986,6.825799942016602,18.351425170898438
"2025-02-02 18:00:00.0000",3.84,100,4.141968250274658,7.328212261199951,13.824596405029297
"2025-02-02 18:15:00.0000",3.87,100,4.603352069854736,7.591883182525635,12.465306282043457
"2025-02-02 18:30:00.0000",3.84,100,4.933329105377197,8.017691612243652,23.330907821655273
"2025-02-02 18:45:00.0000",3.88,100,4.173086166381836,7.432011604309082,12.825722694396973
"2025-02-02 19:00:00.0000",3.98,100,3.598801612854004,6.806836128234863,14.200544357299805
"2025-02-02 19:15:00.0000",4.05,100,3.359537124633789,6.678041934967041,16.59246826171875
"2025-02-02 19:30:00.0000",4.1,100,3.3387773036956787,6.279425144195557,20.182958602905273
"2025-02-02 19:45:00.0000",4.13,100,2.883943557739258,5.917867183685303,12.610299110412598
"2025-02-02 20:00:00.0000",4.15,100,3.145981788635254,5.517098903656006,11.26681137084961
"2025-02-02 20:15:00.0000",4.16,100,3.082150459289551,6.038603782653809,14.467755317687988
"2025-02-02 20:30:00.0000",4,100,3.3144888877868652,7.428669452667236,16.731359481811523
"2025-02-02 20:45:00.0000",3.97,100,3.287109136581421,6.773556232452393,24.924190521240234
"2025-02-02 21:00:00.0000",3.87,100,3.612492561340332,7.488503456115723,17.972837448120117
"2025-02-02 21:15:00.0000",3.59,100,3.7514355182647705,7.3611884117126465,14.30263614654541
"2025-02-02 21:30:00.0000",3.37,100,3.972440242767334,7.650834083557129,15.298901557922363
"2025-02-02 21:45:00.0000",3.27,100,3.6628687381744385,7.251628398895264,15.456899642944336
"2025-02-02 22:00:00.0000",3.18,100,3.133775234222412,6.469490051269531,12.029173851013184
"2025-02-02 22:15:00.0000",3.06,100,3.359193801879883,6.307657718658447,10.439698219299316
"2025-02-02 22:30:00.0000",3.04,100,3.4121057987213135,6.36182165145874,11.740863800048828
"2025-02-02 22:45:00.0000",3.14,100,3.3623287677764893,6.974971294403076,15.713294982910156
"2025-02-02 23:00:00.0000",3.2,100,3.568967580795288,7.600345134735107,16.721630096435547
"2025-02-02 23:15:00.0000",3.33,100,3.000802993774414,6.796365737915039,15.308160781860352
"2025-02-02 23:30:00.0000",3.44,100,3.422053575515747,6.434507846832275,14.258360862731934
"2025-02-02 23:45:00.0000",3.36,100,3.4395909309387207,7.76769495010376,20.527523040771484
"2025-02-03 00:00:00.0000",3.3,100,3.3841185569763184,6.116916179656982,12.354442596435547
"2025-02-03 00:15:00.0000",3.25,100,3.2013285160064697,5.941263675689697,9.115335464477539
"2025-02-03 00:30:00.0000",3.3,100,2.613889694213867,4.88939905166626,12.280486106872559
"2025-02-03 00:45:00.0000",3.31,100,2.903991937637329,5.8973388671875,15.42225170135498
"2025-02-03 01:00:00.0000",3.35,100,2.9362852573394775,5.806515693664551,15.586509704589844
"2025-02-03 01:15:00.0000",3.38,100,2.98221492767334,5.336209774017334,13.217864036560059
"2025-02-03 01:30:00.0000",3.44,100,2.949232816696167,5.808545112609863,11.228936195373535
"2025-02-03 01:45:00.0000",3.42,100,3.571319580078125,7.05126428604126,17.289993286132812
"2025-02-03 02:00:00.0000",3.47,100,3.3746330738067627,6.3590989112854,10.751595497131348
"2025-02-03 02:15:00.0000",3.58,100,3.3345580101013184,5.746114730834961,10.255208969116211
"2025-02-03 02:30:00.0000",3.62,100,3.0896244049072266,5.3699822425842285,11.972455978393555
"2025-02-03 02:45:00.0000",3.58,100,2.425924301147461,4.385546684265137,8.686417579650879
"2025-02-03 03:00:00.0000",3.81,100,2.691530466079712,4.372476577758789,8.024412155151367
"2025-02-03 03:15:00.0000",3.72,100,2.686030626296997,5.303815841674805,10.8816556930542
"2025-02-03 03:30:00.0000",3.68,100,3.1177213191986084,5.401444911956787,8.94403076171875
"2025-02-03 03:45:00.0000",3.36,100,3.2406749725341797,5.208445072174072,11.296391487121582
"2025-02-03 04:00:00.0000",3.14,100,3.4207797050476074,5.8237433433532715,11.58167839050293
"2025-02-03 04:15:00.0000",2.88,100,2.7610342502593994,5.007254123687744,9.321001052856445
"2025-02-03 04:30:00.0000",2.78,100,3.2195310592651367,6.27079439163208,11.5277738571167
"2025-02-03 04:45:00.0000",2.65,100,3.0335533618927,5.326220512390137,9.989714622497559
"2025-02-03 05:00:00.0000",2.66,100,3.154099702835083,5.334274768829346,10.533970832824707
"2025-02-03 05:15:00.0000",2.57,100,3.1124632358551025,5.045713901519775,9.956732749938965
"2025-02-03 05:30:00.0000",2.53,100,3.141941785812378,5.564037322998047,10.281316757202148
"2025-02-03 05:45:00.0000",2.42,100,2.864525556564331,4.515389442443848,11.112228393554688
"2025-02-03 06:00:00.0000",2.38,100,2.7263009548187256,4.350191116333008,7.185474395751953
"2025-02-03 06:15:00.0000",2.34,100,3.0751867294311523,4.436285495758057,9.99225902557373
"2025-02-03 06:30:00.0000",2.29,100,3.2758657932281494,4.944664478302002,7.977320194244385
"2025-02-03 06:45:00.0000",2.17,100,3.3889873027801514,5.255742073059082,9.547758102416992
"2025-02-03 07:00:00.0000",2.1,100,2.935081958770752,4.234000205993652,7.4254469871521
"2025-02-03 07:15:00.0000",2.1,100,2.7983150482177734,3.83613657951355,6.385180950164795
"2025-02-03 07:30:00.0000",2.07,100,2.8527565002441406,4.140441417694092,7.028029918670654
"2025-02-03 07:45:00.0000",2.21,100,2.901256561279297,5.35311222076416,9.993824005126953
"2025-02-03 08:00:00.0000",2.23,100,2.6503729820251465,3.7762348651885986,6.190822601318359
"2025-02-03 08:15:00.0000",2.25,100,3.0498712062835693,4.380137920379639,7.766455173492432
"2025-02-03 08:30:00.0000",2.21,100,2.8292763233184814,4.13950252532959,8.001304626464844
"2025-02-03 08:45:00.0000",2.32,100,2.7703659534454346,4.325735092163086,11.433300971984863
"2025-02-03 09:00:00.0000",2.53,100,2.863929033279419,4.13120174407959,6.913962364196777
"2025-02-03 09:15:00.0000",2.74,100,2.314527988433838,3.305623769760132,6.2662224769592285
"2025-02-03 09:30:00.0000",2.95,100,2.1382365226745605,3.639353036880493,6.639978408813477
"2025-02-03 09:45:00.0000",3.21,100,1.8943763971328735,3.755141019821167,8.64176082611084
"2025-02-03 10:00:00.0000",3.65,100,1.3777185678482056,2.466254949569702,7.770503997802734
"2025-02-03 10:15:00.0000",4.17,100,1.1404632329940796,2.5414724349975586,11.120979309082031
"2025-02-03 10:30:00.0000",6.11,96.76,1.2351950407028198,3.4691672325134277,33.78047180175781
"2025-02-03 10:45:00.0000",6.92,92.6,0.6605098247528076,2.2365312576293945,14.209181785583496
"2025-02-03 11:00:00.0000",8.68,81.85,1.0797404050827026,4.718910217285156,19.032262802124023
"2025-02-03 11:15:00.0000",9.84,77.11,0.7785956859588623,4.287667751312256,24.21507453918457
"2025-02-03 11:30:00.0000",9.81,73.59,0.851510226726532,4.2962646484375,20.84474754333496
"2025-02-03 11:45:00.0000",8.06,75.51,0.9475939273834229,4.927648544311523,27.396730422973633
"2025-02-03 12:00:00.0000",6.52,80.3,0.9079227447509766,3.026183843612671,12.67681884765625
"2025-02-03 12:15:00.0000",7.17,82.08,0.8262879252433777,3.861901044845581,12.860944747924805
"2025-02-03 12:30:00.0000",8.32,79.09,0.9995225667953491,3.3774831295013428,16.485424041748047
"2025-02-03 12:45:00.0000",8.2,81.99,0.9003809094429016,2.8241231441497803,9.566574096679688
"2025-02-03 13:00:00.0000",8.1,82.03,0.8905998468399048,4.372897148132324,29.28179359436035
"2025-02-03 13:15:00.0000",7.88,80.24,1.5992131233215332,10.258402824401855,64.1476821899414
"2025-02-03 13:30:00.0000",8.35,79.98,1.0711801052093506,4.516530990600586,14.348588943481445
"2025-02-03 13:45:00.0000",8.82,78.8,1.087426781654358,5.7677998542785645,17.644088745117188
"2025-02-03 14:00:00.0000",9.51,75.04,1.221544623374939,5.18233585357666,18.183141708374023
"2025-02-03 14:15:00.0000",9.58,75.6,1.1024569272994995,5.233019828796387,14.024677276611328
"2025-02-03 14:30:00.0000",7.99,82.13,1.1346310377120972,5.953526973724365,21.741729736328125
"2025-02-03 14:45:00.0000",8.25,81.31,1.445479393005371,7.0437750816345215,27.034914016723633
"2025-02-03 15:00:00.0000",8.18,81.78,1.4811984300613403,7.908905029296875,30.362993240356445
"2025-02-03 15:15:00.0000",8.68,80.8,1.2830010652542114,6.076303005218506,13.900081634521484
"2025-02-03 15:30:00.0000",8.38,82.57,1.258747935295105,4.999868869781494,14.492197036743164
"2025-02-03 15:45:00.0000",7.6,86.32,1.2466884851455688,4.883701324462891,14.384160041809082
"2025-02-03 16:00:00.0000",7.23,88.06,1.3919010162353516,6.2192511558532715,19.80585479736328
"2025-02-03 16:15:00.0000",7.32,88.23,1.4480193853378296,6.459988117218018,21.12627601623535
"2025-02-03 16:30:00.0000",6.98,90.52,1.7485207319259644,7.494194030761719,28.06311798095703
"2025-02-03 16:45:00.0000",6.71,92.58,1.6403175592422485,7.645137310028076,27.928211212158203
"2025-02-03 17:00:00.0000",6.6,92.99,1.3011703491210938,5.484503269195557,14.738476753234863
"2025-02-03 17:15:00.0000",6.39,93.59,2.313988208770752,8.166327476501465,26.67728614807129
"2025-02-03 17:45:00.0000",10.8,92.85,1.5836035013198853,7.101571083068848,20.620878219604492
"2025-02-03 18:00:00.0000",10.21,95.07,1.4169912338256836,5.763360023498535,14.677239418029785
"2025-02-03 18:15:00.0000",10.19,95.15,1.6053745746612549,7.412323951721191,25.583843231201172
"2025-02-03 18:30:00.0000",10.24,94.67,1.7013171911239624,8.135003089904785,25.731210708618164
"2025-02-03 18:45:00.0000",10.14,94.66,1.833699345588684,8.763138771057129,37.301326751708984
"2025-02-03 19:00:00.0000",10.08,94.34,1.7470303773880005,7.45252799987793,17.36615562438965
"2025-02-03 19:15:00.0000",10.13,93.5,1.8139827251434326,8.639780044555664,18.01315689086914
"2025-02-03 19:30:00.0000",10.12,93.61,1.76681387424469,7.9958930015563965,23.375656127929688
"2025-02-03 19:45:00.0000",10.31,93.56,1.9178118705749512,8.270524024963379,17.893077850341797
"2025-02-03 20:00:00.0000",10.25,93.69,1.744631290435791,9.087933540344238,20.53425407409668
"2025-02-03 20:15:00.0000",10.33,93.47,1.9360873699188232,8.971148490905762,17.68661117553711
"2025-02-03 20:30:00.0000",10.35,93.48,2.244126081466675,10.274409294128418,24.51129913330078
"2025-02-03 20:45:00.0000",10.2,94.09,2.0561816692352295,10.382436752319336,21.719928741455078
"2025-02-03 21:00:00.0000",10.07,94.97,1.848973274230957,8.827193260192871,21.31975746154785
"2025-02-03 21:15:00.0000",10.22,94.75,1.885031819343567,8.738443374633789,24.254817962646484
"2025-02-03 21:30:00.0000",10.23,94.78,1.827202320098877,8.635211944580078,17.450273513793945
"2025-02-03 21:45:00.0000",10.18,94.91,1.9380147457122803,9.85524845123291,20.49049949645996
"2025-02-03 22:00:00.0000",10.38,94.17,1.9608875513076782,10.307705879211426,28.37796401977539
"2025-02-03 22:15:00.0000",10.38,94.25,2.4332773685455322,11.00916576385498,23.059194564819336
"2025-02-03 22:30:00.0000",9.94,95.94,1.7901211977005005,8.824315071105957,21.728164672851562
"2025-02-03 22:45:00.0000",9.97,96.18,1.6179510354995728,9.442790985107422,31.504579544067383
"2025-02-03 23:00:00.0000",10.12,95.6,1.8669791221618652,9.463275909423828,24.11628532409668
"2025-02-03 23:15:00.0000",10.22,95.08,1.8905593156814575,8.768033981323242,21.598705291748047
"2025-02-03 23:30:00.0000",10.11,95.4,1.8137032985687256,8.726292610168457,28.05113983154297
"2025-02-03 23:45:00.0000",9.96,96.33,2.1093785762786865,10.612690925598145,30.550479888916016
"2025-02-04 00:00:00.0000",9.89,97.21,1.9652292728424072,9.611875534057617,22.856708526611328
"2025-02-04 00:15:00.0000",9.81,97.62,1.7118674516677856,9.406682014465332,25.239192962646484
"2025-02-04 00:30:00.0000",9.72,97.66,1.7780523300170898,8.507140159606934,21.175914764404297
"2025-02-04 00:45:00.0000",9.57,98.26,1.4869897365570068,6.954365253448486,17.214336395263672
"2025-02-04 01:00:00.0000",9.51,98.43,1.6863752603530884,8.623004913330078,16.266948699951172
"2025-02-04 01:15:00.0000",9.4,99.36,1.1639955043792725,5.842852592468262,13.403837203979492
"2025-02-04 01:30:00.0000",10,97.93,1.2862228155136108,6.420434474945068,14.244647979736328
"2025-02-04 01:45:00.0000",10.13,97.65,0.926472544670105,5.134398460388184,13.793675422668457
"2025-02-04 02:00:00.0000",10.16,98.06,1.0018166303634644,4.871006011962891,14.419405937194824
"2025-02-04 02:15:00.0000",10.24,98.18,0.9536197185516357,3.9614038467407227,9.124750137329102
"2025-02-04 02:30:00.0000",10.16,98.76,1.0237302780151367,4.852169990539551,10.486610412597656
"2025-02-04 02:45:00.0000",10.15,98.64,0.9093208909034729,4.470653533935547,12.677777290344238
"2025-02-04 03:00:00.0000",10.13,98.58,0.9474145174026489,4.941766738891602,12.134871482849121
"2025-02-04 03:15:00.0000",10.26,97.51,1.0546460151672363,4.682528495788574,10.547429084777832
"2025-02-04 03:30:00.0000",10.4,96.33,1.0073425769805908,4.960582256317139,12.603452682495117
"2025-02-04 03:45:00.0000",10.55,95.19,0.999077558517456,4.746449947357178,10.673693656921387
"2025-02-04 04:00:00.0000",10.49,94.9,1.0248162746429443,5.168614864349365,13.874347686767578
"2025-02-04 04:15:00.0000",10.75,93.63,1.1153366565704346,4.794880390167236,11.877890586853027
"2025-02-04 04:30:00.0000",10.89,92.98,0.9337065815925598,4.75137996673584,13.337532997131348
"2025-02-04 04:45:00.0000",10.99,92.4,0.8937448859214783,4.0756611824035645,15.812589645385742
"2025-02-04 05:00:00.0000",11.05,92.12,0.8267854452133179,4.005112648010254,11.661110877990723
"2025-02-04 05:15:00.0000",11.01,92.16,0.7886072993278503,3.179119825363159,9.124452590942383
"2025-02-04 05:30:00.0000",10.96,92.29,0.9589009284973145,4.1665568351745605,9.949662208557129
"2025-02-04 05:45:00.0000",10.9,92.44,0.8501561284065247,4.1144609451293945,8.411002159118652
"2025-02-04 06:00:00.0000",11.13,91.45,0.8857200145721436,5.687386989593506,18.557226181030273
"2025-02-04 06:15:00.0000",11.13,91.21,1.1702066659927368,6.3305487632751465,13.95712661743164
"2025-02-04 06:30:00.0000",11.04,91.36,1.2227089405059814,6.76033353805542,17.822702407836914
"2025-02-04 06:45:00.0000",10.88,91.75,1.3510860204696655,7.592202186584473,22.85777473449707
"2025-02-04 07:00:00.0000",10.81,91.55,1.4654871225357056,6.344135761260986,15.959824562072754
"2025-02-04 07:15:00.0000",10.76,91.94,1.3282321691513062,5.3831353187561035,11.764860153198242
"2025-02-04 07:30:00.0000",10.67,92.19,1.3475983142852783,6.210507869720459,13.788154602050781
"2025-02-04 07:45:00.0000",10.73,92.05,1.445451021194458,7.379345417022705,29.268325805664062
"2025-02-04 08:00:00.0000",10.76,92.04,1.45891273021698,6.978060722351074,17.03514289855957
"2025-02-04 08:15:00.0000",10.92,91.78,1.6815935373306274,7.5148725509643555,17.579862594604492
"2025-02-04 08:30:00.0000",11.3,90.92,1.3311052322387695,6.688472747802734,27.37688636779785
"2025-02-04 08:45:00.0000",11.48,90.19,1.3677549362182617,6.796084880828857,25.667673110961914
"2025-02-04 09:00:00.0000",11.45,90.81,1.3329182863235474,5.684418678283691,11.915426254272461
"2025-02-04 09:15:00.0000",11.18,92.13,1.2122188806533813,4.607922077178955,12.928316116333008
"2025-02-04 09:30:00.0000",11.06,93.39,1.6408218145370483,6.679019451141357,16.644359588623047
"2025-02-04 09:45:00.0000",10.87,94.91,1.4976600408554077,5.995214939117432,17.214975357055664
"2025-02-04 10:00:00.0000",10.86,95.38,1.3005690574645996,5.109172344207764,12.668113708496094
"2025-02-04 10:15:00.0000",10.75,96.1,1.3335727453231812,6.446248531341553,17.802980422973633
"2025-02-04 10:30:00.0000",10.89,96.68,1.321249008178711,5.833772659301758,11.269712448120117
"2025-02-04 10:45:00.0000",10.82,98.14,1.1249346733093262,4.644373416900635,11.555061340332031
"2025-02-04 11:00:00.0000",10.35,100,1.0130373239517212,3.6414432525634766,7.488622665405273
"2025-02-04 11:15:00.0000",10.16,100,0.9427977800369263,5.264222621917725,19.176576614379883
"2025-02-04 11:30:00.0000",10.08,100,0.7486693263053894,3.2213542461395264,8.465201377868652
"2025-02-04 11:45:00.0000",10.32,100,0.6202625036239624,2.265876293182373,5.383705139160156
"2025-02-04 12:00:00.0000",10.8,100,0.5455256700515747,1.7454564571380615,5.294535160064697
"2025-02-04 12:15:00.0000",11.02,100,0.5582887530326843,1.2209302186965942,4.315500736236572
"2025-02-04 12:30:00.0000",11.19,100,1.0622422695159912,5.1487040519714355,13.25146484375
"2025-02-04 12:45:00.0000",10.1,100,1.285772681236267,7.5377702713012695,17.9888858795166
"2025-02-04 13:00:00.0000",8.54,100,1.1923209428787231,5.787605285644531,13.480720520019531
"2025-02-04 13:15:00.0000",8.51,100,1.3708263635635376,7.377315044403076,20.375967025756836
"2025-02-04 13:30:00.0000",8.7,100,1.0475504398345947,4.321420192718506,10.518081665039062
"2025-02-04 13:45:00.0000",9.35,99.95,1.162453055381775,4.886112213134766,10.789306640625
"2025-02-04 14:00:00.0000",10.02,97.22,1.7047371864318848,3.979358196258545,7.794024467468262
"2025-02-04 14:15:00.0000",10.28,93.98,0.7496331930160522,2.970468521118164,8.61437702178955
"2025-02-04 14:30:00.0000",10.38,89.08,1.111114263534546,4.239802837371826,10.857069969177246
"2025-02-04 14:45:00.0000",10.59,87.66,0.8687424659729004,3.122513771057129,9.222954750061035
"2025-02-04 15:00:00.0000",10.83,87.15,0.9896666407585144,3.991651773452759,8.540181159973145
"2025-02-04 15:15:00.0000",11.18,86.82,1.0532937049865723,5.3421854972839355,15.46703815460205
"2025-02-04 15:30:00.0000",11.82,84.69,1.6380900144577026,7.930051326751709,18.538850784301758
"2025-02-04 15:45:00.0000",11.97,82.87,2.205080270767212,9.657721519470215,33.55122756958008
"2025-02-04 16:00:00.0000",11.99,83.36,2.8196349143981934,13.011120796203613,28.570070266723633
"2025-02-04 16:15:00.0000",11.17,85.69,2.7116212844848633,11.860031127929688,24.17636489868164
"2025-02-04 16:30:00.0000",10.37,91.39,2.9039080142974854,12.689433097839355,27.688278198242188
"2025-02-04 16:45:00.0000",10.37,87.75,3.9620068073272705,16.57998275756836,35.69605255126953
"2025-02-04 17:00:00.0000",10.28,87.01,2.8792622089385986,13.166659355163574,27.557361602783203
"2025-02-04 17:15:00.0000",10.05,87.06,3.594848394393921,17.193702697753906,30.582275390625
"2025-02-04 17:30:00.0000",9.91,88.82,3.941032886505127,18.98704719543457,43.53152084350586
"2025-02-04 17:45:00.0000",9.87,89.2,3.672149181365967,15.995648384094238,34.71109390258789
"2025-02-04 18:00:00.0000",9.7,89.2,3.871011257171631,16.38953971862793,37.19334030151367
"2025-02-04 18:15:00.0000",9.58,89.11,3.260287046432495,14.790928840637207,37.4724235534668
"2025-02-04 18:30:00.0000",9.47,89.79,2.828052520751953,11.304243087768555,23.36801528930664
"2025-02-04 18:45:00.0000",9.41,89.08,2.684973955154419,10.453669548034668,25.226789474487305
"2025-02-04 19:00:00.0000",9.37,87.5,2.041790008544922,9.073280334472656,20.33494758605957
"2025-02-04 19:15:00.0000",9.38,86.43,1.72333562374115,7.082727432250977,15.295316696166992
"2025-02-04 19:30:00.0000",9.37,86.11,1.4020137786865234,5.255627632141113,10.270697593688965
"2025-02-04 19:45:00.0000",9.27,85.73,1.2347815036773682,5.328205585479736,14.506012916564941
"2025-02-04 20:00:00.0000",9.23,85.43,0.9297083020210266,4.334280490875244,10.32049560546875
"2025-02-04 20:15:00.0000",9.28,84.3,1.0158997774124146,4.264474868774414,14.893142700195312
"2025-02-04 20:30:00.0000",9.1,82.56,0.8487160801887512,4.661803245544434,11.564029693603516
"2025-02-04 20:45:00.0000",9.03,82.7,0.8071609139442444,3.563347339630127,7.956999778747559
"2025-02-04 21:00:00.0000",8.92,82.89,1.0679566860198975,4.738867282867432,12.715685844421387
"2025-02-04 21:15:00.0000",8.75,85.56,1.022151231765747,4.746915340423584,13.115979194641113
"2025-02-04 21:30:00.0000",8.49,86.84,0.9351239204406738,4.252840042114258,16.72581672668457
"2025-02-04 21:45:00.0000",8.41,87.37,0.875257670879364,3.9028775691986084,10.669782638549805
"2025-02-04 22:00:00.0000",8.21,88.11,0.9556342959403992,3.498232364654541,8.692971229553223
"2025-02-04 22:15:00.0000",8.08,88.02,0.8434494137763977,3.448354482650757,13.960687637329102
"2025-02-04 22:30:00.0000",7.96,88.92,1.2390888929367065,5.243109226226807,13.22780990600586
"2025-02-04 22:45:00.0000",7.82,91.13,0.8473986387252808,4.716246128082275,10.881505012512207
"2025-02-04 23:00:00.0000",7.66,91.59,0.8143246173858643,4.071359157562256,14.106249809265137
"2025-02-04 23:15:00.0000",7.44,91.94,0.8280956745147705,3.7041234970092773,15.18708324432373
"2025-02-04 23:30:00.0000",7.41,91.24,1.0523144006729126,3.976494789123535,12.598063468933105
"2025-02-04 23:45:00.0000",7.22,91.68,0.9773074388504028,4.335877895355225,13.70761489868164
"2025-02-05 00:00:00.0000",6.84,93.81,0.8386926651000977,3.663630962371826,9.96792984008789
"2025-02-05 00:15:00.0000",6.68,94.77,0.9370300769805908,4.452071189880371,17.69211769104004
"2025-02-05 00:30:00.0000",6.63,93.94,0.7686901688575745,3.417160987854004,10.72070598602295
"2025-02-05 00:45:00.0000",6.51,94.44,0.7689328789710999,4.174407005310059,14.302713394165039
"2025-02-05 01:00:00.0000",6.55,93.77,0.7044682502746582,3.7290735244750977,10.082847595214844
"2025-02-05 01:15:00.0000",6.51,93.98,0.9192774891853333,4.20456075668335,8.954499244689941
"2025-02-05 01:30:00.0000",6.31,95.94,1.0296016931533813,4.245756149291992,8.637173652648926
"2025-02-05 01:45:00.0000",6.62,94.29,1.0755736827850342,5.79472541809082,14.719015121459961
"2025-02-05 02:00:00.0000",6.68,93.98,0.989046573638916,4.895626544952393,14.44536304473877
"2025-02-05 02:15:00.0000",6.78,94.05,1.147031545639038,6.083117961883545,20.809932708740234
"2025-02-05 02:30:00.0000",6.7,94.69,1.2220937013626099,6.354198455810547,18.00470733642578
"2025-02-05 02:45:00.0000",6.51,95.87,0.9532042741775513,4.740490436553955,13.097715377807617
"2025-02-05 03:00:00.0000",6.58,95.12,1.0677498579025269,5.756415367126465,14.11650562286377
"2025-02-05 03:15:00.0000",6.85,93.64,1.266003131866455,6.541756629943848,21.36319923400879
"2025-02-05 03:30:00.0000",6.82,93.5,1.0450295209884644,4.7285051345825195,12.004349708557129
"2025-02-05 03:45:00.0000",6.7,93.67,1.0729727745056152,5.033255577087402,12.439963340759277
"2025-02-05 04:00:00.0000",6.71,93.36,0.9587368965148926,4.761885643005371,16.717304229736328
"2025-02-05 04:15:00.0000",6.94,92.06,1.1939873695373535,5.557194232940674,10.417884826660156
"2025-02-05 04:30:00.0000",7.02,91.26,1.199073076248169,6.429237365722656,14.966498374938965
"2025-02-05 04:45:00.0000",6.96,92.12,1.2706631422042847,7.102341651916504,17.135963439941406
"2025-02-05 05:00:00.0000",6.82,93.17,1.4176545143127441,6.6777567863464355,20.353593826293945
"2025-02-05 05:15:00.0000",6.34,93.95,1.2048472166061401,4.590888500213623,15.687172889709473
"2025-02-05 05:30:00.0000",5.67,97.76,1.3239037990570068,6.807150363922119,18.51728057861328
"2025-02-05 05:45:00.0000",5.58,99.94,1.4167912006378174,7.640744686126709,29.74430274963379
"2025-02-05 06:00:00.0000",5.93,98.78,1.3278566598892212,7.445466041564941,27.196514129638672
"2025-02-05 06:15:00.0000",6.3,96.89,1.3384811878204346,6.4459381103515625,19.254091262817383
"2025-02-05 06:30:00.0000",6.61,94.77,1.1874117851257324,6.400753974914551,19.697507858276367
"2025-02-05 06:45:00.0000",6.67,93.85,1.300881266593933,5.840853691101074,20.81889533996582
"2025-02-05 07:00:00.0000",6.66,93.15,1.3454062938690186,5.520598411560059,11.350701332092285
"2025-02-05 07:15:00.0000",6.44,93.55,1.2499772310256958,6.609198570251465,20.877809524536133
"2025-02-05 07:30:00.0000",6.43,93.41,1.2779229879379272,5.754239559173584,18.18036651611328
"2025-02-05 07:45:00.0000",6.46,93.54,1.4389290809631348,6.556708335876465,18.743898391723633
"2025-02-05 08:00:00.0000",6.39,94.48,1.862982988357544,7.801889896392822,24.990821838378906
"2025-02-05 08:15:00.0000",6.49,94.89,1.3223719596862793,7.110252857208252,20.173175811767578
"2025-02-05 08:30:00.0000",6.44,95.29,1.4053179025650024,6.671802520751953,20.510173797607422
"2025-02-05 08:45:00.0000",6.41,96.1,1.7469333410263062,6.9577226638793945,16.24895477294922
"2025-02-05 09:00:00.0000",6.58,95.82,1.7921420335769653,8.240999221801758,33.573570251464844
"2025-02-05 09:15:00.0000",6.78,95.73,1.792070746421814,8.065027236938477,32.0555534362793
"2025-02-05 09:30:00.0000",6.96,95.08,1.7368894815444946,7.408897399902344,16.826318740844727
"2025-02-05 09:45:00.0000",7.19,93.46,2.010195732116699,8.880477905273438,30.462390899658203
"2025-02-05 10:00:00.0000",7.59,92.37,2.2957682609558105,9.409217834472656,24.464262008666992
"2025-02-05 10:15:00.0000",7.94,91.28,1.9363585710525513,9.902569770812988,28.58194923400879
"2025-02-05 10:30:00.0000",9.01,87.07,1.9990246295928955,9.923544883728027,22.4442195892334
"2025-02-05 10:45:00.0000",9.34,85.92,2.5955231189727783,13.902974128723145,66.53955841064453
"2025-02-05 11:00:00.0000",9.21,86.54,2.2572972774505615,11.542972564697266,47.63792419433594
"2025-02-05 11:15:00.0000",9.2,86.97,2.353191614151001,15.045051574707031,67.77970123291016
"2025-02-05 11:30:00.0000",9.68,85.9,2.383396625518799,10.48729133605957,23.869667053222656
"2025-02-05 11:45:00.0000",9.3,87.12,2.12277889251709,13.020602226257324,43.65544509887695
"2025-02-05 12:00:00.0000",9.31,88.51,1.4738125801086426,9.085869789123535,32.250885009765625
"2025-02-05 12:15:00.0000",9.27,87.9,1.9875372648239136,11.794854164123535,39.15423583984375
"2025-02-05 12:30:00.0000",9.54,86.76,1.8910492658615112,9.549823760986328,34.311214447021484
"2025-02-05 12:45:00.0000",9.48,87.49,2.1300978660583496,11.38047981262207,38.96278762817383
"2025-02-05 13:00:00.0000",9.22,88.28,1.8990240097045898,10.345352172851562,33.75684356689453
"2025-02-05 13:15:00.0000",9.18,88.97,2.084975481033325,10.758711814880371,37.13789367675781
"2025-02-05 13:30:00.0000",9.69,88.34,1.8898690938949585,10.056023597717285,23.52976417541504
"2025-02-05 13:45:00.0000",10.23,87.33,1.7886862754821777,8.697431564331055,25.82672119140625
"2025-02-05 14:00:00.0000",11.43,83.15,1.8373671770095825,10.114628791809082,32.99282455444336
"2025-02-05 14:15:00.0000",12.08,79.47,1.8923277854919434,8.251036643981934,26.581626892089844
"2025-02-05 14:30:00.0000",11.9,78.37,1.7723767757415771,9.84897518157959,28.482200622558594
"2025-02-05 14:45:00.0000",11.41,79.51,1.805422067642212,10.048559188842773,26.726362228393555
"2025-02-05 15:00:00.0000",11.88,78.71,1.7955700159072876,9.22459602355957,31.15387725830078
"2025-02-05 15:15:00.0000",11.94,78.7,1.6806163787841797,8.51620864868164,23.157258987426758
"2025-02-05 15:30:00.0000",11.98,78.86,1.9448810815811157,9.523151397705078,27.559505462646484
"2025-02-05 15:45:00.0000",11.55,80.21,1.7261868715286255,9.66003131866455,28.01070785522461
"2025-02-05 16:00:00.0000",11.41,80.06,1.9167907238006592,9.776860237121582,29.997156143188477
"2025-02-05 16:15:00.0000",10.53,82.77,2.391895294189453,9.445451736450195,32.07685470581055
"2025-02-05 16:30:00.0000",9.48,86.83,4.356504440307617,13.834158897399902,46.37904357910156
"2025-02-05 16:45:00.0000",8.81,90.21,3.0652916431427,11.727998733520508,26.296533584594727
"2025-02-05 17:00:00.0000",8.29,92.84,3.2047247886657715,12.019112586975098,28.546680450439453
"2025-02-05 17:15:00.0000",7.98,94.23,2.453106164932251,12.680269241333008,34.8521614074707
"2025-02-05 17:30:00.0000",7.74,96.13,2.2806286811828613,10.427101135253906,36.372684478759766
"2025-02-05 17:45:00.0000",7.47,97.94,2.5819199085235596,11.990266799926758,28.571813583374023
"2025-02-05 18:00:00.0000",7.19,99.14,3.2901382446289062,13.246277809143066,45.5223274230957
"2025-02-05 18:15:00.0000",6.99,100,2.7907650470733643,12.8954439163208,46.31382751464844
"2025-02-05 18:30:00.0000",6.74,100,2.743959903717041,10.87927532196045,29.483427047729492
"2025-02-05 18:45:00.0000",6.52,100,2.911165952682495,10.30363655090332,35.27305221557617
"2025-02-05 19:00:00.0000",6.37,100,3.0752875804901123,12.605337142944336,39.280517578125
"2025-02-05 19:15:00.0000",6.23,100,2.8979063034057617,11.488814353942871,28.800798416137695
"2025-02-05 19:30:00.0000",6.17,100,2.880502939224243,12.483297348022461,32.09144592285156
"2025-02-05 19:45:00.0000",6.13,100,2.7003283500671387,12.304841995239258,36.442848205566406
"2025-02-05 20:00:00.0000",6,100,3.232034206390381,15.23023509979248,41.70496368408203
"2025-02-05 20:15:00.0000",5.82,100,3.2404088973999023,13.935342788696289,44.2311897277832
"2025-02-05 20:30:00.0000",5.74,100,3.0354342460632324,10.426690101623535,23.10126304626465
"2025-02-05 20:45:00.0000",5.65,100,3.4396347999572754,13.785482406616211,37.7618408203125
"2025-02-05 21:00:00.0000",5.63,100,3.8802907466888428,9.736388206481934,15.435636520385742
"2025-02-05 21:15:00.0000",5.65,100,2.873389482498169,8.252824783325195,16.084016799926758
"2025-02-05 21:30:00.0000",5.58,100,3.220918893814087,10.724089622497559,23.878931045532227
"2025-02-05 21:45:00.0000",5.26,100,4.020224094390869,13.646641731262207,36.67127990722656
"2025-02-05 22:00:00.0000",4.98,100,3.5670173168182373,12.801055908203125,27.908008575439453
"2025-02-05 22:15:00.0000",4.91,100,3.733727216720581,12.111042022705078,24.149667739868164
"2025-02-05 22:30:00.0000",4.84,100,3.8321242332458496,14.381583213806152,43.61635971069336
"2025-02-05 22:45:00.0000",4.86,100,4.3860602378845215,14.323846817016602,33.64358139038086
"2025-02-05 23:00:00.0000",4.65,100,4.884076118469238,16.574657440185547,44.365325927734375
"2025-02-05 23:15:00.0000",4.5,100,4.582630634307861,12.070667266845703,25.66057014465332
"2025-02-05 23:30:00.0000",4.43,100,4.842153072357178,13.536663055419922,34.23966979980469
"2025-02-05 23:45:00.0000",4.09,100,4.365579605102539,10.553481101989746,19.89238166809082
"2025-02-06 00:00:00.0000",3.93,100,6.099974632263184,17.387924194335938,38.68223571777344
"2025-02-06 00:15:00.0000",3.88,100,5.991308689117432,16.981679916381836,37.1410026550293
"2025-02-06 00:30:00.0000",3.8,100,5.89030647277832,16.053592681884766,29.806055068969727
"2025-02-06 00:45:00.0000",3.65,100,5.532897472381592,13.848637580871582,26.701818466186523
"2025-02-06 01:00:00.0000",3.54,100,5.238317489624023,13.134154319763184,37.13759231567383
"2025-02-06 01:15:00.0000",3.43,100,5.843076229095459,14.03846263885498,24.952054977416992
"2025-02-06 01:30:00.0000",3.23,100,5.974722862243652,17.258750915527344,40.992652893066406
"2025-02-06 01:45:00.0000",3.2,100,5.515978813171387,16.86991310119629,39.124019622802734
"2025-02-06 02:00:00.0000",3.08,100,5.700998783111572,15.850420951843262,27.81692123413086
"2025-02-06 02:15:00.0000",2.94,100,5.495733261108398,14.55716609954834,31.294769287109375
"2025-02-06 02:30:00.0000",2.96,100,5.208895206451416,12.996600151062012,21.235191345214844
"2025-02-06 02:45:00.0000",2.67,100,5.816858291625977,14.978832244873047,34.77727508544922
"2025-02-06 03:00:00.0000",2.61,100,5.53087043762207,12.897283554077148,30.901691436767578
"2025-02-06 03:15:00.0000",2.52,100,5.7666850090026855,13.997757911682129,28.56960105895996
"2025-02-06 03:30:00.0000",2.47,100,6.4485063552856445,15.49642562866211,47.10426330566406
"2025-02-06 03:45:00.0000",2.43,100,6.072070598602295,13.322492599487305,22.147722244262695
"2025-02-06 04:00:00.0000",2.39,100,6.706972599029541,14.330483436584473,33.2622184753418
"2025-02-06 04:15:00.0000",2.45,100,6.351807594299316,14.662981033325195,34.246681213378906
"2025-02-06 04:30:00.0000",2.43,100,7.445457935333252,17.875015258789062,39.778770446777344
"2025-02-06 04:45:00.0000",2.41,100,9.330901145935059,21.535480499267578,49.19133758544922
"2025-02-06 05:00:00.0000",2.3,100,9.696616172790527,21.056983947753906,43.13612747192383
"2025-02-06 05:15:00.0000",2.27,100,9.530335426330566,18.837873458862305,45.910282135009766
"2025-02-06 05:30:00.0000",2.24,100,7.967478275299072,14.135157585144043,22.49680519104004
"2025-02-06 05:45:00.0000",2.26,100,8.992827415466309,14.84744930267334,29.652132034301758
"2025-02-06 06:00:00.0000",2.21,100,8.82081413269043,14.405423164367676,19.609041213989258
"2025-02-06 06:15:00.0000",1.97,100,13.125234603881836,22.079959869384766,35.085697174072266
"2025-02-06 06:30:00.0000",1.89,100,15.168559074401855,24.84320640563965,31.474096298217773
"2025-02-06 06:45:00.0000",1.73,100,30.212318420410156,59.937721252441406,614.9527587890625
"2025-02-06 07:00:00.0000",1.89,100,38.01911163330078,99.12422180175781,394.8915100097656
"2025-02-06 07:15:00.0000",1.93,100,24.401477813720703,38.27858352661133,89.55280303955078
"2025-02-06 07:30:00.0000",2.08,100,29.632593154907227,53.45071792602539,244.00901794433594
"2025-02-06 07:45:00.0000",2.07,100,23.3353214263916,37.37761306762695,54.14714050292969
"2025-02-06 08:00:00.0000",1.81,100,23.428985595703125,37.58773422241211,51.31272888183594
"2025-02-06 08:15:00.0000",1.7,100,21.73332405090332,34.487735748291016,44.921627044677734
"2025-02-06 08:30:00.0000",1.61,100,23.011917114257812,36.10760498046875,49.8397102355957
"2025-02-06 08:45:00.0000",1.53,100,20.679153442382812,31.307369232177734,42.41178894042969
"2025-02-06 09:00:00.0000",1.62,100,24.703414916992188,46.243892669677734,166.76072692871094
"2025-02-06 09:15:00.0000",1.8,100,21.622713088989258,48.47589111328125,321.23748779296875
"2025-02-06 09:30:00.0000",1.99,100,18.99604034423828,34.68069839477539,201.91551208496094
"2025-02-06 09:45:00.0000",2.26,100,16.50431251525879,29.744335174560547,46.673797607421875
"2025-02-06 10:00:00.0000",2.52,100,17.28145408630371,30.754621505737305,52.10371780395508
"2025-02-06 10:15:00.0000",2.87,100,11.567293167114258,22.543819427490234,53.62152099609375
"2025-02-06 10:30:00.0000",5.11,100,8.935840606689453,15.500508308410645,30.09849739074707
"2025-02-06 10:45:00.0000",6.56,99.62,9.542492866516113,21.20381736755371,65.99459838867188
"2025-02-06 11:00:00.0000",7.17,93.4,8.004656791687012,18.112075805664062,43.08363342285156
"2025-02-06 11:15:00.0000",8.21,90.43,6.751866340637207,13.47396183013916,36.93597412109375
"2025-02-06 11:30:00.0000",9.46,85.02,7.792757987976074,17.733261108398438,62.56578063964844
"2025-02-06 11:45:00.0000",10.31,81.39,7.633610248565674,25.1384220123291,75.83541107177734
"2025-02-06 12:00:00.0000",11.04,80.62,8.31071662902832,28.072452545166016,111.08580017089844
"2025-02-06 12:15:00.0000",11.85,77.05,6.307953834533691,18.78235626220703,71.10308074951172
"2025-02-06 12:30:00.0000",12.95,74.01,6.12874174118042,18.462411880493164,69.28500366210938
"2025-02-06 12:45:00.0000",13.26,69.84,5.283076763153076,16.31056022644043,50.90149688720703
"2025-02-06 13:00:00.0000",13.26,67.91,5.867105960845947,24.206884384155273,117.60484313964844
"2025-02-06 13:15:00.0000",14,64.44,4.945122241973877,20.414745330810547,82.46988677978516
"2025-02-06 13:30:00.0000",14.05,63.66,5.3884100914001465,20.469680786132812,91.39775085449219
"2025-02-06 13:45:00.0000",14.52,63.07,4.550873279571533,18.619441986083984,90.28296661376953
"2025-02-06 14:00:00.0000",15.24,61.48,4.778323173522949,18.869796752929688,80.25796508789062
"2025-02-06 14:15:00.0000",14.8,61.39,2.5865442752838135,8.452165603637695,19.055830001831055
"2025-02-06 14:30:00.0000",14.54,57.65,3.5126137733459473,10.313911437988281,45.824527740478516
"2025-02-06 14:45:00.0000",14.04,61.4,3.209341526031494,12.381272315979004,26.744775772094727
"2025-02-06 15:00:00.0000",14.74,58.71,2.908008098602295,8.675687789916992,21.26580810546875
"2025-02-06 15:15:00.0000",13.9,60.5,2.426729440689087,8.663646697998047,36.46409606933594
"2025-02-06 15:30:00.0000",13.49,61.55,3.1326868534088135,8.262035369873047,19.744091033935547
"2025-02-06 15:45:00.0000",13.69,60.91,2.364971160888672,8.423406600952148,19.899778366088867
"2025-02-06 16:00:00.0000",12.64,62.27,2.3027143478393555,8.593626976013184,23.477083206176758
"2025-02-06 16:15:00.0000",11.76,64.67,2.110666036605835,7.21971321105957,19.791166305541992
"2025-02-06 16:30:00.0000",10.68,67.22,2.263472080230713,8.493090629577637,44.543643951416016
"2025-02-06 16:45:00.0000",9.74,72.51,2.022937059402466,7.012364864349365,19.503097534179688
"2025-02-06 17:00:00.0000",9.03,74.09,2.0501275062561035,7.268340587615967,26.40887451171875
"2025-02-06 17:15:00.0000",8.59,76.03,2.4587209224700928,8.705194473266602,23.79129981994629
"2025-02-06 17:30:00.0000",8.26,78.29,2.872814178466797,9.991231918334961,26.167583465576172
"2025-02-06 17:45:00.0000",7.84,81.35,3.1906023025512695,10.045933723449707,30.33721160888672
"2025-02-06 18:00:00.0000",7.53,83.21,4.013465404510498,10.536966323852539,27.16225242614746
"2025-02-06 18:15:00.0000",7.27,84.7,4.313694953918457,11.797629356384277,23.25743865966797
"2025-02-06 18:30:00.0000",6.91,84.73,3.090876817703247,9.390467643737793,26.45683479309082
"2025-02-06 18:45:00.0000",6.62,85.34,3.5236704349517822,9.671209335327148,30.65508460998535
"2025-02-06 19:00:00.0000",6.23,88.1,5.562749862670898,15.310373306274414,29.871538162231445
"2025-02-06 19:15:00.0000",6,92.08,6.118829727172852,14.451126098632812,34.99263000488281
"2025-02-06 19:30:00.0000",5.82,93.62,8.778919219970703,18.8016300201416,31.150060653686523
"2025-02-06 19:45:00.0000",5.66,94.68,8.4633207321167,18.693946838378906,37.691646575927734
"2025-02-06 20:00:00.0000",5.49,95.89,7.365514755249023,14.739716529846191,31.107301712036133
"2025-02-06 20:15:00.0000",5.26,97.98,8.452873229980469,16.659255981445312,26.74913787841797
"2025-02-06 20:30:00.0000",5.07,100,8.779535293579102,16.75469970703125,37.071510314941406
"2025-02-06 20:45:00.0000",4.91,100,10.05947494506836,19.097124099731445,40.19221115112305
"2025-02-06 21:00:00.0000",4.72,100,11.5292387008667,22.04580307006836,41.0940055847168
"2025-02-06 21:15:00.0000",4.47,100,12.057839393615723,21.652780532836914,38.911869049072266
"2025-02-06 21:30:00.0000",4.49,100,14.098041534423828,25.221179962158203,44.632450103759766
"2025-02-06 21:45:00.0000",4.5,100,14.331019401550293,26.3265323638916,45.87663269042969
"2025-02-06 22:00:00.0000",4.41,100,12.633932113647461,24.072757720947266,42.23984909057617
"2025-02-06 22:15:00.0000",4.3,100,12.395574569702148,22.042896270751953,38.44422149658203
"2025-02-06 22:30:00.0000",4.13,100,11.014751434326172,19.98158073425293,29.627731323242188
"2025-02-06 22:45:00.0000",4.07,100,9.92575740814209,18.363632202148438,26.166519165039062
"2025-02-06 23:00:00.0000",4.03,100,11.168999671936035,20.91967010498047,28.934425354003906
"2025-02-06 23:15:00.0000",4.06,100,9.635339736938477,17.61433219909668,33.46126937866211
"2025-02-06 23:30:00.0000",4.02,100,9.783297538757324,18.48271369934082,35.0225715637207
"2025-02-06 23:45:00.0000",3.84,100,10.288811683654785,19.051191329956055,31.716901779174805
"2025-02-07 00:00:00.0000",3.66,100,5.98332405090332,12.904712677001953,25.883777618408203
"2025-02-07 00:15:00.0000",3.71,100,5.0287580490112305,11.070143699645996,18.773122787475586
"2025-02-07 00:30:00.0000",3.82,100,4.609828472137451,10.534112930297852,17.752182006835938
"2025-02-07 00:45:00.0000",3.8,100,4.56900691986084,11.413237571716309,25.57042121887207
"2025-02-07 01:00:00.0000",3.73,100,4.338718414306641,10.542013168334961,17.471149444580078
"2025-02-07 01:15:00.0000",3.69,100,4.437442779541016,11.293524742126465,23.226900100708008
"2025-02-07 01:30:00.0000",3.62,100,5.773801803588867,13.82784366607666,28.560035705566406
"2025-02-07 01:45:00.0000",3.52,100,5.969754219055176,13.895564079284668,26.8835391998291
"2025-02-07 02:00:00.0000",3.37,100,5.268066883087158,12.592616081237793,23.15159797668457
"2025-02-07 02:15:00.0000",3.31,100,4.6142258644104,11.386613845825195,30.028427124023438
"2025-02-07 02:30:00.0000",3.31,100,4.074971675872803,13.140473365783691,26.330141067504883
"2025-02-07 02:45:00.0000",3.42,100,3.375633716583252,11.652746200561523,29.759929656982422
"2025-02-07 03:00:00.0000",3.39,100,3.075524091720581,11.000511169433594,28.25009536743164
"2025-02-07 03:15:00.0000",3.37,100,3.4316306114196777,12.005990982055664,29.52904510498047
"2025-02-07 03:30:00.0000",3.33,100,2.9785139560699463,9.046893119812012,15.718680381774902
"2025-02-07 03:45:00.0000",3.08,100,3.0372233390808105,11.963980674743652,27.21660041809082
"2025-02-07 04:00:00.0000",2.95,100,2.50417160987854,10.455216407775879,27.20511245727539
"2025-02-07 04:15:00.0000",3.2,100,2.401308298110962,9.963601112365723,23.623554229736328
"2025-02-07 04:30:00.0000",3.54,100,1.7181111574172974,9.076047897338867,25.4498348236084
"2025-02-07 04:45:00.0000",3.85,100,1.9406541585922241,9.188623428344727,22.9190673828125
"2025-02-07 05:00:00.0000",4.02,99.93,2.171658992767334,9.248653411865234,22.534549713134766
"2025-02-07 05:15:00.0000",3.96,100,2.493126630783081,9.631241798400879,20.2000789642334
"2025-02-07 05:30:00.0000",3.86,100,1.956404685974121,9.675402641296387,34.506141662597656
"2025-02-07 05:45:00.0000",3.91,100,1.8981029987335205,8.395264625549316,18.738595962524414
"2025-02-07 06:00:00.0000",3.93,100,1.8720648288726807,9.392730712890625,21.090627670288086
"2025-02-07 06:15:00.0000",3.97,100,2.073350667953491,9.820182800292969,29.085569381713867
"2025-02-07 06:30:00.0000",4.4,99.57,1.9620404243469238,7.8216872215271,18.544513702392578
"2025-02-07 06:45:00.0000",4.35,99.71,2.061260938644409,9.746858596801758,29.45000457763672
"2025-02-07 07:00:00.0000",4.36,99.9,1.9067223072052002,10.563937187194824,25.04378890991211
"2025-02-07 07:15:00.0000",4.38,99.9,1.8438310623168945,8.736523628234863,30.907207489013672
"2025-02-07 07:30:00.0000",4.49,99.33,2.009956121444702,9.525843620300293,34.26952362060547
"2025-02-07 07:45:00.0000",4.62,98.6,2.297175168991089,11.112929344177246,37.0945930480957
"2025-02-07 08:00:00.0000",4.76,97.83,2.1442782878875732,9.569170951843262,25.888168334960938
"2025-02-07 08:15:00.0000",4.99,97.12,2.218318223953247,10.36589241027832,24.364978790283203
"2025-02-07 08:30:00.0000",5.18,96.21,2.02993106842041,10.224503517150879,35.76451110839844
"2025-02-07 08:45:00.0000",5.27,95.45,2.165804862976074,10.18262767791748,28.178647994995117
"2025-02-07 09:00:00.0000",5.29,95.54,2.2741172313690186,9.902721405029297,30.13168716430664
"2025-02-07 09:15:00.0000",5.47,95,2.518768787384033,11.20903205871582,34.21902847290039
"2025-02-07 09:30:00.0000",5.72,94.35,2.3447160720825195,11.007328033447266,40.30623245239258
"2025-02-07 09:45:00.0000",5.6,94.85,2.4821996688842773,10.630600929260254,26.410818099975586
"2025-02-07 10:00:00.0000",5.77,94.68,2.8283398151397705,12.363998413085938,41.354881286621094
"2025-02-07 10:15:00.0000",6.12,93.24,2.4301681518554688,10.7107572555542,35.488277435302734
"2025-02-07 10:30:00.0000",6.45,91.61,2.5670862197875977,11.75282096862793,38.83287811279297
"2025-02-07 10:45:00.0000",6.71,89.82,1.942712426185608,8.897679328918457,37.08734893798828
"2025-02-07 11:00:00.0000",7.1,84.84,2.2479395866394043,10.631576538085938,39.13178634643555
"2025-02-07 11:15:00.0000",7.35,81.66,2.3970439434051514,10.206650733947754,38.37189483642578
"2025-02-07 11:30:00.0000",7.57,79.8,2.4159433841705322,13.290301322937012,86.63407135009766
"2025-02-07 11:45:00.0000",7.31,78.34,3.053973436355591,14.80041790008545,67.49198150634766
"2025-02-07 12:00:00.0000",7.26,78.47,2.43213152885437,11.243950843811035,56.7416877746582
"2025-02-07 12:15:00.0000",7.11,79.29,3.2972095012664795,12.524630546569824,42.1270637512207
"2025-02-07 12:30:00.0000",7.1,79.83,2.4626681804656982,10.71265983581543,49.107967376708984
"2025-02-07 12:45:00.0000",6.99,79.23,2.24275279045105,8.413679122924805,31.017837524414062
"2025-02-07 13:00:00.0000",7.03,77.74,2.977714776992798,9.871539115905762,24.162893295288086
"2025-02-07 13:15:00.0000",7.15,78.42,2.352591037750244,10.08381462097168,23.641300201416016
"2025-02-07 13:30:00.0000",7.03,78.8,3.0578227043151855,10.335725784301758,30.969900131225586
"2025-02-07 13:45:00.0000",7.09,78.73,2.8593289852142334,11.280228614807129,32.427818298339844
"2025-02-07 14:00:00.0000",7.01,78.7,2.711012601852417,8.875503540039062,28.253509521484375
"2025-02-07 14:15:00.0000",7.19,75.32,2.8291780948638916,10.73051643371582,27.11091423034668
"2025-02-07 14:30:00.0000",7.11,75.61,2.8980700969696045,10.660920143127441,32.227542877197266
"2025-02-07 14:45:00.0000",7.09,77.2,3.3046417236328125,12.113197326660156,45.29325866699219
"2025-02-07 15:00:00.0000",7.1,76.75,2.5364086627960205,8.451379776000977,23.852251052856445
"2025-02-07 15:15:00.0000",6.96,76.32,2.5994694232940674,11.112542152404785,35.95508575439453
"2025-02-07 15:30:00.0000",7.02,75.08,2.731586456298828,10.056452751159668,32.06217575073242
"2025-02-07 15:45:00.0000",7.09,75.39,3.0327343940734863,11.31622314453125,28.525753021240234
"2025-02-07 16:00:00.0000",7.01,77.02,3.2982821464538574,11.963912010192871,37.4820671081543
"2025-02-07 16:15:00.0000",6.67,78.65,2.961016893386841,9.957465171813965,26.851900100708008
"2025-02-07 16:30:00.0000",6.44,77.42,2.4365041255950928,9.315325736999512,27.190582275390625
"2025-02-07 16:45:00.0000",6.33,78.28,3.198157787322998,11.898834228515625,40.07071304321289
"2025-02-07 17:00:00.0000",6.37,79.4,2.6689047813415527,10.077576637268066,26.843538284301758
"2025-02-07 17:15:00.0000",6.31,79.87,3.610708713531494,12.501809120178223,30.59820556640625
"2025-02-07 17:30:00.0000",6.35,79.12,3.438760995864868,11.915128707885742,34.233028411865234
"2025-02-07 17:45:00.0000",6.29,80.6,3.980522394180298,13.364538192749023,49.154258728027344
"2025-02-07 18:00:00.0000",6.17,82.06,3.491365432739258,11.186522483825684,36.259220123291016
"2025-02-07 18:15:00.0000",6.08,81.44,4.902788162231445,15.476527214050293,42.69886016845703
"2025-02-07 18:30:00.0000",6.06,82.29,3.6385750770568848,12.547019004821777,37.08314514160156
"2025-02-07 18:45:00.0000",6.03,82.95,3.5606133937835693,13.041132926940918,38.93324279785156
"2025-02-07 19:00:00.0000",6.06,82.49,6.335962295532227,15.6603422164917,40.1063346862793
"2025-02-07 19:15:00.0000",6.01,81.34,3.8564882278442383,12.393655776977539,37.06893539428711
"2025-02-07 19:30:00.0000",5.9,80.02,3.5552639961242676,11.220773696899414,31.77829933166504
"2025-02-07 19:45:00.0000",5.93,80.1,3.6223630905151367,11.61283016204834,31.89784049987793
"2025-02-07 20:00:00.0000",5.83,81.07,4.478515148162842,12.403724670410156,34.10377883911133
"2025-02-07 20:15:00.0000",5.89,82.11,4.288421154022217,15.422636032104492,36.147178649902344
"2025-02-07 20:30:00.0000",5.78,84.5,3.960970878601074,12.949966430664062,31.93635368347168
"2025-02-07 20:45:00.0000",5.81,86.21,3.432922840118408,12.21947956085205,32.685489654541016
"2025-02-07 21:00:00.0000",5.83,87.21,3.0817863941192627,10.011838912963867,24.364940643310547
"2025-02-07 21:15:00.0000",5.56,88.92,3.8262226581573486,14.483521461486816,37.34534454345703
"2025-02-07 21:30:00.0000",5.66,88.37,3.7122750282287598,14.177008628845215,39.274017333984375
"2025-02-07 21:45:00.0000",5.35,92.94,3.8226914405822754,12.064037322998047,24.013450622558594
"2025-02-07 22:00:00.0000",5.47,93.15,4.054429054260254,14.043012619018555,32.34416580200195
"2025-02-07 22:15:00.0000",5.45,92.63,3.187384843826294,11.743537902832031,23.70763397216797
"2025-02-07 22:30:00.0000",5.46,90.77,3.4312307834625244,13.21852970123291,33.1660270690918
"2025-02-07 22:45:00.0000",5.43,90.57,3.161010980606079,13.01162338256836,34.342010498046875
"2025-02-07 23:00:00.0000",5.37,91.35,2.9001102447509766,11.921893119812012,29.80661964416504
"2025-02-07 23:15:00.0000",5.23,92.3,2.9047458171844482,11.428421974182129,21.960956573486328
"2025-02-07 23:30:00.0000",5.25,92.94,2.872131824493408,11.318061828613281,27.314828872680664
"2025-02-07 23:45:00.0000",5.21,92.49,2.5932106971740723,10.65269660949707,22.70827293395996
"2025-02-08 00:00:00.0000",5.22,92.84,2.7228786945343018,11.419559478759766,26.540849685668945
"2025-02-08 00:15:00.0000",5.06,95.66,3.3160581588745117,13.69594669342041,32.072959899902344
"2025-02-08 00:30:00.0000",4.84,98.6,3.175300359725952,12.415088653564453,25.28098487854004
"2025-02-08 00:45:00.0000",4.52,100,3.4586706161499023,14.567105293273926,32.725189208984375
"2025-02-08 01:00:00.0000",4.39,100,3.173696756362915,12.88232135772705,26.040658950805664
"2025-02-08 01:15:00.0000",4.33,100,3.0900790691375732,12.450065612792969,30.01959800720215
"2025-02-08 01:30:00.0000",4.35,100,3.3592779636383057,13.177963256835938,26.21036148071289
"2025-02-08 01:45:00.0000",4.31,100,3.3959312438964844,9.621341705322266,22.292984008789062
"2025-02-08 02:00:00.0000",4.32,100,3.8446149826049805,10.644349098205566,25.18157386779785
"2025-02-08 02:15:00.0000",4.32,100,3.678929567337036,8.500105857849121,18.121793746948242
"2025-02-08 02:30:00.0000",4.34,99.33,3.8424758911132812,10.702802658081055,24.26380729675293
"2025-02-08 02:45:00.0000",4.3,98.67,4.3250274658203125,10.070670127868652,27.251733779907227
"2025-02-08 03:00:00.0000",4.24,98.72,3.963477611541748,9.743943214416504,22.53877830505371
"2025-02-08 03:15:00.0000",4.09,99.45,5.412265300750732,12.046663284301758,26.112077713012695
"2025-02-08 03:30:00.0000",4.03,100,5.862496852874756,12.226020812988281,19.13075065612793
"2025-02-08 03:45:00.0000",3.98,100,6.557443618774414,13.430068969726562,29.371484756469727
"2025-02-08 04:00:00.0000",3.92,100,5.8503007888793945,12.67143726348877,24.0759334564209
"2025-02-08 04:15:00.0000",3.8,100,5.870385646820068,12.626811027526855,23.393978118896484
"2025-02-08 04:30:00.0000",3.81,100,6.134171962738037,13.747946739196777,26.01409339904785
"2025-02-08 04:45:00.0000",3.89,100,6.308218955993652,12.194268226623535,23.341522216796875
"2025-02-08 05:00:00.0000",3.89,100,6.311682224273682,12.06163215637207,19.4830379486084
"2025-02-08 05:15:00.0000",3.88,100,7.134829998016357,13.707637786865234,21.431291580200195
"2025-02-08 05:30:00.0000",3.92,100,6.6023335456848145,11.924677848815918,19.44465446472168
"2025-02-08 05:45:00.0000",3.86,100,5.877370357513428,11.27285099029541,20.44157600402832
"2025-02-08 06:00:00.0000",3.79,100,5.7152485847473145,10.270329475402832,17.064245223999023
"2025-02-08 06:15:00.0000",3.78,100,6.0893449783325195,10.003018379211426,16.547264099121094
"2025-02-08 06:30:00.0000",3.86,99.95,5.775717258453369,10.02245807647705,16.701435089111328
"2025-02-08 06:45:00.0000",3.97,99.57,5.485514163970947,9.568798065185547,14.678723335266113
"2025-02-08 07:00:00.0000",4.02,99.78,5.332282543182373,9.993937492370605,17.886552810668945
"2025-02-08 07:15:00.0000",3.98,99.95,5.2643232345581055,9.576411247253418,15.928112030029297
"2025-02-08 07:30:00.0000",4.01,100,5.805018424987793,10.62455940246582,15.95115852355957
"2025-02-08 07:45:00.0000",3.93,100,6.641119956970215,12.243645668029785,20.875452041625977
"2025-02-08 08:00:00.0000",3.93,100,6.821624279022217,12.741884231567383,19.383209228515625
"2025-02-08 08:15:00.0000",3.98,100,6.425634860992432,11.879484176635742,19.041719436645508
"2025-02-08 08:30:00.0000",3.97,100,6.903365612030029,12.834070205688477,28.495126724243164
"2025-02-08 08:45:00.0000",4.11,100,7.711402893066406,15.27434253692627,27.331693649291992
"2025-02-08 09:00:00.0000",4.24,100,8.596837043762207,15.597638130187988,25.876293182373047
"2025-02-08 09:15:00.0000",4.37,100,9.324630737304688,16.727306365966797,24.304214477539062
"2025-02-08 09:30:00.0000",4.44,100,8.912946701049805,15.890290260314941,24.685659408569336
"2025-02-08 09:45:00.0000",4.62,100,8.810362815856934,16.901254653930664,43.49483871459961
"2025-02-08 10:00:00.0000",4.71,100,8.521029472351074,15.471879959106445,27.657691955566406
"2025-02-08 10:15:00.0000",4.92,100,8.450094223022461,14.76457405090332,21.795747756958008
"2025-02-08 10:30:00.0000",5.12,99.8,9.396556854248047,16.031044006347656,23.7667293548584
"2025-02-08 10:45:00.0000",5.22,99.07,8.443408966064453,14.57379150390625,20.161521911621094
"2025-02-08 11:00:00.0000",5.44,98.68,9.555642127990723,16.413148880004883,25.76251792907715
"2025-02-08 11:15:00.0000",5.5,98.3,9.989481925964355,17.816219329833984,39.88488006591797
"2025-02-08 11:30:00.0000",5.58,98.12,9.9088773727417,17.284351348876953,27.6700382232666
"2025-02-08 11:45:00.0000",5.65,97.57,11.386308670043945,19.79737091064453,39.33234786987305
"2025-02-08 12:00:00.0000",5.73,97.5,9.684168815612793,16.221891403198242,26.069364547729492
"2025-02-08 12:15:00.0000",5.71,96.63,10.905587196350098,17.241905212402344,32.20818328857422
"2025-02-08 12:30:00.0000",5.96,96.14,10.007620811462402,16.39801788330078,31.195308685302734
"2025-02-08 12:45:00.0000",5.75,96.2,11.444487571716309,17.71018409729004,33.63105773925781
"2025-02-08 13:00:00.0000",5.83,96.74,11.181540489196777,16.863178253173828,26.008750915527344
"2025-02-08 13:15:00.0000",5.93,95.96,11.658526420593262,20.170122146606445,44.58930206298828
"2025-02-08 13:30:00.0000",6.09,95.8,12.44267749786377,19.58787727355957,31.607919692993164
"2025-02-08 13:45:00.0000",6.02,95.77,12.327160835266113,18.87261390686035,32.59772491455078
"2025-02-08 14:00:00.0000",6.12,95.84,12.237192153930664,20.52263832092285,34.91679382324219
"2025-02-08 14:15:00.0000",6.23,95.56,11.909353256225586,18.880813598632812,28.69169044494629
"2025-02-08 14:30:00.0000",6.37,95.03,12.80216121673584,19.68528175354004,38.40825271606445
"2025-02-08 14:45:00.0000",6.32,95.11,13.888917922973633,21.652551651000977,29.4233455657959
"2025-02-08 15:00:00.0000",6.39,94.93,13.318387031555176,20.371994018554688,33.153621673583984
"2025-02-08 15:15:00.0000",6.54,94.7,14.313541412353516,22.898778915405273,33.01446533203125
"2025-02-08 15:30:00.0000",6.4,95.55,14.037178039550781,21.298646926879883,27.003070831298828
"2025-02-08 15:45:00.0000",6.46,95.75,16.111766815185547,26.566904067993164,40.688236236572266
"2025-02-08 16:00:00.0000",6.49,96.05,16.114789962768555,26.065189361572266,36.1241569519043
"2025-02-08 16:15:00.0000",6.43,96.13,16.890541076660156,27.176654815673828,38.0265007019043
"2025-02-08 16:30:00.0000",6.36,96.6,15.736332893371582,24.740100860595703,36.3773078918457
"2025-02-08 16:45:00.0000",6.36,96.69,16.497129440307617,26.087848663330078,37.93897247314453
"2025-02-08 17:00:00.0000",6.39,96.96,16.7850341796875,27.156766891479492,44.9889030456543
"2025-02-08 17:15:00.0000",6.38,97.12,16.76958656311035,25.779216766357422,32.67558288574219
"2025-02-08 17:30:00.0000",6.39,97.29,17.302330017089844,28.42463493347168,48.14515686035156
"2025-02-08 17:45:00.0000",6.4,97.86,17.947052001953125,29.44310188293457,47.18675231933594
"2025-02-08 18:00:00.0000",6.39,98.43,16.256019592285156,25.542064666748047,36.753761291503906
"2025-02-08 18:15:00.0000",6.31,98.46,18.398326873779297,29.005014419555664,40.82787322998047
"2025-02-08 18:30:00.0000",6.08,99.94,18.40492820739746,27.48033905029297,39.030399322509766
"2025-02-08 18:45:00.0000",5.95,100,18.76917839050293,28.404747009277344,36.04180145263672
"2025-02-08 19:00:00.0000",5.93,100,18.905643463134766,28.055389404296875,35.31111526489258
"2025-02-08 19:15:00.0000",5.89,100,19.595243453979492,29.040313720703125,35.44013977050781
"2025-02-08 19:30:00.0000",5.76,100,19.73175621032715,29.00004005432129,35.71622085571289
"2025-02-08 19:45:00.0000",5.74,100,18.706079483032227,27.1342716217041,34.570980072021484
"2025-02-08 20:00:00.0000",5.72,100,17.991731643676758,27.86985969543457,41.38347625732422
"2025-02-08 20:15:00.0000",5.74,100,18.701210021972656,27.27651023864746,38.899173736572266
"2025-02-08 20:30:00.0000",5.7,100,18.456750869750977,27.81536102294922,36.283145904541016
"2025-02-08 20:45:00.0000",5.67,100,16.38909149169922,24.46865463256836,37.89396286010742
"2025-02-08 21:00:00.0000",5.44,100,16.268878936767578,24.774511337280273,33.917335510253906
"2025-02-08 21:15:00.0000",5.4,100,16.421022415161133,24.47878646850586,31.331039428710938
"2025-02-08 21:30:00.0000",5.45,100,17.885881423950195,27.331621170043945,35.33140563964844
"2025-02-08 21:45:00.0000",5.29,100,18.370223999023438,28.827669143676758,39.797420501708984
"2025-02-08 22:00:00.0000",5.45,100,18.919923782348633,29.438743591308594,45.74263000488281
"2025-02-08 22:15:00.0000",5.49,100,18.753177642822266,28.676403045654297,40.4024543762207
"2025-02-08 22:30:00.0000",5.52,100,18.0749568939209,27.155183792114258,34.54611587524414
"2025-02-08 22:45:00.0000",5.53,100,18.379608154296875,28.84188461303711,39.3736457824707
"2025-02-08 23:00:00.0000",5.53,100,16.98399543762207,24.777843475341797,33.63566970825195
"2025-02-08 23:15:00.0000",5.65,100,16.679460525512695,24.683799743652344,31.042951583862305
"2025-02-08 23:30:00.0000",5.69,100,16.853622436523438,25.43332290649414,34.940711975097656
"2025-02-08 23:45:00.0000",5.61,100,17.82229232788086,27.23259162902832,38.53346633911133
"2025-02-09 00:00:00.0000",5.45,100,18.165481567382812,27.852243423461914,35.11412048339844
"2025-02-09 00:15:00.0000",5.4,100,17.176925659179688,27.07611656188965,40.76231384277344
"2025-02-09 00:30:00.0000",5.46,100,17.4190731048584,25.905235290527344,38.23703384399414
"2025-02-09 00:45:00.0000",5.58,100,16.027921676635742,25.323017120361328,32.26893997192383
"2025-02-09 01:00:00.0000",5.56,100,17.051820755004883,27.106369018554688,40.386749267578125
"2025-02-09 01:15:00.0000",5.33,100,16.891328811645508,26.45096778869629,39.564178466796875
"2025-02-09 01:30:00.0000",5.35,100,15.072077751159668,22.2458553314209,29.916494369506836
"2025-02-09 01:45:00.0000",5.47,100,15.728799819946289,22.932964324951172,32.759193420410156
"2025-02-09 02:00:00.0000",5.5,100,14.170252799987793,20.410709381103516,27.520366668701172
"2025-02-09 02:15:00.0000",5.52,100,14.937875747680664,21.991378784179688,29.724924087524414
"2025-02-09 02:30:00.0000",5.55,100,14.720272064208984,20.603870391845703,24.238826751708984
"2025-02-09 02:45:00.0000",5.55,100,15.876175880432129,22.070398330688477,36.5234489440918
"2025-02-09 03:00:00.0000",5.58,100,14.727487564086914,20.52301788330078,27.544981002807617
"2025-02-09 03:15:00.0000",5.59,100,16.549543380737305,23.505014419555664,29.526220321655273
"2025-02-09 03:30:00.0000",5.58,100,16.47711944580078,23.119598388671875,26.70379066467285
"2025-02-09 03:45:00.0000",5.6,100,18.360252380371094,27.40011215209961,36.26296615600586
"2025-02-09 04:00:00.0000",5.7,100,18.097198486328125,26.69176483154297,31.7579288482666
"2025-02-09 04:15:00.0000",5.73,100,16.255090713500977,23.58584213256836,27.584003448486328
"2025-02-09 04:30:00.0000",5.74,100,16.181514739990234,23.83366584777832,29.133460998535156
"2025-02-09 04:45:00.0000",5.7,100,16.042259216308594,23.04206657409668,28.499107360839844
"2025-02-09 05:00:00.0000",5.72,100,14.507552146911621,20.294279098510742,25.8824462890625
"2025-02-09 05:15:00.0000",5.74,100,13.514334678649902,18.370094299316406,21.729000091552734
"2025-02-09 05:30:00.0000",5.8,100,12.271763801574707,16.69205093383789,20.184768676757812
"2025-02-09 05:45:00.0000",5.78,100,10.489461898803711,14.589802742004395,17.805442810058594
"2025-02-09 06:00:00.0000",5.66,100,8.559309959411621,11.190622329711914,13.865930557250977
"2025-02-09 06:15:00.0000",5.7,100,7.095003604888916,9.067534446716309,11.664772987365723
"2025-02-09 06:30:00.0000",5.82,100,7.799288749694824,11.473014831542969,21.656909942626953
"2025-02-09 06:45:00.0000",5.92,100,7.629572868347168,10.541706085205078,13.578315734863281
"2025-02-09 07:00:00.0000",5.99,100,9.256576538085938,13.007376670837402,18.121965408325195
"2025-02-09 07:15:00.0000",6.07,100,10.780791282653809,15.323761940002441,19.695964813232422
"2025-02-09 07:30:00.0000",6.26,100,13.943153381347656,19.130983352661133,23.166419982910156
"2025-02-09 07:45:00.0000",6.43,100,16.50454330444336,24.46190071105957,34.47218704223633
"2025-02-09 08:00:00.0000",6.57,100,18.566314697265625,28.416839599609375,33.744998931884766
"2025-02-09 08:15:00.0000",6.6,100,21.34718132019043,33.2479133605957,39.52486038208008
"2025-02-09 08:30:00.0000",6.71,100,21.875864028930664,34.70281982421875,46.91068649291992
"2025-02-09 08:45:00.0000",6.79,100,21.072406768798828,32.55815887451172,37.562904357910156
"2025-02-09 09:00:00.0000",6.87,100,21.979324340820312,33.5687370300293,38.34193420410156
"2025-02-09 09:15:00.0000",7.03,100,23.48141098022461,37.45353317260742,50.66596221923828
"2025-02-09 09:30:00.0000",7.17,100,23.20414924621582,36.82183837890625,44.9105110168457
"2025-02-09 09:45:00.0000",7.24,100,22.498821258544922,36.02486801147461,44.09295654296875
"2025-02-09 10:00:00.0000",7.23,100,21.410646438598633,34.080078125,47.47408676147461
"2025-02-09 10:15:00.0000",7.4,100,21.28258514404297,33.0098876953125,43.628719329833984
"2025-02-09 10:30:00.0000",7.5,100,20.958377838134766,32.00056457519531,38.28305435180664
"2025-02-09 10:45:00.0000",7.57,100,20.337623596191406,30.854175567626953,38.63264083862305
"2025-02-09 11:00:00.0000",7.59,100,20.038135528564453,30.498268127441406,43.275062561035156
"2025-02-09 11:15:00.0000",7.6,100,18.75689697265625,27.929597854614258,41.52546310424805
"2025-02-09 11:30:00.0000",7.86,99.85,19.58112335205078,30.58357810974121,40.43657302856445
"2025-02-09 11:45:00.0000",7.83,99.98,19.123437881469727,29.131126403808594,38.77336883544922
"2025-02-09 12:00:00.0000",7.96,99.94,16.93364715576172,26.751262664794922,33.01168441772461
"2025-02-09 12:15:00.0000",8.07,99.83,14.94364070892334,22.560829162597656,28.35830307006836
"2025-02-09 12:30:00.0000",8.19,99.55,15.679827690124512,24.6823673248291,34.97981262207031
"2025-02-09 12:45:00.0000",8.29,99.21,17.04833221435547,28.030166625976562,38.39497375488281
"2025-02-09 13:00:00.0000",8.22,99.51,18.18819808959961,29.844013214111328,37.58245086669922
"2025-02-09 13:15:00.0000",8.42,99.15,19.22073745727539,32.2393684387207,48.432334899902344
"2025-02-09 13:30:00.0000",8.41,98.46,17.810104370117188,27.918048858642578,35.364200592041016
"2025-02-09 13:45:00.0000",8.39,98.09,17.27569580078125,27.660451889038086,35.59358215332031
"2025-02-09 14:00:00.0000",8.5,97.49,18.53591537475586,29.3612003326416,39.8862190246582
"2025-02-09 14:15:00.0000",8.48,97.45,17.558372497558594,27.651447296142578,34.4698371887207
"2025-02-09 14:30:00.0000",8.41,96.92,16.646625518798828,25.489469528198242,32.54977798461914
"2025-02-09 14:45:00.0000",8.4,96.62,16.3261661529541,24.54425048828125,31.678237915039062
"2025-02-09 15:00:00.0000",8.51,96.42,15.290096282958984,23.367080688476562,33.47367477416992
"2025-02-09 15:15:00.0000",8.17,96.71,14.740859031677246,22.092792510986328,30.655797958374023
"2025-02-09 15:30:00.0000",8.14,97.05,14.967039108276367,23.86501121520996,37.90814208984375
"2025-02-09 15:45:00.0000",8.12,97.21,14.062198638916016,22.127302169799805,36.764095306396484
"2025-02-09 16:00:00.0000",8.01,97.31,14.762609481811523,23.587583541870117,39.342872619628906
"2025-02-09 16:15:00.0000",7.96,97.32,14.677467346191406,22.721954345703125,33.933258056640625
"2025-02-09 16:30:00.0000",7.92,98.01,14.585748672485352,22.85359764099121,30.33700180053711
"2025-02-09 16:45:00.0000",7.8,98.56,13.432329177856445,20.78172492980957,27.982807159423828
"2025-02-09 17:00:00.0000",7.72,98.22,11.455568313598633,17.503530502319336,26.047712326049805
"2025-02-09 17:15:00.0000",7.71,97.25,11.377224922180176,17.50347900390625,24.692054748535156
"2025-02-09 17:30:00.0000",7.54,97.31,11.978507041931152,17.86469078063965,24.984392166137695
"2025-02-09 17:45:00.0000",7.57,97.51,10.832660675048828,16.70586395263672,25.0850772857666
"2025-02-09 18:00:00.0000",7.41,97.41,10.988784790039062,16.3546142578125,20.502281188964844
"2025-02-09 18:15:00.0000",7.39,97.58,11.077962875366211,18.001569747924805,32.18157958984375
"2025-02-09 18:30:00.0000",7.37,97.47,10.484542846679688,16.715473175048828,24.90228843688965
"2025-02-09 18:45:00.0000",7.29,96.72,10.950481414794922,16.943403244018555,23.113277435302734
"2025-02-09 19:00:00.0000",7.36,95.22,10.806378364562988,17.304513931274414,24.8188419342041
"2025-02-09 19:15:00.0000",7.33,94.52,11.401100158691406,17.75765037536621,29.039011001586914
"2025-02-09 19:30:00.0000",7.27,94.85,12.282608032226562,18.7264461517334,26.687576293945312
"2025-02-09 19:45:00.0000",7.39,94.23,12.208602905273438,18.905807495117188,26.70477294921875
"2025-02-09 20:00:00.0000",7.43,93.75,11.648773193359375,19.45513916015625,29.993560791015625
"2025-02-09 20:15:00.0000",7.37,93.91,11.793517112731934,18.593921661376953,37.74701690673828
"2025-02-09 20:30:00.0000",7.33,93.4,9.449954986572266,15.569158554077148,22.497926712036133
"2025-02-09 20:45:00.0000",7.3,91.57,9.454021453857422,15.251973152160645,29.766267776489258
"2025-02-09 21:00:00.0000",7.4,90.63,8.75381851196289,13.30020809173584,17.26809310913086
"2025-02-09 21:15:00.0000",7.43,89.54,8.035154342651367,12.937644958496094,21.30698585510254
"2025-02-09 21:30:00.0000",7.48,88.75,8.380270004272461,12.939153671264648,16.261476516723633
"2025-02-09 21:45:00.0000",7.47,88.89,8.560511589050293,14.291255950927734,21.02899742126465
"2025-02-09 22:00:00.0000",7.45,89.65,8.7470121383667,14.570517539978027,23.545867919921875
"2025-02-09 22:15:00.0000",7.39,90.28,8.853999137878418,15.058745384216309,31.101289749145508
"2025-02-09 22:30:00.0000",7.33,90.82,8.30351734161377,13.378954887390137,33.96997833251953
"2025-02-09 22:45:00.0000",7.3,91.31,7.764857292175293,12.641545295715332,19.105234146118164
"2025-02-09 23:00:00.0000",7.16,92.29,7.24675178527832,11.766980171203613,16.813127517700195
"2025-02-09 23:15:00.0000",7.13,92.88,7.350475788116455,11.491497039794922,16.44417381286621
"2025-02-09 23:30:00.0000",7.05,93.52,7.290773868560791,11.536436080932617,15.025091171264648
"2025-02-09 23:45:00.0000",7.01,94.23,4.7603759765625,7.053473472595215,11.381580352783203
"2025-02-10 00:00:00.0000",6.78,94.96,4.525830268859863,6.225276947021484,9.440465927124023
"2025-02-10 00:15:00.0000",6.56,96.04,4.214998722076416,5.669975757598877,8.620481491088867
"2025-02-10 00:30:00.0000",6.43,95.63,5.054989814758301,7.196364879608154,10.419751167297363
"2025-02-10 00:45:00.0000",6.42,95.35,5.960860729217529,9.026501655578613,12.264420509338379
"2025-02-10 01:00:00.0000",6.36,95.41,6.337137699127197,8.948631286621094,16.91026496887207
"2025-02-10 01:15:00.0000",6.37,95.78,6.8711838722229,9.556763648986816,12.484004020690918
"2025-02-10 01:30:00.0000",6.31,96.03,6.202090740203857,9.32783317565918,13.962196350097656
"2025-02-10 01:45:00.0000",6.18,95.71,6.060847759246826,9.09201717376709,12.635303497314453
"2025-02-10 02:00:00.0000",6.19,95.42,5.348844528198242,8.129241943359375,11.07480239868164
"2025-02-10 02:15:00.0000",6.18,95.25,4.916545867919922,7.755465984344482,12.543929100036621
"2025-02-10 02:30:00.0000",6.18,95.16,3.9872636795043945,5.818954944610596,9.774125099182129
"2025-02-10 02:45:00.0000",6.09,95.24,3.851698398590088,5.794820308685303,9.29919719696045
"2025-02-10 03:00:00.0000",6.05,95.01,4.1278228759765625,6.140025615692139,13.308652877807617
"2025-02-10 03:15:00.0000",6,94.91,4.419827461242676,6.18660306930542,8.75242805480957
"2025-02-10 03:30:00.0000",5.72,95.8,5.016746997833252,7.602975368499756,11.210916519165039
"2025-02-10 03:45:00.0000",5.76,95.69,5.0860981941223145,7.764938831329346,11.286857604980469
"2025-02-10 04:00:00.0000",5.68,96.12,5.062867164611816,7.393186569213867,11.755141258239746
"2025-02-10 04:15:00.0000",5.68,96.38,5.218720436096191,8.04149055480957,15.241044998168945
"2025-02-10 04:30:00.0000",5.75,96.55,5.2965474128723145,7.7943830490112305,11.430082321166992
"2025-02-10 04:45:00.0000",5.72,97.45,4.96923828125,7.850794315338135,11.37423038482666
"2025-02-10 05:00:00.0000",5.78,98.17,4.7129597663879395,7.155774116516113,12.135546684265137
"2025-02-10 05:15:00.0000",5.8,98.55,4.81840181350708,7.218286037445068,11.43823528289795
"2025-02-10 05:30:00.0000",5.82,99.15,6.714999198913574,10.72685718536377,15.867630004882812
"2025-02-10 05:45:00.0000",5.77,100,6.875586986541748,10.875782012939453,17.238624572753906
"2025-02-10 06:00:00.0000",5.78,100,7.086964130401611,12.461960792541504,20.574682235717773
"2025-02-10 06:15:00.0000",5.75,100,7.367617130279541,13.126142501831055,25.361553192138672
"2025-02-10 06:30:00.0000",5.8,100,4.9754109382629395,8.572171211242676,16.397140502929688
"2025-02-10 06:45:00.0000",5.8,100,4.303731441497803,8.135153770446777,14.942495346069336
"2025-02-10 07:00:00.0000",5.65,100,5.946556568145752,10.799756050109863,22.457313537597656
"2025-02-10 07:15:00.0000",5.7,100,7.260166645050049,14.370826721191406,29.302841186523438
"2025-02-10 07:30:00.0000",5.76,99.83,8.291261672973633,16.22173500061035,29.40573501586914
"2025-02-10 07:45:00.0000",5.99,98.19,7.607511520385742,15.585952758789062,27.834400177001953
"2025-02-10 08:00:00.0000",5.97,97.56,7.080816745758057,13.176043510437012,27.095294952392578
"2025-02-10 08:15:00.0000",5.81,98.87,6.831972122192383,13.055482864379883,25.844572067260742
"2025-02-10 08:30:00.0000",5.74,99.64,6.758362293243408,11.821763038635254,17.501970291137695
"2025-02-10 08:45:00.0000",5.65,100,6.144398212432861,10.66454792022705,18.251501083374023
"2025-02-10 09:00:00.0000",5.77,99.5,5.98932409286499,10.508169174194336,20.586000442504883
"2025-02-10 09:15:00.0000",5.81,98.7,5.725869655609131,9.802678108215332,14.969759941101074
"2025-02-10 09:30:00.0000",5.72,98.49,4.813868999481201,11.906367301940918,60.46889114379883
"2025-02-10 09:45:00.0000",5.91,97.09,4.1623735427856445,8.857453346252441,32.357994079589844
"2025-02-10 10:00:00.0000",6.05,95.62,4.323263645172119,8.975912094116211,24.557037353515625
"2025-02-10 10:15:00.0000",6.12,94.68,4.328250408172607,7.625527858734131,14.952692985534668
"2025-02-10 10:30:00.0000",6.07,94.2,4.292176246643066,7.287893295288086,15.921282768249512
"2025-02-10 10:45:00.0000",6.19,93.6,4.622900485992432,8.9843168258667,26.328445434570312
"2025-02-10 11:00:00.0000",6.32,92.72,4.872413158416748,9.064226150512695,24.719327926635742
"2025-02-10 11:15:00.0000",6.46,92.06,4.338083744049072,7.660489559173584,21.058504104614258
"2025-02-10 11:30:00.0000",6.51,90.96,4.46384859085083,8.900606155395508,29.6616268157959
"2025-02-10 11:45:00.0000",6.53,90.79,4.091979026794434,7.455721855163574,15.0874662399292
"2025-02-10 12:00:00.0000",6.55,90.96,3.9838078022003174,7.2784810066223145,13.682929039001465
"2025-02-10 12:15:00.0000",6.6,91.14,3.708700180053711,6.540435314178467,14.991387367248535
"2025-02-10 12:30:00.0000",6.61,90.91,3.905021905899048,6.951839447021484,19.462919235229492
"2025-02-10 12:45:00.0000",6.65,90.99,3.1170599460601807,6.550425052642822,13.937213897705078
"2025-02-10 13:00:00.0000",6.62,91.23,3.0776169300079346,5.925868988037109,19.90292739868164
"2025-02-10 13:15:00.0000",6.94,90.11,1.9506809711456299,3.653777599334717,14.935199737548828
"2025-02-10 13:30:00.0000",6.83,89.78,2.4969778060913086,4.423945903778076,8.82283878326416
"2025-02-10 13:45:00.0000",7.02,89.36,1.7284159660339355,3.4960665702819824,15.13952922821045
"2025-02-10 14:00:00.0000",6.85,89.29,1.647550106048584,3.5449414253234863,9.89144515991211
"2025-02-10 14:15:00.0000",6.71,90.16,2.2198221683502197,4.2640509605407715,8.615732192993164
"2025-02-10 14:30:00.0000",6.72,90.67,2.7589035034179688,5.49039888381958,11.049717903137207
"2025-02-10 14:45:00.0000",6.78,91.33,2.7743146419525146,5.771944046020508,16.37744140625
"2025-02-10 15:00:00.0000",6.58,92.66,2.7881534099578857,5.709069728851318,11.618852615356445
"2025-02-10 15:15:00.0000",6.58,93.14,2.4205362796783447,5.307294845581055,16.010805130004883
"2025-02-10 15:30:00.0000",6.7,93.07,2.6031925678253174,4.830306053161621,8.31115436553955
"2025-02-10 15:45:00.0000",6.78,92.66,2.1426525115966797,3.965989351272583,6.8923659324646
"2025-02-10 16:00:00.0000",6.68,91.77,1.9945054054260254,3.588649034500122,8.328239440917969
"2025-02-10 16:15:00.0000",6.7,91.7,2.292823314666748,4.23968505859375,12.794007301330566
"2025-02-10 16:30:00.0000",6.69,91.44,1.77212393283844,3.1567623615264893,9.915338516235352
"2025-02-10 16:45:00.0000",6.43,92.86,1.481445550918579,2.742314577102661,10.719344139099121
"2025-02-10 17:00:00.0000",6.4,92.9,1.9818035364151,3.817495346069336,14.339040756225586
"2025-02-10 17:15:00.0000",6.37,93.49,2.5860610008239746,4.3871026039123535,9.949505805969238
"2025-02-10 17:30:00.0000",6.37,93.66,2.834502696990967,4.894845485687256,12.953363418579102
"2025-02-10 17:45:00.0000",6.38,94.08,2.641556739807129,4.503663063049316,8.343603134155273
"2025-02-10 18:00:00.0000",6.35,94.17,3.2063872814178467,5.294703960418701,9.25904369354248
"2025-02-10 18:15:00.0000",6.28,94.1,3.339231252670288,5.47242546081543,9.372723579406738
"2025-02-10 18:30:00.0000",6.25,94.93,4.204535961151123,6.9720611572265625,13.61520004272461
"2025-02-10 18:45:00.0000",6.05,96.8,5.127674579620361,9.368374824523926,18.23006248474121
"2025-02-10 19:00:00.0000",5.91,98.11,6.340271949768066,12.133660316467285,19.78484344482422
"2025-02-10 19:15:00.0000",5.93,98.92,6.22319221496582,12.137920379638672,18.72330665588379
"2025-02-10 19:30:00.0000",5.83,99.9,6.679775238037109,13.809652328491211,28.22816276550293
"2025-02-10 19:45:00.0000",5.71,100,7.198341369628906,14.171031951904297,22.417673110961914
"2025-02-10 20:00:00.0000",5.53,100,7.9148406982421875,17.804330825805664,37.162269592285156
"2025-02-10 20:15:00.0000",5.35,100,7.7074666023254395,15.17473316192627,23.314189910888672
"2025-02-10 20:30:00.0000",5.42,100,7.37638521194458,14.04600715637207,23.562416076660156
"2025-02-10 20:45:00.0000",5.3,100,7.914502143859863,16.005578994750977,31.8533878326416
"2025-02-10 21:00:00.0000",5.25,100,8.689105033874512,18.350608825683594,30.476755142211914
"2025-02-10 21:15:00.0000",5.17,100,8.505843162536621,19.376811981201172,31.687808990478516
"2025-02-10 21:30:00.0000",5.2,100,7.991796970367432,17.572099685668945,43.929874420166016
"2025-02-10 21:45:00.0000",5.2,100,7.883275032043457,17.634397506713867,38.087135314941406
"2025-02-10 22:00:00.0000",5.21,100,8.022181510925293,17.188194274902344,38.517269134521484
"2025-02-10 22:15:00.0000",5.22,100,8.215030670166016,19.04623031616211,47.328773498535156
"2025-02-10 22:30:00.0000",5.22,100,8.145798683166504,18.990772247314453,46.21521759033203
"2025-02-10 22:45:00.0000",5.14,100,8.25898265838623,18.128023147583008,44.93125534057617
"2025-02-10 23:00:00.0000",5.1,100,8.01029109954834,17.861892700195312,31.10540008544922
"2025-02-10 23:15:00.0000",5.01,100,8.263710975646973,17.764127731323242,31.02555274963379
"2025-02-10 23:30:00.0000",4.94,100,7.2929534912109375,15.051921844482422,24.464876174926758
"2025-02-10 23:45:00.0000",4.94,100,5.277986526489258,9.835002899169922,13.989144325256348
"2025-02-11 00:00:00.0000",4.9,100,4.574041366577148,9.07618522644043,15.007319450378418
"2025-02-11 00:15:00.0000",4.85,100,4.539547920227051,9.271721839904785,19.951601028442383
"2025-02-11 00:30:00.0000",4.76,100,4.332550525665283,8.539473533630371,12.364784240722656
"2025-02-11 00:45:00.0000",4.75,100,4.805398464202881,9.354525566101074,17.21512222290039
"2025-02-11 01:00:00.0000",4.82,100,5.0046515464782715,9.830822944641113,23.154930114746094
"2025-02-11 01:15:00.0000",4.93,100,4.776349067687988,10.450218200683594,18.980562210083008
"2025-02-11 01:30:00.0000",4.97,100,4.576877117156982,9.465794563293457,16.272714614868164
"2025-02-11 01:45:00.0000",5.01,100,4.902360439300537,11.158145904541016,20.53321075439453
"2025-02-11 02:00:00.0000",5.07,100,4.807483196258545,10.77288818359375,19.018972396850586
"2025-02-11 02:15:00.0000",5.08,100,5.605826377868652,12.160405158996582,19.27728271484375
"2025-02-11 02:30:00.0000",5.04,100,5.511202812194824,11.737768173217773,21.159465789794922
"2025-02-11 02:45:00.0000",4.92,100,5.502889633178711,11.595331192016602,18.454456329345703
"2025-02-11 03:00:00.0000",4.91,100,5.246685028076172,10.805343627929688,17.92837905883789
"2025-02-11 03:15:00.0000",4.88,100,5.16829776763916,9.93847942352295,16.973684310913086
"2025-02-11 03:30:00.0000",4.92,100,5.000734329223633,9.228109359741211,16.34022331237793
"2025-02-11 03:45:00.0000",4.97,100,5.322853088378906,9.424029350280762,17.067575454711914
"2025-02-11 04:00:00.0000",4.81,100,5.815901756286621,10.608681678771973,17.65081024169922
"2025-02-11 04:15:00.0000",4.82,100,6.048138618469238,10.327777862548828,16.34684944152832
"2025-02-11 04:30:00.0000",4.87,100,6.915586948394775,11.517282485961914,15.086819648742676
"2025-02-11 04:45:00.0000",4.9,100,7.489449977874756,13.573915481567383,20.65070915222168
"2025-02-11 05:00:00.0000",5.06,100,9.66146183013916,18.04531478881836,29.670434951782227
"2025-02-11 05:15:00.0000",5.19,100,10.901273727416992,18.792327880859375,25.35665512084961
"2025-02-11 05:30:00.0000",5.32,100,11.393965721130371,19.708635330200195,33.724300384521484
"2025-02-11 05:45:00.0000",5.28,100,11.686615943908691,21.345478057861328,32.42422103881836
"2025-02-11 06:00:00.0000",5.31,100,11.789597511291504,18.95102882385254,24.438899993896484
"2025-02-11 06:15:00.0000",5.46,100,11.257616996765137,19.769329071044922,26.487628936767578
"2025-02-11 06:30:00.0000",5.56,100,12.281173706054688,20.730072021484375,29.66839027404785
"2025-02-11 06:45:00.0000",5.63,100,12.384984016418457,22.797916412353516,31.741174697875977
"2025-02-11 07:00:00.0000",5.63,100,13.04956340789795,23.424949645996094,32.38593292236328
"2025-02-11 07:15:00.0000",5.69,100,13.970279693603516,25.98219108581543,49.79960250854492
"2025-02-11 07:30:00.0000",5.7,100,13.051024436950684,24.540828704833984,45.752201080322266
"2025-02-11 07:45:00.0000",5.8,100,11.894509315490723,22.038219451904297,41.5933723449707
"2025-02-11 08:00:00.0000",5.89,100,12.106029510498047,21.166574478149414,36.036869049072266
"2025-02-11 08:15:00.0000",6.19,99.95,12.330381393432617,22.136125564575195,35.497928619384766
"2025-02-11 08:30:00.0000",6.11,100,12.308802604675293,22.2594051361084,38.19781494140625
"2025-02-11 08:45:00.0000",6.08,99.97,11.542186737060547,19.808515548706055,34.34571838378906
"2025-02-11 09:00:00.0000",6.12,100,11.469799995422363,20.23470115661621,33.98460006713867
"2025-02-11 09:15:00.0000",6.11,100,10.859480857849121,19.99533462524414,31.834569931030273
"2025-02-11 09:30:00.0000",6.24,100,10.671405792236328,18.887985229492188,27.272567749023438
"2025-02-11 09:45:00.0000",6.29,100,11.449549674987793,20.39681053161621,28.212068557739258
"2025-02-11 10:00:00.0000",6.4,99.94,12.233988761901855,22.974544525146484,38.59473419189453
"2025-02-11 10:15:00.0000",6.42,99.95,11.841032028198242,20.84619903564453,33.05853271484375
"2025-02-11 10:30:00.0000",6.61,99.53,11.015389442443848,20.223920822143555,33.125545501708984
"2025-02-11 10:45:00.0000",6.6,98.94,11.158714294433594,21.71848487854004,35.877071380615234
"2025-02-11 11:00:00.0000",6.62,98.98,10.089733123779297,19.920467376708984,33.12453842163086
"2025-02-11 11:15:00.0000",6.65,98.54,10.164191246032715,20.952348709106445,42.49006271362305
"2025-02-11 11:30:00.0000",6.71,98.39,10.283564567565918,21.263946533203125,44.119747161865234
"2025-02-11 11:45:00.0000",6.78,98.18,10.491904258728027,20.11414337158203,30.55337142944336
"2025-02-11 12:00:00.0000",6.81,98.08,11.353949546813965,23.041532516479492,48.859771728515625
"2025-02-11 12:15:00.0000",6.87,98.05,12.458014488220215,24.928735733032227,48.389190673828125
"2025-02-11 12:30:00.0000",6.86,98.15,11.351226806640625,23.35835075378418,44.58106994628906
"2025-02-11 12:45:00.0000",6.76,97.97,12.556011199951172,25.41412925720215,51.70221710205078
"2025-02-11 13:00:00.0000",6.92,97.42,12.919024467468262,27.402332305908203,47.8790283203125
"2025-02-11 13:15:00.0000",6.94,96.96,13.135175704956055,26.694555282592773,42.39337921142578
"2025-02-11 13:30:00.0000",6.9,97.06,11.61378002166748,25.298906326293945,47.56443786621094
"2025-02-11 13:45:00.0000",6.81,97.77,11.369747161865234,26.58701515197754,56.99720001220703
"2025-02-11 14:00:00.0000",6.8,98.31,10.792135238647461,24.142990112304688,46.23435592651367
"2025-02-11 14:15:00.0000",6.88,98.1,10.441963195800781,24.1852970123291,63.471317291259766
"2025-02-11 14:30:00.0000",6.98,97.95,8.141833305358887,19.40708351135254,42.087982177734375
"2025-02-11 14:45:00.0000",6.88,99.23,9.237133979797363,19.781131744384766,37.54557800292969
"2025-02-11 15:00:00.0000",6.81,100,8.821298599243164,20.174724578857422,33.315406799316406
"2025-02-11 15:15:00.0000",6.51,100,9.983160018920898,20.877153396606445,33.84211349487305
"2025-02-11 15:30:00.0000",6.47,100,10.490509986877441,24.224349975585938,54.01158905029297
"2025-02-11 15:45:00.0000",6.43,100,10.40372085571289,24.97559356689453,51.77659225463867
"2025-02-11 16:00:00.0000",6.32,100,10.167750358581543,23.41864013671875,51.69950485229492
"2025-02-11 16:15:00.0000",6.15,100,9.252212524414062,19.684419631958008,45.518795013427734
"2025-02-11 16:30:00.0000",6.18,100,8.798884391784668,20.3201961517334,40.793704986572266
"2025-02-11 16:45:00.0000",6.08,100,9.924371719360352,21.630237579345703,52.629783630371094
"2025-02-11 17:00:00.0000",6.12,100,11.650615692138672,24.523502349853516,46.775272369384766
"2025-02-11 17:15:00.0000",6.22,100,10.646612167358398,23.004356384277344,41.6654052734375
"2025-02-11 17:30:00.0000",6.24,100,10.116862297058105,19.310449600219727,34.75725555419922
"2025-02-11 17:45:00.0000",6.05,100,10.190858840942383,19.428977966308594,30.94459342956543
"2025-02-11 18:00:00.0000",5.73,100,10.340195655822754,19.642349243164062,33.14409255981445
"2025-02-11 18:15:00.0000",5.8,100,9.425615310668945,17.117816925048828,28.076425552368164
"2025-02-11 18:30:00.0000",5.86,100,10.853304862976074,20.57460594177246,29.490201950073242
"2025-02-11 18:45:00.0000",5.9,100,11.671280860900879,21.287755966186523,31.677745819091797
"2025-02-11 19:00:00.0000",6.03,100,11.561264991760254,21.555192947387695,36.1895637512207
"2025-02-11 19:15:00.0000",6,100,10.13924789428711,18.311655044555664,30.800357818603516
"2025-02-11 19:30:00.0000",6.05,100,9.45352840423584,16.428598403930664,23.571983337402344
"2025-02-11 19:45:00.0000",6.03,100,8.728104591369629,16.78714942932129,26.778423309326172
"2025-02-11 20:00:00.0000",6,100,8.156274795532227,14.234940528869629,23.199604034423828
"2025-02-11 20:15:00.0000",5.86,100,8.76916790008545,15.626063346862793,23.743934631347656
"2025-02-11 20:30:00.0000",5.77,100,8.439008712768555,14.800265312194824,23.899093627929688
"2025-02-11 20:45:00.0000",5.73,100,8.201981544494629,15.092597961425781,23.248924255371094
"2025-02-11 21:00:00.0000",5.7,100,8.782376289367676,15.492361068725586,24.771265029907227
"2025-02-11 21:15:00.0000",5.74,100,8.257922172546387,14.090486526489258,22.358169555664062
"2025-02-11 21:30:00.0000",5.65,100,8.694792747497559,14.845464706420898,22.754436492919922
"2025-02-11 21:45:00.0000",5.67,100,8.373525619506836,13.56405258178711,20.343339920043945
"2025-02-11 22:00:00.0000",5.73,100,8.676227569580078,13.597631454467773,17.633811950683594
"2025-02-11 22:15:00.0000",5.68,100,9.751651763916016,15.484306335449219,22.369464874267578
"2025-02-11 22:30:00.0000",5.61,100,8.74799633026123,14.474530220031738,20.47582244873047
"2025-02-11 22:45:00.0000",5.56,100,8.153186798095703,12.405153274536133,17.499467849731445
"2025-02-11 23:00:00.0000",5.65,100,8.7567777633667,13.67644214630127,19.83163070678711
"2025-02-11 23:15:00.0000",5.52,100,8.25831413269043,13.355596542358398,19.227798461914062
"2025-02-11 23:30:00.0000",5.47,100,8.669075012207031,13.575432777404785,19.4255313873291
"2025-02-11 23:45:00.0000",5.4,100,9.686973571777344,13.934233665466309,18.421066284179688
"2025-02-12 00:00:00.0000",5.4,100,9.193231582641602,13.440831184387207,16.991079330444336
"2025-02-12 00:15:00.0000",5.42,100,9.898003578186035,14.502429962158203,21.487957000732422
"2025-02-12 00:30:00.0000",5.43,100,10.394332885742188,15.460426330566406,20.06595230102539
"2025-02-12 00:45:00.0000",5.43,100,12.683863639831543,19.069671630859375,22.94729995727539
"2025-02-12 01:00:00.0000",5.31,100,13.689733505249023,21.179550170898438,28.461402893066406
"2025-02-12 01:15:00.0000",5.26,100,14.759756088256836,21.941194534301758,26.97490119934082
"2025-02-12 01:30:00.0000",5.13,100,13.806894302368164,19.89340591430664,23.264530181884766
"2025-02-12 01:45:00.0000",4.95,100,14.188705444335938,21.09556770324707,29.395090103149414
"2025-02-12 02:00:00.0000",4.89,100,13.317534446716309,21.544261932373047,28.45285987854004
"2025-02-12 02:15:00.0000",5,100,11.657320022583008,16.66517448425293,19.972930908203125
"2025-02-12 02:30:00.0000",5.14,100,11.67061710357666,18.87578773498535,25.59983253479004
"2025-02-12 02:45:00.0000",5.07,100,11.425912857055664,17.950122833251953,22.718734741210938
"2025-02-12 03:00:00.0000",5.22,100,11.60598373413086,18.81858253479004,30.522640228271484
"2025-02-12 03:15:00.0000",5.24,100,11.392779350280762,18.591510772705078,27.5114803314209
"2025-02-12 03:30:00.0000",5.23,100,11.16484260559082,17.645904541015625,22.826845169067383
"2025-02-12 03:45:00.0000",5.21,100,11.474005699157715,18.575090408325195,25.05571746826172
"2025-02-12 04:00:00.0000",5.32,100,10.933428764343262,17.84661865234375,25.707754135131836
"2025-02-12 04:15:00.0000",5.35,100,11.782617568969727,19.02474594116211,24.44785499572754
"2025-02-12 04:30:00.0000",5.38,100,11.15327262878418,17.752037048339844,23.682601928710938
"2025-02-12 04:45:00.0000",5.39,100,11.17361831665039,18.801156997680664,31.0424861907959
"2025-02-12 05:00:00.0000",5.33,100,10.837443351745605,18.590547561645508,25.66390037536621
"2025-02-12 05:15:00.0000",5.34,100,10.99090576171875,17.049297332763672,20.711139678955078
"2025-02-12 05:30:00.0000",5.4,100,11.200003623962402,18.822324752807617,25.48210334777832
"2025-02-12 05:45:00.0000",5.4,100,11.159502983093262,18.22078514099121,26.502885818481445
"2025-02-12 06:00:00.0000",5.32,100,10.996092796325684,18.266916275024414,25.458669662475586
"2025-02-12 06:15:00.0000",5.22,100,10.750750541687012,16.649940490722656,24.83380126953125
"2025-02-12 06:30:00.0000",5.23,100,10.567873001098633,16.76661491394043,24.528724670410156
"2025-02-12 06:45:00.0000",5.23,100,11.572953224182129,17.6184024810791,29.193164825439453
"2025-02-12 07:00:00.0000",5.3,100,11.925333976745605,19.690628051757812,35.222652435302734
"2025-02-12 07:15:00.0000",5.32,100,12.001799583435059,19.12298011779785,30.205238342285156
"2025-02-12 07:30:00.0000",5.37,100,12.961814880371094,20.627683639526367,28.130041122436523
"2025-02-12 07:45:00.0000",5.39,100,13.469367027282715,22.49496841430664,29.12999153137207
"2025-02-12 08:00:00.0000",5.4,100,13.293220520019531,21.303739547729492,31.390113830566406
"2025-02-12 08:15:00.0000",5.33,100,14.98550796508789,23.355850219726562,32.76416778564453
"2025-02-12 08:30:00.0000",5.27,100,15.484122276306152,24.718942642211914,37.427711486816406
"2025-02-12 08:45:00.0000",5.35,100,17.679746627807617,30.385316848754883,46.69170379638672
"2025-02-12 09:00:00.0000",5.33,100,16.96320152282715,30.362287521362305,51.79651641845703
"2025-02-12 09:15:00.0000",5.44,100,15.869364738464355,26.37873649597168,42.433528900146484
"2025-02-12 09:30:00.0000",5.55,100,15.887192726135254,28.0645751953125,49.52125930786133
"2025-02-12 09:45:00.0000",5.65,100,15.14842414855957,26.861553192138672,43.28150177001953
"2025-02-12 10:00:00.0000",5.76,100,14.263697624206543,25.98697280883789,43.69887924194336
"2025-02-12 10:15:00.0000",5.88,100,16.02474021911621,28.133136749267578,41.563133239746094
"2025-02-12 10:30:00.0000",5.99,100,14.092202186584473,25.272926330566406,43.84771728515625
"2025-02-12 10:45:00.0000",6.05,100,13.881404876708984,24.653608322143555,47.09568405151367
"2025-02-12 11:00:00.0000",6.23,100,13.593826293945312,24.519527435302734,40.2234992980957
"2025-02-12 11:15:00.0000",6.42,100,14.180410385131836,25.782827377319336,45.219539642333984
"2025-02-12 11:30:00.0000",6.47,99.9,14.864736557006836,27.571279525756836,52.64404296875
"2025-02-12 11:45:00.0000",6.84,99.04,14.55982780456543,26.133970260620117,49.414695739746094
"2025-02-12 12:00:00.0000",7.19,97.41,14.827238082885742,26.588672637939453,45.50139617919922
"2025-02-12 12:15:00.0000",7.39,95.69,14.780282020568848,25.58224868774414,43.856266021728516
"2025-02-12 12:30:00.0000",7.44,94.77,14.880781173706055,24.693363189697266,44.1023063659668
"2025-02-12 12:45:00.0000",7.51,94.28,14.435824394226074,24.80436897277832,41.01992416381836
"2025-02-12 13:00:00.0000",7.59,93.29,12.892617225646973,21.880184173583984,39.292015075683594
"2025-02-12 13:15:00.0000",7.41,93.15,10.571274757385254,17.525306701660156,25.021699905395508
"2025-02-12 13:30:00.0000",7.43,92.44,10.689218521118164,16.926794052124023,23.093446731567383
"2025-02-12 13:45:00.0000",7.69,91.56,12.342668533325195,20.010013580322266,26.58405303955078
"2025-02-12 14:00:00.0000",7.68,90.99,12.041614532470703,20.008541107177734,34.22071075439453
"2025-02-12 14:15:00.0000",7.56,91.54,12.003766059875488,18.603878021240234,23.72959327697754
"2025-02-12 14:30:00.0000",7.48,91.85,12.985440254211426,21.58806610107422,30.3768253326416
"2025-02-12 14:45:00.0000",7.5,92.07,14.567453384399414,24.037046432495117,35.65182876586914
"2025-02-12 15:00:00.0000",7.61,91.81,14.95659065246582,25.1744384765625,34.8383674621582
"2025-02-12 15:15:00.0000",7.5,91.18,14.803858757019043,26.559043884277344,47.91463851928711
"2025-02-12 15:30:00.0000",7.53,90.54,14.05481243133545,25.768007278442383,47.44266891479492
"2025-02-12 15:45:00.0000",7.14,91.42,13.377373695373535,23.776411056518555,46.29010009765625
"2025-02-12 16:00:00.0000",7.08,91.86,13.938260078430176,25.536558151245117,47.967403411865234
"2025-02-12 16:15:00.0000",7.03,92.65,14.601411819458008,25.79481315612793,55.52432632446289
"2025-02-12 16:30:00.0000",7.11,93.21,14.818123817443848,25.550466537475586,42.38163757324219
"2025-02-12 16:45:00.0000",7.11,93.53,11.946829795837402,19.94550895690918,32.54591369628906
"2025-02-12 17:00:00.0000",6.62,94.82,12.121798515319824,20.574277877807617,29.127601623535156
"2025-02-12 17:15:00.0000",6.52,95.85,12.552925109863281,21.779125213623047,30.448925018310547
"2025-02-12 17:30:00.0000",6.46,95.44,13.430679321289062,22.280202865600586,34.018707275390625
"2025-02-12 17:45:00.0000",6.51,94.92,12.461289405822754,22.24114227294922,39.93806838989258
"2025-02-12 18:00:00.0000",6.53,94.89,13.333894729614258,23.501785278320312,41.41328048706055
"2025-02-12 18:15:00.0000",6.42,95.17,11.461441040039062,19.679290771484375,35.67536544799805
"2025-02-12 18:30:00.0000",6.3,94.56,10.1473970413208,18.06756591796875,31.066125869750977
"2025-02-12 18:45:00.0000",6.29,94.34,9.679694175720215,16.879955291748047,25.68775749206543
"2025-02-12 19:00:00.0000",6.25,94.24,7.053286075592041,12.255825996398926,26.166358947753906
"2025-02-12 19:15:00.0000",6.32,91.97,11.592479705810547,19.588672637939453,30.840368270874023
"2025-02-12 19:30:00.0000",6.22,95.19,11.507645606994629,19.99898338317871,37.01948928833008
"2025-02-12 19:45:00.0000",6.18,96.51,12.434684753417969,19.412031173706055,28.865320205688477
"2025-02-12 20:00:00.0000",6.02,97.67,12.003562927246094,19.10097885131836,31.547256469726562
"2025-02-12 20:15:00.0000",5.96,98.21,11.410957336425781,18.288902282714844,32.79669952392578
"2025-02-12 20:30:00.0000",5.88,98.72,11.420746803283691,18.261837005615234,28.24737548828125
"2025-02-12 20:45:00.0000",5.93,98.78,11.424365043640137,18.599912643432617,28.319896697998047
"2025-02-12 21:00:00.0000",5.93,98.62,11.074833869934082,17.664913177490234,26.301082611083984
"2025-02-12 21:15:00.0000",5.85,98.82,11.623135566711426,18.526527404785156,28.58414649963379
"2025-02-12 21:30:00.0000",5.89,98.89,13.460822105407715,21.414379119873047,31.701255798339844
"2025-02-12 21:45:00.0000",5.86,99.61,12.408909797668457,19.66779327392578,29.292722702026367
"2025-02-12 22:00:00.0000",5.82,99.87,12.029513359069824,20.452789306640625,31.884798049926758
"2025-02-12 22:15:00.0000",5.84,100,12.853052139282227,21.494686126708984,35.56220245361328
"2025-02-12 22:30:00.0000",5.77,100,12.566454887390137,20.223526000976562,29.25050926208496
"2025-02-12 22:45:00.0000",5.76,99.92,12.060405731201172,19.259138107299805,28.655954360961914
"2025-02-12 23:00:00.0000",5.81,99.89,12.387223243713379,20.209203720092773,36.236167907714844
"2025-02-12 23:15:00.0000",5.77,99.35,12.672109603881836,20.97492790222168,29.596189498901367
"2025-02-12 23:30:00.0000",5.8,99.84,13.061304092407227,20.90027618408203,40.03963088989258
"2025-02-12 23:45:00.0000",5.64,100,13.277871131896973,20.886898040771484,27.733354568481445
"2025-02-13 00:00:00.0000",5.52,100,12.2752685546875,19.67472267150879,26.783262252807617
"2025-02-13 00:15:00.0000",5.58,98.95,12.411651611328125,20.00156593322754,32.127262115478516
"2025-02-13 00:30:00.0000",5.54,97.28,11.885319709777832,18.73390769958496,26.24317169189453
"2025-02-13 00:45:00.0000",5.55,96,12.058480262756348,20.435321807861328,34.35743713378906
"2025-02-13 01:00:00.0000",5.57,95.06,11.635964393615723,19.641447067260742,30.36479949951172
"2025-02-13 01:15:00.0000",5.5,94.64,13.133586883544922,23.342750549316406,45.202117919921875
"2025-02-13 01:30:00.0000",5.46,94.38,12.035805702209473,20.89795684814453,32.17464828491211
"2025-02-13 01:45:00.0000",5.38,94.47,12.615035057067871,21.015783309936523,37.965023040771484
"2025-02-13 02:00:00.0000",5.33,95.27,12.179656028747559,20.515480041503906,34.93756103515625
"2025-02-13 02:15:00.0000",5.26,95.61,12.752959251403809,23.488914489746094,42.17498016357422
"2025-02-13 02:30:00.0000",5.24,95.54,11.98563289642334,21.52126693725586,47.94220733642578
"2025-02-13 02:45:00.0000",5.24,95.6,10.875,20.155488967895508,44.33355712890625
"2025-02-13 03:00:00.0000",5.17,95.38,10.047637939453125,19.334308624267578,34.73992919921875
"2025-02-13 03:15:00.0000",5.05,95.11,8.762944221496582,18.070438385009766,41.763458251953125
"2025-02-13 03:30:00.0000",4.99,94.12,8.225101470947266,16.508716583251953,35.596038818359375
"2025-02-13 03:45:00.0000",4.93,93.44,7.94038200378418,14.800108909606934,27.86597442626953
"2025-02-13 04:00:00.0000",4.83,93.5,7.426869869232178,15.679126739501953,36.0084228515625
"2025-02-13 04:15:00.0000",4.8,92.48,6.989192485809326,14.555070877075195,31.625507354736328
"2025-02-13 04:30:00.0000",4.74,91.2,6.609745025634766,12.805254936218262,27.272573471069336
"2025-02-13 04:45:00.0000",4.56,90.35,5.812627792358398,11.991783142089844,26.084321975708008
"2025-02-13 05:00:00.0000",4.35,89.94,5.753870964050293,11.93982219696045,23.195581436157227
"2025-02-13 05:15:00.0000",4.23,89.62,5.926660060882568,12.622151374816895,39.04865264892578
"2025-02-13 05:30:00.0000",4.12,88.9,5.447068691253662,10.674023628234863,25.414081573486328
"2025-02-13 05:45:00.0000",4.11,86.93,5.413346290588379,12.108139991760254,30.04610252380371
"2025-02-13 06:00:00.0000",4.14,86.59,5.746800422668457,11.676284790039062,30.40865135192871
"2025-02-13 06:15:00.0000",4.18,86.01,5.790938377380371,12.742449760437012,30.21049690246582
"2025-02-13 06:30:00.0000",4.23,85.67,5.081894397735596,11.5792818069458,33.16731262207031
"2025-02-13 06:45:00.0000",4.24,85.95,5.018110752105713,12.648980140686035,37.184627532958984
"2025-02-13 07:00:00.0000",4.33,85.87,4.163211822509766,10.132582664489746,29.627880096435547
"2025-02-13 07:15:00.0000",4.37,85.36,3.784818172454834,9.184720039367676,20.290075302124023
"2025-02-13 07:30:00.0000",4.38,84.44,3.2898502349853516,8.845056533813477,40.04540252685547
"2025-02-13 07:45:00.0000",4.31,83.35,3.2763619422912598,9.389020919799805,29.79695701599121
"2025-02-13 08:00:00.0000",4.39,83.98,3.133138418197632,8.706779479980469,36.09815216064453
"2025-02-13 08:15:00.0000",4.42,84.38,3.0569024085998535,9.041184425354004,29.09995460510254
"2025-02-13 08:30:00.0000",4.38,84.55,2.920602560043335,8.114069938659668,38.22706985473633
"2025-02-13 08:45:00.0000",4.41,84.33,2.738844394683838,8.252692222595215,32.546112060546875
"2025-02-13 09:00:00.0000",4.48,84.37,2.6252074241638184,8.364130020141602,33.578834533691406
"2025-02-13 09:15:00.0000",4.51,84.09,2.6508562564849854,8.597349166870117,26.296205520629883
"2025-02-13 09:30:00.0000",4.56,83.87,2.577638864517212,7.700442790985107,22.022655487060547
"2025-02-13 09:45:00.0000",4.68,82.96,2.8292102813720703,9.26054859161377,39.365299224853516
"2025-02-13 10:00:00.0000",4.79,81.99,2.8188741207122803,7.869837760925293,29.546953201293945
"2025-02-13 10:15:00.0000",4.91,81.69,2.31070613861084,7.08353853225708,17.179594039916992
"2025-02-13 10:30:00.0000",4.78,79.79,2.3126707077026367,7.271437644958496,19.488372802734375
"2025-02-13 10:45:00.0000",4.94,77.78,2.364454507827759,6.69874906539917,19.63302993774414
"2025-02-13 11:00:00.0000",5.13,76.37,2.1274688243865967,6.181140899658203,13.561697959899902
"2025-02-13 11:15:00.0000",5.19,75.38,2.457068681716919,6.345891952514648,13.805449485778809
"2025-02-13 11:30:00.0000",5.14,76.71,2.5672073364257812,7.067906856536865,25.76657485961914
"2025-02-13 11:45:00.0000",5.24,77.32,2.396859884262085,6.845256328582764,18.027732849121094
"2025-02-13 12:00:00.0000",5.13,77.83,2.4897117614746094,7.000845432281494,32.295379638671875
"2025-02-13 12:15:00.0000",5.14,77.9,2.4215989112854004,6.780826568603516,16.633752822875977
"2025-02-13 12:30:00.0000",5.16,78.01,2.26405930519104,5.855794906616211,23.318458557128906
"2025-02-13 12:45:00.0000",5.25,76.19,1.9065382480621338,5.180566310882568,14.979796409606934
"2025-02-13 13:00:00.0000",5.26,74,2.018432855606079,5.269747734069824,22.903846740722656
"2025-02-13 13:15:00.0000",5.25,74.67,2.0778865814208984,5.96599006652832,17.732606887817383
"2025-02-13 13:30:00.0000",5.19,75.17,2.2552638053894043,6.685354709625244,17.716032028198242
"2025-02-13 13:45:00.0000",5.24,75.59,2.495809316635132,6.631939888000488,20.680591583251953
"2025-02-13 14:00:00.0000",5.27,74.34,2.0870718955993652,5.964139461517334,20.474454879760742
"2025-02-13 14:15:00.0000",5.3,74.41,2.524991512298584,6.2698750495910645,13.759982109069824
"2025-02-13 14:30:00.0000",5.31,74.34,2.1104695796966553,5.054310321807861,21.597272872924805
"2025-02-13 14:45:00.0000",5.18,73.32,2.245455265045166,5.671603202819824,16.62344741821289
"2025-02-13 15:00:00.0000",5.15,73.83,2.299344778060913,5.76788854598999,17.511301040649414
"2025-02-13 15:15:00.0000",5.03,74.4,2.3558685779571533,6.158944129943848,22.919353485107422
"2025-02-13 15:30:00.0000",5,75.13,2.5088484287261963,5.325209140777588,11.871170043945312
"2025-02-13 15:45:00.0000",5.02,75.06,1.7627829313278198,3.71584153175354,19.96123695373535
"2025-02-13 16:00:00.0000",4.98,73.29,1.8901864290237427,4.667708396911621,14.727930068969727
"2025-02-13 16:15:00.0000",4.91,74.65,2.163059949874878,4.992064952850342,14.290497779846191
"2025-02-13 16:30:00.0000",4.9,75.98,2.2504308223724365,5.287346363067627,13.502375602722168
"2025-02-13 16:45:00.0000",4.92,76.4,2.6999456882476807,5.940958499908447,17.914358139038086
"2025-02-13 17:00:00.0000",4.85,77.47,2.225054979324341,4.554654598236084,12.06768798828125
"2025-02-13 17:15:00.0000",4.55,77.43,2.4351680278778076,5.613816261291504,13.587600708007812
"2025-02-13 17:30:00.0000",4.7,77.38,2.2568585872650146,5.485630512237549,14.774280548095703
"2025-02-13 17:45:00.0000",4.6,77.32,2.2771923542022705,5.322585105895996,15.522088050842285
"2025-02-13 18:00:00.0000",4.56,78.55,2.6093966960906982,6.302388668060303,19.244373321533203
"2025-02-13 18:15:00.0000",4.41,79.44,3.1577212810516357,6.077244758605957,11.237679481506348
"2025-02-13 18:30:00.0000",4.45,79.55,3.3168087005615234,7.334848880767822,20.688127517700195
"2025-02-13 18:45:00.0000",4.36,79.83,2.817828893661499,6.035126209259033,12.668390274047852
"2025-02-13 19:00:00.0000",4.34,80.65,2.6429262161254883,4.717236518859863,9.204521179199219
"2025-02-13 19:15:00.0000",4.28,80.17,2.7389566898345947,5.933110237121582,11.05959415435791
"2025-02-13 19:30:00.0000",4.31,79.72,2.5642778873443604,5.635341644287109,12.524303436279297
"2025-02-13 19:45:00.0000",4.26,80.31,2.5282790660858154,4.563040256500244,8.244053840637207
"2025-02-13 20:00:00.0000",4.19,80.15,2.5566329956054688,5.672529220581055,14.719098091125488
"2025-02-13 20:15:00.0000",4.24,79.98,3.020892381668091,6.416001319885254,16.948646545410156
"2025-02-13 20:30:00.0000",4.3,81.28,2.9821619987487793,6.133347511291504,19.580774307250977
"2025-02-13 20:45:00.0000",4.14,82.24,3.240906238555908,7.0842604637146,19.696544647216797
"2025-02-13 21:00:00.0000",4.06,83.05,2.858051300048828,5.968604564666748,16.212305068969727
"2025-02-13 21:15:00.0000",4.01,80.09,3.078352928161621,6.05751371383667,16.117828369140625
"2025-02-13 21:30:00.0000",3.9,78.39,3.0548665523529053,6.4647932052612305,15.56668758392334
"2025-02-13 21:45:00.0000",3.93,78.7,3.2463531494140625,6.6624884605407715,16.62639045715332
"2025-02-13 22:00:00.0000",3.95,78.25,3.1776318550109863,6.257181644439697,12.752853393554688
"2025-02-13 22:15:00.0000",3.98,78.54,3.476189136505127,7.224120140075684,17.372114181518555
"2025-02-13 22:30:00.0000",4.02,78.88,3.674992561340332,7.299220085144043,20.407323837280273
"2025-02-13 22:45:00.0000",4.01,79.6,3.3183846473693848,6.417603969573975,17.217212677001953
"2025-02-13 23:00:00.0000",3.99,79.56,3.4323434829711914,6.427096366882324,11.953950881958008
"2025-02-13 23:15:00.0000",4.11,79.51,3.4546597003936768,6.840424537658691,13.005678176879883
"2025-02-13 23:30:00.0000",4.07,80.07,3.5028953552246094,6.092324256896973,10.763303756713867
"2025-02-13 23:45:00.0000",4.06,80.21,4.099808216094971,7.371802806854248,19.348146438598633
"2025-02-14 00:00:00.0000",4.06,80.81,4.781165599822998,8.497187614440918,19.796001434326172
"2025-02-14 00:15:00.0000",4.04,81.69,4.871123790740967,8.482505798339844,21.605499267578125
"2025-02-14 00:30:00.0000",4.04,81.45,5.016483306884766,8.619437217712402,13.254094123840332
"2025-02-14 00:45:00.0000",4.06,82.47,4.828729629516602,7.7844109535217285,16.985675811767578
"2025-02-14 01:00:00.0000",4,82.53,4.533158779144287,7.712080478668213,12.346026420593262
"2025-02-14 01:15:00.0000",3.78,80.05,4.41560697555542,7.699106693267822,13.984297752380371
"2025-02-14 01:30:00.0000",3.69,79.47,4.716249942779541,8.164295196533203,16.538745880126953
"2025-02-14 01:45:00.0000",3.6,79.59,4.9118876457214355,7.786725044250488,14.329776763916016
"2025-02-14 02:00:00.0000",3.49,79.89,4.95770788192749,8.41915512084961,15.55440616607666
"2025-02-14 02:15:00.0000",3.39,79.78,5.1788649559021,8.822616577148438,19.1667423248291
"2025-02-14 02:30:00.0000",3.22,80.74,5.3659281730651855,8.792732238769531,18.693279266357422
"2025-02-14 02:45:00.0000",3.14,81.14,5.623149871826172,8.972247123718262,13.044293403625488
"2025-02-14 03:00:00.0000",3.06,82.86,5.646633148193359,8.940232276916504,13.641009330749512
"2025-02-14 03:15:00.0000",2.99,83.99,5.854012966156006,9.882049560546875,20.69921875
"2025-02-14 03:30:00.0000",2.86,85.22,5.361056804656982,9.053881645202637,14.689823150634766
"2025-02-14 03:45:00.0000",2.68,85.67,5.160612106323242,8.94222354888916,16.325733184814453
"2025-02-14 04:00:00.0000",2.5,85.7,5.087646961212158,9.184344291687012,20.958717346191406
"2025-02-14 04:15:00.0000",2.36,85.95,5.387405872344971,8.81004810333252,13.558486938476562
"2025-02-14 04:30:00.0000",2.26,86.88,5.819328784942627,10.280675888061523,21.29922866821289
"2025-02-14 04:45:00.0000",2.21,87.46,5.457441806793213,9.563968658447266,16.438438415527344
"2025-02-14 05:00:00.0000",2.2,87.34,5.468695640563965,9.35710620880127,13.910805702209473
"2025-02-14 05:15:00.0000",2.25,87.34,4.951709747314453,8.129354476928711,13.426300048828125
"2025-02-14 05:30:00.0000",2.24,87.24,5.079513072967529,8.460992813110352,17.197797775268555
"2025-02-14 05:45:00.0000",2.23,87.48,4.645095348358154,7.786077499389648,16.253318786621094
"2025-02-14 06:00:00.0000",2.25,87.3,4.464355945587158,8.150162696838379,21.409198760986328
"2025-02-14 06:15:00.0000",2.29,86.75,4.628885269165039,8.462348937988281,18.14103889465332
"2025-02-14 06:30:00.0000",2.34,86.49,4.57148551940918,8.159085273742676,18.90662956237793
"2025-02-14 06:45:00.0000",2.42,86.06,4.333535671234131,8.466526985168457,22.49843978881836
"2025-02-14 07:00:00.0000",2.55,85.55,4.597195148468018,8.782370567321777,16.735698699951172
"2025-02-14 07:15:00.0000",2.67,85.28,4.249026775360107,7.81857967376709,14.16357135772705
"2025-02-14 07:30:00.0000",2.75,84.89,4.024319648742676,7.603137969970703,16.585037231445312
"2025-02-14 07:45:00.0000",2.87,84.54,3.649590253829956,6.2713704109191895,10.247476577758789
"2025-02-14 08:00:00.0000",2.94,84.41,3.8161981105804443,7.616781711578369,16.321369171142578
"2025-02-14 08:15:00.0000",3.07,84.04,3.4011223316192627,6.692584991455078,12.630224227905273
"2025-02-14 08:30:00.0000",3.21,83.93,3.0045907497406006,5.612677097320557,11.885321617126465
"2025-02-14 08:45:00.0000",3.3,83.55,3.283724308013916,7.266147136688232,21.362991333007812
"2025-02-14 09:00:00.0000",3.44,83.25,3.0825564861297607,6.498112201690674,15.448433876037598
"2025-02-14 09:15:00.0000",3.58,82.68,3.2519352436065674,7.219257831573486,26.517637252807617
"2025-02-14 09:30:00.0000",3.74,82.27,3.2461438179016113,6.318024635314941,19.1724910736084
"2025-02-14 09:45:00.0000",3.89,82.27,3.2863223552703857,6.489173412322998,20.475727081298828
"2025-02-14 10:00:00.0000",4.1,81.93,3.313331127166748,6.643293857574463,19.043087005615234
"2025-02-14 10:15:00.0000",4.33,80.77,3.6434855461120605,7.846107006072998,27.99728775024414
"2025-02-14 10:30:00.0000",4.61,79.76,3.5915865898132324,6.9519805908203125,27.818761825561523
"2025-02-14 10:45:00.0000",5.5,76.7,3.96389102935791,8.25739574432373,21.290491104125977
"2025-02-14 11:00:00.0000",6.98,71.44,3.5404775142669678,6.294613361358643,15.898958206176758
"2025-02-14 11:15:00.0000",6.04,73.67,3.997016191482544,7.997068881988525,30.351341247558594
"2025-02-14 11:30:00.0000",5.53,75.9,4.712973594665527,8.35009765625,18.19460105895996
"2025-02-14 11:45:00.0000",5.53,76.42,5.570775985717773,10.311720848083496,40.24365234375
"2025-02-14 12:00:00.0000",5.51,77.92,5.438851356506348,10.172155380249023,20.145076751708984
"2025-02-14 12:15:00.0000",5.56,77.96,5.251321315765381,9.774700164794922,31.326339721679688
"2025-02-14 12:30:00.0000",5.67,78.28,5.412254333496094,10.056879997253418,20.40567398071289
"2025-02-14 12:45:00.0000",5.9,78.44,5.27527379989624,9.81382942199707,24.446903228759766
"2025-02-14 13:00:00.0000",6.28,77.8,7.4536662101745605,12.628862380981445,27.83176612854004
"2025-02-14 13:15:00.0000",6.82,75.5,7.013119697570801,11.193097114562988,20.034683227539062
"2025-02-14 13:30:00.0000",6.47,75.59,6.940877914428711,11.084731101989746,20.88750457763672
"2025-02-14 13:45:00.0000",6.17,77.67,7.0174560546875,11.963994026184082,22.218717575073242
"2025-02-14 14:00:00.0000",5.76,79.32,6.946867942810059,11.208296775817871,24.633563995361328
"2025-02-14 14:15:00.0000",5.61,79.43,6.722066879272461,11.390268325805664,25.887714385986328
"2025-02-14 14:30:00.0000",5.72,80.19,7.447537899017334,12.405537605285645,21.6270694732666
"2025-02-14 14:45:00.0000",5.73,80.67,7.728440284729004,12.455763816833496,27.96867561340332
"2025-02-14 15:00:00.0000",5.88,81.46,8.29561996459961,13.148614883422852,23.621646881103516
"2025-02-14 15:15:00.0000",5.84,81.05,8.27734088897705,13.702208518981934,30.368932723999023
"2025-02-14 15:30:00.0000",5.73,81.42,8.698895454406738,12.878046989440918,32.6206169128418
"2025-02-14 15:45:00.0000",5.77,83.21,8.949527740478516,13.338933944702148,26.76215171813965
"2025-02-14 16:00:00.0000",5.61,82.87,10.149502754211426,15.63329792022705,25.23887062072754
"2025-02-14 16:15:00.0000",5.31,86.44,10.785745620727539,15.909271240234375,25.46458625793457
"2025-02-14 16:30:00.0000",5.08,89.34,12.748393058776855,19.406230926513672,29.408458709716797
"2025-02-14 16:45:00.0000",5.17,90.46,13.25455379486084,18.49907112121582,24.158220291137695
"2025-02-14 17:00:00.0000",5.04,91.72,14.03010368347168,20.44290542602539,27.03166389465332
"2025-02-14 17:15:00.0000",4.85,93.11,14.28411865234375,20.021390914916992,27.36859893798828
"2025-02-14 17:30:00.0000",4.83,94.03,14.897159576416016,21.26768684387207,33.91870880126953
"2025-02-14 17:45:00.0000",4.72,94.48,15.613064765930176,22.725221633911133,30.2691650390625
"2025-02-14 18:00:00.0000",4.71,95.61,16.402076721191406,23.539865493774414,36.44793701171875
"2025-02-14 18:15:00.0000",4.71,96.25,16.207691192626953,23.749996185302734,33.29417037963867
"2025-02-14 18:30:00.0000",4.72,96.88,16.693645477294922,24.049335479736328,30.109838485717773
"2025-02-14 18:45:00.0000",4.66,97.37,16.661279678344727,24.082992553710938,34.696449279785156
"2025-02-14 19:00:00.0000",4.6,97.78,16.26455307006836,23.437856674194336,31.089866638183594
"2025-02-14 19:15:00.0000",4.44,98.42,16.56670570373535,24.544700622558594,36.841041564941406
"2025-02-14 19:30:00.0000",4.34,99.37,17.747224807739258,26.012821197509766,32.364646911621094
"2025-02-14 19:45:00.0000",4.24,99.78,18.27446174621582,27.426403045654297,35.96966552734375
"2025-02-14 20:00:00.0000",4.24,99.65,18.357492446899414,26.208284378051758,31.576698303222656
"2025-02-14 20:15:00.0000",4.12,99.58,18.329208374023438,26.246347427368164,34.55387878417969
"2025-02-14 20:30:00.0000",4.09,99.57,18.337507247924805,26.34750747680664,34.864723205566406
"2025-02-14 20:45:00.0000",4.06,99.44,18.417203903198242,26.51213836669922,35.76677322387695
"2025-02-14 21:00:00.0000",4.13,99.06,18.4152774810791,26.036521911621094,33.98735809326172
"2025-02-14 21:15:00.0000",4.12,98.95,18.268169403076172,26.117334365844727,32.41031265258789
"2025-02-14 21:30:00.0000",4.14,98.95,18.77530860900879,26.76435661315918,32.04682922363281
"2025-02-14 21:45:00.0000",4.2,99.27,18.654420852661133,26.262638092041016,40.45092010498047
"2025-02-14 22:00:00.0000",4.16,99.72,18.223430633544922,26.366724014282227,41.013526916503906
"2025-02-14 22:15:00.0000",4.27,99.84,18.040206909179688,25.451000213623047,33.352420806884766
"2025-02-14 22:30:00.0000",4.28,99.81,18.884510040283203,26.398731231689453,40.21284866333008
"2025-02-14 22:45:00.0000",4.27,99.83,17.796703338623047,25.377029418945312,43.48649978637695
"2025-02-14 23:00:00.0000",4.28,99.77,17.012788772583008,24.2093448638916,35.717201232910156
"2025-02-14 23:15:00.0000",4.38,99.3,16.175621032714844,23.09267234802246,28.22532081604004
"2025-02-14 23:30:00.0000",4.47,98.76,16.819671630859375,23.822158813476562,31.37641716003418
"2025-02-14 23:45:00.0000",4.56,98.03,16.816999435424805,23.88739776611328,36.76703643798828
"2025-02-15 00:00:00.0000",4.64,97.41,16.30159568786621,23.480606079101562,29.557453155517578
"2025-02-15 00:15:00.0000",4.61,97.37,17.65781021118164,26.133636474609375,38.07611083984375
"2025-02-15 00:30:00.0000",4.62,97.26,16.466838836669922,23.140352249145508,30.280099868774414
"2025-02-15 00:45:00.0000",4.51,97.33,15.936521530151367,23.110963821411133,30.777063369750977
"2025-02-15 01:00:00.0000",4.49,97.19,15.79073429107666,22.884904861450195,29.76352882385254
"2025-02-15 01:15:00.0000",4.48,97.29,16.542728424072266,23.4881591796875,38.05487823486328
"2025-02-15 01:30:00.0000",4.49,97.68,16.84381103515625,24.33369255065918,30.47735023498535
"2025-02-15 01:45:00.0000",4.56,97.83,17.197635650634766,24.91611099243164,30.995317459106445
"2025-02-15 02:00:00.0000",4.44,98.39,17.01921272277832,24.500173568725586,32.56395721435547
"2025-02-15 02:15:00.0000",4.39,98.88,18.211170196533203,25.898643493652344,30.458667755126953
"2025-02-15 02:30:00.0000",4.43,99.72,18.87390899658203,27.997257232666016,34.41511154174805
"2025-02-15 02:45:00.0000",4.35,100,19.498291015625,29.950620651245117,36.983097076416016
"2025-02-15 03:00:00.0000",4.29,100,20.3863525390625,32.013675689697266,47.34796142578125
"2025-02-15 03:15:00.0000",4.3,100,19.34625244140625,29.30762481689453,37.754905700683594
"2025-02-15 03:30:00.0000",4.37,100,18.761119842529297,28.40762710571289,46.4045524597168
"2025-02-15 03:45:00.0000",4.43,100,18.204524993896484,26.381961822509766,30.711957931518555
"2025-02-15 04:00:00.0000",4.45,99.78,18.193157196044922,26.35001564025879,33.96464538574219
"2025-02-15 04:15:00.0000",4.36,99.61,19.512252807617188,28.993867874145508,38.9842414855957
"2025-02-15 04:30:00.0000",4.39,99.79,20.436786651611328,31.04378890991211,39.2230224609375
"2025-02-15 04:45:00.0000",4.4,99.93,21.214256286621094,33.039424896240234,42.73912811279297
"2025-02-15 05:00:00.0000",4.44,100,22.729511260986328,35.09523010253906,43.56991958618164
"2025-02-15 05:15:00.0000",4.42,100,23.778520584106445,37.106929779052734,42.71660232543945
"2025-02-15 05:30:00.0000",4.4,100,23.486831665039062,37.12255096435547,45.76695251464844
"2025-02-15 05:45:00.0000",4.4,100,24.555452346801758,39.19253158569336,52.75973892211914
"2025-02-15 06:00:00.0000",4.32,100,25.869298934936523,41.69251251220703,48.920284271240234
"2025-02-15 06:15:00.0000",4.23,100,25.09132957458496,39.70382308959961,47.297691345214844
"2025-02-15 06:30:00.0000",4.19,100,25.883277893066406,41.64056396484375,50.4478874206543
"2025-02-15 06:45:00.0000",4.17,100,25.804655075073242,41.1104621887207,49.51923370361328
"2025-02-15 07:00:00.0000",4.15,100,27.10123062133789,46.381103515625,58.96376419067383
"2025-02-15 07:15:00.0000",4.05,100,28.803730010986328,48.23073196411133,61.736541748046875
"2025-02-15 07:30:00.0000",4.08,100,30.611051559448242,53.133575439453125,68.72322845458984
"2025-02-15 07:45:00.0000",4.11,100,32.66904830932617,57.359867095947266,71.76577758789062
"2025-02-15 08:00:00.0000",4.09,100,35.598209381103516,62.87827682495117,77.7541732788086
"2025-02-15 08:15:00.0000",4.19,100,35.09788131713867,61.539581298828125,75.73333740234375
"2025-02-15 08:30:00.0000",4.25,100,37.42307662963867,69.19451141357422,85.32462310791016
"2025-02-15 08:45:00.0000",4.28,100,39.66794967651367,75.53263854980469,99.07312774658203
"2025-02-15 09:00:00.0000",4.29,100,40.14757537841797,77.81106567382812,106.3414077758789
"2025-02-15 09:15:00.0000",4.37,100,39.91459655761719,72.88650512695312,88.23712921142578
"2025-02-15 09:30:00.0000",4.41,100,39.976016998291016,76.751708984375,100.56492614746094
"2025-02-15 09:45:00.0000",4.46,100,39.87145233154297,77.45445251464844,101.132568359375
"2025-02-15 10:00:00.0000",4.57,100,37.53004837036133,72.53826141357422,89.26392364501953
"2025-02-15 10:15:00.0000",4.7,100,36.740875244140625,69.50403594970703,84.21778869628906
"2025-02-15 10:30:00.0000",4.87,100,38.246952056884766,73.13382720947266,93.46257019042969
"2025-02-15 10:45:00.0000",4.84,100,37.87174606323242,70.221923828125,86.20792388916016
"2025-02-15 11:00:00.0000",4.83,100,37.491451263427734,70.11983489990234,87.65788269042969
"2025-02-15 11:15:00.0000",4.91,100,35.380760192871094,66.53266906738281,93.67774963378906
"2025-02-15 11:30:00.0000",5.11,100,32.656497955322266,60.96547317504883,85.12940216064453
"2025-02-15 11:45:00.0000",5.19,100,31.444629669189453,57.38438415527344,75.47715759277344
"2025-02-15 12:00:00.0000",5.2,100,30.924388885498047,55.080360412597656,72.4720687866211
"2025-02-15 12:15:00.0000",5.35,100,30.402292251586914,53.0126953125,67.20038604736328
"2025-02-15 12:30:00.0000",5.49,100,28.66627311706543,49.335269927978516,60.380733489990234
"2025-02-15 12:45:00.0000",5.46,100,24.650985717773438,39.622764587402344,51.30669403076172
"2025-02-15 13:00:00.0000",5.56,100,23.84075164794922,38.159263610839844,43.56245803833008
"2025-02-15 13:15:00.0000",5.82,100,21.65838050842285,33.09991455078125,37.56808090209961
"2025-02-15 13:30:00.0000",6.2,100,18.678754806518555,27.005714416503906,30.110637664794922
"2025-02-15 13:45:00.0000",6.27,100,14.796760559082031,21.866289138793945,25.769872665405273
"2025-02-15 14:00:00.0000",6.35,100,14.233704566955566,20.563308715820312,28.219518661499023
"2025-02-15 14:15:00.0000",6.24,100,13.527803421020508,19.113746643066406,22.114933013916016
"2025-02-15 14:30:00.0000",6.17,100,12.001962661743164,17.801061630249023,24.22120475769043
"2025-02-15 14:45:00.0000",6.29,100,9.389105796813965,13.497878074645996,16.5745906829834
"2025-02-15 15:00:00.0000",6.12,100,9.018145561218262,13.018553733825684,15.698183059692383
"2025-02-15 15:15:00.0000",6.2,100,7.9343037605285645,11.230226516723633,18.781538009643555
"2025-02-15 15:30:00.0000",6.28,100,7.829532146453857,10.81360912322998,14.323296546936035
"2025-02-15 15:45:00.0000",6.22,100,7.27045202255249,10.155903816223145,12.51660442352295
"2025-02-15 16:00:00.0000",6.08,100,6.4856696128845215,8.891728401184082,13.038601875305176
"2025-02-15 16:15:00.0000",6.07,100,8.072979927062988,10.842198371887207,13.363484382629395
"2025-02-15 16:30:00.0000",6.08,100,7.552018642425537,10.316712379455566,14.089324951171875
"2025-02-15 16:45:00.0000",6.16,100,8.397759437561035,11.990849494934082,14.834699630737305
"2025-02-15 17:00:00.0000",6.08,100,9.609994888305664,13.953619003295898,17.042200088500977
"2025-02-15 17:15:00.0000",6,100,11.432234764099121,16.254915237426758,20.362201690673828
"2025-02-15 17:30:00.0000",6.05,100,10.641891479492188,14.909299850463867,19.713842391967773
"2025-02-15 17:45:00.0000",6.11,100,12.467178344726562,17.77429962158203,20.69797706604004
"2025-02-15 18:00:00.0000",5.97,100,15.016403198242188,22.316322326660156,29.82560920715332
"2025-02-15 18:15:00.0000",5.83,100,14.457124710083008,22.58244514465332,32.831974029541016
"2025-02-15 18:30:00.0000",5.78,100,16.418485641479492,25.71112823486328,40.12422561645508
"2025-02-15 18:45:00.0000",5.62,100,17.432159423828125,27.208078384399414,31.632753372192383
"2025-02-15 19:00:00.0000",5.68,100,17.89737319946289,26.96746063232422,31.646120071411133
"2025-02-15 19:15:00.0000",5.73,100,16.89432716369629,25.72255516052246,34.930721282958984
"2025-02-15 19:30:00.0000",5.75,100,17.607328414916992,25.949655532836914,31.989749908447266
"2025-02-15 19:45:00.0000",5.84,100,18.13018226623535,26.42567253112793,31.455585479736328
"2025-02-15 20:00:00.0000",5.7,100,17.4427547454834,25.278017044067383,30.021310806274414
"2025-02-15 20:15:00.0000",5.62,100,18.18514060974121,27.277223587036133,32.324180603027344
"2025-02-15 20:30:00.0000",5.56,100,20.632173538208008,30.5579833984375,36.544063568115234
"2025-02-15 20:45:00.0000",5.54,100,21.89346694946289,31.185781478881836,35.307167053222656
"2025-02-15 21:00:00.0000",5.49,100,21.44249153137207,30.949359893798828,37.96613693237305
"2025-02-15 21:15:00.0000",5.55,100,25.115480422973633,38.39421081542969,44.84323501586914
"2025-02-15 21:30:00.0000",5.43,100,26.54114532470703,39.60620880126953,47.19479751586914
"2025-02-15 21:45:00.0000",5.42,100,25.080284118652344,37.98576736450195,43.524593353271484
"2025-02-15 22:00:00.0000",5.32,100,25.450361251831055,39.219703674316406,44.86115646362305
"2025-02-15 22:15:00.0000",5.3,100,24.676660537719727,36.83629608154297,40.880470275878906
"2025-02-15 22:30:00.0000",5.29,100,24.08831214904785,36.4581298828125,43.35028076171875
"2025-02-15 22:45:00.0000",5.34,100,24.296483993530273,36.46842956542969,42.96467590332031
"2025-02-15 23:00:00.0000",5.37,100,21.729442596435547,31.239055633544922,36.250885009765625
"2025-02-15 23:15:00.0000",5.34,100,21.218929290771484,30.04947853088379,35.30452346801758
"2025-02-15 23:30:00.0000",5.28,100,22.790170669555664,33.12168884277344,36.67121505737305
"2025-02-15 23:45:00.0000",5.23,100,23.210424423217773,34.48366928100586,38.2709846496582
"2025-02-16 00:00:00.0000",5.22,100,23.680065155029297,35.220184326171875,42.49181365966797
"2025-02-16 00:15:00.0000",5.18,100,24.999595642089844,37.33320617675781,41.770896911621094
"2025-02-16 00:30:00.0000",5.14,100,22.445322036743164,32.804107666015625,40.8433952331543
"2025-02-16 00:45:00.0000",5.13,100,23.010099411010742,35.19596481323242,40.2151985168457
"2025-02-16 01:00:00.0000",5.1,100,20.998201370239258,31.051223754882812,35.308074951171875
"2025-02-16 01:15:00.0000",5.07,100,21.641761779785156,32.84803009033203,36.71248245239258
"2025-02-16 01:30:00.0000",5.01,100,20.942298889160156,31.360912322998047,36.69688415527344
"2025-02-16 01:45:00.0000",5.01,100,19.93524932861328,29.716636657714844,32.871437072753906
"2025-02-16 02:00:00.0000",4.99,100,18.046524047851562,26.291677474975586,32.948944091796875
"2025-02-16 02:15:00.0000",4.99,100,16.418685913085938,23.342304229736328,27.470638275146484
"2025-02-16 02:30:00.0000",4.92,100,15.44780158996582,23.1178035736084,27.227176666259766
"2025-02-16 02:45:00.0000",4.72,100,19.246047973632812,29.078824996948242,33.30833435058594
"2025-02-16 03:00:00.0000",4.75,100,21.971927642822266,33.549190521240234,40.22689437866211
"2025-02-16 03:15:00.0000",4.73,100,23.328102111816406,36.4273796081543,42.37179946899414
"2025-02-16 03:30:00.0000",4.67,100,23.503231048583984,37.065486907958984,47.01245880126953
"2025-02-16 03:45:00.0000",4.62,100,22.182540893554688,35.2889404296875,42.43408966064453
"2025-02-16 04:00:00.0000",4.62,100,22.006938934326172,34.528079986572266,42.04730224609375
"2025-02-16 04:15:00.0000",4.59,100,22.161239624023438,34.77791213989258,50.799217224121094
"2025-02-16 04:30:00.0000",4.44,100,22.84465217590332,35.17379379272461,41.376426696777344
"2025-02-16 04:45:00.0000",4.32,100,21.98963737487793,32.696109771728516,36.15673065185547
"2025-02-16 05:00:00.0000",4.25,100,20.689250946044922,30.053525924682617,33.16727828979492
"2025-02-16 05:15:00.0000",4.16,100,18.807668685913086,26.560298919677734,30.696557998657227
"2025-02-16 05:30:00.0000",4.04,100,21.44457244873047,31.346431732177734,35.69221496582031
"2025-02-16 05:45:00.0000",4.02,100,21.60406494140625,31.89476776123047,35.74966812133789
"2025-02-16 06:00:00.0000",3.93,100,21.413793563842773,31.930959701538086,35.450218200683594
"2025-02-16 06:15:00.0000",3.82,100,22.999330520629883,35.0333366394043,41.769866943359375
"2025-02-16 06:30:00.0000",3.7,100,25.70728874206543,38.82026672363281,44.01266098022461
"2025-02-16 06:45:00.0000",3.62,100,25.71929168701172,39.73487091064453,46.6416015625
"2025-02-16 07:00:00.0000",3.62,100,28.361648559570312,44.02921676635742,53.94741439819336
"2025-02-16 07:15:00.0000",3.62,100,27.061071395874023,40.28011703491211,51.338775634765625
"2025-02-16 07:30:00.0000",3.64,100,27.069618225097656,40.33856964111328,48.098670959472656
"2025-02-16 07:45:00.0000",3.5,100,27.350894927978516,39.245052337646484,45.06782150268555
"2025-02-16 08:00:00.0000",3.58,100,25.85190773010254,36.151065826416016,39.66903305053711
"2025-02-16 08:15:00.0000",3.68,100,23.46397590637207,32.42757797241211,37.900169372558594
"2025-02-16 08:30:00.0000",3.77,100,23.099180221557617,32.163211822509766,37.12910461425781
"2025-02-16 08:45:00.0000",3.9,100,20.38848876953125,28.2321720123291,31.871686935424805
"2025-02-16 09:00:00.0000",3.97,100,21.803647994995117,29.963340759277344,34.27261734008789
"2025-02-16 09:15:00.0000",4,100,21.432559967041016,29.376380920410156,33.307003021240234
"2025-02-16 09:30:00.0000",4.25,100,19.566850662231445,26.41523551940918,30.818281173706055
"2025-02-16 09:45:00.0000",4.45,100,15.705148696899414,21.18103790283203,24.394638061523438
"2025-02-16 10:00:00.0000",4.6,100,12.184054374694824,16.342788696289062,19.745153427124023
"2025-02-16 10:15:00.0000",4.78,100,9.681807518005371,12.321412086486816,14.676957130432129
"2025-02-16 10:30:00.0000",5,100,7.633012294769287,9.794642448425293,12.119895935058594
"2025-02-16 10:45:00.0000",4.91,100,7.03067684173584,8.942416191101074,11.290301322937012
"2025-02-16 11:00:00.0000",5.18,100,6.684268474578857,8.30673885345459,10.539164543151855
"2025-02-16 11:15:00.0000",5.23,100,7.799870014190674,9.848085403442383,12.159119606018066
"2025-02-16 11:30:00.0000",5.38,100,8.751577377319336,10.896499633789062,13.175931930541992
"2025-02-16 11:45:00.0000",5.32,100,8.119565963745117,10.035233497619629,14.542082786560059
"2025-02-16 12:00:00.0000",5.26,100,8.861891746520996,11.060742378234863,13.677398681640625
"2025-02-16 12:15:00.0000",5.42,100,8.723637580871582,10.801582336425781,14.228691101074219
"2025-02-16 12:30:00.0000",5.2,100,8.323671340942383,10.480566024780273,18.01589012145996
"2025-02-16 12:45:00.0000",5.42,99.98,9.080376625061035,11.327288627624512,14.475314140319824
"2025-02-16 13:00:00.0000",5.53,98.64,9.97702693939209,13.148184776306152,18.324535369873047
"2025-02-16 13:15:00.0000",5.62,98.33,11.227171897888184,15.280805587768555,21.893085479736328
"2025-02-16 13:30:00.0000",5.76,97.8,12.017045021057129,15.951330184936523,22.630138397216797
"2025-02-16 13:45:00.0000",5.66,96.53,13.183115005493164,17.136137008666992,20.940196990966797
"2025-02-16 14:00:00.0000",5.96,95.76,12.902483940124512,16.461776733398438,19.266935348510742
"2025-02-16 14:15:00.0000",6.27,94.2,14.851435661315918,19.74863624572754,26.84227752685547
"2025-02-16 14:30:00.0000",6.02,94.88,13.852157592773438,17.77853012084961,20.340566635131836
"2025-02-16 14:45:00.0000",6.21,92.72,14.871859550476074,20.137237548828125,31.421369552612305
"2025-02-16 15:00:00.0000",5.96,93.09,14.807876586914062,20.371118545532227,29.572982788085938
"2025-02-16 15:15:00.0000",5.83,93.91,14.956303596496582,19.82266616821289,24.679044723510742
"2025-02-16 15:30:00.0000",5.77,92.78,16.1092472076416,21.119922637939453,25.974021911621094
"2025-02-16 15:45:00.0000",5.79,92.74,16.127094268798828,21.746488571166992,27.788110733032227
"2025-02-16 16:00:00.0000",5.75,92.3,15.778069496154785,20.84362030029297,30.646799087524414
"2025-02-16 16:15:00.0000",5.72,91.17,16.00060272216797,21.17576026916504,31.750019073486328
"2025-02-16 16:30:00.0000",5.74,91.5,15.221301078796387,21.264427185058594,31.20918846130371
"2025-02-16 16:45:00.0000",5.65,91.2,15.361557960510254,20.819053649902344,30.43649673461914
"2025-02-16 17:00:00.0000",5.53,92.03,15.295928955078125,20.723609924316406,31.96300506591797
"2025-02-16 17:15:00.0000",5.52,91.5,14.827408790588379,19.784744262695312,24.168014526367188
"2025-02-16 17:30:00.0000",5.42,90.98,12.753535270690918,17.253450393676758,26.75831413269043
"2025-02-16 17:45:00.0000",5.21,90,13.845056533813477,19.16978645324707,27.514198303222656
"2025-02-16 18:00:00.0000",5.09,89.72,11.958471298217773,16.258153915405273,21.81751823425293
"2025-02-16 18:15:00.0000",5.06,90.36,13.326055526733398,18.51557159423828,28.404211044311523
"2025-02-16 18:30:00.0000",5.06,90.69,11.582201957702637,15.378975868225098,18.059585571289062
"2025-02-16 18:45:00.0000",5.04,90.28,11.085591316223145,14.856466293334961,18.1654109954834
"2025-02-16 19:00:00.0000",4.9,90.42,11.181092262268066,15.625846862792969,27.719579696655273
"2025-02-16 19:15:00.0000",4.81,90.39,10.992786407470703,14.832446098327637,18.670549392700195
"2025-02-16 19:30:00.0000",4.78,90.27,11.435052871704102,15.267203330993652,22.300113677978516
"2025-02-16 19:45:00.0000",4.71,90.44,11.385071754455566,15.69524097442627,19.822872161865234
"2025-02-16 20:00:00.0000",4.68,90.93,11.135875701904297,15.16502571105957,18.444419860839844
"2025-02-16 20:15:00.0000",4.59,90.68,10.483904838562012,13.88883113861084,17.792909622192383
"2025-02-16 20:30:00.0000",4.49,90.18,10.28333568572998,13.836318969726562,22.148542404174805
"2025-02-16 20:45:00.0000",4.37,90.69,10.109245300292969,13.994705200195312,30.063617706298828
"2025-02-16 21:00:00.0000",4.24,90.55,9.829482078552246,13.410077095031738,21.891000747680664
"2025-02-16 21:15:00.0000",4.27,89.61,9.544439315795898,12.911168098449707,16.09056282043457
"2025-02-16 21:30:00.0000",4.24,89.25,9.757102966308594,13.607572555541992,16.79960060119629
"2025-02-16 21:45:00.0000",4.29,89.09,9.2162504196167,12.881491661071777,23.298587799072266
"2025-02-16 22:00:00.0000",4.21,89.63,9.133949279785156,13.270807266235352,28.90117073059082
"2025-02-16 22:15:00.0000",4.17,90.2,8.559056282043457,12.589273452758789,18.95177459716797
"2025-02-16 22:30:00.0000",4.1,90.34,7.473295211791992,10.730753898620605,17.22834014892578
"2025-02-16 22:45:00.0000",4.06,90.15,5.707452774047852,9.161286354064941,18.98858070373535
"2025-02-16 23:00:00.0000",3.89,88.79,4.935486793518066,7.771579742431641,18.403099060058594
"2025-02-16 23:15:00.0000",3.82,88.42,4.532190799713135,7.450122833251953,12.401841163635254
"2025-02-16 23:30:00.0000",3.63,87.17,4.553783893585205,8.1041841506958,14.050121307373047
"2025-02-16 23:45:00.0000",3.54,87.47,4.858343601226807,7.993612289428711,16.996904373168945
"2025-02-17 00:00:00.0000",3.36,88.49,4.567843914031982,6.98378324508667,11.834877967834473
"2025-02-17 00:15:00.0000",3.19,89.05,4.7250657081604,7.482254981994629,13.716954231262207
"2025-02-17 00:30:00.0000",3.16,88.96,4.713618755340576,7.500641822814941,12.034934043884277
"2025-02-17 00:45:00.0000",3.05,89.19,5.031639099121094,7.3642897605896,10.511423110961914
"2025-02-17 01:00:00.0000",3.06,89.21,5.237712860107422,8.83128833770752,15.922195434570312
"2025-02-17 01:15:00.0000",2.99,89.58,5.474856376647949,8.700911521911621,15.616608619689941
"2025-02-17 01:30:00.0000",2.94,90.06,5.888129234313965,8.955985069274902,19.264856338500977
"2025-02-17 01:45:00.0000",2.77,90.79,6.28798246383667,9.732707977294922,16.115657806396484
"2025-02-17 02:00:00.0000",2.63,91.48,6.166452407836914,9.499150276184082,20.01847267150879
"2025-02-17 02:15:00.0000",2.65,92.02,6.333508491516113,10.206217765808105,19.017749786376953
"2025-02-17 02:30:00.0000",2.63,92.42,6.687217712402344,9.769022941589355,16.232027053833008
"2025-02-17 02:45:00.0000",2.57,92.93,7.287913799285889,11.036861419677734,14.972208976745605
"2025-02-17 03:00:00.0000",2.51,93.3,6.917255878448486,9.745142936706543,16.26118278503418
"2025-02-17 03:15:00.0000",2.53,93.54,7.22301721572876,10.587635040283203,13.918736457824707
"2025-02-17 03:30:00.0000",2.45,94.02,7.482175827026367,10.912006378173828,16.811298370361328
"2025-02-17 03:45:00.0000",2.51,94.27,7.716790199279785,10.921041488647461,15.734210014343262
"2025-02-17 04:00:00.0000",2.61,94.38,7.344459056854248,10.623275756835938,16.253877639770508
"2025-02-17 04:15:00.0000",2.74,94.09,7.929123401641846,11.7096586227417,17.99406623840332
"2025-02-17 04:30:00.0000",2.84,93.8,8.382539749145508,12.488755226135254,26.130340576171875
"2025-02-17 04:45:00.0000",2.85,93.89,8.835160255432129,12.734734535217285,24.15721321105957
"2025-02-17 05:00:00.0000",2.87,94.14,9.241063117980957,13.980584144592285,23.291093826293945
"2025-02-17 05:15:00.0000",2.82,94.34,10.015318870544434,14.491683006286621,28.8040771484375
"2025-02-17 05:30:00.0000",2.82,94.27,10.580561637878418,15.443292617797852,24.51918601989746
"2025-02-17 05:45:00.0000",2.8,94.66,10.442684173583984,14.265278816223145,20.54279899597168
"2025-02-17 06:00:00.0000",2.76,95.13,11.339950561523438,15.625812530517578,25.74881935119629
"2025-02-17 06:15:00.0000",2.73,95.3,12.089576721191406,17.545278549194336,24.516653060913086
"2025-02-17 06:30:00.0000",2.82,95.14,11.410078048706055,15.944138526916504,20.559524536132812
"2025-02-17 06:45:00.0000",2.74,95.62,12.40140151977539,17.9774227142334,27.730791091918945
"2025-02-17 07:00:00.0000",2.78,96.41,12.69200325012207,17.625825881958008,22.145509719848633
"2025-02-17 07:15:00.0000",2.72,97.17,12.864495277404785,17.65835189819336,24.43049430847168
"2025-02-17 07:30:00.0000",2.81,96.96,12.033699035644531,17.364646911621094,31.053354263305664
"2025-02-17 07:45:00.0000",2.84,95.02,11.885652542114258,16.538097381591797,30.573381423950195
"2025-02-17 08:00:00.0000",2.98,93.62,11.513526916503906,16.856958389282227,32.88222122192383
"2025-02-17 08:15:00.0000",3.04,91.63,10.43028736114502,14.956912994384766,22.026126861572266
"2025-02-17 08:30:00.0000",2.99,91.29,10.790275573730469,14.882317543029785,27.734161376953125
"2025-02-17 08:45:00.0000",3.13,91.34,10.881950378417969,15.06735897064209,19.229475021362305
"2025-02-17 09:00:00.0000",3.19,91.33,10.631454467773438,15.255749702453613,35.843936920166016
"2025-02-17 09:15:00.0000",3.19,91.96,10.980082511901855,16.018474578857422,23.942594528198242
"2025-02-17 09:30:00.0000",3.19,92.17,10.887161254882812,15.552963256835938,27.384225845336914
"2025-02-17 09:45:00.0000",3.46,91.13,11.347380638122559,16.62764549255371,36.8825798034668
"2025-02-17 10:00:00.0000",3.59,91.25,10.633145332336426,15.074128150939941,24.522275924682617
"2025-02-17 10:15:00.0000",3.67,90.46,11.86292839050293,17.252742767333984,29.888202667236328
"2025-02-17 10:30:00.0000",3.99,89.39,11.184784889221191,17.26363754272461,32.2579460144043
"2025-02-17 10:45:00.0000",4.18,88.39,9.653768539428711,13.406865119934082,25.329465866088867
"2025-02-17 11:00:00.0000",4.48,87.01,9.978079795837402,15.771699905395508,27.490026473999023
"2025-02-17 11:15:00.0000",4.77,85.79,10.480815887451172,15.673151969909668,31.263578414916992
"2025-02-17 11:30:00.0000",4.78,85.95,9.674910545349121,14.488801002502441,28.130956649780273
"2025-02-17 11:45:00.0000",4.91,85.32,9.500802040100098,14.95499038696289,33.22834014892578
"2025-02-17 12:00:00.0000",5.14,84.75,9.508386611938477,14.593124389648438,37.39724349975586
"2025-02-17 12:15:00.0000",5.08,85.14,9.593636512756348,13.522275924682617,23.29581069946289
"2025-02-17 12:30:00.0000",5.3,84.32,9.514514923095703,14.709062576293945,27.32317352294922
"2025-02-17 12:45:00.0000",5.53,82.6,9.506512641906738,14.567339897155762,23.048572540283203
"2025-02-17 13:00:00.0000",5.67,82.06,9.911072731018066,14.646257400512695,26.514530181884766
"2025-02-17 13:15:00.0000",5.83,81.62,10.152599334716797,14.935684204101562,27.590837478637695
"2025-02-17 13:30:00.0000",5.8,82.24,10.932891845703125,15.89775276184082,28.57047462463379
"2025-02-17 13:45:00.0000",5.92,82.36,10.276262283325195,14.884475708007812,30.01384735107422
"2025-02-17 14:00:00.0000",6.06,81.95,9.905441284179688,13.979850769042969,21.56414031982422
"2025-02-17 14:15:00.0000",6.09,81.21,9.89445972442627,13.958537101745605,21.249059677124023
"2025-02-17 14:30:00.0000",6.21,81.01,9.870818138122559,14.566666603088379,27.51865577697754
"2025-02-17 14:45:00.0000",6.74,78.7,9.816997528076172,14.392584800720215,28.88570785522461
"2025-02-17 15:00:00.0000",6.58,79.74,9.333179473876953,13.954211235046387,20.58966636657715
"2025-02-17 15:15:00.0000",6.85,78.2,9.671098709106445,13.87343978881836,19.90556526184082
"2025-02-17 15:30:00.0000",7.06,76.8,9.016094207763672,13.317666053771973,26.018909454345703
"2025-02-17 15:45:00.0000",7.57,74.01,9.149405479431152,13.534869194030762,25.39289665222168
"2025-02-17 16:00:00.0000",7.76,71.85,7.990116119384766,11.398809432983398,17.107242584228516
"2025-02-17 16:15:00.0000",7.65,72.42,8.285988807678223,12.319196701049805,28.828720092773438
"2025-02-17 16:30:00.0000",7.05,74.64,8.8234224319458,12.644533157348633,21.103147506713867
"2025-02-17 16:45:00.0000",6.84,76.16,8.415685653686523,11.874063491821289,30.451086044311523
"2025-02-17 17:00:00.0000",6.29,78.81,8.930521011352539,13.225232124328613,18.044166564941406
"2025-02-17 17:15:00.0000",5.98,80.05,9.15410327911377,13.800253868103027,20.82527732849121
"2025-02-17 17:30:00.0000",5.57,82.09,8.71086311340332,13.2692232131958,24.82982635498047
"2025-02-17 17:45:00.0000",5.42,83.79,8.910104751586914,13.270916938781738,24.066574096679688
"2025-02-17 18:00:00.0000",5.16,85.81,9.084346771240234,13.537090301513672,22.594560623168945
"2025-02-17 18:15:00.0000",5.13,86.52,9.195744514465332,13.32675552368164,18.83228302001953
"2025-02-17 18:30:00.0000",5.01,88.44,9.246164321899414,13.45335865020752,18.289884567260742
"2025-02-17 18:45:00.0000",5,89.14,8.943060874938965,12.816535949707031,20.79558753967285
"2025-02-17 19:00:00.0000",4.87,90.1,9.713045120239258,14.861565589904785,22.013599395751953
"2025-02-17 19:15:00.0000",4.74,90.93,9.363089561462402,13.614182472229004,18.33612060546875
"2025-02-17 19:30:00.0000",4.6,91.5,9.229290008544922,13.613895416259766,20.048721313476562
"2025-02-17 19:45:00.0000",4.5,92.18,8.708512306213379,12.400646209716797,21.016429901123047
"2025-02-17 20:00:00.0000",4.34,93.01,8.612662315368652,13.040641784667969,22.90042495727539
"2025-02-17 20:15:00.0000",4.28,92.86,8.664920806884766,12.510372161865234,18.327611923217773
"2025-02-17 20:30:00.0000",4.29,92.63,7.893199920654297,11.807659149169922,19.927705764770508
"2025-02-17 20:45:00.0000",4.16,93.04,7.161365509033203,11.384415626525879,17.72454833984375
"2025-02-17 21:00:00.0000",4.09,92.93,6.208613395690918,9.732157707214355,17.182653427124023
"2025-02-17 21:15:00.0000",4.05,92.41,5.855135440826416,9.073077201843262,16.984081268310547
"2025-02-17 21:30:00.0000",3.97,92.33,5.466564655303955,8.627462387084961,14.859131813049316
"2025-02-17 21:45:00.0000",3.92,92.08,4.8906965255737305,7.8203535079956055,16.024057388305664
"2025-02-17 22:00:00.0000",3.87,91.5,4.396165370941162,7.028769493103027,12.906517028808594
"2025-02-17 22:15:00.0000",3.74,91.38,4.0797224044799805,6.317958354949951,13.159148216247559
"2025-02-17 22:30:00.0000",3.64,91.5,4.108628273010254,6.712149620056152,19.47252655029297
"2025-02-17 22:45:00.0000",3.43,92.04,4.048575401306152,7.175338268280029,12.151835441589355
"2025-02-17 23:00:00.0000",3.35,92.02,3.7372820377349854,6.498551845550537,13.835798263549805
"2025-02-17 23:15:00.0000",3.25,92.17,3.482576847076416,5.747042179107666,10.035258293151855
"2025-02-17 23:30:00.0000",3.12,92.02,3.3404479026794434,5.647335052490234,10.899279594421387
"2025-02-17 23:45:00.0000",3.01,92.26,3.4086828231811523,5.359716415405273,11.795620918273926
"2025-02-18 00:00:00.0000",2.98,92.44,3.5703320503234863,5.876718521118164,16.490678787231445
"2025-02-18 00:15:00.0000",2.79,92.87,3.6930954456329346,6.2412028312683105,15.598734855651855
"2025-02-18 00:30:00.0000",2.69,93.11,3.6903276443481445,6.000173091888428,15.396794319152832
"2025-02-18 00:45:00.0000",2.67,92.93,3.6834065914154053,5.486517906188965,12.20488166809082
"2025-02-18 01:00:00.0000",2.48,93.31,4.032251358032227,6.034701347351074,18.202245712280273
"2025-02-18 01:15:00.0000",2.37,93.38,3.869138240814209,6.2320756912231445,9.940536499023438
"2025-02-18 01:30:00.0000",2.32,92.98,4.1152753829956055,6.326040744781494,12.66080093383789
"2025-02-18 01:45:00.0000",2.29,92.84,4.353237152099609,6.406767845153809,10.49849796295166
"2025-02-18 02:00:00.0000",2.24,92.84,4.797204971313477,6.816966533660889,15.666508674621582
"2025-02-18 02:15:00.0000",2.15,93.37,4.827533721923828,6.9633283615112305,10.812546730041504
"2025-02-18 02:30:00.0000",2.01,93.76,4.572752952575684,6.521293640136719,13.633920669555664
"2025-02-18 02:45:00.0000",1.91,94.14,4.773664951324463,6.856755256652832,9.714221000671387
"2025-02-18 03:00:00.0000",1.75,94.94,5.079402446746826,7.5888214111328125,12.612539291381836
"2025-02-18 03:15:00.0000",1.66,95.54,5.512728691101074,7.645298004150391,11.205907821655273
"2025-02-18 03:30:00.0000",1.67,95.81,5.684571743011475,7.899749279022217,12.465048789978027
"2025-02-18 03:45:00.0000",1.66,96.01,5.764054775238037,7.702473163604736,10.279767036437988
"2025-02-18 04:00:00.0000",1.57,96.6,6.222274303436279,8.867578506469727,13.456816673278809
"2025-02-18 04:15:00.0000",1.67,96.4,6.578003883361816,9.215385437011719,14.916178703308105
"2025-02-18 04:30:00.0000",1.74,96.16,6.8294572830200195,9.297562599182129,12.998276710510254
"2025-02-18 04:45:00.0000",1.83,96.04,7.052711009979248,9.762968063354492,13.889684677124023
"2025-02-18 05:00:00.0000",1.86,95.84,7.437568664550781,10.174623489379883,16.010631561279297
"2025-02-18 05:15:00.0000",1.85,96.03,7.527970314025879,9.808276176452637,13.026598930358887
"2025-02-18 05:30:00.0000",1.87,96.13,8.57046890258789,11.510916709899902,15.009844779968262
"2025-02-18 05:45:00.0000",1.97,96.31,8.89173412322998,12.384166717529297,17.08494758605957
"2025-02-18 06:00:00.0000",2.08,95.84,9.2488374710083,12.420084953308105,20.79823875427246
"2025-02-18 06:15:00.0000",2.14,95.93,10.67884635925293,14.711102485656738,21.644012451171875
"2025-02-18 06:30:00.0000",2.28,95.98,11.318891525268555,15.137022972106934,21.045949935913086
"2025-02-18 06:45:00.0000",2.41,95.91,11.805267333984375,15.245107650756836,18.65412139892578
"2025-02-18 07:00:00.0000",2.52,95.73,12.142520904541016,16.518953323364258,22.15811538696289
"2025-02-18 07:15:00.0000",2.57,95.48,13.615134239196777,18.74217987060547,28.70972442626953
"2025-02-18 07:30:00.0000",2.59,95.52,14.411293983459473,19.51759147644043,30.539552688598633
"2025-02-18 07:45:00.0000",2.61,95.39,14.42162799835205,19.473546981811523,28.894535064697266
"2025-02-18 08:00:00.0000",2.73,94.85,15.046792030334473,20.52617073059082,30.36754035949707
"2025-02-18 08:15:00.0000",2.86,93.86,14.713150978088379,20.25609588623047,25.391088485717773
"2025-02-18 08:30:00.0000",3.12,92.58,14.480790138244629,19.481372833251953,29.563264846801758
"2025-02-18 08:45:00.0000",3.32,90.32,14.077095985412598,19.173166275024414,30.24197769165039
"2025-02-18 09:00:00.0000",3.49,87.96,13.30169677734375,18.52369499206543,31.227983474731445
"2025-02-18 09:15:00.0000",3.72,86.13,12.872776985168457,17.290542602539062,36.625118255615234
"2025-02-18 09:30:00.0000",3.8,85.51,12.567872047424316,16.961454391479492,33.44936752319336
"2025-02-18 09:45:00.0000",4.03,84.19,13.635581970214844,18.665639877319336,27.228195190429688
"2025-02-18 10:00:00.0000",4.27,83.2,13.442498207092285,17.935195922851562,30.102319717407227
"2025-02-18 10:15:00.0000",4.51,82.17,12.516270637512207,17.805967330932617,29.330472946166992
"2025-02-18 10:30:00.0000",4.77,82.01,13.687045097351074,19.721189498901367,41.822731018066406
"2025-02-18 10:45:00.0000",5.43,81.35,12.241365432739258,16.978857040405273,44.27536392211914
"2025-02-18 11:00:00.0000",5.85,78.18,13.12137508392334,18.19184684753418,31.776084899902344
"2025-02-18 11:15:00.0000",6.08,75.15,11.972962379455566,16.763952255249023,38.2953987121582
"2025-02-18 11:30:00.0000",5.91,75.28,10.550102233886719,15.206265449523926,37.56437301635742
"2025-02-18 11:45:00.0000",6.01,73.51,12.631941795349121,17.42790985107422,38.99065399169922
"2025-02-18 12:00:00.0000",6.86,71.32,11.268792152404785,15.645363807678223,24.11550521850586
"2025-02-18 12:15:00.0000",7.86,66.97,11.928297996520996,17.069581985473633,30.605255126953125
"2025-02-18 12:30:00.0000",8.1,66.2,11.481952667236328,15.93822956085205,33.97392272949219
"2025-02-18 12:45:00.0000",7.9,67.73,12.096062660217285,16.446006774902344,25.059673309326172
"2025-02-18 13:00:00.0000",7.82,66.38,10.772465705871582,14.946783065795898,26.037492752075195
"2025-02-18 13:15:00.0000",7.72,65.75,11.463850975036621,15.518430709838867,25.30613136291504
"2025-02-18 13:30:00.0000",8.53,63.84,10.64931869506836,15.493968963623047,44.0452880859375
"2025-02-18 13:45:00.0000",9.39,60.64,9.99936580657959,13.565319061279297,25.704723358154297
"2025-02-18 14:00:00.0000",8.47,62.2,9.499316215515137,12.722564697265625,29.159515380859375
"2025-02-18 14:15:00.0000",8.86,60.85,10.59841251373291,14.645587921142578,26.891754150390625
"2025-02-18 14:30:00.0000",8.91,61.17,9.898109436035156,14.28476333618164,25.683347702026367
"2025-02-18 14:45:00.0000",8.92,61.27,9.527756690979004,13.251220703125,18.841575622558594
"2025-02-18 15:00:00.0000",8.26,62.77,9.756705284118652,13.373984336853027,25.18809700012207
"2025-02-18 15:15:00.0000",7.91,64.57,9.834320068359375,13.134005546569824,28.326486587524414
"2025-02-18 15:30:00.0000",7.51,66.39,9.271230697631836,13.130311012268066,28.99874496459961
"2025-02-18 15:45:00.0000",7.7,66.37,9.371051788330078,12.962017059326172,22.75267219543457
"2025-02-18 16:00:00.0000",7.15,68.14,9.313896179199219,13.255021095275879,25.089038848876953
"2025-02-18 16:15:00.0000",7.09,68.7,9.214522361755371,13.372303009033203,20.981843948364258
"2025-02-18 16:30:00.0000",6.84,70,10.378080368041992,14.501431465148926,25.343307495117188
"2025-02-18 16:45:00.0000",6.63,70.99,10.130264282226562,13.971236228942871,21.100738525390625
"2025-02-18 17:00:00.0000",6.54,71.81,11.0376615524292,15.09433650970459,25.42131233215332
"2025-02-18 17:15:00.0000",6.4,73.11,11.568734169006348,15.532421112060547,23.539365768432617
"2025-02-18 17:30:00.0000",6.26,74.94,12.513209342956543,17.15473175048828,28.54191017150879
"2025-02-18 17:45:00.0000",6.06,77.24,12.747823715209961,17.302570343017578,33.035587310791016
"2025-02-18 18:00:00.0000",5.87,79.11,12.444759368896484,17.270591735839844,26.780868530273438
"2025-02-18 18:15:00.0000",5.69,80.72,12.966022491455078,17.744070053100586,25.822587966918945
"2025-02-18 18:30:00.0000",5.58,82.47,13.162845611572266,17.494176864624023,22.429935455322266
"2025-02-18 18:45:00.0000",5.45,83.99,13.8397855758667,19.39864730834961,27.971946716308594
"2025-02-18 19:00:00.0000",5.32,85.28,14.20174503326416,19.645671844482422,32.21272277832031
"2025-02-18 19:15:00.0000",5.27,86.4,14.672382354736328,20.186830520629883,31.21781349182129
"2025-02-18 19:30:00.0000",5.21,87.51,15.552225112915039,20.912954330444336,29.360355377197266
"2025-02-18 19:45:00.0000",5.13,88.58,15.018670082092285,20.38007354736328,29.42513084411621
"2025-02-18 20:00:00.0000",5.11,89.27,14.889345169067383,20.05316162109375,30.718963623046875
"2025-02-18 20:15:00.0000",5.11,89.7,13.981534004211426,19.017845153808594,26.843280792236328
"2025-02-18 20:30:00.0000",5.09,89.45,13.111305236816406,17.903676986694336,26.067859649658203
"2025-02-18 20:45:00.0000",5.11,88.25,12.74274730682373,18.198375701904297,29.59343910217285
"2025-02-18 21:00:00.0000",5.09,87.53,12.593141555786133,17.153867721557617,24.18415069580078
"2025-02-18 21:15:00.0000",4.99,87.71,12.666738510131836,16.71889877319336,24.176645278930664
"2025-02-18 21:30:00.0000",4.89,87.7,11.819737434387207,16.243465423583984,20.156070709228516
"2025-02-18 21:45:00.0000",4.81,87.78,12.931466102600098,17.619285583496094,23.97991371154785
"2025-02-18 22:00:00.0000",4.75,88.79,13.175500869750977,18.13798713684082,25.352916717529297
"2025-02-18 22:15:00.0000",4.61,89.77,11.903350830078125,16.191978454589844,22.195520401000977
"2025-02-18 22:30:00.0000",4.43,89.78,11.288735389709473,16.056747436523438,23.467275619506836
"2025-02-18 22:45:00.0000",4.31,89.48,10.570809364318848,14.574792861938477,22.11962127685547
"2025-02-18 23:00:00.0000",4.21,89.08,10.20703411102295,14.303314208984375,23.329700469970703
"2025-02-18 23:15:00.0000",4.08,88.25,10.067787170410156,14.2691011428833,20.64164161682129
"2025-02-18 23:30:00.0000",3.92,87.99,10.685442924499512,15.85998821258545,24.140884399414062
"2025-02-18 23:45:00.0000",3.84,88.41,11.694229125976562,16.053747177124023,20.152462005615234
"2025-02-19 00:00:00.0000",3.69,89.27,13.01262092590332,18.592655181884766,27.106212615966797
"2025-02-19 00:15:00.0000",3.65,90.11,14.026310920715332,19.984718322753906,28.87291717529297
"2025-02-19 00:30:00.0000",3.55,91,14.486559867858887,19.542652130126953,29.897430419921875
"2025-02-19 00:45:00.0000",3.62,91.48,15.31053638458252,20.703304290771484,30.19375228881836
"2025-02-19 01:00:00.0000",3.59,92.11,15.507243156433105,21.558837890625,32.74782180786133
"2025-02-19 01:15:00.0000",3.54,92.65,15.970296859741211,22.16299819946289,29.117856979370117
"2025-02-19 01:30:00.0000",3.49,93.19,16.458467483520508,22.59284019470215,29.5177059173584
"2025-02-19 01:45:00.0000",3.46,93.66,17.386226654052734,24.262046813964844,35.47663116455078
"2025-02-19 02:00:00.0000",3.38,94.27,17.191871643066406,24.066980361938477,41.92760467529297
"2025-02-19 02:15:00.0000",3.42,94.21,17.404157638549805,24.432836532592773,35.29293441772461
"2025-02-19 02:30:00.0000",3.41,94.22,16.212678909301758,22.52263069152832,35.075462341308594
"2025-02-19 02:45:00.0000",3.21,95.04,17.249156951904297,24.65848159790039,31.48297119140625
"2025-02-19 03:00:00.0000",3.16,95.56,17.150033950805664,24.071210861206055,33.460575103759766
"2025-02-19 03:15:00.0000",3.17,95.62,16.810928344726562,23.482955932617188,39.456443786621094
"2025-02-19 03:30:00.0000",3.23,95.33,16.282747268676758,22.202781677246094,29.121402740478516
"2025-02-19 03:45:00.0000",3.16,95.6,17.506263732910156,24.71246910095215,30.823108673095703
"2025-02-19 04:00:00.0000",3.11,95.86,17.94137191772461,24.82212257385254,38.54790496826172
"2025-02-19 04:15:00.0000",3.1,96.01,17.493186950683594,24.46856689453125,30.915546417236328
"2025-02-19 04:30:00.0000",2.96,96.73,17.493629455566406,24.74064826965332,31.56170654296875
"2025-02-19 04:45:00.0000",3,96.79,17.014877319335938,24.27355194091797,32.682308197021484
"2025-02-19 05:00:00.0000",3.15,96.11,18.23702049255371,25.559167861938477,31.199569702148438
"2025-02-19 05:15:00.0000",3.2,96.01,17.903532028198242,24.018892288208008,29.79634666442871
"2025-02-19 05:30:00.0000",3.22,96.01,17.665096282958984,24.827865600585938,39.656612396240234
"2025-02-19 05:45:00.0000",3.27,95.64,17.682382583618164,24.71384048461914,48.58932876586914
"2025-02-19 06:00:00.0000",3.37,95.28,17.365055084228516,25.035696029663086,36.39557647705078
"2025-02-19 06:15:00.0000",3.33,95.12,16.41461753845215,23.012746810913086,29.805099487304688
"2025-02-19 06:30:00.0000",3.41,94.67,17.40530776977539,24.450912475585938,35.65156936645508
"2025-02-19 06:45:00.0000",3.5,94.22,17.46319580078125,23.962392807006836,39.45944595336914
"2025-02-19 07:00:00.0000",3.45,94.55,17.573688507080078,24.26289176940918,38.894447326660156
"2025-02-19 07:15:00.0000",3.39,95.07,17.38440704345703,25.193056106567383,35.941062927246094
"2025-02-19 07:30:00.0000",3.36,95.44,17.908275604248047,24.726303100585938,36.207279205322266
"2025-02-19 07:45:00.0000",3.44,95.47,17.929948806762695,25.22351837158203,35.017574310302734
"2025-02-19 08:00:00.0000",3.48,95.74,18.251766204833984,25.06890869140625,34.86444854736328
"2025-02-19 08:15:00.0000",3.47,96.78,17.890491485595703,25.10198402404785,40.95033645629883
"2025-02-19 08:30:00.0000",3.56,96.57,18.898500442504883,27.000219345092773,42.506629943847656
"2025-02-19 08:45:00.0000",3.63,96.28,17.91185188293457,25.846521377563477,46.914764404296875
"2025-02-19 09:00:00.0000",3.86,95.69,17.28106689453125,24.741615295410156,44.30838394165039
"2025-02-19 09:15:00.0000",4.09,95.04,18.27862548828125,25.472150802612305,48.04402160644531
"2025-02-19 09:30:00.0000",4.25,94.55,18.33338737487793,26.117219924926758,48.5714225769043
"2025-02-19 09:45:00.0000",4.23,95.16,19.837867736816406,27.337669372558594,38.75732421875
"2025-02-19 10:00:00.0000",4.16,98.84,20.333009719848633,29.08774185180664,36.11183166503906
"2025-02-19 10:15:00.0000",4.02,100,19.102394104003906,27.141462326049805,43.214935302734375
"2025-02-19 10:30:00.0000",4.06,100,18.740707397460938,25.75175666809082,33.40292739868164
"2025-02-19 10:45:00.0000",4.19,100,19.46446418762207,27.294029235839844,36.63973617553711
"2025-02-19 11:00:00.0000",4.13,100,19.34608268737793,26.822799682617188,40.167964935302734
"2025-02-19 11:15:00.0000",4.26,100,19.58480453491211,27.20410919189453,35.244117736816406
"2025-02-19 11:30:00.0000",4.37,100,21.321651458740234,31.35396385192871,47.90749740600586
"2025-02-19 11:45:00.0000",4.5,100,23.09223175048828,32.548973083496094,42.371334075927734
"2025-02-19 12:00:00.0000",4.52,100,21.33350944519043,30.39019775390625,39.98135757446289
"2025-02-19 12:15:00.0000",5.18,100,19.85634994506836,28.58894920349121,37.858131408691406
"2025-02-19 12:30:00.0000",5.52,100,18.976301193237305,26.55339813232422,33.835548400878906
"2025-02-19 12:45:00.0000",6.68,99.92,15.732266426086426,22.424667358398438,30.523929595947266
"2025-02-19 13:00:00.0000",8.66,90.87,14.717890739440918,21.098180770874023,29.3524227142334
"2025-02-19 13:15:00.0000",9.17,87.09,13.972844123840332,18.912532806396484,25.422266006469727
"2025-02-19 13:30:00.0000",9.62,84.96,14.854643821716309,20.500354766845703,29.285795211791992
"2025-02-19 13:45:00.0000",9.39,85.74,15.179261207580566,21.1312255859375,29.690629959106445
"2025-02-19 14:00:00.0000",9.46,85.4,16.68286895751953,24.49561882019043,35.78453063964844
"2025-02-19 14:15:00.0000",8.24,90.86,16.990297317504883,23.776050567626953,32.88895797729492
"2025-02-19 14:30:00.0000",8.42,90.39,17.048505783081055,24.31549072265625,37.53089904785156
"2025-02-19 14:45:00.0000",8.89,89.2,17.16765022277832,24.917768478393555,39.830135345458984
"2025-02-19 15:00:00.0000",8.98,88.99,16.429948806762695,23.39342498779297,34.169586181640625
"2025-02-19 15:15:00.0000",9.04,88.71,17.792985916137695,26.411365509033203,39.45783233642578
"2025-02-19 15:30:00.0000",8.07,93.25,17.66939353942871,25.639175415039062,36.61906433105469
"2025-02-19 15:45:00.0000",8,94.72,18.48211097717285,27.71762466430664,40.058448791503906
"2025-02-19 16:00:00.0000",7.67,96.55,19.092876434326172,27.95111656188965,38.420562744140625
"2025-02-19 16:15:00.0000",7.44,98.46,19.318044662475586,29.91964340209961,41.34280776977539
"2025-02-19 16:30:00.0000",7.23,99.71,19.640731811523438,28.681489944458008,47.15620422363281
"2025-02-19 16:45:00.0000",7.15,100,20.225513458251953,28.218093872070312,42.730716705322266
"2025-02-19 17:00:00.0000",7.06,100,20.26010513305664,29.4554500579834,36.480228424072266
"2025-02-19 17:15:00.0000",7.14,100,20.83066177368164,29.812969207763672,44.945228576660156
"2025-02-19 17:30:00.0000",7.25,100,19.71365737915039,28.4224796295166,38.728939056396484
"2025-02-19 17:45:00.0000",7.26,100,18.807924270629883,27.542964935302734,38.948585510253906
"2025-02-19 18:00:00.0000",7.28,100,18.542926788330078,27.951946258544922,43.21141815185547
"2025-02-19 18:15:00.0000",7.28,100,19.13308334350586,28.76769256591797,39.023338317871094
"2025-02-19 18:30:00.0000",7.28,100,20.125526428222656,30.478723526000977,37.5058479309082
"2025-02-19 18:45:00.0000",7.28,100,22.720741271972656,34.44620895385742,54.5484504699707
"2025-02-19 19:00:00.0000",7.51,100,24.309160232543945,37.2929573059082,45.475215911865234
"2025-02-19 19:15:00.0000",7.73,100,22.816587448120117,34.17400360107422,43.5198860168457
"2025-02-19 19:30:00.0000",8,100,24.179157257080078,37.7353401184082,50.10352325439453
"2025-02-19 19:45:00.0000",8.12,100,25.438486099243164,40.822383880615234,57.40472412109375
"2025-02-19 20:00:00.0000",8.28,100,27.11467742919922,41.919525146484375,51.93627166748047
"2025-02-19 20:15:00.0000",8.09,100,25.803749084472656,39.747074127197266,49.91781234741211
"2025-02-19 20:30:00.0000",8.03,100,25.451669692993164,40.113643646240234,60.707000732421875
"2025-02-19 20:45:00.0000",8.09,100,23.819934844970703,36.33050537109375,51.98506164550781
"2025-02-19 21:00:00.0000",8.14,100,23.722396850585938,36.712589263916016,55.475650787353516
"2025-02-19 21:15:00.0000",8.18,100,22.984424591064453,35.661556243896484,54.2001953125
"2025-02-19 21:30:00.0000",8.27,100,22.6756591796875,35.063663482666016,46.58432388305664
"2025-02-19 21:45:00.0000",8.41,100,22.591510772705078,33.84976577758789,44.37063980102539
"2025-02-19 22:00:00.0000",8.51,100,20.512174606323242,30.706745147705078,37.334476470947266
"2025-02-19 22:15:00.0000",8.8,100,19.193754196166992,29.062469482421875,41.76268005371094
"2025-02-19 22:30:00.0000",9.08,100,19.50544548034668,29.90162467956543,38.94310760498047
"2025-02-19 22:45:00.0000",9.22,100,18.652729034423828,29.132471084594727,35.9332389831543
"2025-02-19 23:00:00.0000",9.25,100,17.785898208618164,28.019142150878906,35.0036735534668
"2025-02-19 23:15:00.0000",9.16,100,15.537969589233398,25.608596801757812,40.1563835144043
"2025-02-19 23:30:00.0000",9.26,100,13.425427436828613,21.340839385986328,33.941837310791016
"2025-02-19 23:45:00.0000",9.38,100,11.404867172241211,18.760040283203125,25.65978240966797
"2025-02-20 00:00:00.0000",9.51,100,9.142818450927734,15.531468391418457,20.888532638549805
"2025-02-20 00:15:00.0000",9.64,100,7.584168434143066,12.960275650024414,18.11433982849121
"2025-02-20 00:30:00.0000",9.81,100,5.877950191497803,11.238737106323242,16.774730682373047
"2025-02-20 00:45:00.0000",9.92,100,4.972834587097168,8.602663040161133,13.997637748718262
"2025-02-20 01:00:00.0000",10.02,100,3.746323585510254,7.243260860443115,14.756218910217285
"2025-02-20 01:15:00.0000",10.13,100,3.4111239910125732,6.661960124969482,11.205394744873047
"2025-02-20 01:30:00.0000",10.24,100,2.7420263290405273,5.1556878089904785,8.884966850280762
"2025-02-20 01:45:00.0000",10.43,100,2.853724241256714,5.539175033569336,12.383551597595215
"2025-02-20 02:00:00.0000",10.48,100,2.642610788345337,4.860927104949951,8.069851875305176
"2025-02-20 02:15:00.0000",10.55,100,2.1020941734313965,3.73852801322937,6.80205774307251
"2025-02-20 02:30:00.0000",10.61,100,1.7215278148651123,3.497248649597168,6.409290313720703
"2025-02-20 02:45:00.0000",10.57,100,1.2757247686386108,2.602691650390625,5.297037601470947
"2025-02-20 03:00:00.0000",10.65,100,1.2151904106140137,2.6242306232452393,6.035822868347168
"2025-02-20 03:15:00.0000",10.75,100,1.1093847751617432,2.2956926822662354,6.463876247406006
"2025-02-20 03:30:00.0000",10.9,100,0.9938973188400269,1.6587074995040894,4.196751117706299
"2025-02-20 03:45:00.0000",10.99,100,0.9792119860649109,2.0886316299438477,5.226955413818359
"2025-02-20 04:00:00.0000",11.18,100,0.8645455837249756,2.0438930988311768,5.751809120178223
"2025-02-20 04:15:00.0000",11.35,100,1.1008681058883667,2.1131060123443604,4.764919757843018
"2025-02-20 04:30:00.0000",11.34,100,1.099805235862732,2.1830294132232666,9.318137168884277
"2025-02-20 04:45:00.0000",11.43,100,1.27218759059906,1.8199659585952759,4.056321620941162
"2025-02-20 05:00:00.0000",11.39,100,1.468762755393982,2.65116810798645,9.933494567871094
"2025-02-20 05:15:00.0000",11.33,100,1.332701563835144,2.894285202026367,7.773501396179199
"2025-02-20 05:30:00.0000",11.42,100,1.3745396137237549,2.8884735107421875,11.047633171081543
"2025-02-20 05:45:00.0000",11.55,100,1.645042061805725,3.27144193649292,10.741950035095215
"2025-02-20 06:00:00.0000",11.55,100,2.105290651321411,3.121447801589966,7.874788761138916
"2025-02-20 06:15:00.0000",11.5,100,2.007301092147827,3.475440263748169,7.66123628616333
"2025-02-20 06:30:00.0000",11.62,100,1.8418278694152832,2.8968260288238525,5.603170871734619
"2025-02-20 06:45:00.0000",11.72,100,1.2364658117294312,2.436959981918335,10.410892486572266
"2025-02-20 07:00:00.0000",11.78,100,0.7495914101600647,2.2838292121887207,9.3242769241333
"2025-02-20 07:15:00.0000",11.97,100,0.6539508104324341,2.2249910831451416,6.285289764404297
"2025-02-20 07:30:00.0000",12.24,100,0.7932425737380981,2.2432987689971924,9.547110557556152
"2025-02-20 07:45:00.0000",12.46,100,0.5884342193603516,1.6581816673278809,4.469361305236816
"2025-02-20 08:00:00.0000",12.66,100,0.7604672312736511,2.2531914710998535,5.3468756675720215
"2025-02-20 08:15:00.0000",12.75,100,0.6425980925559998,2.064357042312622,6.224617958068848
"2025-02-20 08:30:00.0000",12.8,100,0.5573427677154541,1.7642611265182495,11.692113876342773
"2025-02-20 08:45:00.0000",12.86,100,0.5214477181434631,1.9295108318328857,10.629087448120117
"2025-02-20 09:00:00.0000",12.87,100,0.561828076839447,1.7489657402038574,8.75732421875
"2025-02-20 09:15:00.0000",12.98,100,0.45378708839416504,1.540769100189209,8.577136993408203
"2025-02-20 09:30:00.0000",12.94,100,0.4548816978931427,1.4839932918548584,11.032114028930664
"2025-02-20 09:45:00.0000",12.67,100,0.5486688017845154,1.7195465564727783,5.830947399139404
"2025-02-20 10:00:00.0000",12.93,100,0.5299150347709656,2.0385918617248535,5.575498104095459
"2025-02-20 10:15:00.0000",12.95,100,0.5824532508850098,2.779797077178955,11.801063537597656
"2025-02-20 10:30:00.0000",13.57,100,0.6169003248214722,3.4030914306640625,24.65277671813965
"2025-02-20 10:45:00.0000",13.85,100,0.4827823340892792,2.268125534057617,6.804199695587158
"2025-02-20 11:00:00.0000",13.96,100,0.538500189781189,2.4698243141174316,7.884669780731201
"2025-02-20 11:15:00.0000",13.79,100,0.9247939586639404,3.117744207382202,13.224977493286133
"2025-02-20 11:30:00.0000",14.41,100,0.5098158121109009,2.2481696605682373,13.600137710571289
"2025-02-20 11:45:00.0000",14.44,100,0.5781368017196655,2.1394259929656982,6.360709190368652
"2025-02-20 12:00:00.0000",14.15,100,0.8773347735404968,5.32659387588501,17.804073333740234
"2025-02-20 12:15:00.0000",12.79,100,1.3709344863891602,5.123895645141602,11.482511520385742
"2025-02-20 12:30:00.0000",12.27,100,0.2316679209470749,1.3034603595733643,5.936713695526123
"2025-02-20 12:45:00.0000",12.46,100,0.3118288218975067,1.3368353843688965,5.554498672485352
"2025-02-20 13:00:00.0000",12.89,100,0.285650372505188,1.1545076370239258,4.002936363220215
"2025-02-20 13:15:00.0000",13.43,100,0.5300263166427612,1.598983645439148,4.7651262283325195
"2025-02-20 13:30:00.0000",14.33,99.52,0.4919787049293518,1.7013832330703735,4.999505519866943
"2025-02-20 13:45:00.0000",14.3,96.73,0.3824335038661957,1.644421100616455,5.206533908843994
"2025-02-20 14:00:00.0000",14.66,94.95,0.3375949561595917,1.241964340209961,7.079675674438477
"2025-02-20 14:15:00.0000",15.51,90.27,0.6541385054588318,2.271411418914795,5.147775173187256
"2025-02-20 14:30:00.0000",15.45,90.73,1.5498288869857788,5.905068874359131,14.516785621643066
"2025-02-20 14:45:00.0000",16.18,84.68,2.6656882762908936,10.495631217956543,20.096895217895508
"2025-02-20 15:00:00.0000",16.09,85.08,4.0109663009643555,16.094642639160156,29.940994262695312
"2025-02-20 15:15:00.0000",15.58,87.59,3.9102423191070557,15.558345794677734,30.06755828857422
"2025-02-20 15:30:00.0000",15.72,85.78,4.498594284057617,17.93820571899414,34.93924331665039
"2025-02-20 15:45:00.0000",15.43,85.57,4.169239521026611,17.237510681152344,27.762744903564453
"2025-02-20 16:00:00.0000",15.49,85.15,3.9932239055633545,16.898597717285156,29.720600128173828
"2025-02-20 16:15:00.0000",14.78,87.6,4.759958744049072,19.08349609375,33.836448669433594
"2025-02-20 16:30:00.0000",14.97,87.37,4.470921039581299,19.641822814941406,37.556392669677734
"2025-02-20 16:45:00.0000",14.76,87.46,5.16221809387207,22.59139060974121,46.381752014160156
"2025-02-20 17:00:00.0000",14.25,90.1,4.5536699295043945,21.653064727783203,44.02690505981445
"2025-02-20 17:15:00.0000",13.93,90.73,5.217159748077393,22.311521530151367,47.09499740600586
"2025-02-20 17:30:00.0000",13.68,90.83,5.560319423675537,25.43296241760254,51.23491287231445
"2025-02-20 17:45:00.0000",13.43,89.37,5.289881229400635,23.258207321166992,39.547672271728516
"2025-02-20 18:00:00.0000",13.22,89.97,6.195199012756348,28.25511360168457,65.66596984863281
"2025-02-20 18:15:00.0000",12.99,91.38,6.99366569519043,29.51490592956543,51.771480560302734
"2025-02-20 18:30:00.0000",12.82,92.7,7.232619285583496,29.569608688354492,64.66691589355469
"2025-02-20 18:45:00.0000",12.56,94.12,6.972113609313965,31.46343231201172,80.0424575805664
"2025-02-20 19:00:00.0000",12.66,94.51,7.187695503234863,31.116329193115234,69.20156860351562
"2025-02-20 19:15:00.0000",12.34,94.85,7.224783420562744,29.705917358398438,57.91195297241211
"2025-02-20 19:30:00.0000",12.33,94.66,7.436312198638916,33.40861511230469,80.02064514160156
"2025-02-20 19:45:00.0000",12.5,93.9,8.066701889038086,32.31924057006836,63.785404205322266
"2025-02-20 20:00:00.0000",12.22,94.59,6.385272026062012,29.024799346923828,55.38352966308594
"2025-02-20 20:15:00.0000",12.23,94.7,6.697826385498047,30.026090621948242,53.858726501464844
"2025-02-20 20:30:00.0000",12.58,93.29,6.723459720611572,32.15513610839844,75.62049102783203
"2025-02-20 20:45:00.0000",12.35,93.17,6.645636558532715,28.720348358154297,66.12999725341797
"2025-02-20 21:00:00.0000",11.93,96.21,6.2159423828125,27.680418014526367,49.69647216796875
"2025-02-20 21:15:00.0000",11.74,97.74,5.854828834533691,26.778078079223633,57.77409744262695
"2025-02-20 21:30:00.0000",11.75,98,6.121219158172607,27.331026077270508,55.588356018066406
"2025-02-20 21:45:00.0000",11.69,97.88,6.146090984344482,28.294954299926758,55.14413833618164
"2025-02-20 22:00:00.0000",11.69,97.65,5.96022891998291,25.981966018676758,54.73411560058594
"2025-02-20 22:15:00.0000",11.46,98.42,5.787713050842285,25.23519515991211,51.851318359375
"2025-02-20 22:30:00.0000",11.13,99.82,5.940901756286621,27.39104461669922,57.606319427490234
"2025-02-20 22:45:00.0000",11.01,100,6.625805854797363,29.97045135498047,63.64558029174805
"2025-02-20 23:00:00.0000",11.02,100,7.35031795501709,31.81252670288086,68.4354476928711
"2025-02-20 23:15:00.0000",11.05,100,6.497655391693115,29.52532196044922,56.967803955078125
"2025-02-20 23:30:00.0000",11.14,100,6.530782222747803,31.324182510375977,56.55812072753906
"2025-02-20 23:45:00.0000",11.19,100,6.56022310256958,30.978269577026367,69.46710205078125
"2025-02-21 00:00:00.0000",11.21,100,6.209805011749268,28.08708381652832,56.0285758972168
"2025-02-21 00:15:00.0000",11.07,100,6.431921482086182,28.598161697387695,52.40037536621094
"2025-02-21 00:30:00.0000",11.26,100,6.0377373695373535,28.64847183227539,55.99488067626953
"2025-02-21 00:45:00.0000",11.47,100,6.104835510253906,29.327880859375,54.46896743774414
"2025-02-21 01:00:00.0000",11.45,100,6.089818477630615,28.074390411376953,55.16532897949219
"2025-02-21 01:15:00.0000",11.39,100,6.111440658569336,27.99953269958496,49.03629684448242
"2025-02-21 01:30:00.0000",11.33,100,5.862093925476074,25.67149543762207,55.098392486572266
"2025-02-21 01:45:00.0000",11.38,100,6.040173053741455,30.786388397216797,63.88930130004883
"2025-02-21 02:00:00.0000",11.17,100,5.861258506774902,26.48235321044922,51.93109130859375
"2025-02-21 02:15:00.0000",11.06,100,5.777371406555176,28.247699737548828,55.96949768066406
"2025-02-21 02:30:00.0000",10.99,100,5.7827582359313965,30.013607025146484,56.1369514465332
"2025-02-21 02:45:00.0000",10.96,100,5.62697696685791,26.964153289794922,47.156455993652344
"2025-02-21 03:00:00.0000",10.84,100,4.884024620056152,22.752880096435547,44.84184265136719
"2025-02-21 03:15:00.0000",11.1,100,3.893527030944824,19.27573585510254,34.784088134765625
"2025-02-21 03:30:00.0000",11.25,100,4.071192741394043,17.6904296875,36.802085876464844
"2025-02-21 03:45:00.0000",11.32,100,2.8598217964172363,12.765921592712402,24.036394119262695
"2025-02-21 04:00:00.0000",11.44,100,2.087683916091919,8.87091064453125,19.207658767700195
"2025-02-21 04:15:00.0000",11.81,100,1.5108447074890137,6.465177536010742,16.633920669555664
"2025-02-21 04:30:00.0000",12.05,100,1.0339555740356445,4.228193759918213,13.012274742126465
"2025-02-21 04:45:00.0000",12.12,100,0.951934278011322,3.8930840492248535,9.738354682922363
"2025-02-21 05:00:00.0000",12.17,100,0.9170344471931458,3.6449875831604004,9.935791015625
"2025-02-21 05:15:00.0000",12.37,100,0.7091378569602966,2.673884153366089,8.013898849487305
"2025-02-21 05:30:00.0000",12.64,100,0.754402220249176,3.082353115081787,6.98551082611084
"2025-02-21 05:45:00.0000",12.76,100,0.5939291715621948,2.6891820430755615,6.18674898147583
"2025-02-21 06:00:00.0000",12.69,100,0.44445666670799255,1.6266952753067017,5.2548112869262695
"2025-02-21 06:15:00.0000",12.75,100,0.2934419810771942,1.106933355331421,3.8445537090301514
"2025-02-21 06:30:00.0000",12.9,100,0.27688732743263245,1.4227383136749268,5.216373920440674
"2025-02-21 06:45:00.0000",13.02,100,0.18548209965229034,0.6524815559387207,3.8438761234283447
"2025-02-21 07:00:00.0000",13.21,100,0.19874942302703857,0.8218503594398499,3.411034345626831
"2025-02-21 07:15:00.0000",13.35,100,0.356415331363678,1.341782569885254,8.263266563415527
"2025-02-21 07:30:00.0000",13.29,100,0.2664691209793091,1.3763540983200073,5.1414947509765625
"2025-02-21 07:45:00.0000",13.18,100,0.26549485325813293,1.418705701828003,5.831617832183838
"2025-02-21 08:00:00.0000",13.3,100,0.4361465871334076,2.417576313018799,8.145554542541504
"2025-02-21 08:15:00.0000",13.46,100,0.3429259657859802,1.543337345123291,11.769171714782715
"2025-02-21 08:30:00.0000",13.64,100,0.608694314956665,2.30788516998291,5.41264009475708
"2025-02-21 08:45:00.0000",13.98,100,1.1237430572509766,3.1597981452941895,9.254609107971191
"2025-02-21 09:00:00.0000",14.33,100,1.2544759511947632,3.702057123184204,14.066770553588867
"2025-02-21 09:15:00.0000",14.59,97.89,1.373171091079712,3.9779036045074463,8.163130760192871
"2025-02-21 09:30:00.0000",14.5,97.62,1.62058424949646,5.77075719833374,13.623997688293457
"2025-02-21 09:45:00.0000",14.51,96.98,1.6338051557540894,5.250954627990723,16.51582908630371
"2025-02-21 10:00:00.0000",14.68,96.52,1.8355190753936768,6.226112365722656,17.043292999267578
"2025-02-21 10:15:00.0000",14.8,95.42,1.8620809316635132,6.005566596984863,11.59811019897461
"2025-02-21 10:30:00.0000",14.86,94.78,1.5850764513015747,5.625351428985596,16.72098159790039
"2025-02-21 10:45:00.0000",14.87,95.19,1.5240792036056519,3.8397607803344727,6.8762030601501465
"2025-02-21 11:00:00.0000",14.87,95.47,1.536446213722229,4.1670241355896,8.90443229675293
"2025-02-21 11:15:00.0000",14.7,96.21,1.504176378250122,4.663323402404785,13.1859712600708
"2025-02-21 11:30:00.0000",14.57,97.27,1.3745198249816895,4.485655307769775,12.182198524475098
"2025-02-21 11:45:00.0000",14.44,98.54,1.5362226963043213,4.557743072509766,8.767577171325684
"2025-02-21 12:00:00.0000",14.44,98.35,1.4645987749099731,4.755885124206543,9.830620765686035
"2025-02-21 12:15:00.0000",14.5,97.58,1.8782362937927246,4.7524733543396,7.830122470855713
"2025-02-21 12:30:00.0000",14.5,97.14,1.8917127847671509,6.142217636108398,13.23001766204834
"2025-02-21 12:45:00.0000",14.62,96.46,1.7517001628875732,4.819626808166504,9.09695816040039
"2025-02-21 13:00:00.0000",14.56,96.74,1.5023505687713623,4.408064842224121,10.986821174621582
"2025-02-21 13:15:00.0000",14.48,98.46,1.427294135093689,3.5606026649475098,6.6350908279418945
"2025-02-21 13:30:00.0000",14.26,100,1.1291452646255493,3.587810516357422,8.176200866699219
"2025-02-21 13:45:00.0000",14.46,99.77,0.8858567476272583,2.6232709884643555,8.468900680541992
"2025-02-21 14:00:00.0000",14.67,98.46,0.9128655195236206,3.113765001296997,7.205710411071777
"2025-02-21 14:15:00.0000",14.22,100,1.2969881296157837,3.561492681503296,8.33696460723877
"2025-02-21 14:30:00.0000",13.94,100,1.2293201684951782,3.289228916168213,7.806825637817383
"2025-02-21 14:45:00.0000",14.03,100,1.1365715265274048,3.202472686767578,6.791750907897949
"2025-02-21 15:00:00.0000",14,100,0.951415479183197,2.5825510025024414,5.5634989738464355
"2025-02-21 15:15:00.0000",13.81,100,0.9316852688789368,2.9203402996063232,6.67909574508667
"2025-02-21 15:30:00.0000",14,100,1.6293220520019531,6.13032341003418,20.695573806762695
"2025-02-21 15:45:00.0000",14.33,99.84,1.7933518886566162,6.354720115661621,12.816713333129883
"2025-02-21 16:00:00.0000",14.83,95.63,2.164308786392212,7.767176151275635,14.19052791595459
"2025-02-21 16:15:00.0000",15.33,91.45,1.5367330312728882,5.529732704162598,10.045676231384277
"2025-02-21 16:30:00.0000",15.28,91.06,1.7385350465774536,7.166414260864258,17.431232452392578
"2025-02-21 16:45:00.0000",14.98,92.66,1.9397276639938354,7.854664325714111,17.647003173828125
"2025-02-21 17:00:00.0000",14.8,92.84,2.232051372528076,8.920283317565918,18.825044631958008
"2025-02-21 17:15:00.0000",14.51,93.57,2.5100910663604736,9.196512222290039,26.159154891967773
"2025-02-21 17:30:00.0000",14.34,92.9,2.463897228240967,10.422623634338379,25.337181091308594
"2025-02-21 17:45:00.0000",13.96,94.13,2.2579281330108643,9.237021446228027,15.649425506591797
"2025-02-21 18:00:00.0000",13.76,95.1,1.9818263053894043,8.164294242858887,14.855949401855469
"2025-02-21 18:15:00.0000",12.75,100,1.753818392753601,7.309421539306641,14.743826866149902
"2025-02-21 18:30:00.0000",12.33,100,1.9748409986495972,7.876209259033203,14.752378463745117
"2025-02-21 18:45:00.0000",12.35,100,1.9617069959640503,6.991306304931641,13.05267333984375
"2025-02-21 19:00:00.0000",12.37,99.28,2.0000693798065186,6.996407985687256,15.324942588806152
"2025-02-21 19:15:00.0000",12.25,99.22,1.202417254447937,4.837528705596924,10.234192848205566
"2025-02-21 19:30:00.0000",11.82,96.04,1.6644561290740967,6.330867767333984,24.794057846069336
"2025-02-21 19:45:00.0000",11.93,93.98,2.0502307415008545,9.047632217407227,31.379732131958008
"2025-02-21 20:00:00.0000",11.98,93.65,1.7122596502304077,7.017638683319092,13.448446273803711
"2025-02-21 20:15:00.0000",11.81,93.45,1.651800274848938,6.634500980377197,15.051105499267578
"2025-02-21 20:30:00.0000",11.64,94.56,1.9327625036239624,8.19666576385498,19.31209945678711
"2025-02-21 20:45:00.0000",11.38,96.34,2.432934045791626,9.007699012756348,17.80597496032715
"2025-02-21 21:00:00.0000",11.15,97.14,2.1167900562286377,8.57102108001709,17.555313110351562
"2025-02-21 21:15:00.0000",11.05,96.38,2.370683431625366,10.701655387878418,22.195106506347656
"2025-02-21 21:30:00.0000",11.09,96.47,1.9964306354522705,8.694326400756836,20.76462745666504
"2025-02-21 21:45:00.0000",11.33,95.12,2.2927584648132324,10.694899559020996,25.620464324951172
"2025-02-21 22:00:00.0000",11.34,94.83,2.174170970916748,9.356771469116211,20.804187774658203
"2025-02-21 22:15:00.0000",11.17,94.58,1.9209944009780884,9.50661849975586,21.38584327697754
"2025-02-21 22:30:00.0000",11.23,93.89,1.9436309337615967,7.912293434143066,14.380298614501953
"2025-02-21 22:45:00.0000",11.58,92.24,2.21112322807312,9.624897956848145,23.307369232177734
"2025-02-21 23:00:00.0000",11.48,93.03,2.688717842102051,10.765690803527832,28.220195770263672
"2025-02-21 23:15:00.0000",10.97,95.64,2.2214508056640625,9.729349136352539,29.724498748779297
"2025-02-21 23:30:00.0000",10.82,96.64,2.2535693645477295,10.543782234191895,22.950511932373047
"2025-02-21 23:45:00.0000",10.78,97.07,2.1474106311798096,11.426241874694824,30.163349151611328
"2025-02-22 00:00:00.0000",10.82,97.09,2.2903850078582764,11.259525299072266,25.18499755859375
"2025-02-22 00:15:00.0000",10.6,98.28,2.325000047683716,10.215458869934082,24.852684020996094
"2025-02-22 00:30:00.0000",10.37,99.68,2.441601514816284,11.701607704162598,26.00873565673828
"2025-02-22 00:45:00.0000",10.12,100,2.407897710800171,11.374314308166504,26.79672622680664
"2025-02-22 01:00:00.0000",9.69,100,2.1413168907165527,9.702021598815918,22.778303146362305
"2025-02-22 01:15:00.0000",9.65,100,2.4997684955596924,12.879100799560547,29.4947509765625
"2025-02-22 01:30:00.0000",9.56,100,2.90500807762146,13.488308906555176,27.030385971069336
"2025-02-22 01:45:00.0000",9.42,100,2.6780505180358887,13.80555534362793,32.788780212402344
"2025-02-22 02:00:00.0000",9.33,100,3.6075124740600586,15.726224899291992,39.57900619506836
"2025-02-22 02:15:00.0000",9.23,100,2.72542142868042,14.524173736572266,36.87302017211914
"2025-02-22 02:30:00.0000",9.08,100,2.748788356781006,14.265314102172852,35.10680389404297
"2025-02-22 02:45:00.0000",8.96,100,2.7620232105255127,13.515750885009766,27.17957878112793
"2025-02-22 03:00:00.0000",8.96,100,3.188725709915161,15.375016212463379,31.072391510009766
"2025-02-22 03:15:00.0000",8.89,100,3.144392967224121,15.82603645324707,30.34262466430664
"2025-02-22 03:30:00.0000",8.72,100,3.279684066772461,17.094743728637695,33.780189514160156
"2025-02-22 03:45:00.0000",8.72,100,3.0321388244628906,15.095105171203613,30.874975204467773
"2025-02-22 04:00:00.0000",8.72,100,3.2017412185668945,15.392046928405762,35.776554107666016
"2025-02-22 04:15:00.0000",8.67,100,2.939084768295288,15.347427368164062,36.38311004638672
"2025-02-22 04:30:00.0000",8.62,100,2.960503101348877,15.168604850769043,29.086551666259766
"2025-02-22 04:45:00.0000",8.57,100,3.2583706378936768,16.13188934326172,33.18785095214844
"2025-02-22 05:00:00.0000",8.44,100,3.3429982662200928,17.05510711669922,38.32691192626953
"2025-02-22 05:15:00.0000",8.36,100,3.234330654144287,16.3442440032959,36.378173828125
"2025-02-22 05:30:00.0000",8.33,100,2.9429290294647217,15.181918144226074,29.44824981689453
"2025-02-22 05:45:00.0000",8.36,100,3.1752591133117676,16.443138122558594,40.69321060180664
"2025-02-22 06:00:00.0000",8.2,100,3.2836925983428955,16.69959831237793,35.401519775390625
"2025-02-22 06:15:00.0000",8.12,100,3.4455182552337646,17.124624252319336,41.22679901123047
"2025-02-22 06:30:00.0000",8.14,100,3.629019021987915,17.871849060058594,39.41960906982422
"2025-02-22 06:45:00.0000",8.05,100,3.5225939750671387,17.18639373779297,34.965476989746094
"2025-02-22 07:00:00.0000",8.23,100,3.476076602935791,17.077953338623047,35.57664108276367
"2025-02-22 07:15:00.0000",8.26,100,3.1891801357269287,14.832283020019531,36.039188385009766
"2025-02-22 07:30:00.0000",8.31,100,3.2205657958984375,16.40681266784668,34.845680236816406
"2025-02-22 07:45:00.0000",8.07,100,3.052595376968384,16.024934768676758,45.5992317199707
"2025-02-22 08:00:00.0000",7.99,100,3.137751340866089,16.82691192626953,37.32921600341797
"2025-02-22 08:15:00.0000",8.1,100,3.7165708541870117,16.41780662536621,34.40165710449219
"2025-02-22 08:30:00.0000",8.31,100,3.276179552078247,14.946864128112793,36.28545379638672
"2025-02-22 08:45:00.0000",8.68,100,3.307478427886963,16.142690658569336,43.60585021972656
"2025-02-22 09:00:00.0000",9.17,100,3.4069302082061768,16.269968032836914,40.384220123291016
"2025-02-22 09:15:00.0000",9.62,100,3.6003599166870117,18.712360382080078,39.17620086669922
"2025-02-22 09:30:00.0000",10.13,100,3.160569190979004,16.060039520263672,38.12455749511719
"2025-02-22 09:45:00.0000",10.56,100,2.904266595840454,14.688026428222656,34.535892486572266
"2025-02-22 10:00:00.0000",11.11,98.43,3.1944634914398193,16.632844924926758,55.369712829589844
"2025-02-22 10:15:00.0000",11.58,95.32,2.9343295097351074,14.194734573364258,37.458255767822266
"2025-02-22 10:30:00.0000",12.16,92.08,3.337982654571533,18.622928619384766,49.99149703979492
"2025-02-22 10:45:00.0000",12.68,89.35,3.1340270042419434,14.709254264831543,48.99526596069336
"2025-02-22 11:00:00.0000",13.14,87.15,3.326763391494751,16.453813552856445,54.1837043762207
"2025-02-22 11:15:00.0000",15.22,78.69,3.3320794105529785,15.799820899963379,50.484378814697266
"2025-02-22 11:30:00.0000",15.85,74.84,3.1654508113861084,15.453339576721191,39.52650833129883
"2025-02-22 11:45:00.0000",14.36,79.73,2.757666826248169,11.974064826965332,30.287424087524414
"2025-02-22 12:00:00.0000",14.5,77.5,2.558729410171509,11.365715980529785,24.05146026611328
"2025-02-22 12:15:00.0000",13.61,76.99,2.549161672592163,11.034102439880371,27.530744552612305
"2025-02-22 12:30:00.0000",14.05,74.31,2.2108652591705322,9.669449806213379,24.373796463012695
"2025-02-22 12:45:00.0000",14.61,69.7,2.725611925125122,11.671876907348633,31.67487907409668
"2025-02-22 13:00:00.0000",16,64.87,2.2668468952178955,8.202286720275879,16.35457420349121
"2025-02-22 13:15:00.0000",16.23,61.98,2.31526255607605,9.518302917480469,19.227336883544922
"2025-02-22 13:30:00.0000",15.63,63.27,1.8755574226379395,6.375118255615234,16.394025802612305
"2025-02-22 13:45:00.0000",16.68,59.53,2.458031415939331,9.125679016113281,20.239492416381836
"2025-02-22 14:00:00.0000",16.02,60.63,2.285435199737549,9.122090339660645,29.43370819091797
"2025-02-22 14:15:00.0000",14.17,67.21,2.450080633163452,10.344992637634277,28.866817474365234
"2025-02-22 14:30:00.0000",13.58,72.52,2.161001682281494,8.870649337768555,23.41719627380371
"2025-02-22 14:45:00.0000",14.49,70.92,2.3150463104248047,9.320026397705078,26.512062072753906
"2025-02-22 15:00:00.0000",15.66,66.4,2.38539457321167,10.000893592834473,26.8156681060791
"2025-02-22 15:15:00.0000",15.83,65.19,2.6899917125701904,11.74429702758789,29.15432357788086
"2025-02-22 15:30:00.0000",14.54,69.07,2.490246534347534,10.135997772216797,23.858531951904297
"2025-02-22 15:45:00.0000",14.14,70.36,2.4875712394714355,11.300921440124512,25.417537689208984
"2025-02-22 16:00:00.0000",13.31,75.06,2.4788553714752197,11.898918151855469,22.37470054626465
"2025-02-22 16:15:00.0000",14.16,78.1,2.6502888202667236,10.352350234985352,28.129804611206055
"2025-02-22 16:30:00.0000",14.08,74.92,2.9162542819976807,13.257532119750977,32.18169403076172
"2025-02-22 16:45:00.0000",13.91,75.03,2.920417070388794,13.63394832611084,44.511993408203125
"2025-02-22 17:00:00.0000",13.37,76.45,3.37663197517395,14.80471134185791,49.53602600097656
"2025-02-22 17:15:00.0000",12.75,80.36,3.1366240978240967,14.423456192016602,42.25758361816406
"2025-02-22 17:30:00.0000",12.19,83.08,3.727104425430298,15.960740089416504,39.59782409667969
"2025-02-22 17:45:00.0000",11.85,85.34,3.483506917953491,14.49931526184082,29.596147537231445
"2025-02-22 18:00:00.0000",11.5,88.26,3.556403398513794,15.91440200805664,32.22618103027344
"2025-02-22 18:15:00.0000",11.25,90.59,5.104771137237549,20.2753849029541,39.4749641418457
"2025-02-22 18:30:00.0000",10.98,92.04,3.348705530166626,15.161468505859375,42.05804443359375
"2025-02-22 18:45:00.0000",10.75,93.37,3.3408825397491455,15.536711692810059,35.711490631103516
"2025-02-22 19:00:00.0000",10.6,93.27,3.5917930603027344,15.543889045715332,42.87517547607422
"2025-02-22 19:15:00.0000",10.53,93.13,3.885864496231079,15.42216682434082,37.32725143432617
"2025-02-22 19:30:00.0000",10.29,93.64,2.9804391860961914,13.223835945129395,25.629064559936523
"2025-02-22 19:45:00.0000",10.15,94.57,3.2982020378112793,15.680891036987305,36.53481674194336
"2025-02-22 20:00:00.0000",10,94.59,3.2675344944000244,15.15719223022461,38.33765411376953
"2025-02-22 20:15:00.0000",9.83,94.84,3.706188440322876,15.428338050842285,29.860807418823242
"2025-02-22 20:30:00.0000",9.58,95.53,3.13826060295105,13.97917366027832,34.2921028137207
"2025-02-22 20:45:00.0000",9.36,97.11,3.31573486328125,14.676881790161133,31.783266067504883
"2025-02-22 21:00:00.0000",9.41,98.24,3.3243088722229004,14.935140609741211,28.6351375579834
"2025-02-22 21:15:00.0000",9.34,98.53,3.3033785820007324,16.747943878173828,35.840553283691406
"2025-02-22 21:30:00.0000",9.31,98.85,2.7946765422821045,12.765519142150879,29.437236785888672
"2025-02-22 21:45:00.0000",9.39,98.29,2.654524803161621,11.161702156066895,26.650617599487305
"2025-02-22 22:00:00.0000",9.53,97.02,2.910982370376587,14.044815063476562,41.128204345703125
"2025-02-22 22:15:00.0000",9.44,96.33,3.2386441230773926,15.531157493591309,42.011898040771484
"2025-02-22 22:30:00.0000",9.14,97.57,2.916773796081543,13.552741050720215,36.86957550048828
"2025-02-22 22:45:00.0000",9.09,97.57,3.1512033939361572,13.788211822509766,31.68986701965332
"2025-02-22 23:00:00.0000",8.88,98.88,3.7502706050872803,17.949954986572266,38.94281768798828
"2025-02-22 23:15:00.0000",8.65,100,3.34460186958313,16.156219482421875,36.457252502441406
"2025-02-22 23:30:00.0000",8.48,100,3.450038194656372,16.262393951416016,35.514766693115234
"2025-02-22 23:45:00.0000",8.54,100,3.787781000137329,17.84557342529297,38.61393356323242
"2025-02-23 00:00:00.0000",8.41,100,3.6329686641693115,16.12750816345215,29.753665924072266
"2025-02-23 00:15:00.0000",8.21,100,3.9458444118499756,15.911870956420898,35.68182373046875
"2025-02-23 00:30:00.0000",7.87,100,3.4174270629882812,15.746519088745117,32.71707534790039
"2025-02-23 00:45:00.0000",7.73,100,3.254131317138672,15.613203048706055,38.01603317260742
"2025-02-23 01:00:00.0000",7.68,100,3.1556475162506104,14.816672325134277,35.167518615722656
"2025-02-23 01:15:00.0000",7.68,100,3.424483060836792,16.513608932495117,38.14202880859375
"2025-02-23 01:30:00.0000",7.94,100,3.4763503074645996,18.121604919433594,44.44809341430664
"2025-02-23 01:45:00.0000",7.94,100,3.1722612380981445,17.502716064453125,46.002193450927734
"2025-02-23 02:00:00.0000",7.96,100,3.2118918895721436,16.962677001953125,47.284385681152344
"2025-02-23 02:15:00.0000",8.08,100,3.253957509994507,17.981664657592773,42.76639175415039
"2025-02-23 02:30:00.0000",8,100,3.0222649574279785,15.997566223144531,47.998477935791016
"2025-02-23 02:45:00.0000",7.98,100,3.072888135910034,16.736543655395508,38.480079650878906
"2025-02-23 03:00:00.0000",8.01,100,3.236494779586792,15.189497947692871,39.6973991394043
"2025-02-23 03:15:00.0000",8.09,100,2.851754903793335,14.160149574279785,34.261016845703125
"2025-02-23 03:30:00.0000",8.06,100,2.930495023727417,17.060991287231445,51.66259765625
"2025-02-23 03:45:00.0000",8.01,100,3.0260231494903564,16.052581787109375,34.87150573730469
"2025-02-23 04:00:00.0000",8.09,100,2.6429526805877686,13.046825408935547,25.72687530517578
"2025-02-23 04:15:00.0000",8.22,100,2.757432460784912,14.498394966125488,33.90813446044922
"2025-02-23 04:30:00.0000",8.4,100,2.457951307296753,13.158159255981445,28.029878616333008
"2025-02-23 04:45:00.0000",8.31,100,2.526064157485962,12.737540245056152,33.45746612548828
"2025-02-23 05:00:00.0000",8.52,100,2.529273271560669,13.509054183959961,29.891660690307617
"2025-02-23 05:15:00.0000",8.62,100,3.031848669052124,14.956955909729004,29.130430221557617
"2025-02-23 05:30:00.0000",8.63,100,2.8124513626098633,12.846641540527344,24.52113151550293
"2025-02-23 05:45:00.0000",8.66,100,2.5676403045654297,12.982733726501465,26.584856033325195
"2025-02-23 06:00:00.0000",8.82,100,2.7199108600616455,12.730734825134277,36.0970344543457
"2025-02-23 06:15:00.0000",8.88,100,2.2793033123016357,10.944117546081543,22.326316833496094
"2025-02-23 06:30:00.0000",9.01,100,2.1943001747131348,10.519758224487305,29.592571258544922
"2025-02-23 06:45:00.0000",9.22,100,2.111854314804077,9.750504493713379,21.021398544311523
"2025-02-23 07:00:00.0000",9.51,100,2.486967086791992,13.048543930053711,27.8963565826416
"2025-02-23 07:15:00.0000",9.66,100,2.463155508041382,11.665605545043945,25.48044204711914
"2025-02-23 07:30:00.0000",9.7,100,2.3530378341674805,10.952553749084473,20.91263771057129
"2025-02-23 07:45:00.0000",9.71,100,2.1856682300567627,10.034589767456055,20.13639259338379
"2025-02-23 08:00:00.0000",9.77,100,2.3653411865234375,10.617683410644531,28.13037872314453
"2025-02-23 08:15:00.0000",9.77,100,2.1571807861328125,9.525588035583496,17.71089744567871
"2025-02-23 08:30:00.0000",9.93,99.9,2.241898536682129,10.481679916381836,31.757736206054688
"2025-02-23 08:45:00.0000",10.03,98.92,2.2708311080932617,10.65640926361084,24.89032554626465
"2025-02-23 09:00:00.0000",10.3,96.78,1.9565902948379517,9.893999099731445,19.247798919677734
"2025-02-23 09:15:00.0000",10.48,95.08,2.415886640548706,10.725537300109863,21.94784927368164
"2025-02-23 09:30:00.0000",10.62,94.39,2.1680245399475098,10.941361427307129,23.94873809814453
"2025-02-23 09:45:00.0000",10.71,93.65,2.130518913269043,9.796143531799316,23.759754180908203
"2025-02-23 10:00:00.0000",10.8,92.53,2.0978217124938965,9.90963077545166,31.020784378051758
"2025-02-23 10:15:00.0000",10.92,91.67,1.9771630764007568,7.562689304351807,16.535198211669922
"2025-02-23 10:30:00.0000",11.11,89.7,1.873787522315979,7.974514961242676,18.20404815673828
"2025-02-23 10:45:00.0000",11.21,88.39,1.8062373399734497,8.323328971862793,25.29094123840332
"2025-02-23 11:00:00.0000",11.38,88.16,1.037727952003479,4.215875148773193,8.789433479309082
"2025-02-23 11:15:00.0000",11.36,88.85,1.6333575248718262,7.294898986816406,15.19253158569336
"2025-02-23 11:30:00.0000",10.89,93.67,1.451493263244629,6.1636576652526855,12.194897651672363
"2025-02-23 11:45:00.0000",10.89,95.28,2.1721603870391846,8.358309745788574,15.541287422180176
"2025-02-23 12:00:00.0000",11.11,96.91,1.7964622974395752,6.992430210113525,15.745806694030762
"2025-02-23 12:15:00.0000",11.32,96.66,1.3872319459915161,5.554548740386963,14.340278625488281
"2025-02-23 12:30:00.0000",11.42,97.41,1.141139030456543,4.937616348266602,9.614008903503418
"2025-02-23 12:45:00.0000",11.28,98.42,1.2499600648880005,5.64644193649292,11.448812484741211
"2025-02-23 13:00:00.0000",11.21,100,1.012166976928711,3.9765169620513916,7.584971904754639
"2025-02-23 13:15:00.0000",11.11,100,0.8258911967277527,2.571206569671631,5.481409072875977
"2025-02-23 13:30:00.0000",11.07,100,0.7264497876167297,3.189192771911621,8.082986831665039
"2025-02-23 13:45:00.0000",11.03,100,0.7147782444953918,2.9542272090911865,7.181469917297363
"2025-02-23 14:00:00.0000",10.95,100,0.7981216907501221,3.6729326248168945,11.271303176879883
"2025-02-23 14:15:00.0000",10.93,100,0.7970044016838074,3.444507122039795,11.521223068237305
"2025-02-23 14:30:00.0000",10.76,100,0.7643857598304749,2.76297926902771,8.23410701751709
"2025-02-23 14:45:00.0000",10.71,100,0.8008110523223877,2.994832992553711,6.904881954193115
"2025-02-23 15:00:00.0000",10.73,100,0.5551648139953613,2.7680788040161133,7.309255599975586
"2025-02-23 15:15:00.0000",10.77,100,0.44530096650123596,1.6798288822174072,4.44806432723999
"2025-02-23 15:30:00.0000",11.07,100,0.4289378821849823,1.6288502216339111,4.418109893798828
"2025-02-23 15:45:00.0000",11.18,100,0.46712905168533325,1.925950050354004,6.17340612411499
"2025-02-23 16:00:00.0000",11.43,100,0.46631672978401184,1.9864896535873413,6.075428009033203
"2025-02-23 16:15:00.0000",11.59,100,0.47972971200942993,2.001394748687744,6.7092485427856445
"2025-02-23 16:30:00.0000",11.56,100,0.36777007579803467,1.5555999279022217,6.145853042602539
"2025-02-23 16:45:00.0000",11.5,100,0.47191235423088074,1.963014006614685,12.029438018798828
"2025-02-23 17:00:00.0000",11.49,100,0.3763270676136017,1.4686758518218994,4.764134883880615
"2025-02-23 17:15:00.0000",11.71,100,0.3832968771457672,1.2714141607284546,5.500173091888428
"2025-02-23 17:30:00.0000",11.72,100,0.38734307885169983,1.0924816131591797,4.153897285461426
"2025-02-23 17:45:00.0000",12.01,100,0.35760751366615295,0.6896868944168091,2.985166072845459
"2025-02-23 18:00:00.0000",12.09,100,0.41432350873947144,1.4823391437530518,6.563291072845459
"2025-02-23 18:15:00.0000",11.89,100,0.4810583293437958,1.3141008615493774,3.7095820903778076
"2025-02-23 18:30:00.0000",11.81,100,0.6815938949584961,2.4834964275360107,7.542325496673584
"2025-02-23 18:45:00.0000",11.76,100,0.6043407320976257,2.1202685832977295,5.711116790771484
"2025-02-23 19:00:00.0000",11.65,100,0.6024057269096375,1.7543598413467407,4.225947380065918
"2025-02-23 19:15:00.0000",11.77,100,0.7775509357452393,3.0158846378326416,8.981328964233398
"2025-02-23 19:30:00.0000",12.33,100,0.4691108763217926,1.561963677406311,6.566878318786621
"2025-02-23 19:45:00.0000",12.5,100,0.5420717597007751,1.8408527374267578,4.700703144073486
"2025-02-23 20:00:00.0000",12.47,96.55,0.6879661083221436,2.437594175338745,7.409458637237549
"2025-02-23 20:15:00.0000",12.39,95.37,0.8414722681045532,2.829531192779541,12.60183334350586
"2025-02-23 20:30:00.0000",12.12,98.07,0.9225558042526245,3.1019961833953857,9.910881042480469
"2025-02-23 20:45:00.0000",12.01,96.79,0.9587088823318481,3.366760015487671,7.643542766571045
"2025-02-23 21:00:00.0000",11.86,97.66,0.8800960779190063,2.4630043506622314,5.020814895629883
"2025-02-23 21:15:00.0000",11.61,99.74,0.9151949286460876,2.972069501876831,7.6811604499816895
"2025-02-23 21:30:00.0000",11.43,100,0.8233163952827454,2.9367001056671143,7.770559310913086
"2025-02-23 21:45:00.0000",11.44,100,1.1038860082626343,3.865516185760498,7.84123420715332
"2025-02-23 22:00:00.0000",11.33,100,0.9622706770896912,3.5206832885742188,7.431997299194336
"2025-02-23 22:15:00.0000",11.35,100,0.8971543908119202,3.2481212615966797,7.400533199310303
"2025-02-23 22:30:00.0000",11.54,100,0.9547668695449829,3.192868232727051,18.565963745117188
"2025-02-23 22:45:00.0000",11.38,100,0.9438788294792175,3.6297543048858643,7.555988311767578
"2025-02-23 23:00:00.0000",11.35,100,1.0727620124816895,4.02143669128418,8.500798225402832
"2025-02-23 23:15:00.0000",11.39,100,1.3085123300552368,4.979515075683594,9.908159255981445
"2025-02-23 23:30:00.0000",11.42,100,1.688040852546692,6.6670451164245605,13.211050033569336
"2025-02-23 23:45:00.0000",11.34,100,1.9496798515319824,8.355857849121094,17.250898361206055
"2025-02-24 00:00:00.0000",11.54,100,1.9921990633010864,8.328118324279785,15.557194709777832
"2025-02-24 00:15:00.0000",11.7,100,3.05724835395813,14.185847282409668,36.536903381347656
"2025-02-24 00:30:00.0000",11.85,99.67,3.3589894771575928,15.764881134033203,32.61608123779297
"2025-02-24 00:45:00.0000",12.05,97.41,3.106531858444214,14.80540943145752,30.334720611572266
"2025-02-24 01:00:00.0000",12.06,96.63,2.9977340698242188,14.182798385620117,31.761611938476562
"2025-02-24 01:15:00.0000",11.93,96.85,3.065692663192749,13.541990280151367,24.596712112426758
"2025-02-24 01:30:00.0000",11.91,97.13,2.8607265949249268,11.732372283935547,22.60602569580078
"2025-02-24 01:45:00.0000",11.61,99.54,2.817911148071289,12.633496284484863,21.94814109802246
"2025-02-24 02:00:00.0000",11.37,100,2.181138753890991,9.452129364013672,16.315101623535156
"2025-02-24 02:15:00.0000",11.32,100,2.39278244972229,9.705419540405273,18.213951110839844
"2025-02-24 02:30:00.0000",11.15,100,2.6477978229522705,11.585088729858398,21.133115768432617
"2025-02-24 02:45:00.0000",11.15,100,2.264554500579834,10.924088478088379,20.452533721923828
"2025-02-24 03:00:00.0000",10.93,100,2.594514846801758,12.034019470214844,26.24515724182129
"2025-02-24 03:15:00.0000",10.81,100,2.766540765762329,12.604490280151367,29.463638305664062
"2025-02-24 03:30:00.0000",10.82,100,2.9439477920532227,14.137853622436523,29.60086441040039
"2025-02-24 03:45:00.0000",10.73,100,3.110710382461548,15.598248481750488,32.407875061035156
"2025-02-24 04:00:00.0000",10.65,100,3.1669423580169678,14.800149917602539,26.968698501586914
"2025-02-24 04:15:00.0000",10.47,100,2.677459955215454,12.809725761413574,23.89321517944336
"2025-02-24 04:30:00.0000",10.35,100,3.1651008129119873,14.442405700683594,34.79607009887695
"2025-02-24 04:45:00.0000",10.18,100,2.844364643096924,13.939045906066895,27.2705078125
"2025-02-24 05:00:00.0000",10.07,100,2.578239679336548,12.868403434753418,28.14310646057129
"2025-02-24 05:15:00.0000",9.84,100,3.1583220958709717,14.583429336547852,38.12287521362305
"2025-02-24 05:30:00.0000",9.75,100,3.5206780433654785,18.990917205810547,44.51601791381836
"2025-02-24 05:45:00.0000",9.46,100,4.166110038757324,21.13534164428711,42.33082962036133
"2025-02-24 06:00:00.0000",9.72,100,4.621775150299072,21.11528778076172,40.475040435791016
"2025-02-24 06:15:00.0000",10.35,100,4.393404006958008,19.85112190246582,33.000911712646484
"2025-02-24 06:30:00.0000",11.09,98.59,4.661488056182861,20.984689712524414,41.989402770996094
"2025-02-24 06:45:00.0000",11.3,97.4,5.1025071144104,23.926334381103516,50.689884185791016
"2025-02-24 07:00:00.0000",11.02,98.8,5.1713995933532715,24.114423751831055,49.08512878417969
"2025-02-24 07:15:00.0000",10.79,100,5.060050010681152,24.709856033325195,49.15892791748047
"2025-02-24 07:30:00.0000",10.7,100,3.594268560409546,15.925317764282227,28.80388641357422
"2025-02-24 07:45:00.0000",10.89,98.25,3.337886095046997,14.993260383605957,24.954174041748047
"2025-02-24 08:00:00.0000",10.94,97.58,3.786907911300659,16.48037338256836,27.20363426208496
"2025-02-24 08:15:00.0000",11.02,97.11,3.695863723754883,15.875924110412598,29.17911720275879
"2025-02-24 08:30:00.0000",11.24,96.44,3.5121021270751953,15.446135520935059,26.46272087097168
"2025-02-24 08:45:00.0000",11.3,95.78,2.933976173400879,12.240801811218262,21.559730529785156
"2025-02-24 09:00:00.0000",11.3,94.97,2.263697862625122,9.181585311889648,17.01055908203125
"2025-02-24 09:15:00.0000",11.14,94.23,2.2371199131011963,8.866238594055176,16.00851821899414
"2025-02-24 09:30:00.0000",11.13,94.78,2.147653818130493,9.709784507751465,19.714683532714844
"2025-02-24 09:45:00.0000",11.25,94.53,2.058295488357544,8.631365776062012,20.066822052001953
"2025-02-24 10:00:00.0000",11.3,94.47,2.1856155395507812,9.211509704589844,17.440690994262695
"2025-02-24 10:15:00.0000",11.21,94.34,2.333041191101074,10.811761856079102,24.438560485839844
"2025-02-24 10:30:00.0000",11.15,94,2.3133134841918945,10.542160034179688,28.25522232055664
"2025-02-24 10:45:00.0000",12.05,91.06,2.5023386478424072,10.528806686401367,27.720849990844727
"2025-02-24 11:00:00.0000",13.15,87.09,3.100364923477173,13.981486320495605,42.86739730834961
"2025-02-24 11:15:00.0000",14.68,81.18,2.936683177947998,14.289542198181152,35.238033294677734
"2025-02-24 11:30:00.0000",12.77,89.37,3.8833470344543457,18.798006057739258,46.38860321044922
"2025-02-24 11:45:00.0000",10.83,97.46,4.234364986419678,19.81605339050293,61.53519821166992
"2025-02-24 12:00:00.0000",12.34,100,3.389662981033325,13.775042533874512,30.405467987060547
"2025-02-24 12:15:00.0000",15.86,86.08,4.113368034362793,18.499858856201172,49.60352325439453
"2025-02-24 12:30:00.0000",15.02,75.81,3.076244831085205,12.007377624511719,22.197120666503906
"2025-02-24 12:45:00.0000",15.03,72.8,2.967219829559326,11.596048355102539,23.386919021606445
"2025-02-24 13:00:00.0000",15.31,65.99,2.7476181983947754,10.710874557495117,21.467409133911133
"2025-02-24 13:15:00.0000",16.32,63.3,2.791663646697998,9.680874824523926,28.72045135498047
"2025-02-24 13:30:00.0000",17.13,60.46,2.2546966075897217,7.592667579650879,15.299405097961426
"2025-02-24 13:45:00.0000",16.84,55.64,2.1354734897613525,7.387639999389648,23.474733352661133
"2025-02-24 14:00:00.0000",16.78,55.56,2.0520167350769043,6.874415397644043,19.84026527404785
"2025-02-24 14:15:00.0000",16.83,53.48,1.9925662279129028,6.6263813972473145,15.064827919006348
"2025-02-24 14:30:00.0000",16.66,53.84,2.0024611949920654,7.421936988830566,25.53817367553711
"2025-02-24 14:45:00.0000",16.77,53.97,2.4035069942474365,9.049188613891602,18.18051528930664
"2025-02-24 15:00:00.0000",15.62,58.14,2.3554084300994873,8.737608909606934,16.821638107299805
"2025-02-24 15:15:00.0000",14.86,59.19,2.627016305923462,10.295217514038086,18.691730499267578
"2025-02-24 15:30:00.0000",14.4,60.83,2.6827492713928223,9.904911041259766,25.383974075317383
"2025-02-24 15:45:00.0000",14.87,59.97,2.9800925254821777,12.101122856140137,22.676658630371094
"2025-02-24 16:00:00.0000",14.29,62.66,3.4286351203918457,13.79266357421875,28.920433044433594
"2025-02-24 16:15:00.0000",13.93,65.83,3.160942554473877,13.673251152038574,26.58675193786621
"2025-02-24 16:30:00.0000",13.59,68.99,3.392643451690674,14.22743034362793,30.37885093688965
"2025-02-24 16:45:00.0000",13.29,69.78,3.2547454833984375,14.86391830444336,32.08071517944336
"2025-02-24 17:00:00.0000",12.68,70.68,3.2106683254241943,15.114920616149902,34.283565521240234
"2025-02-24 17:15:00.0000",12.04,74.29,3.620861530303955,17.603750228881836,50.9636344909668
"2025-02-24 17:30:00.0000",11.65,77.01,3.71701979637146,17.02202033996582,38.49602127075195
"2025-02-24 17:45:00.0000",11.4,79.37,3.5937764644622803,16.6446475982666,39.925228118896484
"2025-02-24 18:00:00.0000",11.29,80.37,3.995245933532715,19.477697372436523,57.206016540527344
"2025-02-24 18:15:00.0000",10.99,82.32,3.5882644653320312,16.75710105895996,62.9659423828125
"2025-02-24 18:30:00.0000",10.81,83.29,3.649480104446411,18.502880096435547,50.66044998168945
"2025-02-24 18:45:00.0000",10.63,85.16,2.5302248001098633,11.025835037231445,28.502639770507812
"2025-02-24 19:00:00.0000",10.48,85.86,2.344170093536377,9.999747276306152,21.892480850219727
"2025-02-24 19:15:00.0000",10.34,88.99,1.4000924825668335,7.321475028991699,17.81509780883789
"2025-02-24 19:30:00.0000",9.65,94.6,0.4870000183582306,2.029236078262329,6.343917369842529
"2025-02-24 19:45:00.0000",8.62,95.56,0.6109023094177246,2.8599774837493896,17.550004959106445
"2025-02-24 20:00:00.0000",8.57,96.43,0.7336388826370239,1.9755560159683228,11.766146659851074
"2025-02-24 20:15:00.0000",8.36,98.36,0.6422403454780579,1.9270762205123901,4.699139595031738
"2025-02-24 20:30:00.0000",8.54,95.74,0.7192882299423218,2.7957470417022705,8.864632606506348
"2025-02-24 20:45:00.0000",8.67,95.49,0.9776618480682373,3.6785528659820557,9.084856986999512
"2025-02-24 21:00:00.0000",8.57,96.66,0.9273326396942139,4.783193588256836,9.651118278503418
"2025-02-24 21:15:00.0000",8.59,97.03,0.9327210187911987,4.033740043640137,10.137971878051758
"2025-02-24 21:30:00.0000",8.57,97.01,1.0884599685668945,5.398099899291992,10.969828605651855
"2025-02-24 21:45:00.0000",8.57,97.39,1.1746426820755005,5.797318935394287,18.761571884155273
"2025-02-24 22:00:00.0000",8.64,96.81,1.8218352794647217,6.570431232452393,16.488636016845703
"2025-02-24 22:15:00.0000",8.66,97.27,1.247960090637207,7.1750640869140625,15.827667236328125
"2025-02-24 22:30:00.0000",8.62,97.32,1.434943675994873,5.969383239746094,14.845320701599121
"2025-02-24 22:45:00.0000",8.51,95.73,1.3644546270370483,7.0839104652404785,17.641712188720703
"2025-02-24 23:00:00.0000",8.32,96.43,1.2284201383590698,5.868025302886963,18.147254943847656
"2025-02-24 23:15:00.0000",7.99,97.99,1.4845346212387085,6.500347137451172,17.463607788085938
"2025-02-24 23:30:00.0000",7.94,97.86,1.297276496887207,8.151315689086914,17.760387420654297
"2025-02-24 23:45:00.0000",8.22,95.62,1.584212303161621,6.560107231140137,14.711078643798828
"2025-02-25 00:00:00.0000",8.21,96.35,1.2966142892837524,6.606093883514404,24.08189582824707
"2025-02-25 00:15:00.0000",8.32,95.66,1.2684310674667358,6.132537364959717,14.338525772094727
"2025-02-25 00:30:00.0000",8.38,95.57,1.3079583644866943,7.360508918762207,23.65994644165039
"2025-02-25 00:45:00.0000",8.35,95.87,1.471949577331543,7.776296615600586,17.702756881713867
"2025-02-25 01:00:00.0000",8.19,96.23,1.6644865274429321,9.318404197692871,18.482730865478516
"2025-02-25 01:15:00.0000",7.91,97.19,1.6274486780166626,7.800221920013428,19.540119171142578
"2025-02-25 01:30:00.0000",7.72,97.1,1.7409777641296387,8.400602340698242,21.782323837280273
"2025-02-25 01:45:00.0000",7.47,98.17,1.7498303651809692,9.022507667541504,22.761016845703125
"2025-02-25 02:00:00.0000",7.25,99.8,1.7127374410629272,6.779079437255859,16.510255813598633
"2025-02-25 02:15:00.0000",7.03,99.83,1.3951492309570312,7.689002990722656,21.237112045288086
"2025-02-25 02:30:00.0000",6.97,97.43,1.2851479053497314,7.118653774261475,24.125272750854492
"2025-02-25 02:45:00.0000",7.36,93.44,1.311714768409729,6.897709369659424,22.43299674987793
"2025-02-25 03:00:00.0000",7.21,93,1.2598373889923096,5.759376049041748,14.009719848632812
"2025-02-25 03:15:00.0000",7.2,92.36,1.4935357570648193,7.141515254974365,15.686939239501953
"2025-02-25 03:30:00.0000",6.97,94.06,1.3117605447769165,6.173860549926758,18.614072799682617
"2025-02-25 03:45:00.0000",6.77,95.04,1.2966837882995605,6.2497639656066895,19.214401245117188
"2025-02-25 04:00:00.0000",6.52,95.98,1.3796770572662354,6.3305182456970215,16.595258712768555
"2025-02-25 04:15:00.0000",6.43,96.86,1.3732852935791016,6.950199127197266,18.608909606933594
"2025-02-25 04:30:00.0000",6.46,96.85,1.1588236093521118,5.800212860107422,17.59262466430664
"2025-02-25 04:45:00.0000",6.34,97.47,1.6430392265319824,9.435694694519043,21.64630889892578
"2025-02-25 05:00:00.0000",6.08,99.83,1.380056619644165,6.776508331298828,20.593284606933594
"2025-02-25 05:15:00.0000",5.89,100,1.511944055557251,7.146725654602051,23.274106979370117
"2025-02-25 05:30:00.0000",5.66,100,1.4712111949920654,6.394289016723633,19.774524688720703
"2025-02-25 05:45:00.0000",5.46,100,1.4542334079742432,7.2401227951049805,19.07861328125
"2025-02-25 06:00:00.0000",5.41,100,1.5373058319091797,6.885945796966553,17.090185165405273
"2025-02-25 06:15:00.0000",5.27,100,1.6683837175369263,7.992554187774658,19.153581619262695
"2025-02-25 06:30:00.0000",5.63,100,1.4709068536758423,7.72464656829834,22.472742080688477
"2025-02-25 06:45:00.0000",6.11,100,1.5431557893753052,7.613241672515869,25.363985061645508
"2025-02-25 07:00:00.0000",6.29,99.87,1.4773318767547607,7.639919281005859,22.121238708496094
"2025-02-25 07:15:00.0000",6.44,99.98,1.7816234827041626,8.405810356140137,20.385116577148438
"2025-02-25 07:30:00.0000",6.56,99.25,1.856168508529663,8.51716423034668,28.053924560546875
"2025-02-25 07:45:00.0000",6.68,99.65,1.8719748258590698,8.37753677368164,19.612367630004883
"2025-02-25 08:00:00.0000",6.71,99.81,2.0497703552246094,10.243802070617676,25.694095611572266
"2025-02-25 08:15:00.0000",6.79,99.27,1.78469717502594,8.69516658782959,18.2539005279541
"2025-02-25 08:30:00.0000",7.03,98.29,1.6876850128173828,7.737306118011475,21.31789779663086
"2025-02-25 08:45:00.0000",7.34,97.36,1.8161711692810059,8.166263580322266,19.238178253173828
"2025-02-25 09:00:00.0000",7.37,96.66,1.8823620080947876,8.369237899780273,25.55594825744629
"2025-02-25 09:15:00.0000",7.53,96.78,1.8309834003448486,8.644353866577148,36.8472785949707
"2025-02-25 09:30:00.0000",7.91,95.47,1.539088249206543,10.35724925994873,29.77949333190918
"2025-02-25 09:45:00.0000",8.49,92.17,1.6619534492492676,9.27761173248291,24.775489807128906
"2025-02-25 10:00:00.0000",8.63,91.42,1.7760474681854248,9.034466743469238,25.986940383911133
"2025-02-25 10:15:00.0000",8.82,90.61,2.3228368759155273,9.00927734375,19.414491653442383
"2025-02-25 10:30:00.0000",9.56,88.54,2.2994887828826904,13.456853866577148,45.07123565673828
"2025-02-25 10:45:00.0000",10.25,85.92,2.308485746383667,12.07995319366455,37.57101821899414
"2025-02-25 11:00:00.0000",10.63,84.97,1.8685822486877441,9.048888206481934,21.003597259521484
"2025-02-25 11:15:00.0000",10.67,83.43,1.822567343711853,8.14867115020752,25.273765563964844
"2025-02-25 11:30:00.0000",11.17,83.14,2.2134735584259033,9.182938575744629,17.579090118408203
"2025-02-25 11:45:00.0000",11.28,81.75,1.8538024425506592,8.456439018249512,20.383657455444336
"2025-02-25 12:00:00.0000",10.92,82.68,1.871221661567688,9.511106491088867,22.588022232055664
"2025-02-25 12:15:00.0000",11.74,80.07,2.183255195617676,10.08385181427002,33.645511627197266
"2025-02-25 12:30:00.0000",11.89,79.39,2.331592321395874,10.182999610900879,26.777681350708008
"2025-02-25 12:45:00.0000",11.9,78.06,2.416317939758301,11.294173240661621,35.32882308959961
"2025-02-25 13:00:00.0000",11.19,83.17,2.42828369140625,11.225686073303223,25.978384017944336
"2025-02-25 13:15:00.0000",11.75,80.16,2.427016496658325,10.22427749633789,23.829345703125
"2025-02-25 13:30:00.0000",12.37,78.05,2.658141851425171,10.70400333404541,21.65618896484375
"2025-02-25 13:45:00.0000",12.6,76.23,2.3470137119293213,9.965529441833496,31.43956756591797
"2025-02-25 14:00:00.0000",12.76,75.67,2.2819411754608154,10.896206855773926,29.4948787689209
"2025-02-25 14:15:00.0000",12.25,76.93,2.3863673210144043,10.336488723754883,28.684228897094727
"2025-02-25 14:30:00.0000",12.44,75.74,2.4392406940460205,11.983521461486816,47.035133361816406
"2025-02-25 14:45:00.0000",12.48,76.46,2.1709485054016113,10.644493103027344,29.313295364379883
"2025-02-25 15:00:00.0000",11.97,77.12,2.44313907623291,11.979693412780762,28.443090438842773
"2025-02-25 15:15:00.0000",11.78,78.71,2.781100034713745,13.485030174255371,40.85259246826172
"2025-02-25 15:30:00.0000",11.71,80.39,2.659977674484253,13.414912223815918,44.91741943359375
"2025-02-25 15:45:00.0000",11.9,79.53,2.6773760318756104,12.393198013305664,33.64208221435547
"2025-02-25 16:00:00.0000",11.18,81.15,2.4993958473205566,11.88563060760498,38.057289123535156
"2025-02-25 16:15:00.0000",10.67,83.32,11.000420570373535,22.61149024963379,37.60464096069336
"2025-02-25 16:30:00.0000",11.14,80.73,2.4626121520996094,12.196199417114258,32.441139221191406
"2025-02-25 16:45:00.0000",10.75,80.09,2.682218551635742,14.477362632751465,45.765098571777344
"2025-02-25 17:00:00.0000",10.16,82.78,2.332890033721924,11.321024894714355,33.88570785522461
"2025-02-25 17:15:00.0000",9.83,84.87,3.1290669441223145,12.945555686950684,40.50486373901367
"2025-02-25 17:30:00.0000",9.5,85.7,2.348361015319824,11.087821960449219,30.00291633605957
"2025-02-25 17:45:00.0000",9.2,88.41,2.499558687210083,11.90108871459961,43.146053314208984
"2025-02-25 18:00:00.0000",8.88,89.93,2.256649971008301,11.884437561035156,38.296451568603516
"2025-02-25 18:15:00.0000",8.7,90.07,2.343862771987915,10.337051391601562,27.67192268371582
"2025-02-25 18:30:00.0000",8.67,88.82,3.0193755626678467,11.069263458251953,36.735435485839844
"2025-02-25 18:45:00.0000",8.59,86.98,2.365675687789917,10.210237503051758,35.99637985229492
"2025-02-25 19:00:00.0000",8.55,85.68,2.492654800415039,9.011536598205566,28.730083465576172
"2025-02-25 19:15:00.0000",8.56,84.98,2.077211380004883,7.699461460113525,20.0921688079834
"2025-02-25 19:30:00.0000",8.44,85.45,2.354022741317749,7.040281295776367,14.812935829162598
"2025-02-25 19:45:00.0000",8.13,87.73,2.2769501209259033,7.616919040679932,16.865516662597656
"2025-02-25 20:00:00.0000",7.86,89.1,2.3263773918151855,8.786173820495605,19.696781158447266
"2025-02-25 20:15:00.0000",7.77,90.75,2.134361743927002,8.405160903930664,18.71490478515625
"2025-02-25 20:30:00.0000",7.72,92.37,2.2396886348724365,8.445630073547363,23.478939056396484
"2025-02-25 20:45:00.0000",7.68,93.3,2.1015613079071045,7.411092281341553,26.43412208557129
"2025-02-25 21:00:00.0000",7.67,94.27,2.0915942192077637,8.568387031555176,22.83597755432129
"2025-02-25 21:15:00.0000",7.63,94.72,1.920282244682312,8.296050071716309,18.98215675354004
"2025-02-25 21:30:00.0000",7.61,94.86,1.826433539390564,7.234187126159668,23.726642608642578
"2025-02-25 21:45:00.0000",7.57,95.26,1.872145414352417,7.544029712677002,21.615934371948242
"2025-02-25 22:00:00.0000",7.5,95.47,2.1804001331329346,8.763957023620605,23.216487884521484
"2025-02-25 22:15:00.0000",7.23,96.68,2.331707239151001,8.687199592590332,21.005189895629883
"2025-02-25 22:30:00.0000",6.91,98.13,2.215553045272827,8.825881958007812,23.367652893066406
"2025-02-25 22:45:00.0000",6.81,99.15,1.5836799144744873,7.155899524688721,21.046300888061523
"2025-02-25 23:00:00.0000",6.66,99.78,1.5467045307159424,6.868028163909912,18.215457916259766
"2025-02-25 23:15:00.0000",6.54,99.75,1.6887660026550293,6.764801502227783,18.351337432861328
"2025-02-25 23:30:00.0000",6.48,99.95,1.5377575159072876,6.788785457611084,16.160877227783203
"2025-02-25 23:45:00.0000",6.36,100,1.6006571054458618,7.092985153198242,20.172639846801758
"2025-02-26 00:00:00.0000",6.27,100,1.5264195203781128,6.740427494049072,16.876766204833984
"2025-02-26 00:15:00.0000",6.15,100,1.5043015480041504,6.382925510406494,19.074565887451172
"2025-02-26 00:30:00.0000",5.92,100,1.7000142335891724,6.64201545715332,15.303150177001953
"2025-02-26 00:45:00.0000",5.79,100,1.5487614870071411,6.247395992279053,12.156633377075195
"2025-02-26 01:00:00.0000",5.67,100,1.360448956489563,6.675614833831787,14.2853364944458
"2025-02-26 01:15:00.0000",5.59,100,1.4033042192459106,6.805288791656494,21.36772918701172
"2025-02-26 01:30:00.0000",5.47,100,1.3299906253814697,6.691850185394287,15.976493835449219
"2025-02-26 01:45:00.0000",5.43,100,1.6035709381103516,6.937648773193359,14.301633834838867
"2025-02-26 02:00:00.0000",5.47,100,1.3323390483856201,6.4527907371521,18.30522346496582
"2025-02-26 02:15:00.0000",5.43,100,1.1481252908706665,5.622906684875488,15.896099090576172
"2025-02-26 02:30:00.0000",5.61,100,1.3035316467285156,6.656902313232422,25.24483871459961
"2025-02-26 02:45:00.0000",5.69,100,1.2128969430923462,6.161455154418945,16.25273323059082
"2025-02-26 03:00:00.0000",5.66,100,1.1282312870025635,4.850630760192871,10.861285209655762
"2025-02-26 03:15:00.0000",5.6,100,1.059790015220642,4.831434726715088,10.347725868225098
"2025-02-26 03:30:00.0000",5.57,100,1.2504140138626099,6.346579074859619,24.780868530273438
"2025-02-26 03:45:00.0000",5.58,100,1.151698112487793,5.717335224151611,16.023569107055664
"2025-02-26 04:00:00.0000",5.58,100,1.1870708465576172,6.445338726043701,18.081684112548828
"2025-02-26 04:15:00.0000",5.59,100,1.2874236106872559,7.233144283294678,16.81075096130371
"2025-02-26 04:30:00.0000",5.62,100,1.3745453357696533,5.997452735900879,14.116751670837402
"2025-02-26 04:45:00.0000",5.65,100,1.3663628101348877,6.307880878448486,26.987186431884766
"2025-02-26 05:00:00.0000",5.67,100,1.5978922843933105,7.891861915588379,27.59807586669922
"2025-02-26 05:15:00.0000",5.74,100,1.7103734016418457,8.800416946411133,25.535736083984375
"2025-02-26 05:30:00.0000",5.73,100,2.3337297439575195,8.915489196777344,19.012556076049805
"2025-02-26 05:45:00.0000",5.81,100,1.8649653196334839,9.845145225524902,25.584815979003906
"2025-02-26 06:00:00.0000",5.83,100,1.875190019607544,11.149482727050781,30.304386138916016
"2025-02-26 06:15:00.0000",6.12,100,1.936108946800232,10.378068923950195,28.37550926208496
"2025-02-26 06:30:00.0000",6.26,100,1.7722936868667603,8.434887886047363,19.12635612487793
"2025-02-26 06:45:00.0000",6.22,100,1.8708984851837158,8.890202522277832,29.25613784790039
"2025-02-26 07:00:00.0000",6.2,100,1.4909746646881104,6.6239471435546875,15.703320503234863
"2025-02-26 07:15:00.0000",6.33,100,0.836515486240387,2.7861502170562744,9.788864135742188
"2025-02-26 07:30:00.0000",6.42,100,0.8298497796058655,2.9202630519866943,9.541129112243652
"2025-02-26 07:45:00.0000",6.38,100,0.9294686317443848,3.4176948070526123,9.863348007202148
"2025-02-26 08:00:00.0000",6.29,100,1.1400114297866821,4.684728622436523,14.441333770751953
"2025-02-26 08:15:00.0000",6.23,100,1.3907444477081299,5.592695713043213,12.927389144897461
"2025-02-26 08:30:00.0000",6.25,100,1.5900408029556274,5.936476230621338,11.640533447265625
"2025-02-26 08:45:00.0000",6.38,100,1.7860804796218872,6.789729595184326,13.098268508911133
"2025-02-26 09:00:00.0000",6.56,100,1.5209380388259888,6.182861804962158,12.852861404418945
"2025-02-26 09:15:00.0000",6.79,100,1.1431217193603516,4.093855857849121,13.0401029586792
"2025-02-26 09:30:00.0000",7.18,100,1.4333574771881104,5.862798690795898,15.755481719970703
"2025-02-26 09:45:00.0000",7.58,100,1.3976107835769653,6.009169578552246,15.019536972045898
"2025-02-26 10:00:00.0000",8.04,100,1.4423919916152954,6.260375022888184,13.652064323425293
"2025-02-26 10:15:00.0000",8.48,98.41,1.288037896156311,6.012040615081787,21.632976531982422
"2025-02-26 10:30:00.0000",8.84,95.8,1.5198371410369873,6.66528844833374,19.54983139038086
"2025-02-26 10:45:00.0000",10.51,90.82,1.4388158321380615,6.5348615646362305,21.978958129882812
"2025-02-26 11:00:00.0000",11.51,81.82,1.3176145553588867,6.910477638244629,21.47129249572754
"2025-02-26 11:15:00.0000",10.35,83.57,1.2817457914352417,5.734071731567383,28.757823944091797
"2025-02-26 11:30:00.0000",11.94,75.88,0.8405843377113342,4.751096248626709,16.25583839416504
"2025-02-26 11:45:00.0000",12.31,71.58,0.8939214944839478,3.447361469268799,11.494402885437012
"2025-02-26 12:00:00.0000",11.51,73.36,1.094415545463562,5.158545017242432,19.382671356201172
"2025-02-26 12:15:00.0000",11.59,73.63,0.9526796936988831,4.075832843780518,9.726806640625
"2025-02-26 12:30:00.0000",11.48,72.72,0.9419715404510498,4.517897605895996,10.263099670410156
"2025-02-26 12:45:00.0000",12.06,70.52,1.0225330591201782,4.555294036865234,12.63769817352295
"2025-02-26 13:00:00.0000",12.25,70.04,1.2091337442398071,5.179678916931152,16.040966033935547
"2025-02-26 13:15:00.0000",12.89,68.51,1.275164008140564,5.45623254776001,13.5283784866333
"2025-02-26 13:30:00.0000",12.76,69.69,1.1994448900222778,4.571994781494141,12.26768970489502
"2025-02-26 13:45:00.0000",12.44,69.14,1.4648600816726685,6.501457214355469,16.617048263549805
"2025-02-26 14:00:00.0000",11.17,74.49,0.917447030544281,3.7491061687469482,9.455122947692871
"2025-02-26 14:15:00.0000",10.15,75.9,0.9872807860374451,4.293781757354736,15.287117958068848
"2025-02-26 14:30:00.0000",11.41,71.05,0.9913549423217773,4.408276081085205,9.367591857910156
"2025-02-26 14:45:00.0000",11.07,72.88,1.0705405473709106,5.001584529876709,11.08096694946289
"2025-02-26 15:00:00.0000",8.86,88.5,1.0093073844909668,4.946619033813477,9.910755157470703
"2025-02-26 15:15:00.0000",8.48,91.62,1.1612492799758911,5.393197536468506,21.849136352539062
"2025-02-26 15:30:00.0000",9.14,85.76,1.3007997274398804,5.899082183837891,18.43401527404785
"2025-02-26 15:45:00.0000",8.97,85.92,1.3136961460113525,5.230353832244873,12.345516204833984
"2025-02-26 16:00:00.0000",8.64,93.1,1.4080730676651,6.9638991355896,16.429807662963867
"2025-02-26 16:15:00.0000",8.42,92.05,1.7132073640823364,6.6825642585754395,17.379802703857422
"2025-02-26 16:30:00.0000",8.01,97.23,1.7337543964385986,7.791724681854248,21.902727127075195
"2025-02-26 16:45:00.0000",8,97.69,1.6765424013137817,7.222653865814209,13.859169960021973
"2025-02-26 17:00:00.0000",7.97,95.36,2.9716837406158447,12.653633117675781,27.983442306518555
"2025-02-26 17:15:00.0000",7.88,97.78,1.4804794788360596,7.10745096206665,18.510400772094727
"2025-02-26 17:30:00.0000",8.17,94.44,2.2558207511901855,9.726954460144043,24.005455017089844
"2025-02-26 17:45:00.0000",7.82,98.41,1.977922797203064,9.629609107971191,21.529720306396484
"2025-02-26 18:00:00.0000",7.68,96.41,2.221223831176758,10.168050765991211,29.778995513916016
"2025-02-26 18:15:00.0000",7.86,94.45,1.5406603813171387,7.230401515960693,15.543423652648926
"2025-02-26 18:30:00.0000",7.29,97.86,1.5543333292007446,7.305298805236816,19.14034652709961
"2025-02-26 18:45:00.0000",7.22,99.73,1.367566704750061,7.887414455413818,29.006179809570312
"2025-02-26 19:00:00.0000",7.28,100,2.0827574729919434,8.007841110229492,23.34851837158203
"2025-02-26 19:15:00.0000",7.46,100,1.8146377801895142,7.372056007385254,14.783339500427246
"2025-02-26 19:30:00.0000",7.43,100,5.185973167419434,14.212068557739258,33.18717956542969
"2025-02-26 19:45:00.0000",7.44,100,2.188795328140259,9.069487571716309,23.817020416259766
"2025-02-26 20:00:00.0000",7.43,100,1.41889226436615,6.524347305297852,22.89167022705078
"2025-02-26 20:15:00.0000",7.41,100,0.6803234219551086,3.620206356048584,7.9435343742370605
"2025-02-26 20:30:00.0000",6.95,100,1.5104960203170776,7.894534587860107,22.89838218688965
"2025-02-26 20:45:00.0000",6.75,100,1.3742451667785645,6.143632888793945,25.665151596069336
"2025-02-26 21:00:00.0000",6.74,100,0.4627175033092499,2.5450050830841064,8.0396146774292
"2025-02-26 21:15:00.0000",6.64,100,0.8391000628471375,4.339893341064453,17.452287673950195
"2025-02-26 21:30:00.0000",6.68,100,0.8828802704811096,4.984433650970459,19.504995346069336
"2025-02-26 21:45:00.0000",6.94,100,1.2207326889038086,7.124613285064697,26.710311889648438
"2025-02-26 22:00:00.0000",7.13,100,1.156237244606018,6.932080268859863,18.56313133239746
"2025-02-26 22:15:00.0000",7.26,100,1.0639448165893555,6.508598804473877,21.896020889282227
"2025-02-26 22:30:00.0000",7.36,100,1.1180639266967773,4.971238613128662,12.732280731201172
"2025-02-26 22:45:00.0000",7.36,100,1.2699410915374756,6.237243175506592,20.323837280273438
"2025-02-26 23:00:00.0000",7.31,100,1.0786293745040894,4.7553300857543945,16.978212356567383
"2025-02-26 23:15:00.0000",7.25,100,1.0796664953231812,5.994151592254639,16.294530868530273
"2025-02-26 23:30:00.0000",7.29,100,0.9575063586235046,5.4929094314575195,19.252580642700195
"2025-02-26 23:45:00.0000",7.22,100,1.2529693841934204,6.3855366706848145,15.620450973510742
"2025-02-27 00:00:00.0000",7.27,100,1.1932804584503174,6.434439659118652,24.44454002380371
"2025-02-27 00:15:00.0000",7.11,100,1.5955657958984375,6.802737236022949,14.958430290222168
"2025-02-27 00:30:00.0000",6.9,100,1.1884900331497192,7.011906147003174,18.60966682434082
"2025-02-27 00:45:00.0000",6.9,100,1.021994948387146,4.103845119476318,8.83989429473877
"2025-02-27 01:00:00.0000",6.99,100,1.1853030920028687,5.419249057769775,19.46952247619629
"2025-02-27 01:15:00.0000",6.99,100,1.2867653369903564,5.980672836303711,14.043601989746094
"2025-02-27 01:30:00.0000",6.87,100,1.163528561592102,6.563656330108643,19.3125057220459
"2025-02-27 01:45:00.0000",6.85,100,1.0243903398513794,4.771438121795654,16.504262924194336
"2025-02-27 02:00:00.0000",6.74,99.87,0.7648985385894775,3.9421632289886475,18.009796142578125
"2025-02-27 02:15:00.0000",6.4,99.9,1.0481314659118652,5.555837154388428,16.409502029418945
"2025-02-27 02:30:00.0000",6.29,99.98,0.8300882577896118,4.441336154937744,15.970600128173828
"2025-02-27 02:45:00.0000",6.21,100,0.8318847417831421,3.612203359603882,10.955927848815918
"2025-02-27 03:00:00.0000",6.11,100,1.3237391710281372,6.961825370788574,21.651723861694336
"2025-02-27 03:15:00.0000",6.06,100,1.2280522584915161,6.609704494476318,23.668161392211914
"2025-02-27 03:30:00.0000",6.12,100,1.1023961305618286,6.145095348358154,18.93382453918457
"2025-02-27 03:45:00.0000",6.18,100,1.0662471055984497,6.060169696807861,19.223573684692383
"2025-02-27 04:00:00.0000",6.09,100,1.1617335081100464,5.281193733215332,13.936250686645508
"2025-02-27 04:15:00.0000",6.01,100,1.1401628255844116,5.354016304016113,21.57991600036621
"2025-02-27 04:30:00.0000",5.92,100,1.0999231338500977,6.081445693969727,18.477022171020508
"2025-02-27 04:45:00.0000",5.83,100,0.8815241456031799,4.683637619018555,14.210922241210938
"2025-02-27 05:00:00.0000",5.7,100,0.8462936878204346,3.9325883388519287,9.591351509094238
"2025-02-27 05:15:00.0000",5.54,100,0.8276380300521851,3.46237850189209,11.731588363647461
"2025-02-27 05:30:00.0000",5.36,100,0.9826315641403198,5.30844259262085,12.134288787841797
"2025-02-27 05:45:00.0000",5.36,100,0.9677197337150574,5.186020374298096,17.798311233520508
"2025-02-27 06:00:00.0000",5.46,100,0.928640604019165,4.568933486938477,17.45140838623047
"2025-02-27 06:15:00.0000",5.53,100,1.1110965013504028,6.5473480224609375,19.770193099975586
"2025-02-27 06:30:00.0000",5.54,100,1.104724645614624,5.984145164489746,20.929349899291992
"2025-02-27 06:45:00.0000",5.57,100,1.8836884498596191,9.721877098083496,36.841514587402344
"2025-02-27 07:00:00.0000",5.69,100,1.5290169715881348,9.298497200012207,24.00897789001465
"2025-02-27 07:15:00.0000",5.81,100,1.5610313415527344,7.515517711639404,19.03306007385254
"2025-02-27 07:30:00.0000",5.95,100,1.9245625734329224,9.773042678833008,31.915369033813477
"2025-02-27 07:45:00.0000",6.07,100,1.2985053062438965,6.534061908721924,15.286249160766602
"2025-02-27 08:00:00.0000",6.21,100,1.33517324924469,6.727223873138428,17.090999603271484
"2025-02-27 08:15:00.0000",6.43,100,1.202539324760437,6.987745761871338,24.522615432739258
"2025-02-27 08:30:00.0000",6.6,100,1.4270159006118774,8.473388671875,46.703739166259766
"2025-02-27 08:45:00.0000",6.8,100,1.4297888278961182,8.564325332641602,36.924049377441406
"2025-02-27 09:00:00.0000",6.99,100,1.7152177095413208,7.160059452056885,23.288066864013672
"2025-02-27 09:15:00.0000",7.12,100,1.3010785579681396,6.670745372772217,26.752809524536133
"2025-02-27 09:30:00.0000",7.23,100,1.62449049949646,8.642115592956543,39.181861877441406
"2025-02-27 09:45:00.0000",7.44,100,1.475260615348816,8.299564361572266,17.13750457763672
"2025-02-27 10:00:00.0000",7.61,99.43,1.504876732826233,9.043288230895996,27.432004928588867
"2025-02-27 10:15:00.0000",7.72,97.83,2.2333884239196777,13.661459922790527,45.931175231933594
"2025-02-27 10:30:00.0000",8.7,94.57,2.1701040267944336,12.469712257385254,34.14739990234375
"2025-02-27 10:45:00.0000",10.9,88.34,1.9569754600524902,11.274510383605957,41.43385314941406
"2025-02-27 11:00:00.0000",12.14,82.85,2.04740309715271,12.988748550415039,43.77523422241211
"2025-02-27 11:15:00.0000",12.86,78.33,1.9397870302200317,10.242091178894043,37.18083953857422
"2025-02-27 11:30:00.0000",13.53,76.82,1.9770997762680054,10.364070892333984,39.94989013671875
"2025-02-27 11:45:00.0000",13.46,76,2.2712759971618652,14.079316139221191,56.36935806274414
"2025-02-27 12:00:00.0000",13.96,75.81,1.8012398481369019,9.014233589172363,27.15326690673828
"2025-02-27 12:15:00.0000",14.78,72.72,2.106316328048706,11.083532333374023,41.36564254760742
"2025-02-27 12:30:00.0000",14.21,73.36,2.098541498184204,10.299972534179688,32.143707275390625
"2025-02-27 12:45:00.0000",12.93,77.7,2.031231641769409,10.428045272827148,24.281986236572266
"2025-02-27 13:00:00.0000",12.2,80.32,2.1543469429016113,12.043103218078613,32.78782272338867
"2025-02-27 13:15:00.0000",12.85,81.24,2.024007797241211,10.535628318786621,38.38627243041992
"2025-02-27 13:30:00.0000",12.69,79.22,1.9841578006744385,10.09908676147461,29.24013900756836
"2025-02-27 13:45:00.0000",13.35,79.34,1.890139102935791,10.7079496383667,32.7352180480957
"2025-02-27 14:00:00.0000",14.07,76,1.6909185647964478,8.244425773620605,20.082504272460938
"2025-02-27 14:15:00.0000",14.32,73.97,1.6294660568237305,8.194853782653809,20.154577255249023
"2025-02-27 14:30:00.0000",14.4,73.07,1.6500606536865234,8.504949569702148,25.125465393066406
"2025-02-27 14:45:00.0000",13.64,74.26,2.024336814880371,9.398277282714844,23.212209701538086
"2025-02-27 15:00:00.0000",14.04,73.63,1.6305497884750366,6.970988750457764,14.744572639465332
"2025-02-27 15:15:00.0000",13.3,75.74,1.6497024297714233,8.787270545959473,25.389732360839844
"2025-02-27 15:30:00.0000",12.77,77.7,1.6062052249908447,8.630069732666016,22.001445770263672
"2025-02-27 15:45:00.0000",12.91,77.96,1.6271833181381226,8.375923156738281,23.731727600097656
"2025-02-27 16:00:00.0000",12.51,78.92,1.3871065378189087,6.198530673980713,14.1837739944458
"2025-02-27 16:15:00.0000",12.54,78.56,1.4035693407058716,6.9217987060546875,20.93126106262207
"2025-02-27 16:30:00.0000",12.34,78.95,1.646373987197876,8.97409439086914,30.310914993286133
"2025-02-27 16:45:00.0000",11.76,80.41,1.6787275075912476,12.448338508605957,79.38934326171875
"2025-02-27 17:00:00.0000",11.69,80.66,1.825501561164856,9.467682838439941,30.702341079711914
"2025-02-27 17:15:00.0000",10.36,84.33,2.230482816696167,11.187740325927734,29.630155563354492
"2025-02-27 17:30:00.0000",9.54,87.17,2.007885217666626,10.062722206115723,46.19888687133789
"2025-02-27 17:45:00.0000",9.13,89.3,2.1702561378479004,10.063865661621094,29.49817657470703
"2025-02-27 18:00:00.0000",8.68,91.82,2.8905420303344727,9.365452766418457,23.720396041870117
"2025-02-27 18:15:00.0000",8.36,93.96,2.5572636127471924,11.413529396057129,29.940563201904297
"2025-02-27 18:30:00.0000",8.06,98.08,5.520962715148926,15.582183837890625,32.326847076416016
"2025-02-27 18:45:00.0000",7.83,100,2.261942148208618,10.849592208862305,35.242454528808594
"2025-02-27 19:00:00.0000",7.56,100,2.4479074478149414,12.32945442199707,43.12580108642578
"2025-02-27 19:15:00.0000",7.36,100,3.337357997894287,12.759526252746582,41.04651641845703
"2025-02-27 19:30:00.0000",7.22,100,2.5986642837524414,12.703180313110352,36.74935531616211
"2025-02-27 19:45:00.0000",7.06,100,2.879796028137207,12.861294746398926,39.66786193847656
"2025-02-27 20:00:00.0000",7.04,100,2.884719133377075,14.285379409790039,35.50644302368164
"2025-02-27 20:15:00.0000",7.04,100,4.105401515960693,14.883943557739258,37.09927749633789
"2025-02-27 20:30:00.0000",6.97,100,2.9944396018981934,12.984395027160645,29.326913833618164
"2025-02-27 20:45:00.0000",6.73,100,2.8064873218536377,13.193876266479492,41.4753532409668
"2025-02-27 21:00:00.0000",6.62,100,2.7592411041259766,11.354423522949219,31.459667205810547
"2025-02-27 21:15:00.0000",6.57,100,3.7401676177978516,14.322875022888184,44.85029220581055
"2025-02-27 21:30:00.0000",6.5,100,3.684452772140503,10.901931762695312,22.04615020751953
"2025-02-27 21:45:00.0000",6.44,100,2.8774847984313965,11.433450698852539,29.871280670166016
"2025-02-27 22:00:00.0000",6.65,100,3.4583446979522705,13.686346054077148,38.73398971557617
"2025-02-27 22:15:00.0000",6.48,100,3.808030366897583,14.550479888916016,38.47536087036133
"2025-02-27 22:30:00.0000",6.29,100,3.0936930179595947,11.17739486694336,29.941987991333008
"2025-02-27 22:45:00.0000",6.29,100,3.079516649246216,14.322970390319824,40.43931579589844
"2025-02-27 23:00:00.0000",6.53,100,3.2106690406799316,13.341146469116211,34.41600036621094
"2025-02-27 23:15:00.0000",6.72,100,2.6432480812072754,13.2801513671875,38.57957077026367
"2025-02-27 23:30:00.0000",6.64,100,2.512448787689209,11.257991790771484,30.261905670166016
"2025-02-27 23:45:00.0000",6.47,100,2.2801015377044678,9.715617179870605,35.149559020996094
"2025-02-28 00:00:00.0000",6.36,100,2.512794256210327,10.369673728942871,23.771820068359375
"2025-02-28 00:15:00.0000",6.29,100,2.314758062362671,9.287674903869629,17.879121780395508
"2025-02-28 00:30:00.0000",6.18,100,2.1658363342285156,7.7012128829956055,16.037200927734375
"2025-02-28 00:45:00.0000",5.99,100,2.25504469871521,9.797901153564453,20.99108123779297
"2025-02-28 01:00:00.0000",5.83,100,2.7224068641662598,10.87092399597168,21.409740447998047
"2025-02-28 01:15:00.0000",5.66,100,2.452059745788574,10.45842456817627,29.59157943725586
"2025-02-28 01:30:00.0000",5.45,100,1.9733479022979736,7.434313774108887,15.494545936584473
"2025-02-28 01:45:00.0000",5.42,100,1.8817144632339478,7.337627410888672,15.4903564453125
"2025-02-28 02:00:00.0000",5.3,100,2.023688554763794,9.001873016357422,29.320880889892578
"2025-02-28 02:15:00.0000",5.2,100,1.9490792751312256,6.926794052124023,13.744855880737305
"2025-02-28 02:30:00.0000",5.36,100,1.8990745544433594,7.905040740966797,18.315574645996094
"2025-02-28 02:45:00.0000",5.27,100,2.418734312057495,10.145076751708984,33.0276985168457
"2025-02-28 03:00:00.0000",5.26,100,2.2668542861938477,10.654680252075195,27.967182159423828
"2025-02-28 03:15:00.0000",5.12,100,1.8853280544281006,7.705835342407227,19.888286590576172
"2025-02-28 03:30:00.0000",5.09,100,1.7018747329711914,7.048931121826172,17.927886962890625
"2025-02-28 03:45:00.0000",5.09,100,1.7800068855285645,7.39970064163208,14.627218246459961
"2025-02-28 04:00:00.0000",5.28,100,1.8606986999511719,7.0960187911987305,18.883991241455078
"2025-02-28 04:15:00.0000",5.08,100,1.6821538209915161,5.245290756225586,9.219429969787598
"2025-02-28 04:30:00.0000",4.81,100,1.9314830303192139,8.115859985351562,20.65502166748047
"2025-02-28 04:45:00.0000",4.6,100,1.704172134399414,5.0138630867004395,9.233814239501953
"2025-02-28 05:00:00.0000",4.34,100,1.7825965881347656,5.008985996246338,12.047809600830078
"2025-02-28 05:15:00.0000",4.23,100,2.52738881111145,8.120195388793945,21.439149856567383
"2025-02-28 05:30:00.0000",4.02,100,2.2183589935302734,7.006235122680664,13.06678295135498
"2025-02-28 05:45:00.0000",3.86,100,3.3610594272613525,9.784972190856934,22.507137298583984
"2025-02-28 06:00:00.0000",4.07,100,3.395197629928589,8.88251781463623,15.229264259338379
"2025-02-28 06:15:00.0000",3.98,100,3.7206802368164062,9.942134857177734,16.918006896972656
"2025-02-28 06:30:00.0000",3.85,100,5.524548053741455,17.001995086669922,39.02334976196289
"2025-02-28 06:45:00.0000",3.74,100,5.955887317657471,15.231759071350098,32.07909393310547
"2025-02-28 07:00:00.0000",3.59,100,5.449131488800049,13.842607498168945,34.305908203125
"2025-02-28 07:15:00.0000",3.44,100,5.48572301864624,13.292383193969727,24.62434196472168
"2025-02-28 07:30:00.0000",3.3,100,5.402255058288574,12.855433464050293,31.365753173828125
"2025-02-28 07:45:00.0000",3.26,100,5.264867305755615,10.431829452514648,17.82843017578125
"2025-02-28 08:00:00.0000",3.16,100,4.727448463439941,10.369651794433594,26.303308486938477
"2025-02-28 08:15:00.0000",3.17,100,4.931610107421875,11.361274719238281,20.23872947692871
"2025-02-28 08:30:00.0000",3.41,100,4.777307033538818,10.383330345153809,20.724044799804688
"2025-02-28 08:45:00.0000",3.65,100,4.6857194900512695,9.469769477844238,25.6273250579834
"2025-02-28 09:00:00.0000",3.82,100,5.022626876831055,10.215838432312012,18.98661994934082
"2025-02-28 09:15:00.0000",4.23,100,4.741941452026367,8.836746215820312,18.33655548095703
"2025-02-28 09:30:00.0000",4.72,100,4.211479663848877,9.064079284667969,22.450754165649414
"2025-02-28 09:45:00.0000",5.07,100,4.504162788391113,14.268691062927246,60.5246696472168
"2025-02-28 10:00:00.0000",5.5,100,4.020840644836426,13.166228294372559,52.39436721801758
"2025-02-28 10:15:00.0000",5.98,100,4.16356897354126,15.973773002624512,78.13887786865234
"2025-02-28 10:30:00.0000",7.09,100,4.233060836791992,19.62190818786621,78.09163665771484
"2025-02-28 10:45:00.0000",7.68,95.69,4.881426811218262,22.042171478271484,85.43126678466797
"2025-02-28 11:00:00.0000",7.61,96.84,4.109235763549805,17.55823516845703,65.54530334472656
"2025-02-28 11:15:00.0000",8.03,95.27,4.78862190246582,22.44344139099121,74.01280212402344
"2025-02-28 11:30:00.0000",10.85,88.36,5.223957538604736,22.56606674194336,71.45641326904297
"2025-02-28 11:45:00.0000",11.76,82.19,4.555581569671631,24.840106964111328,146.4442138671875
"2025-02-28 12:00:00.0000",13.43,76.27,4.427938938140869,22.173500061035156,106.44332122802734
"2025-02-28 12:15:00.0000",14.54,71.2,2.653348684310913,9.11247730255127,24.223344802856445
"2025-02-28 12:30:00.0000",13.8,72.48,3.3730690479278564,13.276304244995117,47.17435073852539
"2025-02-28 12:45:00.0000",14.42,71.82,2.5179660320281982,9.434130668640137,21.18697166442871
"2025-02-28 13:00:00.0000",14.31,71.73,2.91825008392334,12.63334846496582,72.61504364013672
"2025-02-28 13:15:00.0000",15.15,66.16,1.9225184917449951,6.685370445251465,16.12571907043457
"2025-02-28 13:30:00.0000",16.71,59.33,2.6239168643951416,10.695661544799805,50.94170379638672
"2025-02-28 13:45:00.0000",17.36,56.74,2.3485684394836426,6.498014450073242,12.791232109069824
"2025-02-28 14:00:00.0000",16.1,59.27,2.528787851333618,7.479816913604736,16.804218292236328
"2025-02-28 14:15:00.0000",13.46,67.58,3.1880104541778564,9.92054557800293,28.113527297973633
"2025-02-28 14:30:00.0000",12.2,71.32,3.297895669937134,9.700239181518555,29.19525909423828
"2025-02-28 14:45:00.0000",11.72,74.53,5.17262077331543,18.248924255371094,87.37397766113281
"2025-02-28 15:00:00.0000",11.46,77.03,5.018210411071777,12.325878143310547,38.50535202026367
"2025-02-28 15:15:00.0000",11.61,78.67,5.744870185852051,12.545071601867676,26.241823196411133
"2025-02-28 15:30:00.0000",11.48,79.69,5.8586297035217285,12.18600845336914,35.6755485534668
"2025-02-28 15:45:00.0000",11.25,79.85,6.294095993041992,13.313957214355469,26.88404083251953
"2025-02-28 16:00:00.0000",11.03,81.35,5.9392828941345215,11.22086238861084,37.63822937011719
"2025-02-28 16:15:00.0000",12.4,78.63,5.678989887237549,11.50691032409668,21.362531661987305
"2025-02-28 16:30:00.0000",13.71,72.65,4.569997787475586,10.528363227844238,24.883073806762695
"2025-02-28 16:45:00.0000",13.44,71.25,4.719416618347168,10.41297721862793,18.639362335205078
"2025-02-28 17:00:00.0000",12.14,75.04,5.046826362609863,13.214604377746582,40.65651321411133
"2025-02-28 17:15:00.0000",11.2,78.02,3.253176689147949,8.170930862426758,21.63723373413086
"2025-02-28 17:30:00.0000",10.66,77.9,4.126317024230957,9.182652473449707,25.220659255981445
"2025-02-28 17:45:00.0000",10.14,79.94,4.099511623382568,9.954543113708496,22.896406173706055
"2025-02-28 18:00:00.0000",9.73,81.56,4.322643756866455,10.43165111541748,25.41876220703125
"2025-02-28 18:15:00.0000",9.42,83.11,5.152026176452637,12.997102737426758,33.1190299987793
"2025-02-28 18:30:00.0000",9.19,84.08,4.730557918548584,10.58896255493164,26.655315399169922
"2025-02-28 18:45:00.0000",8.98,83.98,4.771709442138672,10.981508255004883,23.225906372070312
"2025-02-28 19:00:00.0000",8.8,83.39,5.9994988441467285,12.440340042114258,28.584705352783203
"2025-02-28 19:15:00.0000",8.69,83.33,5.707576751708984,12.00942611694336,25.416006088256836
"2025-02-28 19:30:00.0000",8.6,83.98,5.776294708251953,13.524675369262695,34.79353713989258
"2025-02-28 19:45:00.0000",8.49,84.2,5.966175556182861,13.570588111877441,33.9527702331543
"2025-02-28 20:00:00.0000",8.46,84.53,5.865018844604492,11.581198692321777,20.536516189575195
"2025-02-28 20:15:00.0000",8.33,85.17,5.942300319671631,12.756192207336426,26.605283737182617
"2025-02-28 20:30:00.0000",8.11,89.48,6.08991003036499,12.79713249206543,26.430496215820312
"2025-02-28 20:45:00.0000",7.66,94.78,6.828469276428223,12.784333229064941,23.49922752380371
"2025-02-28 21:00:00.0000",7.18,98.04,6.821413516998291,14.260562896728516,23.170272827148438
"2025-02-28 21:15:00.0000",6.92,97.48,7.076977252960205,14.182210922241211,25.675024032592773
"2025-02-28 21:30:00.0000",6.77,98.56,7.120131015777588,13.170942306518555,24.080656051635742
"2025-02-28 21:45:00.0000",6.54,98.42,6.578602313995361,13.846442222595215,32.660308837890625
"2025-02-28 22:00:00.0000",6.33,98.84,6.085543155670166,13.574536323547363,25.652652740478516
"2025-02-28 22:15:00.0000",6.3,97.54,6.407504081726074,13.854104995727539,21.77348518371582
"2025-02-28 22:30:00.0000",6.32,96.13,5.620584487915039,12.415999412536621,27.559585571289062
"2025-02-28 22:45:00.0000",6.4,93.94,4.600442886352539,9.628544807434082,18.408620834350586
"2025-02-28 23:00:00.0000",6.35,92.64,4.920736789703369,11.060174942016602,28.920915603637695
"2025-02-28 23:15:00.0000",6.24,92.72,4.523889541625977,10.655314445495605,23.717432022094727
"2025-02-28 23:30:00.0000",6.36,92.07,4.270536422729492,10.569469451904297,24.527387619018555
"2025-02-28 23:45:00.0000",6.2,92.3,3.837308645248413,9.255489349365234,20.38417625427246
"2025-03-01 00:00:00.0000",5.98,93.34,4.035643100738525,8.594618797302246,14.106990814208984
"2025-03-01 00:15:00.0000",5.85,93.9,4.44212007522583,9.5304536819458,17.333789825439453
"2025-03-01 00:30:00.0000",5.64,94.79,4.871186256408691,9.461482048034668,17.676057815551758
"2025-03-01 00:45:00.0000",5.41,95.92,5.108677864074707,10.298211097717285,24.715789794921875
"2025-03-01 01:00:00.0000",5.27,97.61,4.992861747741699,9.313119888305664,16.93170928955078
"2025-03-01 01:15:00.0000",5.11,97.42,5.272605895996094,10.549628257751465,29.351491928100586
"2025-03-01 01:30:00.0000",4.86,98.04,5.310543537139893,10.13589096069336,20.964832305908203
"2025-03-01 01:45:00.0000",4.82,98.8,5.577419757843018,11.25771713256836,24.092981338500977
"2025-03-01 02:00:00.0000",4.69,99.4,6.329009056091309,11.540142059326172,23.0164852142334
"2025-03-01 02:15:00.0000",4.69,100,6.45507287979126,12.46307373046875,21.045135498046875
"2025-03-01 02:30:00.0000",4.48,100,6.2238359451293945,12.110630989074707,28.109413146972656
"2025-03-01 02:45:00.0000",4.24,100,5.787297248840332,10.948881149291992,23.987390518188477
"2025-03-01 03:00:00.0000",4.11,100,5.771780014038086,11.132542610168457,25.186784744262695
"2025-03-01 03:15:00.0000",3.87,100,5.520451545715332,10.373429298400879,20.146448135375977
"2025-03-01 03:30:00.0000",3.76,100,5.377370834350586,10.083731651306152,20.313127517700195
"2025-03-01 03:45:00.0000",3.68,100,5.433567047119141,10.034221649169922,24.08696746826172
"2025-03-01 04:00:00.0000",3.54,100,5.684564113616943,11.571941375732422,22.218233108520508
"2025-03-01 04:15:00.0000",3.37,100,5.755316257476807,10.598831176757812,24.410240173339844
"2025-03-01 04:30:00.0000",3.29,100,5.5150837898254395,9.937798500061035,20.05213165283203
"2025-03-01 04:45:00.0000",3.18,100,5.738166332244873,10.359143257141113,19.322961807250977
"2025-03-01 05:00:00.0000",3.07,100,5.319926738739014,10.372146606445312,22.141897201538086
"2025-03-01 05:15:00.0000",2.96,100,5.515212535858154,9.840805053710938,23.030942916870117
"2025-03-01 05:30:00.0000",2.9,100,5.189767360687256,9.700122833251953,18.78238868713379
"2025-03-01 05:45:00.0000",2.94,100,5.651732921600342,11.701814651489258,28.173208236694336
"2025-03-01 06:00:00.0000",2.83,100,5.568338394165039,10.007535934448242,20.02229118347168
"2025-03-01 06:15:00.0000",2.77,100,5.4254150390625,9.821656227111816,23.988746643066406
"2025-03-01 06:30:00.0000",2.71,100,5.0833539962768555,9.770794868469238,21.262826919555664
"2025-03-01 06:45:00.0000",2.75,100,5.557626247406006,9.688628196716309,19.26531410217285
"2025-03-01 07:00:00.0000",2.74,100,5.716503620147705,10.58391284942627,16.900585174560547
"2025-03-01 07:15:00.0000",2.67,100,6.056589126586914,11.175777435302734,25.17201042175293
"2025-03-01 07:30:00.0000",2.68,100,5.529366970062256,9.993950843811035,14.613396644592285
"2025-03-01 07:45:00.0000",2.7,100,5.309289455413818,9.790900230407715,18.549312591552734
"2025-03-01 08:00:00.0000",2.8,100,4.917717933654785,9.376237869262695,21.82500457763672
"2025-03-01 08:15:00.0000",3.05,100,4.839202404022217,9.239116668701172,18.021259307861328
"2025-03-01 08:30:00.0000",3.39,100,4.07427978515625,6.723462104797363,10.071776390075684
"2025-03-01 08:45:00.0000",3.7,100,4.273064613342285,8.50516128540039,15.898301124572754
"2025-03-01 09:00:00.0000",4.08,100,3.853926181793213,8.112309455871582,24.153453826904297
"2025-03-01 09:15:00.0000",4.29,100,3.668071985244751,8.405535697937012,37.077754974365234
"2025-03-01 09:30:00.0000",4.68,100,3.295416831970215,9.858878135681152,52.37852478027344
"2025-03-01 09:45:00.0000",5.23,100,4.301374435424805,20.302221298217773,126.66612243652344
"2025-03-01 10:00:00.0000",5.66,98.49,5.999568939208984,30.666839599609375,142.56991577148438
"2025-03-01 10:15:00.0000",6.38,95.67,4.308084011077881,20.590227127075195,91.77654266357422
"2025-03-01 10:30:00.0000",7.79,92.05,3.4466004371643066,16.58344078063965,68.37286376953125
"2025-03-01 10:45:00.0000",10.67,81.19,3.9057109355926514,22.159570693969727,115.55753326416016
"2025-03-01 11:00:00.0000",12.61,73.39,3.923905611038208,8.861125946044922,26.29730796813965
"2025-03-01 11:15:00.0000",13.93,66.41,4.367803573608398,10.67547607421875,30.28041648864746
"2025-03-01 11:30:00.0000",14.94,61.97,8.313411712646484,38.866668701171875,145.04794311523438
"2025-03-01 11:45:00.0000",16.01,57.61,3.1528232097625732,9.130803108215332,36.36396408081055
"2025-03-01 12:00:00.0000",17.62,51.54,2.4904000759124756,10.27363109588623,56.173240661621094
"2025-03-01 12:15:00.0000",17.63,49.18,2.03849196434021,9.330982208251953,28.87189292907715
"2025-03-01 12:30:00.0000",16.95,50.01,1.941892385482788,8.227655410766602,38.58499526977539
"2025-03-01 12:45:00.0000",16.47,50.29,0.8959268927574158,3.815051794052124,20.649051666259766
"2025-03-01 13:00:00.0000",15.8,51.06,0.954006552696228,3.4397895336151123,12.763814926147461
"2025-03-01 13:15:00.0000",14.98,52.93,0.6962021589279175,2.296778917312622,7.460402488708496
"2025-03-01 13:30:00.0000",15.23,53.61,0.9789307117462158,3.639139175415039,16.778823852539062
"2025-03-01 13:45:00.0000",15.37,54.75,0.8089231848716736,3.1766247749328613,9.035829544067383
"2025-03-01 14:00:00.0000",14.85,56.49,1.0128350257873535,2.90104079246521,14.446002960205078
"2025-03-01 14:15:00.0000",14.65,55.57,0.7675226926803589,3.430239677429199,7.854432582855225
"2025-03-01 14:30:00.0000",15,55.04,1.1097537279129028,3.6598711013793945,9.87587833404541
"2025-03-01 14:45:00.0000",15.06,53.17,0.9638431668281555,2.8984596729278564,6.319067478179932
"2025-03-01 15:00:00.0000",15.69,52.16,0.7860082983970642,2.7659971714019775,6.434781074523926
"2025-03-01 15:15:00.0000",16.42,49.95,1.4526267051696777,3.73174786567688,8.502630233764648
"2025-03-01 15:30:00.0000",16.13,49.44,1.2733479738235474,3.3844728469848633,9.082456588745117
"2025-03-01 15:45:00.0000",15.89,49.13,5.491795063018799,8.87818717956543,15.822366714477539
"2025-03-01 16:00:00.0000",15.82,47.9,0.6273277401924133,3.3372626304626465,15.709945678710938
"2025-03-01 16:15:00.0000",15.52,47.82,0.787572979927063,2.3982863426208496,5.931893348693848
"2025-03-01 16:30:00.0000",14.52,50.31,0.8339113593101501,3.219757080078125,11.845807075500488
"2025-03-01 16:45:00.0000",13.24,53.4,0.8678688406944275,3.3194937705993652,11.832372665405273
"2025-03-01 17:00:00.0000",12.43,56.91,1.4157006740570068,4.070317268371582,11.181794166564941
"2025-03-01 17:15:00.0000",11.55,60.18,1.4154713153839111,4.902190208435059,21.800065994262695
"2025-03-01 17:30:00.0000",10.88,63.14,1.358926773071289,5.633018493652344,17.527334213256836
"2025-03-01 17:45:00.0000",10.43,65.36,2.353123903274536,6.233822345733643,30.663089752197266
"2025-03-01 18:00:00.0000",10.16,67.41,1.1352877616882324,3.6186904907226562,12.200798988342285
"2025-03-01 18:15:00.0000",9.85,67.88,1.2448612451553345,5.171534538269043,21.352598190307617
"2025-03-01 18:30:00.0000",9.65,68.95,1.4927177429199219,5.008772373199463,12.630398750305176
"2025-03-01 18:45:00.0000",9.42,70.04,2.0027358531951904,6.355964660644531,22.013965606689453
"2025-03-01 19:00:00.0000",9.24,72.68,4.105083465576172,8.628052711486816,24.812824249267578
"2025-03-01 19:15:00.0000",9.09,75.63,8.513625144958496,13.962800979614258,20.707639694213867
"2025-03-01 19:30:00.0000",8.86,77.78,1.7017021179199219,5.967329502105713,17.473188400268555
"2025-03-01 19:45:00.0000",8.69,80.6,2.4085161685943604,7.182417392730713,18.961769104003906
"2025-03-01 20:00:00.0000",8.44,81.03,5.3222575187683105,11.002613067626953,29.26666831970215
"2025-03-01 20:15:00.0000",8.29,80.95,5.974119186401367,14.469889640808105,37.890079498291016
"2025-03-01 20:30:00.0000",8.06,82.48,6.883568286895752,14.932598114013672,36.01713562011719
"2025-03-01 20:45:00.0000",8.09,81.38,5.32202672958374,9.018521308898926,16.051488876342773
"2025-03-01 21:00:00.0000",8.24,79.85,3.8528683185577393,7.299465179443359,11.645736694335938
"2025-03-01 21:15:00.0000",8.32,79.24,4.158085823059082,9.7556791305542,27.182373046875
"2025-03-01 21:30:00.0000",8.24,79.61,5.828967571258545,11.684030532836914,29.505966186523438
"2025-03-01 21:45:00.0000",7.84,80.76,3.1555001735687256,6.443676471710205,13.213894844055176
"2025-03-01 22:00:00.0000",7.69,81.18,3.596874952316284,7.184621334075928,19.688974380493164
"2025-03-01 22:15:00.0000",7.65,82.1,3.9650497436523438,8.502366065979004,18.659120559692383
"2025-03-01 22:30:00.0000",7.6,82.8,3.0127358436584473,5.375434398651123,8.73849868774414
"2025-03-01 22:45:00.0000",7.69,82.13,3.9870171546936035,7.120548248291016,11.740370750427246
"2025-03-01 23:00:00.0000",7.79,83.14,3.0269360542297363,6.611490249633789,25.560176849365234
"2025-03-01 23:15:00.0000",7.8,82.69,3.8454887866973877,9.322844505310059,31.84400749206543
"2025-03-01 23:30:00.0000",7.65,83.93,3.7310147285461426,7.235274791717529,14.256179809570312
"2025-03-01 23:45:00.0000",7.39,84.46,3.9897069931030273,8.01986312866211,20.030221939086914
"2025-03-02 00:00:00.0000",7.14,86.3,3.406060218811035,8.481122016906738,32.32688903808594
"2025-03-02 00:15:00.0000",6.91,87.29,4.751802921295166,8.539456367492676,12.888665199279785
"2025-03-02 00:30:00.0000",6.84,88.99,3.8661649227142334,8.312875747680664,18.20030975341797
"2025-03-02 00:45:00.0000",6.7,89.99,4.4442901611328125,8.689376831054688,16.1156005859375
"2025-03-02 01:00:00.0000",6.56,91.19,4.704692840576172,9.47021198272705,20.027421951293945
"2025-03-02 01:15:00.0000",6.52,92.14,4.598323345184326,9.003244400024414,18.855247497558594
"2025-03-02 01:30:00.0000",6.49,93.67,4.414579391479492,8.735301971435547,14.434521675109863
"2025-03-02 01:45:00.0000",6.55,93.57,4.55046272277832,8.593401908874512,13.291227340698242
"2025-03-02 02:00:00.0000",6.54,94.6,4.690290927886963,8.694439888000488,19.790327072143555
"2025-03-02 02:15:00.0000",6.53,94.22,4.494485378265381,9.046601295471191,15.970741271972656
"2025-03-02 02:30:00.0000",6.5,92.71,4.380339622497559,9.067413330078125,19.538753509521484
"2025-03-02 02:45:00.0000",6.36,92.66,3.9767072200775146,9.46963119506836,28.53510093688965
"2025-03-02 03:00:00.0000",6.19,92.62,5.911565780639648,10.306351661682129,20.730989456176758
"2025-03-02 03:15:00.0000",6.03,92.51,3.072838306427002,7.110632419586182,17.740201950073242
"2025-03-02 03:30:00.0000",5.93,92.72,2.9824955463409424,5.842204570770264,10.969154357910156
"2025-03-02 03:45:00.0000",5.82,92.81,3.5036423206329346,7.61360502243042,20.656723022460938
"2025-03-02 04:00:00.0000",5.8,93.27,3.266310930252075,6.238300323486328,12.368602752685547
"2025-03-02 04:15:00.0000",5.88,92.9,2.8793060779571533,5.313594341278076,8.648268699645996
"2025-03-02 04:30:00.0000",6.04,92.41,2.69527530670166,5.863792419433594,17.187265396118164
"2025-03-02 04:45:00.0000",6.05,91.89,2.7247469425201416,5.50489616394043,14.220723152160645
"2025-03-02 05:00:00.0000",5.8,91.88,3.75789475440979,7.979350566864014,17.140283584594727
"2025-03-02 05:15:00.0000",5.68,93.51,3.517141819000244,7.239401817321777,19.977584838867188
"2025-03-02 05:30:00.0000",5.58,94.1,3.1511123180389404,5.5472493171691895,11.16300106048584
"2025-03-02 05:45:00.0000",5.68,93.76,3.4174020290374756,7.50471830368042,14.850528717041016
"2025-03-02 06:00:00.0000",5.83,93.45,3.0441129207611084,6.978476047515869,14.335695266723633
"2025-03-02 06:15:00.0000",5.82,93.09,2.5065081119537354,4.7003350257873535,8.822379112243652
"2025-03-02 06:30:00.0000",5.6,92.82,2.527453899383545,6.046913146972656,12.931976318359375
"2025-03-02 06:45:00.0000",5.59,92.96,2.0987093448638916,4.038997650146484,9.943878173828125
"2025-03-02 07:00:00.0000",5.76,91.44,2.6014404296875,5.5275468826293945,19.96359634399414
"2025-03-02 07:15:00.0000",5.63,91.19,2.5659756660461426,5.657028675079346,15.922884941101074
"2025-03-02 07:30:00.0000",5.42,90.74,2.1434011459350586,4.3488054275512695,9.150748252868652
"2025-03-02 07:45:00.0000",5.44,90.47,2.3533785343170166,6.0192484855651855,11.564230918884277
"2025-03-02 08:00:00.0000",5.37,90.91,2.167459726333618,5.721558094024658,19.51909637451172
"2025-03-02 08:15:00.0000",5.53,89.95,2.0880846977233887,6.604483127593994,23.214481353759766
"2025-03-02 08:30:00.0000",5.62,89.68,2.252748966217041,6.5830817222595215,37.6772575378418
"2025-03-02 08:45:00.0000",5.86,89.66,2.426254987716675,8.6797513961792,39.70771408081055
"2025-03-02 09:00:00.0000",5.67,90.89,2.1276159286499023,7.669096946716309,45.99488830566406
"2025-03-02 09:15:00.0000",6.12,89.95,2.379047393798828,9.086944580078125,42.06772232055664
"2025-03-02 09:30:00.0000",6.2,90.91,2.3046488761901855,8.631881713867188,44.807579040527344
"2025-03-02 09:45:00.0000",6.32,91.01,2.235011100769043,9.044058799743652,56.12649154663086
"2025-03-02 10:00:00.0000",6.35,91.45,2.2361550331115723,5.792520046234131,22.88815689086914
"2025-03-02 10:15:00.0000",6.88,90.09,2.2964441776275635,6.571192264556885,20.845401763916016
"2025-03-02 10:30:00.0000",7.26,88.67,1.9718310832977295,5.765455722808838,17.979724884033203
"2025-03-02 10:45:00.0000",7.71,86.91,2.6276514530181885,9.892596244812012,33.62546920776367
"2025-03-02 11:00:00.0000",8.3,85.3,2.13812255859375,6.33649206161499,35.8918342590332
"2025-03-02 11:15:00.0000",8.7,83.78,2.356360673904419,6.904344081878662,25.649452209472656
"2025-03-02 11:30:00.0000",9.08,82.42,2.717362880706787,11.628085136413574,56.045013427734375
"2025-03-02 11:45:00.0000",9.51,80.27,2.0276339054107666,7.175553321838379,25.176132202148438
"2025-03-02 12:00:00.0000",9.55,79.93,1.922476887702942,5.752934455871582,19.812362670898438
"2025-03-02 12:15:00.0000",10.54,77.85,1.9314264059066772,5.983825206756592,17.19451332092285
"2025-03-02 12:30:00.0000",10.82,77.45,1.5980275869369507,5.4572434425354,17.925058364868164
"2025-03-02 12:45:00.0000",11.06,76.97,1.6186426877975464,5.312038421630859,24.228296279907227
"2025-03-02 13:00:00.0000",11.59,76.4,1.2713218927383423,3.59908127784729,14.442815780639648
"2025-03-02 13:15:00.0000",12.07,75.78,1.0178494453430176,3.6367194652557373,12.547088623046875
"2025-03-02 13:30:00.0000",12.83,72.82,1.0020136833190918,6.492265701293945,71.1014175415039
"2025-03-02 13:45:00.0000",13.2,70.95,0.45272865891456604,1.463384747505188,4.6509809494018555
"2025-03-02 14:00:00.0000",13.07,69.3,0.5381785035133362,1.4558048248291016,3.8983347415924072
"2025-03-02 14:15:00.0000",12.82,70.58,0.7329331636428833,2.2245304584503174,11.190945625305176
"2025-03-02 14:30:00.0000",12.28,71.93,0.44077539443969727,1.3083946704864502,4.484050273895264
"2025-03-02 14:45:00.0000",12.46,70.56,0.43747907876968384,1.5152987241744995,4.7738542556762695
"2025-03-02 15:00:00.0000",12.13,70.67,0.5810497999191284,1.8199352025985718,12.759489059448242
"2025-03-02 15:15:00.0000",11.84,72.73,0.7993800044059753,2.505368709564209,6.540960311889648
"2025-03-02 15:30:00.0000",11.58,75.24,0.5725609660148621,2.114285469055176,6.2742695808410645
"2025-03-02 15:45:00.0000",11.37,75.56,0.6619049310684204,2.705913543701172,15.949316024780273
"2025-03-02 16:00:00.0000",11.27,75.46,0.6526957750320435,2.4328627586364746,15.430205345153809
"2025-03-02 16:15:00.0000",11.19,75.34,0.7784985899925232,2.704911708831787,8.612357139587402
"2025-03-02 16:30:00.0000",11.12,75.21,1.124392032623291,3.3003904819488525,12.920411109924316
"2025-03-02 16:45:00.0000",11.01,75.54,0.9135510921478271,2.5204269886016846,10.599312782287598
"2025-03-02 17:00:00.0000",10.88,75.92,1.0191742181777954,3.8276703357696533,17.755714416503906
"2025-03-02 17:15:00.0000",10.74,77.91,0.9038699269294739,2.9958672523498535,12.837554931640625
"2025-03-02 17:30:00.0000",10.59,77.01,0.9914707541465759,3.6873350143432617,10.57737922668457
"2025-03-02 17:45:00.0000",10.28,78.12,1.1078970432281494,3.6717190742492676,16.292335510253906
"2025-03-02 18:00:00.0000",10,79.25,0.7977553009986877,2.2875254154205322,8.461650848388672
"2025-03-02 18:15:00.0000",9.77,79.94,2.6122565269470215,7.596855163574219,22.350744247436523
"2025-03-02 18:30:00.0000",9.57,80.68,2.6902401447296143,7.303709506988525,24.09433364868164
"2025-03-02 18:45:00.0000",9.39,82.21,1.140805959701538,4.312478065490723,9.891021728515625
"2025-03-02 19:00:00.0000",9.17,81.99,0.7797977328300476,2.788504123687744,9.442854881286621
"2025-03-02 19:15:00.0000",9.08,81.31,1.1141352653503418,3.8670942783355713,15.37993049621582
"2025-03-02 19:30:00.0000",8.92,81.9,1.0014082193374634,2.983203172683716,7.451273441314697
"2025-03-02 19:45:00.0000",8.61,83.08,1.418418288230896,4.141624450683594,14.829826354980469
"2025-03-02 20:00:00.0000",8.31,84.68,1.3180208206176758,3.8183603286743164,9.376914978027344
"2025-03-02 20:15:00.0000",8.08,85.92,1.2633299827575684,3.291348457336426,10.053067207336426
"2025-03-02 20:30:00.0000",7.84,86.82,1.2238926887512207,3.8034937381744385,13.719386100769043
"2025-03-02 20:45:00.0000",7.73,86.9,0.9655869007110596,2.748649835586548,5.797796249389648
"2025-03-02 21:00:00.0000",7.65,86.08,0.9135333299636841,3.423429012298584,13.700961112976074
"2025-03-02 21:15:00.0000",7.56,86.51,0.7893275022506714,2.965726375579834,12.52338695526123
"2025-03-02 21:30:00.0000",7.45,86.47,1.2289574146270752,3.9019205570220947,9.710282325744629
"2025-03-02 21:45:00.0000",7.39,86.44,1.184625506401062,3.0542404651641846,12.951105117797852
"2025-03-02 22:00:00.0000",7.16,87.59,1.006963849067688,3.274836778640747,8.511109352111816
"2025-03-02 22:15:00.0000",6.98,88.71,1.2151365280151367,3.829054594039917,8.837031364440918
"2025-03-02 22:30:00.0000",6.98,90.1,1.2689515352249146,4.088419437408447,12.452672004699707
"2025-03-02 22:45:00.0000",6.98,90.53,0.9580768942832947,3.8668949604034424,11.989335060119629
"2025-03-02 23:00:00.0000",7.13,89.77,1.0248905420303345,2.9645779132843018,6.5715789794921875
"2025-03-02 23:15:00.0000",7.32,89.16,1.1390756368637085,4.82419490814209,17.616458892822266
"2025-03-02 23:30:00.0000",7.57,88.38,0.9284424781799316,3.6075925827026367,12.393131256103516
"2025-03-02 23:45:00.0000",7.65,87.82,4.573731422424316,8.087973594665527,15.015176773071289
"2025-03-03 00:00:00.0000",7.52,89.72,0.9836150407791138,2.930624008178711,11.580185890197754
"2025-03-03 00:15:00.0000",7.66,87.83,1.245642900466919,4.455275058746338,10.051956176757812
"2025-03-03 00:30:00.0000",7.68,89.06,1.5285524129867554,3.7706050872802734,12.390405654907227
"2025-03-03 00:45:00.0000",7.73,90.02,1.6146650314331055,4.748907089233398,11.18122673034668
"2025-03-03 01:00:00.0000",7.37,93.2,1.6144353151321411,3.95929217338562,7.610498428344727
"2025-03-03 01:15:00.0000",7.26,93.87,1.5795344114303589,4.242940425872803,17.67026710510254
"2025-03-03 01:30:00.0000",7.17,94.71,1.4141035079956055,4.538755893707275,10.388620376586914
"2025-03-03 01:45:00.0000",7.33,94.22,1.7281572818756104,4.86262845993042,21.122343063354492
"2025-03-03 02:00:00.0000",7.29,94.17,1.4701741933822632,4.423280239105225,13.222984313964844
"2025-03-03 02:15:00.0000",7.35,94.79,1.2806986570358276,4.2311015129089355,11.98083782196045
"2025-03-03 02:30:00.0000",7.54,94.21,1.265494704246521,3.648672580718994,12.332972526550293
"2025-03-03 02:45:00.0000",7.72,93.6,1.5733115673065186,4.525426864624023,11.664923667907715
"2025-03-03 03:00:00.0000",7.45,94.5,1.5026469230651855,4.557447910308838,13.25533390045166
"2025-03-03 03:15:00.0000",7.49,94.59,1.321682095527649,4.407135486602783,10.268219947814941
"2025-03-03 03:30:00.0000",7.39,95.51,1.430503249168396,4.072009563446045,7.749856472015381
"2025-03-03 03:45:00.0000",7.5,95.51,1.2250089645385742,4.124897480010986,11.007315635681152
"2025-03-03 04:00:00.0000",7.66,95.55,1.545533299446106,4.393986225128174,9.063021659851074
"2025-03-03 04:15:00.0000",7.5,96.16,1.2452824115753174,4.5082879066467285,12.983945846557617
"2025-03-03 04:30:00.0000",7.51,97.44,1.1307902336120605,4.434198379516602,11.308136940002441
"2025-03-03 04:45:00.0000",7.58,97.72,1.2641252279281616,4.419622898101807,12.981221199035645
"2025-03-03 05:00:00.0000",7.63,97.84,1.1139085292816162,4.376875400543213,10.987615585327148
"2025-03-03 05:15:00.0000",7.56,98.44,1.2058794498443604,3.9882659912109375,9.860092163085938
"2025-03-03 05:30:00.0000",7.53,98.61,0.9394819140434265,4.361922740936279,12.359039306640625
"2025-03-03 05:45:00.0000",7.58,99.75,0.9891899824142456,4.304924011230469,21.97188949584961
"2025-03-03 06:00:00.0000",7.77,99.71,1.1580828428268433,4.53375768661499,14.779309272766113
"2025-03-03 06:15:00.0000",7.89,99.45,1.3144587278366089,5.711913108825684,14.144148826599121
"2025-03-03 06:30:00.0000",7.9,99.6,1.4674397706985474,6.0796217918396,17.71311378479004
"2025-03-03 06:45:00.0000",7.86,99.61,1.1728167533874512,3.940033435821533,8.00288200378418
"2025-03-03 07:00:00.0000",7.77,99.8,1.1950104236602783,5.228309631347656,16.192296981811523
"2025-03-03 07:15:00.0000",7.85,99.76,1.2778173685073853,4.500836372375488,8.689661026000977
"2025-03-03 07:30:00.0000",7.98,99.31,1.0902312994003296,4.592584609985352,20.055896759033203
"2025-03-03 07:45:00.0000",8.09,98.84,1.2610681056976318,6.251096248626709,17.304372787475586
"2025-03-03 08:00:00.0000",8.25,98.22,1.01963472366333,4.931313514709473,18.329790115356445
"2025-03-03 08:15:00.0000",8.46,97.17,1.042097568511963,4.639665126800537,23.887636184692383
"2025-03-03 08:30:00.0000",8.61,96.43,1.2824819087982178,5.8863396644592285,25.585426330566406
"2025-03-03 08:45:00.0000",8.83,95.37,1.459649920463562,6.410285472869873,22.370567321777344
"2025-03-03 09:00:00.0000",9.15,94.13,1.2434920072555542,7.082557678222656,25.083459854125977
"2025-03-03 09:15:00.0000",9.37,92.68,1.7180668115615845,11.970844268798828,70.9365005493164
"2025-03-03 09:30:00.0000",9.53,92.28,1.9084436893463135,12.626843452453613,63.91687774658203
"2025-03-03 09:45:00.0000",9.82,91.07,4.391876697540283,32.58430862426758,218.9023895263672
"2025-03-03 10:00:00.0000",10.14,90.46,5.117168426513672,36.514503479003906,217.0467987060547
"2025-03-03 10:15:00.0000",10.55,88.85,1.7529791593551636,13.91294002532959,68.28309631347656
"2025-03-03 10:30:00.0000",11.13,86.37,1.6919701099395752,9.432900428771973,38.80803298950195
"2025-03-03 10:45:00.0000",12.11,81.81,1.4441465139389038,8.228110313415527,49.95313262939453
"2025-03-03 11:00:00.0000",13.27,77.81,1.7058427333831787,10.877233505249023,47.14544677734375
"2025-03-03 11:15:00.0000",13.79,75.04,1.4782754182815552,10.843210220336914,62.28139877319336
"2025-03-03 11:30:00.0000",13.82,72.59,1.7899037599563599,10.736445426940918,37.290550231933594
"2025-03-03 11:45:00.0000",13.76,73.9,1.1552612781524658,7.792069435119629,47.5577507019043
"2025-03-03 12:00:00.0000",13.61,72.54,0.7568344473838806,4.166008472442627,14.93946361541748
"2025-03-03 12:15:00.0000",13.95,70.77,0.8655441403388977,2.8201417922973633,6.00286865234375
"2025-03-03 12:30:00.0000",13.92,70.35,1.1753778457641602,7.4596357345581055,27.88419532775879
"2025-03-03 12:45:00.0000",14.27,70.64,0.84461909532547,4.384454727172852,25.91557502746582
"2025-03-03 13:00:00.0000",14.5,68.63,0.695925772190094,3.1728179454803467,9.321085929870605
"2025-03-03 13:15:00.0000",14.2,68.24,0.6671762466430664,2.7791800498962402,8.938695907592773
"2025-03-03 13:30:00.0000",13.92,69.4,0.7643194198608398,3.053461790084839,6.637054443359375
"2025-03-03 13:45:00.0000",14.31,68.19,2.333024263381958,5.344699859619141,16.280750274658203
"2025-03-03 14:00:00.0000",14.25,67.28,0.7597032785415649,3.710685968399048,15.803691864013672
"2025-03-03 14:15:00.0000",14.09,68.89,0.7578656077384949,2.8904316425323486,11.782764434814453
"2025-03-03 14:30:00.0000",13.96,70.13,0.9737317562103271,4.238373279571533,14.854270935058594
"2025-03-03 14:45:00.0000",14.17,69.58,0.7353666424751282,3.2489776611328125,10.079110145568848
"2025-03-03 15:00:00.0000",14.24,69.38,0.8317511677742004,3.9076321125030518,13.462034225463867
"2025-03-03 15:15:00.0000",14.11,69.45,0.8046039938926697,3.7103641033172607,12.461220741271973
"2025-03-03 15:30:00.0000",14.2,69.19,0.9293243288993835,4.1993303298950195,12.981364250183105
"2025-03-03 15:45:00.0000",13.85,70.76,0.7995932102203369,3.6087565422058105,19.753318786621094
"2025-03-03 16:00:00.0000",13.07,74.51,0.9506362676620483,4.520144462585449,11.495697975158691
"2025-03-03 16:15:00.0000",12.53,77.26,1.03056800365448,4.0585455894470215,18.351865768432617
"2025-03-03 16:30:00.0000",12.29,78.55,1.4207948446273804,6.371540546417236,22.037357330322266
"2025-03-03 16:45:00.0000",12.05,80.69,1.0751031637191772,5.4687299728393555,16.032609939575195
"2025-03-03 17:00:00.0000",11.72,83.02,1.6273458003997803,6.095956802368164,24.88414192199707
"2025-03-03 17:15:00.0000",11.51,84.52,1.5169450044631958,6.373488903045654,24.958354949951172
"2025-03-03 17:30:00.0000",11.2,85.49,1.4008499383926392,6.142817974090576,22.353527069091797
"2025-03-03 17:45:00.0000",10.85,86.77,1.1401078701019287,6.401900291442871,22.195831298828125
"2025-03-03 18:00:00.0000",10.75,87.03,1.2801201343536377,5.987917423248291,22.450077056884766
"2025-03-03 18:15:00.0000",10.66,87.4,1.3808714151382446,7.03621244430542,27.48891258239746
"2025-03-03 18:30:00.0000",10.44,88.25,2.449169397354126,7.986767768859863,27.0286922454834
"2025-03-03 18:45:00.0000",10.24,89.01,1.5183465480804443,7.058377265930176,25.409706115722656
"2025-03-03 19:00:00.0000",10.04,89.64,1.7933906316757202,7.705179214477539,28.104948043823242
"2025-03-03 19:15:00.0000",9.77,91.16,1.6820964813232422,8.078146934509277,24.420211791992188
"2025-03-03 19:30:00.0000",9.61,92.01,1.8063688278198242,6.435508728027344,19.737167358398438
"2025-03-03 19:45:00.0000",9.43,93.36,1.9583418369293213,8.185853958129883,28.628677368164062
"2025-03-03 20:00:00.0000",9.26,94.57,1.9662721157073975,5.875776290893555,19.272438049316406
"2025-03-03 20:15:00.0000",9.14,95.15,1.8367546796798706,4.683037281036377,9.860447883605957
"2025-03-03 20:30:00.0000",8.96,96.12,2.363328218460083,8.31278133392334,17.09198570251465
"2025-03-03 20:45:00.0000",8.78,96.79,1.715052604675293,5.488930702209473,14.211749076843262
"2025-03-03 21:00:00.0000",8.7,97.03,2.9023823738098145,7.129159927368164,22.771034240722656
"2025-03-03 21:15:00.0000",8.66,96.13,2.9733495712280273,7.386544227600098,13.265955924987793
"2025-03-03 21:30:00.0000",8.51,96.1,2.6797618865966797,6.745012283325195,11.320270538330078
"2025-03-03 21:45:00.0000",8.33,96.07,2.4785549640655518,7.777665138244629,15.737177848815918
"2025-03-03 22:00:00.0000",8.23,96.58,2.2367658615112305,5.4267683029174805,13.146688461303711
"2025-03-03 22:15:00.0000",8.09,97.05,2.7727344036102295,7.803066730499268,21.76163673400879
"2025-03-03 22:30:00.0000",8.14,97.3,2.388209342956543,6.845301151275635,14.985298156738281
"2025-03-03 22:45:00.0000",8.07,97.22,3.049663543701172,8.370110511779785,22.900371551513672
"2025-03-03 23:00:00.0000",8.06,96.8,2.0948915481567383,5.571582317352295,15.046514511108398
"2025-03-03 23:15:00.0000",8.16,96.23,1.8265631198883057,5.026236534118652,17.279935836791992
"2025-03-03 23:30:00.0000",8.32,95.42,2.0002052783966064,5.865802764892578,10.789304733276367
"2025-03-03 23:45:00.0000",8.52,94.16,2.1249923706054688,7.513420581817627,14.77637767791748
"2025-03-04 00:00:00.0000",8.71,93.44,1.9175876379013062,5.833507537841797,16.424680709838867
"2025-03-04 00:15:00.0000",8.8,92.99,1.6717053651809692,4.421884059906006,13.527387619018555
"2025-03-04 00:30:00.0000",8.76,92.56,1.5053941011428833,4.9756999015808105,25.560375213623047
"2025-03-04 00:45:00.0000",8.63,93.15,1.3259700536727905,4.6301374435424805,11.691190719604492
"2025-03-04 01:00:00.0000",8.5,92.96,1.5028653144836426,7.282082557678223,31.136505126953125
"2025-03-04 01:15:00.0000",8.58,92.77,1.7483612298965454,6.072637557983398,12.836188316345215
"2025-03-04 01:30:00.0000",8.61,92.29,1.580643892288208,5.338237285614014,13.392414093017578
"2025-03-04 01:45:00.0000",8.47,92.5,1.3301390409469604,4.83046817779541,13.30255126953125
"2025-03-04 02:00:00.0000",8.21,93.41,1.2418835163116455,4.192270278930664,13.147850036621094
"2025-03-04 02:15:00.0000",8.02,94.24,1.1597639322280884,3.878976583480835,14.025588035583496
"2025-03-04 02:30:00.0000",7.86,94.51,1.249196171760559,5.028861045837402,11.130705833435059
"2025-03-04 02:45:00.0000",7.58,94.9,0.9229983687400818,2.321220636367798,4.970185279846191
"2025-03-04 03:00:00.0000",7.29,95.61,0.9398247003555298,2.3167433738708496,5.677428722381592
"2025-03-04 03:15:00.0000",6.89,95.61,1.3617186546325684,4.226670265197754,11.233463287353516
"2025-03-04 03:30:00.0000",6.69,98.62,1.5813970565795898,5.751909255981445,16.285898208618164
"2025-03-04 03:45:00.0000",6.59,98.77,1.4292244911193848,3.859041213989258,7.445984840393066
"2025-03-04 04:00:00.0000",6.35,98.8,1.2905207872390747,2.8496737480163574,5.99003791809082
"2025-03-04 04:15:00.0000",6.18,99.68,1.5067092180252075,3.6958975791931152,12.045729637145996
"2025-03-04 04:30:00.0000",6.24,99.96,1.5774906873703003,3.5248570442199707,7.729518890380859
"2025-03-04 04:45:00.0000",6.19,99.77,1.7943989038467407,4.509964942932129,11.111701011657715
"2025-03-04 05:00:00.0000",5.92,100,1.995843768119812,3.9705142974853516,8.33813762664795
"2025-03-04 05:15:00.0000",5.58,100,2.1228902339935303,4.803003787994385,12.51031494140625
"2025-03-04 05:30:00.0000",5.34,100,1.790151834487915,3.4906439781188965,6.242619037628174
"2025-03-04 05:45:00.0000",5.02,100,2.1582164764404297,4.992126941680908,10.070357322692871
"2025-03-04 06:00:00.0000",4.83,100,2.285917282104492,5.0207014083862305,15.001834869384766
"2025-03-04 06:15:00.0000",4.76,100,2.168560743331909,4.489616394042969,8.725419044494629
"2025-03-04 06:30:00.0000",4.6,100,2.0687339305877686,5.388638019561768,11.933196067810059
"2025-03-04 06:45:00.0000",4.6,100,2.2900238037109375,5.5549540519714355,15.009308815002441
"2025-03-04 07:00:00.0000",4.68,100,1.6217610836029053,4.47281551361084,12.85038948059082
"2025-03-04 07:15:00.0000",4.91,100,1.9154642820358276,4.550803184509277,10.708370208740234
"2025-03-04 07:30:00.0000",5.03,100,1.657090663909912,4.217772483825684,11.900202751159668
"2025-03-04 07:45:00.0000",5.3,100,1.7109912633895874,3.86887788772583,7.659425258636475
"2025-03-04 08:00:00.0000",5.61,100,1.266390085220337,3.8658902645111084,8.528512001037598
"2025-03-04 08:15:00.0000",5.96,100,1.6213023662567139,5.387934684753418,21.403589248657227
"2025-03-04 08:30:00.0000",6.61,99.99,1.181617259979248,3.8468241691589355,14.418023109436035
"2025-03-04 08:45:00.0000",7.18,95.89,1.7634907960891724,6.590734481811523,26.00080108642578
"2025-03-04 09:00:00.0000",7.36,94.88,2.3161425590515137,9.248234748840332,36.778682708740234
"2025-03-04 09:15:00.0000",7.45,94.65,1.755756139755249,4.973814964294434,17.91410255432129
"2025-03-04 09:30:00.0000",7.76,91.89,1.9087705612182617,6.16283655166626,20.260683059692383
"2025-03-04 09:45:00.0000",7.91,91.11,2.0938282012939453,8.915488243103027,55.60940933227539
"2025-03-04 10:00:00.0000",8.19,90.93,1.8897048234939575,8.441669464111328,41.9806022644043
"2025-03-04 10:15:00.0000",8.94,90.27,1.5170024633407593,5.063858509063721,18.65557098388672
"2025-03-04 10:30:00.0000",9.27,87.08,1.7669411897659302,7.80086612701416,37.329917907714844
"2025-03-04 10:45:00.0000",10.19,82.7,2.8430943489074707,13.1368989944458,54.64901351928711
"2025-03-04 11:00:00.0000",11.55,79.38,2.7125167846679688,14.004979133605957,67.8277359008789
"2025-03-04 11:15:00.0000",13.38,71.71,1.908044695854187,7.290289402008057,35.764869689941406
"2025-03-04 11:30:00.0000",12.41,73.28,1.8329344987869263,6.874665260314941,35.343631744384766
"2025-03-04 11:45:00.0000",13.41,69.27,2.2169926166534424,9.299752235412598,38.636470794677734
"2025-03-04 12:00:00.0000",13.27,66.21,1.5188196897506714,4.902708053588867,21.35561180114746
"2025-03-04 12:15:00.0000",13.94,65.13,1.3952528238296509,4.935464859008789,17.414901733398438
"2025-03-04 12:30:00.0000",13.77,66.44,1.1717902421951294,4.541947841644287,21.23115348815918
"2025-03-04 12:45:00.0000",13.33,66.82,0.9231864213943481,3.858882188796997,15.728292465209961
"2025-03-04 13:00:00.0000",13.23,68.92,1.2927125692367554,4.441417694091797,20.631174087524414
"2025-03-04 13:15:00.0000",12.66,71.49,1.5336440801620483,6.892031669616699,32.32251739501953
"2025-03-04 13:30:00.0000",13.91,68.75,1.511755347251892,4.595611095428467,18.44074058532715
"2025-03-04 13:45:00.0000",15.92,62.66,1.5169215202331543,6.586004734039307,25.42116928100586
"2025-03-04 14:00:00.0000",16.66,57.79,1.0406243801116943,3.3746941089630127,11.995382308959961
"2025-03-04 14:15:00.0000",16.46,58.61,1.0259180068969727,3.7309038639068604,9.43596076965332
"2025-03-04 14:30:00.0000",15.32,56.81,0.7537387609481812,2.9033496379852295,12.834877014160156
"2025-03-04 14:45:00.0000",13.64,59.33,0.7018035054206848,3.1372010707855225,13.1618070602417
"2025-03-04 15:00:00.0000",12.47,60.49,0.6193590760231018,2.444995641708374,7.879952430725098
"2025-03-04 15:15:00.0000",12.22,61.82,1.0189294815063477,4.714442253112793,19.751827239990234
"2025-03-04 15:30:00.0000",12.75,62.25,0.7741135954856873,2.4545276165008545,7.141350269317627
"2025-03-04 15:45:00.0000",13.75,61.19,0.7363841533660889,2.7165327072143555,6.902719974517822
"2025-03-04 16:00:00.0000",12.54,64.19,0.7954309582710266,3.2265143394470215,12.832538604736328
"2025-03-04 16:15:00.0000",12.28,65.4,0.9640805125236511,2.9334676265716553,15.332612037658691
"2025-03-04 16:30:00.0000",12.13,63.59,1.143278956413269,3.407439947128296,15.932863235473633
"2025-03-04 16:45:00.0000",11.62,67,0.7731600999832153,2.4891090393066406,6.4331512451171875
"2025-03-04 17:00:00.0000",11.12,69.28,0.8787490725517273,2.9470057487487793,9.47210693359375
"2025-03-04 17:15:00.0000",10.59,67.74,0.8034215569496155,3.079664707183838,12.73949909210205
"2025-03-04 17:30:00.0000",10.47,70.44,0.7986774444580078,2.75187349319458,16.6046142578125
"2025-03-04 17:45:00.0000",10.02,70.89,1.397985816001892,4.098459720611572,12.952838897705078
"2025-03-04 18:00:00.0000",9.65,69.71,2.2259435653686523,4.900831699371338,14.956927299499512
"2025-03-04 18:15:00.0000",9.34,69.03,4.193560600280762,7.414999008178711,14.26603889465332
"2025-03-04 18:30:00.0000",9.04,69.16,4.788519859313965,8.955670356750488,18.223600387573242
"2025-03-04 18:45:00.0000",8.83,69.53,4.478475570678711,8.806958198547363,33.29175567626953
"2025-03-04 19:00:00.0000",8.67,70.12,3.88214373588562,6.760605335235596,11.995834350585938
"2025-03-04 19:15:00.0000",8.56,69.99,3.526271343231201,6.836695671081543,16.86777687072754
"2025-03-04 19:30:00.0000",8.49,70.72,2.8810267448425293,6.139209747314453,18.847320556640625
"2025-03-04 19:45:00.0000",8.22,75.01,2.988478422164917,5.791884899139404,11.922019958496094
"2025-03-04 20:00:00.0000",8.1,76.16,2.8925271034240723,5.474676132202148,15.392059326171875
"2025-03-04 20:15:00.0000",8.05,75.9,2.8126420974731445,5.656111240386963,10.998871803283691
"2025-03-04 20:30:00.0000",8.12,74.56,2.627244710922241,4.774132251739502,7.902615070343018
"2025-03-04 20:45:00.0000",8.16,73.57,1.9067885875701904,3.6096675395965576,7.233883380889893
"2025-03-04 21:00:00.0000",8.26,71.62,2.0646867752075195,3.884549140930176,9.174442291259766
"2025-03-04 21:15:00.0000",8.25,72.04,2.706188201904297,6.1313090324401855,15.972825050354004
"2025-03-04 21:30:00.0000",8.07,75.74,1.9119927883148193,3.8586349487304688,9.927379608154297
"2025-03-04 21:45:00.0000",7.98,74.25,2.0451347827911377,3.7117295265197754,7.243121147155762
"2025-03-04 22:00:00.0000",7.98,74.51,2.492622137069702,4.390153408050537,8.046452522277832
"2025-03-04 22:15:00.0000",7.79,77.41,2.4417784214019775,4.5958170890808105,11.598066329956055
"2025-03-04 22:30:00.0000",7.93,76.53,3.6881206035614014,6.799447059631348,20.092647552490234
"2025-03-04 22:45:00.0000",7.37,82.81,3.333064317703247,6.628859996795654,17.80823516845703
"2025-03-04 23:00:00.0000",7.05,85.57,2.1129868030548096,5.975096225738525,18.031314849853516
"2025-03-04 23:15:00.0000",7.04,84.29,2.4787440299987793,4.987483978271484,14.390851020812988
"2025-03-04 23:30:00.0000",7.4,84.42,1.9969311952590942,4.3380866050720215,10.767930030822754
"2025-03-04 23:45:00.0000",7.17,85.47,1.3676677942276,3.662109375,10.298553466796875
"2025-03-05 00:00:00.0000",7.37,86.19,1.455478549003601,4.184256076812744,10.623665809631348
"2025-03-05 00:15:00.0000",7.42,87.34,2.049546480178833,5.541347503662109,16.172658920288086
"2025-03-05 00:30:00.0000",7.43,87.89,2.500741958618164,5.884544849395752,24.98988151550293
"2025-03-05 00:45:00.0000",6.94,88.55,2.7140538692474365,5.970467567443848,17.871383666992188
"2025-03-05 01:00:00.0000",6.56,90.9,2.8045032024383545,5.8720855712890625,18.10189437866211
"2025-03-05 01:15:00.0000",6.28,93.77,2.5115692615509033,4.480003356933594,7.688220024108887
"2025-03-05 01:30:00.0000",6.2,94.04,2.6733081340789795,5.141905784606934,12.923964500427246
"2025-03-05 01:45:00.0000",6.11,95.46,1.9042319059371948,4.5389790534973145,11.301572799682617
"2025-03-05 02:00:00.0000",6.11,95.25,1.6849836111068726,4.478200912475586,13.166004180908203
"2025-03-05 02:15:00.0000",6.6,93.78,1.7324146032333374,4.605887413024902,12.319557189941406
"2025-03-05 02:30:00.0000",6.72,93.52,1.595155119895935,4.374622344970703,11.899770736694336
"2025-03-05 02:45:00.0000",6.62,94.73,1.8723489046096802,4.793057918548584,9.456209182739258
"2025-03-05 03:00:00.0000",6.51,95.4,1.5773992538452148,4.906519412994385,11.40652847290039
"2025-03-05 03:15:00.0000",6.42,96.13,1.581265926361084,5.353616714477539,10.533431053161621
"2025-03-05 03:30:00.0000",6.52,96,1.0087852478027344,3.7977278232574463,11.970061302185059
"2025-03-05 03:45:00.0000",7.24,90.3,0.8537585735321045,3.4728190898895264,8.014250755310059
"2025-03-05 04:00:00.0000",7.65,87.29,1.1852288246154785,4.0529255867004395,9.42543888092041
"2025-03-05 04:15:00.0000",7.76,86.76,1.0290967226028442,3.6970906257629395,12.987993240356445
"2025-03-05 04:30:00.0000",7.3,88.95,1.2583917379379272,4.468173503875732,12.680000305175781
"2025-03-05 04:45:00.0000",6.9,91.51,1.3012551069259644,3.546365976333618,10.854339599609375
"2025-03-05 05:00:00.0000",6.64,94.82,1.6687954664230347,5.232514381408691,15.394450187683105
"2025-03-05 05:15:00.0000",6.44,97.29,1.5617377758026123,5.194365501403809,12.459623336791992
"2025-03-05 05:30:00.0000",6.34,98.13,1.6569042205810547,3.648419141769409,8.757915496826172
"2025-03-05 05:45:00.0000",6.11,98.58,1.7604398727416992,4.30845308303833,8.871071815490723
"2025-03-05 06:00:00.0000",5.93,99.13,1.8243237733840942,4.71875,12.070234298706055
"2025-03-05 06:15:00.0000",5.69,99.45,1.9836795330047607,4.837234020233154,8.982489585876465
"2025-03-05 06:30:00.0000",5.5,99.96,1.8789643049240112,4.624436378479004,12.879510879516602
"2025-03-05 06:45:00.0000",5.39,100,2.0397756099700928,5.148626327514648,20.636720657348633
"2025-03-05 07:00:00.0000",5.35,100,1.9449666738510132,5.093111991882324,17.257366180419922
"2025-03-05 07:15:00.0000",5.37,100,1.982643723487854,5.068102836608887,13.064493179321289
"2025-03-05 07:30:00.0000",5.61,100,2.0985357761383057,5.373823165893555,16.630260467529297
"2025-03-05 07:45:00.0000",5.8,99.92,2.2246131896972656,4.816160678863525,9.996192932128906
"2025-03-05 08:00:00.0000",5.89,99.82,2.13950777053833,4.836823463439941,10.804374694824219
"2025-03-05 08:15:00.0000",6.13,99.3,2.2339930534362793,5.510770320892334,14.192209243774414
"2025-03-05 08:30:00.0000",6.42,99.21,2.143721342086792,6.414307117462158,17.29804801940918
"2025-03-05 08:45:00.0000",6.8,97.01,2.2255547046661377,6.964411735534668,26.232858657836914
"2025-03-05 09:00:00.0000",7.21,94.79,2.2231674194335938,9.481230735778809,37.391845703125
"2025-03-05 09:15:00.0000",7.65,93.46,1.9859485626220703,6.109015464782715,25.966060638427734
"2025-03-05 09:30:00.0000",8.35,91.13,2.6530160903930664,7.879319667816162,25.795333862304688
"2025-03-05 09:45:00.0000",9.12,87.69,1.6901615858078003,5.928397178649902,21.387250900268555
"2025-03-05 10:00:00.0000",9.65,85.23,1.6225310564041138,6.136779308319092,19.268030166625977
"2025-03-05 10:15:00.0000",10.48,80.7,1.7025043964385986,7.0928215980529785,25.423810958862305
"2025-03-05 10:30:00.0000",11.45,76.35,1.4117157459259033,5.481154918670654,16.365041732788086
"2025-03-05 10:45:00.0000",12.59,68.74,3.5113866329193115,19.66302490234375,81.87889862060547
"2025-03-05 11:00:00.0000",13.07,69.12,2.69693922996521,16.473722457885742,88.18701171875
"2025-03-05 11:15:00.0000",14.05,65.23,1.777775764465332,6.399383068084717,25.908403396606445
"2025-03-05 11:30:00.0000",13.82,64.86,2.5268962383270264,13.019745826721191,114.27013397216797
"2025-03-05 11:45:00.0000",14.9,61.86,1.6887969970703125,7.0778961181640625,15.02023983001709
"2025-03-05 12:00:00.0000",17.16,54.63,1.4361402988433838,6.630058765411377,33.71977615356445
"2025-03-05 12:15:00.0000",16.19,55.82,1.1878851652145386,3.9912102222442627,16.838180541992188
"2025-03-05 12:30:00.0000",16.11,55.55,1.4205901622772217,4.470839977264404,17.725229263305664
"2025-03-05 12:45:00.0000",15.81,54,1.197419285774231,4.776186943054199,30.56744956970215
"2025-03-05 13:00:00.0000",17.31,49.33,0.9494920969009399,3.28214168548584,17.97551918029785
"2025-03-05 13:15:00.0000",17.33,46.91,0.8465484976768494,2.4274141788482666,15.043020248413086
"2025-03-05 13:30:00.0000",17.74,44.87,0.8089820742607117,2.1126489639282227,11.697240829467773
"2025-03-05 13:45:00.0000",17.67,43.69,1.0497636795043945,3.286766767501831,8.578153610229492
"2025-03-05 14:00:00.0000",18.55,42.22,0.7962918877601624,1.9811697006225586,7.402774333953857
"2025-03-05 14:15:00.0000",18.21,39.71,0.8706825375556946,2.2461748123168945,9.983953475952148
"2025-03-05 14:30:00.0000",17.45,41.3,0.8801604509353638,2.3092355728149414,5.834851264953613
"2025-03-05 14:45:00.0000",17.49,40.46,0.7560680508613586,1.6385602951049805,7.393948078155518
"2025-03-05 15:00:00.0000",17.53,39.85,0.8208469152450562,2.0087573528289795,6.701938152313232
"2025-03-05 15:15:00.0000",17.55,40.29,1.1541484594345093,2.5687124729156494,8.757317543029785
"2025-03-05 15:30:00.0000",18.54,37.05,0.9364681839942932,2.8872194290161133,11.094053268432617
"2025-03-05 15:45:00.0000",18.6,36.98,1.2058674097061157,3.4780237674713135,9.523266792297363
"2025-03-05 16:00:00.0000",19.02,37.2,0.965036153793335,2.570054054260254,12.165903091430664
"2025-03-05 16:15:00.0000",18.61,37.18,0.9725496768951416,2.3633944988250732,14.107817649841309
"2025-03-05 16:30:00.0000",18.71,37.05,0.8633418679237366,2.5939695835113525,13.329974174499512
"2025-03-05 16:45:00.0000",17.94,36.62,0.9360841512680054,2.800386905670166,25.24700927734375
"2025-03-05 17:00:00.0000",17.54,37.74,1.1975733041763306,5.433152675628662,21.11458396911621
"2025-03-05 17:15:00.0000",16.53,38.24,1.3086602687835693,3.2196123600006104,16.50383186340332
"2025-03-05 17:30:00.0000",15.24,42.4,1.2549136877059937,3.104435682296753,12.361000061035156
"2025-03-05 17:45:00.0000",14.53,44.37,1.5300580263137817,3.8659133911132812,13.22580623626709
"2025-03-05 18:00:00.0000",14.03,45,1.4254064559936523,3.7263612747192383,20.085662841796875
"2025-03-05 18:15:00.0000",13.55,46.41,1.7364758253097534,3.4838602542877197,8.91761302947998
"2025-03-05 18:30:00.0000",13.01,47.01,2.0041346549987793,3.6523237228393555,10.768512725830078
"2025-03-05 18:45:00.0000",12.73,48.55,2.465942144393921,4.995303153991699,16.097877502441406
"2025-03-05 19:00:00.0000",12.61,48.67,3.0432686805725098,6.249432563781738,17.996641159057617
"2025-03-05 19:15:00.0000",12.42,49.55,3.960918426513672,7.237655162811279,18.614423751831055
"2025-03-05 19:30:00.0000",12.22,51.41,2.842888832092285,5.583207130432129,13.360499382019043
"2025-03-05 19:45:00.0000",12.14,52.07,3.1239092350006104,4.9400200843811035,10.383406639099121
"2025-03-05 20:00:00.0000",11.99,51.58,3.713259220123291,5.522879600524902,13.042937278747559
"2025-03-05 20:15:00.0000",11.58,52.79,4.3148884773254395,7.028963088989258,14.866903305053711
"2025-03-05 20:30:00.0000",11.21,54.99,4.796316146850586,7.570244789123535,23.684053421020508
"2025-03-05 20:45:00.0000",10.93,56.67,5.499627590179443,9.111611366271973,23.010860443115234
"2025-03-05 21:00:00.0000",10.69,59.09,5.371067523956299,8.322970390319824,13.103170394897461
"2025-03-05 21:15:00.0000",10.52,59.21,5.36383056640625,7.64749002456665,12.98749828338623
"2025-03-05 21:30:00.0000",10.29,58.65,5.500974178314209,7.901991844177246,12.572598457336426
"2025-03-05 21:45:00.0000",10.34,58.76,5.979427337646484,9.26795768737793,18.15083885192871
"2025-03-05 22:00:00.0000",10.16,59.17,7.267404556274414,10.72960376739502,20.39795684814453
"2025-03-05 22:15:00.0000",10.03,61.2,7.400068759918213,11.2803955078125,17.12905502319336
"2025-03-05 22:30:00.0000",10.07,62.1,8.299263954162598,12.452049255371094,17.317523956298828
"2025-03-05 22:45:00.0000",9.92,64.03,7.681486129760742,10.700029373168945,13.995232582092285
"2025-03-05 23:00:00.0000",9.68,64.97,8.014530181884766,11.480243682861328,20.197641372680664
"2025-03-05 23:15:00.0000",9.45,66.04,7.91237211227417,11.080717086791992,15.396746635437012
"2025-03-05 23:30:00.0000",9.45,65.86,7.765246868133545,11.425454139709473,16.110597610473633
"2025-03-05 23:45:00.0000",9.46,65.82,8.505273818969727,13.666821479797363,26.761354446411133
"2025-03-06 00:00:00.0000",9.3,67.37,8.206466674804688,12.50144100189209,20.14287567138672
"2025-03-06 00:15:00.0000",8.9,68.48,8.238649368286133,11.755563735961914,22.326080322265625
"2025-03-06 00:30:00.0000",8.39,70.61,8.154389381408691,11.463017463684082,17.545639038085938
"2025-03-06 00:45:00.0000",8.21,72.4,9.115334510803223,13.10623836517334,20.41006851196289
"2025-03-06 01:00:00.0000",8.15,74.11,9.65024471282959,14.145444869995117,19.65968894958496
"2025-03-06 01:15:00.0000",8.01,75.94,10.231600761413574,14.617328643798828,23.69533920288086
"2025-03-06 01:30:00.0000",7.95,77.33,11.578810691833496,16.494417190551758,22.039867401123047
"2025-03-06 01:45:00.0000",7.57,80.96,11.1423921585083,15.861123085021973,20.163198471069336
"2025-03-06 02:00:00.0000",7.4,82.82,11.260072708129883,16.389442443847656,27.398448944091797
"2025-03-06 02:15:00.0000",7.34,83.57,11.508679389953613,16.75749969482422,23.00185203552246
"2025-03-06 02:30:00.0000",7.36,84.26,11.93002986907959,16.862571716308594,28.248987197875977
"2025-03-06 02:45:00.0000",7.33,85.27,12.583060264587402,17.907758712768555,24.082687377929688
"2025-03-06 03:00:00.0000",7.21,86.28,13.49885368347168,18.95974349975586,23.347620010375977
"2025-03-06 03:15:00.0000",7.12,87.71,13.757293701171875,20.690601348876953,30.6070556640625
"2025-03-06 03:30:00.0000",7.09,88.39,14.083084106445312,19.810766220092773,23.9052734375
"2025-03-06 03:45:00.0000",6.98,89.13,13.703415870666504,19.586742401123047,27.13140869140625
"2025-03-06 04:00:00.0000",6.95,89.62,13.996626853942871,20.042957305908203,26.905811309814453
"2025-03-06 04:15:00.0000",6.92,90.26,14.55846118927002,20.43083381652832,29.22296905517578
"2025-03-06 04:30:00.0000",6.96,90.55,14.921785354614258,21.24818992614746,27.744691848754883
"2025-03-06 04:45:00.0000",7.02,90.25,14.033454895019531,20.12122344970703,25.010581970214844
"2025-03-06 05:00:00.0000",7.23,88.2,13.459322929382324,19.219635009765625,28.522762298583984
"2025-03-06 05:15:00.0000",7.48,86.14,13.826652526855469,20.347932815551758,28.666715621948242
"2025-03-06 05:30:00.0000",7.56,85.3,14.104009628295898,20.25554847717285,24.92656135559082
"2025-03-06 05:45:00.0000",7.48,85.59,14.562560081481934,22.00369644165039,35.28960418701172
"2025-03-06 06:00:00.0000",7.43,86.13,14.61723518371582,21.42915916442871,32.36878967285156
"2025-03-06 06:15:00.0000",7.46,86.18,15.000845909118652,21.930648803710938,27.50365447998047
"2025-03-06 06:30:00.0000",7.47,86.33,16.007314682006836,23.328659057617188,30.482872009277344
"2025-03-06 06:45:00.0000",7.41,86.52,16.69393539428711,24.636301040649414,42.645530700683594
"2025-03-06 07:00:00.0000",7.29,87.55,16.48396110534668,24.327306747436523,39.815040588378906
"2025-03-06 07:15:00.0000",7.22,88.56,16.831043243408203,24.793691635131836,33.410804748535156
"2025-03-06 07:30:00.0000",7.19,89.09,17.263078689575195,25.30931854248047,37.76358413696289
"2025-03-06 07:45:00.0000",7.21,89.3,15.732132911682129,23.841806411743164,40.83919143676758
"2025-03-06 08:00:00.0000",7.46,88.32,14.462532043457031,20.78167724609375,28.728334426879883
"2025-03-06 08:15:00.0000",7.81,86.73,14.19401741027832,21.047813415527344,29.622451782226562
"2025-03-06 08:30:00.0000",8.12,86.09,15.018049240112305,23.870376586914062,33.505577087402344
"2025-03-06 08:45:00.0000",8.44,85.32,14.40635871887207,23.27005958557129,40.98505783081055
"2025-03-06 09:00:00.0000",8.59,85.35,14.32789134979248,24.032268524169922,64.00523376464844
"2025-03-06 09:15:00.0000",8.85,84.81,13.616969108581543,22.79517364501953,46.992523193359375
"2025-03-06 09:30:00.0000",9.17,84.69,12.852774620056152,20.65438461303711,34.92339324951172
"2025-03-06 09:45:00.0000",9.53,85.07,12.630155563354492,20.554481506347656,41.96223449707031
"2025-03-06 10:00:00.0000",10.08,84.51,11.7951021194458,20.314918518066406,54.246490478515625
"2025-03-06 10:15:00.0000",10.72,83.57,11.662948608398438,18.848756790161133,31.632793426513672
"2025-03-06 10:30:00.0000",11.64,81.72,10.680293083190918,17.274452209472656,29.106182098388672
"2025-03-06 10:45:00.0000",14.3,73.16,9.757925987243652,17.652223587036133,34.91686248779297
"2025-03-06 11:00:00.0000",15.8,67.65,10.461979866027832,17.9561710357666,49.05085372924805
"2025-03-06 11:15:00.0000",16.1,66.9,9.910277366638184,16.38821792602539,48.089176177978516
"2025-03-06 11:30:00.0000",16.81,64.35,9.839919090270996,15.935044288635254,30.726917266845703
"2025-03-06 11:45:00.0000",17.2,62.15,9.939069747924805,16.919740676879883,62.68056869506836
"2025-03-06 12:00:00.0000",17.2,62.55,8.786530494689941,15.108311653137207,46.608375549316406
"2025-03-06 12:15:00.0000",17.92,60.67,9.08129596710205,14.49842643737793,31.421730041503906
"2025-03-06 12:30:00.0000",19.28,56.92,8.18449592590332,14.069375991821289,43.3214111328125
"2025-03-06 12:45:00.0000",19.11,56.62,8.273268699645996,14.182908058166504,38.236698150634766
"2025-03-06 13:00:00.0000",19.16,56.18,7.767615795135498,12.895148277282715,32.62395477294922
"2025-03-06 13:15:00.0000",19.23,55.78,6.579124450683594,11.243477821350098,23.900279998779297
"2025-03-06 13:30:00.0000",19.54,54.32,6.327334403991699,11.668130874633789,31.724037170410156
"2025-03-06 13:45:00.0000",18.41,56.35,6.50183629989624,11.556596755981445,25.5532169342041
"2025-03-06 14:00:00.0000",19.84,53.03,6.309720516204834,10.47281551361084,26.234210968017578
"2025-03-06 14:15:00.0000",20.96,48.81,6.502478122711182,11.270201683044434,30.862083435058594
"2025-03-06 14:30:00.0000",20.32,49.61,6.042126178741455,11.100667953491211,35.931148529052734
"2025-03-06 14:45:00.0000",21.45,46.78,5.737687587738037,10.396056175231934,27.880586624145508
"2025-03-06 15:00:00.0000",20.23,47.53,5.3852105140686035,9.413334846496582,21.11890983581543
"2025-03-06 15:15:00.0000",21.28,45.82,5.120635509490967,9.962183952331543,28.285572052001953
"2025-03-06 15:30:00.0000",20.74,45.25,4.50067138671875,8.176218032836914,18.61440658569336
"2025-03-06 15:45:00.0000",20.71,44.99,4.5482378005981445,8.752558708190918,38.76708984375
"2025-03-06 16:00:00.0000",19.51,46.81,4.905827045440674,8.404335021972656,23.415348052978516
"2025-03-06 16:15:00.0000",18.31,50.31,5.114505767822266,9.44904613494873,33.2515754699707
"2025-03-06 16:30:00.0000",17.29,54.07,4.582942008972168,8.939066886901855,23.72755241394043
"2025-03-06 16:45:00.0000",16.6,57.08,4.6822919845581055,9.494359970092773,38.88818359375
"2025-03-06 17:00:00.0000",15.97,60.87,5.076634407043457,10.966428756713867,21.70614242553711
"2025-03-06 17:15:00.0000",15.4,64.84,5.3860626220703125,11.79244613647461,32.38596725463867
"2025-03-06 17:30:00.0000",15.16,67.93,5.541792869567871,10.644309043884277,31.616191864013672
"2025-03-06 17:45:00.0000",14.44,76.46,6.191784858703613,12.778538703918457,31.638484954833984
"2025-03-06 18:00:00.0000",14.12,79.34,5.18452262878418,11.919217109680176,43.5329704284668
"2025-03-06 18:15:00.0000",14.13,79.94,5.607811450958252,14.733443260192871,46.53216552734375
"2025-03-06 18:30:00.0000",14.1,80.36,6.440162181854248,16.324386596679688,49.26115798950195
"2025-03-06 18:45:00.0000",13.93,81.43,7.35758638381958,19.07318115234375,78.67205810546875
"2025-03-06 19:00:00.0000",13.76,82.49,7.094913482666016,18.04717445373535,68.34140014648438
"2025-03-06 19:15:00.0000",13.18,85.3,6.463315486907959,15.150623321533203,34.5074577331543
"2025-03-06 19:30:00.0000",13.08,87.02,5.828702926635742,12.3560209274292,24.215980529785156
"2025-03-06 19:45:00.0000",12.98,89.17,5.906650543212891,14.677900314331055,36.50852584838867
"2025-03-06 20:00:00.0000",12.79,91.33,5.531952381134033,12.933095932006836,25.59209442138672
"2025-03-06 20:15:00.0000",13.02,91.46,5.594930171966553,13.49968147277832,27.100448608398438
"2025-03-06 20:30:00.0000",12.79,92.62,5.4709248542785645,12.57739543914795,30.559703826904297
"2025-03-06 20:45:00.0000",12.7,93.49,5.31524658203125,13.37041187286377,38.18494415283203
"2025-03-06 21:00:00.0000",12.85,93.06,5.590672492980957,14.415224075317383,40.04349136352539
"2025-03-06 21:15:00.0000",12.83,93.32,5.091821193695068,13.062418937683105,24.718219757080078
"2025-03-06 21:30:00.0000",12.73,95.09,4.9860005378723145,12.250280380249023,29.30548095703125
"2025-03-06 21:45:00.0000",12.4,97.99,5.25276517868042,15.42778205871582,36.507965087890625
"2025-03-06 22:00:00.0000",12.02,99.09,5.515501022338867,14.571083068847656,35.286075592041016
"2025-03-06 22:15:00.0000",11.97,99.81,6.086702346801758,14.9235200881958,32.536842346191406
"2025-03-06 22:30:00.0000",11.86,100,5.7499918937683105,13.71223258972168,28.814279556274414
"2025-03-06 22:45:00.0000",11.81,100,6.350565433502197,14.49927043914795,31.084877014160156
"2025-03-06 23:00:00.0000",11.69,100,5.828189373016357,13.529163360595703,30.579811096191406
"2025-03-06 23:15:00.0000",11.65,100,5.682779788970947,13.661094665527344,23.85319709777832
"2025-03-06 23:30:00.0000",11.65,100,5.877336502075195,13.500926971435547,32.076904296875
"2025-03-06 23:45:00.0000",11.63,100,5.734780311584473,12.395525932312012,22.995393753051758
"2025-03-07 00:00:00.0000",11.53,100,6.44782829284668,14.298206329345703,23.612083435058594
"2025-03-07 00:15:00.0000",11.47,100,6.49240779876709,14.639140129089355,26.404993057250977
"2025-03-07 00:30:00.0000",11.46,100,6.842767715454102,15.113391876220703,23.579391479492188
"2025-03-07 00:45:00.0000",11.47,100,6.662074565887451,13.476370811462402,22.986501693725586
"2025-03-07 01:00:00.0000",11.41,100,6.213761806488037,13.284781455993652,25.35884666442871
"2025-03-07 01:15:00.0000",11.4,100,6.395295143127441,14.632652282714844,30.304092407226562
"2025-03-07 01:30:00.0000",11.37,100,6.44004487991333,13.251325607299805,26.110334396362305
"2025-03-07 01:45:00.0000",11.3,100,6.418557167053223,13.197188377380371,24.398889541625977
"2025-03-07 02:00:00.0000",11.29,100,6.775420188903809,14.302467346191406,28.18720245361328
"2025-03-07 02:15:00.0000",11.32,100,6.443995475769043,12.131227493286133,17.85213851928711
"2025-03-07 02:30:00.0000",11.34,100,6.331545829772949,12.791659355163574,21.84920310974121
"2025-03-07 02:45:00.0000",11.25,100,5.9717841148376465,12.156907081604004,19.855009078979492
"2025-03-07 03:00:00.0000",11.32,100,5.797240734100342,12.874226570129395,26.01934051513672
"2025-03-07 03:15:00.0000",11.34,100,5.971238613128662,11.655838012695312,21.498641967773438
"2025-03-07 03:30:00.0000",11.35,100,5.904908180236816,12.090954780578613,23.710739135742188
"2025-03-07 03:45:00.0000",11.35,100,5.6536455154418945,11.356173515319824,19.540395736694336
"2025-03-07 04:00:00.0000",11.41,100,5.792849540710449,10.45419979095459,17.666826248168945
"2025-03-07 04:15:00.0000",11.48,100,5.632722854614258,10.920503616333008,19.07678985595703
"2025-03-07 04:30:00.0000",11.52,100,5.564754962921143,10.271748542785645,15.156196594238281
"2025-03-07 04:45:00.0000",11.5,100,5.8767852783203125,10.680713653564453,19.67458724975586
"2025-03-07 05:00:00.0000",11.5,100,6.134106159210205,11.076197624206543,15.950117111206055
"2025-03-07 05:15:00.0000",11.44,100,6.396365642547607,12.276460647583008,19.463844299316406
"2025-03-07 05:30:00.0000",11.35,100,7.094174861907959,12.769280433654785,21.082929611206055
"2025-03-07 05:45:00.0000",11.26,100,7.790646076202393,14.63138484954834,23.925987243652344
"2025-03-07 06:00:00.0000",11.16,100,7.456902027130127,13.224303245544434,20.219043731689453
"2025-03-07 06:15:00.0000",11.07,100,7.87097692489624,13.599119186401367,18.58672332763672
"2025-03-07 06:30:00.0000",10.98,100,10.340760231018066,18.261960983276367,32.78795623779297
"2025-03-07 06:45:00.0000",10.91,100,11.268288612365723,19.86411476135254,33.850059509277344
"2025-03-07 07:00:00.0000",10.84,100,11.335997581481934,19.78386878967285,39.55815505981445
"2025-03-07 07:15:00.0000",10.8,100,12.42784309387207,20.843685150146484,30.226205825805664
"2025-03-07 07:30:00.0000",10.78,100,12.66901969909668,21.872779846191406,34.909912109375
"2025-03-07 07:45:00.0000",10.75,100,13.322010040283203,24.206090927124023,41.095306396484375
"2025-03-07 08:00:00.0000",10.79,100,13.358065605163574,24.579792022705078,43.63431930541992
"2025-03-07 08:15:00.0000",10.87,100,12.801103591918945,25.449491500854492,40.291282653808594
"2025-03-07 08:30:00.0000",10.92,100,12.914652824401855,25.433143615722656,41.93375015258789
"2025-03-07 08:45:00.0000",10.95,100,11.567024230957031,25.27079963684082,51.411651611328125
"2025-03-07 09:00:00.0000",10.99,100,10.710887908935547,21.775043487548828,46.85682678222656
"2025-03-07 09:15:00.0000",10.99,100,10.145326614379883,22.694496154785156,39.33408737182617
"2025-03-07 09:30:00.0000",11.14,100,8.271374702453613,19.77610969543457,42.14395523071289
"2025-03-07 09:45:00.0000",11.56,100,7.385135173797607,18.621103286743164,34.41923522949219
"2025-03-07 10:00:00.0000",12.19,100,6.335934162139893,16.39852523803711,35.57215881347656
"2025-03-07 10:15:00.0000",12.45,100,6.487945556640625,16.768863677978516,35.435691833496094
"2025-03-07 10:30:00.0000",12.64,100,6.271969795227051,16.467031478881836,31.484525680541992
"2025-03-07 10:45:00.0000",13.02,100,5.544743061065674,14.315006256103516,30.982179641723633
"2025-03-07 11:00:00.0000",13.39,100,5.119503021240234,12.567103385925293,28.630146026611328
"2025-03-07 11:15:00.0000",13.69,100,5.184942245483398,13.288823127746582,25.80959129333496
"2025-03-07 11:30:00.0000",14.32,99.8,4.885780334472656,14.60956859588623,28.49397850036621
"2025-03-07 11:45:00.0000",14.41,98.24,4.678618907928467,13.843267440795898,42.40635299682617
"2025-03-07 12:00:00.0000",14.58,97.17,4.105217456817627,10.753573417663574,25.916122436523438
"2025-03-07 12:15:00.0000",14.65,96.05,3.865546703338623,11.552810668945312,31.811447143554688
"2025-03-07 12:30:00.0000",15.13,93.69,3.4023818969726562,11.005602836608887,28.59130859375
"2025-03-07 12:45:00.0000",15.44,90.61,3.061768054962158,10.330432891845703,32.04493713378906
"2025-03-07 13:00:00.0000",15.25,89.04,3.2224764823913574,11.44809341430664,32.697471618652344
"2025-03-07 13:15:00.0000",15.16,88.96,4.113325119018555,13.961188316345215,39.82899475097656
"2025-03-07 13:30:00.0000",14.91,90.12,3.8638083934783936,14.448762893676758,36.31011962890625
"2025-03-07 13:45:00.0000",14.83,90.42,4.203347206115723,14.928455352783203,40.94359588623047
"2025-03-07 14:00:00.0000",14.77,90.57,4.037330150604248,12.418451309204102,26.803897857666016
"2025-03-07 14:15:00.0000",15.01,89.49,4.295938491821289,16.5318546295166,78.08271789550781
"2025-03-07 14:30:00.0000",15.32,88.73,3.5957913398742676,12.553051948547363,38.08041000366211
"2025-03-07 14:45:00.0000",15.41,86.95,3.9056100845336914,11.83892822265625,40.819061279296875
"2025-03-07 15:00:00.0000",15.57,85.92,3.5500004291534424,12.281113624572754,37.11640930175781
"2025-03-07 15:15:00.0000",16.41,83.26,3.745309352874756,10.994085311889648,27.23794937133789
"2025-03-07 15:30:00.0000",16.31,83.14,3.965522289276123,13.170528411865234,39.053340911865234
"2025-03-07 15:45:00.0000",16.36,83.41,3.3954057693481445,9.758553504943848,25.811382293701172
"2025-03-07 16:00:00.0000",16.56,82.79,3.835211992263794,10.760269165039062,25.727693557739258
"2025-03-07 16:15:00.0000",16.38,83.22,3.7999250888824463,12.894896507263184,36.59980010986328
"2025-03-07 16:30:00.0000",16,84.96,3.7875258922576904,10.897871017456055,28.203916549682617
"2025-03-07 16:45:00.0000",15.95,85.76,4.127380847930908,11.606302261352539,35.42686462402344
"2025-03-07 17:00:00.0000",15.71,87.28,4.3430681228637695,12.21994686126709,25.76802635192871
"2025-03-07 17:15:00.0000",15.34,89.47,4.326767921447754,11.30914306640625,38.04208755493164
"2025-03-07 17:30:00.0000",15.25,90.37,4.553479194641113,12.240762710571289,39.14669418334961
"2025-03-07 17:45:00.0000",15.15,91.44,4.848392486572266,13.051098823547363,36.77668762207031
"2025-03-07 18:00:00.0000",15.01,92.12,5.4534125328063965,14.787145614624023,41.377010345458984
"2025-03-07 18:15:00.0000",14.95,92.51,5.051535606384277,14.331850051879883,51.38209533691406
"2025-03-07 18:30:00.0000",14.96,92.86,4.106508731842041,12.507063865661621,36.840641021728516
"2025-03-07 18:45:00.0000",15.09,91.5,4.00934362411499,11.087121963500977,32.63889694213867
"2025-03-07 19:00:00.0000",15.1,91.12,4.216595649719238,11.60772705078125,25.99412727355957
"2025-03-07 19:15:00.0000",15.17,91.19,4.157968044281006,12.315196990966797,35.18397521972656
"2025-03-07 19:30:00.0000",15.07,92.07,3.982113838195801,10.63723373413086,24.841672897338867
"2025-03-07 19:45:00.0000",14.98,92.06,4.095326900482178,11.753369331359863,30.9631404876709
"2025-03-07 20:00:00.0000",14.81,92.9,4.071538925170898,9.874216079711914,22.35320281982422
"2025-03-07 20:15:00.0000",14.64,93.56,4.110331058502197,10.466340065002441,17.734386444091797
"2025-03-07 20:30:00.0000",14.56,93.62,4.038858413696289,10.832448959350586,25.363298416137695
"2025-03-07 20:45:00.0000",14.43,94.21,4.067378997802734,9.521827697753906,22.010801315307617
"2025-03-07 21:00:00.0000",14.24,94.69,4.817156791687012,11.364041328430176,23.837574005126953
"2025-03-07 21:15:00.0000",14,95.01,4.448525905609131,9.987982749938965,25.082490921020508
"2025-03-07 21:30:00.0000",13.74,95.41,4.321624755859375,10.104080200195312,21.801000595092773
"2025-03-07 21:45:00.0000",13.49,95.83,4.366835594177246,11.1387357711792,24.999174118041992
"2025-03-07 22:00:00.0000",13.3,96.34,4.341929912567139,10.034424781799316,21.493961334228516
"2025-03-07 22:15:00.0000",13.24,96.64,4.594454765319824,9.586490631103516,16.00530242919922
"2025-03-07 22:30:00.0000",13.17,97.05,4.7696685791015625,10.273747444152832,21.271381378173828
"2025-03-07 22:45:00.0000",13.17,96.95,4.730278968811035,10.750020027160645,26.759836196899414
"2025-03-07 23:00:00.0000",13.15,97.41,4.838656902313232,11.257165908813477,26.19312286376953
"2025-03-07 23:15:00.0000",13.19,97.43,5.0036139488220215,11.170366287231445,25.519622802734375
"2025-03-07 23:30:00.0000",13.28,97.18,4.754851341247559,9.067093849182129,17.06871795654297
"2025-03-07 23:45:00.0000",13.26,97.04,5.267247676849365,11.114418983459473,18.38185691833496
"2025-03-08 00:00:00.0000",13.25,96.98,5.525360584259033,10.084525108337402,17.822189331054688
"2025-03-08 00:15:00.0000",13.08,97.72,5.673497200012207,11.865966796875,34.83250427246094
"2025-03-08 00:30:00.0000",12.94,98.3,5.648836135864258,11.193434715270996,26.305644989013672
"2025-03-08 00:45:00.0000",12.77,98.73,5.868032932281494,12.4088716506958,25.954843521118164
"2025-03-08 01:00:00.0000",12.76,98.82,5.933297634124756,13.609313011169434,29.33860206604004
"2025-03-08 01:15:00.0000",12.75,98.49,5.862802982330322,12.240647315979004,29.249910354614258
"2025-03-08 01:30:00.0000",12.78,97.69,6.086438179016113,12.899982452392578,27.160463333129883
"2025-03-08 01:45:00.0000",12.75,97.44,6.145880222320557,13.076440811157227,23.5718994140625
"2025-03-08 02:00:00.0000",12.75,97.2,5.962090969085693,11.825361251831055,25.10153579711914
"2025-03-08 02:15:00.0000",12.75,96.77,5.961862087249756,12.057815551757812,19.202728271484375
"2025-03-08 02:30:00.0000",12.69,96.42,5.779855728149414,11.508715629577637,28.197998046875
"2025-03-08 02:45:00.0000",12.66,96.44,6.20541524887085,11.886225700378418,19.425447463989258
"2025-03-08 03:00:00.0000",12.47,97.65,6.269745826721191,12.984149932861328,33.58699417114258
"2025-03-08 03:15:00.0000",12.21,98.49,6.554396629333496,13.48083782196045,26.88697052001953
"2025-03-08 03:30:00.0000",11.97,99.33,6.585333347320557,12.688505172729492,22.426410675048828
"2025-03-08 03:45:00.0000",11.83,99.34,6.693035125732422,13.012816429138184,27.51954460144043
"2025-03-08 04:00:00.0000",11.68,99.48,6.775102615356445,12.399330139160156,27.812070846557617
"2025-03-08 04:15:00.0000",11.6,99.38,6.840864181518555,13.002115249633789,20.66377067565918
"2025-03-08 04:30:00.0000",11.54,99.48,7.093478202819824,12.570745468139648,19.496212005615234
"2025-03-08 04:45:00.0000",11.5,99.55,7.032602787017822,13.996818542480469,26.047157287597656
"2025-03-08 05:00:00.0000",11.64,98.66,7.502621650695801,13.466044425964355,25.975584030151367
"2025-03-08 05:15:00.0000",11.48,99.07,7.841567039489746,13.32013988494873,24.46211814880371
"2025-03-08 05:30:00.0000",11.31,99.51,8.141358375549316,13.640176773071289,28.375097274780273
"2025-03-08 05:45:00.0000",11.21,99.93,8.566597938537598,15.93256664276123,28.816267013549805
"2025-03-08 06:00:00.0000",11.32,99.16,10.799503326416016,18.817617416381836,44.191627502441406
"2025-03-08 06:15:00.0000",11.21,99.39,9.254268646240234,15.760334968566895,29.061880111694336
"2025-03-08 06:30:00.0000",11.22,98.98,9.57121753692627,15.746172904968262,26.264137268066406
"2025-03-08 06:45:00.0000",11.19,98.8,9.594120025634766,15.274737358093262,23.758377075195312
"2025-03-08 07:00:00.0000",11.17,98.8,9.776972770690918,16.847572326660156,35.554649353027344
"2025-03-08 07:15:00.0000",11.14,98.56,9.666675567626953,16.457307815551758,34.77238082885742
"2025-03-08 07:30:00.0000",11.16,98.24,9.100045204162598,15.74141788482666,28.94725799560547
"2025-03-08 07:45:00.0000",11.27,97.25,8.820727348327637,15.397811889648438,36.93456268310547
"2025-03-08 08:00:00.0000",11.51,95.47,8.124999046325684,13.95528793334961,29.7149600982666
"2025-03-08 08:15:00.0000",11.72,93.77,8.134699821472168,14.70308780670166,35.3798828125
"2025-03-08 08:30:00.0000",11.99,92.97,8.474248886108398,15.317760467529297,30.443958282470703
"2025-03-08 08:45:00.0000",12.24,91.62,7.9362053871154785,14.453798294067383,34.041812896728516
"2025-03-08 09:00:00.0000",12.66,89.95,7.8382487297058105,15.128893852233887,38.69683837890625
"2025-03-08 09:15:00.0000",12.85,88.96,7.218177318572998,13.788877487182617,35.68033218383789
"2025-03-08 09:30:00.0000",13.05,87.9,6.908059120178223,12.084460258483887,18.25896644592285
"2025-03-08 09:45:00.0000",13.19,87.23,6.61911153793335,12.648036003112793,47.42711639404297
"2025-03-08 10:00:00.0000",13.66,86.08,6.497918128967285,12.990964889526367,23.530242919921875
"2025-03-08 10:15:00.0000",14.3,84.02,5.387467861175537,11.125890731811523,26.919286727905273
"2025-03-08 10:30:00.0000",15.03,80.48,3.926142692565918,8.5535249710083,27.86199951171875
"2025-03-08 10:45:00.0000",17.76,68.03,3.6348557472229004,8.894105911254883,31.786087036132812
"2025-03-08 11:00:00.0000",19.55,59.75,2.3664093017578125,5.7884016036987305,13.776923179626465
"2025-03-08 11:15:00.0000",19.99,52.44,2.4589505195617676,6.031730651855469,26.08981704711914
"2025-03-08 11:30:00.0000",19.48,52.82,2.33038330078125,6.3236985206604,25.49993133544922
"2025-03-08 11:45:00.0000",19.79,51.48,2.2509303092956543,5.553069114685059,23.178260803222656
"2025-03-08 12:00:00.0000",20.08,50.71,2.084758996963501,4.316129207611084,9.405298233032227
"2025-03-08 12:15:00.0000",19.52,49.87,2.107362747192383,5.190033435821533,17.083297729492188
"2025-03-08 12:30:00.0000",19.82,49.32,2.006880521774292,5.527644634246826,19.282691955566406
"2025-03-08 12:45:00.0000",20.95,45.02,2.3456666469573975,5.857170581817627,15.902932167053223
"2025-03-08 13:00:00.0000",20.9,43.46,2.0313379764556885,4.925225734710693,12.253138542175293
"2025-03-08 13:15:00.0000",20.81,42.99,2.388336420059204,6.5993733406066895,20.668838500976562
"2025-03-08 13:30:00.0000",20.98,43.58,2.473690986633301,4.8424153327941895,24.064697265625
"2025-03-08 13:45:00.0000",20.15,45.63,2.534508228302002,4.865556716918945,8.610539436340332
"2025-03-08 14:00:00.0000",20.64,44.93,2.727433204650879,6.08206033706665,23.285564422607422
"2025-03-08 14:15:00.0000",20.99,44.53,2.6466219425201416,5.363501071929932,11.09432601928711
"2025-03-08 14:30:00.0000",21.55,42.74,2.413085699081421,4.780941009521484,14.788309097290039
"2025-03-08 14:45:00.0000",21.1,43.04,3.123180866241455,5.7850236892700195,12.711715698242188
"2025-03-08 15:00:00.0000",20.06,45.75,3.5558784008026123,6.374139308929443,18.304338455200195
"2025-03-08 15:15:00.0000",19.59,48.09,3.6450273990631104,6.459582328796387,13.256080627441406
"2025-03-08 15:30:00.0000",19.1,50.16,4.110190391540527,7.609748840332031,21.59054183959961
"2025-03-08 15:45:00.0000",19.07,51.22,4.461541652679443,7.433508396148682,17.872289657592773
"2025-03-08 16:00:00.0000",18.99,52.35,5.10682487487793,8.794502258300781,24.409557342529297
"2025-03-08 16:15:00.0000",18.73,54.27,5.166608810424805,8.979463577270508,22.177345275878906
"2025-03-08 16:30:00.0000",18.52,55.6,5.568417549133301,9.792854309082031,21.536897659301758
"2025-03-08 16:45:00.0000",18.29,56.8,5.395061016082764,8.846089363098145,19.54853630065918
"2025-03-08 17:00:00.0000",17.95,57.9,5.895587921142578,9.312233924865723,22.441219329833984
"2025-03-08 17:15:00.0000",17.8,58.84,6.3382415771484375,10.294106483459473,35.65073776245117
"2025-03-08 17:30:00.0000",17.52,60.72,7.101939678192139,11.755202293395996,27.61530113220215
"2025-03-08 17:45:00.0000",17.19,62.52,7.227773189544678,11.470906257629395,32.28477096557617
"2025-03-08 18:00:00.0000",16.88,63.66,8.171136856079102,13.39078426361084,27.386682510375977
"2025-03-08 18:15:00.0000",16.52,65.48,9.403512001037598,15.077920913696289,41.21009826660156
"2025-03-08 18:30:00.0000",16.25,67.02,9.180814743041992,14.550190925598145,26.88536834716797
"2025-03-08 18:45:00.0000",15.96,67.9,8.591041564941406,14.573341369628906,39.54800796508789
"2025-03-08 19:00:00.0000",15.76,68.45,8.013864517211914,12.748136520385742,26.20435333251953
"2025-03-08 19:15:00.0000",15.6,68.8,7.089420318603516,11.579708099365234,19.540637969970703
"2025-03-08 19:30:00.0000",15.46,69.09,7.041454792022705,11.743556022644043,32.08412551879883
"2025-03-08 19:45:00.0000",15.24,69.52,6.440598011016846,10.871262550354004,20.87623405456543
"2025-03-08 20:00:00.0000",15,69.6,6.218019008636475,11.095708847045898,26.217105865478516
"2025-03-08 20:15:00.0000",14.89,70.03,6.0607099533081055,10.826229095458984,17.34255027770996
"2025-03-08 20:30:00.0000",14.77,70.37,7.478659629821777,12.710785865783691,27.618335723876953
"2025-03-08 20:45:00.0000",14.64,70.66,6.336963653564453,10.817646026611328,24.088623046875
"2025-03-08 21:00:00.0000",14.57,70.87,6.193831443786621,10.910395622253418,23.160694122314453
"2025-03-08 21:15:00.0000",14.37,71.68,5.73071813583374,10.106830596923828,17.746183395385742
"2025-03-08 21:30:00.0000",14.34,71.76,6.564598083496094,10.969486236572266,20.32526397705078
"2025-03-08 21:45:00.0000",14.05,72.86,5.335209846496582,8.395540237426758,18.19687843322754
"2025-03-08 22:00:00.0000",14,72.91,5.380730628967285,8.38766098022461,20.445959091186523
"2025-03-08 22:15:00.0000",13.89,73.44,4.548183917999268,7.455455780029297,11.191948890686035
"2025-03-08 22:30:00.0000",13.85,73.2,5.313811302185059,9.034003257751465,20.274673461914062
"2025-03-08 22:45:00.0000",13.81,73.94,4.978873252868652,8.01964282989502,17.403364181518555
"2025-03-08 23:00:00.0000",13.69,74.56,5.643721580505371,9.294923782348633,20.923194885253906
"2025-03-08 23:15:00.0000",13.36,76.04,5.369898319244385,8.968994140625,16.635051727294922
"2025-03-08 23:30:00.0000",12.94,77.68,5.236830234527588,8.464747428894043,14.706709861755371
"2025-03-08 23:45:00.0000",12.67,78.6,5.785910606384277,9.931870460510254,22.680309295654297
"2025-03-09 00:00:00.0000",12.5,79.37,6.042172431945801,10.277700424194336,17.888336181640625
"2025-03-09 00:15:00.0000",12.42,79.45,6.02121114730835,9.268327713012695,24.4310245513916
"2025-03-09 00:30:00.0000",12.53,79.15,6.815755844116211,9.91958999633789,24.864574432373047
"2025-03-09 00:45:00.0000",12.37,79.63,6.782635688781738,10.590972900390625,22.009538650512695
"2025-03-09 01:00:00.0000",12.12,80.37,8.994901657104492,13.375865936279297,28.000144958496094
"2025-03-09 01:15:00.0000",11.82,81.15,8.497234344482422,12.891334533691406,19.537158966064453
"2025-03-09 01:30:00.0000",11.71,81.06,9.02101993560791,13.243842124938965,26.09981918334961
"2025-03-09 01:45:00.0000",11.58,81.36,9.08012866973877,12.98328685760498,19.786052703857422
"2025-03-09 02:00:00.0000",11.41,81.71,9.031194686889648,13.418296813964844,29.33409881591797
"2025-03-09 02:15:00.0000",11.17,84.95,10.107316017150879,15.024142265319824,20.172651290893555
"2025-03-09 02:30:00.0000",10.97,85.12,10.300434112548828,14.536737442016602,27.29918670654297
"2025-03-09 02:45:00.0000",10.97,83.38,10.002679824829102,14.849309921264648,21.470172882080078
"2025-03-09 03:00:00.0000",10.97,82.95,11.077211380004883,16.06992530822754,35.54732131958008
"2025-03-09 03:15:00.0000",10.99,82.35,12.201801300048828,17.54622459411621,29.527435302734375
"2025-03-09 03:30:00.0000",10.91,82.14,11.615945816040039,15.95803451538086,20.598045349121094
"2025-03-09 03:45:00.0000",10.88,81.9,13.056575775146484,18.33041763305664,26.492345809936523
"2025-03-09 04:00:00.0000",10.82,81.98,13.117551803588867,19.30832862854004,32.68716812133789
"2025-03-09 04:15:00.0000",10.64,82.64,12.60311508178711,17.88828468322754,24.48465919494629
"2025-03-09 04:30:00.0000",10.39,83.73,12.333325386047363,17.4571475982666,27.58167266845703
"2025-03-09 04:45:00.0000",10.17,84.32,12.868077278137207,17.939659118652344,22.92389488220215
"2025-03-09 05:00:00.0000",10.11,84.36,13.517471313476562,19.715225219726562,28.74660301208496
"2025-03-09 05:15:00.0000",10.01,84.37,14.004566192626953,21.257333755493164,35.3593864440918
"2025-03-09 05:30:00.0000",9.96,84.2,14.529020309448242,20.76121711730957,25.62816047668457
"2025-03-09 05:45:00.0000",9.8,84.48,15.405431747436523,22.02920150756836,33.86412811279297
"2025-03-09 06:00:00.0000",9.76,84.29,15.490281105041504,22.180959701538086,29.454389572143555
"2025-03-09 06:15:00.0000",9.68,84.51,17.456893920898438,25.18366241455078,34.570648193359375
"2025-03-09 06:30:00.0000",9.77,83.85,19.268543243408203,27.461589813232422,38.36528015136719
"2025-03-09 06:45:00.0000",9.85,82.71,21.052078247070312,30.74873924255371,49.408843994140625
"2025-03-09 07:00:00.0000",9.82,83.04,19.747032165527344,29.162799835205078,39.7108154296875
"2025-03-09 07:15:00.0000",9.77,84.39,20.674823760986328,28.604936599731445,45.12284851074219
"2025-03-09 07:30:00.0000",9.74,83.99,20.835403442382812,28.92272186279297,37.11330032348633
"2025-03-09 07:45:00.0000",9.86,84.78,20.821521759033203,29.046781539916992,38.892642974853516
"2025-03-09 08:00:00.0000",10.24,80.55,20.191987991333008,28.104976654052734,39.3619499206543
"2025-03-09 08:15:00.0000",10.76,78.15,19.17206573486328,27.984342575073242,35.47289276123047
"2025-03-09 08:30:00.0000",11.25,76.52,18.285337448120117,25.73142433166504,33.53333282470703
"2025-03-09 08:45:00.0000",11.7,74.37,17.873889923095703,24.31955337524414,32.987789154052734
"2025-03-09 09:00:00.0000",12.19,72.89,17.991065979003906,24.53705596923828,33.893394470214844
"2025-03-09 09:15:00.0000",12.43,71.42,17.62851333618164,23.875551223754883,33.0688362121582
"2025-03-09 09:30:00.0000",12.98,70.23,16.6568546295166,22.818389892578125,29.580596923828125
"2025-03-09 09:45:00.0000",13.49,67.45,16.952484130859375,23.84038543701172,39.108642578125
"2025-03-09 10:00:00.0000",13.91,66.74,16.803234100341797,22.909196853637695,33.09088897705078
"2025-03-09 10:15:00.0000",14.49,64.76,16.0651912689209,22.844799041748047,30.924753189086914
"2025-03-09 10:30:00.0000",15.25,62.56,14.010598182678223,19.617774963378906,32.41362380981445
"2025-03-09 10:45:00.0000",17.69,55.4,13.228150367736816,18.090787887573242,26.220836639404297
"2025-03-09 11:00:00.0000",18.8,49.81,13.634628295898438,18.861562728881836,35.6190299987793
"2025-03-09 11:15:00.0000",19.45,47.02,14.140957832336426,19.80116844177246,37.75337219238281
"2025-03-09 11:30:00.0000",20.32,44.15,13.477147102355957,18.25037956237793,26.821243286132812
"2025-03-09 11:45:00.0000",20.13,44.19,13.213652610778809,18.14744758605957,28.076784133911133
"2025-03-09 12:00:00.0000",21.12,41.59,13.526814460754395,18.96465301513672,24.5701904296875
"2025-03-09 12:15:00.0000",21.29,41.82,13.677194595336914,19.214914321899414,31.322961807250977
"2025-03-09 12:30:00.0000",20.76,42.34,12.638761520385742,18.231916427612305,26.36609649658203
"2025-03-09 12:45:00.0000",21.08,42.24,14.579607963562012,19.848655700683594,26.885480880737305
"2025-03-09 13:00:00.0000",21.71,40.41,12.24417781829834,16.671438217163086,40.841468811035156
"2025-03-09 13:15:00.0000",22.71,38.52,10.279038429260254,14.276934623718262,26.418758392333984
"2025-03-09 13:30:00.0000",22.81,36.77,8.92674446105957,12.288029670715332,22.822860717773438
"2025-03-09 13:45:00.0000",22.69,34.69,7.970513820648193,11.436251640319824,16.168317794799805
"2025-03-09 14:00:00.0000",22.87,34.52,8.265599250793457,11.460514068603516,21.138341903686523
"2025-03-09 14:15:00.0000",23.22,33.92,7.03675651550293,9.888550758361816,15.238248825073242
"2025-03-09 14:30:00.0000",23.44,33.4,5.92067289352417,8.685598373413086,18.718250274658203
"2025-03-09 14:45:00.0000",21.71,35.44,6.569040775299072,9.187361717224121,16.140056610107422
"2025-03-09 15:00:00.0000",21.35,36.59,7.40769624710083,10.382607460021973,21.690847396850586
"2025-03-09 15:15:00.0000",22.21,35.53,7.381383419036865,10.430713653564453,31.533172607421875
"2025-03-09 15:30:00.0000",21.91,36.28,7.0213823318481445,10.424459457397461,16.215452194213867
"2025-03-09 15:45:00.0000",21.25,37.12,7.267663478851318,10.510587692260742,18.84055519104004
"2025-03-09 16:00:00.0000",21.02,38.07,7.964444637298584,11.079693794250488,25.010391235351562
"2025-03-09 16:15:00.0000",20.63,38.31,8.335403442382812,12.003568649291992,23.613828659057617
"2025-03-09 16:30:00.0000",20.15,39.9,9.693133354187012,14.439476013183594,20.507102966308594
"2025-03-09 16:45:00.0000",19.87,41.91,11.398516654968262,16.825782775878906,31.785709381103516
"2025-03-09 17:00:00.0000",19.26,46.1,12.272418022155762,17.256074905395508,24.81048011779785
"2025-03-09 17:15:00.0000",18.92,47.69,12.660216331481934,18.3347110748291,27.840614318847656
"2025-03-09 17:30:00.0000",18.66,49.51,13.09390640258789,18.786998748779297,23.664342880249023
"2025-03-09 17:45:00.0000",17.98,52.08,12.99434757232666,19.113330841064453,28.33205795288086
"2025-03-09 18:00:00.0000",17.4,54.68,14.602068901062012,21.30821418762207,31.584360122680664
"2025-03-09 18:15:00.0000",16.99,56.81,15.918461799621582,23.788782119750977,33.38794708251953
"2025-03-09 18:30:00.0000",16.66,58.33,16.57528305053711,25.136079788208008,37.55025100708008
"2025-03-09 18:45:00.0000",16.28,59.69,17.26406478881836,25.383625030517578,43.25401306152344
"2025-03-09 19:00:00.0000",15.96,61.26,17.038833618164062,24.590044021606445,32.19287109375
"2025-03-09 19:15:00.0000",15.62,62.8,18.00775909423828,25.756011962890625,39.486289978027344
"2025-03-09 19:30:00.0000",15.3,64.68,18.00994873046875,25.816707611083984,31.893495559692383
"2025-03-09 19:45:00.0000",15.09,65.92,21.69782066345215,30.428356170654297,39.39339065551758
"2025-03-09 20:00:00.0000",14.86,67.5,19.458288192749023,27.491498947143555,35.1051139831543
"2025-03-09 20:15:00.0000",14.65,68.93,19.430978775024414,27.82695960998535,34.91178512573242
"2025-03-09 20:30:00.0000",14.44,69.97,19.0625057220459,26.273191452026367,40.61954879760742
"2025-03-09 20:45:00.0000",14.26,70.25,19.384492874145508,26.7718563079834,43.401084899902344
"2025-03-09 21:00:00.0000",14.05,70.43,19.961530685424805,27.913026809692383,42.21953582763672
"2025-03-09 21:15:00.0000",13.84,70.71,19.64301109313965,27.949411392211914,39.707237243652344
"2025-03-09 21:30:00.0000",13.68,70.51,20.30624771118164,27.53676986694336,36.9822998046875
"2025-03-09 21:45:00.0000",13.48,70.83,21.13753890991211,29.385358810424805,33.98061752319336
"2025-03-09 22:00:00.0000",13.23,71.2,20.556543350219727,28.797348022460938,33.613094329833984
"2025-03-09 22:15:00.0000",12.91,71.7,20.115070343017578,27.600439071655273,39.54706954956055
"2025-03-09 22:30:00.0000",12.76,72.09,21.509328842163086,30.913110733032227,38.02886962890625
"2025-03-09 22:45:00.0000",12.42,72.09,20.132354736328125,27.249141693115234,31.530914306640625
"2025-03-09 23:00:00.0000",12.27,72.02,20.248075485229492,27.566118240356445,36.81257629394531
"2025-03-09 23:15:00.0000",12.09,72.54,20.98387336730957,29.075654983520508,42.560089111328125
"2025-03-09 23:30:00.0000",11.84,73.62,21.60303497314453,29.66170310974121,50.20669174194336
"2025-03-09 23:45:00.0000",11.53,74.68,20.372974395751953,27.748125076293945,30.652690887451172
"2025-03-10 00:00:00.0000",11.25,76.43,21.7138729095459,30.801773071289062,45.46351623535156
"2025-03-10 00:15:00.0000",10.97,77.01,21.889625549316406,30.65135955810547,39.399471282958984
"2025-03-10 00:30:00.0000",10.8,78.6,23.121997833251953,31.762910842895508,38.92043685913086
"2025-03-10 00:45:00.0000",10.61,79.01,21.45334243774414,29.55942153930664,34.909454345703125
"2025-03-10 01:00:00.0000",10.49,78.64,26.94577407836914,38.41120529174805,43.5129280090332
"2025-03-10 01:15:00.0000",10.25,82.52,24.84653663635254,35.687255859375,42.23167419433594
"2025-03-10 01:30:00.0000",9.94,84.51,26.209030151367188,37.51225280761719,46.78679275512695
"2025-03-10 01:45:00.0000",9.66,86.51,26.923707962036133,38.25415802001953,50.071895599365234
"2025-03-10 02:00:00.0000",9.45,86.46,23.75751495361328,32.477394104003906,35.23310852050781
"2025-03-10 02:15:00.0000",9.31,85.62,26.509231567382812,37.39921951293945,43.07888412475586
"2025-03-10 02:30:00.0000",9.23,85.36,28.156902313232422,40.54706954956055,54.98368835449219
"2025-03-10 02:45:00.0000",9.14,86.68,26.889673233032227,38.2644157409668,46.062660217285156
"2025-03-10 03:00:00.0000",9.1,86.85,27.403255462646484,39.06804275512695,44.275550842285156
"2025-03-10 03:15:00.0000",8.97,86.86,27.735509872436523,40.246490478515625,56.55291748046875
"2025-03-10 03:30:00.0000",8.82,86.12,27.238502502441406,38.87328338623047,43.532745361328125
"2025-03-10 03:45:00.0000",8.71,86.68,27.238492965698242,38.65485382080078,42.95119094848633
"2025-03-10 04:00:00.0000",8.66,88.34,26.420583724975586,37.78632354736328,43.262779235839844
"2025-03-10 04:15:00.0000",8.49,89.71,27.281679153442383,39.255409240722656,43.74713134765625
"2025-03-10 04:30:00.0000",8.43,91.07,28.817333221435547,41.217464447021484,50.33311080932617
"2025-03-10 04:45:00.0000",8.3,93.4,29.512788772583008,43.85902786254883,51.41093444824219
"2025-03-10 05:00:00.0000",8.23,92.76,31.292707443237305,45.77103805541992,60.45689392089844
"2025-03-10 05:15:00.0000",8.17,93.9,29.33973503112793,43.43009567260742,48.66585922241211
"2025-03-10 05:30:00.0000",8.14,93.82,29.237682342529297,41.683128356933594,45.12604904174805
"2025-03-10 05:45:00.0000",8.11,93.12,29.746231079101562,44.08171081542969,57.384246826171875
"2025-03-10 06:00:00.0000",8.07,92.16,29.241470336914062,43.67921447753906,60.15005874633789
"2025-03-10 06:15:00.0000",8.16,92.55,31.137615203857422,46.231964111328125,54.74882125854492
"2025-03-10 06:30:00.0000",8.1,93.8,31.319190979003906,45.60708236694336,59.849544525146484
"2025-03-10 06:45:00.0000",7.97,96.04,32.16240692138672,47.438106536865234,54.49667739868164
"2025-03-10 07:00:00.0000",7.91,95.36,32.05213928222656,47.38683319091797,61.8943977355957
"2025-03-10 07:15:00.0000",8.04,96.08,30.504058837890625,45.65294647216797,57.70525360107422
"2025-03-10 07:30:00.0000",8.09,96.15,29.330690383911133,42.61084747314453,54.96493148803711
"2025-03-10 07:45:00.0000",8.29,94.73,30.936901092529297,47.60530471801758,81.23859405517578
"2025-03-10 08:00:00.0000",8.53,93.76,28.72217559814453,41.837684631347656,55.664573669433594
"2025-03-10 08:15:00.0000",8.93,90.09,28.987342834472656,43.084442138671875,64.80046081542969
"2025-03-10 08:30:00.0000",9.45,88.27,24.28593635559082,35.252471923828125,53.813812255859375
"2025-03-10 08:45:00.0000",10.31,82.19,26.381221771240234,38.45182418823242,51.38676834106445
"2025-03-10 09:00:00.0000",10.82,82.72,23.580581665039062,33.6007194519043,61.080745697021484
"2025-03-10 09:15:00.0000",11.44,78.21,24.258333206176758,35.866519927978516,54.65739440917969
"2025-03-10 09:30:00.0000",12.13,75.07,23.882741928100586,34.65626525878906,49.28615188598633
"2025-03-10 09:45:00.0000",11.51,75.75,23.994348526000977,35.6195068359375,54.044368743896484
"2025-03-10 10:00:00.0000",11.7,74.96,23.726133346557617,37.28239059448242,79.8823471069336
"2025-03-10 10:15:00.0000",12.24,72.5,16.471084594726562,23.786556243896484,47.48618698120117
"2025-03-10 10:30:00.0000",13.7,59.82,15.24006462097168,21.806615829467773,37.14791488647461
"2025-03-10 10:45:00.0000",16.71,51.12,19.988222122192383,29.187458038330078,54.112674713134766
"2025-03-10 11:00:00.0000",17.98,51.89,20.994184494018555,31.64670753479004,52.80477523803711
"2025-03-10 11:15:00.0000",17.59,52.85,19.0495548248291,26.953750610351562,44.03526306152344
"2025-03-10 11:30:00.0000",17.07,53.08,18.175411224365234,27.312917709350586,52.41969680786133
"2025-03-10 11:45:00.0000",16.98,53.77,18.019718170166016,27.474266052246094,52.85500717163086
"2025-03-10 12:00:00.0000",19.17,49.59,16.88641357421875,25.280458450317383,51.548309326171875
"2025-03-10 12:15:00.0000",21.63,42.99,16.57623291015625,25.507381439208984,45.859100341796875
"2025-03-10 12:30:00.0000",22.46,40.17,15.381828308105469,21.543943405151367,52.78926467895508
"2025-03-10 12:45:00.0000",23.35,37.25,14.307220458984375,18.7883358001709,30.699172973632812
"2025-03-10 13:00:00.0000",23.13,35.8,14.077195167541504,19.206331253051758,30.544734954833984
"2025-03-10 13:15:00.0000",21.82,38.69,15.169703483581543,20.601409912109375,29.604324340820312
"2025-03-10 13:30:00.0000",21.19,41.2,13.847333908081055,18.877975463867188,33.32011413574219
"2025-03-10 13:45:00.0000",19.86,45.29,15.155146598815918,21.02037811279297,32.026031494140625
"2025-03-10 14:00:00.0000",17.54,52.64,16.239591598510742,22.550437927246094,37.6920166015625
"2025-03-10 14:15:00.0000",17.33,52.68,17.261240005493164,24.378469467163086,36.354923248291016
"2025-03-10 14:30:00.0000",16.55,57.65,21.074234008789062,30.42068099975586,45.68036651611328
"2025-03-10 14:45:00.0000",15.34,62.98,23.612865447998047,33.182273864746094,50.82124710083008
"2025-03-10 15:00:00.0000",15.05,64.86,22.93042755126953,32.400875091552734,51.992252349853516
"2025-03-10 15:15:00.0000",15.88,62.91,22.591577529907227,32.212440490722656,56.8211784362793
"2025-03-10 15:30:00.0000",14.91,64.49,25.898107528686523,38.82658004760742,51.52245330810547
"2025-03-10 15:45:00.0000",14.42,66.98,25.332077026367188,38.177303314208984,59.92850112915039
"2025-03-10 16:00:00.0000",13.13,70.69,23.34212303161621,35.704978942871094,51.1580810546875
"2025-03-10 16:15:00.0000",13.44,70.61,15.528862953186035,26.489364624023438,39.30657958984375
"2025-03-10 16:30:00.0000",12.62,73.51,14.321560859680176,26.235013961791992,45.18163299560547
"2025-03-10 16:45:00.0000",12.11,76.29,13.303025245666504,24.276222229003906,45.1951904296875
"2025-03-10 17:00:00.0000",11.42,79.02,12.247241020202637,23.65650177001953,38.766624450683594
"2025-03-10 17:15:00.0000",11.04,80.81,10.852014541625977,20.685073852539062,30.374937057495117
"2025-03-10 17:30:00.0000",10.9,81.22,11.252168655395508,22.240049362182617,41.29454040527344
"2025-03-10 17:45:00.0000",10.49,82.69,11.0057373046875,23.11491584777832,40.50923156738281
"2025-03-10 18:00:00.0000",10.23,83.3,10.604569435119629,22.193212509155273,31.244449615478516
"2025-03-10 18:15:00.0000",9.87,83.98,10.803319931030273,22.059980392456055,44.04452896118164
"2025-03-10 18:30:00.0000",9.85,84.26,9.984930992126465,21.18451499938965,34.89170455932617
"2025-03-10 18:45:00.0000",9.83,84.79,9.014545440673828,20.287696838378906,36.153602600097656
"2025-03-10 19:00:00.0000",9.84,85.22,8.036031723022461,18.384227752685547,31.56441307067871
"2025-03-10 19:15:00.0000",9.59,85.61,6.750802993774414,17.460729598999023,26.924882888793945
"2025-03-10 19:30:00.0000",9.4,86.08,6.778481483459473,17.247575759887695,28.943775177001953
"2025-03-10 19:45:00.0000",9.11,87.27,5.9123215675354,18.20680809020996,37.75061798095703
"2025-03-10 20:00:00.0000",9.21,86.23,5.495606899261475,17.016216278076172,38.75213623046875
"2025-03-10 20:15:00.0000",8.94,85.97,4.949810028076172,16.90827751159668,40.72684860229492
"2025-03-10 20:30:00.0000",8.84,86.64,3.8736631870269775,13.588046073913574,24.849496841430664
"2025-03-10 20:45:00.0000",8.49,86.04,3.776486396789551,15.5215482711792,44.72608184814453
"2025-03-10 21:00:00.0000",8.16,86.52,3.3001840114593506,14.481416702270508,35.03093338012695
"2025-03-10 21:15:00.0000",7.89,87.29,2.9299399852752686,12.700315475463867,38.794403076171875
"2025-03-10 21:30:00.0000",7.7,86.65,3.3317244052886963,13.518543243408203,32.40403747558594
"2025-03-10 21:45:00.0000",7.59,86.05,2.90373158454895,12.810627937316895,36.65232849121094
"2025-03-10 22:00:00.0000",7.5,85.57,2.9008195400238037,12.962984085083008,33.97993850708008
"2025-03-10 22:15:00.0000",7.38,85.29,2.575861692428589,10.61475944519043,20.52469825744629
"2025-03-10 22:30:00.0000",7.3,83.79,2.402231454849243,10.593191146850586,26.791044235229492
"2025-03-10 22:45:00.0000",7.15,82.85,2.835371255874634,11.899812698364258,35.478919982910156
"2025-03-10 23:00:00.0000",7.07,82.24,2.411795139312744,11.026714324951172,27.279891967773438
"2025-03-10 23:15:00.0000",6.9,81.35,2.9878294467926025,14.42086124420166,37.40262985229492
"2025-03-10 23:30:00.0000",6.96,81.03,2.64867901802063,11.435705184936523,34.43659591674805
"2025-03-10 23:45:00.0000",6.87,82.1,2.9167964458465576,13.399396896362305,32.90178680419922
"2025-03-11 00:00:00.0000",6.69,83.23,3.0555684566497803,13.53247356414795,35.68902587890625
"2025-03-11 00:15:00.0000",6.48,85.4,3.1635994911193848,13.712695121765137,31.274662017822266
"2025-03-11 00:30:00.0000",6.4,86.68,2.9583938121795654,14.876869201660156,43.6207275390625
"2025-03-11 00:45:00.0000",6.37,87.03,2.6758828163146973,12.724472999572754,25.760786056518555
"2025-03-11 01:00:00.0000",6.31,86.75,3.1703715324401855,15.63119125366211,35.057464599609375
"2025-03-11 01:15:00.0000",6.14,88.03,3.0479819774627686,15.34469985961914,43.60414123535156
"2025-03-11 01:30:00.0000",6.12,87.82,2.914017677307129,14.638099670410156,46.37021255493164
"2025-03-11 01:45:00.0000",6.14,87.58,2.663217544555664,12.518305778503418,28.15443992614746
"2025-03-11 02:00:00.0000",6.16,87.29,2.7169029712677,11.829730987548828,28.836994171142578
"2025-03-11 02:15:00.0000",6.22,86.6,3.0832955837249756,14.642398834228516,30.448646545410156
"2025-03-11 02:30:00.0000",6.24,86.69,2.7894277572631836,14.488410949707031,41.76060104370117
"2025-03-11 02:45:00.0000",6.29,86.23,2.6624386310577393,11.92706298828125,32.62477111816406
"2025-03-11 03:00:00.0000",6.22,86.49,2.5632896423339844,12.860006332397461,38.27490997314453
"2025-03-11 03:15:00.0000",6.22,85.68,2.5443458557128906,11.668898582458496,30.29466438293457
"2025-03-11 03:30:00.0000",6.21,85.8,2.373011827468872,11.542505264282227,35.3344841003418
"2025-03-11 03:45:00.0000",6.24,85.81,2.743948459625244,10.64029598236084,23.673620223999023
"2025-03-11 04:00:00.0000",6.25,86.06,2.388169288635254,10.781669616699219,30.53744888305664
"2025-03-11 04:15:00.0000",6.11,86.22,2.5684947967529297,11.820337295532227,35.50651168823242
"2025-03-11 04:30:00.0000",5.85,87.37,2.3575358390808105,11.349810600280762,33.49848556518555
"2025-03-11 04:45:00.0000",5.65,88.09,2.3439714908599854,10.89826774597168,25.86951446533203
"2025-03-11 05:00:00.0000",5.48,89.15,2.049712657928467,10.168201446533203,28.666364669799805
"2025-03-11 05:15:00.0000",5.24,90.15,2.013178586959839,9.002958297729492,22.333602905273438
"2025-03-11 05:30:00.0000",5,90.31,2.1494204998016357,10.466192245483398,28.220355987548828
"2025-03-11 05:45:00.0000",4.65,90.62,2.216313123703003,9.984159469604492,24.985624313354492
"2025-03-11 06:00:00.0000",4.43,90.55,2.135305404663086,8.505485534667969,34.04079818725586
"2025-03-11 06:15:00.0000",4.3,91.09,2.0763375759124756,10.29643440246582,39.915958404541016
"2025-03-11 06:30:00.0000",4.17,91.52,1.9813406467437744,9.480118751525879,28.66191291809082
"2025-03-11 06:45:00.0000",4.12,91.42,2.4866271018981934,11.011513710021973,27.718074798583984
"2025-03-11 07:00:00.0000",4.08,91.7,1.9328657388687134,9.299482345581055,24.80290412902832
"2025-03-11 07:15:00.0000",4.02,91.93,2.015028238296509,9.855033874511719,33.52545928955078
"2025-03-11 07:30:00.0000",4.03,92.32,2.2786290645599365,10.702770233154297,26.531248092651367
"2025-03-11 07:45:00.0000",4.18,91.8,1.7782028913497925,8.222900390625,18.102731704711914
"2025-03-11 08:00:00.0000",4.22,90.9,1.9558897018432617,8.493687629699707,26.806453704833984
"2025-03-11 08:15:00.0000",4.42,90.29,1.59950852394104,6.960900783538818,23.252361297607422
"2025-03-11 08:30:00.0000",4.71,89.18,1.7270780801773071,7.3175740242004395,19.24135398864746
"2025-03-11 08:45:00.0000",5.13,87.63,1.7508726119995117,7.5845255851745605,17.438928604125977
"2025-03-11 09:00:00.0000",5.37,86.33,1.3187052011489868,5.808102607727051,23.06879997253418
"2025-03-11 09:15:00.0000",5.73,83.31,1.3390238285064697,7.443120002746582,21.05906867980957
"2025-03-11 09:30:00.0000",5.93,79.21,1.3015966415405273,5.607276439666748,18.670040130615234
"2025-03-11 09:45:00.0000",6.37,76.69,1.8782154321670532,7.483880996704102,19.379600524902344
"2025-03-11 10:00:00.0000",6.7,75.49,1.3896889686584473,6.268340587615967,16.78881072998047
"2025-03-11 10:15:00.0000",7.07,74.61,1.4919344186782837,6.2065277099609375,35.29237365722656
"2025-03-11 10:30:00.0000",7.39,72.14,1.3903942108154297,5.882379055023193,20.761075973510742
"2025-03-11 10:45:00.0000",10.48,63.91,1.6092585325241089,6.781208038330078,22.651994705200195
"2025-03-11 11:00:00.0000",10.84,60.71,1.781072735786438,7.894087791442871,44.746700286865234
"2025-03-11 11:15:00.0000",10.52,61.07,1.673522710800171,7.075466156005859,19.487703323364258
"2025-03-11 11:30:00.0000",10.72,60.91,1.7237731218338013,6.100213050842285,14.06222152709961
"2025-03-11 11:45:00.0000",10.43,59.99,1.6018685102462769,6.537750244140625,17.16110610961914
"2025-03-11 12:00:00.0000",11.05,58.75,1.3005378246307373,5.51035213470459,23.77608871459961
"2025-03-11 12:15:00.0000",11.89,56.74,1.6472665071487427,5.03361177444458,11.675209999084473
"2025-03-11 12:30:00.0000",11.77,54.16,1.1524800062179565,4.172823429107666,17.168054580688477
"2025-03-11 12:45:00.0000",12.07,54.07,1.1158287525177002,4.515059471130371,10.83460521697998
"2025-03-11 13:00:00.0000",10.04,57.66,1.3301055431365967,4.337431907653809,9.564545631408691
"2025-03-11 13:15:00.0000",10.91,58.76,1.0703331232070923,3.555097818374634,9.90961742401123
"2025-03-11 13:30:00.0000",10.39,59.3,1.0475575923919678,3.350642204284668,7.368165969848633
"2025-03-11 13:45:00.0000",10.95,57.92,1.3884336948394775,4.733518600463867,17.207406997680664
"2025-03-11 14:00:00.0000",10.86,59.16,0.6129422783851624,2.794954776763916,17.06077766418457
"2025-03-11 14:15:00.0000",10.2,66.3,0.5917500853538513,2.524181365966797,15.683034896850586
"2025-03-11 14:30:00.0000",10,65.95,0.6077957153320312,2.3349034786224365,6.4808125495910645
"2025-03-11 14:45:00.0000",10.09,65.69,0.5813223123550415,2.606975555419922,15.15955638885498
"2025-03-11 15:00:00.0000",10.42,64.19,0.5398698449134827,2.8310418128967285,11.72423267364502
"2025-03-11 15:15:00.0000",11.43,61.79,0.6773865222930908,3.331223726272583,9.3170804977417
"2025-03-11 15:30:00.0000",11.47,62.71,0.6859566569328308,3.6043708324432373,20.335512161254883
"2025-03-11 15:45:00.0000",11.34,63.9,0.8093390464782715,3.098569631576538,11.161297798156738
"2025-03-11 16:00:00.0000",11.27,63.92,0.77554851770401,3.1948111057281494,8.181564331054688
"2025-03-11 16:15:00.0000",11.08,62.9,0.7578956484794617,3.8274941444396973,20.020845413208008
"2025-03-11 16:30:00.0000",9.95,66.09,1.7609046697616577,4.838221549987793,12.737566947937012
"2025-03-11 16:45:00.0000",9.07,69.24,0.8200708031654358,3.5184247493743896,17.405323028564453
"2025-03-11 17:00:00.0000",8.35,72.65,0.7332536578178406,4.204930782318115,25.867616653442383
"2025-03-11 17:15:00.0000",7.93,74.79,0.7270330190658569,3.338935136795044,19.343019485473633
"2025-03-11 17:30:00.0000",7.68,76.6,0.7952618598937988,4.86452054977417,22.177762985229492
"2025-03-11 17:45:00.0000",7.34,76.34,2.0309393405914307,6.087576389312744,18.491697311401367
"2025-03-11 18:00:00.0000",7.16,78.42,1.1755894422531128,4.468455791473389,11.650901794433594
"2025-03-11 18:15:00.0000",7.11,78.87,1.109081506729126,4.7080841064453125,19.249351501464844
"2025-03-11 18:30:00.0000",7.03,79.85,0.909956157207489,3.343137741088867,14.693364143371582
"2025-03-11 18:45:00.0000",6.83,80.91,0.5869738459587097,2.52055025100708,8.891798973083496
"2025-03-11 19:00:00.0000",6.82,82.85,0.5772612690925598,3.001603603363037,9.745116233825684
"2025-03-11 19:15:00.0000",6.74,84.65,0.632661759853363,2.5571446418762207,12.969325065612793
"2025-03-11 19:30:00.0000",6.7,86.27,0.8735964894294739,4.119216442108154,19.401927947998047
"2025-03-11 19:45:00.0000",6.7,87.02,0.47329962253570557,2.6919798851013184,19.33563232421875
"2025-03-11 20:00:00.0000",6.74,86.95,0.599846363067627,2.168292760848999,6.462399005889893
"2025-03-11 20:15:00.0000",6.74,86.13,0.6408510208129883,3.1852645874023438,8.3092679977417
"2025-03-11 20:30:00.0000",6.74,87.18,3.0061535835266113,6.687765598297119,13.358383178710938
"2025-03-11 20:45:00.0000",6.71,84.63,0.7683032751083374,3.6907541751861572,16.032424926757812
"2025-03-11 21:00:00.0000",6.77,84.5,0.9637722373008728,3.6233458518981934,11.313803672790527
"2025-03-11 21:15:00.0000",6.76,87.29,0.7202607989311218,3.519878387451172,14.20019817352295
"2025-03-11 21:30:00.0000",6.71,89.35,0.8703903555870056,4.084782600402832,10.791733741760254
"2025-03-11 21:45:00.0000",6.66,90.78,0.8055487871170044,4.182096004486084,20.04609489440918
"2025-03-11 22:00:00.0000",6.64,92.85,1.0369936227798462,4.579010009765625,17.102237701416016
"2025-03-11 22:15:00.0000",6.56,94.39,1.2751173973083496,5.760497570037842,39.93852996826172
"2025-03-11 22:30:00.0000",6.45,95.59,0.8972616791725159,3.8228676319122314,11.186466217041016
"2025-03-11 22:45:00.0000",6.31,96.83,0.9060795903205872,4.75513219833374,16.958234786987305
"2025-03-11 23:00:00.0000",6.19,98.46,1.2387495040893555,6.2117919921875,25.973543167114258
"2025-03-11 23:15:00.0000",6.14,99.42,0.9719200134277344,4.63028621673584,14.784367561340332
"2025-03-11 23:30:00.0000",6.3,99.97,0.8249998092651367,3.949458360671997,14.422553062438965
"2025-03-11 23:45:00.0000",6.63,99.67,0.7539136409759521,4.679417610168457,13.240492820739746
"2025-03-12 00:00:00.0000",6.99,98.9,0.9153746962547302,5.269966125488281,14.631446838378906
"2025-03-12 00:15:00.0000",7.34,98.13,0.9788419604301453,6.047046661376953,17.070436477661133
"2025-03-12 00:30:00.0000",7.42,98.94,0.9930182099342346,5.545076370239258,13.350702285766602
"2025-03-12 00:45:00.0000",7.29,100,0.9754177927970886,6.229244709014893,19.994544982910156
"2025-03-12 01:00:00.0000",6.97,100,0.9357796311378479,5.5152668952941895,22.283100128173828
"2025-03-12 01:15:00.0000",6.82,100,1.1371022462844849,5.882753372192383,17.774747848510742
"2025-03-12 01:30:00.0000",6.96,100,0.8775620460510254,4.682628631591797,12.82459545135498
"2025-03-12 01:45:00.0000",7.15,100,0.594757080078125,3.3050990104675293,13.92510986328125
"2025-03-12 02:00:00.0000",6.88,100,0.43891996145248413,1.9657859802246094,10.00128173828125
"2025-03-12 02:15:00.0000",7.02,100,0.30197709798812866,1.8024506568908691,7.887840270996094
"2025-03-12 02:30:00.0000",6.95,100,0.3749741017818451,2.6395342350006104,9.32843017578125
"2025-03-12 02:45:00.0000",6.51,100,0.24043799936771393,1.1804440021514893,5.4481940269470215
"2025-03-12 03:00:00.0000",6.4,100,0.3359333574771881,3.1065053939819336,10.587390899658203
"2025-03-12 03:15:00.0000",6.38,100,0.21328148245811462,0.9461236596107483,3.5018246173858643
"2025-03-12 03:30:00.0000",5.39,100,0.30537018179893494,1.9070985317230225,5.895315170288086
"2025-03-12 03:45:00.0000",5.42,100,0.4007628262042999,1.9532432556152344,5.142465591430664
"2025-03-12 04:00:00.0000",5.46,100,0.41839075088500977,1.847185492515564,5.72620153427124
"2025-03-12 04:15:00.0000",5.54,100,0.6123015284538269,4.91732931137085,32.27840805053711
"2025-03-12 04:30:00.0000",5.68,100,0.6840652227401733,4.196217060089111,21.073577880859375
"2025-03-12 04:45:00.0000",5.78,100,0.6888337731361389,2.7720930576324463,14.700626373291016
"2025-03-12 05:00:00.0000",5.81,100,0.743242084980011,3.0919814109802246,8.893677711486816
"2025-03-12 05:15:00.0000",5.75,100,0.9954476356506348,3.612513542175293,10.722344398498535
"2025-03-12 05:30:00.0000",5.66,100,0.8351727724075317,3.509183168411255,13.605732917785645
"2025-03-12 05:45:00.0000",5.52,100,1.0038175582885742,4.10276460647583,10.299565315246582
"2025-03-12 06:00:00.0000",5.17,99.59,0.960480809211731,3.922746419906616,14.9137544631958
"2025-03-12 06:15:00.0000",4.86,97.06,1.014693021774292,3.6428604125976562,8.477607727050781
"2025-03-12 06:30:00.0000",4.64,96.44,0.7721957564353943,3.6131277084350586,10.352863311767578
"2025-03-12 06:45:00.0000",4.56,94.19,0.9040160775184631,2.369558572769165,5.139373302459717
"2025-03-12 07:00:00.0000",4.55,94.44,1.3493720293045044,3.758272409439087,8.070541381835938
"2025-03-12 07:15:00.0000",4.52,94.23,1.0284051895141602,3.8721625804901123,7.664350509643555
"2025-03-12 07:30:00.0000",4.56,93.92,0.896624743938446,3.4473040103912354,8.301025390625
"2025-03-12 07:45:00.0000",4.68,92.91,0.9840734004974365,3.4022316932678223,7.999085903167725
"2025-03-12 08:00:00.0000",4.8,91.81,1.120639681816101,3.69500732421875,13.310356140136719
"2025-03-12 08:15:00.0000",5.05,90.08,0.8940877318382263,3.573976516723633,17.1201114654541
"2025-03-12 08:30:00.0000",5.35,88.93,1.0965131521224976,5.058940887451172,17.532560348510742
"2025-03-12 08:45:00.0000",5.59,86.45,1.070050597190857,4.104671001434326,17.514263153076172
"2025-03-12 09:00:00.0000",6.23,85.66,0.7592600584030151,3.559645414352417,10.950270652770996
"2025-03-12 09:15:00.0000",6.8,82.09,0.9418444633483887,4.499823093414307,18.69719123840332
"2025-03-12 09:30:00.0000",7.19,81.02,0.6426212787628174,3.409637451171875,23.593767166137695
"2025-03-12 09:45:00.0000",7.48,76.99,0.8860083222389221,3.968029260635376,9.982357025146484
"2025-03-12 10:00:00.0000",7.68,76.55,1.0368880033493042,7.021681308746338,58.87980651855469
"2025-03-12 10:15:00.0000",7.68,77.43,1.748989224433899,11.258560180664062,65.81094360351562
"2025-03-12 10:30:00.0000",7.45,78.92,1.295008897781372,8.993756294250488,43.95807647705078
"2025-03-12 10:45:00.0000",7.66,79.1,0.8480313420295715,3.708878517150879,20.33659553527832
"2025-03-12 11:00:00.0000",8.23,77.14,1.004416823387146,5.868046283721924,18.98905372619629
"2025-03-12 11:15:00.0000",7.85,78.73,1.0965338945388794,7.475033760070801,23.223941802978516
"2025-03-12 12:00:00.0000",7.99,81.29,1.1655941009521484,6.316874027252197,35.58913803100586
"2025-03-12 12:15:00.0000",9.3,78.97,1.176375389099121,6.021988868713379,20.022167205810547
"2025-03-12 12:30:00.0000",9.62,75.74,1.1572529077529907,5.496457576751709,22.790496826171875
"2025-03-12 12:45:00.0000",8.74,79.14,1.4592154026031494,9.048282623291016,39.363975524902344
"2025-03-12 13:00:00.0000",8.84,81.09,1.056773066520691,5.121359825134277,20.034677505493164
"2025-03-12 13:15:00.0000",10.86,67.53,0.7331950068473816,2.9982945919036865,9.215332984924316
"2025-03-12 13:30:00.0000",10.29,68.37,0.542936384677887,2.1593475341796875,10.360092163085938
"2025-03-12 13:45:00.0000",10.65,67.06,0.542936384677887,2.1593475341796875,10.360092163085938
"2025-03-12 14:00:00.0000",10.7,65.83,0.4790119230747223,1.575437307357788,5.601315498352051
"2025-03-12 14:15:00.0000",10.67,72.61,0.9293166995048523,4.502383708953857,16.493057250976562
"2025-03-12 15:30:00.0000",11.42,68.06,0.42315804958343506,1.7217906713485718,4.962287902832031
"2025-03-12 15:45:00.0000",11.28,64.11,0.5393072962760925,1.8389317989349365,11.454870223999023
"2025-03-12 16:45:00.0000",9.47,79.04,0.5422469973564148,3.062188148498535,14.707941055297852
"2025-03-12 17:00:00.0000",10.16,74.94,0.47270652651786804,1.6670759916305542,10.040550231933594
"2025-03-12 17:15:00.0000",9.97,76.28,0.5379814505577087,2.203676462173462,6.32861852645874
"2025-03-12 17:30:00.0000",9.47,78.95,0.790313184261322,1.6746872663497925,9.918869018554688
"2025-03-12 18:15:00.0000",8.09,85.07,0.790313184261322,1.6746872663497925,9.918869018554688
"2025-03-12 18:30:00.0000",7.75,85.25,0.9274885654449463,2.652827024459839,12.14556884765625
"2025-03-12 18:45:00.0000",7.48,83.13,2.4193406105041504,7.21925687789917,21.50588607788086
"2025-03-12 19:00:00.0000",7.21,83.19,1.2914042472839355,3.7565128803253174,16.6390323638916
"2025-03-12 19:15:00.0000",7.04,84.57,1.4719091653823853,4.212471008300781,23.879745483398438
"2025-03-12 19:30:00.0000",6.82,86.26,1.099174976348877,3.4411280155181885,13.142056465148926
"2025-03-12 19:45:00.0000",6.6,88.46,1.425938367843628,3.9929583072662354,16.93219566345215
"2025-03-12 21:15:00.0000",5.82,93.91,0.9049034714698792,2.5020172595977783,11.209029197692871
"2025-03-12 21:30:00.0000",5.56,95.5,1.105150818824768,3.1311888694763184,8.100064277648926
"2025-03-12 21:45:00.0000",5.38,96.46,1.105150818824768,3.1311888694763184,8.100064277648926
"2025-03-12 22:00:00.0000",5.18,97.65,1.2112458944320679,3.572875738143921,11.943307876586914
"2025-03-12 22:15:00.0000",5.07,98.68,1.1047815084457397,2.7350404262542725,8.001093864440918
"2025-03-12 22:30:00.0000",5,99.28,1.1194543838500977,2.6838390827178955,5.956877708435059
"2025-03-12 22:45:00.0000",5.07,98.98,0.9266461730003357,2.445927143096924,10.307853698730469
"2025-03-12 23:00:00.0000",5.13,98.79,0.9329385161399841,3.1636128425598145,7.462899208068848
"2025-03-12 23:15:00.0000",5.22,98.42,1.4535571336746216,7.580305099487305,37.769535064697266
"2025-03-12 23:30:00.0000",5.26,97.6,1.3277044296264648,7.183614253997803,26.748674392700195
"2025-03-12 23:45:00.0000",5.17,97.97,1.5088872909545898,5.496939659118652,18.04876708984375
"2025-03-13 00:00:00.0000",5.12,96.63,1.1859889030456543,3.689598798751831,16.500715255737305
"2025-03-13 00:15:00.0000",5.05,95,1.0832246541976929,4.353431701660156,15.921220779418945
"2025-03-13 00:30:00.0000",4.94,93.3,0.9659400582313538,3.8368167877197266,10.512673377990723
"2025-03-13 00:45:00.0000",4.84,91.87,1.033451795578003,4.009967803955078,10.985487937927246
"2025-03-13 01:00:00.0000",4.77,89.97,0.9284264445304871,4.299633979797363,13.679203987121582
"2025-03-13 01:15:00.0000",4.56,89.46,0.8234586119651794,2.920919895172119,6.693939685821533
"2025-03-13 01:30:00.0000",4.47,90.04,0.7684099078178406,3.406980276107788,11.955622673034668
"2025-03-13 01:45:00.0000",4.36,89.31,0.7150704264640808,2.5286149978637695,5.750576972961426
"2025-03-13 02:00:00.0000",4.31,88.46,0.8402702808380127,3.221376657485962,11.453795433044434
"2025-03-13 02:15:00.0000",4.51,87.28,0.5513706803321838,2.437185287475586,10.088069915771484
"2025-03-13 02:30:00.0000",4.28,87,0.6228328347206116,3.406280279159546,13.834038734436035
"2025-03-13 03:15:00.0000",3.97,89.59,0.6559020280838013,2.6949846744537354,8.202981948852539
"2025-03-13 03:30:00.0000",4.06,89.59,0.7666504383087158,2.6703736782073975,6.660149574279785
"2025-03-13 03:45:00.0000",4.09,89.88,0.634311318397522,3.1345431804656982,13.10598373413086
"2025-03-13 05:30:00.0000",4.37,89.56,0.634311318397522,3.1345431804656982,13.10598373413086
"2025-03-13 05:45:00.0000",4.32,90.44,0.5526869893074036,2.6306731700897217,10.239483833312988
"2025-03-13 06:00:00.0000",4.47,90.3,0.6309041976928711,2.975574254989624,12.904708862304688
"2025-03-13 06:15:00.0000",4.39,90.64,0.6087942719459534,3.2799065113067627,16.679542541503906
"2025-03-13 06:30:00.0000",4.34,91.33,0.6938365697860718,3.6649162769317627,20.21978187561035
"2025-03-13 06:45:00.0000",4.33,91.19,0.5968504548072815,2.939178466796875,12.26201057434082
"2025-03-13 07:00:00.0000",4.44,91.05,0.754793107509613,3.637591600418091,12.797587394714355
"2025-03-13 07:45:00.0000",4.99,88.03,0.754793107509613,3.637591600418091,12.797587394714355
"2025-03-13 08:00:00.0000",5.25,86.42,0.8850492238998413,4.676193714141846,30.724571228027344
"2025-03-13 08:15:00.0000",5.45,85.29,0.806611955165863,4.131330966949463,14.461159706115723
"2025-03-13 08:30:00.0000",5.67,83.5,0.8511614799499512,3.0232508182525635,12.351058959960938
"2025-03-13 08:45:00.0000",5.75,83.05,0.9035699367523193,4.39996337890625,12.219407081604004
"2025-03-13 12:15:00.0000",11.79,60.12,0.9035699367523193,4.39996337890625,12.219407081604004
"2025-03-13 12:30:00.0000",12.56,55.34,0.7688225507736206,2.84212327003479,13.040096282958984
"2025-03-13 12:45:00.0000",9.89,59.67,0.7637096643447876,2.5665030479431152,7.373619079589844
"2025-03-13 13:30:00.0000",9.14,70.8,0.8163346648216248,3.977400064468384,22.0792179107666
"2025-03-13 13:45:00.0000",8.85,72.96,0.782963216304779,2.946291923522949,7.692843914031982
"2025-03-13 14:00:00.0000",8.79,74.39,0.9134783744812012,5.048838138580322,21.434236526489258
"2025-03-13 14:15:00.0000",8.58,74.14,0.5918617248535156,2.5679237842559814,9.672002792358398
"2025-03-13 14:30:00.0000",8.26,75.73,0.5918617248535156,2.5679237842559814,9.672002792358398
"2025-03-13 14:45:00.0000",8.56,74.81,0.6351497769355774,2.518734931945801,11.058940887451172
"2025-03-13 15:00:00.0000",9.69,69.62,0.6427290439605713,2.9203054904937744,13.985546112060547
"2025-03-13 16:15:00.0000",10.48,67.51,0.5956937670707703,2.86403226852417,8.525524139404297
"2025-03-13 16:30:00.0000",10.19,68.22,0.7005676031112671,3.351605176925659,13.169058799743652
"2025-03-13 16:45:00.0000",10.48,69.79,0.7005676031112671,3.351605176925659,13.169058799743652
"2025-03-13 17:00:00.0000",10.05,68.72,0.9617735147476196,3.890500545501709,18.006681442260742
"2025-03-13 17:15:00.0000",9.31,71.48,0.945493757724762,4.030616283416748,18.343402862548828
"2025-03-13 18:00:00.0000",7.82,77.72,0.7910745739936829,3.097909450531006,7.587701797485352
"2025-03-13 18:15:00.0000",7.66,78.47,0.7716179490089417,3.2571914196014404,10.839396476745605
"2025-03-13 18:30:00.0000",7.49,79.93,0.8934617042541504,3.408432960510254,18.0316104888916
"2025-03-13 18:45:00.0000",7.37,80.28,0.7499459981918335,3.2966818809509277,13.003396987915039
"2025-03-13 19:45:00.0000",6.75,84.06,0.6463532447814941,2.292332172393799,6.571292400360107
"2025-03-13 20:00:00.0000",6.7,86.34,1.1132103204727173,4.3513593673706055,14.018699645996094
"2025-03-13 20:15:00.0000",6.57,86.21,2.9621777534484863,6.470916748046875,15.166308403015137
"2025-03-13 20:30:00.0000",6.54,85.84,1.2205288410186768,4.011088848114014,8.95968246459961
"2025-03-13 22:30:00.0000",6.47,91.32,0.9334179759025574,3.632873296737671,14.089279174804688
"2025-03-13 22:45:00.0000",6.39,91.3,0.945124626159668,3.345658540725708,12.584433555603027
"2025-03-14 01:15:00.0000",6.75,92.9,2.1595704555511475,5.875358581542969,13.337396621704102
"2025-03-14 01:30:00.0000",6.69,92.46,0.7195768356323242,3.081580877304077,9.36337947845459
"2025-03-14 01:45:00.0000",6.44,92.82,0.7195768356323242,3.081580877304077,9.36337947845459
"2025-03-14 02:00:00.0000",6.3,93.05,0.8285708427429199,2.42114520072937,7.093518257141113
"2025-03-14 02:15:00.0000",6.16,93.31,0.6754017472267151,2.3630051612854004,14.886565208435059
"2025-03-14 05:15:00.0000",6.07,92.1,0.5601409077644348,3.1979281902313232,28.719289779663086
"2025-03-14 05:30:00.0000",6.07,91.23,0.458334743976593,1.6525235176086426,6.568281173706055
"2025-03-14 06:15:00.0000",6.24,94.17,0.458334743976593,1.6525235176086426,6.568281173706055
"2025-03-14 06:30:00.0000",6.17,94.17,4.980735778808594,8.237120628356934,13.644041061401367
"2025-03-14 06:45:00.0000",6.17,93.27,4.168318748474121,6.552675247192383,15.401666641235352
"2025-03-14 07:00:00.0000",6.15,92.69,3.0381717681884766,6.286561489105225,17.337425231933594
"2025-03-14 07:15:00.0000",6.1,93.32,3.3235158920288086,6.504217147827148,18.536176681518555
"2025-03-14 08:00:00.0000",6.36,91.39,5.142531394958496,9.574932098388672,20.145410537719727
"2025-03-14 08:15:00.0000",6.45,90.34,4.984243869781494,8.564751625061035,20.708189010620117
"2025-03-14 09:15:00.0000",7.04,84.11,3.606719970703125,8.030661582946777,17.340728759765625
"2025-03-14 09:30:00.0000",7.33,82.15,3.9270968437194824,7.4855265617370605,18.81230354309082
"2025-03-14 10:45:00.0000",12.24,53.61,3.9270968437194824,7.4855265617370605,18.81230354309082
"2025-03-14 11:00:00.0000",13.11,48.11,1.226563572883606,4.069705486297607,20.354888916015625
"2025-03-14 11:15:00.0000",15.26,45.21,1.2837028503417969,3.7747433185577393,19.727205276489258
"2025-03-14 12:00:00.0000",10.48,53.06,1.0688755512237549,3.1364479064941406,19.490055084228516
"2025-03-14 12:15:00.0000",10.32,56.04,1.3418951034545898,3.1133761405944824,17.193937301635742
"2025-03-14 13:00:00.0000",9.59,60.07,1.3418951034545898,3.1133761405944824,17.193937301635742
"2025-03-14 13:15:00.0000",9.77,60.83,1.0594227313995361,2.9611353874206543,12.76833724975586
"2025-03-14 13:30:00.0000",9.89,62.13,1.2037677764892578,3.709520101547241,20.277074813842773
"2025-03-14 13:45:00.0000",10.21,60.5,1.0511490106582642,2.943265914916992,7.063873291015625
"2025-03-14 14:00:00.0000",11.03,60.04,0.7689406275749207,2.2743771076202393,9.51352310180664
"2025-03-14 15:15:00.0000",13.15,52.15,0.7689406275749207,2.2743771076202393,9.51352310180664
"2025-03-14 15:30:00.0000",13.67,49.89,0.948844850063324,2.2860774993896484,4.850229740142822
"2025-03-14 15:45:00.0000",12.26,57.74,0.7993642687797546,2.74346661567688,7.669131278991699
"2025-03-14 18:15:00.0000",8.56,73.61,1.5279228687286377,4.641415596008301,25.09599494934082
"2025-03-14 18:30:00.0000",8.4,75.4,1.915225863456726,5.354336738586426,21.815563201904297
"2025-03-14 18:45:00.0000",8.17,78.21,1.9595813751220703,4.960935592651367,17.871564865112305
"2025-03-14 19:00:00.0000",8.07,80.77,2.9305315017700195,6.127556800842285,14.773656845092773
"2025-03-14 19:15:00.0000",8.06,82.46,1.9914827346801758,5.877379417419434,18.466323852539062
"2025-03-14 19:30:00.0000",7.99,83.76,2.420718193054199,5.001075744628906,15.206619262695312
"2025-03-14 20:30:00.0000",7.21,81.62,2.144552707672119,4.684623718261719,12.843864440917969
"2025-03-14 20:45:00.0000",7.03,80.88,1.348183274269104,3.877032995223999,8.905126571655273
"2025-03-14 22:00:00.0000",6.15,87.23,1.348183274269104,3.877032995223999,8.905126571655273
"2025-03-14 22:15:00.0000",5.99,88.17,1.833829402923584,5.129741668701172,14.7587890625
"2025-03-14 22:30:00.0000",5.73,89.41,1.6548868417739868,4.824612617492676,11.78614616394043
"2025-03-14 22:45:00.0000",5.56,90.33,1.6809842586517334,4.461894989013672,16.607683181762695
"2025-03-14 23:00:00.0000",5.32,91.62,2.094686985015869,5.974958896636963,16.276018142700195
"2025-03-14 23:15:00.0000",5.19,92.32,1.8050382137298584,4.223731517791748,9.749165534973145
"2025-03-14 23:30:00.0000",5.19,92.66,1.366049885749817,3.390969753265381,13.788233757019043
"2025-03-15 00:15:00.0000",4.87,94.73,1.366049885749817,3.390969753265381,13.788233757019043
"2025-03-15 00:30:00.0000",4.69,95.29,2.6436374187469482,6.3289875984191895,17.87856101989746
"2025-03-15 00:45:00.0000",4.45,96.21,1.8998892307281494,4.5257248878479,13.677730560302734
"2025-03-15 01:00:00.0000",4.42,96.83,2.4291629791259766,5.75482702255249,21.75170135498047
"2025-03-15 01:15:00.0000",4.3,96.71,2.1458592414855957,5.139377117156982,23.865367889404297
"2025-03-15 01:30:00.0000",4.25,97.58,2.2810959815979004,4.373967170715332,9.148524284362793
"2025-03-15 01:45:00.0000",4.13,97.66,2.197161912918091,5.034163475036621,13.003868103027344
"2025-03-15 02:00:00.0000",3.97,98.64,2.652524471282959,6.925654411315918,17.89727210998535
"2025-03-15 02:15:00.0000",3.91,99.44,3.049473285675049,5.768543720245361,18.18978500366211
"2025-03-15 02:30:00.0000",3.64,100,3.049473285675049,5.768543720245361,18.18978500366211
"2025-03-15 02:45:00.0000",3.43,100,3.9580941200256348,7.819826126098633,12.851825714111328
"2025-03-15 03:00:00.0000",3.37,100,3.3923192024230957,7.6407294273376465,15.504359245300293
"2025-03-15 03:15:00.0000",3.36,100,3.4628586769104004,6.495556354522705,11.422969818115234
"2025-03-15 03:30:00.0000",3.35,100,3.4970695972442627,7.329875946044922,16.866239547729492
"2025-03-15 03:45:00.0000",3.31,100,4.520659446716309,9.498409271240234,23.187650680541992
"2025-03-15 04:00:00.0000",3.4,100,4.189369201660156,7.9686808586120605,18.344152450561523
"2025-03-15 04:15:00.0000",3.34,100,3.391428232192993,7.9238128662109375,14.19538402557373
"2025-03-15 04:30:00.0000",3.27,100,3.1383309364318848,7.6910247802734375,15.966850280761719
"2025-03-15 04:45:00.0000",3.27,100,3.1383309364318848,7.6910247802734375,15.966850280761719
"2025-03-15 05:00:00.0000",3.26,100,3.0056915283203125,6.6292901039123535,13.295494079589844
"2025-03-15 05:15:00.0000",3.37,100,2.156599760055542,5.721571922302246,19.112516403198242
"2025-03-15 05:30:00.0000",3.4,100,1.783277153968811,5.096337795257568,15.568264961242676
"2025-03-15 05:45:00.0000",3.4,100,1.4464373588562012,4.773819446563721,17.985654830932617
"2025-03-15 06:00:00.0000",3.37,100,1.228893518447876,4.871291637420654,16.809951782226562
"2025-03-15 06:15:00.0000",3.36,100,1.4515548944473267,4.718086242675781,15.273985862731934
"2025-03-15 06:30:00.0000",3.4,100,1.3675615787506104,5.127230167388916,15.900164604187012
"2025-03-15 06:45:00.0000",3.42,100,2.204120635986328,5.922574996948242,13.745548248291016
"2025-03-15 07:00:00.0000",3.44,100,2.204120635986328,5.922574996948242,13.745548248291016
"2025-03-15 07:15:00.0000",3.54,99.88,2.467789888381958,6.0820536613464355,16.259653091430664
"2025-03-15 07:30:00.0000",3.74,98.96,2.7184832096099854,5.752451419830322,10.672404289245605
"2025-03-15 07:45:00.0000",3.93,98.18,2.5128962993621826,5.500492095947266,13.886167526245117
"2025-03-15 08:00:00.0000",4.24,97.36,2.4077179431915283,5.684726715087891,11.575621604919434
"2025-03-15 08:15:00.0000",4.57,96.42,2.0858869552612305,5.598769187927246,16.143447875976562
"2025-03-15 08:30:00.0000",4.97,94.64,1.4685051441192627,5.35952091217041,15.759037017822266
"2025-03-15 08:45:00.0000",5.34,93.11,1.42904531955719,4.852831840515137,13.140854835510254
"2025-03-15 09:00:00.0000",5.66,92.3,2.6923208236694336,6.532634258270264,14.262243270874023
"2025-03-15 09:15:00.0000",5.92,92.17,2.6923208236694336,6.532634258270264,14.262243270874023
"2025-03-15 09:30:00.0000",6.06,91.51,2.6208178997039795,7.074161529541016,21.616790771484375
"2025-03-15 09:45:00.0000",6.32,89.65,1.9855194091796875,5.051279544830322,18.59168815612793
"2025-03-15 10:00:00.0000",6.72,88.63,2.2308521270751953,7.698024272918701,30.028297424316406
"2025-03-15 10:15:00.0000",7.28,85.24,1.1539703607559204,4.45298433303833,11.738759994506836
"2025-03-15 10:30:00.0000",7.79,82.58,1.4344055652618408,4.462674617767334,27.41538429260254
"2025-03-15 10:45:00.0000",8.1,80.62,1.1317082643508911,3.1882898807525635,12.39151382446289
"2025-03-15 11:00:00.0000",8.41,79.05,1.7883836030960083,5.019417762756348,17.98062515258789
"2025-03-15 11:15:00.0000",9.88,74.11,1.3066593408584595,4.460383892059326,18.231103897094727
"2025-03-15 11:30:00.0000",11.02,70.62,1.3066593408584595,4.460383892059326,18.231103897094727
"2025-03-15 11:45:00.0000",10.97,70.54,1.1860287189483643,4.2227396965026855,14.305046081542969
"2025-03-15 12:00:00.0000",9.92,73.89,1.3494268655776978,4.673546314239502,22.309297561645508
"2025-03-15 12:15:00.0000",9.69,73.98,0.9170022010803223,3.5682220458984375,14.141754150390625
"2025-03-15 12:30:00.0000",9.87,72.21,0.8991665840148926,3.4965548515319824,14.850723266601562
"2025-03-15 12:45:00.0000",9.72,73.33,1.018823504447937,4.579039096832275,14.086946487426758
"2025-03-15 13:00:00.0000",9.75,74.89,0.9778797626495361,3.8888282775878906,19.602766036987305
"2025-03-15 13:15:00.0000",9.33,74.99,1.3775343894958496,4.370646953582764,13.748628616333008
"2025-03-15 13:30:00.0000",11.25,72.41,0.6662012338638306,2.5818488597869873,6.957217216491699
"2025-03-15 13:45:00.0000",10.83,66.53,0.6662012338638306,2.5818488597869873,6.957217216491699
"2025-03-15 14:00:00.0000",9.6,69.03,0.5125557780265808,2.995810031890869,13.249224662780762
"2025-03-15 14:15:00.0000",9.83,72.29,0.6301952004432678,2.8509185314178467,12.901331901550293
"2025-03-15 14:30:00.0000",10.36,67.84,0.4872472584247589,2.3949310779571533,7.451480388641357
"2025-03-15 14:45:00.0000",9.38,72.08,0.6548852920532227,3.0725910663604736,18.73546600341797
"2025-03-15 15:00:00.0000",10.24,70.53,0.7106155753135681,2.9373223781585693,15.47327709197998
"2025-03-15 15:15:00.0000",11.34,67,0.6188188791275024,2.8958115577697754,9.714314460754395
"2025-03-15 15:30:00.0000",9.74,72.24,2.188178539276123,4.9238667488098145,20.77617835998535
"2025-03-15 15:45:00.0000",9.56,74.61,0.7263697981834412,2.921400785446167,9.43074893951416
"2025-03-15 16:00:00.0000",10.54,72.8,0.7263697981834412,2.921400785446167,9.43074893951416
"2025-03-15 16:15:00.0000",9.51,74.46,1.4383189678192139,4.412324905395508,15.287263870239258
"2025-03-15 16:30:00.0000",8.91,77.05,0.9115052223205566,3.2969138622283936,10.037485122680664
"2025-03-15 16:45:00.0000",9.78,76.72,0.6181785464286804,3.077874183654785,15.348793029785156
"2025-03-15 17:00:00.0000",10.42,73.29,1.1730327606201172,3.9299001693725586,13.055188179016113
"2025-03-15 17:15:00.0000",9.43,77.06,0.8556915521621704,3.7106246948242188,9.791095733642578
"2025-03-15 17:30:00.0000",8.99,78.96,2.729137420654297,7.945892810821533,21.70050621032715
"2025-03-15 17:45:00.0000",8.69,81.86,1.346543550491333,4.005007266998291,14.292654037475586
"2025-03-15 18:00:00.0000",8.48,83.45,0.7152591347694397,3.603450298309326,11.9098482131958
"2025-03-15 18:15:00.0000",8.44,84.68,0.7152591347694397,3.603450298309326,11.9098482131958
"2025-03-15 18:30:00.0000",8.23,86.47,1.188828468322754,5.078237056732178,14.20780086517334
"2025-03-15 18:45:00.0000",8.25,85.85,1.3793493509292603,4.122552394866943,11.451106071472168
"2025-03-15 19:00:00.0000",8.2,86.73,1.521803379058838,4.2824387550354,10.938994407653809
"2025-03-15 19:15:00.0000",8.13,85.27,1.8261181116104126,4.287087440490723,10.093153953552246
"2025-03-15 19:30:00.0000",8.1,85.2,2.274416208267212,5.481595516204834,11.478204727172852
"2025-03-15 19:45:00.0000",8.12,85.84,2.173020601272583,5.163478851318359,11.787965774536133
"2025-03-15 20:00:00.0000",8.05,86.71,2.2087857723236084,5.4306159019470215,10.429128646850586
"2025-03-15 20:15:00.0000",8.09,87.04,1.5174459218978882,3.8203823566436768,14.932755470275879
"2025-03-15 20:30:00.0000",8.12,86.9,1.5174459218978882,3.8203823566436768,14.932755470275879
"2025-03-15 20:45:00.0000",8.1,87.16,2.0072646141052246,5.223587989807129,10.345714569091797
"2025-03-15 21:00:00.0000",8.13,87.78,2.276318311691284,6.705867767333984,18.566665649414062
"2025-03-15 21:15:00.0000",8.16,88.17,1.3101824522018433,4.375207901000977,14.056450843811035
"2025-03-15 21:30:00.0000",8.17,88.92,1.6917376518249512,4.110243320465088,10.910013198852539
"2025-03-15 21:45:00.0000",8.12,89.38,1.2393717765808105,4.893529415130615,12.874845504760742
"2025-03-15 22:00:00.0000",8.06,90.95,1.1975024938583374,4.4198503494262695,21.933813095092773
"2025-03-15 22:15:00.0000",8.13,91.43,1.080381989479065,3.7205238342285156,8.82325267791748
"2025-03-15 22:30:00.0000",8.16,91.44,1.1408594846725464,3.5744311809539795,16.980268478393555
"2025-03-15 22:45:00.0000",8.13,91.72,1.1408594846725464,3.5744311809539795,16.980268478393555
"2025-03-15 23:00:00.0000",8.14,92.18,1.4857079982757568,4.456912040710449,17.981874465942383
"2025-03-15 23:15:00.0000",8.04,93.62,1.1925921440124512,4.834212303161621,15.388775825500488
"2025-03-15 23:30:00.0000",7.91,94.76,1.3581411838531494,4.929021835327148,18.846628189086914
"2025-03-15 23:45:00.0000",7.73,95.51,1.2340362071990967,4.235705375671387,15.404090881347656
"2025-03-16 00:00:00.0000",7.4,96.25,1.303641676902771,4.640722274780273,15.31697940826416
"2025-03-16 00:15:00.0000",7.09,97.2,1.2371411323547363,5.013039588928223,12.134875297546387
"2025-03-16 00:30:00.0000",6.87,98.15,1.73980712890625,5.591622352600098,20.255285263061523
"2025-03-16 00:45:00.0000",6.63,99.93,1.5506454706192017,5.254711627960205,23.909337997436523
"2025-03-16 01:00:00.0000",6.42,100,1.5506454706192017,5.254711627960205,23.909337997436523
"2025-03-16 01:15:00.0000",6.27,100,2.136157751083374,5.56646203994751,15.894505500793457
"2025-03-16 01:30:00.0000",6.27,100,2.108712911605835,5.136125087738037,15.960627555847168
"2025-03-16 01:45:00.0000",6.23,100,2.261434555053711,5.873900413513184,16.21097183227539
"2025-03-16 02:00:00.0000",6.06,100,2.2662930488586426,5.948484897613525,15.991156578063965
"2025-03-16 02:15:00.0000",5.96,100,1.822385311126709,4.5727667808532715,14.813589096069336
"2025-03-16 02:30:00.0000",6.01,99.98,2.168835163116455,5.583058834075928,13.314565658569336
"2025-03-16 02:45:00.0000",5.97,99.82,1.9333487749099731,4.371790409088135,12.210393905639648
"2025-03-16 03:00:00.0000",5.82,99.92,2.551539182662964,5.148334980010986,12.184548377990723
"2025-03-16 03:15:00.0000",5.61,100,2.551539182662964,5.148334980010986,12.184548377990723
"2025-03-16 03:30:00.0000",5.48,100,2.75518798828125,5.021355628967285,8.851677894592285
"2025-03-16 03:45:00.0000",5.39,100,3.2145307064056396,6.494597434997559,12.588241577148438
"2025-03-16 04:00:00.0000",5.4,100,3.3632805347442627,6.577268600463867,12.857874870300293
"2025-03-16 04:15:00.0000",5.33,100,2.9065937995910645,5.792737007141113,14.450841903686523
"2025-03-16 04:30:00.0000",5.15,100,4.111715793609619,9.789229393005371,19.284339904785156
"2025-03-16 04:45:00.0000",5.08,100,2.7254109382629395,5.577054023742676,10.633698463439941
"2025-03-16 05:00:00.0000",4.95,100,3.2284088134765625,6.970490455627441,18.896957397460938
"2025-03-16 05:15:00.0000",4.79,100,3.0323684215545654,6.068179130554199,15.608484268188477
"2025-03-16 05:30:00.0000",4.64,100,3.0323684215545654,6.068179130554199,15.608484268188477
"2025-03-16 05:45:00.0000",4.49,100,3.2661094665527344,5.578949451446533,12.38247013092041
"2025-03-16 06:00:00.0000",4.32,100,3.7363169193267822,6.996557712554932,13.624147415161133
"2025-03-16 06:15:00.0000",4.02,100,5.341032981872559,9.504029273986816,26.940584182739258
"2025-03-16 06:30:00.0000",3.86,100,5.12855339050293,8.29727840423584,12.6345796585083
"2025-03-16 06:45:00.0000",3.93,100,4.9953203201293945,7.676336288452148,11.587946891784668
"2025-03-16 07:00:00.0000",4.15,100,6.559155464172363,11.134272575378418,18.68149757385254
"2025-03-16 07:15:00.0000",4.4,100,7.059136390686035,11.544785499572754,23.640180587768555
"2025-03-16 07:30:00.0000",4.57,100,7.404764175415039,10.091181755065918,13.303424835205078
"2025-03-16 07:45:00.0000",4.78,100,7.404764175415039,10.091181755065918,13.303424835205078
"2025-03-16 08:00:00.0000",5.04,100,7.133997440338135,12.08559799194336,21.4519100189209
"2025-03-16 08:15:00.0000",5.26,100,7.43337345123291,12.590346336364746,26.191173553466797
"2025-03-16 08:30:00.0000",5.46,100,8.703097343444824,13.709569931030273,23.18079948425293
"2025-03-16 08:45:00.0000",5.78,100,8.27556324005127,12.009102821350098,19.670724868774414
"2025-03-16 09:00:00.0000",6.03,100,8.029132843017578,11.991141319274902,16.41948699951172
"2025-03-16 09:15:00.0000",6.31,100,7.140286922454834,12.048299789428711,22.435867309570312
"2025-03-16 09:30:00.0000",6.81,97.66,3.0107674598693848,6.146214008331299,12.284575462341309
"2025-03-16 09:45:00.0000",7.93,85.54,3.013504981994629,6.138714790344238,17.77699851989746
"2025-03-16 10:00:00.0000",8.96,78.5,3.013504981994629,6.138714790344238,17.77699851989746
"2025-03-16 10:15:00.0000",9.67,73.22,2.238781690597534,4.1543803215026855,10.007147789001465
"2025-03-16 10:30:00.0000",10.68,70.55,2.405740261077881,5.606258869171143,18.3970947265625
"2025-03-16 10:45:00.0000",12.19,61.74,1.000797986984253,1.7721683979034424,7.006856441497803
"2025-03-16 11:00:00.0000",13.56,59.83,1.8097163438796997,3.6584417819976807,7.18806791305542
"2025-03-16 11:15:00.0000",12.27,60.34,0.8090662956237793,1.731796383857727,5.556179523468018
"2025-03-16 11:30:00.0000",11.66,62.4,0.9577900767326355,2.6855013370513916,10.148500442504883
"2025-03-16 11:45:00.0000",11.52,65.02,1.8749066591262817,4.36229133605957,14.978109359741211
"2025-03-16 12:00:00.0000",11.04,67.74,1.3431140184402466,3.3061158657073975,9.05241870880127
"2025-03-16 12:15:00.0000",10.97,68.85,1.3431140184402466,3.3061158657073975,9.05241870880127
"2025-03-16 12:30:00.0000",10.96,70.19,1.8002538681030273,4.181274890899658,11.126053810119629
"2025-03-16 12:45:00.0000",10.42,78.55,2.0354580879211426,4.851551055908203,12.747468948364258
"2025-03-16 13:00:00.0000",10.26,78.64,1.8491970300674438,4.155945301055908,18.054431915283203
"2025-03-16 13:15:00.0000",10.21,79.69,1.8076426982879639,4.343894958496094,18.705942153930664
"2025-03-16 13:30:00.0000",10.32,79.54,2.638678550720215,5.908443927764893,16.142297744750977
"2025-03-16 13:45:00.0000",10.31,78.54,1.5050889253616333,3.159226179122925,6.454643726348877
"2025-03-16 14:00:00.0000",10.23,78.95,1.8237122297286987,3.9212021827697754,17.146303176879883
"2025-03-16 14:15:00.0000",10.56,79.34,1.7462214231491089,4.572469234466553,14.10055160522461
"2025-03-16 14:30:00.0000",10.31,80.02,1.7462214231491089,4.572469234466553,14.10055160522461
"2025-03-16 14:45:00.0000",9.99,81.18,1.2188419103622437,2.7412145137786865,7.14613151550293
"2025-03-16 15:00:00.0000",10.04,83.01,1.347027063369751,2.471989154815674,5.432919025421143
"2025-03-16 15:15:00.0000",10.22,84.02,1.4923272132873535,3.7036139965057373,8.714967727661133
"2025-03-16 15:30:00.0000",10.52,83.11,1.61040198802948,3.876856565475464,7.058147430419922
"2025-03-16 15:45:00.0000",10.23,85.88,1.362564206123352,3.9128215312957764,9.273625373840332
"2025-03-16 16:00:00.0000",9.88,89.12,1.1220569610595703,2.717792272567749,12.963648796081543
"2025-03-16 16:15:00.0000",9.69,91.33,1.2291821241378784,3.119706630706787,9.932186126708984
"2025-03-16 16:30:00.0000",9.7,92.48,2.9420411586761475,6.062598705291748,12.075505256652832
"2025-03-16 16:45:00.0000",9.79,92.59,2.9420411586761475,6.062598705291748,12.075505256652832
"2025-03-16 17:00:00.0000",9.88,92.59,1.6492410898208618,4.0747456550598145,8.392391204833984
"2025-03-16 17:15:00.0000",10.28,81.63,1.4278103113174438,2.9716410636901855,7.590628147125244
"2025-03-16 17:30:00.0000",10.67,78.51,0.8996939063072205,1.8461614847183228,7.9557037353515625
"2025-03-16 17:45:00.0000",10.63,78.41,1.3756415843963623,2.9096014499664307,5.850216388702393
"2025-03-16 18:00:00.0000",10.59,77.89,1.6768949031829834,3.56160569190979,10.601461410522461
"2025-03-16 18:15:00.0000",10.54,78.44,1.7431923151016235,3.1164252758026123,5.60563325881958
"2025-03-16 18:30:00.0000",10.37,79.45,1.4083069562911987,2.8687801361083984,6.685939311981201
"2025-03-16 18:45:00.0000",10.25,80.12,1.85247802734375,4.504648685455322,13.207989692687988
"2025-03-16 19:00:00.0000",10.18,80.84,1.85247802734375,4.504648685455322,13.207989692687988
"2025-03-16 19:15:00.0000",9.98,81.61,1.558555245399475,3.9305667877197266,10.144611358642578
"2025-03-16 19:30:00.0000",9.77,83.37,2.328566789627075,4.876862525939941,14.978050231933594
"2025-03-16 19:45:00.0000",9.7,84.19,2.484560251235962,5.280688285827637,9.811630249023438
"2025-03-16 20:00:00.0000",9.59,85.28,2.550766706466675,4.509578704833984,8.524226188659668
"2025-03-16 20:15:00.0000",9.44,85.77,1.7264806032180786,3.882899284362793,13.589645385742188
"2025-03-16 20:30:00.0000",9.01,86.21,1.4883766174316406,3.3793654441833496,12.651457786560059
"2025-03-16 20:45:00.0000",8.98,86.85,1.436802864074707,4.219892978668213,7.867215156555176
"2025-03-16 21:00:00.0000",8.98,86.82,1.3044564723968506,3.679927110671997,14.377389907836914
"2025-03-16 21:15:00.0000",8.83,87.09,1.3044564723968506,3.679927110671997,14.377389907836914
"2025-03-16 21:30:00.0000",8.79,86.85,1.2511205673217773,3.8206894397735596,9.493935585021973
"2025-03-16 21:45:00.0000",8.82,86.54,1.394824504852295,4.123291969299316,15.789222717285156
"2025-03-16 22:00:00.0000",8.79,86.43,1.3592253923416138,3.3706905841827393,10.784966468811035
"2025-03-16 22:15:00.0000",8.61,86.55,1.4057443141937256,4.676909923553467,10.064481735229492
"2025-03-16 22:30:00.0000",8.53,86.79,1.1669583320617676,3.96821665763855,8.39467716217041
"2025-03-16 22:45:00.0000",8.37,87.24,1.1883976459503174,4.229583263397217,11.446046829223633
"2025-03-16 23:00:00.0000",8.37,87.02,1.0717600584030151,3.8985350131988525,13.827220916748047
"2025-03-16 23:15:00.0000",8.31,85.99,1.3265552520751953,4.049341678619385,7.777048587799072
"2025-03-16 23:30:00.0000",8.22,85.43,1.3265552520751953,4.049341678619385,7.777048587799072
"2025-03-16 23:45:00.0000",8.23,85.14,1.3488126993179321,4.265730381011963,10.323237419128418
"2025-03-17 00:00:00.0000",8.22,83.67,1.0707892179489136,3.2146241664886475,8.297720909118652
"2025-03-17 00:15:00.0000",8.15,82.4,1.13656485080719,4.323063373565674,13.8941650390625
"2025-03-17 00:30:00.0000",8.19,80.02,1.0753177404403687,4.726593494415283,20.545368194580078
"2025-03-17 00:45:00.0000",8.25,80.1,1.143547534942627,4.967722415924072,16.61055564880371
"2025-03-17 01:00:00.0000",8.32,79.99,1.2516382932662964,4.607374668121338,10.82519817352295
"2025-03-17 01:15:00.0000",8.26,80.3,1.2291063070297241,5.463455677032471,15.147943496704102
"2025-03-17 01:30:00.0000",8.2,80.08,1.141532063484192,4.743092060089111,11.159051895141602
"2025-03-17 01:45:00.0000",8.16,79.58,1.141532063484192,4.743092060089111,11.159051895141602
"2025-03-17 02:00:00.0000",8.14,78.94,1.1751762628555298,5.516628265380859,19.971725463867188
"2025-03-17 02:15:00.0000",8.13,79.72,1.4659284353256226,6.241795063018799,19.332069396972656
"2025-03-17 02:30:00.0000",8.03,78.65,1.4548457860946655,6.3284430503845215,17.304210662841797
"2025-03-17 02:45:00.0000",8.08,78.75,1.3200799226760864,5.562916278839111,23.184139251708984
"2025-03-17 03:00:00.0000",7.95,80.93,1.3292325735092163,5.89150333404541,14.383437156677246
"2025-03-17 03:15:00.0000",7.77,81.53,1.2065905332565308,5.7859601974487305,16.537860870361328
"2025-03-17 03:30:00.0000",7.81,80.41,1.4440767765045166,6.208299160003662,17.032129287719727
"2025-03-17 03:45:00.0000",7.8,79.54,1.8356831073760986,8.262577056884766,20.081035614013672
"2025-03-17 04:00:00.0000",7.7,78.27,1.8356831073760986,8.262577056884766,20.081035614013672
"2025-03-17 04:15:00.0000",7.78,77.59,1.7253471612930298,7.384762763977051,17.40425682067871
"2025-03-17 04:30:00.0000",7.68,78.12,1.4639695882797241,6.92991304397583,15.139737129211426
"2025-03-17 04:45:00.0000",7.57,79.64,1.5551990270614624,7.040650367736816,25.86912727355957
"2025-03-17 05:00:00.0000",7.49,78.9,1.026429533958435,5.388802528381348,17.467397689819336
"2025-03-17 05:15:00.0000",7.4,77.95,0.9157769083976746,4.3022027015686035,14.144928932189941
"2025-03-17 05:30:00.0000",7.36,81.57,0.8759717345237732,3.985321283340454,16.482961654663086
"2025-03-17 05:45:00.0000",7.18,84.09,0.6244064569473267,2.7497220039367676,8.183116912841797
"2025-03-17 06:00:00.0000",7.19,85.45,2.028813123703003,5.337758541107178,20.045358657836914
"2025-03-17 06:15:00.0000",7,88.43,2.028813123703003,5.337758541107178,20.045358657836914
"2025-03-17 06:30:00.0000",6.79,90.36,0.7351114153862,2.9069571495056152,15.245776176452637
"2025-03-17 06:45:00.0000",6.72,90.75,0.694411039352417,2.175417184829712,6.682721138000488
"2025-03-17 07:00:00.0000",6.76,90.44,0.7068430185317993,1.843690037727356,9.059747695922852
"2025-03-17 07:15:00.0000",6.98,89.91,0.650771975517273,2.0306038856506348,6.683430194854736
"2025-03-17 07:30:00.0000",6.82,91.2,0.657170295715332,2.314133644104004,6.693531513214111
"2025-03-17 07:45:00.0000",6.87,91.99,0.9663861393928528,3.2557730674743652,12.643054008483887
"2025-03-17 08:00:00.0000",7.09,91.47,0.9104833006858826,3.3466224670410156,13.983128547668457
"2025-03-17 08:15:00.0000",7.08,89.95,1.2109421491622925,5.257602214813232,19.565820693969727
"2025-03-17 08:30:00.0000",7.04,88.7,1.2109421491622925,5.257602214813232,19.565820693969727
"2025-03-17 08:45:00.0000",7.26,87.46,1.7358736991882324,5.841072082519531,24.032176971435547
"2025-03-17 09:00:00.0000",7.49,85.21,2.355848789215088,7.095826148986816,19.88266372680664
"2025-03-17 09:15:00.0000",7.17,84.48,1.1658174991607666,4.1478118896484375,13.373546600341797
"2025-03-17 09:30:00.0000",7.4,82.74,1.2860385179519653,4.200122833251953,9.215806007385254
"2025-03-17 09:45:00.0000",7.66,77.65,0.8449478149414062,2.338676691055298,8.67391300201416
"2025-03-17 10:00:00.0000",7.56,76.88,1.6469775438308716,5.277644634246826,12.02649974822998
"2025-03-17 10:15:00.0000",7.36,77.05,1.0839804410934448,4.857438087463379,16.950782775878906
"2025-03-17 10:30:00.0000",7.42,76.99,1.3873552083969116,5.4430742263793945,16.661457061767578
"2025-03-17 10:45:00.0000",7.4,77.74,1.3873552083969116,5.4430742263793945,16.661457061767578
"2025-03-17 11:00:00.0000",7.49,75.61,2.0291025638580322,8.518928527832031,22.515518188476562
"2025-03-17 11:15:00.0000",7.55,73.5,1.9073569774627686,7.474926471710205,27.188568115234375
"2025-03-17 11:30:00.0000",7.76,71.88,2.0086753368377686,8.59791088104248,24.844127655029297
"2025-03-17 11:45:00.0000",7.97,72.04,2.069924831390381,7.783938884735107,23.45915985107422
"2025-03-17 12:00:00.0000",8.23,70.31,2.325073719024658,9.24939250946045,23.53662109375
"2025-03-17 12:15:00.0000",8.22,69.49,2.270987033843994,9.881430625915527,33.54716873168945
"2025-03-17 12:30:00.0000",8.27,69.58,2.5144741535186768,10.603863716125488,31.377538681030273
"2025-03-17 12:45:00.0000",8.93,68.41,2.461371660232544,9.58668041229248,24.414426803588867
"2025-03-17 13:00:00.0000",8.82,67.09,2.461371660232544,9.58668041229248,24.414426803588867
"2025-03-17 13:15:00.0000",8.7,67.02,2.483175754547119,10.05401611328125,38.768096923828125
"2025-03-17 13:30:00.0000",9.29,66.05,2.538372039794922,10.434809684753418,31.698688507080078
"2025-03-17 13:45:00.0000",9.26,66.36,2.7752394676208496,10.55748176574707,26.102508544921875
"2025-03-17 14:00:00.0000",9.14,67.01,2.400831937789917,10.326042175292969,40.98316192626953
"2025-03-17 14:15:00.0000",9.33,66.19,2.105544090270996,8.433459281921387,23.273719787597656
"2025-03-17 14:30:00.0000",9.51,65.87,2.180272340774536,8.74409294128418,27.474645614624023
"2025-03-17 14:45:00.0000",9.24,66.89,2.369731903076172,8.512116432189941,21.88469123840332
"2025-03-17 15:00:00.0000",9.35,66.4,2.595552682876587,9.51508903503418,32.990333557128906
"2025-03-17 15:15:00.0000",9.13,66.21,2.595552682876587,9.51508903503418,32.990333557128906
"2025-03-17 15:30:00.0000",9.06,66.5,2.400749444961548,8.217206001281738,20.4863338470459
"2025-03-17 15:45:00.0000",9.08,66.84,2.193204641342163,8.91946792602539,25.17741584777832
"2025-03-17 16:00:00.0000",9.06,67.34,2.0697834491729736,8.518540382385254,18.96713638305664
"2025-03-17 16:15:00.0000",8.81,68.62,2.0223782062530518,9.12303352355957,29.03363800048828
"2025-03-17 16:30:00.0000",9.08,68.55,2.2254929542541504,8.309462547302246,25.223840713500977
"2025-03-17 16:45:00.0000",8.95,68.43,1.967050313949585,8.839816093444824,34.238189697265625
"2025-03-17 17:00:00.0000",8.74,69.34,2.0352916717529297,8.460925102233887,30.058584213256836
"2025-03-17 17:15:00.0000",8.61,69.07,2.2481155395507812,8.174269676208496,19.180692672729492
"2025-03-17 17:30:00.0000",8.47,70.16,2.2481155395507812,8.174269676208496,19.180692672729492
"2025-03-17 17:45:00.0000",8.67,70.97,2.2121338844299316,8.088911056518555,19.743244171142578
"2025-03-17 18:00:00.0000",8.55,71.21,1.9869091510772705,8.353974342346191,26.255224227905273
"2025-03-17 18:15:00.0000",8.45,71.46,2.1760776042938232,8.415542602539062,20.544715881347656
"2025-03-17 18:30:00.0000",8.49,71.56,2.398747205734253,7.144012928009033,20.943185806274414
"2025-03-17 18:45:00.0000",8.45,71.85,2.3103888034820557,8.589202880859375,24.4002742767334
"2025-03-17 19:00:00.0000",8.44,72.6,2.3958184719085693,8.915772438049316,21.94523048400879
"2025-03-17 19:15:00.0000",8.36,73.17,2.5916588306427,9.02039623260498,30.588298797607422
"2025-03-17 19:30:00.0000",8.22,74.17,2.399549722671509,8.570213317871094,25.649574279785156
"2025-03-17 19:45:00.0000",8.16,74.7,2.399549722671509,8.570213317871094,25.649574279785156
"2025-03-17 20:00:00.0000",8.27,74.97,2.8212337493896484,9.482065200805664,32.26017379760742
"2025-03-17 20:15:00.0000",8.4,75.46,2.7588212490081787,8.773427963256836,19.600854873657227
"2025-03-17 20:30:00.0000",8.35,78.21,2.716876983642578,10.939912796020508,31.066959381103516
"2025-03-17 20:45:00.0000",8.37,79.5,2.983649492263794,9.334966659545898,28.938983917236328
"2025-03-17 21:00:00.0000",7.95,80.94,2.9810380935668945,9.221864700317383,17.849987030029297
"2025-03-17 21:15:00.0000",7.78,82.19,2.3968265056610107,7.991819858551025,22.38796615600586
"2025-03-17 21:30:00.0000",7.44,84.55,2.5751426219940186,9.157185554504395,24.73447036743164
"2025-03-17 21:45:00.0000",7,86.19,2.9457898139953613,11.280915260314941,29.924701690673828
"2025-03-17 22:00:00.0000",6.62,88.3,2.9457898139953613,11.280915260314941,29.924701690673828
"2025-03-17 22:15:00.0000",6.25,89.99,2.7364509105682373,8.45768928527832,26.000347137451172
"2025-03-17 22:30:00.0000",5.97,91.57,2.9613161087036133,10.180789947509766,22.92022705078125
"2025-03-17 22:45:00.0000",5.63,93.26,3.116898536682129,9.83143424987793,24.351520538330078
"2025-03-17 23:00:00.0000",5.47,94.46,3.041163682937622,10.385920524597168,32.869415283203125
"2025-03-17 23:15:00.0000",5.32,95.4,3.137953042984009,9.623766899108887,20.299270629882812
"2025-03-17 23:30:00.0000",5.23,96.12,3.1448535919189453,9.12787914276123,23.389949798583984
"2025-03-17 23:45:00.0000",5.08,97.06,3.1181399822235107,9.463531494140625,26.658954620361328
"2025-03-18 00:00:00.0000",4.95,97.91,3.2480037212371826,9.58969497680664,28.334575653076172
"2025-03-18 00:15:00.0000",4.84,98.65,3.2480037212371826,9.58969497680664,28.334575653076172
"2025-03-18 00:30:00.0000",4.83,98.88,3.218205213546753,8.285123825073242,19.483083724975586
"2025-03-18 00:45:00.0000",4.92,98.51,2.9493913650512695,8.655301094055176,22.450464248657227
"2025-03-18 01:00:00.0000",4.92,98.27,3.218388557434082,9.008522033691406,21.414226531982422
"2025-03-18 01:15:00.0000",4.78,98.51,3.0822205543518066,8.009002685546875,22.00080108642578
"2025-03-18 01:30:00.0000",4.65,98.81,2.5982401371002197,6.7773332595825195,16.17249870300293
"2025-03-18 01:45:00.0000",4.54,99.01,2.57947039604187,7.416525363922119,19.165786743164062
"2025-03-18 02:00:00.0000",4.38,99.33,3.6239490509033203,8.598440170288086,15.792877197265625
"2025-03-18 02:15:00.0000",4.24,99.76,2.9467203617095947,7.149690628051758,22.6744441986084
"2025-03-18 02:30:00.0000",4.11,99.81,2.9467203617095947,7.149690628051758,22.6744441986084
"2025-03-18 02:45:00.0000",3.89,100,3.5076985359191895,7.9668121337890625,26.233570098876953
"2025-03-18 03:00:00.0000",3.74,100,3.5946030616760254,7.739721775054932,20.66799545288086
"2025-03-18 03:15:00.0000",3.66,100,4.0096116065979,8.434648513793945,18.813213348388672
"2025-03-18 03:30:00.0000",3.48,100,3.969801425933838,8.849915504455566,17.733352661132812
"2025-03-18 03:45:00.0000",3.45,100,4.165328502655029,9.725674629211426,18.26805877685547
"2025-03-18 04:00:00.0000",3.33,100,4.225375652313232,9.409433364868164,19.4938907623291
"2025-03-18 04:15:00.0000",3.28,100,4.708066463470459,10.789449691772461,28.896785736083984
"2025-03-18 04:30:00.0000",3.26,100,4.891177177429199,11.856033325195312,27.13642692565918
"2025-03-18 04:45:00.0000",3.26,100,4.891177177429199,11.856033325195312,27.13642692565918
"2025-03-18 05:00:00.0000",3.31,100,5.021670341491699,11.709637641906738,25.77252197265625
"2025-03-18 05:15:00.0000",3.28,100,4.859025001525879,11.531432151794434,28.02992820739746
"2025-03-18 05:30:00.0000",3.28,100,4.9995574951171875,12.278199195861816,30.1075382232666
"2025-03-18 05:45:00.0000",3.22,100,4.964110851287842,12.119382858276367,29.251413345336914
"2025-03-18 06:00:00.0000",3.18,100,5.0505499839782715,12.974892616271973,38.26112365722656
"2025-03-18 06:15:00.0000",3.1,100,5.193154811859131,12.388935089111328,28.301002502441406
"2025-03-18 06:30:00.0000",3.08,100,5.3581647872924805,12.94359016418457,28.365657806396484
"2025-03-18 06:45:00.0000",3.03,100,5.767106533050537,13.05273151397705,26.23651885986328
"2025-03-18 07:00:00.0000",3.1,100,5.767106533050537,13.05273151397705,26.23651885986328
"2025-03-18 07:15:00.0000",3.14,100,5.928445816040039,13.960603713989258,40.54359817504883
"2025-03-18 07:30:00.0000",3.36,100,6.104088306427002,13.010038375854492,30.072265625
"2025-03-18 07:45:00.0000",3.72,100,6.158866882324219,14.113399505615234,35.24705123901367
"2025-03-18 08:00:00.0000",4.05,100,6.017513751983643,14.063203811645508,40.81465148925781
"2025-03-18 08:15:00.0000",4.51,97,5.671480178833008,13.737592697143555,27.129552841186523
"2025-03-18 08:30:00.0000",5.15,92.95,4.758073329925537,11.08258056640625,28.939815521240234
"2025-03-18 08:45:00.0000",5.68,88.75,4.10255765914917,9.689821243286133,21.996246337890625
"2025-03-18 09:00:00.0000",6.08,85.9,3.702185869216919,7.760419845581055,20.58445167541504
"2025-03-18 09:15:00.0000",6.56,81.29,3.702185869216919,7.760419845581055,20.58445167541504
"2025-03-18 09:30:00.0000",6.76,78.76,3.177211284637451,7.372610569000244,30.225547790527344
"2025-03-18 09:45:00.0000",7.28,74.84,2.885185480117798,6.78552770614624,17.56532859802246
"2025-03-18 10:00:00.0000",7.66,70.59,2.4665279388427734,6.6886420249938965,28.79340934753418
"2025-03-18 10:15:00.0000",8.08,69.91,2.5263073444366455,6.120119571685791,20.5596923828125
"2025-03-18 10:30:00.0000",8.87,63.66,2.269259214401245,5.325655460357666,26.386852264404297
"2025-03-18 10:45:00.0000",10.85,59.04,2.2103753089904785,5.333664894104004,13.591950416564941
"2025-03-18 11:00:00.0000",11.03,57.27,2.9150800704956055,5.596832752227783,20.939924240112305
"2025-03-18 11:15:00.0000",11.81,55.62,2.7738256454467773,5.426764011383057,26.36918830871582
"2025-03-18 11:30:00.0000",13.35,51.36,2.7738256454467773,5.426764011383057,26.36918830871582
"2025-03-18 11:45:00.0000",13.51,49.76,2.6699039936065674,6.246150016784668,25.406902313232422
"2025-03-18 12:00:00.0000",12.96,49.17,2.0094823837280273,4.231597900390625,17.870195388793945
"2025-03-18 12:15:00.0000",12.74,49.65,2.537379026412964,6.78373384475708,30.75745964050293
"2025-03-18 12:30:00.0000",13.14,47.71,2.021639347076416,4.404567718505859,34.77919006347656
"2025-03-18 12:45:00.0000",14.1,44.52,1.9324193000793457,4.392765522003174,28.84447479248047
"2025-03-18 13:00:00.0000",13.38,44.99,1.7268283367156982,3.6559085845947266,19.50371742248535
"2025-03-18 13:15:00.0000",14.04,44.22,1.8812329769134521,3.9065468311309814,23.243083953857422
"2025-03-18 13:30:00.0000",15.21,41.31,1.6387535333633423,3.5863585472106934,14.705735206604004
"2025-03-18 13:45:00.0000",15.72,39.65,1.6387535333633423,3.5863585472106934,14.705735206604004
"2025-03-18 14:00:00.0000",14.91,40.97,1.8561288118362427,4.0712890625,16.961933135986328
"2025-03-18 14:15:00.0000",15.56,39.77,1.71213960647583,4.137725830078125,18.2778263092041
"2025-03-18 14:30:00.0000",15.82,39.34,1.9525748491287231,5.288962364196777,22.66574478149414
"2025-03-18 14:45:00.0000",15.93,39.75,1.8029249906539917,4.057015419006348,16.616756439208984
"2025-03-18 15:00:00.0000",15.53,40.37,1.8196519613265991,4.239770412445068,14.648185729980469
"2025-03-18 15:15:00.0000",15.62,39.93,1.9765245914459229,4.249054908752441,20.540996551513672
"2025-03-18 15:30:00.0000",15.17,41,1.8596563339233398,3.81562876701355,15.991369247436523
"2025-03-18 15:45:00.0000",14.91,40.92,1.8922882080078125,3.8173837661743164,17.382761001586914
"2025-03-18 16:00:00.0000",15.6,40.11,1.8922882080078125,3.8173837661743164,17.382761001586914
"2025-03-18 16:15:00.0000",15.43,40.09,1.8915058374404907,4.81270694732666,21.093605041503906
"2025-03-18 16:30:00.0000",15.73,37.75,1.622065782546997,3.745532751083374,20.156442642211914
"2025-03-18 16:45:00.0000",15.47,37.55,1.6642833948135376,3.93052339553833,19.757177352905273
"2025-03-18 17:00:00.0000",14.99,38.89,1.713704228401184,4.0322957038879395,25.288366317749023
"2025-03-18 17:15:00.0000",14.94,39.98,2.466794967651367,5.584212779998779,16.056041717529297
"2025-03-18 17:30:00.0000",13.77,43.03,2.0077075958251953,4.313937187194824,19.539926528930664
"2025-03-18 17:45:00.0000",13.6,44.87,2.097681760787964,4.572722911834717,15.554611206054688
"2025-03-18 18:00:00.0000",13.13,46.82,2.397470712661743,5.608415603637695,17.219797134399414
"2025-03-18 18:15:00.0000",12.34,49.11,2.397470712661743,5.608415603637695,17.219797134399414
"2025-03-18 18:30:00.0000",11.77,51.52,3.068718194961548,6.103643894195557,23.909996032714844
"2025-03-18 18:45:00.0000",11.32,53.41,3.1639926433563232,6.582125186920166,28.63006019592285
"2025-03-18 19:00:00.0000",10.9,55.25,4.202927112579346,8.282129287719727,19.70272445678711
"2025-03-18 19:15:00.0000",10.57,56.96,4.37543249130249,9.170164108276367,30.67705726623535
"2025-03-18 19:30:00.0000",10.18,58.67,3.1516189575195312,6.153863906860352,19.72715950012207
"2025-03-18 19:45:00.0000",9.84,60.07,3.9351394176483154,7.78294038772583,22.99408531188965
"2025-03-18 20:00:00.0000",9.54,61.49,3.0091795921325684,6.79559326171875,30.491806030273438
"2025-03-18 20:15:00.0000",9.32,62.86,3.067930221557617,7.370917320251465,17.54453468322754
"2025-03-18 20:30:00.0000",9.07,64.28,3.067930221557617,7.370917320251465,17.54453468322754
"2025-03-18 20:45:00.0000",8.83,65.51,2.8756744861602783,6.51437520980835,19.55485725402832
"2025-03-18 21:00:00.0000",8.58,66.82,3.3156418800354004,7.95889949798584,35.71549606323242
"2025-03-18 21:15:00.0000",8.28,68.11,3.252711534500122,7.779290676116943,20.535566329956055
"2025-03-18 21:30:00.0000",8.03,69.4,3.4935646057128906,7.759835243225098,21.97386360168457
"2025-03-18 21:45:00.0000",7.73,70.73,3.7186152935028076,7.696674346923828,23.05402183532715
"2025-03-18 22:00:00.0000",7.5,71.31,3.7225546836853027,7.842966079711914,20.902244567871094
"2025-03-18 22:15:00.0000",7.3,71.47,3.592715263366699,7.584147930145264,26.225688934326172
"2025-03-18 22:30:00.0000",7.04,71.66,3.5655393600463867,7.140052795410156,15.438201904296875
"2025-03-18 22:45:00.0000",6.82,71.97,3.5655393600463867,7.140052795410156,15.438201904296875
"2025-03-18 23:00:00.0000",6.51,73.46,3.6201283931732178,7.858569145202637,18.3219051361084
"2025-03-18 23:15:00.0000",6.26,74.89,4.073285102844238,8.867846488952637,22.07887840270996
"2025-03-18 23:30:00.0000",6.06,75.46,3.9917900562286377,7.756895542144775,15.800437927246094
"2025-03-18 23:45:00.0000",5.84,76.12,4.0778045654296875,8.859151840209961,23.7198486328125
"2025-03-19 00:00:00.0000",5.7,76.53,3.672661304473877,8.31828784942627,22.815204620361328
"2025-03-19 00:15:00.0000",5.54,76.83,3.816462755203247,7.456192970275879,15.127579689025879
"2025-03-19 00:30:00.0000",5.37,77.23,3.801342010498047,7.501842021942139,23.294139862060547
"2025-03-19 00:45:00.0000",5.2,77.2,3.8453218936920166,7.778876781463623,17.656198501586914
"2025-03-19 01:00:00.0000",5.06,77.46,3.8453218936920166,7.778876781463623,17.656198501586914
"2025-03-19 01:15:00.0000",4.99,77.43,3.9173450469970703,7.5506591796875,15.081311225891113
"2025-03-19 01:30:00.0000",4.88,78.11,3.907219409942627,7.91730260848999,20.196388244628906
"2025-03-19 01:45:00.0000",4.7,79.37,4.644925117492676,9.107151985168457,17.871482849121094
"2025-03-19 02:00:00.0000",4.56,79.64,4.094232082366943,7.86253023147583,16.909685134887695
"2025-03-19 02:15:00.0000",4.43,80.36,4.3305487632751465,8.536213874816895,16.49517822265625
"2025-03-19 02:30:00.0000",4.35,81.06,4.591182708740234,7.759749412536621,19.660322189331055
"2025-03-19 02:45:00.0000",4.09,82.36,4.229555130004883,7.355525493621826,16.426578521728516
"2025-03-19 03:00:00.0000",3.94,83.47,4.418657302856445,8.803824424743652,24.997434616088867
"2025-03-19 03:15:00.0000",3.81,84.3,4.418657302856445,8.803824424743652,24.997434616088867
"2025-03-19 03:30:00.0000",3.76,84.63,4.636985778808594,8.872235298156738,21.648597717285156
"2025-03-19 03:45:00.0000",3.69,85.05,4.945532321929932,9.319396018981934,28.923757553100586
"2025-03-19 04:00:00.0000",3.6,85.67,4.692281723022461,8.300765991210938,12.318510055541992
"2025-03-19 04:15:00.0000",3.46,86.62,5.60181999206543,9.814661026000977,28.039798736572266
"2025-03-19 04:30:00.0000",3.36,86.77,4.717081546783447,8.002030372619629,20.640872955322266
"2025-03-19 04:45:00.0000",3.3,87.39,5.416894435882568,9.648446083068848,27.225740432739258
"2025-03-19 05:00:00.0000",3.25,87.91,5.724489212036133,10.143750190734863,23.26840591430664
"2025-03-19 05:15:00.0000",3.21,88.65,6.079561233520508,11.363720893859863,25.57258415222168
"2025-03-19 05:30:00.0000",3.08,90.24,6.079561233520508,11.363720893859863,25.57258415222168
"2025-03-19 05:45:00.0000",3.21,91.47,6.346185684204102,10.91559886932373,19.33013153076172
"2025-03-19 06:00:00.0000",3.11,91.99,7.165316581726074,11.339329719543457,29.405841827392578
"2025-03-19 06:15:00.0000",2.92,93.45,6.9445977210998535,12.27599048614502,32.362030029296875
"2025-03-19 06:30:00.0000",2.83,94.32,7.258945941925049,11.911118507385254,33.06529998779297
"2025-03-19 06:45:00.0000",2.85,94.45,7.8815131187438965,12.119576454162598,22.653179168701172
"2025-03-19 07:00:00.0000",2.92,94.86,8.89854621887207,14.394926071166992,33.63385009765625
"2025-03-19 07:15:00.0000",3.12,93.98,8.399051666259766,13.57919979095459,33.960079193115234
"2025-03-19 07:30:00.0000",3.37,93.28,6.285916805267334,10.850857734680176,24.95842170715332
"2025-03-19 07:45:00.0000",3.65,91.68,6.285916805267334,10.850857734680176,24.95842170715332
"2025-03-19 08:00:00.0000",4.05,89.44,7.656337261199951,12.3032808303833,32.78669357299805
"2025-03-19 08:15:00.0000",4.49,87.32,7.055052757263184,11.382049560546875,28.04331398010254
"2025-03-19 08:30:00.0000",5,86.11,7.189794540405273,13.076895713806152,35.872406005859375
"2025-03-19 08:45:00.0000",5.32,84.64,7.454451084136963,14.063828468322754,51.29042053222656
"2025-03-19 09:00:00.0000",5.39,84.4,7.815185546875,13.628804206848145,29.623859405517578
"2025-03-19 09:15:00.0000",5.31,85.49,8.600043296813965,13.91140365600586,41.35019302368164
"2025-03-19 09:30:00.0000",5.71,84.94,9.585570335388184,16.17140769958496,49.640403747558594
"2025-03-19 09:45:00.0000",6.15,83.86,9.108710289001465,16.36289405822754,42.0789909362793
"2025-03-19 10:00:00.0000",6.59,82.12,9.108710289001465,16.36289405822754,42.0789909362793
"2025-03-19 10:15:00.0000",7.16,79.58,8.816973686218262,15.265071868896484,50.0017204284668
"2025-03-19 10:30:00.0000",8.11,77.55,9.029987335205078,14.975264549255371,47.40363311767578
"2025-03-19 10:45:00.0000",11.5,66.31,7.8380961418151855,12.536611557006836,32.8472785949707
"2025-03-19 11:00:00.0000",13.72,58.14,7.2072553634643555,16.52427864074707,64.22623443603516
"2025-03-19 11:15:00.0000",14.68,53.37,6.413519859313965,11.125347137451172,34.27605056762695
"2025-03-19 11:30:00.0000",15.49,50.74,5.860239028930664,9.241362571716309,20.315366744995117
"2025-03-19 11:45:00.0000",15.85,49.91,6.544811725616455,10.138291358947754,34.439701080322266
"2025-03-19 12:00:00.0000",15.59,50.36,6.631355285644531,11.043741226196289,30.642988204956055
"2025-03-19 12:15:00.0000",16.47,49.41,6.631355285644531,11.043741226196289,30.642988204956055
"2025-03-19 12:30:00.0000",16.07,50.08,7.073597431182861,11.301766395568848,28.268234252929688
"2025-03-19 12:45:00.0000",16.32,49.16,7.443470478057861,11.618802070617676,28.79381561279297
"2025-03-19 13:00:00.0000",16.6,49.23,7.696925640106201,11.893590927124023,36.045101165771484
"2025-03-19 13:15:00.0000",17.34,47.08,7.901180744171143,11.666105270385742,33.317535400390625
"2025-03-19 13:30:00.0000",18.06,45.64,7.970687389373779,11.798589706420898,43.99687194824219
"2025-03-19 13:45:00.0000",18.09,45.43,8.508075714111328,13.370166778564453,26.737014770507812
"2025-03-19 14:00:00.0000",18.52,44.75,8.127950668334961,11.096138000488281,23.251035690307617
"2025-03-19 14:15:00.0000",19.19,42.71,8.529645919799805,12.359992027282715,25.651830673217773
"2025-03-19 14:30:00.0000",20.02,41.31,8.529645919799805,12.359992027282715,25.651830673217773
"2025-03-19 14:45:00.0000",19.86,41.06,8.363046646118164,13.190906524658203,33.59453201293945
"2025-03-19 15:00:00.0000",20.71,39.8,8.44951057434082,11.639729499816895,23.807165145874023
"2025-03-19 15:15:00.0000",21.02,39.52,8.180184364318848,11.612079620361328,33.56415557861328
"2025-03-19 15:30:00.0000",19.79,41.7,8.177613258361816,11.650897026062012,38.11992263793945
"2025-03-19 15:45:00.0000",19.58,42.62,8.661128997802734,12.352995872497559,34.943912506103516
"2025-03-19 16:00:00.0000",19.12,43.16,8.293008804321289,12.93062973022461,33.42550277709961
"2025-03-19 16:15:00.0000",20.2,42.02,8.598700523376465,12.821280479431152,26.522916793823242
"2025-03-19 16:30:00.0000",19.84,42.3,9.060836791992188,13.67190933227539,33.8052978515625
"2025-03-19 16:45:00.0000",19.09,44.35,9.060836791992188,13.67190933227539,33.8052978515625
"2025-03-19 17:00:00.0000",16.93,49.61,8.754622459411621,13.616393089294434,44.22650146484375
"2025-03-19 17:15:00.0000",16.39,50.68,9.919106483459473,14.583683967590332,28.84067726135254
"2025-03-19 17:30:00.0000",16.56,51.15,10.089842796325684,15.920452117919922,41.96125030517578
"2025-03-19 17:45:00.0000",16.35,52.14,10.27822494506836,15.523401260375977,41.37553787231445
"2025-03-19 18:00:00.0000",16.04,56,10.227080345153809,15.683597564697266,30.341890335083008
"2025-03-19 18:15:00.0000",14.28,66.79,11.306708335876465,17.685823440551758,33.82899856567383
"2025-03-19 18:30:00.0000",12.82,72.71,12.49378776550293,17.912168502807617,33.9176025390625
"2025-03-19 18:45:00.0000",12.24,74.92,13.429003715515137,19.70686149597168,54.50836181640625
"2025-03-19 19:00:00.0000",11.57,78.62,13.429003715515137,19.70686149597168,54.50836181640625
"2025-03-19 19:15:00.0000",11.31,80.71,36.251365661621094,51.04832458496094,75.64730834960938
"2025-03-19 19:30:00.0000",11.06,82.7,52.46160125732422,71.97566986083984,89.00523376464844
"2025-03-19 19:45:00.0000",10.73,82.46,73.0224838256836,98.55879211425781,119.83189392089844
"2025-03-19 20:00:00.0000",10.47,82.91,21.967121124267578,37.59665298461914,66.6576919555664
"2025-03-19 20:15:00.0000",10.06,83.67,15.404803276062012,21.558147430419922,29.360219955444336
"2025-03-19 20:30:00.0000",9.76,85.39,16.784912109375,24.38892364501953,37.25955581665039
"2025-03-19 20:45:00.0000",9.55,87.9,17.853700637817383,24.801334381103516,35.2713737487793
"2025-03-19 21:00:00.0000",9.43,88.8,19.682254791259766,27.736644744873047,49.40593338012695
"2025-03-19 21:15:00.0000",9.06,89.89,19.682254791259766,27.736644744873047,49.40593338012695
"2025-03-19 21:30:00.0000",8.66,91.36,19.820547103881836,27.126562118530273,36.30118179321289
"2025-03-19 21:45:00.0000",8.4,93.71,22.27945899963379,31.13543701171875,58.38816452026367
"2025-03-19 22:00:00.0000",8.17,94.19,18.45560646057129,23.619449615478516,29.092103958129883
"2025-03-19 22:15:00.0000",8.11,95.74,20.37639617919922,27.20340347290039,34.99612808227539
"2025-03-19 22:30:00.0000",8.07,95.88,19.82758140563965,27.555133819580078,37.04283142089844
"2025-03-19 22:45:00.0000",8.07,96.18,20.930072784423828,30.169837951660156,48.26615905761719
"2025-03-19 23:00:00.0000",7.9,97.01,21.152875900268555,28.861764907836914,37.77818298339844
"2025-03-19 23:15:00.0000",7.76,97.86,25.44782829284668,36.8741569519043,64.41509246826172
"2025-03-19 23:30:00.0000",7.66,99.88,25.44782829284668,36.8741569519043,64.41509246826172
"2025-03-19 23:45:00.0000",7.47,99.91,24.93895721435547,34.71452331542969,58.343814849853516
"2025-03-20 00:00:00.0000",7.51,99.6,24.549039840698242,33.58381652832031,44.290069580078125
"2025-03-20 00:15:00.0000",7.44,99.13,23.47378921508789,31.769454956054688,41.83761215209961
"2025-03-20 00:30:00.0000",7.37,99.33,22.678354263305664,29.557804107666016,39.4278678894043
"2025-03-20 00:45:00.0000",7.33,100,24.957706451416016,34.81793975830078,43.2855110168457
"2025-03-20 01:00:00.0000",7.3,99.07,24.730022430419922,35.00144577026367,63.728981018066406
"2025-03-20 01:15:00.0000",7.29,98.1,21.720617294311523,30.76612663269043,46.92955780029297
"2025-03-20 01:30:00.0000",7.35,98.11,18.885215759277344,24.998735427856445,30.047739028930664
"2025-03-20 01:45:00.0000",7.44,97.25,18.885215759277344,24.998735427856445,30.047739028930664
"2025-03-20 02:00:00.0000",7.57,97.35,21.303199768066406,30.1822452545166,39.380645751953125
"2025-03-20 02:15:00.0000",7.77,96.4,20.944896697998047,29.51865577697754,45.051326751708984
"2025-03-20 02:30:00.0000",7.96,96.11,21.374183654785156,31.81343650817871,47.272945404052734
"2025-03-20 02:45:00.0000",8.05,95.59,20.102148056030273,28.025402069091797,45.53839111328125
"2025-03-20 03:00:00.0000",7.81,97.54,22.26188087463379,31.73330307006836,45.43865966796875
"2025-03-20 03:15:00.0000",8.06,95.93,22.481704711914062,30.75516700744629,39.16415023803711
"2025-03-20 03:30:00.0000",8.26,93.7,24.467418670654297,33.90995788574219,53.707313537597656
"2025-03-20 03:45:00.0000",8.25,92.92,24.30259895324707,33.439674377441406,49.68375015258789
"2025-03-20 04:00:00.0000",7.93,93.02,24.30259895324707,33.439674377441406,49.68375015258789
"2025-03-20 04:15:00.0000",7.89,92.31,25.449968338012695,34.62994384765625,52.71465301513672
"2025-03-20 04:30:00.0000",7.95,90.82,24.967378616333008,34.37297058105469,54.61642837524414
"2025-03-20 04:45:00.0000",7.82,90.8,22.401771545410156,29.5819091796875,34.07262420654297
"2025-03-20 05:00:00.0000",7.72,90.75,23.374128341674805,32.532657623291016,43.043724060058594
"2025-03-20 05:15:00.0000",7.64,90.97,23.239212036132812,32.27666091918945,42.93208312988281
"2025-03-20 05:30:00.0000",7.63,90.9,23.688121795654297,33.38269805908203,45.4032096862793
"2025-03-20 05:45:00.0000",7.49,91.4,20.83251190185547,28.38936996459961,37.733055114746094
"2025-03-20 06:00:00.0000",7.32,91.68,20.63344383239746,29.633281707763672,46.239376068115234
"2025-03-20 06:15:00.0000",7.16,92.15,20.63344383239746,29.633281707763672,46.239376068115234
"2025-03-20 06:30:00.0000",7.19,91.82,20.20880889892578,29.76981544494629,62.3548698425293
"2025-03-20 06:45:00.0000",7.29,90.87,19.273880004882812,27.984453201293945,53.460689544677734
"2025-03-20 07:00:00.0000",7.5,90.02,18.785991668701172,27.704469680786133,47.81874084472656
"2025-03-20 07:15:00.0000",7.62,89.45,18.42369842529297,26.372316360473633,36.44569396972656
"2025-03-20 07:30:00.0000",7.87,88.79,18.41857147216797,26.155345916748047,42.30223846435547
"2025-03-20 07:45:00.0000",8.33,87.72,16.930042266845703,24.356674194335938,37.100257873535156
"2025-03-20 08:00:00.0000",8.9,85.17,18.31739044189453,25.756502151489258,38.234107971191406
"2025-03-20 08:15:00.0000",9.51,83.15,19.1358699798584,27.717449188232422,42.877952575683594
"2025-03-20 08:30:00.0000",9.99,81.54,19.1358699798584,27.717449188232422,42.877952575683594
"2025-03-20 08:45:00.0000",9.89,85.7,21.500282287597656,31.765045166015625,53.44173049926758
"2025-03-20 09:00:00.0000",10.4,83.32,21.37836265563965,31.648252487182617,65.0218734741211
"2025-03-20 09:15:00.0000",11.05,80.03,20.362281799316406,30.72093963623047,63.968868255615234
"2025-03-20 09:30:00.0000",11.35,79.84,19.968896865844727,29.420907974243164,58.30077362060547
"2025-03-20 09:45:00.0000",12.12,76.54,20.554122924804688,28.56006622314453,63.79195022583008
"2025-03-20 10:00:00.0000",12.99,72.42,18.75328254699707,27.293903350830078,70.02953338623047
"2025-03-20 10:15:00.0000",13.64,71,19.131044387817383,28.990169525146484,67.55226135253906
"2025-03-20 10:30:00.0000",14.75,69,19.71084213256836,29.06449317932129,47.86907196044922
"2025-03-20 10:45:00.0000",15.91,65.71,19.71084213256836,29.06449317932129,47.86907196044922
"2025-03-20 11:00:00.0000",16.54,64.44,17.937456130981445,25.959379196166992,49.74903869628906
"2025-03-20 11:15:00.0000",19.28,56.21,18.317468643188477,26.188535690307617,63.71714782714844
"2025-03-20 11:30:00.0000",20.19,54.43,16.870080947875977,24.34153938293457,51.005226135253906
"2025-03-20 11:45:00.0000",20.51,52.09,13.437512397766113,19.071632385253906,36.11602020263672
"2025-03-20 12:00:00.0000",20.37,53.53,13.351999282836914,19.229833602905273,38.90955352783203
"2025-03-20 12:15:00.0000",20.18,53.59,10.916340827941895,16.590438842773438,29.41368293762207
"2025-03-20 12:30:00.0000",19.53,56.69,8.837380409240723,13.125368118286133,34.596580505371094
"2025-03-20 12:45:00.0000",19.86,55.71,6.8422088623046875,11.567702293395996,47.52012252807617
"2025-03-20 13:00:00.0000",19.95,55.48,6.8422088623046875,11.567702293395996,47.52012252807617
"2025-03-20 13:15:00.0000",19.95,55.57,5.41288948059082,9.302616119384766,26.932220458984375
"2025-03-20 13:30:00.0000",19.75,55.04,4.526335716247559,7.2530341148376465,12.199432373046875
"2025-03-20 13:45:00.0000",19.3,57.47,4.446376323699951,7.843603610992432,15.610048294067383
"2025-03-20 14:00:00.0000",19.07,59.55,4.472302436828613,8.353208541870117,23.777624130249023
"2025-03-20 14:15:00.0000",18.61,61.18,4.164844512939453,6.93695068359375,16.01714324951172
"2025-03-20 14:30:00.0000",18.36,62.9,3.6365439891815186,7.10339879989624,24.06645965576172
"2025-03-20 14:45:00.0000",18.52,63.64,3.7817647457122803,7.295682430267334,23.41351890563965
"2025-03-20 15:00:00.0000",18.84,63.62,4.172072887420654,7.784693717956543,26.964773178100586
"2025-03-20 15:15:00.0000",19.11,62.74,4.172072887420654,7.784693717956543,26.964773178100586
"2025-03-20 15:30:00.0000",19.43,61.92,4.303978443145752,9.99219036102295,32.77180099487305
"2025-03-20 15:45:00.0000",19.51,61.9,4.240724086761475,7.574312686920166,35.60176467895508
"2025-03-20 16:00:00.0000",19.77,61.29,4.2078776359558105,7.252172946929932,22.074338912963867
"2025-03-20 16:15:00.0000",19.88,60.96,3.727783203125,7.184057712554932,16.484222412109375
"2025-03-20 16:30:00.0000",19.77,61.24,4.229479789733887,8.370870590209961,34.666290283203125
"2025-03-20 16:45:00.0000",20.22,59.71,3.930231809616089,7.727025985717773,21.400177001953125
"2025-03-20 17:00:00.0000",20.28,59.41,3.0858240127563477,6.5217437744140625,15.573494911193848
"2025-03-20 17:15:00.0000",20.52,58.89,2.8583860397338867,6.03411340713501,25.14480972290039
"2025-03-20 17:30:00.0000",19.82,60.79,2.8583860397338867,6.03411340713501,25.14480972290039
"2025-03-20 17:45:00.0000",18.86,63.5,3.0820846557617188,6.989312171936035,27.65998077392578
"2025-03-20 18:00:00.0000",18.57,65.29,4.074818134307861,8.135405540466309,26.344600677490234
"2025-03-20 18:15:00.0000",17.98,67.27,5.207730770111084,10.297564506530762,35.0908317565918
"2025-03-20 18:30:00.0000",17.44,69.12,3.9285552501678467,8.479422569274902,20.344186782836914
"2025-03-20 18:45:00.0000",17.04,70.94,4.847921371459961,9.716912269592285,33.14787292480469
"2025-03-20 19:00:00.0000",16.61,73.15,7.313377857208252,13.639006614685059,29.155025482177734
"2025-03-20 19:15:00.0000",16.26,74.93,4.915788173675537,11.514104843139648,30.021434783935547
"2025-03-20 19:30:00.0000",16.01,76.16,4.216707706451416,9.136141777038574,24.004749298095703
"2025-03-20 19:45:00.0000",15.75,77.05,4.216707706451416,9.136141777038574,24.004749298095703
"2025-03-20 20:00:00.0000",15.6,77.69,5.3659820556640625,11.509933471679688,38.94124221801758
"2025-03-20 20:15:00.0000",15.28,78.72,4.006498336791992,8.243852615356445,45.17256546020508
"2025-03-20 20:30:00.0000",15.02,79.76,4.238962650299072,8.802583694458008,35.0865592956543
"2025-03-20 20:45:00.0000",14.87,80.28,4.439748287200928,8.756351470947266,24.999805450439453
"2025-03-20 21:00:00.0000",14.75,80.55,4.175320148468018,8.164551734924316,12.624187469482422
"2025-03-20 21:15:00.0000",14.6,80.94,4.007811069488525,8.160135269165039,17.349695205688477
"2025-03-20 21:30:00.0000",14.52,81.26,3.9880826473236084,7.785284042358398,23.809165954589844
"2025-03-20 21:45:00.0000",14.33,81.82,3.795722723007202,7.854550838470459,22.663726806640625
"2025-03-20 22:00:00.0000",14.33,81.91,4.013368129730225,8.605592727661133,30.289594650268555
"2025-03-20 22:15:00.0000",14.1,82.76,4.1864118576049805,7.64066743850708,22.19499969482422
"2025-03-20 22:30:00.0000",13.94,83.5,5.176182746887207,9.221662521362305,19.12680435180664
"2025-03-20 22:45:00.0000",13.81,84,6.241199016571045,11.378998756408691,25.166948318481445
"2025-03-20 23:00:00.0000",13.66,84.6,7.610302448272705,13.786735534667969,28.986112594604492
"2025-03-20 23:15:00.0000",13.69,84.27,7.8454108238220215,12.870009422302246,19.079742431640625
"2025-03-20 23:30:00.0000",13.53,84.84,9.038187026977539,14.916674613952637,28.472984313964844
"2025-03-20 23:45:00.0000",13.37,85.2,9.126587867736816,14.74215030670166,24.143306732177734
"2025-03-21 00:00:00.0000",13.22,85.82,9.619389533996582,16.4326229095459,54.8635368347168
"2025-03-21 00:15:00.0000",13.12,86.21,9.252549171447754,15.630132675170898,29.6535587310791
"2025-03-21 00:30:00.0000",12.89,87.04,8.973913192749023,14.758397102355957,29.716684341430664
"2025-03-21 00:45:00.0000",12.76,87.54,8.56922721862793,15.140168190002441,33.11650466918945
"2025-03-21 01:00:00.0000",12.69,87.61,8.771180152893066,14.757882118225098,30.901708602905273
"2025-03-21 01:15:00.0000",12.56,87.97,8.497010231018066,13.896332740783691,21.589134216308594
"2025-03-21 01:30:00.0000",12.51,87.92,8.382217407226562,14.1194486618042,24.665977478027344
"2025-03-21 01:45:00.0000",12.52,87.76,8.21916389465332,13.241734504699707,33.55331039428711
"2025-03-21 02:00:00.0000",12.52,86.81,7.629422187805176,13.418704986572266,25.43410301208496
"2025-03-21 02:15:00.0000",12.58,85.51,6.6326069831848145,11.05626106262207,25.352020263671875
"2025-03-21 02:30:00.0000",12.61,84.86,6.793355464935303,12.27939510345459,21.958354949951172
"2025-03-21 02:45:00.0000",12.47,85.03,7.422995090484619,12.27280330657959,22.01036834716797
"2025-03-21 03:00:00.0000",12.5,84.81,6.358216762542725,10.717801094055176,31.23255729675293
"2025-03-21 03:15:00.0000",12.34,85.22,6.4943718910217285,11.019503593444824,27.129961013793945
"2025-03-21 03:30:00.0000",12.33,85.19,6.362356185913086,10.508688926696777,14.623528480529785
"2025-03-21 03:45:00.0000",12.29,85.47,6.347225666046143,11.010476112365723,21.171327590942383
"2025-03-21 04:00:00.0000",12.29,85.42,6.394844055175781,11.641806602478027,23.342809677124023
"2025-03-21 04:15:00.0000",12.35,85.45,6.665817737579346,11.569003105163574,20.12711524963379
"2025-03-21 04:30:00.0000",12.24,85.89,6.887142181396484,11.992561340332031,19.864606857299805
"2025-03-21 04:45:00.0000",12.1,86.42,6.7715935707092285,11.290830612182617,28.958091735839844
"2025-03-21 05:00:00.0000",12.25,86.11,6.95920991897583,11.022573471069336,27.290205001831055
"2025-03-21 05:15:00.0000",12.31,85.91,7.738887786865234,12.607233047485352,23.67311668395996
"2025-03-21 05:30:00.0000",12.41,85.59,8.220792770385742,13.944355010986328,28.871307373046875
"2025-03-21 05:45:00.0000",12.42,85.62,8.891597747802734,14.583831787109375,25.320680618286133
"2025-03-21 06:00:00.0000",12.37,86.02,8.26382064819336,12.87248706817627,23.23590660095215
"2025-03-21 06:15:00.0000",12.36,85.85,8.637164115905762,14.405289649963379,26.126953125
"2025-03-21 06:30:00.0000",12.29,86.17,9.57955265045166,14.940673828125,25.07892608642578
"2025-03-21 06:45:00.0000",12.17,86.7,10.44143009185791,16.749197006225586,24.608539581298828
"2025-03-21 07:00:00.0000",12.12,87.15,10.382450103759766,16.63990592956543,34.52147674560547
"2025-03-21 07:15:00.0000",12.15,87.18,11.15626335144043,17.55846405029297,24.573122024536133
"2025-03-21 07:30:00.0000",12.32,86.71,10.90224552154541,16.812171936035156,34.4272346496582
"2025-03-21 07:45:00.0000",12.39,86.21,10.525126457214355,15.902586936950684,29.69711685180664
"2025-03-21 08:00:00.0000",12.56,85.59,10.576212882995605,16.47067642211914,27.647968292236328
"2025-03-21 08:15:00.0000",12.92,84.32,10.263861656188965,15.888856887817383,31.468143463134766
"2025-03-21 08:30:00.0000",13.19,83.26,9.834880828857422,15.354073524475098,31.82562255859375
"2025-03-21 08:45:00.0000",13.46,82.15,9.648987770080566,14.666829109191895,31.754255294799805
"2025-03-21 09:00:00.0000",14.01,80.18,9.504387855529785,15.537755966186523,25.91735076904297
"2025-03-21 09:15:00.0000",14.72,76.92,8.817781448364258,13.698151588439941,26.95932388305664
"2025-03-21 09:30:00.0000",15.31,73.97,9.146135330200195,14.452400207519531,24.800273895263672
"2025-03-21 09:45:00.0000",15.72,72.33,8.63290786743164,14.092264175415039,39.3381233215332
"2025-03-21 10:00:00.0000",16.13,70.62,8.709826469421387,14.461626052856445,38.967803955078125
"2025-03-21 10:15:00.0000",16.44,69.67,8.52454948425293,13.930700302124023,38.20326614379883
"2025-03-21 10:30:00.0000",16.34,69.72,8.61967658996582,14.192893981933594,28.138063430786133
"2025-03-21 10:45:00.0000",16.67,68.86,7.486397743225098,12.13970947265625,23.11724090576172
"2025-03-21 11:00:00.0000",17.49,65.27,6.917357921600342,11.484353065490723,26.55362319946289
"2025-03-21 11:15:00.0000",17.81,63.55,5.688695430755615,10.368993759155273,41.17369079589844
"2025-03-21 11:30:00.0000",17.56,62.8,4.9236159324646,10.397698402404785,39.858028411865234
"2025-03-21 11:45:00.0000",17.77,62.12,5.187214374542236,9.582666397094727,30.34278106689453
"2025-03-21 12:00:00.0000",17.71,61.88,4.989130973815918,9.659316062927246,27.96942901611328
"2025-03-21 12:15:00.0000",17.26,62.66,4.870128154754639,8.453962326049805,22.32855796813965
"2025-03-21 12:30:00.0000",17.53,61.27,4.178308963775635,8.57187557220459,34.12114334106445
"2025-03-21 12:45:00.0000",17.79,60.36,3.89448881149292,7.824166297912598,35.10606384277344
"2025-03-21 13:00:00.0000",17.86,59.7,3.4634315967559814,7.072390556335449,32.72304153442383
"2025-03-21 13:15:00.0000",18,59.69,3.712960720062256,7.893045425415039,38.4873161315918
"2025-03-21 13:30:00.0000",18.07,59.16,3.5374019145965576,8.075976371765137,36.68359375
"2025-03-21 13:45:00.0000",17.99,59.55,4.041913032531738,8.439750671386719,34.86550521850586
"2025-03-21 14:00:00.0000",17.86,60.18,4.104028701782227,8.379552841186523,27.498428344726562
"2025-03-21 14:15:00.0000",17.96,60.2,4.1032609939575195,8.417427062988281,23.437875747680664
"2025-03-21 14:30:00.0000",18.15,59.55,4.081098556518555,8.127692222595215,15.195609092712402
"2025-03-21 14:40:00.0000",18.28,58.95,3.9859914779663086,8.022269248962402,23.42989730834961
"2025-03-21 14:50:00.0000",18.4,58.91,4.23709774017334,9.392136573791504,36.810768127441406
"2025-03-21 15:00:00.0000",18.78,57.9,4.255882740020752,8.747148513793945,33.36359405517578
"2025-03-21 15:10:00.0000",18.49,58.72,4.124835968017578,8.053796768188477,37.186954498291016
"2025-03-21 15:20:00.0000",18.44,59.36,4.606622219085693,8.899310111999512,29.84617805480957
"2025-03-21 15:30:00.0000",18.28,60.02,4.310451030731201,8.724990844726562,25.68865203857422
"2025-03-21 15:40:00.0000",18.19,60.56,4.518513202667236,10.060338020324707,27.257081985473633
"2025-03-21 15:50:00.0000",18.16,60.73,4.575933933258057,8.816232681274414,45.939205169677734
"2025-03-21 16:00:00.0000",18.12,60.96,4.63572359085083,9.482807159423828,19.661399841308594
"2025-03-21 16:10:00.0000",18.17,60.75,4.300550937652588,9.212146759033203,37.08732986450195
"2025-03-21 16:20:00.0000",18.47,59.99,3.790748119354248,8.135251998901367,23.40431022644043
"2025-03-21 16:30:00.0000",18.58,59.31,3.723039388656616,8.472379684448242,35.14823532104492
"2025-03-21 16:40:00.0000",18.42,60.01,4.031155109405518,8.844236373901367,19.174619674682617
"2025-03-21 16:50:00.0000",18.22,61.29,4.8351311683654785,9.562448501586914,30.470300674438477
"2025-03-21 17:00:00.0000",18.13,61.7,4.942135810852051,10.159281730651855,38.09550857543945
"2025-03-21 17:10:00.0000",17.99,62.41,5.0342559814453125,9.853917121887207,37.495147705078125
"2025-03-21 17:20:00.0000",17.86,62.84,4.877713203430176,9.947898864746094,32.93486785888672
"2025-03-21 17:30:00.0000",17.76,63.67,5.396122932434082,9.744328498840332,21.341096878051758
"2025-03-21 17:40:00.0000",17.45,65.34,5.804619789123535,11.07239055633545,32.62425994873047
"2025-03-21 17:50:00.0000",17.35,65.86,5.442066192626953,10.774827003479004,36.09530258178711
"2025-03-21 18:00:00.0000",17.08,66.85,6.613064289093018,11.49333381652832,29.366737365722656
"2025-03-21 18:10:00.0000",16.87,67.69,6.949516773223877,13.294288635253906,29.399620056152344
"2025-03-21 18:20:00.0000",16.68,68.56,6.6440324783325195,12.522163391113281,39.03531265258789
"2025-03-21 18:30:00.0000",16.6,68.95,6.755294322967529,13.009907722473145,26.851154327392578
"2025-03-21 18:40:00.0000",16.48,69.47,6.873903274536133,13.27830696105957,29.181482315063477
"2025-03-21 18:50:00.0000",16.36,69.92,6.315075874328613,12.333612442016602,36.67703628540039
"2025-03-21 19:00:00.0000",16.17,70.92,7.757423400878906,14.046259880065918,28.51890754699707
"2025-03-21 19:10:00.0000",15.96,72.03,7.624971866607666,13.991445541381836,30.57699203491211
"2025-03-21 19:20:00.0000",15.83,72.47,7.943368434906006,15.834238052368164,41.55207061767578
"2025-03-21 19:30:00.0000",15.61,73.26,9.285904884338379,17.22569465637207,51.24686813354492
"2025-03-21 19:40:00.0000",15.46,73.81,8.146060943603516,15.13052749633789,32.8471565246582
"2025-03-21 19:50:00.0000",15.33,74.35,7.841833591461182,16.049345016479492,31.555709838867188
"2025-03-21 20:00:00.0000",15.21,75.03,7.959165096282959,15.35435962677002,35.4959716796875
"2025-03-21 20:10:00.0000",15.1,75.79,7.613607406616211,15.449851036071777,33.41568374633789
"2025-03-21 20:20:00.0000",14.99,76.52,7.4946112632751465,15.11609172821045,47.79920959472656
"2025-03-21 20:30:00.0000",14.95,76.88,7.581755638122559,15.474343299865723,37.96403884887695
"2025-03-21 20:40:00.0000",14.88,77.35,7.5193705558776855,13.915316581726074,24.29943084716797
"2025-03-21 20:50:00.0000",14.9,77.5,6.948005199432373,14.44186019897461,31.3221378326416
"2025-03-21 21:00:00.0000",14.8,79.31,6.619678497314453,13.700787544250488,30.59079360961914
"2025-03-21 21:10:00.0000",14.58,81.31,7.385535717010498,16.40715217590332,48.61009216308594
"2025-03-21 21:20:00.0000",14.3,84.22,7.24236536026001,15.625262260437012,51.23572540283203
"2025-03-21 21:30:00.0000",14.13,85.52,7.357888221740723,14.557790756225586,36.33357238769531
"2025-03-21 21:40:00.0000",14.08,86.28,7.414931297302246,14.652128219604492,31.897235870361328
"2025-03-21 21:50:00.0000",13.99,87.1,7.033300876617432,16.33681297302246,44.3336067199707
"2025-03-21 22:00:00.0000",13.97,88.03,6.886385440826416,16.024761199951172,46.74696350097656
"2025-03-21 22:10:00.0000",13.9,89.63,6.975820064544678,15.752262115478516,32.20355987548828
"2025-03-21 22:20:00.0000",13.69,92.44,8.215654373168945,17.131723403930664,46.40573501586914
"2025-03-21 22:30:00.0000",13.51,94.75,8.00976276397705,17.611188888549805,33.52288055419922
"2025-03-21 22:40:00.0000",13.26,96.77,7.649646282196045,18.486345291137695,38.04051971435547
"2025-03-21 22:50:00.0000",13.24,98.2,8.065108299255371,19.303260803222656,47.47099685668945
"2025-03-21 23:00:00.0000",13.08,99.19,8.075911521911621,17.37960433959961,46.645538330078125
"2025-03-21 23:10:00.0000",12.93,100,9.091530799865723,20.06060791015625,45.183135986328125
"2025-03-21 23:20:00.0000",12.94,100,8.524123191833496,19.725589752197266,41.65987014770508
"2025-03-21 23:30:00.0000",12.91,100,8.543086051940918,19.940174102783203,38.099693298339844
"2025-03-21 23:40:00.0000",12.87,100,8.417893409729004,19.36986541748047,41.18886947631836
"2025-03-21 23:50:00.0000",12.82,100,8.610359191894531,21.362377166748047,46.778778076171875
"2025-03-22 00:00:00.0000",12.83,100,8.693790435791016,21.026214599609375,49.2435188293457
"2025-03-22 00:10:00.0000",12.81,100,8.665631294250488,19.963544845581055,32.55924987792969
"2025-03-22 00:20:00.0000",12.82,100,8.755197525024414,19.61283302307129,49.846946716308594
"2025-03-22 00:30:00.0000",12.84,100,8.56757926940918,19.232208251953125,34.49178695678711
"2025-03-22 00:40:00.0000",12.79,100,9.579550743103027,22.033456802368164,41.304725646972656
"2025-03-22 00:50:00.0000",12.88,100,9.167749404907227,19.026975631713867,43.740264892578125
"2025-03-22 01:00:00.0000",12.83,100,9.38160514831543,20.947019577026367,50.992919921875
"2025-03-22 01:10:00.0000",12.93,100,8.96857738494873,19.526596069335938,32.703529357910156
"2025-03-22 01:20:00.0000",12.84,100,10.003227233886719,22.038843154907227,39.5556640625
"2025-03-22 01:30:00.0000",12.95,100,9.476405143737793,20.13881492614746,33.44655227661133
"2025-03-22 01:40:00.0000",12.98,100,8.57207202911377,17.413562774658203,32.0000114440918
"2025-03-22 01:50:00.0000",13.01,100,8.704353332519531,19.9423828125,40.07563400268555
"2025-03-22 02:00:00.0000",13.06,100,8.558977127075195,20.502426147460938,36.849056243896484
"2025-03-22 02:10:00.0000",12.99,100,7.702927112579346,19.143402099609375,45.322998046875
"2025-03-22 02:20:00.0000",12.93,100,7.65905237197876,18.002840042114258,33.109981536865234
"2025-03-22 02:30:00.0000",12.82,100,7.6985602378845215,19.470294952392578,41.44763946533203
"2025-03-22 02:40:00.0000",12.84,100,6.647277355194092,16.28685760498047,37.88286590576172
"2025-03-22 02:50:00.0000",12.95,100,6.186875820159912,15.18051815032959,28.841718673706055
"2025-03-22 03:00:00.0000",12.93,100,6.037839412689209,15.664485931396484,35.1092414855957
"2025-03-22 03:10:00.0000",12.77,100,6.190270900726318,14.591988563537598,29.07184410095215
"2025-03-22 03:20:00.0000",12.62,100,6.241276741027832,15.181901931762695,28.867755889892578
"2025-03-22 03:30:00.0000",12.6,100,6.189009666442871,15.188536643981934,28.551738739013672
"2025-03-22 03:40:00.0000",12.46,100,6.343241214752197,15.610654830932617,29.474653244018555
"2025-03-22 03:50:00.0000",12.43,100,6.2313923835754395,14.238037109375,26.547039031982422
"2025-03-22 04:00:00.0000",12.34,100,6.543777942657471,17.121826171875,31.980758666992188
"2025-03-22 04:10:00.0000",12.21,100,6.634740352630615,16.602571487426758,33.76335906982422
"2025-03-22 04:20:00.0000",12.2,100,6.990262985229492,17.003189086914062,32.02786636352539
"2025-03-22 04:30:00.0000",12.07,100,7.487942695617676,17.173444747924805,29.514381408691406
"2025-03-22 04:40:00.0000",12.06,100,7.297657012939453,16.334453582763672,32.820281982421875
"2025-03-22 04:50:00.0000",11.95,100,7.663256645202637,17.388134002685547,31.652835845947266
"2025-03-22 05:00:00.0000",11.95,100,8.026290893554688,17.238065719604492,28.098169326782227
"2025-03-22 05:10:00.0000",11.93,100,8.42822265625,17.288732528686523,30.01253890991211
"2025-03-22 05:20:00.0000",11.89,100,9.270184516906738,18.895463943481445,29.96097183227539
"2025-03-22 05:30:00.0000",11.88,100,8.728561401367188,17.61736297607422,31.736928939819336
"2025-03-22 05:40:00.0000",11.73,100,9.276971817016602,19.42226791381836,34.80143356323242
"2025-03-22 05:50:00.0000",11.71,100,9.879135131835938,20.069622039794922,33.78166198730469
"2025-03-22 06:00:00.0000",11.62,100,9.440134048461914,17.639371871948242,29.095365524291992
"2025-03-22 06:10:00.0000",11.25,100,9.409239768981934,17.33250617980957,27.231189727783203
"2025-03-22 06:20:00.0000",11.01,100,9.299948692321777,17.88349151611328,28.861494064331055
"2025-03-22 06:30:00.0000",10.94,100,12.056976318359375,23.413650512695312,38.209922790527344
"2025-03-22 06:40:00.0000",11.07,100,11.479695320129395,22.058683395385742,36.83378982543945
"2025-03-22 06:50:00.0000",11.2,100,10.361961364746094,19.704946517944336,31.697731018066406
"2025-03-22 07:00:00.0000",11.45,100,10.250791549682617,20.511188507080078,30.82196617126465
"2025-03-22 07:10:00.0000",11.61,100,9.449967384338379,17.8406982421875,32.03483200073242
"2025-03-22 07:20:00.0000",11.89,100,7.860171794891357,16.979248046875,35.04275894165039
"2025-03-22 07:30:00.0000",12.21,100,7.633858680725098,16.750988006591797,30.13612174987793
"2025-03-22 07:40:00.0000",12.39,100,6.355350971221924,13.06258487701416,25.7369441986084
"2025-03-22 07:50:00.0000",12.62,100,6.165040493011475,14.098816871643066,33.493595123291016
"2025-03-22 08:00:00.0000",12.78,100,5.644099712371826,12.554271697998047,25.613279342651367
"2025-03-22 08:10:00.0000",13.16,100,5.390296936035156,12.718137741088867,27.69291114807129
"2025-03-22 08:20:00.0000",13.37,100,5.3010172843933105,12.267510414123535,25.59531593322754
"2025-03-22 08:30:00.0000",13.61,100,5.6677565574646,11.94726276397705,27.63899040222168
"2025-03-22 08:40:00.0000",13.7,100,5.718313217163086,12.653409957885742,26.051958084106445
"2025-03-22 08:50:00.0000",13.68,100,6.261288166046143,14.397424697875977,30.778209686279297
"2025-03-22 09:00:00.0000",13.6,100,6.113967418670654,14.067816734313965,31.566936492919922
"2025-03-22 09:10:00.0000",13.58,100,6.188955307006836,13.210541725158691,26.154260635375977
"2025-03-22 09:20:00.0000",13.66,100,6.449635028839111,13.723272323608398,30.116188049316406
"2025-03-22 09:30:00.0000",13.85,99.85,7.017790794372559,14.35625171661377,32.577484130859375
"2025-03-22 09:40:00.0000",14.31,98.19,7.040762901306152,15.973406791687012,32.478370666503906
"2025-03-22 09:50:00.0000",14.66,96.48,6.396366119384766,14.785650253295898,32.22613525390625
"2025-03-22 10:00:00.0000",15.09,94.75,6.605941295623779,14.458808898925781,36.88719940185547
"2025-03-22 10:10:00.0000",15.14,94.8,6.216986656188965,12.271318435668945,21.6247615814209
"2025-03-22 10:20:00.0000",15.05,95.29,6.304045677185059,14.684911727905273,32.72602081298828
"2025-03-22 10:30:00.0000",15.85,93.28,6.662586688995361,15.63710880279541,36.14030075073242
"2025-03-22 10:40:00.0000",16.83,88.63,5.039010524749756,11.125635147094727,31.016986846923828
"2025-03-22 10:50:00.0000",17.58,83.63,4.770698547363281,12.326102256774902,27.10457420349121
"2025-03-22 11:00:00.0000",18.92,79.62,3.9846303462982178,10.113969802856445,23.274368286132812
"2025-03-22 11:10:00.0000",19.37,75.78,3.7712442874908447,10.226905822753906,23.433635711669922
"2025-03-22 11:20:00.0000",19.55,72.88,2.97137188911438,7.355007171630859,19.70203399658203
"2025-03-22 11:30:00.0000",19.78,71.93,3.1998915672302246,8.613557815551758,30.688007354736328
"2025-03-22 11:40:00.0000",20.38,68.43,3.002629518508911,7.432097911834717,20.113492965698242
"2025-03-22 11:50:00.0000",19.96,68.2,2.469391107559204,6.6684794425964355,18.664466857910156
"2025-03-22 12:00:00.0000",19.27,70.89,2.9223134517669678,8.319799423217773,18.395950317382812
"2025-03-22 12:10:00.0000",20.65,65.74,2.1800127029418945,7.9450907707214355,25.699609756469727
"2025-03-22 12:20:00.0000",21.1,64.25,2.437368392944336,6.157978534698486,19.045347213745117
"2025-03-22 12:30:00.0000",21.91,60.38,1.9180411100387573,6.075768947601318,16.897977828979492
"2025-03-22 12:40:00.0000",22.23,60.13,2.0947659015655518,7.992033004760742,30.25017738342285
"2025-03-22 12:50:00.0000",22.59,57.59,1.99344801902771,5.780259609222412,16.57820701599121
"2025-03-22 13:00:00.0000",23.03,56.49,1.8656189441680908,5.623279571533203,15.206340789794922
"2025-03-22 13:10:00.0000",21.84,60.49,2.0001659393310547,6.550164699554443,16.711936950683594
"2025-03-22 13:20:00.0000",20.3,64.8,2.3673593997955322,6.5034637451171875,13.826116561889648
"2025-03-22 13:30:00.0000",19.91,67.15,3.9228758811950684,8.772032737731934,15.562368392944336
"2025-03-22 13:40:00.0000",19.77,68.03,4.386497497558594,10.186567306518555,26.78645133972168
"2025-03-22 13:50:00.0000",19.58,68.89,3.125513792037964,7.908030033111572,25.351503372192383
"2025-03-22 14:00:00.0000",20.52,65.31,2.360795021057129,6.944199085235596,24.143966674804688
"2025-03-22 14:10:00.0000",21,62.77,1.5442172288894653,4.9920148849487305,11.739798545837402
"2025-03-22 14:20:00.0000",20.25,65.34,2.1637275218963623,7.113612174987793,27.919281005859375
"2025-03-22 14:30:00.0000",19.68,66.22,1.8308123350143433,5.9052605628967285,16.577550888061523
"2025-03-22 14:40:00.0000",19.89,66.83,2.2309069633483887,7.735598564147949,30.234806060791016
"2025-03-22 14:50:00.0000",20.39,65.57,2.927022933959961,8.396527290344238,20.142908096313477
"2025-03-22 15:00:00.0000",20.49,64.91,2.0149447917938232,6.242983341217041,18.45284652709961
"2025-03-22 15:10:00.0000",20.68,64.49,2.177704334259033,7.080012321472168,24.90691375732422
"2025-03-22 15:20:00.0000",20.29,65.14,2.220898151397705,6.616325378417969,18.627294540405273
"2025-03-22 15:30:00.0000",19.5,67.57,2.086421489715576,6.483488082885742,17.0185546875
"2025-03-22 15:40:00.0000",18.93,69.35,1.865867018699646,6.074746131896973,11.951079368591309
"2025-03-22 15:50:00.0000",18.73,70.05,2.2758007049560547,6.321794509887695,17.34000015258789
"2025-03-22 16:00:00.0000",18.74,69.89,1.907138705253601,5.485692501068115,19.685503005981445
"2025-03-22 16:10:00.0000",18.51,71.02,2.308122158050537,6.564631938934326,17.28964614868164
"2025-03-22 16:20:00.0000",18.83,70.55,1.9981269836425781,5.881924629211426,18.707950592041016
"2025-03-22 16:30:00.0000",18.46,72.28,3.2713963985443115,8.535486221313477,27.33682632446289
"2025-03-22 16:40:00.0000",17.91,75,4.220208168029785,10.218644142150879,25.61480712890625
"2025-03-22 16:50:00.0000",17.74,76.39,3.5273454189300537,8.712968826293945,26.32154655456543
"2025-03-22 17:00:00.0000",17.62,77.28,3.4246301651000977,8.470088958740234,30.381423950195312
"2025-03-22 17:10:00.0000",17.18,79.13,3.6581618785858154,9.6537446975708,29.955373764038086
"2025-03-22 17:20:00.0000",16.89,80.78,4.635512828826904,10.186396598815918,20.89583396911621
"2025-03-22 17:30:00.0000",16.8,81.36,5.2618255615234375,10.92127799987793,24.500465393066406
"2025-03-22 17:40:00.0000",16.76,81.66,4.436203479766846,10.517402648925781,32.11440658569336
"2025-03-22 17:50:00.0000",16.65,82.25,8.908594131469727,16.43111228942871,31.706228256225586
"2025-03-22 18:00:00.0000",16.62,82.67,5.097214221954346,11.297350883483887,21.34734344482422
"2025-03-22 18:10:00.0000",16.59,82.42,4.914724349975586,10.96510124206543,30.64676284790039
"2025-03-22 18:20:00.0000",16.68,82.05,4.747812747955322,11.44290542602539,23.689783096313477
"2025-03-22 18:30:00.0000",16.58,82.3,4.7754130363464355,10.15589714050293,21.428436279296875
"2025-03-22 18:40:00.0000",16.4,83.12,5.016505241394043,11.299569129943848,33.30154800415039
"2025-03-22 18:50:00.0000",16.39,82.44,5.208592891693115,10.248875617980957,23.113540649414062
"2025-03-22 19:00:00.0000",16.39,82.47,6.717181205749512,12.814087867736816,26.91095733642578
"2025-03-22 19:10:00.0000",16.35,79.51,5.180326461791992,10.488704681396484,17.863880157470703
"2025-03-22 19:20:00.0000",15.8,81.71,3.8537025451660156,7.883560657501221,12.858166694641113
"2025-03-22 19:30:00.0000",15.22,87.89,4.8813982009887695,9.173348426818848,19.09828758239746
"2025-03-22 19:40:00.0000",14.7,90.29,2.46901273727417,4.989006042480469,9.02782917022705
"2025-03-22 19:50:00.0000",14.59,93.18,4.322835445404053,8.278074264526367,17.47616958618164
"2025-03-22 20:00:00.0000",14.53,92.05,3.045112371444702,5.969392776489258,13.808330535888672
"2025-03-22 20:10:00.0000",14.47,92.18,2.526270866394043,5.191189765930176,11.746040344238281
"2025-03-22 20:20:00.0000",14.25,95.46,4.135609149932861,8.003132820129395,15.054062843322754
"2025-03-22 20:30:00.0000",14.31,97.68,6.042628765106201,11.228060722351074,17.88686180114746
"2025-03-22 20:40:00.0000",14.26,99.98,7.536594390869141,12.717353820800781,17.930564880371094
"2025-03-22 20:50:00.0000",14.21,100,8.65963077545166,13.961280822753906,20.856359481811523
"2025-03-22 21:00:00.0000",14.33,100,7.9467034339904785,13.467849731445312,20.3026065826416
"2025-03-22 21:10:00.0000",14.31,100,6.607260227203369,9.664262771606445,12.898106575012207
"2025-03-22 21:20:00.0000",14.24,99.22,5.857696533203125,9.16024112701416,14.860675811767578
"2025-03-22 21:30:00.0000",14.19,99.28,6.89689302444458,11.1329984664917,16.201181411743164
"2025-03-22 21:40:00.0000",14.15,98.95,5.255210876464844,8.716981887817383,15.66855525970459
"2025-03-22 21:50:00.0000",14.14,97.72,3.3348913192749023,5.945650577545166,15.549676895141602
"2025-03-22 22:00:00.0000",14.06,99.79,7.292961120605469,11.912575721740723,21.239303588867188
"2025-03-22 22:10:00.0000",14.04,99.94,9.204805374145508,13.93761920928955,18.973827362060547
"2025-03-22 22:20:00.0000",13.95,100,6.804943561553955,10.364706993103027,17.514259338378906
"2025-03-22 22:30:00.0000",13.93,100,5.130246162414551,7.932732582092285,12.51689624786377
"2025-03-22 22:40:00.0000",13.87,100,5.369381427764893,8.606270790100098,17.498815536499023
"2025-03-22 22:50:00.0000",13.78,100,5.864253520965576,10.160784721374512,22.557483673095703
"2025-03-22 23:00:00.0000",13.69,100,4.617854595184326,7.730869770050049,13.390174865722656
"2025-03-22 23:10:00.0000",13.39,100,5.544312953948975,9.011033058166504,16.54401206970215
"2025-03-22 23:20:00.0000",13.09,100,10.375561714172363,18.197816848754883,34.496673583984375
"2025-03-22 23:30:00.0000",12.81,100,7.89417028427124,14.869388580322266,34.22536087036133
"2025-03-22 23:40:00.0000",12.7,100,6.089979648590088,11.055257797241211,18.520334243774414
"2025-03-22 23:50:00.0000",12.63,100,6.328151702880859,10.118108749389648,18.836233139038086
"2025-03-23 00:00:00.0000",12.46,100,5.792545795440674,9.00803279876709,12.585411071777344
"2025-03-23 00:10:00.0000",12.29,100,5.758047103881836,10.02658462524414,17.413959503173828
"2025-03-23 00:20:00.0000",11.95,100,7.428378105163574,14.09753704071045,25.113008499145508
"2025-03-23 00:30:00.0000",11.65,100,9.89905071258545,17.693973541259766,24.26529312133789
"2025-03-23 00:40:00.0000",11.13,100,12.741301536560059,26.20075798034668,44.59817123413086
"2025-03-23 00:50:00.0000",10.86,100,12.439735412597656,29.23047637939453,59.3343505859375
"2025-03-23 01:00:00.0000",10.57,100,11.234721183776855,27.648250579833984,47.08708190917969
"2025-03-23 01:10:00.0000",10.38,100,8.089592933654785,20.881574630737305,36.36635208129883
"2025-03-23 01:20:00.0000",10.29,100,5.7369256019592285,19.110679626464844,33.2606086730957
"2025-03-23 01:30:00.0000",10.13,100,5.66807222366333,21.56178092956543,42.05271911621094
"2025-03-23 01:40:00.0000",10.13,100,5.571177005767822,19.617355346679688,32.9077033996582
"2025-03-23 01:50:00.0000",10.02,100,6.543163776397705,27.384286880493164,54.10625457763672
"2025-03-23 02:00:00.0000",10.05,100,6.486279010772705,23.7332763671875,43.23704528808594
"2025-03-23 02:10:00.0000",10.01,100,5.972766399383545,20.436866760253906,33.67396545410156
"2025-03-23 02:20:00.0000",9.98,100,6.212077617645264,22.60833740234375,44.07588195800781
"2025-03-23 02:30:00.0000",9.91,100,6.552724838256836,21.01584815979004,35.07661437988281
"2025-03-23 02:40:00.0000",9.81,100,5.458028316497803,19.292081832885742,36.54186248779297
"2025-03-23 02:50:00.0000",9.84,100,6.453871250152588,19.4647216796875,39.90378952026367
"2025-03-23 03:00:00.0000",9.84,100,6.378417491912842,18.936174392700195,42.62540054321289
"2025-03-23 03:10:00.0000",9.86,100,5.507415294647217,19.268022537231445,39.421634674072266
"2025-03-23 03:20:00.0000",9.94,100,6.2580885887146,19.065444946289062,33.38962173461914
"2025-03-23 03:30:00.0000",9.98,100,7.235622406005859,21.447038650512695,37.91091537475586
"2025-03-23 03:40:00.0000",10.07,100,6.910027503967285,20.587121963500977,52.43586349487305
"2025-03-23 03:50:00.0000",10.12,100,7.6775970458984375,23.304492950439453,42.357059478759766
"2025-03-23 04:00:00.0000",10.24,100,8.074051856994629,21.902414321899414,41.2606086730957
"2025-03-23 04:10:00.0000",10.17,100,10.21725845336914,30.473743438720703,60.674190521240234
"2025-03-23 04:20:00.0000",10.15,100,11.877240180969238,32.902984619140625,70.33094024658203
"2025-03-23 04:30:00.0000",10.09,100,12.51660442352295,31.483108520507812,58.77350997924805
"2025-03-23 04:40:00.0000",9.89,100,14.839261054992676,30.61518669128418,56.85524368286133
"2025-03-23 04:50:00.0000",9.81,100,17.89716911315918,37.67073059082031,69.14423370361328
"2025-03-23 05:00:00.0000",9.7,100,15.226362228393555,32.1348991394043,59.31990051269531
"2025-03-23 05:10:00.0000",9.71,100,13.88677978515625,31.330595016479492,70.39136505126953
"2025-03-23 05:20:00.0000",9.64,100,13.182400703430176,35.491764068603516,74.54601287841797
"2025-03-23 05:30:00.0000",9.65,100,11.327652931213379,29.554962158203125,57.46537399291992
"2025-03-23 05:40:00.0000",9.68,100,12.406407356262207,31.36296272277832,64.31124877929688
"2025-03-23 05:50:00.0000",9.69,100,14.906299591064453,39.56194305419922,88.21733856201172
"2025-03-23 06:00:00.0000",9.76,100,11.510379791259766,25.49664306640625,43.12788391113281
"2025-03-23 06:10:00.0000",9.79,100,13.790167808532715,35.89250183105469,77.59529113769531
"2025-03-23 06:20:00.0000",9.86,100,13.587616920471191,34.180320739746094,76.58662414550781
"2025-03-23 06:30:00.0000",9.92,100,17.63127899169922,39.50147247314453,109.64104461669922
"2025-03-23 06:40:00.0000",10.09,100,15.851908683776855,35.25545883178711,87.66980743408203
"2025-03-23 06:50:00.0000",10.28,100,15.588163375854492,29.338319778442383,66.3694076538086
"2025-03-23 07:00:00.0000",10.39,100,15.633291244506836,28.136920928955078,45.932926177978516
"2025-03-23 07:10:00.0000",10.54,100,14.854748725891113,26.482969284057617,46.14991760253906
"2025-03-23 07:20:00.0000",10.54,100,17.767637252807617,30.91335105895996,46.3697509765625
"2025-03-23 07:30:00.0000",10.59,100,19.306697845458984,35.00469970703125,56.69680404663086
"2025-03-23 07:40:00.0000",10.62,100,16.068485260009766,28.882373809814453,42.84713363647461
"2025-03-23 07:50:00.0000",10.77,100,18.91564178466797,32.704349517822266,53.68055725097656
"2025-03-23 08:00:00.0000",10.95,100,20.84917449951172,36.596431732177734,59.3081169128418
"2025-03-23 08:10:00.0000",11.14,100,20.401792526245117,33.465003967285156,50.151954650878906
"2025-03-23 08:20:00.0000",11.14,100,19.40924644470215,30.585542678833008,39.0203857421875
"2025-03-23 08:30:00.0000",11.13,100,19.986982345581055,31.19450569152832,42.174232482910156
"2025-03-23 08:40:00.0000",11.19,100,19.68389129638672,30.421646118164062,40.38209915161133
"2025-03-23 08:50:00.0000",11.12,100,19.66958999633789,30.151714324951172,37.734169006347656
"2025-03-23 09:00:00.0000",11.3,100,19.126239776611328,29.38372039794922,36.95863723754883
"2025-03-23 09:10:00.0000",11.37,100,18.747814178466797,28.56538963317871,36.698158264160156
"2025-03-23 09:20:00.0000",11.53,100,17.504676818847656,26.953893661499023,33.78801345825195
"2025-03-23 09:30:00.0000",11.68,100,15.8440523147583,25.403114318847656,37.658546447753906
"2025-03-23 09:40:00.0000",11.64,100,15.216299057006836,26.77163314819336,37.821136474609375
"2025-03-23 09:50:00.0000",11.41,99.92,14.984440803527832,26.83612060546875,40.329376220703125
"2025-03-23 10:00:00.0000",11.32,100,14.503527641296387,26.09267234802246,41.58537673950195
"2025-03-23 10:10:00.0000",11.51,100,13.516383171081543,23.455760955810547,40.0125617980957
"2025-03-23 10:20:00.0000",11.58,100,13.445551872253418,24.321733474731445,35.235652923583984
"2025-03-23 10:30:00.0000",11.35,100,12.052634239196777,24.015941619873047,37.37104034423828
"2025-03-23 10:40:00.0000",11.45,100,11.231585502624512,20.93765640258789,28.502599716186523
"2025-03-23 10:50:00.0000",11.42,100,10.906994819641113,21.06344223022461,29.329994201660156
"2025-03-23 11:00:00.0000",11.68,100,10.173910140991211,20.42689323425293,31.43743133544922
"2025-03-23 11:10:00.0000",11.96,99.91,10.473529815673828,20.40779685974121,31.4628849029541
"2025-03-23 11:20:00.0000",11.92,99.57,10.602377891540527,20.972517013549805,34.738975524902344
"2025-03-23 11:30:00.0000",11.96,98.91,10.460238456726074,21.00090789794922,33.03045654296875
"2025-03-23 11:40:00.0000",12.03,99.02,10.102482795715332,20.422042846679688,32.72381591796875
"2025-03-23 11:50:00.0000",11.92,99.41,9.051706314086914,19.3790340423584,28.580541610717773
"2025-03-23 12:00:00.0000",12.07,99.28,8.798713684082031,19.282772064208984,34.03170394897461
"2025-03-23 12:10:00.0000",11.99,99.29,8.621105194091797,19.76906967163086,35.631126403808594
"2025-03-23 12:20:00.0000",12.22,98.76,9.18039321899414,20.614620208740234,39.47614288330078
"2025-03-23 12:30:00.0000",12.37,97.75,8.51609992980957,19.950735092163086,42.08563995361328
"2025-03-23 12:40:00.0000",12.55,96.08,8.937125205993652,21.85721778869629,36.31938552856445
"2025-03-23 12:50:00.0000",12.48,95.8,9.244948387145996,23.484289169311523,42.910560607910156
"2025-03-23 13:00:00.0000",12.88,94.68,9.531920433044434,24.50996971130371,47.6318473815918
"2025-03-23 13:10:00.0000",13.04,95.08,10.222264289855957,24.780296325683594,48.31479263305664
"2025-03-23 13:20:00.0000",12.94,94.67,11.254180908203125,25.831531524658203,53.108211517333984
"2025-03-23 13:30:00.0000",12.8,94.45,10.185164451599121,24.34837532043457,47.13981246948242
"2025-03-23 13:40:00.0000",13.1,94.1,10.06192684173584,25.458782196044922,53.502952575683594
"2025-03-23 13:50:00.0000",13.42,92.56,10.119129180908203,22.77712059020996,47.356178283691406
"2025-03-23 14:00:00.0000",13.61,91.3,10.273752212524414,23.6671085357666,43.114830017089844
"2025-03-23 14:10:00.0000",13.86,91.12,10.099409103393555,26.2242488861084,67.72006225585938
"2025-03-23 14:20:00.0000",14.05,90.42,10.345207214355469,21.978670120239258,35.10691833496094
"2025-03-23 14:30:00.0000",13.9,90.55,10.083914756774902,23.127275466918945,43.602691650390625
"2025-03-23 14:40:00.0000",13.68,91.77,11.433515548706055,25.686052322387695,52.615020751953125
"2025-03-23 14:50:00.0000",13.49,92.06,11.115909576416016,27.295927047729492,51.508026123046875
"2025-03-23 15:00:00.0000",13.36,92.95,11.585184097290039,25.57936668395996,41.007972717285156
"2025-03-23 15:10:00.0000",13.29,93.78,11.015170097351074,24.036954879760742,45.791324615478516
"2025-03-23 15:20:00.0000",13.35,93.88,11.515304565429688,27.928558349609375,54.971588134765625
"2025-03-23 15:30:00.0000",13.3,93.63,10.6900053024292,24.992502212524414,52.197166442871094
"2025-03-23 15:40:00.0000",13.34,92.59,10.510579109191895,25.041505813598633,55.47879409790039
"2025-03-23 15:50:00.0000",12.91,93.92,11.096298217773438,27.728435516357422,57.03953552246094
"2025-03-23 16:00:00.0000",12.67,95.16,11.148831367492676,26.495223999023438,51.25402069091797
"2025-03-23 16:10:00.0000",12.41,95.66,10.317911148071289,24.371187210083008,44.0401496887207
"2025-03-23 16:20:00.0000",12.24,96.61,11.469746589660645,29.386524200439453,56.689151763916016
"2025-03-23 16:30:00.0000",12.3,96.4,11.42308235168457,25.94346809387207,45.63275909423828
"2025-03-23 16:40:00.0000",12.39,96.93,12.779433250427246,29.255727767944336,52.62877655029297
"2025-03-23 16:50:00.0000",12.6,97.05,11.8942289352417,27.550979614257812,58.661258697509766
"2025-03-23 17:00:00.0000",12.5,96.44,11.792346000671387,28.034238815307617,55.151248931884766
"2025-03-23 17:10:00.0000",12.46,95.83,10.947501182556152,24.72928810119629,40.66835403442383
"2025-03-23 17:20:00.0000",12.22,96.42,11.80343246459961,30.272356033325195,76.97874450683594
"2025-03-23 17:30:00.0000",12.03,96.53,11.631745338439941,28.034770965576172,60.33292770385742
"2025-03-23 17:40:00.0000",11.89,96.96,11.008872032165527,25.12659454345703,41.68050765991211
"2025-03-23 17:50:00.0000",11.62,97.86,10.913985252380371,27.86298370361328,51.82569122314453
"2025-03-23 18:00:00.0000",11.52,98.94,11.299419403076172,29.166624069213867,72.02168273925781
"2025-03-23 18:10:00.0000",11.39,98.96,11.287252426147461,29.480541229248047,48.877845764160156
"2025-03-23 18:20:00.0000",11.15,99.92,11.14216136932373,32.339046478271484,56.13748550415039
"2025-03-23 18:30:00.0000",11.18,100,11.141897201538086,28.106006622314453,49.862491607666016
"2025-03-23 18:40:00.0000",11.21,100,11.23749828338623,27.0975341796875,38.941349029541016
"2025-03-23 18:50:00.0000",11.34,100,11.728287696838379,31.820280075073242,64.0799789428711
"2025-03-23 19:00:00.0000",11.27,100,12.250297546386719,31.7346248626709,56.473594665527344
"2025-03-23 19:10:00.0000",11.06,100,14.078446388244629,31.83572769165039,47.60115051269531
"2025-03-23 19:20:00.0000",10.85,100,14.174466133117676,29.803321838378906,40.83223342895508
"2025-03-23 19:30:00.0000",10.88,100,13.574036598205566,32.29376220703125,56.71720504760742
"2025-03-23 19:40:00.0000",10.98,100,14.14734172821045,30.992403030395508,47.221500396728516
"2025-03-23 19:50:00.0000",11,98.57,12.11579418182373,30.23572540283203,58.42849349975586
"2025-03-23 20:00:00.0000",11.33,93.52,10.842269897460938,25.062955856323242,47.004791259765625
"2025-03-23 20:10:00.0000",11.31,92.62,10.090967178344727,25.284547805786133,56.09966278076172
"2025-03-23 20:20:00.0000",11.36,91.58,10.865686416625977,25.46830177307129,49.85736083984375
"2025-03-23 20:30:00.0000",10.94,91,11.432162284851074,26.06254005432129,48.349815368652344
"2025-03-23 20:40:00.0000",10.74,91.49,11.329778671264648,24.63564682006836,52.35882568359375
"2025-03-23 20:50:00.0000",10.42,92.05,11.992963790893555,27.948139190673828,44.96004867553711
"2025-03-23 21:00:00.0000",10.04,92.61,11.607601165771484,27.17130470275879,49.34239959716797
"2025-03-23 21:10:00.0000",9.81,92.16,10.911932945251465,25.5819091796875,50.294952392578125
"2025-03-23 21:20:00.0000",9.62,93.13,11.865477561950684,26.95558738708496,56.8346061706543
"2025-03-23 21:30:00.0000",9.53,93.53,11.815410614013672,25.554080963134766,44.7747688293457
"2025-03-23 21:40:00.0000",9.25,94.55,12.305144309997559,28.41315460205078,53.09440612792969
"2025-03-23 21:50:00.0000",9.19,94.78,12.208837509155273,27.1353702545166,49.357242584228516
"2025-03-23 22:00:00.0000",9.07,94.57,12.78518009185791,27.3128719329834,50.478275299072266
"2025-03-23 22:10:00.0000",8.77,94.43,12.613780975341797,27.200958251953125,44.24827575683594
"2025-03-23 22:20:00.0000",8.75,94.49,12.186471939086914,25.427793502807617,52.1293830871582
"2025-03-23 22:30:00.0000",8.63,95,12.85689640045166,27.450057983398438,52.186370849609375
"2025-03-23 22:40:00.0000",8.54,95.35,12.982168197631836,26.551990509033203,41.45476150512695
"2025-03-23 22:50:00.0000",8.36,96.19,13.002573013305664,29.09821128845215,50.229515075683594
"2025-03-23 23:00:00.0000",8.31,96.47,13.334207534790039,29.08858871459961,55.811485290527344
"2025-03-23 23:10:00.0000",8.21,96.94,13.10311508178711,27.210664749145508,49.20039367675781
"2025-03-23 23:20:00.0000",8.09,97.25,13.456317901611328,30.371795654296875,55.54814910888672
"2025-03-23 23:30:00.0000",8.01,97.75,13.48613452911377,29.35121726989746,58.092533111572266
"2025-03-23 23:40:00.0000",7.91,98.54,12.74345874786377,24.27655029296875,34.70706558227539
"2025-03-23 23:50:00.0000",7.84,98.33,13.043625831604004,26.482492446899414,49.855064392089844
"2025-03-24 00:00:00.0000",7.7,98.07,13.627227783203125,29.343490600585938,52.85239028930664
"2025-03-24 00:10:00.0000",7.72,97.58,13.345039367675781,25.507055282592773,41.0169792175293
"2025-03-24 00:20:00.0000",7.68,97.37,13.434691429138184,27.017751693725586,46.088802337646484
"2025-03-24 00:30:00.0000",7.64,97.35,13.4925537109375,26.958709716796875,53.661590576171875
"2025-03-24 00:40:00.0000",7.61,97.41,11.509520530700684,19.653369903564453,25.100261688232422
"2025-03-24 00:50:00.0000",7.43,98.38,13.392419815063477,27.924861907958984,45.18940734863281
"2025-03-24 01:00:00.0000",7.42,98.44,13.340365409851074,26.1683292388916,50.30630874633789
"2025-03-24 01:10:00.0000",7.32,99.12,13.130702018737793,25.086904525756836,55.673240661621094
"2025-03-24 01:20:00.0000",7.29,99.26,13.364091873168945,27.033679962158203,49.57240676879883
"2025-03-24 01:30:00.0000",7.22,99.38,12.934646606445312,24.628734588623047,45.15839385986328
"2025-03-24 01:40:00.0000",7.1,99.46,11.633491516113281,20.75337028503418,28.82936668395996
"2025-03-24 01:50:00.0000",7.02,99.94,12.735298156738281,22.958118438720703,36.14422607421875
"2025-03-24 02:00:00.0000",6.92,99.97,12.570743560791016,22.80177116394043,34.47455978393555
"2025-03-24 02:10:00.0000",6.97,100,14.690103530883789,28.330904006958008,56.25644302368164
"2025-03-24 02:20:00.0000",6.79,100,16.084026336669922,29.2017822265625,39.074825286865234
"2025-03-24 02:30:00.0000",6.74,100,17.37649917602539,30.65265464782715,39.307769775390625
"2025-03-24 02:40:00.0000",6.66,100,18.134912490844727,34.46059036254883,53.56639099121094
"2025-03-24 02:50:00.0000",6.56,100,16.05328941345215,29.0716495513916,52.28889083862305
"2025-03-24 03:00:00.0000",6.53,100,17.135683059692383,32.94572830200195,67.81491088867188
"2025-03-24 03:10:00.0000",6.44,100,15.725854873657227,27.364784240722656,40.28519058227539
"2025-03-24 03:20:00.0000",6.4,100,16.197175979614258,30.194034576416016,55.68429183959961
"2025-03-24 03:30:00.0000",6.35,100,16.17760467529297,30.144760131835938,48.30609130859375
"2025-03-24 03:40:00.0000",6.33,100,14.87724781036377,25.152446746826172,37.743656158447266
"2025-03-24 03:50:00.0000",6.17,100,13.760992050170898,22.062623977661133,28.177860260009766
"2025-03-24 04:00:00.0000",6.12,100,21.542455673217773,38.599609375,62.05306625366211
"2025-03-24 04:10:00.0000",6.18,100,19.960620880126953,34.837337493896484,54.14874267578125
"2025-03-24 04:20:00.0000",6.08,100,21.17215919494629,38.15961456298828,62.69846725463867
"2025-03-24 04:30:00.0000",6.03,100,19.974624633789062,32.98155212402344,45.40828323364258
"2025-03-24 04:40:00.0000",5.93,100,22.542804718017578,40.776710510253906,75.3025894165039
"2025-03-24 04:50:00.0000",5.92,100,22.76063346862793,41.206398010253906,65.8216781616211
"2025-03-24 05:00:00.0000",5.87,100,19.659608840942383,31.35260581970215,39.04058074951172
"2025-03-24 05:10:00.0000",5.74,100,20.664043426513672,34.888877868652344,51.779903411865234
"2025-03-24 05:20:00.0000",5.72,100,21.704280853271484,36.491188049316406,50.0665168762207
"2025-03-24 05:30:00.0000",5.76,100,22.232473373413086,37.47459030151367,61.858314514160156
"2025-03-24 05:40:00.0000",5.84,100,24.27422523498535,41.05548095703125,53.75946807861328
"2025-03-24 05:50:00.0000",5.76,100,23.325424194335938,37.64910125732422,47.567420959472656
"2025-03-24 06:00:00.0000",5.77,100,23.037975311279297,35.19310760498047,41.74211120605469
"2025-03-24 06:10:00.0000",5.77,100,23.322057723999023,36.54618453979492,46.08837890625
"2025-03-24 06:20:00.0000",5.74,100,22.737030029296875,37.24113082885742,49.35807800292969
"2025-03-24 06:30:00.0000",5.72,100,23.737247467041016,37.6822395324707,51.45860290527344
"2025-03-24 06:40:00.0000",5.75,100,25.660633087158203,43.83986282348633,73.62760162353516
"2025-03-24 06:50:00.0000",5.95,100,22.807369232177734,36.545379638671875,54.47739028930664
"2025-03-24 07:00:00.0000",5.98,100,22.731426239013672,38.43193435668945,63.396759033203125
"2025-03-24 07:10:00.0000",6.19,100,21.609554290771484,34.62449264526367,46.147605895996094
"2025-03-24 07:20:00.0000",6.3,100,14.584074974060059,26.92714500427246,47.37654495239258
"2025-03-24 07:30:00.0000",6.49,100,12.87330436706543,22.541629791259766,38.142601013183594
"2025-03-24 07:40:00.0000",6.71,99.95,11.99627685546875,23.371097564697266,45.09992599487305
"2025-03-24 07:50:00.0000",6.86,99.22,12.301294326782227,21.858871459960938,42.213714599609375
"2025-03-24 08:00:00.0000",7.05,98.19,11.637764930725098,20.558303833007812,36.10410690307617
"2025-03-24 08:10:00.0000",7.3,97.05,11.21943473815918,20.366497039794922,31.98273277282715
"2025-03-24 08:20:00.0000",7.52,95.74,11.014012336730957,20.234235763549805,38.720645904541016
"2025-03-24 08:30:00.0000",7.81,93.89,10.220715522766113,17.7374210357666,27.20620346069336
"2025-03-24 08:40:00.0000",8.09,92.1,10.832717895507812,20.370624542236328,40.1813850402832
"2025-03-24 08:50:00.0000",8.26,93.16,10.56910514831543,19.07903289794922,31.984498977661133
"2025-03-24 09:00:00.0000",8.29,94.09,10.340417861938477,18.905813217163086,40.51438903808594
"2025-03-24 09:10:00.0000",8.32,93.43,10.34351921081543,19.432825088500977,32.363338470458984
"2025-03-24 09:20:00.0000",8.39,93.33,10.722268104553223,19.756507873535156,42.53792953491211
"2025-03-24 09:30:00.0000",8.63,92.22,10.409966468811035,19.89151382446289,47.127750396728516
"2025-03-24 09:40:00.0000",8.8,90.56,11.3651123046875,20.142623901367188,35.15842819213867
"2025-03-24 09:50:00.0000",8.99,89.63,11.515213012695312,20.434316635131836,31.785263061523438
"2025-03-24 10:00:00.0000",9.37,87.93,10.534768104553223,17.292268753051758,23.93726921081543
"2025-03-24 10:10:00.0000",9.6,86.43,11.129637718200684,19.522789001464844,35.17628860473633
"2025-03-24 10:20:00.0000",10.06,85.47,12.482513427734375,22.90234375,39.11140060424805
"2025-03-24 10:30:00.0000",11.23,84.02,10.641365051269531,18.639385223388672,25.503488540649414
"2025-03-24 10:40:00.0000",13.99,73.87,8.136757850646973,13.94270133972168,23.513525009155273
"2025-03-24 10:50:00.0000",15.72,66.98,8.816841125488281,15.703516006469727,27.147226333618164
"2025-03-24 11:00:00.0000",16.94,61.72,8.617268562316895,16.329702377319336,30.50570297241211
"2025-03-24 11:10:00.0000",17.06,61.5,9.337337493896484,15.82917594909668,28.969161987304688
"2025-03-24 11:20:00.0000",16.32,63.68,10.66926383972168,19.12018585205078,32.456199645996094
"2025-03-24 11:30:00.0000",16.74,63.02,12.215455055236816,23.21230125427246,40.31414031982422
"2025-03-24 11:40:00.0000",17.1,62.28,11.157166481018066,19.614904403686523,31.277660369873047
"2025-03-24 11:50:00.0000",16.73,63.42,11.547012329101562,19.726957321166992,31.78373146057129
"2025-03-24 12:00:00.0000",16.98,63.25,11.639649391174316,22.02647590637207,46.65048599243164
"2025-03-24 12:10:00.0000",17.26,61.57,11.689549446105957,20.544841766357422,31.382381439208984
"2025-03-24 12:20:00.0000",17.12,61.29,10.657258033752441,19.207651138305664,28.673063278198242
"2025-03-24 12:30:00.0000",16.94,60.84,9.955467224121094,17.030057907104492,30.51033592224121
"2025-03-24 12:40:00.0000",17.31,59.48,9.652213096618652,18.478609085083008,40.59728240966797
"2025-03-24 12:50:00.0000",17.19,60.03,10.394364356994629,19.85759162902832,35.432403564453125
"2025-03-24 13:00:00.0000",16.85,60.27,9.555763244628906,17.08946990966797,27.039722442626953
"2025-03-24 13:10:00.0000",17.2,59.12,9.146957397460938,16.900936126708984,28.78682518005371
"2025-03-24 13:20:00.0000",17.37,58.59,9.729849815368652,17.75546646118164,32.22571563720703
"2025-03-24 13:30:00.0000",17.56,58.28,9.458840370178223,18.262798309326172,43.75763702392578
"2025-03-24 13:40:00.0000",17.7,57.99,8.855851173400879,16.546289443969727,24.31940269470215
"2025-03-24 13:50:00.0000",17.69,56.76,7.971416473388672,14.898140907287598,27.042259216308594
"2025-03-24 14:00:00.0000",17.53,57.17,7.873163223266602,16.15446662902832,30.808568954467773
"2025-03-24 14:10:00.0000",17.68,56.45,7.442743301391602,15.182775497436523,31.04163360595703
"2025-03-24 14:20:00.0000",17.85,55.19,6.681278228759766,13.53046703338623,38.01874542236328
"2025-03-24 14:30:00.0000",18.03,54.36,6.234007835388184,12.991640090942383,25.755565643310547
"2025-03-24 14:40:00.0000",18.42,53.84,6.606241226196289,13.160489082336426,22.090177536010742
"2025-03-24 14:50:00.0000",18.28,54.42,6.6873779296875,12.215635299682617,24.577089309692383
"2025-03-24 15:00:00.0000",18.27,54.72,7.434937000274658,14.776937484741211,28.460166931152344
"2025-03-24 15:10:00.0000",18.06,55.58,5.854434013366699,11.62110424041748,27.689807891845703
"2025-03-24 15:20:00.0000",17.68,56.27,5.992086410522461,12.438015937805176,25.877185821533203
"2025-03-24 15:30:00.0000",17.32,57.17,6.059376239776611,13.218964576721191,31.065284729003906
"2025-03-24 15:40:00.0000",17.45,56.9,5.199415683746338,12.384044647216797,21.162126541137695
"2025-03-24 15:50:00.0000",16.91,59.08,5.905625343322754,14.606574058532715,37.96276092529297
"2025-03-24 16:00:00.0000",16.69,61.4,7.330245494842529,15.598268508911133,33.82132339477539
"2025-03-24 16:10:00.0000",16.8,60.45,6.445122718811035,15.130084991455078,35.10657501220703
"2025-03-24 16:20:00.0000",16.61,61.82,7.223082542419434,17.206035614013672,29.381595611572266
"2025-03-24 16:30:00.0000",16.28,63.64,7.486622333526611,17.12064552307129,44.537498474121094
"2025-03-24 16:40:00.0000",16,66.08,7.375899314880371,17.711286544799805,32.84329605102539
"2025-03-24 16:50:00.0000",15.67,67.68,7.483733177185059,16.757041931152344,30.321680068969727
"2025-03-24 17:00:00.0000",15.42,70.67,8.550287246704102,18.93929100036621,35.1311149597168
"2025-03-24 17:10:00.0000",14.71,73.52,8.662605285644531,18.40607452392578,29.98651695251465
"2025-03-24 17:20:00.0000",14.54,75.12,7.8684868812561035,17.972965240478516,30.921836853027344
"2025-03-24 17:30:00.0000",14.12,76.56,6.871522903442383,16.93592071533203,30.371755599975586
"2025-03-24 17:40:00.0000",13.77,77.97,5.338621616363525,13.191667556762695,28.237937927246094
"2025-03-24 17:50:00.0000",13.56,79.36,4.71137809753418,13.061247825622559,26.971601486206055
"2025-03-24 18:00:00.0000",13.3,80.78,4.1321306228637695,11.36270809173584,20.619688034057617
"2025-03-24 18:10:00.0000",12.66,84.11,5.138330459594727,14.122215270996094,23.46172332763672
"2025-03-24 18:20:00.0000",11.93,87.48,5.056602478027344,13.887459754943848,27.72323226928711
"2025-03-24 18:30:00.0000",11.49,89.79,5.409896373748779,15.593449592590332,28.113569259643555
"2025-03-24 18:40:00.0000",11.07,91.65,4.651006698608398,13.844375610351562,32.63663864135742
"2025-03-24 18:50:00.0000",10.67,94.2,4.363152980804443,14.790143013000488,32.63663864135742
"2025-03-24 19:00:00.0000",10.39,96.47,7.494408130645752,20.6239013671875,50.05880355834961
"2025-03-24 19:10:00.0000",10.11,98.53,4.328464984893799,16.075965881347656,32.96430206298828
"2025-03-24 19:20:00.0000",9.92,100,4.320802211761475,16.384204864501953,39.09073257446289
"2025-03-24 19:30:00.0000",9.72,100,4.977783679962158,14.825284004211426,26.838651657104492
"2025-03-24 19:40:00.0000",9.66,100,4.727333068847656,15.292336463928223,33.88133239746094
"2025-03-24 19:50:00.0000",9.48,100,4.62049674987793,17.725637435913086,43.629852294921875
"2025-03-24 20:00:00.0000",9.46,100,4.190171718597412,16.16307830810547,34.909950256347656
"2025-03-24 20:10:00.0000",9.43,100,5.137828350067139,17.140993118286133,37.81606674194336
"2025-03-24 20:20:00.0000",9.38,100,5.961146831512451,16.67954444885254,32.153690338134766
"2025-03-24 20:30:00.0000",9.32,100,6.4984049797058105,17.429378509521484,38.60958480834961
"2025-03-24 20:40:00.0000",9.22,100,20.95030975341797,40.62023162841797,59.910762786865234
"2025-03-24 20:50:00.0000",9.17,100,4.4386677742004395,15.439271926879883,31.18745994567871
"2025-03-24 21:00:00.0000",9.07,100,10.538037300109863,25.377180099487305,44.557376861572266
"2025-03-24 21:10:00.0000",9.05,100,3.29045033454895,10.967024803161621,30.154939651489258
"2025-03-24 21:20:00.0000",9.1,100,3.318392515182495,11.314401626586914,35.48394012451172
"2025-03-24 21:30:00.0000",9.08,100,3.807468891143799,10.61813735961914,22.41265296936035
"2025-03-24 21:40:00.0000",9.15,100,12.5241117477417,25.61526870727539,40.596595764160156
"2025-03-24 21:50:00.0000",9.1,100,8.039650917053223,18.33831024169922,32.67668533325195
"2025-03-24 22:00:00.0000",9.15,100,3.6201624870300293,11.49075984954834,33.34615707397461
"2025-03-24 22:10:00.0000",9.05,100,2.495743989944458,8.157471656799316,15.249472618103027
"2025-03-24 22:20:00.0000",8.99,100,2.0621073246002197,8.0684175491333,25.0091552734375
"2025-03-24 22:30:00.0000",8.95,100,1.9577358961105347,5.963198661804199,12.485998153686523
"2025-03-24 22:40:00.0000",8.86,100,2.012730121612549,8.529297828674316,22.535463333129883
"2025-03-24 22:50:00.0000",8.84,100,1.6688711643218994,6.681347370147705,14.448380470275879
"2025-03-24 23:00:00.0000",8.71,100,1.7003283500671387,5.566038131713867,14.47494125366211
"2025-03-24 23:10:00.0000",8.73,100,2.1086196899414062,6.945657730102539,13.987772941589355
"2025-03-24 23:20:00.0000",8.63,100,2.2410314083099365,7.201765537261963,16.949350357055664
"2025-03-24 23:30:00.0000",8.73,100,1.9787060022354126,5.818068981170654,19.34147834777832
"2025-03-24 23:40:00.0000",8.75,100,2.460218906402588,7.809597492218018,17.15044593811035
"2025-03-24 23:50:00.0000",8.76,100,2.7615485191345215,7.598349571228027,16.193622589111328
"2025-03-25 00:00:00.0000",8.9,100,2.731238842010498,8.804553985595703,21.578401565551758
"2025-03-25 00:10:00.0000",8.98,100,2.912311315536499,7.722878932952881,16.634275436401367
"2025-03-25 00:20:00.0000",9.06,99.94,3.271182060241699,7.999564170837402,20.95865821838379
"2025-03-25 00:30:00.0000",9.06,99.94,3.199613094329834,7.248445987701416,16.97559928894043
"2025-03-25 00:40:00.0000",9.16,99.81,3.274188280105591,8.654669761657715,19.15176773071289
"2025-03-25 00:50:00.0000",9.25,99,3.459475040435791,8.56196117401123,15.177715301513672
"2025-03-25 01:00:00.0000",9.37,98.27,3.439203977584839,8.342679023742676,18.983013153076172
"2025-03-25 01:10:00.0000",9.52,97.68,3.20202898979187,7.504405498504639,21.217893600463867
"2025-03-25 01:20:00.0000",9.48,96.94,3.494145154953003,8.189229965209961,18.295330047607422
"2025-03-25 01:30:00.0000",9.6,97.31,3.4580910205841064,7.97598123550415,14.28496265411377
"2025-03-25 01:40:00.0000",9.66,96.39,2.9712963104248047,6.954741954803467,14.864248275756836
"2025-03-25 01:50:00.0000",9.92,95.9,2.720473051071167,6.659351825714111,16.891218185424805
"2025-03-25 02:00:00.0000",10.15,95.82,2.5202200412750244,7.117142677307129,15.524312019348145
"2025-03-25 02:10:00.0000",10.3,95.34,2.2800798416137695,7.403982639312744,19.511293411254883
"2025-03-25 02:20:00.0000",10.42,94.88,2.2044012546539307,7.065756320953369,15.007007598876953
"2025-03-25 02:30:00.0000",10.45,94.64,2.2184882164001465,6.6372785568237305,17.856767654418945
"2025-03-25 02:40:00.0000",10.53,94.53,2.150451421737671,6.666640758514404,17.016782760620117
"2025-03-25 02:50:00.0000",10.45,95.51,2.3767712116241455,6.634871959686279,12.915729522705078
"2025-03-25 03:00:00.0000",10.51,95.98,2.385115146636963,7.697288513183594,15.780468940734863
"2025-03-25 03:10:00.0000",10.57,96.69,2.0786871910095215,5.870131492614746,13.759897232055664
"2025-03-25 03:20:00.0000",10.58,97.44,1.9865367412567139,7.88482141494751,19.68779182434082
"2025-03-25 03:30:00.0000",10.65,98.71,1.7895101308822632,6.447427272796631,16.56439208984375
"2025-03-25 03:40:00.0000",10.55,100,1.9670896530151367,7.968553066253662,26.010276794433594
"2025-03-25 03:50:00.0000",10.44,100,1.7171729803085327,6.835533618927002,18.293222427368164
"2025-03-25 04:00:00.0000",10.31,100,1.67035973072052,7.735245227813721,20.993404388427734
"2025-03-25 04:10:00.0000",10.35,100,1.5043435096740723,6.592051982879639,16.567949295043945
"2025-03-25 04:20:00.0000",10.39,100,1.6448626518249512,7.741539001464844,20.054311752319336
"2025-03-25 04:30:00.0000",10.41,100,1.8246076107025146,7.376508712768555,22.121803283691406
"2025-03-25 04:40:00.0000",10.49,100,1.9721031188964844,8.166587829589844,18.177610397338867
"2025-03-25 04:50:00.0000",10.44,100,2.042186737060547,8.29845905303955,17.595256805419922
"2025-03-25 05:00:00.0000",10.47,100,2.0995030403137207,8.450090408325195,20.581018447875977
"2025-03-25 05:10:00.0000",10.42,100,2.283815622329712,8.1316556930542,16.153696060180664
"2025-03-25 05:20:00.0000",10.42,100,2.6878738403320312,9.335809707641602,22.110977172851562
"2025-03-25 05:30:00.0000",10.4,100,2.612131357192993,8.164438247680664,16.35890769958496
"2025-03-25 05:40:00.0000",10.18,100,3.1271755695343018,11.113215446472168,28.81903839111328
"2025-03-25 05:50:00.0000",10.2,100,3.0429251194000244,9.536111831665039,20.807435989379883
"2025-03-25 06:00:00.0000",10.09,100,3.0138134956359863,9.433865547180176,25.09026336669922
"2025-03-25 06:10:00.0000",10.09,100,3.239884376525879,9.515108108520508,21.15383529663086
"2025-03-25 06:20:00.0000",10.05,100,3.5502302646636963,11.22071647644043,28.695375442504883
"2025-03-25 06:30:00.0000",10.08,100,3.6281795501708984,9.403730392456055,20.447765350341797
"2025-03-25 06:40:00.0000",9.99,100,3.664708375930786,8.826972007751465,17.91357421875
"2025-03-25 06:50:00.0000",9.87,100,3.6602907180786133,8.641973495483398,20.479066848754883
"2025-03-25 07:00:00.0000",9.88,100,4.289421081542969,10.43309497833252,20.91608428955078
"2025-03-25 07:10:00.0000",9.82,100,5.435479640960693,11.42616081237793,28.609561920166016
"2025-03-25 07:20:00.0000",9.89,100,4.429187297821045,9.707109451293945,18.2169246673584
"2025-03-25 07:30:00.0000",9.92,100,4.437872409820557,9.693802833557129,19.59284210205078
"2025-03-25 07:40:00.0000",9.98,100,3.814436674118042,8.306200981140137,14.095037460327148
"2025-03-25 07:50:00.0000",9.97,100,4.658979892730713,10.589266777038574,22.969860076904297
"2025-03-25 08:00:00.0000",9.94,100,4.797752857208252,12.800334930419922,26.345184326171875
"2025-03-25 08:10:00.0000",10.04,100,4.753703594207764,11.44653606414795,23.75405502319336
"2025-03-25 08:20:00.0000",10.06,100,4.96293830871582,11.159401893615723,20.416034698486328
"2025-03-25 08:30:00.0000",10.18,100,4.776063919067383,11.004450798034668,19.96916961669922
"2025-03-25 08:40:00.0000",10.23,100,4.238319396972656,8.394078254699707,19.51637077331543
"2025-03-25 08:50:00.0000",10.32,100,4.4528889656066895,9.507356643676758,18.334800720214844
"2025-03-25 09:00:00.0000",10.39,100,3.963062047958374,8.8659086227417,14.743467330932617
"2025-03-25 09:10:00.0000",10.34,100,4.997521877288818,9.062793731689453,14.606632232666016
"2025-03-25 09:20:00.0000",10.44,100,4.512731075286865,10.159469604492188,26.425031661987305
"2025-03-25 09:30:00.0000",10.39,100,5.681931018829346,9.014419555664062,16.350807189941406
"2025-03-25 09:40:00.0000",10.51,100,4.1448869705200195,8.023882865905762,18.03207778930664
"2025-03-25 09:50:00.0000",10.53,100,3.8432366847991943,7.78816556930542,16.31116485595703
"2025-03-25 10:00:00.0000",10.58,100,4.017747402191162,8.443613052368164,20.711673736572266
"2025-03-25 10:10:00.0000",10.69,100,4.185208320617676,8.264134407043457,13.666219711303711
"2025-03-25 10:20:00.0000",10.66,100,4.359779357910156,8.784563064575195,18.497047424316406
"2025-03-25 10:30:00.0000",10.72,100,4.092092990875244,8.014260292053223,15.728065490722656
"2025-03-25 10:40:00.0000",10.72,100,3.9897587299346924,8.55180835723877,17.424489974975586
"2025-03-25 10:50:00.0000",10.98,100,4.4496355056762695,10.423836708068848,19.95703125
"2025-03-25 11:00:00.0000",11.42,100,3.7545886039733887,10.190921783447266,23.202754974365234
"2025-03-25 11:10:00.0000",11.81,100,3.5353972911834717,11.013537406921387,21.977123260498047
"2025-03-25 11:20:00.0000",12.15,100,2.584932804107666,8.948694229125977,23.00173568725586
"2025-03-25 11:30:00.0000",12.33,100,2.0175511837005615,7.623610496520996,18.74051856994629
"2025-03-25 11:40:00.0000",12.56,100,1.6614755392074585,7.122836589813232,14.05808162689209
"2025-03-25 11:50:00.0000",12.77,100,2.2209675312042236,8.462143898010254,19.446792602539062
"2025-03-25 12:00:00.0000",12.88,100,1.7913066148757935,6.981509208679199,13.377955436706543
"2025-03-25 12:10:00.0000",12.64,99.06,1.5521715879440308,8.072295188903809,24.724403381347656
"2025-03-25 12:20:00.0000",12.51,98.41,1.5186814069747925,7.629033088684082,20.060440063476562
"2025-03-25 12:30:00.0000",12.43,97.2,1.6208879947662354,7.713496208190918,18.390138626098633
"2025-03-25 12:40:00.0000",12.66,95.18,1.6061149835586548,7.759348392486572,21.595867156982422
"2025-03-25 12:50:00.0000",12.99,92.24,1.4454896450042725,7.127039909362793,23.349672317504883
"2025-03-25 13:00:00.0000",13.04,90.21,1.5854969024658203,8.123791694641113,22.05867576599121
"2025-03-25 13:10:00.0000",13.1,90.53,1.6451138257980347,7.572926998138428,17.705190658569336
"2025-03-25 13:20:00.0000",13.04,89.72,1.5311188697814941,6.776780605316162,17.742095947265625
"2025-03-25 13:30:00.0000",13.29,88.22,1.6566667556762695,7.844518184661865,23.267362594604492
"2025-03-25 13:40:00.0000",13.15,87.74,1.444314956665039,7.833670139312744,21.590831756591797
"2025-03-25 13:50:00.0000",13,88.13,1.5110198259353638,7.458871841430664,20.433452606201172
"2025-03-25 14:00:00.0000",13.19,87.21,1.3908283710479736,6.420782566070557,16.483407974243164
"2025-03-25 14:10:00.0000",13.57,85.44,1.4878530502319336,7.6423468589782715,19.93815803527832
"2025-03-25 14:20:00.0000",13.78,84.52,1.4960007667541504,6.575244903564453,16.90562629699707
"2025-03-25 14:30:00.0000",13.85,85.19,1.3891308307647705,7.015495777130127,16.52263069152832
"2025-03-25 14:40:00.0000",13.77,84.51,1.5655454397201538,7.360445499420166,18.73808479309082
"2025-03-25 14:50:00.0000",13.8,85.19,1.3561218976974487,5.32775354385376,11.731086730957031
"2025-03-25 15:00:00.0000",13.37,87.32,1.3984888792037964,6.877105236053467,23.02515411376953
"2025-03-25 15:10:00.0000",13.16,87.8,1.4816213846206665,7.3213114738464355,17.117870330810547
"2025-03-25 15:20:00.0000",13.27,87.45,1.4740403890609741,7.589111328125,22.795642852783203
"2025-03-25 15:30:00.0000",13.26,86.43,1.4426774978637695,6.543104648590088,13.580641746520996
"2025-03-25 15:40:00.0000",13.27,87.6,1.0605673789978027,5.487334251403809,19.810171127319336
"2025-03-25 15:50:00.0000",13.03,85.81,1.0848602056503296,4.900567054748535,9.849325180053711
"2025-03-25 16:00:00.0000",12.91,86.64,1.1446055173873901,5.474302768707275,22.332685470581055
"2025-03-25 16:10:00.0000",12.39,87.52,1.0394734144210815,5.357955455780029,24.686532974243164
"2025-03-25 16:20:00.0000",12.83,86.79,1.0831953287124634,5.264373302459717,15.229598045349121
"2025-03-25 16:30:00.0000",13.76,82.61,0.9998048543930054,4.875611305236816,11.966503143310547
"2025-03-25 16:40:00.0000",14.42,78.99,0.9066434502601624,3.4118154048919678,8.263189315795898
"2025-03-25 16:50:00.0000",13.96,79.23,0.9658151865005493,3.8902759552001953,12.807936668395996
"2025-03-25 17:00:00.0000",13.42,79.52,0.8622030019760132,3.66172456741333,8.118021965026855
"2025-03-25 17:10:00.0000",13.12,80.87,0.7074230313301086,2.777617931365967,7.222889423370361
"2025-03-25 17:20:00.0000",12.78,82.87,0.8565274477005005,4.261849880218506,12.830062866210938
"2025-03-25 17:30:00.0000",13.02,81.65,1.0843689441680908,4.966622352600098,11.679313659667969
"2025-03-25 17:40:00.0000",12.76,82.8,1.061240792274475,4.1087493896484375,13.770181655883789
"2025-03-25 17:50:00.0000",12.69,83.82,1.0501664876937866,4.60008430480957,11.447919845581055
"2025-03-25 18:00:00.0000",12.38,84.69,1.0893973112106323,5.408903121948242,11.85270881652832
"2025-03-25 18:10:00.0000",12.21,85.42,0.9802531003952026,5.140879154205322,18.680721282958984
"2025-03-25 18:20:00.0000",11.8,87.09,1.0602408647537231,4.479042053222656,10.302931785583496
"2025-03-25 18:30:00.0000",11.31,88.32,1.1284281015396118,6.113187789916992,14.531386375427246
"2025-03-25 18:40:00.0000",11.1,89.57,1.2347372770309448,5.357318878173828,13.26843547821045
"2025-03-25 18:50:00.0000",10.83,91,1.1357533931732178,5.29147481918335,19.696352005004883
"2025-03-25 19:00:00.0000",10.67,91.83,1.4178106784820557,5.785700798034668,13.447839736938477
"2025-03-25 19:10:00.0000",10.34,93.42,1.4197661876678467,5.972784996032715,17.923702239990234
"2025-03-25 19:20:00.0000",10.2,94.48,1.6494858264923096,5.985895156860352,14.893741607666016
"2025-03-25 19:30:00.0000",10.05,95.39,1.9037481546401978,5.946810722351074,13.400654792785645
"2025-03-25 19:40:00.0000",9.9,96.22,2.647812843322754,8.354104042053223,15.84852409362793
"2025-03-25 19:50:00.0000",9.82,96.57,2.487607479095459,8.109781265258789,20.65317153930664
"2025-03-25 20:00:00.0000",9.68,96.91,1.9183458089828491,6.919737815856934,14.464795112609863
"2025-03-25 20:10:00.0000",9.66,97.22,1.4713196754455566,6.367459297180176,18.058591842651367
"2025-03-25 20:20:00.0000",9.57,97.97,1.941128134727478,7.2106475830078125,18.236408233642578
"2025-03-25 20:30:00.0000",9.58,98,1.5828845500946045,5.197398662567139,12.924080848693848
"2025-03-25 20:40:00.0000",9.58,98.21,1.830959677696228,5.285039901733398,9.82496452331543
"2025-03-25 20:50:00.0000",9.53,98.26,3.0752828121185303,7.304749488830566,13.074993133544922
"2025-03-25 21:00:00.0000",9.49,98.12,1.8812214136123657,7.191710948944092,20.406368255615234
"2025-03-25 21:10:00.0000",9.33,98.35,5.0012311935424805,10.81654167175293,16.235734939575195
"2025-03-25 21:20:00.0000",9.29,98.69,1.4628618955612183,4.291455268859863,10.435035705566406
"2025-03-25 21:30:00.0000",9.08,99.46,1.257435917854309,5.400744915008545,12.02708911895752
"2025-03-25 21:40:00.0000",9.08,99.93,1.3268383741378784,6.508599758148193,19.84770965576172
"2025-03-25 21:50:00.0000",9.06,100,1.4196934700012207,5.952590465545654,15.22599983215332
"2025-03-25 22:00:00.0000",8.97,100,1.534582495689392,6.176155090332031,19.773900985717773
"2025-03-25 22:10:00.0000",8.99,100,1.4257254600524902,5.341750144958496,16.3303165435791
"2025-03-25 22:20:00.0000",9,100,1.490452766418457,6.924450397491455,20.124839782714844
"2025-03-25 22:30:00.0000",9.01,100,1.7664623260498047,7.3613128662109375,18.80748748779297
"2025-03-25 22:40:00.0000",8.88,100,2.305798053741455,7.778744697570801,14.57392692565918
"2025-03-25 22:50:00.0000",8.84,100,1.7347332239151,6.533498287200928,18.661659240722656
"2025-03-25 23:00:00.0000",8.73,100,1.8995850086212158,7.844196319580078,15.926015853881836
"2025-03-25 23:10:00.0000",8.58,100,1.6763832569122314,6.734403133392334,18.340524673461914
"2025-03-25 23:20:00.0000",8.53,100,1.6122757196426392,5.446103572845459,18.57967185974121
"2025-03-25 23:30:00.0000",8.44,100,1.7512831687927246,6.62723445892334,15.715725898742676
"2025-03-25 23:40:00.0000",8.43,100,1.745886206626892,6.853255748748779,17.01055908203125
"2025-03-25 23:50:00.0000",8.31,100,2.491337537765503,8.047896385192871,25.192102432250977
"2025-03-26 00:00:00.0000",8.31,100,1.5610363483428955,5.022256851196289,12.500083923339844
"2025-03-26 00:10:00.0000",8.25,100,1.780928134918213,5.544781684875488,9.570563316345215
"2025-03-26 00:20:00.0000",8.13,100,2.1131787300109863,7.382856845855713,23.058565139770508
"2025-03-26 00:30:00.0000",8.05,100,2.0059189796447754,6.257678031921387,15.607437133789062
"2025-03-26 00:40:00.0000",7.93,100,1.849292278289795,5.849591255187988,11.85244083404541
"2025-03-26 00:50:00.0000",7.87,100,2.042980194091797,6.12526273727417,20.649093627929688
"2025-03-26 01:00:00.0000",7.7,100,2.168631076812744,6.666409015655518,16.846454620361328
"2025-03-26 01:10:00.0000",7.73,100,2.1458945274353027,5.474434852600098,9.261462211608887
"2025-03-26 01:20:00.0000",7.85,100,2.1805264949798584,6.179827690124512,12.859092712402344
"2025-03-26 01:30:00.0000",7.78,100,2.2071030139923096,6.615309715270996,15.909181594848633
"2025-03-26 01:40:00.0000",7.74,100,1.9205222129821777,5.221932888031006,10.922070503234863
"2025-03-26 01:50:00.0000",7.66,100,1.6952847242355347,3.9927022457122803,7.103582382202148
"2025-03-26 02:00:00.0000",7.65,100,1.7443623542785645,4.287796497344971,8.251472473144531
"2025-03-26 02:10:00.0000",7.65,100,2.0549352169036865,6.510865211486816,15.53963851928711
"2025-03-26 02:20:00.0000",7.84,100,1.833864688873291,5.678459644317627,11.150501251220703
"2025-03-26 02:30:00.0000",7.88,100,1.1956042051315308,3.539686918258667,8.738722801208496
"2025-03-26 02:40:00.0000",7.98,100,1.6548887491226196,4.590253829956055,9.742452621459961
"2025-03-26 02:50:00.0000",8.12,100,1.3288201093673706,3.8254802227020264,7.94189453125
"2025-03-26 03:00:00.0000",8.27,100,1.5116534233093262,5.361187934875488,15.064282417297363
"2025-03-26 03:10:00.0000",8.44,100,1.7280136346817017,7.4455037117004395,18.465456008911133
"2025-03-26 03:20:00.0000",8.5,100,1.0940239429473877,2.9834229946136475,5.813928127288818
"2025-03-26 03:30:00.0000",8.63,100,1.7199490070343018,5.9658589363098145,12.155991554260254
"2025-03-26 03:40:00.0000",8.67,100,1.7880096435546875,6.474458694458008,16.186901092529297
"2025-03-26 03:50:00.0000",8.65,100,2.014019727706909,6.931603908538818,22.776243209838867
"2025-03-26 04:00:00.0000",8.6,100,1.9023323059082031,6.432358741760254,14.051361083984375
"2025-03-26 04:10:00.0000",8.6,100,1.9557313919067383,5.803308963775635,13.230317115783691
"2025-03-26 04:20:00.0000",8.71,100,2.171170711517334,6.508323669433594,15.212396621704102
"2025-03-26 04:30:00.0000",8.61,100,2.4605984687805176,6.773758888244629,12.400959968566895
"2025-03-26 04:40:00.0000",8.68,100,2.4270386695861816,7.453707218170166,16.770864486694336
"2025-03-26 04:50:00.0000",8.72,100,2.570279836654663,6.957328796386719,16.598222732543945
"2025-03-26 05:00:00.0000",8.63,100,2.932854652404785,7.621919631958008,13.724662780761719
"2025-03-26 05:10:00.0000",8.7,100,2.497523069381714,5.1876220703125,8.852042198181152
"2025-03-26 05:20:00.0000",8.67,100,2.723031520843506,7.524750709533691,16.395723342895508
"2025-03-26 05:30:00.0000",8.77,100,2.5106008052825928,5.585804462432861,12.340231895446777
"2025-03-26 05:40:00.0000",8.6,100,3.3769993782043457,8.387791633605957,25.61629867553711
"2025-03-26 05:50:00.0000",8.35,100,3.476473093032837,8.910543441772461,20.03445816040039
"2025-03-26 06:00:00.0000",8.15,100,3.649075508117676,7.9613566398620605,14.86298942565918
"2025-03-26 06:10:00.0000",8.19,100,3.4846479892730713,8.272790908813477,22.47795295715332
"2025-03-26 06:20:00.0000",8.17,100,3.907597780227661,8.503273010253906,18.374866485595703
"2025-03-26 06:30:00.0000",8.29,100,3.673980951309204,7.766987323760986,16.131853103637695
"2025-03-26 06:40:00.0000",8.44,100,3.5419347286224365,8.006683349609375,17.96219825744629
"2025-03-26 06:50:00.0000",8.44,100,3.411642074584961,8.504887580871582,26.839303970336914
"2025-03-26 07:00:00.0000",8.34,100,3.342679738998413,7.5598273277282715,14.594740867614746
"2025-03-26 07:10:00.0000",8.52,100,3.2699639797210693,7.397363662719727,19.06597900390625
"2025-03-26 07:20:00.0000",8.75,100,3.4927637577056885,8.50095272064209,19.166303634643555
"2025-03-26 07:30:00.0000",8.98,100,3.6131598949432373,8.654770851135254,20.820985794067383
"2025-03-26 07:40:00.0000",9.05,100,3.865267753601074,7.899355888366699,18.232633590698242
"2025-03-26 07:50:00.0000",9.2,100,3.9677069187164307,8.331124305725098,25.96662712097168
"2025-03-26 08:00:00.0000",9.07,100,3.9750916957855225,9.041557312011719,19.358287811279297
"2025-03-26 08:10:00.0000",9.17,100,4.09823751449585,8.937113761901855,16.651473999023438
"2025-03-26 08:20:00.0000",9.25,99.81,2.9081265926361084,7.919339656829834,16.619678497314453
"2025-03-26 08:30:00.0000",9.29,98.32,2.319852113723755,7.380997180938721,29.255962371826172
"2025-03-26 08:40:00.0000",9.62,98,2.4061155319213867,6.5816497802734375,19.53327178955078
"2025-03-26 08:50:00.0000",10.01,96.8,2.5159807205200195,7.601781845092773,19.48166847229004
"2025-03-26 09:00:00.0000",10.46,94.9,2.4446394443511963,6.895191669464111,24.401845932006836
"2025-03-26 09:10:00.0000",10.4,93.49,2.0031824111938477,5.81504487991333,12.326632499694824
"2025-03-26 09:20:00.0000",10.83,92.54,2.660365343093872,7.421855926513672,21.825050354003906
"2025-03-26 09:30:00.0000",11.32,90.99,2.6077468395233154,6.990188121795654,17.18114471435547
"2025-03-26 09:40:00.0000",11.76,89.19,2.448723793029785,6.530692100524902,20.9835205078125
"2025-03-26 09:50:00.0000",12.14,87.61,2.3375980854034424,6.0473809242248535,20.28448486328125
"2025-03-26 10:00:00.0000",12.21,86.71,2.176727294921875,7.483055591583252,21.268238067626953
"2025-03-26 10:10:00.0000",12.54,85.14,2.0664138793945312,6.500159740447998,19.35197639465332
"2025-03-26 10:20:00.0000",13.08,82.69,1.9273666143417358,6.109917163848877,13.111642837524414
"2025-03-26 10:30:00.0000",13.15,81.15,1.7031834125518799,4.738120079040527,20.931217193603516
"2025-03-26 10:40:00.0000",13.03,80.93,1.919836401939392,6.291940689086914,19.805858612060547
"2025-03-26 10:50:00.0000",14.95,75.84,1.7851148843765259,5.496194839477539,17.532005310058594
"2025-03-26 11:00:00.0000",15.82,70.33,1.5898590087890625,5.552820205688477,12.029199600219727
"2025-03-26 11:10:00.0000",16.79,66.45,1.621704339981079,5.098991394042969,13.257782936096191
"2025-03-26 11:20:00.0000",17.65,63.44,1.551347255706787,5.212282657623291,20.19896125793457
"2025-03-26 11:30:00.0000",18.03,61.24,1.9980193376541138,6.122527599334717,17.882617950439453
"2025-03-26 11:40:00.0000",17.99,60.12,1.539846420288086,4.751006603240967,10.360147476196289
"2025-03-26 11:50:00.0000",18.86,58.66,1.3972967863082886,4.099534034729004,11.167767524719238
"2025-03-26 12:00:00.0000",19.15,56.82,1.9902786016464233,5.8438873291015625,12.728278160095215
"2025-03-26 12:10:00.0000",18.87,57.45,1.6886202096939087,5.338640213012695,16.137210845947266
"2025-03-26 12:20:00.0000",19.11,56.98,1.7266621589660645,5.370382785797119,12.253960609436035
"2025-03-26 12:30:00.0000",19.66,54.9,1.7613561153411865,6.100502014160156,16.705028533935547
"2025-03-26 12:40:00.0000",19.26,55.34,1.7892062664031982,4.941466331481934,10.999602317810059
"2025-03-26 12:50:00.0000",19.33,55.25,1.5329818725585938,4.603177070617676,12.797103881835938
"2025-03-26 13:00:00.0000",19.65,54.92,1.6664811372756958,4.334272384643555,12.22451400756836
"2025-03-26 13:10:00.0000",19.65,54.89,1.9519797563552856,4.515454292297363,8.151659965515137
"2025-03-26 13:20:00.0000",19.41,55.36,2.1028666496276855,5.275396823883057,12.34738826751709
"2025-03-26 13:30:00.0000",20.09,53.8,1.887857437133789,4.9640984535217285,12.136541366577148
"2025-03-26 13:40:00.0000",19.95,53.73,2.3138649463653564,5.89724063873291,14.284541130065918
"2025-03-26 13:50:00.0000",20.31,53.23,2.0713508129119873,5.608029365539551,11.51871395111084
"2025-03-26 14:00:00.0000",20.04,52.91,1.8058860301971436,6.252307415008545,15.936322212219238
"2025-03-26 14:10:00.0000",19.02,55.35,1.8209197521209717,6.3029375076293945,18.97187614440918
"2025-03-26 14:20:00.0000",18.11,57.7,1.6854912042617798,5.911767482757568,18.660844802856445
"2025-03-26 14:30:00.0000",17.44,59.94,1.7164397239685059,5.959829807281494,18.68812370300293
"2025-03-26 14:40:00.0000",17.15,61.09,1.894895076751709,6.2577667236328125,17.150869369506836
"2025-03-26 14:50:00.0000",17.43,60.79,1.7463831901550293,5.991979598999023,16.13333511352539
"2025-03-26 15:00:00.0000",16.85,62.47,1.8339091539382935,5.746866226196289,19.622180938720703
"2025-03-26 15:10:00.0000",16.92,62.88,1.698425531387329,4.757590293884277,10.65462875366211
"2025-03-26 15:20:00.0000",17.31,62.22,1.7533488273620605,5.513559341430664,11.799864768981934
"2025-03-26 15:30:00.0000",17.45,62.61,1.9215410947799683,5.4111504554748535,13.219167709350586
"2025-03-26 15:40:00.0000",17.85,61.91,1.6615548133850098,5.287628173828125,15.950800895690918
"2025-03-26 15:50:00.0000",18.35,60.72,1.5068223476409912,4.492158889770508,8.357020378112793
"2025-03-26 16:00:00.0000",18.06,60.4,1.3664287328720093,3.565692663192749,9.45001220703125
"2025-03-26 16:10:00.0000",17.87,61.65,1.123815655708313,2.8895175457000732,9.814590454101562
"2025-03-26 16:20:00.0000",17.7,62.02,1.026039958000183,3.0803322792053223,13.386809349060059
"2025-03-26 16:30:00.0000",17.45,62.95,0.8027710914611816,2.3563430309295654,6.284947395324707
"2025-03-26 16:40:00.0000",17.36,62.67,0.8231207728385925,2.2420685291290283,9.394495010375977
"2025-03-26 16:50:00.0000",17.14,63.6,0.8717965483665466,2.7518742084503174,7.242520809173584
"2025-03-26 17:00:00.0000",17.1,64.18,0.9024702906608582,3.5259740352630615,12.374658584594727
"2025-03-26 17:10:00.0000",17,64.07,0.9634178280830383,3.345863103866577,9.160740852355957
"2025-03-26 17:20:00.0000",16.52,65.76,1.0656884908676147,3.0781409740448,6.547873020172119
"2025-03-26 17:30:00.0000",16.42,67.05,1.5944370031356812,4.659298896789551,9.585990905761719
"2025-03-26 17:40:00.0000",15.85,68.59,0.8939480781555176,3.3816895484924316,13.272489547729492
"2025-03-26 17:50:00.0000",15.55,70.38,0.9377596974372864,2.60025954246521,8.531792640686035
"2025-03-26 18:00:00.0000",15.2,71.49,0.9822297692298889,2.769782066345215,13.164156913757324
"2025-03-26 18:10:00.0000",14.9,73.06,1.0531727075576782,3.185537576675415,6.680357933044434
"2025-03-26 18:20:00.0000",14.34,75.01,0.960827112197876,3.668482542037964,8.60513687133789
"2025-03-26 18:30:00.0000",13.42,78.81,1.1834282875061035,4.127837181091309,9.27127456665039
"2025-03-26 18:40:00.0000",12.96,81.35,2.018760919570923,4.520436763763428,12.26123046875
"2025-03-26 18:50:00.0000",12.67,83.19,1.1549280881881714,3.2601568698883057,13.941269874572754
"2025-03-26 19:00:00.0000",12.42,84.2,1.4967900514602661,3.576009511947632,10.034040451049805
"2025-03-26 19:10:00.0000",12.23,85.98,5.690579891204834,10.557141304016113,15.625112533569336
"2025-03-26 19:20:00.0000",11.94,87.11,2.136134147644043,4.48792028427124,9.173176765441895
"2025-03-26 19:30:00.0000",11.89,86.8,1.5318881273269653,3.2537264823913574,6.643740177154541
"2025-03-26 19:40:00.0000",11.76,87.4,4.6880598068237305,7.949897766113281,16.21994972229004
"2025-03-26 19:50:00.0000",11.75,87.91,2.7934486865997314,5.282255172729492,10.737997055053711
"2025-03-26 20:00:00.0000",11.66,88.28,1.5820649862289429,3.278557777404785,10.153458595275879
"2025-03-26 20:10:00.0000",11.52,88.72,2.685842752456665,5.108400821685791,22.550085067749023
"2025-03-26 20:20:00.0000",11.44,89.28,1.8763478994369507,3.767244577407837,14.110137939453125
"2025-03-26 20:30:00.0000",11.32,89.56,3.7845370769500732,7.742584228515625,18.944047927856445
"2025-03-26 20:40:00.0000",11.22,89.86,2.7165515422821045,5.4086012840271,15.217109680175781
"2025-03-26 20:50:00.0000",11.07,90.86,3.024858236312866,6.1506428718566895,17.889219284057617
"2025-03-26 21:00:00.0000",11.02,91.03,3.4909017086029053,5.674538612365723,8.551961898803711
"2025-03-26 21:10:00.0000",10.88,91.53,3.8878533840179443,7.4130048751831055,20.41608428955078
"2025-03-26 21:20:00.0000",10.77,92.1,5.421073913574219,8.200430870056152,13.524369239807129
"2025-03-26 21:30:00.0000",10.76,92.44,2.6228060722351074,4.413705825805664,7.466216564178467
"2025-03-26 21:40:00.0000",10.56,93.94,5.307821273803711,7.907145023345947,13.304444313049316
"2025-03-26 21:50:00.0000",10.47,95.05,1.864924669265747,3.270195960998535,8.493979454040527
"2025-03-26 22:00:00.0000",10.35,96.2,5.393801212310791,9.007701873779297,14.578703880310059
"2025-03-26 22:10:00.0000",10.27,96.5,2.3758552074432373,4.32257604598999,9.60981273651123
"2025-03-26 22:20:00.0000",10.16,96.93,1.2989920377731323,2.672734022140503,6.56721830368042
"2025-03-26 22:30:00.0000",10.07,98.58,1.6734267473220825,3.362028121948242,7.610983848571777
"2025-03-26 22:40:00.0000",10.02,98.72,1.0525394678115845,2.1471569538116455,6.245748043060303
"2025-03-26 22:50:00.0000",9.89,99.25,1.36993408203125,3.336627721786499,7.871286392211914
"2025-03-26 23:00:00.0000",9.88,100,0.8449792861938477,1.5549094676971436,6.071467399597168
"2025-03-26 23:10:00.0000",9.8,100,1.0893232822418213,3.47409987449646,8.040342330932617
"2025-03-26 23:20:00.0000",9.75,100,1.0978506803512573,2.4683613777160645,7.057755470275879
"2025-03-26 23:30:00.0000",9.73,100,1.3830111026763916,2.875217914581299,6.375981330871582
"2025-03-26 23:40:00.0000",9.61,100,1.1230050325393677,1.8112170696258545,4.457116603851318
"2025-03-26 23:50:00.0000",9.53,100,0.9747260808944702,1.6487942934036255,4.099847793579102
"2025-03-27 00:00:00.0000",9.47,100,1.1266885995864868,2.221966505050659,5.84028959274292
"2025-03-27 00:10:00.0000",9.49,100,1.380145788192749,2.6409201622009277,9.137269020080566
"2025-03-27 00:20:00.0000",9.47,100,1.7706869840621948,2.7583210468292236,7.253904342651367
"2025-03-27 00:30:00.0000",9.62,100,1.9793034791946411,3.0796101093292236,6.147931098937988
"2025-03-27 00:40:00.0000",9.76,100,1.6917564868927002,2.823319435119629,6.71345853805542
"2025-03-27 00:50:00.0000",9.93,100,1.7811936140060425,3.2111074924468994,9.32013988494873
"2025-03-27 01:00:00.0000",10.1,100,1.7169179916381836,3.4178969860076904,11.497696876525879
"2025-03-27 01:10:00.0000",10.2,100,1.3067138195037842,2.2781970500946045,6.955181121826172
"2025-03-27 01:20:00.0000",10.32,100,1.6454553604125977,2.876438856124878,6.4573211669921875
"2025-03-27 01:30:00.0000",10.21,100,1.945407748222351,3.3073110580444336,6.265991687774658
"2025-03-27 01:40:00.0000",10.21,100,1.9422104358673096,3.0925519466400146,7.914602756500244
"2025-03-27 01:50:00.0000",10.26,100,1.686623215675354,2.4773261547088623,7.77514123916626
"2025-03-27 02:00:00.0000",10.35,100,1.4360896348953247,2.183089256286621,8.181633949279785
"2025-03-27 02:10:00.0000",10.47,100,1.1300084590911865,1.6997556686401367,5.144272327423096
"2025-03-27 02:20:00.0000",10.38,100,1.1327757835388184,1.8045768737792969,4.512007713317871
"2025-03-27 02:30:00.0000",10.33,100,1.0315430164337158,1.7942644357681274,4.340854167938232
"2025-03-27 02:40:00.0000",10.16,100,1.1839370727539062,1.7298152446746826,4.015606880187988
"2025-03-27 02:50:00.0000",10.07,100,0.9294028282165527,1.3932441473007202,3.7289609909057617
"2025-03-27 03:00:00.0000",9.98,100,0.7484070062637329,1.300276517868042,4.00200080871582
"2025-03-27 03:10:00.0000",9.85,100,1.0217076539993286,1.7001818418502808,7.0817179679870605
"2025-03-27 03:20:00.0000",9.83,100,0.7209943532943726,1.1861869096755981,3.9561057090759277
"2025-03-27 03:30:00.0000",9.84,100,0.9097805619239807,1.3664647340774536,3.8933990001678467
"2025-03-27 03:40:00.0000",10.01,100,1.1628507375717163,2.168327808380127,4.488345623016357
"2025-03-27 03:50:00.0000",9.9,100,1.3060448169708252,2.7356200218200684,5.427162170410156
"2025-03-27 04:00:00.0000",9.83,100,1.7712318897247314,3.2979254722595215,5.851592063903809
"2025-03-27 04:10:00.0000",9.59,100,2.598001480102539,4.357696533203125,7.7996907234191895
"2025-03-27 04:20:00.0000",9.35,100,2.93206787109375,4.222136497497559,12.014378547668457
"2025-03-27 04:30:00.0000",9.31,100,2.5731356143951416,3.870222568511963,7.3949713706970215
"2025-03-27 04:40:00.0000",9.14,100,2.934128761291504,3.9321529865264893,6.390477657318115
"2025-03-27 04:50:00.0000",9.16,100,2.1704635620117188,3.354616641998291,6.896799564361572
"2025-03-27 05:00:00.0000",9.07,100,2.2048277854919434,2.775722026824951,5.01322603225708
"2025-03-27 05:10:00.0000",9.06,100,2.0557236671447754,3.2292895317077637,15.885159492492676
"2025-03-27 05:20:00.0000",9.08,100,1.766062617301941,2.650064706802368,5.396896839141846
"2025-03-27 05:30:00.0000",8.99,100,1.6622741222381592,2.3471813201904297,4.6526970863342285
"2025-03-27 05:40:00.0000",8.92,100,1.4715900421142578,2.2442264556884766,7.298446178436279
"2025-03-27 05:50:00.0000",8.83,100,1.3828147649765015,2.078869342803955,4.397060871124268
"2025-03-27 06:00:00.0000",8.79,100,1.1533910036087036,1.7501230239868164,5.191964149475098
"2025-03-27 06:10:00.0000",8.75,100,1.1880499124526978,1.8253307342529297,4.501172065734863
"2025-03-27 06:20:00.0000",8.79,100,1.1352105140686035,1.9814685583114624,8.402629852294922
"2025-03-27 06:30:00.0000",8.8,100,0.9068012833595276,1.5659606456756592,8.09838581085205
"2025-03-27 06:40:00.0000",8.89,100,0.669692873954773,1.1688295602798462,7.0204176902771
"2025-03-27 06:50:00.0000",9.09,100,0.6574963331222534,1.4702610969543457,5.054975986480713
"2025-03-27 07:00:00.0000",9.18,100,0.5760916471481323,1.1584141254425049,4.331167697906494
"2025-03-27 07:10:00.0000",9.46,100,0.6491730809211731,1.702398657798767,7.194075107574463
"2025-03-27 07:20:00.0000",9.67,100,0.5551595091819763,1.306038737297058,7.813424587249756
"2025-03-27 07:30:00.0000",9.92,100,0.5051952600479126,0.912478506565094,6.8318963050842285
"2025-03-27 07:40:00.0000",10.06,100,0.6255139112472534,1.7567391395568848,11.800214767456055
"2025-03-27 07:50:00.0000",10.2,100,0.6667499542236328,1.6031959056854248,9.989187240600586
"2025-03-27 08:00:00.0000",10.58,100,0.5088854432106018,0.9797200560569763,4.415370464324951
"2025-03-27 08:10:00.0000",10.8,100,0.6089845895767212,1.774030089378357,8.211804389953613
"2025-03-27 08:20:00.0000",11.25,100,0.38770249485969543,1.069238543510437,3.868649482727051
"2025-03-27 08:30:00.0000",11.51,99.94,0.5908130407333374,2.70870304107666,11.87910270690918
"2025-03-27 08:40:00.0000",11.85,99.06,0.5845364928245544,2.4818460941314697,11.8412446975708
"2025-03-27 08:50:00.0000",12.24,97.95,0.23511263728141785,0.7686092853546143,4.0296735763549805
"2025-03-27 09:00:00.0000",12.57,96.5,0.5164114832878113,1.2149499654769897,3.85469651222229
"2025-03-27 09:10:00.0000",12.86,94.3,0.38989996910095215,1.2230359315872192,5.918741703033447
"2025-03-27 09:20:00.0000",13.02,92.46,0.2327549010515213,0.9249470829963684,4.996560573577881
"2025-03-27 09:30:00.0000",13.33,91.33,0.35943329334259033,1.4435471296310425,18.60459327697754
"2025-03-27 09:40:00.0000",13.45,90.47,0.28606703877449036,1.523322582244873,8.718791007995605
"2025-03-27 09:50:00.0000",13.66,89.39,0.2858976721763611,0.9503620266914368,8.493185043334961
"2025-03-27 10:00:00.0000",14,88.54,0.27013540267944336,1.016955018043518,5.621313095092773
"2025-03-27 10:10:00.0000",14.06,87.83,0.31645259261131287,1.4004729986190796,5.621676445007324
"2025-03-27 10:20:00.0000",14.47,86.1,0.26388853788375854,0.8824468851089478,5.194923400878906
"2025-03-27 10:30:00.0000",15.49,82.33,0.31739112734794617,0.9725496172904968,10.524738311767578
"2025-03-27 10:40:00.0000",16.6,76.87,0.26475057005882263,0.9191167950630188,3.4852237701416016
"2025-03-27 10:50:00.0000",17.53,73.07,0.24218808114528656,1.1362303495407104,4.145899295806885
"2025-03-27 11:00:00.0000",18.22,70.63,0.6092312335968018,2.1309890747070312,8.192461967468262
"2025-03-27 11:10:00.0000",18.63,66.39,0.26392489671707153,1.070273518562317,3.9641501903533936
"2025-03-27 11:20:00.0000",18.49,65.63,0.3262171149253845,1.0111478567123413,5.0923566818237305
"2025-03-27 11:30:00.0000",18.34,66.98,0.36966076493263245,1.5748480558395386,4.7520647048950195
"2025-03-27 11:40:00.0000",18.75,64.91,0.27321046590805054,1.2850042581558228,4.901632785797119
"2025-03-27 11:50:00.0000",18.79,64.03,0.31662890315055847,1.6382027864456177,7.904763221740723
"2025-03-27 12:00:00.0000",17.67,68.52,0.3128278851509094,1.2310283184051514,5.6342620849609375
"2025-03-27 12:10:00.0000",17.38,70,0.2503928542137146,0.7254040241241455,3.395756483078003
"2025-03-27 12:20:00.0000",18.31,67.49,0.24975819885730743,1.566088080406189,8.08041763305664
"2025-03-27 12:30:00.0000",19.12,65.45,0.482171893119812,1.2827311754226685,3.934084892272949
"2025-03-27 12:40:00.0000",19.38,63.67,0.26893678307533264,1.045212745666504,5.070462226867676
"2025-03-27 12:50:00.0000",19.28,63.3,0.281564325094223,1.1888601779937744,10.610448837280273
"2025-03-27 13:00:00.0000",18.28,65.04,0.2920657694339752,0.9697631597518921,4.016937732696533
"2025-03-27 13:10:00.0000",17.42,68.61,0.24976007640361786,0.8559426665306091,3.7950632572174072
"2025-03-27 13:20:00.0000",17.43,69.65,0.5644763112068176,1.3853719234466553,3.840790271759033
"2025-03-27 13:30:00.0000",17.24,68.87,0.7031077742576599,2.513962745666504,6.5734405517578125
"2025-03-27 13:40:00.0000",17.42,67.85,0.28047576546669006,1.039663553237915,5.540480136871338
"2025-03-27 13:50:00.0000",17.23,68.81,0.41972705721855164,1.4359877109527588,8.725138664245605
"2025-03-27 14:00:00.0000",16.99,70.35,0.2831326127052307,1.0998679399490356,4.055182456970215
"2025-03-27 14:10:00.0000",16.56,72.79,0.17545287311077118,0.4490204453468323,7.070909023284912
"2025-03-27 14:20:00.0000",16.08,75.61,0.14816097915172577,0.4841402471065521,2.791086435317993
"2025-03-27 14:30:00.0000",15.69,78.62,0.22202152013778687,0.5156177282333374,2.755429983139038
"2025-03-27 14:40:00.0000",15.69,79.79,0.23800937831401825,0.749578058719635,3.756347179412842
"2025-03-27 14:50:00.0000",16.22,78.13,0.3377420902252197,1.0251513719558716,11.778392791748047
"2025-03-27 15:00:00.0000",15.8,80.08,0.3002523183822632,0.7200436592102051,2.9780139923095703
"2025-03-27 15:10:00.0000",15.64,81.37,0.3072884976863861,0.9158200025558472,6.227990627288818
"2025-03-27 15:20:00.0000",15.86,80.49,0.3100176453590393,0.9720594882965088,5.310695648193359
"2025-03-27 15:30:00.0000",15.26,82.53,0.18461920320987701,0.5429575443267822,3.100477457046509
"2025-03-27 15:40:00.0000",14.87,84.48,0.24296770989894867,0.8302487730979919,5.754694938659668
"2025-03-27 15:50:00.0000",14.86,85.29,0.18484707176685333,0.4497261345386505,5.6212897300720215
"2025-03-27 16:00:00.0000",14.84,85.64,0.46188798546791077,1.2631726264953613,4.371359825134277
"2025-03-27 16:10:00.0000",14.99,85.29,0.2545351982116699,0.6744265556335449,3.3663136959075928
"2025-03-27 16:20:00.0000",15.14,85.54,0.3540962040424347,0.9677725434303284,4.758995532989502
"2025-03-27 16:30:00.0000",14.76,86.38,0.21228116750717163,0.7053316235542297,4.2866291999816895
"2025-03-27 16:40:00.0000",14.59,87.48,0.395386666059494,1.0416738986968994,4.315975189208984
"2025-03-27 16:50:00.0000",14.59,87.86,0.5003873109817505,1.2909152507781982,4.824097156524658
"2025-03-27 17:00:00.0000",14.55,88.33,0.35267794132232666,0.9810572266578674,4.884799957275391
"2025-03-27 17:10:00.0000",14.38,88.89,0.24208812415599823,0.5037845373153687,3.0233428478240967
"2025-03-27 17:20:00.0000",14.37,88.87,0.28467804193496704,0.6089790463447571,6.5031514167785645
"2025-03-27 17:30:00.0000",14.27,89.09,0.3686854839324951,0.7472139596939087,3.098233461380005
"2025-03-27 17:40:00.0000",14.19,89.6,0.2701455056667328,1.2114214897155762,5.308043003082275
"2025-03-27 17:50:00.0000",14.05,90.24,0.19667500257492065,0.5055292248725891,2.7733020782470703
"2025-03-27 18:00:00.0000",14.08,90.6,0.29835572838783264,0.6968128681182861,3.2788939476013184
"2025-03-27 18:10:00.0000",13.96,91.11,0.24270214140415192,0.6621063947677612,3.24861741065979
"2025-03-27 18:20:00.0000",13.92,91.71,0.3368109464645386,0.8655663728713989,3.345062494277954
"2025-03-27 18:30:00.0000",13.84,91.56,0.3410946726799011,0.8994634747505188,3.403562307357788
"2025-03-27 18:40:00.0000",13.83,91.3,0.2662656605243683,0.5820353627204895,3.1066572666168213
"2025-03-27 18:50:00.0000",13.85,91.01,0.22233396768569946,0.5238283276557922,2.8694002628326416
"2025-03-27 19:00:00.0000",13.75,91.31,0.29251325130462646,0.7406122088432312,2.979569911956787
"2025-03-27 19:10:00.0000",13.82,90.87,0.3046448528766632,0.6571622490882874,3.210010290145874
"2025-03-27 19:20:00.0000",13.84,90.5,0.31373316049575806,0.8588858246803284,4.069100379943848
"2025-03-27 19:30:00.0000",13.74,90.7,0.298214316368103,1.0191017389297485,9.891172409057617
"2025-03-27 19:40:00.0000",13.84,90.09,0.3653917610645294,0.9557914137840271,7.19156551361084
"2025-03-27 19:50:00.0000",13.67,90.57,0.6912807822227478,1.6048113107681274,10.703306198120117
"2025-03-27 20:00:00.0000",13.52,90.74,0.37180599570274353,0.7724436521530151,3.0190622806549072
"2025-03-27 20:10:00.0000",13.42,90.92,0.3328081965446472,0.8649845719337463,9.688371658325195
"2025-03-27 20:20:00.0000",13.34,91.53,0.3652358651161194,0.8592408299446106,6.878561496734619
"2025-03-27 20:30:00.0000",13.21,91.81,0.2884488105773926,0.706292450428009,4.4012064933776855
"2025-03-27 20:40:00.0000",13.07,92.72,0.4729292690753937,1.0311423540115356,9.9380521774292
"2025-03-27 20:50:00.0000",12.93,93.55,0.4086577892303467,1.5065962076187134,5.693164825439453
"2025-03-27 21:00:00.0000",12.79,94.54,0.44786015152931213,1.238865852355957,4.35675573348999
"2025-03-27 21:10:00.0000",12.79,94.88,0.40088069438934326,1.3131285905838013,6.231978893280029
"2025-03-27 21:20:00.0000",12.71,95.37,0.3845348358154297,0.9408201575279236,3.3598153591156006
"2025-03-27 21:30:00.0000",12.66,95.37,0.23184530436992645,0.7361863851547241,3.359830856323242
"2025-03-27 21:40:00.0000",12.63,95.57,0.27062851190567017,0.7383254170417786,3.0016133785247803
"2025-03-27 21:50:00.0000",12.57,95.76,0.24507738649845123,0.564336359500885,2.8083279132843018
"2025-03-27 22:00:00.0000",12.59,95.82,0.23233234882354736,0.7471516132354736,3.1685938835144043
"2025-03-27 22:10:00.0000",12.62,95.79,0.15251891314983368,0.567959725856781,2.931978940963745
"2025-03-27 22:20:00.0000",12.54,96.6,0.13561131060123444,0.775728166103363,3.6532156467437744
"2025-03-27 22:30:00.0000",12.38,97.75,0.14834636449813843,0.2672470808029175,2.4295408725738525
"2025-03-27 22:40:00.0000",12.42,97.85,0.1540730595588684,0.5022423267364502,2.853243827819824
"2025-03-27 22:50:00.0000",12.41,98.32,0.15955457091331482,0.7667075395584106,4.975019454956055
"2025-03-27 23:00:00.0000",12.33,98.79,0.16703131794929504,0.7589073181152344,6.1132121086120605
"2025-03-27 23:10:00.0000",12.41,98.38,0.22458595037460327,0.9449582695960999,4.520793914794922
"2025-03-27 23:20:00.0000",12.23,99.49,0.1379004567861557,0.42459675669670105,2.7428042888641357
"2025-03-27 23:30:00.0000",12.27,99.17,0.14723865687847137,0.6168220639228821,3.5171754360198975
"2025-03-27 23:40:00.0000",12.01,100,0.21681515872478485,1.0612001419067383,4.940115451812744
"2025-03-27 23:50:00.0000",11.88,100,0.31110936403274536,1.305873155593872,8.064728736877441
"2025-03-28 00:00:00.0000",11.88,100,0.304963082075119,1.3654865026474,4.183287620544434
"2025-03-28 00:10:00.0000",11.8,100,0.2595265209674835,1.459503412246704,5.252660274505615
"2025-03-28 00:20:00.0000",11.82,98.77,0.3836820423603058,1.5694527626037598,4.663582801818848
"2025-03-28 00:30:00.0000",11.74,96.46,0.4305172860622406,2.061408758163452,6.5656561851501465
"2025-03-28 00:40:00.0000",11.67,92.4,0.5610308647155762,2.215850830078125,8.787311553955078
"2025-03-28 00:50:00.0000",11.55,91.09,0.6391270756721497,2.4813520908355713,6.213469982147217
"2025-03-28 01:00:00.0000",11.49,89.44,0.6849935054779053,2.8648056983947754,6.9885687828063965
"2025-03-28 01:10:00.0000",11.45,89.55,0.6626643538475037,2.808551788330078,7.200345993041992
"2025-03-28 01:20:00.0000",11.37,91.74,0.6665737628936768,2.4631805419921875,9.206171989440918
"2025-03-28 01:30:00.0000",11,95.4,0.7893956303596497,3.2833430767059326,7.989470481872559
"2025-03-28 01:40:00.0000",10.58,100,0.7241944074630737,3.1970484256744385,7.663054466247559
"2025-03-28 01:50:00.0000",10.23,100,0.7095243334770203,3.297802209854126,9.89979362487793
"2025-03-28 02:00:00.0000",10.11,100,0.6062940955162048,2.065467596054077,5.6256208419799805
"2025-03-28 02:10:00.0000",10.07,100,0.8801558613777161,4.764509201049805,12.140976905822754
"2025-03-28 02:20:00.0000",9.78,100,1.2659411430358887,6.655494213104248,13.55836296081543
"2025-03-28 02:30:00.0000",9.6,100,1.2434701919555664,6.37988805770874,14.876023292541504
"2025-03-28 02:40:00.0000",9.49,100,2.070369005203247,10.816948890686035,25.686229705810547
"2025-03-28 02:50:00.0000",9.44,100,2.2659599781036377,11.893903732299805,25.05497932434082
"2025-03-28 03:00:00.0000",9.62,100,2.301438331604004,11.896766662597656,28.73447608947754
"2025-03-28 03:10:00.0000",9.8,100,2.3262507915496826,10.99973201751709,24.70347023010254
"2025-03-28 03:20:00.0000",10,100,2.6913304328918457,14.392797470092773,33.984619140625
"2025-03-28 03:30:00.0000",10.21,100,2.94291353225708,14.725362777709961,30.264646530151367
"2025-03-28 03:40:00.0000",10.25,100,3.1522748470306396,14.660778045654297,31.098127365112305
"2025-03-28 03:50:00.0000",10.28,100,3.2450969219207764,16.493423461914062,38.898841857910156
"2025-03-28 04:00:00.0000",10.18,100,3.2209715843200684,15.344157218933105,32.6169548034668
"2025-03-28 04:10:00.0000",10.1,100,3.494379758834839,17.148000717163086,38.394920349121094
"2025-03-28 04:20:00.0000",9.94,99.96,3.1915242671966553,17.222856521606445,38.89314651489258
"2025-03-28 04:30:00.0000",9.97,98.9,3.3244597911834717,14.888763427734375,29.586912155151367
"2025-03-28 04:40:00.0000",9.91,98.53,3.4996402263641357,16.79473304748535,41.01321792602539
"2025-03-28 04:50:00.0000",9.78,98.12,3.317706346511841,15.923148155212402,36.6111946105957
"2025-03-28 05:00:00.0000",9.75,97.56,3.6786441802978516,19.290876388549805,48.47675704956055
"2025-03-28 05:10:00.0000",9.62,97.83,3.131366014480591,16.791481018066406,38.9378662109375
"2025-03-28 05:20:00.0000",9.61,97.58,3.263115167617798,16.297245025634766,35.724605560302734
"2025-03-28 05:30:00.0000",9.54,97.59,3.1766858100891113,14.458436012268066,35.34324645996094
"2025-03-28 05:40:00.0000",9.66,97.52,2.962909460067749,14.352460861206055,27.76564598083496
"2025-03-28 05:50:00.0000",9.78,97.04,3.038602352142334,15.624963760375977,36.774818420410156
"2025-03-28 06:00:00.0000",9.75,96.87,3.325753688812256,16.47650909423828,37.40950012207031
"2025-03-28 06:10:00.0000",9.77,95.66,2.8011884689331055,14.383932113647461,36.38568115234375
"2025-03-28 06:20:00.0000",9.86,94.85,3.2460198402404785,14.629364013671875,36.59941101074219
"2025-03-28 06:30:00.0000",9.86,93.35,2.263331890106201,9.843374252319336,22.454782485961914
"2025-03-28 06:40:00.0000",9.9,94.82,2.9402174949645996,14.867942810058594,42.379432678222656
"2025-03-28 06:50:00.0000",9.88,95.3,2.7561867237091064,13.33549976348877,27.511186599731445
"2025-03-28 07:00:00.0000",9.61,98.17,2.778282403945923,14.46728515625,30.577180862426758
"2025-03-28 07:10:00.0000",9.47,99.88,3.0218749046325684,15.038681983947754,34.08271408081055
"2025-03-28 07:20:00.0000",9.49,97.91,2.4503836631774902,12.11122989654541,25.918546676635742
"2025-03-28 07:30:00.0000",9.36,95.91,2.031566858291626,10.436469078063965,28.013086318969727
"2025-03-28 07:40:00.0000",9.56,95.23,2.1187431812286377,10.088562965393066,24.22333335876465
"2025-03-28 07:50:00.0000",9.68,95.38,2.189284086227417,11.104464530944824,31.255470275878906
"2025-03-28 08:00:00.0000",9.75,94.16,2.044173240661621,10.647062301635742,26.37572479248047
"2025-03-28 08:10:00.0000",9.61,94.04,2.0796329975128174,10.373611450195312,20.610565185546875
"2025-03-28 08:20:00.0000",9.51,91.29,2.2889084815979004,10.910503387451172,21.679607391357422
"2025-03-28 08:30:00.0000",9.59,91.24,2.4385790824890137,11.558738708496094,25.620969772338867
"2025-03-28 08:40:00.0000",9.62,91.26,2.4736874103546143,13.04460620880127,43.58893585205078
"2025-03-28 08:50:00.0000",9.69,89.98,2.2971386909484863,10.024620056152344,19.551435470581055
"2025-03-28 09:00:00.0000",9.72,89.7,2.843322515487671,13.543050765991211,31.947179794311523
"2025-03-28 09:10:00.0000",9.76,86.8,2.3937747478485107,11.987373352050781,27.029037475585938
"2025-03-28 09:20:00.0000",9.77,87.23,1.6675564050674438,8.699873924255371,17.23695182800293
"2025-03-28 09:30:00.0000",9.74,87.86,2.018336772918701,9.874470710754395,29.724285125732422
"2025-03-28 09:40:00.0000",9.81,84.71,2.51130747795105,11.468669891357422,27.214061737060547
"2025-03-28 09:50:00.0000",9.83,86.75,2.5076425075531006,13.26689338684082,37.2547721862793
"2025-03-28 10:00:00.0000",9.9,85.04,2.564796209335327,12.135741233825684,34.84294128417969
"2025-03-28 10:10:00.0000",9.92,82.16,2.3968489170074463,9.901458740234375,18.42842674255371
"2025-03-28 10:20:00.0000",9.85,79.57,2.803372859954834,11.689140319824219,27.044878005981445
"2025-03-28 10:30:00.0000",10.54,78.82,2.679725408554077,12.29005241394043,33.428245544433594
"2025-03-28 10:40:00.0000",10.48,77.46,2.232696771621704,10.336149215698242,21.9399471282959
"2025-03-28 10:50:00.0000",11.5,75.12,3.016739845275879,12.722607612609863,28.253822326660156
"2025-03-28 11:00:00.0000",11.74,73.18,2.9652183055877686,12.001263618469238,30.597562789916992
"2025-03-28 11:10:00.0000",11.37,71.06,2.136190414428711,9.11444091796875,22.917503356933594
"2025-03-28 11:20:00.0000",11.41,71.13,2.535247564315796,10.983795166015625,25.849149703979492
"2025-03-28 11:30:00.0000",11.8,71.1,2.633782386779785,11.791297912597656,25.61787986755371
"2025-03-28 11:40:00.0000",11.96,69.01,2.5787785053253174,10.664083480834961,27.34477424621582
"2025-03-28 11:50:00.0000",11.81,70.9,2.694692611694336,10.368553161621094,26.21072769165039
"2025-03-28 12:00:00.0000",11.54,70.8,2.765470266342163,11.6664400100708,27.940998077392578
"2025-03-28 12:10:00.0000",11.63,71.35,3.2093238830566406,11.898041725158691,24.512937545776367
"2025-03-28 12:20:00.0000",11.86,68.18,2.231675386428833,8.81799602508545,19.64292335510254
"2025-03-28 12:30:00.0000",12,69.2,2.861173152923584,12.426528930664062,32.4341926574707
"2025-03-28 12:40:00.0000",11.57,68.85,2.553281307220459,11.029522895812988,26.48762321472168
"2025-03-28 12:50:00.0000",12.22,68.9,2.945327043533325,11.181812286376953,23.95631217956543
"2025-03-28 13:00:00.0000",11.92,67.71,2.3802101612091064,8.863601684570312,22.764480590820312
"2025-03-28 13:10:00.0000",12.09,67.07,2.3092997074127197,9.104097366333008,17.686298370361328
"2025-03-28 13:20:00.0000",12.51,65.73,2.09648060798645,8.876628875732422,17.787017822265625
"2025-03-28 13:30:00.0000",12.51,64.98,2.361097812652588,10.526385307312012,26.858610153198242
"2025-03-28 13:40:00.0000",13.28,64.61,2.419053554534912,9.38949203491211,17.607690811157227
"2025-03-28 13:50:00.0000",13.14,63.59,2.3015036582946777,9.06554126739502,17.4467716217041
"2025-03-28 14:00:00.0000",12.54,66.19,2.443018913269043,9.521780967712402,23.316951751708984
"2025-03-28 14:10:00.0000",12.56,66.21,3.0808935165405273,12.051487922668457,30.19644546508789
"2025-03-28 14:20:00.0000",11.46,72.73,2.235163450241089,9.861016273498535,26.632709503173828
"2025-03-28 14:30:00.0000",11.45,72.11,2.2810957431793213,8.935364723205566,18.36149787902832
"2025-03-28 14:40:00.0000",11.95,71.18,2.013817548751831,8.78681755065918,18.264963150024414
"2025-03-28 14:50:00.0000",12.28,70.05,2.190387487411499,9.709088325500488,19.467674255371094
"2025-03-28 15:00:00.0000",12.33,71.21,3.0484213829040527,11.36623764038086,23.100418090820312
"2025-03-28 15:10:00.0000",12.45,71.45,2.4526164531707764,10.256176948547363,27.800321578979492
"2025-03-28 15:20:00.0000",12.41,70.88,2.084251642227173,8.042255401611328,17.7514705657959
"2025-03-28 15:30:00.0000",12.25,69.89,1.7340643405914307,7.01256799697876,21.947330474853516
"2025-03-28 15:40:00.0000",12.68,70.42,2.090681552886963,9.39775276184082,24.54377555847168
"2025-03-28 15:50:00.0000",12.88,70.4,1.7447677850723267,7.632139205932617,15.514482498168945
"2025-03-28 16:00:00.0000",11.97,74.01,1.7914279699325562,8.05942153930664,25.334964752197266
"2025-03-28 16:10:00.0000",11.41,80.94,1.501219630241394,7.1859025955200195,19.57733917236328
"2025-03-28 16:20:00.0000",11.09,79.23,1.1767522096633911,5.8989152908325195,19.64430046081543
"2025-03-28 16:30:00.0000",11.31,79.21,1.0598223209381104,4.393667697906494,11.72962474822998
"2025-03-28 16:40:00.0000",11.38,76.39,0.8844789862632751,4.333469390869141,10.21174430847168
"2025-03-28 16:50:00.0000",11,77.8,0.8813749551773071,3.9965884685516357,12.63583755493164
"2025-03-28 17:00:00.0000",10.73,80.3,2.0346739292144775,6.184212684631348,18.176267623901367
"2025-03-28 17:10:00.0000",10.92,79.46,2.060326337814331,6.480249404907227,15.149621963500977
"2025-03-28 17:20:00.0000",10.82,79.81,1.1140632629394531,5.272696495056152,18.154876708984375
"2025-03-28 17:30:00.0000",10.55,81.03,1.278649091720581,5.927618503570557,16.09990692138672
"2025-03-28 17:40:00.0000",10.25,82.58,0.9617996215820312,5.322306156158447,17.699066162109375
"2025-03-28 17:50:00.0000",10.04,84.04,1.077290415763855,6.299056529998779,19.4772891998291
"2025-03-28 18:00:00.0000",9.97,84.67,0.9589208364486694,5.71286678314209,18.74050521850586
"2025-03-28 18:10:00.0000",9.9,85.58,1.3391504287719727,6.3038530349731445,19.25527000427246
"2025-03-28 18:20:00.0000",9.7,87.34,3.0929629802703857,9.7547025680542,22.856142044067383
"2025-03-28 18:30:00.0000",9.41,89.44,1.5615895986557007,7.755692958831787,29.93899154663086
"2025-03-28 18:40:00.0000",9.28,90.11,1.3731558322906494,6.642794609069824,18.622596740722656
"2025-03-28 18:50:00.0000",9.13,90.85,1.4613382816314697,6.902131080627441,16.578689575195312
"2025-03-28 19:00:00.0000",9.12,91.05,1.6856390237808228,8.17369270324707,18.646194458007812
"2025-03-28 19:10:00.0000",9.08,90.1,1.4805519580841064,6.084589958190918,18.74770736694336
"2025-03-28 19:20:00.0000",9.14,88.62,1.4427800178527832,6.8348212242126465,17.937665939331055
"2025-03-28 19:30:00.0000",9.13,87.83,1.327069640159607,6.318516731262207,13.40990924835205
"2025-03-28 19:40:00.0000",9.14,86.11,1.542967438697815,7.2555832862854,16.50126838684082
"2025-03-28 19:50:00.0000",9.21,88.14,1.3843905925750732,6.399825096130371,17.224790573120117
"2025-03-28 20:00:00.0000",9.15,91.52,2.1743547916412354,9.661075592041016,23.791038513183594
"2025-03-28 20:10:00.0000",9.22,92.17,2.6360831260681152,11.44316577911377,26.520381927490234
"2025-03-28 20:20:00.0000",9.15,92.61,2.3017075061798096,9.481871604919434,24.044450759887695
"2025-03-28 20:30:00.0000",9.15,92.53,2.092481851577759,9.064432144165039,20.27153205871582
"2025-03-28 20:40:00.0000",9.09,93.36,2.1047418117523193,9.791285514831543,26.95648765563965
"2025-03-28 20:50:00.0000",9.11,94.19,2.194572925567627,11.548396110534668,25.342092514038086
"2025-03-28 21:00:00.0000",9.05,94.19,2.1477861404418945,10.467860221862793,31.364412307739258
"2025-03-28 21:10:00.0000",9.04,94.08,2.4007909297943115,11.507607460021973,27.880605697631836
"2025-03-28 21:20:00.0000",9.15,94.79,2.8216733932495117,12.932696342468262,38.981475830078125
"2025-03-28 21:30:00.0000",9.05,93.29,2.768512487411499,12.531630516052246,37.404457092285156
"2025-03-28 21:40:00.0000",9.15,91.52,2.6829564571380615,10.98193359375,34.37384033203125
"2025-03-28 21:50:00.0000",9.14,91.34,2.2505409717559814,10.056839942932129,22.158618927001953
"2025-03-28 22:00:00.0000",9.13,94.74,2.639889717102051,12.73531436920166,40.08486557006836
"2025-03-28 22:10:00.0000",8.98,95.64,2.2470602989196777,12.713053703308105,32.1019401550293
"2025-03-28 22:20:00.0000",8.83,95.94,2.028409242630005,9.626409530639648,26.2332763671875
"2025-03-28 22:30:00.0000",8.84,96.68,2.2190098762512207,11.50388240814209,30.043962478637695
"2025-03-28 22:40:00.0000",8.74,97.17,2.2807929515838623,11.09560775756836,26.98577880859375
"2025-03-28 22:50:00.0000",8.77,96.75,2.646149158477783,11.917542457580566,27.30990219116211
"2025-03-28 23:00:00.0000",8.73,96.42,2.168808698654175,12.695359230041504,30.797210693359375
"2025-03-28 23:10:00.0000",8.73,96.72,2.4829421043395996,13.040055274963379,35.35169219970703
"2025-03-28 23:20:00.0000",8.75,96.96,2.5673470497131348,13.07568359375,33.567771911621094
"2025-03-28 23:30:00.0000",8.73,97.15,2.781158924102783,14.4512357711792,38.792789459228516
"2025-03-28 23:40:00.0000",8.74,96.9,2.439405679702759,12.453909873962402,29.777198791503906
"2025-03-28 23:50:00.0000",8.71,96.74,2.687664031982422,12.92525863647461,31.865333557128906
"2025-03-29 00:00:00.0000",8.77,96.85,2.973184823989868,16.791236877441406,47.30149459838867
"2025-03-29 00:10:00.0000",8.71,96.98,2.772305965423584,15.563179016113281,40.18576431274414
"2025-03-29 00:20:00.0000",8.76,97.09,2.8728268146514893,14.489001274108887,41.361968994140625
"2025-03-29 00:30:00.0000",8.75,97.47,4.1693501472473145,16.726333618164062,34.722843170166016
"2025-03-29 00:40:00.0000",8.7,97.08,3.223123550415039,17.685028076171875,45.39723205566406
"2025-03-29 00:50:00.0000",8.78,95.13,3.210261106491089,16.261760711669922,35.785316467285156
"2025-03-29 01:00:00.0000",8.75,94.63,3.1313424110412598,16.590213775634766,39.35226821899414
"2025-03-29 01:10:00.0000",8.84,94.75,3.1467504501342773,15.632145881652832,36.39501190185547
"2025-03-29 01:20:00.0000",8.7,95.03,3.1460914611816406,16.8101863861084,43.11326217651367
"2025-03-29 01:30:00.0000",8.68,94.76,3.1951215267181396,17.06553840637207,40.70521545410156
"2025-03-29 01:40:00.0000",8.69,94.17,3.3668835163116455,16.851999282836914,35.53020477294922
"2025-03-29 01:50:00.0000",8.62,94.06,3.2706704139709473,17.685352325439453,49.9892463684082
"2025-03-29 02:00:00.0000",8.62,94.79,3.4563791751861572,16.434757232666016,33.72163009643555
"2025-03-29 02:10:00.0000",8.5,96.31,3.381707191467285,17.869104385375977,50.35727310180664
"2025-03-29 02:20:00.0000",8.49,96.37,3.054234266281128,15.16709041595459,38.26811218261719
"2025-03-29 02:30:00.0000",8.37,97.82,3.3447415828704834,17.16699981689453,39.19682693481445
"2025-03-29 02:40:00.0000",8.28,99.13,3.073636054992676,16.706438064575195,43.238380432128906
"2025-03-29 02:50:00.0000",8.23,99.88,3.1586267948150635,16.556730270385742,42.67546463012695
"2025-03-29 03:00:00.0000",8.13,99.98,3.582458734512329,16.454496383666992,32.741634368896484
"2025-03-29 03:10:00.0000",8.1,99.94,3.302151918411255,18.078445434570312,52.52383041381836
"2025-03-29 03:20:00.0000",7.96,100,3.429351329803467,17.372224807739258,58.44539260864258
"2025-03-29 03:30:00.0000",8.01,100,3.185317277908325,16.99247932434082,38.39318084716797
"2025-03-29 03:40:00.0000",7.92,100,3.4486236572265625,17.401538848876953,49.82431411743164
"2025-03-29 03:50:00.0000",7.82,100,3.506889820098877,17.3994140625,40.53688049316406
"2025-03-29 04:00:00.0000",7.7,100,3.296788215637207,17.14438819885254,46.94087600708008
"2025-03-29 04:10:00.0000",7.64,100,3.2116634845733643,16.590801239013672,52.57965087890625
"2025-03-29 04:20:00.0000",7.69,100,3.1367979049682617,15.72243595123291,43.54483413696289
"2025-03-29 04:30:00.0000",7.57,99.91,3.038572311401367,15.625041961669922,48.0322380065918
"2025-03-29 04:40:00.0000",7.57,99.7,3.066960096359253,15.337211608886719,35.839778900146484
"2025-03-29 04:50:00.0000",7.46,100,3.1746878623962402,16.224136352539062,40.644256591796875
"2025-03-29 05:00:00.0000",7.47,99.94,2.9693760871887207,14.053290367126465,28.54172706604004
"2025-03-29 05:10:00.0000",7.47,99.34,2.9663803577423096,14.929092407226562,39.02215576171875
"2025-03-29 05:20:00.0000",7.41,98.92,3.0316543579101562,14.675994873046875,35.692955017089844
"2025-03-29 05:30:00.0000",7.47,98.64,3.1190905570983887,16.07607650756836,36.5941276550293
"2025-03-29 05:40:00.0000",7.41,98.33,3.0037810802459717,14.09419059753418,33.462074279785156
"2025-03-29 05:50:00.0000",7.49,97.41,2.820981740951538,12.569361686706543,31.232025146484375
"2025-03-29 06:00:00.0000",7.47,96.28,2.7377400398254395,13.870489120483398,36.27882766723633
"2025-03-29 06:10:00.0000",7.5,94.84,2.903629779815674,13.89494514465332,29.763076782226562
"2025-03-29 06:20:00.0000",7.64,93.61,2.79414963722229,12.857012748718262,34.273521423339844
"2025-03-29 06:30:00.0000",7.6,92.26,2.4482240676879883,12.242897033691406,29.914453506469727
"2025-03-29 06:40:00.0000",7.73,91.76,2.5682320594787598,10.43557071685791,28.587326049804688
"2025-03-29 06:50:00.0000",7.77,91.21,2.846651315689087,14.290495872497559,36.65074157714844
"2025-03-29 07:00:00.0000",7.97,89.24,2.643932580947876,11.535431861877441,23.502775192260742
"2025-03-29 07:10:00.0000",8.04,88.89,2.6840906143188477,13.158342361450195,32.04285430908203
"2025-03-29 07:20:00.0000",8.13,89.41,2.556273937225342,10.950767517089844,31.34454345703125
"2025-03-29 07:30:00.0000",8.25,90.18,2.552184581756592,11.764533996582031,32.36206817626953
"2025-03-29 07:40:00.0000",8.15,90.15,2.6477713584899902,12.686216354370117,39.99298095703125
"2025-03-29 07:50:00.0000",8.17,89.92,3.0255324840545654,12.754589080810547,26.238698959350586
"2025-03-29 08:00:00.0000",8.23,89.9,3.4325075149536133,12.670235633850098,32.56702423095703
"2025-03-29 08:10:00.0000",8.48,89.49,3.1957154273986816,12.58738899230957,36.90665817260742
"2025-03-29 08:20:00.0000",8.63,89.71,2.6370270252227783,11.759638786315918,24.873119354248047
"2025-03-29 08:30:00.0000",8.93,89.15,2.6202476024627686,13.421731948852539,34.64602279663086
"2025-03-29 08:40:00.0000",9.3,87.1,2.8571982383728027,11.8608980178833,23.889068603515625
"2025-03-29 08:50:00.0000",9.39,87.02,2.8221566677093506,12.459918022155762,30.88225555419922
"2025-03-29 09:00:00.0000",9.24,87.06,2.942990779876709,13.18090534210205,28.643115997314453
"2025-03-29 09:10:00.0000",9.49,86.3,2.5718131065368652,12.277164459228516,35.064735412597656
"2025-03-29 09:20:00.0000",9.83,84.12,2.8258626461029053,12.07883071899414,26.424888610839844
"2025-03-29 09:30:00.0000",10.01,83.15,2.6223695278167725,11.634206771850586,25.893112182617188
"2025-03-29 09:40:00.0000",10.39,83.33,2.5719799995422363,11.301203727722168,34.43430709838867
"2025-03-29 09:50:00.0000",10.35,78.18,2.2780723571777344,9.461662292480469,24.490385055541992
"2025-03-29 10:00:00.0000",10.52,78.88,2.5701699256896973,11.897409439086914,24.748451232910156
"2025-03-29 10:10:00.0000",10.75,77.68,2.45471453666687,11.370644569396973,30.564821243286133
"2025-03-29 10:20:00.0000",10.77,77.32,2.4337947368621826,10.427136421203613,19.805391311645508
"2025-03-29 10:30:00.0000",10.78,77.03,2.536937952041626,10.267745018005371,20.07229995727539
"2025-03-29 10:40:00.0000",10.84,77.49,2.3863930702209473,11.165690422058105,28.375322341918945
"2025-03-29 10:50:00.0000",10.76,76.57,2.014004707336426,9.037103652954102,18.970556259155273
"2025-03-29 11:00:00.0000",11.12,76.42,2.152989149093628,9.626131057739258,20.237760543823242
"2025-03-29 11:10:00.0000",11.11,75.38,2.3637585639953613,10.383562088012695,28.12051010131836
"2025-03-29 11:20:00.0000",11.34,73.45,2.1420276165008545,8.973852157592773,21.529361724853516
"2025-03-29 11:30:00.0000",11.19,74.4,1.965325951576233,8.65266227722168,18.488357543945312
"2025-03-29 11:40:00.0000",11.43,74.44,2.6678314208984375,9.299747467041016,27.039762496948242
"2025-03-29 11:50:00.0000",11.36,74.36,2.078228235244751,9.710382461547852,25.573373794555664
"2025-03-29 12:00:00.0000",11.66,74.64,2.3660550117492676,9.767609596252441,25.470569610595703
"2025-03-29 12:10:00.0000",11.53,72.69,1.8445414304733276,7.709591865539551,19.902114868164062
"2025-03-29 12:20:00.0000",11.62,72.46,1.9209442138671875,8.0295991897583,25.298704147338867
"2025-03-29 12:30:00.0000",12.07,72.4,1.90897798538208,7.270027160644531,16.840970993041992
"2025-03-29 12:40:00.0000",12.94,70.51,1.7557523250579834,7.373933792114258,15.864684104919434
"2025-03-29 12:50:00.0000",12.44,71.97,2.0604445934295654,8.42662239074707,16.595687866210938
"2025-03-29 13:00:00.0000",12.7,72.32,2.5564804077148438,8.826189041137695,18.529891967773438
"2025-03-29 13:10:00.0000",12.51,71.75,1.9464679956436157,8.146652221679688,18.673017501831055
"2025-03-29 13:20:00.0000",12.25,71.62,1.8340891599655151,8.126282691955566,16.324443817138672
"2025-03-29 13:30:00.0000",12,72.95,1.6242303848266602,7.470369815826416,15.206210136413574
"2025-03-29 13:40:00.0000",12.11,72.04,1.647958517074585,7.346752166748047,19.652250289916992
"2025-03-29 13:50:00.0000",11.93,74.03,1.8875434398651123,8.053085327148438,18.62655258178711
"2025-03-29 14:00:00.0000",11.65,79.71,2.021737813949585,7.816435813903809,17.213464736938477
"2025-03-29 14:10:00.0000",11.1,83.82,2.1436753273010254,9.21397590637207,30.184226989746094
"2025-03-29 14:20:00.0000",11.11,82.82,1.6863573789596558,7.788520812988281,20.48106575012207
"2025-03-29 14:30:00.0000",11.4,79.82,1.586423635482788,6.509758472442627,14.363691329956055
"2025-03-29 14:40:00.0000",11.52,79.95,1.9822810888290405,8.14005184173584,19.11065673828125
"2025-03-29 14:50:00.0000",11.49,81.56,1.8000125885009766,8.440081596374512,21.739030838012695
"2025-03-29 15:00:00.0000",11.21,84.22,1.5987974405288696,6.3045220375061035,12.367904663085938
"2025-03-29 15:10:00.0000",11.21,87.34,1.8177891969680786,7.39735221862793,18.82386589050293
"2025-03-29 15:20:00.0000",11.1,88.9,1.762854814529419,6.951050758361816,16.338394165039062
"2025-03-29 15:30:00.0000",11.08,89.37,1.8513290882110596,7.722169399261475,14.705492973327637
"2025-03-29 15:40:00.0000",11.16,89.97,1.4138954877853394,5.4357099533081055,10.970515251159668
"2025-03-29 15:50:00.0000",11.19,91.6,1.5283385515213013,6.479738712310791,14.187481880187988
"2025-03-29 16:00:00.0000",11.29,90.55,1.4335302114486694,5.614836692810059,14.749673843383789
"2025-03-29 16:10:00.0000",11.37,91.07,1.1433497667312622,4.367938041687012,8.818191528320312
"2025-03-29 16:20:00.0000",11.35,93.28,1.2858161926269531,5.512991428375244,14.53420639038086
"2025-03-29 16:30:00.0000",11.06,95.42,0.8762224912643433,3.679964065551758,7.174564361572266
"2025-03-29 16:40:00.0000",11.12,95.26,0.8680392503738403,2.5198755264282227,6.219656944274902
"2025-03-29 16:50:00.0000",11.41,94.48,0.6862033605575562,3.088718891143799,7.651030540466309
"2025-03-29 17:00:00.0000",11.51,93.84,0.6157695055007935,1.706966519355774,4.64670991897583
"2025-03-29 17:10:00.0000",11.76,93.43,0.6112642288208008,1.608473539352417,6.417806625366211
"2025-03-29 17:20:00.0000",11.9,93.23,0.47467753291130066,1.4272245168685913,9.284103393554688
"2025-03-29 17:30:00.0000",12.07,92.57,0.6143361926078796,1.4301960468292236,4.131588459014893
"2025-03-29 17:40:00.0000",12.17,92.58,0.3527736961841583,0.7385627031326294,2.937451124191284
"2025-03-29 17:50:00.0000",12.3,92.75,0.1787729263305664,0.349181205034256,2.5437674522399902
"2025-03-29 18:00:00.0000",12.36,93.23,0.2396387755870819,0.48787423968315125,2.6717286109924316
"2025-03-29 18:10:00.0000",12.34,93.8,0.23575149476528168,0.5371034145355225,3.163440704345703
"2025-03-29 18:20:00.0000",12.41,94.09,0.18039534986019135,0.4540649354457855,2.6933164596557617
"2025-03-29 18:30:00.0000",12.46,94.52,0.2968813478946686,0.8035910725593567,3.27923321723938
"2025-03-29 18:40:00.0000",12.48,94.65,0.40768882632255554,0.7859698534011841,3.4174413681030273
"2025-03-29 18:50:00.0000",12.47,94.73,0.20749235153198242,0.3511538803577423,2.6260452270507812
"2025-03-29 19:00:00.0000",12.5,95.07,0.3465040326118469,1.1761963367462158,5.3267412185668945
"2025-03-29 19:10:00.0000",12.52,95.28,0.2282947301864624,0.4081927537918091,2.606184959411621
"2025-03-29 19:20:00.0000",12.53,95.75,0.42151057720184326,0.5867307186126709,2.7491402626037598
"2025-03-29 19:30:00.0000",12.57,96.11,0.5340098142623901,1.1366777420043945,3.434337854385376
"2025-03-29 19:40:00.0000",12.51,96.54,0.41910338401794434,1.2332122325897217,4.798482894897461
"2025-03-29 19:50:00.0000",12.65,96.52,3.5945072174072266,6.119998931884766,11.404654502868652
"2025-03-29 20:00:00.0000",12.67,97.22,0.9299450516700745,2.003983736038208,10.705955505371094
"2025-03-29 20:10:00.0000",12.76,97.6,0.48848193883895874,1.3806689977645874,5.690065383911133
"2025-03-29 20:20:00.0000",12.88,97.7,1.8989230394363403,3.0547313690185547,5.795468330383301
"2025-03-29 20:30:00.0000",12.86,98.2,0.9080727100372314,1.9007494449615479,6.113056182861328
"2025-03-29 20:40:00.0000",12.9,99.07,0.8053670525550842,1.9280093908309937,5.128044605255127
"2025-03-29 20:50:00.0000",12.93,100,1.37606942653656,4.316102027893066,12.34215259552002
"2025-03-29 21:00:00.0000",12.87,100,6.117727756500244,11.859760284423828,21.16937828063965
"2025-03-29 21:10:00.0000",12.73,100,1.6072505712509155,5.298046588897705,23.332992553710938
"2025-03-29 21:20:00.0000",12.53,100,1.8812485933303833,6.183260917663574,14.617283821105957
"2025-03-29 21:30:00.0000",12.34,100,3.0263662338256836,7.891674995422363,14.393880844116211
"2025-03-29 21:40:00.0000",12.18,100,2.039329767227173,6.65894079208374,13.179557800292969
"2025-03-29 21:50:00.0000",12.25,100,2.542358160018921,7.731311321258545,12.71673583984375
"2025-03-29 22:00:00.0000",12.23,100,1.675743818283081,5.862898349761963,12.661433219909668
"2025-03-29 22:10:00.0000",12.21,100,1.3978934288024902,6.008789539337158,17.911865234375
"2025-03-29 22:20:00.0000",12.04,100,1.9221385717391968,6.9075608253479,17.172584533691406
"2025-03-29 22:30:00.0000",11.93,100,2.0734055042266846,7.889623641967773,14.065932273864746
"2025-03-29 22:40:00.0000",11.78,100,2.144304037094116,9.106827735900879,17.78828239440918
"2025-03-29 22:50:00.0000",11.57,100,2.697681188583374,12.45389175415039,24.598108291625977
"2025-03-29 23:00:00.0000",11.47,100,2.5686912536621094,10.55209732055664,21.675758361816406
"2025-03-29 23:10:00.0000",11.32,100,2.533897638320923,11.785691261291504,23.623584747314453
"2025-03-29 23:20:00.0000",11.33,100,3.037118911743164,12.797422409057617,26.56385040283203
"2025-03-29 23:30:00.0000",11.21,100,2.91003155708313,14.326354026794434,36.471649169921875
"2025-03-29 23:40:00.0000",11.09,100,3.4311776161193848,15.403478622436523,31.288803100585938
"2025-03-29 23:50:00.0000",11.02,100,3.60945987701416,18.089641571044922,36.300987243652344
"2025-03-30 00:00:00.0000",10.82,100,3.3895950317382812,16.74065589904785,42.59812927246094
"2025-03-30 00:10:00.0000",10.83,100,4.802428722381592,24.860624313354492,48.54573440551758
"2025-03-30 00:20:00.0000",10.75,100,5.293176651000977,25.7274227142334,60.21714782714844
"2025-03-30 00:30:00.0000",10.72,100,5.905045986175537,30.181171417236328,65.59851837158203
"2025-03-30 00:40:00.0000",10.67,99.98,6.381024360656738,28.408533096313477,57.66205978393555
"2025-03-30 00:50:00.0000",10.6,100,6.524205684661865,32.86437225341797,70.14811706542969
"2025-03-30 01:00:00.0000",10.56,99.99,7.2502970695495605,33.08640670776367,72.54141235351562
"2025-03-30 01:10:00.0000",10.51,100,7.1641926765441895,34.53657531738281,70.93037414550781
"2025-03-30 01:20:00.0000",10.47,99.7,6.98919153213501,32.673213958740234,67.07360076904297
"2025-03-30 01:30:00.0000",10.44,99.09,7.790770530700684,36.566184997558594,71.2464828491211
"2025-03-30 01:40:00.0000",10.39,99.89,8.128680229187012,36.305511474609375,75.08009338378906
"2025-03-30 01:50:00.0000",10.27,100,7.6875457763671875,36.34806442260742,75.24358367919922
"2025-03-30 02:00:00.0000",10.22,99.93,7.96799373626709,37.992332458496094,70.61036682128906
"2025-03-30 02:10:00.0000",10.18,99.69,7.614900588989258,35.55588912963867,69.291259765625
"2025-03-30 02:20:00.0000",10.12,99.98,7.404914379119873,34.63713073730469,64.52418518066406
"2025-03-30 02:30:00.0000",10.14,100,8.634531021118164,41.21663284301758,87.60344696044922
"2025-03-30 02:40:00.0000",10.05,100,6.764023303985596,33.537322998046875,73.89163970947266
"2025-03-30 02:50:00.0000",10.09,100,8.73564624786377,41.779876708984375,96.96327209472656
"2025-03-30 03:00:00.0000",9.95,100,7.787943363189697,37.43244171142578,82.04655456542969
"2025-03-30 03:10:00.0000",9.9,100,8.998344421386719,45.554378509521484,90.50923919677734
"2025-03-30 03:20:00.0000",9.88,100,9.24895191192627,45.08911895751953,94.64412689208984
"2025-03-30 03:30:00.0000",9.86,100,9.59644889831543,47.40599060058594,106.41260528564453
"2025-03-30 03:40:00.0000",9.92,100,9.463054656982422,44.2458610534668,83.63744354248047
"2025-03-30 03:50:00.0000",9.96,100,8.471869468688965,39.492408752441406,73.3696060180664
"2025-03-30 04:00:00.0000",10.02,99.84,8.6773099899292,43.04026794433594,86.0676498413086
"2025-03-30 04:10:00.0000",9.93,99.86,9.135436058044434,43.92145538330078,93.5893783569336
"2025-03-30 04:20:00.0000",9.9,99.97,9.231496810913086,42.34333419799805,84.28459167480469
"2025-03-30 04:30:00.0000",9.86,100,9.235040664672852,41.4864501953125,76.81595611572266
"2025-03-30 04:40:00.0000",9.76,100,8.386971473693848,41.34418869018555,75.6084976196289
"2025-03-30 04:50:00.0000",9.72,100,9.314017295837402,45.37896728515625,82.20458984375
"2025-03-30 05:00:00.0000",9.74,100,8.087930679321289,40.38492202758789,82.493896484375
"2025-03-30 05:10:00.0000",9.76,100,9.457839012145996,48.59377670288086,107.28844451904297
"2025-03-30 05:20:00.0000",9.68,100,9.154897689819336,46.6638298034668,102.53877258300781
"2025-03-30 05:30:00.0000",9.71,100,8.980376243591309,44.50932693481445,100.17340850830078
"2025-03-30 05:40:00.0000",9.74,100,8.89320182800293,42.60737609863281,84.43843078613281
"2025-03-30 05:50:00.0000",9.68,100,9.352177619934082,45.99294662475586,102.12043762207031
"2025-03-30 06:00:00.0000",9.74,100,8.866449356079102,42.81545639038086,91.09049987792969
"2025-03-30 06:10:00.0000",9.68,100,8.649935722351074,41.470367431640625,83.1710205078125
"2025-03-30 06:20:00.0000",9.82,99.88,7.831133842468262,38.62351989746094,79.75740051269531
"2025-03-30 06:30:00.0000",9.89,99.29,7.181802749633789,35.043907165527344,68.92760467529297
"2025-03-30 06:40:00.0000",9.99,99.23,7.8390631675720215,35.92512893676758,78.69581604003906
"2025-03-30 06:50:00.0000",10.09,99.35,8.190070152282715,40.11245346069336,86.26248931884766
"2025-03-30 07:00:00.0000",10.03,99.03,6.247542381286621,30.498046875,58.475765228271484
"2025-03-30 07:10:00.0000",10.12,98.74,7.250538349151611,35.19762420654297,78.57661437988281
"2025-03-30 07:20:00.0000",10.19,99.12,7.522085189819336,34.84055709838867,67.77284240722656
"2025-03-30 07:30:00.0000",10.21,99.16,6.58573579788208,33.056365966796875,65.6436538696289
"2025-03-30 07:40:00.0000",10.34,98.95,6.4010233879089355,30.326486587524414,60.849822998046875
"2025-03-30 07:50:00.0000",10.48,98.23,6.83821964263916,33.80000305175781,67.58505249023438
"2025-03-30 08:00:00.0000",10.54,97.9,7.535694599151611,38.45539474487305,84.87824249267578
"2025-03-30 08:10:00.0000",10.63,97.43,6.942650318145752,31.23736000061035,58.21699905395508
"2025-03-30 08:20:00.0000",10.76,97.07,6.987150192260742,35.806053161621094,75.92489624023438
"2025-03-30 08:30:00.0000",10.72,96.34,7.17273473739624,34.38368606567383,69.72625732421875
"2025-03-30 08:40:00.0000",10.97,94.97,6.047577381134033,29.63500213623047,53.4554557800293
"2025-03-30 08:50:00.0000",11.02,94.2,6.175599098205566,29.055179595947266,57.45454406738281
"2025-03-30 09:00:00.0000",11.13,93.95,5.6472296714782715,26.83038330078125,63.65074920654297
"2025-03-30 09:10:00.0000",11.18,94.38,6.314157962799072,30.83265495300293,67.45333099365234
"2025-03-30 09:20:00.0000",11.17,93.88,5.364912986755371,25.5323486328125,52.59437561035156
"2025-03-30 09:30:00.0000",11.28,92.99,5.91188907623291,26.867464065551758,52.4290885925293
"2025-03-30 09:40:00.0000",11.29,93.3,5.352550506591797,26.235692977905273,63.13301467895508
"2025-03-30 09:50:00.0000",11.29,92.74,5.551937580108643,24.92420196533203,50.259700775146484
"2025-03-30 10:00:00.0000",11.42,92.73,5.672630310058594,28.730857849121094,77.09878540039062
"2025-03-30 10:10:00.0000",11.71,91.76,5.884265899658203,29.068946838378906,65.12905883789062
"2025-03-30 10:20:00.0000",12.23,90.01,5.7109503746032715,25.816993713378906,53.56599807739258
"2025-03-30 10:30:00.0000",12.74,88.27,5.398928642272949,23.83863639831543,46.88237380981445
"2025-03-30 10:40:00.0000",13.18,86.08,5.379051208496094,26.061357498168945,56.70343780517578
"2025-03-30 10:50:00.0000",13.47,84,5.097116947174072,23.394065856933594,55.49709701538086
"2025-03-30 11:00:00.0000",13.55,82.28,5.100994110107422,23.558549880981445,49.973304748535156
"2025-03-30 11:10:00.0000",13.23,84.22,5.189878463745117,23.643625259399414,55.43088912963867
"2025-03-30 11:20:00.0000",13.79,81.17,4.622560977935791,20.920244216918945,50.370452880859375
"2025-03-30 11:30:00.0000",14.35,78.83,4.986138343811035,21.62200355529785,44.56430435180664
"2025-03-30 11:40:00.0000",13.99,79.75,4.874600410461426,20.844852447509766,41.03810501098633
"2025-03-30 11:50:00.0000",14.18,79.22,4.892409324645996,19.64115333557129,44.78102493286133
"2025-03-30 12:00:00.0000",14.27,78.88,4.244065284729004,17.370555877685547,36.90523910522461
"2025-03-30 12:10:00.0000",14.1,78.6,4.339781761169434,18.01468849182129,41.1583137512207
"2025-03-30 12:20:00.0000",13.65,81.48,4.826704978942871,23.305675506591797,52.827030181884766
"2025-03-30 12:30:00.0000",14.06,80.21,4.646808624267578,21.418439865112305,43.187747955322266
"2025-03-30 12:40:00.0000",13.6,80.74,4.075897693634033,19.775861740112305,38.806182861328125
"2025-03-30 12:50:00.0000",13.97,80.71,4.958825588226318,21.345373153686523,49.54982376098633
"2025-03-30 13:00:00.0000",13.84,80.53,4.551234245300293,18.318716049194336,34.9183464050293
"2025-03-30 13:10:00.0000",14.35,78.75,4.750987529754639,19.63113021850586,46.2796630859375
"2025-03-30 13:20:00.0000",14.78,76.95,4.892114639282227,19.2105712890625,40.6047477722168
"2025-03-30 13:30:00.0000",14.54,77.32,4.533469200134277,19.260700225830078,40.07960510253906
"2025-03-30 13:40:00.0000",15.22,75.12,4.606485366821289,19.55015754699707,40.54789733886719
"2025-03-30 13:50:00.0000",15.03,74.92,4.013663291931152,17.235740661621094,33.752559661865234
"2025-03-30 14:00:00.0000",15.48,73.51,4.457850933074951,17.18939208984375,37.476806640625
"2025-03-30 14:10:00.0000",14.87,74.93,5.0786943435668945,20.735055923461914,40.65121078491211
"2025-03-30 14:20:00.0000",14.79,75.01,3.775876522064209,17.310699462890625,42.00608444213867
"2025-03-30 14:30:00.0000",14.91,74.15,3.4495668411254883,15.848458290100098,31.094758987426758
"2025-03-30 14:40:00.0000",15.18,73.94,3.662538528442383,15.27558422088623,29.879398345947266
"2025-03-30 14:50:00.0000",15.07,73.69,3.643829584121704,15.478899002075195,33.452388763427734
"2025-03-30 15:00:00.0000",14.84,74.85,4.431037902832031,16.010334014892578,31.955644607543945
"2025-03-30 15:10:00.0000",15.11,73.89,3.5428647994995117,15.354938507080078,29.88144302368164
"2025-03-30 15:20:00.0000",15.4,72.88,3.5247135162353516,15.585615158081055,31.554628372192383
"2025-03-30 15:30:00.0000",15.99,70.73,3.690417528152466,15.484554290771484,35.92116928100586
"2025-03-30 15:40:00.0000",15.62,70.68,3.4321436882019043,16.374675750732422,43.44781494140625
"2025-03-30 15:50:00.0000",15.44,71.57,3.756279945373535,18.01190948486328,48.031612396240234
"2025-03-30 16:00:00.0000",15.73,71.42,3.578275203704834,13.980917930603027,29.394866943359375
"2025-03-30 16:10:00.0000",15.74,71.46,3.444286346435547,14.666665077209473,37.8801155090332
"2025-03-30 16:20:00.0000",15.18,73.17,3.6870508193969727,16.00309181213379,31.18513298034668
"2025-03-30 16:30:00.0000",14.95,73.32,3.9033501148223877,16.025108337402344,30.38530731201172
"2025-03-30 16:40:00.0000",14.71,74.74,4.021043300628662,17.041202545166016,40.76116943359375
"2025-03-30 16:50:00.0000",14.71,75.49,3.555194139480591,15.789947509765625,37.203765869140625
"2025-03-30 17:00:00.0000",14.43,76.53,3.976367712020874,17.421342849731445,45.34575653076172
"2025-03-30 17:10:00.0000",14.75,75.9,3.660675525665283,15.972673416137695,34.29264450073242
"2025-03-30 17:20:00.0000",14.99,74.41,4.302353858947754,16.07176399230957,38.92375946044922
"2025-03-30 17:30:00.0000",14.88,74.04,4.218533992767334,18.01133918762207,36.90267562866211
"2025-03-30 17:40:00.0000",14.75,74.9,3.9723875522613525,16.212936401367188,33.70429229736328
"2025-03-30 17:50:00.0000",14.42,76.53,6.948412895202637,20.895339965820312,42.7463493347168
"2025-03-30 18:00:00.0000",14.24,76.34,4.114573001861572,16.97214126586914,37.885555267333984
"2025-03-30 18:10:00.0000",13.91,77.03,3.454601764678955,16.375469207763672,40.66551208496094
"2025-03-30 18:20:00.0000",13.33,79.11,4.233071327209473,19.541074752807617,42.217071533203125
"2025-03-30 18:30:00.0000",12.81,81.14,3.892015218734741,18.302915573120117,42.9172477722168
"2025-03-30 18:40:00.0000",12.41,83.94,4.2659101486206055,18.233661651611328,39.51150894165039
"2025-03-30 18:50:00.0000",12.2,85.17,4.684611797332764,17.784656524658203,42.765079498291016
"2025-03-30 19:00:00.0000",11.9,86.32,4.057150363922119,18.622182846069336,45.726322174072266
"2025-03-30 19:10:00.0000",11.76,86.87,3.9196033477783203,17.0358943939209,37.26426315307617
"2025-03-30 19:20:00.0000",11.56,86.47,5.522635459899902,19.054418563842773,45.64529800415039
"2025-03-30 19:30:00.0000",11.5,86.94,4.201210021972656,17.08712387084961,41.88477325439453
"2025-03-30 19:40:00.0000",11.42,87.47,4.1707763671875,19.1405029296875,59.17546463012695
"2025-03-30 19:50:00.0000",11.33,88.3,4.096317291259766,16.64223861694336,37.572532653808594
"2025-03-30 20:00:00.0000",11.22,89.12,4.373219013214111,19.030485153198242,36.295108795166016
"2025-03-30 20:10:00.0000",11.04,89.4,3.9050662517547607,17.159025192260742,43.17958068847656
"2025-03-30 20:20:00.0000",11.1,88.43,4.15294885635376,17.240455627441406,36.27446746826172
"2025-03-30 20:30:00.0000",11.01,89.91,3.8507704734802246,18.233922958374023,43.17927551269531
"2025-03-30 20:40:00.0000",10.97,89.83,4.205023288726807,18.6788272857666,44.9677848815918
"2025-03-30 20:50:00.0000",10.88,90.94,4.605741024017334,21.429183959960938,53.99830627441406
"2025-03-30 21:00:00.0000",10.63,92.63,4.219082355499268,23.148378372192383,65.82320404052734
"2025-03-30 21:10:00.0000",10.44,94.16,4.011855125427246,18.70347785949707,43.127220153808594
"2025-03-30 21:20:00.0000",10.23,94.51,3.9649221897125244,19.019365310668945,69.13996124267578
"2025-03-30 21:30:00.0000",10.19,95.09,4.077890396118164,19.735755920410156,46.98567581176758
"2025-03-30 21:40:00.0000",10.1,95.43,3.706538200378418,18.354312896728516,42.815879821777344
"2025-03-30 21:50:00.0000",10.1,95,3.6482367515563965,17.43781089782715,49.387813568115234
"2025-03-30 22:00:00.0000",10.09,94.68,3.8028297424316406,15.891684532165527,41.925819396972656
"2025-03-30 22:10:00.0000",10.1,94.38,3.48128080368042,15.159890174865723,41.43873596191406
"2025-03-30 22:20:00.0000",10.08,94.11,3.624175548553467,18.386390686035156,47.8178596496582
"2025-03-30 22:30:00.0000",9.99,95.12,3.4148573875427246,16.104862213134766,42.868831634521484
"2025-03-30 22:40:00.0000",10,94.92,3.013807535171509,11.320605278015137,22.237361907958984
"2025-03-30 22:50:00.0000",9.84,95.46,3.5591673851013184,17.69036293029785,51.405052185058594
"2025-03-30 23:00:00.0000",9.76,95.55,3.5760300159454346,18.036653518676758,53.508392333984375
"2025-03-30 23:10:00.0000",9.69,96.1,3.742337942123413,18.010114669799805,56.47037887573242
"2025-03-30 23:20:00.0000",9.57,97.61,3.4953484535217285,16.08076286315918,38.5108757019043
"2025-03-30 23:30:00.0000",9.58,97.78,3.1773083209991455,16.192886352539062,38.893592834472656
"2025-03-30 23:40:00.0000",9.4,98.46,3.3156425952911377,15.218082427978516,36.003822326660156
"2025-03-30 23:50:00.0000",9.33,99.33,2.868997097015381,10.977707862854004,17.272626876831055
"2025-03-31 00:00:00.0000",9.23,99.58,3.454563856124878,17.631898880004883,36.71914291381836
"2025-03-31 00:10:00.0000",9.35,99.97,3.7000434398651123,18.83921241760254,50.351806640625
"2025-03-31 00:20:00.0000",9.37,99.81,3.347111463546753,14.729814529418945,27.789270401000977
"2025-03-31 00:30:00.0000",9.29,99.98,3.7009689807891846,20.189353942871094,50.66520309448242
"2025-03-31 00:40:00.0000",9.28,99.88,3.3771350383758545,15.564289093017578,34.15409469604492
"2025-03-31 00:50:00.0000",9.19,100,3.1432855129241943,13.01935863494873,23.253992080688477
"2025-03-31 01:00:00.0000",9.18,100,3.518922805786133,17.121572494506836,37.66294479370117
"2025-03-31 01:10:00.0000",9.04,100,3.7808079719543457,20.70073890686035,48.81315231323242
"2025-03-31 01:20:00.0000",9.02,100,3.857687473297119,19.420536041259766,47.58261489868164
"2025-03-31 01:30:00.0000",8.95,100,3.5992887020111084,15.622584342956543,27.343088150024414
"2025-03-31 01:40:00.0000",8.8,100,3.694610118865967,17.256887435913086,40.350704193115234
"2025-03-31 01:50:00.0000",8.64,100,3.61453914642334,16.93531036376953,37.728214263916016
"2025-03-31 02:00:00.0000",8.56,100,3.427914619445801,16.955974578857422,49.00197219848633
"2025-03-31 02:10:00.0000",8.63,100,3.773576498031616,19.571908950805664,63.205509185791016
"2025-03-31 02:20:00.0000",8.62,100,3.7455520629882812,18.969270706176758,49.28008270263672
"2025-03-31 02:30:00.0000",8.74,100,2.8586602210998535,9.529777526855469,17.784706115722656
"2025-03-31 02:40:00.0000",8.85,100,3.387016773223877,15.140728950500488,41.53963088989258
"2025-03-31 02:50:00.0000",8.92,100,3.659083604812622,17.887500762939453,50.44480514526367
"2025-03-31 03:00:00.0000",9.08,100,3.480069398880005,16.650259017944336,38.185585021972656
"2025-03-31 03:10:00.0000",8.96,100,3.7137715816497803,15.38542652130127,31.533626556396484
"2025-03-31 03:20:00.0000",9.02,100,3.8032405376434326,16.5611629486084,36.7684326171875
"2025-03-31 03:30:00.0000",8.84,100,3.819586992263794,16.670026779174805,45.63627624511719
"2025-03-31 03:40:00.0000",8.87,100,3.712024450302124,18.761430740356445,41.82317352294922
"2025-03-31 03:50:00.0000",8.8,100,4.039848804473877,17.86164093017578,44.58523178100586
"2025-03-31 04:00:00.0000",8.8,100,3.5822103023529053,15.273447036743164,39.00956344604492
"2025-03-31 04:10:00.0000",8.86,100,3.6569716930389404,17.810564041137695,43.73306655883789
"2025-03-31 04:20:00.0000",8.88,99.93,3.723712921142578,16.752933502197266,34.567588806152344
"2025-03-31 04:30:00.0000",8.96,99.54,4.023061752319336,17.514076232910156,48.3137092590332
"2025-03-31 04:40:00.0000",8.83,99.72,4.297163486480713,16.756244659423828,31.979724884033203
"2025-03-31 04:50:00.0000",8.92,99.4,3.917052745819092,17.3686466217041,45.04816436767578
"2025-03-31 05:00:00.0000",8.99,99.07,3.9329171180725098,17.600749969482422,40.13092803955078
"2025-03-31 05:10:00.0000",9.09,98.53,2.897268056869507,11.05805492401123,18.34843635559082
"2025-03-31 05:20:00.0000",9.18,97.9,3.8170242309570312,16.50969886779785,53.0841064453125
"2025-03-31 05:30:00.0000",9.22,97.37,3.5565433502197266,15.478034973144531,38.547115325927734
"2025-03-31 05:40:00.0000",9.18,97.09,3.6497278213500977,15.738547325134277,45.31122589111328
"2025-03-31 05:50:00.0000",9.06,97.82,3.447389602661133,15.160635948181152,30.18544578552246
"2025-03-31 06:00:00.0000",8.95,98.46,3.4201571941375732,15.673312187194824,37.4240608215332
"2025-03-31 06:10:00.0000",8.95,98.55,3.514305591583252,15.67303466796875,38.17999267578125
"2025-03-31 06:20:00.0000",8.88,98.34,3.5628325939178467,14.84968376159668,30.013660430908203
"2025-03-31 06:30:00.0000",8.96,97.76,3.463156223297119,14.903538703918457,33.073631286621094
"2025-03-31 06:40:00.0000",9,97.21,3.445594549179077,14.411269187927246,32.58928680419922
"2025-03-31 06:50:00.0000",9.07,96.57,3.5202744007110596,15.14732551574707,44.04804992675781
"2025-03-31 07:00:00.0000",9.09,96.47,3.5167176723480225,13.769709587097168,25.06454849243164
"2025-03-31 07:10:00.0000",9.21,96.07,3.792299747467041,14.858750343322754,37.287967681884766
"2025-03-31 07:20:00.0000",9.42,95.61,3.2871251106262207,13.08357048034668,41.05255126953125
"2025-03-31 07:30:00.0000",9.57,94.49,3.08780837059021,12.706992149353027,46.033504486083984
"2025-03-31 07:40:00.0000",9.82,93.31,3.1710894107818604,12.978800773620605,33.3158073425293
"2025-03-31 07:50:00.0000",10.03,92.68,2.9226040840148926,12.285181999206543,33.2385368347168
"2025-03-31 08:00:00.0000",10.36,91.44,3.4399189949035645,14.080562591552734,55.87480545043945
"2025-03-31 08:10:00.0000",10.62,90.89,3.079751968383789,12.414648056030273,30.601821899414062
"2025-03-31 08:20:00.0000",10.84,89.66,3.3278520107269287,13.105829238891602,43.41963195800781
"2025-03-31 08:30:00.0000",10.92,89.23,3.3611109256744385,15.54810905456543,57.900936126708984
"2025-03-31 08:40:00.0000",10.98,88.46,3.0059280395507812,12.581324577331543,38.21120834350586
"2025-03-31 08:50:00.0000",11.15,87.86,3.220444917678833,12.049229621887207,27.831298828125
"2025-03-31 09:00:00.0000",11.42,87.28,3.2193961143493652,11.964325904846191,29.244043350219727
"2025-03-31 09:10:00.0000",11.79,86.13,3.2505738735198975,12.374317169189453,24.72284698486328
"2025-03-31 09:20:00.0000",12.09,85.3,3.350261688232422,13.928169250488281,41.9686279296875
"2025-03-31 09:30:00.0000",12.66,83.6,3.434443950653076,12.820199966430664,31.524946212768555
"2025-03-31 09:40:00.0000",12.83,81.9,3.3030452728271484,12.760652542114258,32.51004409790039
"2025-03-31 09:50:00.0000",13.25,80.56,3.3895652294158936,14.31881046295166,34.39133834838867
"2025-03-31 10:00:00.0000",13.88,78.63,3.2061119079589844,13.154952049255371,30.470130920410156
"2025-03-31 10:10:00.0000",13.9,77.37,3.1809699535369873,12.598933219909668,31.93874168395996
"2025-03-31 10:20:00.0000",14.52,75.8,3.2989501953125,13.606748580932617,40.66591262817383
"2025-03-31 10:30:00.0000",14.84,74.65,3.3385331630706787,12.86975383758545,37.719329833984375
"2025-03-31 10:40:00.0000",15.56,72.8,3.2564918994903564,12.8525390625,29.433040618896484
"2025-03-31 10:50:00.0000",15.95,71.1,3.395010471343994,13.823722839355469,35.42122268676758
"2025-03-31 11:00:00.0000",16.04,69.69,3.329608678817749,13.579894065856934,48.03143310546875
"2025-03-31 11:10:00.0000",16.28,69.58,3.4186675548553467,13.141395568847656,27.30036163330078
"2025-03-31 11:20:00.0000",16.89,67.23,3.6190481185913086,14.232522964477539,30.69361114501953
"2025-03-31 11:30:00.0000",16.84,66.33,3.3199172019958496,12.990067481994629,38.785362243652344
"2025-03-31 11:40:00.0000",16.67,66.65,3.174905300140381,13.180465698242188,28.554859161376953
"2025-03-31 11:50:00.0000",17.03,65.3,3.2861955165863037,12.37967300415039,40.99802017211914
"2025-03-31 12:00:00.0000",16.32,66.45,3.2354629039764404,12.897817611694336,28.686931610107422
"2025-03-31 12:10:00.0000",17.15,63.92,3.12589693069458,12.658758163452148,32.05510711669922
"2025-03-31 12:20:00.0000",17.93,62.25,2.860952377319336,9.910521507263184,19.051494598388672
"2025-03-31 12:30:00.0000",18.08,60.9,3.385108709335327,12.160479545593262,30.355737686157227
"2025-03-31 12:40:00.0000",17.41,62.93,3.2763984203338623,12.93702220916748,35.6126708984375
"2025-03-31 12:50:00.0000",17.65,62.57,3.4642159938812256,13.133872032165527,34.09318923950195
"2025-03-31 13:00:00.0000",18.25,60.3,3.17090106010437,13.052811622619629,38.41701889038086
"2025-03-31 13:10:00.0000",18.67,58.79,3.150456428527832,11.927749633789062,33.982025146484375
"2025-03-31 13:20:00.0000",19.09,57.01,3.191070795059204,11.080338478088379,33.33613967895508
"2025-03-31 13:30:00.0000",18.93,56.96,3.210256338119507,12.52149486541748,30.856224060058594
"2025-03-31 13:40:00.0000",19.58,56.29,3.1850311756134033,10.238420486450195,21.519046783447266
"2025-03-31 13:50:00.0000",20.32,54.97,3.107591390609741,11.889342308044434,25.111957550048828
"2025-03-31 14:00:00.0000",21.22,52.54,3.4500529766082764,12.500906944274902,43.25712966918945
"2025-03-31 14:10:00.0000",21.02,52.43,3.0683727264404297,11.337742805480957,28.80062484741211
"2025-03-31 14:20:00.0000",20.48,53.26,3.055115222930908,10.327399253845215,28.689102172851562
"2025-03-31 14:30:00.0000",20.49,54,3.150820732116699,11.20737075805664,22.148113250732422
"2025-03-31 14:40:00.0000",20.85,52.5,3.0648751258850098,10.790380477905273,24.72340965270996
"2025-03-31 14:50:00.0000",20.92,51.91,2.9879446029663086,11.415040016174316,26.711397171020508
"2025-03-31 15:00:00.0000",21.29,51.65,2.7118678092956543,10.109724044799805,22.533510208129883
"2025-03-31 15:10:00.0000",20.39,54.07,3.0162932872772217,11.437628746032715,21.541404724121094
"2025-03-31 15:20:00.0000",20.06,56.43,3.3681063652038574,12.407532691955566,30.38860511779785
"2025-03-31 15:30:00.0000",20.3,56.74,3.2273852825164795,12.978899002075195,34.363895416259766
"2025-03-31 15:40:00.0000",19.96,57.84,3.4694278240203857,13.45497989654541,34.57832336425781
"2025-03-31 15:50:00.0000",19.61,59.38,3.359630584716797,12.920490264892578,39.15314483642578
"2025-03-31 16:00:00.0000",19.59,59.63,3.20497465133667,14.318617820739746,34.76213836669922
"2025-03-31 16:10:00.0000",19.88,58.96,3.111177921295166,11.970526695251465,30.939151763916016
"2025-03-31 16:20:00.0000",19.54,59.77,3.1347243785858154,12.779411315917969,34.26039505004883
"2025-03-31 16:30:00.0000",19.07,61.43,3.453967809677124,13.805160522460938,29.960203170776367
"2025-03-31 16:40:00.0000",18.61,63.17,3.1201837062835693,12.013396263122559,28.443559646606445
"2025-03-31 16:50:00.0000",18.54,63.02,3.168332099914551,12.714454650878906,27.555728912353516
"2025-03-31 17:00:00.0000",18.44,63.62,3.296691656112671,13.623090744018555,29.170223236083984
"2025-03-31 17:10:00.0000",18.42,62.55,3.043245792388916,10.635478019714355,30.96782684326172
"2025-03-31 17:20:00.0000",18.75,61.17,3.310473918914795,11.968545913696289,34.3484992980957
"2025-03-31 17:30:00.0000",19,60.7,2.7645955085754395,9.678098678588867,19.640823364257812
"2025-03-31 17:40:00.0000",18.8,61.17,3.0641114711761475,12.792623519897461,33.563377380371094
"2025-03-31 17:50:00.0000",18.64,61.55,3.8115062713623047,13.498618125915527,39.61984634399414
"2025-03-31 18:00:00.0000",18.37,62.09,3.3156049251556396,12.538470268249512,29.334171295166016
"2025-03-31 18:10:00.0000",18.13,62.29,3.6622860431671143,12.673295021057129,26.02846336364746
"2025-03-31 18:20:00.0000",17.77,62.96,3.2387032508850098,11.915504455566406,27.439054489135742
"2025-03-31 18:30:00.0000",17.47,63.84,2.8507273197174072,9.908077239990234,28.905237197875977
"2025-03-31 18:40:00.0000",17.32,64.96,3.705793619155884,12.533095359802246,32.118194580078125
"2025-03-31 18:50:00.0000",17.13,66.04,3.510991334915161,12.91886043548584,53.0653190612793
"2025-03-31 19:00:00.0000",16.94,67.43,4.135214328765869,14.72303581237793,39.23332214355469
"2025-03-31 19:10:00.0000",16.62,69.35,3.910219430923462,14.101286888122559,34.10112380981445
"2025-03-31 19:20:00.0000",16.48,70.42,3.976417303085327,13.415146827697754,30.08360481262207
"2025-03-31 19:30:00.0000",16.3,71.22,5.336808681488037,15.083002090454102,33.80099105834961
"2025-03-31 19:40:00.0000",16.18,71.79,5.330181121826172,16.159854888916016,31.850540161132812
"2025-03-31 19:50:00.0000",15.99,72.56,5.33558464050293,15.423079490661621,38.34832000732422
"2025-03-31 20:00:00.0000",15.87,73.18,4.212153911590576,14.698063850402832,41.774078369140625
"2025-03-31 20:10:00.0000",15.76,73.85,3.922495126724243,15.08104133605957,38.7971305847168
"2025-03-31 20:20:00.0000",15.66,74.42,5.487776279449463,16.406766891479492,40.975730895996094
"2025-03-31 20:30:00.0000",15.55,74.96,4.49529504776001,14.881556510925293,36.9765510559082
"2025-03-31 20:40:00.0000",15.35,75.87,5.125645637512207,16.62305450439453,36.52986145019531
"2025-03-31 20:50:00.0000",15.15,76.66,4.887785911560059,17.44359016418457,46.19624710083008
"2025-03-31 21:00:00.0000",15.03,77.11,4.30070686340332,15.603055953979492,42.625675201416016
"2025-03-31 21:10:00.0000",15,76.12,4.1125640869140625,14.413081169128418,34.1221809387207
"2025-03-31 21:20:00.0000",14.93,76.06,3.8886911869049072,13.644604682922363,38.47097396850586
"2025-03-31 21:30:00.0000",14.83,76.13,4.28762674331665,14.68265151977539,32.22182083129883
"2025-03-31 21:40:00.0000",14.69,75.75,4.045495510101318,13.412363052368164,37.80033493041992
"2025-03-31 21:50:00.0000",14.52,75.55,3.6201515197753906,12.32294750213623,35.71489334106445
"2025-03-31 22:00:00.0000",14.45,72.7,3.1137428283691406,11.669386863708496,31.782970428466797
"2025-03-31 22:10:00.0000",14.35,71.39,2.8043456077575684,10.348166465759277,24.536413192749023
"2025-03-31 22:20:00.0000",14.29,70.36,2.7641756534576416,10.73260498046875,32.96977615356445
"2025-03-31 22:30:00.0000",14.21,70.2,2.572800874710083,9.009965896606445,19.685501098632812
"2025-03-31 22:40:00.0000",14.07,70.65,2.6097028255462646,10.696102142333984,21.287485122680664
"2025-03-31 22:50:00.0000",13.98,71.24,2.76771879196167,10.492730140686035,19.001325607299805
"2025-03-31 23:00:00.0000",13.72,72.21,2.7123234272003174,9.696803092956543,30.425142288208008
"2025-03-31 23:10:00.0000",13.57,72.91,2.6677513122558594,9.691981315612793,26.343900680541992
"2025-03-31 23:20:00.0000",13.35,73.89,2.6118006706237793,9.771196365356445,21.080984115600586
"2025-03-31 23:30:00.0000",13.27,74.47,2.739454507827759,9.951379776000977,21.371118545532227
"2025-03-31 23:40:00.0000",13.15,75.06,2.794776678085327,10.349520683288574,21.181989669799805
"2025-03-31 23:50:00.0000",12.99,75.39,2.228804588317871,8.524343490600586,18.999292373657227

