"Date & Time",Temperature,Humidity,PM1.0,PM2.5,PM10
"2024-04-01 00:00:14.0000",7.07,74.85,1.69936156272888,3.70281791687012,6.32858991622925
"2024-04-01 00:30:05.0000",6.98,75.36,1.4523743391037,3.95444202423096,9.0867977142334
"2024-04-01 00:59:58.0000",6.99,75.75,1.14481627941132,3.10682058334351,6.09269666671753
"2024-04-01 01:32:49.0000",7.39,75.76,0.448895424604416,1.05376899242401,2.87234020233154
"2024-04-01 02:02:31.0000",7.12,76.18,0.423954159021378,1.52526414394379,5.62541055679321
"2024-04-01 03:32:05.0000",6.84,77.17,0.260246306657791,0.724052846431732,2.63055491447449
"2024-04-01 04:31:46.0000",6.14,78.97,0.618772089481354,1.50402390956879,5.97728443145752
"2024-04-01 05:01:38.0000",6.21,79.16,1.2207453250885,2.48953986167908,4.89536333084106
"2024-04-01 05:31:30.0000",5.91,79.81,0,,
"2024-04-01 06:01:21.0000",5.78,80.29,1.67753398418427,3.92633676528931,8.81736183166504
"2024-04-01 06:34:13.0000",6.12,80.37,1.30987846851349,2.51268601417542,6.85165739059448
"2024-04-01 07:03:54.0000",5.83,80.92,0.000973782618530095,0.0444990769028664,1.71983659267426
"2024-04-01 07:36:46.0000",6.16,80.99,0.00292156869545579,0.0464702360332012,1.72193431854248
"2024-04-01 08:06:29.0000",5.93,81.67,0.495266199111938,1.30041122436523,3.78370642662048
"2024-04-01 08:39:21.0000",6.35,81.84,0.321919798851013,0.663925886154175,2.52171421051025
"2024-04-01 09:09:03.0000",6.06,82.67,0.202436849474907,0.760453939437866,7.6255898475647
"2024-04-01 09:38:54.0000",6.35,83.13,0.188680455088615,0.505677223205566,8.23782730102539
"2024-04-01 10:08:45.0000",6.62,83.31,0.190163388848305,0.873478829860687,3.87650179862976
"2024-04-01 10:41:35.0000",6.88,83.52,0.205588415265083,0.771675825119019,3.66553425788879
"2024-04-01 11:11:16.0000",6.9,84.34,0.315179258584976,2.0308301448822,8.10470485687256
"2024-04-01 11:41:10.0000",7.17,84.06,0.273612767457962,1.42720115184784,6.60975122451782
"2024-04-01 12:40:52.0000",7.15,84.07,0.469412237405777,1.84732985496521,6.80213069915771
"2024-04-01 13:10:44.0000",7.17,84.58,0.823704957962036,2.21689534187317,7.40265893936157
"2024-04-01 13:40:36.0000",7.46,84.83,1.62938845157623,3.15442037582397,11.3240776062012
"2024-04-01 14:10:28.0000",7.9,85.16,2.1262423992157,3.41529870033264,8.40224838256836
"2024-04-01 14:40:18.0000",7.9,85.33,0.0818114280700684,0.126177400350571,1.80179536342621
"2024-04-01 15:10:10.0000",8.12,85.92,2.58939552307129,3.90110325813293,5.98388290405273
"2024-04-01 15:40:03.0000",8.76,86.04,2.2209677696228,3.53086614608765,6.33449983596802
"2024-04-01 16:09:56.0000",8.79,86.02,2.07033824920654,3.26098608970642,5.42996025085449
"2024-04-01 16:39:47.0000",8.73,86.16,1.90785980224609,3.07460856437683,5.41839361190796
"2024-04-01 17:09:38.0000",8.75,86.15,2.15871620178223,3.28398060798645,5.77298069000244
"2024-04-01 17:39:29.0000",8.54,86.02,2.01682686805725,2.9412670135498,5.61010408401489
"2024-04-01 18:12:20.0000",8.52,85.96,2.46140146255493,3.61233115196228,8.58245086669922
"2024-04-01 18:42:00.0000",8.13,86.21,2.90526604652405,4.09850692749023,5.87757062911987
"2024-04-01 19:11:51.0000",7.73,86.5,0.967279314994812,2.42904186248779,5.13116073608398
"2024-04-01 19:41:40.0000",7.36,86.65,0.675497055053711,1.70609033107758,9.81963443756104
"2024-04-01 20:11:31.0000",7.04,86.79,0.664580345153809,1.24707639217377,3.03180027008057
"2024-04-01 20:41:21.0000",6.54,86.98,1.40657901763916,2.60622763633728,6.97624635696411
"2024-04-01 21:11:12.0000",6.22,87.6,1.65046691894531,2.73531794548035,4.62268114089966
"2024-04-01 21:41:05.0000",6.5,87.66,1.76763093471527,2.74403166770935,4.61719512939453
"2024-04-01 22:10:56.0000",6.56,87.53,1.94987118244171,3.5162308216095,7.61901521682739
"2024-04-01 22:40:48.0000",6.15,87.91,2.71013164520264,3.80735039710999,8.15782451629639
"2024-04-01 23:10:39.0000",5.56,88.38,3.41715621948242,5.16390895843506,11.4949350357056
"2024-04-01 23:43:30.0000",5.43,88.55,4.82384061813354,6.90312480926514,11.3740110397339
"2024-04-02 00:13:11.0000",4.96,89.17,7.0222635269165,9.09510040283203,12.2151584625244
"2024-04-02 00:43:02.0000",4.91,89.52,12.5925722122192,17.4524230957031,25.175989151001
"2024-04-02 01:12:54.0000",4.78,89.51,14.1409597396851,19.9495849609375,24.2290210723877
"2024-04-02 01:42:44.0000",4.27,90.33,12.0606079101562,16.6802825927734,20.3685760498047
"2024-04-02 02:15:36.0000",4.79,90.36,18.1557121276855,26.0590515136719,29.6787643432617
"2024-04-02 02:45:20.0000",5.33,90.17,35.8030242919922,60.9276847839355,72.4205017089844
"2024-04-02 03:15:11.0000",5.45,90.48,36.3154525756836,58.8964614868164,67.2810668945312
"2024-04-02 03:45:02.0000",5.29,90.65,0.219789132475853,0.296100050210953,1.97258758544922
"2024-04-02 04:14:54.0000",5.46,90.9,35.1250343322754,54.6810989379883,67.6149215698242
"2024-04-02 04:44:46.0000",5.25,91.07,23.4938621520996,35.5490455627441,42.1203117370605
"2024-04-02 05:17:38.0000",5.99,90.87,19.5547981262207,29.3298587799072,37.2622718811035
"2024-04-02 05:47:19.0000",5.63,91.4,17.9677772521973,27.3355331420898,47.2377471923828
"2024-04-02 06:17:11.0000",5.81,91.3,11.1733961105347,17.6741161346436,24.5854873657227
"2024-04-02 06:47:03.0000",6.35,91.28,7.06703186035156,10.5496501922607,14.4944953918457
"2024-04-02 07:16:55.0000",6.69,91.37,6.74015617370605,9.83463668823242,18.2042770385742
"2024-04-02 07:46:48.0000",6.95,91.63,0.048587042838335,0.093615785241127,1.76914465427399
"2024-04-02 08:16:39.0000",7.54,91.45,0.12952646613121,0.174381539225578,1.84989213943481
"2024-04-02 08:46:35.0000",11.18,84,2.8243670463562,4.87291288375854,12.8475904464722
"2024-04-02 09:16:33.0000",13.84,78.94,1.21625196933746,2.67434072494507,16.2948246002197
"2024-04-02 09:46:23.0000",13.27,81.72,0.838260293006897,1.98805713653564,4.60756492614746
"2024-04-02 10:16:16.0000",14.13,80.98,0.380755037069321,1.88950169086456,8.59939765930176
"2024-04-02 10:46:04.0000",13.68,82.23,0.644770681858063,1.35596609115601,9.13458251953125
"2024-04-02 11:15:52.0000",12.24,82.74,0.738143682479858,1.68888032436371,8.90759944915771
"2024-04-02 11:45:40.0000",10.96,84.7,0.761719703674316,1.48409116268158,5.87461566925049
"2024-04-02 12:15:34.0000",14.31,81.75,0.0911088585853577,0.259139031171799,2.3391420841217
"2024-04-02 13:15:16.0000",14.56,79.92,0.843072891235352,2.78335428237915,8.92229843139648
"2024-04-02 13:45:06.0000",15.17,80.17,1.12914538383484,2.85320115089417,15.8379688262939
"2024-04-02 14:14:57.0000",16.44,78.79,0.773440361022949,2.41895270347595,14.8843374252319
"2024-04-02 14:44:48.0000",15.85,77.68,0.732943892478943,2.38586401939392,8.73895645141602
"2024-04-02 15:44:27.0000",14.9,77.15,0.49671596288681,1.57727956771851,6.00918245315552
"2024-04-02 16:14:16.0000",14.09,77.56,0.551286160945892,2.44477438926697,10.9306573867798
"2024-04-02 16:44:07.0000",13.5,77.09,0.873663604259491,2.97238874435425,15.7078695297241
"2024-04-02 17:13:57.0000",12.85,76.57,0.432718396186829,1.89177799224854,14.7838859558105
"2024-04-02 17:43:48.0000",12.16,76.51,0.61478465795517,2.20210266113281,10.1789817810059
"2024-04-02 18:13:38.0000",11.47,76.61,1.04986715316772,3.10885381698608,6.82831954956055
"2024-04-02 18:43:26.0000",10.44,77.5,3.10652852058411,6.02010011672974,17.1708927154541
"2024-04-02 19:13:17.0000",9.94,78.13,0.0154745932668447,0.0601618140935898,1.73568499088287
"2024-04-02 19:46:08.0000",10.2,78.19,1.33132874965668,4.2994499206543,14.1329107284546
"2024-04-02 20:15:51.0000",9.79,78.53,0.0192168261855841,0.134365782141685,1.84872567653656
"2024-04-02 20:48:40.0000",9.36,79.11,1.23022067546844,4.55176019668579,10.0243911743164
"2024-04-02 21:18:21.0000",8.34,80.75,1.27117550373077,4.62578916549683,13.4990224838257
"2024-04-02 21:48:11.0000",7.92,81.91,1.87550330162048,6.47497367858887,14.126898765564
"2024-04-02 22:18:03.0000",7.62,82.79,1.73723709583282,5.19579076766968,13.5250577926636
"2024-04-02 22:47:54.0000",7.54,83.17,1.86195480823517,5.01316452026367,9.55164909362793
"2024-04-02 23:17:46.0000",7.4,83.81,1.37185597419739,3.36495757102966,12.1517372131348
"2024-04-02 23:47:38.0000",7.54,84.17,0.973927974700928,3.19615983963013,10.3645257949829
"2024-04-03 00:17:27.0000",7.28,84.94,1.04420840740204,2.8481605052948,9.57649517059326
"2024-04-03 00:47:18.0000",7.12,85.59,2.12916922569275,3.75931143760681,10.1982154846191
"2024-04-03 01:17:08.0000",7,86.02,1.20918238162994,2.7730233669281,6.99206113815308
"2024-04-03 01:46:58.0000",7.02,86.49,1.31177687644958,2.38183569908142,4.73088073730469
"2024-04-03 02:16:50.0000",7.07,86.81,1.52807402610779,2.73175430297852,5.33679628372192
"2024-04-03 02:46:41.0000",7.1,87.24,3.22799944877625,4.76257991790771,7.00084829330444
"2024-04-03 03:16:33.0000",7.23,87.55,5.41741323471069,8.28920078277588,10.8722505569458
"2024-04-03 03:49:25.0000",7.76,87.54,8.89927673339844,12.3785591125488,19.5325508117676
"2024-04-03 04:19:05.0000",7.72,88.26,14.2886190414429,20.5962333679199,25.3529376983643
"2024-04-03 04:48:56.0000",7.82,88.62,15.6741695404053,23.464017868042,36.0435943603516
"2024-04-03 05:21:48.0000",8.38,88.52,17.6415958404541,27.3621158599854,37.1134643554688
"2024-04-03 05:51:30.0000",8.27,89.27,18.7664260864258,29.7193470001221,42.7122535705566
"2024-04-03 06:21:20.0000",8.52,89.72,0.212325513362885,0.258038073778152,1.93369841575623
"2024-04-03 06:51:12.0000",8.99,90.15,6.00726175308228,13.691291809082,29.1599311828613
"2024-04-03 07:21:04.0000",9.28,90.35,2.99773144721985,11.6433410644531,35.5949630737305
"2024-04-03 07:50:57.0000",9.37,90.68,2.97148108482361,13.2433586120605,28.6837539672852
"2024-04-03 08:20:48.0000",9.64,92.06,1.81437230110168,7.29168558120728,18.5060520172119
"2024-04-03 08:50:39.0000",9.53,92.55,2.03364491462708,9.61819744110107,21.0717735290527
"2024-04-03 09:20:29.0000",9.6,93.39,1.95774638652802,9.1403980255127,23.7106113433838
"2024-04-03 09:50:22.0000",9.7,93.7,0.0356048904359341,0.183927521109581,1.99596917629242
"2024-04-03 10:50:05.0000",10.85,94.11,0.889594733715057,3.4844708442688,9.00447940826416
"2024-04-03 11:19:56.0000",11.13,94.47,1.8482186794281,4.00980758666992,17.7208480834961
"2024-04-03 11:49:48.0000",11.03,95.83,0.618290781974792,1.84146332740784,8.71572113037109
"2024-04-03 12:19:42.0000",11.98,92.92,0.543986976146698,1.27510464191437,3.23452425003052
"2024-04-03 13:19:19.0000",8.85,96.76,1.66581010818481,9.00933074951172,37.6608390808105
"2024-04-03 13:49:12.0000",9.49,95.59,1.69921946525574,8.9839038848877,24.7468185424805
"2024-04-03 14:19:02.0000",8.99,94.33,1.85893368721008,9.83171463012695,34.5049171447754
"2024-04-03 14:48:52.0000",8.84,94.48,0.293204188346863,1.5352965593338,4.28960752487183
"2024-04-03 15:18:43.0000",8.74,94.35,1.70493519306183,7.21272611618042,22.0466842651367
"2024-04-03 15:48:32.0000",8.42,94.59,1.56606245040894,7.36284589767456,27.2982082366943
"2024-04-03 17:18:05.0000",8.89,91.58,2.22315263748169,9.68457508087158,30.6894760131836
"2024-04-03 17:47:55.0000",8.67,91.19,233.928207397461,341.464599609375,350.245758056641
"2024-04-03 18:17:45.0000",8.26,90.95,1.43209373950958,5.00615262985229,15.6523904800415
"2024-04-03 18:50:36.0000",7.97,90.85,1.93677818775177,8.25387763977051,21.8420467376709
"2024-04-03 19:20:17.0000",7.45,90.96,3.22093033790588,10.9791631698608,30.8839626312256
"2024-04-03 19:50:07.0000",7.3,91.37,3.16518759727478,10.5221939086914,38.8731536865234
"2024-04-03 20:22:59.0000",7.58,91.19,4.93729877471924,10.4981775283813,23.3069667816162
"2024-04-03 20:52:40.0000",7.38,91.43,1.85296010971069,4.91450023651123,24.5170421600342
"2024-04-03 21:25:33.0000",7.92,90.8,1.74583721160889,4.58774566650391,13.3962459564209
"2024-04-03 21:58:15.0000",7.98,90.61,1.07172894477844,3.65051984786987,10.611044883728
"2024-04-03 22:27:57.0000",7.6,90.69,1.07237863540649,3.95260787010193,16.2256851196289
"2024-04-03 22:57:49.0000",7.48,90.85,1.13303875923157,4.97677564620972,19.6983470916748
"2024-04-03 23:27:40.0000",7.43,90.95,0.989531993865967,3.77459287643433,15.0472545623779
"2024-04-03 23:57:31.0000",7.3,90.9,0.909747779369354,3.01979160308838,7.6309027671814
"2024-04-04 00:27:22.0000",7.15,90.84,0.915525496006012,2.93408560752869,12.6869506835938
"2024-04-04 00:57:12.0000",7.01,91.04,1.22274565696716,3.70750284194946,7.6453104019165
"2024-04-04 01:27:03.0000",6.97,91.29,1.79422581195831,4.41652870178223,7.86206293106079
"2024-04-04 01:56:55.0000",6.98,91.43,2.44223022460938,5.62077713012695,13.1833953857422
"2024-04-04 02:32:47.0000",7.57,90.04,1.72237491607666,4.57113933563232,15.8499517440796
"2024-04-04 03:02:26.0000",6.64,92.2,2.20036649703979,5.34886074066162,13.1796817779541
"2024-04-04 03:32:16.0000",6.39,92.97,2.22785973548889,5.72470760345459,11.5181884765625
"2024-04-04 04:05:07.0000",6.49,93.16,2.95405626296997,7.1000542640686,14.7645034790039
"2024-04-04 04:34:49.0000",5.97,93.5,2.6517481803894,7.32211065292358,15.8576536178589
"2024-04-04 05:04:41.0000",5.82,94.32,4.42152881622314,9.49809169769287,23.2009315490723
"2024-04-04 05:34:32.0000",5.88,93.97,1.27901983261108,4.33015537261963,8.68290519714355
"2024-04-04 06:04:24.0000",5.79,94.4,0.957729458808899,2.87007355690002,5.48668193817139
"2024-04-04 06:34:15.0000",5.89,94.59,0.975233197212219,2.75527143478394,5.05018043518066
"2024-04-04 07:04:07.0000",6.28,94.85,1.14176666736603,3.86105704307556,7.37310028076172
"2024-04-04 07:33:59.0000",6.68,94.16,1.08226990699768,4.17696237564087,21.3381690979004
"2024-04-04 08:03:58.0000",13.28,78.25,0.814562201499939,2.52937817573547,4.85900354385376
"2024-04-04 08:33:50.0000",12.87,80.64,0.898916006088257,2.72666549682617,5.42289590835571
"2024-04-04 09:03:41.0000",11.13,86.02,0.90815669298172,2.58896040916443,6.86650276184082
"2024-04-04 09:33:32.0000",10.91,87.93,0.552587628364563,1.894198179245,4.72927570343018
"2024-04-04 10:03:25.0000",11.71,87.96,0.632096946239471,1.86293184757233,5.1296706199646
"2024-04-04 10:33:18.0000",13.17,86.02,0.487330853939056,1.25430083274841,8.38396453857422
"2024-04-04 11:03:16.0000",17.7,77.51,0.675327718257904,1.74225234985352,3.98614048957825
"2024-04-04 11:33:04.0000",15.17,81.93,0.762267470359802,2.34571361541748,6.36139869689941
"2024-04-04 12:02:53.0000",13.74,84.29,0.231412872672081,0.789578974246979,2.94825410842896
"2024-04-04 13:02:36.0000",14.6,82.32,0.434666395187378,1.45234024524689,5.57449865341187
"2024-04-04 13:32:33.0000",17.24,78.25,0.270576298236847,0.470763027667999,2.15911912918091
"2024-04-04 14:02:24.0000",16.11,79.13,0.485256433486938,1.41446268558502,4.53056383132935
"2024-04-04 14:32:17.0000",18.25,77.12,0.531077682971954,1.50985646247864,10.1872272491455
"2024-04-04 15:02:03.0000",15.91,79.08,0.347324013710022,1.23055529594421,4.22065019607544
"2024-04-04 15:31:56.0000",15.61,76.71,0.448508828878403,1.4011207818985,3.67022013664246
"2024-04-04 16:01:44.0000",13.67,77.38,0.6965012550354,1.8874534368515,5.17838096618652
"2024-04-04 16:31:34.0000",13.27,77.57,0.835085272789001,2.46349906921387,5.90388298034668
"2024-04-04 17:01:24.0000",10.91,80,1.55189323425293,4.31385660171509,9.65367984771729
"2024-04-04 17:31:14.0000",10.41,81.46,1.38440144062042,3.84956550598145,11.3911638259888
"2024-04-04 18:01:05.0000",10.07,81.97,1.72298145294189,6.90207147598267,16.534553527832
"2024-04-04 18:30:56.0000",10,82.58,2.41156077384949,8.40168571472168,16.0917148590088
"2024-04-04 19:00:46.0000",9.85,83.46,2.14993500709534,7.9144458770752,20.0373001098633
"2024-04-04 19:30:36.0000",9.66,84.51,1.7443675994873,7.35226440429688,17.0157527923584
"2024-04-04 20:00:26.0000",9.55,85.76,1.49903619289398,6.01940250396729,11.6459093093872
"2024-04-04 20:30:17.0000",9.36,86.41,1.74741351604462,7.67003917694092,14.524393081665
"2024-04-04 21:00:07.0000",9.56,86.98,2.39064884185791,11.8033256530762,35.8230819702148
"2024-04-04 21:29:58.0000",9.3,88.12,2.86557245254517,14.0422372817993,34.5441360473633
"2024-04-04 21:59:50.0000",9.34,88.6,3.17048764228821,15.9875164031982,38.3996200561523
"2024-04-04 22:29:42.0000",9.44,89.34,3.3530969619751,16.7384300231934,38.0447578430176
"2024-04-04 22:59:33.0000",9.57,89.77,0.263228952884674,1.36465239524841,3.8000602722168
"2024-04-04 23:29:24.0000",9.43,90.91,3.67557287216187,17.5017948150635,38.3177909851074
"2024-04-04 23:59:15.0000",9.59,91.72,3.00573515892029,13.2790594100952,23.0416202545166
"2024-04-05 00:29:08.0000",9.92,92.46,2.32421326637268,8.8383903503418,14.981427192688
"2024-04-05 00:58:59.0000",10,93.51,2.5466251373291,9.28753280639648,17.7109756469727
"2024-04-05 01:28:51.0000",10.22,94.85,1.83775663375854,6.48106384277344,13.0988960266113
"2024-04-05 01:58:42.0000",10.24,97.53,0.771731495857239,2.57043957710266,5.11274147033691
"2024-04-05 02:28:32.0000",10.33,98.32,0.0104246018454432,0.135003134608269,1.8499231338501
"2024-04-05 02:58:23.0000",10.27,99.4,0.680346131324768,2.99062418937683,7.01365756988525
"2024-04-05 03:28:14.0000",10.09,100.53,0.676971077919006,2.56397771835327,6.1894588470459
"2024-04-05 03:58:07.0000",9.92,100.57,0.857952058315277,4.11165380477905,9.46910285949707
"2024-04-05 04:27:57.0000",9.78,100.99,1.48965501785278,7.47261571884155,13.9681568145752
"2024-04-05 05:00:48.0000",9.95,101.08,1.50815081596375,7.25766181945801,18.2849369049072
"2024-04-05 05:30:30.0000",9.69,101,1.53022456169128,7.07522821426392,14.4665899276733
"2024-04-05 06:00:21.0000",9.76,101.15,1.53654110431671,6.89407014846802,22.2743911743164
"2024-04-05 06:30:11.0000",9.75,101.41,1.83827483654022,7.7353196144104,17.3056964874268
"2024-04-05 07:00:04.0000",10.03,100.93,2.49098372459412,11.311936378479,24.6976451873779
"2024-04-05 07:29:56.0000",10.47,100.34,1.42514824867249,6.62646579742432,20.5994739532471
"2024-04-05 07:59:48.0000",11.58,96.97,2.39693236351013,12.8290224075317,37.0466613769531
"2024-04-05 08:29:41.0000",12.43,94.52,2.80353593826294,12.4109506607056,24.0817108154297
"2024-04-05 08:59:33.0000",13.47,94.06,4.11698293685913,18.9699325561523,49.9165573120117
"2024-04-05 09:29:30.0000",16.27,86.93,0.0950846299529076,0.828244566917419,3.44006180763245
"2024-04-05 09:59:17.0000",13.9,89.16,4.26636219024658,18.2788486480713,36.578483581543
"2024-04-05 10:58:59.0000",16.57,84.69,0.116264268755913,0.557474792003632,2.46095991134644
"2024-04-05 11:28:54.0000",16.33,82.51,2.4677050113678,9.95165634155273,32.614372253418
"2024-04-05 11:58:46.0000",17.42,82.57,2.89394474029541,11.6120615005493,22.9772701263428
"2024-04-05 12:28:39.0000",17.52,79.44,3.82622218132019,14.8621892929077,29.1062183380127
"2024-04-05 12:58:29.0000",16.73,79.33,3.94685411453247,14.7286167144775,29.6670703887939
"2024-04-05 13:28:17.0000",14.89,78.9,4.29298686981201,18.160737991333,47.2403450012207
"2024-04-05 13:58:02.0000",13.66,84.07,4.32230186462402,17.774320602417,30.9302558898926
"2024-04-05 14:27:55.0000",15.43,81.89,3.88910245895386,15.2452621459961,27.545825958252
"2024-04-05 14:57:45.0000",14.92,81.35,3.78894019126892,15.2524719238281,27.2504005432129
"2024-04-05 15:27:35.0000",14.42,81.37,4.04988956451416,15.7433862686157,30.2192916870117
"2024-04-05 15:57:27.0000",15.21,80.22,4.30411148071289,17.7215919494629,31.5656833648682
"2024-04-05 16:27:17.0000",14.82,79.34,0.278818070888519,2.42081189155579,6.71280956268311
"2024-04-05 16:57:08.0000",14.73,78.6,4.36417818069458,19.033763885498,39.4981002807617
"2024-04-05 17:26:59.0000",14.22,78.03,4.46167039871216,18.4649238586426,49.4264602661133
"2024-04-05 17:56:50.0000",13.96,78.01,4.73443841934204,20.7527980804443,38.4314918518066
"2024-04-05 18:26:41.0000",13.65,77.96,4.54346084594727,18.1768264770508,37.9138221740723
"2024-04-05 18:56:31.0000",13.41,78.01,4.56602907180786,19.9514255523682,40.3932876586914
"2024-04-05 19:26:23.0000",13.14,78.26,4.97933721542358,20.6660480499268,38.3668060302734
"2024-04-05 19:56:13.0000",11.94,79.11,5.37303400039673,20.3287696838379,33.3452568054199
"2024-04-05 20:26:01.0000",10.98,81.54,0.0262701790779829,0.248999580740929,2.07207417488098
"2024-04-05 20:55:51.0000",11.16,82.06,5.00839233398438,22.9980602264404,48.5924453735352
"2024-04-05 21:25:43.0000",11.39,82.51,4.66146087646484,21.3556346893311,45.7448768615723
"2024-04-05 21:55:36.0000",11.41,82.74,4.59064245223999,19.7896518707275,34.939525604248
"2024-04-05 22:25:27.0000",11.41,83.58,0.265812546014786,2.08883571624756,7.55645656585693
"2024-04-05 22:55:16.0000",11.41,84.36,4.28234195709229,20.4089069366455,41.9742813110352
"2024-04-05 23:25:07.0000",11.31,85.2,3.38019299507141,15.7294425964355,30.8252696990967
"2024-04-05 23:54:57.0000",10.64,88.16,2.42148566246033,10.6170177459717,18.6592617034912
"2024-04-06 00:24:49.0000",10.4,90.48,2.44096827507019,13.4385843276978,27.505973815918
"2024-04-06 00:54:40.0000",10.42,92.74,2.33577632904053,12.1659984588623,32.9849853515625
"2024-04-06 01:24:30.0000",10.55,95.75,1.74573421478271,8.54552364349365,18.7317047119141
"2024-04-06 01:54:23.0000",10.69,97.88,1.49905502796173,7.04286098480225,15.5516901016235
"2024-04-06 02:24:14.0000",10.92,99.18,1.66211128234863,6.86548471450806,13.7708282470703
"2024-04-06 02:54:06.0000",11.21,98.34,1.9320330619812,8.78828430175781,16.6588916778564
"2024-04-06 03:23:56.0000",11.18,98.72,2.23646759986877,9.77866077423096,24.9884166717529
"2024-04-06 03:53:47.0000",11.42,99.38,2.50556921958923,10.6891803741455,22.2366218566895
"2024-04-06 04:23:38.0000",11.63,99.32,2.0497407913208,8.70682907104492,25.3159027099609
"2024-04-06 04:53:29.0000",11.69,98.57,1.71360003948212,7.92917490005493,21.1415023803711
"2024-04-06 05:23:20.0000",11.55,98.97,1.55903935432434,6.57375144958496,14.4522380828857
"2024-04-06 05:53:11.0000",11.76,98.1,1.63066434860229,6.44060373306274,12.7678031921387
"2024-04-06 06:23:03.0000",11.9,97.54,1.82426297664642,6.55542325973511,17.487512588501
"2024-04-06 06:52:53.0000",12.48,96.09,1.6171727180481,6.51293134689331,22.5554866790771
"2024-04-06 07:22:47.0000",13.46,93.1,1.30332434177399,4.90376758575439,12.3490629196167
"2024-04-06 07:52:39.0000",13.63,91.04,1.50577819347382,5.24055194854736,11.427116394043
"2024-04-06 08:22:31.0000",13.73,90.51,1.44010698795319,6.62106132507324,20.1124706268311
"2024-04-06 08:52:22.0000",14.18,89.74,1.47767603397369,5.75399160385132,14.2793779373169
"2024-04-06 09:22:15.0000",14.63,88.79,0.150561213493347,0.755083501338959,4.77065324783325
"2024-04-06 10:21:58.0000",15.75,85.6,2.04309439659119,7.53955364227295,17.7642116546631
"2024-04-06 10:51:49.0000",16.1,85.56,1.76376831531525,6.13745021820068,12.3400821685791
"2024-04-06 11:21:41.0000",17.81,79.39,1.82175147533417,7.22558259963989,12.757194519043
"2024-04-06 11:51:32.0000",18.12,75.38,1.66837275028229,6.64364004135132,13.9132785797119
"2024-04-06 12:21:27.0000",19.79,70.25,1.83151292800903,6.87438726425171,21.0031337738037
"2024-04-06 12:51:19.0000",20.25,66.89,2.44229698181152,8.61874580383301,14.967230796814
"2024-04-06 13:51:01.0000",20.33,61.2,2.66045570373535,8.55759525299072,13.5827989578247
"2024-04-06 14:20:51.0000",20.54,59.75,2.71961760520935,8.56975936889648,19.9235286712646
"2024-04-06 14:50:41.0000",19.93,58.91,0.21918947994709,1.03367006778717,6.50664901733398
"2024-04-06 15:20:31.0000",19.75,57.99,2.46827387809753,7.89568614959717,21.3628082275391
"2024-04-06 15:50:22.0000",18.52,58.1,0.0721641927957535,0.898475348949432,3.75671124458313
"2024-04-06 16:20:14.0000",18.14,57.54,2.82940888404846,10.1970739364624,22.2887172698975
"2024-04-06 16:50:02.0000",15.9,59,2.06193614006042,7.71104669570923,16.2097396850586
"2024-04-06 17:19:50.0000",13.42,62.31,1.76005625724792,6.74088954925537,13.3330936431885
"2024-04-06 17:49:39.0000",12.62,65.26,2.13264203071594,7.99422025680542,14.0244398117065
"2024-04-06 18:19:29.0000",11.97,66.07,3.03346371650696,9.99063873291016,16.5157737731934
"2024-04-06 18:49:17.0000",9.89,69.58,2.84312701225281,12.3054981231689,31.7941341400146
"2024-04-06 19:19:07.0000",9.25,72.8,2.05467820167542,8.78671264648438,16.8277339935303
"2024-04-06 19:48:57.0000",8.56,75.55,1.35694873332977,5.0528450012207,21.2558708190918
"2024-04-06 20:18:46.0000",8.06,77.53,0.950200319290161,3.34253621101379,9.22304630279541
"2024-04-06 20:48:37.0000",7.95,78.54,1.8820526599884,4.30599546432495,7.21820783615112
"2024-04-06 21:18:28.0000",7.93,79.92,0.702642142772675,2.99350142478943,7.07293319702148
"2024-04-06 21:54:19.0000",8.34,79.71,1.11924958229065,3.95825791358948,9.07113647460938
"2024-04-06 22:24:00.0000",7.64,81.48,1.97020900249481,8.27191162109375,14.670804977417
"2024-04-06 22:53:51.0000",7.77,81.75,25.5564041137695,32.7054176330566,56.271312713623
"2024-04-06 23:23:42.0000",8.08,81.82,15.6588535308838,24.9411544799805,44.8597640991211
"2024-04-06 23:53:34.0000",8.23,81.84,2.83280062675476,13.1171855926514,30.3098316192627
"2024-04-07 00:23:25.0000",7.93,82.58,2.46927189826965,10.9611034393311,30.4203853607178
"2024-04-07 00:53:14.0000",7.55,83.92,20.0997180938721,25.3628349304199,31.2043743133545
"2024-04-07 01:23:06.0000",7.61,83.69,1.76026391983032,7.4922399520874,15.9968738555908
"2024-04-07 01:52:57.0000",7.76,84.08,14.406156539917,21.3711395263672,27.5966720581055
"2024-04-07 02:22:47.0000",7.52,82.99,2.48489451408386,11.0465641021729,28.5351524353027
"2024-04-07 02:55:37.0000",7.53,82.63,0.0692756697535515,0.598218381404877,2.64548492431641
"2024-04-07 03:28:20.0000",7.76,82.25,3.0781352519989,14.2022590637207,38.4345932006836
"2024-04-07 03:58:02.0000",7.71,81.6,3.24838137626648,15.2713041305542,45.1076965332031
"2024-04-07 04:27:53.0000",7.64,81.57,3.28700351715088,14.8680238723755,28.0549049377441
"2024-04-07 05:00:44.0000",7.41,81.95,3.85981345176697,17.3920803070068,36.0417213439941
"2024-04-07 05:30:24.0000",6.09,84.9,2.12050843238831,9.81403160095215,23.7277317047119
"2024-04-07 06:00:17.0000",6.65,86.06,3.21134161949158,16.4161167144775,34.1139907836914
"2024-04-07 06:30:07.0000",7.16,86.31,1.31363475322723,5.3436861038208,9.78091812133789
"2024-04-07 07:00:00.0000",8.27,86.53,0.146967202425003,0.794349789619446,3.12095665931702
"2024-04-07 07:29:57.0000",11.35,79.76,3.05886101722717,13.3276052474976,29.0232105255127
"2024-04-07 07:59:45.0000",10.59,80.74,3.63682222366333,16.8698272705078,41.7011795043945
"2024-04-07 08:29:42.0000",13.19,74.32,3.75632929801941,15.6593475341797,30.6899585723877
"2024-04-07 08:59:34.0000",14.58,69.95,3.26334524154663,12.6378164291382,39.4699630737305
"2024-04-07 09:29:24.0000",14.45,68.15,2.37362885475159,10.289402961731,20.8412227630615
"2024-04-07 09:59:17.0000",15.68,64.39,0.524884104728699,2.41957688331604,7.28341197967529
"2024-04-07 10:29:07.0000",15.05,65.13,2.74983048439026,10.9599390029907,33.1532173156738
"2024-04-07 10:59:00.0000",16.33,64.19,2.63056373596191,11.3890266418457,23.7598419189453
"2024-04-07 11:28:53.0000",15.9,63.94,3.1923394203186,11.9123449325562,34.4689254760742
"2024-04-07 11:58:39.0000",13.35,67.48,2.92446899414062,10.835620880127,17.8745193481445
"2024-04-07 12:28:31.0000",13.52,67.69,3.49905514717102,13.9901514053345,24.2260818481445
"2024-04-07 12:58:21.0000",13.4,70.31,2.99988889694214,12.8361320495605,33.1593704223633
"2024-04-07 13:28:12.0000",13.01,70.99,2.58272409439087,10.0573024749756,17.2315006256104
"2024-04-07 13:58:01.0000",11.29,73.37,1.35098314285278,5.29547786712646,12.1443290710449
"2024-04-07 14:27:50.0000",11.63,76.59,0.939236283302307,3.59165525436401,8.17125034332275
"2024-04-07 14:57:43.0000",12.59,75.57,2.22319722175598,8.92086601257324,20.8732109069824
"2024-04-07 15:27:37.0000",13.55,74.44,2.77411508560181,11.5743713378906,20.955659866333
"2024-04-07 15:57:30.0000",15.15,74.07,2.58352327346802,9.35255432128906,18.633264541626
"2024-04-07 16:27:24.0000",15.87,69.77,2.74720335006714,10.3256397247314,17.499095916748
"2024-04-07 16:57:13.0000",13.57,69.84,3.41888976097107,13.4490327835083,21.5334300994873
"2024-04-07 17:27:03.0000",13.23,69.79,3.16269850730896,12.9885511398315,28.1140537261963
"2024-04-07 17:56:53.0000",13.11,70.17,2.36050534248352,9.78541088104248,24.7560024261475
"2024-04-07 18:26:45.0000",12.27,69.31,3.15795493125916,13.2483005523682,31.3106288909912
"2024-04-07 18:56:36.0000",11.7,69.93,2.78137230873108,12.3310804367065,33.7912139892578
"2024-04-07 19:26:26.0000",11.02,70.85,2.77080321311951,12.6411151885986,37.5639114379883
"2024-04-07 19:56:17.0000",10.72,71.68,2.55481743812561,10.682788848877,25.9565238952637
"2024-04-07 20:26:07.0000",10.5,71.81,1.48117542266846,6.62309265136719,11.8656063079834
"2024-04-07 21:01:58.0000",10.44,71.16,1.05775833129883,5.15968656539917,13.5234823226929
"2024-04-07 21:31:36.0000",9.02,73.24,1.29990386962891,6.12184810638428,17.919713973999
"2024-04-07 22:01:25.0000",8.82,73.77,1.71412086486816,7.38563871383667,28.5980224609375
"2024-04-07 22:31:15.0000",8.56,74.39,1.78351545333862,8.45434951782227,24.8942184448242
"2024-04-07 23:01:06.0000",8.39,74.75,0.0263830702751875,0.186611860990524,6.72777986526489
"2024-04-07 23:30:55.0000",7.79,75.21,2.03926539421082,9.17702198028564,29.2058162689209
"2024-04-08 00:03:46.0000",7.56,75.68,1.92788338661194,8.36538505554199,19.8872928619385
"2024-04-08 00:33:27.0000",7.68,75.97,1.66756522655487,8.19529342651367,27.8271045684814
"2024-04-08 01:03:17.0000",7.72,76.16,1.54884052276611,7.34374952316284,17.8307933807373
"2024-04-08 01:33:08.0000",7.55,76.34,1.57428812980652,7.67468357086182,23.8063774108887
"2024-04-08 02:03:00.0000",7.42,76.85,1.97635424137115,8.7297306060791,19.2297325134277
"2024-04-08 02:32:51.0000",7.68,77.09,1.92085742950439,9.39014339447021,21.9301204681396
"2024-04-08 03:02:42.0000",7.98,77.26,2.39307594299316,10.7400255203247,33.3371658325195
"2024-04-08 03:32:33.0000",7.54,78.53,2.32243275642395,12.8948736190796,38.4594917297363
"2024-04-08 04:02:24.0000",7.39,79.53,2.67521619796753,15.3529710769653,49.0413093566895
"2024-04-08 04:32:14.0000",7.39,80.11,3.12644600868225,15.4666194915771,31.1465549468994
"2024-04-08 05:02:05.0000",7.44,80.62,3.24931144714355,17.7511501312256,40.9856300354004
"2024-04-08 05:31:56.0000",7.53,81.03,3.34820199012756,19.4055042266846,40.6881828308105
"2024-04-08 06:01:47.0000",7.6,81.51,3.73949527740479,18.9190483093262,44.4440727233887
"2024-04-08 06:31:38.0000",7.75,81.92,3.90188574790955,20.5918636322021,60.9080619812012
"2024-04-08 07:01:29.0000",8.16,82.37,3.16198182106018,15.3627052307129,34.0527801513672
"2024-04-08 07:31:22.0000",8.49,82.54,0.0496652238070965,0.0936945080757141,1.76910972595215
"2024-04-08 08:01:14.0000",8.79,83.27,0.0662202835083008,0.110420241951942,1.78583526611328
"2024-04-08 08:31:06.0000",9.23,83.39,2.13806962966919,7.72591686248779,15.882963180542
"2024-04-08 09:00:58.0000",9.89,84.23,2.39318346977234,9.13626289367676,22.1955585479736
"2024-04-08 09:30:55.0000",12.93,80.73,1.99998867511749,8.73116874694824,21.1914157867432
"2024-04-08 10:00:43.0000",12.74,83.52,2.40944910049438,11.9588975906372,26.3808574676514
"2024-04-08 10:30:34.0000",13.56,82.22,3.17456197738647,15.5499629974365,39.916820526123
"2024-04-08 11:00:28.0000",14.26,81.43,3.2785279750824,15.8299951553345,31.5962772369385
"2024-04-08 11:30:18.0000",14.43,81.26,3.01481485366821,13.8745126724243,31.7211761474609
"2024-04-08 12:00:09.0000",14.36,79.81,2.59908294677734,11.2386121749878,29.2747402191162
"2024-04-08 12:29:58.0000",13.49,79.65,2.30413699150085,10.2489404678345,23.4004764556885
"2024-04-08 12:59:50.0000",13.65,78.67,2.32383894920349,11.7856540679932,34.3222427368164
"2024-04-08 13:29:39.0000",11.47,80.07,2.15198302268982,10.5036287307739,30.4030780792236
"2024-04-08 13:59:28.0000",10.9,81.64,2.33932495117188,12.3786096572876,31.2278690338135
"2024-04-08 14:29:20.0000",11.37,81.99,2.36062860488892,12.3821086883545,25.6900863647461
"2024-04-08 14:59:10.0000",11.11,82.56,2.27522993087769,12.0797233581543,33.5311279296875
"2024-04-08 15:29:01.0000",11.89,82.4,2.22458124160767,9.48480415344238,22.0745601654053
"2024-04-08 15:58:54.0000",12.75,81.84,2.07572269439697,8.34150886535645,24.4690170288086
"2024-04-08 16:28:46.0000",12.65,81.23,2.21856331825256,8.45174026489258,18.1736145019531
"2024-04-08 16:58:36.0000",12.59,80.87,1.95215058326721,9.50773334503174,25.8826389312744
"2024-04-08 17:58:18.0000",12.55,80.06,1.89909732341766,7.97193098068237,14.7133836746216
"2024-04-08 18:28:09.0000",12.34,79.9,2.12320470809937,7.87026071548462,17.2041645050049
"2024-04-08 18:57:59.0000",12.13,79.97,2.25689125061035,8.33181095123291,16.6799602508545
"2024-04-08 19:27:49.0000",11.76,80.11,2.07935309410095,8.65162944793701,16.6589488983154
"2024-04-08 19:57:41.0000",11.72,80.02,2.06293845176697,8.13735771179199,19.3196220397949
"2024-04-08 20:27:33.0000",11.69,80.11,0.0357113406062126,0.183022439479828,1.99500274658203
"2024-04-08 20:57:25.0000",10.65,80.76,2.3416440486908,10.1068830490112,27.890510559082
"2024-04-08 21:27:14.0000",9.48,83.58,3.57702207565308,15.3530807495117,40.9458427429199
"2024-04-08 21:57:05.0000",9.45,84.56,3.83985733985901,17.5172824859619,52.0994873046875
"2024-04-08 22:26:56.0000",9.39,85.16,4.19118642807007,16.4794101715088,35.6171607971191
"2024-04-08 22:56:45.0000",9.34,85.96,4.45466804504395,17.0913333892822,38.1850471496582
"2024-04-08 23:26:36.0000",9.37,86.7,6.53329849243164,19.3914756774902,47.0416259765625
"2024-04-08 23:56:27.0000",9.4,87.42,9.65040588378906,25.4975032806396,52.7053298950195
"2024-04-09 00:26:19.0000",9.49,88.04,6.45849609375,16.7684135437012,34.8964462280273
"2024-04-09 00:56:10.0000",9.24,89.28,4.64760208129883,14.2014102935791,39.9533386230469
"2024-04-09 01:29:00.0000",8.49,89.65,2.11283254623413,10.6020383834839,30.0646171569824
"2024-04-09 01:58:43.0000",7.82,90.12,2.26445031166077,12.2816019058228,27.5409641265869
"2024-04-09 02:28:32.0000",7.58,90.15,2.12833642959595,9.81072616577148,17.9357490539551
"2024-04-09 02:58:22.0000",7.06,90.08,2.12675285339355,10.7308645248413,34.8320388793945
"2024-04-09 03:31:13.0000",6.87,90.01,2.30584287643433,11.9334545135498,26.79567527771
"2024-04-09 04:03:55.0000",6.64,90.15,2.29014587402344,11.9799613952637,41.0819511413574
"2024-04-09 04:39:39.0000",7.06,88.84,2.35996842384338,11.8686408996582,34.7806777954102
"2024-04-09 05:09:18.0000",6.68,89.97,2.2014536857605,11.2330780029297,26.9327201843262
"2024-04-09 05:39:09.0000",6.84,90.18,2.28328323364258,13.771125793457,42.9635009765625
"2024-04-09 06:11:59.0000",6.54,90.11,3.22990751266479,19.2229690551758,62.4413642883301
"2024-04-09 06:41:40.0000",5.68,91.32,4.26464986801147,26.4294261932373,74.8016967773438
"2024-04-09 07:14:32.0000",5.77,91.75,2.79925799369812,17.7812633514404,88.9965209960938
"2024-04-09 07:47:13.0000",5.37,92.39,2.32318329811096,15.2160320281982,77.8151702880859
"2024-04-09 08:19:56.0000",5.35,93.05,1.58184635639191,11.0174970626831,42.1733741760254
"2024-04-09 08:49:39.0000",5.11,93.66,0.945834517478943,6.19077444076538,43.9886665344238
"2024-04-09 09:52:22.0000",6.18,94.61,2.12590169906616,16.0869064331055,58.9807510375977
"2024-04-09 10:22:03.0000",5.99,95.51,2.14528727531433,12.9980545043945,54.6370468139648
"2024-04-09 10:51:55.0000",6.04,95.73,364.131622314453,515.55908203125,543.031188964844
"2024-04-09 11:24:46.0000",6.3,95.82,19.4200744628906,34.0061645507812,84.0975875854492
"2024-04-09 11:54:28.0000",6.4,97.18,4.78365612030029,16.271110534668,42.4388389587402
"2024-04-09 12:24:21.0000",7.66,95.01,0.0594104789197445,0.103545352816582,1.77915751934052
"2024-04-09 12:57:15.0000",8.56,93.79,4.93531513214111,20.8594131469727,52.6130104064941
"2024-04-09 13:26:58.0000",8.73,94.88,4.05320501327515,17.5611038208008,47.8284568786621
"2024-04-09 13:59:53.0000",10.39,91.45,3.44286394119263,12.2563552856445,34.6737174987793
"2024-04-09 14:29:34.0000",10.89,91.39,3.67497181892395,14.8699750900269,33.0040550231934
"2024-04-09 14:59:27.0000",11.3,88.46,3.24640250205994,11.9024477005005,31.4781227111816
"2024-04-09 15:29:17.0000",10.5,87.45,3.23329663276672,14.0447301864624,43.6532363891602
"2024-04-09 15:59:03.0000",8.36,88.82,3.11096405982971,13.8922433853149,36.5186233520508
"2024-04-09 16:28:58.0000",11.54,88.82,2.7552433013916,12.4892101287842,31.9289741516113
"2024-04-09 16:58:48.0000",10.22,86.17,2.76170063018799,11.4458141326904,37.1185417175293
"2024-04-09 17:28:38.0000",9.16,85.37,2.34890294075012,11.1648654937744,45.2717018127441
"2024-04-09 17:58:30.0000",9.44,85.15,2.14933085441589,10.7913599014282,35.9571228027344
"2024-04-09 18:28:18.0000",8.37,84.32,2.35851120948792,12.226393699646,40.7510414123535
"2024-04-09 18:58:08.0000",7.72,84.26,2.70133829116821,13.3123922348022,50.7120323181152
"2024-04-09 19:30:58.0000",7.56,84.41,3.07758069038391,15.1678123474121,49.5064430236816
"2024-04-09 20:03:40.0000",7.38,84.41,2.13734459877014,9.81850719451904,35.2259368896484
"2024-04-09 20:33:21.0000",6.85,84.25,0.0996949970722198,0.228192076086998,1.94277477264404
"2024-04-09 21:06:13.0000",6.85,84.56,24.3718681335449,35.6834487915039,75.0225677490234
"2024-04-09 21:35:54.0000",6.3,84.97,0.00584333017468452,0.0494235530495644,1.72494304180145
"2024-04-09 22:05:47.0000",6.27,85.04,2.49042963981628,12.8721141815186,48.4067726135254
"2024-04-09 22:35:39.0000",6.16,85.32,0.00876444205641747,0.0523720383644104,1.72778582572937
"2024-04-09 23:05:30.0000",5.98,85.09,2.10873770713806,10.3874568939209,45.2569580078125
"2024-04-09 23:35:22.0000",5.72,85.43,0,,
"2024-04-10 00:11:15.0000",6.25,84.3,1.9130038022995,11.1040182113647,28.6020240783691
"2024-04-10 00:40:55.0000",5.47,85.27,2.08640074729919,10.7471761703491,42.5840797424316
"2024-04-10 01:10:46.0000",5.1,85.89,1.60036849975586,7.70208883285522,22.3792133331299
"2024-04-10 01:40:36.0000",4.96,85.85,1.54033195972443,6.88911771774292,22.3603820800781
"2024-04-10 02:10:26.0000",4.69,85.64,1.08427822589874,5.56826019287109,22.0893859863281
"2024-04-10 02:40:16.0000",4.11,86.01,1.15601241588593,5.69241762161255,13.3878355026245
"2024-04-10 03:13:07.0000",4.14,86.21,1.33374094963074,5.58388662338257,11.8275032043457
"2024-04-10 03:42:47.0000",3.98,86.12,1.27919328212738,6.5482349395752,17.3410339355469
"2024-04-10 04:12:38.0000",4.14,86.58,1.35956478118896,5.45211935043335,17.1954650878906
"2024-04-10 04:42:30.0000",4.48,86.66,1.32234311103821,5.73030376434326,19.7579040527344
"2024-04-10 05:15:22.0000",5.08,86.61,1.23635768890381,5.6967601776123,11.890209197998
"2024-04-10 05:45:05.0000",5.03,86.72,1.35268843173981,7.41612005233765,30.1435737609863
"2024-04-10 06:14:56.0000",4.99,87.15,1.38067650794983,5.94525003433228,18.7213764190674
"2024-04-10 06:44:47.0000",5.2,87.63,1.64496433734894,8.87156295776367,20.6148300170898
"2024-04-10 07:14:39.0000",5.97,87.34,1.40360629558563,6.81041765213013,13.9445266723633
"2024-04-10 07:44:30.0000",6.16,87.3,1.38446497917175,6.84489154815674,24.7729911804199
"2024-04-10 08:14:22.0000",5.69,87.94,1.42543292045593,5.96780347824097,20.4899406433105
"2024-04-10 08:44:11.0000",5.52,89.37,2.07111477851868,9.67208862304688,21.7591762542725
"2024-04-10 09:14:02.0000",5.95,90.34,2.46360516548157,10.1485586166382,23.7927379608154
"2024-04-10 09:43:55.0000",6.56,91.02,2.92443060874939,13.3022089004517,31.7024307250977
"2024-04-10 10:16:46.0000",7.02,92.91,2.80072593688965,12.4537134170532,31.5160179138184
"2024-04-10 10:46:28.0000",6.97,95.6,2.78385925292969,12.9537706375122,36.7060661315918
"2024-04-10 11:16:21.0000",7.63,96.85,0.533940553665161,2.13123059272766,6.81546211242676
"2024-04-10 11:49:12.0000",7.7,98.07,2.65446329116821,11.2301588058472,33.3616943359375
"2024-04-10 12:18:55.0000",7.85,99.5,2.08447909355164,8.94311237335205,24.1483097076416
"2024-04-10 12:48:46.0000",8.27,100.74,1.92043268680573,8.84708023071289,18.952693939209
"2024-04-10 13:21:40.0000",10,98.96,1.46824479103088,6.03372716903687,15.0719156265259
"2024-04-10 13:51:23.0000",10.7,99.95,0.801911294460297,3.21526026725769,8.63085842132568
"2024-04-10 14:21:16.0000",12.29,98.83,0.85471099615097,2.00882625579834,4.26016139984131
"2024-04-10 14:51:09.0000",12.56,98.29,0.0208086427301168,0.109589114785194,1.79118084907532
"2024-04-10 15:21:00.0000",11.92,98.14,0.418939590454102,1.10613191127777,5.07117223739624
"2024-04-10 15:50:51.0000",12.09,98.21,0.63345605134964,1.42115795612335,9.32896709442139
"2024-04-10 16:20:43.0000",13.35,97.6,0.491100937128067,1.47282814979553,3.94241404533386
"2024-04-10 16:50:35.0000",15.02,94.69,0.25664946436882,0.623168170452118,2.358149766922
"2024-04-10 17:20:25.0000",14.16,94.65,0.645657956600189,1.6179187297821,3.53020095825195
"2024-04-10 17:50:16.0000",13.81,93.98,1.00459742546082,2.21825337409973,5.47136306762695
"2024-04-10 18:20:06.0000",13.28,93.1,0.79942786693573,1.36362600326538,9.10605144500732
"2024-04-10 18:49:57.0000",12.99,92.45,0.295327186584473,0.778631389141083,2.6863386631012
"2024-04-10 19:19:49.0000",12.73,91.98,0.239353567361832,0.647977530956268,5.96640348434448
"2024-04-10 19:49:38.0000",12.5,92.04,0.3917436003685,1.06745398044586,2.96152853965759
"2024-04-10 20:19:29.0000",12.45,92.18,0.335390955209732,0.950110495090485,4.66500616073608
"2024-04-10 20:49:19.0000",12.51,92.35,0.161322191357613,0.408151566982269,7.27565765380859
"2024-04-10 21:19:10.0000",12.68,92.38,0.552689015865326,1.37792122364044,3.80543971061707
"2024-04-10 21:49:01.0000",11.85,92.67,0.378211677074432,1.49484705924988,4.47994422912598
"2024-04-10 22:18:51.0000",11.26,94.35,0.37639781832695,1.20940411090851,3.69450521469116
"2024-04-10 22:48:42.0000",10.93,95.21,0.293876707553864,1.15788424015045,4.59528398513794
"2024-04-10 23:18:33.0000",10.9,95.45,0.276340335607529,1.21373116970062,5.39392518997192
"2024-04-10 23:48:26.0000",11.01,95.78,0.25306710600853,0.776947021484375,2.9258131980896
"2024-04-11 00:18:15.0000",10.95,96,0.520107448101044,1.31391608715057,3.28052854537964
"2024-04-11 00:48:05.0000",10.77,96.06,0.408473700284958,1.92436110973358,4.80447244644165
"2024-04-11 01:17:56.0000",10.47,96.52,0.679894864559174,2.49020624160767,5.58406639099121
"2024-04-11 01:47:48.0000",10.96,96.6,0.552627146244049,2.18133234977722,6.86819744110107
"2024-04-11 02:17:38.0000",11.2,96.19,0.46547070145607,2.20505928993225,10.4166088104248
"2024-04-11 02:47:30.0000",11.18,96.08,0.768973171710968,2.3708119392395,6.37395858764648
"2024-04-11 03:17:22.0000",11.24,95.98,0.517150819301605,2.14780735969543,5.20672512054443
"2024-04-11 03:47:13.0000",11.2,95.84,0.667446851730347,2.56525206565857,6.14696216583252
"2024-04-11 04:17:04.0000",11.23,95.75,0.849844813346863,3.366694688797,10.0263986587524
"2024-04-11 04:46:55.0000",11.18,95.51,0.805905401706696,3.37240099906921,8.25076198577881
"2024-04-11 05:16:46.0000",11.06,95.68,0.830629706382751,3.8261456489563,11.0677967071533
"2024-04-11 05:49:37.0000",11.42,95.1,0.84384697675705,3.19920372962952,7.59943294525146
"2024-04-11 06:19:20.0000",11.11,94.72,0.824360013008118,3.71945786476135,8.39199256896973
"2024-04-11 06:49:10.0000",11.06,94.86,0.985883295536041,4.33164119720459,9.34929752349854
"2024-04-11 07:19:02.0000",11.99,93.55,1.06470859050751,4.57388591766357,10.3099718093872
"2024-04-11 07:48:55.0000",12.63,93.26,0.0218104515224695,0.101093336939812,1.78230619430542
"2024-04-11 08:18:49.0000",14.91,88.26,1.21900725364685,4.685546875,8.74702644348145
"2024-04-11 08:48:41.0000",17.08,84.37,1.24043750762939,4.32635402679443,12.392617225647
"2024-04-11 09:18:29.0000",15.3,88.49,1.76919794082642,7.2793345451355,14.2834711074829
"2024-04-11 09:48:21.0000",16.37,87.48,1.85012781620026,5.51448678970337,11.8167009353638
"2024-04-11 10:18:16.0000",18.46,83.33,1.65746307373047,5.62859869003296,14.1979627609253
"2024-04-11 10:48:08.0000",19.65,80.86,1.54158115386963,4.9484715461731,8.97462463378906
"2024-04-11 11:17:59.0000",18.33,82.46,1.81161499023438,6.08659887313843,10.3088550567627
"2024-04-11 11:47:49.0000",18.99,81.62,1.8226124048233,6.30401515960693,12.4281911849976
"2024-04-11 12:17:44.0000",21.93,76.39,2.09581112861633,6.20243072509766,13.4455833435059
"2024-04-11 12:47:31.0000",19.36,78.54,3.17640852928162,10.263710975647,23.0505352020264
"2024-04-11 13:17:19.0000",18.52,78.59,3.08082890510559,11.3459806442261,22.9931221008301
"2024-04-11 13:47:10.0000",19.18,77.23,2.47806835174561,9.12215805053711,25.7351112365723
"2024-04-11 14:17:00.0000",18,77.44,1.50407493114471,5.19575929641724,12.1583709716797
"2024-04-11 14:46:50.0000",16.96,77.57,1.27576410770416,4.35095691680908,9.62289714813232
"2024-04-11 15:16:40.0000",16.03,78.26,1.20089399814606,5.18661880493164,15.6466455459595
"2024-04-11 15:46:30.0000",15.14,79,1.04746174812317,3.65000319480896,9.85475444793701
"2024-04-11 16:16:19.0000",13.71,81.18,2.05073595046997,8.20037841796875,22.1256694793701
"2024-04-11 16:46:07.0000",12.78,83.76,1.89905405044556,6.90528774261475,17.9883041381836
"2024-04-11 17:15:58.0000",12.41,85.34,2.24528026580811,8.89961433410645,23.593599319458
"2024-04-11 17:45:48.0000",12.4,86.35,2.38539099693298,8.131516456604,16.8216972351074
"2024-04-11 18:15:40.0000",12.48,87.78,0.110380776226521,0.527361392974854,2.55375385284424
"2024-04-11 18:45:31.0000",12.71,88.19,1.16783607006073,2.92680096626282,8.09969615936279
"2024-04-11 19:15:22.0000",12.87,88.69,0.604407727718353,1.13634753227234,3.27089238166809
"2024-04-11 19:45:15.0000",12.98,89.14,0.388482630252838,0.711798131465912,2.92839765548706
"2024-04-11 20:15:06.0000",12.96,89.31,0.207680225372314,0.484953641891479,2.3369824886322
"2024-04-11 20:44:57.0000",12.97,89.56,0.286533176898956,0.501403093338013,7.01217412948608
"2024-04-11 21:14:49.0000",13,89.81,0.310060828924179,1.04937243461609,3.76655340194702
"2024-04-11 21:44:40.0000",13.09,89.87,0.510185718536377,2.50428557395935,9.36637783050537
"2024-04-11 22:14:30.0000",12.8,90.05,0.75436794757843,2.45355248451233,6.49717950820923
"2024-04-11 22:44:21.0000",12.52,90.53,1.19564282894135,4.9919490814209,13.9909553527832
"2024-04-11 23:14:12.0000",12.49,90.79,1.04429531097412,3.50379943847656,12.0013780593872
"2024-04-11 23:44:03.0000",12.29,90.63,0.723141252994537,2.22723078727722,5.48792695999146
"2024-04-12 00:13:53.0000",11.73,90.14,0.437596946954727,0.823735952377319,5.0766282081604
"2024-04-12 00:43:42.0000",11.06,89.57,0.230920314788818,0.783872902393341,2.99771118164062
"2024-04-12 01:13:32.0000",10.68,89.2,0.275815188884735,0.764275908470154,2.57567405700684
"2024-04-12 01:43:22.0000",10.63,89.04,0.208827465772629,0.700042724609375,2.70087456703186
"2024-04-12 02:13:14.0000",10.74,88.29,0.0130413630977273,0.0922196581959724,1.7731306552887
"2024-04-12 02:43:04.0000",10.24,88.09,0.155318170785904,0.676439523696899,3.53317499160767
"2024-04-12 03:12:54.0000",9.89,88.49,0.905577003955841,4.16947364807129,10.0375213623047
"2024-04-12 03:42:44.0000",9.67,88.18,1.28353607654572,5.45302152633667,13.4022035598755
"2024-04-12 04:12:36.0000",9.67,88.19,0.945619821548462,3.76665186882019,6.67846155166626
"2024-04-12 04:42:27.0000",9.73,88.38,0.498511523008347,2.37838530540466,7.78270578384399
"2024-04-12 05:12:18.0000",10.2,88.15,0.695011734962463,3.27052092552185,6.74536991119385
"2024-04-12 05:42:09.0000",10.5,87.91,0.871485412120819,3.96099472045898,15.1710596084595
"2024-04-12 06:12:00.0000",10.55,87.52,0.996243536472321,4.84136867523193,15.5559282302856
"2024-04-12 06:41:52.0000",10.49,87.72,1.02148687839508,5.7199182510376,16.957103729248
"2024-04-12 07:11:44.0000",10.73,87.75,1.0490847826004,4.65683937072754,9.62070178985596
"2024-04-12 07:41:35.0000",11.28,87.24,0.906868994235992,3.73574709892273,10.7563676834106
"2024-04-12 08:11:28.0000",11.97,86.3,0.986166954040527,4.22077322006226,8.76539516448975
"2024-04-12 08:41:19.0000",12.25,85.82,1.12557911872864,4.46133852005005,19.1812515258789
"2024-04-12 09:11:10.0000",12.67,85.5,1.17179274559021,4.4450535774231,15.5084476470947
"2024-04-12 09:41:03.0000",13.2,85.15,1.51395297050476,5.40813159942627,13.158408164978
"2024-04-12 10:10:59.0000",15.77,80.79,2.41618776321411,10.9069929122925,26.732608795166
"2024-04-12 10:40:49.0000",15.42,81.97,2.02178168296814,8.87015151977539,23.7614860534668
"2024-04-12 11:10:40.0000",15.9,81.41,2.00809526443481,9.00198078155518,18.4751739501953
"2024-04-12 11:40:34.0000",18.13,78.2,1.99033153057098,8.64652156829834,21.0236568450928
"2024-04-12 12:02:48.0000",18.15,71.68,2.1851794719696,7.33643817901611,14.5002279281616
"2024-04-12 12:10:26.0000",17.31,78.92,2.20162892341614,9.53771209716797,18.0549144744873
"2024-04-12 12:40:17.0000",16.76,79.44,1.84512364864349,7.89014911651611,17.1657867431641
"2024-04-12 13:10:09.0000",16.78,78.74,1.98580610752106,7.20094776153564,14.9391069412231
"2024-04-12 13:40:00.0000",16.85,77.79,2.12784862518311,8.31092262268066,23.4801254272461
"2024-04-12 14:09:53.0000",16.5,77.21,1.69172501564026,5.84155893325806,18.8311672210693
"2024-04-12 14:39:44.0000",16.56,76.45,2.85683727264404,9.0587329864502,24.6987724304199
"2024-04-12 15:09:36.0000",16.65,75.5,2.196772813797,8.09685230255127,22.4970874786377
"2024-04-12 15:39:27.0000",16.79,75.3,1.7633957862854,7.09618759155273,20.9981365203857
"2024-04-12 16:09:19.0000",17.12,73.77,1.62915778160095,5.51126384735107,11.8421115875244
"2024-04-12 16:39:09.0000",16.82,72.05,1.56366050243378,5.45728921890259,15.7400779724121
"2024-04-12 17:08:59.0000",15.99,69.95,1.78567743301392,7.09333896636963,15.8230075836182
"2024-04-12 17:38:51.0000",15.58,69.97,2.74424076080322,9.06446933746338,24.6583843231201
"2024-04-12 18:08:41.0000",14.65,70.43,2.40561532974243,9.56737232208252,23.8347816467285
"2024-04-12 18:38:30.0000",13.6,70.95,2.12559461593628,8.76281356811523,19.5122184753418
"2024-04-12 19:08:20.0000",12.85,71.38,2.28409361839294,9.71653652191162,24.6571388244629
"2024-04-12 19:38:10.0000",12.44,71.7,1.97344851493835,8.2228307723999,19.3917655944824
"2024-04-12 20:08:01.0000",12.35,72.17,2.26327037811279,10.0363788604736,27.3173904418945
"2024-04-12 20:37:51.0000",12.03,72.66,2.56422162055969,9.21563816070557,17.9174003601074
"2024-04-12 21:07:41.0000",11.8,73.43,2.52804207801819,9.67058372497559,31.9303874969482
"2024-04-12 21:37:32.0000",11.61,74.07,0.0557085499167442,0.304169356822968,2.15592479705811
"2024-04-12 22:07:24.0000",11.37,74.74,2.59755325317383,12.2144813537598,26.9191627502441
"2024-04-12 22:37:15.0000",11.21,75.52,2.68487572669983,12.37659740448,28.4456882476807
"2024-04-12 23:07:06.0000",11.11,76.09,5.73524856567383,16.1676502227783,39.2760581970215
"2024-04-12 23:36:57.0000",10.99,76.7,0.217319756746292,0.933380544185638,2.86605477333069
"2024-04-13 00:06:47.0000",10.46,77.71,2.17180871963501,10.8225564956665,21.6102104187012
"2024-04-13 00:36:38.0000",10.26,78.38,2.20351529121399,9.13938808441162,20.843957901001
"2024-04-13 01:06:29.0000",9.98,79.16,1.40206968784332,5.41258716583252,12.139181137085
"2024-04-13 01:36:19.0000",9.82,79.79,1.04030525684357,4.75802421569824,10.2998838424683
"2024-04-13 02:06:10.0000",9.7,80.27,1.00899147987366,3.80289506912231,18.9747562408447
"2024-04-13 02:36:01.0000",9.65,80.91,0.757701098918915,3.8235604763031,11.6334581375122
"2024-04-13 03:05:53.0000",9.91,81.24,1.32119154930115,3.01397156715393,6.74896144866943
"2024-04-13 03:35:44.0000",9.98,81.5,0.454610407352448,1.52188086509705,5.37738418579102
"2024-04-13 04:05:36.0000",9.72,82.04,0.434271603822708,1.93645906448364,5.67037677764893
"2024-04-13 04:35:26.0000",9.5,82.61,0.436077564954758,1.72140574455261,4.69159460067749
"2024-04-13 05:05:17.0000",9.44,83.02,0.634239375591278,2.24069499969482,4.90600109100342
"2024-04-13 05:35:08.0000",9.07,83.72,1.6130108833313,6.10295581817627,14.3433923721313
"2024-04-13 06:04:58.0000",9.38,84.12,1.44229435920715,5.86180591583252,17.2776756286621
"2024-04-13 06:34:50.0000",9.88,83.99,1.29647791385651,4.50105857849121,9.17587566375732
"2024-04-13 07:04:44.0000",10.47,83.98,1.06547904014587,4.51026582717896,11.1355762481689
"2024-04-13 07:34:35.0000",11.24,83.68,0,,
"2024-04-13 08:04:28.0000",11.82,83.2,0.234166786074638,0.591242372989655,8.32473564147949
"2024-04-13 08:34:21.0000",12.21,83.07,0.197176292538643,0.703167676925659,6.72443866729736
"2024-04-13 09:04:11.0000",12.07,83.08,0.199261918663979,0.576902568340302,7.58492851257324
"2024-04-13 09:34:04.0000",13.04,82.56,0.187389060854912,0.802235007286072,3.24390435218811
"2024-04-13 10:03:55.0000",12.74,82.24,0.380366384983063,0.873850107192993,2.59681868553162
"2024-04-13 10:33:43.0000",11.57,84.14,0.238243862986565,0.758344233036041,3.03155207633972
"2024-04-13 11:03:35.0000",11.97,84.56,0.266723692417145,0.622210502624512,2.38808465003967
"2024-04-13 11:33:31.0000",13.97,82.6,0.208443865180016,0.644736707210541,2.8142626285553
"2024-04-13 12:03:22.0000",13.71,82.17,0.321568369865417,0.798186838626862,4.34315919876099
"2024-04-13 12:33:12.0000",14.24,83.06,0.547314167022705,1.13561975955963,3.8637797832489
"2024-04-13 13:03:06.0000",15.49,80.46,0.246590360999107,0.749758958816528,2.75111246109009
"2024-04-13 13:32:58.0000",16.64,78.56,0.453464537858963,1.39749383926392,5.10877370834351
"2024-04-13 14:02:49.0000",17.46,77.2,0.44078004360199,1.39527237415314,5.54579496383667
"2024-04-13 14:32:40.0000",17.63,75.03,0.813396811485291,2.09738087654114,11.2027082443237
"2024-04-13 15:02:32.0000",18.67,72.49,0.763702869415283,2.21819877624512,8.09405422210693
"2024-04-13 15:32:22.0000",16.37,71.32,2.16807293891907,5.92470216751099,11.7373876571655
"2024-04-13 16:02:04.0000",11.45,74.79,2.97455644607544,15.8385152816772,45.2861137390137
"2024-04-13 16:31:52.0000",10.14,79.11,2.99209523200989,14.1536741256714,38.008903503418
"2024-04-13 17:01:44.0000",10.46,79.87,2.89513421058655,13.4402742385864,28.8452816009521
"2024-04-13 17:31:35.0000",10.19,80.44,3.38526844978333,14.8513965606689,34.5836715698242
"2024-04-13 18:01:26.0000",10.36,80.84,2.8115246295929,12.4675540924072,42.4186859130859
"2024-04-13 18:31:16.0000",9.71,79.86,2.9446759223938,13.4466066360474,36.5892524719238
"2024-04-13 19:01:06.0000",9.13,79.4,2.94038534164429,13.8844776153564,33.0691452026367
"2024-04-13 19:30:56.0000",8.7,79.08,0.0420724414288998,0.201459243893623,1.9213205575943
"2024-04-13 20:00:47.0000",8.47,78.85,3.75043940544128,13.2296524047852,41.626838684082
"2024-04-13 20:30:38.0000",8.19,78.94,2.25443959236145,10.3032865524292,37.7051734924316
"2024-04-13 21:00:29.0000",8.14,78.91,2.26291036605835,9.89467430114746,28.0517826080322
"2024-04-13 21:30:21.0000",7.97,78.99,2.13269639015198,9.7713680267334,37.6245994567871
"2024-04-13 22:00:12.0000",7.82,79.06,2.20625567436218,11.1050434112549,31.547908782959
"2024-04-13 22:33:04.0000",7.96,79.11,1.94582056999207,9.98932647705078,32.187858581543
"2024-04-13 23:05:45.0000",7.64,78.99,2.14518475532532,10.4659614562988,35.7914543151855
"2024-04-13 23:35:27.0000",7,79.22,3.28717684745789,10.8017120361328,33.289680480957
"2024-04-14 00:05:18.0000",6.75,79.52,49.0798301696777,56.1236572265625,71.414176940918
"2024-04-14 00:35:08.0000",6.66,79.78,2.09616208076477,9.76042175292969,37.623908996582
"2024-04-14 01:04:59.0000",6.52,79.83,0.134110242128372,0.652384281158447,2.5702075958252
"2024-04-14 01:34:51.0000",6.48,80.06,0.0898382961750031,0.615282118320465,3.35987019538879
"2024-04-14 02:04:42.0000",6.29,80.18,0.0401447601616383,0.139613956212997,1.8211305141449
"2024-04-14 02:34:33.0000",6.24,80.45,0.045461643487215,0.431723266839981,4.00245094299316
"2024-04-14 03:04:24.0000",6.31,80.46,2.4749903678894,13.1948337554932,43.6783638000488
"2024-04-14 03:34:15.0000",6.07,80.8,0.0134976021945477,0.0676644369959831,1.74339830875397
"2024-04-14 04:04:05.0000",6.08,80.89,14.7666835784912,22.9169921875,42.0053405761719
"2024-04-14 04:33:55.0000",5.92,81.17,0.0243180226534605,0.077590748667717,1.75338363647461
"2024-04-14 05:03:46.0000",5.96,81.34,9.64286613464355,19.9648056030273,39.5330963134766
"2024-04-14 05:33:37.0000",5.93,81.69,2.94167804718018,12.8303642272949,33.3575325012207
"2024-04-14 06:03:27.0000",5.84,81.86,0.00486898142844439,0.0484350509941578,1.72379624843597
"2024-04-14 06:33:18.0000",6.06,82,2.66067337989807,12.3032741546631,40.3384819030762
"2024-04-14 07:03:10.0000",7.6,80.55,23.4067668914795,32.5351333618164,54.8848342895508
"2024-04-14 07:33:10.0000",10.84,73.88,2.43065285682678,11.8844432830811,36.5145950317383
"2024-04-14 08:02:57.0000",10.6,76.25,2.08191752433777,11.0292196273804,31.531831741333
"2024-04-14 08:32:59.0000",13.93,70.67,2.18296694755554,10.0824031829834,38.0923652648926
"2024-04-14 09:02:48.0000",13.43,72.02,2.06117939949036,10.3262214660645,32.5837135314941
"2024-04-14 09:32:40.0000",13.28,73.13,2.18561339378357,10.5399608612061,24.728687286377
"2024-04-14 10:02:32.0000",13.6,72.85,1.90138351917267,9.55013370513916,37.8175277709961
"2024-04-14 10:32:26.0000",15.31,69.34,1.71114635467529,7.56588363647461,19.444314956665
"2024-04-14 11:02:20.0000",16.35,68.08,1.74969470500946,6.68083333969116,20.4624557495117
"2024-04-14 11:32:11.0000",16.74,67.78,1.74168682098389,6.98748731613159,20.620174407959
"2024-04-14 12:01:58.0000",14.83,70,1.29956090450287,4.75088024139404,12.6135969161987
"2024-04-14 12:31:49.0000",14.5,70.11,1.53918921947479,6.26791572570801,15.5722036361694
"2024-04-14 13:01:36.0000",13.42,70.91,1.42083990573883,6.35284423828125,16.8634643554688
"2024-04-14 13:31:26.0000",13.12,71.79,1.78666341304779,7.52676057815552,26.2600212097168
"2024-04-14 14:01:22.0000",15.22,68.59,0.162647813558578,0.586947381496429,2.45712995529175
"2024-04-14 14:31:12.0000",15.17,68.11,1.0316104888916,4.02736186981201,22.8639049530029
"2024-04-14 15:01:04.0000",15.02,66.41,1.34865379333496,5.45592212677002,16.0846576690674
"2024-04-14 15:30:52.0000",12.76,66.72,1.43248224258423,5.56462430953979,14.7908601760864
"2024-04-14 16:00:42.0000",12.37,66.3,1.04798913002014,4.56683254241943,16.3945941925049
"2024-04-14 16:30:30.0000",11.69,66.43,1.06894600391388,5.21134662628174,21.1646556854248
"2024-04-14 17:00:21.0000",11.4,66.79,1.92669475078583,6.29931306838989,18.1420001983643
"2024-04-14 17:30:12.0000",10.68,66.96,1.31367647647858,4.86251831054688,15.5336837768555
"2024-04-14 18:00:03.0000",10.49,67.59,1.30068504810333,5.50008773803711,14.7910680770874
"2024-04-14 18:32:54.0000",10.3,67.77,1.46677649021149,6.42083215713501,19.6881656646729
"2024-04-14 19:02:35.0000",8.88,68.92,1.5153443813324,6.29297208786011,16.5986614227295
"2024-04-14 19:35:25.0000",8.68,70.21,1.66989970207214,6.35843992233276,11.1520919799805
"2024-04-14 20:05:06.0000",8.47,70.94,1.53611171245575,6.48888349533081,18.0964756011963
"2024-04-14 20:34:58.0000",8.65,71.5,1.58053505420685,7.32026052474976,17.8232860565186
"2024-04-14 21:04:50.0000",8.63,72.18,4.55711650848389,11.6206655502319,28.3597106933594
"2024-04-14 21:34:42.0000",8.59,72.92,1.66119050979614,7.19901132583618,19.2760238647461
"2024-04-14 22:04:34.0000",8.3,73.82,1.78143489360809,8.25895500183105,15.3910074234009
"2024-04-14 22:34:25.0000",8.28,75.07,1.91502809524536,8.05642318725586,18.3073959350586
"2024-04-14 23:04:16.0000",8.49,75.23,1.76622295379639,8.28630924224854,19.7476406097412
"2024-04-14 23:34:07.0000",8.67,75.78,2.00772142410278,7.58843994140625,12.6525411605835
"2024-04-15 00:03:56.0000",7.81,77.35,2.02994322776794,8.96745586395264,26.3468761444092
"2024-04-15 00:33:47.0000",7.55,79.02,11.3447561264038,18.8216762542725,26.8582630157471
"2024-04-15 01:03:39.0000",7.55,79.55,20.8786067962646,26.6534099578857,35.7371635437012
"2024-04-15 01:36:30.0000",7.87,79.42,2.0198016166687,5.7281322479248,10.6298856735229
"2024-04-15 02:06:12.0000",7.69,79.04,22.3232936859131,27.1328296661377,39.8715896606445
"2024-04-15 02:36:02.0000",7.85,78.92,2.65639042854309,8.24332523345947,16.5219821929932
"2024-04-15 03:05:53.0000",8.12,78.91,2.2445924282074,8.68340492248535,18.0052871704102
"2024-04-15 03:35:45.0000",8.16,78.46,6.39960384368896,12.2928485870361,24.40989112854
"2024-04-15 04:05:36.0000",7.1,79.96,25.4557132720947,34.4119873046875,51.9835166931152
"2024-04-15 04:35:26.0000",6.16,81.44,36.0836448669434,50.4544296264648,80.2985076904297
"2024-04-15 05:11:12.0000",5.16,82.18,1.39206862449646,8.58845138549805,34.0219306945801
"2024-04-15 05:40:51.0000",4.79,83.55,2.08228468894958,9.88649463653564,24.0172309875488
"2024-04-15 06:10:44.0000",5.08,83.57,2.52429986000061,11.7606811523438,48.6319313049316
"2024-04-15 06:40:36.0000",5.52,83.72,2.12002301216125,10.7136611938477,40.9897079467773
"2024-04-15 07:10:29.0000",6.1,83.13,328.584747314453,673.021362304688,723.221252441406
"2024-04-15 07:40:20.0000",6.32,81.92,0.0389816761016846,0.332262516021729,2.55348110198975
"2024-04-15 08:10:15.0000",7.72,78.68,2.85318541526794,14.5178594589233,43.1254234313965
"2024-04-15 08:40:07.0000",9.44,75.16,2.53502988815308,10.5188312530518,29.6806907653809
"2024-04-15 09:09:58.0000",7.98,75,4.85967302322388,14.4185705184937,36.9411544799805
"2024-04-15 09:39:45.0000",5.82,77.44,359.839935302734,504.273101806641,536.6767578125
"2024-04-15 10:12:38.0000",7.56,76.57,2.25582122802734,9.21460056304932,20.217601776123
"2024-04-15 10:42:21.0000",7.98,76.92,3.16052770614624,13.3998136520386,31.4329109191895
"2024-04-15 11:12:13.0000",7.9,75.9,3.06594467163086,14.2512712478638,49.5136528015137
"2024-04-15 11:42:00.0000",5.72,79.27,3.40610408782959,17.1360836029053,40.935230255127
"2024-04-15 12:11:53.0000",7.18,79.85,2.59089779853821,13.0402269363403,42.5373573303223
"2024-04-15 12:41:49.0000",10.09,76.7,2.47672724723816,10.9290246963501,26.9130268096924
"2024-04-15 13:11:44.0000",11.13,75.62,2.71596145629883,10.5743141174316,26.844310760498
"2024-04-15 13:41:38.0000",13.08,73.63,1.89164483547211,7.13966131210327,25.4165916442871
"2024-04-15 14:11:30.0000",13.71,71.75,2.82535004615784,12.7374706268311,49.6451072692871
"2024-04-15 14:41:20.0000",12.91,70.94,3.11573719978333,12.7002067565918,38.256950378418
"2024-04-15 15:11:11.0000",12.51,71.06,2.60905909538269,9.97365093231201,27.1289501190186
"2024-04-15 15:40:59.0000",10.81,70.9,2.83765554428101,12.5509357452393,33.2234306335449
"2024-04-15 16:10:50.0000",11.45,70.6,3.29052448272705,14.7424402236938,48.9627380371094
"2024-04-15 16:40:43.0000",12.63,69.73,2.90150141716003,12.3122692108154,36.6435279846191
"2024-04-15 17:10:30.0000",9.48,68.98,3.0994393825531,12.8353672027588,29.6051559448242
"2024-04-15 17:40:19.0000",8.51,69.58,3.226078748703,14.6746740341187,40.0190773010254
"2024-04-15 18:10:07.0000",7.55,70.94,3.72441077232361,16.5264015197754,35.4060745239258
"2024-04-15 18:39:55.0000",6.86,73.29,2.44084668159485,10.6381521224976,23.0582809448242
"2024-04-15 19:18:49.0000",8.18,72.1,2.76276588439941,12.8635482788086,53.4413566589355
"2024-04-15 19:48:28.0000",6.82,74.77,2.63506579399109,11.5761442184448,41.8720397949219
"2024-04-15 20:18:17.0000",6.84,75.91,3.51635503768921,15.7074670791626,51.8956871032715
"2024-04-15 20:48:09.0000",7.4,76.02,3.18581604957581,14.3957319259644,38.9155387878418
"2024-04-15 21:18:00.0000",6.98,76.98,4.92963075637817,24.6699848175049,60.4036483764648
"2024-04-15 21:53:52.0000",7.85,77.61,5.11720418930054,24.9681015014648,61.5428657531738
"2024-04-15 22:23:33.0000",7.67,79.24,1.39981031417847,2.61723065376282,8.81089878082275
"2024-04-15 22:53:22.0000",7.88,79.64,50.5603675842285,67.5283432006836,104.748970031738
"2024-04-15 23:23:13.0000",7.94,79.88,28.2322120666504,47.2788963317871,100.694473266602
"2024-04-15 23:53:05.0000",7.85,80.23,26.9740180969238,46.3130760192871,79.8074264526367
"2024-04-16 00:22:56.0000",7.87,80.36,26.3431854248047,44.3481369018555,75.7173233032227
"2024-04-16 00:52:48.0000",7.82,80.66,27.3814888000488,45.9313011169434,87.1704330444336
"2024-04-16 01:22:39.0000",7.8,80.94,31.1965942382812,48.576530456543,89.5552978515625
"2024-04-16 01:52:29.0000",7.79,81.05,29.3881092071533,48.918514251709,87.4950103759766
"2024-04-16 02:22:22.0000",7.73,81.21,29.8457336425781,50.6223831176758,94.6767730712891
"2024-04-16 02:52:13.0000",7.53,81.61,33.8722534179688,46.9268226623535,75.3010635375977
"2024-04-16 03:22:05.0000",7.51,81.67,22.8661022186279,23.5945568084717,25.9959945678711
"2024-04-16 03:51:56.0000",7.47,81.77,32.558536529541,47.9686965942383,83.8418121337891
"2024-04-16 04:21:47.0000",7.5,81.71,33.3487281799316,46.8155670166016,73.2655334472656
"2024-04-16 04:51:38.0000",7.52,81.74,3.81959986686707,17.4547748565674,45.6669998168945
"2024-04-16 05:21:30.0000",7.47,81.8,0.305357873439789,1.0608743429184,4.12349224090576
"2024-04-16 05:51:21.0000",7.56,81.65,14.4325914382935,25.856107711792,46.336597442627
"2024-04-16 06:21:12.0000",7.61,81.4,0.369847178459167,2.3714485168457,18.0038928985596
"2024-04-16 06:51:02.0000",8.16,80.68,3.21971464157104,15.0815162658691,46.5179023742676
"2024-04-16 07:21:01.0000",11.78,73.59,0.0425363667309284,0.346362560987473,2.20852708816528
"2024-04-16 07:50:54.0000",11.87,72.88,2.95011448860168,13.9199705123901,60.0543060302734
"2024-04-16 08:20:40.0000",9.65,76.92,2.83611106872559,13.6840877532959,55.4683494567871
"2024-04-16 08:50:31.0000",10.05,76.26,2.68689823150635,12.4202861785889,36.8180313110352
"2024-04-16 09:20:22.0000",9.9,76.26,2.40550518035889,11.3025007247925,47.0481071472168
"2024-04-16 09:50:17.0000",11.22,73.9,2.00221347808838,10.3551330566406,27.6679496765137
"2024-04-16 10:20:07.0000",11.69,74,1.98113238811493,9.51503467559814,33.2828140258789
"2024-04-16 10:50:02.0000",13.72,72.34,1.91257810592651,9.39982318878174,21.5744132995605
"2024-04-16 11:19:56.0000",15.17,69.77,2.00180411338806,9.10312175750732,23.6544456481934
"2024-04-16 11:49:51.0000",16.06,67.43,1.86384379863739,8.5857458114624,26.6605739593506
"2024-04-16 12:19:44.0000",16.99,66.68,1.64026725292206,7.04861879348755,18.9856662750244
"2024-04-16 12:49:35.0000",16.84,66.17,1.61476457118988,6.94729137420654,27.2901401519775
"2024-04-16 13:19:27.0000",17.42,65.8,1.47267782688141,6.33544921875,29.9519348144531
"2024-04-16 13:49:18.0000",17.34,65.55,1.59533977508545,7.1157922744751,18.3296279907227
"2024-04-16 14:19:09.0000",17.51,64.93,2.01320624351501,9.2911434173584,39.0681838989258
"2024-04-16 14:49:00.0000",17.29,65.04,1.81981921195984,7.97822666168213,28.8243465423584
"2024-04-16 15:18:50.0000",16.9,64.24,1.82509350776672,8.36585235595703,28.2595062255859
"2024-04-16 15:48:40.0000",17.06,63.01,1.7050187587738,7.0706033706665,33.8234825134277
"2024-04-16 16:18:30.0000",16.47,63.28,1.4838308095932,7.02962732315063,21.0144367218018
"2024-04-16 16:48:18.0000",14.85,63.65,1.5298318862915,7.8180570602417,25.5058174133301
"2024-04-16 17:18:04.0000",10.97,63.69,1.68207788467407,7.85651636123657,17.9509201049805
"2024-04-16 17:47:54.0000",11.41,66.03,1.90679585933685,8.00515460968018,19.9228267669678
"2024-04-16 18:17:43.0000",9.87,65.24,2.02268958091736,9.31038761138916,24.8302021026611
"2024-04-16 18:50:32.0000",9,66.4,2.19548559188843,11.362377166748,30.328125
"2024-04-16 19:20:14.0000",7.96,67.26,0.09690210968256,0.315776437520981,2.43359112739563
"2024-04-16 19:50:04.0000",7.36,68.14,2.0471715927124,10.3307342529297,52.914966583252
"2024-04-16 20:22:54.0000",7.26,68.96,2.28577780723572,12.3373889923096,44.2436218261719
"2024-04-16 20:55:37.0000",7.04,69.59,2.09570908546448,11.3760328292847,33.8190460205078
"2024-04-16 21:25:18.0000",6.91,70.17,1.61443674564362,8.18523693084717,21.6499156951904
"2024-04-16 21:55:08.0000",6.96,70.44,1.69562816619873,9.00387287139893,30.3230686187744
"2024-04-16 22:24:58.0000",7.11,70.99,1.79546177387238,9.39085865020752,28.9528541564941
"2024-04-16 22:54:49.0000",7.03,71.23,0.0131472526118159,0.191695392131805,2.00880336761475
"2024-04-16 23:24:39.0000",6.69,71.52,2.00925230979919,9.75602531433105,43.5091934204102
"2024-04-17 00:00:31.0000",6.99,70.98,1.98588371276855,10.2614049911499,31.1089096069336
"2024-04-17 00:30:12.0000",6.6,71.75,0.180981412529945,0.786380350589752,3.31029653549194
"2024-04-17 01:00:02.0000",5.92,72.31,0.0048685846850276,0.148811787366867,1.96045112609863
"2024-04-17 01:32:53.0000",6.07,72.91,1.92181634902954,9.588623046875,19.6720161437988
"2024-04-17 02:02:35.0000",5.79,73.31,1.72335970401764,9.53324127197266,32.9244270324707
"2024-04-17 02:41:27.0000",6.49,71.94,1.53566074371338,8.71134471893311,24.7739944458008
"2024-04-17 03:11:06.0000",5.58,73.59,1.69735598564148,8.34690761566162,22.63037109375
"2024-04-17 03:40:57.0000",5.48,73.95,1.44857919216156,7.09872770309448,15.0550308227539
"2024-04-17 04:10:47.0000",5.48,74.25,1.433149933815,6.99026775360107,22.9889335632324
"2024-04-17 04:43:38.0000",5.83,74.18,1.21965849399567,5.99020862579346,12.0447959899902
"2024-04-17 05:13:19.0000",5.33,74.18,0.0619686618447304,0.526375412940979,2.89071035385132
"2024-04-17 05:43:11.0000",5.49,74.2,0.887497544288635,4.1263599395752,11.0639982223511
"2024-04-17 06:13:02.0000",5.61,74.15,0.0426914542913437,0.315516024827957,2.43925476074219
"2024-04-17 06:42:54.0000",6.05,73.91,1.40914928913116,6.84068298339844,30.8603687286377
"2024-04-17 07:12:51.0000",9.33,67.66,1.28332769870758,5.83525085449219,30.3981800079346
"2024-04-17 07:42:41.0000",9.08,68.59,1.34021687507629,7.13910818099976,18.1668529510498
"2024-04-17 08:12:41.0000",12.26,63.13,1.18591022491455,5.64630079269409,18.4321327209473
"2024-04-17 08:42:37.0000",14.5,60.51,1.42669594287872,6.03661775588989,21.5509872436523
"2024-04-17 09:12:31.0000",15.9,60.17,1.5217992067337,6.42193174362183,30.3268146514893
"2024-04-17 09:42:18.0000",12.35,63.06,1.77056241035461,8.85079193115234,19.7588348388672
"2024-04-17 10:12:07.0000",12.89,62.93,1.58855867385864,6.82176399230957,29.6457328796387
"2024-04-17 10:42:00.0000",13.24,61.67,1.30096817016602,6.10962581634521,28.888599395752
"2024-04-17 11:11:53.0000",14.47,59.83,1.44915914535522,6.6196174621582,31.0408878326416
"2024-04-17 11:41:44.0000",14.58,59.75,1.70155549049377,7.3477349281311,27.7351055145264
"2024-04-17 12:11:36.0000",14.69,58.74,1.55344200134277,5.65657806396484,14.0525760650635
"2024-04-17 12:41:28.0000",14.8,58.09,1.32573747634888,5.77253580093384,17.6695976257324
"2024-04-17 13:11:19.0000",14.02,57.96,1.39454627037048,6.11511468887329,23.2656021118164
"2024-04-17 13:41:06.0000",14.34,60.44,1.4700973033905,6.05999612808228,19.582447052002
"2024-04-17 14:10:58.0000",14.78,59.74,1.37230122089386,7.24050760269165,32.5313835144043
"2024-04-17 14:43:53.0000",16.17,58.61,1.55103993415833,6.66768360137939,32.46142578125
"2024-04-17 15:13:35.0000",15.15,59.08,0.00097394670592621,0.0445065759122372,1.72012639045715
"2024-04-17 15:43:27.0000",14.61,59.06,1.41672074794769,6.61609029769897,17.4823455810547
"2024-04-17 16:13:15.0000",12.96,59.32,1.23997795581818,5.15086460113525,13.1335859298706
"2024-04-17 16:43:08.0000",14.42,60.39,1.41629338264465,6.86928081512451,25.2775783538818
"2024-04-17 17:12:56.0000",11.3,60.15,0.0681958794593811,0.337303072214127,2.45677089691162
"2024-04-17 17:42:44.0000",10.54,63.62,1.34159588813782,6.05401229858398,27.327543258667
"2024-04-17 18:12:36.0000",9.75,62.02,1.38979864120483,6.82397270202637,22.5499706268311
"2024-04-17 18:42:24.0000",8.85,62.85,1.25181376934052,5.89201688766479,15.8431091308594
"2024-04-17 19:12:15.0000",8.47,63.13,1.43271446228027,5.79658937454224,16.6555461883545
"2024-04-17 19:42:04.0000",7.34,64.43,1.51232504844666,6.6088399887085,20.6913375854492
"2024-04-17 20:20:54.0000",7.7,63.82,1.49601864814758,6.94436359405518,27.1111526489258
"2024-04-17 20:50:31.0000",6.31,66.04,1.2498152256012,5.08756351470947,15.1644153594971
"2024-04-17 21:20:22.0000",5.76,66.47,0.947755396366119,3.9305624961853,12.1308860778809
"2024-04-17 21:50:12.0000",5.24,66.68,0,,
"2024-04-17 22:58:53.0000",5.13,65.59,0.905726432800293,3.9996349811554,13.1269330978394
"2024-04-17 23:28:32.0000",3.79,67.35,0.929960787296295,3.3755316734314,7.86658096313477
"2024-04-17 23:58:20.0000",3.11,68.02,1.14648687839508,4.61720561981201,10.4681854248047
"2024-04-18 00:28:10.0000",2.48,68.52,0.978568255901337,4.46701908111572,12.4917325973511
"2024-04-18 00:58:02.0000",2.59,68.68,0.95931750535965,3.66376280784607,11.9773502349854
"2024-04-18 01:27:52.0000",2.36,68.99,0.801907062530518,3.5675106048584,9.00754261016846
"2024-04-18 01:57:44.0000",2.01,69.32,1.3139363527298,5.84861850738525,17.3405055999756
"2024-04-18 02:27:34.0000",1.77,70.2,1.14332067966461,3.92475152015686,11.4818286895752
"2024-04-18 02:57:26.0000",2,70.34,1.28046381473541,4.95910596847534,13.7170581817627
"2024-04-18 03:27:16.0000",1.84,70.5,1.51087248325348,5.59810781478882,12.4293260574341
"2024-04-18 03:57:07.0000",1.75,71.03,1.85458731651306,6.24269819259644,19.5529727935791
"2024-04-18 04:26:58.0000",1.71,71.49,1.88544583320618,7.18021678924561,28.3167381286621
"2024-04-18 04:56:49.0000",1.3,72.13,1.72652101516724,8.32045745849609,24.0732002258301
"2024-04-18 05:26:39.0000",1.28,72.53,1.56037437915802,5.94354295730591,25.3239212036133
"2024-04-18 05:56:31.0000",2.31,72.81,1.46846091747284,5.97331428527832,18.3423442840576
"2024-04-18 06:26:25.0000",3.23,72.36,1.54325807094574,5.3898983001709,10.4221591949463
"2024-04-18 06:59:19.0000",7.94,65.72,1.37986123561859,5.65853881835938,15.1270942687988
"2024-04-18 07:29:08.0000",9.4,64.43,1.28894853591919,5.65789651870728,23.8852005004883
"2024-04-18 07:58:59.0000",10.88,63.31,1.24390804767609,4.75973749160767,14.5737895965576
"2024-04-18 08:28:53.0000",13.4,60.59,1.04388046264648,4.26304721832275,16.4093647003174
"2024-04-18 08:58:51.0000",14.53,60.57,0,0.0435210578143597,1.71908187866211
"2024-04-18 09:28:35.0000",11.42,65.89,1.37355518341064,5.56820154190063,14.7665977478027
"2024-04-18 09:58:25.0000",10.85,67.31,1.3440945148468,5.471595287323,12.1926641464233
"2024-04-18 10:28:18.0000",11.25,67.2,1.34554767608643,6.53611660003662,19.0439109802246
"2024-04-18 10:58:10.0000",12.14,66.64,1.19124686717987,4.61413717269897,17.5452671051025
"2024-04-18 11:28:01.0000",12.23,66.99,1.50304543972015,5.38717174530029,26.3608798980713
"2024-04-18 11:57:57.0000",13.84,64.67,1.41298389434814,4.96699047088623,15.4793634414673
"2024-04-18 12:27:47.0000",12.77,64.71,1.33014929294586,4.5986442565918,17.2785720825195
"2024-04-18 12:57:36.0000",11.45,66.19,1.26576733589172,4.68634033203125,13.4118947982788
"2024-04-18 13:27:24.0000",9.78,67.02,1.13467192649841,4.41909217834473,16.9585742950439
"2024-04-18 13:57:13.0000",8.71,68.38,1.08030676841736,3.58152985572815,8.27516269683838
"2024-04-18 14:27:03.0000",7.99,70.17,1.24779105186462,4.54292011260986,13.0062665939331
"2024-04-18 14:56:53.0000",7.84,71.63,1.52043998241425,5.08591508865356,10.2314043045044
"2024-04-18 15:26:45.0000",7.86,72.48,1.4683278799057,4.86364459991455,14.2826128005981
"2024-04-18 15:56:37.0000",8.01,73.15,1.05230093002319,3.85326647758484,12.7919445037842
"2024-04-18 16:26:27.0000",7.72,74.24,1.59854054450989,5.70388698577881,14.7799081802368
"2024-04-18 16:56:18.0000",7.78,75.19,1.52057147026062,5.20675182342529,9.42179107666016
"2024-04-18 17:26:10.0000",7.91,75.77,1.53108024597168,5.72085189819336,21.3132972717285
"2024-04-18 17:56:00.0000",7.89,76.5,1.85731172561646,8.36884689331055,28.6981468200684
"2024-04-18 18:25:51.0000",7.88,77.47,1.7996860742569,7.33771800994873,21.1567878723145
"2024-04-18 18:55:44.0000",8.06,78.04,1.60299563407898,7.7876148223877,28.5985698699951
"2024-04-18 19:25:36.0000",8.27,78.58,2.07123613357544,9.97999954223633,22.4626941680908
"2024-04-18 19:55:27.0000",8.59,79.04,2.35670900344849,11.4897785186768,31.1517887115479
"2024-04-18 20:25:19.0000",8.7,79.52,2.60577011108398,13.1986379623413,33.1601257324219
"2024-04-18 20:55:08.0000",8.36,80.39,3.66535091400146,18.5352916717529,65.2930679321289
"2024-04-18 21:24:58.0000",8.27,81.12,3.25675392150879,19.14306640625,63.6429481506348
"2024-04-18 21:54:49.0000",8.27,81.77,2.84344363212585,14.9173746109009,37.4847831726074
"2024-04-18 22:24:40.0000",8.62,81.42,3.20561265945435,16.3007202148438,42.2496604919434
"2024-04-18 22:54:31.0000",8.67,81.43,3.44140887260437,17.4036254882812,52.2521438598633
"2024-04-18 23:27:23.0000",8.96,81.62,3.31869626045227,17.2665519714355,52.5548400878906
"2024-04-18 23:57:06.0000",8.64,82.11,3.81548738479614,20.9450702667236,57.4824371337891
"2024-04-19 00:26:57.0000",8.53,82.47,0.0311094913631678,0.645638883113861,5.15219593048096
"2024-04-19 00:56:47.0000",8.51,82.62,3.70033574104309,22.3480072021484,75.5425033569336
"2024-04-19 01:26:39.0000",8.56,82.77,3.59941506385803,19.3403491973877,52.8517570495605
"2024-04-19 01:59:30.0000",8.89,82.71,2.83093643188477,15.2332944869995,44.7814407348633
"2024-04-19 02:29:12.0000",8.53,83.17,2.68058562278748,15.1685180664062,41.4754943847656
"2024-04-19 02:59:02.0000",8.51,83.63,0.0434779860079288,0.169007197022438,1.85565006732941
"2024-04-19 03:28:52.0000",8.53,83.67,2.09483504295349,11.9480638504028,32.7691040039062
"2024-04-19 03:58:43.0000",8.46,84.11,2.4870719909668,12.7788228988647,23.6435947418213
"2024-04-19 04:28:33.0000",8.47,84.31,2.66457152366638,14.6128072738647,42.7400970458984
"2024-04-19 04:58:25.0000",8.54,84.51,0.192316442728043,1.50684249401093,7.58817005157471
"2024-04-19 05:28:16.0000",8.63,84.75,2.50042605400085,13.0866975784302,35.4502601623535
"2024-04-19 05:58:06.0000",8.23,85.44,2.4776451587677,14.176589012146,48.1385688781738
"2024-04-19 06:27:56.0000",8.09,86.44,2.09726929664612,13.71692943573,56.3198509216309
"2024-04-19 06:57:50.0000",8.22,86.18,2.13190984725952,12.0132064819336,39.8302803039551
"2024-04-19 07:27:41.0000",8.1,86.59,1.33720541000366,7.76292991638184,23.6352844238281
"2024-04-19 07:57:33.0000",8.34,86.46,1.50888752937317,8.2786979675293,26.89035987854
"2024-04-19 08:27:23.0000",8.63,86.45,1.42089974880219,8.41189289093018,26.9512195587158
"2024-04-19 08:57:17.0000",10.69,84.8,1.16238331794739,5.70071077346802,10.7073650360107
"2024-04-19 09:27:15.0000",14.39,75.93,2.12815594673157,10.2572154998779,31.0007095336914
"2024-04-19 09:57:07.0000",14.65,75.18,2.50332808494568,12.441086769104,36.6776313781738
"2024-04-19 10:26:58.0000",15.11,73.12,2.1417601108551,9.72508144378662,29.2435092926025
"2024-04-19 10:56:50.0000",15.29,71.2,2.5642728805542,10.6562604904175,31.0867099761963
"2024-04-19 11:26:41.0000",15.67,70.82,2.91019558906555,11.1135311126709,32.8688621520996
"2024-04-19 11:56:33.0000",16.38,69.39,23.5960674285889,30.5368175506592,67.3418197631836
"2024-04-19 12:26:25.0000",16.64,68.33,3.8480167388916,10.5805234909058,26.3338069915771
"2024-04-19 12:56:19.0000",17.57,67.86,4.43160390853882,12.2456922531128,32.253604888916
"2024-04-19 13:26:12.0000",18.04,66.98,3.91231369972229,10.979284286499,36.4286804199219
"2024-04-19 13:56:04.0000",18.62,66.7,4.79715871810913,11.7336645126343,39.6541900634766
"2024-04-19 14:25:54.0000",18.33,66.34,4.44178199768066,10.5898466110229,19.3197021484375
"2024-04-19 14:55:44.0000",18.05,65.83,4.53442716598511,11.1638793945312,27.0276889801025
"2024-04-19 15:25:35.0000",18.14,65.3,0.135124698281288,0.279178708791733,1.96633672714233
"2024-04-19 15:55:24.0000",17.43,65.24,4.61498594284058,12.3326292037964,30.0289077758789
"2024-04-19 16:25:16.0000",16.88,64.83,4.23709344863892,10.8709926605225,36.4269714355469
"2024-04-19 16:55:05.0000",15.87,64.91,4.43414735794067,12.7048997879028,30.6554145812988
"2024-04-19 17:24:49.0000",11.47,65.73,4.78562831878662,14.1480808258057,31.4035606384277
"2024-04-19 17:54:41.0000",12.53,66.73,4.07782554626465,12.9928922653198,30.2010936737061
"2024-04-19 18:24:27.0000",10.67,67.42,4.22741222381592,13.6546049118042,46.0925827026367
"2024-04-19 18:54:18.0000",10.43,67.55,2.08263731002808,4.91374921798706,10.4350805282593
"2024-04-19 19:24:06.0000",9.35,68.36,1.28931307792664,3.65047121047974,7.9526629447937
"2024-04-19 19:53:55.0000",8.62,69.13,2.71627235412598,7.60986089706421,30.5609436035156
"2024-04-19 20:26:45.0000",8.18,69.91,3.22945165634155,10.0220537185669,42.8761291503906
"2024-04-19 20:56:27.0000",7.35,70.49,1.89814972877502,7.45431137084961,23.0392417907715
"2024-04-19 21:26:16.0000",6.58,70.79,0.0318915247917175,0.08725406229496,1.76294410228729
"2024-04-19 21:56:05.0000",5.92,70.85,1.62474858760834,6.25202226638794,14.4244890213013
"2024-04-19 22:25:54.0000",5.4,71.11,2.17645359039307,7.42963218688965,17.5260143280029
"2024-04-19 23:01:45.0000",5.64,70.37,1.83303785324097,7.13243246078491,16.0019836425781
"2024-04-19 23:31:23.0000",4.49,71.41,350.759979248047,546.525024414062,565.190856933594
"2024-04-20 00:01:14.0000",4.1,71.89,1.97227823734283,6.39328718185425,24.2676219940186
"2024-04-20 00:34:06.0000",4.16,72.03,1.96878468990326,6.43872833251953,10.6333074569702
"2024-04-20 01:03:47.0000",3.83,72.22,1.75913465023041,6.19490003585815,17.4550380706787
"2024-04-20 01:33:37.0000",3.59,72.44,1.96747529506683,6.96695613861084,24.4343528747559
"2024-04-20 02:03:28.0000",3.28,72.66,1.80449676513672,6.37614297866821,26.8776931762695
"2024-04-20 02:33:18.0000",2.94,72.81,1.99980211257935,6.87338161468506,18.1564483642578
"2024-04-20 03:03:10.0000",2.81,72.93,1.97162783145905,7.85107517242432,22.5100059509277
"2024-04-20 03:32:59.0000",2.45,73.25,307.265655517578,642.622924804688,696.01904296875
"2024-04-20 04:02:50.0000",2.25,73.47,2.13090252876282,8.19385814666748,25.4169616699219
"2024-04-20 04:32:40.0000",1.64,74.04,2.06009960174561,7.78683853149414,21.6740417480469
"2024-04-20 05:02:31.0000",1.85,74.44,2.59686326980591,7.62226009368896,21.7698440551758
"2024-04-20 05:32:23.0000",2.31,74.79,336.875579833984,644.1552734375,705.232482910156
"2024-04-20 06:02:13.0000",2.62,75.28,3.68460369110107,10.9812602996826,25.524995803833
"2024-04-20 06:32:07.0000",3.33,75.81,3.35007238388062,10.5128755569458,30.6258563995361
"2024-04-20 07:02:06.0000",10.17,64.8,2.12400841712952,7.0375542640686,14.4237012863159
"2024-04-20 07:32:05.0000",13.99,59.72,1.44316303730011,5.16420364379883,12.8178586959839
"2024-04-20 08:01:56.0000",14.38,60.11,1.51889991760254,5.86224746704102,15.8582754135132
"2024-04-20 08:31:40.0000",10.95,66.38,1.22432506084442,4.86782741546631,10.5787057876587
"2024-04-20 09:01:30.0000",10.95,67.68,1.38706004619598,5.49014759063721,13.9253482818604
"2024-04-20 09:31:24.0000",12.14,66.46,1.16659569740295,3.80873227119446,9.66365623474121
"2024-04-20 10:01:20.0000",15.67,61.35,1.24832355976105,4.15543460845947,8.77179145812988
"2024-04-20 10:31:14.0000",16.66,60.58,0.00681795040145516,0.0504129007458687,1.72611236572266
"2024-04-20 11:01:05.0000",17.88,60.81,1.3204710483551,3.99263596534729,15.9975051879883
"2024-04-20 11:30:57.0000",17.88,59.34,1.06779730319977,2.88369703292847,8.1167459487915
"2024-04-20 12:00:48.0000",16.14,59.82,1.04193210601807,3.78262972831726,7.6898250579834
"2024-04-20 12:30:36.0000",15.55,60.13,1.02938342094421,3.46023082733154,11.7103490829468
"2024-04-20 13:00:28.0000",15.73,59.26,1.01352906227112,3.25091576576233,6.53136587142944
"2024-04-20 13:30:22.0000",18.85,57.54,1.01612782478333,3.24399948120117,10.4552536010742
"2024-04-20 14:00:16.0000",19.54,57.01,1.22170722484589,4.1032452583313,10.3369159698486
"2024-04-20 14:30:08.0000",19.61,57.3,1.14460754394531,3.70593929290771,13.0953245162964
"2024-04-20 14:59:59.0000",20.3,56.52,1.01786994934082,3.07411980628967,16.1835861206055
"2024-04-20 15:29:50.0000",20.01,55.91,0.853763580322266,2.5913724899292,8.05919361114502
"2024-04-20 15:59:40.0000",19.71,55.33,0,0.0435247160494328,1.71922624111176
"2024-04-20 16:29:30.0000",18.32,55.25,1.59591150283813,5.39867305755615,14.1826171875
"2024-04-20 16:59:17.0000",16.59,55.84,1.55309951305389,5.99895811080933,15.6800889968872
"2024-04-20 17:29:00.0000",11.83,57.88,1.57123744487762,6.0906925201416,19.8626956939697
"2024-04-20 17:58:54.0000",13.08,58.76,1.74432504177094,6.61081266403198,20.2325134277344
"2024-04-20 18:28:40.0000",10.58,59.96,1.92883133888245,7.22917795181274,15.4968233108521
"2024-04-20 18:58:29.0000",9.51,60.87,1.21985650062561,5.22319936752319,26.911153793335
"2024-04-20 19:31:18.0000",8.56,62.34,1.64602541923523,6.84834098815918,14.4636449813843
"2024-04-20 20:01:00.0000",7.73,63.66,1.84437954425812,6.58904266357422,17.6458549499512
"2024-04-20 20:30:51.0000",7.38,64.63,1.82609832286835,8.03607940673828,23.3983364105225
"2024-04-20 21:03:42.0000",7.42,65.4,1.61984825134277,6.18939542770386,18.3144664764404
"2024-04-20 21:36:24.0000",7.14,66.17,0.0243409052491188,0.0681005641818047,1.74318611621857
"2024-04-20 22:06:05.0000",6.75,66.96,2.03836631774902,7.45719718933105,27.7676639556885
"2024-04-20 22:35:56.0000",6.68,67.69,2.08457088470459,7.76591968536377,32.4960441589355
"2024-04-20 23:17:47.0000",7.51,66.46,2.01510667800903,7.2647500038147,13.9215240478516
"2024-04-20 23:47:25.0000",6.36,69.03,2.54515695571899,7.87647342681885,31.2715072631836
"2024-04-21 00:20:16.0000",6.03,69.74,2.727787733078,8.01743793487549,27.9312763214111
"2024-04-21 00:49:57.0000",5.24,70.75,2.81027293205261,9.54206371307373,32.5841064453125
"2024-04-21 01:19:49.0000",6.05,70.77,2.74867272377014,7.96762895584106,30.4087047576904
"2024-04-21 01:49:41.0000",6.79,70.79,4.40128755569458,9.98329162597656,17.6889057159424
"2024-04-21 02:19:33.0000",7.13,71.11,2.07146334648132,8.13110446929932,21.0331630706787
"2024-04-21 02:49:24.0000",6.92,71.19,0.0146064236760139,0.0582713186740875,1.73357248306274
"2024-04-21 03:19:15.0000",6.96,71.24,2.66817116737366,8.71182060241699,29.8095741271973
"2024-04-21 03:49:06.0000",6.91,71.16,2.24785709381104,7.9353928565979,26.5493965148926
"2024-04-21 04:18:56.0000",6.83,71.16,1.9515335559845,6.98984050750732,13.3565139770508
"2024-04-21 04:48:48.0000",6.76,71.11,1.75971901416779,6.12963676452637,18.5661163330078
"2024-04-21 05:21:39.0000",7.03,70.85,1.38018679618835,5.02213954925537,17.3570652008057
"2024-04-21 05:54:19.0000",7.04,70.64,1.34654712677002,5.37629461288452,12.3070182800293
"2024-04-21 06:24:01.0000",6.97,70.75,0,,
"2024-04-21 06:53:53.0000",7.23,70.59,1.10951614379883,4.37888669967651,11.6704816818237
"2024-04-21 07:23:43.0000",7.07,70.61,0.0187748000025749,0.0990097746253014,1.779709815979
"2024-04-21 07:53:33.0000",7.45,70.53,0.000973721558693796,0.0444962866604328,1.71972870826721
"2024-04-21 08:23:26.0000",8.22,70.31,1.30243051052094,4.50275897979736,16.021297454834
"2024-04-21 08:53:18.0000",9.16,69.47,1.36741292476654,4.39409065246582,10.5139102935791
"2024-04-21 09:23:12.0000",10.48,69.03,1.64338803291321,5.72733068466187,13.99827003479
"2024-04-21 09:53:06.0000",13.56,65.74,1.643106341362,5.33748054504395,13.0894975662231
"2024-04-21 10:23:01.0000",15.4,63,1.47871708869934,5.45477199554443,19.8272228240967
"2024-04-21 10:52:47.0000",12.74,65.9,1.6456983089447,4.67060518264771,11.3637113571167
"2024-04-21 11:22:39.0000",13.22,65.19,1.67272520065308,5.46857166290283,13.6588325500488
"2024-04-21 11:52:30.0000",12.36,65.61,1.49873089790344,5.76892566680908,19.6298332214355
"2024-04-21 12:22:20.0000",12.45,65.71,1.67948770523071,5.72406148910522,15.810830116272
"2024-04-21 12:52:12.0000",13.86,66.03,1.56097495555878,4.59170532226562,13.8901481628418
"2024-04-21 13:22:08.0000",15.14,63.62,1.91302835941315,7.14032173156738,20.2757987976074
"2024-04-21 13:51:58.0000",14.05,64.04,1.96887075901031,5.33166456222534,18.1982135772705
"2024-04-21 14:21:47.0000",13.02,65.02,1.99447572231293,7.15051507949829,17.2425498962402
"2024-04-21 14:51:38.0000",12.78,65.45,2.21326994895935,6.86696290969849,17.7857475280762
"2024-04-21 15:21:32.0000",13.71,65.07,1.82502329349518,6.09063386917114,15.0590076446533
"2024-04-21 15:51:28.0000",17.37,64.53,1.94961130619049,5.59852743148804,12.5043811798096
"2024-04-21 16:21:24.0000",18.04,63.43,1.78017330169678,6.07317161560059,22.2732067108154
"2024-04-21 16:51:11.0000",15.36,65.22,1.1924501657486,4.14341115951538,17.4954738616943
"2024-04-21 17:21:01.0000",13.57,64.08,1.13888239860535,3.65957188606262,13.4713287353516
"2024-04-21 17:50:49.0000",12.06,64.77,1.57389688491821,4.82635450363159,15.9285154342651
"2024-04-21 18:20:39.0000",11.26,65.11,1.82778799533844,5.58174324035645,18.818338394165
"2024-04-21 18:50:29.0000",10.55,65.63,0.108075119554996,0.316228926181793,2.03745222091675
"2024-04-21 19:20:19.0000",9.84,66.31,1.95111465454102,5.88250350952148,18.9091205596924
"2024-04-21 19:50:10.0000",9.44,66.91,1.60111844539642,5.97122621536255,13.7937059402466
"2024-04-21 20:20:02.0000",9.16,67.43,2.51674914360046,8.34775161743164,19.8953227996826
"2024-04-21 20:49:52.0000",8.74,68.34,2.30819892883301,8.71564674377441,22.2440509796143
"2024-04-21 21:19:41.0000",8.68,68.9,2.39895510673523,9.199049949646,33.4508781433105
"2024-04-21 21:49:32.0000",8.49,69.43,2.4128885269165,9.44365310668945,21.1275100708008
"2024-04-21 22:19:22.0000",8.31,70.24,2.13151025772095,8.16432762145996,26.2934627532959
"2024-04-21 22:49:13.0000",8.38,70.51,2.21221017837524,8.10613632202148,18.6088333129883
"2024-04-21 23:19:05.0000",8.36,70.91,2.38261747360229,8.25022125244141,19.6244812011719
"2024-04-21 23:48:56.0000",8.29,71.27,2.49077177047729,8.64237594604492,20.3723793029785
"2024-04-22 00:18:47.0000",8.3,71.56,2.38965106010437,6.27349138259888,16.9563121795654
"2024-04-22 00:48:37.0000",8.31,71.72,2.5164008140564,7.1722240447998,12.9384365081787
"2024-04-22 01:21:29.0000",8.51,71.2,1.45930171012878,5.29542922973633,11.1300315856934
"2024-04-22 01:51:11.0000",8.15,70.69,1.28321468830109,3.77189588546753,10.3874225616455
"2024-04-22 02:21:01.0000",7.9,70.36,1.09558749198914,3.43922877311707,12.125864982605
"2024-04-22 02:50:54.0000",8,70,1.23141705989838,4.85792589187622,16.6673965454102
"2024-04-22 03:23:44.0000",8.3,69.57,1.44077360630035,5.14306354522705,12.5695419311523
"2024-04-22 03:53:26.0000",7.98,69.62,1.53267443180084,5.33321571350098,19.6744155883789
"2024-04-22 04:23:18.0000",7.93,70.67,4.72702932357788,11.8277797698975,33.0032730102539
"2024-04-22 04:53:09.0000",7.67,72.09,2.94230079650879,7.68376922607422,17.2968635559082
"2024-04-22 05:23:01.0000",7.96,72.58,2.42986369132996,8.00247478485107,18.5102424621582
"2024-04-22 05:52:53.0000",8.24,73.09,1.7575695514679,7.62722492218018,21.5264854431152
"2024-04-22 06:22:45.0000",8.64,73.48,2.38457608222961,7.84928894042969,21.8292827606201
"2024-04-22 06:52:36.0000",9.03,73.88,2.53983187675476,7.85233402252197,27.0866661071777
"2024-04-22 07:22:26.0000",9.25,74.44,3.46568965911865,10.1158018112183,23.9259281158447
"2024-04-22 07:52:18.0000",9.68,74.43,3.08059239387512,9.90751838684082,28.8337860107422
"2024-04-22 08:22:10.0000",9.62,74.88,2.98490047454834,9.99927711486816,26.1872615814209
"2024-04-22 09:21:56.0000",12.75,73.16,2.36368036270142,7.00757312774658,15.5557012557983
"2024-04-22 09:51:54.0000",15.42,69.24,1.78508818149567,6.15721082687378,17.996431350708
"2024-04-22 10:21:46.0000",16.33,68.53,1.98869967460632,7.17527627944946,23.4130001068115
"2024-04-22 10:51:34.0000",14.35,70.52,1.97893452644348,7.35629415512085,17.4684638977051
"2024-04-22 11:21:28.0000",16.11,69.01,1.35896074771881,4.99186992645264,19.4864292144775
"2024-04-22 11:51:20.0000",15.56,69.09,1.3552223443985,6.10407495498657,22.3316097259521
"2024-04-22 12:21:12.0000",17.42,67.42,1.06157624721527,4.43875932693481,14.2203931808472
"2024-04-22 12:51:05.0000",16.97,66.82,1.34139287471771,5.69986581802368,22.7748184204102
"2024-04-22 13:20:52.0000",15.23,67.92,0.970437407493591,4.72695970535278,20.3034420013428
"2024-04-22 13:50:43.0000",13.64,68.42,1.24418389797211,5.50823402404785,21.1627464294434
"2024-04-22 14:20:31.0000",11.62,70.04,1.36871337890625,5.27836513519287,14.0466747283936
"2024-04-22 14:50:20.0000",10.86,70.5,1.38784337043762,6.05587863922119,24.277473449707
"2024-04-22 15:20:09.0000",10.51,70.86,1.47643506526947,6.01424074172974,21.5155467987061
"2024-04-22 15:49:59.0000",9.98,71.56,1.70652866363525,6.40435028076172,17.0790061950684
"2024-04-22 16:19:49.0000",9.42,72.52,1.87724161148071,5.99107646942139,17.881778717041
"2024-04-22 16:49:40.0000",9.35,73.41,1.90406095981598,6.22602939605713,35.1349296569824
"2024-04-22 17:19:32.0000",9.43,73.71,1.99347317218781,7.06077718734741,24.7500877380371
"2024-04-22 17:49:22.0000",9.55,74.14,2.3660261631012,6.77971696853638,29.7950038909912
"2024-04-22 18:19:14.0000",9.51,74.69,3.13240122795105,10.7012538909912,48.3490371704102
"2024-04-22 18:49:05.0000",9.58,75.06,0.0116857104003429,0.0553226284682751,1.73070573806763
"2024-04-22 19:18:58.0000",9.69,75.21,0.0038949737790972,0.0474486388266087,1.72271883487701
"2024-04-22 19:48:49.0000",9.52,75.68,4.4429235458374,10.3675193786621,25.8416633605957
"2024-04-22 20:18:41.0000",9.32,76.1,4.26818752288818,8.67955303192139,15.1151323318481
"2024-04-22 21:18:20.0000",8.34,77.61,5.47067403793335,12.4032678604126,32.924259185791
"2024-04-22 22:18:00.0000",8.31,78.56,0.0591841824352741,0.105323597788811,1.78062510490417
"2024-04-22 22:47:53.0000",8.48,78.39,5.8976149559021,13.6293954849243,37.8709259033203
"2024-04-22 23:17:44.0000",8.72,78.7,4.74398422241211,11.7409801483154,29.6109943389893
"2024-04-22 23:47:36.0000",8.78,78.7,5.14322566986084,11.4184856414795,23.3274936676025
"2024-04-23 00:17:26.0000",7.89,79.94,6.26725244522095,13.1562471389771,25.7045211791992
"2024-04-23 00:47:18.0000",8.13,80.07,6.02361583709717,11.8511400222778,27.2123260498047
"2024-04-23 01:17:07.0000",8.18,79.77,0.205263078212738,0.437103033065796,3.07327938079834
"2024-04-23 01:46:58.0000",7.66,80.14,3.65909647941589,5.99819087982178,12.5861949920654
"2024-04-23 02:16:49.0000",7.58,80.12,1.77956140041351,7.1754002571106,20.9692077636719
"2024-04-23 02:46:39.0000",7.31,79.95,1.75048077106476,9.18330478668213,23.76442527771
"2024-04-23 03:16:30.0000",7.18,79.57,1.77159440517426,8.86485481262207,18.4778099060059
"2024-04-23 03:46:20.0000",7.03,79.37,1.72662949562073,8.88027572631836,24.6436672210693
"2024-04-23 04:16:08.0000",6.42,79.83,1.92227983474731,9.98345565795898,24.1075439453125
"2024-04-23 04:45:59.0000",6.35,80.05,1.94408428668976,9.72106552124023,24.9768810272217
"2024-04-23 05:15:49.0000",6.28,79.98,0.228003352880478,1.39921307563782,5.42512226104736
"2024-04-23 05:48:41.0000",6.81,79.67,2.25150346755981,10.1977624893188,25.3146705627441
"2024-04-23 06:18:23.0000",6.75,78.79,2.40253353118896,9.18379878997803,23.3594455718994
"2024-04-23 06:51:16.0000",8.73,75.42,2.18814921379089,8.63717937469482,16.0447902679443
"2024-04-23 07:21:00.0000",9.65,72.95,2.10932469367981,8.16565227508545,23.1351566314697
"2024-04-23 07:50:58.0000",12.91,67.08,2.05293822288513,8.67435741424561,24.435791015625
"2024-04-23 08:20:52.0000",15.99,63.73,2.09102058410645,8.0510778427124,26.2607879638672
"2024-04-23 08:50:45.0000",16.03,64.26,1.9884580373764,7.79316711425781,26.6002216339111
"2024-04-23 09:20:38.0000",16.84,63.9,1.81803631782532,7.68733596801758,19.6419525146484
"2024-04-23 09:50:24.0000",14.47,65.78,1.91422116756439,8.09765625,29.3226299285889
"2024-04-23 10:20:13.0000",12.93,67.08,0.0579081028699875,0.2448710501194,1.99786400794983
"2024-04-23 11:20:04.0000",17.3,62.72,1.29127967357635,4.5115704536438,25.8754787445068
"2024-04-23 11:49:58.0000",19.24,60.43,1.25508058071136,3.9725067615509,9.57536125183105
"2024-04-23 12:19:47.0000",16.82,61.31,1.97622859477997,7.40185022354126,25.8861274719238
"2024-04-23 12:49:37.0000",16.51,61.81,1.85476803779602,6.88278722763062,23.1292705535889
"2024-04-23 13:19:30.0000",17.7,61.36,2.49963855743408,9.28047752380371,28.5535717010498
"2024-04-23 13:49:20.0000",15.6,61.37,2.7221565246582,11.6281099319458,43.8507652282715
"2024-04-23 14:19:07.0000",14.55,62.52,2.40711188316345,10.2849445343018,24.036922454834
"2024-04-23 14:49:00.0000",14.83,61.22,2.45025825500488,11.2337827682495,51.9722557067871
"2024-04-23 15:18:51.0000",13.55,61.43,2.29061770439148,9.40159320831299,20.4617519378662
"2024-04-23 15:48:45.0000",15.76,61.46,2.60331392288208,10.6361713409424,31.8842525482178
"2024-04-23 16:18:36.0000",16.04,60.98,2.54406762123108,10.6228160858154,35.7341384887695
"2024-04-23 16:48:26.0000",15.07,60.78,2.95110940933228,11.6556997299194,38.3834609985352
"2024-04-23 17:18:16.0000",12.12,60.51,2.72519898414612,12.5636720657349,47.9692344665527
"2024-04-23 17:48:06.0000",12.33,62.22,2.69963622093201,12.3586435317993,36.8306465148926
"2024-04-23 18:17:56.0000",10.32,61.51,2.62728190422058,11.3926811218262,30.9909820556641
"2024-04-23 18:47:44.0000",9.16,62.55,2.73176670074463,11.6094007492065,28.7348003387451
"2024-04-23 19:17:35.0000",8.26,63.26,2.56938362121582,10.6766881942749,29.7689037322998
"2024-04-23 19:47:25.0000",7.9,64.1,2.29899597167969,9.7307710647583,42.1215209960938
"2024-04-23 20:17:17.0000",8.27,64.63,2.30908894538879,10.7145614624023,31.1902294158936
"2024-04-23 20:47:09.0000",8.34,65.07,2.83786725997925,12.4445152282715,34.5113868713379
"2024-04-23 21:17:01.0000",8.2,65.72,2.48007106781006,10.7650747299194,25.6713619232178
"2024-04-23 21:49:51.0000",8.39,66.3,2.79123520851135,13.3806648254395,48.0812339782715
"2024-04-23 22:19:34.0000",8.12,67.06,2.5232789516449,12.6132650375366,40.9469757080078
"2024-04-23 22:49:25.0000",8.12,67.66,0.0124437790364027,0.159026354551315,2.23804688453674
"2024-04-23 23:19:16.0000",8.15,68.12,2.78060078620911,11.6445198059082,30.4871997833252
"2024-04-23 23:49:07.0000",8.21,68.54,3.03762412071228,16.2643260955811,51.8486938476562
"2024-04-24 00:19:00.0000",8.17,69.05,2.81550455093384,14.2345943450928,35.3670845031738
"2024-04-24 00:48:49.0000",8.21,69.45,3.07078790664673,15.5401945114136,44.8808822631836
"2024-04-24 01:18:41.0000",8.15,70.02,3.19373035430908,15.7533044815063,53.4136695861816
"2024-04-24 01:48:32.0000",8.25,70.32,3.28321671485901,16.9350261688232,51.3583221435547
"2024-04-24 02:18:23.0000",6.75,71.35,3.0946638584137,12.5404195785522,36.685546875
"2024-04-24 02:48:13.0000",5.88,72.95,2.99120020866394,10.731728553772,20.9719715118408
"2024-04-24 03:18:03.0000",5.62,73.05,2.92219734191895,10.2006578445435,24.9893550872803
"2024-04-24 03:47:54.0000",4.93,73.31,2.37960267066956,11.7697782516479,31.4768409729004
"2024-04-24 04:17:45.0000",4.62,73.74,2.36579203605652,11.9134531021118,33.1295700073242
"2024-04-24 04:50:36.0000",5.05,73.41,2.36880254745483,9.98195743560791,26.6985530853271
"2024-04-24 05:20:18.0000",4.91,73.27,2.05831694602966,9.09432506561279,22.2908420562744
"2024-04-24 05:53:09.0000",5.36,72.57,2.01170206069946,8.85139751434326,17.4119472503662
"2024-04-24 06:22:51.0000",5.39,71.98,0,,
"2024-04-24 07:01:44.0000",7.72,67.33,1.7638521194458,7.71225166320801,21.5893421173096
"2024-04-24 07:31:30.0000",10.99,61.83,1.5569314956665,6.54212093353271,17.4448890686035
"2024-04-24 08:01:17.0000",10.29,63.85,1.42736613750458,5.98922443389893,23.1850852966309
"2024-04-24 08:31:18.0000",15.03,56.99,1.24387061595917,5.00866317749023,14.5177812576294
"2024-04-24 09:01:10.0000",16.33,56.24,1.30424189567566,4.78703165054321,13.5282249450684
"2024-04-24 09:31:02.0000",16.5,55.52,1.17216467857361,4.30777835845947,8.39996337890625
"2024-04-24 10:00:52.0000",15.56,56.16,1.2173125743866,4.47891664505005,14.9027643203735
"2024-04-24 10:30:44.0000",15.86,56.04,1.22350764274597,4.51747274398804,9.87729167938232
"2024-04-24 11:00:31.0000",15.81,55.67,1.59129655361176,5.62461519241333,11.9716119766235
"2024-04-24 11:30:20.0000",15.06,56.1,1.39686703681946,5.38559293746948,23.6125755310059
"2024-04-24 12:00:09.0000",15.42,56.09,1.19377613067627,4.19666767120361,16.7151050567627
"2024-04-24 12:30:03.0000",17.04,54.73,1.68865644931793,5.9427342414856,14.2818603515625
"2024-04-24 12:59:55.0000",17.49,53.74,1.69012784957886,6.49421691894531,30.054723739624
"2024-04-24 13:29:42.0000",15.39,54.98,1.61977779865265,6.66872406005859,22.1755275726318
"2024-04-24 14:29:26.0000",17.46,53.87,1.35158979892731,5.87146902084351,29.8444766998291
"2024-04-24 14:59:16.0000",16.81,54.08,1.34776103496552,5.38819122314453,12.990047454834
"2024-04-24 15:29:07.0000",16.39,54.19,1.42004752159119,4.4932746887207,17.129264831543
"2024-04-24 15:58:58.0000",15.9,54.09,1.41967463493347,4.91515111923218,12.0231981277466
"2024-04-24 16:28:48.0000",15.46,54.33,1.53384530544281,5.35747623443604,14.4084911346436
"2024-04-24 16:58:36.0000",14.57,54.18,1.4747234582901,5.68576908111572,13.9241552352905
"2024-04-24 17:28:22.0000",10.95,55.76,1.41150212287903,5.49642610549927,16.6540107727051
"2024-04-24 17:58:15.0000",11.77,54.05,0.0251015573740005,0.0708878561854362,1.74612498283386
"2024-04-24 18:28:01.0000",8.75,55.3,1.73080921173096,6.57950210571289,16.9434642791748
"2024-04-24 18:57:50.0000",7.79,55.77,1.38613367080688,6.14261150360107,20.2293815612793
"2024-04-24 19:27:38.0000",6.58,56.57,1.5846540927887,6.49216222763062,13.0965642929077
"2024-04-24 19:57:27.0000",5.87,57.26,1.41705286502838,5.65811157226562,14.7669610977173
"2024-04-24 20:27:16.0000",5.44,57.82,1.61147093772888,5.38861846923828,11.8115377426147
"2024-04-24 20:57:08.0000",5.11,58.38,1.7220276594162,6.26439809799194,21.6326847076416
"2024-04-24 21:26:58.0000",4.88,58.83,0.0389440357685089,0.0828526541590691,1.75787758827209
"2024-04-24 21:56:49.0000",4.65,59.34,0.10299825668335,0.45824533700943,2.45018601417542
"2024-04-24 22:29:40.0000",4.75,60.02,317.774993896484,669.770690917969,725.558471679688
"2024-04-24 23:02:22.0000",4.6,60.78,2.0058798789978,7.15951156616211,18.601016998291
"2024-04-24 23:35:04.0000",4.84,61.09,2.10981678962708,7.57351016998291,24.1100540161133
"2024-04-25 00:04:45.0000",4.58,62.41,0.0116830803453922,0.0553101785480976,1.73031628131866
"2024-04-25 00:37:38.0000",5.61,62.11,1.84964215755463,7.20429658889771,33.2840995788574
"2024-04-25 01:07:20.0000",5.6,62.91,1.83941352367401,6.80178165435791,19.4591522216797
"2024-04-25 01:40:12.0000",5.99,63.17,2.35952663421631,7.92336702346802,19.9100074768066
"2024-04-25 02:09:53.0000",5.81,63.6,0.0292107053101063,0.0730229690670967,1.74820137023926
"2024-04-25 02:39:44.0000",5.85,63.77,1.72434639930725,5.68331432342529,10.714599609375
"2024-04-25 03:09:35.0000",5.85,63.96,0.0331055596470833,0.076958104968071,1.75214123725891
"2024-04-25 03:39:25.0000",5.62,64.08,1.66725099086761,6.29399967193604,13.5099315643311
"2024-04-25 04:09:16.0000",5.77,64.54,1.94917929172516,10.4930477142334,106.923759460449
"2024-04-25 04:39:08.0000",5.94,64.8,2.09663653373718,8.4661750793457,23.5332202911377
"2024-04-25 05:12:00.0000",6.62,64.58,1.88300836086273,7.47455835342407,21.4669532775879
"2024-04-25 05:41:42.0000",6.83,64.79,12.4072885513306,17.6403732299805,29.1669483184814
"2024-04-25 06:11:33.0000",7.02,64.89,2.17414999008179,9.65711212158203,37.8430061340332
"2024-04-25 06:41:20.0000",5.82,66.34,1.88318979740143,6.96239566802979,13.3938665390015
"2024-04-25 07:17:12.0000",6.66,66.07,15.023533821106,20.1747703552246,36.6216506958008
"2024-04-25 07:46:51.0000",5.89,68.29,1.70856142044067,5.77799034118652,19.4450435638428
"2024-04-25 08:16:44.0000",7.27,67.38,0.0194738674908876,0.0631859079003334,1.73836994171143
"2024-04-25 08:46:34.0000",6.33,68.4,2.5588846206665,7.04600381851196,15.4647617340088
"2024-04-25 09:16:26.0000",6.42,69.63,1.24972915649414,4.98887348175049,12.3011636734009
"2024-04-25 09:46:18.0000",6.4,70,1.18088603019714,4.69817924499512,13.2119188308716
"2024-04-25 10:16:08.0000",7.53,70.57,1.303795337677,4.91339063644409,10.9014196395874
"2024-04-25 10:46:02.0000",9.08,69.84,1.17835783958435,4.31626224517822,12.8560037612915
"2024-04-25 11:15:57.0000",12,67.46,0.886729836463928,3.61884427070618,14.5415391921997
"2024-04-25 11:45:51.0000",12.45,66.42,1.09204757213593,4.65501403808594,19.5637283325195
"2024-04-25 12:15:40.0000",11.61,66.84,0.966850697994232,4.37433910369873,11.5583915710449
"2024-04-25 12:45:30.0000",11.53,66.24,1.11752331256866,4.08537197113037,8.9305362701416
"2024-04-25 13:15:21.0000",11.46,65.96,0.901759088039398,3.98411655426025,15.1568937301636
"2024-04-25 13:45:10.0000",11.28,65.65,0.772839665412903,3.21035814285278,16.3401927947998
"2024-04-25 14:15:01.0000",11.11,65.08,0.919462323188782,4.02154636383057,14.9156694412231
"2024-04-25 14:44:52.0000",12.1,64.62,1.06747603416443,3.85550165176392,9.53078269958496
"2024-04-25 15:14:43.0000",12.49,65.52,1.09875810146332,3.05657982826233,6.52441263198853
"2024-04-25 15:44:40.0000",14.04,63.44,1.03816699981689,4.26105785369873,19.2617378234863
"2024-04-25 16:14:28.0000",12.52,64.17,1.04404556751251,4.02849435806274,13.5302238464355
"2024-04-25 16:44:20.0000",12.78,64.84,0.98289430141449,3.92508912086487,10.0137729644775
"2024-04-25 17:14:13.0000",12.46,62.12,0.84984815120697,3.41034579277039,9.23115634918213
"2024-04-25 17:44:00.0000",12.17,64.67,1.11248397827148,3.48193907737732,21.1473636627197
"2024-04-25 18:13:51.0000",10.39,62.63,0.00865669827908278,0.0532702282071114,1.72866523265839
"2024-04-25 18:43:39.0000",9.13,62.91,0.0210981667041779,0.0678487420082092,1.74301779270172
"2024-04-25 19:13:27.0000",7.24,63.29,0.671726405620575,2.37778210639954,9.49459552764893
"2024-04-25 19:43:16.0000",6.41,63.85,0.615099251270294,1.70885813236237,4.10137987136841
"2024-04-25 20:13:06.0000",5.79,64.42,0.744176268577576,1.83514785766602,3.96422338485718
"2024-04-25 20:42:58.0000",5.71,64.81,0.629474520683289,1.67328560352325,4.24903392791748
"2024-04-25 21:12:48.0000",5.64,65.04,0.859622359275818,3.02940058708191,8.83747005462646
"2024-04-25 21:42:40.0000",5.63,65.34,0.914127588272095,2.28856301307678,6.59705114364624
"2024-04-25 22:12:30.0000",5.54,65.59,0.861987888813019,2.71977519989014,5.75446510314941
"2024-04-25 22:42:21.0000",5.4,65.9,1.18756151199341,2.59313035011292,9.99364852905273
"2024-04-25 23:12:12.0000",5.19,66.15,1.27371776103973,3.69485926628113,12.6249551773071
"2024-04-25 23:42:01.0000",4.71,66.71,1.31022608280182,3.36660385131836,13.2972269058228
"2024-04-26 00:11:53.0000",4.38,67.13,0.0253142192959785,0.0690833479166031,1.74414753913879
"2024-04-26 00:44:44.0000",4.13,67.3,1.17011106014252,2.87281703948975,6.35457801818848
"2024-04-26 01:14:24.0000",3.19,67.87,1.42820620536804,3.91030287742615,17.6765289306641
"2024-04-26 01:44:14.0000",2.67,68.42,307.137390136719,634.417724609375,688.983581542969
"2024-04-26 02:14:05.0000",2.29,68.8,167.71516418457,258.98974609375,263.450622558594
"2024-04-26 02:43:55.0000",1.95,69.33,1.50215756893158,3.87393116950989,10.0285511016846
"2024-04-26 03:13:46.0000",1.57,69.71,1.26013493537903,2.93343019485474,6.96936941146851
"2024-04-26 03:43:37.0000",1.44,70.24,1.1961475610733,3.57779145240784,11.2819223403931
"2024-04-26 04:13:27.0000",1.2,70.58,313.749755859375,652.518493652344,698.926147460938
"2024-04-26 04:43:18.0000",1.04,70.7,335.107666015625,634.205383300781,677.90966796875
"2024-04-26 05:13:08.0000",0.87,71.29,1.85343146324158,3.51344323158264,14.9916553497314
"2024-04-26 05:43:00.0000",1.11,71.47,1.50446772575378,3.51199507713318,7.55629110336304
"2024-04-26 06:12:53.0000",1.7,71.42,332.810272216797,671.992919921875,718.662963867188
"2024-04-26 06:48:49.0000",8.39,61.12,0.892800331115723,2.79827070236206,6.92760276794434
"2024-04-26 07:18:39.0000",12.57,56.55,1.04702508449554,3.82981538772583,9.66214752197266
"2024-04-26 07:48:34.0000",13.6,56.83,0.818167686462402,3.07342457771301,10.3448390960693
"2024-04-26 08:18:26.0000",14.36,56.64,0.834717512130737,2.85271382331848,11.6878643035889
"2024-04-26 08:48:17.0000",12.9,59.17,0.791327834129333,2.60209107398987,7.24066638946533
"2024-04-26 09:18:03.0000",10.41,63.32,0.841714799404144,2.96434259414673,7.51522302627563
"2024-04-26 09:47:56.0000",11.74,61.82,0.604643702507019,3.01959443092346,12.7461156845093
"2024-04-26 10:17:49.0000",13.18,60.39,0.59674996137619,2.26020169258118,11.3031806945801
"2024-04-26 10:47:45.0000",13.31,59.13,0.617755115032196,2.06972050666809,7.26139497756958
"2024-04-26 11:17:32.0000",11.7,61.12,0.608810484409332,1.86330246925354,4.31071186065674
"2024-04-26 11:47:23.0000",11.52,60.65,0.0107116019353271,0.0543372593820095,1.7296736240387
"2024-04-26 12:17:15.0000",11.51,60.89,0.700260877609253,2.76896119117737,7.4309229850769
"2024-04-26 12:47:05.0000",10.82,61.13,0.739614129066467,2.15486836433411,15.0189199447632
"2024-04-26 13:16:55.0000",10.14,61.03,0.5509113073349,1.61208391189575,3.85336852073669
"2024-04-26 13:46:47.0000",10.2,61.08,1.15054309368134,3.29128837585449,11.9272813796997
"2024-04-26 14:16:39.0000",11.37,60.88,0.994881153106689,3.21344494819641,20.8799076080322
"2024-04-26 14:46:31.0000",12.67,60.63,0.834114015102386,2.85416316986084,13.1005411148071
"2024-04-26 15:16:28.0000",17.29,59.93,0.681226253509521,2.40428328514099,9.01100254058838
"2024-04-26 15:46:23.0000",18.79,58.13,0.841266512870789,2.76568174362183,6.8732705116272
"2024-04-26 16:16:06.0000",12.87,58.76,0.835258781909943,2.8870255947113,6.8921685218811
"2024-04-26 16:45:53.0000",11.45,58.97,0.841900527477264,2.34737968444824,5.21073007583618
"2024-04-26 17:45:32.0000",9.97,59.09,0.769025266170502,2.59033536911011,12.5758800506592
"2024-04-26 18:15:22.0000",9.39,59.25,1.00379478931427,2.69739627838135,10.8986558914185
"2024-04-26 18:45:12.0000",8.61,59.75,1.1702526807785,2.88983726501465,9.8449535369873
"2024-04-26 19:15:03.0000",8.09,60.19,1.03370785713196,2.75856685638428,7.28849267959595
"2024-04-26 19:44:53.0000",6.95,61.76,0.854847311973572,1.86359894275665,3.90381217002869
"2024-04-26 20:14:41.0000",5.48,63.82,1.63223254680634,3.07396674156189,7.16844081878662
"2024-04-26 20:44:31.0000",5.49,64.54,320.099487304688,653.50732421875,697.9287109375
"2024-04-26 21:14:23.0000",5.66,65.04,2.2690589427948,3.97664618492126,6.32613611221313
"2024-04-26 21:44:13.0000",5.13,66.47,327.215270996094,655.46826171875,701.421569824219
"2024-04-26 22:14:03.0000",5.02,67.44,2.85356903076172,4.65072870254517,9.80016994476318
"2024-04-26 22:43:55.0000",4.98,68.17,2.45700001716614,4.40264987945557,7.78382349014282
"2024-04-26 23:13:44.0000",5.04,68.38,2.36713767051697,3.9510440826416,7.0899224281311
"2024-04-26 23:43:35.0000",5.03,68.65,2.58461093902588,5.23640727996826,10.7835416793823
"2024-04-27 00:16:27.0000",5.27,68.78,2.42975544929504,4.66622543334961,8.54111766815186
"2024-04-27 00:46:09.0000",4.73,69.19,2.90672206878662,5.62561225891113,10.5373888015747
"2024-04-27 01:16:00.0000",4.6,69.5,321.499084472656,636.59375,678.774291992188
"2024-04-27 01:45:52.0000",4.41,69.67,3.06742572784424,6.08376550674438,12.0465488433838
"2024-04-27 02:15:44.0000",4.15,70.06,3.86425685882568,6.5797872543335,14.2717113494873
"2024-04-27 02:45:34.0000",3.85,70.39,0.131439611315727,0.176302954554558,1.85137236118317
"2024-04-27 03:15:25.0000",3.72,70.67,0.306606084108353,0.354285687208176,2.0294713973999
"2024-04-27 03:45:17.0000",3.72,70.68,5.18803787231445,8.57985687255859,17.9636917114258
"2024-04-27 04:15:07.0000",3.19,71.34,5.9311375617981,8.93253135681152,11.8194513320923
"2024-04-27 04:44:58.0000",2.93,71.74,6.64686965942383,10.0574541091919,19.2102470397949
"2024-04-27 05:14:50.0000",2.78,72.06,7.65555095672607,11.6719436645508,20.7834930419922
"2024-04-27 05:44:42.0000",3.1,72.36,6.60289573669434,9.26094532012939,22.3182811737061
"2024-04-27 06:14:33.0000",3.91,72.42,320.791442871094,665.904968261719,714.187072753906
"2024-04-27 06:47:27.0000",6.27,69.86,345.531677246094,618.850280761719,654.996520996094
"2024-04-27 07:17:20.0000",12.47,59.69,2.08123278617859,3.57766628265381,6.14284038543701
"2024-04-27 07:47:11.0000",14.17,58.34,1.72415411472321,3.04418706893921,8.29662704467773
"2024-04-27 08:17:02.0000",13.36,60.53,1.48421478271484,3.03972291946411,6.41018152236938
"2024-04-27 08:46:51.0000",12.85,61.25,1.52321994304657,3.43206262588501,8.49324226379395
"2024-04-27 09:16:40.0000",11.47,63.53,1.51291692256927,3.2372875213623,10.4571809768677
"2024-04-27 09:46:32.0000",12.51,63.11,1.72021460533142,4.28869247436523,11.1062831878662
"2024-04-27 10:16:26.0000",15.63,60.21,1.13441216945648,2.43307995796204,4.66879653930664
"2024-04-27 10:46:12.0000",12.83,62.28,1.33849620819092,2.52079963684082,9.79364585876465
"2024-04-27 11:16:04.0000",14.47,61.07,0.890883803367615,2.4266984462738,6.12682008743286
"2024-04-27 11:46:01.0000",17.12,57.34,1.35547339916229,3.24270248413086,12.1544332504272
"2024-04-27 12:15:44.0000",12.86,60.73,1.0219966173172,2.60292530059814,8.57917308807373
"2024-04-27 12:45:34.0000",12.18,61.62,1.15991151332855,3.17375206947327,12.3727560043335
"2024-04-27 13:15:27.0000",15.09,60.59,0.854348659515381,1.6519730091095,8.91668033599854
"2024-04-27 13:45:21.0000",14.05,59.09,1.04958558082581,2.60012030601501,11.7561521530151
"2024-04-27 14:15:10.0000",13.15,60.27,1.18926382064819,3.10209321975708,6.7920036315918
"2024-04-27 14:44:57.0000",11.41,60.23,1.22097051143646,2.49817967414856,13.2330455780029
"2024-04-27 15:14:48.0000",11.47,60.49,1.5066887140274,3.46861243247986,7.29022312164307
"2024-04-27 15:44:38.0000",11.08,60.39,1.31359934806824,3.87674951553345,12.0440788269043
"2024-04-27 16:14:28.0000",10.79,60.46,1.36981356143951,3.55966687202454,6.23649883270264
"2024-04-27 16:44:20.0000",10.52,60.29,1.22571957111359,2.53698444366455,8.95900440216064
"2024-04-27 17:14:11.0000",9.66,60.88,1.82529008388519,3.57509970664978,6.71704244613647
"2024-04-27 17:44:01.0000",9.63,61.42,1.34614670276642,4.05434083938599,14.6991996765137
"2024-04-27 18:13:53.0000",9.59,61.35,1.09727621078491,2.6989266872406,9.46835517883301
"2024-04-27 18:43:45.0000",9.32,61.49,0.965064823627472,2.18986654281616,5.85567188262939
"2024-04-27 19:13:36.0000",9.05,61.65,0.852349400520325,1.86997866630554,8.51797485351562
"2024-04-27 19:43:26.0000",8.83,61.89,1.11213660240173,2.49368977546692,7.2689847946167
"2024-04-27 20:13:15.0000",8.6,62.2,1.22723519802094,2.3138792514801,13.9490547180176
"2024-04-27 20:46:06.0000",8.58,62.45,1.4142107963562,2.99245476722717,12.0193424224854
"2024-04-27 21:15:47.0000",7.87,63.01,1.62825381755829,3.48890113830566,10.3688087463379
"2024-04-27 21:45:36.0000",7.42,63.67,1.70392024517059,4.03751134872437,15.1906223297119
"2024-04-27 22:15:27.0000",6.79,64.38,2.1190230846405,4.09707164764404,8.77067184448242
"2024-04-27 22:45:18.0000",6,65.1,0.0438179560005665,0.087782695889473,1.76303374767303
"2024-04-27 23:15:08.0000",5.5,65.62,2.46155381202698,4.4466552734375,13.6009321212769
"2024-04-27 23:44:58.0000",4.86,66.18,0.111977085471153,0.156643688678741,1.83186280727386
"2024-04-28 00:14:47.0000",4.4,66.65,0.156227722764015,0.302839070558548,2.01737594604492
"2024-04-28 00:44:37.0000",4,67.15,2.9260573387146,4.55618619918823,8.82309532165527
"2024-04-28 01:14:28.0000",3.7,67.72,3.06884717941284,5.39309644699097,10.882884979248
"2024-04-28 01:44:17.0000",3.65,68.24,306.996307373047,632.73583984375,686.736999511719
"2024-04-28 02:14:09.0000",3.73,68.55,0.00778916757553816,0.0513786226511002,1.72648108005524
"2024-04-28 02:44:00.0000",3.7,68.86,3.79153800010681,5.6528148651123,8.52492713928223
"2024-04-28 03:16:50.0000",4.12,68.99,2.85070633888245,4.93854284286499,7.78633213043213
"2024-04-28 03:49:33.0000",4.17,69.14,2.67514109611511,4.55557632446289,8.97716522216797
"2024-04-28 04:22:14.0000",4.07,69.5,2.0245246887207,3.78040599822998,7.23149585723877
"2024-04-28 04:51:55.0000",3.75,69.91,2.06340217590332,3.16737747192383,10.5827054977417
"2024-04-28 05:21:46.0000",3.91,70.28,1.67602479457855,3.12457370758057,8.46858978271484
"2024-04-28 05:51:38.0000",4.45,70.44,1.45167744159698,2.74540448188782,7.55396270751953
"2024-04-28 06:21:29.0000",5.11,70.43,313.524139404297,642.54833984375,691.894104003906
"2024-04-28 06:54:21.0000",6.09,69.87,0.891256630420685,1.9564026594162,4.07168674468994
"2024-04-28 07:24:04.0000",6.75,69.79,0.721172451972961,2.18205857276917,4.77706909179688
"2024-04-28 07:53:57.0000",7.78,69.12,0.653801083564758,2.04741740226746,8.12088298797607
"2024-04-28 08:26:51.0000",9,67.71,0.435936093330383,1.65771734714508,10.0870838165283
"2024-04-28 08:56:34.0000",9.1,67.68,0.461426675319672,1.47179877758026,3.47094988822937
"2024-04-28 09:26:25.0000",8.87,67.82,0.557459533214569,2.25246381759644,9.4448709487915
"2024-04-28 09:56:21.0000",11.62,64.51,0.504246830940247,1.71109116077423,6.39827108383179
"2024-04-28 10:26:14.0000",13.08,63.13,0.78782057762146,2.67084741592407,9.56948757171631
"2024-04-28 10:56:07.0000",15.68,60.05,0.603590130805969,3.42521786689758,11.9205751419067
"2024-04-28 11:25:57.0000",14.89,60.73,0.585110723972321,1.99059545993805,10.8260078430176
"2024-04-28 11:55:48.0000",15.27,60.13,0.642439842224121,2.65456008911133,17.0894012451172
"2024-04-28 12:25:39.0000",15.64,59.91,0.575040936470032,2.5651113986969,17.73459815979
"2024-04-28 12:55:30.0000",15.23,60.2,0.757258951663971,3.75618648529053,15.7449512481689
"2024-04-28 13:25:21.0000",14.48,60.24,0.6715949177742,2.97203087806702,10.2926044464111
"2024-04-28 13:55:14.0000",16.02,59.36,0.388939738273621,1.83187961578369,8.96881866455078
"2024-04-28 14:25:06.0000",16.62,58.64,0.745077133178711,2.68122243881226,15.5827007293701
"2024-04-28 14:54:58.0000",17.22,58.88,0.568672835826874,2.40822219848633,10.3506126403809
"2024-04-28 15:24:50.0000",17.58,58.67,0.557155966758728,1.52241015434265,8.69951248168945
"2024-04-28 15:54:43.0000",17.87,57.47,0.620739042758942,2.42900896072388,7.96029043197632
"2024-04-28 16:24:34.0000",17.78,56.93,0.673914849758148,1.77828240394592,6.96699285507202
"2024-04-28 17:24:11.0000",15.26,57.11,0.627960503101349,2.13487124443054,7.20003843307495
"2024-04-28 17:53:59.0000",12.39,56.43,0.79222309589386,2.1294379234314,6.6134786605835
"2024-04-28 18:23:48.0000",10.66,57.16,0.705808818340302,2.44104480743408,13.4816970825195
"2024-04-28 18:53:37.0000",10.18,57.45,1.73123562335968,3.64163041114807,10.329553604126
"2024-04-28 19:23:27.0000",9.52,57.79,0.029861755669117,0.148198217153549,2.77665591239929
"2024-04-28 20:55:50.0000",8.53,59.4,0.878297388553619,2.0126519203186,6.03477334976196
"2024-04-28 21:25:41.0000",8.26,60.07,1.01109564304352,2.91034054756165,6.29611444473267
"2024-04-28 21:55:30.0000",7.93,60.89,1.06114172935486,3.52899599075317,20.9545154571533
"2024-04-28 22:25:19.0000",7.96,61.71,0.714600920677185,3.04849982261658,9.07200908660889
"2024-04-28 22:55:10.0000",8.08,61.91,0.868410110473633,3.88045263290405,10.1373414993286
"2024-04-28 23:28:02.0000",8.43,62.05,1.01843345165253,3.55281138420105,8.34026050567627
"2024-04-28 23:57:45.0000",8.11,62.6,0.568114280700684,2.53109335899353,6.6302318572998
"2024-04-29 00:27:35.0000",7.61,63.51,0.826225936412811,2.45274710655212,13.5373849868774
"2024-04-29 00:57:26.0000",7.17,64.72,1.20527231693268,3.34674978256226,10.5217981338501
"2024-04-29 01:27:16.0000",7.05,65.79,1.13644182682037,4.43142318725586,22.59521484375
"2024-04-29 01:57:07.0000",6.98,66.64,0.947442710399628,3.04272770881653,13.8973302841187
"2024-04-29 02:26:58.0000",6.93,67.45,0.991221964359283,3.6127245426178,10.8479022979736
"2024-04-29 02:56:48.0000",6.82,68.44,1.18256306648254,5.22815895080566,12.3087768554688
"2024-04-29 03:32:41.0000",7.44,68.41,0.812416076660156,3.87598466873169,8.30609893798828
"2024-04-29 04:02:20.0000",6.79,70.37,0.748036801815033,3.58249831199646,15.0136098861694
"2024-04-29 04:32:11.0000",6.69,71.18,0.725108683109283,2.39041614532471,8.97170639038086
"2024-04-29 05:02:01.0000",6.63,72.04,0.0302405394613743,0.112596765160561,1.7930520772934
"2024-04-29 05:31:53.0000",6.94,72.23,0.788085520267487,3.17425465583801,11.4776134490967
"2024-04-29 06:07:46.0000",8.1,72.06,0.979725480079651,3.13779830932617,6.05481386184692
"2024-04-29 06:40:28.0000",9.56,71.45,0.937089145183563,2.63046216964722,8.73307323455811
"2024-04-29 07:10:15.0000",10.62,70.32,0.802830040454865,3.38938856124878,9.29046249389648
"2024-04-29 07:40:07.0000",11.16,70.86,0.661688446998596,2.70601391792297,11.5132627487183
"2024-04-29 08:09:57.0000",10.71,71.93,0.852271258831024,3.42548251152039,8.19177341461182
"2024-04-29 08:39:47.0000",10.59,72.43,0.828891932964325,2.88612508773804,16.5019969940186
"2024-04-29 09:09:38.0000",10.62,72.3,0.0709761157631874,0.173772811889648,4.4048318862915
"2024-04-29 09:39:29.0000",10.55,72.34,0.726239025592804,2.5531952381134,6.9772891998291
"2024-04-29 10:09:22.0000",10.81,72.49,0.611964106559753,2.96635246276855,8.18817138671875
"2024-04-29 10:39:15.0000",11.16,72.23,0.669497549533844,2.87846541404724,20.4865131378174
"2024-04-29 11:09:08.0000",11.54,71.48,0.688905596733093,3.29205965995789,13.9234161376953
"2024-04-29 11:39:00.0000",12.02,70.39,0.560262858867645,2.68649196624756,10.6403646469116
"2024-04-29 14:08:18.0000",13.23,66.79,0.788640141487122,3.5709924697876,19.5075740814209
"2024-04-29 14:38:06.0000",11.41,70.49,0.977867066860199,3.58012080192566,10.0438432693481
"2024-04-29 15:07:58.0000",10.94,73.2,1.058722615242,4.53161954879761,13.4238443374634
"2024-04-29 15:37:51.0000",12.31,73.62,0.904392600059509,3.99987530708313,13.2304859161377
"2024-04-29 16:07:44.0000",12.31,72.32,0.825983583927155,3.56090998649597,13.4230690002441
"2024-04-29 16:37:33.0000",12.28,71.81,0.899422705173492,3.78008627891541,9.57581615447998
"2024-04-29 17:07:22.0000",12.03,71.95,0.925073623657227,3.64448881149292,8.43385028839111
"2024-04-29 17:37:12.0000",10.8,73.93,1.00601983070374,5.02757501602173,14.0331935882568
"2024-04-29 18:07:01.0000",9.54,77.32,1.2862377166748,5.45918703079224,18.0910377502441
"2024-04-29 18:36:52.0000",9.13,79.25,1.845707654953,5.56550168991089,11.7067079544067
"2024-04-29 19:06:42.0000",8.99,79.88,2.14715313911438,6.69495058059692,17.2531700134277
"2024-04-29 19:36:31.0000",8.97,80.07,1.59446084499359,5.60643672943115,13.5482664108276
"2024-04-29 20:06:22.0000",9.05,80.9,1.51535880565643,5.72412919998169,12.8057041168213
"2024-04-29 20:36:13.0000",8.98,82.67,1.92385256290436,6.91079568862915,16.5779762268066
"2024-04-29 21:06:03.0000",8.93,84.35,2.39014577865601,8.07942581176758,21.2591190338135
"2024-04-29 21:35:54.0000",8.82,84.88,1.8845077753067,5.93533086776733,13.8118715286255
"2024-04-29 22:05:43.0000",8.79,85.54,1.63405692577362,6.31179475784302,16.2300224304199
"2024-04-29 22:35:34.0000",8.64,86.05,1.81574738025665,7.81086778640747,18.4458808898926
"2024-04-29 23:05:25.0000",8.61,86.81,1.82621157169342,8.02618408203125,15.3624925613403
"2024-04-29 23:35:15.0000",8.77,86.48,1.72286117076874,8.39198017120361,23.5468292236328
"2024-04-30 00:05:07.0000",8.97,86.17,1.38697111606598,5.27734518051147,10.5927286148071
"2024-04-30 00:34:57.0000",8.97,86.12,1.59320199489594,8.09404468536377,16.7460117340088
"2024-04-30 01:04:47.0000",9,86.78,1.30998980998993,5.65994548797607,12.3822612762451
"2024-04-30 01:34:39.0000",9.23,86.49,1.18689656257629,4.82448673248291,10.7722911834717
"2024-04-30 02:04:32.0000",9.44,86.3,0.178394094109535,0.784062683582306,3.7759997844696
"2024-04-30 02:34:23.0000",9.53,85.77,1.33714985847473,5.85290431976318,14.6019048690796
"2024-04-30 03:04:14.0000",9.56,85.46,1.30893468856812,7.23339319229126,19.4743824005127
"2024-04-30 03:34:05.0000",9.49,85.32,1.39204716682434,6.21512699127197,16.3267421722412
"2024-04-30 04:03:57.0000",9.17,85.29,1.47063612937927,6.40989971160889,18.3571128845215
"2024-04-30 04:33:48.0000",9.13,85.32,1.70195341110229,7.24203062057495,21.0325736999512
"2024-04-30 05:03:39.0000",9.11,85.08,0.381858944892883,1.05681169033051,8.49314785003662
"2024-04-30 05:33:31.0000",9.15,84.88,1.5808093547821,6.69030475616455,18.301176071167
"2024-04-30 06:03:22.0000",9.31,84.41,1.80974471569061,5.61001825332642,20.441858291626
"2024-04-30 06:33:14.0000",9.41,84.02,1.99344003200531,6.96489381790161,18.7576065063477
"2024-04-30 07:03:05.0000",9.64,83.54,0.424285262823105,1.39902639389038,4.03361940383911
"2024-04-30 07:32:56.0000",9.88,83.23,1.81689548492432,6.96664142608643,23.9169692993164
"2024-04-30 08:02:47.0000",10.12,82.98,1.58462262153625,5.84554862976074,17.4790153503418
"2024-04-30 08:32:39.0000",10.7,82.61,1.41816031932831,5.88152027130127,16.9343013763428
"2024-04-30 09:02:31.0000",11.18,82.04,1.30207848548889,5.59044504165649,14.7723236083984
"2024-04-30 09:32:24.0000",12.25,81,1.04361081123352,3.91908860206604,18.04514503479
"2024-04-30 10:02:18.0000",13.54,79.07,1.02772355079651,3.6547224521637,12.6214838027954
"2024-04-30 10:32:10.0000",13.83,77.94,0.752012014389038,2.80586290359497,6.13322401046753
"2024-04-30 11:02:02.0000",15.06,75.35,0.691062986850739,3.05045127868652,15.2251443862915
"2024-04-30 11:31:56.0000",15.89,72.55,0.689907968044281,2.8551914691925,19.5101451873779
"2024-04-30 12:01:48.0000",15.59,71.27,0.68638801574707,2.46765112876892,11.358772277832
"2024-04-30 12:31:41.0000",16.35,68.56,0.160278379917145,0.746852397918701,5.31620407104492
"2024-04-30 13:01:33.0000",17.36,66.7,0.611674904823303,2.65807938575745,10.1330766677856
"2024-04-30 13:31:24.0000",17.46,64.07,0.630675733089447,2.78076529502869,9.65609836578369
"2024-04-30 14:01:13.0000",17.55,62.19,0.585131108760834,2.764723777771,16.9050178527832
"2024-04-30 14:31:07.0000",19.1,59.04,0.544716358184814,2.75442957878113,16.1518592834473
"2024-04-30 15:00:59.0000",18.24,57.52,0.627946615219116,2.52751302719116,14.6729965209961
"2024-04-30 15:30:50.0000",18.03,57.27,0.604151725769043,2.8167028427124,11.0552997589111
"2024-04-30 16:30:29.0000",17.8,55.92,0.502897500991821,1.79541277885437,5.09739637374878
"2024-04-30 17:00:20.0000",18.07,52.92,0.541668593883514,1.94252681732178,4.95681047439575
"2024-04-30 17:30:13.0000",18.24,51.83,0.0152605921030045,0.162372007966042,1.974489569664
"2024-04-30 18:00:02.0000",16.45,52.24,0.457968950271606,1.61766934394836,3.85100197792053
"2024-04-30 18:29:52.0000",15.29,53.11,0.607775568962097,2.30195903778076,11.5671195983887
"2024-04-30 18:59:41.0000",14.45,54.22,0.556599497795105,1.98967289924622,5.7671914100647
"2024-04-30 19:29:31.0000",13.79,55.89,0.837248563766479,3.08486390113831,9.03680324554443
"2024-04-30 20:59:02.0000",12.2,60.12,1.12548339366913,3.32728314399719,10.8284111022949
"2024-04-30 21:28:53.0000",11.93,61.31,1.0000079870224,2.7775194644928,7.05679559707642
"2024-04-30 21:58:43.0000",11.61,62.5,0.856221973896027,2.51807594299316,9.06035327911377
"2024-04-30 22:28:33.0000",11.07,63.78,0.916234850883484,2.93161702156067,9.67592144012451
"2024-04-30 22:58:23.0000",10.51,64.89,0.967139303684235,2.29876255989075,7.84501314163208
"2024-04-30 23:28:14.0000",10.17,65.94,0.96221786737442,2.1841287612915,7.44365215301514
"2024-04-30 23:58:06.0000",10.2,66.52,0.892414450645447,2.19848608970642,6.71722507476807
"2024-05-01 00:30:56.0000",10.3,66.97,0.862352311611176,1.81327664852142,4.80674123764038
"2024-05-01 01:00:38.0000",9.45,68.42,0.867408990859985,1.7243744134903,5.73231220245361
"2024-05-01 01:30:28.0000",8.79,69.83,0.80667382478714,1.25508642196655,3.11390376091003
"2024-05-01 02:00:18.0000",8.59,70.56,0.00778958527371287,0.0513813756406307,1.72657358646393
"2024-05-01 02:30:09.0000",8.58,70.92,0.423712730407715,0.849350094795227,3.56740975379944
"2024-05-01 03:00:00.0000",8.74,71.23,0.484264642000198,1.02559447288513,3.26595425605774
"2024-05-01 03:29:51.0000",8.73,71.68,0.897461414337158,1.49010860919952,3.36551117897034
"2024-05-01 03:59:42.0000",8.59,72.32,0.77608186006546,1.32216334342957,4.86649942398071
"2024-05-01 04:29:33.0000",8.38,73.28,0,,
"2024-05-01 04:59:24.0000",8.7,73.2,1.17212188243866,1.70576298236847,8.36252021789551
"2024-05-01 05:29:15.0000",9.08,73.32,1.96332287788391,2.82410621643066,4.97932052612305
"2024-05-01 06:02:08.0000",9.7,73.4,1.57413566112518,2.17636203765869,3.92060852050781
"2024-05-01 06:31:50.0000",10.01,73.8,1.81494474411011,2.53057336807251,5.21965837478638
"2024-05-01 07:01:44.0000",11.25,72.91,2.06627368927002,3.2204794883728,7.79159545898438
"2024-05-01 07:31:35.0000",11.24,73.3,1.50310444831848,2.14498853683472,3.95090985298157
"2024-05-01 08:01:31.0000",15.48,66.5,4.56297874450684,6.53595733642578,15.7324914932251
"2024-05-01 08:31:27.0000",16.65,65.07,2.09006977081299,4.41328763961792,8.28257083892822
"2024-05-01 09:01:17.0000",18.09,63.97,2.60948657989502,3.84625363349915,5.76572799682617
"2024-05-01 09:31:11.0000",18.94,63.58,3.00170397758484,4.83159494400024,12.583423614502
"2024-05-01 10:01:02.0000",18.34,64.24,1.79536080360413,3.39079928398132,10.1580629348755
"2024-05-01 10:30:55.0000",19.94,62.31,2.21865940093994,4.20895051956177,10.2030601501465
"2024-05-01 11:00:48.0000",21.4,60.5,2.38634467124939,4.53571939468384,10.5681486129761
"2024-05-01 11:30:40.0000",21.02,61.84,2.69942164421082,5.24455451965332,11.3602771759033
"2024-05-01 12:00:29.0000",18.95,63.35,3.6234438419342,6.6127028465271,17.8329238891602
"2024-05-01 12:30:23.0000",20.97,62.31,3.32075142860413,5.1107006072998,17.0993232727051
"2024-05-01 13:00:12.0000",20.38,63.12,3.11129832267761,5.78870916366577,18.5797004699707
"2024-05-01 13:30:08.0000",22.62,60.38,3.26615715026855,5.64221000671387,17.6996078491211
"2024-05-01 14:00:00.0000",23.2,59.77,1.91862177848816,3.45411157608032,10.1616687774658
"2024-05-01 14:59:39.0000",20.08,60.75,1.73137450218201,4.0103325843811,12.4630107879639
"2024-05-01 15:29:28.0000",20.14,60.97,1.92006993293762,3.40961861610413,10.9731616973877
"2024-05-01 15:59:22.0000",19.74,59.85,0.183234199881554,0.282798647880554,1.95998799800873
"2024-05-01 16:29:09.0000",17.11,61.84,4.87998056411743,8.25032424926758,30.110143661499
"2024-05-01 16:59:01.0000",18.21,61.71,3.66528058052063,5.73842668533325,10.0166788101196
"2024-05-01 17:28:47.0000",15.38,62.72,2.41541910171509,4.58628034591675,14.6534385681152
"2024-05-01 17:58:35.0000",13.83,63.98,3.60685968399048,6.70114088058472,18.7600650787354
"2024-05-01 18:28:25.0000",13.19,64.4,3.31044054031372,6.13328313827515,13.2089996337891
"2024-05-01 18:58:14.0000",12.57,64.89,3.58875226974487,7.02715396881104,19.7077808380127
"2024-05-01 19:28:04.0000",11.42,66.63,6.15328407287598,11.0982141494751,21.673620223999
"2024-05-01 19:57:54.0000",10.98,68.03,5.76977920532227,10.140754699707,20.9555912017822
"2024-05-01 20:27:46.0000",10.79,68.93,2.81942915916443,6.55893230438232,29.1567401885986
"2024-05-01 20:57:37.0000",10.3,69.61,2.72439002990723,7.45231151580811,32.9562225341797
"2024-05-01 21:27:27.0000",10.14,70.18,3.53104019165039,7.11105108261108,18.3912048339844
"2024-05-01 21:57:18.0000",9.68,71.2,4.44776105880737,9.35248184204102,26.0230922698975
"2024-05-01 22:27:09.0000",9.33,72.17,5.6674952507019,12.9490985870361,34.4489555358887
"2024-05-01 22:56:59.0000",9.2,72.87,6.54917144775391,13.3522186279297,33.0660781860352
"2024-05-01 23:26:51.0000",9.11,73.54,5.64871501922607,14.2502555847168,33.1650505065918
"2024-05-01 23:56:43.0000",9.39,73.93,0.0784390345215797,0.126788809895515,1.80198132991791
"2024-05-02 00:26:34.0000",9.44,74.15,5.97602462768555,13.6977033615112,30.1461734771729
"2024-05-02 00:56:25.0000",9.25,74.64,3.33008575439453,8.46413421630859,21.187593460083
"2024-05-02 01:26:16.0000",9.19,75.38,6.41837024688721,15.1231155395508,38.6990280151367
"2024-05-02 02:55:51.0000",9.15,76.46,6.43861818313599,18.654125213623,42.007740020752
"2024-05-02 03:25:41.0000",9,77.14,11.4230346679688,25.7701663970947,58.5478591918945
"2024-05-02 03:55:31.0000",8.79,77.78,15.0738496780396,34.921199798584,89.7593154907227
"2024-05-02 04:25:21.0000",8.83,78.16,16.3918590545654,34.1390914916992,78.5010833740234
"2024-05-02 04:55:12.0000",8.69,78.36,13.7231025695801,24.0003757476807,45.8668899536133
"2024-05-02 05:25:04.0000",8.74,78.53,12.026421546936,18.9000968933105,31.2072601318359
"2024-05-02 05:54:55.0000",9.35,78.65,10.6217441558838,18.568323135376,47.0019111633301
"2024-05-02 06:24:48.0000",10.41,78.02,8.71150398254395,14.2627811431885,28.7510814666748
"2024-05-02 06:54:42.0000",11.54,76.98,7.69000387191772,12.3138656616211,21.2757778167725
"2024-05-02 07:24:34.0000",12.3,76.84,7.16577863693237,11.9167146682739,20.7088851928711
"2024-05-02 07:54:28.0000",14.8,73.81,6.36254739761353,10.8667221069336,15.9898109436035
"2024-05-02 08:24:24.0000",17.26,70.35,6.32686567306519,10.4605236053467,22.5658893585205
"2024-05-02 08:54:19.0000",19.36,68.05,0.146446526050568,0.275430917739868,1.99008500576019
"2024-05-02 09:24:14.0000",20.21,67.43,5.49480152130127,14.3132238388062,41.0911140441895
"2024-05-02 09:54:02.0000",18.82,69.12,5.41415977478027,16.7420520782471,48.9520683288574
"2024-05-02 10:23:50.0000",18.16,70,0.115019135177135,0.486595213413239,2.74685621261597
"2024-05-02 10:53:47.0000",22.69,65.35,4.34492444992065,14.0848894119263,63.4366722106934
"2024-05-02 11:23:43.0000",24.35,63.56,4.1428542137146,13.4292783737183,31.6533470153809
"2024-05-02 11:53:36.0000",26.14,61.28,3.7482705116272,11.6955223083496,61.4192695617676
"2024-05-02 12:23:29.0000",26.57,60.28,3.21721291542053,11.9894924163818,64.8409271240234
"2024-05-02 12:53:20.0000",27.47,58.91,3.15074896812439,11.4633350372314,47.5596542358398
"2024-05-02 13:23:11.0000",26.9,58.07,3.33012747764587,11.1850805282593,27.111328125
"2024-05-02 13:53:03.0000",27.45,57.15,3.28787922859192,12.496301651001,30.2765884399414
"2024-05-02 14:22:56.0000",28.87,55.7,2.32357168197632,8.61237335205078,45.0075149536133
"2024-05-02 14:52:47.0000",27.83,55.45,2.11577773094177,8.50826930999756,38.9501609802246
"2024-05-02 15:22:36.0000",25.96,54.65,2.33858895301819,8.97110080718994,40.7339248657227
"2024-05-02 15:52:26.0000",25.03,54.8,2.30054211616516,9.5487060546875,43.7303810119629
"2024-05-02 16:22:16.0000",24,55.36,3.41699886322021,12.4568204879761,34.9978828430176
"2024-05-02 16:52:05.0000",22.37,56.67,3.85040998458862,14.8468408584595,56.726921081543
"2024-05-02 17:21:55.0000",21.79,57.86,3.48722147941589,12.8693561553955,40.4357452392578
"2024-05-02 17:51:45.0000",21.07,58.2,4.29292440414429,17.1594581604004,59.7383804321289
"2024-05-02 18:21:33.0000",19.71,59.06,4.4060697555542,18.0994396209717,64.5903930664062
"2024-05-02 18:51:23.0000",18.36,60,4.75782108306885,16.2973194122314,40.1166534423828
"2024-05-02 19:21:11.0000",16.94,61.15,4.75062990188599,17.9641189575195,48.9612655639648
"2024-05-02 19:51:01.0000",15.76,62.18,5.01501655578613,17.1130657196045,45.4817695617676
"2024-05-02 20:20:52.0000",14.88,63.12,0.0262616630643606,0.0795462429523468,1.75508081912994
"2024-05-02 20:50:41.0000",14.14,63.83,6.20514965057373,21.4770488739014,43.7871208190918
"2024-05-02 21:20:31.0000",13.47,64.62,6.66956663131714,22.9311981201172,54.0284996032715
"2024-05-02 21:50:22.0000",12.83,65.74,9.21970462799072,20.5437469482422,43.5470352172852
"2024-05-02 22:20:13.0000",12.04,67.2,8.93228912353516,17.954273223877,36.5828323364258
"2024-05-02 22:50:03.0000",11.66,67.76,0.125987067818642,0.206312447786331,1.88685476779938
"2024-05-02 23:19:53.0000",11.22,68.09,6.84807014465332,23.3823528289795,56.833683013916
"2024-05-02 23:49:43.0000",10.99,68.62,7.14303255081177,24.9491901397705,51.6201858520508
"2024-05-03 00:19:34.0000",11.08,68.66,7.60896158218384,24.6234512329102,52.4865379333496
"2024-05-03 00:49:24.0000",10.17,69.48,0,,
"2024-05-03 01:19:14.0000",9.62,70.2,7.81075429916382,26.2701835632324,55.3661460876465
"2024-05-03 01:49:03.0000",9.25,70.85,7.88397169113159,26.2932472229004,56.4326362609863
"2024-05-03 02:18:54.0000",9.08,71.38,8.14507484436035,27.5897998809814,54.1695861816406
"2024-05-03 02:48:45.0000",9.19,71.46,7.40470933914185,24.4506435394287,49.2847328186035
"2024-05-03 03:21:35.0000",9.8,71.44,7.71345520019531,23.7521495819092,45.1293525695801
"2024-05-03 03:51:19.0000",9.97,71.72,6.74252986907959,22.4950771331787,42.4026107788086
"2024-05-03 04:21:09.0000",10.15,71.83,6.6333065032959,21.2150001525879,43.7997894287109
"2024-05-03 04:51:01.0000",10.24,72.04,7.10810422897339,22.7277679443359,41.6105918884277
"2024-05-03 05:20:52.0000",10.51,72.1,7.22823715209961,22.260498046875,41.229320526123
"2024-05-03 05:50:44.0000",10.7,72.4,7.44818258285522,22.5771636962891,55.9344596862793
"2024-05-03 06:20:35.0000",10.9,72.82,10.263542175293,20.9916114807129,36.8489189147949
"2024-05-03 06:50:26.0000",10.79,73.18,16.4183006286621,33.852367401123,55.6419410705566
"2024-05-03 07:20:19.0000",10.66,73.83,16.8557949066162,33.3070793151855,49.8277626037598
"2024-05-03 07:50:10.0000",10.55,74.35,14.1554803848267,24.7804431915283,34.7558364868164
"2024-05-03 08:20:02.0000",10.78,74.62,14.432243347168,25.3953495025635,41.0792236328125
"2024-05-03 08:49:54.0000",10.81,75.05,16.9132518768311,27.6261653900146,48.2894897460938
"2024-05-03 09:19:45.0000",11.17,75.44,12.1114988327026,19.0150279998779,29.3783073425293
"2024-05-03 09:49:37.0000",11.69,75.49,9.33880138397217,15.4368801116943,21.6969203948975
"2024-05-03 10:19:28.0000",11.8,75.65,8.44865894317627,14.1380815505981,25.8839569091797
"2024-05-03 10:49:20.0000",12.02,75.68,7.3687047958374,13.9106321334839,38.1129531860352
"2024-05-03 11:19:11.0000",11.91,75.73,6.64030408859253,13.7543210983276,40.0307426452637
"2024-05-03 11:49:03.0000",12.11,76.19,5.32603883743286,13.7192039489746,49.6315002441406
"2024-05-03 12:18:56.0000",12.58,75.8,5.64332008361816,11.9813547134399,32.0514297485352
"2024-05-03 12:48:48.0000",12.53,76.06,4.82689428329468,9.26944541931152,26.7437496185303
"2024-05-03 13:18:37.0000",12.62,75.9,5.33337068557739,10.8338346481323,26.873067855835
"2024-05-03 13:48:30.0000",13.02,75.94,5.70117378234863,10.730001449585,21.6237506866455
"2024-05-03 15:18:07.0000",14.94,74.48,3.02968192100525,5.83339834213257,18.2329807281494
"2024-05-03 16:17:47.0000",13.44,75.39,3.9130802154541,7.12537002563477,11.5885200500488
"2024-05-03 16:47:38.0000",12.81,75.73,3.54518485069275,6.05195331573486,16.9530048370361
"2024-05-03 17:17:27.0000",11.82,76.61,5.73911428451538,9.73717212677002,15.028172492981
"2024-05-03 17:47:17.0000",11.23,77.44,7.49937295913696,14.0038499832153,19.687629699707
"2024-05-03 18:17:07.0000",10.83,78.25,0.0299729835242033,0.0758137702941895,1.75120759010315
"2024-05-03 18:46:58.0000",10.56,78.8,4.80980587005615,8.19736862182617,16.2587985992432
"2024-05-03 19:16:50.0000",10.44,79.32,5.8490424156189,10.1924524307251,14.9616289138794
"2024-05-03 19:46:42.0000",10.39,80.06,6.84232187271118,11.015923500061,15.551830291748
"2024-05-03 20:16:33.0000",10.27,80.8,9.11577033996582,14.7365608215332,23.627124786377
"2024-05-03 20:46:23.0000",10.21,81.73,0,,
"2024-05-03 21:16:14.0000",9.96,82.32,0.0243444815278053,0.0681105628609657,1.74344217777252
"2024-05-03 21:46:04.0000",9.74,83.02,3.07816743850708,5.20804786682129,8.86007118225098
"2024-05-03 22:15:57.0000",9.78,83.46,4.80234098434448,7.20753908157349,15.2721748352051
"2024-05-03 22:45:47.0000",9.68,84.04,4.79784297943115,6.92761993408203,10.7098836898804
"2024-05-03 23:15:38.0000",9.49,84.8,2.08338594436646,3.28989481925964,6.30272626876831
"2024-05-03 23:45:29.0000",9.37,85.3,1.31908071041107,2.34992527961731,14.1946325302124
"2024-05-04 00:15:20.0000",9.35,85.64,1.12880492210388,1.99959170818329,4.81335687637329
"2024-05-04 00:45:10.0000",9.31,86.02,0.819967925548553,1.73243951797485,5.40747785568237
"2024-05-04 01:15:03.0000",9.23,86.45,0,,
"2024-05-04 01:44:53.0000",9.16,86.78,0.6079341173172,1.02680838108063,2.76503348350525
"2024-05-04 02:14:45.0000",9.1,87.23,0.234218776226044,0.758084356784821,10.7547731399536
"2024-05-04 02:44:37.0000",9.04,87.68,0.190957009792328,0.56649112701416,2.69741797447205
"2024-05-04 03:17:27.0000",9.37,87.69,0.320094883441925,0.723174035549164,8.31829357147217
"2024-05-04 03:47:09.0000",9.13,88.17,0.543948233127594,1.1038259267807,3.67144298553467
"2024-05-04 04:17:00.0000",9.07,88.6,0.404247224330902,0.780825972557068,3.55329895019531
"2024-05-04 04:46:52.0000",9.11,88.84,0.440392434597015,0.871945679187775,2.97515821456909
"2024-05-04 05:16:43.0000",9.22,88.69,0.508852541446686,1.46166849136353,5.79692935943604
"2024-05-04 05:46:34.0000",9.37,88.6,0,,
"2024-05-04 06:16:25.0000",9.58,88.46,0.448855549097061,1.10977864265442,6.10669708251953
"2024-05-04 06:46:17.0000",9.5,88.29,0.829931855201721,1.74523425102234,4.72934818267822
"2024-05-04 07:16:08.0000",9.6,88.54,1.07227253913879,1.98987853527069,5.75622224807739
"2024-05-04 07:46:01.0000",9.8,88.39,1.08533704280853,2.3782970905304,5.75670099258423
"2024-05-04 08:15:53.0000",9.99,88.78,1.64381539821625,3.41424083709717,8.23522758483887
"2024-05-04 08:45:44.0000",10.2,88.45,0.0949484780430794,0.183019489049911,1.86368584632874
"2024-05-04 09:15:36.0000",10.33,88.54,1.58789074420929,3.59588527679443,11.7071809768677
"2024-05-04 09:45:28.0000",10.99,88.29,1.36483430862427,4.2161340713501,13.5652837753296
"2024-05-04 10:15:20.0000",11.83,87.82,1.42490243911743,4.28040266036987,28.2883567810059
"2024-05-04 10:45:12.0000",12.72,86.94,1.0805002450943,3.49651789665222,7.59955739974976
"2024-05-04 11:15:03.0000",12.59,86.42,1.07480156421661,3.2695209980011,13.6419343948364
"2024-05-04 11:44:54.0000",12.94,86.08,1.06017374992371,2.90990352630615,13.1052656173706
"2024-05-04 12:14:46.0000",12.78,85.26,0.703719198703766,2.78910851478577,10.8258190155029
"2024-05-04 12:44:36.0000",12.59,84.62,1.42857277393341,4.01814031600952,10.4574165344238
"2024-05-04 13:14:27.0000",12.18,84.55,1.20101153850555,4.05175924301147,7.90376138687134
"2024-05-04 13:44:16.0000",12.12,84.43,1.03160929679871,4.1875524520874,19.9208126068115
"2024-05-04 14:14:07.0000",12.35,83.54,1.07986438274384,3.79372239112854,11.052661895752
"2024-05-04 14:43:58.0000",12.34,82.73,2.17571520805359,5.41469097137451,21.6693878173828
"2024-05-04 15:13:47.0000",12.13,82.85,1.05254983901978,4.61672830581665,12.5668172836304
"2024-05-04 15:43:38.0000",11.89,82.76,1.31336998939514,5.28755378723145,24.7195987701416
"2024-05-04 16:13:28.0000",11.77,82.44,1.07121229171753,3.97113990783691,10.7289667129517
"2024-05-04 16:43:19.0000",11.84,81.99,1.11779379844666,3.52908062934875,14.3194017410278
"2024-05-04 17:13:10.0000",11.93,81.59,2.76348328590393,6.9284405708313,12.9921789169312
"2024-05-04 17:43:01.0000",11.94,81.12,7.33454561233521,9.62814331054688,13.8668260574341
"2024-05-04 18:12:51.0000",11.64,81.08,0.0427412465214729,0.0877071917057037,1.76314079761505
"2024-05-04 18:42:41.0000",11.44,80.87,1.9521017074585,4.74714326858521,21.8006629943848
"2024-05-04 19:12:32.0000",11.22,80.72,1.79272794723511,4.85754060745239,14.2805509567261
"2024-05-04 19:42:23.0000",10.94,80.67,2.46535658836365,5.00978326797485,9.69344425201416
"2024-05-04 20:12:13.0000",10.67,80.74,2.20491433143616,5.54864883422852,11.3278999328613
"2024-05-04 20:42:05.0000",10.54,80.74,2.10873889923096,5.05928182601929,19.6087341308594
"2024-05-04 21:11:55.0000",10.43,80.9,0.0724136829376221,0.161698907613754,1.84277272224426
"2024-05-04 21:41:46.0000",10.3,80.87,2.04978370666504,4.9739670753479,9.93858528137207
"2024-05-04 22:11:37.0000",10.09,81.3,2.50281476974487,7.07005739212036,22.963903427124
"2024-05-04 22:41:27.0000",9.98,81.54,2.65757536888123,6.0794243812561,15.7506647109985
"2024-05-04 23:11:17.0000",9.68,81.91,4.47260093688965,9.54475975036621,17.8132190704346
"2024-05-04 23:41:08.0000",9.25,82.44,3.44243574142456,6.80186033248901,15.8716278076172
"2024-05-05 00:10:59.0000",9.19,82.91,3.39205622673035,8.05287551879883,21.0648708343506
"2024-05-05 00:40:50.0000",9.28,82.85,4.19849157333374,9.12271595001221,24.2575092315674
"2024-05-05 01:10:41.0000",9.31,83.09,4.12951040267944,7.88457107543945,18.8392601013184
"2024-05-05 01:40:31.0000",9.24,83.26,4.12790679931641,8.43023300170898,14.462646484375
"2024-05-05 02:10:23.0000",9.08,83.46,4.14998483657837,8.05112743377686,14.9654407501221
"2024-05-05 02:40:13.0000",8.98,83.63,2.96907210350037,5.71562623977661,12.501856803894
"2024-05-05 03:10:04.0000",8.91,83.63,3.33649897575378,6.35714483261108,12.4471445083618
"2024-05-05 03:39:55.0000",8.91,83.63,3.1689088344574,5.62195348739624,10.831166267395
"2024-05-05 04:09:45.0000",8.76,83.69,3.41574382781982,6.00420331954956,11.5374040603638
"2024-05-05 04:42:36.0000",8.85,83.66,2.83250641822815,5.44340515136719,12.6879930496216
"2024-05-05 05:15:18.0000",8.48,83.85,0.0107127232477069,0.054342944175005,1.72985470294952
"2024-05-05 05:44:59.0000",8.42,83.95,2.98498439788818,5.30842018127441,16.7910995483398
"2024-05-05 06:14:49.0000",9.07,83.4,2.31482934951782,4.82517528533936,9.65870380401611
"2024-05-05 06:44:42.0000",10.91,80.66,2.17756628990173,4.65147304534912,11.1113119125366
"2024-05-05 07:14:45.0000",16.88,69.51,1.55788779258728,3.43039417266846,7.68302822113037
"2024-05-05 07:44:35.0000",15.79,72.65,1.0956574678421,2.82746124267578,5.66062355041504
"2024-05-05 08:14:30.0000",17.47,70.51,1.49279820919037,4.46889114379883,8.20798301696777
"2024-05-05 08:44:24.0000",19.14,68.08,1.32527589797974,3.25901913642883,10.4025526046753
"2024-05-05 09:14:17.0000",20.23,67.75,1.36018526554108,3.20042681694031,6.87972211837769
"2024-05-05 09:44:08.0000",20.18,67.96,1.60902094841003,3.98546934127808,9.58772563934326
"2024-05-05 10:14:03.0000",21.42,66.55,1.32599472999573,2.95241236686707,12.8077383041382
"2024-05-05 10:43:54.0000",22.01,65.27,0.555866718292236,2.02690887451172,11.3581438064575
"2024-05-05 11:13:48.0000",23.04,63.65,0.629659950733185,1.83058083057404,4.693603515625
"2024-05-05 11:21:30.0000",25.69,58.28,0.512754023075104,1.41739165782928,8.0239953994751
"2024-05-05 11:43:42.0000",24.15,61.85,0.780088782310486,2.58750987052917,9.18577480316162
"2024-05-05 11:51:32.0000",26.69,54.03,0.50292843580246,1.20543766021729,6.45498132705688
"2024-05-05 12:13:33.0000",24.82,60.42,0.636339366436005,1.77931392192841,7.07095146179199
"2024-05-05 12:43:23.0000",25.89,59.13,0.643106520175934,2.64273834228516,7.62447166442871
"2024-05-05 13:13:14.0000",25.14,58.64,0.739435434341431,2.53999781608582,8.11185932159424
"2024-05-05 13:43:08.0000",26.97,57.19,0.908626854419708,2.16543960571289,5.00787353515625
"2024-05-05 14:13:00.0000",27.39,56.27,0.862371921539307,2.77376532554626,6.85099077224731
"2024-05-05 14:42:53.0000",28.46,55.19,0.677503824234009,1.8159556388855,7.03976774215698
"2024-05-05 15:12:43.0000",27.74,55.35,0.640146315097809,2.03986167907715,5.63065195083618
"2024-05-05 15:42:32.0000",26.86,54.51,0.648238480091095,2.63375449180603,8.66650581359863
"2024-05-05 16:12:20.0000",23.71,55.86,0.627457737922668,2.21131730079651,6.89993143081665
"2024-05-05 16:42:11.0000",24.62,53.74,0.596859872341156,2.20787882804871,9.42421245574951
"2024-05-05 17:11:58.0000",22.21,54.03,0.55822890996933,1.5109920501709,3.6848132610321
"2024-05-05 17:41:48.0000",21.85,54.74,0.651063978672028,1.84979772567749,3.83504319190979
"2024-05-05 18:11:36.0000",19.47,54.29,0.571101903915405,2.13898086547852,15.8695869445801
"2024-05-05 18:41:22.0000",16.96,55.39,0.672894060611725,1.99989473819733,4.60602712631226
"2024-05-05 19:11:10.0000",15.46,56.3,0.933669209480286,2.36551427841187,11.879979133606
"2024-05-05 19:41:01.0000",14.68,56.93,1.02443635463715,2.26146483421326,10.4593143463135
"2024-05-05 20:10:50.0000",13.79,58.03,0.951649010181427,3.3344259262085,12.8669605255127
"2024-05-05 20:40:41.0000",13.37,58.59,1.10260164737701,2.70299243927002,6.54710960388184
"2024-05-05 21:10:29.0000",12.69,59.45,1.46733629703522,3.68471121788025,8.75232887268066
"2024-05-05 21:40:19.0000",12.24,60.74,2.07087111473083,4.89442253112793,14.0158424377441
"2024-05-05 22:10:09.0000",12.01,62.09,2.50969219207764,5.5506911277771,13.9419574737549
"2024-05-05 22:39:59.0000",11.85,63.36,3.58257603645325,6.85489654541016,10.8484363555908
"2024-05-05 23:09:49.0000",11.47,64.8,0.0107101509347558,0.0543298982083797,1.72943937778473
"2024-05-05 23:39:39.0000",11.29,65.69,5.75779438018799,10.5913696289062,17.4781017303467
"2024-05-06 00:09:31.0000",11.2,66.63,5.6332688331604,10.1692132949829,19.8148918151855
"2024-05-06 00:39:20.0000",11.02,67.54,5.0355052947998,9.38095569610596,15.292763710022
"2024-05-06 01:09:11.0000",10.81,68.49,4.9324631690979,8.49465560913086,14.4756803512573
"2024-05-06 01:39:00.0000",10.61,69.37,5.40106868743896,9.41032218933105,14.7473373413086
"2024-05-06 02:08:51.0000",10.53,70.03,6.53964281082153,10.3181562423706,14.1580238342285
"2024-05-06 02:38:42.0000",10.59,70.57,6.44984292984009,10.6895437240601,20.3374938964844
"2024-05-06 03:08:33.0000",10.56,71.21,4.64401865005493,6.55456590652466,11.2188577651978
"2024-05-06 03:38:23.0000",10.44,71.97,3.61710834503174,5.34341812133789,11.6925506591797
"2024-05-06 04:08:14.0000",10.53,72.41,4.43468332290649,7.06653070449829,13.9397268295288
"2024-05-06 04:38:05.0000",10.68,72.98,5.78921985626221,9.52424240112305,19.7024879455566
"2024-05-06 05:07:56.0000",10.86,73.51,5.47231388092041,8.03402900695801,10.8126268386841
"2024-05-06 05:37:48.0000",11.24,73.95,4.94801378250122,7.47131967544556,11.0660018920898
"2024-05-06 06:07:40.0000",11.67,74.22,4.83094549179077,7.76948165893555,15.4072818756104
"2024-05-06 06:37:32.0000",12.19,74.21,5.83724784851074,9.5124568939209,14.6467914581299
"2024-05-06 07:07:22.0000",12.2,74.7,4.52291679382324,8.24984169006348,17.7537498474121
"2024-05-06 07:37:12.0000",12.17,74.93,5.18292236328125,9.11495018005371,23.1167850494385
"2024-05-06 08:07:03.0000",12.03,75.01,7.54474210739136,11.2774066925049,14.874852180481
"2024-05-06 08:36:54.0000",12.18,75.6,4.47508335113525,7.30123662948608,20.7541847229004
"2024-05-06 09:06:47.0000",12.84,75.44,3.35538077354431,5.39763402938843,9.46498775482178
"2024-05-06 09:36:39.0000",13.35,75.29,2.03420257568359,4.37757396697998,11.6724224090576
"2024-05-06 10:06:31.0000",13.13,75.53,2.73303937911987,4.84633255004883,12.3574047088623
"2024-05-06 10:36:23.0000",13.37,75.72,2.82265448570251,5.09674596786499,13.4721021652222
"2024-05-06 11:06:15.0000",14.62,75.17,3.89472985267639,7.56886053085327,12.9927082061768
"2024-05-06 11:36:08.0000",14.92,74.56,2.97402119636536,6.36667394638062,11.3398771286011
"2024-05-06 12:06:00.0000",15.6,73.95,2.75220847129822,4.91090488433838,8.33325576782227
"2024-05-06 12:35:52.0000",16.91,73.08,0.32326528429985,0.890649676322937,3.28925251960754
"2024-05-06 13:05:44.0000",17.79,71.94,2.02661848068237,3.56793713569641,7.04959535598755
"2024-05-06 13:35:38.0000",19.7,70.94,0.027163065969944,0.0719737187027931,1.74760711193085
"2024-05-06 14:05:32.0000",21.19,69.12,1.75163793563843,3.16744828224182,5.82452201843262
"2024-05-06 14:35:18.0000",17.4,69.81,2.53582191467285,4.85455417633057,12.6234226226807
"2024-05-06 15:05:05.0000",15.18,71.13,2.72630429267883,5.52753591537476,15.1441898345947
"2024-05-06 15:34:55.0000",14.19,71.71,3.0931031703949,6.17462396621704,15.7878141403198
"2024-05-06 16:04:46.0000",13.82,71.58,2.30021405220032,4.01018238067627,7.02199459075928
"2024-05-06 16:34:37.0000",13.35,71.99,2.74931597709656,5.25482130050659,13.5482044219971
"2024-05-06 17:04:28.0000",12.68,72.34,2.4281952381134,4.20442962646484,8.37613582611084
"2024-05-06 17:34:18.0000",12.4,72.81,3.15504622459412,5.3865852355957,11.2304821014404
"2024-05-06 18:04:07.0000",11.78,73.48,4.04708766937256,7.07753849029541,12.7817039489746
"2024-05-06 18:33:58.0000",11.84,73.86,2.98164367675781,5.85267543792725,11.3583784103394
"2024-05-06 19:03:50.0000",11.81,73.99,3.16374826431274,4.91679620742798,7.00406122207642
"2024-05-06 19:33:39.0000",11.76,74.46,3.21352362632751,6.77328729629517,15.4326963424683
"2024-05-06 20:03:29.0000",11.53,74.93,3.70691084861755,8.53757476806641,21.027889251709
"2024-05-06 20:33:19.0000",11.23,75.57,0.0455215573310852,0.201402217149734,2.01339888572693
"2024-05-06 21:03:10.0000",11.18,75.86,4.00020551681519,11.1848287582397,27.1856269836426
"2024-05-06 21:33:00.0000",11.23,76.13,3.89850997924805,10.3887825012207,24.2358112335205
"2024-05-06 22:02:51.0000",11.17,76.49,4.28202199935913,11.2315006256104,24.0237636566162
"2024-05-06 22:32:42.0000",11.07,76.93,4.07866430282593,12.0053815841675,28.4295425415039
"2024-05-06 23:02:31.0000",10.97,77.34,4.29376935958862,10.8256301879883,23.5656147003174
"2024-05-06 23:32:22.0000",10.94,77.65,4.63012313842773,13.2284526824951,28.8363609313965
"2024-05-07 00:02:13.0000",10.88,77.89,4.78824281692505,12.0539388656616,29.9536418914795
"2024-05-07 00:32:03.0000",10.86,78.23,0.0447937101125717,0.0887704715132713,1.76409697532654
"2024-05-07 01:01:53.0000",10.75,78.39,7.16134262084961,18.2137088775635,35.1639099121094
"2024-05-07 02:01:34.0000",10.66,79.15,7.99109315872192,19.7698211669922,44.0726013183594
"2024-05-07 02:31:25.0000",10.47,79.41,0.114424504339695,0.23254719376564,1.94656896591187
"2024-05-07 03:01:16.0000",10.48,79.88,10.6634092330933,25.0754165649414,63.8123397827148
"2024-05-07 03:31:07.0000",10.75,79.9,11.0654640197754,27.0981369018555,51.8490447998047
"2024-05-07 04:00:59.0000",10.87,80.14,12.4582138061523,27.9508285522461,72.5515670776367
"2024-05-07 04:30:52.0000",10.9,80.33,15.1308155059814,30.7424468994141,72.6525421142578
"2024-05-07 05:00:44.0000",11.04,80.73,18.806978225708,37.7647514343262,67.3998336791992
"2024-05-07 05:30:35.0000",11.29,81.01,15.9146871566772,28.6551361083984,48.8508796691895
"2024-05-07 06:00:27.0000",12.1,80.88,0.026294032111764,0.0700835138559341,1.74554204940796
"2024-05-07 06:30:20.0000",13.04,79.97,5.03778553009033,7.23969078063965,9.77923583984375
"2024-05-07 07:00:16.0000",16.57,72.88,3.48527073860168,6.08383464813232,10.3998308181763
"2024-05-07 07:30:12.0000",18.37,69.83,2.65171694755554,4.10926818847656,8.05827808380127
"2024-05-07 08:00:01.0000",16.59,74.16,2.18421292304993,3.31973218917847,15.7842702865601
"2024-05-07 08:29:51.0000",15.59,76.66,0.0416654832661152,0.0876341387629509,1.76329815387726
"2024-05-07 08:59:41.0000",15.55,76.83,2.03535723686218,3.28282594680786,5.52167177200317
"2024-05-07 09:29:34.0000",15.74,76.62,1.7135101556778,2.75691962242126,8.10073471069336
"2024-05-07 09:59:25.0000",16.55,76.16,1.97914552688599,3.02737283706665,7.54299211502075
"2024-05-07 10:59:11.0000",18.95,72.96,2.18666815757751,3.64518928527832,10.1379899978638
"2024-05-07 12:28:54.0000",23.55,66.84,1.8964079618454,2.96216726303101,9.80869102478027
"2024-05-07 13:28:35.0000",22.03,67.06,2.25890803337097,4.13312530517578,19.6245765686035
"2024-05-07 13:58:30.0000",24.11,64.19,2.40369415283203,3.93901538848877,10.9777212142944
"2024-05-07 14:17:34.0000",21.07,56.67,1.13316535949707,2.0817232131958,4.69439029693604
"2024-05-07 14:28:17.0000",20.86,65.83,2.42089366912842,3.50190043449402,6.16491937637329
"2024-05-07 14:58:12.0000",25.5,63.76,1.52281999588013,2.93599128723145,10.9025812149048
"2024-05-07 15:28:00.0000",22.49,63.68,2.70412850379944,4.96329736709595,30.8680744171143
"2024-05-07 15:57:50.0000",24.07,64.37,1.5416225194931,2.85479664802551,8.77471160888672
"2024-05-07 16:27:44.0000",25.43,61.08,1.60210061073303,3.21476149559021,5.87766695022583
"2024-05-07 16:57:31.0000",24.07,61.63,1.91423559188843,3.63032746315002,11.8618974685669
"2024-05-07 17:27:20.0000",23.91,61.23,1.6721693277359,3.0469982624054,9.66034984588623
"2024-05-07 17:28:42.0000",18.65,59.48,2.87077498435974,4.82132625579834,15.1146364212036
"2024-05-07 17:57:07.0000",20.7,61.01,1.81908929347992,3.58616518974304,22.8918228149414
"2024-05-07 18:26:54.0000",18.92,61.8,3.02493286132812,5.66000032424927,11.7658634185791
"2024-05-07 18:56:44.0000",17.61,62.49,2.69990205764771,5.08552312850952,17.3098697662354
"2024-05-07 19:26:34.0000",17.08,63.03,5.17713212966919,8.3919563293457,21.0995655059814
"2024-05-07 19:56:24.0000",15.7,64.46,6.84437036514282,10.7451467514038,20.9852714538574
"2024-05-07 20:16:53.0000",16.82,58.72,1.60383069515228,3.3355188369751,12.3880271911621
"2024-05-07 20:56:05.0000",13.93,67.11,6.89440536499023,10.7698307037354,24.8862228393555
"2024-05-07 21:25:55.0000",13.48,68.11,7.16572284698486,10.181830406189,14.5525941848755
"2024-05-07 21:55:46.0000",13.68,68.5,7.31821632385254,10.8954744338989,13.9846239089966
"2024-05-07 22:25:35.0000",13.54,68.84,8.46089553833008,12.7487230300903,23.2788257598877
"2024-05-07 22:55:25.0000",13.24,69.72,7.7387809753418,11.0402736663818,22.7320423126221
"2024-05-07 23:25:15.0000",13.46,70.05,8.71275997161865,12.5233087539673,21.0315170288086
"2024-05-07 23:55:05.0000",13.27,70.56,8.5466136932373,12.4010047912598,33.999153137207
"2024-05-08 00:24:57.0000",13.19,71.09,5.49594831466675,8.27588081359863,11.127251625061
"2024-05-08 00:54:48.0000",13.26,71.14,0.231148913502693,0.367692947387695,2.04961013793945
"2024-05-08 01:24:39.0000",13.09,71.43,4.51019716262817,7.13238430023193,19.988941192627
"2024-05-08 01:54:30.0000",12.95,71.95,4.79182529449463,7.3828558921814,18.8931617736816
"2024-05-08 02:24:20.0000",12.81,72.19,6.54630422592163,9.5891284942627,17.6139259338379
"2024-05-08 02:54:10.0000",11.49,73.38,24.111120223999,33.3298301696777,46.6097755432129
"2024-05-08 03:16:18.0000",12.71,66.69,9.05437088012695,12.951587677002,19.8795928955078
"2024-05-08 03:46:14.0000",12.35,67.45,17.467414855957,25.581787109375,30.437219619751
"2024-05-08 03:53:51.0000",10.75,74.95,20.6937026977539,32.2908554077148,51.7052154541016
"2024-05-08 04:23:41.0000",10.59,75.35,23.8136787414551,40.7164192199707,91.1495513916016
"2024-05-08 04:53:32.0000",10.44,75.84,23.2946548461914,43.4939727783203,351.331787109375
"2024-05-08 05:23:24.0000",10.5,76.09,22.9109134674072,39.1089782714844,75.3837966918945
"2024-05-08 05:53:16.0000",10.77,76.61,20.9412212371826,33.590705871582,54.5405921936035
"2024-05-08 06:16:06.0000",13.3,69.43,14.7575607299805,25.1229686737061,34.490291595459
"2024-05-08 06:46:08.0000",13.64,69.64,12.5429801940918,20.1219272613525,23.9512615203857
"2024-05-08 06:53:01.0000",12.12,76.4,20.4270038604736,30.5626583099365,37.018726348877
"2024-05-08 07:22:53.0000",12.51,76.47,18.841968536377,27.6127414703369,33.2429504394531
"2024-05-08 07:52:45.0000",13.58,76.05,17.8310146331787,26.0600051879883,31.7081451416016
"2024-05-08 08:22:36.0000",13.65,76.5,18.5413589477539,27.6214504241943,41.8033828735352
"2024-05-08 08:52:30.0000",14.8,75.7,17.6442070007324,25.1191368103027,36.0933990478516
"2024-05-08 09:22:21.0000",15.41,75.27,11.7911043167114,17.5149078369141,25.2325305938721
"2024-05-08 09:52:14.0000",16.84,73.98,8.6238956451416,13.4498748779297,23.2422866821289
"2024-05-08 10:22:08.0000",18.92,72.52,5.19860982894897,8.14321804046631,11.5969524383545
"2024-05-08 10:52:01.0000",20.07,70.85,7.82052993774414,13.4364109039307,50.4629516601562
"2024-05-08 11:21:53.0000",19.93,70.92,0.133220180869102,0.180133149027824,1.85581338405609
"2024-05-08 11:51:47.0000",20.58,69.93,9.60145664215088,13.4513721466064,23.0386066436768
"2024-05-08 12:16:02.0000",22.46,60.84,13.5188579559326,17.9419288635254,38.4461708068848
"2024-05-08 12:21:37.0000",19.71,69.87,7.36663722991943,9.98089981079102,13.5838871002197
"2024-05-08 12:45:59.0000",21.77,59.85,5.15972328186035,7.68329811096191,13.8456439971924
"2024-05-08 12:51:31.0000",21.66,68.32,2.53309845924377,4.82063484191895,8.53176116943359
"2024-05-08 13:21:23.0000",23.63,65.34,2.12761068344116,4.25794410705566,15.2494831085205
"2024-05-08 13:51:16.0000",24.27,65.01,1.87139010429382,3.66062903404236,7.06361865997314
"2024-05-08 14:21:07.0000",23.88,64.47,1.53884470462799,2.75872540473938,10.0152006149292
"2024-05-08 14:50:59.0000",24.02,63.9,1.75625944137573,3.72379875183105,9.99799537658691
"2024-05-08 15:20:52.0000",24.88,63.13,1.50764918327332,3.46690034866333,9.01051044464111
"2024-05-08 15:50:41.0000",23.42,62.49,1.5374014377594,2.7580943107605,10.3060741424561
"2024-05-08 16:20:27.0000",20.79,62.92,1.55262529850006,3.5178370475769,14.1247777938843
"2024-05-08 16:50:16.0000",18.69,63.29,1.690633893013,3.53761720657349,8.18570518493652
"2024-05-08 17:20:05.0000",17.68,63.24,2.0705099105835,4.60483503341675,13.4004764556885
"2024-05-08 18:19:43.0000",15.66,64.71,2.45177435874939,5.61495685577393,19.1569271087646
"2024-05-08 18:49:32.0000",14.81,65.3,2.36417269706726,4.89827632904053,16.7982921600342
"2024-05-08 19:19:21.0000",13.87,66.25,2.61741137504578,5.82236385345459,18.1325397491455
"2024-05-08 19:49:11.0000",13.16,67.29,2.84741520881653,6.7931923866272,14.5578031539917
"2024-05-08 20:19:02.0000",12.9,67.86,3.11024713516235,5.1461968421936,11.7656059265137
"2024-05-08 20:48:53.0000",12.64,68.35,2.90893006324768,6.23386573791504,13.1980571746826
"2024-05-08 21:18:45.0000",12.56,68.9,3.54116940498352,6.24553489685059,17.0427894592285
"2024-05-08 22:18:27.0000",12.16,69.85,3.067058801651,5.9018383026123,18.165454864502
"2024-05-08 22:48:18.0000",11.95,70.42,2.80535340309143,5.22510147094727,16.1472110748291
"2024-05-08 23:18:09.0000",11.78,70.64,2.79076099395752,6.22563791275024,18.6772136688232
"2024-05-08 23:48:00.0000",10.98,71.45,4.11419153213501,7.48224925994873,20.0026111602783
"2024-05-09 00:17:50.0000",10.89,72.32,0.00681603653356433,0.0503987483680248,1.72562777996063
"2024-05-09 00:47:42.0000",11.25,72.18,3.08158278465271,6.64117908477783,11.976954460144
"2024-05-09 01:17:31.0000",10.81,72.35,2.63988566398621,4.67871189117432,12.5658693313599
"2024-05-09 01:47:20.0000",9.98,73.43,2.91308903694153,5.44004201889038,9.69442081451416
"2024-05-09 02:17:09.0000",10.42,73.91,3.79137396812439,7.50421094894409,13.8048610687256
"2024-05-09 02:47:01.0000",10.68,73.77,4.26513290405273,7.96418428421021,14.7024688720703
"2024-05-09 03:16:53.0000",10.33,74.2,4.30975866317749,7.62609148025513,17.6554946899414
"2024-05-09 03:46:43.0000",10.19,74.75,4.87069272994995,7.77350282669067,18.6200332641602
"2024-05-09 04:16:34.0000",10.38,74.93,5.80209636688232,10.0240898132324,19.1576404571533
"2024-05-09 04:46:25.0000",10.45,75.17,5.97683382034302,9.0566234588623,14.467453956604
"2024-05-09 05:16:17.0000",10.98,75.32,6.32677841186523,10.1940441131592,23.2748260498047
"2024-05-09 05:46:08.0000",11.51,75.35,7.14651679992676,11.8038682937622,21.4641571044922
"2024-05-09 06:16:00.0000",12.12,75.15,8.14379405975342,12.0443487167358,18.0569877624512
"2024-05-09 06:45:55.0000",13.27,74.44,8.38326740264893,11.9150409698486,16.0610027313232
"2024-05-09 07:15:51.0000",17.53,66.75,6.13072347640991,10.0809011459351,18.2217655181885
"2024-05-09 07:45:46.0000",19.27,64.35,3.39079785346985,6.06548500061035,20.220760345459
"2024-05-09 08:45:32.0000",21.67,63.36,2.66352534294128,5.22328042984009,12.5977544784546
"2024-05-09 09:15:23.0000",22.48,62.69,2.49717354774475,5.54186820983887,10.5614624023438
"2024-05-09 09:45:10.0000",20.77,65.51,2.86952900886536,5.72448253631592,13.7951021194458
"2024-05-09 10:15:05.0000",22.54,63,3.10169768333435,6.3848876953125,12.2481517791748
"2024-05-09 10:44:56.0000",22.9,61.61,3.15076112747192,5.94265985488892,11.6146965026855
"2024-05-09 11:14:48.0000",24.34,60.25,3.1386444568634,5.58292531967163,15.1664333343506
"2024-05-09 11:44:40.0000",25.6,59.39,3.04468107223511,6.89227533340454,14.3341407775879
"2024-05-09 12:14:32.0000",25.62,59.03,2.43106365203857,5.53916788101196,23.8799419403076
"2024-05-09 12:44:27.0000",26.82,57.69,2.52656650543213,5.35680103302002,16.7675971984863
"2024-05-09 13:14:17.0000",26.63,58.14,3.32840085029602,6.17036437988281,10.4060869216919
"2024-05-09 14:14:01.0000",27.62,57.02,3.08724355697632,7.42069005966187,23.3772983551025
"2024-05-09 14:43:50.0000",25.9,57.84,2.58117175102234,6.84537553787231,29.1247444152832
"2024-05-09 15:13:39.0000",24.64,58.58,3.58597874641418,7.66193962097168,20.4837703704834
"2024-05-09 15:43:30.0000",23.26,59.05,4.79421472549438,8.96392440795898,32.1187133789062
"2024-05-09 16:13:20.0000",22.74,60.19,4.41413640975952,7.24806213378906,12.1056509017944
"2024-05-09 16:43:10.0000",22.77,60.25,3.35158443450928,6.51037073135376,17.2753620147705
"2024-05-09 17:13:00.0000",22.19,60.17,3.02756071090698,5.52481031417847,10.3710813522339
"2024-05-09 17:42:48.0000",20.7,60.46,3.52676105499268,7.03649473190308,13.7499113082886
"2024-05-09 18:12:37.0000",18.05,60.62,3.48113393783569,6.96970081329346,19.2539577484131
"2024-05-09 18:42:26.0000",16.72,61.5,3.79435324668884,6.40260124206543,9.64473533630371
"2024-05-09 19:12:15.0000",15.92,62.43,3.44297194480896,6.52189588546753,15.2930402755737
"2024-05-09 20:11:55.0000",13.93,64.47,4.0802960395813,6.5373158454895,16.8243217468262
"2024-05-09 20:41:45.0000",13.32,65.48,4.50893020629883,7.51746845245361,14.2409782409668
"2024-05-09 21:11:36.0000",13.1,66.32,5.65813207626343,9.63538455963135,25.4926795959473
"2024-05-09 21:41:26.0000",12.98,66.72,6.29879808425903,10.1843643188477,17.7543258666992
"2024-05-09 22:11:17.0000",12.88,67.39,6.35481309890747,10.5151987075806,19.0059261322021
"2024-05-09 22:41:08.0000",12.98,67.9,5.90332841873169,9.41938591003418,19.5492286682129
"2024-05-09 23:11:00.0000",12.97,68.36,4.81019353866577,7.81049776077271,20.92214012146
"2024-05-09 23:40:51.0000",12.92,68.8,5.54038667678833,9.73567581176758,25.3939762115479
"2024-05-10 00:10:42.0000",12.77,69.33,0,,
"2024-05-10 00:40:33.0000",12.85,69.47,7.77406072616577,12.4827184677124,21.9464778900146
"2024-05-10 01:10:24.0000",12.84,70,6.09369945526123,10.2910776138306,17.1987972259521
"2024-05-10 01:40:14.0000",12.37,70.71,8.46726894378662,13.1490964889526,21.7692203521729
"2024-05-10 02:10:03.0000",12.33,71.32,9.83009243011475,14.2595376968384,23.6766414642334
"2024-05-10 02:39:54.0000",12.5,71.43,9.62040615081787,14.8160810470581,28.1461696624756
"2024-05-10 03:09:44.0000",12.21,71.96,9.40487098693848,14.0143241882324,26.6376895904541
"2024-05-10 03:39:36.0000",12.2,72.32,9.75133037567139,14.6356391906738,22.3481140136719
"2024-05-10 04:09:27.0000",12.14,72.84,9.62925052642822,14.6431131362915,23.8231773376465
"2024-05-10 04:39:18.0000",12.37,73.02,10.9293642044067,16.5912265777588,27.1210269927979
"2024-05-10 05:09:10.0000",12.65,73.26,12.3887624740601,18.7731456756592,33.6983375549316
"2024-05-10 05:39:00.0000",13.11,73.34,13.2182683944702,20.0839347839355,29.7523803710938
"2024-05-10 06:08:53.0000",13.72,73.25,13.4924831390381,20.0902080535889,31.0766067504883
"2024-05-10 06:38:46.0000",14.79,72.49,12.5389261245728,17.8662948608398,24.9640674591064
"2024-05-10 07:08:39.0000",16.98,69.49,13.9812917709351,20.0875205993652,27.6694393157959
"2024-05-10 07:38:33.0000",18.5,67.72,10.049542427063,14.2436008453369,33.0134506225586
"2024-05-10 08:08:28.0000",20.49,65.16,8.79125785827637,13.8886260986328,27.6058883666992
"2024-05-10 08:38:23.0000",22,63.77,9.02803802490234,14.4892883300781,21.4653606414795
"2024-05-10 09:08:15.0000",22.75,62.99,7.74938774108887,11.4791297912598,25.0469493865967
"2024-05-10 09:38:07.0000",23.85,62.32,6.57836771011353,10.5624027252197,34.0897178649902
"2024-05-10 10:37:49.0000",23.78,62.85,7.01251840591431,10.7238492965698,27.3388900756836
"2024-05-10 11:07:41.0000",24.39,61.75,7.11443948745728,12.7259931564331,37.5949668884277
"2024-05-10 11:37:32.0000",25.43,60.44,5.1858115196228,9.06234359741211,29.100191116333
"2024-05-10 12:07:25.0000",26.03,59.06,3.40125751495361,6.14551544189453,12.6342468261719
"2024-05-10 12:37:17.0000",26.53,58.03,1.20604312419891,2.96965312957764,9.82051277160645
"2024-05-10 13:07:11.0000",27.13,56.33,2.54091119766235,5.1141791343689,8.46045398712158
"2024-05-10 13:37:04.0000",28.72,54.38,2.37997531890869,5.02750492095947,18.6866836547852
"2024-05-10 14:06:57.0000",29.81,52.59,1.85957884788513,3.98236036300659,10.5310392379761
"2024-05-10 14:36:46.0000",28.26,52.49,2.575679063797,6.00995540618896,25.5145568847656
"2024-05-10 15:06:38.0000",28.62,52.53,1.7192410230636597,4.469446659088135,12.567556381225586
"2024-05-10 16:06:20.0000",27.59,51.2,1.9157886505126953,4.075572490692139,11.607474327087402
"2024-05-10 16:36:08.0000",25.98,51.92,2.105288028717041,4.22766637802124,10.07736873626709
"2024-05-10 17:35:51.0000",26.19,50.7,1.966347336769104,4.386144161224365,13.50845718383789
"2024-05-10 18:05:43.0000",25,50.28,1.6206823587417603,4.630215644836426,29.300752639770508
"2024-05-10 18:35:30.0000",23.16,51.02,1.6200932264328003,4.046920299530029,17.919355392456055
"2024-05-10 19:05:18.0000",22.21,51.6,0.01947680301964283,0.06319542974233627,1.7386319637298584
"2024-05-10 19:35:08.0000",21.03,52.62,5.018959999084473,9.262676239013672,21.8837947845459
"2024-05-10 20:04:55.0000",19.24,54.62,6.931485652923584,12.225578308105469,29.303726196289062
"2024-05-10 20:34:45.0000",17.96,56.34,7.111940860748291,11.557125091552734,25.300996780395508
"2024-05-10 21:04:34.0000",17.09,57.78,8.956819534301758,13.756508827209473,30.655616760253906
"2024-05-10 21:34:25.0000",16.52,58.92,8.384618759155273,13.539864540100098,22.847225189208984
"2024-05-10 22:04:15.0000",15.92,60.17,9.556514739990234,15.038823127746582,25.20603370666504
"2024-05-10 22:34:06.0000",15.75,61.07,8.690780639648438,13.494649887084961,31.234485626220703
"2024-05-10 23:03:58.0000",16.21,61.3,0.002921135164797306,0.046463340520858765,1.7216787338256836
"2024-05-10 23:36:50.0000",16.54,61.47,5.500353813171387,9.294670104980469,24.445995330810547
"2024-05-11 00:06:32.0000",16.18,62.31,5.669466018676758,9.231454849243164,29.07171058654785
"2024-05-11 00:36:22.0000",15.78,63.47,5.677556037902832,9.489892959594727,25.6037654876709
"2024-05-11 01:06:13.0000",15.33,64.42,0.0632912889122963,0.10745588690042496,1.7826720476150513
"2024-05-11 01:36:03.0000",14.94,65.31,6.400994777679443,10.478840827941895,18.03019142150879
"2024-05-11 02:05:53.0000",14.73,66.17,6.3597612380981445,10.052059173583984,25.9356746673584
"2024-05-11 02:35:42.0000",14.46,67.03,6.832802772521973,10.773388862609863,23.834543228149414
"2024-05-11 03:05:33.0000",14.23,67.81,7.337539196014404,11.443536758422852,30.356355667114258
"2024-05-11 03:35:24.0000",13.95,68.56,7.582354545593262,11.684513092041016,30.302440643310547
"2024-05-11 04:05:14.0000",13.59,69.3,8.458928108215332,12.761566162109375,22.845483779907227
"2024-05-11 04:35:06.0000",13.31,70.05,10.133736610412598,15.519987106323242,42.74185562133789
"2024-05-11 05:04:56.0000",13.28,70.55,10.538847923278809,15.629900932312012,29.463634490966797
"2024-05-11 05:34:48.0000",13.41,70.86,10.516918182373047,15.81404972076416,32.747840881347656
"2024-05-11 06:04:41.0000",14.2,70.98,9.730506896972656,14.65412425994873,27.6007080078125
"2024-05-11 06:34:34.0000",15.46,70.27,8.851455688476562,13.077590942382812,20.88070297241211
"2024-05-11 07:04:30.0000",20.11,62.54,8.215840339660645,13.004414558410645,24.186052322387695
"2024-05-11 07:34:29.0000",22.88,59.29,6.743535041809082,10.226334571838379,24.39784049987793
"2024-05-11 08:04:22.0000",24.17,57.85,4.8727850914001465,7.890044212341309,13.040665626525879
"2024-05-11 08:34:14.0000",24.02,58.18,3.1177620887756348,4.745827674865723,10.735062599182129
"2024-05-11 09:04:09.0000",24.85,55.8,1.286991000175476,2.4567067623138428,6.131381034851074
"2024-05-11 09:34:00.0000",25.54,54.49,0.8932983875274658,2.001584529876709,11.74398136138916
"2024-05-11 10:03:49.0000",24.3,55.04,1.086781620979309,2.3758349418640137,6.509554386138916
"2024-05-11 10:33:40.0000",23.84,54.46,1.0325466394424438,2.7333221435546875,12.88356876373291
"2024-05-11 11:03:32.0000",24.79,52.51,0.7697909474372864,1.667736530303955,5.312009811401367
"2024-05-11 12:03:18.0000",27.23,50.92,0.7989551424980164,1.9428790807724,6.0168023109436035
"2024-05-11 12:33:08.0000",27.42,49.47,0.5073640942573547,1.9102116823196411,9.686124801635742
"2024-05-11 13:03:01.0000",28.89,48.21,0.4610643684864044,1.4909945726394653,12.092994689941406
"2024-05-11 13:32:52.0000",29.3,47.2,0.7370070815086365,1.988408088684082,12.128178596496582
"2024-05-11 14:02:43.0000",29.41,46.42,0.7531185150146484,1.7136013507843018,7.816986560821533
"2024-05-11 14:32:34.0000",29.35,45.65,0.9019228219985962,2.483781337738037,9.087413787841797
"2024-05-11 15:02:24.0000",28.94,45.94,0.9513230323791504,2.880112886428833,14.366040229797363
"2024-05-11 15:32:13.0000",27.89,46.03,2.020817756652832,3.656052827835083,9.985291481018066
"2024-05-11 16:02:05.0000",27.08,45.79,3.011408805847168,5.675076007843018,17.176002502441406
"2024-05-11 16:31:54.0000",25.44,46.87,4.030994415283203,6.553050518035889,12.2457857131958
"2024-05-11 17:01:45.0000",25.62,47.83,4.917330265045166,7.3055925369262695,18.310935974121094
"2024-05-11 17:31:35.0000",24.48,48.29,5.524550914764404,8.554691314697266,22.693195343017578
"2024-05-11 18:01:24.0000",23.12,49.36,5.014277458190918,7.401721000671387,16.612951278686523
"2024-05-11 18:31:12.0000",21.95,50.52,4.936338424682617,8.418601989746094,19.349782943725586
"2024-05-11 19:01:01.0000",21.1,51.66,5.1640753746032715,7.98378849029541,26.402767181396484
"2024-05-11 19:30:51.0000",20.49,52.57,4.647396564483643,6.885540008544922,21.178279876708984
"2024-05-11 20:00:42.0000",19.82,53.56,5.090014457702637,7.639107704162598,24.800884246826172
"2024-05-11 20:30:31.0000",19.21,54.67,5.983582019805908,8.625776290893555,22.975135803222656
"2024-05-11 21:00:22.0000",18.79,55.66,6.693727493286133,9.698657989501953,28.773624420166016
"2024-05-11 21:30:13.0000",18.25,56.65,7.7180681228637695,11.226881980895996,26.39563751220703
"2024-05-11 22:00:04.0000",17.67,57.92,8.30453109741211,11.891308784484863,20.2316951751709
"2024-05-11 22:29:54.0000",17.21,59.22,9.281999588012695,13.815447807312012,27.838787078857422
"2024-05-11 22:59:45.0000",16.75,60.43,0.18882788717746735,0.362719863653183,2.1748440265655518
"2024-05-11 23:29:36.0000",16.51,61.23,8.991643905639648,13.76451301574707,23.07647132873535
"2024-05-11 23:59:27.0000",16.13,62.27,9.40493106842041,13.962316513061523,23.912521362304688
"2024-05-12 00:29:16.0000",15.5,63.35,9.751371383666992,15.172821044921875,27.931821823120117
"2024-05-12 00:59:07.0000",15.01,64.12,10.768728256225586,15.905776977539062,30.63532829284668
"2024-05-12 01:28:56.0000",14.97,64.56,10.504059791564941,15.301380157470703,36.65481185913086
"2024-05-12 01:58:47.0000",14.61,65.35,11.599865913391113,16.677236557006836,26.356473922729492
"2024-05-12 02:28:36.0000",14.18,66.13,11.982357025146484,17.770971298217773,28.71880531311035
"2024-05-12 02:58:27.0000",14.11,66.67,12.631664276123047,18.552173614501953,31.259723663330078
"2024-05-12 03:28:17.0000",13.89,67.03,12.457268714904785,17.899219512939453,28.994709014892578
"2024-05-12 03:58:08.0000",13.78,67.42,12.10869026184082,17.521242141723633,25.640419006347656
"2024-05-12 04:27:59.0000",13.51,67.96,0.17881670594215393,0.22718846797943115,1.902185320854187
"2024-05-12 04:57:49.0000",13.31,68.32,0.7401638627052307,1.1040467023849487,2.7910468578338623
"2024-05-12 05:27:41.0000",13.33,68.31,11.043827056884766,16.073131561279297,29.184139251708984
"2024-05-12 05:57:33.0000",13.58,68.44,10.283685684204102,14.689799308776855,24.881540298461914
"2024-05-12 06:27:25.0000",14.19,68.18,10.974958419799805,16.104276657104492,23.72581672668457
"2024-05-12 06:57:20.0000",16.66,64.54,0.11027109622955322,0.18947118520736694,1.8657015562057495
"2024-05-12 07:27:15.0000",18.94,61.6,8.703550338745117,12.339112281799316,19.01161003112793
"2024-05-12 07:57:13.0000",21.43,58.75,8.82252025604248,12.876522064208984,25.431161880493164
"2024-05-12 08:27:06.0000",22.94,57.02,8.899648666381836,12.687100410461426,23.602846145629883
"2024-05-12 08:56:58.0000",22.9,57.01,8.981988906860352,12.89067268371582,20.345300674438477
"2024-05-12 09:26:50.0000",22.76,57.49,0.8723516464233398,1.5595018863677979,4.988179683685303
"2024-05-12 09:56:44.0000",24.07,56.17,10.029034614562988,14.541945457458496,23.16109275817871
"2024-05-12 10:26:34.0000",24.18,56.81,8.070743560791016,12.526676177978516,26.269948959350586
"2024-05-12 10:56:28.0000",26.43,54.36,6.802195072174072,10.564233779907227,17.033889770507812
"2024-05-12 11:26:19.0000",26,54.06,6.383820056915283,10.429204940795898,15.525593757629395
"2024-05-12 11:56:10.0000",25.3,54.25,6.759880065917969,10.988883972167969,21.455263137817383
"2024-05-12 12:26:00.0000",24.84,55.05,6.415816783905029,9.865716934204102,16.69084930419922
"2024-05-12 12:55:52.0000",26.66,53.11,6.296433448791504,10.730416297912598,29.07606315612793
"2024-05-12 13:25:46.0000",26.41,52.35,5.698509693145752,9.486727714538574,28.40998649597168
"2024-05-12 13:55:37.0000",25.98,52.46,5.1053571701049805,9.205291748046875,22.629764556884766
"2024-05-12 14:25:31.0000",28.6,51.28,3.7013866901397705,6.8711724281311035,22.7545108795166
"2024-05-12 14:55:25.0000",28.51,50.04,3.5319085121154785,6.649406433105469,12.920910835266113
"2024-05-12 15:25:14.0000",26.2,50.4,2.890014410018921,6.102133274078369,23.744354248046875
"2024-05-12 15:55:01.0000",23.96,52.24,2.4312386512756348,5.214352130889893,23.097318649291992
"2024-05-12 16:24:50.0000",21.87,54.17,2.6886239051818848,5.674558162689209,15.874730110168457
"2024-05-12 16:54:37.0000",19.32,57,0.1933448165655136,0.2798881530761719,1.9565956592559814
"2024-05-12 17:24:25.0000",18.07,58.97,8.283047676086426,18.5092716217041,58.31666564941406
"2024-05-12 17:54:14.0000",16.41,61.61,2.5019495487213135,7.2974934577941895,17.02325439453125
"2024-05-12 18:24:01.0000",15.54,65.13,3.6841237545013428,9.554986953735352,21.0993595123291
"2024-05-12 18:53:51.0000",14.39,68.73,2.445289373397827,6.801438808441162,17.8064022064209
"2024-05-12 19:23:41.0000",14.38,70.21,3.0907769203186035,6.0032477378845215,18.482099533081055
"2024-05-12 19:53:31.0000",14.48,70.87,2.721536874771118,5.731480121612549,14.59051513671875
"2024-05-12 20:23:22.0000",14.21,72.25,2.8962020874023438,5.876655101776123,11.236875534057617
"2024-05-12 20:53:14.0000",14.25,73.2,5.5316996574401855,9.554862022399902,23.005706787109375
"2024-05-12 21:23:05.0000",14.37,73.24,10.005488395690918,16.82082176208496,36.69818878173828
"2024-05-12 21:52:55.0000",14.26,74.11,11.246832847595215,17.99664306640625,28.999038696289062
"2024-05-12 22:22:46.0000",14.32,74.17,15.637825965881348,23.66835594177246,42.8452033996582
"2024-05-12 22:52:36.0000",14.02,75.13,20.376869201660156,31.048606872558594,44.40675735473633
"2024-05-12 23:22:26.0000",13.77,75.73,23.89202880859375,35.953914642333984,51.46500778198242
"2024-05-12 23:52:17.0000",13.43,76.43,26.413389205932617,39.89160919189453,72.27489471435547
"2024-05-13 00:22:09.0000",13.5,76.68,23.809852600097656,34.62821578979492,45.80887222290039
"2024-05-13 00:51:59.0000",13.4,76.7,26.642276763916016,40.67586898803711,59.81926727294922
"2024-05-13 01:21:49.0000",12.78,77.38,31.453645706176758,45.72502517700195,60.992897033691406
"2024-05-13 01:51:40.0000",12.75,77.85,34.31003952026367,51.22159194946289,72.21949005126953
"2024-05-13 02:21:32.0000",12.99,77.52,35.22718048095703,51.55183029174805,73.23027801513672
"2024-05-13 02:51:23.0000",13.08,77.65,29.306493759155273,43.65332794189453,61.20329666137695
"2024-05-13 03:21:14.0000",13,77.93,28.92124366760254,42.59136199951172,77.90870666503906
"2024-05-13 03:51:04.0000",12.59,78.69,22.865928649902344,33.55844497680664,44.90485763549805
"2024-05-13 04:20:56.0000",12.54,78.78,32.18581008911133,48.106536865234375,65.35054779052734
"2024-05-13 04:50:47.0000",11.99,79.32,28.676240921020508,42.41391372680664,65.12208557128906
"2024-05-13 05:20:37.0000",11.49,80.18,0.4914639890193939,0.7611386179924011,2.4839422702789307
"2024-05-13 05:50:27.0000",11.67,80.09,10.126713752746582,15.026079177856445,23.732929229736328
"2024-05-13 06:20:19.0000",12.66,79.08,6.540062427520752,9.539913177490234,18.9393253326416
"2024-05-13 06:50:09.0000",12.94,78.82,5.541355609893799,8.029966354370117,17.366519927978516
"2024-05-13 07:20:05.0000",15.56,73.48,4.437057971954346,7.363123893737793,13.203617095947266
"2024-05-13 07:49:59.0000",17.32,69.47,2.638341188430786,4.33753776550293,11.117696762084961
"2024-05-13 08:19:53.0000",19.16,66.27,4.953274726867676,7.833494663238525,12.601396560668945
"2024-05-13 08:49:42.0000",18.58,66.69,5.612468242645264,8.392407417297363,15.599546432495117
"2024-05-13 09:19:34.0000",18,66.96,6.660308837890625,10.181035041809082,19.947742462158203
"2024-05-13 09:49:26.0000",17.52,67.67,3.593404769897461,5.852132797241211,10.956783294677734
"2024-05-13 10:19:15.0000",16.86,68.38,0.4282325804233551,0.8671635985374451,5.219446182250977
"2024-05-13 10:49:06.0000",16.27,68.89,1.26486337184906,2.9010143280029297,13.119976997375488
"2024-05-13 11:18:58.0000",17.16,67.97,0.9874771237373352,2.564882755279541,8.971879959106445
"2024-05-13 11:48:50.0000",17.49,67.05,0.5477042198181152,2.0120012760162354,19.496761322021484
"2024-05-13 12:18:41.0000",17.04,67.41,0.7211086750030518,2.3969621658325195,23.227087020874023
"2024-05-13 12:48:31.0000",17.02,67.62,0.6211653351783752,2.2652502059936523,5.8249921798706055
"2024-05-13 13:18:22.0000",17.26,67.63,0.6617849469184875,1.8621697425842285,8.203819274902344
"2024-05-13 13:48:14.0000",17.66,66.93,0.5986210107803345,1.3742512464523315,10.722213745117188
"2024-05-13 14:18:05.0000",17.95,66.53,0.737544059753418,2.086963653564453,8.130156517028809
"2024-05-13 14:47:56.0000",17.96,66.67,1.0115283727645874,2.2420408725738525,6.269965648651123
"2024-05-13 15:17:47.0000",16.49,68.84,1.0307520627975464,2.8941094875335693,11.69894027709961
"2024-05-13 15:47:36.0000",15.52,71.55,1.6030163764953613,3.2110602855682373,6.858148574829102
"2024-05-13 16:17:25.0000",15.65,72.53,1.8325223922729492,3.9335622787475586,9.852887153625488
"2024-05-13 17:17:08.0000",16.04,72.19,1.8349478244781494,3.3785014152526855,14.08098316192627
"2024-05-13 17:46:58.0000",15.03,74.2,1.9303282499313354,3.8276889324188232,13.561273574829102
"2024-05-13 18:16:48.0000",14.51,76.34,1.8016371726989746,3.346764326095581,10.535416603088379
"2024-05-13 18:46:39.0000",14.43,77.1,1.4115793704986572,3.3113083839416504,6.732786655426025
"2024-05-13 19:16:30.0000",14.01,78.39,1.9534809589385986,3.6618995666503906,9.422149658203125
"2024-05-13 19:46:22.0000",13.52,79.7,2.732349157333374,5.065278053283691,15.021120071411133
"2024-05-13 20:16:10.0000",13.17,80.89,3.1402199268341064,5.201754570007324,9.547161102294922
"2024-05-13 20:46:01.0000",12.96,81.39,3.821475028991699,6.4580206871032715,11.16483211517334
"2024-05-13 21:15:52.0000",12.7,82.31,5.283339500427246,8.448501586914062,12.802303314208984
"2024-05-13 21:45:42.0000",12.58,83.12,5.323671817779541,8.4622802734375,14.420721054077148
"2024-05-13 22:15:34.0000",12.58,83.71,5.5359930992126465,8.637800216674805,12.34034252166748
"2024-05-13 22:45:24.0000",12.5,84.16,6.179320335388184,10.112794876098633,16.92319679260254
"2024-05-13 23:15:14.0000",12.43,84.54,6.6219940185546875,10.035840034484863,15.055200576782227
"2024-05-13 23:45:06.0000",12.38,84.93,6.8945136070251465,10.716684341430664,19.242246627807617
"2024-05-14 00:14:57.0000",12.34,85.11,7.994579315185547,11.387078285217285,15.477803230285645
"2024-05-14 00:44:48.0000",12.32,85.41,8.127974510192871,11.465906143188477,22.525970458984375
"2024-05-14 01:14:39.0000",12.38,85.69,7.557762145996094,11.165138244628906,21.627391815185547
"2024-05-14 01:44:31.0000",12.42,85.88,6.903680801391602,9.788338661193848,13.127859115600586
"2024-05-14 02:14:22.0000",12.48,86.14,7.393876552581787,10.232236862182617,12.326416015625
"2024-05-14 02:44:13.0000",12.58,86.34,9.573918342590332,13.679215431213379,17.55207633972168
"2024-05-14 03:14:03.0000",12.52,86.78,13.941681861877441,20.467947006225586,26.0306453704834
"2024-05-14 03:43:54.0000",12.49,87.12,17.41872215270996,25.238019943237305,30.681806564331055
"2024-05-14 04:13:45.0000",12.48,87.34,19.152339935302734,27.91219139099121,33.21738052368164
"2024-05-14 04:43:37.0000",12.48,87.7,15.98470401763916,23.44786834716797,31.64479637145996
"2024-05-14 05:13:28.0000",12.47,88.05,14.875210762023926,21.658363342285156,30.283987045288086
"2024-05-14 05:43:19.0000",12.53,88.18,14.195611953735352,20.639005661010742,29.555139541625977
"2024-05-14 06:13:11.0000",12.61,88.5,10.689472198486328,15.017558097839355,18.00349998474121
"2024-05-14 06:43:02.0000",12.84,88.42,9.2587308883667,13.14542007446289,19.157615661621094
"2024-05-14 07:12:54.0000",12.84,88.72,9.42514705657959,13.92397689819336,19.62034034729004
"2024-05-14 07:42:45.0000",13.16,88.88,12.148173332214355,18.050500869750977,21.814777374267578
"2024-05-14 08:12:37.0000",13.2,88.91,13.270874977111816,19.47503089904785,24.544967651367188
"2024-05-14 08:42:28.0000",13.35,89.39,14.097145080566406,21.602325439453125,28.096485137939453
"2024-05-14 09:12:19.0000",14.12,89.44,9.119312286376953,13.209954261779785,18.63289451599121
"2024-05-14 09:42:10.0000",14.46,89.14,3.217317819595337,4.891604900360107,7.600679397583008
"2024-05-14 10:15:02.0000",15.12,88.07,2.186410665512085,3.702928066253662,15.868846893310547
"2024-05-14 10:44:44.0000",13.42,89.05,1.1328868865966797,2.6941962242126465,10.528648376464844
"2024-05-14 11:14:35.0000",13.97,90.51,0.7849951386451721,1.7512261867523193,5.624200820922852
"2024-05-14 11:44:30.0000",17.95,85.29,0.7914824485778809,2.646430253982544,6.06880521774292
"2024-05-14 12:14:23.0000",19.08,82.22,1.1268376111984253,3.2002370357513428,7.658952236175537
"2024-05-14 12:44:13.0000",17.79,80.83,0.14341521263122559,0.29200950264930725,1.9793758392333984
"2024-05-14 13:14:05.0000",18.31,78.94,0.8327503800392151,3.4804959297180176,13.95114517211914
"2024-05-14 13:43:57.0000",18.67,77,0.7851926684379578,3.0199007987976074,7.579958438873291
"2024-05-14 14:13:50.0000",18.4,76.02,0.915090799331665,2.8740954399108887,9.618236541748047
"2024-05-14 14:43:42.0000",21.21,72.61,0.8573566675186157,3.4105000495910645,6.953983306884766
"2024-05-14 15:13:33.0000",20.49,71.14,1.006491780281067,3.5978505611419678,12.083392143249512
"2024-05-14 15:43:24.0000",20.13,69.87,1.1064547300338745,3.9297640323638916,9.224654197692871
"2024-05-14 16:13:14.0000",19.2,69.17,1.0474927425384521,4.117023944854736,11.976780891418457
"2024-05-14 16:43:04.0000",18.47,68.95,0.09957622736692429,0.31670013070106506,2.0425097942352295
"2024-05-14 17:12:54.0000",17.71,69.33,0.11193152517080307,0.283767968416214,1.9757838249206543
"2024-05-14 17:42:43.0000",17.23,69.65,1.1913628578186035,4.555834770202637,11.514571189880371
"2024-05-14 18:12:34.0000",16.79,69.87,1.0775940418243408,4.4002861976623535,17.032928466796875
"2024-05-14 18:42:25.0000",16.37,70.1,1.2056483030319214,4.745253562927246,15.04504680633545
"2024-05-14 19:12:16.0000",15.98,70.49,1.311090350151062,4.471010208129883,8.776801109313965
"2024-05-14 19:42:06.0000",15.29,71.37,1.5005130767822266,5.157444477081299,12.331564903259277
"2024-05-14 20:11:56.0000",14.66,72.14,1.4424694776535034,6.6602277755737305,20.308313369750977
"2024-05-14 20:41:45.0000",14.16,72.81,1.5883309841156006,5.4021782875061035,14.41600513458252
"2024-05-14 21:11:35.0000",13.95,73.36,1.7496767044067383,6.227260112762451,16.75836753845215
"2024-05-14 21:41:26.0000",13.9,73.56,1.6287046670913696,7.5011796951293945,14.335721015930176
"2024-05-14 22:11:16.0000",13.65,74.02,1.6096915006637573,5.930152893066406,12.939840316772461
"2024-05-14 22:41:07.0000",13.42,74.36,1.6257890462875366,6.965442180633545,19.3912410736084
"2024-05-14 23:10:57.0000",13.01,75.03,1.7338459491729736,7.115870475769043,21.199602127075195
"2024-05-14 23:40:48.0000",12.93,75.37,2.181372880935669,6.662652015686035,11.825169563293457
"2024-05-15 00:10:38.0000",13.05,75.64,3.3238303661346436,8.514183044433594,17.27244758605957
"2024-05-15 00:40:30.0000",12.91,76.22,3.46408748626709,9.498817443847656,19.04743003845215
"2024-05-15 01:10:22.0000",12.85,76.76,3.9583888053894043,10.253213882446289,32.40979766845703
"2024-05-15 01:40:13.0000",12.75,77.26,3.8249876499176025,9.41353702545166,15.445745468139648
"2024-05-15 02:10:01.0000",12.71,77.63,4.547446250915527,9.941760063171387,30.23532485961914
"2024-05-15 02:39:52.0000",12.64,78.01,4.5796217918396,10.99008560180664,24.385663986206055
"2024-05-15 03:09:42.0000",12.56,78.33,4.89988899230957,12.864715576171875,22.87396240234375
"2024-05-15 03:39:32.0000",12.47,78.75,4.882874011993408,12.2646484375,20.212297439575195
"2024-05-15 04:09:24.0000",12.37,79.06,5.1607346534729,11.14311408996582,25.630544662475586
"2024-05-15 04:39:15.0000",12.42,79.37,5.5257158279418945,12.407712936401367,22.816125869750977
"2024-05-15 05:09:06.0000",12.58,79.58,5.445816516876221,12.654526710510254,25.560850143432617
"2024-05-15 05:38:55.0000",12.75,79.75,0.4086655378341675,0.7802007794380188,4.275992393493652
"2024-05-15 06:08:47.0000",13.06,79.94,5.092532634735107,10.280810356140137,14.2062406539917
"2024-05-15 06:38:40.0000",13.65,79.85,4.236845970153809,10.470234870910645,19.145898818969727
"2024-05-15 07:08:32.0000",13.87,79.91,3.4335100650787354,7.53246545791626,14.226507186889648
"2024-05-15 07:38:24.0000",15.47,78.7,3.149019241333008,7.395903587341309,15.670129776000977
"2024-05-15 08:08:16.0000",16.1,78.25,2.9323248863220215,5.847241401672363,10.642711639404297
"2024-05-15 08:38:08.0000",17.23,77.11,2.829637289047241,6.550441265106201,13.401911735534668
"2024-05-15 09:07:58.0000",15.92,77.46,2.41688871383667,5.807770729064941,13.302506446838379
"2024-05-15 09:37:50.0000",17.24,76.91,2.122534990310669,4.521296977996826,11.014996528625488
"2024-05-15 10:07:46.0000",20.95,72.33,1.9397298097610474,4.145112037658691,12.111333847045898
"2024-05-15 10:37:39.0000",20.92,71,0.08551657944917679,0.24898310005664825,1.968894362449646
"2024-05-15 11:07:27.0000",18.91,72.67,2.1054041385650635,5.100193977355957,14.756300926208496
"2024-05-15 11:37:21.0000",21.86,70.35,1.797725796699524,4.952045440673828,11.984208106994629
"2024-05-15 12:07:16.0000",23.74,67.32,1.0585240125656128,2.8172483444213867,7.867133140563965
"2024-05-15 12:37:06.0000",22.54,67.29,0.16561193764209747,0.5569810271263123,2.789952039718628
"2024-05-15 13:06:59.0000",24.36,65.52,0.13087834417819977,0.4477898180484772,12.597485542297363
"2024-05-15 13:36:48.0000",23.38,64.49,1.0302525758743286,2.835035800933838,10.835217475891113
"2024-05-15 14:06:39.0000",21.45,64.78,1.2624703645706177,3.656768321990967,13.9869966506958
"2024-05-15 14:36:26.0000",20.33,65.59,1.3431260585784912,3.948660135269165,8.91481876373291
"2024-05-15 15:06:22.0000",23.36,63.87,0.7239202857017517,2.612213134765625,7.0892252922058105
"2024-05-15 15:36:16.0000",24.11,62.2,1.0354831218719482,3.1821863651275635,18.67276954650879
"2024-05-15 16:06:05.0000",22.58,62.56,0.9145488142967224,2.6685736179351807,17.056930541992188
"2024-05-15 16:35:53.0000",23.19,63.15,0.5700749158859253,1.8074593544006348,11.863112449645996
"2024-05-15 17:05:46.0000",23.98,61.51,0.6488983631134033,2.0567755699157715,5.5630011558532715
"2024-05-15 17:35:32.0000",20.54,63.5,0.5914047956466675,1.8925236463546753,10.109234809875488
"2024-05-15 18:05:24.0000",20.57,61.77,0.7395045161247253,2.8744494915008545,12.93049430847168
"2024-05-15 18:35:11.0000",18.11,63.48,2.7100956439971924,5.756491184234619,12.391289710998535
"2024-05-15 19:05:00.0000",17.17,64.78,1.4988455772399902,3.3203015327453613,10.753929138183594
"2024-05-15 19:34:51.0000",16.44,65.54,0.6377923488616943,1.9502766132354736,4.741907119750977
"2024-05-15 20:04:41.0000",15.68,66.14,0.5513735413551331,1.932768702507019,5.624575138092041
"2024-05-15 20:34:31.0000",15.27,66.68,0.6261768937110901,2.1440939903259277,13.811968803405762
"2024-05-15 21:04:21.0000",14.64,67.55,0.6539210081100464,2.0622661113739014,5.898207187652588
"2024-05-15 21:34:13.0000",14.02,68.46,0.8614110350608826,2.8249917030334473,11.05502700805664
"2024-05-15 22:04:03.0000",13.69,69.3,1.629972219467163,3.728088140487671,10.333099365234375
"2024-05-15 22:33:54.0000",13.4,70.47,2.9149680137634277,5.5404791831970215,10.074288368225098
"2024-05-15 23:03:45.0000",13.15,71.41,2.684610605239868,5.311255931854248,15.498461723327637
"2024-05-15 23:33:36.0000",13.02,72.19,2.6735997200012207,5.3147687911987305,9.04951000213623
"2024-05-16 00:03:26.0000",12.79,72.81,2.3354198932647705,4.9686055183410645,8.839888572692871
"2024-05-16 00:33:16.0000",12.53,73.33,3.2475829124450684,6.085723400115967,10.850223541259766
"2024-05-16 01:03:08.0000",12.24,74.07,5.027516841888428,9.609498023986816,24.304508209228516
"2024-05-16 01:32:58.0000",11.96,74.76,5.676353931427002,9.08841609954834,12.165149688720703
"2024-05-16 02:02:48.0000",11.82,75.25,4.729341983795166,8.503033638000488,16.2442626953125
"2024-05-16 02:32:40.0000",11.63,75.69,5.124657154083252,9.299691200256348,17.117259979248047
"2024-05-16 03:02:30.0000",11.18,76.33,6.319557189941406,9.526808738708496,14.855223655700684
"2024-05-16 03:32:20.0000",10.96,77.04,12.122249603271484,17.726057052612305,29.72994613647461
"2024-05-16 04:02:12.0000",10.79,77.66,14.27548885345459,21.207279205322266,27.335756301879883
"2024-05-16 04:32:03.0000",10.69,78.26,16.33768653869629,26.19964027404785,41.09059143066406
"2024-05-16 05:01:52.0000",10.58,78.7,16.67739486694336,27.155115127563477,34.20751953125
"2024-05-16 05:31:44.0000",10.87,78.98,21.304929733276367,34.996849060058594,44.646278381347656
"2024-05-16 06:01:36.0000",11.86,78.89,11.281670570373535,18.18824577331543,28.455482482910156
"2024-05-16 06:31:31.0000",13.36,77.61,18.605283737182617,24.43000602722168,33.37364959716797
"2024-05-16 07:01:25.0000",14.29,76.4,9.879571914672852,15.323808670043945,22.076862335205078
"2024-05-16 07:31:19.0000",18.38,69.64,9.402713775634766,14.417031288146973,25.068090438842773
"2024-05-16 08:01:18.0000",21.12,67.1,8.710895538330078,13.704675674438477,22.216344833374023
"2024-05-16 08:31:11.0000",21.67,67.68,7.491539478302002,13.00857162475586,17.583080291748047
"2024-05-16 09:01:01.0000",19.63,71,0.025322241708636284,0.06910524517297745,1.7447004318237305
"2024-05-16 09:30:51.0000",19.21,72.54,9.074657440185547,15.306131362915039,38.589805603027344
"2024-05-16 10:00:45.0000",21.86,69.35,4.446817874908447,8.722427368164062,15.105138778686523
"2024-05-16 10:30:39.0000",22.42,68.18,7.43989372253418,12.326573371887207,27.135217666625977
"2024-05-16 11:00:26.0000",18.7,71.08,9.754719734191895,15.984177589416504,30.576261520385742
"2024-05-16 11:30:13.0000",16.63,73.44,0.11189229041337967,0.15757450461387634,1.8331354856491089
"2024-05-16 12:00:05.0000",17.16,73.76,8.21868896484375,13.210538864135742,45.36440658569336
"2024-05-16 12:29:55.0000",16.57,73.5,0.1562000811100006,0.3263118863105774,2.406252861022949
"2024-05-16 12:59:45.0000",16.2,74.4,10.51024055480957,17.089643478393555,31.72374153137207
"2024-05-16 13:29:35.0000",15.51,75.39,0.05150950327515602,0.09656904637813568,1.7721233367919922
"2024-05-16 13:59:25.0000",15.06,76.24,6.023743629455566,10.81911849975586,30.43589210510254

