"Date & Time",Temperature,Humidity,PM1.0,PM2.5,PM10
"2025-01-01 00:14:52.0000",7.87,108.51,-1.4098648859776536e31,-8.830795430733542e29,-8.673829061357273e29
"2025-01-01 00:44:42.0000",7.51,108.7,-1.4098648859776536e31,-8.830795430733542e29,-8.673829061357273e29
"2025-01-01 01:14:34.0000",7.49,109.07,-1.4098648859776536e31,-8.830795430733542e29,-8.673829061357273e29
"2025-01-01 01:44:26.0000",7.61,109.34,-1.4098648859776536e31,-8.830795430733542e29,-8.673829061357273e29
"2025-01-01 02:14:19.0000",8.92,110.67,-1.4098648859776536e31,-8.830795430733542e29,-8.673829061357273e29
"2025-01-01 02:44:13.0000",9.42,106.87,-1.4098648859776536e31,-8.830795430733542e29,-8.673829061357273e29
"2025-01-01 03:14:00.0000",6.96,108.65,-1.4098648859776536e31,-8.830795430733542e29,-8.673829061357273e29
"2025-01-01 03:43:49.0000",6.19,111.15,-1.4098648859776536e31,-8.830795430733542e29,-8.673829061357273e29
"2025-01-01 04:13:40.0000",5.99,110.81,-1.4098648859776536e31,-8.830795430733542e29,-8.673829061357273e29
"2025-01-01 04:43:31.0000",5.76,110.72,-1.4098648859776536e31,-8.830795430733542e29,-8.673829061357273e29
"2025-01-01 05:13:22.0000",5.54,110.35,-1.4098648859776536e31,-8.830795430733542e29,-8.673829061357273e29
"2025-01-01 05:43:12.0000",5.31,110.66,-1.4098648859776536e31,-8.830795430733542e29,-8.673829061357273e29
"2025-01-01 06:13:03.0000",4.93,110.36,-1.4098648859776536e31,-8.830795430733542e29,-8.673829061357273e29
"2025-01-01 06:42:53.0000",4.57,110.69,-1.4098648859776536e31,-8.830795430733542e29,-8.673829061357273e29
"2025-01-01 07:12:44.0000",4.45,110.86,-1.4098648859776536e31,-8.830795430733542e29,-8.673829061357273e29
"2025-01-01 07:42:35.0000",4.76,110.65,-1.4098648859776536e31,-8.830795430733542e29,-8.673829061357273e29
"2025-01-01 08:12:27.0000",5.14,110.38,-1.4098648859776536e31,-8.830795430733542e29,-8.673829061357273e29
"2025-01-01 08:42:19.0000",5.52,110.27,-1.4098648859776536e31,-8.830795430733542e29,-8.673829061357273e29
"2025-01-01 09:12:09.0000",5.77,110.4,-1.4098648859776536e31,-8.830795430733542e29,-8.673829061357273e29
"2025-01-01 09:42:01.0000",5.93,110.73,-1.4098648859776536e31,-8.830795430733542e29,-8.673829061357273e29
"2025-01-01 10:11:52.0000",6,111.11,-1.4098648859776536e31,-8.830795430733542e29,-8.673829061357273e29
"2025-01-01 10:41:43.0000",5.85,112.06,-1.4098648859776536e31,-8.830795430733542e29,-8.673829061357273e29
"2025-01-01 11:11:34.0000",5.52,112.09,-1.4098648859776536e31,-8.830795430733542e29,-8.673829061357273e29
"2025-01-01 11:41:25.0000",5.88,112.6,-1.4098648859776536e31,-8.830795430733542e29,-8.673829061357273e29
"2025-01-01 12:11:17.0000",6.31,112.71,-1.4098648859776536e31,-8.830795430733542e29,-8.673829061357273e29
"2025-01-01 12:41:08.0000",6.15,111.93,-1.4098648859776536e31,-8.830795430733542e29,-8.673829061357273e29
"2025-01-01 13:10:58.0000",6.51,113.85,-1.4098648859776536e31,-8.830795430733542e29,-8.673829061357273e29
"2025-01-01 13:40:50.0000",6.12,112.18,-1.4098648859776536e31,-8.830795430733542e29,-8.673829061357273e29
"2025-01-01 14:10:41.0000",6.03,112.52,-1.4098648859776536e31,-8.830795430733542e29,-8.673829061357273e29
"2025-01-01 14:40:31.0000",5.84,113.79,-1.4098648859776536e31,-8.830795430733542e29,-8.673829061357273e29
"2025-01-01 15:10:24.0000",6.36,112.88,-1.4098648859776536e31,-8.830795430733542e29,-8.673829061357273e29
"2025-01-01 15:40:11.0000",4.65,112.71,-1.4098648859776536e31,-8.830795430733542e29,-8.673829061357273e29
"2025-01-01 16:10:02.0000",4.73,113.18,-1.4098648859776536e31,-8.830795430733542e29,-8.673829061357273e29
"2025-01-01 16:39:54.0000",5.27,113.19,-1.4098648859776536e31,-8.830795430733542e29,-8.673829061357273e29
"2025-01-01 17:09:45.0000",5.49,112.4,-1.4098648859776536e31,-8.830795430733542e29,-8.673829061357273e29
"2025-01-01 17:39:36.0000",5.14,111.26,-1.4098648859776536e31,-8.830795430733542e29,-8.673829061357273e29
"2025-01-01 18:09:26.0000",4.51,112.74,-1.4098648859776536e31,-8.830795430733542e29,-8.673829061357273e29
"2025-01-01 18:39:17.0000",3.98,111.39,-1.4098648859776536e31,-8.830795430733542e29,-8.673829061357273e29
"2025-01-01 19:09:06.0000",3.25,113.23,-1.4098648859776536e31,-8.830795430733542e29,-8.673829061357273e29
"2025-01-01 19:38:57.0000",2.71,112.48,-1.4098648859776536e31,-8.830795430733542e29,-8.673829061357273e29
"2025-01-01 20:08:47.0000",2.39,113.23,-1.4098648859776536e31,-8.830795430733542e29,-8.673829061357273e29
"2025-01-01 20:38:37.0000",2.14,111.95,-1.4098648859776536e31,-8.830795430733542e29,-8.673829061357273e29
"2025-01-01 21:08:27.0000",1.79,114.03,-1.4098648859776536e31,-8.830795430733542e29,-8.673829061357273e29
"2025-01-01 21:38:19.0000",2.29,113.1,-1.4098648859776536e31,-8.830795430733542e29,-8.673829061357273e29
"2025-01-01 22:08:09.0000",1.54,111.55,-1.4098648859776536e31,-8.830795430733542e29,-8.673829061357273e29
"2025-01-01 22:37:59.0000",1.01,111.78,-1.4098648859776536e31,-8.830795430733542e29,-8.673829061357273e29
"2025-01-01 23:37:41.0000",0.45,111.68,-1.4098648859776536e31,-8.830795430733542e29,-8.673829061357273e29
"2025-01-02 00:07:31.0000",0.37,112.22,-1.4098648859776536e31,-8.830795430733542e29,-8.673829061357273e29
"2025-01-02 00:37:22.0000",0.18,111.61,-1.4098648859776536e31,-8.830795430733542e29,-8.673829061357273e29
"2025-01-02 01:07:13.0000",0.08,111.75,-1.4098648859776536e31,-8.830795430733542e29,-8.673829061357273e29
"2025-01-02 01:37:04.0000",-0.33,111.01,-1.4098648859776536e31,-8.830795430733542e29,-8.673829061357273e29
"2025-01-02 02:06:54.0000",-0.37,111.07,-1.4098648859776536e31,-8.830795430733542e29,-8.673829061357273e29
"2025-01-02 02:36:44.0000",-0.22,111.37,-1.4098648859776536e31,-8.830795430733542e29,-8.673829061357273e29
"2025-01-02 03:06:36.0000",-0.22,111.32,-1.4098648859776536e31,-8.830795430733542e29,-8.673829061357273e29
"2025-01-02 03:36:27.0000",-0.61,110.61,-1.4098648859776536e31,-8.830795430733542e29,-8.673829061357273e29
"2025-01-02 04:06:18.0000",-0.66,110.82,-1.4098648859776536e31,-8.830795430733542e29,-8.673829061357273e29
"2025-01-02 04:36:10.0000",-0.58,110.13,-1.4098648859776536e31,-8.830795430733542e29,-8.673829061357273e29
"2025-01-02 05:06:00.0000",-0.68,109.74,-1.4098648859776536e31,-8.830795430733542e29,-8.673829061357273e29
"2025-01-02 05:35:50.0000",-0.7,109.69,-1.4098648859776536e31,-8.830795430733542e29,-8.673829061357273e29
"2025-01-02 06:05:42.0000",-0.56,109.49,-1.4098648859776536e31,-8.830795430733542e29,-8.673829061357273e29
"2025-01-02 06:35:33.0000",-0.59,108.49,-1.4098648859776536e31,-8.830795430733542e29,-8.673829061357273e29
"2025-01-02 07:05:25.0000",-0.4,107.62,-1.4098648859776536e31,-8.830795430733542e29,-8.673829061357273e29
"2025-01-02 07:35:16.0000",-0.47,106.45,-1.4098648859776536e31,-8.830795430733542e29,-8.673829061357273e29
"2025-01-02 08:05:08.0000",-0.5,106.48,-1.4098648859776536e31,-8.830795430733542e29,-8.673829061357273e29
"2025-01-02 08:35:00.0000",-0.23,106.84,-1.4098648859776536e31,-8.830795430733542e29,-8.673829061357273e29
"2025-01-02 09:04:54.0000",1.39,105.75,-1.4098648859776536e31,-8.830795430733542e29,-8.673829061357273e29
"2025-01-02 09:34:49.0000",3.53,101.93,-1.4098648859776536e31,-8.830795430733542e29,-8.673829061357273e29
"2025-01-02 10:04:43.0000",4.63,99.71,35.612327575683594,23.031630316008247,21.45635410045796
"2025-01-02 10:34:37.0000",6.67,96.19,0.9099285006523132,2.4334305244783545,8.552284598478025
"2025-01-02 11:34:24.0000",8.72,89.54,0.9887756705284119,2.6262441415982614,9.272213516621571
"2025-01-02 12:04:12.0000",7.27,90.32,1.2191455364227295,3.1394388299287836,10.134468147634665
"2025-01-02 12:34:04.0000",7.5,88.7,1.1251293420791626,3.1736163120524896,10.509855934548549
"2025-01-02 13:03:52.0000",5.98,85.08,-1.4098648859776536e31,-8.830795430733542e29,-8.673829061357273e29
"2025-01-02 13:33:42.0000",5.27,83.46,1.1374379396438599,3.2475356914257523,11.704357177741054
"2025-01-02 14:03:29.0000",4.16,83.49,1.0113497972488403,2.836972509301825,9.892892857359097
"2025-01-02 14:33:18.0000",3.47,83.21,1.2253531217575073,2.890891886808767,9.464740262391766
"2025-01-02 15:03:09.0000",3.36,82.1,0.7630751729011536,2.5841978762049433,9.081324144119922
"2025-01-02 15:32:59.0000",2.83,81.78,1.1171294450759888,2.697091862090673,9.61300833181901
"2025-01-02 16:02:49.0000",2.27,82.74,0.9681187272071838,2.4208444156668865,8.655345597208813
"2025-01-02 16:32:39.0000",1.75,82.97,1.060603141784668,2.4451566586516984,9.151344605073309
"2025-01-02 17:02:29.0000",0.95,83.61,-1.4098648859776536e31,-8.830795430733542e29,-8.673829061357273e29
"2025-01-02 17:32:19.0000",0.36,84.63,2.9899065494537354,3.4544222132447504,8.618156319170017
"2025-01-02 18:02:08.0000",-0.17,85.81,1.5068359375,2.544838218560323,8.006258269178648
"2025-01-02 18:31:59.0000",-0.24,86.95,76.67086029052734,47.5673405577432,39.02246498178158
"2025-01-02 19:01:50.0000",0.06,87.36,-1.4098648859776536e31,-8.830795430733542e29,-8.673829061357273e29
"2025-01-02 19:31:42.0000",-0.11,87.08,71.5967025756836,44.17207813853446,37.030631453806656
"2025-01-02 20:01:32.0000",-0.36,86.71,-1.4098648859776536e31,-8.830795430733542e29,-8.673829061357273e29
"2025-01-02 20:31:23.0000",-0.48,86.57,148.1825714111328,95.96419859595252,77.68565680407808
"2025-01-02 21:01:13.0000",-0.7,87.35,1.4809221029281616,2.4121659433543674,7.968525975472591
"2025-01-02 21:31:06.0000",-0.27,87.76,74.96492004394531,46.40938155673573,37.88945427430455
"2025-01-02 22:00:58.0000",-0.13,88.04,66.15711212158203,41.20706937350186,35.04140286677407
"2025-01-02 22:30:49.0000",0.09,88.3,14.73691177368164,10.361212547442056,13.349645538394174
"2025-01-02 23:00:40.0000",0.33,88.35,6.00537109375,5.34431650397986,9.870343822226
"2025-01-02 23:30:31.0000",0.74,87.85,1.4796816110610962,2.5342779681849827,8.273991257270145
"2025-01-03 00:00:23.0000",1.32,84.11,1.3411810398101807,2.821260556585713,9.325506297729586
"2025-01-03 00:30:14.0000",0.71,83.02,1.4307414293289185,2.8514525166124587,9.27149144677424
"2025-01-03 01:00:05.0000",0.65,83.11,0.9302834272384644,2.4011489991331603,8.597156997349396
"2025-01-03 01:29:56.0000",1.14,83.26,0.9961366057395935,2.5253264614825954,8.75551377440328
"2025-01-03 01:59:49.0000",1.44,82.2,-1.4098648859776536e31,-8.830795430733542e29,-8.673829061357273e29
"2025-01-03 02:29:41.0000",1.79,81.21,0.8124370574951172,2.456287999442978,9.199897536633822
"2025-01-03 02:59:33.0000",2,81.16,1.1857753992080688,2.697001345191527,9.442617764207696
"2025-01-03 03:29:26.0000",2.44,81.41,1.0324786901474,2.4473255453407385,8.760909426224188
"2025-01-03 03:59:17.0000",2.42,82.43,86.75174713134766,52.69669902848365,44.310630880143385
"2025-01-03 04:29:08.0000",2.6,86.04,-1.4098648859776536e31,-8.830795430733542e29,-8.673829061357273e29
"2025-01-03 04:59:01.0000",3.37,84.13,-1.4098648859776536e31,-8.830795430733542e29,-8.673829061357273e29
"2025-01-03 05:28:53.0000",3.61,81.88,2.256716728210449,3.4244702132688096,9.804563089071008
"2025-01-03 05:58:44.0000",3.78,81.73,77.38549041748047,47.287123589886626,41.143704509290025
"2025-01-03 06:28:36.0000",3.85,81.28,1.1308729648590088,2.5607798959953962,9.065033378457654
"2025-01-03 06:58:28.0000",3.97,80.87,-1.4098648859776536e31,-8.830795430733542e29,-8.673829061357273e29
"2025-01-03 07:28:19.0000",4.1,81.8,1.26613450050354,2.674728131652241,9.230633727317004
"2025-01-03 07:58:11.0000",4.16,82.73,1.4158432483673096,2.535396632199059,8.39939165873164
"2025-01-03 08:28:01.0000",4.17,83.85,1.9896079301834106,2.957395224630041,8.943163239220157
"2025-01-03 08:57:53.0000",4.19,85.33,1.7151809930801392,2.7791625476080175,8.847190447986923
"2025-01-03 09:27:44.0000",3.78,86.89,57.329830169677734,36.345402248400454,31.370479700296507
"2025-01-03 09:57:34.0000",3.22,92.18,-1.4098648859776536e31,-8.830795430733542e29,-8.673829061357273e29
"2025-01-03 10:27:25.0000",3.53,93.48,-1.4098648859776536e31,-8.830795430733542e29,-8.673829061357273e29
"2025-01-03 10:57:16.0000",4.13,94.85,-1.4098648859776536e31,-8.830795430733542e29,-8.673829061357273e29
"2025-01-03 11:27:06.0000",3.96,95.89,-1.4098648859776536e31,-8.830795430733542e29,-8.673829061357273e29
"2025-01-03 11:56:57.0000",4.03,97.06,-1.4098648859776536e31,-8.830795430733542e29,-8.673829061357273e29
"2025-01-03 12:26:48.0000",4.22,97.78,-1.4098648859776536e31,-8.830795430733542e29,-8.673829061357273e29
"2025-01-03 12:56:39.0000",4.12,98.62,-1.4098648859776536e31,-8.830795430733542e29,-8.673829061357273e29
"2025-01-03 13:26:30.0000",3.94,98.94,-1.4098648859776536e31,-8.830795430733542e29,-8.673829061357273e29
"2025-01-03 13:56:21.0000",4.05,99.18,-1.4098648859776536e31,-8.830795430733542e29,-8.673829061357273e29
"2025-01-03 14:26:11.0000",4.36,99.92,-1.4098648859776536e31,-8.830795430733542e29,-8.673829061357273e29
"2025-01-03 14:56:03.0000",4.68,99.65,-1.4098648859776536e31,-8.830795430733542e29,-8.673829061357273e29
"2025-01-03 15:25:54.0000",4.76,99.74,-1.4098648859776536e31,-8.830795430733542e29,-8.673829061357273e29
"2025-01-03 15:55:45.0000",3.99,100.72,-1.4098648859776536e31,-8.830795430733542e29,-8.673829061357273e29
"2025-01-03 16:25:35.0000",3.83,101.65,-1.4098648859776536e31,-8.830795430733542e29,-8.673829061357273e29
"2025-01-03 16:55:26.0000",3.66,101.83,-1.4098648859776536e31,-8.830795430733542e29,-8.673829061357273e29
"2025-01-03 17:25:16.0000",3.84,102.48,-1.4098648859776536e31,-8.830795430733542e29,-8.673829061357273e29
"2025-01-03 17:55:08.0000",3.99,101.72,-1.4098648859776536e31,-8.830795430733542e29,-8.673829061357273e29
"2025-01-03 18:24:59.0000",3.78,102.13,-1.4098648859776536e31,-8.830795430733542e29,-8.673829061357273e29
"2025-01-03 18:54:51.0000",3.88,102.28,-1.4098648859776536e31,-8.830795430733542e29,-8.673829061357273e29
"2025-01-03 19:24:41.0000",3.16,102.18,-1.4098648859776536e31,-8.830795430733542e29,-8.673829061357273e29
"2025-01-03 19:54:31.0000",2.66,102.68,-1.4098648859776536e31,-8.830795430733542e29,-8.673829061357273e29
"2025-01-03 20:24:21.0000",2.44,103.12,-1.4098648859776536e31,-8.830795430733542e29,-8.673829061357273e29
"2025-01-03 20:54:13.0000",2.67,103.26,-1.4098648859776536e31,-8.830795430733542e29,-8.673829061357273e29
"2025-01-03 21:24:04.0000",2.68,103.48,-1.4098648859776536e31,-8.830795430733542e29,-8.673829061357273e29
"2025-01-03 21:53:56.0000",2.75,103.58,-1.4098648859776536e31,-8.830795430733542e29,-8.673829061357273e29
"2025-01-03 22:23:47.0000",2.65,103.39,-1.4098648859776536e31,-8.830795430733542e29,-8.673829061357273e29
"2025-01-03 22:53:38.0000",2.78,103.63,-1.4098648859776536e31,-8.830795430733542e29,-8.673829061357273e29
"2025-01-03 23:23:28.0000",2.4,103.53,-1.4098648859776536e31,-8.830795430733542e29,-8.673829061357273e29
"2025-01-03 23:53:20.0000",2.51,103.54,-1.4098648859776536e31,-8.830795430733542e29,-8.673829061357273e29
"2025-01-04 00:23:12.0000",2.2,103.32,-1.4098648859776536e31,-8.830795430733542e29,-8.673829061357273e29
"2025-01-04 00:53:01.0000",1.78,103.89,-1.4098648859776536e31,-8.830795430733542e29,-8.673829061357273e29
"2025-01-04 01:22:53.0000",1.96,104.38,-1.4098648859776536e31,-8.830795430733542e29,-8.673829061357273e29
"2025-01-04 01:52:44.0000",2.01,104.19,-1.4098648859776536e31,-8.830795430733542e29,-8.673829061357273e29
"2025-01-04 02:22:35.0000",2.14,104.19,-1.4098648859776536e31,-8.830795430733542e29,-8.673829061357273e29
"2025-01-04 02:52:26.0000",1.94,103.95,-1.4098648859776536e31,-8.830795430733542e29,-8.673829061357273e29
"2025-01-04 03:22:17.0000",1.94,104.2,-1.4098648859776536e31,-8.830795430733542e29,-8.673829061357273e29
"2025-01-04 03:52:09.0000",1.72,104.31,-1.4098648859776536e31,-8.830795430733542e29,-8.673829061357273e29
"2025-01-04 04:22:00.0000",1.37,104.57,-1.4098648859776536e31,-8.830795430733542e29,-8.673829061357273e29
"2025-01-04 04:51:51.0000",1.41,104.99,-1.4098648859776536e31,-8.830795430733542e29,-8.673829061357273e29
"2025-01-04 05:21:42.0000",1.5,104.76,-1.4098648859776536e31,-8.830795430733542e29,-8.673829061357273e29
"2025-01-04 05:51:32.0000",1.38,104.89,-1.4098648859776536e31,-8.830795430733542e29,-8.673829061357273e29
"2025-01-04 06:21:22.0000",1.09,105.2,-1.4098648859776536e31,-8.830795430733542e29,-8.673829061357273e29
"2025-01-04 06:51:13.0000",1.09,105.53,-1.4098648859776536e31,-8.830795430733542e29,-8.673829061357273e29
"2025-01-04 07:21:03.0000",1.14,105.41,-1.4098648859776536e31,-8.830795430733542e29,-8.673829061357273e29
"2025-01-04 07:50:54.0000",1.25,105.33,-1.4098648859776536e31,-8.830795430733542e29,-8.673829061357273e29
"2025-01-04 08:20:45.0000",1.26,105.39,-1.4098648859776536e31,-8.830795430733542e29,-8.673829061357273e29
"2025-01-04 08:50:35.0000",1.08,105.52,-1.4098648859776536e31,-8.830795430733542e29,-8.673829061357273e29
"2025-01-04 09:20:26.0000",1,105.74,-1.4098648859776536e31,-8.830795430733542e29,-8.673829061357273e29
"2025-01-04 09:50:17.0000",0.95,106.09,-1.4098648859776536e31,-8.830795430733542e29,-8.673829061357273e29
"2025-01-04 10:20:08.0000",1.13,106.29,-1.4098648859776536e31,-8.830795430733542e29,-8.673829061357273e29
"2025-01-04 10:49:59.0000",1.33,106.48,-1.4098648859776536e31,-8.830795430733542e29,-8.673829061357273e29
"2025-01-04 11:19:50.0000",1.53,106.36,-1.4098648859776536e31,-8.830795430733542e29,-8.673829061357273e29
"2025-01-04 11:49:41.0000",1.85,106.5,-1.4098648859776536e31,-8.830795430733542e29,-8.673829061357273e29
"2025-01-04 12:19:33.0000",1.98,106.15,-1.4098648859776536e31,-8.830795430733542e29,-8.673829061357273e29
"2025-01-04 12:49:24.0000",1.88,105.83,-1.4098648859776536e31,-8.830795430733542e29,-8.673829061357273e29
"2025-01-04 13:49:06.0000",1.67,105.48,-1.4098648859776536e31,-8.830795430733542e29,-8.673829061357273e29
"2025-01-04 14:18:57.0000",1.65,105.24,-1.4098648859776536e31,-8.830795430733542e29,-8.673829061357273e29
"2025-01-04 14:48:48.0000",1.53,104.87,-1.4098648859776536e31,-8.830795430733542e29,-8.673829061357273e29
"2025-01-04 15:18:38.0000",1.38,104.6,-1.4098648859776536e31,-8.830795430733542e29,-8.673829061357273e29
"2025-01-04 15:48:29.0000",1.14,104.31,-1.4098648859776536e31,-8.830795430733542e29,-8.673829061357273e29
"2025-01-04 16:18:20.0000",0.8,104.07,-1.4098648859776536e31,-8.830795430733542e29,-8.673829061357273e29
"2025-01-04 16:48:11.0000",0.66,104.07,-1.4098648859776536e31,-8.830795430733542e29,-8.673829061357273e29
"2025-01-04 17:18:02.0000",0.63,103.78,-1.4098648859776536e31,-8.830795430733542e29,-8.673829061357273e29
"2025-01-04 17:47:53.0000",0.62,103.5,-1.4098648859776536e31,-8.830795430733542e29,-8.673829061357273e29
"2025-01-04 18:17:44.0000",0.54,103.52,-1.4098648859776536e31,-8.830795430733542e29,-8.673829061357273e29
"2025-01-04 18:47:35.0000",0.75,103.37,-1.4098648859776536e31,-8.830795430733542e29,-8.673829061357273e29
"2025-01-04 19:17:26.0000",0.68,103.06,-1.4098648859776536e31,-8.830795430733542e29,-8.673829061357273e29
"2025-01-04 19:47:18.0000",0.63,103.01,-1.4098648859776536e31,-8.830795430733542e29,-8.673829061357273e29
"2025-01-04 20:17:09.0000",0.57,103.02,-1.4098648859776536e31,-8.830795430733542e29,-8.673829061357273e29
"2025-01-04 20:47:01.0000",0.78,102.84,-1.4098648859776536e31,-8.830795430733542e29,-8.673829061357273e29
"2025-01-04 21:16:53.0000",0.47,102,-1.4098648859776536e31,-8.830795430733542e29,-8.673829061357273e29
"2025-01-04 21:46:43.0000",0,102.47,-1.4098648859776536e31,-8.830795430733542e29,-8.673829061357273e29
"2025-01-04 22:16:33.0000",-0.33,103.51,-1.4098648859776536e31,-8.830795430733542e29,-8.673829061357273e29
"2025-01-04 22:46:23.0000",-0.59,105.07,-1.4098648859776536e31,-8.830795430733542e29,-8.673829061357273e29
"2025-01-04 23:16:14.0000",-0.79,106.21,-1.4098648859776536e31,-8.830795430733542e29,-8.673829061357273e29
"2025-01-04 23:46:05.0000",-0.9,107.88,-1.4098648859776536e31,-8.830795430733542e29,-8.673829061357273e29
"2025-01-05 00:15:57.0000",-0.95,109.31,-1.4098648859776536e31,-8.830795430733542e29,-8.673829061357273e29
"2025-01-05 00:45:48.0000",-0.97,110.57,-1.4098648859776536e31,-8.830795430733542e29,-8.673829061357273e29
"2025-01-05 01:15:39.0000",-0.95,110.29,-1.4098648859776536e31,-8.830795430733542e29,-8.673829061357273e29
"2025-01-05 01:45:30.0000",-0.96,110.51,-1.4098648859776536e31,-8.830795430733542e29,-8.673829061357273e29
"2025-01-05 02:15:21.0000",-0.98,111.14,-1.4098648859776536e31,-8.830795430733542e29,-8.673829061357273e29
"2025-01-05 02:45:13.0000",-1,111.85,-1.4098648859776536e31,-8.830795430733542e29,-8.673829061357273e29
"2025-01-05 03:15:04.0000",-0.95,112.18,-1.4098648859776536e31,-8.830795430733542e29,-8.673829061357273e29
"2025-01-05 03:44:54.0000",-0.96,111.95,-1.4098648859776536e31,-8.830795430733542e29,-8.673829061357273e29
"2025-01-05 04:14:45.0000",-0.99,112.13,-1.4098648859776536e31,-8.830795430733542e29,-8.673829061357273e29
"2025-01-05 04:44:37.0000",-0.98,112.08,-1.4098648859776536e31,-8.830795430733542e29,-8.673829061357273e29
"2025-01-05 05:14:28.0000",-0.99,112.42,-1.4098648859776536e31,-8.830795430733542e29,-8.673829061357273e29
"2025-01-05 05:44:19.0000",-1.02,112.54,-1.4098648859776536e31,-8.830795430733542e29,-8.673829061357273e29
"2025-01-05 06:14:10.0000",-1.02,112.89,-1.4098648859776536e31,-8.830795430733542e29,-8.673829061357273e29
"2025-01-05 06:44:01.0000",-1.01,112.76,-1.4098648859776536e31,-8.830795430733542e29,-8.673829061357273e29
"2025-01-05 07:13:52.0000",-1.02,112.81,-1.4098648859776536e31,-8.830795430733542e29,-8.673829061357273e29
"2025-01-05 07:43:43.0000",-1.01,112.92,-1.4098648859776536e31,-8.830795430733542e29,-8.673829061357273e29
"2025-01-05 08:13:33.0000",-0.99,112.9,-1.4098648859776536e31,-8.830795430733542e29,-8.673829061357273e29
"2025-01-05 08:43:24.0000",-0.98,112.85,-1.4098648859776536e31,-8.830795430733542e29,-8.673829061357273e29
"2025-01-05 09:13:15.0000",-0.94,112.85,-1.4098648859776536e31,-8.830795430733542e29,-8.673829061357273e29
"2025-01-05 09:43:06.0000",-0.9,112.65,-1.4098648859776536e31,-8.830795430733542e29,-8.673829061357273e29
"2025-01-05 10:12:58.0000",-0.79,112.41,-1.4098648859776536e31,-8.830795430733542e29,-8.673829061357273e29
"2025-01-05 10:42:50.0000",-0.67,112.36,-1.4098648859776536e31,-8.830795430733542e29,-8.673829061357273e29
"2025-01-05 11:12:41.0000",-0.55,112.37,-1.4098648859776536e31,-8.830795430733542e29,-8.673829061357273e29
"2025-01-05 11:42:32.0000",-0.51,112.46,-1.4098648859776536e31,-8.830795430733542e29,-8.673829061357273e29
"2025-01-05 12:12:24.0000",-0.46,112.68,-1.4098648859776536e31,-8.830795430733542e29,-8.673829061357273e29
"2025-01-05 12:42:15.0000",-0.33,112.63,-1.4098648859776536e31,-8.830795430733542e29,-8.673829061357273e29
"2025-01-05 13:12:07.0000",-0.25,113.13,-1.4098648859776536e31,-8.830795430733542e29,-8.673829061357273e29
"2025-01-05 13:41:58.0000",-0.2,114.22,-1.4098648859776536e31,-8.830795430733542e29,-8.673829061357273e29
"2025-01-05 14:11:49.0000",-0.05,114.51,-1.4098648859776536e31,-8.830795430733542e29,-8.673829061357273e29
"2025-01-05 14:41:40.0000",-0.03,114.33,-1.4098648859776536e31,-8.830795430733542e29,-8.673829061357273e29
"2025-01-05 15:11:32.0000",0.04,114.45,-1.4098648859776536e31,-8.830795430733542e29,-8.673829061357273e29
"2025-01-05 15:41:24.0000",0.14,114.49,-1.4098648859776536e31,-8.830795430733542e29,-8.673829061357273e29
"2025-01-05 16:11:14.0000",0.21,114.43,-1.4098648859776536e31,-8.830795430733542e29,-8.673829061357273e29
"2025-01-05 16:41:05.0000",0.27,114.51,-1.4098648859776536e31,-8.830795430733542e29,-8.673829061357273e29
"2025-01-05 17:10:55.0000",0.31,114.53,-1.4098648859776536e31,-8.830795430733542e29,-8.673829061357273e29
"2025-01-05 17:40:47.0000",0.46,114.71,-1.4098648859776536e31,-8.830795430733542e29,-8.673829061357273e29
"2025-01-05 18:10:38.0000",0.6,114.89,-1.4098648859776536e31,-8.830795430733542e29,-8.673829061357273e29
"2025-01-05 18:40:29.0000",0.61,114.65,-1.4098648859776536e31,-8.830795430733542e29,-8.673829061357273e29
"2025-01-05 19:10:20.0000",0.64,114.7,-1.4098648859776536e31,-8.830795430733542e29,-8.673829061357273e29
"2025-01-05 19:40:11.0000",0.73,114.79,-1.4098648859776536e31,-8.830795430733542e29,-8.673829061357273e29
"2025-01-05 20:10:02.0000",0.78,114.82,-1.4098648859776536e31,-8.830795430733542e29,-8.673829061357273e29
"2025-01-05 20:39:54.0000",0.85,114.81,-1.4098648859776536e31,-8.830795430733542e29,-8.673829061357273e29
"2025-01-05 21:09:44.0000",0.92,114.83,-1.4098648859776536e31,-8.830795430733542e29,-8.673829061357273e29
"2025-01-05 21:39:35.0000",0.99,114.84,-1.4098648859776536e31,-8.830795430733542e29,-8.673829061357273e29
"2025-01-05 22:09:27.0000",0.88,114.48,-1.4098648859776536e31,-8.830795430733542e29,-8.673829061357273e29
"2025-01-05 22:39:17.0000",0.78,114.67,-1.4098648859776536e31,-8.830795430733542e29,-8.673829061357273e29
"2025-01-05 23:09:09.0000",0.75,114.62,-1.4098648859776536e31,-8.830795430733542e29,-8.673829061357273e29
"2025-01-05 23:38:59.0000",0.69,114.7,-1.4098648859776536e31,-8.830795430733542e29,-8.673829061357273e29
"2025-01-06 00:08:50.0000",0.61,114.66,-1.4098648859776536e31,-8.830795430733542e29,-8.673829061357273e29
"2025-01-06 00:38:40.0000",0.46,114.45,-1.4098648859776536e31,-8.830795430733542e29,-8.673829061357273e29
"2025-01-06 01:08:29.0000",-0.03,113.96,-1.4098648859776536e31,-8.830795430733542e29,-8.673829061357273e29
"2025-01-06 01:38:19.0000",-0.69,114.76,-1.4098648859776536e31,-8.830795430733542e29,-8.673829061357273e29
"2025-01-06 02:08:09.0000",-0.83,115.07,-1.4098648859776536e31,-8.830795430733542e29,-8.673829061357273e29
"2025-01-06 02:37:59.0000",-0.89,114.93,-1.4098648859776536e31,-8.830795430733542e29,-8.673829061357273e29
"2025-01-06 03:07:49.0000",-0.95,114.79,-1.4098648859776536e31,-8.830795430733542e29,-8.673829061357273e29
"2025-01-06 03:37:41.0000",-0.94,114.74,-1.4098648859776536e31,-8.830795430733542e29,-8.673829061357273e29
"2025-01-06 04:07:32.0000",-0.94,114.75,-1.4098648859776536e31,-8.830795430733542e29,-8.673829061357273e29
"2025-01-06 04:37:24.0000",-0.89,114.88,-1.4098648859776536e31,-8.830795430733542e29,-8.673829061357273e29
"2025-01-06 05:07:15.0000",-0.74,115.27,-1.4098648859776536e31,-8.830795430733542e29,-8.673829061357273e29
"2025-01-06 05:37:06.0000",-0.31,115.93,-1.4098648859776536e31,-8.830795430733542e29,-8.673829061357273e29
"2025-01-06 06:06:59.0000",0.35,114.77,-1.4098648859776536e31,-8.830795430733542e29,-8.673829061357273e29
"2025-01-06 06:36:50.0000",0.69,114.81,-1.4098648859776536e31,-8.830795430733542e29,-8.673829061357273e29
"2025-01-06 07:06:41.0000",0.87,114.92,-1.4098648859776536e31,-8.830795430733542e29,-8.673829061357273e29
"2025-01-06 07:36:32.0000",1.13,115.13,-1.4098648859776536e31,-8.830795430733542e29,-8.673829061357273e29
"2025-01-06 09:06:07.0000",2.19,115.33,-1.4098648859776536e31,-8.830795430733542e29,-8.673829061357273e29
"2025-01-06 09:35:59.0000",2.56,115.72,-1.4098648859776536e31,-8.830795430733542e29,-8.673829061357273e29
"2025-01-06 10:05:50.0000",2.76,115.89,-1.4098648859776536e31,-8.830795430733542e29,-8.673829061357273e29
"2025-01-06 10:35:40.0000",2.55,115.91,-1.4098648859776536e31,-8.830795430733542e29,-8.673829061357273e29
"2025-01-06 11:05:31.0000",2.64,116.29,-1.4098648859776536e31,-8.830795430733542e29,-8.673829061357273e29
"2025-01-06 11:35:23.0000",3.14,117.1,-1.4098648859776536e31,-8.830795430733542e29,-8.673829061357273e29
"2025-01-06 12:05:16.0000",3.91,116.02,-1.4098648859776536e31,-8.830795430733542e29,-8.673829061357273e29
"2025-01-06 12:35:08.0000",5.38,115.63,-1.4098648859776536e31,-8.830795430733542e29,-8.673829061357273e29
"2025-01-06 13:05:00.0000",4.71,115.54,-1.4098648859776536e31,-8.830795430733542e29,-8.673829061357273e29
"2025-01-06 13:34:54.0000",5.85,115.03,-1.4098648859776536e31,-8.830795430733542e29,-8.673829061357273e29
"2025-01-06 14:04:44.0000",4.87,115.08,-1.4098648859776536e31,-8.830795430733542e29,-8.673829061357273e29
"2025-01-06 14:34:37.0000",5.01,114.72,-1.4098648859776536e31,-8.830795430733542e29,-8.673829061357273e29
"2025-01-06 15:04:27.0000",4.57,113.66,-1.4098648859776536e31,-8.830795430733542e29,-8.673829061357273e29
"2025-01-06 15:34:17.0000",4.37,110.72,-1.4098648859776536e31,-8.830795430733542e29,-8.673829061357273e29
"2025-01-06 16:04:06.0000",3.41,109.92,-1.4098648859776536e31,-8.830795430733542e29,-8.673829061357273e29
"2025-01-06 16:33:58.0000",3.67,110.22,-1.4098648859776536e31,-8.830795430733542e29,-8.673829061357273e29
"2025-01-06 17:03:49.0000",3.77,106.98,1.6652425527572632,2.2807114186283592,6.757173501846482
"2025-01-06 18:03:32.0000",4.25,103.36,1.9574047327041626,2.540166536720624,8.449204956429998
"2025-01-06 18:33:23.0000",4.17,100.21,-1.4098648859776536e31,-8.830795430733542e29,-8.673829061357273e29
"2025-01-06 19:03:14.0000",4.23,97.78,2.0172760486602783,2.7347057902406604,8.254154981768124
"2025-01-06 19:33:04.0000",3.81,94.36,38.7420654296875,25.2966254895311,25.301532277350862
"2025-01-06 20:02:54.0000",3.35,94.03,-1.4098648859776536e31,-8.830795430733542e29,-8.673829061357273e29
"2025-01-06 20:32:44.0000",2.61,95.14,26.315778732299805,17.86829189991415,19.18011705050634
"2025-01-06 21:02:35.0000",2.94,90.68,-1.4098648859776536e31,-8.830795430733542e29,-8.673829061357273e29
"2025-01-06 21:32:25.0000",2.74,87.34,2.4209182262420654,3.7180675776083683,10.481527287142956
"2025-01-06 22:32:07.0000",1.84,91.81,1.4706865549087524,2.1034393939463034,7.9468600386756645
"2025-01-06 23:01:54.0000",0.27,95.43,1.1993061304092407,1.814387148276039,6.441276845171372
"2025-01-06 23:31:42.0000",-0.33,96.99,1.20200777053833,1.7915565503269464,6.707754134703586
"2025-01-07 00:01:34.0000",-0.19,97.53,-1.4098648859776536e31,-8.830795430733542e29,-8.673829061357273e29
"2025-01-07 00:31:24.0000",-0.85,98.43,-1.4098648859776536e31,-8.830795430733542e29,-8.673829061357273e29
"2025-01-07 01:01:15.0000",-0.95,98.98,-1.4098648859776536e31,-8.830795430733542e29,-8.673829061357273e29
"2025-01-07 01:31:06.0000",-0.98,99.48,-1.4098648859776536e31,-8.830795430733542e29,-8.673829061357273e29
"2025-01-07 02:00:57.0000",-0.95,99.98,-1.4098648859776536e31,-8.830795430733542e29,-8.673829061357273e29
"2025-01-07 02:30:49.0000",-0.89,100.58,-1.4098648859776536e31,-8.830795430733542e29,-8.673829061357273e29
"2025-01-07 03:00:40.0000",-0.73,101.24,-1.4098648859776536e31,-8.830795430733542e29,-8.673829061357273e29
"2025-01-07 03:30:31.0000",-0.53,101.94,-1.4098648859776536e31,-8.830795430733542e29,-8.673829061357273e29
"2025-01-07 04:00:22.0000",-0.18,102.6,-1.4098648859776536e31,-8.830795430733542e29,-8.673829061357273e29
"2025-01-07 04:30:13.0000",-0.33,102.32,-1.4098648859776536e31,-8.830795430733542e29,-8.673829061357273e29
"2025-01-07 05:00:04.0000",-0.08,103.2,-1.4098648859776536e31,-8.830795430733542e29,-8.673829061357273e29
"2025-01-07 05:29:57.0000",0.02,103.16,-1.4098648859776536e31,-8.830795430733542e29,-8.673829061357273e29
"2025-01-07 05:59:48.0000",0.02,103.39,-1.4098648859776536e31,-8.830795430733542e29,-8.673829061357273e29
"2025-01-07 06:29:39.0000",0.33,103.93,-1.4098648859776536e31,-8.830795430733542e29,-8.673829061357273e29
"2025-01-07 06:59:31.0000",0.43,103.8,-1.4098648859776536e31,-8.830795430733542e29,-8.673829061357273e29
"2025-01-07 07:29:22.0000",0.45,104.74,-1.4098648859776536e31,-8.830795430733542e29,-8.673829061357273e29
"2025-01-07 07:59:13.0000",0.07,104.46,-1.4098648859776536e31,-8.830795430733542e29,-8.673829061357273e29
"2025-01-07 08:29:04.0000",0.3,105.35,-1.4098648859776536e31,-8.830795430733542e29,-8.673829061357273e29
"2025-01-07 08:58:57.0000",0.86,105.56,-1.4098648859776536e31,-8.830795430733542e29,-8.673829061357273e29
"2025-01-07 09:28:48.0000",0.57,105.62,-1.4098648859776536e31,-8.830795430733542e29,-8.673829061357273e29
"2025-01-07 09:58:38.0000",0.28,106.19,-1.4098648859776536e31,-8.830795430733542e29,-8.673829061357273e29
"2025-01-07 10:28:29.0000",1.56,109.57,-1.4098648859776536e31,-8.830795430733542e29,-8.673829061357273e29
"2025-01-07 10:58:29.0000",3.65,103.15,-1.4098648859776536e31,-8.830795430733542e29,-8.673829061357273e29
"2025-01-07 11:28:18.0000",1.94,103.87,-1.4098648859776536e31,-8.830795430733542e29,-8.673829061357273e29
"2025-01-07 11:58:07.0000",1.34,108.38,-1.4098648859776536e31,-8.830795430733542e29,-8.673829061357273e29
"2025-01-07 12:28:00.0000",2.21,107.69,-1.4098648859776536e31,-8.830795430733542e29,-8.673829061357273e29
"2025-01-07 12:57:52.0000",2.41,107.38,-1.4098648859776536e31,-8.830795430733542e29,-8.673829061357273e29
"2025-01-07 13:27:43.0000",2.46,107,-1.4098648859776536e31,-8.830795430733542e29,-8.673829061357273e29
"2025-01-07 13:57:35.0000",2.72,107.01,-1.4098648859776536e31,-8.830795430733542e29,-8.673829061357273e29
"2025-01-07 14:27:25.0000",1.65,107.07,-1.4098648859776536e31,-8.830795430733542e29,-8.673829061357273e29
"2025-01-07 15:27:09.0000",2.33,104.79,-1.4098648859776536e31,-8.830795430733542e29,-8.673829061357273e29
"2025-01-07 15:56:57.0000",0.91,107.24,-1.4098648859776536e31,-8.830795430733542e29,-8.673829061357273e29
"2025-01-07 16:26:49.0000",1.54,108.15,-1.4098648859776536e31,-8.830795430733542e29,-8.673829061357273e29
"2025-01-07 16:56:41.0000",1.77,107.33,-1.4098648859776536e31,-8.830795430733542e29,-8.673829061357273e29
"2025-01-07 17:26:33.0000",2.24,107.05,-1.4098648859776536e31,-8.830795430733542e29,-8.673829061357273e29
"2025-01-07 17:56:25.0000",2.35,106.66,-1.4098648859776536e31,-8.830795430733542e29,-8.673829061357273e29
"2025-01-07 18:26:15.0000",1.95,106.98,-1.4098648859776536e31,-8.830795430733542e29,-8.673829061357273e29
"2025-01-07 19:25:58.0000",2.38,107.34,-1.4098648859776536e31,-8.830795430733542e29,-8.673829061357273e29
"2025-01-07 19:55:49.0000",2.62,107.11,-1.4098648859776536e31,-8.830795430733542e29,-8.673829061357273e29
"2025-01-07 20:25:41.0000",2.57,107.35,-1.4098648859776536e31,-8.830795430733542e29,-8.673829061357273e29
"2025-01-07 20:55:33.0000",2.57,106.96,-1.4098648859776536e31,-8.830795430733542e29,-8.673829061357273e29
"2025-01-07 21:25:22.0000",1.54,106.55,-1.4098648859776536e31,-8.830795430733542e29,-8.673829061357273e29
"2025-01-07 21:55:13.0000",1.04,107.8,-1.4098648859776536e31,-8.830795430733542e29,-8.673829061357273e29
"2025-01-07 22:25:05.0000",2.05,107.74,-1.4098648859776536e31,-8.830795430733542e29,-8.673829061357273e29
"2025-01-07 22:54:56.0000",2,106.99,-1.4098648859776536e31,-8.830795430733542e29,-8.673829061357273e29
"2025-01-07 23:24:47.0000",1.77,106.99,-1.4098648859776536e31,-8.830795430733542e29,-8.673829061357273e29
"2025-01-07 23:54:37.0000",1.7,106.97,-1.4098648859776536e31,-8.830795430733542e29,-8.673829061357273e29
"2025-01-08 00:24:28.0000",1.45,106.83,-1.4098648859776536e31,-8.830795430733542e29,-8.673829061357273e29
"2025-01-08 00:54:18.0000",1.41,107.21,-1.4098648859776536e31,-8.830795430733542e29,-8.673829061357273e29
"2025-01-08 01:24:11.0000",1.87,107.37,-1.4098648859776536e31,-8.830795430733542e29,-8.673829061357273e29
"2025-01-08 01:54:03.0000",1.99,107.14,-1.4098648859776536e31,-8.830795430733542e29,-8.673829061357273e29
"2025-01-08 02:23:54.0000",1.94,107.12,-1.4098648859776536e31,-8.830795430733542e29,-8.673829061357273e29
"2025-01-08 02:53:45.0000",1.81,107.11,-1.4098648859776536e31,-8.830795430733542e29,-8.673829061357273e29
"2025-01-08 03:23:35.0000",1.77,107.53,-1.4098648859776536e31,-8.830795430733542e29,-8.673829061357273e29
"2025-01-08 03:53:26.0000",1.68,107.72,-1.4098648859776536e31,-8.830795430733542e29,-8.673829061357273e29
"2025-01-08 04:23:18.0000",1.72,107.83,-1.4098648859776536e31,-8.830795430733542e29,-8.673829061357273e29
"2025-01-08 04:53:09.0000",1.7,107.42,-1.4098648859776536e31,-8.830795430733542e29,-8.673829061357273e29
"2025-01-08 05:22:59.0000",1.42,106.87,-1.4098648859776536e31,-8.830795430733542e29,-8.673829061357273e29
"2025-01-08 05:52:51.0000",1.19,106.8,-1.4098648859776536e31,-8.830795430733542e29,-8.673829061357273e29
"2025-01-08 06:22:42.0000",0.91,106.53,-1.4098648859776536e31,-8.830795430733542e29,-8.673829061357273e29
"2025-01-08 06:52:33.0000",0.83,106.28,-1.4098648859776536e31,-8.830795430733542e29,-8.673829061357273e29
"2025-01-08 07:22:25.0000",1.11,106.33,-1.4098648859776536e31,-8.830795430733542e29,-8.673829061357273e29
"2025-01-08 08:22:02.0000",-0.88,106.02,-1.4098648859776536e31,-8.830795430733542e29,-8.673829061357273e29
"2025-01-08 08:51:53.0000",-0.99,106.77,-1.4098648859776536e31,-8.830795430733542e29,-8.673829061357273e29
"2025-01-08 09:21:45.0000",-0.61,107.11,-1.4098648859776536e31,-8.830795430733542e29,-8.673829061357273e29
"2025-01-08 09:51:36.0000",-0.46,106.92,-1.4098648859776536e31,-8.830795430733542e29,-8.673829061357273e29
"2025-01-08 10:21:28.0000",-0.03,107.25,-1.4098648859776536e31,-8.830795430733542e29,-8.673829061357273e29
"2025-01-08 10:51:20.0000",0.6,106.85,-1.4098648859776536e31,-8.830795430733542e29,-8.673829061357273e29
"2025-01-08 11:21:11.0000",0.58,106.78,-1.4098648859776536e31,-8.830795430733542e29,-8.673829061357273e29
"2025-01-08 11:51:02.0000",0.54,106.77,-1.4098648859776536e31,-8.830795430733542e29,-8.673829061357273e29
"2025-01-08 12:20:53.0000",0.04,106.24,-1.4098648859776536e31,-8.830795430733542e29,-8.673829061357273e29
"2025-01-08 12:50:42.0000",-0.18,106.79,-1.4098648859776536e31,-8.830795430733542e29,-8.673829061357273e29
"2025-01-08 13:20:33.0000",-0.31,106.76,-1.4098648859776536e31,-8.830795430733542e29,-8.673829061357273e29
"2025-01-08 13:50:25.0000",-0.57,106.53,-1.4098648859776536e31,-8.830795430733542e29,-8.673829061357273e29
"2025-01-08 14:20:15.0000",-0.67,106.69,-1.4098648859776536e31,-8.830795430733542e29,-8.673829061357273e29
"2025-01-08 15:19:55.0000",-1.03,106.88,-1.4098648859776536e31,-8.830795430733542e29,-8.673829061357273e29
"2025-01-08 15:49:47.0000",-1.15,107.07,-1.4098648859776536e31,-8.830795430733542e29,-8.673829061357273e29
"2025-01-08 16:19:36.0000",-1.48,106.91,-1.4098648859776536e31,-8.830795430733542e29,-8.673829061357273e29
"2025-01-08 16:49:27.0000",-1.5,107.48,-1.4098648859776536e31,-8.830795430733542e29,-8.673829061357273e29
"2025-01-08 17:19:17.0000",-1.48,107.58,-1.4098648859776536e31,-8.830795430733542e29,-8.673829061357273e29
"2025-01-08 17:49:08.0000",-1.58,107.52,-1.4098648859776536e31,-8.830795430733542e29,-8.673829061357273e29
"2025-01-08 18:19:00.0000",-1.77,107.44,-1.4098648859776536e31,-8.830795430733542e29,-8.673829061357273e29
"2025-01-08 18:48:52.0000",-1.64,107.82,-1.4098648859776536e31,-8.830795430733542e29,-8.673829061357273e29
"2025-01-08 19:18:43.0000",-1.6,108.31,-1.4098648859776536e31,-8.830795430733542e29,-8.673829061357273e29
"2025-01-08 19:48:35.0000",-1.58,107.96,-1.4098648859776536e31,-8.830795430733542e29,-8.673829061357273e29
"2025-01-08 20:18:25.0000",-2.02,107.66,-1.4098648859776536e31,-8.830795430733542e29,-8.673829061357273e29
"2025-01-08 20:48:15.0000",-2.77,105.18,-1.4098648859776536e31,-8.830795430733542e29,-8.673829061357273e29
"2025-01-08 21:18:04.0000",-3.49,106.39,-1.4098648859776536e31,-8.830795430733542e29,-8.673829061357273e29
"2025-01-08 21:47:56.0000",-3.18,106,-1.4098648859776536e31,-8.830795430733542e29,-8.673829061357273e29
"2025-01-08 22:17:46.0000",-4.18,105.22,-1.4098648859776536e31,-8.830795430733542e29,-8.673829061357273e29
"2025-01-08 22:47:36.0000",-3.9,107.26,-1.4098648859776536e31,-8.830795430733542e29,-8.673829061357273e29
"2025-01-08 23:17:27.0000",-4.2,105.88,-1.4098648859776536e31,-8.830795430733542e29,-8.673829061357273e29
"2025-01-08 23:47:19.0000",-4.18,106.39,-1.4098648859776536e31,-8.830795430733542e29,-8.673829061357273e29
"2025-01-09 00:17:11.0000",-3.81,107.33,-1.4098648859776536e31,-8.830795430733542e29,-8.673829061357273e29
"2025-01-09 00:47:01.0000",-4.04,107.26,-1.4098648859776536e31,-8.830795430733542e29,-8.673829061357273e29
"2025-01-09 01:16:53.0000",-3.94,107.28,-1.4098648859776536e31,-8.830795430733542e29,-8.673829061357273e29
"2025-01-09 01:46:44.0000",-3.96,107.15,-1.4098648859776536e31,-8.830795430733542e29,-8.673829061357273e29
"2025-01-09 02:16:36.0000",-3.52,107.83,-1.4098648859776536e31,-8.830795430733542e29,-8.673829061357273e29
"2025-01-09 02:46:28.0000",-3.62,107.33,-1.4098648859776536e31,-8.830795430733542e29,-8.673829061357273e29
"2025-01-09 03:16:19.0000",-3.23,108.03,-1.4098648859776536e31,-8.830795430733542e29,-8.673829061357273e29
"2025-01-09 03:46:10.0000",-3.23,107.75,-1.4098648859776536e31,-8.830795430733542e29,-8.673829061357273e29
"2025-01-09 04:16:02.0000",-2.88,107.8,-1.4098648859776536e31,-8.830795430733542e29,-8.673829061357273e29
"2025-01-09 04:45:54.0000",-2.61,107.71,-1.4098648859776536e31,-8.830795430733542e29,-8.673829061357273e29
"2025-01-09 05:15:46.0000",-2.12,108.11,-1.4098648859776536e31,-8.830795430733542e29,-8.673829061357273e29
"2025-01-09 05:45:38.0000",-2.2,107.44,-1.4098648859776536e31,-8.830795430733542e29,-8.673829061357273e29
"2025-01-09 06:15:30.0000",-1.58,108.59,-1.4098648859776536e31,-8.830795430733542e29,-8.673829061357273e29
"2025-01-09 06:45:22.0000",-1.06,108,-1.4098648859776536e31,-8.830795430733542e29,-8.673829061357273e29
"2025-01-09 07:15:12.0000",-1.03,107.92,-1.4098648859776536e31,-8.830795430733542e29,-8.673829061357273e29
"2025-01-09 07:45:04.0000",-0.7,108.56,-1.4098648859776536e31,-8.830795430733542e29,-8.673829061357273e29
"2025-01-09 08:14:55.0000",-0.71,108.5,-1.4098648859776536e31,-8.830795430733542e29,-8.673829061357273e29
"2025-01-09 08:44:46.0000",-0.66,109.09,-1.4098648859776536e31,-8.830795430733542e29,-8.673829061357273e29
"2025-01-09 09:14:39.0000",-0.2,109.49,-1.4098648859776536e31,-8.830795430733542e29,-8.673829061357273e29
"2025-01-09 09:44:30.0000",-0.23,109.55,-1.4098648859776536e31,-8.830795430733542e29,-8.673829061357273e29
"2025-01-09 10:14:24.0000",3.84,109.03,-1.4098648859776536e31,-8.830795430733542e29,-8.673829061357273e29
"2025-01-09 10:44:20.0000",2.74,102.52,-1.4098648859776536e31,-8.830795430733542e29,-8.673829061357273e29
"2025-01-09 11:14:07.0000",4.06,111.83,-1.4098648859776536e31,-8.830795430733542e29,-8.673829061357273e29
"2025-01-09 11:44:08.0000",7.33,100.27,-1.4098648859776536e31,-8.830795430733542e29,-8.673829061357273e29
"2025-01-09 12:14:01.0000",8.36,97.57,1.273362159729004,1.8249931908299462,6.288471037333466
"2025-01-09 12:43:50.0000",7.15,97.41,36.85307693481445,23.421650648747633,22.635847623399364
"2025-01-09 13:13:39.0000",5.47,98.9,1.344152808189392,2.714440942232406,8.992680668633122
"2025-01-09 13:43:26.0000",3.87,102.17,-1.4098648859776536e31,-8.830795430733542e29,-8.673829061357273e29
"2025-01-09 14:13:18.0000",4.23,99.44,1.432126760482788,2.5132335647613697,7.965498336728261
"2025-01-09 14:43:07.0000",2.95,97.43,-1.4098648859776536e31,-8.830795430733542e29,-8.673829061357273e29
"2025-01-09 15:12:56.0000",2.15,96.43,40.573421478271484,26.143017956229407,24.548427249223487
"2025-01-09 15:42:45.0000",1.09,96.95,35.85185623168945,23.34603205682196,22.001309058035492
"2025-01-09 16:12:35.0000",0.64,98.19,87.62535858154297,55.83823156882037,43.93196436421973
"2025-01-09 16:42:26.0000",0.46,98.56,1.2011678218841553,1.755605859337344,6.257119562646619
"2025-01-09 17:12:17.0000",0.15,98.69,1.5481908321380615,2.21989005442454,7.124734458133835
"2025-01-09 17:42:06.0000",-0.07,98.87,-1.4098648859776536e31,-8.830795430733542e29,-8.673829061357273e29
"2025-01-09 18:11:58.0000",0.1,99.42,1.5294904708862305,1.939531733079878,7.096167379481841
"2025-01-09 18:41:49.0000",0.21,99,1.3179746866226196,1.8887995679668874,6.1585924235753176
"2025-01-09 19:11:41.0000",0.01,99.24,3.938943862915039,3.9164053475600613,8.535897711999297
"2025-01-09 19:41:31.0000",0.08,99.89,1.7970423698425293,2.287498988393661,6.892084483400422
"2025-01-09 20:11:22.0000",-0.1,99.72,3.0176918506622314,3.1956381974985164,8.276815609257623
"2025-01-09 20:41:14.0000",0.17,99.89,1.855800747871399,2.3967795475001994,7.940036586434932
"2025-01-09 21:11:05.0000",0.22,99.17,1.4944523572921753,2.2120576948581356,7.139524030449017
"2025-01-09 21:40:55.0000",-0.3,98.89,1.793637990951538,2.4429387761944747,7.3595792460273195
"2025-01-09 22:10:44.0000",-1.29,99.61,2.9075005054473877,3.1343146753780946,8.802703414264544
"2025-01-09 22:40:35.0000",-1.41,99.62,-1.4098648859776536e31,-8.830795430733542e29,-8.673829061357273e29
"2025-01-09 23:10:26.0000",-1.69,100.22,6.086235046386719,5.482771485117842,10.201581254417304
"2025-01-09 23:40:17.0000",-1.52,100.55,-1.4098648859776536e31,-8.830795430733542e29,-8.673829061357273e29
"2025-01-10 00:10:06.0000",-2.01,100.77,-1.4098648859776536e31,-8.830795430733542e29,-8.673829061357273e29
"2025-01-10 00:39:57.0000",-2.56,100.43,-1.4098648859776536e31,-8.830795430733542e29,-8.673829061357273e29
"2025-01-10 01:09:48.0000",-2.72,100.52,13.513916015625,10.959907314900699,15.631494835425096
"2025-01-10 01:39:37.0000",-4.3,100.59,17.798852920532227,14.032231023899902,17.27700331162786
"2025-01-10 02:09:26.0000",-4.76,101.46,-1.4098648859776536e31,-8.830795430733542e29,-8.673829061357273e29
"2025-01-10 02:39:15.0000",-4.63,101.77,12.693456649780273,10.274588390197128,13.99638331943179
"2025-01-10 03:09:07.0000",-4.47,101.63,12.249775886535645,9.897738513646022,13.832697620720474
"2025-01-10 03:38:58.0000",-4.62,102.02,11.023079872131348,8.971061047572059,12.778704846223988
"2025-01-10 04:08:50.0000",-4.87,101.62,16.148418426513672,13.180017338313782,17.367873627968322
"2025-01-10 04:38:39.0000",-5.7,101.67,-1.4098648859776536e31,-8.830795430733542e29,-8.673829061357273e29
"2025-01-10 05:08:29.0000",-5.52,102.91,20.203062057495117,16.25864816951937,19.4241678771968
"2025-01-10 05:38:21.0000",-5.86,102.19,-1.4098648859776536e31,-8.830795430733542e29,-8.673829061357273e29
"2025-01-10 06:08:12.0000",-5.83,103.18,-1.4098648859776536e31,-8.830795430733542e29,-8.673829061357273e29
"2025-01-10 07:07:53.0000",-6.31,103.04,-1.4098648859776536e31,-8.830795430733542e29,-8.673829061357273e29
"2025-01-10 07:37:44.0000",-5.93,103.32,-1.4098648859776536e31,-8.830795430733542e29,-8.673829061357273e29
"2025-01-10 08:07:36.0000",-5.44,103.84,-1.4098648859776536e31,-8.830795430733542e29,-8.673829061357273e29
"2025-01-10 08:37:29.0000",-4.96,104.12,-1.4098648859776536e31,-8.830795430733542e29,-8.673829061357273e29
"2025-01-10 09:07:20.0000",-4.32,104.26,-1.4098648859776536e31,-8.830795430733542e29,-8.673829061357273e29
"2025-01-10 09:37:12.0000",-3.87,104.23,-1.4098648859776536e31,-8.830795430733542e29,-8.673829061357273e29
"2025-01-10 10:07:04.0000",-3.51,104.37,-1.4098648859776536e31,-8.830795430733542e29,-8.673829061357273e29
"2025-01-10 10:36:55.0000",-3.44,105,-1.4098648859776536e31,-8.830795430733542e29,-8.673829061357273e29
"2025-01-10 11:06:51.0000",-0.56,103.11,-1.4098648859776536e31,-8.830795430733542e29,-8.673829061357273e29
"2025-01-10 11:36:47.0000",1.62,101.26,-1.4098648859776536e31,-8.830795430733542e29,-8.673829061357273e29
"2025-01-10 12:06:39.0000",1.57,100.24,-1.4098648859776536e31,-8.830795430733542e29,-8.673829061357273e29
"2025-01-10 12:36:31.0000",2.16,98.38,-1.4098648859776536e31,-8.830795430733542e29,-8.673829061357273e29
"2025-01-10 13:06:23.0000",2.24,98.75,-1.4098648859776536e31,-8.830795430733542e29,-8.673829061357273e29
"2025-01-10 13:36:16.0000",3.01,102.05,-1.4098648859776536e31,-8.830795430733542e29,-8.673829061357273e29
"2025-01-10 14:06:05.0000",2.25,100.18,9.298822402954102,7.53003525426589,11.225634093119934
"2025-01-10 14:35:56.0000",1.43,100.87,7.964171886444092,6.671201250274746,11.329220813464463
"2025-01-10 15:05:45.0000",0.75,103.56,-1.4098648859776536e31,-8.830795430733542e29,-8.673829061357273e29
"2025-01-10 15:35:35.0000",-0.29,102.6,10.217845916748047,8.300351987784499,12.01301809893043
"2025-01-10 16:05:24.0000",-1.01,103.19,-1.4098648859776536e31,-8.830795430733542e29,-8.673829061357273e29
"2025-01-10 16:35:14.0000",-1.64,102.71,7.446035861968994,6.16966451361836,9.599126093162917
"2025-01-10 17:05:03.0000",-1.95,103.51,-1.4098648859776536e31,-8.830795430733542e29,-8.673829061357273e29
"2025-01-10 17:34:55.0000",-2.04,103.77,13.12791919708252,10.436730687928707,13.936124487981083
"2025-01-10 18:04:45.0000",-2.21,104.39,-1.4098648859776536e31,-8.830795430733542e29,-8.673829061357273e29
"2025-01-10 18:34:35.0000",-2.41,104.73,-1.4098648859776536e31,-8.830795430733542e29,-8.673829061357273e29
"2025-01-10 19:04:27.0000",-2.36,104.78,-1.4098648859776536e31,-8.830795430733542e29,-8.673829061357273e29
"2025-01-10 19:34:18.0000",-2.37,104.52,11.343700408935547,9.061948087323744,12.777058314667542
"2025-01-10 20:04:09.0000",-2.4,104.47,-1.4098648859776536e31,-8.830795430733542e29,-8.673829061357273e29
"2025-01-10 20:33:59.0000",-2.58,104.29,-1.4098648859776536e31,-8.830795430733542e29,-8.673829061357273e29
"2025-01-10 21:03:48.0000",-2.61,104.87,10.76990032196045,8.748115433161587,12.28030170727241
"2025-01-10 21:33:40.0000",-2.59,104.59,-1.4098648859776536e31,-8.830795430733542e29,-8.673829061357273e29
"2025-01-10 22:03:30.0000",-3.07,103.98,16.721466064453125,13.34027124386334,16.359518061387973
"2025-01-10 22:33:20.0000",-3.13,105.44,-1.4098648859776536e31,-8.830795430733542e29,-8.673829061357273e29
"2025-01-10 23:03:12.0000",-2.78,105.13,-1.4098648859776536e31,-8.830795430733542e29,-8.673829061357273e29
"2025-01-10 23:33:04.0000",-2.76,104.56,-1.4098648859776536e31,-8.830795430733542e29,-8.673829061357273e29
"2025-01-11 00:02:55.0000",-3.1,104.45,-1.4098648859776536e31,-8.830795430733542e29,-8.673829061357273e29
"2025-01-11 00:32:47.0000",-3.17,104.77,-1.4098648859776536e31,-8.830795430733542e29,-8.673829061357273e29
"2025-01-11 01:02:37.0000",-3.41,104.94,-1.4098648859776536e31,-8.830795430733542e29,-8.673829061357273e29
"2025-01-11 01:32:27.0000",-3.55,104.72,-1.4098648859776536e31,-8.830795430733542e29,-8.673829061357273e29
"2025-01-11 02:02:17.0000",-3.99,105.33,-1.4098648859776536e31,-8.830795430733542e29,-8.673829061357273e29
"2025-01-11 02:32:07.0000",-3.82,105.57,-1.4098648859776536e31,-8.830795430733542e29,-8.673829061357273e29
"2025-01-11 03:01:58.0000",-3.93,105.43,-1.4098648859776536e31,-8.830795430733542e29,-8.673829061357273e29
"2025-01-11 03:31:49.0000",-3.8,105.58,-1.4098648859776536e31,-8.830795430733542e29,-8.673829061357273e29
"2025-01-11 04:01:40.0000",-4.03,105.47,-1.4098648859776536e31,-8.830795430733542e29,-8.673829061357273e29
"2025-01-11 04:31:32.0000",-3.6,106.4,-1.4098648859776536e31,-8.830795430733542e29,-8.673829061357273e29
"2025-01-11 05:01:24.0000",-2.72,106.77,-1.4098648859776536e31,-8.830795430733542e29,-8.673829061357273e29
"2025-01-11 05:31:16.0000",-2.58,106.3,-1.4098648859776536e31,-8.830795430733542e29,-8.673829061357273e29
"2025-01-11 06:01:07.0000",-2.63,106.46,-1.4098648859776536e31,-8.830795430733542e29,-8.673829061357273e29
"2025-01-11 06:30:58.0000",-2.63,106.5,-1.4098648859776536e31,-8.830795430733542e29,-8.673829061357273e29
"2025-01-11 07:00:49.0000",-2.48,106.96,-1.4098648859776536e31,-8.830795430733542e29,-8.673829061357273e29
"2025-01-11 07:30:40.0000",-2.67,106.83,-1.4098648859776536e31,-8.830795430733542e29,-8.673829061357273e29
"2025-01-11 08:00:31.0000",-3.01,106.48,-1.4098648859776536e31,-8.830795430733542e29,-8.673829061357273e29
"2025-01-11 08:30:20.0000",-3.86,107.05,-1.4098648859776536e31,-8.830795430733542e29,-8.673829061357273e29
"2025-01-11 09:00:12.0000",-3.01,108.13,-1.4098648859776536e31,-8.830795430733542e29,-8.673829061357273e29
"2025-01-11 09:30:06.0000",-1.91,107.45,-1.4098648859776536e31,-8.830795430733542e29,-8.673829061357273e29
"2025-01-11 10:00:00.0000",-0.12,104.63,-1.4098648859776536e31,-8.830795430733542e29,-8.673829061357273e29
"2025-01-11 10:29:50.0000",0.1,106.29,-1.4098648859776536e31,-8.830795430733542e29,-8.673829061357273e29
"2025-01-11 10:59:44.0000",1.38,102.79,-1.4098648859776536e31,-8.830795430733542e29,-8.673829061357273e29
"2025-01-11 11:29:32.0000",-0.02,106.02,-1.4098648859776536e31,-8.830795430733542e29,-8.673829061357273e29
"2025-01-11 11:59:22.0000",-0.28,106.38,-1.4098648859776536e31,-8.830795430733542e29,-8.673829061357273e29
"2025-01-11 12:29:14.0000",0.03,106.44,-1.4098648859776536e31,-8.830795430733542e29,-8.673829061357273e29
"2025-01-11 12:59:06.0000",0.34,107.19,-1.4098648859776536e31,-8.830795430733542e29,-8.673829061357273e29
"2025-01-11 13:28:57.0000",0.38,106.31,-1.4098648859776536e31,-8.830795430733542e29,-8.673829061357273e29
"2025-01-11 13:58:48.0000",0.32,106.18,-1.4098648859776536e31,-8.830795430733542e29,-8.673829061357273e29
"2025-01-11 14:28:40.0000",0.41,106.24,-1.4098648859776536e31,-8.830795430733542e29,-8.673829061357273e29
"2025-01-11 14:58:31.0000",0.4,106.24,-1.4098648859776536e31,-8.830795430733542e29,-8.673829061357273e29
"2025-01-11 15:28:23.0000",0.54,106.26,-1.4098648859776536e31,-8.830795430733542e29,-8.673829061357273e29
"2025-01-11 15:58:14.0000",0.64,106.36,-1.4098648859776536e31,-8.830795430733542e29,-8.673829061357273e29
"2025-01-11 16:28:05.0000",0.56,105.78,-1.4098648859776536e31,-8.830795430733542e29,-8.673829061357273e29
"2025-01-11 16:57:56.0000",0.47,106.14,-1.4098648859776536e31,-8.830795430733542e29,-8.673829061357273e29
"2025-01-11 17:27:46.0000",0.34,106.23,-1.4098648859776536e31,-8.830795430733542e29,-8.673829061357273e29
"2025-01-11 17:57:37.0000",0.13,106.26,-1.4098648859776536e31,-8.830795430733542e29,-8.673829061357273e29
"2025-01-11 18:27:27.0000",0.06,106.53,-1.4098648859776536e31,-8.830795430733542e29,-8.673829061357273e29
"2025-01-11 18:57:18.0000",0.22,106.75,-1.4098648859776536e31,-8.830795430733542e29,-8.673829061357273e29
"2025-01-11 19:27:10.0000",0.37,106.68,-1.4098648859776536e31,-8.830795430733542e29,-8.673829061357273e29
"2025-01-11 19:57:01.0000",0.3,106.43,-1.4098648859776536e31,-8.830795430733542e29,-8.673829061357273e29
"2025-01-11 20:26:51.0000",0.33,106.72,-1.4098648859776536e31,-8.830795430733542e29,-8.673829061357273e29
"2025-01-11 20:56:43.0000",0.45,106.93,-1.4098648859776536e31,-8.830795430733542e29,-8.673829061357273e29
"2025-01-11 21:26:34.0000",0.61,107.14,-1.4098648859776536e31,-8.830795430733542e29,-8.673829061357273e29
"2025-01-11 21:56:25.0000",0.62,107.06,-1.4098648859776536e31,-8.830795430733542e29,-8.673829061357273e29
"2025-01-11 22:26:17.0000",0.62,107.06,-1.4098648859776536e31,-8.830795430733542e29,-8.673829061357273e29
"2025-01-11 22:56:08.0000",0.53,107.26,-1.4098648859776536e31,-8.830795430733542e29,-8.673829061357273e29
"2025-01-11 23:25:59.0000",0.66,107.01,-1.4098648859776536e31,-8.830795430733542e29,-8.673829061357273e29
"2025-01-11 23:55:49.0000",0.48,106.81,-1.4098648859776536e31,-8.830795430733542e29,-8.673829061357273e29
"2025-01-12 00:25:41.0000",0.46,106.88,-1.4098648859776536e31,-8.830795430733542e29,-8.673829061357273e29
"2025-01-12 00:55:32.0000",0.38,107.08,-1.4098648859776536e31,-8.830795430733542e29,-8.673829061357273e29
"2025-01-12 01:25:22.0000",0.28,107.3,-1.4098648859776536e31,-8.830795430733542e29,-8.673829061357273e29
"2025-01-12 01:55:14.0000",0.3,107.61,-1.4098648859776536e31,-8.830795430733542e29,-8.673829061357273e29
"2025-01-12 02:25:05.0000",0.33,107.81,-1.4098648859776536e31,-8.830795430733542e29,-8.673829061357273e29
"2025-01-12 02:54:56.0000",0.33,108.05,-1.4098648859776536e31,-8.830795430733542e29,-8.673829061357273e29
"2025-01-12 03:24:47.0000",0.33,108.2,-1.4098648859776536e31,-8.830795430733542e29,-8.673829061357273e29
"2025-01-12 03:54:38.0000",0.41,108.65,-1.4098648859776536e31,-8.830795430733542e29,-8.673829061357273e29
"2025-01-12 04:24:30.0000",0.44,108.7,-1.4098648859776536e31,-8.830795430733542e29,-8.673829061357273e29
"2025-01-12 04:54:21.0000",0.34,108.65,-1.4098648859776536e31,-8.830795430733542e29,-8.673829061357273e29
"2025-01-12 05:24:12.0000",0.33,108.86,-1.4098648859776536e31,-8.830795430733542e29,-8.673829061357273e29
"2025-01-12 05:54:03.0000",0.07,108.49,-1.4098648859776536e31,-8.830795430733542e29,-8.673829061357273e29
"2025-01-12 06:23:54.0000",-0.38,108.71,-1.4098648859776536e31,-8.830795430733542e29,-8.673829061357273e29
"2025-01-12 06:53:45.0000",-0.51,109.06,-1.4098648859776536e31,-8.830795430733542e29,-8.673829061357273e29
"2025-01-12 07:23:36.0000",-0.73,109.01,-1.4098648859776536e31,-8.830795430733542e29,-8.673829061357273e29
"2025-01-12 07:53:25.0000",-1.08,109.19,-1.4098648859776536e31,-8.830795430733542e29,-8.673829061357273e29
"2025-01-12 08:23:17.0000",-1.16,109.51,-1.4098648859776536e31,-8.830795430733542e29,-8.673829061357273e29
"2025-01-12 08:53:08.0000",-0.42,110.93,-1.4098648859776536e31,-8.830795430733542e29,-8.673829061357273e29
"2025-01-12 09:23:02.0000",1.5,107.95,-1.4098648859776536e31,-8.830795430733542e29,-8.673829061357273e29
"2025-01-12 09:52:54.0000",1.77,105.29,-1.4098648859776536e31,-8.830795430733542e29,-8.673829061357273e29
"2025-01-12 10:22:47.0000",2.74,106.6,-1.4098648859776536e31,-8.830795430733542e29,-8.673829061357273e29
"2025-01-12 10:52:41.0000",4.22,103.84,-1.4098648859776536e31,-8.830795430733542e29,-8.673829061357273e29
"2025-01-12 11:22:31.0000",4.67,103.67,31.16847801208496,23.317047974351127,24.352860433029623
"2025-01-12 11:52:22.0000",4.81,105.2,25.947582244873047,19.962647233100792,22.738944024131914
"2025-01-12 12:22:13.0000",4.41,105.25,27.831769943237305,21.398976056885907,24.481248866013733
"2025-01-12 12:52:04.0000",4.33,105.97,21.104642868041992,16.9224374483233,20.37148424476439
"2025-01-12 13:21:56.0000",4.56,106.03,15.395319938659668,12.129144158402404,15.859992558549129
"2025-01-12 13:51:48.0000",5.27,104.72,11.001080513000488,8.8884573742718,12.614525943873332
"2025-01-12 14:21:39.0000",5.08,103.93,9.268945693969727,7.509156232337082,11.055282380537308
"2025-01-12 14:51:29.0000",4.38,104.19,9.234017372131348,7.49504048420295,11.034487702428494
"2025-01-12 15:21:20.0000",4.45,104.91,-1.4098648859776536e31,-8.830795430733542e29,-8.673829061357273e29
"2025-01-12 15:51:11.0000",3.85,104.1,-1.4098648859776536e31,-8.830795430733542e29,-8.673829061357273e29
"2025-01-12 16:21:00.0000",3.19,104.66,-1.4098648859776536e31,-8.830795430733542e29,-8.673829061357273e29
"2025-01-12 16:50:51.0000",2.91,105.33,-1.4098648859776536e31,-8.830795430733542e29,-8.673829061357273e29
"2025-01-12 17:20:41.0000",2.76,105.86,-1.4098648859776536e31,-8.830795430733542e29,-8.673829061357273e29
"2025-01-12 17:50:31.0000",2.48,106.4,-1.4098648859776536e31,-8.830795430733542e29,-8.673829061357273e29
"2025-01-12 18:20:22.0000",2.29,106.73,-1.4098648859776536e31,-8.830795430733542e29,-8.673829061357273e29
"2025-01-12 18:50:12.0000",2.13,106.92,-1.4098648859776536e31,-8.830795430733542e29,-8.673829061357273e29
"2025-01-12 19:20:03.0000",1.94,107.36,-1.4098648859776536e31,-8.830795430733542e29,-8.673829061357273e29
"2025-01-12 19:49:54.0000",2.18,107.75,-1.4098648859776536e31,-8.830795430733542e29,-8.673829061357273e29
"2025-01-12 20:19:45.0000",2.33,108.07,-1.4098648859776536e31,-8.830795430733542e29,-8.673829061357273e29
"2025-01-12 20:49:36.0000",2.41,108.23,-1.4098648859776536e31,-8.830795430733542e29,-8.673829061357273e29
"2025-01-12 21:19:27.0000",2.4,108.42,-1.4098648859776536e31,-8.830795430733542e29,-8.673829061357273e29
"2025-01-12 22:19:10.0000",2.65,108.87,-1.4098648859776536e31,-8.830795430733542e29,-8.673829061357273e29
"2025-01-12 22:49:01.0000",2.48,108.91,-1.4098648859776536e31,-8.830795430733542e29,-8.673829061357273e29
"2025-01-12 23:18:52.0000",2.49,109.18,-1.4098648859776536e31,-8.830795430733542e29,-8.673829061357273e29
"2025-01-12 23:48:43.0000",2.48,109.1,-1.4098648859776536e31,-8.830795430733542e29,-8.673829061357273e29
"2025-01-13 00:18:33.0000",2.32,109.12,-1.4098648859776536e31,-8.830795430733542e29,-8.673829061357273e29
"2025-01-13 00:48:24.0000",2.41,109.47,-1.4098648859776536e31,-8.830795430733542e29,-8.673829061357273e29
"2025-01-13 01:18:16.0000",2.54,109.47,-1.4098648859776536e31,-8.830795430733542e29,-8.673829061357273e29
"2025-01-13 01:48:07.0000",2.71,109.47,-1.4098648859776536e31,-8.830795430733542e29,-8.673829061357273e29
"2025-01-13 02:17:59.0000",3.09,109.37,-1.4098648859776536e31,-8.830795430733542e29,-8.673829061357273e29
"2025-01-13 02:47:50.0000",3.35,108.55,-1.4098648859776536e31,-8.830795430733542e29,-8.673829061357273e29
"2025-01-13 03:17:42.0000",3.41,108.02,-1.4098648859776536e31,-8.830795430733542e29,-8.673829061357273e29
"2025-01-13 03:47:33.0000",3.43,107.48,-1.4098648859776536e31,-8.830795430733542e29,-8.673829061357273e29
"2025-01-13 04:17:24.0000",3.46,107.03,-1.4098648859776536e31,-8.830795430733542e29,-8.673829061357273e29
"2025-01-13 04:47:15.0000",3.48,106.38,-1.4098648859776536e31,-8.830795430733542e29,-8.673829061357273e29
"2025-01-13 05:17:06.0000",3.59,105.33,1.9434782266616821,2.1896133647118,6.71682121771883
"2025-01-13 05:46:58.0000",3.61,104.3,1.9089397192001343,2.2406831757458527,6.908594735048459
"2025-01-13 06:16:49.0000",3.71,103.73,1.769815444946289,2.0933028079965124,6.523939487270379
"2025-01-13 06:46:40.0000",3.82,103.01,1.5695908069610596,1.9728244863429372,6.153182270416006
"2025-01-13 07:16:31.0000",3.74,102.83,-1.4098648859776536e31,-8.830795430733542e29,-8.673829061357273e29
"2025-01-13 07:46:22.0000",3.56,102.77,2.734419822692871,2.9232003948521066,7.225192839000303
"2025-01-13 08:16:13.0000",3.55,102.98,-1.4098648859776536e31,-8.830795430733542e29,-8.673829061357273e29
"2025-01-13 08:46:04.0000",3.71,102.49,2.1683545112609863,2.5239934716442467,7.235646892141711
"2025-01-13 09:15:56.0000",3.84,101.98,-1.4098648859776536e31,-8.830795430733542e29,-8.673829061357273e29
"2025-01-13 09:45:47.0000",3.99,101.91,1.9887067079544067,2.213168708323295,6.586275336310454
"2025-01-13 10:15:39.0000",4.27,101.57,-1.4098648859776536e31,-8.830795430733542e29,-8.673829061357273e29
"2025-01-13 10:45:30.0000",4.57,101.28,2.1668620109558105,2.371624017412491,6.549438326828842
"2025-01-13 11:15:22.0000",4.65,101.11,2.3120229244232178,2.4945023665869117,6.937630376306998
"2025-01-13 11:45:13.0000",4.69,101.42,-1.4098648859776536e31,-8.830795430733542e29,-8.673829061357273e29
"2025-01-13 12:15:05.0000",5.04,101.58,2.9240119457244873,2.9532023830941743,8.06116577116805
"2025-01-13 12:44:57.0000",5.44,101.29,-1.4098648859776536e31,-8.830795430733542e29,-8.673829061357273e29
"2025-01-13 13:14:49.0000",5.49,101.31,-1.4098648859776536e31,-8.830795430733542e29,-8.673829061357273e29
"2025-01-13 13:44:41.0000",5.56,101.65,3.260103225708008,3.302123639311352,7.83226528171642
"2025-01-13 14:14:32.0000",5.93,101.82,-1.4098648859776536e31,-8.830795430733542e29,-8.673829061357273e29
"2025-01-13 14:44:24.0000",5.99,101.48,3.002068519592285,3.044445836534028,7.589127899407359
"2025-01-13 15:14:14.0000",5.95,102.07,-1.4098648859776536e31,-8.830795430733542e29,-8.673829061357273e29
"2025-01-13 15:44:06.0000",6.03,101.91,-1.4098648859776536e31,-8.830795430733542e29,-8.673829061357273e29
"2025-01-13 16:13:58.0000",6.35,101.58,1.616787314414978,1.9965524721213492,6.75377524395509
"2025-01-13 16:43:50.0000",6.55,101.47,-1.4098648859776536e31,-8.830795430733542e29,-8.673829061357273e29
"2025-01-13 17:13:41.0000",7.01,102.02,-1.4098648859776536e31,-8.830795430733542e29,-8.673829061357273e29
"2025-01-13 17:43:31.0000",6.45,101.92,-1.4098648859776536e31,-8.830795430733542e29,-8.673829061357273e29
"2025-01-13 18:13:21.0000",6.4,102.81,-1.4098648859776536e31,-8.830795430733542e29,-8.673829061357273e29
"2025-01-13 18:43:13.0000",6.38,102.91,-1.4098648859776536e31,-8.830795430733542e29,-8.673829061357273e29
"2025-01-13 19:13:03.0000",6.19,103.46,-1.4098648859776536e31,-8.830795430733542e29,-8.673829061357273e29
"2025-01-13 19:42:55.0000",6.35,104.42,-1.4098648859776536e31,-8.830795430733542e29,-8.673829061357273e29
"2025-01-13 20:12:46.0000",6.44,105.15,-1.4098648859776536e31,-8.830795430733542e29,-8.673829061357273e29
"2025-01-13 20:42:36.0000",6.45,105.4,-1.4098648859776536e31,-8.830795430733542e29,-8.673829061357273e29
"2025-01-13 21:12:28.0000",6.46,106.03,-1.4098648859776536e31,-8.830795430733542e29,-8.673829061357273e29
"2025-01-13 21:42:21.0000",7.27,107.07,-1.4098648859776536e31,-8.830795430733542e29,-8.673829061357273e29
"2025-01-13 22:12:12.0000",6.84,106.59,-1.4098648859776536e31,-8.830795430733542e29,-8.673829061357273e29
"2025-01-13 22:42:04.0000",6.94,107.09,-1.4098648859776536e31,-8.830795430733542e29,-8.673829061357273e29
"2025-01-13 23:11:57.0000",8.2,107.05,-1.4098648859776536e31,-8.830795430733542e29,-8.673829061357273e29
"2025-01-13 23:41:50.0000",8.75,105.12,-1.4098648859776536e31,-8.830795430733542e29,-8.673829061357273e29
"2025-01-14 00:11:43.0000",8.93,103.81,-1.4098648859776536e31,-8.830795430733542e29,-8.673829061357273e29
"2025-01-14 00:41:34.0000",9.11,103.28,0.4030013382434845,1.104797495535724,5.439722395522434
"2025-01-14 01:11:26.0000",9.22,103.05,0.5638615489006042,1.2548981410435647,5.622503943005277
"2025-01-14 01:41:17.0000",9.14,103.3,0.48295652866363525,1.1879030813306488,5.491914439669858
"2025-01-14 02:11:08.0000",8.64,102.94,0.8860554099082947,1.5194689353126838,5.984543475157171
"2025-01-14 02:40:58.0000",8.58,103.36,-1.4098648859776536e31,-8.830795430733542e29,-8.673829061357273e29
"2025-01-14 03:10:50.0000",9.12,103.86,-1.4098648859776536e31,-8.830795430733542e29,-8.673829061357273e29
"2025-01-14 03:40:42.0000",9.53,102.96,0.30436620116233826,1.008264590410425,5.164888166486092
"2025-01-14 04:10:33.0000",9.64,102.56,0.34262481331825256,1.099471276446515,5.437389068176698
"2025-01-14 04:40:25.0000",9.54,102.46,0.24831928312778473,0.9997904029043407,5.335395367691924
"2025-01-14 05:10:17.0000",9.56,102.66,0.30492401123046875,1.0692504330421142,5.266899585077375
"2025-01-14 05:40:08.0000",9.48,102.98,0.39592570066452026,1.0998790404356853,5.281655247954605
"2025-01-14 06:09:59.0000",9.45,103.14,-1.4098648859776536e31,-8.830795430733542e29,-8.673829061357273e29
"2025-01-14 06:39:49.0000",9.14,103.16,-1.4098648859776536e31,-8.830795430733542e29,-8.673829061357273e29
"2025-01-14 07:09:41.0000",9.01,103.57,-1.4098648859776536e31,-8.830795430733542e29,-8.673829061357273e29
"2025-01-14 07:39:32.0000",9.1,104.1,-1.4098648859776536e31,-8.830795430733542e29,-8.673829061357273e29
"2025-01-14 08:09:23.0000",9.24,104.12,-1.4098648859776536e31,-8.830795430733542e29,-8.673829061357273e29
"2025-01-14 08:39:14.0000",9.44,104.22,-1.4098648859776536e31,-8.830795430733542e29,-8.673829061357273e29
"2025-01-14 09:09:06.0000",9.7,104.2,-1.4098648859776536e31,-8.830795430733542e29,-8.673829061357273e29
"2025-01-14 09:38:57.0000",10.1,104,-1.4098648859776536e31,-8.830795430733542e29,-8.673829061357273e29
"2025-01-14 10:08:50.0000",10.65,103.74,-1.4098648859776536e31,-8.830795430733542e29,-8.673829061357273e29
"2025-01-14 10:38:41.0000",10.05,103.51,0.5609177350997925,1.1887474536321851,5.4947368916041945
"2025-01-14 11:08:33.0000",10.12,103.84,-1.4098648859776536e31,-8.830795430733542e29,-8.673829061357273e29
"2025-01-14 11:38:24.0000",10.33,104.04,1.3625950813293457,1.779619189204912,5.928250043365191
"2025-01-14 12:08:15.0000",10.5,103.97,-1.4098648859776536e31,-8.830795430733542e29,-8.673829061357273e29
"2025-01-14 12:38:07.0000",10.83,103.89,-1.4098648859776536e31,-8.830795430733542e29,-8.673829061357273e29
"2025-01-14 13:07:58.0000",10.8,103.99,-1.4098648859776536e31,-8.830795430733542e29,-8.673829061357273e29
"2025-01-14 13:37:48.0000",10.26,104.02,-1.4098648859776536e31,-8.830795430733542e29,-8.673829061357273e29
"2025-01-14 14:07:38.0000",9.64,105.16,-1.4098648859776536e31,-8.830795430733542e29,-8.673829061357273e29
"2025-01-14 14:37:29.0000",9.63,105.35,-1.4098648859776536e31,-8.830795430733542e29,-8.673829061357273e29
"2025-01-14 15:07:20.0000",9.32,105.37,-1.4098648859776536e31,-8.830795430733542e29,-8.673829061357273e29
"2025-01-14 15:37:11.0000",9.09,105.93,-1.4098648859776536e31,-8.830795430733542e29,-8.673829061357273e29
"2025-01-14 16:07:02.0000",8.96,106.11,-1.4098648859776536e31,-8.830795430733542e29,-8.673829061357273e29
"2025-01-14 17:06:44.0000",8.8,106.33,-1.4098648859776536e31,-8.830795430733542e29,-8.673829061357273e29
"2025-01-14 17:36:35.0000",8.78,106.78,-1.4098648859776536e31,-8.830795430733542e29,-8.673829061357273e29
"2025-01-14 18:06:26.0000",8.77,106.58,-1.4098648859776536e31,-8.830795430733542e29,-8.673829061357273e29
"2025-01-14 18:36:16.0000",8.43,107.45,-1.4098648859776536e31,-8.830795430733542e29,-8.673829061357273e29
"2025-01-14 19:06:06.0000",8.03,107.23,-1.4098648859776536e31,-8.830795430733542e29,-8.673829061357273e29
"2025-01-14 20:05:46.0000",7.8,107.74,-1.4098648859776536e31,-8.830795430733542e29,-8.673829061357273e29
"2025-01-14 20:35:37.0000",7.7,107.66,-1.4098648859776536e31,-8.830795430733542e29,-8.673829061357273e29
"2025-01-14 21:05:28.0000",7.47,107.88,-1.4098648859776536e31,-8.830795430733542e29,-8.673829061357273e29
"2025-01-14 21:35:18.0000",7.39,108.16,-1.4098648859776536e31,-8.830795430733542e29,-8.673829061357273e29
"2025-01-14 22:05:10.0000",7.53,108.36,-1.4098648859776536e31,-8.830795430733542e29,-8.673829061357273e29
"2025-01-14 22:35:02.0000",7.6,108.71,-1.4098648859776536e31,-8.830795430733542e29,-8.673829061357273e29
"2025-01-14 23:04:53.0000",7.73,108.79,-1.4098648859776536e31,-8.830795430733542e29,-8.673829061357273e29
"2025-01-14 23:34:45.0000",7.86,109.15,-1.4098648859776536e31,-8.830795430733542e29,-8.673829061357273e29
"2025-01-15 00:04:37.0000",7.86,109.05,-1.4098648859776536e31,-8.830795430733542e29,-8.673829061357273e29
"2025-01-15 00:34:29.0000",7.93,109.49,-1.4098648859776536e31,-8.830795430733542e29,-8.673829061357273e29
"2025-01-15 01:04:19.0000",7.31,108.93,-1.4098648859776536e31,-8.830795430733542e29,-8.673829061357273e29
"2025-01-15 01:34:09.0000",6.69,109.88,-1.4098648859776536e31,-8.830795430733542e29,-8.673829061357273e29
"2025-01-15 02:04:00.0000",6.73,110.22,-1.4098648859776536e31,-8.830795430733542e29,-8.673829061357273e29
"2025-01-15 02:33:51.0000",7.04,110.26,-1.4098648859776536e31,-8.830795430733542e29,-8.673829061357273e29
"2025-01-15 03:03:42.0000",7.1,110.1,-1.4098648859776536e31,-8.830795430733542e29,-8.673829061357273e29
"2025-01-15 03:33:33.0000",6.95,110.03,-1.4098648859776536e31,-8.830795430733542e29,-8.673829061357273e29
"2025-01-15 04:03:23.0000",6.96,110.36,-1.4098648859776536e31,-8.830795430733542e29,-8.673829061357273e29
"2025-01-15 04:33:14.0000",6.86,110.41,-1.4098648859776536e31,-8.830795430733542e29,-8.673829061357273e29
"2025-01-15 05:03:05.0000",6.57,110.34,-1.4098648859776536e31,-8.830795430733542e29,-8.673829061357273e29
"2025-01-15 05:32:56.0000",6.06,110.86,-1.4098648859776536e31,-8.830795430733542e29,-8.673829061357273e29
"2025-01-15 06:02:47.0000",5.99,111.04,-1.4098648859776536e31,-8.830795430733542e29,-8.673829061357273e29
"2025-01-15 06:32:38.0000",5.71,110.78,-1.4098648859776536e31,-8.830795430733542e29,-8.673829061357273e29
"2025-01-15 07:02:28.0000",5.38,111.32,-1.4098648859776536e31,-8.830795430733542e29,-8.673829061357273e29
"2025-01-15 07:32:19.0000",5.04,111.38,-1.4098648859776536e31,-8.830795430733542e29,-8.673829061357273e29
"2025-01-15 08:02:09.0000",4.7,111.61,-1.4098648859776536e31,-8.830795430733542e29,-8.673829061357273e29
"2025-01-15 08:32:00.0000",4.74,112.63,-1.4098648859776536e31,-8.830795430733542e29,-8.673829061357273e29
"2025-01-15 09:01:53.0000",6.43,111.28,-1.4098648859776536e31,-8.830795430733542e29,-8.673829061357273e29
"2025-01-15 09:31:47.0000",8.39,107.05,-1.4098648859776536e31,-8.830795430733542e29,-8.673829061357273e29
"2025-01-15 10:01:40.0000",9.63,102.66,-1.4098648859776536e31,-8.830795430733542e29,-8.673829061357273e29
"2025-01-15 11:01:28.0000",13.36,97.97,-1.4098648859776536e31,-8.830795430733542e29,-8.673829061357273e29
"2025-01-15 11:31:24.0000",15.47,94.2,-1.4098648859776536e31,-8.830795430733542e29,-8.673829061357273e29
"2025-01-15 12:01:16.0000",14.97,94.31,-1.4098648859776536e31,-8.830795430733542e29,-8.673829061357273e29
"2025-01-15 12:31:09.0000",15.58,93.88,13.286728858947754,9.498256564894511,13.384342783844023
"2025-01-15 13:00:59.0000",14.7,94.69,3.098673105239868,3.764478095832281,9.821767016976262
"2025-01-15 13:30:47.0000",12.92,99.93,7.109526634216309,6.607301165660755,12.581449729087165
"2025-01-15 14:00:38.0000",12.16,98,28.832992553710938,19.10781212814544,19.524388817112115
"2025-01-15 14:30:23.0000",9.75,102.07,85.52743530273438,53.93319245950687,43.73464630992551
"2025-01-15 15:00:13.0000",9.39,105.74,90.0575180053711,57.174179730258444,45.69721811748017
"2025-01-15 15:30:04.0000",8.67,106.87,8.98081111907959,7.162899438394651,10.975734412373257
"2025-01-15 15:59:52.0000",7.83,106.53,-1.4098648859776536e31,-8.830795430733542e29,-8.673829061357273e29
"2025-01-15 16:29:43.0000",7.22,107.71,8.2614107131958,6.8407933942465995,10.885065783142002
"2025-01-15 16:59:33.0000",6.63,107.7,8.982844352722168,7.3242444073539685,10.682258602183547
"2025-01-15 17:29:23.0000",6.4,108.08,-1.4098648859776536e31,-8.830795430733542e29,-8.673829061357273e29
"2025-01-15 17:59:13.0000",6.2,107.32,10.209844589233398,8.294436854142248,12.785356144768535
"2025-01-15 18:29:04.0000",5.99,107.47,10.725208282470703,8.622610270924625,12.342765128398108
"2025-01-15 18:58:56.0000",5.82,107.28,-1.4098648859776536e31,-8.830795430733542e29,-8.673829061357273e29
"2025-01-15 19:28:47.0000",5.63,107.27,-1.4098648859776536e31,-8.830795430733542e29,-8.673829061357273e29
"2025-01-15 19:58:38.0000",5.74,107.68,-1.4098648859776536e31,-8.830795430733542e29,-8.673829061357273e29
"2025-01-15 20:28:29.0000",5.52,106.94,-1.4098648859776536e31,-8.830795430733542e29,-8.673829061357273e29
"2025-01-15 20:58:17.0000",5.18,107.06,-1.4098648859776536e31,-8.830795430733542e29,-8.673829061357273e29
"2025-01-15 21:28:09.0000",4.97,106.82,-1.4098648859776536e31,-8.830795430733542e29,-8.673829061357273e29
"2025-01-15 21:57:59.0000",4.47,106.92,-1.4098648859776536e31,-8.830795430733542e29,-8.673829061357273e29
"2025-01-15 22:27:48.0000",3.81,106.78,-1.4098648859776536e31,-8.830795430733542e29,-8.673829061357273e29
"2025-01-15 22:57:38.0000",3.3,107.13,-1.4098648859776536e31,-8.830795430733542e29,-8.673829061357273e29
"2025-01-15 23:27:29.0000",3.1,107.29,-1.4098648859776536e31,-8.830795430733542e29,-8.673829061357273e29
"2025-01-15 23:57:19.0000",3.03,106.91,-1.4098648859776536e31,-8.830795430733542e29,-8.673829061357273e29
"2025-01-16 00:27:10.0000",2.87,106.53,-1.4098648859776536e31,-8.830795430733542e29,-8.673829061357273e29
"2025-01-16 00:57:01.0000",2.65,106.09,-1.4098648859776536e31,-8.830795430733542e29,-8.673829061357273e29
"2025-01-16 01:26:50.0000",2.15,106.23,-1.4098648859776536e31,-8.830795430733542e29,-8.673829061357273e29
"2025-01-16 02:26:34.0000",1.76,106.35,-1.4098648859776536e31,-8.830795430733542e29,-8.673829061357273e29
"2025-01-16 02:56:24.0000",1.49,106.38,-1.4098648859776536e31,-8.830795430733542e29,-8.673829061357273e29
"2025-01-16 03:26:14.0000",1.33,106.95,-1.4098648859776536e31,-8.830795430733542e29,-8.673829061357273e29
"2025-01-16 03:56:07.0000",1.98,106.67,-1.4098648859776536e31,-8.830795430733542e29,-8.673829061357273e29
"2025-01-16 04:25:58.0000",1.93,105.91,-1.4098648859776536e31,-8.830795430733542e29,-8.673829061357273e29
"2025-01-16 04:55:49.0000",1.78,105.25,-1.4098648859776536e31,-8.830795430733542e29,-8.673829061357273e29
"2025-01-16 05:25:40.0000",1.46,104.77,-1.4098648859776536e31,-8.830795430733542e29,-8.673829061357273e29
"2025-01-16 05:55:31.0000",1.41,104.02,6.933837890625,5.695657209407443,9.32895719716852
"2025-01-16 06:25:19.0000",0.81,104.08,-1.4098648859776536e31,-8.830795430733542e29,-8.673829061357273e29
"2025-01-16 06:55:10.0000",0.96,103.93,4.999539375305176,4.293391275472205,7.648730277424706
"2025-01-16 07:25:00.0000",0.42,103.58,5.162726402282715,4.404187632642062,7.957337168993443
"2025-01-16 07:54:53.0000",0.54,103.65,4.708433628082275,4.063305685138931,7.074368831810842
"2025-01-16 08:24:44.0000",0.84,104.43,3.8229384422302246,3.418278440550821,7.127358852997403
"2025-01-16 08:54:39.0000",3.47,102.07,2.858860731124878,2.90643584263056,7.096408403748651
"2025-01-16 09:24:34.0000",4.95,99.37,-1.4098648859776536e31,-8.830795430733542e29,-8.673829061357273e29
"2025-01-16 09:54:28.0000",6.66,97.32,67.25264739990234,43.285145580616145,35.52183540669848
"2025-01-16 10:24:21.0000",7.74,97.65,16.227975845336914,11.26571708100692,13.82854371195639
"2025-01-16 10:54:13.0000",7.9,93.84,2.642728805541992,3.6303831641128603,9.658526750833552
"2025-01-16 11:24:03.0000",8.04,90.53,-1.4098648859776536e31,-8.830795430733542e29,-8.673829061357273e29
"2025-01-16 11:53:55.0000",8.77,89.7,2.5645296573638916,3.6319899848414545,10.52787246057482
"2025-01-16 12:23:48.0000",8.9,86.22,2.8106677532196045,3.746869124354048,9.75452515573151
"2025-01-16 12:53:39.0000",8.82,83.68,2.6893675327301025,3.980869530545083,11.226713606245605
"2025-01-16 13:23:30.0000",8.8,81.59,2.71360182762146,3.7058421923501417,10.075003630967284
"2025-01-16 13:53:21.0000",9.14,78.19,3.477830648422241,4.532801898711765,12.693181329969578
"2025-01-16 14:23:12.0000",9.06,77.69,3.4977810382843018,4.457827320970711,12.638369974981268
"2025-01-16 14:53:01.0000",8.21,76.78,3.6303324699401855,4.5506804611617975,12.678741959575357
"2025-01-16 15:22:51.0000",7.55,76.86,3.2761752605438232,4.339259146161298,11.184093063303225
"2025-01-16 15:52:41.0000",7.06,76.82,3.422153949737549,4.380992444836326,11.739432861115574
"2025-01-16 16:22:30.0000",6.37,77.02,3.307044506072998,4.290109726384479,11.757941276943228
"2025-01-16 16:52:20.0000",5.67,78.16,-1.4098648859776536e31,-8.830795430733542e29,-8.673829061357273e29
"2025-01-16 17:22:10.0000",5.2,78.99,4.521831035614014,4.93097180992243,11.306699934776331
"2025-01-16 17:52:01.0000",4.63,80.1,5.338071823120117,5.27206899337294,10.433295929989868
"2025-01-16 18:21:51.0000",4.24,81.56,6.341813564300537,5.804857662517089,10.925733818097436
"2025-01-16 18:51:42.0000",3.72,83.17,22.682857513427734,15.676588919061443,18.37444573951001
"2025-01-16 19:21:32.0000",3.22,84.52,33.97702407836914,22.632355400882936,22.773827327074383
"2025-01-16 19:51:23.0000",2.89,85.98,94.63622283935547,59.51761355113914,48.041609568649385
"2025-01-16 20:21:13.0000",2.6,87.55,16.07830047607422,11.793875581229608,14.48140296384908
"2025-01-16 20:51:03.0000",2.24,89.72,-1.4098648859776536e31,-8.830795430733542e29,-8.673829061357273e29
"2025-01-16 21:20:53.0000",1.78,91.3,11.039793014526367,8.792201092771919,12.103743849391378
"2025-01-16 21:50:43.0000",1.42,92.5,15.581432342529297,12.243270851358844,15.298105485859326
"2025-01-16 22:20:34.0000",1.43,94.62,-1.4098648859776536e31,-8.830795430733542e29,-8.673829061357273e29
"2025-01-16 22:50:27.0000",1.62,96.82,-1.4098648859776536e31,-8.830795430733542e29,-8.673829061357273e29
"2025-01-16 23:20:18.0000",1.72,98.28,-1.4098648859776536e31,-8.830795430733542e29,-8.673829061357273e29
"2025-01-16 23:50:11.0000",1.77,99.37,-1.4098648859776536e31,-8.830795430733542e29,-8.673829061357273e29
"2025-01-17 00:49:54.0000",1.94,101.26,-1.4098648859776536e31,-8.830795430733542e29,-8.673829061357273e29
"2025-01-17 01:49:36.0000",1.69,101.56,-1.4098648859776536e31,-8.830795430733542e29,-8.673829061357273e29
"2025-01-17 02:19:28.0000",2.02,102.13,-1.4098648859776536e31,-8.830795430733542e29,-8.673829061357273e29
"2025-01-17 02:49:19.0000",2.13,101.63,-1.4098648859776536e31,-8.830795430733542e29,-8.673829061357273e29
"2025-01-17 03:19:12.0000",2.35,101.46,-1.4098648859776536e31,-8.830795430733542e29,-8.673829061357273e29
"2025-01-17 03:49:02.0000",1.98,101.22,-1.4098648859776536e31,-8.830795430733542e29,-8.673829061357273e29
"2025-01-17 04:18:51.0000",1.47,101.83,-1.4098648859776536e31,-8.830795430733542e29,-8.673829061357273e29
"2025-01-17 04:48:41.0000",1.35,102.11,-1.4098648859776536e31,-8.830795430733542e29,-8.673829061357273e29
"2025-01-17 06:18:13.0000",1.67,102.75,-1.4098648859776536e31,-8.830795430733542e29,-8.673829061357273e29
"2025-01-17 06:48:05.0000",1.79,103.08,-1.4098648859776536e31,-8.830795430733542e29,-8.673829061357273e29
"2025-01-17 07:47:48.0000",1.8,103.99,-1.4098648859776536e31,-8.830795430733542e29,-8.673829061357273e29
"2025-01-17 08:17:40.0000",1.83,104.56,-1.4098648859776536e31,-8.830795430733542e29,-8.673829061357273e29
"2025-01-17 08:47:32.0000",2.51,105.18,-1.4098648859776536e31,-8.830795430733542e29,-8.673829061357273e29
"2025-01-17 09:17:24.0000",3.13,105.78,-1.4098648859776536e31,-8.830795430733542e29,-8.673829061357273e29
"2025-01-17 09:47:20.0000",4.97,104.6,-1.4098648859776536e31,-8.830795430733542e29,-8.673829061357273e29
"2025-01-17 10:17:14.0000",6.56,103.98,-1.4098648859776536e31,-8.830795430733542e29,-8.673829061357273e29
"2025-01-17 10:47:04.0000",5.63,104.07,-1.4098648859776536e31,-8.830795430733542e29,-8.673829061357273e29
"2025-01-17 11:16:57.0000",6.6,103.99,-1.4098648859776536e31,-8.830795430733542e29,-8.673829061357273e29
"2025-01-17 11:46:50.0000",7.9,103.34,-1.4098648859776536e31,-8.830795430733542e29,-8.673829061357273e29
"2025-01-17 12:16:43.0000",8.75,102.05,-1.4098648859776536e31,-8.830795430733542e29,-8.673829061357273e29
"2025-01-17 12:46:36.0000",9.15,101.02,5.57806921005249,5.000454657197768,9.479470338499267
"2025-01-17 13:16:28.0000",8.78,101.07,4.597446441650391,4.294851346539095,9.013406193723517
"2025-01-17 13:46:20.0000",9.31,100.87,4.420835971832275,4.136558711870996,9.069965337605533
"2025-01-17 14:16:11.0000",8.92,100.07,4.614560127258301,4.3747199485898705,8.756129464839649
"2025-01-17 14:46:01.0000",8.89,100.4,4.2141571044921875,4.133912071512312,9.353536592160323
"2025-01-17 15:15:52.0000",8.56,99.17,3.4784653186798096,3.534050606955295,9.081327915542529
"2025-01-17 15:45:41.0000",7.88,99.5,4.9194722175598145,4.549645426735294,9.168519088014389
"2025-01-17 16:15:32.0000",7.49,99.21,6.425286293029785,5.5696158398452535,10.197926137070633
"2025-01-17 16:45:22.0000",7.35,99.48,-1.4098648859776536e31,-8.830795430733542e29,-8.673829061357273e29
"2025-01-17 17:15:12.0000",7.24,99.37,-1.4098648859776536e31,-8.830795430733542e29,-8.673829061357273e29
"2025-01-17 17:45:04.0000",7.09,99.48,4.2227325439453125,3.893886662785781,8.639677535534057
"2025-01-17 18:14:55.0000",7,99.51,4.630919933319092,4.291929069045837,8.687687453430241
"2025-01-17 18:44:47.0000",6.91,99.47,-1.4098648859776536e31,-8.830795430733542e29,-8.673829061357273e29
"2025-01-17 19:14:38.0000",6.77,99.6,5.834263324737549,5.048177076158486,9.887070319887016
"2025-01-17 19:44:28.0000",6.27,99.41,-1.4098648859776536e31,-8.830795430733542e29,-8.673829061357273e29
"2025-01-17 20:14:17.0000",5.46,100.14,-1.4098648859776536e31,-8.830795430733542e29,-8.673829061357273e29
"2025-01-17 20:44:06.0000",4.69,100.64,7.838875770568848,6.399684117439086,9.366285536100056
"2025-01-17 21:13:56.0000",3.89,101.03,-1.4098648859776536e31,-8.830795430733542e29,-8.673829061357273e29
"2025-01-17 21:43:46.0000",3.48,102.02,-1.4098648859776536e31,-8.830795430733542e29,-8.673829061357273e29
"2025-01-17 22:13:38.0000",3.35,102.42,-1.4098648859776536e31,-8.830795430733542e29,-8.673829061357273e29
"2025-01-17 22:43:27.0000",3.02,102.91,-1.4098648859776536e31,-8.830795430733542e29,-8.673829061357273e29
"2025-01-17 23:13:17.0000",2.96,103.59,-1.4098648859776536e31,-8.830795430733542e29,-8.673829061357273e29
"2025-01-17 23:43:08.0000",2.77,104.15,-1.4098648859776536e31,-8.830795430733542e29,-8.673829061357273e29
"2025-01-18 00:42:49.0000",2.45,105.44,-1.4098648859776536e31,-8.830795430733542e29,-8.673829061357273e29
"2025-01-18 01:12:39.0000",2.19,105.77,-1.4098648859776536e31,-8.830795430733542e29,-8.673829061357273e29
"2025-01-18 01:42:30.0000",2.02,106.04,-1.4098648859776536e31,-8.830795430733542e29,-8.673829061357273e29
"2025-01-18 02:12:21.0000",1.95,106.26,-1.4098648859776536e31,-8.830795430733542e29,-8.673829061357273e29
"2025-01-18 02:42:11.0000",1.93,106.38,-1.4098648859776536e31,-8.830795430733542e29,-8.673829061357273e29
"2025-01-18 03:12:02.0000",1.83,106.44,-1.4098648859776536e31,-8.830795430733542e29,-8.673829061357273e29
"2025-01-18 03:41:52.0000",1.5,107.21,-1.4098648859776536e31,-8.830795430733542e29,-8.673829061357273e29
"2025-01-18 04:11:44.0000",1.33,107.85,-1.4098648859776536e31,-8.830795430733542e29,-8.673829061357273e29
"2025-01-18 04:41:34.0000",1.13,108.08,-1.4098648859776536e31,-8.830795430733542e29,-8.673829061357273e29
"2025-01-18 05:11:25.0000",1.69,108.79,-1.4098648859776536e31,-8.830795430733542e29,-8.673829061357273e29
"2025-01-18 05:41:17.0000",2.02,108.18,-1.4098648859776536e31,-8.830795430733542e29,-8.673829061357273e29
"2025-01-18 06:11:07.0000",1.87,107.77,-1.4098648859776536e31,-8.830795430733542e29,-8.673829061357273e29
"2025-01-18 06:40:56.0000",1.22,108.03,-1.4098648859776536e31,-8.830795430733542e29,-8.673829061357273e29
"2025-01-18 07:10:47.0000",0.79,108.23,-1.4098648859776536e31,-8.830795430733542e29,-8.673829061357273e29
"2025-01-18 07:40:37.0000",0.64,108.64,-1.4098648859776536e31,-8.830795430733542e29,-8.673829061357273e29
"2025-01-18 08:10:28.0000",0.68,107.99,-1.4098648859776536e31,-8.830795430733542e29,-8.673829061357273e29
"2025-01-18 08:40:19.0000",0.48,108.1,-1.4098648859776536e31,-8.830795430733542e29,-8.673829061357273e29
"2025-01-18 09:10:11.0000",0.44,108.07,-1.4098648859776536e31,-8.830795430733542e29,-8.673829061357273e29
"2025-01-18 09:40:03.0000",0.97,107.64,-1.4098648859776536e31,-8.830795430733542e29,-8.673829061357273e29
"2025-01-18 10:09:55.0000",1.35,107.24,-1.4098648859776536e31,-8.830795430733542e29,-8.673829061357273e29
"2025-01-18 10:39:46.0000",1.71,107.07,-1.4098648859776536e31,-8.830795430733542e29,-8.673829061357273e29
"2025-01-18 11:09:38.0000",2.06,106.5,-1.4098648859776536e31,-8.830795430733542e29,-8.673829061357273e29
"2025-01-18 11:39:29.0000",2.29,105.69,-1.4098648859776536e31,-8.830795430733542e29,-8.673829061357273e29
"2025-01-18 12:09:20.0000",2.3,104.93,-1.4098648859776536e31,-8.830795430733542e29,-8.673829061357273e29
"2025-01-18 12:39:11.0000",2.37,104.49,-1.4098648859776536e31,-8.830795430733542e29,-8.673829061357273e29
"2025-01-18 13:09:03.0000",2.43,104,11.114985466003418,8.954590589220064,12.501001204132345
"2025-01-18 14:08:46.0000",2.73,103.06,12.506757736206055,10.040502125610429,13.634084115812028
"2025-01-18 14:38:38.0000",2.75,102.93,-1.4098648859776536e31,-8.830795430733542e29,-8.673829061357273e29
"2025-01-18 15:08:30.0000",2.71,103.03,12.031715393066406,9.52366550895947,12.710898531999229
"2025-01-18 15:38:21.0000",2.49,102.9,-1.4098648859776536e31,-8.830795430733542e29,-8.673829061357273e29
"2025-01-18 16:08:12.0000",2.27,102.73,-1.4098648859776536e31,-8.830795430733542e29,-8.673829061357273e29
"2025-01-18 16:38:03.0000",2.1,102.67,-1.4098648859776536e31,-8.830795430733542e29,-8.673829061357273e29
"2025-01-18 17:07:53.0000",1.98,102.55,-1.4098648859776536e31,-8.830795430733542e29,-8.673829061357273e29
"2025-01-18 17:37:44.0000",1.83,102.52,-1.4098648859776536e31,-8.830795430733542e29,-8.673829061357273e29
"2025-01-18 18:07:34.0000",1.76,102.44,-1.4098648859776536e31,-8.830795430733542e29,-8.673829061357273e29
"2025-01-18 18:37:25.0000",1.64,102.44,-1.4098648859776536e31,-8.830795430733542e29,-8.673829061357273e29
"2025-01-18 19:07:15.0000",1.47,102.39,-1.4098648859776536e31,-8.830795430733542e29,-8.673829061357273e29
"2025-01-18 19:37:06.0000",1.31,102.28,-1.4098648859776536e31,-8.830795430733542e29,-8.673829061357273e29
"2025-01-18 20:06:56.0000",1.05,102.25,-1.4098648859776536e31,-8.830795430733542e29,-8.673829061357273e29
"2025-01-18 20:36:46.0000",0.85,102.35,-1.4098648859776536e31,-8.830795430733542e29,-8.673829061357273e29
"2025-01-18 21:06:36.0000",0.71,102.27,-1.4098648859776536e31,-8.830795430733542e29,-8.673829061357273e29
"2025-01-18 21:36:27.0000",0.49,102.24,-1.4098648859776536e31,-8.830795430733542e29,-8.673829061357273e29
"2025-01-18 22:06:18.0000",0.29,102.26,-1.4098648859776536e31,-8.830795430733542e29,-8.673829061357273e29
"2025-01-18 22:36:08.0000",0.16,102.42,-1.4098648859776536e31,-8.830795430733542e29,-8.673829061357273e29
"2025-01-18 23:06:00.0000",0.09,102.52,-1.4098648859776536e31,-8.830795430733542e29,-8.673829061357273e29
"2025-01-18 23:35:51.0000",0.13,102.66,-1.4098648859776536e31,-8.830795430733542e29,-8.673829061357273e29
"2025-01-19 00:05:42.0000",0.05,102.71,-1.4098648859776536e31,-8.830795430733542e29,-8.673829061357273e29
"2025-01-19 00:35:32.0000",0.01,102.89,-1.4098648859776536e31,-8.830795430733542e29,-8.673829061357273e29
"2025-01-19 01:05:23.0000",-0.03,103.01,-1.4098648859776536e31,-8.830795430733542e29,-8.673829061357273e29
"2025-01-19 01:35:14.0000",-0.1,103.15,-1.4098648859776536e31,-8.830795430733542e29,-8.673829061357273e29
"2025-01-19 02:05:04.0000",-0.2,103.22,-1.4098648859776536e31,-8.830795430733542e29,-8.673829061357273e29
"2025-01-19 02:34:55.0000",-0.33,103.36,-1.4098648859776536e31,-8.830795430733542e29,-8.673829061357273e29
"2025-01-19 03:34:38.0000",-0.51,103.51,-1.4098648859776536e31,-8.830795430733542e29,-8.673829061357273e29
"2025-01-19 04:04:28.0000",-0.72,103.53,-1.4098648859776536e31,-8.830795430733542e29,-8.673829061357273e29
"2025-01-19 04:34:18.0000",-0.83,103.53,-1.4098648859776536e31,-8.830795430733542e29,-8.673829061357273e29
"2025-01-19 05:04:09.0000",-0.91,103.42,-1.4098648859776536e31,-8.830795430733542e29,-8.673829061357273e29
"2025-01-19 05:34:00.0000",-1.02,103.46,-1.4098648859776536e31,-8.830795430733542e29,-8.673829061357273e29
"2025-01-19 06:03:51.0000",-1.1,103.39,-1.4098648859776536e31,-8.830795430733542e29,-8.673829061357273e29
"2025-01-19 06:33:43.0000",-1.08,103.32,-1.4098648859776536e31,-8.830795430733542e29,-8.673829061357273e29
"2025-01-19 07:03:34.0000",-1.08,103.26,-1.4098648859776536e31,-8.830795430733542e29,-8.673829061357273e29
"2025-01-19 07:33:24.0000",-1.32,102.92,-1.4098648859776536e31,-8.830795430733542e29,-8.673829061357273e29
"2025-01-19 08:03:15.0000",-1.41,103.36,-1.4098648859776536e31,-8.830795430733542e29,-8.673829061357273e29
"2025-01-19 08:33:06.0000",-1.34,103.68,-1.4098648859776536e31,-8.830795430733542e29,-8.673829061357273e29
"2025-01-19 09:02:57.0000",-1.15,103.93,-1.4098648859776536e31,-8.830795430733542e29,-8.673829061357273e29
"2025-01-19 09:32:48.0000",-0.88,104.12,-1.4098648859776536e31,-8.830795430733542e29,-8.673829061357273e29
"2025-01-19 10:32:30.0000",-0.16,104.64,-1.4098648859776536e31,-8.830795430733542e29,-8.673829061357273e29
"2025-01-19 11:32:15.0000",2.03,105.13,-1.4098648859776536e31,-8.830795430733542e29,-8.673829061357273e29
"2025-01-19 12:02:07.0000",2.37,104.17,-1.4098648859776536e31,-8.830795430733542e29,-8.673829061357273e29
"2025-01-19 12:31:59.0000",2.7,104.28,-1.4098648859776536e31,-8.830795430733542e29,-8.673829061357273e29
"2025-01-19 13:01:51.0000",2.84,104.45,-1.4098648859776536e31,-8.830795430733542e29,-8.673829061357273e29
"2025-01-19 13:31:44.0000",3.12,103.97,14.88201904296875,12.009140546612002,15.050162361875694
"2025-01-19 14:01:34.0000",2.86,103.61,-1.4098648859776536e31,-8.830795430733542e29,-8.673829061357273e29
"2025-01-19 14:31:25.0000",2.81,103.31,-1.4098648859776536e31,-8.830795430733542e29,-8.673829061357273e29
"2025-01-19 15:01:16.0000",2.49,102.85,12.663031578063965,10.356041424888517,13.981349464119834
"2025-01-19 15:31:07.0000",2.32,102.8,-1.4098648859776536e31,-8.830795430733542e29,-8.673829061357273e29
"2025-01-19 16:00:58.0000",2.03,102.68,13.589876174926758,11.025680396209435,14.593195667053966
"2025-01-19 16:30:48.0000",1.95,102.66,13.476170539855957,10.821060975586512,14.224595374696714
"2025-01-19 17:00:39.0000",1.91,102.71,-1.4098648859776536e31,-8.830795430733542e29,-8.673829061357273e29
"2025-01-19 17:30:30.0000",1.87,102.63,14.822564125061035,11.986192771197215,14.963516244125232
"2025-01-19 18:00:22.0000",1.94,102.71,-1.4098648859776536e31,-8.830795430733542e29,-8.673829061357273e29
"2025-01-19 18:30:13.0000",1.92,102.62,-1.4098648859776536e31,-8.830795430733542e29,-8.673829061357273e29
"2025-01-19 19:29:54.0000",1.94,102.5,11.50602912902832,9.31275091845128,12.63938744162885
"2025-01-19 19:59:45.0000",1.97,102.48,-1.4098648859776536e31,-8.830795430733542e29,-8.673829061357273e29
"2025-01-19 20:29:36.0000",2.03,102.39,11.517800331115723,9.37880553304329,13.03250884388959
"2025-01-19 20:59:28.0000",2.06,102.43,11.062098503112793,8.976741626759845,12.664362323714105
"2025-01-19 21:29:20.0000",2.12,102.29,-1.4098648859776536e31,-8.830795430733542e29,-8.673829061357273e29
"2025-01-19 21:59:11.0000",2.18,102.01,8.557867050170898,6.986874781576542,10.560092456947856
"2025-01-19 22:29:01.0000",2.02,101.76,10.798391342163086,8.767759872434096,12.51077331179128
"2025-01-19 22:58:52.0000",1.9,101.8,9.563406944274902,7.981172370148875,11.448943076443026
"2025-01-19 23:28:43.0000",1.86,101.61,11.344861030578613,9.290477459078698,12.944442971592244
"2025-01-19 23:58:34.0000",1.89,101.53,-1.4098648859776536e31,-8.830795430733542e29,-8.673829061357273e29
"2025-01-20 00:28:25.0000",1.91,101.26,-1.4098648859776536e31,-8.830795430733542e29,-8.673829061357273e29
"2025-01-20 00:58:16.0000",1.87,101.17,14.52707576751709,11.674455954996288,15.900743477107772
"2025-01-20 01:57:57.0000",1.73,101.03,18.577030181884766,14.933115880203037,18.85944741110559
"2025-01-20 02:27:48.0000",1.71,101.02,-1.4098648859776536e31,-8.830795430733542e29,-8.673829061357273e29
"2025-01-20 02:57:39.0000",1.73,101.11,18.87609100341797,15.386854048997355,19.570053339676967
"2025-01-20 03:27:30.0000",1.8,101.08,17.765419006347656,14.373693045934061,18.75674403680761
"2025-01-20 03:57:22.0000",1.96,100.89,16.8316593170166,13.854352109678079,18.344170385794254
"2025-01-20 04:27:13.0000",1.99,100.63,19.22804832458496,15.718179996212292,20.335810379343403
"2025-01-20 04:57:04.0000",1.88,100.23,19.484697341918945,15.830005880107043,20.262901367458152
"2025-01-20 05:26:55.0000",1.47,100.41,-1.4098648859776536e31,-8.830795430733542e29,-8.673829061357273e29
"2025-01-20 05:56:47.0000",1.53,100.78,18.464723587036133,15.095357758621136,19.66435332137851
"2025-01-20 06:26:38.0000",1.73,100.76,-1.4098648859776536e31,-8.830795430733542e29,-8.673829061357273e29
"2025-01-20 06:56:30.0000",1.84,100.7,18.57636833190918,15.305539994862732,19.651897020396742
"2025-01-20 07:26:20.0000",1.57,100.78,-1.4098648859776536e31,-8.830795430733542e29,-8.673829061357273e29
"2025-01-20 07:56:12.0000",1.59,101.09,-1.4098648859776536e31,-8.830795430733542e29,-8.673829061357273e29
"2025-01-20 08:26:03.0000",1.61,101.29,-1.4098648859776536e31,-8.830795430733542e29,-8.673829061357273e29
"2025-01-20 08:55:55.0000",1.85,101.54,-1.4098648859776536e31,-8.830795430733542e29,-8.673829061357273e29
"2025-01-20 09:25:46.0000",2.03,101.48,-1.4098648859776536e31,-8.830795430733542e29,-8.673829061357273e29
"2025-01-20 09:55:38.0000",2.11,101.63,-1.4098648859776536e31,-8.830795430733542e29,-8.673829061357273e29
"2025-01-20 10:25:29.0000",2.41,101.88,-1.4098648859776536e31,-8.830795430733542e29,-8.673829061357273e29
"2025-01-20 10:55:20.0000",2.7,101.93,-1.4098648859776536e31,-8.830795430733542e29,-8.673829061357273e29
"2025-01-20 11:25:12.0000",3.13,102.1,-1.4098648859776536e31,-8.830795430733542e29,-8.673829061357273e29
"2025-01-20 11:55:03.0000",3.32,101.68,-1.4098648859776536e31,-8.830795430733542e29,-8.673829061357273e29
"2025-01-20 12:24:54.0000",3.26,101.9,-1.4098648859776536e31,-8.830795430733542e29,-8.673829061357273e29
"2025-01-20 12:54:45.0000",3.12,102.03,-1.4098648859776536e31,-8.830795430733542e29,-8.673829061357273e29
"2025-01-20 13:24:37.0000",3.18,102.7,-1.4098648859776536e31,-8.830795430733542e29,-8.673829061357273e29
"2025-01-20 14:24:20.0000",3.43,102.84,-1.4098648859776536e31,-8.830795430733542e29,-8.673829061357273e29
"2025-01-20 14:54:11.0000",3.47,103.16,-1.4098648859776536e31,-8.830795430733542e29,-8.673829061357273e29
"2025-01-20 15:24:01.0000",3.59,103.4,-1.4098648859776536e31,-8.830795430733542e29,-8.673829061357273e29
"2025-01-20 15:53:53.0000",3.61,103.76,-1.4098648859776536e31,-8.830795430733542e29,-8.673829061357273e29
"2025-01-20 16:23:44.0000",3.6,104.23,-1.4098648859776536e31,-8.830795430733542e29,-8.673829061357273e29
"2025-01-20 16:53:35.0000",3.62,104.57,-1.4098648859776536e31,-8.830795430733542e29,-8.673829061357273e29
"2025-01-20 17:23:26.0000",3.64,104.97,-1.4098648859776536e31,-8.830795430733542e29,-8.673829061357273e29
"2025-01-20 18:23:08.0000",3.81,105.82,-1.4098648859776536e31,-8.830795430733542e29,-8.673829061357273e29
"2025-01-20 18:52:59.0000",3.88,106.12,-1.4098648859776536e31,-8.830795430733542e29,-8.673829061357273e29
"2025-01-20 19:22:50.0000",4,106.46,-1.4098648859776536e31,-8.830795430733542e29,-8.673829061357273e29
"2025-01-20 19:52:42.0000",4.18,106.83,-1.4098648859776536e31,-8.830795430733542e29,-8.673829061357273e29
"2025-01-20 20:22:33.0000",4.25,106.89,-1.4098648859776536e31,-8.830795430733542e29,-8.673829061357273e29
"2025-01-20 20:52:25.0000",4.24,107.08,-1.4098648859776536e31,-8.830795430733542e29,-8.673829061357273e29
"2025-01-20 21:22:17.0000",4.28,107.38,-1.4098648859776536e31,-8.830795430733542e29,-8.673829061357273e29
"2025-01-20 21:52:08.0000",4.37,107.66,-1.4098648859776536e31,-8.830795430733542e29,-8.673829061357273e29
"2025-01-20 22:21:58.0000",4.39,107.8,-1.4098648859776536e31,-8.830795430733542e29,-8.673829061357273e29
"2025-01-20 22:51:49.0000",4.4,107.98,-1.4098648859776536e31,-8.830795430733542e29,-8.673829061357273e29
"2025-01-20 23:21:40.0000",4.41,108.1,-1.4098648859776536e31,-8.830795430733542e29,-8.673829061357273e29
"2025-01-20 23:51:31.0000",4.37,108.17,-1.4098648859776536e31,-8.830795430733542e29,-8.673829061357273e29
"2025-01-21 00:21:22.0000",4.27,108.23,-1.4098648859776536e31,-8.830795430733542e29,-8.673829061357273e29
"2025-01-21 00:51:14.0000",4.21,108.39,-1.4098648859776536e31,-8.830795430733542e29,-8.673829061357273e29
"2025-01-21 01:21:04.0000",4.11,108.52,-1.4098648859776536e31,-8.830795430733542e29,-8.673829061357273e29
"2025-01-21 01:50:55.0000",4.07,108.63,-1.4098648859776536e31,-8.830795430733542e29,-8.673829061357273e29
"2025-01-21 02:20:46.0000",4.06,108.76,-1.4098648859776536e31,-8.830795430733542e29,-8.673829061357273e29
"2025-01-21 02:50:38.0000",4.02,108.88,-1.4098648859776536e31,-8.830795430733542e29,-8.673829061357273e29
"2025-01-21 03:20:30.0000",4.01,109.05,-1.4098648859776536e31,-8.830795430733542e29,-8.673829061357273e29
"2025-01-21 03:50:21.0000",3.98,109.17,-1.4098648859776536e31,-8.830795430733542e29,-8.673829061357273e29
"2025-01-21 04:20:11.0000",3.93,109.21,-1.4098648859776536e31,-8.830795430733542e29,-8.673829061357273e29
"2025-01-21 04:50:01.0000",3.71,109.48,-1.4098648859776536e31,-8.830795430733542e29,-8.673829061357273e29
"2025-01-21 05:19:52.0000",3.58,109.79,-1.4098648859776536e31,-8.830795430733542e29,-8.673829061357273e29
"2025-01-21 06:19:34.0000",3.59,110.16,-1.4098648859776536e31,-8.830795430733542e29,-8.673829061357273e29
"2025-01-21 06:49:25.0000",3.61,110.26,-1.4098648859776536e31,-8.830795430733542e29,-8.673829061357273e29
"2025-01-21 07:19:16.0000",3.7,110.46,-1.4098648859776536e31,-8.830795430733542e29,-8.673829061357273e29
"2025-01-21 07:49:08.0000",3.77,110.67,-1.4098648859776536e31,-8.830795430733542e29,-8.673829061357273e29
"2025-01-21 08:18:59.0000",3.75,110.74,-1.4098648859776536e31,-8.830795430733542e29,-8.673829061357273e29
"2025-01-21 08:48:50.0000",3.83,111.15,-1.4098648859776536e31,-8.830795430733542e29,-8.673829061357273e29
"2025-01-21 09:18:41.0000",4.04,111.68,-1.4098648859776536e31,-8.830795430733542e29,-8.673829061357273e29
"2025-01-21 09:48:33.0000",4.19,111.76,-1.4098648859776536e31,-8.830795430733542e29,-8.673829061357273e29
"2025-01-21 10:18:24.0000",4.32,111.91,-1.4098648859776536e31,-8.830795430733542e29,-8.673829061357273e29
"2025-01-21 10:48:16.0000",4.29,111.67,-1.4098648859776536e31,-8.830795430733542e29,-8.673829061357273e29
"2025-01-21 11:18:07.0000",4.52,112.39,-1.4098648859776536e31,-8.830795430733542e29,-8.673829061357273e29
"2025-01-21 11:47:59.0000",4.66,112.46,-1.4098648859776536e31,-8.830795430733542e29,-8.673829061357273e29
"2025-01-21 12:17:50.0000",4.66,112.26,-1.4098648859776536e31,-8.830795430733542e29,-8.673829061357273e29
"2025-01-21 13:17:34.0000",4.89,112.66,-1.4098648859776536e31,-8.830795430733542e29,-8.673829061357273e29
"2025-01-21 13:47:25.0000",5.02,112.28,-1.4098648859776536e31,-8.830795430733542e29,-8.673829061357273e29
"2025-01-21 14:17:16.0000",4.82,112.22,-1.4098648859776536e31,-8.830795430733542e29,-8.673829061357273e29
"2025-01-21 14:47:07.0000",4.76,112.33,-1.4098648859776536e31,-8.830795430733542e29,-8.673829061357273e29
"2025-01-21 15:16:58.0000",4.65,112.47,-1.4098648859776536e31,-8.830795430733542e29,-8.673829061357273e29
"2025-01-21 15:46:49.0000",4.56,112.58,-1.4098648859776536e31,-8.830795430733542e29,-8.673829061357273e29
"2025-01-21 16:16:40.0000",4.46,112.76,-1.4098648859776536e31,-8.830795430733542e29,-8.673829061357273e29
"2025-01-21 16:46:32.0000",4.42,112.91,-1.4098648859776536e31,-8.830795430733542e29,-8.673829061357273e29
"2025-01-21 17:16:23.0000",4.4,112.95,-1.4098648859776536e31,-8.830795430733542e29,-8.673829061357273e29
"2025-01-21 17:46:14.0000",4.42,113.02,-1.4098648859776536e31,-8.830795430733542e29,-8.673829061357273e29
"2025-01-21 18:16:05.0000",4.43,113.1,-1.4098648859776536e31,-8.830795430733542e29,-8.673829061357273e29
"2025-01-21 18:45:55.0000",4.45,113.16,-1.4098648859776536e31,-8.830795430733542e29,-8.673829061357273e29
"2025-01-21 19:15:47.0000",4.45,113.2,-1.4098648859776536e31,-8.830795430733542e29,-8.673829061357273e29
"2025-01-21 20:15:28.0000",4.34,113.33,-1.4098648859776536e31,-8.830795430733542e29,-8.673829061357273e29
"2025-01-21 20:45:20.0000",4.25,113.45,-1.4098648859776536e31,-8.830795430733542e29,-8.673829061357273e29
"2025-01-21 21:15:10.0000",4.1,113.43,-1.4098648859776536e31,-8.830795430733542e29,-8.673829061357273e29
"2025-01-21 21:45:01.0000",3.92,113.51,-1.4098648859776536e31,-8.830795430733542e29,-8.673829061357273e29
"2025-01-21 22:14:52.0000",3.8,113.61,-1.4098648859776536e31,-8.830795430733542e29,-8.673829061357273e29
"2025-01-21 22:44:42.0000",3.61,113.64,-1.4098648859776536e31,-8.830795430733542e29,-8.673829061357273e29
"2025-01-21 23:14:33.0000",3.66,113.88,-1.4098648859776536e31,-8.830795430733542e29,-8.673829061357273e29
"2025-01-21 23:44:25.0000",3.53,113.67,-1.4098648859776536e31,-8.830795430733542e29,-8.673829061357273e29
"2025-01-22 00:14:14.0000",2.94,113.6,-1.4098648859776536e31,-8.830795430733542e29,-8.673829061357273e29
"2025-01-22 00:44:04.0000",2.56,114.18,-1.4098648859776536e31,-8.830795430733542e29,-8.673829061357273e29
"2025-01-22 01:43:45.0000",2.48,114.63,-1.4098648859776536e31,-8.830795430733542e29,-8.673829061357273e29
"2025-01-22 02:13:36.0000",2.37,114.28,-1.4098648859776536e31,-8.830795430733542e29,-8.673829061357273e29
"2025-01-22 02:43:27.0000",2.35,114.44,-1.4098648859776536e31,-8.830795430733542e29,-8.673829061357273e29
"2025-01-22 03:13:20.0000",2.43,114.09,-1.4098648859776536e31,-8.830795430733542e29,-8.673829061357273e29
"2025-01-22 03:43:10.0000",2.66,114.63,-1.4098648859776536e31,-8.830795430733542e29,-8.673829061357273e29
"2025-01-22 04:13:00.0000",2.55,114.16,-1.4098648859776536e31,-8.830795430733542e29,-8.673829061357273e29
"2025-01-22 04:42:51.0000",2.45,114.33,-1.4098648859776536e31,-8.830795430733542e29,-8.673829061357273e29
"2025-01-22 05:12:42.0000",2.3,114.13,-1.4098648859776536e31,-8.830795430733542e29,-8.673829061357273e29
"2025-01-22 05:42:32.0000",1.71,113.72,-1.4098648859776536e31,-8.830795430733542e29,-8.673829061357273e29
"2025-01-22 06:12:22.0000",1.07,113.86,-1.4098648859776536e31,-8.830795430733542e29,-8.673829061357273e29
"2025-01-22 06:42:13.0000",1.01,115.09,-1.4098648859776536e31,-8.830795430733542e29,-8.673829061357273e29
"2025-01-22 07:12:05.0000",1.43,114.75,-1.4098648859776536e31,-8.830795430733542e29,-8.673829061357273e29
"2025-01-22 07:41:57.0000",1.21,113.94,-1.4098648859776536e31,-8.830795430733542e29,-8.673829061357273e29
"2025-01-22 08:11:46.0000",0.69,114.04,-1.4098648859776536e31,-8.830795430733542e29,-8.673829061357273e29
"2025-01-22 08:41:37.0000",0.82,114.52,-1.4098648859776536e31,-8.830795430733542e29,-8.673829061357273e29
"2025-01-22 09:11:28.0000",1.11,114.63,-1.4098648859776536e31,-8.830795430733542e29,-8.673829061357273e29
"2025-01-22 09:41:21.0000",1.41,114.19,-1.4098648859776536e31,-8.830795430733542e29,-8.673829061357273e29
"2025-01-22 10:11:13.0000",1.77,114.57,-1.4098648859776536e31,-8.830795430733542e29,-8.673829061357273e29
"2025-01-22 10:41:04.0000",2.44,114.84,-1.4098648859776536e31,-8.830795430733542e29,-8.673829061357273e29
"2025-01-22 11:10:58.0000",3.3,114.19,-1.4098648859776536e31,-8.830795430733542e29,-8.673829061357273e29
"2025-01-22 11:40:49.0000",3.59,114.84,-1.4098648859776536e31,-8.830795430733542e29,-8.673829061357273e29
"2025-01-22 12:10:40.0000",3.82,115.31,-1.4098648859776536e31,-8.830795430733542e29,-8.673829061357273e29
"2025-01-22 12:40:33.0000",4.18,115.85,-1.4098648859776536e31,-8.830795430733542e29,-8.673829061357273e29
"2025-01-22 13:10:25.0000",4.69,114.93,-1.4098648859776536e31,-8.830795430733542e29,-8.673829061357273e29
"2025-01-22 13:40:16.0000",5.05,115.87,-1.4098648859776536e31,-8.830795430733542e29,-8.673829061357273e29
"2025-01-22 14:10:10.0000",6.4,115.91,-1.4098648859776536e31,-8.830795430733542e29,-8.673829061357273e29
"2025-01-22 14:40:00.0000",5.9,116.14,-1.4098648859776536e31,-8.830795430733542e29,-8.673829061357273e29
"2025-01-22 15:09:51.0000",5.41,116.8,-1.4098648859776536e31,-8.830795430733542e29,-8.673829061357273e29
"2025-01-22 15:39:42.0000",4.78,115.83,-1.4098648859776536e31,-8.830795430733542e29,-8.673829061357273e29
"2025-01-22 16:09:32.0000",4.3,117.69,-1.4098648859776536e31,-8.830795430733542e29,-8.673829061357273e29
"2025-01-22 16:39:22.0000",4.05,117.08,-1.4098648859776536e31,-8.830795430733542e29,-8.673829061357273e29
"2025-01-22 17:09:14.0000",3.96,116.72,-1.4098648859776536e31,-8.830795430733542e29,-8.673829061357273e29
"2025-01-22 17:39:06.0000",3.82,116.69,-1.4098648859776536e31,-8.830795430733542e29,-8.673829061357273e29
"2025-01-22 18:08:56.0000",3.35,115.99,-1.4098648859776536e31,-8.830795430733542e29,-8.673829061357273e29
"2025-01-22 18:38:47.0000",3.42,116.98,-1.4098648859776536e31,-8.830795430733542e29,-8.673829061357273e29
"2025-01-22 19:08:38.0000",3.21,116.16,-1.4098648859776536e31,-8.830795430733542e29,-8.673829061357273e29
"2025-01-22 19:38:30.0000",3.28,117,-1.4098648859776536e31,-8.830795430733542e29,-8.673829061357273e29
"2025-01-22 20:08:22.0000",3.71,116.69,-1.4098648859776536e31,-8.830795430733542e29,-8.673829061357273e29
"2025-01-22 20:38:13.0000",3.49,115.94,-1.4098648859776536e31,-8.830795430733542e29,-8.673829061357273e29
"2025-01-22 21:08:04.0000",3.27,116.56,-1.4098648859776536e31,-8.830795430733542e29,-8.673829061357273e29
"2025-01-22 21:37:55.0000",3.29,116.42,-1.4098648859776536e31,-8.830795430733542e29,-8.673829061357273e29
"2025-01-22 22:07:46.0000",3.03,116.65,-1.4098648859776536e31,-8.830795430733542e29,-8.673829061357273e29
"2025-01-22 22:37:38.0000",3.18,117.09,-1.4098648859776536e31,-8.830795430733542e29,-8.673829061357273e29
"2025-01-22 23:07:30.0000",3.22,116.52,-1.4098648859776536e31,-8.830795430733542e29,-8.673829061357273e29
"2025-01-22 23:37:21.0000",3.26,116.42,-1.4098648859776536e31,-8.830795430733542e29,-8.673829061357273e29
"2025-01-23 00:07:12.0000",3.16,115.92,-1.4098648859776536e31,-8.830795430733542e29,-8.673829061357273e29
"2025-01-23 00:37:03.0000",3.06,115.99,-1.4098648859776536e31,-8.830795430733542e29,-8.673829061357273e29
"2025-01-23 01:06:54.0000",3.03,115.88,-1.4098648859776536e31,-8.830795430733542e29,-8.673829061357273e29
"2025-01-23 01:36:44.0000",2.79,116.14,-1.4098648859776536e31,-8.830795430733542e29,-8.673829061357273e29
"2025-01-23 02:06:35.0000",2.91,116.13,-1.4098648859776536e31,-8.830795430733542e29,-8.673829061357273e29
"2025-01-23 02:36:25.0000",2.87,115.82,-1.4098648859776536e31,-8.830795430733542e29,-8.673829061357273e29
"2025-01-23 03:06:15.0000",2.3,115.47,-1.4098648859776536e31,-8.830795430733542e29,-8.673829061357273e29
"2025-01-23 03:36:05.0000",2.53,116.71,-1.4098648859776536e31,-8.830795430733542e29,-8.673829061357273e29
"2025-01-23 04:05:56.0000",2.69,115.71,-1.4098648859776536e31,-8.830795430733542e29,-8.673829061357273e29
"2025-01-23 04:35:47.0000",2.8,116.47,-1.4098648859776536e31,-8.830795430733542e29,-8.673829061357273e29
"2025-01-23 05:05:39.0000",2.77,115.81,-1.4098648859776536e31,-8.830795430733542e29,-8.673829061357273e29
"2025-01-23 05:35:30.0000",2.37,115.17,-1.4098648859776536e31,-8.830795430733542e29,-8.673829061357273e29
"2025-01-23 06:05:19.0000",1.89,116.04,-1.4098648859776536e31,-8.830795430733542e29,-8.673829061357273e29
"2025-01-23 06:35:10.0000",1.52,115.89,-1.4098648859776536e31,-8.830795430733542e29,-8.673829061357273e29
"2025-01-23 07:05:01.0000",1.57,116.09,-1.4098648859776536e31,-8.830795430733542e29,-8.673829061357273e29
"2025-01-23 07:34:52.0000",1.7,116.12,-1.4098648859776536e31,-8.830795430733542e29,-8.673829061357273e29
"2025-01-23 08:04:44.0000",2.02,116.28,-1.4098648859776536e31,-8.830795430733542e29,-8.673829061357273e29
"2025-01-23 08:34:36.0000",2.12,115.68,-1.4098648859776536e31,-8.830795430733542e29,-8.673829061357273e29
"2025-01-23 09:04:27.0000",2.33,116.19,-1.4098648859776536e31,-8.830795430733542e29,-8.673829061357273e29
"2025-01-23 09:34:17.0000",2.54,116.55,-1.4098648859776536e31,-8.830795430733542e29,-8.673829061357273e29
"2025-01-23 10:04:08.0000",2.91,116.65,-1.4098648859776536e31,-8.830795430733542e29,-8.673829061357273e29
"2025-01-23 10:34:00.0000",2.88,116.54,-1.4098648859776536e31,-8.830795430733542e29,-8.673829061357273e29
"2025-01-23 11:03:52.0000",3.19,117.69,-1.4098648859776536e31,-8.830795430733542e29,-8.673829061357273e29
"2025-01-23 11:33:44.0000",3.36,117.56,-1.4098648859776536e31,-8.830795430733542e29,-8.673829061357273e29
"2025-01-23 12:03:36.0000",3.32,118.03,-1.4098648859776536e31,-8.830795430733542e29,-8.673829061357273e29
"2025-01-23 12:33:27.0000",3.71,119.63,-1.4098648859776536e31,-8.830795430733542e29,-8.673829061357273e29
"2025-01-23 13:03:19.0000",4.21,118.54,-1.4098648859776536e31,-8.830795430733542e29,-8.673829061357273e29
"2025-01-23 13:33:11.0000",4.54,118,-1.4098648859776536e31,-8.830795430733542e29,-8.673829061357273e29
"2025-01-23 14:03:06.0000",6.31,118.38,-1.4098648859776536e31,-8.830795430733542e29,-8.673829061357273e29
"2025-01-23 14:32:57.0000",5.97,116.21,-1.4098648859776536e31,-8.830795430733542e29,-8.673829061357273e29
"2025-01-23 15:02:46.0000",4.94,116.13,-1.4098648859776536e31,-8.830795430733542e29,-8.673829061357273e29
"2025-01-23 15:32:36.0000",4.68,117.83,-1.4098648859776536e31,-8.830795430733542e29,-8.673829061357273e29
"2025-01-23 16:02:28.0000",5.3,117.95,-1.4098648859776536e31,-8.830795430733542e29,-8.673829061357273e29
"2025-01-23 16:32:19.0000",5.31,117.24,-1.4098648859776536e31,-8.830795430733542e29,-8.673829061357273e29
"2025-01-23 17:02:10.0000",5.35,117.09,-1.4098648859776536e31,-8.830795430733542e29,-8.673829061357273e29
"2025-01-23 17:32:02.0000",5.48,117.08,-1.4098648859776536e31,-8.830795430733542e29,-8.673829061357273e29
"2025-01-23 18:01:53.0000",5.15,116.15,-1.4098648859776536e31,-8.830795430733542e29,-8.673829061357273e29
"2025-01-23 18:31:43.0000",4.69,115.13,-1.4098648859776536e31,-8.830795430733542e29,-8.673829061357273e29
"2025-01-23 19:01:33.0000",4.19,114.56,-1.4098648859776536e31,-8.830795430733542e29,-8.673829061357273e29
"2025-01-23 19:31:24.0000",3.86,113.96,-1.4098648859776536e31,-8.830795430733542e29,-8.673829061357273e29
"2025-01-23 20:01:14.0000",3.28,113.55,-1.4098648859776536e31,-8.830795430733542e29,-8.673829061357273e29
"2025-01-23 20:31:04.0000",2.9,114.06,-1.4098648859776536e31,-8.830795430733542e29,-8.673829061357273e29
"2025-01-23 21:00:56.0000",3.38,114.33,-1.4098648859776536e31,-8.830795430733542e29,-8.673829061357273e29
"2025-01-23 21:30:48.0000",3.87,112.54,-1.4098648859776536e31,-8.830795430733542e29,-8.673829061357273e29
"2025-01-23 22:00:40.0000",4.2,109.78,-1.4098648859776536e31,-8.830795430733542e29,-8.673829061357273e29
"2025-01-23 22:30:31.0000",3.93,109.02,-1.4098648859776536e31,-8.830795430733542e29,-8.673829061357273e29
"2025-01-23 23:00:22.0000",3.86,108.35,-1.4098648859776536e31,-8.830795430733542e29,-8.673829061357273e29
"2025-01-23 23:30:13.0000",3.8,108.33,-1.4098648859776536e31,-8.830795430733542e29,-8.673829061357273e29
"2025-01-24 00:00:04.0000",3.9,106.13,-1.4098648859776536e31,-8.830795430733542e29,-8.673829061357273e29
"2025-01-24 00:29:55.0000",3.53,104.68,-1.4098648859776536e31,-8.830795430733542e29,-8.673829061357273e29
"2025-01-24 00:59:45.0000",3.09,106.77,-1.4098648859776536e31,-8.830795430733542e29,-8.673829061357273e29
"2025-01-24 01:29:36.0000",3.27,109.42,-1.4098648859776536e31,-8.830795430733542e29,-8.673829061357273e29
"2025-01-24 01:59:28.0000",3.43,111.31,-1.4098648859776536e31,-8.830795430733542e29,-8.673829061357273e29
"2025-01-24 02:29:20.0000",3.75,112.41,-1.4098648859776536e31,-8.830795430733542e29,-8.673829061357273e29
"2025-01-24 02:59:11.0000",4.31,113.25,-1.4098648859776536e31,-8.830795430733542e29,-8.673829061357273e29
"2025-01-24 03:29:03.0000",5.11,114.17,-1.4098648859776536e31,-8.830795430733542e29,-8.673829061357273e29
"2025-01-24 03:58:56.0000",6.14,114.82,-1.4098648859776536e31,-8.830795430733542e29,-8.673829061357273e29
"2025-01-24 04:28:49.0000",6.92,115.93,-1.4098648859776536e31,-8.830795430733542e29,-8.673829061357273e29
"2025-01-24 04:58:42.0000",7.51,116.55,-1.4098648859776536e31,-8.830795430733542e29,-8.673829061357273e29
"2025-01-24 05:28:34.0000",8,116.92,-1.4098648859776536e31,-8.830795430733542e29,-8.673829061357273e29
"2025-01-24 05:58:27.0000",8.55,115.3,-1.4098648859776536e31,-8.830795430733542e29,-8.673829061357273e29
"2025-01-24 06:28:18.0000",8.23,92.83,7.462337017059326,8.196414346594212,19.16708560476149
"2025-01-24 06:58:08.0000",7.96,76.07,-1.4098648859776536e31,-8.830795430733542e29,-8.673829061357273e29
"2025-01-24 07:27:59.0000",7.79,74.62,6.217264652252197,7.572715604156581,19.56323004327917
"2025-01-24 07:57:48.0000",7.45,69.97,8.419639587402344,9.838562876585696,24.930196989266236
"2025-01-24 08:27:39.0000",7.25,66.81,8.650081634521484,10.086886607051559,26.004041806253067
"2025-01-24 08:57:31.0000",7.35,64.41,7.081689834594727,8.749720485180221,23.800721156079295
"2025-01-24 09:27:22.0000",7.61,59.97,9.296728134155273,11.097059090128752,30.68683117511001
"2025-01-24 09:57:14.0000",8.14,57.78,7.778586387634277,9.635565679382706,26.480952419040506
"2025-01-24 10:27:06.0000",8.74,55.27,6.565256118774414,8.600207490409874,23.412682578277284
"2025-01-24 10:56:59.0000",9.29,55.26,6.507352828979492,8.495612666177372,24.228492482571028
"2025-01-24 11:26:51.0000",10.01,51.9,4.365167140960693,6.771528770298983,18.988920350057896
"2025-01-24 11:56:44.0000",10,50.23,3.468046188354492,6.084126161918227,17.951531307853795
"2025-01-24 12:26:33.0000",9.6,49.38,4.4708123207092285,6.984201329031696,18.61716011891732
"2025-01-24 12:56:24.0000",9.41,48.64,4.372692108154297,6.98402997086666,19.79896531433307
"2025-01-24 13:26:14.0000",8.95,48.2,3.9197909832000732,6.732750422138803,19.461011677962716
"2025-01-24 13:56:05.0000",8.42,47.95,3.8951339721679688,6.677417242341634,19.675819727551016
"2025-01-24 14:25:56.0000",8.21,48.66,3.7352404594421387,6.418861273500566,17.552591230429474
"2025-01-24 14:55:46.0000",7.87,51.13,3.4557952880859375,6.010731371357943,16.89656021180467
"2025-01-24 15:25:37.0000",7.32,52.59,3.384955644607544,6.078602050776524,19.376902585716145
"2025-01-24 15:55:26.0000",6.71,53.64,3.4948842525482178,6.104588668412505,16.807900966025663
"2025-01-24 16:25:17.0000",6.2,55.76,3.770721197128296,6.144483249912152,18.71391352140411
"2025-01-24 16:55:08.0000",5.87,58.11,3.804838180541992,6.190971519282697,18.259157292551063
"2025-01-24 17:24:59.0000",5.63,60.51,4.433224201202393,6.518674096042263,18.059835132491887
"2025-01-24 17:54:51.0000",5.47,63.42,4.365350723266602,6.236809140851549,16.711028332064355
"2025-01-24 18:24:42.0000",5.21,66.51,5.103352069854736,6.761795160965109,19.59449402931798
"2025-01-24 18:54:34.0000",5.62,68.39,3.452660322189331,5.213971802828107,14.639256006664432
"2025-01-24 19:24:25.0000",5.28,71.08,2.864452838897705,4.306885713046347,12.075296232456036
"2025-01-24 19:54:15.0000",5.01,75.09,2.6171255111694336,3.8320561186667,11.906193786561289
"2025-01-24 20:24:07.0000",5.32,76.69,2.7763664722442627,3.983905460334756,11.355410236401292
"2025-01-24 20:53:55.0000",3.91,81.26,88.98883056640625,55.12644279140929,45.25204560668665
"2025-01-24 21:23:45.0000",3.61,83.34,-1.4098648859776536e31,-8.830795430733542e29,-8.673829061357273e29
"2025-01-24 21:53:37.0000",4.13,83.57,91.12379455566406,57.297294961109074,46.37464892350917
"2025-01-24 22:23:29.0000",3.93,84.85,90.94669342041016,57.37928895804261,45.73734472423133
"2025-01-24 22:53:20.0000",3.7,86.23,1.5586729049682617,2.397097318206665,7.624738314317368
"2025-01-24 23:23:11.0000",3.33,87.27,1.406191349029541,2.2902720521440454,7.581363357874425
"2025-01-24 23:53:02.0000",3.28,87.56,79.86344146728516,50.424400013168146,40.78216188700162
"2025-01-25 00:22:53.0000",2.89,87.59,87.69824981689453,54.80046996595896,44.560534046537505
"2025-01-25 00:52:43.0000",2.74,87.13,4.399596691131592,4.525951850943336,10.709845693111806
"2025-01-25 01:22:34.0000",2.39,87.15,-1.4098648859776536e31,-8.830795430733542e29,-8.673829061357273e29
"2025-01-25 01:52:24.0000",2.09,87.29,18.398435592651367,13.018381900824666,16.21922208313284
"2025-01-25 02:22:14.0000",2.05,87.23,24.920408248901367,16.679216564514576,18.378133960239882
"2025-01-25 02:52:05.0000",1.51,86.42,43.40230178833008,28.131651662282138,27.010843804540556
"2025-01-25 03:51:45.0000",1.12,87,2.294804334640503,3.2299263819199266,9.578787868404161
"2025-01-25 04:21:36.0000",1.14,86.58,-1.4098648859776536e31,-8.830795430733542e29,-8.673829061357273e29
"2025-01-25 04:51:26.0000",0.84,87.2,-1.4098648859776536e31,-8.830795430733542e29,-8.673829061357273e29
"2025-01-25 05:21:17.0000",0.92,87.5,7.826318264007568,6.35697520787404,11.660439822405223
"2025-01-25 05:51:09.0000",1.35,87.53,2.092303991317749,2.9133695692015866,8.527879984766741
"2025-01-25 06:21:00.0000",1.32,87.25,28.456539154052734,18.761575997288144,19.70627236324806
"2025-01-25 06:50:50.0000",1.07,86.79,2.65090274810791,3.2302511516483756,9.141927547269509
"2025-01-25 07:20:41.0000",0.7,87.03,4.968315601348877,4.699533036221464,10.2198382511819
"2025-01-25 07:50:32.0000",0.55,87.54,12.631298065185547,9.172614768072622,12.419372447801708
"2025-01-25 08:20:23.0000",1.17,88.19,19.03645896911621,13.203036484346311,15.928300113161676
"2025-01-25 08:50:17.0000",2.6,87.8,1.9929090738296509,2.899709507328711,9.200180415466756
"2025-01-25 09:20:10.0000",4.34,85.61,2.2579996585845947,3.2987247062450025,9.581303348540715
"2025-01-25 09:50:06.0000",6.29,83.98,1.9675109386444092,3.3161053814150363,10.368321441833853
"2025-01-25 10:19:59.0000",7.3,81.66,2.169198751449585,3.7326207875076016,12.473915837160437
"2025-01-25 10:49:51.0000",7.8,77.08,-1.4098648859776536e31,-8.830795430733542e29,-8.673829061357273e29
"2025-01-25 11:19:45.0000",9.03,76.61,1.8022185564041138,3.614826621529151,11.880122718020909
"2025-01-25 11:49:36.0000",9.21,75.67,1.5002390146255493,3.6007956221869257,12.271778012736734
"2025-01-25 12:19:28.0000",9.45,74.48,1.7664653062820435,3.8188706261579206,12.300127816797602
"2025-01-25 12:49:20.0000",9.54,73.37,1.4170044660568237,3.4046616866150563,12.006074196421483
"2025-01-25 13:19:09.0000",8.12,67.16,1.1117966175079346,3.6860838257478736,12.176794567995323
"2025-01-25 13:49:00.0000",8.22,67.99,1.2759932279586792,3.5206332727947443,11.960064073730948
"2025-01-25 14:18:52.0000",8.27,66.81,1.5936436653137207,3.88083307189602,13.1487782989392
"2025-01-25 14:48:41.0000",7.26,62.54,0.7216734886169434,3.3349299626075184,11.187064712828873
"2025-01-25 15:18:33.0000",6.59,62.09,1.3895516395568848,3.7694670684186375,11.665144590030446
"2025-01-25 15:48:22.0000",5.94,62.98,1.0498791933059692,3.6230508273439663,12.130459927772797
"2025-01-25 16:18:12.0000",4.94,63.73,1.3849891424179077,3.7041996817495044,12.47782973608522
"2025-01-25 17:47:41.0000",3.06,70.69,1.960168719291687,3.5062415687984108,10.665652797507022
"2025-01-25 18:17:31.0000",2.76,73.14,2.027371883392334,3.2990801675785426,10.20793748315174
"2025-01-25 18:47:22.0000",2.95,75.2,-1.4098648859776536e31,-8.830795430733542e29,-8.673829061357273e29
"2025-01-25 19:17:13.0000",3,76.09,3.3493363857269287,4.080777601750805,10.249836510512576
"2025-01-25 19:47:05.0000",2.73,77.65,89.71668243408203,55.27238462677898,46.415686397225365
"2025-01-25 20:16:56.0000",2.47,79.46,4.487223148345947,4.680509272852339,11.016229668432672
"2025-01-25 20:46:46.0000",2.37,81.79,7.938546657562256,6.596535654261058,11.047948264818327
"2025-01-25 21:16:37.0000",2.4,83.41,40.89741134643555,26.622981649720142,25.05593737876174
"2025-01-25 22:16:19.0000",1.92,86.05,87.2228012084961,55.00358570065584,43.89768000292484
"2025-01-25 22:46:10.0000",2.23,87.03,87.31096649169922,55.47713441848582,44.09486817177843
"2025-01-25 23:16:02.0000",2.19,87.49,2.2444851398468018,2.6520861306378483,9.15938582757864
"2025-01-25 23:45:53.0000",2,88.79,2.613048791885376,3.0105696308610495,8.181755355934433
"2025-01-26 00:15:43.0000",1.8,89.84,2.635171413421631,3.0034960821571324,8.566377338142356
"2025-01-26 00:45:35.0000",1.9,90.94,-1.4098648859776536e31,-8.830795430733542e29,-8.673829061357273e29
"2025-01-26 01:15:27.0000",1.77,92.06,-1.4098648859776536e31,-8.830795430733542e29,-8.673829061357273e29
"2025-01-26 01:45:18.0000",1.37,93.74,-1.4098648859776536e31,-8.830795430733542e29,-8.673829061357273e29
"2025-01-26 02:15:10.0000",1.78,94.53,-1.4098648859776536e31,-8.830795430733542e29,-8.673829061357273e29
"2025-01-26 02:45:00.0000",1.54,94.77,-1.4098648859776536e31,-8.830795430733542e29,-8.673829061357273e29
"2025-01-26 03:14:50.0000",1.4,95.51,-1.4098648859776536e31,-8.830795430733542e29,-8.673829061357273e29
"2025-01-26 03:44:41.0000",1.22,95.83,-1.4098648859776536e31,-8.830795430733542e29,-8.673829061357273e29
"2025-01-26 04:14:31.0000",0.71,97.15,-1.4098648859776536e31,-8.830795430733542e29,-8.673829061357273e29
"2025-01-26 04:44:21.0000",0.29,98,-1.4098648859776536e31,-8.830795430733542e29,-8.673829061357273e29
"2025-01-26 05:14:12.0000",0.12,98.32,-1.4098648859776536e31,-8.830795430733542e29,-8.673829061357273e29
"2025-01-26 05:44:02.0000",0.42,98.56,-1.4098648859776536e31,-8.830795430733542e29,-8.673829061357273e29
"2025-01-26 06:13:53.0000",0.47,99.71,-1.4098648859776536e31,-8.830795430733542e29,-8.673829061357273e29
"2025-01-26 06:43:45.0000",0.36,100.62,-1.4098648859776536e31,-8.830795430733542e29,-8.673829061357273e29
"2025-01-26 07:13:36.0000",0.66,101.22,-1.4098648859776536e31,-8.830795430733542e29,-8.673829061357273e29
"2025-01-26 07:43:28.0000",0.53,101.98,-1.4098648859776536e31,-8.830795430733542e29,-8.673829061357273e29
"2025-01-26 08:13:19.0000",0.87,102.96,-1.4098648859776536e31,-8.830795430733542e29,-8.673829061357273e29
"2025-01-26 08:43:12.0000",1.48,104.03,-1.4098648859776536e31,-8.830795430733542e29,-8.673829061357273e29
"2025-01-26 09:13:04.0000",2.26,105.22,-1.4098648859776536e31,-8.830795430733542e29,-8.673829061357273e29
"2025-01-26 09:42:57.0000",2.79,105.94,-1.4098648859776536e31,-8.830795430733542e29,-8.673829061357273e29
"2025-01-26 10:12:49.0000",3.22,106.58,-1.4098648859776536e31,-8.830795430733542e29,-8.673829061357273e29
"2025-01-26 10:42:41.0000",3.66,106.58,-1.4098648859776536e31,-8.830795430733542e29,-8.673829061357273e29
"2025-01-26 11:12:33.0000",4,103.64,-1.4098648859776536e31,-8.830795430733542e29,-8.673829061357273e29
"2025-01-26 11:42:25.0000",4.11,102.25,-1.4098648859776536e31,-8.830795430733542e29,-8.673829061357273e29
"2025-01-26 12:12:15.0000",3.83,102.19,-1.4098648859776536e31,-8.830795430733542e29,-8.673829061357273e29
"2025-01-26 12:42:07.0000",4.17,102.89,-1.4098648859776536e31,-8.830795430733542e29,-8.673829061357273e29
"2025-01-26 13:11:59.0000",4.45,101.37,-1.4098648859776536e31,-8.830795430733542e29,-8.673829061357273e29
"2025-01-26 13:41:49.0000",4.43,103.26,-1.4098648859776536e31,-8.830795430733542e29,-8.673829061357273e29
"2025-01-26 14:11:41.0000",4.96,101.27,-1.4098648859776536e31,-8.830795430733542e29,-8.673829061357273e29
"2025-01-26 14:41:33.0000",4.49,100.21,-1.4098648859776536e31,-8.830795430733542e29,-8.673829061357273e29
"2025-01-26 15:11:22.0000",4.08,102.85,-1.4098648859776536e31,-8.830795430733542e29,-8.673829061357273e29
"2025-01-26 15:41:12.0000",3.73,104.05,-1.4098648859776536e31,-8.830795430733542e29,-8.673829061357273e29
"2025-01-26 16:11:02.0000",3.58,104.38,-1.4098648859776536e31,-8.830795430733542e29,-8.673829061357273e29
"2025-01-26 16:40:54.0000",3.82,104.65,-1.4098648859776536e31,-8.830795430733542e29,-8.673829061357273e29
"2025-01-26 17:10:45.0000",4.04,104.69,-1.4098648859776536e31,-8.830795430733542e29,-8.673829061357273e29
"2025-01-26 17:40:38.0000",4.46,105.86,-1.4098648859776536e31,-8.830795430733542e29,-8.673829061357273e29
"2025-01-26 18:10:30.0000",4.72,106.13,-1.4098648859776536e31,-8.830795430733542e29,-8.673829061357273e29
"2025-01-26 18:40:21.0000",4.6,106.3,-1.4098648859776536e31,-8.830795430733542e29,-8.673829061357273e29
"2025-01-26 19:10:14.0000",4.99,106.93,-1.4098648859776536e31,-8.830795430733542e29,-8.673829061357273e29
"2025-01-26 19:40:04.0000",4.68,106.86,-1.4098648859776536e31,-8.830795430733542e29,-8.673829061357273e29
"2025-01-26 20:09:56.0000",4.62,107.36,-1.4098648859776536e31,-8.830795430733542e29,-8.673829061357273e29
"2025-01-26 20:39:47.0000",4.59,107.74,-1.4098648859776536e31,-8.830795430733542e29,-8.673829061357273e29
"2025-01-26 21:09:39.0000",4.8,108.04,-1.4098648859776536e31,-8.830795430733542e29,-8.673829061357273e29
"2025-01-26 21:39:31.0000",5.33,110.26,-1.4098648859776536e31,-8.830795430733542e29,-8.673829061357273e29
"2025-01-26 22:39:15.0000",5.57,107.17,-1.4098648859776536e31,-8.830795430733542e29,-8.673829061357273e29
"2025-01-26 23:09:04.0000",5.02,108.08,-1.4098648859776536e31,-8.830795430733542e29,-8.673829061357273e29
"2025-01-26 23:38:55.0000",4.96,109.08,-1.4098648859776536e31,-8.830795430733542e29,-8.673829061357273e29
"2025-01-27 00:08:46.0000",5.14,110.18,-1.4098648859776536e31,-8.830795430733542e29,-8.673829061357273e29
"2025-01-27 00:38:37.0000",5.16,110.63,-1.4098648859776536e31,-8.830795430733542e29,-8.673829061357273e29
"2025-01-27 01:08:27.0000",4.45,110.83,-1.4098648859776536e31,-8.830795430733542e29,-8.673829061357273e29
"2025-01-27 01:38:16.0000",3.54,111.25,-1.4098648859776536e31,-8.830795430733542e29,-8.673829061357273e29
"2025-01-27 02:08:06.0000",3.12,111.37,-1.4098648859776536e31,-8.830795430733542e29,-8.673829061357273e29
"2025-01-27 02:37:58.0000",2.95,110.85,-1.4098648859776536e31,-8.830795430733542e29,-8.673829061357273e29
"2025-01-27 03:07:48.0000",2.68,110.52,-1.4098648859776536e31,-8.830795430733542e29,-8.673829061357273e29
"2025-01-27 03:37:38.0000",2.15,110.65,-1.4098648859776536e31,-8.830795430733542e29,-8.673829061357273e29
"2025-01-27 04:07:28.0000",1.86,110.95,-1.4098648859776536e31,-8.830795430733542e29,-8.673829061357273e29
"2025-01-27 04:37:20.0000",1.88,110.78,-1.4098648859776536e31,-8.830795430733542e29,-8.673829061357273e29
"2025-01-27 05:07:11.0000",1.77,110.59,-1.4098648859776536e31,-8.830795430733542e29,-8.673829061357273e29
"2025-01-27 06:06:53.0000",2.17,110.6,-1.4098648859776536e31,-8.830795430733542e29,-8.673829061357273e29
"2025-01-27 06:36:45.0000",2.23,110.12,-1.4098648859776536e31,-8.830795430733542e29,-8.673829061357273e29
"2025-01-27 07:06:36.0000",2.07,110.66,-1.4098648859776536e31,-8.830795430733542e29,-8.673829061357273e29
"2025-01-27 07:36:29.0000",2.54,110.38,-1.4098648859776536e31,-8.830795430733542e29,-8.673829061357273e29
"2025-01-27 08:06:19.0000",2.72,110.51,-1.4098648859776536e31,-8.830795430733542e29,-8.673829061357273e29
"2025-01-27 08:36:10.0000",2.67,110.17,-1.4098648859776536e31,-8.830795430733542e29,-8.673829061357273e29
"2025-01-27 09:06:01.0000",2.81,110.89,-1.4098648859776536e31,-8.830795430733542e29,-8.673829061357273e29
"2025-01-27 09:35:54.0000",3.68,109.79,-1.4098648859776536e31,-8.830795430733542e29,-8.673829061357273e29
"2025-01-27 10:05:46.0000",4.06,110.68,-1.4098648859776536e31,-8.830795430733542e29,-8.673829061357273e29
"2025-01-27 10:35:37.0000",4.49,111.13,-1.4098648859776536e31,-8.830795430733542e29,-8.673829061357273e29
"2025-01-27 11:05:30.0000",5.35,109.7,-1.4098648859776536e31,-8.830795430733542e29,-8.673829061357273e29
"2025-01-27 11:35:22.0000",5.89,105.16,-1.4098648859776536e31,-8.830795430733542e29,-8.673829061357273e29
"2025-01-27 12:05:15.0000",6.55,100.46,4.629339694976807,5.01787507766613,10.908887457878683
"2025-01-27 12:35:08.0000",8.09,95.21,5.308778762817383,5.829217463625919,14.098158778772962
"2025-01-27 13:04:59.0000",7.43,90.03,5.31899356842041,6.288027760817658,15.21465087527993
"2025-01-27 13:34:51.0000",7.33,91.08,16.21377182006836,12.115509401558848,17.79780607791533
"2025-01-27 14:04:40.0000",6.4,91.36,53.304222106933594,34.76551400824693,34.21129601897617
"2025-01-27 14:34:30.0000",5.93,94.88,-1.4098648859776536e31,-8.830795430733542e29,-8.673829061357273e29
"2025-01-27 15:04:21.0000",5.81,95.84,3.7281076908111572,4.24869800832427,11.257772485670433
"2025-01-27 15:34:12.0000",5.78,96.19,-1.4098648859776536e31,-8.830795430733542e29,-8.673829061357273e29
"2025-01-27 16:04:03.0000",5.89,95.9,4.2597737312316895,4.884266759405837,12.072161001526888
"2025-01-27 16:33:54.0000",5.94,94.95,3.3927080631256104,4.25758004401372,11.839550912445903
"2025-01-27 17:03:45.0000",5.88,93.97,43.9380989074707,29.00118893229918,28.980433179198663
"2025-01-27 17:33:37.0000",5.69,93.07,93.1085205078125,59.51071692293331,49.72340883069345
"2025-01-27 18:03:26.0000",5.58,93.49,50.49476623535156,32.284444983506205,29.063414698770895
"2025-01-27 18:33:17.0000",5.5,93.9,3.143293857574463,3.713747122822641,9.450712252927227
"2025-01-27 19:03:08.0000",5.43,94.29,3.5733463764190674,4.0562097683845275,10.406833994314068
"2025-01-27 19:33:00.0000",5.28,94.9,3.960200786590576,4.265260916297762,11.306186807914953
"2025-01-27 20:02:51.0000",5.2,95.84,88.00537109375,56.058268155171845,45.940048322063895
"2025-01-27 20:32:42.0000",5.28,96.35,3.159944772720337,3.77884348121703,9.97583119990783
"2025-01-27 21:02:33.0000",5.16,96.7,-1.4098648859776536e31,-8.830795430733542e29,-8.673829061357273e29
"2025-01-27 21:32:24.0000",4.97,97.27,1.8447530269622803,2.3765463599503565,7.531695545834788
"2025-01-27 22:02:16.0000",4.89,98.3,-1.4098648859776536e31,-8.830795430733542e29,-8.673829061357273e29
"2025-01-27 22:32:07.0000",4.96,99.89,-1.4098648859776536e31,-8.830795430733542e29,-8.673829061357273e29
"2025-01-27 23:01:59.0000",5.24,101.05,-1.4098648859776536e31,-8.830795430733542e29,-8.673829061357273e29
"2025-01-27 23:31:49.0000",5.25,101.93,-1.4098648859776536e31,-8.830795430733542e29,-8.673829061357273e29
"2025-01-28 00:01:41.0000",5.44,103.53,-1.4098648859776536e31,-8.830795430733542e29,-8.673829061357273e29
"2025-01-28 00:31:33.0000",5.65,103.44,-1.4098648859776536e31,-8.830795430733542e29,-8.673829061357273e29
"2025-01-28 01:01:25.0000",5.34,104.58,-1.4098648859776536e31,-8.830795430733542e29,-8.673829061357273e29
"2025-01-28 01:31:16.0000",5.64,106.46,-1.4098648859776536e31,-8.830795430733542e29,-8.673829061357273e29
"2025-01-28 02:01:08.0000",5.94,106.47,-1.4098648859776536e31,-8.830795430733542e29,-8.673829061357273e29
"2025-01-28 02:31:00.0000",6.06,106.02,-1.4098648859776536e31,-8.830795430733542e29,-8.673829061357273e29
"2025-01-28 03:00:51.0000",5.9,105.83,-1.4098648859776536e31,-8.830795430733542e29,-8.673829061357273e29
"2025-01-28 03:30:42.0000",5.71,105.97,-1.4098648859776536e31,-8.830795430733542e29,-8.673829061357273e29
"2025-01-28 04:00:32.0000",5.74,106.28,-1.4098648859776536e31,-8.830795430733542e29,-8.673829061357273e29
"2025-01-28 04:30:23.0000",5.75,106.17,-1.4098648859776536e31,-8.830795430733542e29,-8.673829061357273e29
"2025-01-28 05:00:15.0000",5.9,106.21,-1.4098648859776536e31,-8.830795430733542e29,-8.673829061357273e29
"2025-01-28 05:30:06.0000",5.98,106.23,-1.4098648859776536e31,-8.830795430733542e29,-8.673829061357273e29
"2025-01-28 05:59:56.0000",6.16,106.73,-1.4098648859776536e31,-8.830795430733542e29,-8.673829061357273e29
"2025-01-28 06:29:47.0000",6.08,106.4,-1.4098648859776536e31,-8.830795430733542e29,-8.673829061357273e29
"2025-01-28 06:59:37.0000",5.69,107.15,-1.4098648859776536e31,-8.830795430733542e29,-8.673829061357273e29
"2025-01-28 07:29:28.0000",5.72,107.34,-1.4098648859776536e31,-8.830795430733542e29,-8.673829061357273e29
"2025-01-28 07:59:18.0000",5.76,107.53,-1.4098648859776536e31,-8.830795430733542e29,-8.673829061357273e29
"2025-01-28 08:29:09.0000",5.92,107.47,-1.4098648859776536e31,-8.830795430733542e29,-8.673829061357273e29
"2025-01-28 08:59:01.0000",6.29,107.49,-1.4098648859776536e31,-8.830795430733542e29,-8.673829061357273e29
"2025-01-28 09:28:53.0000",6.62,107.13,-1.4098648859776536e31,-8.830795430733542e29,-8.673829061357273e29
"2025-01-28 09:58:44.0000",6.52,107.09,-1.4098648859776536e31,-8.830795430733542e29,-8.673829061357273e29
"2025-01-28 10:28:35.0000",6.42,107.51,-1.4098648859776536e31,-8.830795430733542e29,-8.673829061357273e29
"2025-01-28 10:58:27.0000",6.48,108.1,-1.4098648859776536e31,-8.830795430733542e29,-8.673829061357273e29
"2025-01-28 11:28:18.0000",6.34,109.2,-1.4098648859776536e31,-8.830795430733542e29,-8.673829061357273e29
"2025-01-28 11:58:10.0000",7.01,110.04,-1.4098648859776536e31,-8.830795430733542e29,-8.673829061357273e29
"2025-01-28 12:28:03.0000",8.05,110.14,-1.4098648859776536e31,-8.830795430733542e29,-8.673829061357273e29
"2025-01-28 12:57:53.0000",7.5,109.26,-1.4098648859776536e31,-8.830795430733542e29,-8.673829061357273e29
"2025-01-28 13:27:45.0000",7.74,109.49,-1.4098648859776536e31,-8.830795430733542e29,-8.673829061357273e29
"2025-01-28 13:57:36.0000",6.9,107.43,-1.4098648859776536e31,-8.830795430733542e29,-8.673829061357273e29
"2025-01-28 14:27:23.0000",5.49,108.78,-1.4098648859776536e31,-8.830795430733542e29,-8.673829061357273e29
"2025-01-28 14:57:14.0000",5.31,109.52,-1.4098648859776536e31,-8.830795430733542e29,-8.673829061357273e29
"2025-01-28 15:27:04.0000",5.19,110.08,-1.4098648859776536e31,-8.830795430733542e29,-8.673829061357273e29
"2025-01-28 15:56:55.0000",5.2,110.2,-1.4098648859776536e31,-8.830795430733542e29,-8.673829061357273e29
"2025-01-28 16:26:46.0000",5.29,110.71,-1.4098648859776536e31,-8.830795430733542e29,-8.673829061357273e29
"2025-01-28 16:56:38.0000",5.19,110.51,-1.4098648859776536e31,-8.830795430733542e29,-8.673829061357273e29
"2025-01-28 17:26:28.0000",5,111.57,-1.4098648859776536e31,-8.830795430733542e29,-8.673829061357273e29
"2025-01-28 17:56:20.0000",4.92,111.45,-1.4098648859776536e31,-8.830795430733542e29,-8.673829061357273e29
"2025-01-28 18:26:11.0000",4.92,111.61,-1.4098648859776536e31,-8.830795430733542e29,-8.673829061357273e29
"2025-01-28 18:56:03.0000",5.34,111.11,-1.4098648859776536e31,-8.830795430733542e29,-8.673829061357273e29
"2025-01-28 19:25:55.0000",5.48,110.07,-1.4098648859776536e31,-8.830795430733542e29,-8.673829061357273e29
"2025-01-28 19:55:47.0000",5.75,108.79,-1.4098648859776536e31,-8.830795430733542e29,-8.673829061357273e29
"2025-01-28 20:25:38.0000",5.75,107.59,-1.4098648859776536e31,-8.830795430733542e29,-8.673829061357273e29
"2025-01-28 20:55:28.0000",5.75,106.65,-1.4098648859776536e31,-8.830795430733542e29,-8.673829061357273e29
"2025-01-28 21:25:20.0000",5.67,106.59,-1.4098648859776536e31,-8.830795430733542e29,-8.673829061357273e29
"2025-01-28 21:55:11.0000",5.53,107.07,-1.4098648859776536e31,-8.830795430733542e29,-8.673829061357273e29
"2025-01-28 22:25:02.0000",5.05,108.48,-1.4098648859776536e31,-8.830795430733542e29,-8.673829061357273e29
"2025-01-28 22:54:52.0000",5.03,109.37,-1.4098648859776536e31,-8.830795430733542e29,-8.673829061357273e29
"2025-01-28 23:24:44.0000",5.63,110.53,-1.4098648859776536e31,-8.830795430733542e29,-8.673829061357273e29
"2025-01-28 23:54:35.0000",5.95,111.03,-1.4098648859776536e31,-8.830795430733542e29,-8.673829061357273e29
"2025-01-29 00:24:27.0000",5.96,111.84,-1.4098648859776536e31,-8.830795430733542e29,-8.673829061357273e29
"2025-01-29 00:54:18.0000",5.81,111.83,-1.4098648859776536e31,-8.830795430733542e29,-8.673829061357273e29
"2025-01-29 01:24:09.0000",5.8,112.32,-1.4098648859776536e31,-8.830795430733542e29,-8.673829061357273e29
"2025-01-29 01:54:00.0000",5.83,112.24,-1.4098648859776536e31,-8.830795430733542e29,-8.673829061357273e29
"2025-01-29 02:23:51.0000",5.85,111.94,-1.4098648859776536e31,-8.830795430733542e29,-8.673829061357273e29
"2025-01-29 02:53:43.0000",5.62,111.74,-1.4098648859776536e31,-8.830795430733542e29,-8.673829061357273e29
"2025-01-29 03:23:32.0000",5.08,111.55,-1.4098648859776536e31,-8.830795430733542e29,-8.673829061357273e29
"2025-01-29 03:53:44.0000",4.88,111.6,-1.4098648859776536e31,-8.830795430733542e29,-8.673829061357273e29
"2025-01-29 04:23:31.0000",5.19,112.01,-1.4098648859776536e31,-8.830795430733542e29,-8.673829061357273e29
"2025-01-29 04:53:21.0000",5.18,111.43,-1.4098648859776536e31,-8.830795430733542e29,-8.673829061357273e29
"2025-01-29 05:23:11.0000",4.93,111.04,-1.4098648859776536e31,-8.830795430733542e29,-8.673829061357273e29
"2025-01-29 05:53:00.0000",4.56,111.78,-1.4098648859776536e31,-8.830795430733542e29,-8.673829061357273e29
"2025-01-29 06:22:51.0000",4.22,112.06,-1.4098648859776536e31,-8.830795430733542e29,-8.673829061357273e29
"2025-01-29 06:52:41.0000",4.03,112.46,-1.4098648859776536e31,-8.830795430733542e29,-8.673829061357273e29
"2025-01-29 07:22:32.0000",4.33,113.62,-1.4098648859776536e31,-8.830795430733542e29,-8.673829061357273e29
"2025-01-29 07:52:24.0000",4.63,112.92,-1.4098648859776536e31,-8.830795430733542e29,-8.673829061357273e29
"2025-01-29 08:22:16.0000",4.79,113.31,-1.4098648859776536e31,-8.830795430733542e29,-8.673829061357273e29
"2025-01-29 08:52:07.0000",5.09,114.07,-1.4098648859776536e31,-8.830795430733542e29,-8.673829061357273e29
"2025-01-29 09:22:00.0000",5.86,113.54,-1.4098648859776536e31,-8.830795430733542e29,-8.673829061357273e29
"2025-01-29 09:51:51.0000",6.29,110.54,-1.4098648859776536e31,-8.830795430733542e29,-8.673829061357273e29
"2025-01-29 10:21:45.0000",8.9,108.03,-1.4098648859776536e31,-8.830795430733542e29,-8.673829061357273e29
"2025-01-29 10:51:38.0000",9.84,104.68,3.3771419525146484,3.766240576159113,10.076839111538073
"2025-01-29 11:21:31.0000",9.81,102.43,14.270307540893555,10.461494070088191,15.84669955777214
"2025-01-29 11:51:20.0000",9.48,99.84,-1.4098648859776536e31,-8.830795430733542e29,-8.673829061357273e29
"2025-01-29 12:21:12.0000",10.21,94.81,1.9025611877441406,3.352147433145655,10.585778469873272
"2025-01-29 12:51:03.0000",9.64,86.81,1.677082896232605,3.6011947432643545,13.031767908144609
"2025-01-29 13:20:53.0000",8.14,81.54,-1.4098648859776536e31,-8.830795430733542e29,-8.673829061357273e29
"2025-01-29 13:50:44.0000",7.72,80.25,1.6657013893127441,3.497924556462239,11.41794632793534
"2025-01-29 14:20:33.0000",6.97,79.38,1.546141505241394,3.287438477406166,11.414610749643185
"2025-01-29 14:50:24.0000",6.83,79.98,-1.4098648859776536e31,-8.830795430733542e29,-8.673829061357273e29
"2025-01-29 15:20:13.0000",5.95,79.45,0.9149824976921082,2.678240399703032,9.64072398206187
"2025-01-29 15:50:04.0000",5.32,81.18,-1.4098648859776536e31,-8.830795430733542e29,-8.673829061357273e29
"2025-01-29 16:19:55.0000",4.55,83.58,1.6790971755981445,2.892525613647968,10.286259399223727
"2025-01-29 17:19:37.0000",3.72,88.52,47.10908126831055,30.245719386550523,27.546281605681962
"2025-01-29 17:49:28.0000",3.51,89.86,74.9580307006836,47.28171818155521,38.729564106151365
"2025-01-29 18:19:19.0000",3.65,90.37,30.787504196166992,19.983497290335308,19.86149819240897
"2025-01-29 18:49:11.0000",3.73,90.08,-1.4098648859776536e31,-8.830795430733542e29,-8.673829061357273e29
"2025-01-29 19:19:03.0000",3.65,90.39,48.727455139160156,31.059347986836492,27.918325607530644
"2025-01-29 19:48:54.0000",3.44,91.67,88.17649841308594,55.41784715926782,44.0071885748331
"2025-01-29 20:18:45.0000",3.33,93,88.03910827636719,55.58446314816778,44.58829165176756
"2025-01-29 20:48:36.0000",3.5,93.98,64.3306655883789,41.19731581531364,34.327858893404574
"2025-01-29 21:18:29.0000",3.59,93.84,30.66309356689453,20.18590596167314,19.89187763311931
"2025-01-29 21:48:19.0000",3.44,92.71,1.9188590049743652,2.871017543280418,9.107187906362281
"2025-01-29 22:48:01.0000",3.07,92.71,4.570809364318848,4.446722423407366,10.02951409296921
"2025-01-29 23:17:53.0000",3.15,93.29,3.502897262573242,3.5226133053604265,8.986452853163819
"2025-01-29 23:47:44.0000",3,94.37,2.20560359954834,2.895425626421397,8.81797449887087
"2025-01-30 00:17:35.0000",2.96,95.15,2.1901888847351074,2.9676799902989712,9.667657522389343
"2025-01-30 00:47:27.0000",3.01,95.41,-1.4098648859776536e31,-8.830795430733542e29,-8.673829061357273e29
"2025-01-30 01:47:10.0000",2.59,94.51,2.5349388122558594,3.2784583789769197,10.219208882403773
"2025-01-30 02:17:01.0000",2.18,94.74,87.20958709716797,55.11136860299624,44.920308722159106
"2025-01-30 02:46:52.0000",2.27,96.01,-1.4098648859776536e31,-8.830795430733542e29,-8.673829061357273e29
"2025-01-30 03:16:43.0000",2.75,96.8,-1.4098648859776536e31,-8.830795430733542e29,-8.673829061357273e29
"2025-01-30 03:46:35.0000",2.79,97.15,2.006772041320801,2.584308703202939,7.9298828742339875
"2025-01-30 04:16:26.0000",2.69,97.2,-1.4098648859776536e31,-8.830795430733542e29,-8.673829061357273e29
"2025-01-30 04:46:16.0000",2.31,97.21,-1.4098648859776536e31,-8.830795430733542e29,-8.673829061357273e29
"2025-01-30 05:16:07.0000",2.48,97.83,-1.4098648859776536e31,-8.830795430733542e29,-8.673829061357273e29
"2025-01-30 05:45:58.0000",2.72,98.32,1.8212236166000366,2.4168450058579047,8.104355985898817
"2025-01-30 06:15:50.0000",3.17,98.93,-1.4098648859776536e31,-8.830795430733542e29,-8.673829061357273e29
"2025-01-30 06:45:40.0000",3.24,99.39,-1.4098648859776536e31,-8.830795430733542e29,-8.673829061357273e29
"2025-01-30 07:45:23.0000",3.53,99.75,-1.4098648859776536e31,-8.830795430733542e29,-8.673829061357273e29
"2025-01-30 08:15:14.0000",3.67,100.72,1.7274845838546753,2.267321572258355,6.965847476452
"2025-01-30 08:45:10.0000",5.76,99.38,1.5068919658660889,2.14186908336772,7.478665938098058
"2025-01-30 09:15:05.0000",8.82,98.22,49.40388488769531,31.767051086485047,28.004957136738813
"2025-01-30 09:44:57.0000",7.78,96.61,15.360969543457031,11.064339592872399,15.627434721898126
"2025-01-30 10:14:46.0000",7.69,97.17,18.76620864868164,12.930863526566927,16.102064744198653
"2025-01-30 10:44:39.0000",8.41,95.63,-1.4098648859776536e31,-8.830795430733542e29,-8.673829061357273e29
"2025-01-30 11:14:38.0000",11.22,90.04,65.67398834228516,39.816676773078164,36.15513924215049
"2025-01-30 11:44:23.0000",6.9,86.12,-1.4098648859776536e31,-8.830795430733542e29,-8.673829061357273e29
"2025-01-30 12:14:11.0000",6.12,87.83,45.23394012451172,28.420662753607697,27.306928152150636
"2025-01-30 12:44:01.0000",5.5,89.21,-1.4098648859776536e31,-8.830795430733542e29,-8.673829061357273e29
"2025-01-30 13:13:49.0000",4.4,91.32,-1.4098648859776536e31,-8.830795430733542e29,-8.673829061357273e29
"2025-01-30 13:43:44.0000",5.78,91.87,-1.4098648859776536e31,-8.830795430733542e29,-8.673829061357273e29
"2025-01-30 14:13:57.0000",6.57,95.33,-1.4098648859776536e31,-8.830795430733542e29,-8.673829061357273e29
"2025-01-30 14:43:44.0000",6.62,97.23,1.4432365894317627,2.115056293370827,6.729227913611573
"2025-01-30 15:13:33.0000",5.87,96.86,1.4220508337020874,2.128991157213452,7.182912492591768
"2025-01-30 15:43:25.0000",6.39,97.93,1.466298222541809,2.002469619747685,6.313278352027931
"2025-01-30 16:13:15.0000",5.63,96.96,-1.4098648859776536e31,-8.830795430733542e29,-8.673829061357273e29
"2025-01-30 16:43:04.0000",4.58,96.96,2.2306604385375977,2.830995505895437,9.744771529529627
"2025-01-30 17:12:55.0000",3.86,97.95,2.082571029663086,2.6159150670646185,8.914503136480828
"2025-01-30 17:42:44.0000",3.35,98.6,60.5110969543457,39.07934918533728,31.82419633381015
"2025-01-30 18:12:36.0000",3.04,98.39,-1.4098648859776536e31,-8.830795430733542e29,-8.673829061357273e29
"2025-01-30 18:42:27.0000",2.65,98.42,2.5122742652893066,2.7927125656728844,7.648511663106069
"2025-01-30 19:12:18.0000",2.33,98.39,-1.4098648859776536e31,-8.830795430733542e29,-8.673829061357273e29
"2025-01-30 19:42:08.0000",2.01,98.41,2.3775675296783447,2.7613516377432705,7.593618409463956
"2025-01-30 20:11:59.0000",1.86,98.64,-1.4098648859776536e31,-8.830795430733542e29,-8.673829061357273e29
"2025-01-30 20:41:50.0000",2.22,98.82,2.1837244033813477,2.4851065921494104,7.064293765559277
"2025-01-30 21:11:41.0000",2.45,98.8,-1.4098648859776536e31,-8.830795430733542e29,-8.673829061357273e29
"2025-01-30 21:41:32.0000",2.35,98.68,-1.4098648859776536e31,-8.830795430733542e29,-8.673829061357273e29
"2025-01-30 22:11:23.0000",2.51,98.93,2.218928098678589,2.646714325147882,8.003435561065482
"2025-01-30 22:41:14.0000",2.49,98.56,86.80876922607422,55.75343006848839,42.69148996728369
"2025-01-30 23:11:05.0000",2.41,98.75,-1.4098648859776536e31,-8.830795430733542e29,-8.673829061357273e29
"2025-01-30 23:40:57.0000",2.57,98.66,-1.4098648859776536e31,-8.830795430733542e29,-8.673829061357273e29
"2025-01-31 00:10:49.0000",2.25,98.77,-1.4098648859776536e31,-8.830795430733542e29,-8.673829061357273e29
"2025-01-31 00:40:40.0000",2.14,99.57,-1.4098648859776536e31,-8.830795430733542e29,-8.673829061357273e29
"2025-01-31 01:10:31.0000",2.25,100.39,-1.4098648859776536e31,-8.830795430733542e29,-8.673829061357273e29
"2025-01-31 01:40:23.0000",2.39,100.87,-1.4098648859776536e31,-8.830795430733542e29,-8.673829061357273e29
"2025-01-31 02:10:14.0000",2.56,101.34,-1.4098648859776536e31,-8.830795430733542e29,-8.673829061357273e29
"2025-01-31 02:40:05.0000",2.76,101.76,-1.4098648859776536e31,-8.830795430733542e29,-8.673829061357273e29
"2025-01-31 03:09:57.0000",2.9,102.16,-1.4098648859776536e31,-8.830795430733542e29,-8.673829061357273e29
"2025-01-31 03:39:48.0000",3.05,102.66,-1.4098648859776536e31,-8.830795430733542e29,-8.673829061357273e29
"2025-01-31 04:09:39.0000",3.21,102.93,-1.4098648859776536e31,-8.830795430733542e29,-8.673829061357273e29
"2025-01-31 04:39:31.0000",3.99,103.99,-1.4098648859776536e31,-8.830795430733542e29,-8.673829061357273e29
"2025-01-31 05:09:25.0000",5.44,104.1,-1.4098648859776536e31,-8.830795430733542e29,-8.673829061357273e29
"2025-01-31 05:39:18.0000",5.83,104.69,-1.4098648859776536e31,-8.830795430733542e29,-8.673829061357273e29
"2025-01-31 06:09:10.0000",6.17,105.7,-1.4098648859776536e31,-8.830795430733542e29,-8.673829061357273e29
"2025-01-31 06:39:01.0000",6.28,105.54,-1.4098648859776536e31,-8.830795430733542e29,-8.673829061357273e29
"2025-01-31 07:08:52.0000",6.33,105.92,-1.4098648859776536e31,-8.830795430733542e29,-8.673829061357273e29
"2025-01-31 07:38:44.0000",6.39,105.89,-1.4098648859776536e31,-8.830795430733542e29,-8.673829061357273e29
"2025-01-31 08:08:35.0000",6.39,106.04,-1.4098648859776536e31,-8.830795430733542e29,-8.673829061357273e29
"2025-01-31 08:38:26.0000",6.38,106.84,-1.4098648859776536e31,-8.830795430733542e29,-8.673829061357273e29
"2025-01-31 09:08:18.0000",6.54,108.08,-1.4098648859776536e31,-8.830795430733542e29,-8.673829061357273e29
"2025-01-31 09:38:09.0000",6.43,106.86,-1.4098648859776536e31,-8.830795430733542e29,-8.673829061357273e29
"2025-01-31 10:08:00.0000",6.55,106.8,-1.4098648859776536e31,-8.830795430733542e29,-8.673829061357273e29
"2025-01-31 10:37:51.0000",6.76,106.02,-1.4098648859776536e31,-8.830795430733542e29,-8.673829061357273e29
"2025-01-31 11:07:44.0000",7.4,103.57,-1.4098648859776536e31,-8.830795430733542e29,-8.673829061357273e29
"2025-01-31 11:37:34.0000",7.46,101.25,5.379254341125488,5.805781337847016,14.091775291293446
"2025-01-31 12:07:27.0000",7.74,101.15,-1.4098648859776536e31,-8.830795430733542e29,-8.673829061357273e29
"2025-01-31 12:37:19.0000",7.69,99.38,89.96338653564453,57.5383897001881,49.32843303613979
"2025-01-31 13:07:10.0000",7.33,99.1,6.231129169464111,6.889352960562796,17.1925858512414
"2025-01-31 13:37:01.0000",7.91,98.58,82.09043884277344,52.721507361585786,46.58520259764323
"2025-01-31 14:06:51.0000",7.42,98.05,58.23886489868164,38.78940089835397,38.45052639243388
"2025-01-31 14:36:42.0000",7.16,98.93,7.841190338134766,8.174276724110168,19.34009910237269
"2025-01-31 15:06:33.0000",7.32,98.79,7.852128982543945,8.18387001704452,19.678828120266864
"2025-01-31 15:36:25.0000",7.3,98.56,-1.4098648859776536e31,-8.830795430733542e29,-8.673829061357273e29
"2025-01-31 16:06:15.0000",6.91,98.38,6.7094597816467285,7.161783122409757,17.164242224083228
"2025-01-31 16:36:05.0000",6.33,98.52,-1.4098648859776536e31,-8.830795430733542e29,-8.673829061357273e29
"2025-01-31 17:05:55.0000",5.28,98.58,6.9407639503479,7.251341698153813,16.061318196795796
"2025-01-31 17:35:43.0000",4.21,99.59,8.266595840454102,8.319395302944281,19.41617020376613
"2025-01-31 18:05:34.0000",3.96,100,8.510627746582031,8.613991690286511,18.301948121391913
"2025-01-31 18:35:24.0000",3.78,100.54,-1.4098648859776536e31,-8.830795430733542e29,-8.673829061357273e29
"2025-01-31 19:05:15.0000",3.62,100.9,-1.4098648859776536e31,-8.830795430733542e29,-8.673829061357273e29
"2025-01-31 19:35:06.0000",3.03,100.92,-1.4098648859776536e31,-8.830795430733542e29,-8.673829061357273e29
"2025-01-31 20:04:56.0000",3.34,101.83,-1.4098648859776536e31,-8.830795430733542e29,-8.673829061357273e29
"2025-01-31 20:34:48.0000",4.25,101.3,-1.4098648859776536e31,-8.830795430733542e29,-8.673829061357273e29
"2025-01-31 21:04:40.0000",4.65,101.07,-1.4098648859776536e31,-8.830795430733542e29,-8.673829061357273e29
"2025-01-31 21:34:32.0000",4.73,101.46,-1.4098648859776536e31,-8.830795430733542e29,-8.673829061357273e29
"2025-01-31 22:34:15.0000",5.15,101.62,-1.4098648859776536e31,-8.830795430733542e29,-8.673829061357273e29
"2025-01-31 23:04:06.0000",4.74,101.66,-1.4098648859776536e31,-8.830795430733542e29,-8.673829061357273e29
"2025-01-31 23:33:57.0000",4.68,101.93,-1.4098648859776536e31,-8.830795430733542e29,-8.673829061357273e29
"2025-02-01 00:03:47.0000",4.57,101.98,-1.4098648859776536e31,-8.830795430733542e29,-8.673829061357273e29
"2025-02-01 00:33:37.0000",4.51,102.25,-1.4098648859776536e31,-8.830795430733542e29,-8.673829061357273e29
"2025-02-01 01:03:29.0000",4.52,102.31,-1.4098648859776536e31,-8.830795430733542e29,-8.673829061357273e29
"2025-02-01 01:33:19.0000",4.64,102.4,-1.4098648859776536e31,-8.830795430733542e29,-8.673829061357273e29
"2025-02-01 02:32:59.0000",4.09,102.87,-1.4098648859776536e31,-8.830795430733542e29,-8.673829061357273e29
"2025-02-01 03:02:51.0000",3.79,103.06,-1.4098648859776536e31,-8.830795430733542e29,-8.673829061357273e29
"2025-02-01 03:32:41.0000",3.43,103.9,-1.4098648859776536e31,-8.830795430733542e29,-8.673829061357273e29
"2025-02-01 04:02:32.0000",3.25,104.03,-1.4098648859776536e31,-8.830795430733542e29,-8.673829061357273e29
"2025-02-01 04:32:22.0000",2.83,104.64,-1.4098648859776536e31,-8.830795430733542e29,-8.673829061357273e29
"2025-02-01 05:02:14.0000",2.36,105.06,-1.4098648859776536e31,-8.830795430733542e29,-8.673829061357273e29
"2025-02-01 05:32:04.0000",2.21,105.45,-1.4098648859776536e31,-8.830795430733542e29,-8.673829061357273e29
"2025-02-01 06:01:55.0000",2.11,105.88,-1.4098648859776536e31,-8.830795430733542e29,-8.673829061357273e29
"2025-02-01 06:31:47.0000",2.03,106.64,-1.4098648859776536e31,-8.830795430733542e29,-8.673829061357273e29
"2025-02-01 07:01:38.0000",1.87,107.29,-1.4098648859776536e31,-8.830795430733542e29,-8.673829061357273e29
"2025-02-01 07:31:28.0000",1.76,107.67,-1.4098648859776536e31,-8.830795430733542e29,-8.673829061357273e29
"2025-02-01 08:01:19.0000",1.76,107.8,-1.4098648859776536e31,-8.830795430733542e29,-8.673829061357273e29
"2025-02-01 08:31:10.0000",2.5,109.41,-1.4098648859776536e31,-8.830795430733542e29,-8.673829061357273e29
"2025-02-01 09:01:06.0000",4.8,106.01,-1.4098648859776536e31,-8.830795430733542e29,-8.673829061357273e29
"2025-02-01 09:31:01.0000",6.63,101.53,-1.4098648859776536e31,-8.830795430733542e29,-8.673829061357273e29
"2025-02-01 10:00:54.0000",7.71,98.78,-1.4098648859776536e31,-8.830795430733542e29,-8.673829061357273e29
"2025-02-01 10:30:47.0000",8.43,98.56,30.337440490722656,20.344255687015327,22.598191182467218
"2025-02-01 11:00:39.0000",8.74,95.96,6.80838680267334,6.381125220911636,13.175957369048374
"2025-02-01 11:30:30.0000",8.6,94.83,4.144595623016357,4.795775880067638,12.035898689616012
"2025-02-01 12:00:23.0000",9.04,92.56,3.5571610927581787,4.379707106899912,10.92453570858832
"2025-02-01 12:30:14.0000",8.65,87.36,5.3242621421813965,5.586746531891445,12.117738555732155
"2025-02-01 13:00:05.0000",8.04,83.93,7.078202724456787,6.659985727683349,12.795654414232311
"2025-02-01 13:29:55.0000",7.29,84.47,6.463893890380859,6.187614940047959,12.881586167827027
"2025-02-01 13:59:47.0000",7.73,83.24,6.120895862579346,5.981226649815795,12.046827475837803
"2025-02-01 14:59:27.0000",6.86,83.7,-1.4098648859776536e31,-8.830795430733542e29,-8.673829061357273e29
"2025-02-01 15:29:18.0000",6.55,84.79,4.529385566711426,4.736773921772361,10.099073386765738
"2025-02-01 15:59:09.0000",5.77,85.07,47.227149963378906,29.73795501584801,27.498095396891706
"2025-02-01 16:28:58.0000",4.91,86.66,5.055753707885742,4.926458200280881,10.910841770073025
"2025-02-01 16:58:47.0000",4.39,88.09,-1.4098648859776536e31,-8.830795430733542e29,-8.673829061357273e29
"2025-02-01 17:28:37.0000",4.17,88.94,29.12353515625,19.24715351090787,19.942546646536666
"2025-02-01 17:58:27.0000",3.79,89.63,5.337106227874756,4.909551383336005,9.343335014242756
"2025-02-01 18:28:18.0000",3.74,90.49,36.28730392456055,23.91439102826971,23.182803725721836
"2025-02-01 18:58:09.0000",3.84,91.25,49.013187408447266,31.677629484874416,27.96982647844414
"2025-02-01 19:28:00.0000",3.92,91.69,43.77132797241211,28.279361176127434,25.320491285273867
"2025-02-01 19:57:50.0000",3.92,92.03,-1.4098648859776536e31,-8.830795430733542e29,-8.673829061357273e29
"2025-02-01 20:27:42.0000",3.85,92.1,89.21688842773438,55.97298362539324,44.224629651885685
"2025-02-01 20:57:33.0000",3.73,92.34,88.682373046875,55.66812858798528,44.111007000023534
"2025-02-01 21:57:16.0000",3.42,93.09,89.51580047607422,56.552586183386,44.31130470871087
"2025-02-01 22:27:06.0000",3.43,93.77,-1.4098648859776536e31,-8.830795430733542e29,-8.673829061357273e29
"2025-02-01 22:56:57.0000",3.56,94.27,94.35447692871094,60.373353937367405,47.23890333651551
"2025-02-01 23:26:49.0000",3.91,94.37,3.7361059188842773,3.6163011769293454,8.015334105714645
"2025-02-01 23:56:40.0000",4.05,94.54,92.680419921875,58.971369527652314,46.474113288202645
"2025-02-02 00:26:32.0000",4.14,94.7,91.26441192626953,58.081463302478134,45.659886150959345
"2025-02-02 00:56:24.0000",4.25,95.27,6.452202796936035,5.571913800451173,9.558693434179016
"2025-02-02 01:26:15.0000",4.48,96.77,-1.4098648859776536e31,-8.830795430733542e29,-8.673829061357273e29
"2025-02-02 01:56:07.0000",4.65,97.23,4.81823205947876,4.294572969316755,8.50504662284031
"2025-02-02 02:25:59.0000",4.82,96.73,4.394251346588135,4.041118863067503,8.20261798160957
"2025-02-02 02:55:50.0000",4.68,96.52,89.1802749633789,56.76574781299775,44.648802356727195
"2025-02-02 03:25:41.0000",4.57,96.89,-1.4098648859776536e31,-8.830795430733542e29,-8.673829061357273e29
"2025-02-02 03:55:32.0000",4.52,96.83,4.481532573699951,4.126954832078734,8.38591750210263
"2025-02-02 04:25:22.0000",4.22,96.66,4.2932915687561035,4.056084769378507,8.42467894878811
"2025-02-02 04:55:13.0000",4.02,96.81,-1.4098648859776536e31,-8.830795430733542e29,-8.673829061357273e29
"2025-02-02 05:25:04.0000",4.01,97.17,-1.4098648859776536e31,-8.830795430733542e29,-8.673829061357273e29
"2025-02-02 06:24:45.0000",3.7,96.71,67.32241821289062,43.06456524193271,34.702308571525016
"2025-02-02 06:54:34.0000",3.41,97.01,-1.4098648859776536e31,-8.830795430733542e29,-8.673829061357273e29
"2025-02-02 07:24:25.0000",3.16,97.47,4.577260971069336,4.048214215110422,7.550355057059291
"2025-02-02 07:54:15.0000",3.08,97.77,4.073326587677002,3.655320896010502,8.072261145216396
"2025-02-02 08:24:06.0000",3.23,98.61,3.733377695083618,3.4738130978109605,7.477999283645237
"2025-02-02 08:54:00.0000",4.89,96.25,5.504434585571289,4.637403051046854,8.239192831273023
"2025-02-02 09:23:53.0000",5.95,94.61,81.33430480957031,50.97387026386124,40.716830340428984
"2025-02-02 09:53:45.0000",7,93.49,2.541229248046875,3.0349212098421283,8.14112600558773
"2025-02-02 10:23:38.0000",7.3,90.05,-1.4098648859776536e31,-8.830795430733542e29,-8.673829061357273e29
"2025-02-02 10:53:32.0000",9.42,89.04,5.8223876953125,5.24172649186956,10.698093642039527
"2025-02-02 11:23:21.0000",7.47,84.39,-1.4098648859776536e31,-8.830795430733542e29,-8.673829061357273e29
"2025-02-02 11:53:11.0000",6.89,86.17,104.82157135009766,64.86639909920655,53.454655018758885
"2025-02-02 12:23:01.0000",6.58,87.41,10.68320369720459,8.014788681250407,11.788066558738793
"2025-02-02 12:52:53.0000",7.89,87.81,2.360133171081543,3.0627840617562074,8.423478593700914
"2025-02-02 13:22:46.0000",8.19,86.59,-1.4098648859776536e31,-8.830795430733542e29,-8.673829061357273e29
"2025-02-02 13:52:36.0000",7.7,86.06,-1.4098648859776536e31,-8.830795430733542e29,-8.673829061357273e29
"2025-02-02 14:22:27.0000",7.21,86.53,2.802886486053467,3.4570974752970764,8.672261812970625
"2025-02-02 14:52:16.0000",6,87.59,3.4855377674102783,3.6801004411401266,9.296709243859528
"2025-02-02 15:22:05.0000",5.57,89.26,-1.4098648859776536e31,-8.830795430733542e29,-8.673829061357273e29
"2025-02-02 15:51:57.0000",5.67,90.13,-1.4098648859776536e31,-8.830795430733542e29,-8.673829061357273e29
"2025-02-02 16:21:48.0000",5.55,91.2,3.4315598011016846,3.3960965656036555,8.326681403400523
"2025-02-02 16:51:38.0000",5.31,92.35,4.37867546081543,4.077673350893577,7.965057759337345
"2025-02-02 17:21:29.0000",5.02,93.37,6.86298131942749,5.7087257506377185,9.469153322492978
"2025-02-02 17:51:21.0000",5,94.46,-1.4098648859776536e31,-8.830795430733542e29,-8.673829061357273e29
"2025-02-02 18:21:12.0000",5.06,95.36,-1.4098648859776536e31,-8.830795430733542e29,-8.673829061357273e29
"2025-02-02 18:51:03.0000",5.23,96.34,-1.4098648859776536e31,-8.830795430733542e29,-8.673829061357273e29
"2025-02-02 19:20:55.0000",5.45,97.29,-1.4098648859776536e31,-8.830795430733542e29,-8.673829061357273e29
"2025-02-02 19:50:47.0000",5.6,97.67,-1.4098648859776536e31,-8.830795430733542e29,-8.673829061357273e29
"2025-02-02 20:20:38.0000",5.5,97.93,-1.4098648859776536e31,-8.830795430733542e29,-8.673829061357273e29
"2025-02-02 20:50:28.0000",5.17,99.03,-1.4098648859776536e31,-8.830795430733542e29,-8.673829061357273e29
"2025-02-02 21:20:19.0000",4.75,99.31,-1.4098648859776536e31,-8.830795430733542e29,-8.673829061357273e29
"2025-02-02 21:50:09.0000",4.51,100.15,-1.4098648859776536e31,-8.830795430733542e29,-8.673829061357273e29
"2025-02-02 22:20:00.0000",4.32,100.41,-1.4098648859776536e31,-8.830795430733542e29,-8.673829061357273e29
"2025-02-02 22:49:51.0000",4.46,100.69,-1.4098648859776536e31,-8.830795430733542e29,-8.673829061357273e29
"2025-02-02 23:19:44.0000",4.75,100.47,-1.4098648859776536e31,-8.830795430733542e29,-8.673829061357273e29
"2025-02-02 23:49:35.0000",4.82,100.38,-1.4098648859776536e31,-8.830795430733542e29,-8.673829061357273e29
"2025-02-03 00:19:26.0000",4.69,100.49,-1.4098648859776536e31,-8.830795430733542e29,-8.673829061357273e29
"2025-02-03 01:19:08.0000",4.91,100.7,-1.4098648859776536e31,-8.830795430733542e29,-8.673829061357273e29
"2025-02-03 01:49:00.0000",4.97,100.81,-1.4098648859776536e31,-8.830795430733542e29,-8.673829061357273e29
"2025-02-03 02:18:51.0000",5.07,101.05,-1.4098648859776536e31,-8.830795430733542e29,-8.673829061357273e29
"2025-02-03 02:48:42.0000",4.92,101.7,-1.4098648859776536e31,-8.830795430733542e29,-8.673829061357273e29
"2025-02-03 03:18:34.0000",5.08,102.01,-1.4098648859776536e31,-8.830795430733542e29,-8.673829061357273e29
"2025-02-03 03:48:24.0000",4.66,102.52,-1.4098648859776536e31,-8.830795430733542e29,-8.673829061357273e29
"2025-02-03 04:18:13.0000",4,104.34,-1.4098648859776536e31,-8.830795430733542e29,-8.673829061357273e29
"2025-02-03 04:48:04.0000",3.82,105.14,-1.4098648859776536e31,-8.830795430733542e29,-8.673829061357273e29
"2025-02-03 05:17:56.0000",3.79,105.7,-1.4098648859776536e31,-8.830795430733542e29,-8.673829061357273e29
"2025-02-03 05:47:47.0000",3.68,106.09,-1.4098648859776536e31,-8.830795430733542e29,-8.673829061357273e29
"2025-02-03 06:17:39.0000",3.59,106.4,-1.4098648859776536e31,-8.830795430733542e29,-8.673829061357273e29
"2025-02-03 06:47:29.0000",3.43,106.71,-1.4098648859776536e31,-8.830795430733542e29,-8.673829061357273e29
"2025-02-03 07:17:19.0000",3.3,107.31,-1.4098648859776536e31,-8.830795430733542e29,-8.673829061357273e29
"2025-02-03 07:47:11.0000",3.43,107.92,-1.4098648859776536e31,-8.830795430733542e29,-8.673829061357273e29
"2025-02-03 08:17:03.0000",4.33,110.25,-1.4098648859776536e31,-8.830795430733542e29,-8.673829061357273e29
"2025-02-03 08:46:58.0000",6.49,106.45,-1.4098648859776536e31,-8.830795430733542e29,-8.673829061357273e29
"2025-02-03 09:16:52.0000",7.73,103.54,-1.4098648859776536e31,-8.830795430733542e29,-8.673829061357273e29
"2025-02-03 10:16:36.0000",10.51,99.28,1.3934807777404785,1.9391360877690647,6.340861726256139
"2025-02-03 11:16:22.0000",11.53,98.06,-1.4098648859776536e31,-8.830795430733542e29,-8.673829061357273e29
"2025-02-03 11:46:15.0000",11.44,92.99,0.8372994065284729,2.5267658411207807,8.801725925622243
"2025-02-03 12:16:01.0000",9.53,89.95,0.8246882557868958,2.383441513737591,8.394033654134663
"2025-02-03 12:45:53.0000",9.65,89.17,0.8834458589553833,2.2636883912845893,7.895763430114371
"2025-02-03 13:15:44.0000",9.88,89.84,1.1479374170303345,2.5242670987261286,8.590349286982383
"2025-02-03 13:45:38.0000",11.24,87.34,1.1797235012054443,2.781171585176452,10.89464313555693
"2025-02-03 14:15:31.0000",11.43,80.56,1.3213837146759033,3.1920503902268016,11.625700144347697
"2025-02-03 14:45:21.0000",11.11,80.66,1.3747285604476929,3.0703767351041003,10.999483026951802
"2025-02-03 15:15:11.0000",10.83,80.78,1.6593977212905884,3.240564335384716,11.27949869980982
"2025-02-03 15:45:02.0000",10.07,81.03,1.47836172580719,3.071015452925667,10.105572635615394
"2025-02-03 16:14:51.0000",9.15,82.6,86.38048553466797,52.002659218114665,43.35124566962347
"2025-02-03 16:44:42.0000",8.48,84.99,2.4218461513519287,3.257801611274997,9.349604707302845
"2025-02-03 17:14:32.0000",8.34,86.32,-1.4098648859776536e31,-8.830795430733542e29,-8.673829061357273e29
"2025-02-03 17:44:24.0000",7.98,87.46,7.490355968475342,6.147304625827494,10.689129384402042
"2025-02-03 18:14:15.0000",7.87,88.54,-1.4098648859776536e31,-8.830795430733542e29,-8.673829061357273e29
"2025-02-03 18:44:06.0000",7.88,89.05,5.485318660736084,4.919457707442083,10.565573262146067
"2025-02-03 19:13:57.0000",7.49,89.38,28.13516616821289,18.62209691857855,20.42822611508091
"2025-02-03 19:43:47.0000",7.34,89.95,49.18061447143555,31.46338538612204,28.603584823948086
"2025-02-03 20:13:37.0000",7.37,90.45,73.62271881103516,46.39491703611024,38.59965276738657
"2025-02-03 20:43:29.0000",7.74,91.09,29.769163131713867,19.78170000053543,20.67552480496129
"2025-02-03 21:43:13.0000",7.85,91.95,-1.4098648859776536e31,-8.830795430733542e29,-8.673829061357273e29
"2025-02-03 22:13:04.0000",7.92,91.77,5.59979248046875,5.228741091638997,11.013779070508566
"2025-02-03 22:42:56.0000",7.76,92.18,41.05979919433594,26.633885165143187,26.46990647119606
"2025-02-03 23:12:48.0000",7.92,92.5,17.404314041137695,12.412189464027202,16.603060868707477
"2025-02-03 23:42:39.0000",7.75,92.35,17.615798950195312,12.53900922867514,15.94640758964666
"2025-02-04 00:42:20.0000",7.4,93.29,1.7966378927230835,2.535526417663048,8.868760991816801
"2025-02-04 01:12:11.0000",7.34,93.8,1.9274498224258423,2.6698047734810677,8.53658693761175
"2025-02-04 01:42:03.0000",7.73,95.15,1.3144527673721313,2.141109517162301,8.043195372424654
"2025-02-04 02:11:54.0000",7.77,95.16,-1.4098648859776536e31,-8.830795430733542e29,-8.673829061357273e29
"2025-02-04 02:41:46.0000",8.05,95.6,1.0429338216781616,1.8301654935788416,6.583277649189135
"2025-02-04 03:11:37.0000",8.28,95.18,53.27256393432617,33.819798628917276,28.799069591270882
"2025-02-04 03:41:30.0000",8.5,93.67,-1.4098648859776536e31,-8.830795430733542e29,-8.673829061357273e29
"2025-02-04 04:11:21.0000",8.55,92.39,3.794018030166626,3.7421220098147048,8.812227776625237
"2025-02-04 04:41:12.0000",8.63,91.35,3.236492395401001,3.478604117458675,8.60647480934042
"2025-02-04 05:11:04.0000",8.61,90.74,6.178967475891113,5.282868131498898,10.13981874833161
"2025-02-04 05:40:56.0000",8.41,90.83,7.436781406402588,6.355707824550206,10.484796375856412
"2025-02-04 06:10:47.0000",8.51,90.99,3.665085792541504,3.887942667133089,9.758034827468766
"2025-02-04 06:40:38.0000",8.56,90.67,-1.4098648859776536e31,-8.830795430733542e29,-8.673829061357273e29
"2025-02-04 07:10:29.0000",8.53,90.21,5.748886585235596,5.475141088569858,11.432813022842238
"2025-02-04 07:40:20.0000",8.47,90.27,4.114716529846191,4.526716471439927,10.341615517414356
"2025-02-04 08:10:12.0000",8.53,90.45,2.047907590866089,3.1911486157515894,9.474214724760081
"2025-02-04 08:40:05.0000",10.45,88.85,-1.4098648859776536e31,-8.830795430733542e29,-8.673829061357273e29
"2025-02-04 09:09:56.0000",9.54,85.55,20.880464553833008,14.147844012854137,16.696688273881932
"2025-02-04 09:39:46.0000",9.01,87.94,-1.4098648859776536e31,-8.830795430733542e29,-8.673829061357273e29
"2025-02-04 10:09:36.0000",8.96,89.54,86.5323257446289,53.685928932562085,43.62938921556996
"2025-02-04 10:39:27.0000",8.93,90.94,86.02816772460938,53.588025010103074,42.73924707399032
"2025-02-04 11:09:17.0000",8.32,94.15,0.9259467124938965,1.6192020326735401,6.229525443809356
"2025-02-04 11:39:08.0000",8.11,97.96,-1.4098648859776536e31,-8.830795430733542e29,-8.673829061357273e29
"2025-02-04 12:09:00.0000",8.73,98.36,-1.4098648859776536e31,-8.830795430733542e29,-8.673829061357273e29
"2025-02-04 12:38:52.0000",9.13,98,0.6313417553901672,1.336732438360562,5.743322856102733
"2025-02-04 13:08:40.0000",6.79,99.34,-1.4098648859776536e31,-8.830795430733542e29,-8.673829061357273e29
"2025-02-04 13:38:30.0000",7,99.97,-1.4098648859776536e31,-8.830795430733542e29,-8.673829061357273e29
"2025-02-04 14:08:23.0000",8.14,99.95,-1.4098648859776536e31,-8.830795430733542e29,-8.673829061357273e29
"2025-02-04 14:38:14.0000",8.39,99.31,-1.4098648859776536e31,-8.830795430733542e29,-8.673829061357273e29
"2025-02-04 15:08:06.0000",8.81,97.49,1.0248676538467407,1.892296208744369,7.195309056754867
"2025-02-04 15:37:58.0000",9.23,91.17,1.3271526098251343,2.548970576111409,8.765240368785376
"2025-02-04 16:07:48.0000",9.15,88.84,3.0885274410247803,4.140732143047333,11.646909747341171
"2025-02-04 16:37:38.0000",8.24,88.92,3.557917833328247,4.444579296617373,12.354902107285609
"2025-02-04 17:07:27.0000",7.8,88.27,4.67701530456543,5.64311681014132,14.676460826004678
"2025-02-04 17:37:17.0000",7.28,88.41,9.54019832611084,8.606876225020484,17.414786368556033
"2025-02-04 18:07:08.0000",6.97,88.61,-1.4098648859776536e31,-8.830795430733542e29,-8.673829061357273e29
"2025-02-04 18:36:58.0000",6.62,89.24,33.3338737487793,22.397771731741557,24.329708159536427
"2025-02-04 19:06:48.0000",6.45,89.43,3.5713510513305664,4.542496447835163,12.497908181247796
"2025-02-04 19:36:39.0000",6.4,89.33,41.932090759277344,27.06268019738441,26.599863927996996
"2025-02-04 20:06:30.0000",6.28,88.84,2.4549880027770996,3.2904422405629057,9.233142778607741
"2025-02-04 20:36:22.0000",6.29,87.63,5.362997531890869,5.103116426373957,10.761667838244302
"2025-02-04 21:06:12.0000",6,86.22,1.203082799911499,2.542948119628965,8.884386612598174
"2025-02-04 21:36:03.0000",5.75,86.29,87.23252868652344,53.30740641480582,43.981893514798045
"2025-02-04 22:05:53.0000",5.36,86.62,3.1169471740722656,3.5614418417871754,9.5736101814866
"2025-02-04 22:35:44.0000",5.03,87.3,1.1664153337478638,2.3302428818029095,8.372823822433583
"2025-02-04 23:05:35.0000",4.66,87.9,3.071286678314209,3.432178696413097,8.975728297213069
"2025-02-04 23:35:26.0000",4.36,88.42,49.7685546875,32.101614528324646,28.979317718915
"2025-02-05 00:35:07.0000",3.84,89.4,1.2822538614273071,2.2155383882438526,7.389701449929687
"2025-02-05 01:04:58.0000",3.93,89.56,1.866335153579712,2.5953371543645885,9.169722550379143
"2025-02-05 01:34:50.0000",4.02,89.46,5.06450080871582,4.6265251435385375,9.324817418911758
"2025-02-05 02:04:41.0000",3.79,89.61,25.205657958984375,18.27505733303633,21.540004685807727
"2025-02-05 02:34:33.0000",3.72,89.9,11.808181762695312,9.377509303928624,13.303453412042224
"2025-02-05 03:04:24.0000",3.57,90.42,12.43984317779541,9.747089451607044,13.736004020348613
"2025-02-05 03:34:16.0000",3.72,90.4,1.4745221138000488,2.4427445518255086,7.755438996318544
"2025-02-05 04:04:07.0000",3.73,90.49,2.4726459980010986,2.939654087238631,8.547818902837244
"2025-02-05 04:33:59.0000",3.72,90.6,2.6715216636657715,3.2014037696839543,9.540257801082255
"2025-02-05 05:03:49.0000",3,90.61,57.78836441040039,36.66258528900721,30.981264627030463
"2025-02-05 05:33:40.0000",2.66,91.73,1.8918321132659912,2.6846364470196495,8.156875307737128
"2025-02-05 06:03:34.0000",3.62,92.03,90.92900085449219,57.8125065706685,45.21381373900626
"2025-02-05 06:33:27.0000",4.37,91.36,-1.4098648859776536e31,-8.830795430733542e29,-8.673829061357273e29
"2025-02-05 07:03:18.0000",4.11,91.2,53.955604553222656,34.39354601687867,30.143629808032987
"2025-02-05 07:33:08.0000",3.73,91.17,1.707747459411621,2.647325999440511,8.548114156354051
"2025-02-05 08:02:59.0000",3.73,91.39,3.696401834487915,3.869036411936352,9.264203040397739
"2025-02-05 08:32:51.0000",4.37,90.66,-1.4098648859776536e31,-8.830795430733542e29,-8.673829061357273e29
"2025-02-05 09:02:43.0000",5.97,91.32,14.55366039276123,10.53251685562875,14.248770907437521
"2025-02-05 09:32:39.0000",9.32,90.08,2.2713961601257324,3.1555315331348393,9.97589195305616
"2025-02-05 10:02:35.0000",11.11,88.31,2.467226028442383,3.4733942226862555,10.816655743555826
"2025-02-05 10:32:26.0000",9.53,85.6,2.088124990463257,3.497403656008255,10.652356826531822
"2025-02-05 11:02:13.0000",8.1,86.27,2.203815221786499,3.496985151431523,10.271058619773866
"2025-02-05 11:32:05.0000",8.33,84.27,59.76911926269531,36.715775151303056,34.36229209855796
"2025-02-05 12:01:55.0000",7.63,83.6,5.265802383422852,5.429200492161755,12.914271979984084
"2025-02-05 12:31:45.0000",7.86,83.65,2.2909207344055176,3.613502498587765,10.57763448996622
"2025-02-05 13:01:36.0000",7.44,82.97,2.8492836952209473,4.038325779507329,10.955990065443125
"2025-02-05 13:31:27.0000",7.49,83.92,3.251117706298828,4.203589618127658,12.089988509119932
"2025-02-05 14:01:20.0000",8.48,84.32,2.9569926261901855,4.113596507989042,11.77861473882349
"2025-02-05 14:31:11.0000",8.36,83.47,-1.4098648859776536e31,-8.830795430733542e29,-8.673829061357273e29
"2025-02-05 15:01:03.0000",8.17,83.11,3.3027546405792236,4.272949564479049,12.620977087997375
"2025-02-05 15:30:52.0000",7.64,83.39,2.791874885559082,4.124160370600228,12.46036778273088
"2025-02-05 16:00:44.0000",7.21,82.67,28.727184295654297,19.18052778342832,22.268873368105602
"2025-02-05 16:30:32.0000",6.11,83.64,2.7276623249053955,4.0452696916905735,11.68351465783015
"2025-02-05 17:00:22.0000",5.3,84.65,3.2872040271759033,4.122560690548444,12.022118491391673
"2025-02-05 17:30:12.0000",4.79,86.42,49.89082336425781,33.97910290484401,33.39035068023276
"2025-02-05 18:00:02.0000",4.4,87.47,13.30189037322998,10.128759573324047,15.738776687217392
"2025-02-05 18:29:53.0000",4.3,88.93,89.44383239746094,56.718262060721536,46.42667669900276
"2025-02-05 18:59:44.0000",4.1,89.7,81.32440948486328,51.85281775446336,42.477206605694505
"2025-02-05 19:29:35.0000",3.96,90.41,91.09014129638672,58.15082461719792,48.328313017121616
"2025-02-05 19:59:26.0000",3.83,91.07,5.151440620422363,5.140262111697432,11.499220186633698
"2025-02-05 20:29:16.0000",3.33,91.77,3.377229928970337,3.8196747456599125,10.210245023067522
"2025-02-05 20:59:07.0000",2.98,92.07,88.36451721191406,56.18499629962092,45.17732959061503
"2025-02-05 21:28:57.0000",2.82,92.29,3.914252758026123,4.119397748266527,9.929978757771346
"2025-02-05 21:58:47.0000",2.65,92.65,3.3882651329040527,3.704418889735717,9.395812866630095
"2025-02-05 22:28:38.0000",2.62,93.03,4.910935401916504,4.8376266506404155,13.256128530355205
"2025-02-05 22:58:31.0000",2.59,92.78,4.408334255218506,4.363099382544863,10.119613190324939
"2025-02-05 23:28:19.0000",1.67,93.07,4.060314178466797,4.213055681004099,9.229121516993168
"2025-02-05 23:58:11.0000",2.18,93.41,4.5455756187438965,4.6786698964540285,10.482047167250618
"2025-02-06 00:57:53.0000",1.29,94.19,6.077803611755371,5.650176681403322,11.942774756757789
"2025-02-06 01:27:43.0000",0.92,94.39,4.957716464996338,5.029092132155159,10.810204782193031
"2025-02-06 01:57:34.0000",0.78,94.15,5.190796852111816,4.868046383944199,10.693910031179836
"2025-02-06 02:27:26.0000",0.76,94.48,6.141139030456543,5.688623713751559,10.397501519489737
"2025-02-06 02:57:15.0000",0.34,94.44,5.689470291137695,5.2573799205535465,10.969736858323937
"2025-02-06 03:27:06.0000",0.11,95.23,89.63336181640625,57.597542753027504,45.986374381416304
"2025-02-06 03:56:59.0000",0.62,95.71,4.751520156860352,4.7331014937000795,10.231224974373804
"2025-02-06 04:26:49.0000",-0.05,95.07,9.718042373657227,8.281672507099255,14.714816984253412
"2025-02-06 05:26:30.0000",-0.89,97.02,45.10350799560547,38.282023264359154,51.32613494612837
"2025-02-06 05:56:20.0000",-1.18,97.69,52.47060012817383,45.455492792196246,63.29832802694017
"2025-02-06 06:26:11.0000",-1.04,98.57,206.6226806640625,161.2717337647932,175.76094586789642
"2025-02-06 06:56:04.0000",-0.99,98.36,149.35813903808594,132.57282533920198,202.17999117251452
"2025-02-06 07:25:54.0000",-1.07,98.69,-1.4098648859776536e31,-8.830795430733542e29,-8.673829061357273e29
"2025-02-06 07:55:47.0000",-1.15,98.92,185.21343994140625,166.26957698200334,246.36890661829307
"2025-02-06 08:25:37.0000",-1.45,99.54,89.084228515625,74.16813758970298,114.40843159716022
"2025-02-06 08:55:27.0000",-1.47,99.49,-1.4098648859776536e31,-8.830795430733542e29,-8.673829061357273e29
"2025-02-06 09:25:21.0000",0.21,101.02,52.5821647644043,43.24313673290541,49.83484123808911
"2025-02-06 09:55:22.0000",4.61,94.96,-1.4098648859776536e31,-8.830795430733542e29,-8.673829061357273e29
"2025-02-06 10:25:16.0000",5.99,94.68,5.97529935836792,5.221503444944835,9.995402008211716
"2025-02-06 10:55:11.0000",7.52,91.92,4.808126449584961,4.463609504994049,8.962507837298281
"2025-02-06 11:25:02.0000",7.55,93.13,11.208600997924805,9.30125838949062,13.869608132929892
"2025-02-06 11:54:55.0000",8.41,93.23,4.751368522644043,4.592347275510957,9.965585874285646
"2025-02-06 12:24:46.0000",8.12,92.24,4.254526615142822,4.338057886425716,10.098742389393747
"2025-02-06 12:54:37.0000",8.31,91.25,-1.4098648859776536e31,-8.830795430733542e29,-8.673829061357273e29
"2025-02-06 13:24:27.0000",7.25,86.35,28.996566772460938,19.454003929573478,20.640862527634248
"2025-02-06 13:54:19.0000",7.54,86.16,3.6378915309906006,4.198366028042047,10.897519479238584
"2025-02-06 14:24:10.0000",7.12,81.2,-1.4098648859776536e31,-8.830795430733542e29,-8.673829061357273e29
"2025-02-06 14:54:03.0000",7.4,82.31,8.40984058380127,7.1876534686237274,13.661951292607899
"2025-02-06 15:23:52.0000",7.03,80.72,-1.4098648859776536e31,-8.830795430733542e29,-8.673829061357273e29
"2025-02-06 15:53:44.0000",7.22,78.69,15.305703163146973,11.059458739900808,15.41696981280005
"2025-02-06 16:23:34.0000",6.51,78.58,87.1268539428711,52.46887821357771,44.65103055831106
"2025-02-06 16:53:24.0000",6.14,78.79,87.9324951171875,52.92416562449474,44.69315280567629
"2025-02-06 17:23:14.0000",5.37,79.32,3.0025389194488525,4.047530051649863,11.184232763228213
"2025-02-06 17:53:04.0000",4.65,80.38,4.200764179229736,4.9303683513083545,11.727937992865693
"2025-02-06 18:22:53.0000",4,81.61,-1.4098648859776536e31,-8.830795430733542e29,-8.673829061357273e29
"2025-02-06 18:52:43.0000",3.31,82.1,5.006597518920898,5.394573579468753,12.116080340660966
"2025-02-06 19:22:33.0000",2.67,83.8,95.70963287353516,59.644710005650396,49.56273222927822
"2025-02-06 19:52:22.0000",2.15,84.94,8.44763469696045,7.42690034081253,12.89582098619394
"2025-02-06 20:22:13.0000",1.91,86.19,11.462119102478027,9.498893641399672,15.604041750449786
"2025-02-06 20:52:03.0000",1.37,86.82,19.382646560668945,14.356970768184814,19.324365908369412
"2025-02-06 21:21:51.0000",0.73,88.01,110.35223388671875,70.58249996976821,57.9260284140717
"2025-02-06 21:51:43.0000",1.1,88.58,123.78700256347656,81.24425349234407,67.437025398322
"2025-02-06 22:51:27.0000",1.18,90.73,-1.4098648859776536e31,-8.830795430733542e29,-8.673829061357273e29
"2025-02-06 23:21:18.0000",0.84,91.22,56.79960632324219,37.44569832062608,33.473814902259136
"2025-02-06 23:51:09.0000",0.6,91.99,98.47382354736328,63.38081312208409,51.21511216359637
"2025-02-07 00:21:01.0000",0.97,92.63,96.37007141113281,62.08353277826246,49.37807132921761
"2025-02-07 00:50:51.0000",0.94,92.88,93.81047058105469,60.2041530292563,47.60326579969129
"2025-02-07 01:20:42.0000",1.02,93.51,103.85203552246094,67.68845346115872,53.71342234814665
"2025-02-07 01:50:32.0000",0.62,93.47,94.66751098632812,60.85898082640407,49.38898666727908
"2025-02-07 02:20:22.0000",0.34,94.3,95.37005615234375,61.610074785241466,49.560602883029745
"2025-02-07 02:50:14.0000",0.6,95.13,-1.4098648859776536e31,-8.830795430733542e29,-8.673829061357273e29
"2025-02-07 03:20:05.0000",0.39,95.66,89.76006317138672,57.94326968151344,46.05921632756522
"2025-02-07 03:49:54.0000",0.35,96.3,3.851330518722534,3.9103885330522936,8.814982222545225
"2025-02-07 04:19:46.0000",0.79,96.62,-1.4098648859776536e31,-8.830795430733542e29,-8.673829061357273e29
"2025-02-07 04:49:39.0000",1.36,95.68,2.6044704914093018,3.031301944970988,8.665864231019928
"2025-02-07 05:19:30.0000",1.38,95.2,3.7050933837890625,3.807230082908018,9.166151271138316
"2025-02-07 05:49:21.0000",1.43,95.25,36.77902603149414,24.592801157092165,23.57250922397999
"2025-02-07 06:19:12.0000",1.56,95.66,3.2398524284362793,3.6556677997148306,9.001457030289544
"2025-02-07 06:49:04.0000",1.72,94.78,88.9729232788086,56.97928561823174,45.565983828057085
"2025-02-07 07:18:56.0000",1.86,94.74,33.72056579589844,22.56818010011846,22.366711602466015
"2025-02-07 07:48:47.0000",2.17,94.41,89.85399627685547,57.446495859033874,45.64067541912464
"2025-02-07 08:18:40.0000",2.58,93.69,4.068541526794434,4.125917565708543,10.306370941523536
"2025-02-07 08:48:32.0000",2.79,93.1,2.6429355144500732,3.3449599354113824,9.151972486760235
"2025-02-07 09:18:22.0000",2.95,92.88,47.140438079833984,30.689484310060756,27.747148317388856
"2025-02-07 09:48:15.0000",4.1,92.7,-1.4098648859776536e31,-8.830795430733542e29,-8.673829061357273e29
"2025-02-07 10:18:07.0000",4.37,91.65,-1.4098648859776536e31,-8.830795430733542e29,-8.673829061357273e29
"2025-02-07 10:47:58.0000",4.67,89.72,87.41902160644531,54.578682223348615,43.854731545956554
"2025-02-07 11:17:50.0000",4.98,83.58,2.5120601654052734,3.4428414220661403,9.812284129690156
"2025-02-07 11:47:42.0000",4.82,78.1,87.3752212524414,52.65407464218983,44.760685969650815
"2025-02-07 12:47:23.0000",4.56,78.62,88.58853912353516,53.44963126285851,45.189604297181795
"2025-02-07 13:17:16.0000",4.62,77.34,2.9297823905944824,4.152244761442707,11.96585278323641
"2025-02-07 13:47:07.0000",4.64,76.94,3.1133766174316406,4.278429171720541,11.685915481758924
"2025-02-07 14:16:59.0000",4.73,73.77,3.0947163105010986,4.358774029768649,12.203275910550804
"2025-02-07 14:46:50.0000",4.66,74.22,3.2045681476593018,4.415705825279455,11.983892606843618
"2025-02-07 15:16:41.0000",4.41,72.73,2.972424030303955,4.398569020970897,11.949278901954452
"2025-02-07 15:46:32.0000",4.33,72.79,2.924299478530884,4.39681468552697,12.553148611957095
"2025-02-07 16:16:24.0000",4.1,73.76,3.3667263984680176,4.739529860148817,12.678684271989301
"2025-02-07 16:46:14.0000",3.79,72.47,3.3720197677612305,4.761172781297466,12.467122036455564
"2025-02-07 17:16:05.0000",3.7,74.15,-1.4098648859776536e31,-8.830795430733542e29,-8.673829061357273e29
"2025-02-07 17:45:57.0000",3.63,74.8,3.289837598800659,4.636057428383476,12.72764907300737
"2025-02-07 18:15:48.0000",3.52,75.76,3.490370273590088,4.7929404655861605,12.368617366274789
"2025-02-07 18:45:39.0000",3.46,76.68,3.265669822692871,4.5634706391988376,12.279340181072692
"2025-02-07 19:15:31.0000",3.4,76.35,3.061295509338379,4.395556449159764,12.322499066865765
"2025-02-07 19:45:23.0000",3.37,74.94,2.9658358097076416,4.34499980754685,11.67560824684123
"2025-02-07 20:15:13.0000",3.21,75.91,3.1417784690856934,4.38381154177058,12.078676600603128
"2025-02-07 20:45:03.0000",3.08,77.98,-1.4098648859776536e31,-8.830795430733542e29,-8.673829061357273e29
"2025-02-07 21:14:54.0000",2.97,79.34,3.9394946098327637,4.777785603956076,12.112218049776983
"2025-02-07 22:14:36.0000",2.4,84.7,30.714839935302734,20.90368829924931,22.711114235175682
"2025-02-07 22:44:28.0000",2.74,84.24,68.37174224853516,43.24623433470892,38.38093772163908
"2025-02-07 23:14:20.0000",2.72,84.33,73.17302703857422,46.0413557268199,40.51680467062605
"2025-02-07 23:44:10.0000",2.57,84.96,-1.4098648859776536e31,-8.830795430733542e29,-8.673829061357273e29
"2025-02-08 00:14:01.0000",2.25,85.19,69.3567886352539,44.291479205987706,38.737774785402785
"2025-02-08 00:43:50.0000",1.42,89.22,5.430033206939697,5.546601480656997,12.626992561624352
"2025-02-08 01:13:42.0000",1.26,91.67,-1.4098648859776536e31,-8.830795430733542e29,-8.673829061357273e29
"2025-02-08 01:43:32.0000",1.17,92.13,81.69136810302734,52.13500368019631,42.91921492127627
"2025-02-08 02:13:24.0000",1.34,92.84,67.32959747314453,43.30733130710743,36.20821863432476
"2025-02-08 03:13:05.0000",1.37,92.12,5.472606658935547,5.029050620405118,10.111523771910926
"2025-02-08 03:42:56.0000",1.2,91.95,7.969214916229248,6.785265826188268,12.211914030222276
"2025-02-08 04:12:46.0000",1.12,92.28,-1.4098648859776536e31,-8.830795430733542e29,-8.673829061357273e29
"2025-02-08 04:42:37.0000",1.19,92.43,97.07532501220703,62.50239206799559,49.49899038413859
"2025-02-08 05:12:28.0000",1.13,92.49,96.31829071044922,61.89056300330746,49.326350846647166
"2025-02-08 05:42:19.0000",1.14,92.8,57.86701583862305,37.926905625524014,32.907696179567544
"2025-02-08 06:12:10.0000",1.13,92.58,94.65069580078125,60.66058244621278,48.372559222289915
"2025-02-08 06:42:02.0000",1.27,92.56,95.49801635742188,61.32542460152559,48.681473792957874
"2025-02-08 07:11:53.0000",1.27,92.47,96.05675506591797,61.6514156537309,48.60377805375945
"2025-02-08 07:41:44.0000",1.29,92.59,-1.4098648859776536e31,-8.830795430733542e29,-8.673829061357273e29
"2025-02-08 08:11:35.0000",1.24,92.66,94.82879638671875,60.833929742779816,48.10091987126868
"2025-02-08 08:41:26.0000",1.28,93.09,99.75422668457031,64.70122529024037,51.66832323302414
"2025-02-08 09:11:17.0000",1.57,93.31,-1.4098648859776536e31,-8.830795430733542e29,-8.673829061357273e29
"2025-02-08 10:11:02.0000",2.17,93.69,-1.4098648859776536e31,-8.830795430733542e29,-8.673829061357273e29
"2025-02-08 10:40:55.0000",2.54,93.76,51.17684555053711,34.105096381991075,30.63834937025727
"2025-02-08 11:10:47.0000",2.7,93.63,63.052494049072266,41.795169299260884,36.3289248925144
"2025-02-08 11:40:39.0000",2.94,93.63,96.95211029052734,62.748016792143105,50.80201034401028
"2025-02-08 12:10:30.0000",3.06,93.6,95.3853988647461,61.54808177114805,49.783845884438165
"2025-02-08 12:40:22.0000",3.09,93.21,100.09076690673828,64.91842681215334,52.45107344928061
"2025-02-08 13:10:13.0000",3.18,93.22,88.2767562866211,57.25800257183713,46.92908784715122
"2025-02-08 13:40:04.0000",3.29,92.97,-1.4098648859776536e31,-8.830795430733542e29,-8.673829061357273e29
"2025-02-08 14:09:55.0000",3.32,92.99,97.54478454589844,63.391946297240125,51.761099547578944
"2025-02-08 14:39:46.0000",3.5,92.91,109.20270538330078,71.32189616106022,57.848056222947676
"2025-02-08 15:09:37.0000",3.51,92.8,106.13760375976562,69.0852308784244,56.152239667048555
"2025-02-08 15:39:29.0000",3.53,92.91,105.15937805175781,68.36965835580209,55.699886949404586
"2025-02-08 16:09:21.0000",3.45,92.95,107.08026885986328,70.14455152527852,57.92671743815408
"2025-02-08 16:39:13.0000",3.47,93.06,109.13170623779297,71.60097450678832,58.908917999590685
"2025-02-08 17:09:04.0000",3.49,93.13,109.443115234375,71.61069612575162,58.602809003136144
"2025-02-08 17:38:55.0000",3.42,93.16,66.38832092285156,44.3556413687523,39.67583828901384
"2025-02-08 18:08:46.0000",3.31,93.47,-1.4098648859776536e31,-8.830795430733542e29,-8.673829061357273e29
"2025-02-08 18:38:38.0000",2.9,94.11,-1.4098648859776536e31,-8.830795430733542e29,-8.673829061357273e29
"2025-02-08 19:08:27.0000",2.5,95.54,105.41848754882812,69.40482263720438,57.32870382225447
"2025-02-08 19:38:19.0000",2.48,96.06,100.30677032470703,66.20862008050007,55.24383583760109
"2025-02-08 20:08:09.0000",2.51,96.17,113.7585678100586,75.37466315003998,61.066950529235974
"2025-02-08 20:38:00.0000",2.63,96.24,23.03706169128418,17.847657211861446,21.798357753027
"2025-02-08 21:07:52.0000",2.5,96.46,-1.4098648859776536e31,-8.830795430733542e29,-8.673829061357273e29
"2025-02-08 21:37:43.0000",2.53,96.61,21.657514572143555,16.860400525777624,20.73302553912316
"2025-02-08 22:07:34.0000",2.62,96.7,21.592267990112305,17.059284199034295,20.366472920487876
"2025-02-08 22:37:25.0000",2.78,96.68,108.53560638427734,72.0837309278805,57.89430668713833
"2025-02-08 23:07:17.0000",2.83,96.76,-1.4098648859776536e31,-8.830795430733542e29,-8.673829061357273e29
"2025-02-08 23:37:09.0000",2.95,96.82,19.617782592773438,15.33879435841368,19.863045596839036
"2025-02-09 00:07:00.0000",2.87,96.93,108.77937316894531,72.36686983396586,58.28578244767193
"2025-02-09 00:36:50.0000",2.75,97.48,21.57735824584961,16.73452535176146,20.418414739952716
"2025-02-09 01:06:41.0000",2.81,97.75,21.017681121826172,16.390414389155207,20.493396032077936
"2025-02-09 01:36:32.0000",2.71,97.89,20.955453872680664,16.23894777929202,20.1189897489274
"2025-02-09 02:36:14.0000",2.79,98.4,19.771318435668945,15.520372943229935,19.080225544148693
"2025-02-09 03:06:05.0000",2.83,98.48,20.255531311035156,16.011387236677653,19.034983613451157
"2025-02-09 03:35:57.0000",2.85,98.94,-1.4098648859776536e31,-8.830795430733542e29,-8.673829061357273e29
"2025-02-09 04:05:48.0000",2.86,99.73,-1.4098648859776536e31,-8.830795430733542e29,-8.673829061357273e29
"2025-02-09 04:35:39.0000",2.87,100.86,23.52997589111328,18.71036050364815,22.78220822754984
"2025-02-09 05:05:30.0000",2.88,101.8,-1.4098648859776536e31,-8.830795430733542e29,-8.673829061357273e29
"2025-02-09 06:05:12.0000",3.02,102.78,9.710272789001465,7.821445992213351,11.162519787362868
"2025-02-09 06:35:03.0000",3.24,102.39,8.700284957885742,7.1315450333351125,10.700114793450236
"2025-02-09 07:04:55.0000",3.49,102.09,10.273059844970703,8.287556494787895,11.59700111009639
"2025-02-09 07:34:47.0000",3.77,102.48,-1.4098648859776536e31,-8.830795430733542e29,-8.673829061357273e29
"2025-02-09 08:04:38.0000",4.13,102.83,-1.4098648859776536e31,-8.830795430733542e29,-8.673829061357273e29
"2025-02-09 08:34:29.0000",4.25,103.98,-1.4098648859776536e31,-8.830795430733542e29,-8.673829061357273e29
"2025-02-09 09:04:21.0000",4.49,104.18,-1.4098648859776536e31,-8.830795430733542e29,-8.673829061357273e29
"2025-02-09 09:34:12.0000",4.65,103.93,-1.4098648859776536e31,-8.830795430733542e29,-8.673829061357273e29
"2025-02-09 10:04:05.0000",4.83,103.71,-1.4098648859776536e31,-8.830795430733542e29,-8.673829061357273e29
"2025-02-09 10:33:57.0000",5.12,102.82,-1.4098648859776536e31,-8.830795430733542e29,-8.673829061357273e29
"2025-02-09 11:03:48.0000",5.11,101.41,-1.4098648859776536e31,-8.830795430733542e29,-8.673829061357273e29
"2025-02-09 11:33:39.0000",5.34,100.84,27.134361267089844,21.678334429590425,25.961113023439168
"2025-02-09 12:03:30.0000",5.47,100.26,-1.4098648859776536e31,-8.830795430733542e29,-8.673829061357273e29
"2025-02-09 12:33:21.0000",5.66,99.86,21.392498016357422,17.20939770098588,21.93060466332973
"2025-02-09 13:03:12.0000",5.94,99.32,23.691913604736328,19.30656692708109,24.66508008554586
"2025-02-09 13:33:02.0000",6.05,98.88,-1.4098648859776536e31,-8.830795430733542e29,-8.673829061357273e29
"2025-02-09 14:02:54.0000",5.87,97.83,108.77194213867188,72.6015698650433,61.504609410067445
"2025-02-09 14:32:45.0000",5.81,97.65,-1.4098648859776536e31,-8.830795430733542e29,-8.673829061357273e29
"2025-02-09 15:02:36.0000",5.81,97.32,103.0675277709961,67.8539434834826,55.85074822472233
"2025-02-09 15:32:28.0000",5.64,96.81,19.739778518676758,15.988087589997354,20.79179526645754
"2025-02-09 16:02:19.0000",5.45,96.38,-1.4098648859776536e31,-8.830795430733542e29,-8.673829061357273e29
"2025-02-09 16:32:11.0000",5.3,96.75,-1.4098648859776536e31,-8.830795430733542e29,-8.673829061357273e29
"2025-02-09 17:02:03.0000",5.25,96.86,15.722159385681152,12.831350243032501,17.548731540146438
"2025-02-09 17:31:54.0000",5.18,95.97,14.817264556884766,12.299315956422905,17.446273425956328
"2025-02-09 18:01:45.0000",4.99,95.36,14.758657455444336,12.001684428083134,16.488322268607032
"2025-02-09 18:31:36.0000",4.79,95.4,18.296241760253906,14.088848563809366,17.732450860199474
"2025-02-09 19:01:27.0000",4.83,94.89,97.75660705566406,63.25014576559494,51.782161075687746
"2025-02-09 19:31:17.0000",4.83,93.61,99.05313873291016,63.98564613715253,52.84842031486071
"2025-02-09 20:01:10.0000",4.84,93.04,99.52591705322266,64.12377982917869,52.94326861523855
"2025-02-09 20:31:02.0000",4.81,92.59,81.33731842041016,52.638300259870476,44.84057197038193
"2025-02-09 21:00:54.0000",4.9,91.08,48.356754302978516,32.04685985866164,30.536725100630274
"2025-02-09 21:30:46.0000",4.92,90.21,39.63262176513672,26.931223862596028,27.335784840413925
"2025-02-09 22:00:37.0000",4.89,90.45,34.73098373413086,23.630609731944222,24.141308191814346
"2025-02-09 22:30:28.0000",4.83,90.49,-1.4098648859776536e31,-8.830795430733542e29,-8.673829061357273e29
"2025-02-09 23:00:18.0000",4.72,90.16,-1.4098648859776536e31,-8.830795430733542e29,-8.673829061357273e29
"2025-02-09 23:30:10.0000",4.51,90.61,23.991165161132812,16.91096321838315,19.04002948982837
"2025-02-10 00:00:01.0000",4.23,91.08,42.2583122253418,27.7169592972875,25.651261018032862
"2025-02-10 00:29:52.0000",4.05,91.38,91.30587768554688,57.53600081783727,45.793241576794
"2025-02-10 00:59:42.0000",3.79,91.59,20.625946044921875,14.662847659235815,16.915032641818758
"2025-02-10 01:29:33.0000",3.74,91.88,32.36971664428711,21.80551335603045,21.531191274234914
"2025-02-10 01:59:24.0000",3.71,91.74,14.547646522521973,10.93618794595255,14.013921908586676
"2025-02-10 02:29:15.0000",3.67,91.63,16.91547966003418,12.149603994756506,14.775685919123223
"2025-02-10 03:28:57.0000",3.34,91.47,92.66729736328125,58.58666442142892,46.45565025971408
"2025-02-10 04:28:38.0000",3.22,91.68,74.64988708496094,47.641073312928654,39.004879476208146
"2025-02-10 04:58:30.0000",3.2,92.04,73.16272735595703,46.90828284086214,38.65200556033151
"2025-02-10 05:28:21.0000",3.24,92.75,-1.4098648859776536e31,-8.830795430733542e29,-8.673829061357273e29
"2025-02-10 05:58:12.0000",3.07,94.21,96.44401550292969,62.18091482574309,50.0959981703251
"2025-02-10 06:28:04.0000",3.23,94.93,11.364192008972168,9.28896124486897,13.731956894592118
"2025-02-10 06:57:56.0000",3.15,95.35,89.71794891357422,57.45165364290395,45.654746318592075
"2025-02-10 07:27:46.0000",3.16,95.7,83.81950378417969,54.88127718686751,45.41198287206737
"2025-02-10 07:57:38.0000",3.38,94.64,-1.4098648859776536e31,-8.830795430733542e29,-8.673829061357273e29
"2025-02-10 08:27:28.0000",3.09,95.06,43.433380126953125,29.09181686581848,27.051883420370267
"2025-02-10 08:57:20.0000",3.08,95.41,54.9288330078125,36.17665534689502,31.723531252100535
"2025-02-10 09:27:12.0000",3.2,95.09,82.18256378173828,52.87934379433476,42.899177261976554
"2025-02-10 09:57:03.0000",3.31,94.29,92.52471160888672,59.05753382148985,46.492129073709215
"2025-02-10 10:56:47.0000",3.79,91.79,91.85455322265625,58.325058432779436,46.86212674331143
"2025-02-10 11:26:38.0000",4.02,90.52,27.432470321655273,18.643654045712356,19.44511174361947
"2025-02-10 11:56:29.0000",3.93,89.93,41.796329498291016,27.216600749995575,25.24124782328462
"2025-02-10 12:26:20.0000",3.94,89.96,-1.4098648859776536e31,-8.830795430733542e29,-8.673829061357273e29
"2025-02-10 12:56:12.0000",4.04,89.52,18.102027893066406,12.64372024164297,14.859900151317033
"2025-02-10 13:26:03.0000",4.17,88.3,88.9080581665039,55.28467615076102,44.25439752368854
"2025-02-10 13:55:54.0000",4.22,87.88,2.1781976222991943,2.7223331314556414,7.399004678986099
"2025-02-10 14:25:46.0000",4.11,87.81,2.362025499343872,2.8885521336620053,7.774616536115507
"2025-02-10 14:55:37.0000",3.89,88.44,16.206829071044922,12.50599065207085,15.501554112027812
"2025-02-10 15:25:28.0000",3.88,89.49,3.1349544525146484,3.4244950241806773,8.97103642484764
"2025-02-10 15:55:20.0000",3.95,89.5,2.864251136779785,3.242036115601176,8.219198003094155
"2025-02-10 16:25:12.0000",3.92,89.35,3.212106466293335,3.4175735079120404,8.0198559064023
"2025-02-10 16:55:02.0000",3.81,89.23,1.9839404821395874,2.4833624890276695,7.1577078197904545
"2025-02-10 17:24:53.0000",3.68,89.46,-1.4098648859776536e31,-8.830795430733542e29,-8.673829061357273e29
"2025-02-10 17:54:44.0000",3.57,90.09,14.162349700927734,10.094751503196735,12.645413797410145
"2025-02-10 18:24:36.0000",3.48,90.28,39.13071823120117,25.463419688397977,23.52877865305493
"2025-02-10 18:54:27.0000",3.02,91.51,87.88063049316406,55.5397695341373,44.70351902607283
"2025-02-10 19:24:19.0000",2.83,92.88,75.94158172607422,48.84058713633658,41.37034046521098
"2025-02-10 19:54:09.0000",2.43,94.25,-1.4098648859776536e31,-8.830795430733542e29,-8.673829061357273e29
"2025-02-10 20:24:00.0000",2.16,95.58,22.969453811645508,16.907315085656876,20.5963841180549
"2025-02-10 20:53:51.0000",2.23,96.02,96.5621109008789,62.46963198971283,50.147596188996715
"2025-02-10 21:23:42.0000",2.3,96.38,10.228796005249023,8.909584724661952,14.051593859308348
"2025-02-10 21:53:33.0000",2.31,96.7,-1.4098648859776536e31,-8.830795430733542e29,-8.673829061357273e29
"2025-02-10 22:23:23.0000",2.29,97.19,8.962263107299805,7.7609054095099665,12.90455159010598
"2025-02-10 22:53:14.0000",2.22,97.55,9.237194061279297,7.932105486628551,12.82902498414326
"2025-02-10 23:23:05.0000",2.22,97.89,-1.4098648859776536e31,-8.830795430733542e29,-8.673829061357273e29
"2025-02-10 23:52:57.0000",2.11,98.31,-1.4098648859776536e31,-8.830795430733542e29,-8.673829061357273e29
"2025-02-11 00:22:47.0000",2.03,98.65,5.289545059204102,4.78781179166645,9.425630992826424
"2025-02-11 00:52:38.0000",2.04,98.63,5.397343635559082,4.955385486363956,9.421677255110875
"2025-02-11 01:22:29.0000",2.13,98.67,-1.4098648859776536e31,-8.830795430733542e29,-8.673829061357273e29
"2025-02-11 01:52:20.0000",2.31,98.56,5.300046920776367,4.790904414818917,9.16527811855948
"2025-02-11 02:22:12.0000",2.41,98.32,-1.4098648859776536e31,-8.830795430733542e29,-8.673829061357273e29
"2025-02-11 02:52:02.0000",2.32,98.22,6.551056861877441,5.758103547171055,10.369220346970721
"2025-02-11 03:21:52.0000",2.31,98.2,6.245052814483643,5.498564105715467,9.830433365016493
"2025-02-11 03:51:44.0000",2.33,98.18,6.705556869506836,5.737045800088227,9.91751575840791
"2025-02-11 04:21:34.0000",2.39,98.21,7.613630294799805,6.493305652789687,10.78993021725349
"2025-02-11 04:51:25.0000",2.44,98.31,9.748326301574707,8.037308071175783,12.188112932808304
"2025-02-11 05:21:16.0000",2.63,98.3,12.474976539611816,10.138319013480931,14.640559631203086
"2025-02-11 05:51:08.0000",2.78,98.24,15.151427268981934,12.26881749959526,17.29398485841549
"2025-02-11 06:20:59.0000",2.86,98.19,16.100940704345703,12.75144600421434,16.723273717173797
"2025-02-11 06:50:51.0000",3,98.12,-1.4098648859776536e31,-8.830795430733542e29,-8.673829061357273e29
"2025-02-11 07:20:42.0000",3.06,98.13,-1.4098648859776536e31,-8.830795430733542e29,-8.673829061357273e29
"2025-02-11 07:50:33.0000",3.14,98.08,-1.4098648859776536e31,-8.830795430733542e29,-8.673829061357273e29
"2025-02-11 08:20:25.0000",3.24,97.99,-1.4098648859776536e31,-8.830795430733542e29,-8.673829061357273e29
"2025-02-11 08:50:17.0000",3.36,97.97,-1.4098648859776536e31,-8.830795430733542e29,-8.673829061357273e29
"2025-02-11 09:20:08.0000",3.48,97.98,14.090269088745117,11.500447951326324,16.01274320387065
"2025-02-11 09:50:00.0000",3.61,97.99,15.644017219543457,12.726528439950462,17.00675974918935
"2025-02-11 10:19:51.0000",3.8,97.94,16.00035285949707,13.073454574831148,17.881098452559165
"2025-02-11 10:49:42.0000",3.88,97.69,14.041287422180176,11.509285957387835,16.612624637293212
"2025-02-11 11:19:33.0000",3.99,97.62,12.210514068603516,10.078453057896397,14.360274622203043
"2025-02-11 11:49:25.0000",4.02,97.34,12.941052436828613,10.589248291500484,15.554880892097215
"2025-02-11 12:19:17.0000",4.08,97.24,15.75047779083252,12.839816223539346,19.048862586587774
"2025-02-11 12:49:08.0000",4.12,97.16,16.24428367614746,13.482783564848178,19.069185889253323
"2025-02-11 13:18:58.0000",4.21,96.89,16.33479118347168,13.676296167478274,20.6051916337226
"2025-02-11 13:48:50.0000",4.18,96.51,16.382295608520508,13.668888118196822,19.89218249886139
"2025-02-11 14:18:41.0000",4.15,97.04,13.861172676086426,11.581894535329392,17.086907894242966
"2025-02-11 14:48:33.0000",3.98,96.31,11.141702651977539,9.512460673257099,15.991227535445763
"2025-02-11 15:18:21.0000",3.39,98.92,12.880775451660156,10.998891003833059,17.173967544472276
"2025-02-11 15:48:13.0000",3.53,99.31,12.611742973327637,10.869986448263646,17.395748107757946
"2025-02-11 16:18:03.0000",3.12,100.46,13.647686004638672,11.515407526621091,17.366656408471563
"2025-02-11 16:47:54.0000",3.3,100.83,12.359726905822754,10.149655913862476,15.497980036859786
"2025-02-11 17:17:45.0000",3.08,100.75,15.989933967590332,13.31100771588871,18.919938459711823
"2025-02-11 17:47:36.0000",2.81,101.67,-1.4098648859776536e31,-8.830795430733542e29,-8.673829061357273e29
"2025-02-11 18:17:27.0000",2.83,102.8,-1.4098648859776536e31,-8.830795430733542e29,-8.673829061357273e29
"2025-02-11 18:47:19.0000",2.98,102.93,12.662862777709961,10.380032988399435,14.910406568869316
"2025-02-11 19:17:11.0000",3.14,102.75,-1.4098648859776536e31,-8.830795430733542e29,-8.673829061357273e29
"2025-02-11 19:47:03.0000",3.24,102.62,10.295808792114258,8.507840798390898,12.882349249200054
"2025-02-11 20:46:43.0000",3.1,101.67,10.336812019348145,8.56077493607739,12.56389768808804
"2025-02-11 21:16:34.0000",3.03,101.46,11.071633338928223,9.190052964839852,13.034766868269838
"2025-02-11 21:46:26.0000",3.03,101.33,-1.4098648859776536e31,-8.830795430733542e29,-8.673829061357273e29
"2025-02-11 22:16:17.0000",3.01,101.19,-1.4098648859776536e31,-8.830795430733542e29,-8.673829061357273e29
"2025-02-11 22:46:06.0000",2.96,101.22,11.373636245727539,9.161885466172336,12.8460401405911
"2025-02-11 23:15:56.0000",2.97,101.37,-1.4098648859776536e31,-8.830795430733542e29,-8.673829061357273e29
"2025-02-11 23:45:48.0000",2.92,101.53,12.882515907287598,10.270647703245164,14.450586634540747
"2025-02-12 00:15:38.0000",2.8,101.73,-1.4098648859776536e31,-8.830795430733542e29,-8.673829061357273e29
"2025-02-12 00:45:30.0000",2.73,101.81,14.870899200439453,11.726383350148023,14.947952673626002
"2025-02-12 01:15:20.0000",2.54,102.24,-1.4098648859776536e31,-8.830795430733542e29,-8.673829061357273e29
"2025-02-12 01:45:11.0000",2.06,103.1,-1.4098648859776536e31,-8.830795430733542e29,-8.673829061357273e29
"2025-02-12 02:15:03.0000",2.42,103.45,-1.4098648859776536e31,-8.830795430733542e29,-8.673829061357273e29
"2025-02-12 02:44:55.0000",2.49,103.5,-1.4098648859776536e31,-8.830795430733542e29,-8.673829061357273e29
"2025-02-12 03:14:47.0000",2.59,103.41,14.50173282623291,11.731444237486208,15.764550396988747
"2025-02-12 03:44:39.0000",2.67,103.45,14.66396427154541,11.872969567195785,15.763482873597576
"2025-02-12 04:14:30.0000",2.81,103.2,-1.4098648859776536e31,-8.830795430733542e29,-8.673829061357273e29
"2025-02-12 05:14:12.0000",2.6,103.55,13.771662712097168,11.193425276071755,15.457500086094138
"2025-02-12 05:44:03.0000",2.75,103.59,14.104437828063965,11.36563932119593,15.241519134237713
"2025-02-12 06:13:54.0000",2.77,103.33,-1.4098648859776536e31,-8.830795430733542e29,-8.673829061357273e29
"2025-02-12 06:43:45.0000",2.65,103.19,-1.4098648859776536e31,-8.830795430733542e29,-8.673829061357273e29
"2025-02-12 07:13:36.0000",2.58,103.18,13.454906463623047,10.824203907999255,14.697486763429586
"2025-02-12 07:43:27.0000",2.59,103.3,16.061691284179688,12.82312877396357,16.904691054240146
"2025-02-12 08:13:18.0000",2.42,103.33,-1.4098648859776536e31,-8.830795430733542e29,-8.673829061357273e29
"2025-02-12 08:43:09.0000",2.27,104,21.893157958984375,17.65955065785513,21.623856597978506
"2025-02-12 09:13:01.0000",2.36,104.37,24.94178009033203,19.843828974311943,23.86405439964746
"2025-02-12 09:42:51.0000",2.64,104.71,-1.4098648859776536e31,-8.830795430733542e29,-8.673829061357273e29
"2025-02-12 10:12:43.0000",2.92,104.65,-1.4098648859776536e31,-8.830795430733542e29,-8.673829061357273e29
"2025-02-12 10:42:35.0000",3.2,104.46,-1.4098648859776536e31,-8.830795430733542e29,-8.673829061357273e29
"2025-02-12 11:12:27.0000",3.54,104.3,-1.4098648859776536e31,-8.830795430733542e29,-8.673829061357273e29
"2025-02-12 11:42:19.0000",3.91,103.53,18.885168075561523,15.451411750167058,20.06976240690618
"2025-02-12 12:12:11.0000",4.68,102.41,-1.4098648859776536e31,-8.830795430733542e29,-8.673829061357273e29
"2025-02-12 12:42:03.0000",4.64,101.24,18.775358200073242,15.116404960275776,19.74438089031991
"2025-02-12 13:11:54.0000",4.87,99.95,17.09254264831543,13.852102263522683,18.903750066545193
"2025-02-12 14:11:37.0000",5,97.39,13.85290813446045,11.31491185895059,15.847803660415833
"2025-02-12 14:41:27.0000",4.92,97.11,18.705656051635742,15.272788572124025,20.63052967936142
"2025-02-12 15:41:08.0000",4.51,94.98,18.925554275512695,15.68564577995641,22.366613672085347
"2025-02-12 16:10:59.0000",4.35,94.43,105.38530731201172,68.94538666642488,58.104527603358164
"2025-02-12 16:40:49.0000",4.27,94.45,107.8010482788086,70.90128911690815,59.82807157838706
"2025-02-12 17:10:39.0000",3.81,94.19,97.11796569824219,62.68199163205522,52.36237280007124
"2025-02-12 17:40:30.0000",3.74,94.4,72.82097625732422,48.069318508887406,42.39527827795005
"2025-02-12 18:10:21.0000",3.67,94.52,56.327510833740234,37.832994116918584,35.25809275344347
"2025-02-12 18:40:12.0000",3.63,94.58,-1.4098648859776536e31,-8.830795430733542e29,-8.673829061357273e29
"2025-02-12 19:10:03.0000",3.63,94.11,94.17835998535156,60.149694898083396,48.333054122077684
"2025-02-12 19:39:54.0000",3.45,93.96,-1.4098648859776536e31,-8.830795430733542e29,-8.673829061357273e29
"2025-02-12 20:09:44.0000",3.14,94.66,29.15714454650879,20.664995916627106,22.356746901608545
"2025-02-12 20:39:36.0000",3.14,94.98,24.40809440612793,17.889520725964747,20.809325747983095
"2025-02-12 21:09:27.0000",3.14,95.34,21.605422973632812,16.090075307248615,19.18692227141678
"2025-02-12 21:39:18.0000",3.08,95.53,26.898290634155273,19.405433333080488,21.19205184968218
"2025-02-12 22:09:09.0000",2.99,95.86,58.87192153930664,39.4828448635317,35.13736902741032
"2025-02-12 22:39:00.0000",2.98,96.15,16.654260635375977,13.544181864635078,18.68819317954464
"2025-02-12 23:08:51.0000",3.02,96.45,17.09366798400879,13.663366591557276,19.16485391412442
"2025-02-12 23:38:42.0000",2.97,96.58,16.932334899902344,13.55905945793855,17.949486126900716
"2025-02-13 00:08:34.0000",2.94,96.7,16.44938850402832,13.133604713905946,17.29470355726033
"2025-02-13 00:38:25.0000",2.96,96.38,15.9927339553833,12.993776558931955,17.897978105091937
"2025-02-13 01:08:16.0000",2.95,95.8,-1.4098648859776536e31,-8.830795430733542e29,-8.673829061357273e29
"2025-02-13 01:38:08.0000",2.88,95.09,14.778764724731445,12.073079756782077,17.306768699444312
"2025-02-13 02:07:58.0000",2.77,94.72,14.750123977661133,12.074571172083951,17.05079731549469
"2025-02-13 02:37:50.0000",2.68,94.39,14.104209899902344,11.457808584780809,16.897134948275138
"2025-02-13 03:07:41.0000",2.58,94.02,13.120543479919434,10.820036966503782,15.538006791863106
"2025-02-13 03:37:33.0000",2.48,93,93.87383270263672,59.93185613983751,48.96820059043042
"2025-02-13 04:07:25.0000",2.33,92.34,93.76964569091797,59.72047395396205,49.0936137370453
"2025-02-13 04:37:16.0000",2.12,91.02,-1.4098648859776536e31,-8.830795430733542e29,-8.673829061357273e29
"2025-02-13 05:07:07.0000",1.71,89.57,8.705954551696777,7.616654242829474,13.772547120857308
"2025-02-13 05:36:57.0000",1.48,88.3,9.507954597473145,8.116433666239871,13.397280361982236
"2025-02-13 06:06:48.0000",1.72,87.75,9.365649223327637,8.023786962521164,13.002609899362023
"2025-02-13 06:36:39.0000",1.78,87.39,9.15947151184082,7.895995326829692,13.819909591428468
"2025-02-13 07:06:31.0000",1.84,87.05,6.389501571655273,6.023850920597539,11.522663939803612
"2025-02-13 07:36:22.0000",1.74,85.79,4.615610599517822,4.7724711597988945,10.430151397868435
"2025-02-13 08:06:13.0000",1.68,85.98,4.499760627746582,4.81775624507562,10.714206434530942
"2025-02-13 08:36:04.0000",1.75,85.86,-1.4098648859776536e31,-8.830795430733542e29,-8.673829061357273e29
"2025-02-13 09:05:55.0000",1.88,85.53,3.966632604598999,4.417233496159392,11.096748051612453
"2025-02-13 09:35:47.0000",2.1,85.29,3.4727532863616943,3.9960297426708573,9.883005126890694
"2025-02-13 10:05:38.0000",2.19,84.61,70.01673889160156,43.68587960701131,37.80181297833662
"2025-02-13 10:35:30.0000",2.46,83.12,93.34657287597656,57.40118725866439,47.33976494589189
"2025-02-13 11:05:22.0000",2.73,81.24,8.831412315368652,7.334595389685608,12.439734967529414
"2025-02-13 11:35:13.0000",2.73,80.66,92.93352508544922,56.480489923324804,47.04853838298363
"2025-02-13 12:05:05.0000",2.75,80.21,91.74824523925781,55.73508766384991,46.854276692662765
"2025-02-13 13:04:46.0000",2.82,78.38,2.7587764263153076,3.7106973632951012,10.47466862495402
"2025-02-13 13:34:38.0000",2.86,78.52,3.2203259468078613,4.1164379600947845,10.640117418663793
"2025-02-13 14:04:29.0000",2.87,77.35,3.1789488792419434,4.1491952026536785,10.67933734212317
"2025-02-13 14:34:21.0000",2.81,76.99,-1.4098648859776536e31,-8.830795430733542e29,-8.673829061357273e29
"2025-02-13 15:04:12.0000",2.74,76.69,3.6786909103393555,4.600458434276684,11.431151766582543
"2025-02-13 15:34:02.0000",2.7,76.47,3.397428512573242,4.3061625768706895,11.361856354412954
"2025-02-13 16:03:53.0000",2.6,75.19,2.3100290298461914,3.622830288738869,9.87985945984622
"2025-02-13 17:03:34.0000",2.24,75.56,4.288055896759033,4.912649097722949,11.616954434250465
"2025-02-13 17:33:25.0000",2.09,74.97,3.2000598907470703,4.086955879293336,10.27341464052971
"2025-02-13 18:03:16.0000",2.01,74.95,3.726248025894165,4.487537581226821,10.684736738849887
"2025-02-13 18:33:07.0000",1.94,75.56,3.7494633197784424,4.45402701987787,10.782094312259899
"2025-02-13 19:02:57.0000",1.9,75.68,3.256521224975586,4.15131538841317,10.748712835848258
"2025-02-13 19:32:49.0000",1.83,75.08,-1.4098648859776536e31,-8.830795430733542e29,-8.673829061357273e29
"2025-02-13 20:02:41.0000",1.78,75.7,3.529499053955078,4.255818154489549,10.454443046280549
"2025-02-13 20:32:32.0000",1.73,75.97,3.779446601867676,4.394329514820934,10.353093064970086
"2025-02-13 21:02:22.0000",1.61,76.03,3.4665560722351074,4.213201604290415,10.339284346614093
"2025-02-13 21:32:12.0000",1.5,75.3,3.8292038440704346,4.691294930417755,11.192316375753704
"2025-02-13 22:02:03.0000",1.46,74.49,3.6167454719543457,4.4866033617156384,11.061935775836256
"2025-02-13 22:31:54.0000",1.51,73.58,3.935549736022949,4.722359109460681,11.173857540862786
"2025-02-13 23:01:45.0000",1.53,73.12,3.425150156021118,4.313008438325093,10.79520291595245
"2025-02-13 23:31:36.0000",1.57,72.97,3.7815537452697754,4.60500143569699,10.918863872306273
"2025-02-14 00:01:29.0000",1.61,73.71,5.580148220062256,5.727446148095815,12.03279962465057
"2025-02-14 00:31:20.0000",1.58,74.4,5.541408061981201,5.649286322588829,11.75211775801181
"2025-02-14 01:01:11.0000",1.48,74.12,5.557867050170898,5.621683051376137,11.5938694645234
"2025-02-14 01:31:02.0000",1.2,72.98,4.781307697296143,5.2595874656160815,11.492350878450202
"2025-02-14 02:00:54.0000",0.98,72.88,5.837096691131592,5.862334508112291,12.027348271394551
"2025-02-14 02:30:44.0000",0.81,72.85,6.8555908203125,6.683078431670589,13.109365484041591
"2025-02-14 03:00:34.0000",0.49,73.84,7.0989089012146,6.822192210564055,13.073767823040772
"2025-02-14 03:30:25.0000",0.23,75.02,7.749669551849365,7.290592686229267,13.460028652728212
"2025-02-14 04:00:16.0000",-0.09,75.78,6.5540900230407715,6.524245091199478,12.785567873265373
"2025-02-14 04:30:06.0000",-0.38,76.4,7.500284194946289,7.065793254255327,13.232578535472236
"2025-02-14 04:59:57.0000",-0.52,77.26,-1.4098648859776536e31,-8.830795430733542e29,-8.673829061357273e29
"2025-02-14 05:29:48.0000",-0.45,77.77,6.922454833984375,6.674526450076687,12.855343356341997
"2025-02-14 05:59:40.0000",-0.43,78.06,7.124756336212158,6.670564197974437,12.536549965730284
"2025-02-14 06:29:31.0000",-0.29,78.12,5.820621013641357,5.751424242033643,11.411305011638403
"2025-02-14 06:59:21.0000",-0.19,78.13,-1.4098648859776536e31,-8.830795430733542e29,-8.673829061357273e29
"2025-02-14 07:29:12.0000",0.16,77.7,6.711973667144775,6.360347571451803,12.098576974850253
"2025-02-14 07:59:04.0000",0.45,77.16,5.482924461364746,5.56485364133219,11.6996380318564
"2025-02-14 08:28:55.0000",0.76,76.03,4.587494373321533,4.941492783662989,10.932681679946894
"2025-02-14 08:58:47.0000",1.04,75.55,4.517697334289551,4.937546159956575,11.012800401354456
"2025-02-14 09:28:39.0000",1.36,74.7,4.774569511413574,5.088715099424088,11.489716765495377
"2025-02-14 09:58:30.0000",1.72,74.18,4.93238639831543,5.279170598215375,11.50702655327833
"2025-02-14 10:28:23.0000",2.31,72.23,5.097293853759766,5.3724689684011055,11.515893415918047
"2025-02-14 10:58:18.0000",4.76,66.92,4.050291061401367,4.873377416874323,11.640275647308828
"2025-02-14 11:28:08.0000",3.43,68.05,4.470062732696533,5.0322707839093335,11.454146206564724
"2025-02-14 11:57:59.0000",3.29,68.17,6.457446575164795,6.455599130771052,12.92538434821791
"2025-02-14 12:27:51.0000",3.45,69.73,6.41921854019165,6.3599169714039645,12.997621743410955
"2025-02-14 12:57:41.0000",3.64,69.99,6.971363067626953,6.711248890269154,12.94604351499723
"2025-02-14 13:27:33.0000",4.11,69.52,9.349167823791504,8.36439074796604,14.868191241100046
"2025-02-14 13:57:23.0000",3.65,70.07,8.632752418518066,7.946627430175854,14.690420250070781
"2025-02-14 14:27:13.0000",3.36,70.96,9.107523918151855,8.386605119019622,14.993405282793649
"2025-02-14 14:57:04.0000",3.33,72.24,-1.4098648859776536e31,-8.830795430733542e29,-8.673829061357273e29
"2025-02-14 15:26:56.0000",3.43,72.95,10.645600318908691,9.33182695297265,15.346444571579212
"2025-02-14 15:56:47.0000",3.03,73.72,12.261568069458008,10.352865896340884,16.620412629506966
"2025-02-14 16:26:37.0000",2.42,75.61,13.253806114196777,10.94657691858899,16.16014132885276
"2025-02-14 16:56:28.0000",2.09,78.24,19.334999084472656,15.193736765446616,19.96846219215705
"2025-02-14 17:56:10.0000",2.08,81.97,20.574323654174805,16.12255419561449,20.61464105294639
"2025-02-14 18:26:01.0000",2.21,82.86,20.500272750854492,16.05837160641987,20.688713562853735
"2025-02-14 18:55:52.0000",2.14,84.66,19.388517379760742,15.37310971679533,20.076179902013862
"2025-02-14 19:25:44.0000",1.87,85.64,27.166452407836914,20.47809075863663,23.813931524696127
"2025-02-14 19:55:34.0000",1.72,86.98,-1.4098648859776536e31,-8.830795430733542e29,-8.673829061357273e29
"2025-02-14 20:25:25.0000",1.53,87.68,95.16401672363281,62.79723861890194,53.3529212993952
"2025-02-14 20:55:16.0000",1.59,88.52,78.8801040649414,52.15389903651742,45.27565355947511
"2025-02-14 21:25:07.0000",1.71,88.74,91.5501708984375,60.29554525195291,51.45335458046619
"2025-02-14 21:54:58.0000",1.75,88.88,-1.4098648859776536e31,-8.830795430733542e29,-8.673829061357273e29
"2025-02-14 22:24:49.0000",1.8,89.31,82.68994140625,55.33860987476035,48.40310510519168
"2025-02-14 22:54:42.0000",1.85,89.63,97.32451629638672,64.501774353667,54.925287119042856
"2025-02-14 23:24:34.0000",1.96,89.75,78.8707046508789,52.66327261590313,46.29902516549926
"2025-02-14 23:54:25.0000",2.04,89.54,47.77787780761719,33.27713455728499,32.78918878643563
"2025-02-15 00:24:15.0000",2.12,89.31,30.29938507080078,22.310674059287102,25.190269593868635
"2025-02-15 00:54:07.0000",2.06,88.93,40.793067932128906,28.829526664487798,29.69517423422919
"2025-02-15 01:23:58.0000",2.05,88.85,57.55183029174805,39.22538384290264,37.37971100684107
"2025-02-15 01:53:49.0000",2.03,89,45.42875671386719,31.785326505616254,32.16544138184184
"2025-02-15 02:23:40.0000",1.99,89.15,51.18792724609375,35.39839710351228,34.50563342167867
"2025-02-15 02:53:30.0000",1.85,89.82,59.59318923950195,41.67467025875876,40.68787935895051
"2025-02-15 03:23:21.0000",1.86,90.41,104.31507110595703,69.71554829049997,59.89347575068587
"2025-02-15 03:53:13.0000",1.9,90.6,89.39805603027344,59.55239462580383,51.68839227732308
"2025-02-15 04:23:03.0000",1.85,90.59,65.71815490722656,45.096353504974296,42.21187598463255
"2025-02-15 04:52:53.0000",1.83,90.66,76.72761535644531,52.44821495041528,48.550870129491756
"2025-02-15 05:22:45.0000",1.77,90.91,78.2796630859375,53.808231611957936,49.83058077393047
"2025-02-15 05:52:37.0000",1.7,91.2,108.03543090820312,72.7356138827124,62.78181028499788
"2025-02-15 06:22:28.0000",1.64,91.56,108.56521606445312,73.55394593343513,63.89381133298522
"2025-02-15 06:52:18.0000",1.59,92,106.45787048339844,72.58969530651002,63.91814558893546
"2025-02-15 07:22:09.0000",1.57,92.52,-1.4098648859776536e31,-8.830795430733542e29,-8.673829061357273e29
"2025-02-15 07:52:00.0000",1.59,92.93,42.104278564453125,34.919516515994005,44.94703981297621
"2025-02-15 08:21:51.0000",1.64,93.65,49.692359924316406,42.23620119449177,55.271611365522325
"2025-02-15 08:51:41.0000",1.71,94.01,51.47531509399414,43.89285874030867,57.75940141952909
"2025-02-15 09:21:33.0000",1.78,94.74,-1.4098648859776536e31,-8.830795430733542e29,-8.673829061357273e29
"2025-02-15 09:51:24.0000",1.92,95.44,-1.4098648859776536e31,-8.830795430733542e29,-8.673829061357273e29
"2025-02-15 10:21:15.0000",2.09,96.08,-1.4098648859776536e31,-8.830795430733542e29,-8.673829061357273e29
"2025-02-15 10:51:06.0000",2.29,96.29,58.86653518676758,50.958865711853576,69.03304061744808
"2025-02-15 11:20:59.0000",2.45,96.68,54.431209564208984,47.09431442800724,63.2231094644795
"2025-02-15 11:50:51.0000",2.59,97.14,46.46220016479492,39.61316946761105,50.916093756838436
"2025-02-15 12:20:42.0000",2.79,97.39,45.024635314941406,38.28132230654214,50.31399041568598
"2025-02-15 12:50:34.0000",2.87,97.59,-1.4098648859776536e31,-8.830795430733542e29,-8.673829061357273e29
"2025-02-15 13:50:17.0000",3.34,98.59,-1.4098648859776536e31,-8.830795430733542e29,-8.673829061357273e29
"2025-02-15 14:20:09.0000",3.48,99.47,-1.4098648859776536e31,-8.830795430733542e29,-8.673829061357273e29
"2025-02-15 14:50:00.0000",3.42,99.38,-1.4098648859776536e31,-8.830795430733542e29,-8.673829061357273e29
"2025-02-15 15:19:51.0000",3.55,99.44,-1.4098648859776536e31,-8.830795430733542e29,-8.673829061357273e29
"2025-02-15 15:49:43.0000",3.52,99.49,-1.4098648859776536e31,-8.830795430733542e29,-8.673829061357273e29
"2025-02-15 16:19:34.0000",3.54,99.77,-1.4098648859776536e31,-8.830795430733542e29,-8.673829061357273e29
"2025-02-15 16:49:25.0000",3.57,99.95,-1.4098648859776536e31,-8.830795430733542e29,-8.673829061357273e29
"2025-02-15 17:49:07.0000",3.32,100.36,-1.4098648859776536e31,-8.830795430733542e29,-8.673829061357273e29
"2025-02-15 18:18:58.0000",3.22,100.67,-1.4098648859776536e31,-8.830795430733542e29,-8.673829061357273e29
"2025-02-15 18:48:50.0000",3.15,101.06,-1.4098648859776536e31,-8.830795430733542e29,-8.673829061357273e29
"2025-02-15 19:18:41.0000",3.19,101.2,-1.4098648859776536e31,-8.830795430733542e29,-8.673829061357273e29
"2025-02-15 19:48:32.0000",3.07,101.43,-1.4098648859776536e31,-8.830795430733542e29,-8.673829061357273e29
"2025-02-15 20:18:23.0000",2.97,101.93,-1.4098648859776536e31,-8.830795430733542e29,-8.673829061357273e29
"2025-02-15 20:48:14.0000",2.92,102.18,-1.4098648859776536e31,-8.830795430733542e29,-8.673829061357273e29
"2025-02-15 21:18:05.0000",2.93,102.48,-1.4098648859776536e31,-8.830795430733542e29,-8.673829061357273e29
"2025-02-15 21:47:57.0000",2.88,102.71,-1.4098648859776536e31,-8.830795430733542e29,-8.673829061357273e29
"2025-02-15 22:17:47.0000",2.86,103.05,-1.4098648859776536e31,-8.830795430733542e29,-8.673829061357273e29
"2025-02-15 22:47:38.0000",2.86,103.7,-1.4098648859776536e31,-8.830795430733542e29,-8.673829061357273e29
"2025-02-15 23:17:28.0000",2.85,104.04,-1.4098648859776536e31,-8.830795430733542e29,-8.673829061357273e29
"2025-02-15 23:47:19.0000",2.81,104.33,-1.4098648859776536e31,-8.830795430733542e29,-8.673829061357273e29
"2025-02-16 00:17:10.0000",2.77,104.7,-1.4098648859776536e31,-8.830795430733542e29,-8.673829061357273e29
"2025-02-16 00:47:01.0000",2.73,105.1,-1.4098648859776536e31,-8.830795430733542e29,-8.673829061357273e29
"2025-02-16 01:16:53.0000",2.68,105.54,-1.4098648859776536e31,-8.830795430733542e29,-8.673829061357273e29
"2025-02-16 02:16:34.0000",2.56,106.89,-1.4098648859776536e31,-8.830795430733542e29,-8.673829061357273e29
"2025-02-16 02:46:25.0000",2.39,108.3,-1.4098648859776536e31,-8.830795430733542e29,-8.673829061357273e29
"2025-02-16 03:16:16.0000",2.32,108.96,-1.4098648859776536e31,-8.830795430733542e29,-8.673829061357273e29
"2025-02-16 03:46:06.0000",2.25,109.38,-1.4098648859776536e31,-8.830795430733542e29,-8.673829061357273e29
"2025-02-16 04:15:58.0000",2.09,109.75,-1.4098648859776536e31,-8.830795430733542e29,-8.673829061357273e29
"2025-02-16 04:45:48.0000",1.98,110.08,-1.4098648859776536e31,-8.830795430733542e29,-8.673829061357273e29
"2025-02-16 05:15:39.0000",1.83,110.14,-1.4098648859776536e31,-8.830795430733542e29,-8.673829061357273e29
"2025-02-16 05:45:29.0000",1.64,110.04,-1.4098648859776536e31,-8.830795430733542e29,-8.673829061357273e29
"2025-02-16 06:15:19.0000",1.49,110.03,-1.4098648859776536e31,-8.830795430733542e29,-8.673829061357273e29
"2025-02-16 06:45:09.0000",1.36,110.14,-1.4098648859776536e31,-8.830795430733542e29,-8.673829061357273e29
"2025-02-16 07:15:00.0000",1.2,110.07,-1.4098648859776536e31,-8.830795430733542e29,-8.673829061357273e29
"2025-02-16 07:44:52.0000",1.13,110.17,-1.4098648859776536e31,-8.830795430733542e29,-8.673829061357273e29
"2025-02-16 08:14:42.0000",1.35,110.11,-1.4098648859776536e31,-8.830795430733542e29,-8.673829061357273e29
"2025-02-16 08:44:35.0000",1.58,109.74,-1.4098648859776536e31,-8.830795430733542e29,-8.673829061357273e29
"2025-02-16 09:14:26.0000",1.78,109.75,-1.4098648859776536e31,-8.830795430733542e29,-8.673829061357273e29
"2025-02-16 09:44:18.0000",2.15,109.88,-1.4098648859776536e31,-8.830795430733542e29,-8.673829061357273e29
"2025-02-16 10:14:10.0000",2.53,109.78,-1.4098648859776536e31,-8.830795430733542e29,-8.673829061357273e29
"2025-02-16 10:44:02.0000",2.69,107.47,-1.4098648859776536e31,-8.830795430733542e29,-8.673829061357273e29
"2025-02-16 11:13:55.0000",2.86,105.24,-1.4098648859776536e31,-8.830795430733542e29,-8.673829061357273e29
"2025-02-16 11:43:46.0000",2.87,103.63,-1.4098648859776536e31,-8.830795430733542e29,-8.673829061357273e29
"2025-02-16 12:13:37.0000",2.87,102.48,-1.4098648859776536e31,-8.830795430733542e29,-8.673829061357273e29
"2025-02-16 12:43:29.0000",3.03,100.83,-1.4098648859776536e31,-8.830795430733542e29,-8.673829061357273e29
"2025-02-16 13:13:21.0000",3.32,98.46,-1.4098648859776536e31,-8.830795430733542e29,-8.673829061357273e29
"2025-02-16 13:43:11.0000",3.26,97.9,-1.4098648859776536e31,-8.830795430733542e29,-8.673829061357273e29
"2025-02-16 14:13:03.0000",3.5,96.04,17.466835021972656,13.785553556658927,17.53018994760798
"2025-02-16 14:42:54.0000",3.38,94.68,16.98198890686035,13.410504851038496,17.39338260565982
"2025-02-16 15:12:44.0000",3.15,95.06,21.55560302734375,16.941308871620354,20.856593157709842
"2025-02-16 15:42:35.0000",3.15,94.77,109.34410858154297,71.2548668420924,59.57061846436595
"2025-02-16 16:12:26.0000",3.14,93.72,107.15979766845703,69.18279588329196,57.61534373286426
"2025-02-16 16:42:17.0000",3.01,92.85,18.226821899414062,14.422258770088355,19.162027318058083
"2025-02-16 17:12:08.0000",2.92,92.5,22.50681495666504,16.82994674964774,20.42900474940569
"2025-02-16 17:41:59.0000",2.66,91.13,20.239826202392578,15.57035773099305,19.79095480622277
"2025-02-16 18:11:49.0000",2.47,90.87,33.44081115722656,23.341186303395336,25.10639438415356
"2025-02-16 18:41:40.0000",2.52,90.46,25.892597198486328,18.67943794330221,21.57377108366373
"2025-02-16 19:11:31.0000",2.28,89.81,23.295734405517578,16.971291298861175,19.973313694013317
"2025-02-16 19:41:21.0000",2.27,89.73,29.98923683166504,21.093427238650865,23.22744052158012
"2025-02-16 20:11:13.0000",2.18,88.94,48.76921844482422,32.20266251009928,30.972336157678885
"2025-02-16 20:41:03.0000",1.94,87.25,-1.4098648859776536e31,-8.830795430733542e29,-8.673829061357273e29
"2025-02-16 21:40:45.0000",1.77,86.37,74.09846496582031,46.97819585953723,41.02988662398159
"2025-02-16 22:10:36.0000",1.71,85.88,-1.4098648859776536e31,-8.830795430733542e29,-8.673829061357273e29
"2025-02-16 22:40:27.0000",1.56,86.04,99.2161636352539,62.10738153520997,51.275252119703474
"2025-02-16 23:10:18.0000",1.31,85.15,96.7847671508789,59.9918853173629,49.440493605275805
"2025-02-16 23:40:08.0000",0.94,83.38,91.1076431274414,55.803660415559015,46.135459576358755
"2025-02-17 00:10:00.0000",0.81,83.84,-1.4098648859776536e31,-8.830795430733542e29,-8.673829061357273e29
"2025-02-17 00:39:50.0000",0.63,83.87,28.80769157409668,19.62905492577442,21.162119824592025
"2025-02-17 01:09:40.0000",0.55,83.75,-1.4098648859776536e31,-8.830795430733542e29,-8.673829061357273e29
"2025-02-17 01:39:32.0000",0.41,83.69,39.498695373535156,25.955930502914654,25.539938541581435
"2025-02-17 02:09:23.0000",0.23,84.16,-1.4098648859776536e31,-8.830795430733542e29,-8.673829061357273e29
"2025-02-17 02:39:15.0000",0.13,84.63,-1.4098648859776536e31,-8.830795430733542e29,-8.673829061357273e29
"2025-02-17 03:09:05.0000",0.02,85.09,39.041690826416016,25.958768968872796,25.62497196028941
"2025-02-17 03:38:57.0000",0.05,85.45,50.41301727294922,32.79296282366843,30.14683155413103
"2025-02-17 04:08:47.0000",0.13,85.85,39.4923210144043,26.19479427862501,25.697485923424786
"2025-02-17 04:38:39.0000",0.27,86.33,46.26110076904297,30.424594112162648,28.59025939465984
"2025-02-17 05:08:30.0000",0.32,86.51,16.945444107055664,12.750601688200963,16.230003017533164
"2025-02-17 06:08:13.0000",0.2,87.19,63.03102493286133,41.273187192965565,36.606533068892624
"2025-02-17 06:38:04.0000",0.25,87.58,99.76728820800781,63.98293492744437,52.51684705862754
"2025-02-17 07:07:55.0000",0.17,88.15,81.72699737548828,53.03210691271867,45.886638807336126
"2025-02-17 07:37:46.0000",0.29,88.96,54.646484375,36.197434978565184,32.705686975773894
"2025-02-17 08:07:39.0000",0.5,86.51,67.45159149169922,43.50207286322714,37.753841341705304
"2025-02-17 08:37:31.0000",0.64,84.15,15.125280380249023,12.062445001627289,16.76822282971942
"2025-02-17 09:07:22.0000",0.77,83.68,12.120781898498535,10.018667110980765,14.871803788970137
"2025-02-17 09:37:13.0000",0.94,83.37,104.72721862792969,66.53494593733438,56.1299336852664
"2025-02-17 10:07:05.0000",1.29,83.09,102.31243133544922,64.4286042470601,52.86283525606187
"2025-02-17 10:36:56.0000",1.64,81.76,-1.4098648859776536e31,-8.830795430733542e29,-8.673829061357273e29
"2025-02-17 11:06:48.0000",2.42,81.35,11.82718563079834,9.87584121261856,15.323051125029226
"2025-02-17 11:36:41.0000",2.51,78.6,100.00973510742188,61.85033488365168,51.74471711566676
"2025-02-17 12:06:33.0000",2.88,77.83,97.63109588623047,60.193301810806894,50.886790536042305
"2025-02-17 12:36:25.0000",3.05,76.82,11.085023880004883,9.518244624809741,15.147384505622549
"2025-02-17 13:06:17.0000",3.45,76.52,11.930340766906738,10.193747424420419,17.04620236803147
"2025-02-17 13:36:09.0000",3.41,77.75,11.18117904663086,9.585836809555664,15.269737768643305
"2025-02-17 14:06:01.0000",3.38,76.88,-1.4098648859776536e31,-8.830795430733542e29,-8.673829061357273e29
"2025-02-17 14:35:52.0000",3.5,77.03,-1.4098648859776536e31,-8.830795430733542e29,-8.673829061357273e29
"2025-02-17 15:05:45.0000",3.71,77.72,11.520119667053223,9.90900398985399,15.996564384937072
"2025-02-17 15:35:36.0000",3.81,76.65,9.871569633483887,8.767692357911342,15.193786926012226
"2025-02-17 16:05:29.0000",4.3,75.37,-1.4098648859776536e31,-8.830795430733542e29,-8.673829061357273e29
"2025-02-17 16:35:19.0000",3.9,74.8,11.079202651977539,9.624047442299476,16.065986834496837
"2025-02-17 17:05:09.0000",3.34,75.46,-1.4098648859776536e31,-8.830795430733542e29,-8.673829061357273e29
"2025-02-17 17:35:00.0000",2.95,76.61,11.398653984069824,9.756184106024683,15.502409999483701
"2025-02-17 18:04:51.0000",2.65,77.91,13.079673767089844,10.79069598038927,16.255626212282184
"2025-02-17 18:34:41.0000",2.42,79.36,104.30777740478516,65.29224824077203,54.33117381624708
"2025-02-17 19:04:32.0000",2.25,80.67,13.97247314453125,11.13374588051088,16.059482563537703
"2025-02-17 19:34:23.0000",1.96,81.87,14.870168685913086,11.688020066567178,16.81060283077438
"2025-02-17 20:04:14.0000",1.81,83.02,17.306489944458008,12.982936922667289,16.73751136455287
"2025-02-17 20:34:04.0000",1.73,83.85,-1.4098648859776536e31,-8.830795430733542e29,-8.673829061357273e29
"2025-02-17 21:03:55.0000",1.62,84.07,51.918861389160156,33.186384813033946,29.86310629317641
"2025-02-17 21:33:47.0000",1.43,83.99,69.91510772705078,45.1570470999465,39.078071773198864
"2025-02-17 22:03:38.0000",1.31,83.78,90.77154541015625,56.40751343103431,46.14188538915715
"2025-02-17 22:33:28.0000",1.07,83.66,92.84934997558594,57.72054566254076,46.84779182505129
"2025-02-17 23:03:19.0000",0.79,83.79,22.76027488708496,15.557760282397325,17.653463789277367
"2025-02-17 23:33:11.0000",0.58,83.92,5.492720603942871,5.087097726307461,10.445920430495976
"2025-02-18 00:03:01.0000",0.36,83.75,92.9467544555664,57.84353511276748,46.92783432524701
"2025-02-18 00:32:52.0000",0.19,83.98,12.336318016052246,9.272956104519782,12.836044374469607
"2025-02-18 01:02:44.0000",0.04,84.05,5.15130090713501,4.835968174056487,9.64408579966598
"2025-02-18 01:32:35.0000",-0.2,83.99,4.723093032836914,4.537380056692697,9.250088405381158
"2025-02-18 02:02:26.0000",-0.38,84.11,92.22704315185547,57.46431399402985,46.484070454729135
"2025-02-18 02:32:15.0000",-0.7,84.25,94.22916412353516,58.960132439467166,47.61406351244896
"2025-02-18 03:02:07.0000",-0.97,84.64,77.18253326416016,48.562841291997835,40.23683670296321
"2025-02-18 03:31:58.0000",-1.07,85.24,7.123087406158447,6.252568839658212,10.807653435364559
"2025-02-18 04:01:49.0000",-1.04,85.61,10.752946853637695,8.515324179224171,12.377322532113816
"2025-02-18 04:31:41.0000",-0.85,86.1,103.22724914550781,65.90944611546131,52.85486536513262
"2025-02-18 05:31:23.0000",-0.61,86.38,94.75117492675781,60.144079685846776,48.69677466468908
"2025-02-18 06:01:16.0000",-0.43,86.56,53.262184143066406,35.16122035440484,31.543488568324577
"2025-02-18 06:31:06.0000",-0.35,86.79,61.333648681640625,40.57748674595639,35.91475608456606
"2025-02-18 07:00:58.0000",-0.15,86.99,-1.4098648859776536e31,-8.830795430733542e29,-8.673829061357273e29
"2025-02-18 07:30:49.0000",0.01,87.28,45.73504638671875,30.850724109716644,29.684258051983374
"2025-02-18 08:00:41.0000",0.21,86.75,45.81517791748047,31.000879629927073,29.473743281057473
"2025-02-18 08:30:33.0000",0.53,85.99,17.298749923706055,13.573845912326142,17.95327532961352
"2025-02-18 09:00:25.0000",1.31,81.64,104.16508483886719,65.5436159681352,54.87700138205272
"2025-02-18 09:30:19.0000",2.48,78.01,100.95146179199219,62.40985296698307,53.08680307980505
"2025-02-18 10:00:13.0000",2.75,72.23,13.679343223571777,11.187676154975586,17.04862249491795
"2025-02-18 10:30:03.0000",2.99,72.1,16.547327041625977,13.026350964980072,18.862886821764064
"2025-02-18 10:59:57.0000",4.85,68.08,14.653210639953613,11.809743628817497,18.051474276740144
"2025-02-18 11:29:46.0000",3.66,65.29,12.407578468322754,10.41973368171759,17.072921514583385
"2025-02-18 11:59:39.0000",4.85,64.86,-1.4098648859776536e31,-8.830795430733542e29,-8.673829061357273e29
"2025-02-18 12:29:31.0000",5.18,64.04,14.111358642578125,11.554428358957455,18.41070396918506
"2025-02-18 13:29:12.0000",4.62,64.11,14.319647789001465,11.634833584767971,19.820429116084753
"2025-02-18 13:59:05.0000",4.9,63.96,13.076886177062988,10.807307992862114,17.723104860563613
"2025-02-18 14:28:56.0000",4.85,63.59,13.860214233398438,11.62324679187185,20.57483286215994
"2025-02-18 14:58:46.0000",4.53,63.72,-1.4098648859776536e31,-8.830795430733542e29,-8.673829061357273e29
"2025-02-18 15:28:38.0000",4.56,64.43,12.74461555480957,10.955745700265094,19.571229040242148
"2025-02-18 15:58:28.0000",4.51,64.68,-1.4098648859776536e31,-8.830795430733542e29,-8.673829061357273e29
"2025-02-18 16:28:19.0000",4.26,65.35,13.061485290527344,11.007564761294045,18.01045903265651
"2025-02-18 16:58:09.0000",4.04,66.15,12.698770523071289,10.770495480908075,17.360958984423178
"2025-02-18 17:28:01.0000",3.7,67.19,12.459721565246582,10.494778063552591,16.80718288692083
"2025-02-18 17:57:51.0000",3.42,69.08,13.19851016998291,10.965832275175297,17.10481921661313
"2025-02-18 18:27:41.0000",3.11,71.34,-1.4098648859776536e31,-8.830795430733542e29,-8.673829061357273e29
"2025-02-18 18:57:32.0000",2.86,73.31,14.730822563171387,12.083636945546491,18.050002975554634
"2025-02-18 19:27:22.0000",2.69,75.29,-1.4098648859776536e31,-8.830795430733542e29,-8.673829061357273e29
"2025-02-18 19:57:13.0000",2.66,76.99,107.82866668701172,68.20585676315764,58.51693696788192
"2025-02-18 20:27:05.0000",2.65,78.79,107.43305206298828,67.82136661123896,56.71995400510287
"2025-02-18 20:56:56.0000",2.61,78.92,104.06902313232422,65.38933089428195,55.40734242375955
"2025-02-18 21:26:47.0000",2.4,79.25,-1.4098648859776536e31,-8.830795430733542e29,-8.673829061357273e29
"2025-02-18 21:56:37.0000",2.22,80.08,107.74324798583984,68.24475543517747,57.11381048309973
"2025-02-18 22:26:28.0000",2.02,80.74,120.40538787841797,76.8694951218366,63.89316475836357
"2025-02-18 22:56:18.0000",1.78,80.32,103.11017608642578,64.70537315931226,54.379589872828284
"2025-02-18 23:26:09.0000",1.56,79.8,13.318705558776855,10.723953800165427,15.529000998861996
"2025-02-18 23:55:59.0000",1.31,79.73,15.548294067382812,12.579621980199517,17.80198602938259
"2025-02-19 00:25:50.0000",1.05,80.29,-1.4098648859776536e31,-8.830795430733542e29,-8.673829061357273e29
"2025-02-19 00:55:41.0000",1.11,81.51,130.45892333984375,84.70738444007661,70.85481725312886
"2025-02-19 01:25:33.0000",0.91,82.01,109.20140838623047,69.73395100619084,57.63322772469635
"2025-02-19 01:55:24.0000",0.83,83.04,93.73726654052734,59.97282582204874,50.72376574199596
"2025-02-19 02:25:16.0000",0.88,84.44,-1.4098648859776536e31,-8.830795430733542e29,-8.673829061357273e29
"2025-02-19 03:24:57.0000",0.74,85.48,106.24042510986328,68.53654689451683,56.84837455084765
"2025-02-19 03:54:48.0000",0.71,85.66,101.947265625,65.44832588690102,54.272298232119354
"2025-02-19 04:24:39.0000",0.6,85.92,-1.4098648859776536e31,-8.830795430733542e29,-8.673829061357273e29
"2025-02-19 04:54:30.0000",0.71,86.8,110.17546081542969,71.94173277456281,61.066086713397866
"2025-02-19 05:24:21.0000",0.75,86.95,101.09830474853516,65.10757188525565,54.13948689024441
"2025-02-19 05:54:12.0000",0.75,87.17,109.47677612304688,71.63125081888636,60.725337954668625
"2025-02-19 06:24:04.0000",0.93,87,-1.4098648859776536e31,-8.830795430733542e29,-8.673829061357273e29
"2025-02-19 06:53:55.0000",1.1,86.18,101.49127197265625,65.23302149489628,54.33188773064724
"2025-02-19 07:23:46.0000",1,86.22,97.40711975097656,62.27812487300626,51.87364898589318
"2025-02-19 07:53:37.0000",1.06,86.66,108.70034790039062,70.47045028092317,58.449084347140754
"2025-02-19 08:23:28.0000",1.14,87.31,102.63597106933594,66.51688420591026,55.99329790087106
"2025-02-19 08:53:20.0000",1.41,87.41,-1.4098648859776536e31,-8.830795430733542e29,-8.673829061357273e29
"2025-02-19 09:23:12.0000",1.85,87.06,22.949365615844727,17.083459667960447,20.941003796461903
"2025-02-19 09:53:04.0000",1.86,86.44,20.60599708557129,15.98838939676788,20.20752928741867
"2025-02-19 10:22:54.0000",1.32,91.9,23.624975204467773,18.553911900143504,22.23334749774413
"2025-02-19 10:52:45.0000",1.47,92.47,-1.4098648859776536e31,-8.830795430733542e29,-8.673829061357273e29
"2025-02-19 11:22:37.0000",1.62,94.48,36.3309440612793,28.725782386615343,31.748502718768336
"2025-02-19 11:52:29.0000",1.93,95.54,-1.4098648859776536e31,-8.830795430733542e29,-8.673829061357273e29
"2025-02-19 12:22:19.0000",2.77,97.71,-1.4098648859776536e31,-8.830795430733542e29,-8.673829061357273e29
"2025-02-19 12:52:13.0000",4.07,97.13,-1.4098648859776536e31,-8.830795430733542e29,-8.673829061357273e29
"2025-02-19 13:22:07.0000",4.92,93.65,-1.4098648859776536e31,-8.830795430733542e29,-8.673829061357273e29
"2025-02-19 13:51:58.0000",5.13,93.78,24.372772216796875,19.105844280491755,23.632125436765755
"2025-02-19 14:21:49.0000",4.91,93.03,25.127714157104492,19.685039493033994,23.86012954618122
"2025-02-19 14:51:40.0000",5.02,92.81,26.007612228393555,20.38219232864817,24.006586400581128
"2025-02-19 15:21:32.0000",5.09,92.93,24.986000061035156,19.532130008826076,23.84855277442421
"2025-02-19 15:51:23.0000",4.9,93.27,23.406055450439453,18.416730073644754,22.63796599809695
"2025-02-19 16:21:14.0000",4.79,93.81,24.382688522338867,19.186312879499777,23.241229975735006
"2025-02-19 16:51:06.0000",4.49,94.88,24.96754264831543,19.754012667069706,23.738829671715354
"2025-02-19 17:20:57.0000",4.65,96.83,-1.4098648859776536e31,-8.830795430733542e29,-8.673829061357273e29
"2025-02-19 17:50:48.0000",4.79,97.38,-1.4098648859776536e31,-8.830795430733542e29,-8.673829061357273e29
"2025-02-19 18:50:29.0000",4.93,100.71,-1.4098648859776536e31,-8.830795430733542e29,-8.673829061357273e29
"2025-02-19 19:20:21.0000",5.54,103.33,-1.4098648859776536e31,-8.830795430733542e29,-8.673829061357273e29
"2025-02-19 20:49:55.0000",5.67,108.37,-1.4098648859776536e31,-8.830795430733542e29,-8.673829061357273e29
"2025-02-19 21:19:46.0000",5.79,108.85,-1.4098648859776536e31,-8.830795430733542e29,-8.673829061357273e29
"2025-02-19 21:49:37.0000",6.06,110.2,-1.4098648859776536e31,-8.830795430733542e29,-8.673829061357273e29
"2025-02-19 22:19:29.0000",6.51,111.4,-1.4098648859776536e31,-8.830795430733542e29,-8.673829061357273e29
"2025-02-19 22:49:21.0000",6.87,111.53,-1.4098648859776536e31,-8.830795430733542e29,-8.673829061357273e29
"2025-02-19 23:19:12.0000",6.66,110.44,-1.4098648859776536e31,-8.830795430733542e29,-8.673829061357273e29
"2025-02-19 23:49:04.0000",6.92,111.95,-1.4098648859776536e31,-8.830795430733542e29,-8.673829061357273e29
"2025-02-20 00:18:57.0000",7.27,112.03,-1.4098648859776536e31,-8.830795430733542e29,-8.673829061357273e29
"2025-02-20 00:48:48.0000",7.52,111.51,-1.4098648859776536e31,-8.830795430733542e29,-8.673829061357273e29
"2025-02-20 01:18:40.0000",7.77,111.25,-1.4098648859776536e31,-8.830795430733542e29,-8.673829061357273e29
"2025-02-20 01:48:32.0000",7.84,110.77,-1.4098648859776536e31,-8.830795430733542e29,-8.673829061357273e29
"2025-02-20 02:18:23.0000",7.98,111.27,-1.4098648859776536e31,-8.830795430733542e29,-8.673829061357273e29
"2025-02-20 02:48:15.0000",8.11,111.7,-1.4098648859776536e31,-8.830795430733542e29,-8.673829061357273e29
"2025-02-20 03:18:06.0000",8.28,112.69,-1.4098648859776536e31,-8.830795430733542e29,-8.673829061357273e29
"2025-02-20 03:47:58.0000",8.7,113.35,-1.4098648859776536e31,-8.830795430733542e29,-8.673829061357273e29
"2025-02-20 04:17:51.0000",9.04,113.98,-1.4098648859776536e31,-8.830795430733542e29,-8.673829061357273e29
"2025-02-20 04:47:42.0000",9.18,113.73,-1.4098648859776536e31,-8.830795430733542e29,-8.673829061357273e29
"2025-02-20 05:17:33.0000",9.3,114.19,-1.4098648859776536e31,-8.830795430733542e29,-8.673829061357273e29
"2025-02-20 05:47:25.0000",9.31,113.94,-1.4098648859776536e31,-8.830795430733542e29,-8.673829061357273e29
"2025-02-20 06:17:16.0000",9.13,114.09,-1.4098648859776536e31,-8.830795430733542e29,-8.673829061357273e29
"2025-02-20 06:47:08.0000",9.49,114.91,-1.4098648859776536e31,-8.830795430733542e29,-8.673829061357273e29
"2025-02-20 07:16:59.0000",9.63,115.24,-1.4098648859776536e31,-8.830795430733542e29,-8.673829061357273e29
"2025-02-20 07:46:51.0000",9.92,116.84,-1.4098648859776536e31,-8.830795430733542e29,-8.673829061357273e29
"2025-02-20 08:16:42.0000",10.4,117.76,-1.4098648859776536e31,-8.830795430733542e29,-8.673829061357273e29
"2025-02-20 08:46:34.0000",10.53,117.54,-1.4098648859776536e31,-8.830795430733542e29,-8.673829061357273e29
"2025-02-20 09:16:25.0000",10.65,118.01,-1.4098648859776536e31,-8.830795430733542e29,-8.673829061357273e29
"2025-02-20 09:46:16.0000",10.78,118.7,-1.4098648859776536e31,-8.830795430733542e29,-8.673829061357273e29
"2025-02-20 10:16:07.0000",11.06,119.44,-1.4098648859776536e31,-8.830795430733542e29,-8.673829061357273e29
"2025-02-20 10:46:01.0000",12.18,117.55,-1.4098648859776536e31,-8.830795430733542e29,-8.673829061357273e29
"2025-02-20 11:15:52.0000",11.94,117.51,-1.4098648859776536e31,-8.830795430733542e29,-8.673829061357273e29
"2025-02-20 11:45:45.0000",12.65,115.06,-1.4098648859776536e31,-8.830795430733542e29,-8.673829061357273e29
"2025-02-20 12:15:33.0000",11.48,113.98,-1.4098648859776536e31,-8.830795430733542e29,-8.673829061357273e29
"2025-02-20 12:45:20.0000",10.14,116.18,-1.4098648859776536e31,-8.830795430733542e29,-8.673829061357273e29
"2025-02-20 13:15:14.0000",11.34,115.97,-1.4098648859776536e31,-8.830795430733542e29,-8.673829061357273e29
"2025-02-20 13:45:07.0000",12.35,113.54,-1.4098648859776536e31,-8.830795430733542e29,-8.673829061357273e29
"2025-02-20 14:14:59.0000",13.43,113.71,-1.4098648859776536e31,-8.830795430733542e29,-8.673829061357273e29
"2025-02-20 14:44:51.0000",13.99,111.76,-1.4098648859776536e31,-8.830795430733542e29,-8.673829061357273e29
"2025-02-20 15:14:43.0000",13.92,101.41,5.026731967926025,5.848512772603506,14.904102439673212
"2025-02-20 15:44:34.0000",13.6,95.92,-1.4098648859776536e31,-8.830795430733542e29,-8.673829061357273e29
"2025-02-20 16:14:24.0000",12.72,93.48,6.698276996612549,7.154718635771256,16.530768862432954
"2025-02-20 16:44:14.0000",12.36,91.18,12.894518852233887,10.829236113828594,20.35745789062552
"2025-02-20 17:14:04.0000",11.68,92.39,89.24305725097656,55.487845027834474,48.03961858758394
"2025-02-20 17:43:55.0000",11.06,92.49,90.62017822265625,56.736485662244604,51.10129411442657
"2025-02-20 18:13:45.0000",10.55,92.11,-1.4098648859776536e31,-8.830795430733542e29,-8.673829061357273e29
"2025-02-20 18:43:35.0000",10.16,92.73,43.851806640625,29.628193453319046,33.28014209145568
"2025-02-20 19:13:25.0000",9.64,93.91,7.635594367980957,8.092397360296076,19.01034537864803
"2025-02-20 19:43:16.0000",9.8,94.7,9.051300048828125,9.413601527036308,19.474801047389615
"2025-02-20 20:13:07.0000",9.84,94.78,8.518376350402832,8.777240746036515,21.73675751993199
"2025-02-20 20:42:59.0000",9.84,95.01,91.7089614868164,58.66130840541575,52.640125397485505
"2025-02-20 21:12:49.0000",9.35,95.2,7.451542377471924,7.951132693032176,18.600606684039906
"2025-02-20 21:42:39.0000",8.9,96.53,-1.4098648859776536e31,-8.830795430733542e29,-8.673829061357273e29
"2025-02-20 22:12:30.0000",8.66,97.41,7.237083435058594,7.527099772077229,16.9653092771089
"2025-02-20 22:42:21.0000",8.63,98.1,7.157628059387207,7.486596659030619,15.959680072299344
"2025-02-20 23:12:11.0000",8.64,98.51,7.55633020401001,7.772140937209708,17.26172757903472
"2025-02-20 23:42:02.0000",8.71,99.11,8.034527778625488,8.395319499231706,18.243939074130875
"2025-02-21 00:11:55.0000",8.78,99.27,-1.4098648859776536e31,-8.830795430733542e29,-8.673829061357273e29
"2025-02-21 00:41:46.0000",8.9,99.99,-1.4098648859776536e31,-8.830795430733542e29,-8.673829061357273e29
"2025-02-21 01:11:39.0000",9.04,100.36,-1.4098648859776536e31,-8.830795430733542e29,-8.673829061357273e29
"2025-02-21 01:41:30.0000",9.01,101.75,-1.4098648859776536e31,-8.830795430733542e29,-8.673829061357273e29
"2025-02-21 02:11:21.0000",8.73,102.08,-1.4098648859776536e31,-8.830795430733542e29,-8.673829061357273e29
"2025-02-21 02:41:11.0000",8.6,104.34,-1.4098648859776536e31,-8.830795430733542e29,-8.673829061357273e29
"2025-02-21 03:11:02.0000",8.62,106.91,-1.4098648859776536e31,-8.830795430733542e29,-8.673829061357273e29
"2025-02-21 03:40:54.0000",8.91,106.78,-1.4098648859776536e31,-8.830795430733542e29,-8.673829061357273e29
"2025-02-21 04:10:46.0000",9.39,107.84,-1.4098648859776536e31,-8.830795430733542e29,-8.673829061357273e29
"2025-02-21 04:40:39.0000",9.78,108.03,-1.4098648859776536e31,-8.830795430733542e29,-8.673829061357273e29
"2025-02-21 05:10:30.0000",9.89,109.78,-1.4098648859776536e31,-8.830795430733542e29,-8.673829061357273e29
"2025-02-21 05:40:22.0000",10.52,110.38,-1.4098648859776536e31,-8.830795430733542e29,-8.673829061357273e29
"2025-02-21 06:10:13.0000",10.31,110.59,-1.4098648859776536e31,-8.830795430733542e29,-8.673829061357273e29
"2025-02-21 06:40:04.0000",10.52,112.52,-1.4098648859776536e31,-8.830795430733542e29,-8.673829061357273e29
"2025-02-21 07:09:56.0000",10.91,113.58,-1.4098648859776536e31,-8.830795430733542e29,-8.673829061357273e29
"2025-02-21 07:39:48.0000",10.79,112.83,-1.4098648859776536e31,-8.830795430733542e29,-8.673829061357273e29
"2025-02-21 08:09:40.0000",10.99,113.71,-1.4098648859776536e31,-8.830795430733542e29,-8.673829061357273e29
"2025-02-21 08:39:31.0000",11.55,113.14,-1.4098648859776536e31,-8.830795430733542e29,-8.673829061357273e29
"2025-02-21 09:09:25.0000",12.38,106.59,-1.4098648859776536e31,-8.830795430733542e29,-8.673829061357273e29
"2025-02-21 09:39:18.0000",12.61,97.53,-1.4098648859776536e31,-8.830795430733542e29,-8.673829061357273e29
"2025-02-21 10:09:10.0000",13.06,94.69,-1.4098648859776536e31,-8.830795430733542e29,-8.673829061357273e29
"2025-02-21 11:08:53.0000",13.47,90.14,86.85149383544922,53.428596417748246,43.55996542898056
"2025-02-21 11:38:44.0000",13.21,91.36,2.1111812591552734,2.8998417290598746,8.563030124204879
"2025-02-21 12:08:36.0000",13.39,91.8,1.6740286350250244,2.549399412902051,7.6355605247720835
"2025-02-21 12:38:28.0000",13.7,89.64,-1.4098648859776536e31,-8.830795430733542e29,-8.673829061357273e29
"2025-02-21 13:08:19.0000",13.78,88.48,86.491455078125,52.9626631189528,43.334468267818984
"2025-02-21 13:38:09.0000",13.25,92.82,1.706758975982666,2.4725173381670227,8.23286478794117
"2025-02-21 14:08:01.0000",13.34,92.79,1.1181738376617432,2.058309952220307,7.061234194004456
"2025-02-21 14:37:50.0000",12.38,97.19,-1.4098648859776536e31,-8.830795430733542e29,-8.673829061357273e29
"2025-02-21 15:07:41.0000",12.08,100.36,-1.4098648859776536e31,-8.830795430733542e29,-8.673829061357273e29
"2025-02-21 15:37:32.0000",12.27,101.09,-1.4098648859776536e31,-8.830795430733542e29,-8.673829061357273e29
"2025-02-21 16:07:25.0000",12.64,100.66,-1.4098648859776536e31,-8.830795430733542e29,-8.673829061357273e29
"2025-02-21 16:37:18.0000",13.42,95.01,86.91768646240234,53.45960222706573,43.82878385201444
"2025-02-21 17:07:08.0000",12.88,93.06,7.7744526863098145,6.531528412526513,11.880608690239653
"2025-02-21 17:36:58.0000",12.33,92.46,44.28761291503906,28.32554046945122,27.14345659318324
"2025-02-21 18:06:48.0000",11.76,92.6,51.847923278808594,33.11751782198604,30.82675130882179
"2025-02-21 18:36:38.0000",10.47,95.16,-1.4098648859776536e31,-8.830795430733542e29,-8.673829061357273e29
"2025-02-21 19:06:28.0000",10.11,95.74,-1.4098648859776536e31,-8.830795430733542e29,-8.673829061357273e29
"2025-02-21 19:36:18.0000",9.87,94.19,20.09795379638672,13.89384804589192,16.905268681805136
"2025-02-21 20:06:08.0000",9.22,93.65,66.83185577392578,41.89639268964622,35.984424868032036
"2025-02-21 20:35:57.0000",8.6,94.02,-1.4098648859776536e31,-8.830795430733542e29,-8.673829061357273e29
"2025-02-21 21:05:48.0000",8.31,94.63,86.8869400024414,54.398033758299924,44.373027326919264
"2025-02-21 21:35:39.0000",8.48,95.31,48.00428009033203,30.9069506694731,28.39301215905992
"2025-02-21 22:05:31.0000",8.7,94.49,50.67299270629883,32.59351944391428,30.079870136078494
"2025-02-21 22:35:22.0000",8.46,94.36,23.995140075683594,16.28877048230884,18.523912053759354
"2025-02-21 23:05:12.0000",7.91,94.83,36.31596755981445,24.023013401407503,24.418496943397795
"2025-02-21 23:35:04.0000",8.43,94.94,2.7865495681762695,3.6215156107444466,10.351187030387019
"2025-02-22 00:04:54.0000",8.01,94.79,58.08953094482422,37.022173235861096,32.612184941028005
"2025-02-22 00:34:42.0000",7.3,95.97,-1.4098648859776536e31,-8.830795430733542e29,-8.673829061357273e29
"2025-02-22 01:04:33.0000",6.81,97.33,2.7765703201293945,3.3286644576937907,9.293734167352117
"2025-02-22 01:34:23.0000",6.63,98.24,-1.4098648859776536e31,-8.830795430733542e29,-8.673829061357273e29
"2025-02-22 02:04:14.0000",6.53,98.79,-1.4098648859776536e31,-8.830795430733542e29,-8.673829061357273e29
"2025-02-22 02:34:04.0000",6.32,99.39,-1.4098648859776536e31,-8.830795430733542e29,-8.673829061357273e29
"2025-02-22 03:03:55.0000",5.93,99.91,-1.4098648859776536e31,-8.830795430733542e29,-8.673829061357273e29
"2025-02-22 03:33:45.0000",5.98,101.18,-1.4098648859776536e31,-8.830795430733542e29,-8.673829061357273e29
"2025-02-22 04:03:36.0000",5.82,102.61,-1.4098648859776536e31,-8.830795430733542e29,-8.673829061357273e29
"2025-02-22 04:33:27.0000",5.71,102.87,-1.4098648859776536e31,-8.830795430733542e29,-8.673829061357273e29
"2025-02-22 05:03:17.0000",5.56,103.28,-1.4098648859776536e31,-8.830795430733542e29,-8.673829061357273e29
"2025-02-22 05:33:08.0000",5.33,104.11,-1.4098648859776536e31,-8.830795430733542e29,-8.673829061357273e29
"2025-02-22 06:02:59.0000",5.19,104.81,-1.4098648859776536e31,-8.830795430733542e29,-8.673829061357273e29
"2025-02-22 06:32:50.0000",5,105.58,-1.4098648859776536e31,-8.830795430733542e29,-8.673829061357273e29
"2025-02-22 07:02:42.0000",5,106.26,-1.4098648859776536e31,-8.830795430733542e29,-8.673829061357273e29
"2025-02-22 07:32:33.0000",5.24,106.58,-1.4098648859776536e31,-8.830795430733542e29,-8.673829061357273e29
"2025-02-22 08:02:23.0000",6.21,109.9,-1.4098648859776536e31,-8.830795430733542e29,-8.673829061357273e29
"2025-02-22 08:32:20.0000",9.37,105.02,-1.4098648859776536e31,-8.830795430733542e29,-8.673829061357273e29
"2025-02-22 09:02:14.0000",10.73,103.13,-1.4098648859776536e31,-8.830795430733542e29,-8.673829061357273e29
"2025-02-22 09:32:09.0000",12.42,100.83,3.767744541168213,4.372338369176934,11.634962001788583
"2025-02-22 10:02:02.0000",14.04,94.67,5.5617451667785645,6.083542047850534,14.388946777333096
"2025-02-22 10:31:52.0000",13.69,89.92,-1.4098648859776536e31,-8.830795430733542e29,-8.673829061357273e29
"2025-02-22 11:01:42.0000",13.17,88.62,7.083765506744385,6.9343406736186886,15.641816378842135
"2025-02-22 11:31:39.0000",16.31,87.52,5.924549102783203,6.400027788024421,15.715113567209581
"2025-02-22 12:01:26.0000",12.92,82.76,3.2957725524902344,5.119650924494791,16.07448749998949
"2025-02-22 12:31:16.0000",13.19,82.15,3.661057472229004,5.336810075140666,14.674930794341346
"2025-02-22 13:01:09.0000",13.98,79.07,2.940122604370117,4.818255950147142,15.041711380345307
"2025-02-22 13:30:58.0000",12.41,75.44,2.8627474308013916,4.976793159256922,17.820225222042502
"2025-02-22 14:00:51.0000",13.27,72.35,2.7214395999908447,4.756585875756991,14.266227809393959
"2025-02-22 14:30:40.0000",11.92,71.58,3.2796363830566406,5.217901804535842,15.783196507171612
"2025-02-22 15:00:31.0000",12.04,69.88,3.2019479274749756,5.2514244955184335,15.471712773480949
"2025-02-22 15:30:23.0000",12.03,69.35,2.7029333114624023,4.771600396842339,13.905613872148582
"2025-02-22 16:00:13.0000",11.02,70.5,3.2356207370758057,5.12542299301197,15.738888368731212
"2025-02-22 16:30:02.0000",10.7,76.11,3.0459542274475098,4.7172068478049525,13.665956086045082
"2025-02-22 16:59:54.0000",10.49,75.31,3.088644027709961,4.760265993720792,13.399613156284383
"2025-02-22 17:29:44.0000",9.67,76.49,4.517330646514893,5.909594439521163,15.28481131953183
"2025-02-22 17:59:33.0000",8.86,78.45,4.331150054931641,5.4919420949568,15.269977942919303
"2025-02-22 18:29:23.0000",8.33,81.11,4.8225860595703125,5.687812540851959,14.406546986926191
"2025-02-22 18:59:14.0000",8.07,83.97,4.138876438140869,4.750997572747981,11.438992940108067
"2025-02-22 19:29:05.0000",7.75,85.44,37.770904541015625,24.77095013132971,25.799001489921906
"2025-02-22 19:58:55.0000",7,86.68,87.6382827758789,54.59762755414737,45.19216481842276
"2025-02-22 20:28:46.0000",6.64,87.53,88.50457000732422,55.28598778953327,46.03185532955786
"2025-02-22 20:58:36.0000",6.21,88.76,3.800522804260254,4.4457184136116465,10.90048487059801
"2025-02-22 21:28:27.0000",6.02,89.21,-1.4098648859776536e31,-8.830795430733542e29,-8.673829061357273e29
"2025-02-22 21:58:17.0000",6.15,90.14,-1.4098648859776536e31,-8.830795430733542e29,-8.673829061357273e29
"2025-02-22 22:28:09.0000",6.06,91.13,3.4117517471313477,3.9016002637863196,10.353291486660543
"2025-02-22 22:58:00.0000",5.82,92.33,3.5496726036071777,4.134917541717032,10.982810426072652
"2025-02-22 23:27:50.0000",5.45,92.85,-1.4098648859776536e31,-8.830795430733542e29,-8.673829061357273e29
"2025-02-22 23:57:42.0000",5.13,93.75,4.271483898162842,4.683836231833496,11.038111370293759
"2025-02-23 00:27:32.0000",4.98,94.44,-1.4098648859776536e31,-8.830795430733542e29,-8.673829061357273e29
"2025-02-23 00:57:23.0000",4.89,95.13,-1.4098648859776536e31,-8.830795430733542e29,-8.673829061357273e29
"2025-02-23 01:27:14.0000",4.87,95.96,-1.4098648859776536e31,-8.830795430733542e29,-8.673829061357273e29
"2025-02-23 01:57:05.0000",5.11,97.3,-1.4098648859776536e31,-8.830795430733542e29,-8.673829061357273e29
"2025-02-23 02:26:56.0000",5.31,98.55,-1.4098648859776536e31,-8.830795430733542e29,-8.673829061357273e29
"2025-02-23 02:56:47.0000",5.22,99.62,-1.4098648859776536e31,-8.830795430733542e29,-8.673829061357273e29
"2025-02-23 03:26:38.0000",5.17,100.62,-1.4098648859776536e31,-8.830795430733542e29,-8.673829061357273e29
"2025-02-23 03:56:29.0000",5.21,101.24,-1.4098648859776536e31,-8.830795430733542e29,-8.673829061357273e29
"2025-02-23 04:26:21.0000",5.46,101.79,-1.4098648859776536e31,-8.830795430733542e29,-8.673829061357273e29
"2025-02-23 04:56:13.0000",5.81,102.24,-1.4098648859776536e31,-8.830795430733542e29,-8.673829061357273e29
"2025-02-23 05:26:04.0000",5.97,103.07,-1.4098648859776536e31,-8.830795430733542e29,-8.673829061357273e29
"2025-02-23 05:55:55.0000",6.29,103.63,-1.4098648859776536e31,-8.830795430733542e29,-8.673829061357273e29
"2025-02-23 06:25:47.0000",6.51,103.51,-1.4098648859776536e31,-8.830795430733542e29,-8.673829061357273e29
"2025-02-23 06:55:39.0000",6.86,103.12,-1.4098648859776536e31,-8.830795430733542e29,-8.673829061357273e29
"2025-02-23 07:25:31.0000",7.27,102.03,-1.4098648859776536e31,-8.830795430733542e29,-8.673829061357273e29
"2025-02-23 07:55:23.0000",7.42,101.29,-1.4098648859776536e31,-8.830795430733542e29,-8.673829061357273e29
"2025-02-23 08:25:14.0000",7.63,100.75,-1.4098648859776536e31,-8.830795430733542e29,-8.673829061357273e29
"2025-02-23 08:55:05.0000",7.8,100.06,-1.4098648859776536e31,-8.830795430733542e29,-8.673829061357273e29
"2025-02-23 09:24:56.0000",8.14,97.47,-1.4098648859776536e31,-8.830795430733542e29,-8.673829061357273e29
"2025-02-23 09:54:48.0000",8.31,95.8,87.12537384033203,54.801315158779126,44.848576838556276
"2025-02-23 10:24:41.0000",8.73,91.59,36.947025299072266,23.98576896807231,24.537978982383866
"2025-02-23 10:54:34.0000",9.1,88.26,2.5039632320404053,3.610585458353479,10.374397919934925
"2025-02-23 11:24:26.0000",9.35,85.11,88.10244750976562,54.138673705636016,44.77937876284613
"2025-02-23 12:24:07.0000",9.77,92.4,1.7241907119750977,2.70194787627329,9.181209341457322
"2025-02-23 12:53:59.0000",9.41,93.78,1.6306184530258179,2.4849291859173657,8.042527469222698
"2025-02-23 13:23:49.0000",9.03,99.11,-1.4098648859776536e31,-8.830795430733542e29,-8.673829061357273e29
"2025-02-23 13:53:41.0000",8.97,101.32,-1.4098648859776536e31,-8.830795430733542e29,-8.673829061357273e29
"2025-02-23 14:23:32.0000",8.65,105.58,-1.4098648859776536e31,-8.830795430733542e29,-8.673829061357273e29
"2025-02-23 14:53:22.0000",8.32,109.69,-1.4098648859776536e31,-8.830795430733542e29,-8.673829061357273e29
"2025-02-23 15:23:13.0000",8.54,111.9,-1.4098648859776536e31,-8.830795430733542e29,-8.673829061357273e29
"2025-02-23 15:53:04.0000",8.96,115.11,-1.4098648859776536e31,-8.830795430733542e29,-8.673829061357273e29
"2025-02-23 16:22:56.0000",9.08,114.77,-1.4098648859776536e31,-8.830795430733542e29,-8.673829061357273e29
"2025-02-23 16:52:48.0000",9.03,114.48,-1.4098648859776536e31,-8.830795430733542e29,-8.673829061357273e29
"2025-02-23 17:22:39.0000",9.29,116.06,-1.4098648859776536e31,-8.830795430733542e29,-8.673829061357273e29
"2025-02-23 17:52:31.0000",9.56,116.37,-1.4098648859776536e31,-8.830795430733542e29,-8.673829061357273e29
"2025-02-23 18:22:22.0000",9.66,116.72,-1.4098648859776536e31,-8.830795430733542e29,-8.673829061357273e29
"2025-02-23 18:52:12.0000",9.59,116.45,-1.4098648859776536e31,-8.830795430733542e29,-8.673829061357273e29
"2025-02-23 19:22:03.0000",9.56,117.2,-1.4098648859776536e31,-8.830795430733542e29,-8.673829061357273e29
"2025-02-23 19:51:54.0000",9.87,117.58,-1.4098648859776536e31,-8.830795430733542e29,-8.673829061357273e29
"2025-02-23 20:21:46.0000",9.85,111.45,-1.4098648859776536e31,-8.830795430733542e29,-8.673829061357273e29
"2025-02-23 20:51:37.0000",9.59,107.75,-1.4098648859776536e31,-8.830795430733542e29,-8.673829061357273e29
"2025-02-23 21:21:27.0000",9.29,106.58,-1.4098648859776536e31,-8.830795430733542e29,-8.673829061357273e29
"2025-02-23 21:51:18.0000",9.24,106.63,-1.4098648859776536e31,-8.830795430733542e29,-8.673829061357273e29
"2025-02-23 22:21:09.0000",9.18,107,-1.4098648859776536e31,-8.830795430733542e29,-8.673829061357273e29
"2025-02-23 22:51:01.0000",9.17,107.09,-1.4098648859776536e31,-8.830795430733542e29,-8.673829061357273e29
"2025-02-23 23:20:52.0000",9.26,106.87,-1.4098648859776536e31,-8.830795430733542e29,-8.673829061357273e29
"2025-02-23 23:50:43.0000",9.31,106.26,-1.4098648859776536e31,-8.830795430733542e29,-8.673829061357273e29
"2025-02-24 00:20:36.0000",9.53,104.56,-1.4098648859776536e31,-8.830795430733542e29,-8.673829061357273e29
"2025-02-24 00:50:28.0000",9.69,102.26,-1.4098648859776536e31,-8.830795430733542e29,-8.673829061357273e29
"2025-02-24 01:20:19.0000",9.44,100.56,-1.4098648859776536e31,-8.830795430733542e29,-8.673829061357273e29
"2025-02-24 01:50:09.0000",9.37,100.99,-1.4098648859776536e31,-8.830795430733542e29,-8.673829061357273e29
"2025-02-24 02:20:01.0000",9.18,101.1,-1.4098648859776536e31,-8.830795430733542e29,-8.673829061357273e29
"2025-02-24 02:49:50.0000",8.77,102.08,-1.4098648859776536e31,-8.830795430733542e29,-8.673829061357273e29
"2025-02-24 03:49:32.0000",8.22,103.55,-1.4098648859776536e31,-8.830795430733542e29,-8.673829061357273e29
"2025-02-24 04:19:22.0000",7.78,104.31,-1.4098648859776536e31,-8.830795430733542e29,-8.673829061357273e29
"2025-02-24 04:49:13.0000",7.43,104.78,-1.4098648859776536e31,-8.830795430733542e29,-8.673829061357273e29
"2025-02-24 05:19:03.0000",6.71,105.5,-1.4098648859776536e31,-8.830795430733542e29,-8.673829061357273e29
"2025-02-24 05:48:53.0000",6.7,105.85,-1.4098648859776536e31,-8.830795430733542e29,-8.673829061357273e29
"2025-02-24 06:18:45.0000",7.37,106.67,-1.4098648859776536e31,-8.830795430733542e29,-8.673829061357273e29
"2025-02-24 06:48:39.0000",8.56,105.23,-1.4098648859776536e31,-8.830795430733542e29,-8.673829061357273e29
"2025-02-24 07:18:30.0000",8.55,103.93,-1.4098648859776536e31,-8.830795430733542e29,-8.673829061357273e29
"2025-02-24 07:48:20.0000",8.67,103.51,-1.4098648859776536e31,-8.830795430733542e29,-8.673829061357273e29
"2025-02-24 08:18:10.0000",8.32,103.04,-1.4098648859776536e31,-8.830795430733542e29,-8.673829061357273e29
"2025-02-24 08:48:03.0000",9.2,100.64,4.300053119659424,4.869138460462658,12.639262651326215
"2025-02-24 09:17:54.0000",9.35,99.07,-1.4098648859776536e31,-8.830795430733542e29,-8.673829061357273e29
"2025-02-24 09:47:46.0000",9.69,98.04,86.46007537841797,53.84053594868203,43.51900459258209
"2025-02-24 10:47:30.0000",11.71,99.31,2.924079179763794,3.839271107164124,10.593325681475545
"2025-02-24 11:17:28.0000",13.95,94.69,5.763460159301758,5.745291955913343,13.160469607028158
"2025-02-24 11:47:11.0000",9.17,93.43,-1.4098648859776536e31,-8.830795430733542e29,-8.673829061357273e29
"2025-02-24 12:17:05.0000",12.2,97.46,3.55672550201416,4.320516696623695,10.82141890986016
"2025-02-24 12:47:00.0000",13.16,94.7,4.23330020904541,4.948724512824079,12.38147732104035
"2025-02-24 13:16:52.0000",13.34,92.66,61.14643096923828,39.00597339742479,35.99983969745994
"2025-02-24 13:46:42.0000",12.95,91.15,-1.4098648859776536e31,-8.830795430733542e29,-8.673829061357273e29
"2025-02-24 14:46:23.0000",13.24,78.32,14.257892608642578,11.080130167784818,19.45021304204293
"2025-02-24 15:16:13.0000",12.22,70.82,3.1117560863494873,5.238584673732907,14.992290573280064
"2025-02-24 15:46:04.0000",11.92,68.75,3.4813623428344727,5.731281222978623,15.783058244150514
"2025-02-24 16:15:53.0000",10.76,68.24,3.6901984214782715,5.821667479259339,16.232977853254944
"2025-02-24 16:45:43.0000",10.24,69.34,4.1082634925842285,6.093261385634607,17.409535059339408
"2025-02-24 17:15:33.0000",9.46,71.43,3.6133458614349365,5.3793629628339605,15.18498401853408
"2025-02-24 17:45:23.0000",8.63,74.16,4.131196022033691,5.569447224036395,15.901615826968825
"2025-02-24 18:15:12.0000",7.94,76.29,-1.4098648859776536e31,-8.830795430733542e29,-8.673829061357273e29
"2025-02-24 18:45:03.0000",7.54,78.45,4.117184162139893,5.4990075068016635,14.98180399626881
"2025-02-24 19:14:55.0000",7.93,80.89,-1.4098648859776536e31,-8.830795430733542e29,-8.673829061357273e29
"2025-02-24 19:44:45.0000",6.8,84.99,-1.4098648859776536e31,-8.830795430733542e29,-8.673829061357273e29
"2025-02-24 20:14:35.0000",5.72,88.87,-1.4098648859776536e31,-8.830795430733542e29,-8.673829061357273e29
"2025-02-24 20:44:26.0000",5.67,90.76,0.6379717588424683,1.4210495558985972,7.124277483253135
"2025-02-24 21:14:18.0000",5.74,91.9,-1.4098648859776536e31,-8.830795430733542e29,-8.673829061357273e29
"2025-02-24 21:44:09.0000",5.68,92.98,-1.4098648859776536e31,-8.830795430733542e29,-8.673829061357273e29
"2025-02-24 22:13:59.0000",5.51,93.84,-1.4098648859776536e31,-8.830795430733542e29,-8.673829061357273e29
"2025-02-24 22:43:50.0000",5.33,94.47,-1.4098648859776536e31,-8.830795430733542e29,-8.673829061357273e29
"2025-02-24 23:13:40.0000",4.87,95.26,-1.4098648859776536e31,-8.830795430733542e29,-8.673829061357273e29
"2025-02-24 23:43:30.0000",4.8,95.59,-1.4098648859776536e31,-8.830795430733542e29,-8.673829061357273e29
"2025-02-25 00:13:22.0000",5.35,96.78,-1.4098648859776536e31,-8.830795430733542e29,-8.673829061357273e29
"2025-02-25 00:43:14.0000",5.74,96.2,-1.4098648859776536e31,-8.830795430733542e29,-8.673829061357273e29
"2025-02-25 01:13:04.0000",5.15,96.19,-1.4098648859776536e31,-8.830795430733542e29,-8.673829061357273e29
"2025-02-25 01:42:54.0000",4.14,96.06,1.7521957159042358,2.5434810174290567,8.140214508117555
"2025-02-25 02:12:44.0000",3.89,96.5,1.7970272302627563,2.528656423155061,8.415055243439413
"2025-02-25 02:42:35.0000",3.72,96.96,-1.4098648859776536e31,-8.830795430733542e29,-8.673829061357273e29
"2025-02-25 03:12:26.0000",3.61,95.8,1.4766864776611328,2.19044056866656,7.267561854136738
"2025-02-25 03:42:16.0000",3.02,95.91,5.027649402618408,4.4231594530814755,8.906188819470161
"2025-02-25 04:12:07.0000",2.81,96.22,1.4862573146820068,2.1783370681712135,7.500444300033306
"2025-02-25 04:41:59.0000",2.87,95.93,1.670457124710083,2.458881283034361,7.849257097052564
"2025-02-25 05:11:49.0000",2.8,96.53,1.6597278118133545,2.2859275973815922,7.4789116856264695
"2025-02-25 06:11:31.0000",2.39,96.89,1.8226996660232544,2.620061941970418,7.6749978338547455
"2025-02-25 06:41:24.0000",3.2,97,1.6358450651168823,2.3407987948689275,7.506372439894171
"2025-02-25 07:11:16.0000",3.73,96.31,-1.4098648859776536e31,-8.830795430733542e29,-8.673829061357273e29
"2025-02-25 07:41:09.0000",4.17,96.21,1.7719534635543823,2.4375458613492333,7.26754234539495
"2025-02-25 08:11:01.0000",4.39,96.3,2.1403985023498535,2.8012275271959806,8.5723725568867
"2025-02-25 08:40:54.0000",5.32,95.59,-1.4098648859776536e31,-8.830795430733542e29,-8.673829061357273e29
"2025-02-25 09:10:49.0000",9.23,94.82,50.030601501464844,32.18040760642256,29.39344028075586
"2025-02-25 09:40:46.0000",10.59,88.82,22.08110237121582,15.057594960916248,17.640399812064818
"2025-02-25 10:10:34.0000",10.24,87.79,3.910651206970215,4.612542519035937,12.574439174823832
"2025-02-25 10:40:27.0000",11.73,81.96,2.667958974838257,4.245428900486383,12.480626137298163
"2025-02-25 11:10:18.0000",11,77.99,2.4734127521514893,4.122019270936155,13.511861048595676
"2025-02-25 11:40:11.0000",11.79,73.9,2.461242198944092,4.376520242928798,12.858230519496159
"2025-02-25 12:10:02.0000",11.07,71.06,2.425445318222046,4.49795749045404,14.05706333758529
"2025-02-25 12:39:53.0000",11.02,70.77,2.890261650085449,4.786352730651451,14.140934833054045
"2025-02-25 13:09:42.0000",9.7,72.54,2.255841016769409,4.020401422904571,12.910825614044585
"2025-02-25 13:39:34.0000",10.13,72.92,2.6351187229156494,4.547754946036781,13.52547383075137
"2025-02-25 14:09:27.0000",10.29,71.73,-1.4098648859776536e31,-8.830795430733542e29,-8.673829061357273e29
"2025-02-25 14:39:16.0000",9.52,72.69,3.1091887950897217,4.814298543351299,15.215572627326761
"2025-02-25 15:09:06.0000",9.03,73.9,3.129223108291626,4.734441530865283,13.840896746249667
"2025-02-25 15:38:56.0000",8.64,76.42,3.459404468536377,4.941418260285689,13.906338325835506
"2025-02-25 16:08:48.0000",8.22,76.38,3.3860177993774414,4.873993628111793,14.32183638393134
"2025-02-25 16:38:39.0000",8.05,77.76,3.3894238471984863,4.936292873397172,13.970686873080448
"2025-02-25 17:08:28.0000",7.29,78.05,2.9348459243774414,4.347264505135275,12.67924905913674
"2025-02-25 17:38:18.0000",6.59,79.61,3.5041658878326416,4.7300270519387775,14.107574945017033
"2025-02-25 18:08:08.0000",5.97,81.28,19.123918533325195,13.550109745481581,18.338093246552425
"2025-02-25 18:37:58.0000",5.49,81.59,89.52521514892578,54.62649199227964,46.058677137340794
"2025-02-25 19:07:49.0000",5.52,81.91,3.02152156829834,4.068767298883089,10.676175134471247
"2025-02-25 19:37:41.0000",5.69,81.43,5.2581658363342285,5.353774780599977,12.05907566838769
"2025-02-25 20:07:30.0000",4.53,82.18,45.53058624267578,29.008996815706467,27.875437570737926
"2025-02-25 20:37:21.0000",4.7,83.33,69.57465362548828,43.490414237075946,37.91031737704376
"2025-02-25 21:07:12.0000",4.87,83.58,27.551029205322266,18.539815465307804,21.072976627215326
"2025-02-25 21:37:03.0000",4.91,84.4,73.0537109375,45.62920053626257,39.19219336740088
"2025-02-25 22:06:52.0000",4.35,85.17,3.1973979473114014,3.8650675573445405,10.285461734164679
"2025-02-25 23:06:33.0000",3.64,87.15,87.09375762939453,54.61454420620456,44.2433816103658
"2025-02-25 23:36:23.0000",3.05,87.76,86.75504302978516,54.28219160664054,44.872478013403665
"2025-02-26 00:06:14.0000",2.95,88.68,86.7869644165039,54.51511293113482,43.94084439308297
"2025-02-26 00:36:05.0000",2.55,89.44,1.6063963174819946,2.369309164554721,7.715387116772456
"2025-02-26 01:05:56.0000",2.43,90.43,1.6817229986190796,2.3830483426927973,8.382632434503066
"2025-02-26 01:35:47.0000",2.55,90.84,1.4961947202682495,2.1569770953455456,7.0553785807275835
"2025-02-26 02:05:36.0000",2.31,91.48,-1.4098648859776536e31,-8.830795430733542e29,-8.673829061357273e29
"2025-02-26 02:35:28.0000",2.78,91.78,-1.4098648859776536e31,-8.830795430733542e29,-8.673829061357273e29
"2025-02-26 03:35:11.0000",2.98,92.97,1.4634894132614136,2.0212667518280094,7.492546917275025
"2025-02-26 04:05:02.0000",2.98,93.21,-1.4098648859776536e31,-8.830795430733542e29,-8.673829061357273e29
"2025-02-26 04:34:53.0000",3.07,93.93,-1.4098648859776536e31,-8.830795430733542e29,-8.673829061357273e29
"2025-02-26 05:04:46.0000",3.18,94.68,-1.4098648859776536e31,-8.830795430733542e29,-8.673829061357273e29
"2025-02-26 05:34:37.0000",2.92,95.58,-1.4098648859776536e31,-8.830795430733542e29,-8.673829061357273e29
"2025-02-26 06:04:29.0000",3.02,97.21,-1.4098648859776536e31,-8.830795430733542e29,-8.673829061357273e29
"2025-02-26 06:34:21.0000",3.59,99.31,-1.4098648859776536e31,-8.830795430733542e29,-8.673829061357273e29
"2025-02-26 07:04:14.0000",3.59,99.93,-1.4098648859776536e31,-8.830795430733542e29,-8.673829061357273e29
"2025-02-26 07:34:04.0000",3.6,100.55,-1.4098648859776536e31,-8.830795430733542e29,-8.673829061357273e29
"2025-02-26 08:03:54.0000",3.26,101.49,-1.4098648859776536e31,-8.830795430733542e29,-8.673829061357273e29
"2025-02-26 08:33:47.0000",6.46,102.72,-1.4098648859776536e31,-8.830795430733542e29,-8.673829061357273e29
"2025-02-26 09:03:48.0000",10.59,93.55,-1.4098648859776536e31,-8.830795430733542e29,-8.673829061357273e29
"2025-02-26 09:33:43.0000",11.93,89.68,-1.4098648859776536e31,-8.830795430733542e29,-8.673829061357273e29
"2025-02-26 10:03:35.0000",12.32,90.44,1.4118565320968628,2.2432673967577363,8.325712964327186
"2025-02-26 10:33:29.0000",12.36,86.02,2.0755276679992676,3.2037008857143747,9.386788221332862
"2025-02-26 11:03:17.0000",12.57,91.91,1.753448724746704,3.1538183453978967,10.076803402360875
"2025-02-26 11:33:05.0000",11.82,91.94,1.439540147781372,3.0693561557118003,9.955000996248971
"2025-02-26 12:02:58.0000",11.73,82.44,0.9503980875015259,3.0540987981210006,10.299034957342169
"2025-02-26 12:32:47.0000",11.25,74.08,1.2091068029403687,3.5082892532360246,12.012310711858012
"2025-02-26 13:02:38.0000",10.46,69.33,1.2275220155715942,3.5106750194303933,11.399875491610675
"2025-02-26 13:32:29.0000",9.86,68.78,2.069634437561035,4.081674541380013,13.051112458000086
"2025-02-26 14:02:21.0000",9.57,67.53,1.3631731271743774,3.629520448094201,11.666505389901747
"2025-02-26 14:32:10.0000",9.37,68.25,1.5146453380584717,3.58977069393557,11.755734754804749
"2025-02-26 15:02:02.0000",8.26,70.66,-1.4098648859776536e31,-8.830795430733542e29,-8.673829061357273e29
"2025-02-26 15:31:49.0000",6.98,77.63,1.2051453590393066,2.8005750018827937,9.630694546986518
"2025-02-26 16:01:40.0000",6.41,79.47,88.52559661865234,54.09401773767978,44.51220489606329
"2025-02-26 16:31:30.0000",5.81,83.53,1.8718268871307373,2.7292462836494127,8.825012558983826
"2025-02-26 17:01:19.0000",5.72,87.19,-1.4098648859776536e31,-8.830795430733542e29,-8.673829061357273e29
"2025-02-26 17:31:10.0000",5.92,90.01,2.47355580329895,3.152384340824449,8.975733482563493
"2025-02-26 18:01:00.0000",5.35,91.35,-1.4098648859776536e31,-8.830795430733542e29,-8.673829061357273e29
"2025-02-26 18:30:51.0000",5.4,90.18,1.61149263381958,2.5101417018400376,7.554981824939457
"2025-02-26 19:00:41.0000",5.1,91.02,-1.4098648859776536e31,-8.830795430733542e29,-8.673829061357273e29
"2025-02-26 19:30:32.0000",5.23,92.49,2.2697110176086426,2.885823619817425,8.62448423914152
"2025-02-26 20:00:22.0000",5.1,93.23,-1.4098648859776536e31,-8.830795430733542e29,-8.673829061357273e29
"2025-02-26 20:30:13.0000",4.83,94.05,-1.4098648859776536e31,-8.830795430733542e29,-8.673829061357273e29
"2025-02-26 21:00:02.0000",4.15,94.99,-1.4098648859776536e31,-8.830795430733542e29,-8.673829061357273e29
"2025-02-26 21:29:50.0000",3.71,95.32,0.7615339159965515,1.440697065554144,6.688246336114815
"2025-02-26 21:59:43.0000",4.41,95.07,-1.4098648859776536e31,-8.830795430733542e29,-8.673829061357273e29
"2025-02-26 22:29:35.0000",4.67,95.16,-1.4098648859776536e31,-8.830795430733542e29,-8.673829061357273e29
"2025-02-26 22:59:27.0000",4.57,95.16,-1.4098648859776536e31,-8.830795430733542e29,-8.673829061357273e29
"2025-02-26 23:29:18.0000",4.2,96.01,-1.4098648859776536e31,-8.830795430733542e29,-8.673829061357273e29
"2025-02-26 23:59:09.0000",4.52,96.01,-1.4098648859776536e31,-8.830795430733542e29,-8.673829061357273e29
"2025-02-27 00:29:00.0000",3.86,96.76,-1.4098648859776536e31,-8.830795430733542e29,-8.673829061357273e29
"2025-02-27 00:58:52.0000",4.17,96.82,-1.4098648859776536e31,-8.830795430733542e29,-8.673829061357273e29
"2025-02-27 01:28:43.0000",4.2,96.68,-1.4098648859776536e31,-8.830795430733542e29,-8.673829061357273e29
"2025-02-27 01:58:34.0000",3.95,96.96,-1.4098648859776536e31,-8.830795430733542e29,-8.673829061357273e29
"2025-02-27 02:28:23.0000",3.09,98.21,-1.4098648859776536e31,-8.830795430733542e29,-8.673829061357273e29
"2025-02-27 02:58:13.0000",2.73,99.43,-1.4098648859776536e31,-8.830795430733542e29,-8.673829061357273e29
"2025-02-27 03:28:04.0000",2.97,100.86,-1.4098648859776536e31,-8.830795430733542e29,-8.673829061357273e29
"2025-02-27 03:57:56.0000",2.82,101.81,-1.4098648859776536e31,-8.830795430733542e29,-8.673829061357273e29
"2025-02-27 04:27:47.0000",2.76,102.68,-1.4098648859776536e31,-8.830795430733542e29,-8.673829061357273e29
"2025-02-27 04:57:37.0000",2.58,103.42,-1.4098648859776536e31,-8.830795430733542e29,-8.673829061357273e29
"2025-02-27 05:27:29.0000",2.41,103.95,-1.4098648859776536e31,-8.830795430733542e29,-8.673829061357273e29
"2025-02-27 05:57:20.0000",2.28,104.35,-1.4098648859776536e31,-8.830795430733542e29,-8.673829061357273e29
"2025-02-27 06:27:11.0000",2.41,104.71,-1.4098648859776536e31,-8.830795430733542e29,-8.673829061357273e29
"2025-02-27 06:57:03.0000",2.51,105.11,-1.4098648859776536e31,-8.830795430733542e29,-8.673829061357273e29
"2025-02-27 07:26:54.0000",3.61,107.59,-1.4098648859776536e31,-8.830795430733542e29,-8.673829061357273e29
"2025-02-27 08:26:46.0000",8.81,98.42,-1.4098648859776536e31,-8.830795430733542e29,-8.673829061357273e29
"2025-02-27 09:26:33.0000",10.98,90.05,13.405186653137207,9.99555603543333,14.384686746525473
"2025-02-27 09:56:25.0000",11.43,83.91,-1.4098648859776536e31,-8.830795430733542e29,-8.673829061357273e29
"2025-02-27 10:26:16.0000",11.81,79.19,1.6952159404754639,3.516265103382319,11.923278255118422
"2025-02-27 10:56:07.0000",11.09,73.95,1.5954813957214355,3.614570046639323,12.039116326922908
"2025-02-27 11:25:57.0000",11.02,72.08,2.1020634174346924,4.124051638358456,13.800516792754602
"2025-02-27 11:55:49.0000",11.48,73.9,2.173853874206543,4.1130375189864,13.048424564671999
"2025-02-27 12:25:42.0000",11.42,73.65,2.1081347465515137,4.094823147704468,14.312374182569055
"2025-02-27 13:25:21.0000",9.3,76.38,2.25004506111145,3.7579081921667292,12.403074290826973
"2025-02-27 13:55:12.0000",9.08,80.06,2.6362152099609375,4.082925884518711,12.305479405138138
"2025-02-27 14:25:03.0000",9.22,79.39,2.124861240386963,3.705600475508153,12.417103429261012
"2025-02-27 14:54:54.0000",8.81,80.15,2.028698444366455,3.6227758247761725,11.378971525904749
"2025-02-27 15:54:36.0000",7.64,81.36,1.6046193838119507,3.03506221274656,11.219261382351581
"2025-02-27 16:24:26.0000",7.21,84.66,2.3097994327545166,3.3216541964484043,10.092134453346482
"2025-02-27 16:54:17.0000",6.69,84.08,4.779781341552734,4.8103478346963495,10.808166092213213
"2025-02-27 17:24:07.0000",5.98,85.68,2.0064632892608643,3.1313814896290295,9.653309715979645
"2025-02-27 17:53:57.0000",5.18,86.06,-1.4098648859776536e31,-8.830795430733542e29,-8.673829061357273e29
"2025-02-27 18:23:47.0000",4.79,87.26,86.37574005126953,54.04422567018957,46.004446218902025
"2025-02-27 18:53:39.0000",4.66,88.79,-1.4098648859776536e31,-8.830795430733542e29,-8.673829061357273e29
"2025-02-27 19:23:30.0000",4.48,90.37,5.971609115600586,5.826267799543301,11.539628869794013
"2025-02-27 19:53:20.0000",4.23,91.56,3.9335715770721436,4.207322956379204,10.425187780237788
"2025-02-27 20:23:11.0000",4.4,92.81,-1.4098648859776536e31,-8.830795430733542e29,-8.673829061357273e29
"2025-02-27 20:53:02.0000",4.29,93.34,-1.4098648859776536e31,-8.830795430733542e29,-8.673829061357273e29
"2025-02-27 21:22:52.0000",3.97,93.99,-1.4098648859776536e31,-8.830795430733542e29,-8.673829061357273e29
"2025-02-27 21:52:43.0000",3.79,94.5,-1.4098648859776536e31,-8.830795430733542e29,-8.673829061357273e29
"2025-02-27 22:22:33.0000",3.54,94.96,-1.4098648859776536e31,-8.830795430733542e29,-8.673829061357273e29
"2025-02-27 22:52:25.0000",3.9,96.35,-1.4098648859776536e31,-8.830795430733542e29,-8.673829061357273e29
"2025-02-27 23:22:16.0000",4.16,97.99,-1.4098648859776536e31,-8.830795430733542e29,-8.673829061357273e29
"2025-02-27 23:52:06.0000",3.66,99.65,-1.4098648859776536e31,-8.830795430733542e29,-8.673829061357273e29
"2025-02-28 00:21:56.0000",3.61,100.56,-1.4098648859776536e31,-8.830795430733542e29,-8.673829061357273e29
"2025-02-28 00:51:47.0000",3.58,101.37,-1.4098648859776536e31,-8.830795430733542e29,-8.673829061357273e29
"2025-02-28 01:21:37.0000",3.37,101.73,-1.4098648859776536e31,-8.830795430733542e29,-8.673829061357273e29
"2025-02-28 01:51:28.0000",3.2,101.61,-1.4098648859776536e31,-8.830795430733542e29,-8.673829061357273e29
"2025-02-28 02:21:19.0000",2.9,101.74,-1.4098648859776536e31,-8.830795430733542e29,-8.673829061357273e29
"2025-02-28 02:51:11.0000",3.13,101.51,-1.4098648859776536e31,-8.830795430733542e29,-8.673829061357273e29
"2025-02-28 03:21:01.0000",2.88,101.38,-1.4098648859776536e31,-8.830795430733542e29,-8.673829061357273e29
"2025-02-28 03:50:52.0000",2.53,101,-1.4098648859776536e31,-8.830795430733542e29,-8.673829061357273e29
"2025-02-28 04:20:42.0000",2.26,101.06,-1.4098648859776536e31,-8.830795430733542e29,-8.673829061357273e29
"2025-02-28 04:50:34.0000",2.16,101,-1.4098648859776536e31,-8.830795430733542e29,-8.673829061357273e29
"2025-02-28 05:20:25.0000",2.3,100.84,-1.4098648859776536e31,-8.830795430733542e29,-8.673829061357273e29
"2025-02-28 05:50:17.0000",2.38,101.02,-1.4098648859776536e31,-8.830795430733542e29,-8.673829061357273e29
"2025-02-28 06:20:07.0000",1.88,100.66,-1.4098648859776536e31,-8.830795430733542e29,-8.673829061357273e29
"2025-02-28 06:49:55.0000",1.01,101.5,-1.4098648859776536e31,-8.830795430733542e29,-8.673829061357273e29
"2025-02-28 07:19:46.0000",1,102.57,-1.4098648859776536e31,-8.830795430733542e29,-8.673829061357273e29
"2025-02-28 07:49:40.0000",2.92,101.35,-1.4098648859776536e31,-8.830795430733542e29,-8.673829061357273e29
"2025-02-28 08:19:35.0000",4.89,98.13,-1.4098648859776536e31,-8.830795430733542e29,-8.673829061357273e29
"2025-02-28 08:49:28.0000",5.77,94.39,-1.4098648859776536e31,-8.830795430733542e29,-8.673829061357273e29
"2025-02-28 09:19:25.0000",8.39,93.19,-1.4098648859776536e31,-8.830795430733542e29,-8.673829061357273e29
"2025-02-28 09:49:21.0000",10.74,90.93,-1.4098648859776536e31,-8.830795430733542e29,-8.673829061357273e29
"2025-02-28 10:19:13.0000",10.9,90.12,4.018279552459717,4.207585088051016,9.353786672776643
"2025-02-28 10:49:05.0000",10.79,90.11,3.8043763637542725,4.080884481760552,10.19047195549102
"2025-02-28 11:18:54.0000",10.38,93.46,15.997040748596191,11.575303556925215,15.44658466033885
"2025-02-28 11:48:50.0000",13.67,92.39,53.80849075317383,34.502040289501714,31.743867842818606
"2025-02-28 12:18:44.0000",14.03,90.26,5.301914691925049,5.111348903910111,10.685926787457824
"2025-02-28 13:18:26.0000",13.76,83.8,2.6509757041931152,3.8414305838391294,11.007782553104956
"2025-02-28 13:48:15.0000",12.68,84.91,-1.4098648859776536e31,-8.830795430733542e29,-8.673829061357273e29
"2025-02-28 14:18:05.0000",12.34,82.16,15.8431396484375,11.72728874994748,18.275763271663667
"2025-02-28 15:17:40.0000",8.42,82.53,6.573956489562988,6.503513301907453,14.644363877597211
"2025-02-28 15:47:30.0000",8.05,82.47,9.326457023620605,8.372750056142104,15.923655988895577
"2025-02-28 16:17:20.0000",8.09,83.63,10.444903373718262,9.045011224174994,15.620484906235866
"2025-02-28 16:47:13.0000",8.57,81.5,-1.4098648859776536e31,-8.830795430733542e29,-8.673829061357273e29
"2025-02-28 17:17:03.0000",7.95,81.29,6.8845601081848145,6.526777628004562,13.488369831852424
"2025-02-28 17:46:53.0000",6.85,81.82,6.891992568969727,6.718168310597752,14.94928170389296
"2025-02-28 18:16:42.0000",6.17,82.37,32.98917770385742,21.820076782250784,23.86167846875284
"2025-02-28 18:46:32.0000",5.67,82.9,93.36079406738281,57.31675935390054,48.06244443075883
"2025-02-28 19:16:23.0000",5.45,83.05,93.02433776855469,57.16211167268661,48.13377883739734
"2025-02-28 19:46:15.0000",5.37,83.29,7.787323474884033,7.2527743668192945,13.820112495764828
"2025-02-28 20:16:05.0000",5.34,83.45,95.553466796875,58.94305301892886,48.91474038093088
"2025-02-28 20:45:56.0000",5.07,83.64,47.448646545410156,30.599329168839333,30.43608362695517
"2025-02-28 21:15:47.0000",4.61,83.71,97.23402404785156,60.315992629799496,51.7358588393582
"2025-02-28 21:45:37.0000",4.01,84.28,96.67679595947266,59.80278943755043,49.34844764626398
"2025-02-28 22:15:27.0000",3.58,84.87,32.80601119995117,22.202277632440403,24.359299522480423
"2025-02-28 22:45:16.0000",3.42,85.65,69.85989379882812,44.12612964353733,38.73273195884265
"2025-02-28 23:15:07.0000",3.41,85.5,-1.4098648859776536e31,-8.830795430733542e29,-8.673829061357273e29
"2025-02-28 23:44:58.0000",3.16,85.62,97.19042205810547,60.78577481986955,50.11847413625104
"2025-03-01 00:14:49.0000",2.99,85.98,5.414342880249023,5.3566183668658125,11.490318806241685
"2025-03-01 00:44:39.0000",2.76,86.06,6.231469631195068,5.808060635451997,11.216788243844492
"2025-03-01 01:14:28.0000",2.24,86.62,-1.4098648859776536e31,-8.830795430733542e29,-8.673829061357273e29
"2025-03-01 01:44:19.0000",1.95,86.91,54.198211669921875,34.78713978359858,31.863629405809384
"2025-03-01 02:14:09.0000",1.67,87.3,9.259285926818848,7.678524253440786,12.220681587092447
"2025-03-01 02:44:00.0000",1.39,88.03,29.803625106811523,21.293576655719125,21.81948532065889
"2025-03-01 03:13:50.0000",1.02,88.45,93.26786041259766,59.03952278602966,47.46795920203166
"2025-03-01 03:43:39.0000",0.77,88.74,6.082413196563721,5.4627194602234255,10.439229891062226
"2025-03-01 04:13:31.0000",0.59,89.3,10.750264167785645,8.279597364897674,13.037931030549121
"2025-03-01 04:43:22.0000",0.42,89.67,91.18525695800781,58.08992973365608,46.361569363333146
"2025-03-01 05:13:13.0000",0.17,90.17,91.20248413085938,58.11760266768252,45.95915447581323
"2025-03-01 05:43:04.0000",-0.06,90.53,5.0485100746154785,4.619720907179413,8.643920464443747
"2025-03-01 06:12:55.0000",0.01,90.65,-1.4098648859776536e31,-8.830795430733542e29,-8.673829061357273e29
"2025-03-01 06:42:46.0000",-0.12,90.91,-1.4098648859776536e31,-8.830795430733542e29,-8.673829061357273e29
"2025-03-01 07:42:31.0000",2.53,91.44,5.487026214599609,4.947532692907793,9.870353057639722
"2025-03-01 08:12:24.0000",3.22,90.88,-1.4098648859776536e31,-8.830795430733542e29,-8.673829061357273e29
"2025-03-01 08:42:16.0000",3.85,90.26,-1.4098648859776536e31,-8.830795430733542e29,-8.673829061357273e29
"2025-03-01 09:12:12.0000",6.75,89.68,3.7792086601257324,3.813478227331164,9.326006711172326
"2025-03-01 09:42:09.0000",9.47,89.06,88.4226303100586,55.82768605973248,44.27702801221192
"2025-03-01 10:12:02.0000",10.55,90.02,14.215514183044434,10.178877752403382,13.26111676101156
"2025-03-01 10:42:01.0000",15.62,86.33,69.50714874267578,43.57084020258705,36.2233575704712
"2025-03-01 11:11:56.0000",16.46,82.16,1.7193803787231445,3.1281693827160084,10.241730950611597
"2025-03-01 11:41:44.0000",14.24,77.9,2.660705089569092,4.448546107683818,13.248752662995587
"2025-03-01 12:11:35.0000",14.29,73.96,1.8690909147262573,3.8535578309662166,11.835548168614038
"2025-03-01 12:41:24.0000",13.15,70.03,1.2404215335845947,3.554996762727971,11.921969281624925
"2025-03-01 13:11:15.0000",12.17,64.11,0.9875997304916382,3.6136206275578897,12.197327609575794
"2025-03-01 13:41:05.0000",11.67,64.86,1.2064365148544312,3.639984968376413,12.379582142998869
"2025-03-01 14:10:55.0000",11.06,63.68,1.0365049839019775,3.5599941744566412,11.977951108300765
"2025-03-01 14:40:45.0000",10.93,62.46,1.115339994430542,3.6423606852808588,11.61248093871242
"2025-03-01 15:10:37.0000",10.85,61.75,0.8585038781166077,3.4497591347527226,11.49565091678603
"2025-03-01 15:40:29.0000",11.11,59.53,0.8331003785133362,3.5787786566490327,12.537791272001751
"2025-03-01 16:10:18.0000",9.84,59.54,0.7695392966270447,3.494743447284961,12.240490365425128
"2025-03-01 16:40:08.0000",9.38,59.65,0.6762038469314575,3.4344676083363903,11.78075109245731
"2025-03-01 17:09:56.0000",7.94,60.54,0.7495365142822266,3.315113102036294,11.967744194264448
"2025-03-01 17:39:44.0000",7.07,62.11,0.7882331013679504,3.2595622308913157,11.082203009030502
"2025-03-01 18:09:35.0000",6.49,63.44,0.7588850855827332,3.0788995602051643,11.826246196843277
"2025-03-01 18:39:25.0000",5.9,64.63,0.8880811929702759,3.084913042825113,10.452846575606323
"2025-03-01 19:09:15.0000",5.47,65.67,0.9348821043968201,3.037843199399388,10.32116225867956
"2025-03-01 19:39:06.0000",5.28,66.47,1.192134141921997,3.1133443870774435,10.185224861379979
"2025-03-01 20:08:57.0000",4.84,67.22,3.5459535121917725,4.971160208288923,13.130782955766266
"2025-03-01 20:38:47.0000",4.7,68.35,3.1175026893615723,4.448414250209029,11.853695491944428
"2025-03-01 21:08:40.0000",5.5,68.38,2.583040237426758,4.027738310423686,11.876021435207097
"2025-03-01 21:38:32.0000",5.43,68.48,3.3557052612304688,4.54577138696675,11.726838860860617
"2025-03-01 22:08:21.0000",4.48,69.71,3.003779172897339,4.281388817414018,12.435179304060886
"2025-03-01 22:38:13.0000",4.44,70.39,2.689362049102783,3.922681050084819,10.552105443393394
"2025-03-01 23:08:06.0000",5.1,70.39,2.181774139404297,3.610915520892366,10.261890523867985
"2025-03-01 23:37:55.0000",4.47,70.5,2.8453369140625,4.100778625777799,10.739261860082484
"2025-03-02 00:07:44.0000",3.49,71.43,2.008197546005249,3.5139740171039486,10.06244693053321
"2025-03-02 00:37:35.0000",3.53,72.24,4.788614273071289,5.348908962365055,12.725780352364369
"2025-03-02 01:07:26.0000",3.4,72.82,5.271169185638428,5.604200599749217,12.255313040194832
"2025-03-02 01:37:17.0000",3.49,73.47,5.173121929168701,5.500785868639118,12.502236956300923
"2025-03-02 02:07:08.0000",3.64,74.07,5.126628875732422,5.459922291799875,11.60982579382363
"2025-03-02 02:37:00.0000",3.46,74.4,4.883458614349365,5.222949907869686,12.179269675014847
"2025-03-02 03:06:50.0000",3.14,75.24,4.045071601867676,4.622857615151006,10.928381057650983
"2025-03-02 03:36:42.0000",3.07,75.78,3.8492519855499268,4.422590893123701,10.306215381048696
"2025-03-02 04:06:32.0000",3.1,76.26,-1.4098648859776536e31,-8.830795430733542e29,-8.673829061357273e29
"2025-03-02 04:36:24.0000",3.42,76.45,3.391061782836914,3.9216098352961,9.529916364122222
"2025-03-02 05:06:17.0000",3.56,76.53,3.6286962032318115,4.086370127019905,9.635780371807442
"2025-03-02 05:36:07.0000",3.33,76.98,3.691413640975952,4.057089203801202,10.368833393934924
"2025-03-02 06:05:58.0000",3,77.5,90.82305145263672,55.56139087417811,46.26506682033103
"2025-03-02 06:35:48.0000",2.77,78.13,89.34175872802734,54.89100641620898,45.25383984631838
"2025-03-02 07:05:40.0000",2.91,78.82,89.00871276855469,54.55516840531618,44.90867916688626
"2025-03-02 07:35:33.0000",3.11,78.18,88.55226135253906,54.16204324150366,44.52476107288165
"2025-03-02 08:05:22.0000",2.93,78.64,88.56974792480469,54.31375000897778,45.79759147816375
"2025-03-02 08:35:14.0000",3.33,78.9,-1.4098648859776536e31,-8.830795430733542e29,-8.673829061357273e29
"2025-03-02 09:05:07.0000",4.04,78.56,1.8667489290237427,2.8892119920108925,8.538552007215007
"2025-03-02 09:34:59.0000",4.46,78.54,87.94469451904297,53.62070973782285,44.493997113832755
"2025-03-02 10:04:52.0000",5.34,78.39,39.391048431396484,25.050293099579083,26.446974133065826
"2025-03-02 10:34:43.0000",5.81,78.35,87.8461685180664,53.181727442968395,43.80317433325797
"2025-03-02 11:04:36.0000",6.6,77.95,2.0439858436584473,3.131890666774179,10.54189949589488
"2025-03-02 11:34:28.0000",7.42,77.72,-1.4098648859776536e31,-8.830795430733542e29,-8.673829061357273e29
"2025-03-02 12:04:21.0000",8.11,76.93,2.192654609680176,3.4450910598950224,9.751957915554234
"2025-03-02 12:34:14.0000",9.78,76.26,2.002901554107666,3.408988912135514,10.851107434845417
"2025-03-02 13:04:08.0000",11.12,74.88,1.889051914215088,3.36558864595628,10.17438468634547
"2025-03-02 13:34:01.0000",12.07,73.27,1.2812403440475464,3.242257547085754,10.134329075867512
"2025-03-02 14:03:52.0000",11.9,72.67,0.8299573659896851,2.862589300123229,10.378993616281527
"2025-03-02 14:33:41.0000",10.9,70.64,0.7161526083946228,2.831820480498667,9.679774072896517
"2025-03-02 15:03:32.0000",10.98,70.88,1.9795771837234497,3.877563854786671,11.78583033152831
"2025-03-02 15:33:21.0000",10.11,70.13,1.5752025842666626,3.405281970283061,10.582186671037226
"2025-03-02 16:03:11.0000",9.58,70.53,0.7719765901565552,2.7964851036742253,9.759032501502112
"2025-03-02 16:33:02.0000",9.16,70.86,0.9165123701095581,2.870037869736553,9.700507420211375
"2025-03-02 17:02:53.0000",8.88,71.25,0.9473906755447388,2.818414705338896,9.563613622029811
"2025-03-02 17:32:43.0000",8.41,71.38,1.1514099836349487,2.9778836794588615,10.625289672189703
"2025-03-02 18:02:33.0000",7.39,72,1.3891162872314453,3.132302498634966,10.100528117127112
"2025-03-02 18:32:23.0000",7.22,72.55,3.131955623626709,4.300716662210445,11.778443985033611
"2025-03-02 19:02:13.0000",6.95,73.15,1.739667534828186,3.227067395239598,9.798676817477496
"2025-03-02 19:32:04.0000",6.38,73.47,1.161952257156372,2.7795188990534316,9.393264570024584
"2025-03-02 20:01:54.0000",5.61,74.52,1.543412208557129,2.98296616656469,9.469377135962699
"2025-03-02 20:31:43.0000",4.97,76.15,1.2605236768722534,2.590954537907625,8.54187954953757
"2025-03-02 21:01:33.0000",4.63,77.24,1.4620181322097778,2.63338346417992,8.495756629811343
"2025-03-02 21:31:24.0000",4.43,78.15,1.750755786895752,2.8596781662094073,8.66782649060165
"2025-03-02 22:01:15.0000",4.41,78.7,1.67949378490448,2.8607866116013243,8.624990095566124
"2025-03-02 22:31:06.0000",4.3,79.39,86.96607971191406,53.012910196431015,43.319057376573454
"2025-03-02 23:00:58.0000",4.35,79.76,89.17085266113281,54.46061516293135,44.636002433122016
"2025-03-02 23:30:49.0000",4.53,79.69,88.47501373291016,54.036894003540816,44.69463569062271
"2025-03-03 00:00:40.0000",4.84,79.77,1.491581678390503,2.6136881529769433,8.40534591006317
"2025-03-03 00:30:32.0000",5.22,79.79,86.50838470458984,52.6215698740942,43.15319413612296
"2025-03-03 01:00:24.0000",4.99,79.81,87.75479888916016,53.443604805990184,43.99020200889554
"2025-03-03 01:30:16.0000",5.09,80.16,87.02983093261719,52.95630060104911,43.49855285926328
"2025-03-03 02:00:08.0000",5.23,80.13,88.3184585571289,54.03305540371549,44.75367202804064
"2025-03-03 02:29:58.0000",5.01,80.69,87.27546691894531,53.36311666113045,44.621937615312504
"2025-03-03 02:59:49.0000",4.87,80.74,-1.4098648859776536e31,-8.830795430733542e29,-8.673829061357273e29
"2025-03-03 03:59:30.0000",4.56,81.86,2.803307056427002,3.2530217700608386,8.263271051148635
"2025-03-03 04:29:21.0000",3.95,82.52,-1.4098648859776536e31,-8.830795430733542e29,-8.673829061357273e29
"2025-03-03 04:59:12.0000",4.41,83.51,19.527219772338867,13.32563685443465,15.842295822814453
"2025-03-03 05:29:05.0000",4.75,83.66,1.9314812421798706,2.6589095173630817,7.941671987078657
"2025-03-03 05:58:56.0000",4.84,84.12,1.8067848682403564,2.7120298963724525,8.099409166429366
"2025-03-03 06:28:48.0000",5.13,84.16,-1.4098648859776536e31,-8.830795430733542e29,-8.673829061357273e29
"2025-03-03 06:58:39.0000",5.19,84.62,86.45596313476562,53.894589143715535,43.12630360333017
"2025-03-03 07:28:31.0000",5.61,85.81,-1.4098648859776536e31,-8.830795430733542e29,-8.673829061357273e29
"2025-03-03 07:58:23.0000",6.02,86.14,86.77521514892578,54.191342599887264,43.72800792577942
"2025-03-03 08:28:16.0000",6.55,86.15,87.09756469726562,54.19729404702603,43.49654605721272
"2025-03-03 08:58:08.0000",7.36,85.84,86.44495391845703,53.54208235541903,43.27348647159854
"2025-03-03 09:28:02.0000",8.18,85.11,2.6525564193725586,3.1284185944855936,9.112523262892191
"2025-03-03 09:57:54.0000",9.28,84.49,21.935693740844727,14.752799838419707,17.501273722006655
"2025-03-03 10:27:49.0000",11.07,83.27,-1.4098648859776536e31,-8.830795430733542e29,-8.673829061357273e29
"2025-03-03 10:57:44.0000",12.56,80.5,1.3613154888153076,2.94212278934562,10.324681693234172
"2025-03-03 11:27:37.0000",13.04,77.51,0.9906985759735107,2.9742593710483938,10.863978437122846
"2025-03-03 11:57:27.0000",12.53,73.17,0.927866518497467,3.017158588763371,11.409562410594699
"2025-03-03 12:27:20.0000",12.83,69.97,1.4596725702285767,3.6585411144807156,13.79576940879803
"2025-03-03 12:57:11.0000",12.69,67.93,1.413623332977295,3.5814277064014255,11.455728450116284
"2025-03-03 13:27:04.0000",12.95,67.18,1.2121317386627197,3.467929289648965,12.45410354504886
"2025-03-03 13:56:54.0000",12.58,65.71,1.0576505661010742,3.4058895905593456,11.814401361896138
"2025-03-03 14:26:47.0000",12.53,64.79,0.980641782283783,3.2890948110976237,11.618392204283364
"2025-03-03 14:56:36.0000",11.98,65.2,0.934992253780365,3.266347734461167,11.472352066884413
"2025-03-03 15:26:27.0000",12.05,65.09,1.1389120817184448,3.3840417077722984,11.934297232931252
"2025-03-03 15:56:17.0000",11.64,65.25,1.266536831855774,3.489374243071253,11.48773863998238
"2025-03-03 16:26:06.0000",10.55,66.83,1.4270271062850952,3.40337708931494,11.105310728060115
"2025-03-03 16:55:57.0000",10,68.15,1.6784019470214844,3.5641326691260873,11.395617737467742
"2025-03-03 17:25:48.0000",9.39,70.04,2.4248180389404297,3.9352267670675607,11.447441448931581
"2025-03-03 17:55:38.0000",8.84,71.42,2.7556569576263428,4.008126223433541,10.875806442199549
"2025-03-03 18:25:29.0000",8.28,72.76,4.278733730316162,5.026243839173846,12.566334859190137
"2025-03-03 18:55:18.0000",7.38,74.4,1.9440261125564575,3.236690013655631,9.702064698994047
"2025-03-03 19:25:09.0000",6.89,75.91,1.9953866004943848,3.3001161864807225,9.94028794274817
"2025-03-03 19:54:59.0000",6.56,77.74,-1.4098648859776536e31,-8.830795430733542e29,-8.673829061357273e29
"2025-03-03 20:24:51.0000",6.22,78.44,91.57931518554688,55.93234934148537,46.20319568536449
"2025-03-03 20:54:42.0000",6.01,79.05,88.95849609375,54.21291527872814,44.56544210182022
"2025-03-03 21:54:23.0000",5.61,81.38,-1.4098648859776536e31,-8.830795430733542e29,-8.673829061357273e29
"2025-03-03 22:24:13.0000",5.13,82.42,4.961704730987549,4.718712299510065,9.84094092662034
"2025-03-03 22:54:03.0000",4.95,83.45,87.10057067871094,54.273688885083374,44.53010577157621
"2025-03-03 23:23:56.0000",5.83,83.41,31.095842361450195,20.372759622728875,19.769712429604
"2025-03-03 23:53:48.0000",6.24,83.15,34.19773864746094,24.194688129665682,25.132159399420768
"2025-03-04 00:23:40.0000",6.27,83.05,5.929511547088623,5.174972736585778,10.551150894056109
"2025-03-04 00:53:31.0000",6.39,82.87,92.47224426269531,57.39101005414667,46.13298450095868
"2025-03-04 01:23:21.0000",6.21,82.87,-1.4098648859776536e31,-8.830795430733542e29,-8.673829061357273e29
"2025-03-04 01:53:12.0000",5.83,82.93,39.67863082885742,25.156336348126764,23.675126803241167
"2025-03-04 02:23:02.0000",5.33,83.18,1.586355447769165,2.5383960312511533,7.907076208318562
"2025-03-04 02:52:52.0000",4.25,83.69,87.70364379882812,53.74838724445274,43.45369615801297
"2025-03-04 03:22:42.0000",3.85,84.51,91.21772003173828,56.417483016712886,45.63267404510965
"2025-03-04 03:52:33.0000",3.43,84.43,-1.4098648859776536e31,-8.830795430733542e29,-8.673829061357273e29
"2025-03-04 04:22:23.0000",3.19,85.11,87.88004302978516,54.506955648586334,43.930108575448536
"2025-03-04 04:52:14.0000",2.78,85.66,102.97596740722656,65.398565849173,52.484812563472545
"2025-03-04 05:51:54.0000",1.62,86.39,89.35731506347656,55.86228281590194,45.251971924847666
"2025-03-04 06:21:43.0000",1.24,86.83,89.55828857421875,56.09378882693931,44.63165933219074
"2025-03-04 06:51:35.0000",1.27,87.48,87.50747680664062,54.68930773961174,43.44494707502664
"2025-03-04 07:21:29.0000",3.7,87.51,88.02973937988281,55.722680406157764,43.959704631194334
"2025-03-04 08:21:25.0000",10.91,84.38,1.6513471603393555,2.4127575041086526,7.681870937634391
"2025-03-04 08:51:23.0000",12.58,80.56,1.5057286024093628,2.547775370490086,8.794408832972703
"2025-03-04 09:51:00.0000",10.15,77.09,2.0997560024261475,3.5170201612143184,10.247340701775792
"2025-03-04 10:20:52.0000",10.98,74.76,1.9619678258895874,3.485299645817476,10.727473871218846
"2025-03-04 10:50:41.0000",10.05,72.66,1.7801631689071655,3.356810363717887,11.339977199451535
"2025-03-04 11:20:36.0000",12.46,71.83,2.2464544773101807,3.7836441319343335,10.94844350173643
"2025-03-04 11:50:30.0000",13.75,70.82,1.8238422870635986,3.6063925678739897,11.482433883412112
"2025-03-04 12:20:20.0000",13.17,67.6,1.7305054664611816,3.80984468553444,13.144293905627471
"2025-03-04 12:50:10.0000",11.88,66.2,1.4314855337142944,3.5338865356150975,11.415177427284345
"2025-03-04 13:19:57.0000",10.04,66.47,1.228341817855835,3.271224880635983,10.901189478434173
"2025-03-04 13:49:51.0000",12.4,68.85,1.6398811340332031,3.525880143687821,11.061411960480998
"2025-03-04 14:19:46.0000",12.65,65.74,1.504286289215088,3.693802056506607,11.874316277540787
"2025-03-04 14:49:33.0000",11.21,63.31,1.0074331760406494,3.4715245694294645,12.504551823897849
"2025-03-04 15:19:23.0000",10.55,61.11,0.8916620016098022,3.4302038928189487,11.37841291725346
"2025-03-04 15:49:15.0000",10.31,59.42,0.9432523846626282,3.4219880429417615,11.150259445649354
"2025-03-04 16:19:02.0000",9.55,60.36,1.024562120437622,3.394730991937895,11.413110795976618
"2025-03-04 16:48:52.0000",8.89,61.18,1.1156538724899292,3.4454517180037,11.714293058544213
"2025-03-04 17:48:31.0000",7.14,63.23,0.9160213470458984,3.0927900651114575,10.225132285808398
"2025-03-04 18:18:20.0000",6.21,63.53,4.288158893585205,5.441441201561671,12.846109313805938
"2025-03-04 18:48:09.0000",5.61,64.11,4.690496444702148,5.594041794537965,12.771838747472556
"2025-03-04 19:17:59.0000",5.38,64.88,4.407751560211182,5.380113901214164,12.659524283783313
"2025-03-04 19:47:50.0000",5.32,66.46,3.080946207046509,4.243822346890126,10.784164166764619
"2025-03-04 20:17:41.0000",5.31,67.68,3.26962947845459,4.376041976506121,10.67108470507186
"2025-03-04 20:47:32.0000",4.72,68.17,3.198989152908325,4.298002400972308,11.002947808868146
"2025-03-04 21:17:21.0000",4.06,68.93,2.90779185295105,4.075611331467079,10.825408718542377
"2025-03-04 21:47:11.0000",4.05,70.05,2.5454981327056885,3.8335370483266002,10.313761112390747
"2025-03-04 22:17:04.0000",4.73,69.46,2.8099169731140137,4.007087852492106,10.763056243944884
"2025-03-04 22:46:55.0000",3.91,69.52,4.408664226531982,5.105302380625632,11.807749840611786
"2025-03-04 23:16:43.0000",3.3,71.1,2.956916570663452,3.999932066202445,11.02775211915871
"2025-03-04 23:46:34.0000",3.1,71.72,2.6438896656036377,3.73871557225721,10.494668908231914
"2025-03-05 00:16:27.0000",4.04,72.68,2.1185050010681152,3.258148376018908,9.419219201648863
"2025-03-05 00:46:17.0000",3.46,73.81,3.3136532306671143,3.9606991774538978,9.7911233349281
"2025-03-05 01:16:07.0000",2.9,74.66,4.02617073059082,4.510356282490976,10.21193151911671
"2025-03-05 01:45:57.0000",2.48,76.57,3.1105639934539795,3.6089293449227475,8.996472454166376
"2025-03-05 02:15:48.0000",3.14,77.19,91.31640625,56.548218154018755,45.40819567128543
"2025-03-05 02:45:40.0000",3.44,78.13,3.4591445922851562,3.647067755360727,8.895761934011544
"2025-03-05 03:15:32.0000",3.04,79.02,-1.4098648859776536e31,-8.830795430733542e29,-8.673829061357273e29
"2025-03-05 03:45:23.0000",3.05,80.2,107.86429595947266,68.71811847832456,55.524342277791874
"2025-03-05 04:15:14.0000",3.46,80.51,86.89131927490234,53.829507454863155,43.97973658893786
"2025-03-05 04:45:07.0000",3.64,80.92,43.14752960205078,29.68126916048004,29.07305427623678
"2025-03-05 05:14:57.0000",3.47,81.64,-1.4098648859776536e31,-8.830795430733542e29,-8.673829061357273e29
"2025-03-05 05:44:48.0000",2.9,82.51,3.2504396438598633,3.3874130321648614,8.288192394556246
"2025-03-05 06:14:38.0000",2.5,83.04,88.23706817626953,54.89787249075381,44.00976673080635
"2025-03-05 06:44:29.0000",2.28,83.26,-1.4098648859776536e31,-8.830795430733542e29,-8.673829061357273e29
"2025-03-05 07:14:20.0000",2.29,83.78,-1.4098648859776536e31,-8.830795430733542e29,-8.673829061357273e29
"2025-03-05 07:44:12.0000",2.68,83.99,90.11434936523438,56.40146363910062,45.698096717640425
"2025-03-05 08:14:05.0000",3.81,85.88,89.1902084350586,56.34288328251418,44.43526176538767
"2025-03-05 09:13:54.0000",7.53,81.68,3.7019360065460205,4.076509087780202,10.199218098929142
"2025-03-05 09:43:49.0000",10.51,80.93,2.7572855949401855,3.6209600087866503,9.708535997305848
"2025-03-05 10:13:50.0000",14.44,74.39,2.1394262313842773,3.5818814111481765,11.368493791834826
"2025-03-05 10:43:39.0000",14.96,74.11,1.9142372608184814,3.7137763274080324,11.495439511808813
"2025-03-05 11:13:31.0000",15.51,66.87,1.8378931283950806,3.8632480373205644,12.007558639037876
"2025-03-05 11:43:23.0000",15.58,63.77,1.8339803218841553,4.219166809664831,13.42122731913409
"2025-03-05 12:13:14.0000",15.4,60.49,1.755324363708496,4.226254656222872,14.277260650486575
"2025-03-05 12:43:03.0000",14.8,57.98,1.5546907186508179,4.121679196359049,13.213265097253627
"2025-03-05 13:12:56.0000",14.57,54.26,1.3482959270477295,4.250555417578349,13.405908861653717
"2025-03-05 13:42:46.0000",14,50.69,1.104345440864563,4.168944425550464,13.14939271514684
"2025-03-05 14:12:39.0000",14.43,47.89,1.1556512117385864,4.239035427072651,13.840306639025448
"2025-03-05 14:42:30.0000",14.18,44.56,1.263227939605713,4.451545666203372,13.852961445650783
"2025-03-05 15:12:20.0000",14.16,42.16,1.3989933729171753,4.688420558213583,15.942656907758163
"2025-03-05 15:42:13.0000",14.47,40.65,1.1576433181762695,4.638565972209543,15.102107268298262
"2025-03-05 16:12:01.0000",13.57,42.55,1.3136835098266602,4.613816901367848,16.133070783602758
"2025-03-05 16:41:54.0000",13.63,43.68,1.547739028930664,4.77537322876174,15.557038038598126
"2025-03-05 17:11:43.0000",12.69,43.24,1.0559148788452148,4.397448308260678,14.846700890355072
"2025-03-05 17:41:35.0000",12.23,42.56,1.3970531225204468,4.672785468042547,14.710948315165982
"2025-03-05 18:11:24.0000",10.58,43.8,1.6425577402114868,4.703138994705594,14.784890604893198
"2025-03-05 18:41:13.0000",10.2,43.2,2.4047420024871826,5.090787492312454,14.753417565696347
"2025-03-05 19:11:03.0000",9.77,44.34,3.831557035446167,5.750980818038205,14.635817304245933
"2025-03-05 19:40:54.0000",9.6,44.72,4.113496780395508,5.9895315413126315,15.37745710250705
"2025-03-05 20:10:44.0000",8.92,45.8,5.423918724060059,6.617159184743049,14.72057070221785
"2025-03-05 20:40:33.0000",8.15,47.22,5.761079788208008,6.725179774599979,14.857746208520668
"2025-03-05 21:10:24.0000",7.62,48.95,6.1500420570373535,6.925263847481996,15.860426926258299
"2025-03-05 21:40:15.0000",7.35,50.47,7.667240619659424,7.893633816193858,16.469370224390822
"2025-03-05 22:10:05.0000",7.32,51.94,9.616962432861328,9.120528514562931,17.47285317353639
"2025-03-05 22:39:56.0000",6.96,53.47,10.204707145690918,9.404627322771875,17.194060324899183
"2025-03-05 23:09:46.0000",6.61,54.82,9.350905418395996,8.890128640499151,17.76753235811403
"2025-03-06 00:09:27.0000",5.61,56.51,8.939188003540039,8.310083223960195,15.912283589630418
"2025-03-06 00:39:16.0000",5.11,57.86,9.701655387878418,8.842245750324793,16.21431984380151
"2025-03-06 01:09:07.0000",5.14,59.61,10.911710739135742,9.6367817170077,16.32239802803123
"2025-03-06 01:38:57.0000",4.9,61.5,12.761137008666992,11.10347568645584,18.47683441778803
"2025-03-06 02:08:47.0000",4.61,63.92,13.4095458984375,11.386211674299009,18.037199115549274
"2025-03-06 02:38:38.0000",4.59,65.49,13.732719421386719,11.5634821334528,18.704217974574686
"2025-03-06 03:08:30.0000",4.55,67.3,17.22630500793457,13.988101098844401,20.31816041532857
"2025-03-06 03:38:21.0000",4.49,69.08,18.4269962310791,14.505131078035896,20.122209296885707
"2025-03-06 04:08:12.0000",4.43,70.92,-1.4098648859776536e31,-8.830795430733542e29,-8.673829061357273e29
"2025-03-06 04:38:02.0000",4.65,72.57,18.691638946533203,14.929735519299802,21.056445083966114
"2025-03-06 05:07:55.0000",4.89,73.01,-1.4098648859776536e31,-8.830795430733542e29,-8.673829061357273e29
"2025-03-06 05:37:47.0000",5.02,73.97,18.00308609008789,14.501358755458286,20.38108118933306
"2025-03-06 06:07:38.0000",4.96,74.8,18.87087631225586,15.162033440546814,21.25294091152545
"2025-03-06 06:37:29.0000",5.04,75.41,-1.4098648859776536e31,-8.830795430733542e29,-8.673829061357273e29
"2025-03-06 07:37:13.0000",6.13,75.5,21.253204345703125,16.895391264990675,23.576809808427708
"2025-03-06 08:07:07.0000",7.76,73.76,-1.4098648859776536e31,-8.830795430733542e29,-8.673829061357273e29
"2025-03-06 08:37:02.0000",9.24,69.71,16.163904190063477,13.419117136717748,20.841059279483535
"2025-03-06 09:06:54.0000",10.27,67.53,18.863216400146484,15.209956037293582,22.44825962280324
"2025-03-06 09:36:48.0000",11.53,65.05,17.7636661529541,14.68576610376346,24.069986038576587
"2025-03-06 10:06:42.0000",12.18,62.41,16.28969383239746,13.581638926806658,23.389963836535436
"2025-03-06 10:36:57.0000",13.72,61.73,15.21856689453125,12.942009880575007,22.284195340023977
"2025-03-06 11:06:48.0000",14.52,59.91,15.987347602844238,13.358550504791268,23.869980972264266
"2025-03-06 11:36:40.0000",15.14,59.67,14.187539100646973,12.202257838964215,23.061547859129032
"2025-03-06 12:06:32.0000",15.41,58.47,14.578239440917969,12.655166756438142,23.119998670887206
"2025-03-06 12:36:22.0000",15.55,58.06,13.935297966003418,12.086243130378156,22.360845206626657
"2025-03-06 13:06:15.0000",15.66,56.47,11.398118019104004,10.301490069649523,19.76101493044708
"2025-03-06 13:36:05.0000",15.12,56.76,12.49104118347168,10.919626709368988,21.312920452835773
"2025-03-06 14:05:58.0000",16.33,55.2,9.238859176635742,8.937419015951795,17.955366394930838
"2025-03-06 14:35:49.0000",15.95,53.72,9.221963882446289,8.851085548252078,18.905162405824473
"2025-03-06 15:05:41.0000",16.36,51.96,8.389199256896973,8.447015258219462,20.154879757600142
"2025-03-06 16:05:23.0000",15.61,48.94,6.792737007141113,7.567907212515432,17.48069979638303
"2025-03-06 16:35:10.0000",14.46,50.7,6.975653648376465,7.589082160194263,19.545259255173693
"2025-03-06 17:05:00.0000",13.44,53.08,6.238698482513428,7.103036878061972,17.67035654947349
"2025-03-06 17:34:50.0000",12.66,56.89,7.446347236633301,7.748370385818565,18.252454094272977
"2025-03-06 18:04:39.0000",11.49,63.48,8.111125946044922,7.639821438038866,15.30309333478697
"2025-03-06 18:34:30.0000",11.47,64.58,7.961950302124023,7.640075660533466,15.334056775595693
"2025-03-06 19:04:20.0000",11.24,66.04,10.664115905761719,9.19531620481943,16.670739443424942
"2025-03-06 19:34:12.0000",10.99,69.58,8.888785362243652,7.960908844611182,14.92418175462414
"2025-03-06 20:04:03.0000",10.8,72.89,8.052713394165039,7.410065827377181,14.771724216175045
"2025-03-06 20:33:54.0000",10.71,75.28,9.82403564453125,8.407216547146488,15.24793792057071
"2025-03-06 21:03:45.0000",10.57,76.39,53.496681213378906,34.02922798993602,32.96652563637455
"2025-03-06 21:33:36.0000",10.07,77.91,32.153560638427734,21.434969695986034,22.84719826792052
"2025-03-06 22:03:27.0000",9.37,82.21,-1.4098648859776536e31,-8.830795430733542e29,-8.673829061357273e29
"2025-03-06 22:33:18.0000",9.29,84.33,9.452888488769531,7.995930762003594,13.37251317702338
"2025-03-06 23:03:08.0000",9.26,85.89,10.03697395324707,8.436134687923255,13.383426586114386
"2025-03-06 23:33:00.0000",9.06,87.36,-1.4098648859776536e31,-8.830795430733542e29,-8.673829061357273e29
"2025-03-07 00:02:51.0000",8.99,87.39,-1.4098648859776536e31,-8.830795430733542e29,-8.673829061357273e29
"2025-03-07 00:32:41.0000",9.02,87.42,12.667228698730469,10.061036653799349,13.945745400795408
"2025-03-07 01:02:32.0000",9.05,88.38,12.559035301208496,9.94281142140626,13.905216288258673
"2025-03-07 01:32:23.0000",9.06,88.97,12.047906875610352,9.55408588009949,13.856108969814574
"2025-03-07 02:02:15.0000",8.99,89.71,-1.4098648859776536e31,-8.830795430733542e29,-8.673829061357273e29
"2025-03-07 02:32:05.0000",8.97,90.57,11.112591743469238,8.904887000786458,13.39106552129789
"2025-03-07 03:01:55.0000",9.03,90.6,10.293745040893555,8.30005927712549,12.4537043254584
"2025-03-07 03:31:46.0000",9.08,90.76,9.812583923339844,8.094965354890022,12.073426883478508
"2025-03-07 04:01:37.0000",9.21,91.23,-1.4098648859776536e31,-8.830795430733542e29,-8.673829061357273e29
"2025-03-07 04:31:29.0000",9.24,92.03,-1.4098648859776536e31,-8.830795430733542e29,-8.673829061357273e29
"2025-03-07 05:01:20.0000",9.16,93.38,-1.4098648859776536e31,-8.830795430733542e29,-8.673829061357273e29
"2025-03-07 05:31:12.0000",9.01,94.03,-1.4098648859776536e31,-8.830795430733542e29,-8.673829061357273e29
"2025-03-07 06:01:01.0000",8.63,95.9,-1.4098648859776536e31,-8.830795430733542e29,-8.673829061357273e29
"2025-03-07 06:30:53.0000",8.54,97.09,-1.4098648859776536e31,-8.830795430733542e29,-8.673829061357273e29
"2025-03-07 07:00:43.0000",8.53,97.6,-1.4098648859776536e31,-8.830795430733542e29,-8.673829061357273e29
"2025-03-07 07:30:34.0000",8.46,98.06,-1.4098648859776536e31,-8.830795430733542e29,-8.673829061357273e29
"2025-03-07 08:00:25.0000",8.42,98.24,-1.4098648859776536e31,-8.830795430733542e29,-8.673829061357273e29
"2025-03-07 08:30:16.0000",8.41,98.45,-1.4098648859776536e31,-8.830795430733542e29,-8.673829061357273e29
"2025-03-07 09:00:08.0000",8.48,98.71,-1.4098648859776536e31,-8.830795430733542e29,-8.673829061357273e29
"2025-03-07 09:29:59.0000",8.7,99.51,-1.4098648859776536e31,-8.830795430733542e29,-8.673829061357273e29
"2025-03-07 09:59:52.0000",9.84,100.33,-1.4098648859776536e31,-8.830795430733542e29,-8.673829061357273e29
"2025-03-07 10:29:45.0000",10.49,100.41,-1.4098648859776536e31,-8.830795430733542e29,-8.673829061357273e29
"2025-03-07 10:59:38.0000",10.9,100.65,-1.4098648859776536e31,-8.830795430733542e29,-8.673829061357273e29
"2025-03-07 11:29:31.0000",11.55,100.27,-1.4098648859776536e31,-8.830795430733542e29,-8.673829061357273e29
"2025-03-07 11:59:22.0000",12.07,99.88,-1.4098648859776536e31,-8.830795430733542e29,-8.673829061357273e29
"2025-03-07 12:29:15.0000",13.01,99.19,-1.4098648859776536e31,-8.830795430733542e29,-8.673829061357273e29
"2025-03-07 13:28:56.0000",12.74,96.79,-1.4098648859776536e31,-8.830795430733542e29,-8.673829061357273e29
"2025-03-07 13:58:46.0000",12.65,95.17,6.632059574127197,6.270870213860888,13.943560130100902
"2025-03-07 14:28:40.0000",13.35,90.96,90.77472686767578,56.186046182674694,46.88527238910697
"2025-03-07 14:58:32.0000",13.29,89.03,7.611510276794434,6.904952408583073,13.155950469256227
"2025-03-07 15:28:23.0000",13.26,87.82,-1.4098648859776536e31,-8.830795430733542e29,-8.673829061357273e29
"2025-03-07 15:58:14.0000",13.2,87.85,5.918297290802002,5.931158884853008,13.51143477786469
"2025-03-07 16:28:05.0000",13.13,87.07,9.177069664001465,7.946251964855458,15.89249495920274
"2025-03-07 16:57:56.0000",12.96,87.26,6.542720794677734,6.4165208185759015,13.379031997382828
"2025-03-07 17:27:47.0000",12.65,87.67,74.08904266357422,46.27960315855856,40.84711619992522
"2025-03-07 17:57:38.0000",12.46,88.19,46.15493392944336,30.042104410493486,29.47110544018884
"2025-03-07 18:27:30.0000",12.53,88.47,9.669669151306152,8.256701589968088,13.629853401942395
"2025-03-07 18:57:21.0000",12.78,88.38,7.493288040161133,7.034240738386959,14.500415942405342
"2025-03-07 19:27:12.0000",12.74,88.36,7.868692874908447,6.953954197642743,13.853571892660419
"2025-03-07 19:57:03.0000",12.46,88.44,7.661863803863525,6.925047339440069,12.845546625986813
"2025-03-07 20:26:54.0000",12.13,88.79,91.146484375,56.66910374041245,47.101936628047184
"2025-03-07 20:56:45.0000",11.76,89.31,6.58453893661499,6.12740871159748,12.142157179384684
"2025-03-07 21:26:36.0000",11.35,90.03,10.380887985229492,8.46943714959059,13.23384358598593
"2025-03-07 21:56:26.0000",10.65,90.94,-1.4098648859776536e31,-8.830795430733542e29,-8.673829061357273e29
"2025-03-07 22:26:16.0000",10.6,91.38,7.225009918212891,6.407007605604017,11.591619730526562
"2025-03-07 22:56:08.0000",10.74,91.41,7.4425835609436035,6.538038463277381,11.766756907909826
"2025-03-07 23:26:00.0000",10.92,91.35,7.61545991897583,6.720223034197218,12.210921595385665
"2025-03-07 23:55:51.0000",10.84,91.33,-1.4098648859776536e31,-8.830795430733542e29,-8.673829061357273e29
"2025-03-08 00:25:42.0000",10.5,91.89,8.26990795135498,7.11703796007104,11.948045125130768
"2025-03-08 00:55:33.0000",10.48,92.32,-1.4098648859776536e31,-8.830795430733542e29,-8.673829061357273e29
"2025-03-08 01:25:25.0000",10.53,92.4,-1.4098648859776536e31,-8.830795430733542e29,-8.673829061357273e29
"2025-03-08 01:55:16.0000",10.48,92.12,-1.4098648859776536e31,-8.830795430733542e29,-8.673829061357273e29
"2025-03-08 02:25:07.0000",10.5,91.98,9.739888191223145,8.113641822816401,13.122714176004521
"2025-03-08 02:54:59.0000",10.09,91.92,10.158759117126465,8.442841407711972,13.105894422585145
"2025-03-08 03:24:49.0000",9.53,92.77,10.424851417541504,8.66356529999573,13.458962335817729
"2025-03-08 03:54:40.0000",9.2,93.4,10.785723686218262,8.884017170423109,13.642107257670862
"2025-03-08 04:24:30.0000",8.96,93.64,11.702570915222168,9.451329045726416,13.637687980213597
"2025-03-08 04:54:20.0000",9.01,93.87,12.345878601074219,9.983305165697391,14.241206627114913
"2025-03-08 05:24:11.0000",8.79,93.9,12.798116683959961,10.204551594149374,15.15900492713685
"2025-03-08 05:54:02.0000",8.77,94.29,14.131211280822754,11.111962257461585,15.245832762342536
"2025-03-08 06:23:53.0000",8.71,94.12,14.286450386047363,11.311739794778534,16.31072038598616
"2025-03-08 06:53:44.0000",8.59,94.4,14.571837425231934,11.500832365826339,15.725682280109254
"2025-03-08 07:23:35.0000",8.84,94.18,15.245621681213379,12.046001495609769,15.880541578372137
"2025-03-08 07:53:27.0000",10,93.49,13.686354637145996,11.002683711863892,15.523103543807665
"2025-03-08 08:23:19.0000",9.73,91.82,13.773180961608887,10.976962612508743,15.559687015034669
"2025-03-08 08:53:11.0000",10.57,91.48,12.763365745544434,10.452641446043062,15.353421219195853
"2025-03-08 09:23:08.0000",13.15,86.75,11.082442283630371,9.200118674601416,14.287243826315814
"2025-03-08 09:53:01.0000",14.01,83.12,11.75629997253418,9.678464427873282,15.390659904813326
"2025-03-08 10:22:55.0000",15.97,79.78,93.22293090820312,55.87550145118858,47.65311448149675
"2025-03-08 10:52:50.0000",17.75,72.67,4.3206915855407715,5.287669207754052,12.897783418112711
"2025-03-08 11:22:41.0000",17.34,59.43,3.433479070663452,5.09728209021398,15.689637549427454
"2025-03-08 11:52:33.0000",17.37,55.96,2.891547203063965,5.002125560796789,14.532825750741232
"2025-03-08 12:22:24.0000",17.42,52.55,3.0339503288269043,5.092728824359061,13.980046989086695
"2025-03-08 13:22:06.0000",17.4,48.28,3.9047906398773193,5.9120484509599525,15.82714924103758
"2025-03-08 13:51:58.0000",17.06,48.28,4.230371952056885,6.059385341107243,17.875287325484482
"2025-03-08 14:21:48.0000",17,46.45,4.476584434509277,6.114503150538098,15.097977150472403
"2025-03-08 15:21:31.0000",16.44,48.08,5.448386192321777,6.699119617977107,15.99788537391984
"2025-03-08 15:51:21.0000",16.24,49.59,6.688544273376465,7.20030380636148,17.261303379954306
"2025-03-08 16:21:12.0000",15.97,51.05,8.620479583740234,8.478223984326371,17.330633786435946
"2025-03-08 16:51:03.0000",15.55,52.67,9.166558265686035,8.695000660137469,16.828699152974757
"2025-03-08 17:20:54.0000",15.1,54.04,8.73984432220459,8.493534791491633,18.78262760336879
"2025-03-08 17:50:44.0000",14.43,56.03,9.597347259521484,8.914711612586556,18.878243912515632
"2025-03-08 18:20:35.0000",13.72,58.01,10.269953727722168,9.198652648754594,17.544680595441207
"2025-03-08 18:50:25.0000",13.26,59.93,9.941740036010742,9.031307014746183,16.855265107428202
"2025-03-08 19:20:15.0000",12.91,61.01,8.213875770568848,7.852905243392374,15.635588987815458
"2025-03-08 19:50:06.0000",12.39,62.07,8.727115631103516,8.182875876679178,15.799618216515565
"2025-03-08 20:19:55.0000",12.15,62.86,7.396280765533447,7.217407186144431,17.522285787588636
"2025-03-08 20:49:46.0000",11.96,63.58,8.406929969787598,7.862315592878429,16.440273429932205
"2025-03-08 21:19:36.0000",11.63,64.38,8.267685890197754,7.784339281479305,14.86468699250202
"2025-03-08 21:49:27.0000",11.35,65.21,7.6454925537109375,7.32765908415555,14.917342872365088
"2025-03-08 22:19:18.0000",11.16,65.78,7.477452278137207,7.183704154652155,14.479361733534471
"2025-03-08 22:49:10.0000",11.13,66.14,7.732540130615234,7.273291403865729,14.501149992220743
"2025-03-08 23:18:59.0000",10.48,67.3,8.683454513549805,7.966323648781456,14.418974398592898
"2025-03-08 23:48:50.0000",9.82,68.94,8.064064979553223,7.500347766746215,14.239454658894529
"2025-03-09 00:18:41.0000",9.71,69.72,9.252035140991211,8.19048419594353,14.953784850042743
"2025-03-09 00:48:32.0000",9.44,70.17,9.695980072021484,8.490032151631619,14.634923724032298
"2025-03-09 01:18:22.0000",8.96,71.42,12.149658203125,10.204314085222176,17.19431763060022
"2025-03-09 01:48:14.0000",8.58,72.2,14.03567123413086,11.531471109376783,18.141502826055397
"2025-03-09 02:18:05.0000",8.31,72.65,12.961969375610352,10.628436393332706,16.826689303620135
"2025-03-09 02:47:57.0000",8.42,72.86,14.620538711547852,11.870154359153517,17.826052488512506
"2025-03-09 03:17:48.0000",8.19,73.56,16.360515594482422,13.218707120234557,19.921948021943514
"2025-03-09 03:47:38.0000",8.1,73.93,16.69351577758789,13.389774744059174,19.93389810217067
"2025-03-09 04:17:29.0000",7.65,74.31,17.78934097290039,14.322884263400935,22.281753770786956
"2025-03-09 04:47:20.0000",7.27,75.31,18.107145309448242,14.526735108337125,20.71587459213127
"2025-03-09 05:17:10.0000",7.15,76.22,20.504932403564453,16.383733468180864,23.11845094283761
"2025-03-09 05:47:01.0000",7.18,76.58,21.880638122558594,17.38510658402336,24.126545839718425
"2025-03-09 06:16:52.0000",7.18,76.92,26.091976165771484,20.40904605173664,27.54455830791008
"2025-03-09 06:46:43.0000",7.26,76.96,32.278682708740234,24.755117494540833,31.833361571629677
"2025-03-09 07:16:35.0000",8.25,76.64,29.43008041381836,22.53609899207511,28.95520854495862
"2025-03-09 07:46:29.0000",10.1,73.27,31.064640045166016,23.601388247944268,30.962162669702842
"2025-03-09 08:16:24.0000",11.32,68.74,31.240381240844727,23.222636371418762,29.962892514456076
"2025-03-09 08:46:17.0000",12.99,65.37,27.10514259338379,20.46898406083305,28.337481505993633
"2025-03-09 09:16:12.0000",14.06,61.26,25.16595458984375,19.053852620568584,27.054705650206696
"2025-03-09 09:46:07.0000",15.95,59.15,22.880525588989258,17.299110112782472,26.068523757641948
"2025-03-09 10:16:00.0000",16.85,56.44,22.832189559936523,17.299750973291637,26.14684594409871
"2025-03-09 10:45:53.0000",17.64,52.26,19.83828353881836,15.380473937250217,25.45682191876737
"2025-03-09 11:15:45.0000",17.98,49.14,19.13806915283203,14.949754330865696,25.306774209944415
"2025-03-09 11:45:36.0000",18.28,45.57,19.085657119750977,14.762099628513415,24.556925569752575
"2025-03-09 12:15:27.0000",18.5,43.9,19.45857810974121,15.230622699886158,26.20114580843024
"2025-03-09 12:45:18.0000",18.27,43.47,18.73502540588379,14.913094899553238,24.584357575018828
"2025-03-09 13:15:10.0000",18.25,41.55,18.187532424926758,14.396802543995674,24.041988245293375
"2025-03-09 13:45:02.0000",18.51,37.62,14.336481094360352,11.908919001623214,22.047960386241023
"2025-03-09 14:14:54.0000",18.49,36.72,12.453375816345215,11.148898748413501,22.185732264802763
"2025-03-09 14:44:44.0000",18.28,35.96,9.68962574005127,9.651504745322466,21.391591260105468
"2025-03-09 15:14:35.0000",18.15,36.16,10.78259563446045,10.098127231107425,19.885266976543296
"2025-03-09 15:44:25.0000",17.46,37.09,10.195430755615234,9.83661007082742,20.264205384405127
"2025-03-09 16:14:15.0000",17.07,38.3,10.971614837646484,10.238802535376054,21.113416269570678
"2025-03-09 16:44:05.0000",16.5,39.76,15.498894691467285,13.003038717422339,23.926382754977354
"2025-03-09 17:13:56.0000",15.77,42.64,16.18383026123047,13.475638621478382,24.26835570275132
"2025-03-09 17:43:46.0000",15.05,45.05,18.025653839111328,14.53182417661276,24.534952002618432
"2025-03-09 18:13:36.0000",14.27,47.9,19.306442260742188,15.38631936628108,24.8784668461767
"2025-03-09 18:43:27.0000",13.61,49.81,19.318485260009766,15.264109784339924,26.430538260235092
"2025-03-09 19:13:17.0000",12.85,51.82,21.531837463378906,16.740102801185657,26.50222644713125
"2025-03-09 19:43:08.0000",12.44,54.32,26.999988555908203,20.67722833129688,30.839261469160398
"2025-03-09 20:12:58.0000",12.03,56.79,28.523338317871094,21.812669014590252,32.589913791428955
"2025-03-09 20:42:49.0000",11.57,58.94,29.899511337280273,22.641464714747197,31.38777059043273
"2025-03-09 21:42:29.0000",10.83,61.03,29.910682678222656,22.76312722281699,31.885387882550514
"2025-03-09 22:12:20.0000",10.28,61.66,29.83303451538086,22.78235710584354,32.07672838475562
"2025-03-09 22:42:10.0000",9.82,62.34,30.07866096496582,22.998815807662265,32.46326321879713
"2025-03-09 23:11:58.0000",9.44,63.32,30.105941772460938,23.202898408193832,32.377409554181476
"2025-03-09 23:41:48.0000",9.04,63.67,30.34364891052246,23.258511800099864,32.07614176320301
"2025-03-10 00:11:39.0000",8.63,64.12,31.384695053100586,23.77422425715843,32.83637278951316
"2025-03-10 00:41:30.0000",8.32,64.41,30.906475067138672,23.586881608765545,32.53479384129637
"2025-03-10 01:11:20.0000",7.94,65.07,31.191070556640625,23.575398026657748,31.96492747125751
"2025-03-10 01:41:11.0000",7.36,65.48,28.246326446533203,21.595793903620606,30.579382331932464
"2025-03-10 02:11:01.0000",6.99,65.91,28.134780883789062,21.687676654640427,30.226296334340823
"2025-03-10 02:40:51.0000",7.17,66.02,32.56112289428711,25.20034002027524,34.57103464750307
"2025-03-10 03:10:43.0000",7.18,66.6,32.71004104614258,25.48426332167207,34.8713179654556
"2025-03-10 03:40:33.0000",6.81,67.65,34.648738861083984,27.113782801822616,36.83586056011007
"2025-03-10 04:10:24.0000",7,68.37,31.866540908813477,25.18536824753214,35.21503595030992
"2025-03-10 04:40:15.0000",6.74,69.25,30.94668197631836,24.360047261113596,33.07294272085324
"2025-03-10 05:10:05.0000",6.52,69.75,32.313167572021484,25.39072276206642,34.536114348861794
"2025-03-10 05:39:56.0000",6.29,70.12,31.748943328857422,24.736957061725565,33.87426913558946
"2025-03-10 06:09:48.0000",6.37,70.83,34.70785903930664,27.33231351478634,36.37013902915389
"2025-03-10 06:39:38.0000",6.03,71.16,33.16274642944336,26.013943123172197,35.15656707105273
"2025-03-10 07:09:29.0000",6.61,71.23,33.038822174072266,25.542154054065843,33.374923143707456
"2025-03-10 07:39:23.0000",8.41,69.94,30.431922912597656,23.84447121829735,32.55621815128404
"2025-03-10 08:09:18.0000",10.43,67.78,29.477020263671875,22.84578641233405,31.937279388228124
"2025-03-10 08:39:12.0000",11.7,63.77,29.936649322509766,23.196930719409476,32.22793218592343
"2025-03-10 09:09:06.0000",14,59.44,27.271509170532227,20.938417136602517,32.46720582705302
"2025-03-10 09:38:59.0000",13.46,55.1,23.555557250976562,18.94543874106258,30.408108554170777
"2025-03-10 10:08:52.0000",14.01,52.66,24.681652069091797,19.65202216974467,34.62293711894541
"2025-03-10 11:08:40.0000",17.54,47.26,21.66032600402832,17.36207906631091,31.468074121408705
"2025-03-10 11:38:30.0000",15.8,46.95,20.592885971069336,16.440422734330216,27.124631574263304
"2025-03-10 12:08:21.0000",17.05,47.36,23.12533950805664,17.748441234823378,29.384869815793905
"2025-03-10 12:38:14.0000",16.99,45.07,23.017925262451172,17.684056596103964,28.779133471738614
"2025-03-10 13:08:05.0000",16.54,42.92,23.124446868896484,17.9628591426393,29.12894924088046
"2025-03-10 13:37:55.0000",15.33,45.2,21.850656509399414,17.016929763363642,30.037439318447895
"2025-03-10 14:07:43.0000",13.83,47.73,25.896190643310547,19.457993638690418,28.74553603816765
"2025-03-10 14:37:34.0000",13.06,51.25,29.985797882080078,22.330650285152572,34.33098939780276
"2025-03-10 15:07:23.0000",11.92,56.77,34.3382453918457,25.718965866150032,37.223680057870446
"2025-03-10 15:37:14.0000",11.39,59.58,35.55064010620117,26.851818648076648,37.02625717049674
"2025-03-10 16:07:04.0000",10.59,62.12,34.93415451049805,27.049348778550158,39.01062083457036
"2025-03-10 16:36:53.0000",9.58,66.22,21.850366592407227,18.06309504861674,28.30967783519836
"2025-03-10 17:06:42.0000",8.62,70.43,19.988590240478516,16.963308647125057,26.89640646850748
"2025-03-10 17:36:32.0000",7.91,72.34,15.520780563354492,13.501828792986766,22.11352229424721
"2025-03-10 18:06:22.0000",7.4,74.73,16.480464935302734,14.292551726783108,23.51989652828153
"2025-03-10 18:36:12.0000",7.28,74.02,13.650300025939941,12.176982055744137,20.52793001629072
"2025-03-10 19:06:02.0000",7.11,74.15,11.58421802520752,10.69488867485188,18.988625761143176
"2025-03-10 19:35:53.0000",6.65,74.77,7.197945594787598,7.608428615506575,16.772743128792303
"2025-03-10 20:05:43.0000",6.33,75.78,6.503616809844971,7.105274088034561,16.323479092285993
"2025-03-10 20:35:34.0000",6.01,76.49,4.467023849487305,5.319119866824053,14.17573895469818
"2025-03-10 21:05:24.0000",5.35,77.12,4.539858818054199,5.629868301619913,14.389892622030285
"2025-03-10 21:35:14.0000",4.88,77.73,3.869856595993042,5.033926209190299,13.267871327669525
"2025-03-10 22:05:06.0000",4.52,77.43,3.0786967277526855,4.5136230780077895,13.558796431576104
"2025-03-10 22:34:57.0000",4.31,77.07,3.040358781814575,4.268779467680242,11.84642816113363
"2025-03-10 23:04:49.0000",4.12,76.09,3.0041303634643555,4.440981184674059,13.467257064504865
"2025-03-10 23:34:39.0000",3.98,75.33,3.1994333267211914,4.58840188779195,13.411495508135378
"2025-03-11 00:04:30.0000",3.8,75.57,3.2045774459838867,4.6397566398091925,13.446296619622753
"2025-03-11 00:34:20.0000",3.67,75.99,3.122469902038574,4.6250131086139366,14.531611821510364
"2025-03-11 01:04:11.0000",3.35,75.99,3.3647620677948,4.795827527794889,13.868114987339121
"2025-03-11 01:34:01.0000",3.41,76.39,3.033202886581421,4.433717413743649,12.726369766384208
"2025-03-11 02:03:53.0000",3.44,75.94,2.817561388015747,4.2517140613915805,12.798469278412963
"2025-03-11 02:33:46.0000",3.65,75.71,2.678734540939331,4.0889862318413694,13.022531898043084
"2025-03-11 03:03:37.0000",3.4,75.61,2.9046292304992676,4.341646783073954,12.473022992488847
"2025-03-11 03:33:28.0000",3.58,75.61,2.4822142124176025,3.9605338365835925,11.643960274507247
"2025-03-11 04:03:20.0000",3.66,75.28,2.5490565299987793,3.9598207248988957,11.824979399169074
"2025-03-11 04:33:10.0000",2.85,75.9,2.0327956676483154,3.5612640854971627,11.144555780330117
"2025-03-11 05:03:00.0000",2.37,76.76,2.3623220920562744,3.6395120280782924,12.191719087130533
"2025-03-11 05:32:49.0000",1.93,77.31,2.290645122528076,3.5776799163914963,11.190954350729683
"2025-03-11 06:02:40.0000",1.33,78.02,2.2557766437530518,3.519599325925659,11.1046075202271
"2025-03-11 06:32:30.0000",1.05,78.45,2.2598021030426025,3.584314018047081,10.548855236324885
"2025-03-11 07:02:21.0000",1.37,79.34,2.571068048477173,3.7410592698058895,10.911881388397083
"2025-03-11 07:32:16.0000",4.35,75.95,2.2070250511169434,3.5533800781712217,11.337591250941149
"2025-03-11 08:02:14.0000",7.39,73.08,2.1861801147460938,3.8429448252675686,12.81162678883989
"2025-03-11 08:32:08.0000",8.13,71.54,1.6890699863433838,3.4118479388382954,10.797379527756988
"2025-03-11 09:02:03.0000",9.85,66.89,1.6597098112106323,3.54167186298964,11.148057894834912
"2025-03-11 09:31:52.0000",9.01,64.24,1.6074204444885254,3.7720579748472387,11.86138630965528
"2025-03-11 10:01:46.0000",10.61,61.01,1.7427467107772827,4.121797634380172,12.812880294599944
"2025-03-11 10:31:41.0000",12.5,57.65,1.3925416469573975,4.027191399630102,13.307296262207482
"2025-03-11 11:01:34.0000",12.23,56.94,1.7470581531524658,4.225786835508235,13.571228509485078
"2025-03-11 11:31:25.0000",11.44,53.11,1.5694248676300049,4.480576218970353,16.44535858276122
"2025-03-11 12:01:15.0000",11.62,53.14,1.518705129623413,4.445110506716063,15.184361145442438
"2025-03-11 12:31:06.0000",11.19,50.13,1.41701340675354,4.553572585886141,14.804046812834116
"2025-03-11 13:00:55.0000",10.26,49.83,1.333152174949646,4.321103206944432,13.890023717895414
"2025-03-11 13:30:43.0000",8.44,51.73,1.032603144645691,3.854248100648858,12.814837438797781
"2025-03-11 14:00:35.0000",8.89,52,0.8246273994445801,3.6453613633443367,11.78825784793288
"2025-03-11 14:30:25.0000",8.28,52.55,0.7182561755180359,3.505542184617217,12.838700943553924
"2025-03-11 15:00:16.0000",7.92,53.92,0.7471190094947815,3.4853627495304766,12.847779349279136
"2025-03-11 15:30:08.0000",8,55.09,0.651124119758606,3.2555076954383115,12.727366766397857
"2025-03-11 15:59:56.0000",6.53,57.73,1.2369619607925415,3.4345612666589336,11.147925379900078
"2025-03-11 16:29:47.0000",6.26,59.58,1.026349663734436,3.3048546596587824,11.683727150690077
"2025-03-11 16:59:37.0000",5.69,60.68,0.6712926626205444,2.912617263351096,11.246008859636675
"2025-03-11 17:29:27.0000",4.92,62.15,0.5614016056060791,2.6674888876841916,9.47769674861946
"2025-03-11 17:59:17.0000",4.31,63.99,0.6583415269851685,2.6516042681570617,9.705391169223223
"2025-03-11 18:29:08.0000",3.79,65.69,0.6009097099304199,2.499316317960866,8.921570821405087
"2025-03-11 18:58:59.0000",3.44,67.73,0.7349461317062378,2.505047516667162,9.387900375100148
"2025-03-11 19:28:50.0000",3.4,69.31,0.7300853133201599,2.325463849283855,8.312576892614322
"2025-03-11 19:58:41.0000",3.59,71.24,0.986213743686676,2.451737198110921,8.604220907609479
"2025-03-11 20:28:32.0000",3.56,72.26,0.8318387269973755,2.3075303430225835,8.278023526297659
"2025-03-11 20:58:24.0000",3.67,72.86,0.751782238483429,2.2688386524856075,8.275504354100068
"2025-03-11 21:28:15.0000",3.63,73.44,0.6852131485939026,2.1863229110042055,9.880938246215683
"2025-03-11 21:58:06.0000",3.55,74.86,0.9692174196243286,2.3373362701422433,8.33317711840977
"2025-03-11 22:27:58.0000",3.21,75.57,1.1495978832244873,2.5455374864730365,9.561469471496057
"2025-03-11 22:57:49.0000",2.85,76.15,0.8879096508026123,2.288375888069755,8.026777742805775
"2025-03-11 23:27:41.0000",3.13,77.19,91.96512603759766,57.19704314291155,47.13125128933852
"2025-03-11 23:57:33.0000",4.16,79.37,85.89222717285156,53.60647471949117,44.83994118212739
"2025-03-12 00:27:26.0000",4.63,80.49,86.12239837646484,53.99642002637138,43.292775049175376
"2025-03-12 00:57:16.0000",4.01,81.93,86.03766632080078,53.76094592924596,42.91410821454372
"2025-03-12 01:27:07.0000",4.01,83.44,70.38128662109375,44.80019210968007,35.894119496606535
"2025-03-12 01:57:00.0000",4.52,83,1.2391064167022705,2.039497834870456,7.635546163336
"2025-03-12 02:26:51.0000",4.16,84.92,0.3398231267929077,1.1214539635349943,5.559117867198145
"2025-03-12 02:56:42.0000",3.75,86.06,0.3051988482475281,1.0760037815154708,5.051398899872001
"2025-03-12 03:26:33.0000",3.56,85.87,-1.4098648859776536e31,-8.830795430733542e29,-8.673829061357273e29
"2025-03-12 03:56:22.0000",2.67,86.93,0.34346288442611694,1.2406909687470615,5.820924900993581
"2025-03-12 04:26:13.0000",2.81,86.97,-1.4098648859776536e31,-8.830795430733542e29,-8.673829061357273e29
"2025-03-12 04:56:05.0000",2.91,87.02,0.5793106555938721,1.3367381841615085,6.057121662368374
"2025-03-12 05:25:55.0000",2.72,87.75,0.709950864315033,1.3875521473787487,5.470454835227489
"2025-03-12 05:55:46.0000",2.12,88.7,-1.4098648859776536e31,-8.830795430733542e29,-8.673829061357273e29
"2025-03-12 06:25:37.0000",1.47,89.25,0.780583381652832,1.3757388837480369,5.949326152208604
"2025-03-12 06:55:28.0000",1.93,91.24,0.7992432713508606,1.5585383008290705,6.182584586679064
"2025-03-12 07:25:24.0000",4.69,88.31,0.9295588135719299,1.6307084206590714,6.41821022395208
"2025-03-12 07:55:21.0000",7.65,84.31,0.6524767279624939,1.4968263865571545,6.011383376661107
"2025-03-12 08:55:07.0000",10.5,75.5,0.9350518584251404,2.781287804947735,9.79964947172934
"2025-03-12 09:24:56.0000",7.46,69.21,0.7569652795791626,2.8846322284492802,10.064588673618749
"2025-03-12 10:24:38.0000",6.23,65.46,0.6183465719223022,2.890565325445403,10.68260559796188
"2025-03-12 10:54:27.0000",6.59,66.42,0.6347755789756775,2.7737221939216887,9.549277234237808
"2025-03-12 11:24:20.0000",6.78,65.53,0.8474138379096985,3.0227462167103547,11.099543028635043
"2025-03-12 11:54:10.0000",5.92,66.35,0.8272895812988281,2.8454174675723967,9.847682389464666
"2025-03-12 12:24:02.0000",6.59,67.24,0.8358572125434875,2.7691833103553822,10.288064578722123
"2025-03-12 13:53:39.0000",8.4,61.98,0.44843944907188416,2.933214187546522,10.878419894758672
"2025-03-12 14:23:29.0000",7.96,61.3,0.4984471797943115,2.935805418614927,10.819270925493088
"2025-03-12 14:53:20.0000",7.63,61.75,0.3609922230243683,2.7213894058391874,9.887788227060142
"2025-03-12 15:23:12.0000",7.86,65.05,0.7046191096305847,2.8468398783277187,10.406689021630783
"2025-03-12 15:53:04.0000",8.05,63.13,0.5923123955726624,2.8470359144880253,10.381599371537984
"2025-03-12 16:22:52.0000",6.5,68.39,0.6393045783042908,2.4929795281627345,10.259911354361577
"2025-03-12 16:52:42.0000",5.94,70.28,0.3083195984363556,2.0391833359301126,7.917043725725045
"2025-03-12 17:22:35.0000",5.84,72.7,0.2869117856025696,2.074726830501433,8.158837929989753
"2025-03-12 17:52:23.0000",4.5,74.95,0.5954056978225708,2.2400903550749836,8.187623645010696
"2025-03-12 18:22:14.0000",4.66,76.37,86.89522552490234,52.43103462184706,43.22523022499637
"2025-03-12 18:52:05.0000",4.08,77,86.31620788574219,52.09358251422214,43.064922585193
"2025-03-12 19:21:55.0000",3.62,77.14,0.769526481628418,2.141869706487184,7.741321024120231
"2025-03-12 19:51:46.0000",3.31,78.75,89.77173614501953,55.192836133348614,44.68489994199609
"2025-03-12 20:21:36.0000",3.07,79.78,87.90425109863281,54.14597344349021,43.49824061799101
"2025-03-12 20:51:27.0000",2.81,80.29,1.1922863721847534,2.208981064634533,7.522135760787139
"2025-03-12 21:21:17.0000",2.59,80.96,127.67933654785156,82.37249773649988,66.528686745701
"2025-03-12 21:51:08.0000",2.27,82.67,86.3707046508789,53.62757968932589,42.68730566860953
"2025-03-12 22:20:58.0000",1.97,82.8,-1.4098648859776536e31,-8.830795430733542e29,-8.673829061357273e29
"2025-03-12 23:20:40.0000",1.99,83.16,-1.4098648859776536e31,-8.830795430733542e29,-8.673829061357273e29
"2025-03-12 23:50:31.0000",1.95,84.27,44.841636657714844,29.061661249235097,25.490010982693843
"2025-03-13 00:20:22.0000",1.76,85.39,14.093600273132324,9.949490350195104,12.829344792003566
"2025-03-13 01:20:04.0000",1.66,83.8,12.857723236083984,9.152363325920797,12.347065123667504
"2025-03-13 01:49:55.0000",1.55,81.85,70.44805145263672,43.29743497448069,36.88163757529255
"2025-03-13 02:19:46.0000",1.63,81.18,91.11760711669922,55.572019156607894,45.649765985842436
"2025-03-13 02:49:36.0000",0.99,80.87,86.37100219726562,52.4304176812322,42.889799217491564
"2025-03-13 03:19:28.0000",1.33,81,1.2688355445861816,2.433234295787182,7.945225305210844
"2025-03-13 03:49:20.0000",1.41,80.82,86.14848327636719,52.60953683957846,42.70212596454605
"2025-03-13 04:19:10.0000",0.87,81.76,2.170149803161621,2.7694332814847553,7.920136258918135
"2025-03-13 04:49:01.0000",1.48,81.92,87.56787109375,53.874041459230476,43.20097645244632
"2025-03-13 05:18:54.0000",1.69,81.29,68.28326416015625,42.11011332594282,35.291434712434246
"2025-03-13 05:48:44.0000",1.38,81.99,0.9343596696853638,1.9417979282261977,7.09904070530775
"2025-03-13 06:18:35.0000",1.13,81.9,86.1429672241211,52.81138081693097,42.5087710053519
"2025-03-13 06:48:27.0000",1.28,83.95,85.82565307617188,53.10060333391216,42.525781596955085
"2025-03-13 07:18:21.0000",1.86,82.32,86.43292236328125,53.062052411835275,42.75985561565845
"2025-03-13 07:48:13.0000",2.54,81.76,6.506130218505859,5.359594120413567,9.376939149335287
"2025-03-13 08:18:05.0000",3.21,79.92,1.321553349494934,2.460841942743823,8.0608024468843
"2025-03-13 08:47:59.0000",5.01,77.75,0.5458822250366211,2.1290124980792386,8.139389468690519
"2025-03-13 09:17:59.0000",9.25,69.98,0.9233234524726868,2.9392184912838375,10.411150218942169
"2025-03-13 09:47:52.0000",8.47,68.17,0.8557862043380737,3.154310597921663,11.131434871801021
"2025-03-13 10:17:45.0000",7.14,62.28,0.8132435083389282,3.262034566134864,11.259945955358637
"2025-03-13 10:47:41.0000",10.7,61.81,0.8596784472465515,3.297819849001977,11.251353861508548
"2025-03-13 11:17:31.0000",10.02,60.43,0.7821498513221741,3.2711147424320113,10.928093636683672
"2025-03-13 11:47:21.0000",7.68,59.19,0.7920399308204651,3.234366786022962,11.002017398670427
"2025-03-13 12:17:12.0000",7.69,60.11,0.9057763814926147,3.3812630916882456,11.509423058200436
"2025-03-13 12:47:05.0000",7.93,58.94,0.8091123700141907,3.196845520005141,10.779350119076087
"2025-03-13 13:16:55.0000",7.56,59.25,0.6083166003227234,3.1211181635660563,11.066673205582513
"2025-03-13 13:46:46.0000",7.24,60.2,0.9884844422340393,3.4277312685245587,12.85587121052356
"2025-03-13 14:16:57.0000",6.55,62.63,0.9465510249137878,3.125784144486983,11.099869602745068
"2025-03-13 14:46:43.0000",6.79,63.5,0.7472749352455139,2.829814821919205,9.849978432105713
"2025-03-13 15:16:36.0000",7.09,63.41,0.7784057855606079,2.962101465468886,10.010717978749579
"2025-03-13 15:46:27.0000",6.48,63.84,0.6020409464836121,2.7917808474596044,10.373913776769518
"2025-03-13 16:16:18.0000",6.4,65.28,0.6025102734565735,2.7557686936115333,9.711910699585218
"2025-03-13 16:46:08.0000",6.03,65.94,0.6886875033378601,2.66055356938153,9.323155889397588
"2025-03-13 17:15:58.0000",5.67,66.34,0.7465235590934753,2.762162479859647,9.798848603561238
"2025-03-13 17:45:49.0000",5.04,68.13,0.7357839941978455,2.59377974379865,8.975595623791664
"2025-03-13 18:15:38.0000",4.6,69.2,0.6089450120925903,2.375782627603344,9.089196545115696
"2025-03-13 18:45:28.0000",4.43,69.73,0.7557477951049805,2.5372369289534222,9.513968918344878
"2025-03-13 19:15:19.0000",3.93,70.83,0.7559313774108887,2.454119174498941,8.87315048063664
"2025-03-13 19:45:09.0000",3.35,72.07,1.0187348127365112,2.603935145011268,9.632323935292522
"2025-03-13 20:15:00.0000",3.06,73.21,1.1386951208114624,2.507377749051456,8.416241234637408
"2025-03-13 20:44:52.0000",3.07,73.55,1.0461186170578003,2.4161705836024225,8.700385919516558
"2025-03-13 21:14:43.0000",3.37,73.66,-1.4098648859776536e31,-8.830795430733542e29,-8.673829061357273e29
"2025-03-13 21:44:35.0000",3.87,73.87,0.9085047245025635,2.2503047056059455,8.166555013549607
"2025-03-13 22:14:26.0000",3.93,73.73,1.145910620689392,2.4897792274937056,8.250703525059986
"2025-03-13 22:44:17.0000",3.93,74.26,-1.4098648859776536e31,-8.830795430733542e29,-8.673829061357273e29
"2025-03-13 23:14:07.0000",3.77,74.68,1.147845983505249,2.4677943462226803,8.657384100627375
"2025-03-13 23:43:59.0000",3.89,74.81,86.63462829589844,52.23707109570622,43.0552941461862
"2025-03-14 00:13:51.0000",4.06,75.07,86.35470581054688,52.11322190232453,43.16374995017309
"2025-03-14 00:43:43.0000",4.02,75.53,-1.4098648859776536e31,-8.830795430733542e29,-8.673829061357273e29
"2025-03-14 01:13:35.0000",4.17,75.95,-1.4098648859776536e31,-8.830795430733542e29,-8.673829061357273e29
"2025-03-14 01:43:26.0000",4.17,76.3,85.84944152832031,52.101375273662114,42.742414868085085
"2025-03-14 02:13:17.0000",3.82,76.76,1.067820429801941,2.2879631115412975,8.684325015335265
"2025-03-14 02:43:07.0000",3.66,77.19,86.70330047607422,52.699549514512945,42.89557936644855
"2025-03-14 03:15:35.0000",3.93,77.09,87.33799743652344,53.146670933792144,43.424759740969236
"2025-03-14 03:45:16.0000",3.63,77,-1.4098648859776536e31,-8.830795430733542e29,-8.673829061357273e29
"2025-03-14 04:15:06.0000",3.53,77.29,4.962147235870361,4.605105039711769,9.418026523067539
"2025-03-14 04:44:56.0000",3.35,77.4,36.80269241333008,23.74196431543183,23.208664670687728
"2025-03-14 05:14:46.0000",3.28,77.68,-1.4098648859776536e31,-8.830795430733542e29,-8.673829061357273e29
"2025-03-14 05:44:38.0000",3.28,77.54,-1.4098648859776536e31,-8.830795430733542e29,-8.673829061357273e29
"2025-03-14 06:14:29.0000",3.22,77.98,24.474390029907227,16.44263266114288,18.225004686046358
"2025-03-14 06:44:19.0000",3.18,78.44,9.445662498474121,7.485460864012033,11.772811733807718
"2025-03-14 07:14:10.0000",3.14,78.91,50.73028564453125,32.03253045567775,29.47642802828588
"2025-03-14 07:44:02.0000",3.39,79.13,6.033658504486084,5.492041541252892,10.349300959723767
"2025-03-14 08:13:55.0000",3.66,79.16,99.23617553710938,61.434328841644714,50.66670981842262
"2025-03-14 08:43:47.0000",3.88,79.21,107.83191680908203,67.42831554205408,55.54112817640237
"2025-03-14 09:13:40.0000",4.6,79.05,92.85040283203125,57.054348243743334,47.316855014255616
"2025-03-14 09:43:31.0000",5.64,78.33,-1.4098648859776536e31,-8.830795430733542e29,-8.673829061357273e29
"2025-03-14 10:13:25.0000",8.46,77.78,17.614662170410156,12.1064113780376,14.934985244310633
"2025-03-14 11:13:15.0000",12.36,65.44,1.0127836465835571,2.8502979444401433,9.38957725707141
"2025-03-14 11:43:10.0000",13.21,59.87,1.5423213243484497,4.093880403245051,13.326338234720115
"2025-03-14 12:12:50.0000",8.36,58.1,1.0837002992630005,3.5198124568706004,12.312114695352612
"2025-03-14 12:42:39.0000",7.28,57.87,0.5198858976364136,3.0094609462561692,10.553675559695856
"2025-03-14 13:12:30.0000",7.15,58.33,0.5169933438301086,2.9725417313252214,11.555786333658435
"2025-03-14 13:42:22.0000",7.92,58.89,0.6468536853790283,3.0250313698486897,11.072585095570815
"2025-03-14 14:12:14.0000",8.52,59.29,0.6098320484161377,2.9965530533551887,10.826433143061887
"2025-03-14 14:42:10.0000",9.85,56.39,0.681200385093689,3.183802472892102,10.958336801122936
"2025-03-14 15:11:59.0000",9.14,55.37,0.8075961470603943,3.354139288108942,11.026511846349582
"2025-03-14 15:41:51.0000",9.17,55.86,0.684914231300354,3.293491172319405,11.637373006979246
"2025-03-14 16:11:43.0000",9.7,55.02,0.5687510371208191,3.3714654754199285,11.270303009581424
"2025-03-14 17:11:20.0000",7.21,58.94,1.2601237297058105,3.31861156557528,10.412288287348616
"2025-03-14 17:41:10.0000",6.44,61.03,1.420442819595337,3.388296210575678,10.842665259078466
"2025-03-14 18:10:59.0000",5.54,63.35,1.1076809167861938,2.947567520465078,10.725041513119994
"2025-03-14 18:40:49.0000",4.97,66.11,1.2453843355178833,2.93195197543692,10.147729757129877
"2025-03-14 19:10:40.0000",5.03,68.27,1.183635950088501,2.6889703796135906,8.734231693003139
"2025-03-14 19:40:31.0000",4.81,69.07,1.5828886032104492,2.9689748115467354,10.091282089751035
"2025-03-14 20:10:21.0000",4.57,69.87,2.13084077835083,3.5110182036592583,10.265437575239757
"2025-03-14 20:40:11.0000",4.25,70.56,1.583670735359192,3.1315011156732275,9.44383627949172
"2025-03-14 21:10:02.0000",3.74,71.21,1.168368935585022,2.813478010205304,9.699542779873415
"2025-03-14 21:39:52.0000",3.35,72.63,1.3516733646392822,2.850350236719786,9.688565197686012
"2025-03-14 22:09:43.0000",2.82,73.18,1.1758614778518677,2.8312074767907784,9.232869778672956
"2025-03-14 22:39:33.0000",2.42,73.54,1.22455632686615,2.7089667809697358,8.853727760212998
"2025-03-14 23:09:24.0000",2.07,73.94,1.1692414283752441,2.6752846481150123,8.791292233114733
"2025-03-14 23:39:15.0000",1.82,74.21,1.139829397201538,2.636078491868473,8.870343846915482
"2025-03-15 00:09:06.0000",1.62,75.45,1.3128588199615479,2.656100132624148,8.730856226958322
"2025-03-15 00:38:58.0000",1.85,75.47,1.6525098085403442,2.9192952070739873,8.876829175746302
"2025-03-15 01:08:49.0000",1.14,75.07,2.237917184829712,3.222089432658278,9.305028441687785
"2025-03-15 01:38:38.0000",0.28,76.1,2.6283552646636963,3.541144223978595,9.662460683708229
"2025-03-15 02:08:28.0000",-0.23,76.52,3.0074305534362793,3.741465968047069,9.49704647211133
"2025-03-15 02:38:19.0000",-0.07,76.99,2.780536413192749,3.5817370611562227,9.975993669273674
"2025-03-15 03:08:11.0000",0.64,78.04,106.28253936767578,67.08862171226217,54.51606028837224
"2025-03-15 03:38:03.0000",0.88,78.56,89.87561798095703,55.59390926257792,45.64392283670718
"2025-03-15 04:07:54.0000",0.92,79.27,-1.4098648859776536e31,-8.830795430733542e29,-8.673829061357273e29
"2025-03-15 04:37:45.0000",0.83,79.85,88.47850036621094,54.712152109939765,44.231583932257216
"2025-03-15 05:07:37.0000",0.82,80.34,58.432716369628906,36.78363289672128,31.718386777323516
"2025-03-15 05:37:27.0000",0.83,80.87,87.23961639404297,54.09319020693453,43.80012415379024
"2025-03-15 06:07:18.0000",0.87,81.19,87.14289855957031,53.88007485512817,43.457195936603966
"2025-03-15 06:37:10.0000",1.07,81.73,64.87855529785156,41.09254476388274,35.53231310327808
"2025-03-15 07:07:04.0000",3.3,80.82,92.06647491455078,57.30237108770533,46.225749127469754
"2025-03-15 07:36:58.0000",5.05,79.3,27.300100326538086,17.982511120033223,19.430188846287052
"2025-03-15 08:06:52.0000",6.86,76.87,-1.4098648859776536e31,-8.830795430733542e29,-8.673829061357273e29
"2025-03-15 08:36:48.0000",9.25,74.02,1.9322055578231812,2.873172607172022,8.631017008980919
"2025-03-15 09:06:41.0000",10.16,74.56,7.8801093101501465,6.437012967853413,13.046276459066206
"2025-03-15 09:36:37.0000",12.39,70.71,1.2264996767044067,2.72095129470958,9.227564230124804
"2025-03-15 10:06:31.0000",13.28,67.14,1.015260934829712,2.7106499313378998,9.23561043356076
"2025-03-15 10:36:19.0000",9.34,65.61,0.8059881329536438,2.8036934206469306,9.963362601929179
"2025-03-15 11:06:07.0000",8.03,66.54,0.7765263319015503,2.7225597458815547,9.55401741355007
"2025-03-15 11:36:09.0000",14.74,64.46,1.4123667478561401,3.5307849446854154,12.311899547176793
"2025-03-15 12:05:52.0000",9.11,60.91,1.4694715738296509,3.776490283148407,11.98369143473446
"2025-03-15 12:35:42.0000",9.03,61.63,1.2308241128921509,3.488677032053565,11.99675971818275
"2025-03-15 13:05:32.0000",8.75,61.76,1.302793264389038,3.268525677249793,10.456176471343003
"2025-03-15 13:35:22.0000",8.56,63.86,1.4457249641418457,3.442143728865943,10.982259265445368
"2025-03-15 14:05:12.0000",7.25,62.6,0.7632697820663452,3.0182680807555973,10.454626777688663
"2025-03-15 14:35:04.0000",7.35,63.55,0.7302267551422119,2.9043823624248675,11.193442313187035
"2025-03-15 15:04:53.0000",7.33,65.28,0.555180013179779,2.7309427150709693,10.12711945072559
"2025-03-15 15:34:46.0000",6.9,64.15,0.6781675219535828,2.827443541566262,10.120591851723868
"2025-03-15 16:04:36.0000",6.83,65.46,0.7317389845848083,2.733262912004948,10.257664652681378
"2025-03-15 16:34:26.0000",6.36,67.46,0.8308483958244324,2.7559719264658584,9.741136428301843
"2025-03-15 17:04:20.0000",6.78,66.71,0.6021564602851868,2.6271693016712745,9.331163556890642
"2025-03-15 17:34:10.0000",6.09,68.26,0.8160135746002197,2.694953925526082,9.436746914498851
"2025-03-15 18:04:00.0000",5.75,69.1,0.8381046652793884,2.648777045435533,9.384050910572507
"2025-03-15 18:33:50.0000",5.53,70.08,0.8537507057189941,2.4490303769314687,8.7741339690422
"2025-03-15 19:03:41.0000",5.37,71.17,1.7836954593658447,3.0641007591650817,9.00556575632166
"2025-03-15 19:33:31.0000",5.33,72.52,1.2162379026412964,2.5635966493576907,9.102866725665626
"2025-03-15 20:03:23.0000",5.32,73.14,86.53125,52.15157109956449,43.35141878872852
"2025-03-15 20:33:14.0000",5.32,73.89,1.063314437866211,2.392174763592116,8.617887379278033
"2025-03-15 21:03:04.0000",5.33,74.45,0.8802279233932495,2.2788964378712273,8.226545576301035
"2025-03-15 21:32:56.0000",5.35,75.09,2.0510125160217285,2.947628136479186,9.045764616871761
"2025-03-15 22:02:47.0000",5.25,75.64,3.0024383068084717,3.53964099403855,9.420775679263624
"2025-03-15 22:32:38.0000",5.33,76.04,1.7143959999084473,2.6625836884235325,8.588891663079526
"2025-03-15 23:02:29.0000",5.31,77.13,1.2837164402008057,2.318554155969168,8.156771064335999
"2025-03-15 23:32:21.0000",5.16,78.18,-1.4098648859776536e31,-8.830795430733542e29,-8.673829061357273e29
"2025-03-16 00:02:12.0000",4.28,78.85,87.83907318115234,53.69947387569451,43.54718482104681
"2025-03-16 00:32:00.0000",3.1,79.33,91.26480865478516,55.94589097651165,45.56134973820786
"2025-03-16 01:01:49.0000",2.51,79.76,-1.4098648859776536e31,-8.830795430733542e29,-8.673829061357273e29
"2025-03-16 01:31:41.0000",2.77,79.49,91.24938201904297,56.11404765061564,45.87096480586909
"2025-03-16 02:01:32.0000",2.68,80.15,2.0888729095458984,2.881854182757887,8.297588953709425
"2025-03-16 02:31:24.0000",3.25,79.99,56.883216857910156,35.581352767416256,31.287454078712823
"2025-03-16 03:01:14.0000",2.88,79.97,5.7017974853515625,5.280455397644252,10.521796066272119
"2025-03-16 03:31:05.0000",2.65,80.92,4.0986433029174805,4.317690704210625,9.576199976962013
"2025-03-16 04:00:54.0000",2.53,81.45,-1.4098648859776536e31,-8.830795430733542e29,-8.673829061357273e29
"2025-03-16 04:30:47.0000",2.75,81.75,8.496427536010742,7.097685457161547,12.26873644724793
"2025-03-16 05:00:37.0000",2.4,82.06,17.50935935974121,12.392332039587028,15.249376121074304
"2025-03-16 05:30:27.0000",1.26,82.01,130.25660705566406,83.36394589193648,67.80842568163958
"2025-03-16 06:00:17.0000",0.83,82.73,7.401402950286865,6.5062388229452,11.775613688356836
"2025-03-16 06:30:08.0000",0.78,82.63,94.08016967773438,58.32151382717104,48.130941218653476
"2025-03-16 07:00:03.0000",3.66,82.26,10.023534774780273,7.836620007671631,11.732748103174565
"2025-03-16 07:30:01.0000",6.91,81.16,8.792984008789062,7.336908889652697,11.894500380333145
"2025-03-16 08:00:03.0000",11.89,77.75,91.40331268310547,57.03786517784801,46.46868939023219
"2025-03-16 08:29:56.0000",12.48,76.97,10.656027793884277,8.375815118970888,12.387553120668237
"2025-03-16 08:59:50.0000",14.5,76.29,6.6884613037109375,6.07876256534709,11.175125086638845
"2025-03-16 09:29:40.0000",12.31,70.76,4.92061710357666,5.118156993903475,10.999114730501661
"2025-03-16 09:59:25.0000",10.43,68.55,3.4318556785583496,4.376094906430664,10.719230031489385
"2025-03-16 10:29:17.0000",12.1,66.38,2.1196017265319824,3.5974982573092475,10.18612087462705
"2025-03-16 10:59:12.0000",12.45,59.95,1.0862553119659424,3.2585459925455966,10.891087851659659
"2025-03-16 11:28:58.0000",9.57,57.8,1.013704776763916,3.2983489553116025,10.58464368181416
"2025-03-16 11:58:48.0000",9.41,59.33,1.1177668571472168,3.3054571831213595,11.388886621233267
"2025-03-16 12:58:31.0000",9.4,61.49,1.9275881052017212,3.6874556247727046,10.657750177931455
"2025-03-16 13:28:24.0000",10.43,61.84,2.9721624851226807,4.3986255242550305,12.899662026168956
"2025-03-16 13:58:16.0000",9.54,62.34,1.842054843902588,3.5986709424784395,11.615361366216414
"2025-03-16 14:28:07.0000",9.16,63.07,1.6746636629104614,3.5062226996540873,10.624336185778615
"2025-03-16 14:57:57.0000",8.63,64.69,1.6857335567474365,3.3933327135635003,10.739576748200475
"2025-03-16 15:27:49.0000",8.98,65.37,1.5821236371994019,3.1834452628651664,9.899678435389871
"2025-03-16 15:57:39.0000",8.03,67.11,1.6393494606018066,3.1623764620197905,9.533248522375176
"2025-03-16 16:27:30.0000",8.13,68.41,2.1387641429901123,3.402907512919617,9.903810563469465
"2025-03-16 16:57:23.0000",8.35,68.53,1.0907318592071533,2.7100331472178247,9.020516351922442
"2025-03-16 17:27:14.0000",8.39,67.99,1.0248020887374878,2.7911715546249733,9.097125458985342
"2025-03-16 17:57:04.0000",8.18,68.2,1.4500170946121216,3.056354331552304,9.48993666287191
"2025-03-16 18:26:55.0000",7.87,68.71,1.1217916011810303,2.898008274843168,9.443473655237137
"2025-03-16 19:26:37.0000",7.29,71.24,2.087804079055786,3.4031668824055443,10.492019697488681
"2025-03-16 19:56:27.0000",7,72.83,2.1967344284057617,3.4623279171725523,9.202366312166177
"2025-03-16 20:26:19.0000",6.68,74.57,1.5295605659484863,2.9452617022482306,9.130069207902263
"2025-03-16 20:56:09.0000",6.42,76.06,1.4213557243347168,2.6876107745135265,8.623520482131115
"2025-03-16 21:26:00.0000",6.27,76.46,1.4775407314300537,2.766209093258616,8.849548654767272
"2025-03-16 21:55:51.0000",6.15,76.6,1.2873363494873047,2.677748642191072,8.669900918098463
"2025-03-16 22:25:41.0000",5.99,76.69,1.4777071475982666,2.784076517639484,9.28871210121991
"2025-03-16 22:55:31.0000",5.8,77.18,1.287300944328308,2.6529001816877473,9.648200927613843
"2025-03-16 23:25:22.0000",5.65,77.2,1.2665883302688599,2.6473250067505503,8.708066729192597
"2025-03-16 23:55:13.0000",5.49,77.18,1.3590744733810425,2.7600791479399978,8.83334532276917
"2025-03-17 00:25:05.0000",5.72,76.2,1.2991231679916382,2.7582926512760255,9.29881942661236
"2025-03-17 00:54:57.0000",5.84,75.17,1.4143073558807373,3.043824006189679,9.899076517368462
"2025-03-17 01:24:47.0000",5.7,74.83,1.4863405227661133,3.0460784981670077,9.9166414098114
"2025-03-17 01:54:39.0000",5.71,74.24,1.5267283916473389,3.1575445158500934,9.666031524924476
"2025-03-17 02:24:30.0000",5.63,73.83,1.366971492767334,2.961771224781972,10.026717877179788
"2025-03-17 02:54:21.0000",5.47,73.63,1.7818256616592407,3.306569284604306,10.229816642457966
"2025-03-17 03:24:11.0000",5.26,73.84,1.519832968711853,3.090623941516606,10.698765678454505
"2025-03-17 03:54:03.0000",5.18,73.51,1.7644435167312622,3.3576756939255725,10.551319714534129
"2025-03-17 04:23:54.0000",5.11,72.91,1.839792013168335,3.524605485125888,11.2251135245063
"2025-03-17 04:53:45.0000",4.95,72.96,1.5968786478042603,3.2701775158492814,10.425299761521819
"2025-03-17 05:23:36.0000",4.88,72.78,1.3350168466567993,2.997466065973597,9.786900437125198
"2025-03-17 05:53:27.0000",4.59,73.74,0.9183642864227295,2.5275069857248815,9.239461579369406
"2025-03-17 06:23:18.0000",4.21,75.44,0.7634685635566711,2.265637640859614,8.182063010912898
"2025-03-17 06:53:09.0000",4.2,76.67,1.0224039554595947,2.2897257581009285,7.879249696169154
"2025-03-17 07:23:00.0000",4.08,77.53,86.29131317138672,52.19546245795272,42.94079879726829
"2025-03-17 07:52:51.0000",4.23,78.63,86.53612518310547,52.56882105102944,42.84180257193496
"2025-03-17 08:22:43.0000",4.47,79.06,86.87364196777344,53.03412987829615,43.33814431299316
"2025-03-17 08:52:35.0000",5.33,78.99,32.12618637084961,20.753854704949784,21.07472857899229
"2025-03-17 09:22:25.0000",4.79,77.94,1.5224287509918213,2.8022782873202248,9.110269226692937
"2025-03-17 10:22:09.0000",4.99,73.85,1.3668946027755737,2.8922788500062797,9.490517373777612
"2025-03-17 10:52:01.0000",5.02,73.2,2.1222167015075684,3.6210090886232233,12.060611602107226
"2025-03-17 11:21:53.0000",5.57,70.74,2.4369211196899414,4.09481231479372,12.550985731091034
"2025-03-17 11:51:44.0000",5.83,69.14,2.6735517978668213,4.364706512539234,12.574175406341146
"2025-03-17 12:21:36.0000",6.12,67.69,3.297294855117798,4.944422893839766,13.743076337064076
"2025-03-17 12:51:28.0000",6.52,66.24,2.9600870609283447,4.621883889111712,13.342016518251341
"2025-03-17 13:21:20.0000",7.2,64.81,2.9424359798431396,4.663386789608299,14.154865746310808
"2025-03-17 13:51:11.0000",6.79,64,3.125575542449951,4.932285778269822,14.730154259104896
"2025-03-17 14:21:03.0000",6.91,64.19,3.032397508621216,4.817103354558824,14.445521010622052
"2025-03-17 14:50:54.0000",7,63.93,3.614473342895508,5.122195826940378,14.287992275698507
"2025-03-17 15:20:46.0000",6.92,62.93,3.6579928398132324,5.170808138363095,13.852505632544792
"2025-03-17 15:50:37.0000",6.85,62.85,3.1323840618133545,4.823937546598755,13.593678482635609
"2025-03-17 16:20:27.0000",6.6,63.23,2.6656250953674316,4.53261646560278,13.398325769036994
"2025-03-17 16:50:19.0000",6.44,63.68,2.4566233158111572,4.435956269759133,13.31092568656291
"2025-03-17 17:20:11.0000",6.24,63.83,2.543245553970337,4.487047820816891,12.94344364543643
"2025-03-17 17:50:01.0000",6.05,64.34,2.6229846477508545,4.450210724190167,13.589220899226117
"2025-03-17 18:19:51.0000",5.93,64.9,2.896064281463623,4.659749359969841,13.572619969684366
"2025-03-17 18:49:43.0000",5.93,65.23,3.1278128623962402,4.773875679236144,13.86480786468049
"2025-03-17 19:19:34.0000",5.72,65.61,2.9781548976898193,4.650852071082895,13.1027950110806
"2025-03-17 19:49:24.0000",5.64,66.24,3.4064528942108154,4.934928889965288,13.644707830650308
"2025-03-17 20:19:17.0000",5.91,66.86,3.2118210792541504,4.66363191017894,13.21283498792596
"2025-03-17 20:49:08.0000",5.7,68.61,2.6003475189208984,4.030477467985554,11.239331086883476
"2025-03-17 21:18:58.0000",5.37,70.74,3.1561756134033203,4.4192311150892865,11.778366086912378
"2025-03-17 21:48:48.0000",4.43,73.13,3.303272247314453,4.519826951465276,11.616978896176315
"2025-03-17 22:48:28.0000",2.87,77.6,3.238938093185425,4.020318759126628,10.636403983118905
"2025-03-17 23:18:19.0000",2.52,79.81,3.957062005996704,4.560012793886608,10.867356217653867
"2025-03-17 23:48:10.0000",2.16,81.07,89.85078430175781,55.459591365477635,45.12041009798514
"2025-03-18 00:18:01.0000",1.95,82.13,5.117632865905762,5.155890210836979,11.287714251187722
"2025-03-18 00:47:53.0000",2.39,82.35,3.8869030475616455,4.046186106268197,9.299130801447767
"2025-03-18 01:17:44.0000",2.05,83.4,4.917250156402588,4.775088473331924,10.090295657644877
"2025-03-18 01:47:35.0000",1.85,83.77,-1.4098648859776536e31,-8.830795430733542e29,-8.673829061357273e29
"2025-03-18 02:17:25.0000",1.37,84.39,15.383465766906738,11.064209750806212,14.056423314396383
"2025-03-18 02:47:15.0000",0.89,85.23,97.7216567993164,61.77517317061436,50.24559003245437
"2025-03-18 03:17:06.0000",0.65,86.18,11.202860832214355,8.697592884756869,12.918766593843678
"2025-03-18 03:46:57.0000",0.56,87.42,22.751283645629883,15.864094337786081,17.456080874254862
"2025-03-18 04:16:48.0000",0.47,88.51,27.069599151611328,18.508352114495224,19.207126295059137
"2025-03-18 04:46:39.0000",0.46,89.53,-1.4098648859776536e31,-8.830795430733542e29,-8.673829061357273e29
"2025-03-18 05:16:30.0000",0.47,90.28,26.87552261352539,18.606145246533796,20.179788858557174
"2025-03-18 05:46:21.0000",0.41,90.92,21.916547775268555,15.471768825798662,17.399333517210106
"2025-03-18 06:16:11.0000",0.29,91.03,15.496153831481934,11.697318199672283,15.01957406403206
"2025-03-18 06:46:03.0000",0.73,92.07,-1.4098648859776536e31,-8.830795430733542e29,-8.673829061357273e29
"2025-03-18 07:15:57.0000",2.73,90.47,33.59019088745117,22.830251891271903,22.745330836335224
"2025-03-18 07:45:52.0000",4.49,88.09,18.812944412231445,13.623477643416313,17.022987063746783
"2025-03-18 08:15:45.0000",5.77,84.02,6.854394912719727,6.279183849609221,11.625381153860522
"2025-03-18 08:45:37.0000",6.76,77.75,5.994739055633545,5.839319422726035,11.907306702395983
"2025-03-18 09:15:31.0000",8.03,71.43,5.445758819580078,5.791006364095475,13.336827066419765
"2025-03-18 09:45:24.0000",8.43,64.59,3.675297498703003,4.9171480764682425,12.477938723830107
"2025-03-18 10:15:18.0000",9.39,60.43,2.810275077819824,4.456917807818492,13.098482498403268
"2025-03-18 10:45:10.0000",9.67,55.19,3.2519545555114746,4.989515692067313,13.841827793971634
"2025-03-18 11:15:03.0000",9.96,52.62,3.890869140625,5.549829863533802,14.2468250752233
"2025-03-18 11:44:56.0000",10.3,51.49,4.359864234924316,5.9833947227617506,16.558131224817238
"2025-03-18 12:14:49.0000",10.56,49.85,3.294739007949829,5.350853146429702,15.87118629462805
"2025-03-18 12:44:40.0000",10.56,47.23,2.887397050857544,5.232285699849281,15.523936644016375
"2025-03-18 13:14:32.0000",10.53,45.84,3.250552177429199,5.322019317280246,14.214087668084712
"2025-03-18 13:44:23.0000",10.48,44.01,3.0565879344940186,5.498313202907892,14.879431158026556
"2025-03-18 14:14:15.0000",10.79,42.84,2.8569447994232178,5.3912166220223865,15.964175643120397
"2025-03-18 14:44:08.0000",11.49,41.87,3.1214540004730225,5.469023343294201,15.44447177098267
"2025-03-18 15:13:58.0000",11.34,41.04,2.8213956356048584,5.413672349408194,15.333903177679035
"2025-03-18 15:43:49.0000",10.91,41.44,2.6420469284057617,5.21248220514471,15.612845312177917
"2025-03-18 16:13:40.0000",10.88,40.92,2.6334850788116455,5.281029463603672,15.590033337367036
"2025-03-18 16:43:31.0000",10.85,41.4,2.580399751663208,5.250065468918843,14.845762244893809
"2025-03-18 17:13:23.0000",10.88,39.72,2.827190399169922,5.5289284542184465,15.616671619503567
"2025-03-18 17:43:13.0000",10.32,41.42,2.745736837387085,5.293394754633819,15.952958622770865
"2025-03-18 18:13:03.0000",9.37,44.01,3.8790719509124756,5.87992728277759,15.136472955748339
"2025-03-18 18:42:53.0000",8.49,46.2,4.319093704223633,6.012732754383936,15.844952599147382
"2025-03-18 19:12:42.0000",7.79,48.3,4.604057788848877,6.13766265250446,15.62938120071924
"2025-03-18 19:42:32.0000",7.16,50.37,3.9877853393554688,5.635610505464517,15.74825606487199
"2025-03-18 20:12:22.0000",6.53,52.28,4.105526924133301,5.746624773253213,14.523996466356296
"2025-03-18 20:42:12.0000",6.02,53.97,5.814828395843506,6.604418142386285,15.076643187514723
"2025-03-18 21:12:02.0000",5.48,55.58,3.9691500663757324,5.3728478404052655,13.806311036573128
"2025-03-18 21:41:52.0000",4.86,57.42,4.255801200866699,5.467908279508559,14.390926443172361
"2025-03-18 22:11:42.0000",4.31,59.04,4.2457051277160645,5.375003799879797,15.788064751354607
"2025-03-18 22:41:32.0000",3.86,60.28,4.1118550300598145,5.265110134058429,13.015956248320443
"2025-03-18 23:11:22.0000",3.41,61.55,4.209845542907715,5.318760232314416,12.921752786702964
"2025-03-18 23:41:12.0000",3.04,62.94,3.867157220840454,4.997775710586012,12.708184596375672
"2025-03-19 00:11:03.0000",2.6,63.87,3.6923627853393555,4.823765144943806,12.184371348626275
"2025-03-19 00:40:53.0000",2.26,64.63,3.188296318054199,4.337754084028979,11.830602305497887
"2025-03-19 01:10:45.0000",1.97,65.37,4.153975009918213,5.135560255344839,12.950821785567374
"2025-03-19 01:40:34.0000",1.56,65.88,4.676828384399414,5.424526565610942,13.4533242369631
"2025-03-19 02:10:25.0000",1.22,66.55,4.579546928405762,5.244801473899525,12.64061174634319
"2025-03-19 02:40:15.0000",0.99,67.22,5.711644649505615,6.06465826315125,13.260418202223399
"2025-03-19 03:10:06.0000",0.54,68.29,5.742323875427246,6.007975935612582,13.163607433682754
"2025-03-19 03:39:56.0000",0.39,69.3,6.159502983093262,6.244907222091618,13.212748941958125
"2025-03-19 04:09:49.0000",0.35,69.8,6.33173131942749,6.284857147127408,12.525133155997688
"2025-03-19 04:39:39.0000",0.04,70.18,6.768279552459717,6.36322717216927,13.738936043526246
"2025-03-19 05:09:30.0000",0.02,70.61,7.019150257110596,6.613714047430822,13.28306608919896
"2025-03-19 05:39:21.0000",-0.06,71.15,7.9135870933532715,7.125066123759407,13.201952057711715
"2025-03-19 06:09:13.0000",-0.18,71.97,7.788562774658203,7.007736061653177,12.963700386915907
"2025-03-19 06:39:04.0000",0.31,73.15,8.832988739013672,7.660537669416132,13.589986085550574
"2025-03-19 07:08:58.0000",2.55,71.34,7.93602180480957,7.111894634263379,13.03329816006671
"2025-03-19 07:38:53.0000",4.41,69.8,7.718920707702637,7.095243345629962,13.118722548142479
"2025-03-19 08:08:47.0000",5.07,67.22,8.839288711547852,8.081821284630845,16.456386834167873
"2025-03-19 08:38:40.0000",6.6,66.18,9.690878868103027,8.633818996060029,16.75903041568933
"2025-03-19 09:08:33.0000",6.72,62.79,10.959844589233398,9.618570024526498,19.729359147374364
"2025-03-19 09:38:25.0000",7.98,62.59,10.865641593933105,9.509407158407774,17.58275262755262
"2025-03-19 10:08:19.0000",9.88,61.1,10.883139610290527,9.469092161654789,18.5241124981549
"2025-03-19 10:38:14.0000",11.8,58.26,10.923135757446289,9.60302631462646,18.768344560645062
"2025-03-19 11:08:06.0000",12.19,56.43,11.043619155883789,9.833075718196078,18.917938730719058
"2025-03-19 11:37:57.0000",11.88,54.83,10.089900016784668,9.152562849033378,18.11257153881641
"2025-03-19 12:07:49.0000",12.33,53.68,9.661396980285645,8.960021434346409,18.923902225796795
"2025-03-19 12:37:43.0000",12.82,51.42,12.253435134887695,10.631780611995225,22.74753286161896
"2025-03-19 13:07:34.0000",12.94,50.44,12.300004005432129,10.383961798600689,19.495386956539427
"2025-03-19 13:37:25.0000",13.07,49.46,15.09333324432373,12.11315470915448,23.618654447475457
"2025-03-19 14:07:16.0000",13.13,49.62,14.345001220703125,11.602763184591149,20.517588414160016
"2025-03-19 14:37:09.0000",14.3,48.35,14.042427062988281,11.47532831025856,22.773698591397782
"2025-03-19 15:07:02.0000",15.14,47.09,12.996193885803223,11.002946758350767,21.01836274939956
"2025-03-19 15:36:52.0000",13.96,47.12,12.456741333007812,10.677920333720047,20.791211730698944
"2025-03-19 16:06:41.0000",13.58,48.15,13.138352394104004,11.172391452306305,20.789592095516106
"2025-03-19 16:36:33.0000",13.87,47.93,12.635690689086914,10.792888778630807,20.726073298986947
"2025-03-19 17:06:23.0000",14.44,48.55,13.261187553405762,11.286374453657645,21.554187427465934
"2025-03-19 17:36:16.0000",14.64,47.89,12.761256217956543,10.903783934204592,21.60446382006405
"2025-03-19 18:06:05.0000",12.77,49.04,13.925644874572754,11.413661847923128,20.350650108305732
"2025-03-19 18:35:53.0000",11.24,50.46,14.93033504486084,12.138305576150088,20.842707750926376
"2025-03-19 19:05:41.0000",9.78,52.12,18.663127899169922,14.460536719316652,26.226888513050792
"2025-03-19 19:35:31.0000",8.81,53.34,14.627909660339355,11.812445300408752,20.835701173951154
"2025-03-19 20:05:21.0000",8.11,54.3,13.998954772949219,11.429420723156236,20.480656746138706
"2025-03-19 20:35:11.0000",7.89,55.33,17.325035095214844,13.558981872160597,25.065562877318925
"2025-03-19 21:05:00.0000",7.18,56.51,18.18374252319336,14.011669907782586,23.145598448031535
"2025-03-19 21:34:49.0000",6.61,57.59,19.931760787963867,15.216433655716438,25.586595624531704
"2025-03-19 22:04:40.0000",6.13,58.25,19.647336959838867,15.055065424174877,23.28279304490553
"2025-03-19 22:34:32.0000",6.8,59.45,23.165388107299805,17.87522397637712,27.15172265732313
"2025-03-19 23:04:24.0000",7.09,61.09,23.789541244506836,18.48297140752132,28.3824487382802
"2025-03-19 23:34:15.0000",7.13,61.92,22.779438018798828,17.603094180117328,25.916733180823517
"2025-03-20 00:04:05.0000",6.05,62.38,21.10150146484375,16.34920512114389,24.962059880155273
"2025-03-20 00:33:54.0000",6.1,64.08,21.99563980102539,16.981190067562927,24.555467180140447
"2025-03-20 01:03:45.0000",5.34,64.52,22.727632522583008,17.202848711814134,23.982398977100896
"2025-03-20 01:33:35.0000",5.06,66.05,26.054542541503906,19.730144378942665,28.681451861591125
"2025-03-20 02:03:26.0000",5.17,67,23.693965911865234,17.90382631393132,25.537839788400955
"2025-03-20 02:33:20.0000",5.8,67.09,25.709182739257812,19.436041412666658,26.311919676180963
"2025-03-20 03:03:11.0000",6.02,67.6,32.80647659301758,24.034908792111384,30.671999775544275
"2025-03-20 03:33:03.0000",6.05,68.34,32.94525909423828,24.09070799223018,30.098430062018842
"2025-03-20 04:02:54.0000",5.38,70.48,33.95845413208008,25.16025985567086,30.84587497403391
"2025-03-20 04:32:45.0000",4.97,71.41,32.939640045166016,24.350447449838644,29.68484555520792
"2025-03-20 05:02:36.0000",4.96,72.04,31.81535530090332,23.482226760489763,28.863221335464768
"2025-03-20 05:32:28.0000",4.4,72.77,28.325132369995117,21.38693097977571,27.545020708166444
"2025-03-20 06:02:18.0000",4.15,73.74,27.374990463256836,20.89459595455473,27.547086596971614
"2025-03-20 06:32:10.0000",4.44,74.95,23.598440170288086,18.59116528056851,24.854995575049283
"2025-03-20 07:02:03.0000",6.14,74.81,22.041105270385742,17.440098068947044,23.705480271510574
"2025-03-20 07:31:57.0000",8.09,73.02,21.498552322387695,17.411709640639458,24.928922805499152
"2025-03-20 08:01:53.0000",10.41,70.43,24.543193817138672,19.18614974538176,26.768628058092382
"2025-03-20 08:31:48.0000",12.44,66.71,24.90067481994629,19.1547996853021,28.88660777970218
"2025-03-20 09:01:43.0000",13.59,62.32,26.306133270263672,20.283388715971423,29.99817464085108
"2025-03-20 09:31:37.0000",15.87,60.57,24.749298095703125,18.946990178845756,29.242602448246945
"2025-03-20 10:01:31.0000",16.63,56.25,23.86322784423828,18.405545195874524,29.883867505879508
"2025-03-20 10:31:23.0000",16.43,54.51,24.880817413330078,18.842170106943247,29.851448806024663
"2025-03-20 11:01:14.0000",18.14,54.79,23.746644973754883,18.192460764047695,29.779101379012836
"2025-03-20 11:31:07.0000",18.29,52.42,22.156696319580078,17.27164925404108,29.21844056815927
"2025-03-20 12:00:58.0000",17.74,52.04,16.327878952026367,13.349190497812701,23.213167448202427
"2025-03-20 12:30:47.0000",16.08,52.76,14.296160697937012,12.065279228536642,21.62901066400634
"2025-03-20 13:00:40.0000",16.54,53.29,10.244868278503418,9.38062812827751,18.954897966003752
"2025-03-20 13:30:32.0000",16.95,52.86,5.855013847351074,6.724779546360827,16.554594350819443
"2025-03-20 14:00:23.0000",16.37,53.65,7.175593852996826,7.497444709119238,17.471388359460267
"2025-03-20 14:30:13.0000",16.31,54.62,6.53837776184082,7.0498601976117365,15.912976484136493
"2025-03-20 15:00:05.0000",16.28,55.68,6.376599311828613,6.744274300105114,17.322908629206143
"2025-03-20 15:29:55.0000",16.31,56.64,7.716231346130371,7.676924216888824,16.057891043973775
"2025-03-20 15:59:47.0000",16.51,57.5,7.246356964111328,7.383262800257459,16.576409928295938
"2025-03-20 16:29:39.0000",16.65,57.32,7.23779821395874,7.4246296265580485,17.770172884937182
"2025-03-20 16:59:30.0000",16.68,58.35,5.430207252502441,6.275932124997379,15.1066902220597
"2025-03-20 17:29:21.0000",16.84,57.4,5.416322231292725,6.265121961557585,14.803775832282458
"2025-03-20 17:59:10.0000",15.64,58.67,6.899908542633057,7.284869954141631,16.4544860889973
"2025-03-20 18:29:00.0000",14.92,59.96,6.776471138000488,7.283043448137267,15.510324135662923
"2025-03-20 18:58:50.0000",14.15,61.7,8.332460403442383,8.213233072039808,17.10257985338818
"2025-03-20 19:28:40.0000",13.47,63.77,7.18950080871582,7.344736024933182,17.16290264651587
"2025-03-20 19:58:31.0000",13,65.36,6.075656414031982,6.491085892933804,14.490103883276856
"2025-03-20 20:28:22.0000",12.54,67.11,6.245883464813232,6.444518110312992,14.327020351924219
"2025-03-20 20:58:12.0000",12.21,68.37,6.65987491607666,6.74657018391736,14.741084070258726
"2025-03-20 21:28:04.0000",11.97,69.56,7.157191276550293,6.824302575841204,13.443946034647006
"2025-03-20 21:57:54.0000",11.8,70.73,7.345025539398193,6.861171014774098,13.06480200023856
"2025-03-20 22:27:45.0000",11.52,72.07,8.68062686920166,7.8448627900410886,14.199503511228942
"2025-03-20 22:57:35.0000",11.19,73.25,12.187596321105957,10.143127748186261,17.132094199450787
"2025-03-20 23:27:26.0000",11.01,73.88,14.127664566040039,11.479720866218269,17.578977008359466
"2025-03-20 23:57:17.0000",10.81,74.44,14.757594108581543,12.032958697728484,18.815622670961755
"2025-03-21 00:27:09.0000",10.6,75.05,13.75638198852539,11.381432747776662,19.262726371552006
"2025-03-21 00:56:59.0000",10.32,75.37,15.112783432006836,12.306363078235067,19.267433503396642
"2025-03-21 01:26:50.0000",10.06,76.29,14.313041687011719,11.762675903178401,18.213784579440883
"2025-03-21 01:56:40.0000",10.04,76.43,12.122576713562012,10.107945119793213,16.90952157762008
"2025-03-21 02:26:32.0000",10.21,76.18,11.661103248596191,9.861323556094705,16.627168111977703
"2025-03-21 02:56:23.0000",9.86,76.27,10.674692153930664,9.046814969885412,15.366228034815116
"2025-03-21 03:26:15.0000",9.82,76.3,10.4094820022583,8.908031766546106,14.808234150051375
"2025-03-21 03:56:05.0000",9.88,76.55,10.490509033203125,9.046222132572506,16.766030728155368
"2025-03-21 04:25:57.0000",9.89,76.49,11.422521591186523,9.742053325978127,16.127148750391562
"2025-03-21 05:25:39.0000",10.03,77.12,12.374717712402344,10.564519133868203,16.768334776533436
"2025-03-21 05:55:30.0000",10.05,76.96,12.750113487243652,10.769347211020143,17.078623582094497
"2025-03-21 06:25:22.0000",10.05,76.82,14.494904518127441,11.994307904507881,18.152291022675055
"2025-03-21 06:55:13.0000",9.73,77.43,13.860991477966309,11.389772280341482,18.14463761127213
"2025-03-21 07:25:04.0000",10.08,78.22,100.84480285644531,62.60341398452648,53.85458624403543
"2025-03-21 07:54:56.0000",10.58,76.98,16.755443572998047,13.438112111016183,19.637630785961125
"2025-03-21 08:24:51.0000",13.33,72.85,15.418923377990723,12.742191006834748,20.312394119336165
"2025-03-21 08:54:42.0000",13.46,71.04,14.27216911315918,11.810296951601506,19.177153255205084
"2025-03-21 09:24:38.0000",15.33,63.38,10.883424758911133,9.730508670442598,18.39470090882971
"2025-03-21 09:54:31.0000",15.99,58.11,12.654726028442383,10.980620664810617,20.489361211169918
"2025-03-21 10:24:21.0000",14.88,59.69,12.472662925720215,10.839619323267055,19.420898621129382
"2025-03-21 10:54:12.0000",15.1,59.44,11.328425407409668,10.29067115298673,19.556001736506012
"2025-03-21 11:24:05.0000",15.73,56.29,8.206869125366211,8.35921704154487,20.14295745707448
"2025-03-21 11:53:57.0000",16.01,54.69,7.096236705780029,7.463773659780196,17.199263857501638
"2025-03-21 12:23:47.0000",15.47,55.8,7.900739669799805,8.022583981185548,17.251817071710278
"2025-03-21 12:53:39.0000",15.77,53.95,5.5011396408081055,6.573888081790749,16.99098331224529
"2025-03-21 13:23:31.0000",15.97,52.91,6.93156099319458,7.544512052864008,17.702305001797573
"2025-03-21 13:53:24.0000",15.95,52.71,6.375576019287109,7.199031674206506,17.415754531477717
"2025-03-21 14:23:15.0000",16.1,52.84,6.330117225646973,7.09224070002163,16.035559020024905
"2025-03-21 14:53:07.0000",16.3,52.39,7.180100440979004,7.576804107345606,16.251619033013128
"2025-03-21 15:22:58.0000",16.24,53.08,7.458136558532715,7.916542280505515,18.1137956265317
"2025-03-21 15:52:49.0000",16,53.75,7.161303997039795,7.683644234212563,17.475607205289805
"2025-03-21 16:22:40.0000",16.13,54.1,5.730419158935547,6.64985625861381,17.27306119018954
"2025-03-21 16:52:32.0000",15.87,54.66,7.78125,7.947739250940294,16.67928523100116
"2025-03-21 17:22:22.0000",15.54,55.52,7.702363967895508,7.914286815339211,16.508355264244493
"2025-03-21 17:52:12.0000",14.94,57.25,8.282430648803711,8.205526869395667,17.696815213553254
"2025-03-21 18:22:02.0000",14.46,58.95,10.03043270111084,9.435605684453272,18.207260411336538
"2025-03-21 18:51:52.0000",14.11,60.01,11.081575393676758,10.096855337676045,19.04154447407083
"2025-03-21 19:21:42.0000",13.49,62.07,12.446913719177246,10.982070560736465,19.49793956595824
"2025-03-21 19:51:33.0000",13.04,63.79,13.381305694580078,11.51273625014381,21.81388336184216
"2025-03-21 20:21:24.0000",12.67,65.08,13.733149528503418,11.935449857288345,20.963502744155626
"2025-03-21 20:51:15.0000",12.53,66.12,11.545822143554688,10.301089999235291,19.136991782709092
"2025-03-21 21:21:05.0000",11.32,68.65,13.368480682373047,11.15754902882031,19.547244762890415
"2025-03-21 21:50:55.0000",11.08,71.96,9.675457000732422,8.55589523722374,15.684209312609628
"2025-03-21 22:20:46.0000",10.9,75.27,96.89668273925781,60.579274292335676,51.21706815710316
"2025-03-21 22:50:36.0000",10.31,80.54,13.922080039978027,11.225298102781236,15.873700446271252
"2025-03-21 23:20:27.0000",10.06,85.41,16.925575256347656,13.303639362542011,17.08897532364922
"2025-03-21 23:50:18.0000",10.16,87.85,15.27743911743164,12.084474759487339,16.62445520437779
"2025-03-22 00:20:10.0000",10.36,88.67,17.732423782348633,14.06119444393249,17.90108019766967
"2025-03-22 00:50:01.0000",10.33,88.73,17.005271911621094,13.658183209027948,18.22875753915551
"2025-03-22 02:49:28.0000",10.62,91.87,11.55894660949707,9.52924798461935,14.026190583584512
"2025-03-22 03:19:19.0000",10.41,93.47,10.63915729522705,8.874139387507057,13.585199169070997
"2025-03-22 03:49:09.0000",10,94.76,11.098823547363281,9.090048430004204,13.085831814208001
"2025-03-22 04:19:00.0000",9.68,95.57,-1.4098648859776536e31,-8.830795430733542e29,-8.673829061357273e29
"2025-03-22 04:48:51.0000",9.53,96.4,-1.4098648859776536e31,-8.830795430733542e29,-8.673829061357273e29
"2025-03-22 05:18:41.0000",9.43,97.13,-1.4098648859776536e31,-8.830795430733542e29,-8.673829061357273e29
"2025-03-22 05:48:32.0000",9.2,98.17,-1.4098648859776536e31,-8.830795430733542e29,-8.673829061357273e29
"2025-03-22 06:18:24.0000",8.72,97.91,-1.4098648859776536e31,-8.830795430733542e29,-8.673829061357273e29
"2025-03-22 07:18:08.0000",11.68,97.49,-1.4098648859776536e31,-8.830795430733542e29,-8.673829061357273e29
"2025-03-22 07:48:03.0000",12.39,95.61,8.53023910522461,6.933559177082369,10.692646263392355
"2025-03-22 08:17:58.0000",14.75,89.67,-1.4098648859776536e31,-8.830795430733542e29,-8.673829061357273e29
"2025-03-22 08:47:51.0000",14.33,84.77,96.95027923583984,60.517463238806215,50.799721521037064
"2025-03-22 09:17:38.0000",12.2,87.68,11.96159553527832,9.736309518818624,14.799038004022075
"2025-03-22 09:47:31.0000",13.54,87.36,11.205926895141602,9.256700281693606,14.34158735306283
"2025-03-22 10:17:25.0000",15.24,84.13,9.82858657836914,8.296479014493386,15.378235655624277
"2025-03-22 10:47:18.0000",16.68,81.56,7.363210678100586,6.873857361091335,13.282420884805521
"2025-03-22 11:17:13.0000",18.08,75.81,5.566359996795654,5.949653433798744,15.327474787710841
"2025-03-22 11:47:02.0000",17.74,74.19,4.0670976638793945,4.999699588720048,12.31078856550124
"2025-03-22 12:16:56.0000",18.09,69.97,3.360473394393921,4.710036189765023,12.999209972155942
"2025-03-22 12:46:46.0000",17.06,69.2,3.853306293487549,5.006958233204404,13.123733557962385
"2025-03-22 13:16:37.0000",17.85,69.05,3.1451172828674316,4.611398119994438,12.765406827873546
"2025-03-22 13:46:32.0000",18.52,66.74,2.6102283000946045,4.329291540270795,12.975208851263949
"2025-03-22 14:16:24.0000",18.86,64.26,2.157012701034546,4.210572827168568,12.545983325037037
"2025-03-22 14:46:14.0000",18.01,64.52,2.7841458320617676,4.408881446770859,12.184524170006267
"2025-03-22 15:16:03.0000",17.18,65.47,2.911504030227661,4.513415026225713,12.540491141068468
"2025-03-22 15:45:54.0000",16.69,65.77,2.6988141536712646,4.415577095436083,12.33511930786276
"2025-03-22 16:15:44.0000",16.28,66.26,2.6478421688079834,4.338791946605161,12.028860765893981
"2025-03-22 16:45:35.0000",15.87,66.58,2.860896110534668,4.490213594478731,13.893079167314504
"2025-03-22 17:15:25.0000",15.62,67.08,5.465444087982178,6.011346189226692,13.351381212922913
"2025-03-22 17:45:15.0000",14.54,68.58,5.165328025817871,5.756527226181883,13.465433002947325
"2025-03-22 18:15:05.0000",13.97,69.73,5.638707160949707,6.014243617932988,13.950367939938044
"2025-03-22 18:44:56.0000",13.71,70.64,5.938663005828857,6.203225593580477,13.364041694294112
"2025-03-22 19:14:47.0000",13.44,70.82,2.7432332038879395,4.109068064102104,11.084516555775842
"2025-03-22 19:44:36.0000",11.75,77.72,3.5367681980133057,4.198352405419115,10.467029200189911
"2025-03-22 20:14:26.0000",11.35,80.15,52.923343658447266,32.966068621582544,30.795851746327664
"2025-03-22 20:44:17.0000",11.35,82.95,17.033069610595703,12.867906800432507,16.83429233408582
"2025-03-22 21:14:08.0000",11.3,84.66,22.106426239013672,15.657769221409456,19.0431011655569
"2025-03-22 21:43:58.0000",11.19,85.17,96.40434265136719,59.97318782015032,49.638601312839505
"2025-03-22 22:13:50.0000",11.23,84.68,90.45832061767578,55.50272567837354,45.2453346700192
"2025-03-22 22:43:40.0000",10.93,85.4,6.3776960372924805,5.74657429789901,11.10258886485075
"2025-03-22 23:13:30.0000",10.43,87.21,7.539333343505859,6.500235651894864,11.04466133438625
"2025-03-22 23:43:21.0000",10.09,89,-1.4098648859776536e31,-8.830795430733542e29,-8.673829061357273e29
"2025-03-23 00:13:11.0000",9.82,90.27,-1.4098648859776536e31,-8.830795430733542e29,-8.673829061357273e29
"2025-03-23 00:43:01.0000",9.44,90.66,13.34691333770752,10.902945586195532,15.777601418715848
"2025-03-23 01:12:50.0000",8.32,92.02,14.470967292785645,12.315709400971713,18.627741090455057
"2025-03-23 01:42:41.0000",8,92.61,8.518500328063965,7.52062242539385,13.417902526287419
"2025-03-23 02:12:33.0000",7.84,92.71,5.293049335479736,5.179674103726019,9.939266139437551
"2025-03-23 02:42:23.0000",7.69,92.92,10.200116157531738,8.8252802669724,14.568449328574301
"2025-03-23 03:12:15.0000",8,92.99,10.8313627243042,9.249813919985055,14.46967536682709
"2025-03-23 04:11:58.0000",8.39,93.47,8.19171142578125,7.24904670311849,12.14859960080911
"2025-03-23 04:41:49.0000",8.38,93.96,16.34282684326172,14.165252521970942,20.41102776343155
"2025-03-23 05:41:29.0000",7.94,95.25,24.07363510131836,20.256767002630248,27.31554414705159
"2025-03-23 06:11:21.0000",8,95.47,24.18724250793457,20.67390304825086,28.127943680059488
"2025-03-23 06:41:13.0000",8.22,95.85,22.069965362548828,18.629941056746876,25.184548196261815
"2025-03-23 07:11:04.0000",8.35,96.05,-1.4098648859776536e31,-8.830795430733542e29,-8.673829061357273e29
"2025-03-23 07:40:55.0000",8.52,96.59,12.189383506774902,10.106533905875766,14.085533309968964
"2025-03-23 08:10:49.0000",9.46,97.01,11.919538497924805,9.856774649278387,14.00932831884971
"2025-03-23 08:40:39.0000",8.83,97.81,-1.4098648859776536e31,-8.830795430733542e29,-8.673829061357273e29
"2025-03-23 09:10:30.0000",9.66,97.88,20.649911880493164,15.999096363308198,19.55990458597087
"2025-03-23 09:40:20.0000",9.18,97.8,15.365439414978027,12.151000737243686,16.28796479690802
"2025-03-23 10:10:12.0000",9.23,98.12,15.881869316101074,12.493364157241619,17.19115015438517
"2025-03-23 10:40:03.0000",9.51,98.15,12.364537239074707,10.07792919900108,14.609091588279009
"2025-03-23 11:09:56.0000",10.4,97.33,11.62653923034668,9.57912803186296,14.342183194755018
"2025-03-23 11:39:47.0000",10.16,96.7,12.97026538848877,10.705171812727952,16.465234951063344
"2025-03-23 12:09:37.0000",10,97.11,11.828364372253418,9.860039989086022,13.973291456327413
"2025-03-23 12:39:29.0000",10.2,96.56,12.959271430969238,10.878475663557357,17.35141433245037
"2025-03-23 13:09:21.0000",10.76,95.62,15.576542854309082,12.78219373692685,18.761995765556417
"2025-03-23 13:39:13.0000",11.16,95.18,-1.4098648859776536e31,-8.830795430733542e29,-8.673829061357273e29
"2025-03-23 14:09:07.0000",12.23,93.05,15.091377258300781,12.57766041512282,19.259576114964656
"2025-03-23 14:38:59.0000",11.46,90.89,101.214599609375,63.900725096277746,53.66878399432794
"2025-03-23 15:08:50.0000",11.64,90.79,-1.4098648859776536e31,-8.830795430733542e29,-8.673829061357273e29
"2025-03-23 15:38:42.0000",11.41,89.86,43.49107360839844,29.746994987880836,32.16122526272361
"2025-03-23 16:08:33.0000",11.14,89.07,34.73635482788086,24.30362040822316,28.34756875488043
"2025-03-23 16:38:24.0000",10.86,89.3,20.52508544921875,16.300242479356008,22.8118083064651
"2025-03-23 17:08:16.0000",10.78,89.42,101.97042083740234,64.99136303085868,56.23639414755488
"2025-03-23 17:38:06.0000",10.44,89.41,52.984764099121094,35.41166647189036,35.06148637366945
"2025-03-23 18:07:56.0000",9.98,89.68,103.57027435302734,66.08743906163953,56.71126365188341
"2025-03-23 18:37:46.0000",9.24,89.97,102.75120544433594,65.37170592512663,54.559918322962695
"2025-03-23 19:07:37.0000",9.43,89.55,64.01913452148438,42.111826030818705,40.56222023016578
"2025-03-23 19:37:27.0000",9.21,88.61,103.43649291992188,65.6463192616735,55.50308350450455
"2025-03-23 20:07:18.0000",8.95,88.06,99.74040222167969,63.349685002562474,54.69111908925907
"2025-03-23 20:37:06.0000",7.9,87.78,104.06590270996094,65.91134907119007,55.488921848447355
"2025-03-23 21:06:57.0000",7.1,88.32,17.23053550720215,14.05268006048047,21.82496597592411
"2025-03-23 22:06:35.0000",5.92,88.69,25.47905921936035,18.625765295232018,23.65297142942468
"2025-03-23 22:36:24.0000",5.31,88.9,34.39204025268555,24.048993863951708,28.26750293691242
"2025-03-23 23:06:15.0000",5.04,89.31,-1.4098648859776536e31,-8.830795430733542e29,-8.673829061357273e29
"2025-03-23 23:36:05.0000",4.4,90,113.15412902832031,72.98842413180267,60.82004766020591
"2025-03-24 00:05:54.0000",4.32,90.19,19.136526107788086,15.089642315874551,22.597524463400237
"2025-03-24 00:35:44.0000",4.18,90.48,-1.4098648859776536e31,-8.830795430733542e29,-8.673829061357273e29
"2025-03-24 01:05:35.0000",3.98,90.35,108.4730453491211,70.0788075802724,57.91103022193483
"2025-03-24 01:35:26.0000",3.91,90.82,-1.4098648859776536e31,-8.830795430733542e29,-8.673829061357273e29
"2025-03-24 02:05:18.0000",3.94,90.4,-1.4098648859776536e31,-8.830795430733542e29,-8.673829061357273e29
"2025-03-24 02:35:08.0000",3.67,90.47,107.71681213378906,69.78987199825816,58.30971870990753
"2025-03-24 03:04:58.0000",3.18,90.34,104.88827514648438,67.59287600560323,56.562582264960426
"2025-03-24 03:34:50.0000",2.96,91.26,105.73261260986328,68.36746868631299,57.33797712315751
"2025-03-24 04:04:41.0000",3.16,91.2,106.01915740966797,68.53057121303357,56.5448656943216
"2025-03-24 04:34:32.0000",3.06,90.77,-1.4098648859776536e31,-8.830795430733542e29,-8.673829061357273e29
"2025-03-24 05:04:23.0000",2.59,91.34,70.49140930175781,46.51150484246423,41.64709877553179
"2025-03-24 05:34:14.0000",2.76,91.45,103.21240234375,66.90356745805073,56.37504854068195
"2025-03-24 06:04:05.0000",2.84,91.43,67.42503356933594,44.86090296422969,41.14860320187134
"2025-03-24 06:33:57.0000",2.99,91.96,-1.4098648859776536e31,-8.830795430733542e29,-8.673829061357273e29
"2025-03-24 07:03:51.0000",4.99,91.44,20.096965789794922,15.9341025055536,20.645437249934965
"2025-03-24 07:33:46.0000",7.25,90.48,15.34150218963623,12.330550032905313,16.84282415244373
"2025-03-24 08:03:41.0000",8.43,88.57,102.28597259521484,66.00654163484282,53.721917132182895
"2025-03-24 08:33:36.0000",11.72,87.53,65.76587677001953,42.64283542878775,37.4692834226836
"2025-03-24 09:03:32.0000",14.66,85.19,-1.4098648859776536e31,-8.830795430733542e29,-8.673829061357273e29
"2025-03-24 09:33:28.0000",16.83,81.64,11.610897064208984,9.748058679283375,15.989222318688796
"2025-03-24 10:03:20.0000",17.29,77.63,13.563933372497559,11.172129648012294,19.221149689357343
"2025-03-24 10:33:11.0000",17.57,74.82,12.100019454956055,10.475702338988194,18.143602680381324
"2025-03-24 11:03:03.0000",17.97,72.18,11.383260726928711,9.9742960774294,18.168853846401582
"2025-03-24 11:32:53.0000",17.82,68.81,13.310800552368164,11.422108763203138,21.36498669094123
"2025-03-24 12:02:43.0000",17.03,65.67,14.334981918334961,11.988329533015325,22.740370356402124
"2025-03-24 12:32:33.0000",15.28,63.5,14.788614273071289,12.571010360328728,23.763958170309323
"2025-03-24 13:02:23.0000",14.62,61.63,13.089292526245117,11.26145645479264,20.992479701675702
"2025-03-24 13:32:13.0000",13.74,62.16,12.175915718078613,10.874468641633731,22.338400203644127
"2025-03-24 14:02:03.0000",13.37,62.09,10.124175071716309,9.558154321199192,19.88605508393569
"2025-03-24 14:31:54.0000",13.23,61.07,8.791558265686035,8.56367899660643,18.679683747094685
"2025-03-24 15:01:47.0000",13.9,60.42,8.56242847442627,8.383382300714512,17.571877880752684
"2025-03-24 15:31:37.0000",13.06,60.03,9.920730590820312,9.361464354560391,19.4440283730725
"2025-03-24 16:01:26.0000",12.49,61.26,11.656731605529785,10.612633898599984,20.31304623849208
"2025-03-24 16:31:15.0000",11.54,62.29,11.660231590270996,10.531651858704246,21.14498571939597
"2025-03-24 17:01:05.0000",11.52,66.28,12.75230884552002,11.371594788653326,22.82416625224991
"2025-03-24 17:30:56.0000",11.38,67.34,10.834919929504395,9.986152225407103,20.0535274186891
"2025-03-24 18:00:44.0000",9.17,70.28,7.463257789611816,7.512999950088344,15.980676070267934
"2025-03-24 18:30:32.0000",7.76,73.51,8.011253356933594,7.544590841818073,15.556419685380954
"2025-03-24 19:00:23.0000",7.07,75.88,92.17007446289062,56.709899943359765,47.74599811196622
"2025-03-24 19:30:13.0000",6.86,77.41,95.62787628173828,59.52286374082345,49.809325255133565
"2025-03-24 20:00:04.0000",6.59,79.69,90.18495178222656,56.54343308861125,46.92621373248382
"2025-03-24 20:29:55.0000",6.41,80.8,89.86030578613281,56.10552599210385,46.69191592782872
"2025-03-24 20:59:46.0000",6.12,81.06,88.95011138916016,55.065620774432716,45.595866579516056
"2025-03-24 21:29:36.0000",5.8,81.42,91.11781311035156,56.38516563853386,46.2997012854824
"2025-03-24 21:59:27.0000",5.85,81.84,-1.4098648859776536e31,-8.830795430733542e29,-8.673829061357273e29
"2025-03-24 22:29:18.0000",5.85,82.15,87.89329528808594,54.5571249269942,44.50406455542897
"2025-03-24 22:59:09.0000",5.7,82.64,-1.4098648859776536e31,-8.830795430733542e29,-8.673829061357273e29
"2025-03-24 23:29:01.0000",6.05,83.26,89.09432983398438,56.091654659689084,45.47354522826206
"2025-03-24 23:58:53.0000",6.16,84.07,90.28262329101562,56.78658297137904,45.51113557087752
"2025-03-25 00:28:44.0000",6.48,84.63,89.85327911376953,56.755216026672606,45.46752580517301
"2025-03-25 00:58:36.0000",7.07,85.24,-1.4098648859776536e31,-8.830795430733542e29,-8.673829061357273e29
"2025-03-25 01:28:29.0000",7.4,85.08,89.81160736083984,56.19537366021424,45.182829777373314
"2025-03-25 01:58:21.0000",7.86,85.61,15.110166549682617,10.943920703508239,14.917371161141372
"2025-03-25 02:28:13.0000",8.11,85.4,22.235002517700195,15.180742628739054,17.520751387428945
"2025-03-25 02:58:04.0000",8.23,85.57,88.86285400390625,55.37114787926903,45.742581101836876
"2025-03-25 03:27:56.0000",8.22,86.3,27.02338981628418,18.048551637632958,19.53221051734535
"2025-03-25 03:57:47.0000",8.01,89.06,2.932642936706543,3.195395726977878,8.403812706386379
"2025-03-25 04:27:38.0000",8.06,90.9,3.005246162414551,3.1204059554759045,8.18550530231523
"2025-03-25 04:57:30.0000",8.24,93.55,3.6919121742248535,3.7014946942962053,8.420468167632388
"2025-03-25 05:27:21.0000",7.98,95.38,4.692486763000488,4.2880571329777,6.103355187154543
"2025-03-25 05:57:11.0000",7.72,97.78,-1.4098648859776536e31,-8.830795430733542e29,-8.673829061357273e29
"2025-03-25 06:27:02.0000",7.73,100.48,-1.4098648859776536e31,-8.830795430733542e29,-8.673829061357273e29
"2025-03-25 06:56:53.0000",7.63,100.62,-1.4098648859776536e31,-8.830795430733542e29,-8.673829061357273e29
"2025-03-25 07:26:44.0000",7.65,101.1,-1.4098648859776536e31,-8.830795430733542e29,-8.673829061357273e29
"2025-03-25 07:56:35.0000",7.72,102.34,-1.4098648859776536e31,-8.830795430733542e29,-8.673829061357273e29
"2025-03-25 08:26:27.0000",7.89,103.2,-1.4098648859776536e31,-8.830795430733542e29,-8.673829061357273e29
"2025-03-25 08:56:19.0000",8.16,105.18,-1.4098648859776536e31,-8.830795430733542e29,-8.673829061357273e29
"2025-03-25 09:26:10.0000",8.36,105.1,-1.4098648859776536e31,-8.830795430733542e29,-8.673829061357273e29
"2025-03-25 09:56:02.0000",8.44,105.12,-1.4098648859776536e31,-8.830795430733542e29,-8.673829061357273e29
"2025-03-25 10:25:53.0000",8.67,105.23,-1.4098648859776536e31,-8.830795430733542e29,-8.673829061357273e29
"2025-03-25 10:55:45.0000",9.56,107.47,-1.4098648859776536e31,-8.830795430733542e29,-8.673829061357273e29
"2025-03-25 11:25:40.0000",11.68,105.01,-1.4098648859776536e31,-8.830795430733542e29,-8.673829061357273e29
"2025-03-25 11:55:31.0000",11.52,104.81,-1.4098648859776536e31,-8.830795430733542e29,-8.673829061357273e29
"2025-03-25 12:25:21.0000",11.25,104.07,-1.4098648859776536e31,-8.830795430733542e29,-8.673829061357273e29
"2025-03-25 12:55:13.0000",11.75,102.59,-1.4098648859776536e31,-8.830795430733542e29,-8.673829061357273e29
"2025-03-25 13:25:04.0000",11.64,96.27,1.980919599533081,2.9310281817794497,9.218108375133188
"2025-03-25 13:54:55.0000",11.88,93.07,46.659149169921875,29.630589364205356,29.066993243469735
"2025-03-25 14:24:46.0000",12.05,87.04,-1.4098648859776536e31,-8.830795430733542e29,-8.673829061357273e29
"2025-03-25 14:54:38.0000",11.94,85.19,1.823872685432434,3.2987239210240253,10.496374267712364
"2025-03-25 15:24:29.0000",11.12,85.23,2.1914377212524414,3.5191734716841623,11.292330220738204
"2025-03-25 15:54:20.0000",10.88,83.84,1.4756240844726562,2.85277830972443,9.986361383393334
"2025-03-25 16:24:12.0000",10.52,83.54,1.5701332092285156,2.925051724353743,9.275516941640008
"2025-03-25 16:54:03.0000",10.86,82.93,-1.4098648859776536e31,-8.830795430733542e29,-8.673829061357273e29
"2025-03-25 17:23:53.0000",10.34,81.34,3.850048303604126,4.305433666645924,11.165889326981775
"2025-03-25 17:53:46.0000",9.78,81.36,50.43321990966797,31.448781222420767,31.854307269979294
"2025-03-25 18:23:34.0000",8.37,82.95,87.1999740600586,52.61767851898842,43.80114140531698
"2025-03-25 18:53:24.0000",7.84,84.56,4.407975196838379,4.792671886171888,10.97811881654508
"2025-03-25 19:23:15.0000",7.21,85.93,67.66484832763672,42.36272482986427,36.61399194448537
"2025-03-25 19:53:05.0000",6.85,87.44,3.837116241455078,4.04724551598602,9.62818181485554
"2025-03-25 20:22:56.0000",6.66,88.56,-1.4098648859776536e31,-8.830795430733542e29,-8.673829061357273e29
"2025-03-25 20:52:46.0000",6.49,89.02,6.985157012939453,5.962415619886878,10.849923548136786
"2025-03-25 21:22:36.0000",6.23,89.6,2.274634599685669,2.8113770017553876,7.865477367566629
"2025-03-25 21:52:27.0000",6.15,90.55,2.272216320037842,2.899809296677915,7.630954266883394
"2025-03-25 22:22:18.0000",5.9,91.32,2.6735966205596924,3.1162867131157492,8.900592921660916
"2025-03-25 22:52:08.0000",5.57,91.8,1.8975350856781006,2.476773020513791,7.628255821861264
"2025-03-25 23:21:59.0000",5.56,92.54,4.117831707000732,4.030253957505117,10.35894481190472
"2025-03-25 23:51:50.0000",5.39,93.24,-1.4098648859776536e31,-8.830795430733542e29,-8.673829061357273e29
"2025-03-26 00:21:41.0000",5.14,93.73,-1.4098648859776536e31,-8.830795430733542e29,-8.673829061357273e29
"2025-03-26 00:51:32.0000",5.21,94.6,-1.4098648859776536e31,-8.830795430733542e29,-8.673829061357273e29
"2025-03-26 01:21:22.0000",5.28,94.89,-1.4098648859776536e31,-8.830795430733542e29,-8.673829061357273e29
"2025-03-26 01:51:13.0000",5.11,95.21,-1.4098648859776536e31,-8.830795430733542e29,-8.673829061357273e29
"2025-03-26 02:21:04.0000",5.08,95.54,-1.4098648859776536e31,-8.830795430733542e29,-8.673829061357273e29
"2025-03-26 02:50:55.0000",5.43,95.4,-1.4098648859776536e31,-8.830795430733542e29,-8.673829061357273e29
"2025-03-26 03:20:48.0000",5.82,95.15,-1.4098648859776536e31,-8.830795430733542e29,-8.673829061357273e29
"2025-03-26 03:50:40.0000",6.35,95.03,-1.4098648859776536e31,-8.830795430733542e29,-8.673829061357273e29
"2025-03-26 04:20:30.0000",6.13,94.61,-1.4098648859776536e31,-8.830795430733542e29,-8.673829061357273e29
"2025-03-26 04:50:21.0000",5.86,94.7,-1.4098648859776536e31,-8.830795430733542e29,-8.673829061357273e29
"2025-03-26 05:20:12.0000",5.64,94.69,3.9615564346313477,3.811288129366749,8.279111673445495
"2025-03-26 05:50:02.0000",5.53,94.77,3.8661584854125977,3.8425936293838414,8.466785931707221
"2025-03-26 06:19:53.0000",5.32,94.77,5.030092716217041,4.586237124544177,9.188858988967075
"2025-03-26 06:49:44.0000",5.61,94.91,-1.4098648859776536e31,-8.830795430733542e29,-8.673829061357273e29
"2025-03-26 07:19:37.0000",6.29,94.71,-1.4098648859776536e31,-8.830795430733542e29,-8.673829061357273e29
"2025-03-26 07:49:32.0000",9.9,92.01,4.647333145141602,4.344980449911473,8.288438144092952
"2025-03-26 08:19:25.0000",12.38,91.27,4.840624809265137,4.469429471002913,9.092212860423752
"2025-03-26 08:49:22.0000",13.82,88.42,3.595848798751831,3.85465589390135,8.956902171127368
"2025-03-26 09:19:13.0000",15.07,89.73,-1.4098648859776536e31,-8.830795430733542e29,-8.673829061357273e29
"2025-03-26 09:49:04.0000",14.68,86.85,17.184770584106445,12.087019256767464,16.15289053155353
"2025-03-26 10:18:57.0000",15.45,83.95,2.3933894634246826,3.7480064563433677,11.222942477651237
"2025-03-26 10:48:47.0000",14.82,81.22,2.3387553691864014,3.9410334038697625,11.034304928111046
"2025-03-26 11:18:45.0000",18.33,78.13,2.313720464706421,3.8522079489827963,11.340384926219519
"2025-03-26 12:18:28.0000",17.39,72.33,2.1293270587921143,4.041194258516229,12.399785534083751
"2025-03-26 12:48:19.0000",17.39,70.77,2.1350977420806885,4.133107403003798,13.16143985258035
"2025-03-26 13:18:10.0000",16.84,67.8,2.5232298374176025,4.35620828320149,13.639632828012457
"2025-03-26 13:48:01.0000",16.23,66.78,2.858812093734741,4.72783952714698,13.482206445857612
"2025-03-26 14:17:52.0000",15.65,62.97,2.3566529750823975,4.5893254783965425,14.449270784962685
"2025-03-26 14:47:42.0000",15.14,62.7,2.6835105419158936,4.7098617039610655,13.96601592130961
"2025-03-26 15:17:31.0000",14.15,62.43,2.8735368251800537,4.700959120842932,14.14943312560589
"2025-03-26 15:47:21.0000",13.9,63.69,2.7445719242095947,4.50554100458495,13.213959373023094
"2025-03-26 16:17:13.0000",13.6,63.52,1.8103094100952148,3.8210894977870256,11.3247844072808
"2025-03-26 16:47:02.0000",12.67,65.6,1.2766395807266235,3.323368223456803,11.464055855182712
"2025-03-26 17:16:54.0000",13.64,65.55,1.152180552482605,3.333316296346892,10.68403906060362
"2025-03-26 17:46:45.0000",12.51,65.8,1.3624794483184814,3.5946647645633414,11.41376060522138
"2025-03-26 18:16:31.0000",10.45,67.84,1.3551368713378906,3.301476943346983,10.407532611683497
"2025-03-26 18:46:19.0000",9.23,69.56,3.3805718421936035,4.560808913817539,12.579598486015158
"2025-03-26 19:16:10.0000",8.8,71.32,1.9862830638885498,3.3688432876205736,10.125658031132074
"2025-03-26 20:15:50.0000",8.07,73.61,3.4012529850006104,4.228301693747767,10.612129479099
"2025-03-26 20:45:40.0000",7.54,74.37,2.5286076068878174,3.611787085119173,9.826008879081982
"2025-03-26 21:15:31.0000",7.26,75.1,2.3775012493133545,3.421662344224767,9.526040195015968
"2025-03-26 21:45:22.0000",7.11,76.23,2.370523691177368,3.3357961184725715,9.059853267260918
"2025-03-26 22:15:13.0000",6.74,76.92,2.443021297454834,3.3073940755189173,9.06047194080411
"2025-03-26 22:45:04.0000",6.56,78,-1.4098648859776536e31,-8.830795430733542e29,-8.673829061357273e29
"2025-03-26 23:14:55.0000",6.43,78.71,2.2121665477752686,2.967674153946071,8.317622522670412
"2025-03-26 23:44:45.0000",5.66,79.14,3.194599151611328,3.626441465024627,9.248018142200236
"2025-03-27 00:14:36.0000",5.8,79.89,6.413593292236328,5.627124427391171,10.479519701192583
"2025-03-27 00:44:29.0000",6.46,80.4,4.6690354347229,4.464305295666966,9.046349297130487
"2025-03-27 01:14:22.0000",7.62,80.64,87.22779846191406,53.80872768635012,43.09410185159874
"2025-03-27 01:44:15.0000",7.91,81.19,10.416770935058594,7.670046955552065,11.028407771108132
"2025-03-27 02:14:07.0000",8.24,81.94,-1.4098648859776536e31,-8.830795430733542e29,-8.673829061357273e29
"2025-03-27 02:43:57.0000",7.57,82.49,85.99491882324219,52.769632315489964,42.27689659621003
"2025-03-27 03:13:47.0000",6.8,83.21,-1.4098648859776536e31,-8.830795430733542e29,-8.673829061357273e29
"2025-03-27 03:43:37.0000",6.8,83.64,-1.4098648859776536e31,-8.830795430733542e29,-8.673829061357273e29
"2025-03-27 05:13:10.0000",5.84,87.43,3.736438035964966,3.5063675049829066,7.056805132774998
"2025-03-27 05:43:01.0000",5.56,88.72,3.2221367359161377,3.1078866834336645,7.16024243426809
"2025-03-27 06:12:51.0000",5.75,89.96,2.467099666595459,2.6119408623140075,6.75895537907048
"2025-03-27 07:12:43.0000",11.18,86.8,0.920146644115448,1.4553810996451637,5.655163869783548
"2025-03-27 07:42:36.0000",12.84,85.01,-1.4098648859776536e31,-8.830795430733542e29,-8.673829061357273e29
"2025-03-27 08:12:31.0000",15.31,81.73,1.936676025390625,2.6016645580861946,7.539999827479746
"2025-03-27 08:42:24.0000",15.7,78.88,0.6882390975952148,2.1715158970259023,8.012215530511485
"2025-03-27 09:12:19.0000",17.97,76.84,0.561385989189148,2.096337539111179,8.856006196286488
"2025-03-27 09:42:12.0000",19.16,74.23,0.27218952775001526,2.242868066676297,8.96527339982899
"2025-03-27 10:12:06.0000",19.63,68.25,0.4748680889606476,2.7898958796204587,10.305384876283007
"2025-03-27 10:41:58.0000",19.22,64.07,0.39120835065841675,2.901895741833994,10.607740712723865
"2025-03-27 11:11:50.0000",19.45,61.61,0.5081635117530823,3.1711310924616494,11.937571682212873
"2025-03-27 11:41:43.0000",19.85,60.55,0.30044907331466675,3.1026435305313655,10.88714206725259
"2025-03-27 12:11:31.0000",18.41,59.13,0.3384355306625366,3.0151500254326313,10.854522850916748
"2025-03-27 12:41:22.0000",18.33,59.07,0.2650381922721863,2.9332462036358735,10.615756292641382
"2025-03-27 13:11:12.0000",17.15,57.83,0.3077477514743805,2.986350803765406,10.501386967184894
"2025-03-27 13:41:00.0000",15.72,58.66,0.28571537137031555,2.882574822289205,10.664203272466535
"2025-03-27 14:10:51.0000",15.28,59.95,0.15165236592292786,2.654162640958179,9.911896836006935
"2025-03-27 14:40:44.0000",14.92,62.29,0.3064948618412018,2.6012748610366647,9.842548036004777
"2025-03-27 15:40:24.0000",13.75,67.99,0.39233624935150146,2.340781335124372,8.589705349332428
"2025-03-27 16:10:14.0000",13.22,70.59,0.5531960129737854,2.2692248407686693,9.050965119886614
"2025-03-27 16:40:05.0000",12.88,73.6,0.37626734375953674,1.9999348109154043,7.738741412153043
"2025-03-27 17:09:55.0000",12.4,76.23,1.7994999885559082,2.798726750413486,8.394152186437829
"2025-03-27 17:39:45.0000",12.18,78.23,43.503265380859375,26.899026024904327,24.966155614226544
"2025-03-27 18:09:36.0000",11.86,80.64,-1.4098648859776536e31,-8.830795430733542e29,-8.673829061357273e29
"2025-03-27 18:39:26.0000",11.71,81.41,0.8682152628898621,1.9599076396215052,7.086861132783417
"2025-03-27 19:09:17.0000",11.63,81.3,89.69449615478516,54.64793129889733,44.61052793604871
"2025-03-27 19:39:08.0000",11.57,81.34,0.9446004033088684,2.1054415725013893,7.382849243503676
"2025-03-27 20:08:58.0000",11.38,81.17,1.2416298389434814,2.332702227923648,7.705700306855651
"2025-03-27 20:38:49.0000",10.88,81.57,0.7031960487365723,2.0312123558585116,7.823873267355408
"2025-03-27 21:08:40.0000",10.74,83.86,0.610244870185852,1.721276931432369,6.812368458878511
"2025-03-27 21:38:31.0000",10.6,86.23,0.8774756789207458,1.803059342132671,6.649663720956681
"2025-03-27 22:08:21.0000",10.51,87.37,2.306964635848999,2.6232635055433464,7.161183585138936
"2025-03-27 22:38:13.0000",10.4,89.06,45.43366241455078,28.670535022782232,25.207661337877873
"2025-03-27 23:37:55.0000",10.26,89.58,36.366756439208984,23.25788910942378,20.834867732744403
"2025-03-28 00:07:46.0000",9.83,92.08,0.2816603183746338,1.19931436980178,5.776872988906931
"2025-03-28 00:37:36.0000",9.68,90.04,85.82809448242188,52.918605346133276,42.38500055543393
"2025-03-28 01:07:27.0000",9.4,85.16,76.27217864990234,46.99767203523075,39.74880957334793
"2025-03-28 01:37:18.0000",8.8,86.11,88.12767028808594,54.33538547122019,43.75638341985403
"2025-03-28 02:36:58.0000",7.22,91.88,2.228740692138672,2.9092632332630397,9.308503873998912
"2025-03-28 03:06:49.0000",6.98,93.01,-1.4098648859776536e31,-8.830795430733542e29,-8.673829061357273e29
"2025-03-28 03:36:41.0000",7.4,92.78,3.050271987915039,3.5565590854867444,10.964335697696544
"2025-03-28 04:06:32.0000",7.19,94.36,-1.4098648859776536e31,-8.830795430733542e29,-8.673829061357273e29
"2025-03-28 04:36:23.0000",6.87,95.35,-1.4098648859776536e31,-8.830795430733542e29,-8.673829061357273e29
"2025-03-28 05:06:14.0000",6.76,95.62,-1.4098648859776536e31,-8.830795430733542e29,-8.673829061357273e29
"2025-03-28 05:36:04.0000",6.66,95.81,-1.4098648859776536e31,-8.830795430733542e29,-8.673829061357273e29
"2025-03-28 06:05:56.0000",7.16,95.15,-1.4098648859776536e31,-8.830795430733542e29,-8.673829061357273e29
"2025-03-28 06:35:48.0000",7.37,94.94,-1.4098648859776536e31,-8.830795430733542e29,-8.673829061357273e29
"2025-03-28 07:05:40.0000",7.05,96.19,-1.4098648859776536e31,-8.830795430733542e29,-8.673829061357273e29
"2025-03-28 07:35:32.0000",8.65,98.76,-1.4098648859776536e31,-8.830795430733542e29,-8.673829061357273e29
"2025-03-28 08:05:28.0000",9.53,86.44,-1.4098648859776536e31,-8.830795430733542e29,-8.673829061357273e29
"2025-03-28 08:35:21.0000",10.35,76.8,3.553523063659668,4.852721037193261,13.282418100438138
"2025-03-28 09:05:13.0000",11.1,72.22,2.3794262409210205,4.21700013148869,13.555566537845856
"2025-03-28 09:35:06.0000",11.81,63.54,2.3005638122558594,4.484787883833531,15.206863132748222
"2025-03-28 10:04:58.0000",11.94,60.48,2.8651046752929688,5.09604295270553,15.987647551733748
"2025-03-28 10:34:48.0000",11.57,58.19,3.479527235031128,5.6890288980921975,17.692848447591498
"2025-03-28 11:04:37.0000",11.85,57.3,3.312556028366089,5.614073479246731,16.42714180334916
"2025-03-28 11:34:31.0000",11.63,55.94,3.511930227279663,5.822413866600473,17.201222276137862
"2025-03-28 12:04:20.0000",10.71,56.4,3.1615052223205566,5.654838289701085,16.585634721099098
"2025-03-28 12:34:12.0000",10.8,57.08,3.300591468811035,5.645604808593724,16.630638726537637
"2025-03-28 13:04:01.0000",10.23,57.79,3.461197853088379,5.783245777508018,20.892713191703578
"2025-03-28 13:33:53.0000",10.1,57.27,3.265727996826172,5.677588028968896,17.60210162272591
"2025-03-28 14:03:45.0000",10.18,57.14,3.7466650009155273,5.887763391294914,16.589791856130347
"2025-03-28 14:33:35.0000",10.01,60.74,2.9954674243927,5.008187164394509,14.919013740451376
"2025-03-28 15:03:28.0000",10.44,61.33,4.023261070251465,5.973194085986242,16.559365238084197
"2025-03-28 15:33:18.0000",10.14,60.36,2.423248291015625,4.498961704949568,12.888449725077153
"2025-03-28 16:03:10.0000",10.12,62.76,2.769280195236206,4.697717987706223,14.184888927051395
"2025-03-28 16:32:57.0000",8.62,69.19,1.5822303295135498,3.397484962398628,11.017036015017101
"2025-03-28 17:02:49.0000",8.91,69.58,2.0900826454162598,3.9611870631936954,12.71762602935869
"2025-03-28 17:32:40.0000",8.9,69.41,2.2658467292785645,4.091674145406972,13.166850092815432
"2025-03-28 18:02:30.0000",7.46,71.84,2.495573043823242,3.9426745851679565,11.889091406295494
"2025-03-28 18:32:18.0000",6.54,76.6,11.153387069702148,8.76253425979317,14.166065569784132
"2025-03-28 19:02:08.0000",6.18,79.83,63.14313888549805,39.4942206214503,34.38317032227571
"2025-03-28 19:31:58.0000",6.28,80.33,-1.4098648859776536e31,-8.830795430733542e29,-8.673829061357273e29
"2025-03-28 20:01:49.0000",6.15,80.55,3.2303473949432373,3.960203714091478,11.23117708624633
"2025-03-28 20:31:40.0000",6.28,83.64,-1.4098648859776536e31,-8.830795430733542e29,-8.673829061357273e29
"2025-03-28 21:01:31.0000",6.24,86.26,13.120074272155762,10.038952009487328,14.971733260578432
"2025-03-28 21:31:22.0000",6.13,86.77,83.80155944824219,52.874403451399495,44.02237746922623
"2025-03-28 22:01:14.0000",6.35,85.87,12.622428894042969,9.836459365874568,16.365335427679316
"2025-03-28 22:31:04.0000",6.01,87.86,51.654605865478516,33.392825183615074,31.501842241205264
"2025-03-28 23:00:55.0000",5.82,88.86,38.02482604980469,25.069723051638928,25.475588798096982
"2025-03-28 23:30:46.0000",5.75,89.75,-1.4098648859776536e31,-8.830795430733542e29,-8.673829061357273e29
"2025-03-29 00:00:36.0000",5.69,90.04,87.83714294433594,55.90528805231629,46.64395494283793
"2025-03-29 00:30:29.0000",5.74,90.52,3.1603055000305176,3.7123780279566114,9.3562276113463
"2025-03-29 01:00:20.0000",5.65,90.63,40.260318756103516,26.801084544333474,26.170344587045417
"2025-03-29 01:30:11.0000",5.71,90.33,27.64180564880371,19.137607332813563,21.303280744045825
"2025-03-29 02:00:01.0000",5.56,90.39,-1.4098648859776536e31,-8.830795430733542e29,-8.673829061357273e29
"2025-03-29 02:29:52.0000",5.33,90.83,3.4621081352233887,4.013921670170262,10.779546343575927
"2025-03-29 02:59:42.0000",5.18,91.95,3.99796724319458,4.438912928553236,10.889034620224056
"2025-03-29 03:29:34.0000",5,92.66,4.566910743713379,4.776395497398116,11.643780476113774
"2025-03-29 03:59:24.0000",4.75,93.2,4.1775970458984375,4.6051666155764455,11.45191352464891
"2025-03-29 04:29:15.0000",4.64,93.49,3.9429931640625,4.515616909295073,11.149671058491716
"2025-03-29 04:59:05.0000",4.45,93.66,4.038660049438477,4.452728073123662,10.870212431122333
"2025-03-29 05:28:56.0000",4.47,93.33,-1.4098648859776536e31,-8.830795430733542e29,-8.673829061357273e29
"2025-03-29 05:58:49.0000",4.71,93.03,88.45761108398438,56.849666924075976,46.49438881509099
"2025-03-29 06:28:42.0000",6.13,91.7,2.9558732509613037,3.6273818704400123,10.599094015426363
"2025-03-29 06:58:34.0000",6.25,89.55,46.87140655517578,30.4575458090377,29.08532308072606
"2025-03-29 07:28:25.0000",6.07,88.9,-1.4098648859776536e31,-8.830795430733542e29,-8.673829061357273e29
"2025-03-29 07:58:16.0000",6.12,88.09,24.71114158630371,17.020486901949667,20.504811126243247
"2025-03-29 08:28:08.0000",7.04,87.81,3.223578929901123,4.2296580303145515,11.409659727886199
"2025-03-29 08:58:02.0000",8.8,85.4,2.893655300140381,4.125966844469118,11.403599083374058
"2025-03-29 09:27:56.0000",10.26,80.55,3.491878032684326,4.820801062398498,13.460036617559396
"2025-03-29 10:27:41.0000",9.94,69.61,3.044278383255005,5.079004247105921,15.681043450022335
"2025-03-29 10:57:33.0000",9.79,70.64,2.662731885910034,4.5964991612877,13.95347227531676
"2025-03-29 11:27:24.0000",10.07,66.5,2.4218671321868896,4.573273341721588,14.918526112366905
"2025-03-29 11:57:16.0000",10.2,64.87,2.580127000808716,4.727733226143573,17.33548222894587
"2025-03-29 12:27:08.0000",11,65.05,2.1737172603607178,4.39691761866599,13.520787811982187
"2025-03-29 12:57:01.0000",11.28,62.37,2.24572491645813,4.455349969073692,13.6974269613941
"2025-03-29 13:26:53.0000",11.43,61.13,2.6389875411987305,4.830919716046024,14.251514496416931
"2025-03-29 13:56:42.0000",10.31,63.5,1.9603605270385742,4.023221854236702,12.111197704524487
"2025-03-29 14:26:31.0000",9.69,69.78,2.071072816848755,3.8645530598446336,12.660515346866463
"2025-03-29 14:56:24.0000",9.96,69.61,2.3344919681549072,4.030973559085948,11.651254569240123
"2025-03-29 15:26:14.0000",9.59,75.46,86.73928833007812,52.37110646312428,44.1526246907604
"2025-03-29 15:56:05.0000",9.22,78.65,1.8353108167648315,2.985984437381037,9.366443879523496
"2025-03-29 16:55:47.0000",9.15,86.33,-1.4098648859776536e31,-8.830795430733542e29,-8.673829061357273e29
"2025-03-29 17:25:40.0000",9.59,86.37,34.13663864135742,21.79774049727993,20.71172096044907
"2025-03-29 17:55:32.0000",10.04,85.35,23.79677391052246,15.545184019953197,16.294621357906035
"2025-03-29 18:25:24.0000",10.23,85.76,44.826316833496094,28.115388028992157,25.08675874958159
"2025-03-29 18:55:16.0000",10.37,86.3,12.35252857208252,8.727257913667101,11.570777455834463
"2025-03-29 19:25:07.0000",10.39,86.25,56.575828552246094,35.88683193471165,31.532700313968284
"2025-03-29 19:54:58.0000",10.37,86.47,76.36177825927734,48.0590102683693,39.52562126023248
"2025-03-29 20:24:49.0000",10.55,86.71,43.83191680908203,27.71183807206731,24.778228135859532
"2025-03-29 20:54:41.0000",10.65,88.87,53.09130096435547,33.863714100267934,28.960909476079106
"2025-03-29 21:24:31.0000",10.26,94.45,-1.4098648859776536e31,-8.830795430733542e29,-8.673829061357273e29
"2025-03-29 21:54:21.0000",9.8,100.02,-1.4098648859776536e31,-8.830795430733542e29,-8.673829061357273e29
"2025-03-29 22:24:13.0000",9.7,99.87,2.47489595413208,2.794141038115018,7.590583513453816
"2025-03-29 22:54:04.0000",9.22,100.54,3.866426467895508,4.039086493986115,9.946295929403346
"2025-03-29 23:23:54.0000",8.86,100.81,3.241299629211426,3.46374714048564,8.668060906212451
"2025-03-29 23:53:45.0000",8.65,101.21,5.094178199768066,5.069351539892948,10.983540105449304
"2025-03-30 00:23:36.0000",8.28,100.19,-1.4098648859776536e31,-8.830795430733542e29,-8.673829061357273e29
"2025-03-30 00:53:27.0000",8.18,98.42,8.822068214416504,8.873923803682818,17.666571393505794
"2025-03-30 01:23:17.0000",7.94,97.79,-1.4098648859776536e31,-8.830795430733542e29,-8.673829061357273e29
"2025-03-30 01:53:09.0000",7.79,97.18,53.397003173828125,35.58623467672842,34.42726521566719
"2025-03-30 02:23:00.0000",7.56,97.36,8.711751937866211,8.654562197138112,18.59238799631578
"2025-03-30 02:52:51.0000",7.5,97.6,10.34077262878418,10.071800602046686,21.534925649397263
"2025-03-30 03:22:42.0000",7.32,98.25,11.76302719116211,11.369607801941742,22.37223751034094
"2025-03-30 03:52:33.0000",7.68,98.11,10.939151763916016,10.853461847727,21.18394480073841
"2025-03-30 04:22:24.0000",7.44,97.25,11.844904899597168,11.618350773273505,22.79992751375929
"2025-03-30 04:52:15.0000",7.24,97.91,-1.4098648859776536e31,-8.830795430733542e29,-8.673829061357273e29
"2025-03-30 05:22:06.0000",7.11,98.66,6.2285966873168945,6.38171769207153,15.200891079919092
"2025-03-30 05:51:57.0000",7.08,98.21,-1.4098648859776536e31,-8.830795430733542e29,-8.673829061357273e29
"2025-03-30 06:21:49.0000",7.47,98.36,8.172233581542969,8.232305705921696,17.099982500823998
"2025-03-30 06:51:41.0000",8.43,96.18,8.52504825592041,8.776419184388281,18.378238963041735
"2025-03-30 07:21:35.0000",9.86,88.38,-1.4098648859776536e31,-8.830795430733542e29,-8.673829061357273e29
"2025-03-30 07:51:24.0000",9.24,89.59,-1.4098648859776536e31,-8.830795430733542e29,-8.673829061357273e29
"2025-03-30 08:21:18.0000",10.32,84.68,90.57957458496094,56.9581174484392,54.55881037733995
"2025-03-30 08:51:11.0000",12.45,80,7.710704803466797,8.701458473577647,22.688801057294015
"2025-03-30 09:21:04.0000",13.75,73.91,7.74914026260376,8.750889703911513,21.366812119980015
"2025-03-30 09:50:57.0000",14.32,69.26,6.797969341278076,8.476075646152534,24.72654772585132
"2025-03-30 10:20:48.0000",14.85,69.08,7.203054428100586,8.799584180137566,21.39147876312817
"2025-03-30 10:50:40.0000",14.87,64.88,6.625398635864258,8.537591570684212,23.451030437247862
"2025-03-30 11:20:27.0000",14.2,67.49,6.537539482116699,8.283868815358616,20.598085171092475
"2025-03-30 11:50:18.0000",14.34,64.49,6.235683917999268,8.022494088982336,20.97480504950807
"2025-03-30 12:20:07.0000",13.25,65.67,5.815873622894287,7.751822394757641,23.464588322067982
"2025-03-30 12:49:58.0000",13.28,65.34,6.184302806854248,7.9954320250002,22.368874460504628
"2025-03-30 13:19:48.0000",12.35,68.07,5.947512149810791,7.495708869395187,20.107503488499734
"2025-03-30 13:49:38.0000",12.14,68.94,4.6038899421691895,6.437274254163159,18.70904835540812
"2025-03-30 14:19:29.0000",12.41,69.09,4.7370710372924805,6.519656012085079,17.484551910327284
"2025-03-30 14:49:22.0000",12.67,67.39,6.16517972946167,7.62981690680861,19.733633459406914
"2025-03-30 15:19:14.0000",13.12,67.29,4.621621608734131,6.52707118269391,19.917055189534512
"2025-03-30 15:49:06.0000",13.12,66.39,4.617299556732178,6.701126594025316,17.992293349807408
"2025-03-30 16:48:49.0000",11.93,68.58,4.812326908111572,6.603152045878219,20.180605929012373
"2025-03-30 17:18:41.0000",12.41,67.79,4.51773738861084,6.601928488192057,20.223571088938137
"2025-03-30 17:48:32.0000",11.86,67.66,4.204333305358887,6.21282814921588,18.61724799962589
"2025-03-30 18:18:20.0000",9.99,69.68,4.564021587371826,6.457485215355994,18.527317552129148
"2025-03-30 18:48:07.0000",8.75,71.64,5.029287338256836,6.762667197012921,19.550400342804817
"2025-03-30 19:17:57.0000",8.18,74.07,4.8996758460998535,6.266245282337368,16.633769388493672
"2025-03-30 19:47:48.0000",7.87,75.33,88.86260223388672,54.021141119480326,48.416528159099045
"2025-03-30 20:17:39.0000",7.51,76.36,89.62786102294922,54.38578502313602,46.74779582671453
"2025-03-30 20:47:31.0000",7.7,76.97,5.556856155395508,6.222793460158389,16.449140204796514
"2025-03-30 21:17:22.0000",7.36,77.67,6.235052585601807,7.096915590449271,18.359217992392608
"2025-03-30 21:47:11.0000",6.68,78.47,-1.4098648859776536e31,-8.830795430733542e29,-8.673829061357273e29
"2025-03-30 22:17:02.0000",6.68,79.15,22.660812377929688,16.2837580223074,22.367070855524517
"2025-03-30 22:46:54.0000",6.78,79.55,10.126906394958496,8.864707390329404,17.114957936254076
"2025-03-30 23:16:45.0000",6.74,80.5,91.22158813476562,56.22950327687462,46.13174561128648
"2025-03-30 23:46:35.0000",6.48,81.96,101.35210418701172,64.03398557663905,52.83291972271805
"2025-03-31 00:16:26.0000",6.25,82.61,115.65555572509766,73.9527044351631,60.698112328548355
"2025-03-31 00:46:17.0000",6.28,83.23,8.741734504699707,7.8270715216317885,15.271100221745614
"2025-03-31 01:16:09.0000",6.09,83.57,110.6949234008789,70.77261065724632,58.602448293425134
"2025-03-31 01:45:58.0000",5.68,83.88,93.174072265625,58.48480423933824,49.85868959733523
"2025-03-31 02:15:48.0000",5.61,84.13,90.72725677490234,56.94326247049609,49.15318683992242
"2025-03-31 02:45:40.0000",6.1,83.97,-1.4098648859776536e31,-8.830795430733542e29,-8.673829061357273e29
"2025-03-31 03:15:31.0000",5.98,83.87,90.76400756835938,56.95091927932363,48.366577217990354
"2025-03-31 03:45:22.0000",6.01,84.33,90.62085723876953,56.797868827747145,48.433436982587814
"2025-03-31 04:15:13.0000",5.98,84.68,91.58636474609375,57.08924115320647,47.32977166067384
"2025-03-31 04:45:05.0000",6.1,84.98,94.03865814208984,58.92257930579485,48.321913262045804
"2025-03-31 05:14:57.0000",6.27,85.33,105.20259857177734,67.120875771369,54.81795694560928
"2025-03-31 05:44:49.0000",6.22,85.47,38.410675048828125,25.402812786916634,26.143797693896282
"2025-03-31 06:14:40.0000",6.19,85.81,29.34227180480957,19.98146251781613,22.782568073666198
"2025-03-31 06:44:30.0000",6.34,85.99,-1.4098648859776536e31,-8.830795430733542e29,-8.673829061357273e29
"2025-03-31 07:14:22.0000",6.65,86.23,-1.4098648859776536e31,-8.830795430733542e29,-8.673829061357273e29
"2025-03-31 07:44:14.0000",7.24,86,88.5064926147461,55.74106747494941,48.066722085853385
"2025-03-31 08:14:07.0000",7.89,85.92,-1.4098648859776536e31,-8.830795430733542e29,-8.673829061357273e29
"2025-03-31 08:44:00.0000",8.94,85,49.05458068847656,31.723352427302935,31.49108194888439
"2025-03-31 09:13:53.0000",10.02,83.99,3.894925594329834,4.794811700312773,13.748241728238733
"2025-03-31 09:43:46.0000",11.23,82.15,6.52048921585083,6.720138367603607,14.316296647372166
"2025-03-31 10:13:39.0000",12.08,80.05,-1.4098648859776536e31,-8.830795430733542e29,-8.673829061357273e29
"2025-03-31 10:43:32.0000",12.75,78.24,24.07672119140625,16.75842336081827,23.222766939435342
"2025-03-31 11:13:27.0000",14.11,77.22,4.918300628662109,5.94538963730743,15.549692930853956
"2025-03-31 11:43:20.0000",14.71,75.67,4.2241363525390625,5.85118329354871,17.82790353730653
"2025-03-31 12:13:15.0000",16.15,73.46,3.764152765274048,5.561312162048183,15.789452660733723
"2025-03-31 12:43:08.0000",17.07,70.96,3.8516697883605957,6.099099534085935,16.933352305737746
"2025-03-31 13:13:02.0000",18.75,68.74,3.853179693222046,6.189569240544867,18.6205141939618
"2025-03-31 13:42:54.0000",19.24,65.28,3.731872797012329,6.17069127878933,20.513671773467017
"2025-03-31 14:12:46.0000",19.42,63.63,3.7726850509643555,6.2311775034725985,19.23149630761867
"2025-03-31 14:42:37.0000",19.87,62.55,3.7048566341400146,5.921591475920569,17.963786442327613
"2025-03-31 15:12:30.0000",20.12,58.2,4.122413635253906,6.729916868101003,19.32521079262418
"2025-03-31 15:42:19.0000",18.71,57.83,3.9510440826416016,6.476214189519737,19.4994487142783
"2025-03-31 16:12:09.0000",18.68,57.48,3.833648681640625,6.334482364706003,19.564906237890096
"2025-03-31 16:41:57.0000",16.89,57.95,4.090221881866455,6.557711304803598,18.917501220619055
"2025-03-31 17:11:46.0000",15.96,58.62,3.940540075302124,6.056519376517679,17.510380966264304
"2025-03-31 17:41:36.0000",16.14,58.91,4.172219753265381,6.416019408705202,17.472174098526548
"2025-03-31 18:11:26.0000",15.13,59.36,3.177323818206787,5.461356134548188,16.36637483053079
"2025-03-31 18:41:16.0000",14.37,60.38,4.279069423675537,6.4158597013477605,17.114587732832508
"2025-03-31 19:11:05.0000",13.73,61.95,5.159755229949951,6.994033549013662,17.676898468926264
"2025-03-31 19:40:55.0000",13.23,63.68,4.338260650634766,6.194308021736558,17.665502970612664
"2025-03-31 20:10:46.0000",12.8,65.03,5.847077369689941,7.287961694040563,19.23830020879287
"2025-03-31 20:40:36.0000",12.35,66.52,5.941972255706787,7.28476516884163,20.160011910639223
"2025-03-31 21:10:26.0000",11.97,67.87,6.124790668487549,7.39184681709214,18.645965390485134
"2025-03-31 21:40:17.0000",11.55,69.02,6.512664318084717,7.382111162525198,18.05085600214689
"2025-03-31 22:10:07.0000",11.38,68.96,4.072790145874023,5.610137242818171,16.06199689439914
"2025-03-31 22:39:58.0000",11.3,67.7,3.6639957427978516,5.329925159927202,14.382513300099411
"2025-03-31 23:09:48.0000",10.82,67.65,5.062491416931152,6.217341815325615,15.19813849474923
"2025-03-31 23:39:39.0000",10.41,68.13,3.4165472984313965,5.065360086869664,14.822780582416646

