"Date & Time",Temperature,Humidity,PM1.0,PM2.5,PM10
"2024-10-01 00:26:33.0000",9.57,87.12,0.9818854928016663,1.2442342269084892,4.646556302335471
"2024-10-01 00:56:32.0000",9.63,87.03,1.1126421689987183,1.3033420756870826,4.603165466926095
"2024-10-01 01:26:23.0000",9.58,87.11,0.20492489635944366,0.9286586608906795,4.66353530601471
"2024-10-01 01:56:18.0000",9.63,87.25,0.682652473449707,1.2624428710273536,4.451025765281302
"2024-10-01 02:56:29.0000",9.83,87.17,1.9397931098937988,1.6595876615969813,6.793805394184017
"2024-10-01 03:26:12.0000",9.9,87.2,1.2109497785568237,1.3046914859228467,4.733697017012894
"2024-10-01 03:56:15.0000",9.85,87.34,0.9779919385910034,1.3911149032464,3.666034870817131
"2024-10-01 04:26:09.0000",9.83,87.49,1.9019920825958252,1.6354591620981966,6.436907418572791
"2024-10-01 05:26:09.0000",9.78,87.48,0.7602858543395996,1.2556574328310155,4.9621180457639955
"2024-10-01 05:56:13.0000",9.73,87.74,1.0479134321212769,1.5072661213225844,4.533819997465457
"2024-10-01 06:26:09.0000",10.02,87.65,2.495387315750122,2.246791100610043,2.9609678166963826
"2024-10-01 06:56:00.0000",10.36,87.54,2.102243185043335,2.0376207601852103,7.270044309402726
"2024-10-01 07:25:55.0000",10.64,87.43,1.7623809576034546,1.7252397007790625,8.88982380063697
"2024-10-01 07:56:04.0000",10.34,87.83,1.1860123872756958,1.5796792120063854,5.585008207335721
"2024-10-01 08:25:59.0000",10.74,88.06,0.7299859523773193,1.2604663468193364,5.749176127410355
"2024-10-01 09:25:56.0000",10.65,87.77,0.9236468076705933,1.320554450766038,5.397311356465918
"2024-10-01 09:55:50.0000",11.29,87.69,1.5009912252426147,1.7609888119032997,5.2464363107630065
"2024-10-01 10:25:54.0000",11.96,87.44,1.634533405303955,1.8544753940317307,7.727758485833143
"2024-10-01 10:55:54.0000",13.39,87.05,1.23905348777771,1.7428842850920239,6.8191880662277615
"2024-10-01 11:25:48.0000",14.31,85.08,1.1959607601165771,1.734849955109083,6.788775472099978
"2024-10-01 11:56:02.0000",15.63,84,1.4054123163223267,1.9057527477516452,5.912551630565637
"2024-10-01 12:26:01.0000",16.18,81.53,1.5406088829040527,1.8254346074504766,6.412403337680106
"2024-10-01 13:25:49.0000",14.55,83.94,1.7097593545913696,2.144351783313174,6.7456331576584425
"2024-10-01 13:55:53.0000",15.11,80.63,2.475385904312134,2.3137088882601065,9.012920363997589
"2024-10-01 14:25:43.0000",14.59,79.05,2.655306100845337,2.6822932490935765,8.734717697815421
"2024-10-01 15:25:47.0000",13.95,77.5,2.118678331375122,1.9691904768778947,8.204180308988859
"2024-10-01 15:55:32.0000",13.58,77.65,1.8583885431289673,2.00754494095241,9.523542638805635
"2024-10-01 16:25:39.0000",13.29,77.79,1.522950530052185,1.9732599295494284,6.577832515460035
"2024-10-01 16:55:35.0000",12.92,78.1,1.4014091491699219,1.635748099448745,6.118227676033968
"2024-10-01 17:25:21.0000",11.53,80.13,1.5331956148147583,1.717540242887879,5.9733370929495795
"2024-10-01 17:55:26.0000",11.41,81.08,1.867173671722412,2.1629234370705337,6.914071504897136
"2024-10-01 18:25:20.0000",11.3,81.09,3.221666097640991,2.6430406831395876,10.02276562860111
"2024-10-01 18:55:14.0000",11.14,81.13,3.8743650913238525,3.243540263709331,10.564531989177034
"2024-10-01 19:25:10.0000",11.07,81.09,3.802734136581421,3.0441365946186045,12.529180884916236
"2024-10-01 19:55:22.0000",10.92,81.07,3.2230725288391113,3.1012913430618507,10.453559643495572
"2024-10-01 20:25:15.0000",10.96,81.07,3.0224697589874268,2.7882012720583473,11.322282159800949
"2024-10-01 20:55:06.0000",11.06,80.97,3.110678195953369,2.8385668816909555,9.729149883576614
"2024-10-01 21:25:00.0000",11.2,80.72,2.8945224285125732,2.4263236459100606,8.187542386201482
"2024-10-01 21:55:12.0000",11.18,80.61,2.4818267822265625,2.4297924648803266,9.256305338669623
"2024-10-01 22:25:08.0000",11.14,80.51,2.018333673477173,2.079993133904626,7.670950714840421
"2024-10-01 22:55:07.0000",11.1,80.58,2.0035197734832764,1.907746737376786,9.01681569780467
"2024-10-01 23:25:03.0000",11.01,80.67,1.317046880722046,1.553824557720301,7.129075875429287
"2024-10-01 23:55:00.0000",11.04,80.81,1.4611841440200806,1.7961066694880012,5.562243689597044
"2024-10-02 00:54:57.0000",10.82,81.44,1.5436376333236694,1.7935885294213267,7.844881899389564
"2024-10-02 01:54:50.0000",11.07,81.38,1.5508873462677002,1.7093819570075122,6.9243206712109915
"2024-10-02 02:24:50.0000",11.05,81.46,1.8110136985778809,1.989794480819367,6.9058498824381624
"2024-10-02 02:54:48.0000",10.76,81.81,2.2847812175750732,2.113321188639866,8.299661971668705
"2024-10-02 03:24:43.0000",11,81.68,2.431926965713501,2.5463442620734984,9.04591514319155
"2024-10-02 03:54:39.0000",10.67,81.97,2.4621105194091797,2.6700949823612787,8.229681119083807
"2024-10-02 04:24:38.0000",10.75,81.93,2.6745543479919434,2.772108663514619,8.495256024581181
"2024-10-02 04:54:42.0000",10.85,81.8,2.494460344314575,2.7907485608011244,9.22200231913728
"2024-10-02 05:24:31.0000",10.74,81.76,2.358736991882324,2.5932987905336047,8.882130853722286
"2024-10-02 05:54:41.0000",10.7,81.79,2.4409687519073486,2.5601732139943993,8.438156139790662
"2024-10-02 06:24:33.0000",10.89,81.71,2.393179178237915,2.741233701909139,8.378554594896825
"2024-10-02 06:54:22.0000",11.08,81.5,2.6822452545166016,2.923966689411297,6.103279197023735
"2024-10-02 07:24:26.0000",11.21,81.46,2.672724723815918,3.059076153790282,10.336770956213487
"2024-10-02 07:54:37.0000",11.57,81.23,2.6248059272766113,2.46003035447396,11.3606726671552
"2024-10-02 08:24:29.0000",11.99,80.75,2.7833762168884277,3.524123533164758,8.53788207614586
"2024-10-02 08:54:21.0000",12.54,80.23,2.6323392391204834,2.7625279388675,9.208812264113211
"2024-10-02 10:24:28.0000",16.87,77.07,1.8973689079284668,2.262577727287773,7.473790557191363
"2024-10-02 10:54:27.0000",15.45,74.7,2.028974771499634,2.086009635427107,9.58576778197209
"2024-10-02 11:24:25.0000",16.59,75.46,1.930513858795166,1.9516041671996676,9.098426116624399
"2024-10-02 11:54:21.0000",19.64,72,1.6901377439498901,2.1241040045780104,7.053978155919209
"2024-10-02 12:24:23.0000",19.27,69.06,1.3795963525772095,1.8648893914848028,5.88002760589853
"2024-10-02 12:54:36.0000",19.1,70.25,1.6049165725708008,1.9662415598246161,8.662813194112383
"2024-10-02 13:24:31.0000",21.68,66.56,1.5118753910064697,1.930264730565157,5.568259888637875
"2024-10-02 14:54:09.0000",16.02,65.2,1.7128522396087646,1.8834583891440526,7.008063241716974
"2024-10-02 15:24:09.0000",15.19,65.83,1.473288655281067,1.6847495154376826,7.7783840398996595
"2024-10-02 15:54:07.0000",14.3,66.07,1.527791976928711,1.6270813439595277,6.351638608217743
"2024-10-02 16:23:56.0000",14.07,65.79,1.3603893518447876,1.6485849292136716,8.280711125900076
"2024-10-02 16:53:52.0000",13.75,65.98,1.6050267219543457,1.8753665974692868,6.925778648879014
"2024-10-02 17:23:55.0000",12.47,66.84,1.550095796585083,1.7449273135242303,5.6561153639543456
"2024-10-02 17:53:44.0000",12.46,67.27,1.5195945501327515,1.7666263359865173,5.811076735483155
"2024-10-02 18:53:38.0000",11.01,68.21,2.5369179248809814,2.0792711794192185,6.326203236991724
"2024-10-02 19:23:34.0000",9.93,69.32,14.715250015258789,2.0917507162949565,7.037368781763658
"2024-10-02 19:53:33.0000",9.45,69.86,2.005038022994995,1.8562107305933149,5.993365649302019
"2024-10-02 20:23:38.0000",9.06,69.9,1.9309383630752563,2.0478338257535396,9.010519578918062
"2024-10-02 20:53:25.0000",7.86,70.73,4.085591793060303,2.7855907501423123,7.048118122908882
"2024-10-02 21:23:25.0000",6.77,71.75,3.718687057495117,2.2812641255840065,9.348902581816516
"2024-10-02 22:23:18.0000",7.25,71.81,3.1618616580963135,2.5000355006307404,5.912602697294037
"2024-10-02 22:53:21.0000",6.81,72.56,2.232361078262329,2.0033606996246944,8.371469915722436
"2024-10-02 23:23:16.0000",6.56,72.9,2.505384683609009,1.9143354735099587,6.167069638062288
"2024-10-03 00:23:16.0000",6.59,73.39,2.699936866760254,2.051098520524651,6.969443260595019
"2024-10-03 00:53:08.0000",6.7,73.78,3.0210368633270264,2.4321222896988037,8.0806294650204
"2024-10-03 01:23:20.0000",7.86,71.31,3.199476957321167,2.337671913607925,8.214289630698122
"2024-10-03 01:53:17.0000",6.3,74,2.7723166942596436,2.3907853415015805,5.465567852096969
"2024-10-03 02:53:00.0000",5.81,75.06,3.4088172912597656,2.506360836286795,5.321301924458088
"2024-10-03 03:23:02.0000",5.75,75.71,3.9965741634368896,2.660220977246901,4.613204317017724
"2024-10-03 04:23:03.0000",6.57,75.8,3.3491501808166504,2.3790296469412553,6.942978889015972
"2024-10-03 04:53:01.0000",7.05,76.08,2.512552499771118,2.139691714550901,4.322461353896359
"2024-10-03 05:23:00.0000",7.49,76.23,2.2218430042266846,2.1259674323458975,6.671579623531675
"2024-10-03 05:52:49.0000",7.36,76.29,2.358058214187622,2.215146086439035,7.5507187389136625
"2024-10-03 06:22:51.0000",6.91,77.12,2.3859260082244873,2.1734439285377785,6.451014166514648
"2024-10-03 06:52:49.0000",7.05,77.44,2.3309412002563477,2.0805807589157075,7.108841397738384
"2024-10-03 07:22:59.0000",9.05,76.52,1.9484882354736328,2.0356611973600662,9.530658977979185
"2024-10-03 07:52:50.0000",10.09,74.53,2.0101702213287354,2.2142635109901536,4.431162129268133
"2024-10-03 08:22:50.0000",9.44,76.13,2.0026512145996094,2.0164152407462215,5.556630289169192
"2024-10-03 08:53:03.0000",10.27,76.69,1.6823163032531738,1.8673848237327328,5.334104556331538
"2024-10-03 09:22:51.0000",16.04,72.25,1.2807773351669312,1.4950996829479195,9.22346980351879
"2024-10-03 09:52:52.0000",17.91,71.27,1.117199182510376,1.4904695108910047,6.31553437807001
"2024-10-03 10:23:02.0000",19.43,69.99,1.1281397342681885,1.7042180598144916,5.8531227975927695
"2024-10-03 10:52:50.0000",18.01,69.6,0.973202645778656,1.477887064754433,6.171727743939625
"2024-10-03 16:56:37.0000",13.67,65.02,2.1783454418182373,2.0724507424893654,8.564533906194411
"2024-10-03 17:26:33.0000",12.59,66.02,1.3782007694244385,1.6390656222769866,5.570707576408548
"2024-10-03 18:26:26.0000",11,67.67,4.670985698699951,3.1116835781689085,7.142465725066857
"2024-10-03 18:56:24.0000",10.85,68.03,3.286510944366455,2.192690982216257,7.088803086286438
"2024-10-03 19:26:20.0000",10.12,68.83,3.54362416267395,2.2479306267366153,5.69552444964735
"2024-10-03 19:56:18.0000",9.76,69.65,5.992090702056885,2.9516578344932847,7.616723255405848
"2024-10-03 20:26:16.0000",10.24,69.55,4.777090072631836,2.6239524534197636,7.159161171976537
"2024-10-03 20:56:07.0000",10,70.24,16.09595489501953,5.964678314914899,10.147778190415243
"2024-10-03 21:56:08.0000",9.02,71.01,4.909830570220947,2.768965810989044,6.735127406692048
"2024-10-03 22:25:55.0000",8.38,71.88,4.7415289878845215,2.7397461772423126,6.38997372037663
"2024-10-03 23:26:00.0000",7.99,72.67,3.0175981521606445,2.013735174730729,5.63011538613825
"2024-10-04 00:25:52.0000",7.26,73.64,5.774149417877197,2.6783691495059943,7.883327822036883
"2024-10-04 00:55:42.0000",7.51,74.07,4.035320281982422,2.1899513931282124,5.547279724221605
"2024-10-04 01:55:43.0000",7.28,74.52,6.274315357208252,2.8680941215652287,6.456353456890957
"2024-10-04 02:25:41.0000",6.69,75.26,8.768588066101074,3.5326860969369984,8.212503180149877
"2024-10-04 02:55:34.0000",6.62,75.63,12.365692138671875,4.572035228138149,7.344786517215773
"2024-10-04 03:25:33.0000",6.51,75.88,15.328466415405273,4.72694251128543,5.28873594337646
"2024-10-04 03:55:49.0000",6.15,76.3,19.102670669555664,6.101968971737734,8.100884992308098
"2024-10-04 04:55:32.0000",5.67,76.75,40.16572570800781,13.019066662785251,12.744875692449204
"2024-10-04 05:25:42.0000",5.69,77.25,42.24184036254883,13.312688942448457,15.644221161244968
"2024-10-04 06:25:29.0000",6.15,77.54,28.006244659423828,9.041990297758801,9.312144842075787
"2024-10-04 06:55:29.0000",6.43,77.83,24.4016056060791,7.952689919182179,10.605667332693724
"2024-10-04 07:25:26.0000",7.21,78.06,17.769081115722656,5.441371457071532,9.075571440658669
"2024-10-04 07:55:31.0000",8.43,77.14,14.057353019714355,4.710296603889263,7.1101051686346946
"2024-10-04 08:25:21.0000",9.3,76.52,10.430335998535156,3.886432849124487,6.785432262916026
"2024-10-04 08:55:19.0000",9.73,77.04,11.007771492004395,4.152600943126906,8.175455563111361
"2024-10-04 09:25:28.0000",14.48,73.37,7.301753044128418,3.345998974187317,6.713562587839037
"2024-10-04 09:55:26.0000",16.11,72.5,5.986306190490723,2.346068102631623,7.1026457256231685
"2024-10-04 10:25:24.0000",15.29,73.28,4.696042537689209,2.089111949227248,7.301891992596751
"2024-10-04 10:55:24.0000",16.65,72.38,3.327284336090088,1.8396174774713274,6.556431503917689
"2024-10-04 11:25:25.0000",18.22,69.81,3.439906358718872,1.9593042501224973,7.864024505854131
"2024-10-04 11:55:16.0000",15.13,70.69,2.8000450134277344,1.8336433597680493,5.406625590170109
"2024-10-04 12:25:14.0000",16.44,70.65,2.0780043601989746,1.5271255552765792,6.454620719118764
"2024-10-04 12:55:18.0000",17.62,69.45,1.7575777769088745,1.3921760165710537,8.084833974761777
"2024-10-04 13:25:15.0000",18.18,67.38,1.9459385871887207,1.68692870042057,5.169989678607443
"2024-10-04 13:55:10.0000",15.86,67.84,1.4609681367874146,1.44628314757531,6.173807608921048
"2024-10-04 14:25:02.0000",15.48,68.39,1.4970910549163818,1.3950486282025194,6.9223425230691
"2024-10-04 14:54:59.0000",14.91,68.13,1.8432921171188354,1.6396649706066977,6.5069124220568
"2024-10-04 15:24:59.0000",14.89,68.5,1.7810416221618652,1.5583826295539787,6.871165604391005
"2024-10-04 15:54:57.0000",15.6,67.57,1.7617090940475464,1.5470202907241897,5.601333661418688
"2024-10-04 16:24:47.0000",14.84,67.98,1.5562710762023926,1.5454673145672313,4.971920062549981
"2024-10-04 16:54:47.0000",13.97,68.51,1.7131785154342651,1.3013703348238035,6.699320212055717
"2024-10-04 17:54:41.0000",12.61,69.75,2.3121256828308105,1.6002021677674005,4.812284740771313
"2024-10-04 18:24:40.0000",12.14,70.36,14.155681610107422,1.9663526911764222,6.052159991508686
"2024-10-04 18:54:48.0000",11.56,71.03,3.9150619506835938,2.153258115928819,4.147713878858951
"2024-10-04 19:24:35.0000",11.35,71.36,6.331281661987305,3.9704636795309263,8.381910770332983
"2024-10-04 19:54:35.0000",11,71.87,5.252382755279541,2.2382872793925417,5.936490606497528
"2024-10-04 20:24:26.0000",10.63,72.41,4.925343036651611,2.1012671568214443,6.7094739607644724
"2024-10-04 21:24:27.0000",10.13,73,6.85001802444458,2.387179145020877,4.763291895974813
"2024-10-04 22:24:27.0000",10.06,73.55,8.025676727294922,2.5009115846807157,5.542054542166532
"2024-10-04 23:24:19.0000",9.53,74.33,9.49853515625,3.0094124634668775,4.499637653229136
"2024-10-04 23:54:14.0000",9.49,74.81,8.625971794128418,2.8303974643596925,5.862228960105607
"2024-10-05 00:24:18.0000",9.8,74.67,8.240928649902344,2.444644732262439,7.231474466706133
"2024-10-05 00:54:13.0000",9.7,74.83,9.641959190368652,2.8566232477229336,5.824759610535156
"2024-10-05 01:24:12.0000",9.63,75.04,10.257477760314941,2.9681700550494927,5.797882541610129
"2024-10-05 01:54:11.0000",9.46,75.27,11.26950454711914,3.1703586662710586,6.913310028364052
"2024-10-05 02:54:07.0000",9.05,75.74,16.78573989868164,4.470233418517794,7.488964001474549
"2024-10-05 03:23:57.0000",8.7,76.2,20.22848129272461,5.412783982948317,8.4887601964526
"2024-10-05 03:53:55.0000",8.08,76.78,27.833599090576172,7.727879471690185,10.469432560626595
"2024-10-05 04:23:53.0000",7.96,77.19,30.356088638305664,8.52236134196894,10.867528632207543
"2024-10-05 04:53:48.0000",7.5,77.5,31.9815731048584,8.996055785175116,8.728951080533978
"2024-10-05 05:23:46.0000",7.26,77.83,32.74714279174805,9.358497721597413,11.34311842145929
"2024-10-05 05:53:43.0000",7.08,78.19,31.342185974121094,8.883461507573692,10.731265617490363
"2024-10-05 06:53:36.0000",6.68,78.57,26.58432960510254,7.87258190578525,9.80400356329362
"2024-10-05 07:23:34.0000",8.06,78.28,17.661020278930664,5.259240594583015,8.585451124098732
"2024-10-05 07:53:41.0000",9.29,75.76,17.849838256835938,5.532517060677707,7.6255253461680805
"2024-10-05 08:23:32.0000",8.78,77.4,15.677508354187012,4.680423979873151,7.168114112626685
"2024-10-05 08:53:32.0000",9.42,77.71,13.911479949951172,4.336811295720772,9.692556719722837
"2024-10-05 09:23:46.0000",15.12,73.03,8.515525817871094,2.9104712486396385,7.444863055066489
"2024-10-05 09:53:38.0000",16.82,71.64,9.565084457397461,3.2578468610655005,6.052854091799045
"2024-10-05 10:23:47.0000",17.58,70.8,6.708756446838379,2.5355555280529094,5.7552739914558515
"2024-10-05 10:53:43.0000",19.16,67.58,5.311519145965576,1.9197576930662403,5.984578413945896
"2024-10-05 11:23:37.0000",19.04,67.93,4.68110466003418,1.9499998979827218,5.272283937669667
"2024-10-05 11:53:33.0000",16.88,67.32,5.524118900299072,2.023762765969026,6.393692222085113
"2024-10-05 12:23:33.0000",18.07,66.87,4.663261413574219,1.8140493500685946,4.993423465067031
"2024-10-05 12:53:35.0000",17.63,64.47,4.515010356903076,1.8961002197811823,6.281519277626078
"2024-10-05 13:23:30.0000",19.27,64.09,3.522962808609009,1.6863813135950956,5.426338610605113
"2024-10-05 13:53:28.0000",19.09,63.29,2.980156898498535,1.5018689522444169,5.843352428345703
"2024-10-05 14:23:37.0000",17.95,61.24,3.1381707191467285,1.648599797678197,4.771863850171527
"2024-10-05 14:53:19.0000",16.46,63.29,3.086374282836914,1.5251824309301907,4.933734269149519
"2024-10-05 15:23:16.0000",16.72,62.21,1.924864411354065,1.2789900721775123,5.285218391998213
"2024-10-05 15:53:09.0000",15.56,62.76,1.5530033111572266,1.2751950744069596,6.764373915051381
"2024-10-05 16:23:09.0000",14.41,63.7,1.4104222059249878,1.2161358557930992,5.649485557982834
"2024-10-05 17:23:05.0000",13.38,64.69,1.6679110527038574,1.2565112941296563,5.624927809431724
"2024-10-05 17:52:59.0000",12.66,65.55,23.01331901550293,8.144619824531242,9.750691845457377
"2024-10-05 18:22:56.0000",12.23,66.16,5.075700759887695,2.3474929883168794,5.070382572845863
"2024-10-05 18:52:51.0000",11.98,66.72,2.0638351440429688,1.4525134361370997,5.619488078907616
"2024-10-05 19:22:48.0000",11.74,67.19,2.1595003604888916,1.4339712426752391,4.5619646632683954
"2024-10-05 19:52:48.0000",11.96,67.32,2.017338752746582,1.4114110203523995,7.1924953230544695
"2024-10-05 20:22:46.0000",11.72,67.56,2.1195530891418457,1.4984788014772283,5.8303695460355565
"2024-10-05 20:52:42.0000",11.49,67.77,1.8219853639602661,1.3393604811166886,5.045585596294
"2024-10-05 21:22:44.0000",11.24,68.3,2.2158854007720947,1.5240132512794073,5.455423044252946
"2024-10-05 21:52:43.0000",11.21,68.46,2.213632822036743,1.4666146602104517,5.581216355095533
"2024-10-05 22:22:31.0000",11.06,68.82,2.577115058898926,1.5008034700322512,6.063191785407121
"2024-10-05 22:52:28.0000",11.16,69.14,2.838961124420166,1.657295200963063,5.815519353993767
"2024-10-05 23:22:35.0000",11.21,69.32,5.4498372077941895,2.7235377659151045,5.866917566961697
"2024-10-05 23:52:26.0000",11.19,69.58,10.438238143920898,1.5239695821583943,6.0159354053933765
"2024-10-06 00:22:19.0000",11.27,69.84,2.7625527381896973,1.585162661993417,6.331012838728044
"2024-10-06 00:52:29.0000",10.87,70.3,3.405410051345825,1.7283115418852493,4.2110261112677785
"2024-10-06 01:22:21.0000",10.11,71.46,5.21877384185791,2.393075701276621,4.807019368944396
"2024-10-06 01:52:15.0000",9.82,72.39,4.971296310424805,2.29317593378579,5.146373577274051
"2024-10-06 02:22:08.0000",9.8,73.04,4.605209827423096,2.1623324818145275,5.69384120742673
"2024-10-06 02:52:10.0000",9.83,73.7,4.273336887359619,2.146794666976887,5.454508896122302
"2024-10-06 03:22:11.0000",9.82,74.21,4.600754737854004,2.1337368209049856,6.0087828741828
"2024-10-06 03:52:05.0000",10.1,74.4,3.518479824066162,1.8987916408825944,5.911483259594464
"2024-10-06 04:22:02.0000",10.5,74.59,2.714465379714966,1.9175794896177187,4.719298599609133
"2024-10-06 04:51:59.0000",10.81,74.66,2.6070444583892822,1.6461963667624342,7.450057959397996
"2024-10-06 05:21:58.0000",10.91,74.72,2.521894931793213,1.8273101690765012,3.7415937401066515
"2024-10-06 05:51:55.0000",10.76,74.89,2.6703786849975586,1.6657215414313165,7.359236848942576
"2024-10-06 06:21:58.0000",10.25,75.31,3.8064169883728027,2.0851464122140317,6.568556786368077
"2024-10-06 06:51:43.0000",9.91,76.19,3.9769949913024902,2.289717349440737,5.445207198330963
"2024-10-06 07:21:52.0000",10.15,76.52,4.278207778930664,2.194387644955952,5.814974417240107
"2024-10-06 07:51:43.0000",11.02,75.94,3.9221136569976807,1.936620697998701,6.492316370139778
"2024-10-06 08:21:45.0000",10.39,76.43,5.767284870147705,2.6176384339958383,5.860187544316805
"2024-10-06 08:51:49.0000",10.57,77.03,5.220641613006592,2.413592575658977,5.705789334813783
"2024-10-06 09:21:40.0000",11.26,77.31,4.267455577850342,2.0200266194171985,7.439273284439736
"2024-10-06 09:51:38.0000",11.98,77.51,3.9638941287994385,2.103869814807681,7.3683134192514155
"2024-10-06 10:21:42.0000",13.49,76.96,3.473254919052124,2.00949734175975,7.931028562893234
"2024-10-06 10:51:36.0000",13.32,76.47,2.6670336723327637,1.7183232282990455,5.473611908116055
"2024-10-06 11:21:31.0000",13.03,76.55,3.1402409076690674,2.036210511174799,7.057285751356937
"2024-10-06 11:51:34.0000",13.28,76.49,2.9914371967315674,1.8287679286263048,5.833813274696323
"2024-10-06 12:21:35.0000",13.23,76.31,3.1689934730529785,2.0062472450143716,8.003891115086427
"2024-10-06 12:51:23.0000",13.34,76.29,3.2800486087799072,2.1733636732184496,4.412761764241185
"2024-10-06 13:21:27.0000",13.81,76.09,3.2230143547058105,2.1384042021235787,6.492647732383805
"2024-10-06 14:21:25.0000",13.22,76.28,3.9980480670928955,2.180665578010256,6.953526745919308
"2024-10-06 14:51:21.0000",13.06,76.48,4.62648344039917,2.2119742268533154,5.942274158126984
"2024-10-06 15:21:17.0000",13.04,76.55,5.619384765625,2.3889318657881464,7.7623856822243
"2024-10-06 15:51:13.0000",12.84,76.75,5.297733783721924,2.4600228079675017,5.924537692823032
"2024-10-06 16:21:09.0000",12.66,77,6.560009956359863,2.5158260788672373,7.563834608252341
"2024-10-06 16:51:05.0000",12.32,77.37,9.492753982543945,3.2318256588525687,7.093305375354063
"2024-10-06 17:21:06.0000",11.88,77.94,19.48023796081543,5.870978928968737,8.11407400347992
"2024-10-06 17:51:01.0000",11.52,78.54,24.564409255981445,7.46042063429906,10.28850666988099
"2024-10-06 18:20:56.0000",11.42,78.81,25.684743881225586,8.147609770302793,9.79284060761475
"2024-10-06 18:50:54.0000",11.4,79.05,27.689668655395508,8.862324412199387,11.835087488974027
"2024-10-06 19:20:50.0000",11.37,79.3,33.01646041870117,10.793600944698358,9.894365329152633
"2024-10-06 19:50:49.0000",11.37,79.55,42.48079299926758,15.639825550758866,17.739114030297014
"2024-10-06 20:20:44.0000",11.37,79.76,42.96772384643555,17.72272157383212,20.37941642622118
"2024-10-06 20:50:43.0000",11.38,80,34.57436752319336,13.96173413277638,17.63698495272297
"2024-10-06 21:21:06.0000",11.35,80.25,32.575828552246094,13.047634628414885,15.059513555848731
"2024-10-06 21:50:41.0000",11.28,80.42,38.36968994140625,15.765361006473707,18.77065684957275
"2024-10-06 22:20:34.0000",11.09,80.67,32.598899841308594,13.508430525939062,17.782445432592592
"2024-10-06 22:50:31.0000",10.9,80.97,26.406198501586914,10.125681458572293,11.251366151258427
"2024-10-06 23:20:34.0000",10.36,81.28,18.090057373046875,6.987078872251063,10.19909182038192
"2024-10-06 23:50:25.0000",9.39,81.9,12.13026237487793,4.887442600739502,3.2608508115541452
"2024-10-07 00:20:24.0000",8.89,82.38,14.587920188903809,5.952384185835581,8.194882685919387
"2024-10-07 00:50:20.0000",8.44,82.34,8.01595401763916,3.7715055616497204,4.876628030268612
"2024-10-07 01:50:14.0000",8.09,82.33,6.605862617492676,3.4736080383301955,2.1643563464979114
"2024-10-07 02:20:10.0000",7.95,82.65,4.106686592102051,2.731117364017947,6.936274774807731
"2024-10-07 03:20:08.0000",8.01,82.53,9.20395565032959,4.31716892850598,5.73078509333639
"2024-10-07 04:20:07.0000",8.67,82.76,4.625711917877197,2.5547056077016927,6.514012419750081
"2024-10-07 05:20:01.0000",9,82.74,6.090071201324463,3.2095176402414634,3.908191759503195
"2024-10-07 05:50:03.0000",9.08,82.9,5.85219144821167,3.045383716014497,1.501300487604578
"2024-10-07 06:19:54.0000",9.15,82.99,6.216075897216797,3.310359672986034,7.542321707221113
"2024-10-07 07:20:03.0000",9.54,83.22,7.4192705154418945,3.460490376245017,7.010772676556646
"2024-10-07 07:49:50.0000",9.98,83.52,7.814136981964111,4.05841411858135,6.589385047012208
"2024-10-07 08:49:57.0000",11.27,83.2,4.559982776641846,2.8059586483634713,7.618594760108155
"2024-10-07 09:19:53.0000",13.74,81.45,2.9157614707946777,2.7171986155963235,11.055013717565132
"2024-10-07 09:49:55.0000",15.06,80.72,2.42738676071167,2.7056350729605825,7.745753927382059
"2024-10-07 10:19:49.0000",15.29,80.73,2.173128128051758,2.2221753314966697,10.253323589525131
"2024-10-07 10:49:47.0000",15.34,80.65,2.3547611236572266,2.5844581899813885,8.574491625516174
"2024-10-07 11:19:47.0000",16.33,80.88,2.1031672954559326,2.407886580272548,11.735291013367782
"2024-10-07 11:49:54.0000",18.83,78.77,1.7712371349334717,1.987384957199791,10.53178007361887
"2024-10-07 12:19:51.0000",21.43,76.69,2.0227625370025635,2.3772227248330497,8.958900619331354
"2024-10-07 12:49:47.0000",22.39,74.9,1.8530970811843872,2.351162781288801,8.449965921968756
"2024-10-07 13:19:47.0000",21.91,73.7,1.8892446756362915,2.3333397243459566,8.622883664062922
"2024-10-07 13:49:40.0000",22.19,73.32,2.029803991317749,2.3416335965890833,10.761122136774608
"2024-10-07 14:19:40.0000",18.89,72.26,2.065136432647705,2.326242968325292,9.197731769095716
"2024-10-07 14:49:43.0000",18.78,72.6,2.200695514678955,2.4941185073985572,11.175587559692987
"2024-10-07 15:19:29.0000",17.78,71.91,2.0069875717163086,2.2603377729445597,9.284723881512491
"2024-10-07 15:49:24.0000",17.39,71.61,1.8249576091766357,2.1074717731446606,6.557016601555221
"2024-10-07 16:19:20.0000",16.55,71.26,2.034902334213257,2.134433312955359,8.728431494559274
"2024-10-07 16:49:25.0000",15.09,72.01,6.7984113693237305,4.407518616977992,10.795727653855886
"2024-10-07 17:19:13.0000",14.16,72.68,5.80188512802124,4.146042103687847,8.84232632030121
"2024-10-07 17:49:11.0000",13.56,73.14,3.171501636505127,2.947109546117088,10.323345326986752
"2024-10-07 18:19:09.0000",13.19,73.44,24.242778778076172,9.783976792125674,15.475055125323724
"2024-10-07 18:49:01.0000",12.75,73.77,4.394296169281006,3.0730473047111673,10.483748214595352
"2024-10-07 19:18:58.0000",12.72,73.94,8.294424057006836,4.251030931267414,11.824290824178552
"2024-10-07 19:48:50.0000",12.54,74.18,3.0250465869903564,2.6642282350605795,9.521499402167462
"2024-10-07 20:18:49.0000",12.51,74.53,2.361637592315674,2.194331720151333,9.038578390639254
"2024-10-07 20:48:58.0000",12.41,74.8,3.1073262691497803,2.6736430720233493,8.37320845485991
"2024-10-07 21:48:45.0000",11.7,75.86,2.0664114952087402,2.157645675373752,7.031247954986879
"2024-10-07 22:18:42.0000",11.61,76.1,2.498776912689209,2.1112864881720674,9.873729688333317
"2024-10-07 22:48:35.0000",11.27,76.6,2.5971574783325195,2.09063194572244,6.586573244773947
"2024-10-07 23:18:44.0000",11.12,77.1,2.692152261734009,2.0001048138519497,6.697679220712091
"2024-10-07 23:48:41.0000",11.13,77.26,2.7734463214874268,2.189748741668293,5.742445364860804
"2024-10-08 00:18:33.0000",11.23,77.33,3.2030882835388184,2.0115662106820813,5.013576399075569
"2024-10-08 00:48:28.0000",11.23,77.65,4.935664176940918,2.7176579717178426,11.053695028892724
"2024-10-08 02:18:32.0000",11.17,78.66,7.693541526794434,3.447219801068364,3.7319631014823678
"2024-10-08 02:48:30.0000",11.03,79.3,9.586524963378906,3.997159993035857,7.558769498194496
"2024-10-08 03:18:17.0000",11.03,79.51,11.311944961547852,4.127663759141814,4.313655006826027
"2024-10-08 03:48:17.0000",11.17,79.77,13.376258850097656,5.283534417514928,5.697276309339815
"2024-10-08 04:18:26.0000",11.3,79.98,20.132402420043945,7.1313925994367295,12.778835137676056
"2024-10-08 04:48:27.0000",11.41,80.17,17.950685501098633,6.780325347092361,11.23074853994948
"2024-10-08 05:18:12.0000",11.47,80.34,18.527929306030273,7.123336319821315,10.630160862190294
"2024-10-08 05:48:08.0000",11.52,80.64,20.835180282592773,8.40661113803598,8.430539609763951
"2024-10-08 06:48:20.0000",11.67,80.98,26.427404403686523,10.882838123544005,11.330839097149688
"2024-10-08 07:18:06.0000",11.7,81.32,22.630599975585938,8.97385604211769,9.594069355533668
"2024-10-08 07:48:07.0000",11.79,81.76,12.172739028930664,4.632424228913489,7.574494513361728
"2024-10-08 08:18:01.0000",11.89,81.8,4.312979698181152,2.213748654536494,5.894777694629297
"2024-10-08 08:48:03.0000",11.68,82.11,4.896853923797607,2.252996034379472,6.993014386113477
"2024-10-08 09:17:53.0000",11.65,82.41,3.1586062908172607,1.7859874882407687,9.254353315548622
"2024-10-08 09:47:50.0000",11.67,82.38,3.8293051719665527,2.065658910304973,6.225302227761019
"2024-10-08 10:17:55.0000",11.94,82.76,1.879459261894226,1.7822718470084193,6.98337286412726
"2024-10-08 10:47:52.0000",16.22,81.01,1.104511022567749,1.7037817923291199,6.261755646466521
"2024-10-08 11:18:00.0000",18.49,76.89,1.1164790391921997,1.415598994265229,7.134939006062903
"2024-10-08 11:47:54.0000",17.73,79.23,1.045412540435791,1.4961134755563366,5.993677746627671
"2024-10-08 12:17:54.0000",20.21,74.11,0.919532835483551,1.3910205259877708,6.948876051437108
"2024-10-08 12:47:45.0000",16.8,77.57,1.061815619468689,1.6524339094733302,4.755830008282535
"2024-10-08 13:17:39.0000",15.64,78.26,1.5944058895111084,1.918553590811082,7.59465938031207
"2024-10-08 17:47:18.0000",11.87,80.78,2.204155206680298,1.9755969951601002,8.39701003696774
"2024-10-08 18:17:06.0000",10.99,81.11,2.2814266681671143,1.7935790503353706,6.960057110014685
"2024-10-08 18:47:03.0000",10.28,81.68,3.119555950164795,2.176714290104033,6.555566386187865
"2024-10-08 19:17:04.0000",10.26,81.57,2.9474971294403076,2.1417101552756073,6.4196375917063175
"2024-10-08 19:47:01.0000",10.28,81.78,4.267560958862305,2.6200763268825376,6.957943972757776
"2024-10-08 20:17:08.0000",10.45,81.64,2.5851709842681885,2.041121931026078,6.994653492335031
"2024-10-08 20:46:56.0000",10.96,81.59,2.212034225463867,2.2034205766672246,8.900094934319636
"2024-10-08 21:17:00.0000",11.12,81.54,2.7364771366119385,2.0404403530121904,8.26321794566798
"2024-10-08 21:46:50.0000",11.24,81.66,2.7493813037872314,2.1909894831733743,7.482802709108167
"2024-10-08 22:16:56.0000",11.1,81.75,5.8595991134643555,2.8516832829194882,9.587119606169486
"2024-10-08 23:46:51.0000",10.74,82.04,7.664941787719727,3.5203517757171134,5.825197669559055
"2024-10-09 00:16:43.0000",10.29,82.59,7.122425079345703,3.052707938082731,6.278646701787752
"2024-10-09 01:16:32.0000",9.7,82.93,14.09310245513916,5.201818613696736,5.473444810154653
"2024-10-09 01:46:29.0000",9.61,83.37,16.37044906616211,5.9837188800105645,11.443986982141752
"2024-10-09 02:16:36.0000",9.57,83.83,25.526992797851562,10.235481222309486,13.431692833600845
"2024-10-09 02:46:22.0000",10.07,84.08,20.9117431640625,8.758667746155886,11.600804419421744
"2024-10-09 03:16:24.0000",10.21,84.17,17.583845138549805,7.0791923772267635,13.377538383476823
"2024-10-09 03:46:25.0000",10.34,84.44,11.153105735778809,4.753557775909256,8.435628817789668
"2024-10-09 04:16:22.0000",10.4,84.28,7.341231346130371,2.914037046633186,5.325643451213557
"2024-10-09 04:46:25.0000",10.41,84.62,8.782916069030762,3.5085983520944026,8.882323511904012
"2024-10-09 05:16:15.0000",10.53,84.55,10.677416801452637,4.070759288740975,7.288102537244004
"2024-10-09 05:46:21.0000",10.6,84.62,6.908071994781494,2.966477796868388,5.91810859223756
"2024-10-09 06:16:11.0000",10.64,84.69,3.6452765464782715,1.7263503829891484,5.676321904184828
"2024-10-09 06:46:12.0000",10.69,84.91,2.672057867050171,1.5696218070761148,5.030880525241454
"2024-10-09 07:16:10.0000",10.78,85.16,2.140049695968628,1.630417084596827,4.39587087122425
"2024-10-09 08:16:05.0000",11.11,86.21,0.3186432123184204,1.065218650878438,4.592383418066046
"2024-10-09 08:46:01.0000",11.22,86.38,0.34622251987457275,1.0387475874035539,5.251846218121685
"2024-10-09 09:16:01.0000",10.99,86.34,0.38547128438949585,1.0078744238824306,4.641059421567975
"2024-10-09 09:46:10.0000",11.25,86.62,0.26746588945388794,0.9314647690835838,5.685264367402553
"2024-10-09 10:16:12.0000",11.26,86.73,0.3877994120121002,1.0468410028828652,4.697130679110167
"2024-10-09 11:16:01.0000",12.35,83.65,0.6675764322280884,1.086798283451397,5.888015253720905
"2024-10-09 11:45:50.0000",11.64,86.04,0.7414793372154236,1.240654816887604,5.423552646308546
"2024-10-09 12:45:50.0000",11.57,86.39,0.27022749185562134,1.0085202932584774,5.542073381675739
"2024-10-09 13:15:42.0000",11.54,86.6,0.3711888790130615,1.061403569937257,4.624702668203148
"2024-10-09 13:45:39.0000",11.03,86.8,0.38677090406417847,1.0709205857341755,5.631420311401628
"2024-10-09 14:15:41.0000",11.61,87.05,0.6513030529022217,1.0841301202694829,5.585820581510191
"2024-10-09 14:45:33.0000",12.14,86.14,0.5144988894462585,1.0830669787182814,5.285987386188821
"2024-10-09 15:15:39.0000",12.32,85.72,0.48396036028862,1.1156398039133966,5.750349908651611
"2024-10-09 15:45:34.0000",12.04,85.1,0.5849934220314026,1.0951417584643715,4.987541328245996
"2024-10-09 16:15:25.0000",11.7,83.86,0.5157327055931091,1.0466282499798951,5.614671404637365
"2024-10-09 16:45:32.0000",11.06,84.06,0.42970573902130127,0.9970363852058991,5.4098464866609435
"2024-10-09 17:15:26.0000",11.1,83.44,0.4710647761821747,0.9919494135038287,5.616625212900584
"2024-10-09 18:15:35.0000",10.32,83.55,0.6482757925987244,1.168129928191047,5.176721709841795
"2024-10-09 18:45:17.0000",10.45,83.21,0.9517525434494019,1.3333924620477602,5.309769859776265
"2024-10-09 19:15:15.0000",10.34,82.75,0.6001409292221069,1.0955713070283193,4.892305702935421
"2024-10-09 19:45:14.0000",10.15,82.53,0.43562304973602295,1.0522555660138972,4.471183853585172
"2024-10-09 20:15:31.0000",10.97,79.47,0.5685304999351501,1.0238900758739637,5.562805323056017
"2024-10-09 20:45:11.0000",10.03,81.41,0.4575050473213196,1.1533375993115245,5.204612376071266
"2024-10-09 21:15:07.0000",9.91,80.71,0.46932199597358704,1.1762088220415654,5.391567150122081
"2024-10-09 21:45:07.0000",9.44,80.86,0.562046229839325,1.1055817321804233,5.411268807974832
"2024-10-09 22:15:29.0000",8.75,82.11,0.6627278327941895,1.262740107835662,5.37215119578123
"2024-10-09 22:45:02.0000",8.51,82.21,0.9343541264533997,1.3771374190361334,5.326957575341544
"2024-10-09 23:14:59.0000",8.21,82.83,0.7400090098381042,1.3198147289075113,6.630744531846434
"2024-10-09 23:45:11.0000",8.22,82.4,1.007304310798645,1.6231667423340046,6.689297219139994
"2024-10-10 00:14:51.0000",7.61,82.85,1.6428509950637817,2.137210784117438,7.945584017996775
"2024-10-10 00:44:51.0000",7.03,83.23,1.6781240701675415,2.039188702781355,8.022616809376084
"2024-10-10 01:14:40.0000",6.75,83.55,1.9701648950576782,2.2453812203411108,7.156758684366699
"2024-10-10 01:44:37.0000",6.68,83.79,1.9618679285049438,2.4246349625786943,9.111271890565897
"2024-10-10 02:14:41.0000",6.62,83.97,2.22674560546875,2.2650425801266927,10.118394529163213
"2024-10-10 02:44:35.0000",6.57,84.04,2.3328661918640137,2.531369344491813,8.630424405396214
"2024-10-10 03:14:27.0000",6.53,84.1,2.1864733695983887,2.665039625049798,7.278443775926866
"2024-10-10 03:44:32.0000",6.22,84.3,1.9817774295806885,2.4425988747786134,7.408426806525611
"2024-10-10 04:14:20.0000",6.12,84.37,2.245816946029663,2.6805561994328393,7.190923617536316
"2024-10-10 04:44:18.0000",5.74,84.48,11.267204284667969,2.3752913232112864,8.089901403671837
"2024-10-10 05:14:21.0000",5.46,84.64,19.536710739135742,2.2343009452850584,7.05329596023166
"2024-10-10 05:44:12.0000",5.12,84.74,10.114384651184082,2.351793223551176,5.1024672754036535
"2024-10-10 06:15:04.0000",4.81,84.84,2.1561765670776367,2.1867084302436357,8.842782081360752
"2024-10-10 06:44:07.0000",4.67,84.35,1.484470248222351,1.8708143642814277,6.4499993616129725
"2024-10-10 07:14:09.0000",4.55,84.03,1.9941648244857788,2.2907392874836185,5.88111234368564
"2024-10-10 07:44:06.0000",6.19,81.2,14.74639892578125,2.1819744893603126,8.435936006648822
"2024-10-10 08:14:07.0000",5.98,80.93,1.7147104740142822,2.0605028091154898,6.379381437110787
"2024-10-10 08:44:03.0000",5.82,80.42,1.814745306968689,2.061340137292044,6.000040252695613
"2024-10-10 09:14:00.0000",9.65,78.02,1.4957231283187866,1.9260766650250627,5.7197357175232675
"2024-10-10 10:14:08.0000",14.94,72.35,1.4577362537384033,1.7636484730308981,7.369450175418807
"2024-10-10 10:44:17.0000",16.15,71.06,1.6431845426559448,1.769182844484207,6.8638211407746175
"2024-10-10 11:14:20.0000",17.37,70.25,1.2137140035629272,1.5745888999939335,6.684563442080166
"2024-10-10 11:44:18.0000",18.47,69.06,1.224076747894287,1.4921555736027339,7.447779024267276
"2024-10-10 12:14:14.0000",18.75,68.7,1.3833744525909424,1.7230228741114355,6.546079828682604
"2024-10-10 12:44:21.0000",18.7,68,1.0310156345367432,1.5968572128763103,6.3835245483163146
"2024-10-10 13:44:02.0000",18.31,65.88,0.9867547750473022,1.4363759067258361,5.794786204073711
"2024-10-10 14:13:54.0000",17.17,64.43,1.2127258777618408,1.6355689206326651,7.078028714913382
"2024-10-10 14:43:52.0000",13.78,62.95,1.1427640914916992,1.6189273390218768,6.023925698012216
"2024-10-10 15:13:45.0000",12.05,62.48,1.3986161947250366,1.491984085291959,5.402227568977443
"2024-10-10 15:43:58.0000",9.97,63.33,1.306552529335022,1.4903303211897372,6.697865017991128
"2024-10-10 16:13:36.0000",8.77,63.63,1.176673412322998,1.2895254498300281,5.391183650946963
"2024-10-10 16:43:34.0000",7.86,63.98,1.0243237018585205,1.5000439216024164,4.632108975798194
"2024-10-10 17:13:59.0000",7.12,64.43,1.5752003192901611,1.5056846069439944,5.3642560952178036
"2024-10-10 17:43:19.0000",5.95,65.37,3.670750617980957,2.4267786947421763,5.862929510222712
"2024-10-10 18:43:22.0000",4.12,67.09,4.235052585601807,2.7467956641054845,6.95095972549694
"2024-10-10 19:13:13.0000",3.31,68.12,5.959168434143066,3.5647560914022662,8.216805147361583
"2024-10-10 19:43:10.0000",2.91,68.79,6.869912147521973,3.866570413694749,7.437646977114294
"2024-10-10 20:13:00.0000",2.49,69.48,4.8405351638793945,2.9849913237674306,8.148170484266013
"2024-10-10 20:42:58.0000",2.33,69.94,7.156853675842285,3.8036771961191373,9.837697369289309
"2024-10-10 21:12:55.0000",2.76,70.34,9.60486888885498,4.723112875383824,10.398995528664797
"2024-10-10 21:42:54.0000",3.39,70.55,9.359838485717773,4.057755093749951,9.034126472081091
"2024-10-10 22:12:55.0000",3.41,70.4,9.388413429260254,4.176596799157445,7.097068384830347
"2024-10-10 22:42:52.0000",2.9,71.21,7.579648017883301,3.6740202120970396,8.121897097826508
"2024-10-10 23:12:45.0000",2.12,71.72,7.432043075561523,3.313786778767568,8.284488352449833
"2024-10-10 23:42:52.0000",2.91,71.81,2.665006399154663,2.0571268049312565,6.379945240214108
"2024-10-11 00:12:44.0000",2.51,72.1,5.844400405883789,4.178826834489703,9.369565516471573
"2024-10-11 00:42:41.0000",2.45,72.57,10.887055397033691,7.700537043168583,13.237329373361133
"2024-10-11 01:12:38.0000",3.01,72.5,1.8157546520233154,1.9863488571085912,6.704018374302428
"2024-10-11 01:42:33.0000",3.35,72.52,7.075341701507568,5.417454228867846,13.152398710443762
"2024-10-11 02:42:38.0000",4.27,72.91,1.979823112487793,2.0031189991305434,4.842461345861678
"2024-10-11 03:12:30.0000",3.34,73.67,12.624815940856934,9.965839940002187,16.65008583209243
"2024-10-11 03:42:21.0000",3.09,74.72,10.75604248046875,8.58022274724399,17.83757011604947
"2024-10-11 04:12:26.0000",3.37,74.52,11.968539237976074,9.395599615911587,17.327647358499103
"2024-10-11 04:42:50.0000",3.42,75.24,9.007330894470215,7.711415885894182,17.023683781712172
"2024-10-11 05:12:23.0000",4.66,74.48,10.277198791503906,8.324008553551632,17.19248933843338
"2024-10-11 05:42:17.0000",4.04,74.68,4.93966007232666,4.40538622986371,10.269804153343399
"2024-10-11 06:12:11.0000",3.2,75.92,9.869379043579102,7.9369723417288975,15.06090919992561
"2024-10-11 07:12:17.0000",4.86,75.66,1.4864338636398315,1.6726106592561405,6.897481603584952
"2024-10-11 07:42:11.0000",5.71,75.6,6.897891044616699,5.460180524055453,9.084865375142375
"2024-10-11 08:12:05.0000",6.29,75.74,1.1387121677398682,1.6417194954649164,4.597499004262603
"2024-10-11 08:42:05.0000",7.21,75.26,0.7560024261474609,1.5145296784514974,6.338671270507207
"2024-10-11 09:12:15.0000",10.38,73.32,0.4442017674446106,1.225892432324431,4.950586221001376
"2024-10-11 09:42:07.0000",10.59,73.23,1.042595386505127,1.575325720712026,5.068314114829073
"2024-10-11 10:12:04.0000",13.8,72.77,0.6637275218963623,1.3333632302392198,5.614010160411709
"2024-10-11 10:42:40.0000",14.89,68.82,0.5576015114784241,1.2471650867485593,4.70998420498542
"2024-10-11 11:12:39.0000",17.7,68.1,0.5077859163284302,1.1282091394165885,6.174350123230467
"2024-10-11 11:42:29.0000",18.02,66.27,0.5228762030601501,1.1164849370486651,5.43051044763508
"2024-10-11 12:42:45.0000",20.99,63.16,0.2921472489833832,1.0420426541216006,5.4156561166860255
"2024-10-11 13:12:16.0000",20.58,63.39,0.40842506289482117,1.0229925128473834,5.140453722710115
"2024-10-11 13:42:10.0000",20.37,62.61,0.5263925194740295,1.0797676815066004,6.148218648821711
"2024-10-11 14:12:03.0000",18.4,61.58,0.5885995030403137,1.063457570208446,5.4606732157527205
"2024-10-11 14:41:55.0000",15.94,62.39,0.44618862867355347,1.0278564317986265,5.404046222690743
"2024-10-11 15:12:13.0000",14.19,63.22,0.4993787407875061,1.0533108119548489,5.03995664418167
"2024-10-11 15:41:52.0000",11.97,62.84,0.5852468609809875,1.0871734952107635,5.440111436296603
"2024-10-11 16:11:37.0000",10.51,63.87,0.5303897261619568,1.083369381486135,5.775948757002818
"2024-10-11 16:41:30.0000",9.37,64.56,0.6723466515541077,1.2352032633406052,5.318899505125723
"2024-10-11 17:11:24.0000",7.96,65.52,1.3524143695831299,1.487628465235729,4.443535197744329
"2024-10-11 17:41:21.0000",6.72,66.64,3.7918941974639893,1.8269714021368433,5.401923039227497
"2024-10-11 18:11:47.0000",5.85,67.61,5.011107444763184,2.6715253951921714,5.830891274918501
"2024-10-11 18:41:27.0000",7.11,65.05,24.855501174926758,12.564383070495316,25.222586224056958
"2024-10-11 19:11:19.0000",5.76,67.72,11.623581886291504,4.69569237938731,8.589047614513536
"2024-10-11 19:41:39.0000",4.84,68.95,11.926522254943848,4.7269404506746096,8.365860641446083
"2024-10-11 20:11:09.0000",4.13,69.87,15.564441680908203,5.728438770465846,9.268787916596782
"2024-10-11 20:41:36.0000",3.85,70.47,11.330150604248047,4.35801170109253,8.46917927021
"2024-10-11 21:11:08.0000",3.82,70.93,10.752215385437012,3.689827862814753,7.657525545465371
"2024-10-11 21:41:00.0000",4.72,70.78,7.627031326293945,3.2008641386970957,8.490422950773244
"2024-10-11 22:11:03.0000",5.05,70.96,7.446928024291992,3.2596468999686494,7.436232477227098
"2024-10-11 23:10:56.0000",5.18,70.81,7.218140602111816,3.425107244302898,7.740180744556096
"2024-10-12 00:10:55.0000",5.28,71.85,11.681096076965332,4.264295992035864,6.836887789423058
"2024-10-12 01:10:51.0000",4.91,72.3,27.98324203491211,3.797346886128575,7.55542519978786
"2024-10-12 01:41:14.0000",5.31,72.7,5.190248966217041,2.478313275387843,6.4685338243649175
"2024-10-12 02:11:40.0000",5.45,72.57,5.718225955963135,2.531653271583356,5.996589376266713
"2024-10-12 03:10:51.0000",5.27,73.04,5.1422576904296875,2.429834190514959,5.911616680380869
"2024-10-12 03:40:46.0000",5.39,73.44,5.081846237182617,2.432493867886173,5.820314222064984
"2024-10-12 04:11:30.0000",5.36,73.83,6.662637233734131,2.7867097063564126,6.484711202278587
"2024-10-12 04:40:42.0000",5.43,74.05,7.999172687530518,3.285313597464513,5.27990550580494
"2024-10-12 05:11:35.0000",4.72,74.61,7.5990729331970215,3.229521123683518,6.133335168653967
"2024-10-12 06:11:07.0000",5.22,74.87,7.111748695373535,2.8301024466825724,7.646592035175415
"2024-10-12 07:40:35.0000",5.86,74.8,5.934080600738525,2.8308700443003105,6.243040412230991
"2024-10-12 08:10:31.0000",6,74.86,5.5128889083862305,2.8476207391436823,6.4147802685265916
"2024-10-12 08:40:55.0000",6.35,75.01,4.90238094329834,2.677846637155792,6.166302199225003
"2024-10-12 09:10:27.0000",7.62,74.21,3.7639403343200684,1.9548930506030504,7.31322297721998
"2024-10-12 09:40:27.0000",9.45,75.9,3.0124800205230713,2.173816441924792,4.854399523166884
"2024-10-12 10:10:41.0000",15.1,69.56,2.3706471920013428,1.8192313366890616,7.975629302278637
"2024-10-12 10:40:34.0000",17.01,69.3,2.462120294570923,1.7741951274765713,6.775772136768888
"2024-10-12 11:10:27.0000",15.21,71.42,3.6218883991241455,2.2859673465514807,6.573887158556983
"2024-10-12 11:40:40.0000",19.13,67.43,0.8382198810577393,1.265643210017987,6.627392489424636
"2024-10-12 12:10:28.0000",18.73,66.06,0.9842185378074646,1.1974065249653847,5.177481596919131
"2024-10-12 12:40:34.0000",18.41,65.8,0.36422255635261536,1.0084755875114408,5.692379750017125
"2024-10-12 13:10:33.0000",15.06,63.62,0.3896552324295044,0.9968968211197621,4.680964900507495
"2024-10-12 14:10:22.0000",12.57,66.94,0.5038630366325378,1.109202717009343,5.41650145538968
"2024-10-12 14:40:19.0000",13.17,65.15,0.8088393211364746,1.3003006496126792,5.404821363514513
"2024-10-12 15:10:16.0000",12.42,65.24,1.148019552230835,1.5483319468463286,5.112369409310934
"2024-10-12 15:40:02.0000",10.3,65.58,2.0781631469726562,1.6556173428714116,7.844959094401492
"2024-10-12 16:10:21.0000",8.37,65.48,1.0658743381500244,1.4793449414239068,5.075131705220235
"2024-10-12 16:40:21.0000",6.83,69.16,1.2299716472625732,1.5622875776866116,5.831200310403192
"2024-10-12 17:09:57.0000",7.2,69.85,5.457861423492432,1.9704310383958152,5.8068979336986475
"2024-10-12 17:40:26.0000",7.84,70.66,1.6269720792770386,1.8134909053424244,5.8737115078087205
"2024-10-12 18:09:52.0000",7.78,70.59,3.350008010864258,2.706647937167361,6.825955362480189
"2024-10-12 18:40:19.0000",7.89,70.76,1.8277080059051514,1.7556238100654846,6.713828125806783
"2024-10-12 19:09:57.0000",8.05,70.65,2.2893788814544678,2.3125064923147085,9.4757445293073
"2024-10-12 19:39:47.0000",8.08,70.37,2.4733006954193115,2.5660430232242764,7.173275507962626
"2024-10-12 20:09:46.0000",7.8,70.43,2.2927284240722656,2.6968169966849658,7.609284574551239
"2024-10-12 21:10:01.0000",8.01,69.46,2.5036160945892334,2.9956732816880143,9.089186300608413
"2024-10-12 21:39:43.0000",8.28,69.55,2.4675493240356445,2.5874769056090643,10.047774012603425
"2024-10-12 22:09:39.0000",8.33,69.67,2.392435073852539,2.6605974583474183,10.995088466013188
"2024-10-12 22:39:30.0000",7.48,70.26,2.5366697311401367,3.1103165451098906,8.315122780234203
"2024-10-12 23:09:36.0000",6.97,71.86,2.7967422008514404,3.032400953639549,7.895287098633698
"2024-10-12 23:39:39.0000",6.64,73.2,2.089310884475708,2.709238451026898,6.351485592018793
"2024-10-13 00:09:26.0000",6.74,73.42,2.1685140132904053,2.9638306909890826,5.900113063556789
"2024-10-13 00:39:26.0000",7.34,73.58,2.351273775100708,2.6207109730594613,7.608188174021975
"2024-10-13 01:09:53.0000",7.65,72.96,2.3731210231781006,2.794908922586433,5.690420268236157
"2024-10-13 01:39:20.0000",7.58,72.42,2.450470447540283,2.8994124083138826,9.0764522475564
"2024-10-13 02:09:20.0000",7.64,71.37,1.930135726928711,2.468042359855277,6.770739984979036
"2024-10-13 02:39:14.0000",7.32,71.32,15.632881164550781,2.3185935164096025,8.418005432287025
"2024-10-13 03:09:09.0000",7.72,70.62,1.9445817470550537,2.132318889508731,8.349289146460245
"2024-10-13 03:39:47.0000",7.35,70.47,1.9548372030258179,2.2315568524713303,8.203444560047746
"2024-10-13 04:09:13.0000",6.98,69.54,1.733420729637146,2.104728527804739,8.028094310922079
"2024-10-13 04:39:01.0000",6.64,69.4,1.6749351024627686,2.219289102014356,4.954089666109894
"2024-10-13 05:08:59.0000",6.26,69.38,1.4975823163986206,1.812772553534427,6.339468947675334
"2024-10-13 05:38:55.0000",5.62,69.85,1.5259225368499756,1.9896836562755311,6.014419098037157
"2024-10-13 06:08:54.0000",5.29,70.07,1.6539310216903687,1.9478991940536037,6.870671376291708
"2024-10-13 06:38:52.0000",5.44,70.25,1.4996384382247925,1.904618334415601,7.283943532532093
"2024-10-13 07:08:47.0000",5.83,69.93,1.6341055631637573,1.822869238926529,6.476047772741799
"2024-10-13 07:38:55.0000",6.02,69.88,1.449425220489502,1.9535332673356447,7.304155334885797
"2024-10-13 08:08:51.0000",7.56,67.09,1.7139087915420532,1.9658926498265261,8.813411643799201
"2024-10-13 08:38:43.0000",7.27,69.21,2.3693110942840576,2.3956490333367273,6.299702719774375
"2024-10-13 09:08:40.0000",7.67,68.87,2.159316301345825,2.2572323150570575,6.630475154223036
"2024-10-13 09:38:37.0000",8.34,68.88,2.4192473888397217,2.2579498310279713,5.44911498103677
"2024-10-13 10:09:08.0000",10.26,68.84,1.8982402086257935,2.1677008734675898,9.912653331529658
"2024-10-13 10:38:46.0000",12.48,66.55,1.6218937635421753,1.8663924836614643,7.114985663713585
"2024-10-13 11:08:45.0000",11.62,66.77,2.2053346633911133,2.2281561677068957,8.687833449752008
"2024-10-13 11:38:38.0000",11.04,66.84,1.210254192352295,1.3717203690923432,7.037696535769847
"2024-10-13 12:08:36.0000",11.87,66.98,1.6900051832199097,1.8786034507017781,6.813490617805374
"2024-10-13 12:38:37.0000",12.05,67.01,1.5546541213989258,1.9198948816010362,7.73789131854272
"2024-10-13 13:08:33.0000",11.78,65.68,1.7909611463546753,2.107236446180745,6.46265174533986
"2024-10-13 13:38:26.0000",11.2,66.03,1.326872706413269,1.7836497124083337,6.173973119615784
"2024-10-13 14:08:48.0000",11.01,65.84,1.3433899879455566,1.7657835674778029,6.8380060830171425
"2024-10-13 14:38:19.0000",10.88,65.83,1.5082498788833618,1.9062755132398952,5.54962915453172
"2024-10-13 15:08:23.0000",10.64,66.12,1.646775484085083,1.8145004203651902,5.829888945966341
"2024-10-13 16:08:10.0000",9.53,66.92,4.548099517822266,2.7087099172989926,7.840298748807766
"2024-10-13 16:39:01.0000",8.98,67.31,1.7774035930633545,1.8688925422720088,9.094294692248992
"2024-10-13 17:08:32.0000",8.56,67.59,2.0423595905303955,2.1540885005519668,6.141620766721588
"2024-10-13 17:38:04.0000",8.23,67.83,1.9278974533081055,1.745627136435852,5.585881427122848
"2024-10-13 18:08:01.0000",7.71,68.39,2.7429521083831787,2.30310270327386,7.1000699132961245
"2024-10-13 19:08:01.0000",7.32,68.9,5.014226913452148,2.8625274838666073,7.775006538318225
"2024-10-13 19:38:04.0000",7.26,69.16,5.815059185028076,3.171728772004523,9.886526323228889
"2024-10-13 20:07:55.0000",7.3,69.36,7.013787746429443,3.24077568672787,7.242033111605538
"2024-10-13 20:37:49.0000",7.29,69.48,6.471691608428955,2.741154261376585,8.231768995181028
"2024-10-13 21:08:26.0000",7.18,69.74,5.089857578277588,3.202291673323925,11.260818489340966
"2024-10-13 21:37:57.0000",7.24,69.78,13.999588966369629,2.941560747107939,5.857808249010491
"2024-10-13 22:07:52.0000",7.07,70.02,5.098330497741699,3.3704451662408417,9.475357016405905
"2024-10-13 22:37:46.0000",6.84,70.45,5.651627540588379,3.418843138191333,8.618115190498493
"2024-10-13 23:08:08.0000",6.67,70.78,5.886407375335693,3.2220888334500337,8.894306356577879
"2024-10-13 23:37:37.0000",6.85,70.92,3.786895990371704,2.888681857753368,9.547303250743937
"2024-10-14 00:07:35.0000",6.97,71.04,3.770423412322998,2.818193629645652,10.002933122517735
"2024-10-14 01:07:40.0000",6.76,71.37,3.9485538005828857,2.557383339082549,9.867432544745098
"2024-10-14 01:37:59.0000",6.69,71.62,4.140085697174072,2.915617305502678,6.7627293202574945
"2024-10-14 02:07:30.0000",6.82,71.68,3.961876630783081,3.056060813653784,9.151520121331952
"2024-10-14 02:38:22.0000",6.78,71.82,3.213914155960083,2.6243890205315727,9.225461025567853
"2024-10-14 03:07:27.0000",6.25,72.34,2.219975709915161,2.168552799097063,6.597479392523896
"2024-10-14 03:37:26.0000",5.85,72.9,2.3539106845855713,2.487452688255477,8.565534150238516
"2024-10-14 04:07:51.0000",5.98,73.01,1.8492012023925781,1.8871313202033175,5.842078581615455
"2024-10-14 04:37:21.0000",6.15,72.84,2.5660579204559326,2.344506731997627,7.468005232259148
"2024-10-14 05:07:21.0000",5.91,73.15,1.8495838642120361,1.9543673643970536,7.305855766270136
"2024-10-14 05:37:18.0000",5.99,72.96,1.565674066543579,1.6866588411898653,4.140978867754681
"2024-10-14 06:07:37.0000",6.14,72.91,1.4604434967041016,1.8209442937204148,6.981275135801841
"2024-10-14 06:37:35.0000",6.18,72.79,1.4521068334579468,1.8416162748790927,3.9318631152152315
"2024-10-14 07:07:11.0000",6.17,72.76,1.198776125907898,1.4830502237639216,6.11868230178506
"2024-10-14 07:37:10.0000",6.52,72.79,1.2192431688308716,1.5942346830743737,5.964618382623797
"2024-10-14 08:07:03.0000",7.14,72.4,1.2262264490127563,1.7597410353388416,6.027565602481415
"2024-10-14 08:37:20.0000",7.67,71.96,1.1280937194824219,1.4518941993743344,6.27505444601264
"2024-10-14 09:37:02.0000",8.71,71.27,1.212206482887268,1.3911527257579839,7.026413982951073
"2024-10-14 10:07:00.0000",8.97,71.31,1.2330628633499146,1.4087069314112326,7.528913651077743
"2024-10-14 10:37:11.0000",9.86,70.79,1.4350769519805908,1.7196211521164602,6.099184298992193
"2024-10-14 11:08:02.0000",10.58,69.97,1.4904659986495972,1.6461194857943615,6.980586487077844
"2024-10-14 12:07:55.0000",12.28,68.78,2.3496029376983643,1.6452468204473802,6.066868228016042
"2024-10-14 12:37:05.0000",12.5,68.47,6.099184513092041,3.0855807239122552,9.519078076013106
"2024-10-14 13:07:13.0000",12.48,68.31,3.6337435245513916,2.327992140243868,7.524202263010214
"2024-10-14 13:36:57.0000",12.74,68.67,2.49491286277771,1.8993621719829452,6.06455153640778
"2024-10-14 14:06:57.0000",12.87,68.13,2.6794633865356445,1.9120690915415384,6.209717963861337
"2024-10-14 14:36:55.0000",12.33,68.48,2.469011068344116,1.8147729038400335,6.566864594529158
"2024-10-14 15:06:51.0000",11.91,68.58,2.920886516571045,1.9473296742628394,7.309241299935112
"2024-10-14 15:36:55.0000",11.55,69.02,3.962933301925659,1.8658014417459785,7.18079340004196
"2024-10-14 16:06:53.0000",11.34,69.24,4.192211151123047,2.1100025178587885,6.38162971560818
"2024-10-14 16:36:44.0000",10.93,69.5,4.594851016998291,2.1127343702806427,7.488248501502767
"2024-10-14 17:06:44.0000",10.51,69.96,5.100639820098877,2.2631838422690103,7.50554573518205
"2024-10-14 17:36:37.0000",10.23,70.37,5.282104015350342,2.54043602634124,8.28995286377313
"2024-10-14 18:06:33.0000",9.91,70.76,5.590264320373535,2.1332111796738604,7.793196356629673
"2024-10-14 18:36:28.0000",9.48,71.33,21.872032165527344,4.085522925966066,8.493823394972505
"2024-10-14 19:07:21.0000",9.27,71.81,18.953725814819336,3.0923086240140734,9.237667270982604
"2024-10-14 19:36:30.0000",9.26,72.02,9.744688034057617,3.632491200829536,8.125206076581643
"2024-10-14 20:06:25.0000",9.31,72.37,27.815914154052734,4.068086147990896,6.638411792791001
"2024-10-14 20:36:24.0000",9.37,72.61,54.25361251831055,4.365737913158678,6.499626904561788
"2024-10-14 21:36:29.0000",10.7,70.31,10.12236499786377,3.7241516170503766,7.576458083328135
"2024-10-14 22:06:13.0000",9.75,72.75,11.96943473815918,4.405205523205452,8.926575664759229
"2024-10-14 22:36:13.0000",9.69,73.24,13.41396713256836,4.718946675842707,8.553445857022679
"2024-10-14 23:06:36.0000",9.74,73.54,12.112598419189453,4.373627132571156,9.735276167119787
"2024-10-15 00:06:40.0000",9.88,73.89,9.532753944396973,3.863222897157168,9.612617017422123
"2024-10-15 00:36:05.0000",9.91,74.07,8.40246295928955,3.4632113748556184,6.375720644360639
"2024-10-15 01:06:56.0000",9.85,74.31,7.604134559631348,3.259650550500534,8.355239805585981
"2024-10-15 01:36:03.0000",9.93,74.26,7.3220953941345215,3.165157073645557,7.629092170290361
"2024-10-15 02:06:30.0000",9.91,74.44,9.435717582702637,3.7416793054969277,7.764052676899116
"2024-10-15 02:36:30.0000",9.88,74.54,13.534843444824219,4.843492819637969,7.766394177458353
"2024-10-15 03:05:58.0000",9.79,74.71,16.51930809020996,5.8195874177503315,9.237918672902723
"2024-10-15 03:35:52.0000",9.64,75.02,17.02789306640625,6.111383298106954,9.465248122047893
"2024-10-15 04:05:54.0000",9.57,75.27,17.19213104248047,6.124266670606736,7.569448951218624
"2024-10-15 04:35:46.0000",9.5,75.46,18.80246925354004,6.507849265154791,9.967520396069304
"2024-10-15 05:05:46.0000",9.4,75.7,19.143686294555664,6.866340765329231,8.267664518491227
"2024-10-15 05:36:08.0000",9.36,75.87,21.126291275024414,7.561407559166493,10.251987385573516
"2024-10-15 06:05:37.0000",9.07,76.32,27.98813819885254,10.458427492991712,12.469411736628208
"2024-10-15 06:35:36.0000",8.94,76.7,32.944053649902344,13.49790958987333,14.452216049665852
"2024-10-15 07:06:00.0000",9,76.8,32.4578857421875,13.098748854014062,16.351510498561417
"2024-10-15 08:05:45.0000",10.75,74.29,29.31182289123535,11.812278256981456,14.792932441885043
"2024-10-15 08:35:34.0000",10.15,76.88,28.829618453979492,13.385864338515436,17.74580195736122
"2024-10-15 09:05:34.0000",10.58,77.04,25.54023551940918,11.265322712376589,15.03743198753126
"2024-10-15 10:05:36.0000",11.52,76.91,22.06787872314453,9.166989362225271,13.361058131281842
"2024-10-15 10:35:29.0000",11.57,76.74,24.538986206054688,10.898372477874387,13.534379303832017
"2024-10-15 11:05:24.0000",12.23,77.07,20.920120239257812,8.73016681755515,11.727313747019117
"2024-10-15 11:35:38.0000",13.75,76.02,16.664981842041016,6.657765914746131,9.560401492740636
"2024-10-15 12:05:27.0000",15.25,74.9,13.320610046386719,5.007664914333806,7.964433913998348
"2024-10-15 12:35:36.0000",14.29,75.18,13.088375091552734,5.021994285311946,8.180226779293017
"2024-10-15 15:05:32.0000",12.2,77.36,29.991241455078125,13.272337307563891,18.254182609189275
"2024-10-15 16:35:14.0000",12.78,77.74,28.67901611328125,13.023543254201634,17.575731088167405
"2024-10-15 17:35:08.0000",13.14,77.9,31.769594192504883,14.686238755637667,19.89378529386541
"2024-10-15 18:05:06.0000",13.22,78.3,29.29767608642578,13.01161012458707,21.12699180399149
"2024-10-15 18:35:04.0000",13.36,78.43,24.06585121154785,10.164865073463387,14.717107031317257
"2024-10-15 19:35:02.0000",13.27,78.81,21.53072738647461,9.16429795995804,13.947333958670557
"2024-10-15 20:04:58.0000",13.4,78.76,22.451189041137695,9.70861260423663,12.311115542246489
"2024-10-15 20:35:25.0000",13.22,78.94,22.72381591796875,9.397835695698198,13.882641569430136
"2024-10-15 21:04:53.0000",13.1,79.27,21.504487991333008,9.000999077715665,14.081741420156433
"2024-10-15 21:34:59.0000",12.9,79.4,21.833356857299805,8.52047440082147,13.500062327444002
"2024-10-15 22:04:50.0000",12.84,79.63,16.735939025878906,6.523349010296424,11.609751211789153
"2024-10-15 22:34:43.0000",12.67,79.75,17.21921157836914,6.557432548979906,10.357907739473822
"2024-10-15 23:05:00.0000",12.09,80.63,22.38344383239746,8.254560524346594,13.710416769514055
"2024-10-15 23:34:58.0000",11.83,80.83,37.13454818725586,16.136701598911703,17.6592334563475
"2024-10-16 00:04:40.0000",11.75,80.96,42.48729705810547,22.29261725189858,28.573235334007855
"2024-10-16 00:34:45.0000",11.72,81.14,32.58769607543945,16.920475140443962,22.717774129183873
"2024-10-16 01:04:47.0000",11.77,81.28,22.24114990234375,10.75696183700493,15.331505695253233
"2024-10-16 01:34:40.0000",11.9,81.44,15.335676193237305,7.857668733172095,12.985405151232566
"2024-10-16 02:04:33.0000",12.08,81.71,28.987777709960938,16.784285639707,24.70514182674627
"2024-10-16 02:34:27.0000",12.3,81.92,51.57925796508789,33.74087148613334,51.09916984798222
"2024-10-16 03:34:36.0000",12.9,82.17,67.91641998291016,41.687219138606594,60.05622251582222
"2024-10-16 04:04:36.0000",13.15,82.26,74.19947052001953,45.16462359948776,65.72315073114008
"2024-10-16 04:34:51.0000",13.41,82.4,69.51103210449219,41.05858608906819,59.73160568192773
"2024-10-16 05:35:09.0000",13.77,82.79,64.51653289794922,35.89414570101116,43.80201197009629
"2024-10-16 06:34:24.0000",14.09,83.02,49.092506408691406,24.543911562300362,30.04513127939588
"2024-10-16 07:34:37.0000",14.36,83.46,39.20991897583008,19.203419015328336,25.79590562970891
"2024-10-16 08:04:28.0000",15.3,81.27,38.53702926635742,19.984640704203457,29.00749237858873
"2024-10-16 09:04:13.0000",14.29,83.99,59.9312744140625,34.87062966026639,54.026454541328604
"2024-10-16 09:35:03.0000",14.2,84.3,38.954063415527344,21.76211796497816,32.31975853036931
"2024-10-16 10:35:22.0000",15.53,81.66,43.94369888305664,24.169859813031454,38.45842392574611
"2024-10-16 11:04:09.0000",14.69,84.03,44.26585006713867,24.831435480623863,38.38660750747424
"2024-10-16 12:04:39.0000",14.41,84.42,50.41811752319336,28.753553489725803,43.383022867228696
"2024-10-16 12:34:13.0000",14.36,84.62,45.17049789428711,28.79612704470806,52.29342923431939
"2024-10-16 13:03:56.0000",14.24,84.74,33.77023696899414,19.043034953969812,33.830912793079406
"2024-10-16 13:33:59.0000",14.19,84.93,24.4095458984375,13.632899383482084,23.53533683258902
"2024-10-16 14:03:49.0000",14.31,85.13,24.66526222229004,13.813698653088668,25.7076717461772
"2024-10-16 14:33:52.0000",14.52,85.31,17.026277542114258,8.351349404567223,15.271989861083144
"2024-10-16 15:04:05.0000",14.77,85.42,13.136100769042969,5.7280021860298795,10.948001351349609
"2024-10-16 15:33:46.0000",14.74,85.37,16.03496551513672,6.626950281862828,12.44489082650791
"2024-10-16 16:03:46.0000",14.62,85.67,12.398144721984863,5.315088006197538,10.845949134426563
"2024-10-16 16:33:51.0000",14.66,85.75,19.155296325683594,8.568713067337551,12.955281751578912
"2024-10-16 17:04:39.0000",14.64,85.88,20.005840301513672,8.185604411244562,13.290841394094368
"2024-10-16 17:34:10.0000",14.39,85.86,8.848631858825684,4.318127496721008,8.68294400968896
"2024-10-16 18:03:33.0000",14.22,86.25,11.930384635925293,5.849373384889288,10.966484346883519
"2024-10-16 18:33:37.0000",14.34,86.21,11.146539688110352,5.577996988061532,10.326438234927961
"2024-10-16 19:03:39.0000",14.28,86.38,11.199207305908203,5.577163682478752,11.300252863544051
"2024-10-16 19:33:33.0000",14.21,86.56,9.557642936706543,5.032939390685737,9.606588804086986
"2024-10-16 20:03:28.0000",14.08,86.7,1.8350456953048706,1.488870673429719,5.170895597595434
"2024-10-16 20:33:25.0000",13.93,86.9,1.094099998474121,1.2013127731126367,4.846347349990694
"2024-10-16 21:03:56.0000",13.84,86.97,1.1141538619995117,1.2319894585164044,4.209017907985746
"2024-10-16 21:33:38.0000",13.6,87,0.2417004555463791,0.9251998341984706,4.641782864339826
"2024-10-16 22:03:26.0000",13.6,87.04,0.6092254519462585,0.9994244435161209,4.999428152883539
"2024-10-16 22:33:19.0000",13.6,87.18,0.36336416006088257,0.9930127590806676,4.716370856097304
"2024-10-16 23:04:10.0000",13.84,87.31,1.3163031339645386,1.3357691664850317,4.872967562984626
"2024-10-16 23:33:37.0000",13.84,87.19,0.3950510621070862,0.9901040112788888,4.523642685096887
"2024-10-17 00:03:08.0000",13.72,87.4,0.728181004524231,1.0654311176901226,4.729657979543525
"2024-10-17 00:33:05.0000",13.78,87.51,0.30932921171188354,0.9731056077925161,4.703610487614554
"2024-10-17 01:33:09.0000",13.58,87.51,0.5139382481575012,1.0434794850703235,4.574977026578177
"2024-10-17 02:03:35.0000",11.73,88.44,1.1192994117736816,1.4256721260262797,6.196019510780587
"2024-10-17 02:33:01.0000",11.32,88.73,0.23631097376346588,0.9500694886428305,5.547068871956092
"2024-10-17 03:32:53.0000",10.39,88.97,0.7619748115539551,1.1758042139766958,4.55041896687074
"2024-10-17 04:02:47.0000",10.06,88.82,0.601085901260376,1.126276008358365,4.825250512012227
"2024-10-17 04:32:44.0000",9.5,88.94,0.1931988149881363,0.9762074383067699,4.788489589450037
"2024-10-17 05:32:51.0000",9.39,89.22,2.3225510120391846,1.9787393148472203,6.1160446260432115
"2024-10-17 06:02:41.0000",9.4,89.06,0.7526745200157166,1.2582756214725546,5.089039603905651
"2024-10-17 06:32:35.0000",9.29,89.35,2.224297046661377,1.7842905877453996,4.148055216021253
"2024-10-17 07:02:54.0000",9.2,89.5,1.6798402070999146,1.5283474762444762,4.9477638073888075
"2024-10-17 07:32:35.0000",9.51,89.61,3.5510201454162598,2.386998393694981,6.468998062428694
"2024-10-17 08:02:28.0000",10.04,89.19,2.5282344818115234,1.832814789728802,5.221562387032872
"2024-10-17 08:32:33.0000",10.65,88.83,1.304113507270813,1.6173020263720876,3.8126590922990653
"2024-10-17 09:32:37.0000",15.59,84.73,0.6570749282836914,1.1360167577519267,5.191228392485435
"2024-10-17 11:03:01.0000",15,86.6,1.1276147365570068,1.6974940850333229,5.386911601895169
"2024-10-17 11:32:55.0000",17.99,83.65,2.0502028465270996,2.546211870490015,9.66886956321327
"2024-10-17 12:02:33.0000",17.95,82.73,2.092442750930786,2.446962758408032,8.607213276238568
"2024-10-17 13:02:59.0000",24.34,76.72,1.647746205329895,1.994531231091199,10.104967035973216
"2024-10-17 13:33:07.0000",23.19,75.87,1.3601040840148926,1.8570504897717273,7.299347075846247
"2024-10-17 14:02:42.0000",22.5,75.89,1.3039201498031616,1.9134190363219161,7.12536959074431
"2024-10-17 14:32:33.0000",20.87,75.26,1.44090735912323,1.9388480799338068,6.877547632485673
"2024-10-17 15:02:47.0000",16.63,77.13,1.5384937524795532,1.963552549447229,7.526229211564113
"2024-10-17 15:32:45.0000",15.68,77.28,1.739391565322876,2.218933509527059,9.347492268867642
"2024-10-17 16:33:06.0000",15.53,75.99,1.9400885105133057,2.392974587975219,8.436043492246492
"2024-10-17 17:02:09.0000",14.7,76.01,1.9657055139541626,2.2003170711748874,9.526062076288897
"2024-10-17 17:32:09.0000",14.36,76.33,1.8709204196929932,2.107582568791313,11.473706919016964
"2024-10-17 18:02:05.0000",12.97,76.74,1.0443326234817505,1.670621758673237,7.33158717291978
"2024-10-17 18:31:54.0000",11.73,78.08,1.5200475454330444,1.825208547363571,7.173745726479816
"2024-10-17 19:01:51.0000",11.01,78.74,1.4884717464447021,2.0094919423467905,8.386677138094214
"2024-10-17 19:31:49.0000",10.8,78.95,3.20672869682312,2.7931220488619375,9.195946267282354
"2024-10-17 20:01:50.0000",9.95,79.45,5.677067279815674,3.8498859902428166,10.038770079919441
"2024-10-17 20:31:43.0000",9.9,79.57,3.494687795639038,2.8011352623343906,9.002309372042848
"2024-10-17 21:01:37.0000",9.51,79.92,3.5527946949005127,2.571509392881089,8.50239934978567
"2024-10-17 21:31:35.0000",9.14,80.38,3.599482536315918,2.799703449994687,5.819688814435401
"2024-10-17 22:01:39.0000",8.96,80.54,3.3322274684906006,2.8937577594339343,7.26116307996076
"2024-10-17 22:31:29.0000",8.88,81,3.099666118621826,2.7657689081369203,5.817235525748785
"2024-10-17 23:01:26.0000",8.71,81.08,3.621898889541626,2.9967188714592936,6.266394523351916
"2024-10-17 23:31:36.0000",8.37,81.33,5.414192199707031,3.196962500799072,6.661338194457993
"2024-10-18 00:01:22.0000",8.1,81.73,4.312136650085449,2.967307641194152,5.901910758598131
"2024-10-18 00:31:16.0000",8.22,81.94,4.624135494232178,3.256917731070452,7.044604950135103
"2024-10-18 01:01:14.0000",8.82,81.74,6.495920181274414,3.69601083965959,6.6481880228609125
"2024-10-18 02:01:10.0000",8.03,82.02,6.040974140167236,3.5588289853876995,2.068342033510279
"2024-10-18 02:31:08.0000",7.65,82.48,6.391353607177734,3.2956975646489473,6.218257773592561
"2024-10-18 03:01:05.0000",7.6,82.67,8.453413009643555,4.171124794023569,5.9541126543406895
"2024-10-18 03:31:01.0000",7.3,82.82,7.840548038482666,3.9548018821464073,7.230260073704581
"2024-10-18 04:30:58.0000",7.14,82.87,8.483351707458496,4.259810415338071,4.995183610593473
"2024-10-18 05:01:03.0000",7.13,83.29,9.11938762664795,4.532687990344816,3.1191839673157253
"2024-10-18 06:01:05.0000",7.14,83.45,11.536479949951172,5.408846510276345,5.478240811395871
"2024-10-18 06:30:56.0000",7.06,83.68,10.471872329711914,4.981448392690777,4.697461847014676
"2024-10-18 07:00:55.0000",7.17,83.96,9.909390449523926,4.399848558458301,8.07897523610526
"2024-10-18 07:30:53.0000",7.95,84.15,6.449527740478516,3.6948543188418856,6.6213652237965634
"2024-10-18 08:00:48.0000",8.64,84.16,3.9719295501708984,2.540603788596054,7.907454623963475
"2024-10-18 08:30:53.0000",9.2,84.1,2.688527822494507,1.8976671443591258,8.717102806027333
"2024-10-18 09:00:48.0000",9.69,84.41,2.3570921421051025,2.311052321811369,6.651685453169563
"2024-10-18 09:30:50.0000",13.62,81.74,1.303618311882019,1.7934839906464137,5.815589790812415
"2024-10-18 10:00:51.0000",14.88,79.83,1.3485605716705322,1.894350594316306,6.999258492545104
"2024-10-18 10:31:51.0000",15.02,76.68,1.4896390438079834,1.931344961753612,7.398273298471646
"2024-10-18 11:00:54.0000",15.56,81.04,1.2683669328689575,1.9415034860029785,5.355736167505978
"2024-10-18 11:31:06.0000",19.01,77.46,1.2676011323928833,1.7182942188810562,7.1412243906926385
"2024-10-18 12:30:44.0000",15.13,76.34,1.6120494604110718,2.10755807281341,7.716610381729684
"2024-10-18 13:01:11.0000",14.35,76.71,1.5572643280029297,1.9253581034232612,7.075791260400912
"2024-10-18 13:30:43.0000",13.97,76.54,1.4999793767929077,1.794742474739499,8.318634042164728
"2024-10-18 14:00:44.0000",13.33,76.46,1.5573015213012695,2.192120288258832,5.951173256582242
"2024-10-18 14:30:33.0000",13.03,76.94,1.4451394081115723,1.780317870579833,6.597514150207087
"2024-10-18 15:00:32.0000",13.47,76.93,2.900184392929077,2.8276264358044063,8.101752930324643
"2024-10-18 15:30:34.0000",13.27,76.7,1.4223493337631226,1.9376727706519228,5.620631993222895
"2024-10-18 16:30:36.0000",13.33,76.63,1.5143749713897705,1.8927618789358078,6.636971313414792
"2024-10-18 17:00:24.0000",13.2,76.89,1.5972009897232056,1.9448156165726724,8.484454911083487
"2024-10-18 17:30:21.0000",13.05,77.17,2.194772243499756,2.348848670861127,7.17639256661664
"2024-10-18 18:00:23.0000",12.88,77.48,1.742352843284607,1.9014139934223226,6.013940145223276
"2024-10-18 18:30:19.0000",12.75,77.86,2.325981855392456,1.921698432773523,9.823618560625787
"2024-10-18 19:00:14.0000",12.75,78.19,2.3544907569885254,2.2676112500760786,10.101478710935448
"2024-10-18 19:30:16.0000",12.79,78.22,2.7703168392181396,1.9802857494717883,8.208564824071193
"2024-10-18 20:00:18.0000",12.6,78.64,2.4155702590942383,2.330208272948772,9.75359553715275
"2024-10-18 20:30:12.0000",12.9,78.79,3.875666856765747,2.9075229729921497,8.493760313271078
"2024-10-18 21:30:06.0000",12.9,79.16,3.2225964069366455,2.6607536908436993,9.018959669269126
"2024-10-18 21:59:59.0000",13.02,79.54,3.798912525177002,2.424792994265089,8.133489476444815
"2024-10-18 22:29:57.0000",13.14,79.49,4.5843353271484375,2.665358678442228,7.0544432608234935
"2024-10-18 23:00:26.0000",11.91,80.6,1.0228875875473022,1.4435267249937147,4.611637347391435
"2024-10-19 00:29:54.0000",11.24,81.43,2.1442198753356934,1.753185754128089,4.583751297013641
"2024-10-19 01:29:49.0000",11.25,81.81,6.753750801086426,3.427665661110221,5.429635756360553
"2024-10-19 01:59:46.0000",11.25,82.05,5.425844669342041,3.0664446076339615,5.742206500342144
"2024-10-19 02:29:38.0000",11.22,82.29,7.141662120819092,3.661224626638404,6.442824376289987
"2024-10-19 02:59:36.0000",11.32,82.54,14.226072311401367,7.212646382855523,8.60248076958517
"2024-10-19 03:29:33.0000",11.39,82.64,12.793350219726562,6.563753261668975,9.906269279852049
"2024-10-19 03:59:46.0000",11.29,82.85,20.856292724609375,11.15210746517812,16.16099285093885
"2024-10-19 04:59:32.0000",11.2,83.07,23.660993576049805,13.880523399674114,18.119934894203357
"2024-10-19 05:29:21.0000",10.89,83.51,23.312524795532227,13.664363541481265,20.291879711562466
"2024-10-19 05:59:19.0000",10.87,83.62,18.249317169189453,9.30197736177064,15.545027443418405
"2024-10-19 06:29:16.0000",10.64,83.77,10.062552452087402,4.461227543477378,6.058856092292586
"2024-10-19 07:29:21.0000",10.42,84.12,17.055025100708008,3.1193564561393616,3.770465898719504
"2024-10-19 07:59:19.0000",10.67,84.26,5.794703006744385,3.516549418267239,-2.598590496496062
"2024-10-19 08:29:14.0000",10.97,84.42,5.796418190002441,3.6026960942921686,7.25508360554992
"2024-10-19 08:59:13.0000",11.12,84.51,4.60223913192749,2.928987461675119,4.174406702148389
"2024-10-19 09:29:10.0000",14.77,82.61,3.3599462509155273,3.2464328591286296,11.910973211851116
"2024-10-19 09:59:19.0000",19.3,75.52,3.214660406112671,3.4673021876092394,15.458870783281862
"2024-10-19 10:29:13.0000",21.45,71.98,3.314584970474243,3.6066928888493206,12.344509866976784
"2024-10-19 10:59:16.0000",22.88,69.25,3.2027008533477783,3.6538838968963447,11.055221516313066
"2024-10-19 11:59:20.0000",23.84,67.65,3.808058977127075,4.072319330326382,11.445083747823874
"2024-10-19 12:29:12.0000",23.9,68.38,3.831666946411133,3.2756739214370025,9.071483017698483
"2024-10-19 12:59:18.0000",22.46,69.77,3.8011181354522705,3.529831155652971,14.210065240040006
"2024-10-19 13:29:10.0000",22.79,72.21,3.3554487228393555,3.2400521726232014,11.493153534856852
"2024-10-19 13:59:07.0000",22.09,72.36,3.5047662258148193,3.4973109204935287,12.145821584626153
"2024-10-19 14:28:58.0000",19.88,75.01,3.706282138824463,3.7957156401505645,11.368212217469072
"2024-10-19 14:58:57.0000",18.31,74.19,3.1265323162078857,2.874932815468309,11.44862983481734
"2024-10-19 15:28:48.0000",16.67,74.48,2.976165771484375,3.3513361387063085,10.595639786258022
"2024-10-19 15:58:41.0000",14.81,75.89,3.084742546081543,3.301716998262732,8.69935905293767
"2024-10-19 16:28:40.0000",13.52,75.17,3.116818904876709,2.986173555945385,10.003233548142097
"2024-10-19 16:58:35.0000",11.8,75.74,3.0024852752685547,3.170878696885827,8.769479011473742
"2024-10-19 17:28:30.0000",10.14,76.45,3.8130123615264893,3.704359445776723,7.248764959106733
"2024-10-19 17:58:25.0000",9.4,77.09,9.04157829284668,4.910147510820067,13.314875746400965
"2024-10-19 18:28:19.0000",9.24,77.1,5.458906650543213,4.138274045888882,9.39518712780694
"2024-10-19 18:58:17.0000",9.01,77.22,5.722632884979248,4.184364702264353,7.88277181581301
"2024-10-19 19:28:13.0000",9.04,77.5,3.647977828979492,3.4299062895272354,11.21456194775112
"2024-10-19 19:58:11.0000",9.29,77.18,4.656377792358398,3.6746137157602017,13.58688200328749
"2024-10-19 20:28:07.0000",9.04,77.43,4.853335380554199,3.7857874479046627,9.943263648316929
"2024-10-19 20:58:05.0000",8.92,77.63,6.315162658691406,4.200898322109287,12.135675560686689
"2024-10-19 21:28:01.0000",8.78,77.84,6.086864471435547,4.397760076812508,12.003471332282247
"2024-10-19 21:57:59.0000",8.5,78.21,4.2981953620910645,3.605676436801487,9.503410083423296
"2024-10-19 22:58:09.0000",9.17,78.24,3.7093498706817627,3.735052509704661,7.499975924657855
"2024-10-19 23:27:56.0000",9.23,78.48,3.6949551105499268,3.289117434445481,8.674845961687907
"2024-10-20 00:27:55.0000",9.55,78.62,4.163371562957764,4.355434195164055,9.581046796245898
"2024-10-20 01:27:52.0000",9.32,79.46,4.051752090454102,4.033543213770544,12.645318396621525
"2024-10-20 01:57:51.0000",9.92,79.16,4.343293190002441,4.305480081450068,12.370387989388215
"2024-10-20 02:27:46.0000",10.03,79.32,4.642868518829346,4.2738923668096955,15.758569003375962
"2024-10-20 02:57:47.0000",10.09,79.47,4.651951313018799,4.15269576473874,12.721536763428134
"2024-10-20 03:27:44.0000",10.45,79.43,4.718990325927734,4.294307645194836,16.115928342712923
"2024-10-20 03:57:37.0000",10.54,79.47,4.383279323577881,3.7548814050558095,11.652750115562142
"2024-10-20 04:27:42.0000",10.49,79.68,4.398956775665283,3.899524280330785,9.89265831046483
"2024-10-20 04:57:37.0000",10.7,79.73,4.373152256011963,3.7589703350928914,16.875709181738454
"2024-10-20 05:27:32.0000",11.02,79.78,4.387264251708984,4.238625994246794,16.689122581784236
"2024-10-20 05:57:35.0000",11.32,79.82,4.537745475769043,4.62078883687442,15.201593722364926
"2024-10-20 06:27:29.0000",11.53,79.64,4.627467155456543,4.245325240866612,15.911773464701636
"2024-10-20 06:57:26.0000",11.89,79.76,4.193751335144043,4.473905869462263,13.13838289432976
"2024-10-20 07:27:30.0000",11.62,80.05,3.557790994644165,3.7547667189192837,10.253108164840143
"2024-10-20 08:27:20.0000",12.22,80.24,2.9143378734588623,3.1147904583551425,11.249191956323628
"2024-10-20 08:57:20.0000",12.5,80.3,1.707093596458435,2.3133684229903864,6.9887113144898665
"2024-10-20 09:27:34.0000",12.86,80.62,1.7276884317398071,1.9072224173362349,8.92033389808227
"2024-10-20 09:57:13.0000",13.18,80.45,1.4462414979934692,1.7333364948133232,6.900069628019826
"2024-10-20 10:57:16.0000",13.04,81.67,0.764924943447113,1.3389497030373487,6.365213155313633
"2024-10-20 11:27:22.0000",17.22,79.68,1.9541677236557007,2.282424958000793,11.010907681393794
"2024-10-20 11:57:14.0000",19.2,77.44,3.951714277267456,4.006301915434999,13.784343220757576
"2024-10-20 12:27:20.0000",21.35,74.01,3.628058910369873,3.808674637605288,13.473344949775342
"2024-10-20 12:57:15.0000",21.03,71.42,4.026983737945557,3.798512842117197,14.739108629028307
"2024-10-20 13:27:20.0000",20.19,65.86,3.8929443359375,3.4380412444357114,12.095848186263003
"2024-10-20 13:57:05.0000",19.01,64.74,4.253763198852539,3.918901658667857,15.314740831698487
"2024-10-20 14:27:09.0000",17.59,63.23,4.047203540802002,3.8719257790257893,11.410212157602071
"2024-10-20 14:57:08.0000",17.05,61.89,5.166042327880859,4.7297009237327226,16.691687499625512
"2024-10-20 15:27:05.0000",15.9,61.66,5.64151668548584,5.014418656937934,15.071600002633033
"2024-10-20 15:57:06.0000",14.95,61.96,5.511590957641602,5.212452255210353,14.397925165914431
"2024-10-20 16:26:50.0000",14.32,62.44,6.061272144317627,5.34983527456399,19.88604323243707
"2024-10-20 16:56:45.0000",13.72,62.67,6.308297157287598,5.76205637263566,18.10088771800955
"2024-10-20 17:26:53.0000",13.21,63.6,7.129171848297119,6.580890154724662,22.129202158445146
"2024-10-20 17:56:37.0000",13.05,64.13,7.043712139129639,6.515325756793551,16.429299772414907
"2024-10-20 18:26:34.0000",13.05,64.47,7.0460944175720215,6.917241130559596,19.107573277700546
"2024-10-20 18:56:42.0000",13.15,64.84,7.328865051269531,5.976874561806521,21.177015089410013
"2024-10-20 19:26:31.0000",13.37,64.63,6.737227916717529,6.225402943820946,17.954424915753876
"2024-10-20 19:56:27.0000",13.31,64.56,6.625094413757324,6.106809620772084,16.50976379924368
"2024-10-20 20:26:23.0000",13.29,64.67,7.210312843322754,6.546951575531752,19.776550303238476
"2024-10-20 20:56:34.0000",13.23,64.86,7.104197025299072,6.395333528706246,19.99818463319582
"2024-10-20 21:26:40.0000",12.99,65.16,7.884474277496338,7.079556902380665,24.327951252392925
"2024-10-20 21:56:22.0000",12.58,66.01,6.897822856903076,6.353759909656786,19.924148183166963
"2024-10-20 22:26:18.0000",12.14,67.31,6.8916707038879395,6.203581948809173,21.368258378314096
"2024-10-20 22:56:17.0000",11.99,68.25,7.49442195892334,7.146668429281293,22.786099751425823
"2024-10-20 23:26:13.0000",11.86,69.01,5.420719146728516,4.771092995773948,20.347188225053312
"2024-10-20 23:56:08.0000",11.95,69.33,5.313018798828125,5.399262903140595,14.206108753464507
"2024-10-21 00:26:07.0000",11.91,69.93,4.8410258293151855,4.554792935356312,13.724219074474076
"2024-10-21 01:26:32.0000",12,70.36,3.9813501834869385,3.81441413361314,14.027131923813851
"2024-10-21 01:56:23.0000",11.91,70.57,3.690136432647705,3.5949954071430943,11.932924598523304
"2024-10-21 02:25:59.0000",11.52,71.17,2.872297525405884,2.95220764169113,10.136114149494373
"2024-10-21 02:55:55.0000",11.38,71.46,3.1927456855773926,3.029229940140089,12.481969742698265
"2024-10-21 03:25:55.0000",11.4,71.59,2.898939371109009,2.921953297405586,9.274436698638894
"2024-10-21 03:55:51.0000",11.66,71.57,2.452913999557495,2.69993435352486,8.29518620534407
"2024-10-21 04:25:49.0000",11.27,71.68,2.031479597091675,2.289422096227556,8.898147435227589
"2024-10-21 04:55:40.0000",10.87,72.01,2.103147506713867,2.3046845149559267,7.976517291800243
"2024-10-21 05:25:43.0000",10.79,72.11,2.6132938861846924,2.871821096835765,9.639512539893566
"2024-10-21 05:55:41.0000",10.47,72.38,3.0388290882110596,3.42837594433463,10.257656096261089
"2024-10-21 06:25:36.0000",10.4,72.46,3.4446663856506348,3.7548441564846553,12.583196495677836
"2024-10-21 06:55:38.0000",10.39,72.46,3.4590957164764404,3.5780181485843774,8.776948179733097
"2024-10-21 07:25:30.0000",10.53,72.55,3.6965837478637695,3.5188331770917918,11.9817537888971
"2024-10-21 07:55:38.0000",10.93,72.44,2.9322738647460938,3.0887682920645134,10.66408848773613
"2024-10-21 08:25:28.0000",11.33,72.08,2.6837613582611084,2.9363174055043455,10.650868709225787
"2024-10-21 08:55:23.0000",11.78,71.88,2.6707844734191895,2.92080843340593,9.401816868970155
"2024-10-21 09:25:24.0000",12.55,71.25,3.1151022911071777,3.307173651692064,12.08492721826651
"2024-10-21 09:55:23.0000",13.67,70.12,3.2000460624694824,3.0715603105758356,12.114658940214017
"2024-10-21 10:25:18.0000",13.18,70.47,3.9598944187164307,4.1645184483669055,13.264895257797006
"2024-10-21 10:55:15.0000",13.97,70.32,3.4019336700439453,3.628384558181672,9.357953376989245
"2024-10-21 11:25:27.0000",15.56,69.41,3.787233829498291,3.9203030062174435,12.6847267062194
"2024-10-21 11:55:26.0000",16.79,69.75,3.362527847290039,3.6940313366483664,10.596381151046534
"2024-10-21 12:25:35.0000",19.23,66.14,3.446262836456299,3.5239064207971635,13.155317590467389
"2024-10-21 12:55:18.0000",15.64,65.77,3.4736955165863037,3.3139774610770827,8.758801652057386
"2024-10-21 13:25:12.0000",14.68,68.25,3.1547460556030273,3.680590592142856,10.17091026761161
"2024-10-21 13:55:08.0000",14.92,67.06,3.140625476837158,2.7905424874065594,12.712875785979927
"2024-10-21 14:25:11.0000",15.54,66.79,2.6195318698883057,3.020484170806487,9.596277920650381
"2024-10-21 14:55:14.0000",16.28,66.19,2.496817111968994,2.7393672199729338,8.374212946413056
"2024-10-21 15:25:14.0000",15.62,64.73,2.207822561264038,2.2442710599136477,8.952936406644733
"2024-10-21 15:55:07.0000",13.7,65.81,2.410998821258545,2.6491397303222586,11.263896125727138
"2024-10-21 16:25:03.0000",12.57,66.68,2.8947362899780273,3.43193752876358,10.355143134831312
"2024-10-21 17:25:05.0000",10.95,68.05,3.0758912563323975,3.020472402513008,11.632488559867996
"2024-10-21 17:54:50.0000",10.23,69.06,3.0532662868499756,3.021738925569619,7.6163591539772675
"2024-10-21 18:24:46.0000",9.98,69.57,2.9136250019073486,2.8283851770251602,10.0375004229233
"2024-10-21 18:54:43.0000",9.57,70.13,2.9478397369384766,2.9190789661868153,10.647298477264536
"2024-10-21 19:24:38.0000",9.29,70.51,3.461178779602051,3.246893682752068,10.82224740148293
"2024-10-21 19:54:42.0000",9.45,71.2,3.1081697940826416,3.364954783665709,10.114458325578408
"2024-10-21 20:24:43.0000",10.07,70.71,10.775310516357422,3.265492366210313,8.022234185855682
"2024-10-21 20:54:35.0000",9.88,70.98,2.82389497756958,2.7496203593807027,8.44262683858208
"2024-10-21 21:24:31.0000",10.19,71.22,2.948725700378418,3.0619728458861246,12.072411728398189
"2024-10-21 21:54:39.0000",10.15,71.32,2.7814137935638428,2.8677693467525573,10.81727849287296
"2024-10-21 22:54:29.0000",9.65,71.88,3.6233863830566406,3.3356905283364577,11.330049777383936
"2024-10-21 23:24:25.0000",9.65,72.35,2.677274465560913,2.6709141401491414,8.17859789219144
"2024-10-21 23:54:20.0000",9.58,72.93,2.661816120147705,2.9350235754357534,7.643599270675884
"2024-10-22 00:24:25.0000",10.2,72.86,2.788111925125122,2.599240517675284,11.349124616234732
"2024-10-22 00:54:15.0000",10.53,72.77,2.907341480255127,3.0271004688900636,10.533686008556968
"2024-10-22 01:24:20.0000",10.75,72.72,2.4690325260162354,2.9705071775492797,7.118962175464534
"2024-10-22 01:54:09.0000",10.13,73.51,2.0933988094329834,2.363473682755422,7.938149261192793
"2024-10-22 02:24:06.0000",10.23,73.8,2.2438225746154785,2.6014434163758073,8.947563255978674
"2024-10-22 02:54:08.0000",10.76,73.69,2.0711851119995117,2.425323412179503,7.934889542311978
"2024-10-22 03:24:05.0000",10.83,73.69,2.072361469268799,2.3338993572245332,8.475438577690898
"2024-10-22 03:53:59.0000",10.51,74.14,1.8953301906585693,2.570759386340665,7.904593989283121
"2024-10-22 04:23:59.0000",10.08,74.86,1.3616458177566528,1.938320759342139,7.010748890750579
"2024-10-22 04:53:52.0000",10.05,74.97,1.244446039199829,1.8314120245334078,6.4735172336761435
"2024-10-22 05:23:49.0000",9.79,75.02,1.3521299362182617,1.811367921188903,7.544547837346167
"2024-10-22 05:53:49.0000",9.23,75.84,1.1774441003799438,1.7525415218026867,6.1934992995614495
"2024-10-22 06:53:41.0000",8.43,76.38,3.538989543914795,2.6542199609445385,7.858492975558883
"2024-10-22 07:23:40.0000",8.4,76.66,1.5702439546585083,2.154248452425052,7.082158242418742
"2024-10-22 07:53:47.0000",8.76,76.79,2.0522408485412598,2.1894524723686883,5.751636574733295
"2024-10-22 08:23:37.0000",9.64,76.78,2.0117201805114746,1.631930831983013,7.638588357744671
"2024-10-22 08:53:34.0000",11.61,75.91,2.103196620941162,2.17921627839106,9.04968057055934
"2024-10-22 09:23:41.0000",14.02,73.67,2.142566680908203,2.0467677181534816,9.252551346162857
"2024-10-22 09:53:46.0000",16.72,72.14,1.9400373697280884,2.1949760589436043,10.075148542365858
"2024-10-22 10:23:50.0000",20.76,69.45,1.6955925226211548,2.1766884098092745,8.082171545703652
"2024-10-22 10:53:43.0000",19.83,71.25,1.711441159248352,2.3624415759406414,7.45220405932037
"2024-10-22 11:23:45.0000",19.82,68.48,1.7400606870651245,2.066226001471117,7.6331660790493405
"2024-10-22 11:53:44.0000",23.15,66.75,1.4544332027435303,2.09448070879313,7.714052398147338
"2024-10-22 12:53:30.0000",17.48,67.25,1.6635534763336182,2.1567325357124805,6.1235607248214015
"2024-10-22 13:23:27.0000",17.59,66.52,1.4216660261154175,1.944459924310785,7.506936165046678
"2024-10-22 14:23:25.0000",15.46,66.8,1.8376702070236206,1.871071908299848,9.309364622251575
"2024-10-22 14:53:26.0000",15.14,67.13,2.2026567459106445,2.429847630118504,9.581903646826866
"2024-10-22 15:23:24.0000",16.32,66.22,2.0110902786254883,2.1187094281819157,7.889506776926729
"2024-10-22 15:53:14.0000",14.89,67,1.6548627614974976,1.9560288637684045,8.60113259926121
"2024-10-22 16:23:11.0000",13.13,67.99,2.506540298461914,2.4669971564960216,6.1913420197650515
"2024-10-22 16:53:11.0000",11.58,69.27,2.5069360733032227,2.390761670883084,6.832799371887999
"2024-10-22 17:23:02.0000",10.06,70.46,6.995225429534912,3.4021626978292816,7.673561147043596
"2024-10-22 17:52:54.0000",9.14,71.29,8.28750991821289,3.7233166819767813,10.278363673776354
"2024-10-22 18:22:58.0000",8.49,72.03,5.975584506988525,3.4304179397946655,8.309285954840949
"2024-10-22 19:22:53.0000",8.04,72.61,14.857783317565918,6.481302029413435,14.276730293702435
"2024-10-22 19:52:55.0000",7.76,73.02,19.573116302490234,7.311651405851866,9.578645037774791
"2024-10-22 20:22:40.0000",7.65,73.66,16.805320739746094,6.632813834009118,10.858828277491055
"2024-10-22 20:52:36.0000",7.51,74,17.963247299194336,7.294976817463354,10.587134021352641
"2024-10-22 21:22:39.0000",7.19,74.35,13.471752166748047,5.433948565644507,7.132390970929432
"2024-10-22 21:52:40.0000",7.28,74.52,13.66862964630127,5.448967267255809,9.616152076058057
"2024-10-22 22:22:33.0000",7.58,74.89,12.616003036499023,5.509495713140987,5.779329316714067
"2024-10-22 22:52:30.0000",7.79,75.15,12.02951431274414,4.835986649737604,7.622961684543878
"2024-10-22 23:52:26.0000",7.53,75.37,10.314668655395508,4.269758111998183,9.023313577693346
"2024-10-23 00:22:22.0000",7.26,75.9,7.718577861785889,3.442854214939462,4.6865592389451605
"2024-10-23 00:52:17.0000",7.6,76.03,5.56409215927124,2.9763627733266302,6.532601403223428
"2024-10-23 01:22:15.0000",7.87,75.91,4.853994369506836,2.7147584029220817,5.141924462785381
"2024-10-23 01:52:11.0000",8.03,76.1,4.708197593688965,2.6706429251095276,7.161904704069393
"2024-10-23 02:22:12.0000",8.22,76.34,4.941530227661133,2.4286123100431682,3.217056904502044
"2024-10-23 02:52:11.0000",8.42,76.36,3.8768863677978516,2.385160440393631,6.183646076766955
"2024-10-23 03:22:04.0000",8.56,76.53,4.049840927124023,2.476003559672605,6.856785630230715
"2024-10-23 04:21:57.0000",7.95,76.94,4.903064727783203,3.0269731302327023,6.548036881312183
"2024-10-23 04:51:56.0000",7.5,77.82,4.858591079711914,2.859252579083284,6.4499354643143505
"2024-10-23 05:21:53.0000",7.43,78.05,6.485906600952148,3.4974312568838695,4.355481478424346
"2024-10-23 06:21:53.0000",7.79,78.22,5.922286033630371,2.762130650687947,8.706048416574674
"2024-10-23 06:51:48.0000",7.42,78.67,8.19609546661377,4.077487810578498,8.160271451317332
"2024-10-23 07:21:47.0000",7.58,78.94,8.737269401550293,3.7935016006526343,9.869508396093439
"2024-10-23 07:51:42.0000",8.18,78.85,6.244195938110352,3.523976659499124,7.615007933102678
"2024-10-23 08:21:43.0000",8.8,78.74,5.600949764251709,3.378588841226482,10.138944911252429
"2024-10-23 08:51:42.0000",10.13,78.5,3.7332122325897217,3.5015971225743776,12.232484319656194
"2024-10-23 09:21:45.0000",12.24,76.96,3.62194561958313,3.535308700318662,9.883908597921371
"2024-10-23 09:51:47.0000",16.52,73.59,2.5219295024871826,2.497880743923539,9.816543928044982
"2024-10-23 10:21:56.0000",18.36,72.92,1.8063615560531616,2.0453776140830233,7.921811530276879
"2024-10-23 10:51:50.0000",19.7,71.71,1.4953216314315796,1.7809233760875252,8.748189800368218
"2024-10-23 11:21:52.0000",19.07,70.69,1.957113265991211,2.4316611893885214,8.301902928668005
"2024-10-23 11:51:47.0000",19.16,71.29,1.9722026586532593,2.2632031557437995,8.984519446244656
"2024-10-23 12:21:46.0000",16.62,71.06,1.8832091093063354,1.9739276156764953,8.460622812203077
"2024-10-23 12:51:40.0000",17.69,71.67,2.035731315612793,2.151749718464274,6.336973264945905
"2024-10-23 13:21:37.0000",17.09,69.67,1.556565523147583,1.8413938951225495,6.153154984173528
"2024-10-23 13:51:32.0000",15.55,69.89,1.6683496236801147,1.9720137282388372,7.983218478625008
"2024-10-23 14:21:30.0000",14.8,70.17,1.5573729276657104,1.760732375855772,7.163586197676748
"2024-10-23 14:51:24.0000",14.37,70.12,1.9990110397338867,1.9680499288227913,6.616618005715586
"2024-10-23 15:21:21.0000",14.06,69.84,1.6829291582107544,2.0830697085214025,7.36769279944811
"2024-10-23 16:21:22.0000",13.29,69.92,1.5274907350540161,1.9591370980234697,8.06543692650852
"2024-10-23 16:51:10.0000",12.06,70.93,2.416825294494629,2.0717918446091548,7.028499573619801
"2024-10-23 17:51:00.0000",11.06,71.78,2.8107428550720215,2.2318549908719905,8.316297698629393
"2024-10-23 18:20:58.0000",10.88,72.34,16.099340438842773,2.0704437094564945,5.884304710352792
"2024-10-23 19:20:57.0000",10.39,73.32,3.165034532546997,2.6479987993789638,9.85444691272404
"2024-10-23 19:50:59.0000",10.11,73.91,4.047554969787598,2.641082522382627,8.607170070775828
"2024-10-23 20:20:45.0000",10.1,74.29,3.273841381072998,2.156343076371836,6.956572962986819
"2024-10-23 20:50:49.0000",9.82,74.81,5.123791694641113,2.3997085711776123,7.132542731740863
"2024-10-23 21:20:39.0000",9.62,75.46,6.578333854675293,2.5639912937230003,6.871131535129278
"2024-10-23 22:20:42.0000",10.11,76.16,5.86037540435791,3.932639739414981,12.84941018047174
"2024-10-23 22:50:42.0000",9.96,76.88,5.8030619621276855,3.1053885916041684,8.691299635374527
"2024-10-23 23:20:32.0000",9.95,77.38,4.938114643096924,2.441192697048905,8.81967081626934
"2024-10-23 23:50:34.0000",10.03,77.65,3.543210029602051,2.0890489990732193,6.075178459347707
"2024-10-24 00:20:32.0000",9.98,77.99,3.546374797821045,2.2197843742537513,5.727959631736211
"2024-10-24 00:50:28.0000",9.76,78.35,3.495408535003662,2.3545615264995923,6.938383599186623
"2024-10-24 01:20:26.0000",9.38,78.92,3.662106990814209,2.5780506073125484,8.938663055146254
"2024-10-24 01:50:26.0000",9.41,79.01,3.3127546310424805,2.4690174912908964,7.6612363840455195
"2024-10-24 02:20:23.0000",9.33,79.13,3.4096028804779053,1.9794602222160353,7.685764892429897
"2024-10-24 02:50:21.0000",9.14,79.53,4.406160831451416,2.9030269196649354,7.514722371604869
"2024-10-24 03:20:18.0000",9.35,79.46,5.002850532531738,3.069872765897128,8.233974800183034
"2024-10-24 03:50:12.0000",8.9,79.9,6.812734127044678,3.187246553920211,6.988977579441747
"2024-10-24 04:20:09.0000",8.74,80.23,8.381056785583496,3.662682789504917,8.407300269391275
"2024-10-24 04:50:09.0000",9.13,80.29,8.541275024414062,4.042495272557174,8.77874462993992
"2024-10-24 05:20:03.0000",9.4,80.3,6.860602855682373,3.0825968457599013,10.203017045613064
"2024-10-24 05:50:02.0000",9.32,80.57,9.772822380065918,3.9824330225776796,7.772164400752526
"2024-10-24 06:19:58.0000",9.13,80.91,11.253801345825195,4.162704231040289,7.962387145253206
"2024-10-24 06:49:55.0000",9,81.3,10.362508773803711,4.352427744285508,8.025790624723903
"2024-10-24 07:19:53.0000",9.33,81.35,11.738497734069824,4.301508971613348,6.220317138306331
"2024-10-24 07:49:50.0000",9.87,81.52,9.531599044799805,4.00673525941235,10.518548424203694
"2024-10-24 08:19:56.0000",10.85,80.68,7.327176094055176,3.411233061205276,9.630375322259063
"2024-10-24 08:50:02.0000",11.26,80.95,5.772875785827637,3.2401367780578005,9.574236965904856
"2024-10-24 09:19:58.0000",15.59,77.92,3.17797589302063,2.145140009997924,8.288463258235588
"2024-10-24 09:50:07.0000",17.54,74.99,2.815392255783081,2.185915853666003,9.460235276819384
"2024-10-24 10:19:56.0000",18.17,74.33,2.655508279800415,1.9903229111488474,11.023302696887878
"2024-10-24 10:50:04.0000",18.98,72.61,2.312189817428589,1.9423776360799119,7.401924257003643
"2024-10-24 11:19:52.0000",18.42,71.64,2.3875370025634766,2.1230337224741516,8.564852775246617
"2024-10-24 11:49:47.0000",15.66,71.98,3.0182297229766846,2.1471013885255217,7.716666170453581
"2024-10-24 12:19:55.0000",18.39,68.84,2.4345006942749023,2.0052311196974184,9.048328094816293
"2024-10-24 12:49:51.0000",17.11,68.82,2.724994421005249,1.9758302425159697,7.267976480205908
"2024-10-24 13:19:43.0000",14.27,70.42,3.216365098953247,2.075096210961801,7.134556881582546
"2024-10-24 13:49:35.0000",13.63,71.05,2.9281978607177734,1.929137403593923,5.609030718661029
"2024-10-24 14:19:34.0000",13.3,71.54,3.526392698287964,1.8022324910741012,6.724840473619798
"2024-10-24 14:49:29.0000",13.24,71.86,3.1554534435272217,1.7569452873984515,7.580860909316163
"2024-10-24 15:19:29.0000",13.4,72.09,3.266559600830078,1.9754917502849703,7.367244683075171
"2024-10-24 15:49:25.0000",13.47,72.32,3.470764398574829,2.000162738193738,7.400248535454408
"2024-10-24 16:19:23.0000",13.47,72.61,3.5819308757781982,2.35528628127644,5.7269864293585915
"2024-10-24 16:49:18.0000",12.94,73.23,3.580322742462158,2.0857175697684145,4.330281752456525
"2024-10-24 17:19:17.0000",12.08,74.22,4.764251708984375,2.360798189901523,6.119859387427651
"2024-10-24 17:49:14.0000",11.87,74.82,4.948598861694336,2.316282466064595,6.362360565003363
"2024-10-24 18:19:10.0000",12.76,74.76,3.9994239807128906,1.987630626007329,5.170765806292396
"2024-10-24 18:49:09.0000",13.06,74.61,4.348901271820068,2.2572950581910423,5.63577284658053
"2024-10-24 19:19:03.0000",12.8,75.03,4.169012069702148,2.188009876167707,6.875945501044842
"2024-10-24 19:49:00.0000",13.12,75.11,4.286849498748779,2.389761783259554,5.237997853557159
"2024-10-24 20:18:54.0000",12.77,75.57,4.162056922912598,1.9561992065738836,6.491172016258013
"2024-10-24 20:49:05.0000",11.96,76.47,6.436507225036621,2.6523423971910542,6.714283953774492
"2024-10-24 21:18:55.0000",11.79,76.9,7.944633483886719,2.9332311692434767,8.220998519344134
"2024-10-24 21:48:48.0000",12.02,76.52,13.638175010681152,4.916981840437575,9.51251127390221
"2024-10-24 22:18:45.0000",12.12,77.07,10.022963523864746,3.6657995030453048,8.059420039782264
"2024-10-24 22:48:45.0000",12.55,76.93,10.365242004394531,3.7756954192949084,7.24725209955385
"2024-10-24 23:18:42.0000",13.01,76.88,12.355937004089355,4.289168130941737,8.378822837555918
"2024-10-24 23:48:37.0000",13.18,76.97,15.308188438415527,5.061102590073979,10.074707807323907
"2024-10-25 00:18:35.0000",13.22,77.06,17.676681518554688,5.990550981359935,9.591738885480227
"2024-10-25 00:48:33.0000",13.28,77.23,15.786847114562988,5.41235388416428,6.947215935538506
"2024-10-25 01:18:28.0000",13.26,77.35,14.94001293182373,4.827563151819786,7.359196924868473
"2024-10-25 01:48:28.0000",13.2,77.53,15.611102104187012,5.365927258476882,7.464006826962091
"2024-10-25 02:18:24.0000",13.28,77.64,16.13095474243164,5.164849074191168,9.164763464979837
"2024-10-25 02:48:20.0000",13.26,77.75,17.671066284179688,5.939300791479958,9.325337515656065
"2024-10-25 03:18:17.0000",13.18,77.97,21.3765926361084,7.4881681148822885,7.253632949281908
"2024-10-25 03:48:19.0000",12.97,78.44,23.13837432861328,7.919181739280204,10.318203298948024
"2024-10-25 04:18:11.0000",12.93,78.75,26.600509643554688,9.221046511342424,13.81460569183451
"2024-10-25 04:48:15.0000",13.1,78.67,28.82022476196289,10.12649401032338,13.173381798295535
"2024-10-25 05:18:11.0000",12.89,78.99,31.572444915771484,11.079318491639826,12.693496952350722
"2024-10-25 05:48:07.0000",13,79.04,29.962175369262695,10.221042283267781,10.416814765274163
"2024-10-25 06:18:02.0000",12.61,79.61,32.97750473022461,11.894618658418675,15.261328451623466
"2024-10-25 06:48:02.0000",12.57,79.93,31.398067474365234,11.329429014760581,16.72306459330327
"2024-10-25 07:18:02.0000",12.98,79.65,27.68604278564453,9.769826210748157,13.559263660240608
"2024-10-25 07:47:58.0000",13.07,79.64,27.93279457092285,9.66145182382346,15.393821707231394
"2024-10-25 08:17:56.0000",13.32,79.71,26.504600524902344,9.252233310420472,13.290561585092968
"2024-10-25 08:47:54.0000",13.63,79.74,27.31947135925293,9.842493351090155,11.939731454649893
"2024-10-25 09:17:50.0000",13.88,79.6,26.657297134399414,9.54190463501844,14.046116918108513
"2024-10-25 09:47:46.0000",14.53,79.61,23.553449630737305,7.869812164519535,10.41238202198154
"2024-10-25 10:47:58.0000",18.1,77.28,11.582287788391113,3.530474139735322,6.405464617702711
"2024-10-25 11:47:51.0000",17.16,76.88,10.114907264709473,3.140531818282754,6.852739109731007
"2024-10-25 12:17:46.0000",20.57,75.47,6.794358253479004,2.4939656161854074,6.1501465282913355
"2024-10-25 12:47:44.0000",17.92,74.88,8.104901313781738,2.5603327117070256,5.560888422164569
"2024-10-25 13:17:45.0000",22.63,73.48,6.21455192565918,2.278218211247117,7.137606016730289
"2024-10-25 13:47:39.0000",21.36,72.86,6.071143627166748,2.108334329829866,5.493551663215345
"2024-10-25 14:17:37.0000",18.56,71.86,7.34205961227417,2.454455364672144,5.671046410369928
"2024-10-25 14:47:26.0000",16.94,72.97,10.5101318359375,3.0427722243029924,6.588931920818127
"2024-10-25 15:17:23.0000",16.15,73.57,10.98879337310791,3.4709976584849302,7.50444485408199
"2024-10-25 15:47:23.0000",15.21,73.96,3.0713155269622803,1.8552344741097768,6.488157993644261
"2024-10-25 16:17:12.0000",14.76,74.11,1.8951423168182373,1.7248328084074491,4.779724512682031
"2024-10-25 16:47:18.0000",14.39,74.14,1.4293551445007324,1.7436917910289087,7.103655817573967
"2024-10-25 17:17:12.0000",14.06,74.2,2.22072172164917,1.837372611730266,6.580494017318607
"2024-10-25 17:47:12.0000",13.77,74.4,4.1301398277282715,2.4344946790843136,7.406887543664592
"2024-10-25 18:17:09.0000",13.67,74.49,2.229905366897583,1.9879096549088546,6.525314060481217
"2024-10-25 18:46:58.0000",13.53,74.66,2.8119969367980957,2.1449518024025545,6.369090917931631
"2024-10-25 19:16:58.0000",13.13,75.09,4.225831508636475,2.4235343506987235,8.171742754499776
"2024-10-25 19:46:54.0000",12.74,75.6,4.177218914031982,2.410128197471706,6.882108968618807
"2024-10-25 20:16:49.0000",12.39,75.96,5.554480075836182,3.027498072270234,8.95257525349339
"2024-10-25 21:16:49.0000",10.85,77.41,7.558650493621826,3.2691625546951095,6.846914122270071
"2024-10-25 21:46:43.0000",10.57,77.74,11.716495513916016,4.769508803863763,10.579634830200483
"2024-10-25 22:16:38.0000",10.31,78.22,15.975881576538086,6.272076477926403,7.500666760289484
"2024-10-25 22:46:37.0000",9.89,78.65,23.779800415039062,9.762431811304474,10.65000254609197
"2024-10-25 23:16:35.0000",9.49,79.09,28.6429500579834,11.878896539257815,11.795128777469248
"2024-10-26 00:16:30.0000",8.85,79.56,38.915618896484375,17.72123489018491,19.863455261785404
"2024-10-26 00:46:26.0000",8.58,79.96,45.94659423828125,22.595959189478794,23.464330248960522
"2024-10-26 01:16:23.0000",8.48,80.13,50.963470458984375,26.544727585770804,31.896415959278023
"2024-10-26 01:46:25.0000",8.41,80.29,47.21797180175781,24.603368462320677,24.92116962170091
"2024-10-26 02:16:18.0000",7.69,80.72,42.49177932739258,21.330914951325813,26.515242881089673
"2024-10-26 02:46:16.0000",7.41,81.05,36.60828399658203,18.014760917778972,18.732113167609498
"2024-10-26 03:16:12.0000",7.24,81.09,23.866960525512695,11.939587468576825,13.302859054670316
"2024-10-26 04:16:08.0000",7.26,81.09,16.555131912231445,7.829372527342987,6.9251989755623535
"2024-10-26 05:16:06.0000",7.11,81.19,15.012091636657715,6.054090387418224,8.869144624521695
"2024-10-26 06:16:01.0000",6.63,81.44,17.51848793029785,7.845975179290075,5.906270801997897
"2024-10-26 06:46:34.0000",6.23,81.89,16.686058044433594,7.349400458799959,7.838413286484373
"2024-10-26 07:15:59.0000",6.18,81.79,15.81102180480957,6.8569883234843365,7.506099154817573
"2024-10-26 07:45:55.0000",5.91,82.31,20.007349014282227,8.760811494496412,9.434562499472637
"2024-10-26 08:15:53.0000",6.45,82.46,33.47540283203125,14.394078968381882,13.780491621315555
"2024-10-26 08:45:51.0000",7.27,82.34,29.22389030456543,10.59789340422954,13.343005950914883
"2024-10-26 09:15:52.0000",10.19,81.84,5.87838077545166,3.60688733981443,9.497674029902262
"2024-10-26 09:45:54.0000",14.8,76.27,3.959646701812744,2.9556630828165082,8.645811407244645
"2024-10-26 10:15:54.0000",17.51,73.62,3.2459540367126465,2.9773792805408608,10.111464119918784
"2024-10-26 10:45:59.0000",19.02,72,2.9398651123046875,2.7404039368996727,9.816983835599277
"2024-10-26 11:16:02.0000",19.48,71.92,2.9936530590057373,2.71947264198358,10.382776600267851
"2024-10-26 11:45:58.0000",19.98,71.75,2.885286331176758,2.9581756403548303,10.23177191790139
"2024-10-26 12:16:01.0000",20.5,73.05,2.5775792598724365,2.4360134455589524,10.661844818900189
"2024-10-26 12:46:00.0000",20.79,73.24,3.1833853721618652,3.2332656984926667,9.031619045860344
"2024-10-26 13:15:53.0000",19.83,72.83,3.118891954421997,3.174579519371822,10.687686089046752
"2024-10-26 14:15:45.0000",15.85,71.92,2.3482635021209717,2.504452527656307,7.175237158407726
"2024-10-26 14:45:39.0000",16.24,72.01,2.608764171600342,2.4722260369339817,9.897163036067928
"2024-10-26 15:15:34.0000",14.72,71.09,5.977105140686035,5.830599439910005,11.031793815374169
"2024-10-26 15:45:31.0000",14.21,70.94,2.053511142730713,2.2071042240855268,6.818270375156493
"2024-10-26 16:15:24.0000",13.48,70.61,1.7704181671142578,1.9953397818392113,8.389123523107243
"2024-10-26 16:45:25.0000",12.72,70.95,2.276256561279297,2.45043919886872,6.829200246447091
"2024-10-26 17:15:21.0000",12.14,71.22,2.0679538249969482,2.3934204500089504,6.402182679695299
"2024-10-26 17:45:16.0000",11.32,71.7,3.3217508792877197,2.8203241113669897,8.809094893725964
"2024-10-26 18:15:15.0000",10.78,72.21,3.0150113105773926,2.489080584080805,8.726418060166488
"2024-10-26 18:45:20.0000",11.36,72.28,2.7026004791259766,2.3726203347629777,8.278017722071127
"2024-10-26 19:15:09.0000",10.91,72.32,2.5177533626556396,2.480421297229438,8.487366718059633
"2024-10-26 19:45:04.0000",11.33,72.57,2.2180685997009277,2.3274466471585047,8.355873375798282
"2024-10-26 20:15:04.0000",11.58,72.71,2.200730800628662,2.29106068162332,9.814832536158509
"2024-10-26 20:44:59.0000",11.62,72.69,2.157627582550049,2.193126025156607,8.173161029276761
"2024-10-26 21:14:58.0000",10.94,73.37,2.1507091522216797,2.4635305853766,5.906503866312572
"2024-10-26 21:44:56.0000",10.34,74.31,2.6454782485961914,2.569052692096135,5.080560828679151
"2024-10-26 22:14:57.0000",9.9,75.19,1.3001298904418945,1.726195645053599,7.987484249899778
"2024-10-26 22:44:57.0000",9.05,76.56,1.2932206392288208,1.8988729708130985,3.5915499117102603
"2024-10-26 23:44:57.0000",8.84,77.41,1.6774667501449585,2.011476723420933,4.061443560430938
"2024-10-27 00:14:54.0000",8.81,78.02,1.8042677640914917,1.846613751100031,7.407466415291831
"2024-10-27 00:44:50.0000",8.77,78.44,2.3111965656280518,2.7211206476164524,9.709855226833762
"2024-10-27 01:14:45.0000",8.18,78.99,2.0325934886932373,2.8115760646667036,7.5435774719882325
"2024-10-27 01:44:48.0000",7.58,79.57,2.0760388374328613,2.6809337508109436,5.026529425792126
"2024-10-27 02:14:41.0000",6.96,80.07,1.957663893699646,2.2677641725369586,7.307162095333599
"2024-10-27 02:44:38.0000",6.57,80.45,2.2063074111938477,2.515854115111752,9.169468009440239
"2024-10-27 03:14:42.0000",6.41,80.5,2.2673583030700684,2.399460206565843,8.41249132187175
"2024-10-27 03:44:35.0000",6.06,80.84,2.3724865913391113,2.802555089123235,8.225498922446594
"2024-10-27 04:14:23.0000",5.45,81.29,2.5595703125,3.139957663161887,5.94340375693003
"2024-10-27 04:44:22.0000",4.66,81.66,2.428399085998535,2.464719131889849,4.067175004631482
"2024-10-27 05:14:21.0000",4.22,81.97,2.7323665618896484,2.76619599592593,6.060253174292684
"2024-10-27 05:44:16.0000",4.28,81.82,3.265231132507324,2.753513664572093,1.4671750852335406
"2024-10-27 06:14:12.0000",4.15,82.18,3.4360554218292236,2.977941738450715,1.1174726802375148
"2024-10-27 06:44:14.0000",3.68,82.35,4.853853702545166,3.3487811334294637,2.888797306645708
"2024-10-27 07:14:08.0000",3.57,82.96,6.807673454284668,5.068091872452695,7.840657871753597
"2024-10-27 07:44:03.0000",4.64,82.83,3.081211566925049,2.6982975922628905,5.878470596330435
"2024-10-27 08:14:07.0000",5.77,83.04,3.075716972351074,2.5903697454669907,8.530391646231573
"2024-10-27 08:44:05.0000",6.34,82.28,2.564051866531372,3.121261605705956,8.180466915324995
"2024-10-27 09:14:13.0000",10.3,80.79,2.3420135974884033,2.6554517706509166,8.70992083420677
"2024-10-27 09:44:13.0000",13.86,76.11,2.309584856033325,2.5692148931748884,11.222100817109707
"2024-10-27 10:14:17.0000",16.07,73.95,3.980686664581299,3.06524612779486,12.790928807623397
"2024-10-27 10:44:15.0000",17.15,73.73,2.19783353805542,2.5385891335238426,9.659660355258168
"2024-10-27 11:14:15.0000",17.9,72.92,1.96453857421875,2.224547401096611,8.520492974385672
"2024-10-27 11:44:12.0000",17.88,71.64,1.7641127109527588,2.1244810327670023,7.927911302857451
"2024-10-27 12:44:02.0000",13.13,73.88,4.797255039215088,2.218484664117072,6.615309374747384
"2024-10-27 13:13:57.0000",12.66,72.95,2.047471284866333,2.527526723760413,8.898412317093086
"2024-10-27 13:43:54.0000",12.4,72.19,2.040517568588257,2.4048480000999066,9.341187816219339
"2024-10-27 14:13:50.0000",11.84,71.77,1.9637717008590698,2.135836058470454,8.606224936100777
"2024-10-27 14:43:48.0000",11.23,71.81,2.1286327838897705,2.1850054215652497,7.646173518064994
"2024-10-27 15:13:45.0000",11.2,71.74,2.3434484004974365,2.391381114463944,11.626614460908954
"2024-10-27 15:43:43.0000",10.74,71.86,3.5807580947875977,2.3248126989941618,7.258574679412269
"2024-10-27 16:13:37.0000",9.69,72.13,2.171044111251831,2.518120821629367,7.8194085136008935
"2024-10-27 16:43:37.0000",9.16,72.8,2.2320609092712402,2.2988621979301955,8.10286744576508
"2024-10-27 17:13:29.0000",8.4,73.6,4.9152750968933105,3.2342825561073543,9.232014163575515
"2024-10-27 17:43:33.0000",8.17,74,2.796018123626709,2.6085173134095854,8.449981596775283
"2024-10-27 18:13:29.0000",7.82,74.82,3.509448528289795,3.213408538860029,6.1737510577017
"2024-10-27 18:43:24.0000",7.85,75.45,3.8298227787017822,2.977381358500895,5.695027594383292
"2024-10-27 19:13:36.0000",8.03,75.94,4.03288459777832,3.197570133053294,6.552522871976073
"2024-10-27 19:43:24.0000",8.15,76.49,4.237852096557617,2.9266875717878795,5.423650062562523
"2024-10-27 20:13:18.0000",8.26,76.97,3.96875,2.9767257602110244,8.444425106752911
"2024-10-27 20:43:27.0000",8.3,77.36,3.9447245597839355,2.7468884290431728,1.6412642503965067
"2024-10-27 21:13:44.0000",9.42,75.29,3.8724684715270996,2.8179327329365558,5.3924646347071175
"2024-10-27 21:43:20.0000",8.6,77.73,2.994262456893921,2.566575887589976,2.41967406524653
"2024-10-27 22:13:22.0000",8.57,78.29,3.2563722133636475,2.638324257077298,6.02240200339956
"2024-10-27 22:43:14.0000",8.77,78.84,2.8258986473083496,2.6603379690207927,8.022552669017818
"2024-10-27 23:13:17.0000",8.97,79.21,3.1450657844543457,2.4123948484465085,6.400386923638739
"2024-10-27 23:43:05.0000",9.45,79.52,1.8437378406524658,1.760422223202391,5.294092844866718
"2024-10-28 00:13:07.0000",10.17,79.68,0.33585622906684875,0.9917852665457688,5.871940764292563
"2024-10-28 00:43:18.0000",11.4,79.39,0.2613488733768463,0.9276389659641592,5.77079765772814
"2024-10-28 01:13:05.0000",11.97,79.75,0.2993582487106323,0.9766930110955778,5.45280433659147
"2024-10-28 01:43:03.0000",12.31,79.85,0.24608634412288666,1.0035134743545628,4.066931697004238
"2024-10-28 02:13:04.0000",12.52,79.97,0.26127487421035767,1.0537393504344148,5.311566015624323
"2024-10-28 02:42:56.0000",12.67,80.09,0.14988084137439728,1.019493295746321,4.433490510634856
"2024-10-28 03:12:57.0000",12.7,80.3,0.11988043785095215,0.8996142417273268,4.313212201129863
"2024-10-28 03:42:53.0000",12.64,80.48,0.23748327791690826,1.0015195979073896,5.230110408956537
"2024-10-28 04:12:44.0000",12.74,80.59,0.1975105106830597,0.9977641095458025,5.3384957314554375
"2024-10-28 04:42:47.0000",12.79,80.59,0.155965194106102,0.9777999787315071,4.560811695663725
"2024-10-28 05:12:38.0000",12.17,81.07,0.37796303629875183,1.12673708597902,4.235788081341903
"2024-10-28 05:42:43.0000",11.95,81.56,0.24052855372428894,1.0359254329615557,4.45273368026816
"2024-10-28 06:12:40.0000",12.23,81.3,0.24375833570957184,0.9628871592175647,4.281043846331382
"2024-10-28 06:47:07.0000",13.43,79.14,0.23221325874328613,0.9724883181472512,4.380970094170351
"2024-10-28 07:16:46.0000",12.5,81.06,0.3139231503009796,1.0156538107578608,4.669065894298161
"2024-10-28 07:46:43.0000",12.71,81.38,0.2377432882785797,0.9731310915170339,4.562232089254205
"2024-10-28 08:16:50.0000",13,81.48,0.5915427207946777,1.1267600230018349,5.151656007557825
"2024-10-28 08:46:42.0000",13.47,81.29,0.4341626465320587,1.0056061868450619,5.42462575066366
"2024-10-28 09:16:38.0000",14.04,81.01,0.23438285291194916,1.0529769511741325,5.875992854664082
"2024-10-28 09:46:36.0000",15.09,80.75,0.2981378734111786,0.960046681163632,3.5292654710127493
"2024-10-28 10:16:38.0000",15.87,80.04,0.4294574558734894,0.9967171768272763,4.388764541739331
"2024-10-28 10:46:32.0000",18.14,80.44,0.2107994258403778,0.9462900953451702,4.479680610312629
"2024-10-28 11:16:38.0000",17.92,78.6,0.6106488108634949,1.0794318780830119,6.047711181594321
"2024-10-28 11:46:28.0000",20.63,78.46,0.2651921212673187,1.0364414820648682,4.64705184834646
"2024-10-28 12:46:26.0000",15.02,80.13,1.2498259544372559,1.5635101823432074,4.415736319484591
"2024-10-28 13:16:25.0000",14.29,80.63,1.701325535774231,1.339416689669935,8.885829988565813
"2024-10-28 13:46:20.0000",14.07,80.8,2.34165096282959,1.849960282508241,6.938474334419394
"2024-10-28 14:16:17.0000",14.26,80.76,1.8045395612716675,1.6339231351865524,2.9255434074291724
"2024-10-28 14:46:38.0000",14.48,81.21,1.248932123184204,1.6047102965272435,5.25225004349645
"2024-10-28 15:16:19.0000",14.73,80.8,1.1082297563552856,1.4747421656312525,6.6429429227915024
"2024-10-28 15:46:06.0000",14.43,80.97,1.4140031337738037,1.6027388944777625,4.810200345339804
"2024-10-28 16:16:06.0000",13.67,81.32,1.251977801322937,1.5185929144747514,6.765988878211008
"2024-10-28 16:46:02.0000",13.23,81.67,1.4243220090866089,1.4078400791656938,5.8663435677510405
"2024-10-28 17:15:58.0000",12.71,82.04,0.9800216555595398,1.129314131381465,2.7983987711202722
"2024-10-28 17:45:55.0000",12.27,82.51,2.1379613876342773,1.6212309324722562,5.842398125811978
"2024-10-28 18:15:52.0000",12.08,82.66,2.89782977104187,1.7381455460956785,4.287535791629439
"2024-10-28 18:45:48.0000",12.28,82.58,3.8396048545837402,1.9276851533848591,3.7948301479579256
"2024-10-28 19:15:46.0000",12.19,82.68,7.486579418182373,3.233192513885645,4.68352430731849
"2024-10-28 19:45:45.0000",12.01,83.02,9.274163246154785,3.6617173039653537,5.911314717715608
"2024-10-28 20:15:42.0000",12.16,82.96,11.560911178588867,5.552976985669695,7.302656909267203
"2024-10-28 20:45:38.0000",12.04,83.01,10.353899955749512,4.50243887129256,8.163735850370665
"2024-10-28 21:15:33.0000",12.05,83.21,11.494803428649902,5.1047043264792435,9.24492494097911
"2024-10-28 21:45:37.0000",11.63,83.38,8.384591102600098,3.7638769584649054,8.052350156311439
"2024-10-28 22:15:29.0000",11.48,83.73,7.090141773223877,3.2171349209586277,6.547140344006366
"2024-10-28 22:45:31.0000",11.24,83.87,10.531229972839355,4.587851419033549,8.172382199237386
"2024-10-28 23:15:28.0000",11.32,83.84,8.674954414367676,4.045516199704722,5.9750508803644955
"2024-10-28 23:45:25.0000",11.43,83.84,7.081266403198242,3.503381644902309,5.817140622624456
"2024-10-29 00:15:23.0000",11.54,83.9,6.55978536605835,2.9531241748045725,5.503018496760302
"2024-10-29 00:45:21.0000",11.55,83.94,5.202251434326172,2.6858282942389997,5.386885471215354
"2024-10-29 01:15:16.0000",11.53,84.03,4.012969970703125,2.1375916041179264,4.025964289644989
"2024-10-29 01:45:14.0000",11.56,84.11,2.1330373287200928,1.5406286137817684,3.681348548742657
"2024-10-29 02:15:11.0000",11.58,84.15,2.516400098800659,1.4276304690534336,4.028097662761045
"2024-10-29 02:45:08.0000",11.42,84.27,3.4854185581207275,1.8064806704620002,6.092666822374154
"2024-10-29 03:15:05.0000",11.51,84.36,3.965244770050049,1.8586335023348983,4.51565868553142
"2024-10-29 03:45:08.0000",11.58,84.43,5.4878926277160645,2.447567522867448,5.926053953493031
"2024-10-29 04:15:04.0000",11.64,84.46,5.838687896728516,2.5398707664878675,5.342644356273492
"2024-10-29 04:45:00.0000",11.68,84.52,6.79976749420166,3.095254351042286,5.473569390978805
"2024-10-29 05:14:54.0000",11.58,84.66,10.283839225769043,4.579612274164601,7.593034128787218
"2024-10-29 05:44:55.0000",11.61,84.65,15.507338523864746,6.575881205956121,7.139977125763533
"2024-10-29 06:14:52.0000",11.63,84.78,18.249462127685547,7.928567206502874,7.337600516479004
"2024-10-29 06:44:53.0000",11.62,84.86,22.106800079345703,9.58082779533584,9.328262744258737
"2024-10-29 07:14:51.0000",11.5,84.85,29.722864151000977,15.477071410310531,16.286507993302898
"2024-10-29 07:44:46.0000",11.91,85.37,21.979854583740234,11.257722826617593,14.520783570698105
"2024-10-29 08:14:44.0000",11.93,84.97,11.858327865600586,5.756496762575633,8.751670957443395
"2024-10-29 09:14:48.0000",12.16,85.1,22.602706909179688,10.544878384511156,13.280395900454392
"2024-10-29 09:44:42.0000",12.79,85.16,15.29340934753418,7.21919669817106,9.058617278785016
"2024-10-29 10:14:40.0000",12.76,85.13,2.1294074058532715,1.4358945910362726,5.863125332572136
"2024-10-29 10:44:44.0000",12.7,85.35,1.2608941793441772,1.2214819706141478,4.840343188602481
"2024-10-29 11:14:38.0000",12.55,85.38,3.4524013996124268,1.837607076619951,4.656471328172312
"2024-10-29 11:44:39.0000",12.5,85.5,7.467667579650879,2.949876427166961,4.466719595849682
"2024-10-29 12:14:31.0000",14.36,86,4.112735271453857,1.9119989013924645,5.262953071437729
"2024-10-29 12:44:26.0000",13.69,84.79,1.5573365688323975,1.3134098438390864,5.3242298019283005
"2024-10-29 13:14:21.0000",13.79,85.81,2.0054028034210205,1.4626508468884731,5.156526413431532
"2024-10-29 13:44:33.0000",14.2,84.11,2.040386199951172,1.493382843590273,5.33862687281505
"2024-10-30 01:14:41.0000",10.68,83.89,5.303567886352539,2.568867718957766,5.822504645296805
"2024-10-30 01:43:51.0000",10.64,83.91,6.139164447784424,2.697308555132821,6.597423788694533
"2024-10-30 02:13:42.0000",10.61,84.15,5.865471363067627,2.6562466288366955,5.386565077691621
"2024-10-30 02:43:42.0000",10.56,84.27,5.5144758224487305,2.3291998965038543,3.7660263400544456
"2024-10-30 03:13:38.0000",10.54,84.31,5.347690582275391,2.5512391279482514,6.2323793801970275
"2024-10-30 03:43:33.0000",10.49,84.31,7.703558921813965,3.4696987883385986,5.3050341303712845
"2024-10-30 04:13:35.0000",10.4,84.39,9.086749076843262,3.9150107125211253,7.687411257265578
"2024-10-30 04:43:29.0000",10.3,84.41,9.758816719055176,4.284541210862969,8.50436894421651
"2024-10-30 05:13:26.0000",10.23,84.48,11.217203140258789,4.793020393134917,7.2178693136010015
"2024-10-30 05:43:21.0000",10.17,84.51,10.658272743225098,4.244492197036182,8.003775962552398
"2024-10-30 06:13:19.0000",10.12,84.54,9.307257652282715,4.008906438699414,8.150823044630018
"2024-10-30 06:43:23.0000",10.06,84.57,8.814881324768066,4.078619237552602,5.734387233456176
"2024-10-30 07:13:19.0000",10.04,84.59,8.937822341918945,3.930126136239235,7.214082785493551
"2024-10-30 07:43:17.0000",10.07,84.6,9.60257625579834,4.150159313639112,7.912949786592352
"2024-10-30 08:13:11.0000",10.19,84.65,8.431986808776855,3.882038095946473,7.119873263136191
"2024-10-30 08:43:12.0000",10.57,84.51,7.206480979919434,3.3508520014339447,6.8518330238854395
"2024-10-30 09:13:15.0000",10.88,84.31,7.763635635375977,3.5049197005608304,6.867579443702493
"2024-10-30 09:43:09.0000",11.07,84.09,8.120789527893066,3.2059100054588145,7.0473908482579946
"2024-10-30 10:13:35.0000",11.29,83.99,6.5410661697387695,3.0114934867272902,6.451020434056091
"2024-10-30 10:43:03.0000",11.65,83.82,7.080840587615967,3.189548356857386,6.507973814301216
"2024-10-30 11:13:00.0000",11.96,83.59,6.772858142852783,2.904519432741076,6.7269121760218
"2024-10-30 11:43:02.0000",11.97,83.56,7.879192352294922,3.255667024187371,6.509284788922311
"2024-10-30 12:12:57.0000",12.29,83.43,7.386938571929932,2.997159222304747,6.46336303910813
"2024-10-30 12:42:53.0000",12.31,83.29,6.914264678955078,2.9970003320271896,6.938326084914642
"2024-10-30 13:12:51.0000",12.49,83.37,5.613568305969238,2.4689743871060554,4.735999421927492
"2024-10-30 13:42:48.0000",12.64,83.21,6.220889568328857,2.736389542014922,6.521026237877063
"2024-10-30 14:12:46.0000",12.8,82.9,6.641859531402588,2.867486451382631,6.698116110475793
"2024-10-30 14:42:47.0000",12.56,82.93,23.75265121459961,7.5034753299814945,10.549833258567277
"2024-10-30 15:12:38.0000",12.11,83.2,11.467226028442383,4.794648494358564,9.690068374872162
"2024-10-30 15:42:35.0000",11.8,83.43,14.236000061035156,6.179387767072554,9.355441411939184
"2024-10-30 16:12:37.0000",11.56,83.53,12.712151527404785,5.552739794445422,9.489338519028435
"2024-10-30 16:42:33.0000",11.33,83.66,14.082428932189941,6.147003669487183,7.589999284451805
"2024-10-30 17:12:26.0000",11.16,83.84,16.253246307373047,6.639145645880822,10.130402701053667
"2024-10-30 17:42:24.0000",11.11,83.93,16.707670211791992,6.6303773836331095,9.791471878016619
"2024-10-30 18:12:26.0000",11.09,83.93,14.630885124206543,6.092298029266025,7.943221965419282
"2024-10-30 18:42:16.0000",11.08,83.94,8.460224151611328,3.5308638372962995,7.277569373519198
"2024-10-30 19:12:16.0000",11.05,83.96,9.914844512939453,4.384457291097835,8.435106407478363
"2024-10-30 19:42:24.0000",11.06,83.92,18.90858268737793,7.280822325416919,11.842950009883689
"2024-10-30 20:12:10.0000",11.07,83.84,16.89331817626953,7.111685828242768,11.970685077827572
"2024-10-30 20:42:07.0000",10.89,83.95,17.64634895324707,8.66600534066997,13.978396800562946
"2024-10-30 21:12:04.0000",10.72,84.04,26.92104721069336,11.780146900156979,19.905469792615452
"2024-10-30 21:42:02.0000",10.38,84.15,28.984588623046875,11.597728429633868,15.512695975152551
"2024-10-30 22:41:59.0000",9.98,84.1,37.97699737548828,15.554829239517932,17.517882476921937
"2024-10-30 23:11:54.0000",9.86,84.35,32.73641586303711,13.08786626631107,17.247532396680917
"2024-10-30 23:41:55.0000",9.82,84.37,13.432694435119629,6.273036400779326,10.093491603068554
"2024-10-31 00:11:52.0000",9.75,84.41,9.814356803894043,4.163922177965835,7.5127921956435975
"2024-10-31 00:41:45.0000",9.8,84.44,6.758099555969238,3.0370245943291563,6.021903035686525
"2024-10-31 01:11:44.0000",9.75,84.49,7.402887344360352,3.1604094842514936,7.1182135371539035
"2024-10-31 01:41:43.0000",9.75,84.57,7.336404323577881,3.3882513587754164,6.680168282359074
"2024-10-31 02:11:41.0000",9.8,84.65,6.9453043937683105,2.9898942196236833,6.873630411609655
"2024-10-31 02:41:37.0000",9.88,84.69,4.753801345825195,2.1406312697335017,5.769051086570711
"2024-10-31 03:11:36.0000",9.91,84.68,8.542348861694336,3.489834443651183,5.978151649174238
"2024-10-31 03:41:30.0000",9.94,84.74,7.678641319274902,3.097224041727705,6.868072257697167
"2024-10-31 04:11:29.0000",10.02,84.75,7.395683288574219,3.03484049330342,8.47866306924131
"2024-10-31 04:41:32.0000",10.09,84.78,7.5261335372924805,3.085639913355377,6.571123824990009
"2024-10-31 05:11:31.0000",10.12,84.75,6.071477890014648,2.7704483385454246,5.418368486297705
"2024-10-31 05:41:26.0000",10.09,84.74,6.70560359954834,2.8277745861758925,6.72597655088181
"2024-10-31 06:11:29.0000",10.06,84.79,6.900563716888428,2.9206609209381575,5.851225520832887
"2024-10-31 06:41:24.0000",10.05,84.76,6.366951942443848,2.684228525116666,6.361634418072074
"2024-10-31 07:11:16.0000",10.08,84.75,6.243810653686523,2.5873837294468305,6.056365038526005
"2024-10-31 07:41:14.0000",10.13,84.84,5.554135799407959,2.3023522181783855,5.732807414619408
"2024-10-31 08:11:09.0000",10.3,84.92,5.424825191497803,2.353945937609632,5.4105630034596395
"2024-10-31 08:41:09.0000",10.61,84.76,5.217488765716553,2.28331511431575,5.041605678141231
"2024-10-31 09:11:07.0000",10.8,84.63,5.866875171661377,2.5790285716066776,4.651807749941534
"2024-10-31 09:41:08.0000",10.97,84.53,5.634864807128906,2.4620140049169765,5.388738669225055
"2024-10-31 10:11:04.0000",11.17,84.43,6.0919976234436035,2.64081993660987,5.4388556683907
"2024-10-31 10:41:02.0000",11.34,84.44,6.308370590209961,2.795318134250999,6.140241898670749
"2024-10-31 11:10:59.0000",11.51,84.34,5.609942436218262,2.5468834814576504,4.848817401886964
"2024-10-31 11:41:02.0000",11.54,84.42,5.0306596755981445,2.2936953946571323,6.320356469272955
"2024-10-31 12:10:59.0000",11.66,84.08,8.734244346618652,3.505201386907846,7.045586727470793
"2024-10-31 12:41:02.0000",11.25,84.38,9.18356990814209,3.266777323240424,7.793467602397513
"2024-10-31 13:10:56.0000",11.63,84.34,8.132970809936523,3.0543242962728825,6.825285039253223
"2024-10-31 13:40:56.0000",11.75,84.18,6.513040065765381,2.550797285477119,4.641834369052322
"2024-10-31 14:10:52.0000",11.8,84.18,7.377552509307861,2.914577307278651,6.036563855838889
"2024-10-31 14:40:49.0000",11.79,84.19,8.248908996582031,3.3156716596161218,7.371667300977661
"2024-10-31 15:10:47.0000",11.82,84.06,9.916574478149414,3.6682089114329965,8.446799465343819
"2024-10-31 15:40:43.0000",11.81,84.1,8.67004680633545,3.35723752765763,5.593261389940863
"2024-10-31 16:10:41.0000",11.57,84.09,10.919105529785156,4.200763321670298,6.92449229930951
"2024-10-31 16:40:38.0000",11.25,84.3,13.017391204833984,4.5784619832928515,7.806600288974403
"2024-10-31 17:10:38.0000",11.1,84.4,18.878244400024414,6.877351686104622,9.864754379436295
"2024-10-31 17:40:48.0000",11.02,84.46,17.364742279052734,6.228838289829015,9.857563788103674
"2024-10-31 18:10:34.0000",10.99,84.42,81.19387817382812,26.930004340726146,23.879429788178278
"2024-10-31 18:40:29.0000",10.89,84.58,16.078773498535156,5.948292215741736,8.927196058753148
"2024-10-31 19:10:30.0000",10.85,84.62,19.365373611450195,7.007125832632749,9.81981526095441
"2024-10-31 19:40:25.0000",10.83,84.65,20.271883010864258,7.072795909145424,9.826375970413975
"2024-10-31 20:10:23.0000",10.78,84.72,22.17682456970215,8.093055525030152,12.968132679867402
"2024-10-31 20:40:21.0000",10.78,84.79,31.573637008666992,11.807309673264234,14.239970597066296
"2024-10-31 21:10:17.0000",10.78,84.82,39.708106994628906,14.993200498662368,18.243318714823264
"2024-10-31 21:40:12.0000",10.82,84.86,30.43350601196289,10.836076123235765,12.974648039811774
"2024-10-31 22:10:10.0000",10.79,84.88,23.029945373535156,8.212020667778217,11.327906043068689
"2024-10-31 22:40:13.0000",10.76,84.91,17.77483367919922,6.04751113680635,9.954468096298381
"2024-10-31 23:10:06.0000",10.74,84.87,15.81799030303955,5.409448204593909,8.051683536104417
"2024-10-31 23:40:02.0000",10.67,84.93,15.60355281829834,5.617721712657639,7.803212130311158
"2024-11-01 00:09:57.0000",10.61,84.94,10.314081192016602,3.9982382963052236,7.784664532378296
"2024-11-01 00:39:58.0000",10.63,84.87,9.911879539489746,3.549932226683123,6.084581088021268
"2024-11-01 01:39:57.0000",10.71,84.45,10.43164348602295,3.7272939125161195,7.198249695760138
"2024-11-01 02:09:53.0000",10.61,84.6,8.385494232177734,3.014596272452585,7.510703233391625
"2024-11-01 02:39:54.0000",10.62,84.59,5.768799304962158,2.5794048976116586,6.24857622677131
"2024-11-01 03:09:53.0000",10.69,84.39,4.8267621994018555,2.256407746757181,5.133526710426258
"2024-11-01 03:39:52.0000",10.69,84.3,4.780035495758057,2.351777685603303,4.284265977705318
"2024-11-01 04:09:52.0000",10.68,84.19,4.52409029006958,2.16164145964818,4.340655636803543
"2024-11-01 04:40:11.0000",10.74,84.11,3.145087242126465,1.727597570078935,6.935631828231954
"2024-11-01 05:09:47.0000",10.8,83.81,3.9564356803894043,1.9024933990605684,5.296208913271567
"2024-11-01 05:39:46.0000",10.82,83.78,6.627469539642334,2.643701216769926,5.641884749157146
"2024-11-01 06:39:42.0000",10.84,83.43,7.985568046569824,2.951254493694428,5.593710915094247
"2024-11-01 07:09:40.0000",10.82,83.55,13.34121322631836,4.436694921299671,8.562468755644824
"2024-11-01 07:39:37.0000",10.84,83.55,12.286653518676758,4.134266096934108,7.349063932618496
"2024-11-01 08:09:45.0000",11.9,80.57,7.03035831451416,2.8875561786973263,6.001345108570108
"2024-11-01 08:39:38.0000",11.02,82.9,3.2917909622192383,1.843781497215627,5.598277818232887
"2024-11-01 09:09:30.0000",11.16,83,1.6011358499526978,1.4800191176999213,6.773686503488053
"2024-11-01 09:39:28.0000",11.44,82.83,1.5702557563781738,1.4465637017685449,3.958501898414059
"2024-11-01 10:09:22.0000",11.67,82.62,2.070277452468872,1.5908148682422756,5.67035765778745
"2024-11-01 10:39:22.0000",11.77,82.55,2.2932372093200684,1.6252587737203104,5.336583525888363
"2024-11-01 11:39:19.0000",12.19,81.94,2.374845027923584,1.510726462801727,4.478533101655386
"2024-11-01 12:09:16.0000",12.02,82.13,2.4230175018310547,1.5757871286258722,5.0667931112791935
"2024-11-01 12:39:12.0000",11.93,82.22,2.9222986698150635,1.7797674546915363,5.664538293378213
"2024-11-01 13:09:09.0000",11.94,82.31,3.139082431793213,1.9695403902177628,6.284648094685975
"2024-11-01 13:39:06.0000",12.14,82.19,2.8675215244293213,1.9173222247179216,5.258063959616845
"2024-11-01 14:09:10.0000",12.15,82.08,1.8970311880111694,1.626808545632986,5.129697066865487
"2024-11-01 14:39:07.0000",12.23,81.82,1.1345800161361694,1.1987826675615394,5.341551508419364
"2024-11-01 15:09:00.0000",12.15,81.78,1.1436666250228882,1.262857430436363,3.9129804169158513
"2024-11-01 15:38:53.0000",12.03,81.84,1.425140619277954,1.4170991502858248,7.444273054500316
"2024-11-01 16:08:51.0000",11.9,81.91,1.2790837287902832,1.4453560841301758,4.311672658622381
"2024-11-01 16:38:49.0000",11.74,82.02,1.9441959857940674,1.5782051476998615,6.341554894073296
"2024-11-01 17:38:43.0000",11.61,81.69,1.0438364744186401,1.2181676128553192,5.180214934405358
"2024-11-01 18:08:44.0000",11.48,81.85,1.4385560750961304,1.4187381628976,4.493426671308556
"2024-11-01 18:38:44.0000",11.48,81.88,1.8644198179244995,1.4763551780251325,4.848756912930029
"2024-11-01 19:08:44.0000",11.6,81.79,3.497866153717041,1.8466956532738286,5.428242992727379
"2024-11-01 19:38:37.0000",11.3,81.9,5.058675289154053,2.3403719103148153,6.215072460181182
"2024-11-01 20:09:00.0000",11.11,82.1,4.076656341552734,2.053977319513581,6.8227354095389945
"2024-11-01 20:38:40.0000",11.01,82.08,7.0267558097839355,3.002453287812738,6.21751865124241
"2024-11-01 21:08:32.0000",10.87,82.3,8.79444408416748,4.189901179783289,7.638153217336197
"2024-11-01 21:38:29.0000",10.63,82.54,6.606395244598389,3.0764561333910057,6.730228514806775
"2024-11-01 22:08:23.0000",10.34,82.58,8.233098983764648,3.900827753140441,9.004322673842724
"2024-11-01 22:38:18.0000",8.97,83.42,9.513936042785645,4.265758598735562,8.865083187673287
"2024-11-01 23:08:15.0000",8.18,84,18.044889450073242,7.953024381351314,11.759208237253834
"2024-11-01 23:38:39.0000",7.82,84.03,18.008943557739258,7.752867583450579,11.364190781619417
"2024-11-02 00:08:10.0000",8.27,84.23,18.89620018005371,9.071511338679315,15.664721461259374
"2024-11-02 00:38:09.0000",8.83,83.92,12.899150848388672,6.434433446973303,11.605899874290028
"2024-11-02 01:08:05.0000",9.28,83.68,7.609923362731934,4.326262227104429,9.256875594247042
"2024-11-02 02:38:10.0000",9.84,83.74,17.2152099609375,8.09256537654462,13.064070476684918
"2024-11-02 03:38:02.0000",9.8,83.89,30.999265670776367,14.736899365806062,17.98430568793615
"2024-11-02 04:07:58.0000",9.8,84.05,29.612775802612305,14.486697342219257,20.680764574876424
"2024-11-02 04:37:59.0000",9.8,84.12,28.901626586914062,14.256441695800378,20.89751686460794
"2024-11-02 05:08:03.0000",10.86,81.3,31.55960464477539,16.485120324523358,23.367123198517373
"2024-11-02 05:38:15.0000",9.97,83.77,29.438142776489258,14.482375560563689,19.879067979120446
"2024-11-02 06:07:52.0000",9.99,84.07,29.518688201904297,14.10537754205192,20.447460068419122
"2024-11-02 06:38:06.0000",10.03,84.22,28.32615089416504,13.530249320444474,17.837772724459445
"2024-11-02 07:37:45.0000",10.35,84.23,21.11203384399414,9.309113964956978,13.058221600678143
"2024-11-02 08:07:44.0000",10.67,84.27,13.428243637084961,5.8547304818781285,10.000998915893412
"2024-11-02 08:37:36.0000",11.03,84.07,8.102660179138184,3.6191378859413157,6.687531379436593
"2024-11-02 09:07:33.0000",11.26,84.04,7.876372814178467,3.724171171341767,7.577854056765406
"2024-11-02 09:37:41.0000",12.39,81.02,9.415305137634277,4.236616504330741,8.507723027525001
"2024-11-02 10:07:35.0000",11.72,83.52,9.17945384979248,4.137250831536722,8.120773381988185
"2024-11-02 10:38:01.0000",11.88,83.41,9.090944290161133,3.85475957196934,8.860945381936364
"2024-11-02 11:07:35.0000",12.76,80.53,8.816496849060059,3.645567853181031,8.449721458857603
"2024-11-02 11:37:25.0000",11.87,83.16,51.87622833251953,43.83274369358166,33.44806702604845
"2024-11-02 12:07:26.0000",11.94,83.28,5.805627822875977,2.276286483726035,6.000227273312923
"2024-11-02 12:37:21.0000",11.88,83.07,3.3707637786865234,1.808663262350719,5.068609806663645
"2024-11-02 13:08:10.0000",11.87,83.08,3.121642589569092,1.795913932303217,6.133575969384672
"2024-11-02 13:37:19.0000",11.76,82.86,5.654104232788086,2.6126345655201013,6.376892596195474
"2024-11-02 14:07:17.0000",11.7,83.12,7.452270030975342,2.563697024483596,5.0741826608798135
"2024-11-02 14:37:14.0000",11.66,83.02,5.7378058433532715,2.6071190291947692,6.529912938545811
"2024-11-02 15:07:13.0000",11.6,83,2.609140157699585,1.5906109903470262,5.193359327225314
"2024-11-02 15:37:07.0000",11.54,82.84,3.959141254425049,2.038474140795129,5.98593279643007
"2024-11-02 16:07:31.0000",11.41,82.76,4.893802165985107,2.1879077657035637,6.544251914432484
"2024-11-02 16:37:02.0000",11.27,82.72,5.4131903648376465,2.4304826970596016,5.920871700459007
"2024-11-02 17:06:57.0000",11.14,82.84,7.50667667388916,2.9076830032340633,6.158633634692483
"2024-11-02 17:36:57.0000",11.05,82.83,7.970804214477539,3.1625885433094774,6.746049468848192
"2024-11-02 18:06:54.0000",10.96,82.8,8.810672760009766,3.4249793829808644,7.710730420871027
"2024-11-02 18:36:50.0000",10.94,82.78,10.793142318725586,4.193301504590971,6.479542092281319
"2024-11-02 19:06:46.0000",10.96,82.74,12.6759672164917,4.610372165999232,7.697193288572394
"2024-11-02 19:36:43.0000",10.87,82.71,15.820155143737793,5.889437865423945,9.36756550697981
"2024-11-02 20:06:42.0000",10.86,82.76,19.826040267944336,6.5597687549199515,9.49552879341834
"2024-11-02 20:36:37.0000",10.87,82.78,12.621979713439941,4.845953712682435,8.299357830964217
"2024-11-02 21:06:34.0000",10.87,82.86,17.24554443359375,6.716110121795007,9.880061156221135
"2024-11-02 21:37:07.0000",10.84,82.88,26.706701278686523,9.652161351006036,12.91815041468619
"2024-11-02 22:06:36.0000",10.99,82.76,14.173144340515137,5.276375824302455,8.234330421423177
"2024-11-02 22:36:31.0000",11.04,82.83,12.963786125183105,4.844356436180059,7.882669068880222
"2024-11-02 23:06:30.0000",11.12,82.8,12.091869354248047,4.658645115213591,8.381373977918502
"2024-11-02 23:36:32.0000",11.09,82.78,16.950035095214844,7.566700530791536,9.54812581108141
"2024-11-03 00:06:30.0000",10.96,82.88,23.135608673095703,9.053403719873899,13.631061597611204
"2024-11-03 00:36:25.0000",10.93,83,23.05260467529297,8.845796364524956,12.029748961898967
"2024-11-03 01:06:22.0000",10.96,83,22.394285202026367,8.672724802037257,12.535106083437965
"2024-11-03 01:36:13.0000",10.94,83.07,18.453195571899414,6.936267258219235,9.473231037457728
"2024-11-03 02:06:11.0000",10.89,83.17,19.754457473754883,7.6104541614569845,10.511506735462739
"2024-11-03 02:36:07.0000",10.92,83.21,24.852888107299805,10.029233421303749,13.899742844723516
"2024-11-03 03:06:05.0000",10.9,83.28,29.09255027770996,12.233711002593928,16.297081646019294
"2024-11-03 03:36:34.0000",10.71,83.42,38.41474151611328,18.36206710632571,23.382488747360267
"2024-11-03 04:06:04.0000",10.65,83.57,43.411582946777344,21.363932327609778,31.979225468350933
"2024-11-03 04:36:03.0000",10.57,83.74,48.24833679199219,24.592242000472627,36.64885364367704
"2024-11-03 05:06:02.0000",10.56,83.91,59.3752326965332,30.356091848581002,43.40767750894877
"2024-11-03 05:35:56.0000",10.46,84.12,66.17866516113281,33.83417829532262,48.12196297517196
"2024-11-03 06:05:56.0000",10.36,84.31,50.14687728881836,25.300679794517325,36.85252510234897
"2024-11-03 06:36:17.0000",10.22,84.49,29.21632194519043,13.693393364311634,18.71774092933129
"2024-11-03 07:05:51.0000",10.2,84.52,31.55406379699707,14.391006016576346,18.71862213377828
"2024-11-03 07:35:44.0000",10.19,84.59,29.06770133972168,12.923187295908463,18.769060204263003
"2024-11-03 08:05:43.0000",10.27,84.64,25.424400329589844,10.51625636279205,16.506577453142256
"2024-11-03 08:35:39.0000",10.38,84.63,20.253908157348633,8.569472690980787,12.44754549575907
"2024-11-03 09:05:35.0000",10.52,84.61,17.379182815551758,6.665141316731702,10.73738176841305
"2024-11-03 09:35:33.0000",10.61,84.58,13.54471206665039,5.109594206497407,10.225273992633108
"2024-11-03 10:05:30.0000",10.67,84.4,7.2146453857421875,2.8430855099343106,6.471936086558722
"2024-11-03 10:35:26.0000",10.72,84.45,8.674332618713379,3.54001205145533,8.153644786470439
"2024-11-03 11:05:25.0000",10.93,84.19,9.238982200622559,3.509635797473561,8.90266827392551
"2024-11-03 11:35:21.0000",10.98,84.06,11.58290958404541,4.515368543383413,8.584021780419615
"2024-11-03 12:05:19.0000",11.1,83.94,9.780843734741211,4.125940488007892,8.54431053693224
"2024-11-03 12:35:15.0000",11.14,83.75,10.997974395751953,4.502774049279035,8.547919479862951
"2024-11-03 13:05:12.0000",11.06,83.7,15.024212837219238,5.666327806077952,9.524895193078294
"2024-11-03 13:35:10.0000",11,83.61,11.393251419067383,4.557191137241177,8.850443182555619
"2024-11-03 14:05:07.0000",10.95,83.52,9.988825798034668,4.1392914440860045,8.299157333426773
"2024-11-03 14:35:05.0000",10.7,83.5,13.250974655151367,5.114064666458189,9.629180398522424
"2024-11-03 15:05:03.0000",10.45,83.53,13.717947959899902,5.10247105834005,10.896555891481446
"2024-11-03 15:34:57.0000",10.16,83.61,11.232561111450195,4.310808285650479,7.886706807483493
"2024-11-03 16:05:32.0000",9.96,83.62,10.449382781982422,3.756777837624998,10.618289196328472
"2024-11-03 16:34:52.0000",9.62,83.53,14.841137886047363,5.525816492847041,10.26024941305444
"2024-11-03 17:04:51.0000",9.4,83.85,12.836187362670898,4.771615576114973,6.923513196347838
"2024-11-03 17:34:46.0000",9.44,83.7,12.188199043273926,4.6672613845895965,8.721397048992344
"2024-11-03 18:04:55.0000",9.39,83.6,14.807722091674805,5.15694206213641,9.381424003024138
"2024-11-03 18:34:40.0000",9.36,83.5,17.4072265625,5.8959847175374875,10.752538076598603
"2024-11-03 19:04:38.0000",9.34,83.43,15.416836738586426,5.369203128757958,8.629411523680949
"2024-11-03 19:34:34.0000",9.31,83.34,14.552490234375,4.840035719703212,10.617747067416
"2024-11-03 20:04:34.0000",9.29,83.26,17.480358123779297,5.909165205037623,10.694338934668979
"2024-11-03 20:34:29.0000",9.28,83.13,16.46186637878418,5.608130872125743,11.854903940669555
"2024-11-03 21:04:35.0000",9.28,83.01,16.113174438476562,5.562219696803073,9.902534965871391
"2024-11-03 21:34:23.0000",9.3,82.82,17.541759490966797,6.037468856732059,10.720346328584451
"2024-11-03 22:04:22.0000",9.28,82.72,19.90949249267578,6.741373095531764,10.097181224183686
"2024-11-03 22:34:19.0000",9.24,82.68,26.12148094177246,9.084068970425882,13.629413185927156
"2024-11-03 23:04:14.0000",9.23,82.6,25.391923904418945,8.77466634880037,12.292953052750246
"2024-11-03 23:34:39.0000",9.22,82.51,25.44451904296875,9.226821582646483,11.982015213303221
"2024-11-04 00:04:40.0000",9.2,82.36,24.946565628051758,8.275816120930054,14.68154337553096
"2024-11-04 00:34:32.0000",9.15,82.27,22.14698600769043,7.573114120649384,14.22237655867024
"2024-11-04 01:34:06.0000",9.24,82.1,17.35319709777832,6.134949857079259,10.375925239659264
"2024-11-04 02:04:29.0000",9.18,82.17,15.625797271728516,5.707565512484237,10.070608473926068
"2024-11-04 02:34:02.0000",9.17,82.12,14.723087310791016,5.281875948288061,8.613073527602948
"2024-11-04 03:03:56.0000",9.19,82.14,14.694145202636719,5.329402374698017,8.387248962435798
"2024-11-04 03:33:55.0000",9.14,82.2,15.169221878051758,5.702880135067394,8.513857647756984
"2024-11-04 04:03:51.0000",9.09,82.22,18.470521926879883,6.475916972033642,11.401121658278715
"2024-11-04 04:33:50.0000",9.04,82.28,21.96625518798828,7.629402297410698,13.515530707114559
"2024-11-04 05:33:49.0000",9.07,82.07,24.02464485168457,7.573918532304082,12.731981188280677
"2024-11-04 06:03:45.0000",9.02,82.21,24.12629508972168,7.924511137672333,11.945746794819105
"2024-11-04 07:03:39.0000",9.05,82.12,27.636857986450195,9.38375492912064,11.369513779042125
"2024-11-04 08:04:27.0000",9.2,82.18,29.92331886291504,10.37251804384793,14.078201647845603
"2024-11-04 08:33:49.0000",9.29,82.1,28.879093170166016,9.729484323349212,11.296286965485663
"2024-11-04 09:03:35.0000",9.39,82.15,30.287006378173828,10.632875039797534,16.16224729386522
"2024-11-04 09:33:31.0000",9.6,82.1,29.120901107788086,10.166118891649855,13.69382034159318
"2024-11-04 10:03:32.0000",9.73,81.97,29.816246032714844,10.369087945220596,11.583519890517309
"2024-11-04 11:03:29.0000",10.02,81.6,31.67989158630371,11.077369623139937,10.467059792432694
"2024-11-04 11:33:23.0000",10.11,81.62,32.68712615966797,11.103423273019853,13.812937574302735
"2024-11-04 12:03:21.0000",10.28,81.47,34.05510711669922,11.578007690579051,15.42653765975536
"2024-11-04 12:33:18.0000",10.38,81.34,30.976131439208984,10.413032771976512,13.000163704999482
"2024-11-04 13:03:49.0000",10.4,81.26,29.24675941467285,9.846015759042889,12.753373679292018
"2024-11-04 13:33:14.0000",10.45,80.9,24.229389190673828,7.990526799862639,10.815634010612625
"2024-11-04 14:03:15.0000",10.33,80.93,28.294254302978516,9.062519726920838,12.413254293199323
"2024-11-04 14:33:34.0000",10.24,80.82,28.778379440307617,9.47178682244259,12.780909532094125
"2024-11-04 15:03:27.0000",10.02,80.75,30.00409698486328,10.199019950536993,11.456713350292373
"2024-11-04 15:33:00.0000",9.91,80.61,28.92870330810547,9.211212716402589,11.341390589399237
"2024-11-04 16:03:04.0000",9.74,80.74,31.844310760498047,10.094677299685097,12.029932361660805
"2024-11-04 16:33:01.0000",9.62,80.74,38.24815368652344,12.263729913975638,16.644036626854838
"2024-11-04 17:32:49.0000",9.51,80.75,45.346858978271484,14.790563596215076,14.757910629780861
"2024-11-04 18:02:48.0000",9.48,80.78,48.298866271972656,16.020051626345285,17.508268298145268
"2024-11-04 18:32:50.0000",9.41,80.78,50.7625846862793,17.20065625881848,17.098358853527476
"2024-11-04 19:02:47.0000",9.4,80.78,54.88394546508789,18.119010150097253,20.770216753055877
"2024-11-04 19:33:34.0000",9.41,80.79,62.11833572387695,20.875531784055863,21.61507071211318
"2024-11-04 20:02:55.0000",9.48,80.61,59.79167938232422,20.226532992211727,19.550306926437006
"2024-11-04 20:33:34.0000",10.42,77.83,58.74613571166992,20.14078153486435,21.43384600775411
"2024-11-04 21:02:37.0000",9.43,80.16,58.36745071411133,20.90940975119492,21.474454389959547
"2024-11-04 21:32:38.0000",9.28,80.65,44.12678527832031,16.5210707918439,19.297679792276252
"2024-11-04 22:02:28.0000",9.26,80.75,43.08987045288086,16.876287043211956,18.441532699931233
"2024-11-04 22:32:26.0000",9.25,80.85,41.948081970214844,17.37309127776712,19.050902178793766
"2024-11-04 23:02:22.0000",9.22,80.9,40.948585510253906,17.203771553099976,21.587242150580693
"2024-11-04 23:32:20.0000",9.22,80.98,41.825069427490234,18.315748825233424,23.778260824256446
"2024-11-05 00:02:25.0000",9.23,81.04,41.300777435302734,18.33783716449885,22.22750977321298
"2024-11-05 00:32:15.0000",9.22,81.09,45.34117889404297,20.140464116577323,23.512044937992357
"2024-11-05 01:02:21.0000",9.13,81.25,49.97116470336914,23.38775323538973,29.63167258070307
"2024-11-05 01:32:12.0000",8.98,81.35,56.553993225097656,29.664354513930547,37.6302552653383
"2024-11-05 02:02:10.0000",8.85,81.66,61.78346252441406,34.20412321152163,44.310533777464954
"2024-11-05 02:32:07.0000",8.79,81.88,69.17044830322266,40.075220786993754,55.739509011115636
"2024-11-05 03:02:06.0000",8.8,82.04,70.01420593261719,43.090794371137235,60.98226462716612
"2024-11-05 03:32:04.0000",8.76,82.17,70.6471939086914,45.28172053665339,65.70311383629137
"2024-11-05 04:02:06.0000",8.69,82.33,65.48155212402344,46.143847086412194,71.39942673735264
"2024-11-05 04:31:58.0000",8.65,82.47,55.9792366027832,39.28095178523044,60.69273676044382
"2024-11-05 05:02:28.0000",8.75,82.54,26.77121353149414,14.952850304352173,19.672431795554527
"2024-11-05 05:31:49.0000",8.84,82.37,20.506296157836914,11.962385860763808,19.509584857901558
"2024-11-05 06:01:47.0000",8.9,82.44,28.718027114868164,17.025959350535313,24.617007915877636
"2024-11-05 06:31:50.0000",8.91,82.47,19.34156608581543,11.768040867785114,17.832607954116025
"2024-11-05 07:01:46.0000",9,82.43,16.127805709838867,9.117428775273023,13.554987839232474
"2024-11-05 07:31:57.0000",9.04,82.44,17.94940185546875,10.412431963133653,15.604724089231409
"2024-11-05 08:01:41.0000",9.1,82.42,20.328048706054688,12.842635427169624,17.61187273060931
"2024-11-05 08:31:38.0000",9.25,82.47,21.18122673034668,13.265828481285647,21.11739651021208
"2024-11-05 09:01:43.0000",9.4,82.44,22.54988670349121,14.089047848464643,19.917374439687553
"2024-11-05 09:31:39.0000",9.7,82.44,16.952207565307617,9.934768099617576,15.081387296544339
"2024-11-05 10:01:41.0000",10.43,82.03,17.106731414794922,9.123363524537266,14.652069641170542
"2024-11-05 10:31:42.0000",10.82,81.75,19.406511306762695,10.368542050277618,15.622004509209793
"2024-11-05 11:01:34.0000",11.12,81.62,19.666561126708984,10.34857057538961,13.27619964312868
"2024-11-05 11:31:31.0000",11.51,81.45,22.83159828186035,11.731499715294335,16.25760621843312
"2024-11-05 12:01:34.0000",11.99,81.1,24.309864044189453,12.297396072437133,16.756460260787218
"2024-11-05 12:31:54.0000",11.85,81.07,21.863929748535156,10.712446854151606,12.42931065922636
"2024-11-05 13:01:22.0000",11.62,81.2,23.805208206176758,11.510057900705755,15.887961027215823
"2024-11-05 13:31:19.0000",11.56,81.36,27.43836784362793,13.953749155174165,18.63783959339213
"2024-11-05 14:01:51.0000",11.06,81.61,33.97529983520508,19.741066992251604,24.833055592552743
"2024-11-05 14:31:50.0000",10.99,81.83,34.47425079345703,19.83585625053854,25.851700474441255
"2024-11-05 15:01:19.0000",10.72,82.08,36.48859405517578,22.187977971746573,31.262239010435756
"2024-11-05 15:31:13.0000",10.66,82.38,37.56585693359375,22.20231527044092,31.27653507960005
"2024-11-05 16:01:36.0000",10.53,82.56,54.72962951660156,26.128448223190375,35.76394354362658
"2024-11-05 16:31:07.0000",10.4,82.71,56.72970962524414,23.687439515484424,32.376340493377924
"2024-11-05 17:01:11.0000",10.27,83.01,51.05057907104492,26.49490724855138,35.928635343626155
"2024-11-05 17:31:14.0000",10.3,83.17,46.861263275146484,26.49985087247525,36.2903120583722
"2024-11-05 18:01:06.0000",10.37,83.25,58.06085968017578,30.198519271179777,42.00797846934896
"2024-11-05 18:31:00.0000",10.34,83.35,106.88019561767578,50.71112219144477,60.65711274268108
"2024-11-05 19:00:59.0000",10.29,83.42,218.56190490722656,101.49066438040053,117.40308078665736
"2024-11-05 19:30:58.0000",10.15,83.7,222.0662078857422,96.77041239439131,110.05058158914674
"2024-11-05 20:00:57.0000",10.18,83.82,103.88262939453125,50.017790320023494,61.588329425780465
"2024-11-05 20:30:51.0000",10.2,83.87,197.17984008789062,82.7098730635456,88.42822549846596
"2024-11-05 21:00:49.0000",10.22,84,190.7191162109375,82.04527910711856,89.70448766329348
"2024-11-05 21:30:48.0000",10.21,84.07,113.0035629272461,50.16129960877941,63.38524086056919
"2024-11-05 22:00:46.0000",10.23,84.13,91.59556579589844,49.96715032248571,65.51812537105671
"2024-11-05 22:31:05.0000",10.17,84.2,203.65879821777344,86.22444245830062,101.72825578618585
"2024-11-05 23:00:39.0000",10.17,84.31,78.66362762451172,45.15048446314667,65.61828855044116
"2024-11-05 23:30:33.0000",10.19,84.42,61.97523498535156,36.425348173787505,54.992017944275055
"2024-11-06 00:00:34.0000",10.17,84.52,51.84542465209961,31.479891519149543,45.16375636240608
"2024-11-06 01:00:29.0000",10.26,84.48,71.08824157714844,37.04701198070077,53.967680114046445
"2024-11-06 01:30:28.0000",10.3,84.62,43.272361755371094,25.025377608225305,36.730372566781604
"2024-11-06 02:00:23.0000",10.33,84.66,45.415611267089844,26.721663266717425,37.11533353104664
"2024-11-06 02:30:19.0000",10.33,84.74,43.51445770263672,24.35196238280479,36.320874990955524
"2024-11-06 03:00:17.0000",10.36,84.76,44.9119758605957,25.80519075635348,36.19278690645511
"2024-11-06 03:30:13.0000",10.38,84.81,40.20625686645508,22.338823144350677,33.261512642487276
"2024-11-06 04:00:19.0000",10.38,84.84,39.27653503417969,21.107815650866385,29.416044502615357
"2024-11-06 04:30:08.0000",10.42,84.86,35.97563552856445,19.215815572322203,26.15047489890851
"2024-11-06 05:00:07.0000",10.42,84.89,34.34738540649414,18.436958185482453,26.21974495456065
"2024-11-06 05:30:03.0000",10.44,84.96,31.8936710357666,16.46498846408062,23.767396054313533
"2024-11-06 05:59:59.0000",10.41,84.99,35.505821228027344,19.224519408821134,29.18047712772034
"2024-11-06 06:29:57.0000",10.4,85.03,34.091617584228516,18.84603909646613,27.674553967479174
"2024-11-06 07:00:01.0000",10.47,85.08,30.46717643737793,16.56501435963655,24.953144557608386
"2024-11-06 07:59:49.0000",9.68,85.61,39.94075393676758,24.643371423889548,40.525157067513156
"2024-11-06 08:29:58.0000",10.5,85.39,34.91086959838867,19.863512231915735,28.174030779469486
"2024-11-06 08:59:47.0000",10.93,85.02,32.36294174194336,17.97796340395214,27.20260700978249
"2024-11-06 09:30:12.0000",11.53,84.96,30.224790573120117,13.969860163504109,19.606930897029276
"2024-11-06 09:59:46.0000",12.3,84.19,23.522563934326172,11.629688841136918,16.29935377171604
"2024-11-06 10:29:45.0000",12.93,84.24,24.180522918701172,10.553076337031017,14.320595376344675
"2024-11-06 10:59:51.0000",13.34,83.7,22.522472381591797,8.892455984526224,14.812973857482689
"2024-11-06 11:29:45.0000",13.51,83.64,19.492528915405273,7.566399125061138,9.892042750235245
"2024-11-06 11:59:40.0000",13.62,83.59,17.172801971435547,6.0475834734431455,10.062240467278825
"2024-11-06 12:29:38.0000",14.27,83.34,10.598655700683594,4.818514172399184,10.06406241182222
"2024-11-06 12:59:39.0000",14.71,82.53,12.733100891113281,5.2154372673539156,8.556260109251406
"2024-11-06 13:29:37.0000",14.5,83.03,13.419893264770508,5.75232075132925,10.394149216305463
"2024-11-06 13:59:35.0000",14.75,82.52,14.324535369873047,6.113266754839463,8.957355727490505
"2024-11-06 14:29:31.0000",14.17,82.53,14.84391975402832,5.943026841820021,10.327433113147316
"2024-11-06 14:59:28.0000",13.83,82.69,16.023191452026367,6.720933424075475,9.185246252471261
"2024-11-06 15:29:25.0000",13.39,82.81,13.060164451599121,5.398447558795882,9.282712012328334
"2024-11-06 15:59:28.0000",13.02,82.9,13.083855628967285,5.533783472540052,9.78816902528114
"2024-11-06 16:29:20.0000",12.74,82.95,12.328890800476074,5.067924439310983,9.759726118207405
"2024-11-06 16:59:14.0000",12.46,83.08,13.028364181518555,5.352194917356209,9.463044614809712
"2024-11-06 17:29:14.0000",11.81,83.53,13.451605796813965,5.379874857199243,10.010493686068884
"2024-11-06 17:59:05.0000",11.91,83.57,13.364601135253906,5.358711757780882,8.88759708698696
"2024-11-06 18:29:05.0000",12.01,83.51,13.530316352844238,5.386353642141143,10.266828949516139
"2024-11-06 18:59:07.0000",12,83.53,13.61737060546875,5.261524223112066,8.95273692978107
"2024-11-06 19:29:01.0000",11.95,83.54,7.010386943817139,3.0407203041506157,6.907300118421271
"2024-11-06 19:58:59.0000",11.78,83.61,26.092206954956055,8.716974532223139,10.717987834199125
"2024-11-06 20:29:02.0000",11.57,83.74,37.87867736816406,12.544862263646424,14.457152382697407
"2024-11-06 20:58:54.0000",11.44,83.79,17.427034378051758,5.69829684465219,8.690204973220569
"2024-11-06 21:28:51.0000",11.33,83.86,12.95881175994873,4.575596258986491,9.067588557126328
"2024-11-06 21:58:48.0000",11.28,83.9,16.329042434692383,5.661487610915644,9.833847215983338
"2024-11-06 22:28:47.0000",11.18,83.93,19.359533309936523,6.525760308460828,9.345575447567189
"2024-11-06 22:58:42.0000",11.11,84,20.852642059326172,7.557824092454497,10.363425574989453
"2024-11-06 23:28:40.0000",11.05,84.05,21.98619270324707,8.077958334215477,10.31748481182588
"2024-11-06 23:58:36.0000",10.98,84.12,22.861268997192383,8.257517459274872,11.777754938142328
"2024-11-07 00:28:33.0000",10.94,84.16,19.253536224365234,7.244720591474319,10.412014262900346
"2024-11-07 00:58:31.0000",10.83,84.25,20.108434677124023,7.703905608569912,11.702994885372048
"2024-11-07 01:28:27.0000",10.69,84.38,12.388667106628418,4.894775077936219,7.912950216134946
"2024-11-07 01:58:25.0000",10.63,84.44,9.681281089782715,3.962151173809621,7.717083477176471
"2024-11-07 02:28:23.0000",10.48,84.52,22.544828414916992,8.420835421353088,11.449626591707787
"2024-11-07 02:58:21.0000",10.23,84.62,31.59295654296875,13.970713250670212,16.931011499845305
"2024-11-07 03:28:16.0000",10,84.77,18.903152465820312,8.127866011285837,11.778784814122565
"2024-11-07 03:58:13.0000",9.82,84.86,42.8350944519043,21.908487442061055,28.784524746557462
"2024-11-07 04:28:14.0000",9.56,85.01,26.92156982421875,13.468640581946502,17.810367458385198
"2024-11-07 04:58:02.0000",9.16,85.3,29.69632911682129,17.52985307994881,23.635094848545226
"2024-11-07 05:27:59.0000",9.18,85.38,18.42932891845703,9.291629113093324,15.808443503213466
"2024-11-07 05:58:07.0000",9.26,85.36,13.442432403564453,6.596670951288082,10.33952230535242
"2024-11-07 06:27:59.0000",9.33,85.35,12.972227096557617,6.236190413556796,10.726841404478836
"2024-11-07 07:27:54.0000",9.33,85.3,15.199350357055664,7.286609167995792,10.994107675191513
"2024-11-07 07:57:50.0000",9.46,85.65,6.816669940948486,3.284521078843032,7.512410685784736
"2024-11-07 08:57:46.0000",9.99,85.32,11.983275413513184,5.260402174023013,8.640795074206055
"2024-11-07 09:27:49.0000",10.25,85.27,9.85938835144043,4.267159377573004,7.818950040554953
"2024-11-07 09:57:43.0000",10.44,85.15,9.161360740661621,3.8267692461863563,6.991530853231951
"2024-11-07 10:27:43.0000",10.56,85.02,7.1371636390686035,3.262550422214586,6.9506028614243265
"2024-11-07 10:57:50.0000",10.63,84.79,5.496049880981445,2.753989859424337,5.674321696176155
"2024-11-07 11:27:38.0000",10.78,84.49,6.098659038543701,2.9656909455964455,7.863558925044632
"2024-11-07 11:57:37.0000",10.89,84.35,4.5176215171813965,2.4378414197712903,5.605851599609978
"2024-11-07 12:27:35.0000",11.05,84.19,3.119662284851074,1.8356116447555113,5.438199739756908
"2024-11-07 12:57:31.0000",11.22,83.91,9.844968795776367,1.8665745689818127,4.792009957891614
"2024-11-07 13:27:29.0000",11.27,83.69,26.0466365814209,2.058492207256651,5.237236150426776
"2024-11-07 13:57:20.0000",11.15,83.63,3.579252243041992,2.0276960416401906,6.41885507686743
"2024-11-07 14:27:19.0000",10.94,83.72,4.777917385101318,2.4031314766408447,6.205404908383339
"2024-11-07 14:57:15.0000",10.81,83.8,6.29149055480957,3.1485491052297054,6.845915566328876
"2024-11-07 15:27:13.0000",10.7,83.82,8.001684188842773,3.6069304794457735,6.3646427190279224
"2024-11-07 15:57:20.0000",11.6,81,7.974569320678711,3.458914186713406,6.703290905564164
"2024-11-07 16:27:06.0000",10.62,83.44,11.247329711914062,4.45955666472844,7.8122758741118705
"2024-11-07 16:57:09.0000",10.44,83.81,13.692705154418945,5.171119761143705,9.257440334059346
"2024-11-07 17:27:01.0000",10.31,83.98,20.031688690185547,7.6320674493342535,10.747880828110187
"2024-11-07 17:56:52.0000",10.22,84.08,27.774639129638672,10.798589301510722,14.108596933812452
"2024-11-07 18:26:55.0000",10.17,84.21,29.40624237060547,11.787051913217368,15.798303970362822
"2024-11-07 18:56:54.0000",10.28,84.19,23.5047550201416,9.283871752659708,12.193863164073319
"2024-11-07 19:26:50.0000",10.35,84.11,45.07449722290039,8.893124191850692,11.51224883327762
"2024-11-07 19:56:51.0000",10.39,84.08,22.440662384033203,8.602029261253,11.929595871587635
"2024-11-07 20:26:38.0000",10.4,84.06,27.96417236328125,11.809133594046427,16.758244738194758
"2024-11-07 20:56:37.0000",10.37,84.05,31.183212280273438,13.714925164224637,17.407759457782532
"2024-11-07 21:26:43.0000",10.28,84.08,38.41520690917969,17.1892601724576,18.81398332342672
"2024-11-07 21:56:29.0000",10.24,84.07,39.135459899902344,17.355567481649942,20.813147019490977
"2024-11-07 22:26:32.0000",10.23,84.06,42.476016998291016,17.37384497687028,19.552213148193232
"2024-11-07 22:56:28.0000",10.25,83.96,44.22822189331055,18.67096990581588,20.163279885016863
"2024-11-07 23:26:27.0000",10.24,83.84,50.96175765991211,23.051472414723992,26.997086316186117
"2024-11-07 23:56:23.0000",10.16,83.75,55.233726501464844,25.509675323695053,30.342340704267883
"2024-11-08 00:26:24.0000",10.02,83.73,52.343143463134766,24.949812959495684,25.842349308059894
"2024-11-08 00:56:15.0000",9.87,83.71,44.96465301513672,21.7218670916436,24.996878966700148
"2024-11-08 01:26:15.0000",9.72,83.7,43.290279388427734,21.225903239073578,25.547020439768158
"2024-11-08 01:56:11.0000",9.55,83.66,58.858055114746094,30.725785227941913,37.5227894867895
"2024-11-08 02:26:08.0000",9.3,83.74,39.705810546875,21.13182847077012,23.789598113877425
"2024-11-08 02:56:00.0000",9.13,83.77,24.937726974487305,13.747776337076072,18.781666702121644
"2024-11-08 03:25:57.0000",8.89,83.82,27.29410743713379,16.957905393818006,25.799792481113798
"2024-11-08 03:55:56.0000",8.74,83.88,34.4249153137207,23.229323930259064,34.00999056949006
"2024-11-08 04:25:53.0000",8.73,83.92,31.559484481811523,20.78730781682026,32.96339765224564
"2024-11-08 04:55:49.0000",8.68,83.96,25.720964431762695,16.398448687900405,26.463559838450834
"2024-11-08 05:25:46.0000",8.74,83.98,11.84496784210205,6.497374634861052,11.720010640462434
"2024-11-08 05:55:44.0000",8.77,83.98,20.04591941833496,12.59001500413342,21.148259905226215
"2024-11-08 06:25:45.0000",8.83,83.96,25.751771926879883,16.769057037010544,28.741804689668864
"2024-11-08 06:55:37.0000",8.79,83.97,18.55066680908203,10.655169871137733,18.172961853529284
"2024-11-08 07:25:35.0000",8.88,84.03,14.634495735168457,8.92312066959304,15.16373646437666
"2024-11-08 07:55:31.0000",8.96,84.03,15.087255477905273,9.018267001025142,15.546466920475657
"2024-11-08 08:25:29.0000",9.04,84.03,18.476781845092773,11.08540222829534,16.279966363754912
"2024-11-08 08:55:26.0000",9.11,84.07,19.405479431152344,11.932928560238306,20.195066602992068
"2024-11-08 09:25:25.0000",9.32,83.98,14.585494995117188,9.117574001742163,17.052057574471007
"2024-11-08 09:55:28.0000",9.42,83.8,20.361438751220703,13.104001070302841,23.559615835805296
"2024-11-08 10:25:18.0000",9.07,83.91,32.84151840209961,22.46314242310079,36.06934938454606
"2024-11-08 10:55:19.0000",8.84,84.02,32.586280822753906,21.3953518097471,33.23549382682488
"2024-11-08 11:25:12.0000",8.56,84,40.37419891357422,26.25095724381068,41.007766436861
"2024-11-08 11:55:12.0000",8.6,84,43.77145004272461,24.399485456823275,34.14637681008465
"2024-11-08 12:25:06.0000",8.75,83.6,46.054325103759766,24.13206227847303,29.06360082819398
"2024-11-08 12:55:04.0000",8.91,83.25,43.01313400268555,22.1958417382671,29.074170822886476
"2024-11-08 13:25:00.0000",8.67,83,43.47203826904297,22.430078664128686,26.30016835839328
"2024-11-08 13:55:08.0000",8.41,82.95,38.90629577636719,18.28647311946175,23.652465733329297
"2024-11-08 14:25:00.0000",8.16,82.79,41.44394302368164,18.488276446412016,21.254345326205666
"2024-11-08 14:54:57.0000",8.02,82.69,37.28273010253906,16.09268669103684,18.02798786410073
"2024-11-08 15:24:48.0000",7.92,82.63,37.140316009521484,16.054660662629644,19.372146225570773
"2024-11-08 15:54:45.0000",7.75,82.57,44.06895065307617,18.26734272993915,20.818141061811385
"2024-11-08 16:24:48.0000",7.67,82.53,62.650489807128906,23.63746231546739,25.16052313660276
"2024-11-08 16:54:45.0000",7.63,82.46,48.68149185180664,20.172180488653076,23.908401305849893
"2024-11-08 17:24:44.0000",7.56,82.38,43.40631866455078,19.367117410623894,25.988962186667784
"2024-11-08 17:54:39.0000",7.52,82.35,40.64164352416992,19.996337278038382,25.621563562757622
"2024-11-08 18:24:34.0000",7.42,82.3,40.400291442871094,20.164779263198067,25.209248735165758
"2024-11-08 18:54:36.0000",7.29,82.31,42.962215423583984,20.96303126851292,24.792692808519085
"2024-11-08 19:24:25.0000",7.23,82.23,42.39331817626953,20.87433630759283,27.72156594233305
"2024-11-08 19:54:59.0000",7.18,82.23,42.6635627746582,20.855467651773786,27.635301536234905
"2024-11-08 20:24:29.0000",7.14,82.01,43.818519592285156,20.499856337664255,26.39931669828548
"2024-11-08 20:54:22.0000",7.02,82.09,45.875144958496094,20.979657656680754,25.28352410185669
"2024-11-08 21:24:24.0000",6.99,82.09,50.00374221801758,22.510535415092615,26.830150072022537
"2024-11-08 21:54:16.0000",6.95,81.99,56.912933349609375,25.863910944697633,26.290959825743446
"2024-11-08 22:24:08.0000",6.93,81.97,50.73723220825195,22.969862697075857,25.708607163840664
"2024-11-08 22:54:11.0000",6.9,81.98,49.48683547973633,22.455571401078117,23.07991002779456
"2024-11-08 23:24:08.0000",6.84,81.92,49.019412994384766,21.193971988444996,25.74241070419789
"2024-11-08 23:54:05.0000",6.79,81.9,52.95155334472656,22.885190249252588,26.530603048710027
"2024-11-09 00:24:01.0000",6.76,81.92,49.207515716552734,22.42259342493713,27.154135385857096
"2024-11-09 00:53:59.0000",6.69,81.88,47.401451110839844,21.090710475279554,24.848972042873473
"2024-11-09 01:23:56.0000",6.61,81.86,50.029476165771484,21.907762689834705,24.599904818258192
"2024-11-09 01:53:53.0000",6.55,81.84,48.92478561401367,21.45162442734307,24.101236726987764
"2024-11-09 02:23:50.0000",6.53,81.79,53.131046295166016,23.714051226579947,30.323631762717596
"2024-11-09 02:53:48.0000",6.47,81.79,52.876251220703125,25.572123160887433,32.4277803711784
"2024-11-09 03:23:44.0000",6.4,81.82,56.195072174072266,26.13500143619971,29.735815134506677
"2024-11-09 03:53:41.0000",6.34,81.78,55.706634521484375,25.62445542808387,31.407978941435537
"2024-11-09 04:23:39.0000",6.31,81.78,55.337493896484375,26.534079425413235,33.99925711937289
"2024-11-09 04:53:36.0000",6.28,81.77,52.989505767822266,25.762497911070756,32.34320311150482
"2024-11-09 05:23:33.0000",6.23,81.78,55.3546257019043,27.644766463640686,38.83773226782976
"2024-11-09 05:53:33.0000",6.23,81.77,55.0754508972168,27.924691630294078,38.41250274068144
"2024-11-09 06:23:28.0000",6.21,81.75,55.82004928588867,27.600162320366138,34.09787369559373
"2024-11-09 06:53:24.0000",6.22,81.74,55.803768157958984,27.741500468146572,36.54645750964138
"2024-11-09 07:23:22.0000",6.21,81.72,52.41497802734375,25.879907639476993,34.19699201120013
"2024-11-09 07:53:19.0000",6.23,81.69,55.093231201171875,27.809445872306092,33.8626067827763
"2024-11-09 08:23:20.0000",6.29,81.6,52.83530807495117,26.203748014284166,33.7927555882808
"2024-11-09 08:53:12.0000",6.39,81.54,54.284278869628906,28.166024846752816,36.38235152552364
"2024-11-09 09:23:10.0000",6.51,81.45,52.685821533203125,26.80947275711365,34.98741380012955
"2024-11-09 09:53:07.0000",6.66,81.32,52.699913024902344,27.545793217127205,37.06194508011187
"2024-11-09 10:23:04.0000",6.83,81.18,51.6356086730957,26.98716930132173,34.958103862657076
"2024-11-09 10:53:03.0000",6.94,81.05,51.331993103027344,27.01194900384491,38.25212749508553
"2024-11-09 11:23:04.0000",7.02,80.99,52.56285858154297,27.911214958299343,38.37968586013311
"2024-11-09 11:52:56.0000",7.12,80.9,52.86341857910156,29.005300781135148,42.14343479185093
"2024-11-09 12:22:54.0000",7.37,80.78,52.03269958496094,29.2021466762532,43.108983908329954
"2024-11-09 12:52:54.0000",7.42,80.6,53.22758865356445,31.200944898202092,46.32800491655555
"2024-11-09 13:22:47.0000",7.38,80.63,52.23720169067383,30.336928322856096,45.36770419758403
"2024-11-09 13:52:49.0000",7.39,80.68,49.96986389160156,28.704234236417033,41.87698878278906
"2024-11-09 14:22:41.0000",7.48,80.58,47.47203826904297,26.85952010516198,42.322562729264625
"2024-11-09 14:52:38.0000",7.54,80.54,49.261783599853516,28.978292257848903,44.94918747390676
"2024-11-09 15:22:41.0000",7.21,80.56,51.0806999206543,30.952916112388976,48.740365565432356
"2024-11-09 15:52:36.0000",6.92,80.68,49.352256774902344,31.380285547310454,53.43673177648859
"2024-11-09 16:22:29.0000",6.75,80.77,48.88066864013672,30.642626633925452,49.32850747103056
"2024-11-09 16:52:26.0000",6.61,80.83,49.02178955078125,29.98837831101617,48.08522390028615
"2024-11-09 17:22:24.0000",6.52,80.85,50.351470947265625,29.527187639624245,45.503109572736655
"2024-11-09 17:52:22.0000",6.35,80.89,50.960113525390625,30.60635196838416,47.659571683705636
"2024-11-09 18:22:18.0000",6.41,80.88,51.33143997192383,30.70809267895749,47.34762786406623
"2024-11-09 18:52:15.0000",6.37,80.84,50.93693923950195,31.314319521697932,46.694951568290584
"2024-11-09 19:22:17.0000",6.33,80.87,77.24939727783203,40.54019506356123,60.025495279818784
"2024-11-09 19:52:11.0000",6.36,80.84,51.0568733215332,30.724122071575216,49.39372940071835
"2024-11-09 20:22:38.0000",6.41,80.88,44.14553451538086,26.94026067213367,43.046943161528866
"2024-11-09 20:52:05.0000",6.49,80.71,45.78845977783203,27.795575633128735,42.216379003891596
"2024-11-09 21:22:00.0000",6.51,80.83,48.56071472167969,29.744582388903215,48.022039336073995
"2024-11-09 21:51:53.0000",6.52,80.84,52.40073776245117,31.467125207685488,49.358042383814876
"2024-11-09 22:21:55.0000",6.47,80.94,53.646053314208984,32.17194887293841,51.5389004823823
"2024-11-09 22:51:53.0000",6.49,81,56.539337158203125,34.56327054453864,50.442636578117245
"2024-11-09 23:21:49.0000",6.51,81.06,54.33686447143555,32.05648013058748,47.390247814094074
"2024-11-09 23:51:51.0000",6.52,81.12,55.04148483276367,32.215215069965915,45.57988433262161
"2024-11-10 00:21:43.0000",6.53,81.14,55.675559997558594,32.88149483825604,49.770374443028
"2024-11-10 00:51:40.0000",6.55,81.22,55.6494026184082,32.951792955706345,46.46303539116762
"2024-11-10 01:21:38.0000",6.58,81.29,55.96046447753906,32.45178341601841,46.675809417423395
"2024-11-10 01:51:40.0000",6.67,81.34,55.74555206298828,32.89966585021361,47.582768423331785
"2024-11-10 02:21:38.0000",6.67,81.34,54.528263092041016,32.95224827731365,48.76444991884874
"2024-11-10 02:51:35.0000",6.8,81.44,54.95163345336914,32.778026006932265,46.906747764925406
"2024-11-10 03:21:31.0000",6.84,81.42,58.22052001953125,35.81283842824944,53.8493344176597
"2024-11-10 03:51:28.0000",6.84,81.55,58.3071403503418,36.217351769221246,51.497010300600344
"2024-11-10 04:21:26.0000",6.85,81.62,56.95128631591797,35.508019837412526,52.90294354916262
"2024-11-10 04:51:23.0000",6.86,81.74,55.459388732910156,36.34404954258764,54.243659685589535
"2024-11-10 05:21:20.0000",7.01,81.85,54.209102630615234,35.1797419141834,54.44041894084269
"2024-11-10 05:51:17.0000",7.12,81.89,52.76632308959961,34.84822982481279,55.5970599494642
"2024-11-10 06:21:19.0000",7.21,81.91,51.626834869384766,34.51191270501618,55.26531582507245
"2024-11-10 06:51:11.0000",6.93,82.18,58.09501647949219,41.49030698317376,75.40163030589271
"2024-11-10 07:21:08.0000",7.01,82.41,57.8139762878418,42.17578032467714,79.2791737019063
"2024-11-10 07:51:11.0000",7.23,82.48,55.322872161865234,41.91001848386154,71.166595484514
"2024-11-10 08:21:08.0000",7.35,82.51,53.180206298828125,39.37521019503744,72.17727109988876
"2024-11-10 08:51:05.0000",8.54,82.45,42.57516098022461,28.754501554887025,44.96809116293389
"2024-11-10 09:21:07.0000",9.51,81.41,35.102691650390625,22.203645577066254,35.0351581709095
"2024-11-10 09:51:04.0000",9.63,82.43,27.94892120361328,18.02163484909586,27.354928658709625
"2024-11-10 10:21:01.0000",10.8,81.3,21.61090850830078,13.052616679028368,20.21015865339785
"2024-11-10 10:50:58.0000",10.9,81.93,17.278257369995117,10.077897614878783,17.319270590467962
"2024-11-10 11:21:08.0000",12.01,81.3,15.158417701721191,7.3396915355947945,12.23679216882803
"2024-11-10 11:50:58.0000",12.25,81.51,14.352328300476074,7.026448672158218,11.675971511435785
"2024-11-10 12:20:55.0000",12.69,81.21,12.84534740447998,6.481978692605946,11.425279980337502
"2024-11-10 12:50:52.0000",12.23,81.58,15.782159805297852,8.47122484118251,12.787081467920446
"2024-11-10 13:20:46.0000",11.66,82.24,20.22833824157715,11.097882630805694,18.312298404930303
"2024-11-10 13:50:46.0000",11.8,82.65,23.070703506469727,11.566655349394294,22.920282027868367
"2024-11-10 14:20:56.0000",11.85,82.89,24.262651443481445,12.015070299287991,25.513774521730074
"2024-11-10 14:50:43.0000",11.98,83.07,26.112714767456055,13.173409685574835,22.003462589097328
"2024-11-10 15:20:41.0000",11.97,83.38,10.89881706237793,4.461585853436445,8.610303189852685
"2024-11-10 15:50:35.0000",12.08,83.55,9.855993270874023,3.6037670524585916,8.186996699975758
"2024-11-10 16:20:34.0000",11.99,83.69,8.711252212524414,3.301592489846013,6.017920175925413
"2024-11-10 16:50:34.0000",11.85,83.91,10.708642959594727,3.14597460603996,5.717343450701344
"2024-11-10 17:20:26.0000",11.73,84.19,10.959199905395508,3.7984782422554866,6.325885855623038
"2024-11-10 17:50:25.0000",11.72,84.45,14.12407112121582,4.488776022565775,2.448361726066174
"2024-11-10 18:20:28.0000",10.81,85.01,5.562560081481934,4.094313593984939,7.947610747206136
"2024-11-10 18:50:20.0000",10.43,85.23,5.99103307723999,4.031558353827499,11.535288348871314
"2024-11-10 19:20:17.0000",9.59,85.56,11.33166790008545,6.620592733524543,11.199015633097305
"2024-11-10 19:50:15.0000",9.34,85.81,6.5327372550964355,5.062067511652719,11.209885225204795
"2024-11-10 20:20:07.0000",8.29,86.07,6.36935567855835,5.225554862162224,11.788801569424008
"2024-11-10 20:50:04.0000",7.74,86.4,6.325995922088623,4.769100080828839,11.749158934869133
"2024-11-10 21:19:53.0000",7.55,86.49,6.570794105529785,5.015288221798362,7.569120092793616
"2024-11-10 21:49:56.0000",7.85,86.38,5.095742225646973,4.876625014977566,10.070212938375246
"2024-11-10 22:19:55.0000",7.98,86.21,4.714239597320557,4.414374364733201,9.478279794764331
"2024-11-10 22:49:51.0000",7.78,86.32,4.680750370025635,3.857714277438668,8.658736058551384
"2024-11-10 23:19:54.0000",7.7,86.36,4.491978645324707,3.4388566983661413,10.805696064119099
"2024-11-10 23:49:50.0000",7.63,86.59,3.8152174949645996,3.674951408722805,13.603093869003564
"2024-11-11 00:19:42.0000",7.97,86.4,4.037336826324463,4.354336671306669,9.374065296214418
"2024-11-11 00:49:32.0000",7.97,86.58,4.349537372589111,4.303702741448937,15.242754568428513
"2024-11-11 01:19:35.0000",8.19,86.55,3.998417854309082,3.5673336655121535,12.637687576838065
"2024-11-11 01:49:34.0000",8.14,86.75,4.347468376159668,4.515839399302989,13.237983291098205
"2024-11-11 02:19:29.0000",7.89,86.9,4.084802627563477,4.297163253248346,10.704939343445073
"2024-11-11 02:49:27.0000",7.5,87,4.256248474121094,4.300010952347666,10.874564927487299
"2024-11-11 03:19:18.0000",7.23,87.3,4.005770206451416,4.042621600761727,7.959529060561755
"2024-11-11 03:49:15.0000",7.44,87.08,4.144819259643555,3.2927996796415475,4.900254619795019
"2024-11-11 04:19:23.0000",7.29,87.05,4.313605785369873,3.8460296889108117,5.579764394956599
"2024-11-11 04:49:20.0000",7.11,87.26,5.08315372467041,3.753366635936848,6.453753160344935
"2024-11-11 05:19:15.0000",7.74,87.22,4.161634922027588,3.777710627115581,9.948880055051202
"2024-11-11 05:49:09.0000",7.89,87.18,4.111346244812012,3.7567885751016763,15.080242591132551
"2024-11-11 06:19:07.0000",7.89,87.19,10.858105659484863,4.033836879549192,15.029611219885343
"2024-11-11 06:49:03.0000",7.42,87.59,4.344083309173584,4.619776192697709,13.5155338119381
"2024-11-11 07:19:03.0000",7.5,87.22,4.152027606964111,3.9119981675643043,12.535829871750277
"2024-11-11 07:49:04.0000",6.65,87.34,5.416374683380127,4.628973093915439,16.361240424087068
"2024-11-11 08:18:56.0000",6.3,87.5,10.954153060913086,5.092693932900135,15.56431271738257
"2024-11-11 08:48:52.0000",6.9,87.83,5.895678997039795,4.918247118142692,11.660488706090332
"2024-11-11 09:18:56.0000",8.52,86.51,15.826494216918945,3.9566489689419404,14.673665061854644
"2024-11-11 09:48:51.0000",9.5,86.32,4.5098652839660645,4.900778043406525,10.922909852689584
"2024-11-11 10:18:59.0000",10.8,86.12,4.039824485778809,3.754738480856168,19.614529584657227
"2024-11-11 10:48:50.0000",12.15,84.58,5.108686923980713,4.423296985052979,9.0875331755404
"2024-11-11 11:18:52.0000",14.89,84.63,3.8787336349487305,3.861455700561719,14.494836517471704
"2024-11-11 11:48:55.0000",18.06,78.21,3.3440914154052734,3.2565664588115895,12.907844986234092
"2024-11-11 12:18:54.0000",17.13,77.39,2.916902780532837,2.896358959407357,10.652989019919069
"2024-11-11 12:48:49.0000",17.38,77.1,3.196497678756714,3.162959679370598,11.404554971671542
"2024-11-11 13:18:47.0000",18.59,75.01,3.118053674697876,3.4680769412281522,9.0764946993079
"2024-11-11 13:48:44.0000",18.5,73.13,3.691114902496338,3.6995896418830276,10.318316312331861
"2024-11-11 14:18:36.0000",12.82,74.96,3.4769673347473145,3.456287050894549,9.867080559160637
"2024-11-11 14:48:30.0000",11.04,75.58,3.7378995418548584,3.7154898204552507,14.223572852801313
"2024-11-11 15:18:25.0000",10.37,75.34,3.643660545349121,3.643957777708583,9.471838790895548
"2024-11-11 15:48:25.0000",9.48,75.85,3.776878595352173,3.8839245778711033,10.481591215606647
"2024-11-11 16:18:14.0000",8.73,76.25,4.36590576171875,4.012515642505934,12.09867546658453
"2024-11-11 16:48:11.0000",7.92,76.76,4.6724982261657715,4.332100233641964,11.034124229384826
"2024-11-11 17:18:08.0000",7.27,77.29,5.272762775421143,4.337441535583799,11.623715288253042
"2024-11-11 17:48:05.0000",6.33,77.94,6.695834159851074,4.925276059600485,12.808638068524196
"2024-11-11 18:18:02.0000",6.01,78.41,6.951024055480957,4.3373245486615,11.425363568370651
"2024-11-11 18:47:59.0000",6.69,78.7,7.663654804229736,5.122477345501912,11.24617207504542
"2024-11-11 19:18:01.0000",7.24,78.47,9.312734603881836,5.024751038805213,14.52275092073504
"2024-11-11 19:47:56.0000",7.06,78.71,10.821113586425781,5.688362914590574,12.22430995101014
"2024-11-11 20:17:53.0000",7.32,78.98,10.001858711242676,5.559357007946821,13.036332108005473
"2024-11-11 20:47:49.0000",7.59,79.15,7.211627006530762,5.196334301103338,14.759444202071037
"2024-11-11 21:17:52.0000",7.46,79.37,7.221662998199463,5.7444871018217425,9.803630746587224
"2024-11-11 21:47:42.0000",7.06,79.75,8.591529846191406,5.479843298742954,13.959987502867293
"2024-11-11 22:17:43.0000",6.37,80.28,11.39449405670166,6.397565018635749,11.050547130677229
"2024-11-11 22:47:37.0000",5.94,80.72,10.887205123901367,5.7472241182664945,10.579094996584741
"2024-11-11 23:17:37.0000",5.69,80.98,7.772427558898926,5.708905678810161,7.117639294451019
"2024-11-11 23:48:11.0000",5.64,81.04,6.425454139709473,4.580876543486937,10.834300327745526
"2024-11-12 00:17:25.0000",5.16,81.08,5.608590126037598,3.7907131518573736,9.240079094284585
"2024-11-12 00:47:20.0000",4.93,81.47,4.704975605010986,4.04246389763379,7.721388277735075
"2024-11-12 01:17:29.0000",4.88,81.46,3.7454686164855957,3.5379697162210664,9.717323118884627
"2024-11-12 01:47:14.0000",4.79,81.47,5.337884426116943,3.946070600625375,11.58334851419256
"2024-11-12 02:17:11.0000",3.78,81.84,6.466595649719238,4.561653070648021,12.800178506439794
"2024-11-12 02:47:11.0000",3.13,82.07,7.17728853225708,4.678889460928279,9.919115216300016
"2024-11-12 03:17:06.0000",2.64,82.13,10.116232872009277,4.124740150944469,7.545206959974264
"2024-11-12 03:47:03.0000",2.45,82.33,7.675184726715088,4.44536458389673,7.477978099695584
"2024-11-12 04:16:56.0000",1.83,82.69,6.565581321716309,3.9057845952227885,4.40432262255684
"2024-11-12 04:46:54.0000",1.47,82.78,10.752304077148438,5.518847832619079,7.8347795831712
"2024-11-12 05:16:51.0000",1.48,82.68,11.95329761505127,6.3057969647767305,7.16190896458526
"2024-11-12 05:46:48.0000",1.47,82.97,11.868474006652832,6.071207726025121,6.6712890011960315
"2024-11-12 06:16:51.0000",2.77,83.05,8.715483665466309,4.93901601821566,8.34565879619094
"2024-11-12 06:46:50.0000",4.02,82.15,4.3922119140625,3.8111954896737874,10.433008402442452
"2024-11-12 07:16:49.0000",4.3,82.22,4.055085182189941,3.4510908693677997,7.536174168780206
"2024-11-12 07:46:39.0000",3.84,82.59,5.8422651290893555,3.9216541799188076,9.67584559773335
"2024-11-12 08:16:42.0000",3.83,82.99,5.615103244781494,3.720834768574672,10.306030378377468
"2024-11-12 08:46:40.0000",4.46,83.11,5.584479808807373,3.72471701896781,11.253777008271083
"2024-11-12 09:16:38.0000",5.45,82.63,5.279236793518066,3.555880234970218,7.937368178050575
"2024-11-12 09:46:42.0000",7.12,81.71,3.6219449043273926,3.4988582155931978,11.373825596855859
"2024-11-12 10:16:39.0000",10.32,80.2,3.3731577396392822,3.3668177989005557,8.804348445375734
"2024-11-12 10:46:43.0000",12.75,79.56,3.5933194160461426,3.029056903197411,9.111698145190067
"2024-11-12 11:16:44.0000",13.6,78.67,4.0084099769592285,2.7385380121802045,10.939704628848666
"2024-11-12 11:46:42.0000",15.13,77.82,2.872323751449585,2.648484095406007,10.026776434380327
"2024-11-12 12:16:41.0000",14.74,76.6,3.6732795238494873,3.553887916568612,8.2138503076834
"2024-11-12 12:46:36.0000",14.91,75.49,3.265162229537964,3.0943616315766613,10.061486649028744
"2024-11-12 13:16:28.0000",12.89,75.06,3.4506657123565674,2.8320073567512263,10.176194639287768
"2024-11-12 13:46:31.0000",11.78,75.26,12.11955451965332,3.3125547414228462,11.14606758606277
"2024-11-12 14:16:26.0000",11.25,75.5,3.5362584590911865,3.0751137007267,11.073499397186211
"2024-11-12 14:46:22.0000",10.72,75.14,4.029575824737549,3.448576372099561,9.34243827372576
"2024-11-12 15:16:19.0000",10.67,75.22,3.551069736480713,3.100896654403733,5.976524807647721
"2024-11-12 15:46:14.0000",9.98,74.98,4.3887200355529785,3.6909380337422983,10.485150654331742
"2024-11-12 16:16:16.0000",9.02,75.43,4.475736141204834,3.6250528765086614,9.441684194600779
"2024-11-12 16:46:02.0000",8.01,75.92,5.2580718994140625,3.7674670274946234,10.68437783803872
"2024-11-12 17:16:02.0000",7.34,76.43,6.329246520996094,4.344015022153444,11.414660230166843
"2024-11-12 17:46:29.0000",6.98,76.82,8.350465774536133,4.865729809030034,9.368527373913999
"2024-11-12 18:16:00.0000",6.7,76.98,10.025724411010742,5.351454535086741,11.559131402850651
"2024-11-12 18:45:57.0000",6.82,77.3,16.12159538269043,7.182372528893716,15.263683372026325
"2024-11-12 19:15:56.0000",6.87,77.39,10.53308391571045,5.317775709152063,14.209919043450826
"2024-11-12 19:45:53.0000",6.44,77.83,12.694719314575195,5.915408942556678,17.19916374097226
"2024-11-12 20:15:47.0000",6.04,78.22,10.844002723693848,6.1247776166710475,9.64034812910428
"2024-11-12 20:45:50.0000",6,78.51,14.06198501586914,6.692987176615536,14.39702775374717
"2024-11-12 21:15:42.0000",4.93,78.89,15.063754081726074,6.862429783769206,13.018068933854607
"2024-11-12 21:45:39.0000",4.2,79.46,20.365386962890625,8.75670834309078,12.512245337699468
"2024-11-12 22:15:36.0000",3.71,79.71,21.788841247558594,9.058673563453766,11.979731317351696
"2024-11-12 22:45:33.0000",3.68,79.97,23.448528289794922,10.433135217411184,12.619893887638856
"2024-11-12 23:15:31.0000",3.36,80.24,24.548418045043945,10.416583492283301,13.049632981590754
"2024-11-12 23:45:30.0000",3.13,80.42,27.032386779785156,11.626191163632702,14.892999109579419
"2024-11-13 00:15:26.0000",2.89,80.47,23.107585906982422,10.132004276823011,11.404609659729415
"2024-11-13 00:45:27.0000",2.89,80.72,25.958532333374023,10.137583825240446,12.531001607864892
"2024-11-13 01:15:18.0000",2.7,80.89,35.36057662963867,10.561674754640732,11.839367519335193
"2024-11-13 01:45:16.0000",2.62,80.99,30.323993682861328,10.958632103659294,7.877486240488654
"2024-11-13 02:15:13.0000",2.74,81.29,34.84223556518555,12.519853665893983,13.233884517565894
"2024-11-13 02:45:07.0000",2.54,81.35,30.872230529785156,12.09512122842395,14.6502302328217
"2024-11-13 03:15:02.0000",2.43,81.42,27.896652221679688,12.189526429350947,12.100600347535098
"2024-11-13 03:45:00.0000",2.02,81.93,28.445871353149414,12.650010070807925,11.350503230419761
"2024-11-13 04:14:59.0000",1.91,81.82,27.613136291503906,12.419036642138476,11.861148166058456
"2024-11-13 04:44:59.0000",1.86,81.8,28.506427764892578,12.601875305890916,15.11949127684438
"2024-11-13 05:14:53.0000",1.8,82.16,32.2540397644043,14.15800603380917,16.813915304289235
"2024-11-13 05:44:53.0000",1.85,81.96,31.7314395904541,14.375682179942574,16.245501837425614
"2024-11-13 06:14:56.0000",2.95,79.59,36.70085144042969,16.62232499878789,18.536245330477115
"2024-11-13 06:44:47.0000",2.24,81.92,34.962852478027344,16.540751134452776,14.675466988675229
"2024-11-13 07:14:50.0000",2.47,82.43,47.00603485107422,22.81425529654801,27.82035401646004
"2024-11-13 07:44:47.0000",2.87,82.41,50.06846237182617,25.597136219322717,33.06604959596733
"2024-11-13 08:14:49.0000",2.85,82.72,44.55189514160156,22.947949535877314,31.75652358300217
"2024-11-13 08:44:41.0000",4.07,82.81,41.433013916015625,20.35615992314668,27.480861795004767
"2024-11-13 09:14:44.0000",8.04,80.72,8.625941276550293,4.4847903258091755,7.829588013878715
"2024-11-13 09:44:46.0000",11.28,80.09,4.4484405517578125,3.7012098409318863,10.549158087818112
"2024-11-13 10:14:48.0000",10.49,80.76,4.890417575836182,3.7446087740133174,8.967378600402986
"2024-11-13 10:44:44.0000",10.33,81.54,4.328667163848877,3.6306832290188704,8.135429521322953
"2024-11-13 11:14:47.0000",10.62,81.5,4.881285190582275,3.624850293399912,10.406402741829197
"2024-11-13 11:44:48.0000",12.89,81.38,2.9119935035705566,2.5847548314535085,13.071698353451916
"2024-11-13 12:14:46.0000",13.19,80.4,3.2571589946746826,3.194516511574416,8.273996465632205
"2024-11-13 12:44:40.0000",14.14,81.09,3.3429081439971924,3.0030716260156565,11.301786249393558
"2024-11-13 13:14:43.0000",13.33,79.47,3.1067957878112793,2.388232033858041,12.610013955906428
"2024-11-13 13:44:34.0000",12.67,79.25,3.482146739959717,3.4324440903441906,8.58666772085898
"2024-11-13 14:14:30.0000",11.47,79.27,43.70718002319336,2.6951079023097035,8.40296906925922
"2024-11-13 14:44:27.0000",10.9,79.31,15.661110877990723,2.3225788018505513,8.223496434800982
"2024-11-13 15:14:19.0000",10.6,79.55,7.18790864944458,2.946375968419991,6.988366470412778
"2024-11-13 15:44:16.0000",9.84,80.07,11.292749404907227,3.790833413566493,8.141636081258747
"2024-11-13 16:14:13.0000",9.59,80.48,13.427477836608887,4.854746438567124,6.905071545627842
"2024-11-13 16:44:28.0000",9.72,80.8,11.807957649230957,4.710539140941636,8.00364274260034
"2024-11-13 17:14:08.0000",9.88,80.93,18.21027374267578,7.835886421960273,10.987976253168332
"2024-11-13 17:44:07.0000",9.93,81.29,17.56978416442871,6.9844227490547395,8.593161403065203
"2024-11-13 18:14:07.0000",10.03,81.58,23.618263244628906,10.30027229892995,12.461430058060255
"2024-11-13 18:43:59.0000",10.1,81.84,30.33421516418457,14.896562747861044,20.62692260106179
"2024-11-13 19:13:58.0000",10.22,82.08,25.695852279663086,13.515005254680615,17.672159319498473
"2024-11-13 19:43:54.0000",10.28,82.27,19.299161911010742,7.816990171142342,9.947605989592814
"2024-11-13 20:13:54.0000",10.39,82.54,20.406494140625,9.068223762651275,12.547920044090866
"2024-11-13 20:43:53.0000",10.51,82.76,24.031654357910156,10.72142323485547,11.04356936127008
"2024-11-13 21:13:47.0000",10.64,82.96,18.390140533447266,7.594737323953374,12.036549088433633
"2024-11-13 21:43:42.0000",10.78,83.12,19.99628448486328,8.805726344171623,5.905547931087612
"2024-11-13 22:13:39.0000",10.85,83.32,23.641380310058594,13.061973298655346,17.537179012420804
"2024-11-13 22:43:38.0000",10.88,83.48,32.230010986328125,20.850140131251504,34.53961170715241
"2024-11-13 23:13:39.0000",10.98,83.71,36.926116943359375,24.791769022021548,36.761241074546064
"2024-11-13 23:43:40.0000",11.17,83.85,31.00955581665039,17.464365278490067,23.305739711080736
"2024-11-14 00:13:48.0000",12.2,81.34,28.4156436920166,15.489887324532797,17.407204358157426
"2024-11-14 00:43:32.0000",11.29,83.82,20.006256103515625,10.323280428339308,14.485518811983289
"2024-11-14 01:13:34.0000",11.19,84.2,16.855817794799805,9.932824709828106,9.082781246187169
"2024-11-14 01:43:26.0000",11.12,84.4,32.08992385864258,13.02298452320616,21.878739779936932
"2024-11-14 02:13:23.0000",11.03,84.6,20.643497467041016,9.015989265544922,12.371441094625334
"2024-11-14 02:43:25.0000",10.94,84.8,12.291420936584473,5.709928617612172,9.28215334351877
"2024-11-14 03:13:24.0000",10.71,85.1,14.756172180175781,4.6253514965318185,4.518781125149957
"2024-11-14 03:43:19.0000",10.49,85.29,23.67641830444336,7.054442412814715,12.023875392187675
"2024-11-14 04:13:20.0000",10.23,85.42,16.623727798461914,11.995873067914381,19.508899325135626
"2024-11-14 04:43:13.0000",9.93,85.57,23.292137145996094,20.339772255969624,40.717022579031386
"2024-11-14 05:43:10.0000",9.68,85.56,24.98833465576172,15.450891026286508,37.356318430248464
"2024-11-14 06:13:05.0000",9.59,85.71,32.39894485473633,28.69543612271643,75.24501571968196
"2024-11-14 07:12:58.0000",9.14,85.87,40.03915023803711,20.344174883571476,-3.0058388830360627
"2024-11-14 08:13:00.0000",8.95,86.01,33.102413177490234,20.53680415630819,67.72817954878948
"2024-11-14 08:42:57.0000",8.96,86.16,39.51216506958008,23.525632575121296,76.27601191983413
"2024-11-14 09:12:59.0000",8.92,86.32,31.775192260742188,22.651716535549163,61.01244658590193
"2024-11-14 09:42:54.0000",9.03,86.36,36.84702682495117,23.862852842279032,96.70839181387153
"2024-11-14 10:12:55.0000",9.17,86.39,43.86357879638672,33.435733783494136,76.62357664191343
"2024-11-14 11:12:54.0000",10.5,86.4,36.033817291259766,17.19072817786508,19.6316096964118
"2024-11-14 11:42:47.0000",11.52,84.97,21.93955421447754,7.960934806220281,11.680179769653018
"2024-11-14 12:12:49.0000",15.26,83.4,17.751964569091797,5.147476683193007,8.307829037123524
"2024-11-14 12:42:51.0000",17.19,76.69,14.124868392944336,3.7542222555655163,7.257864972229572
"2024-11-14 13:12:54.0000",15.3,79.99,14.744341850280762,4.1682398759567905,7.0857940497666085
"2024-11-14 13:42:45.0000",13.78,82.07,13.965706825256348,3.5645395943254177,6.52074758776907
"2024-11-14 14:12:42.0000",11.82,84.1,18.117046356201172,5.02477675000156,8.412188515852526
"2024-11-14 14:42:30.0000",10.82,85.98,21.493616104125977,5.932556641449156,9.126317915681755
"2024-11-14 15:12:31.0000",10.76,86.37,21.89801597595215,6.137845662356483,8.833551374049266
"2024-11-14 16:12:27.0000",8.44,85.94,32.11589813232422,10.05183476275529,12.917904974957906
"2024-11-14 16:42:18.0000",7.36,86.07,44.29090118408203,15.145746727734831,11.987073572139067
"2024-11-14 17:12:15.0000",6.45,86.34,54.88566589355469,21.373285054949413,21.824424711737354
"2024-11-14 17:42:08.0000",6.14,86.99,74.99442291259766,33.68041408795228,31.88461343171623
"2024-11-14 18:12:07.0000",5.84,86.5,96.93240356445312,46.955992377859104,50.7476455933337
"2024-11-14 18:42:01.0000",5.85,86.4,112.27127838134766,59.343813394223424,66.44887012590807
"2024-11-14 19:12:03.0000",5.35,86.12,105.97293090820312,60.98596943805745,76.50058604212207
"2024-11-14 19:41:56.0000",5.06,86.62,171.7168426513672,92.290680156889,113.45876398366754
"2024-11-14 20:11:59.0000",4.7,86.5,123.05353546142578,76.31275039192604,109.4683949897404
"2024-11-14 20:41:50.0000",4.46,86.45,104.24398803710938,72.717844507999,129.0037200305289
"2024-11-14 21:11:47.0000",4.52,86.5,108.86470794677734,79.23368190114445,139.47681826965112
"2024-11-14 21:41:52.0000",4.52,86.81,188.10516357421875,98.9238314523705,154.0682918453893
"2024-11-14 22:11:49.0000",5.46,86.38,100.03101348876953,67.70798183234615,-94.91060619307157
"2024-11-14 22:41:43.0000",6.1,86.03,132.92515563964844,86.56570549275708,166.174409982286
"2024-11-14 23:11:47.0000",6.34,86.25,111.41974639892578,82.0071980020296,167.03223289962207
"2024-11-14 23:41:37.0000",6.63,86.25,113.61295318603516,84.4057883635141,150.97470944623714
"2024-11-15 00:11:34.0000",6.64,86.27,86.27609252929688,57.010848994667775,85.95872916269738
"2024-11-15 00:41:32.0000",6.64,86.48,88.50342559814453,58.60790687072232,39.23707341011175
"2024-11-15 01:11:36.0000",6.71,86.5,99.058349609375,68.67731794333564,140.81581774245402
"2024-11-15 01:41:32.0000",6.76,86.55,108.55049896240234,74.06244484452456,162.54942158090623
"2024-11-15 02:11:31.0000",6.82,86.6,100.64310455322266,68.49292360453934,151.52382756594645
"2024-11-15 02:41:28.0000",6.89,86.61,94.179931640625,61.7422172886516,145.54170216921287
"2024-11-15 03:41:26.0000",7.06,86.53,67.4603042602539,49.001085498492934,108.20687114431975
"2024-11-15 04:11:17.0000",7.03,86.7,57.947689056396484,44.1880103805252,96.52428812593749
"2024-11-15 04:41:19.0000",7,86.77,53.68544006347656,41.979620124040636,78.52589050385947
"2024-11-15 05:11:11.0000",7.09,86.86,58.81300354003906,44.82758173419131,90.77047812696856
"2024-11-15 05:41:09.0000",6.98,86.79,79.19109344482422,54.571984864389336,150.129119957449
"2024-11-15 06:11:18.0000",6.8,86.98,66.56283569335938,51.627584298103116,160.48214100597534
"2024-11-15 06:41:07.0000",6.64,86.95,66.97689056396484,51.05077991784677,129.551919515126
"2024-11-15 07:11:10.0000",6.48,87.09,57.897884368896484,45.40485119927449,117.78176798242029
"2024-11-15 07:41:01.0000",6.48,87.19,48.68206787109375,34.876392561858474,75.45030714854002
"2024-11-15 08:11:00.0000",6.71,87.31,49.38075256347656,33.822561169907445,67.79931409640044
"2024-11-15 08:40:59.0000",7.06,87.4,43.50554656982422,29.656607698096906,53.69835846573607
"2024-11-15 09:10:58.0000",7.29,87.23,32.9795036315918,20.26896018071633,25.259761147725836
"2024-11-15 09:40:57.0000",7.45,87.26,25.678476333618164,13.490076554808782,18.161775668303378
"2024-11-15 10:10:53.0000",8.18,87.26,17.450469970703125,7.828153722216463,10.73629388743583
"2024-11-15 10:40:50.0000",8.79,86.69,12.767438888549805,5.591926887491596,11.136700663781356
"2024-11-15 11:10:52.0000",11.45,84.86,11.354865074157715,3.3936643384647,6.978495726379226
"2024-11-15 11:40:49.0000",11.31,86.11,8.693608283996582,3.5741597260271747,7.701646274787808
"2024-11-15 12:10:46.0000",11.61,85.31,8.093362808227539,3.3230020801362743,6.557579923751491
"2024-11-15 12:40:48.0000",12.36,85.69,4.771592140197754,2.2234497579190227,7.93578498280914
"2024-11-15 13:10:45.0000",11.77,84.9,6.190271854400635,2.69662667146902,6.509808295773409
"2024-11-15 14:10:41.0000",12.65,84.72,1.715354323387146,1.4416965311876022,4.677561336115694
"2024-11-15 14:40:39.0000",12.53,84.45,3.4594154357910156,2.107855539284361,5.726901561456893
"2024-11-15 15:10:34.0000",12.08,84.51,1.8579524755477905,1.5475025817026835,5.458651741559924
"2024-11-15 15:40:30.0000",11.57,84.74,0.8379554152488708,1.167202329515997,4.762096856558401
"2024-11-15 16:10:50.0000",11.31,84.66,1.8630110025405884,1.541779000055367,5.8531287124058915
"2024-11-15 16:40:31.0000",10.92,84.58,2.15401029586792,1.639884464884845,6.452972786137526
"2024-11-15 17:10:22.0000",10.6,84.67,1.067234992980957,1.3307574868395253,5.660972267290962
"2024-11-15 17:40:26.0000",10.35,84.65,1.2273613214492798,1.3674046782485596,5.882729196030991
"2024-11-15 18:10:17.0000",10.21,84.51,0.9020376205444336,1.1456789052515817,5.498415394488061
"2024-11-15 18:40:13.0000",10.03,84.45,1.2421231269836426,1.3427767256179233,5.800903904270553
"2024-11-15 19:10:11.0000",9.92,84.28,1.5565963983535767,1.4318409391591334,5.18157273915743
"2024-11-15 19:40:08.0000",9.74,84.21,1.9192134141921997,1.4039174566151638,5.451825695633144
"2024-11-15 20:10:11.0000",9.59,84.16,2.110403537750244,1.6763391882532928,4.371107526545663
"2024-11-15 20:40:02.0000",9.11,84.05,2.60210919380188,1.8444251145816994,5.791016907066066
"2024-11-15 21:10:04.0000",8.92,84.3,2.116586685180664,1.627959033764712,6.064452076373341
"2024-11-15 21:39:58.0000",9.11,84.19,63.178016662597656,31.091521192151962,32.89930095992115
"2024-11-15 22:09:48.0000",9.15,84.1,6.150054454803467,2.8220422439579975,6.909803133504713
"2024-11-15 22:39:50.0000",9.35,84.17,1.4580695629119873,1.3638449416167249,6.045406612912147
"2024-11-15 23:10:15.0000",9.7,84.11,0.8504274487495422,1.1772378028035366,5.021328756250895
"2024-11-15 23:39:46.0000",9.89,83.95,0.8913400769233704,1.1943341953691518,5.0369233283839865
"2024-11-16 00:09:42.0000",9.79,84.07,0.9155064821243286,1.2122415269826161,5.123289319958858
"2024-11-16 00:39:45.0000",9.94,84.17,0.9544626474380493,1.267020297353198,3.3368981786371106
"2024-11-16 01:09:41.0000",10.02,84.15,1.428870677947998,1.2033941766647083,4.990504662165073
"2024-11-16 01:39:32.0000",9.81,84.1,1.0331072807312012,1.1436272948999884,6.185102195257937
"2024-11-16 02:09:30.0000",9.46,84.4,0.9729505181312561,1.1835159984311816,4.25165341226871
"2024-11-16 02:39:43.0000",9.45,84.52,1.031633734703064,1.2680902255740816,5.092104566109894
"2024-11-16 03:09:30.0000",9.38,84.64,0.769188404083252,1.0359398990367803,5.885154591748906
"2024-11-16 03:39:30.0000",9.43,84.85,1.362108826637268,1.3166332058732688,5.283381732629809
"2024-11-16 04:09:19.0000",9.39,84.93,3.196955919265747,2.0168562723929044,4.9266530963987085
"2024-11-16 04:39:22.0000",9.61,85.2,0.5795630216598511,1.2344165113293424,4.199294182441458
"2024-11-16 05:09:18.0000",9.79,85.22,0.9247896075248718,1.337522416389801,6.123093411681993
"2024-11-16 05:39:15.0000",9.87,85.29,0.6295844316482544,1.233794653907572,4.435398646169832
"2024-11-16 06:09:13.0000",9.97,85.3,0.7139708399772644,1.3225018516182199,6.421381966789866
"2024-11-16 06:39:13.0000",10.09,85.48,2.962955951690674,1.1535789773750003,4.641672141719323
"2024-11-16 07:09:07.0000",10.16,85.38,0.722452700138092,1.2329949726688738,6.125601491471775
"2024-11-16 07:39:09.0000",10.24,85.4,0.6249162554740906,1.2690231801611855,5.004911569796188
"2024-11-16 08:09:06.0000",10.26,85.44,0.6952468156814575,1.2792843680794332,5.740909288055253
"2024-11-16 08:39:09.0000",10.02,85.85,1.600304126739502,1.4623839667804557,5.492918653975603
"2024-11-16 09:09:11.0000",9.31,85.95,0.9511398077011108,1.6041290511107515,5.391116220256949
"2024-11-16 10:08:58.0000",8.71,86.49,2.9339394569396973,2.943724194497224,4.130894220040265
"2024-11-16 10:39:00.0000",8.74,86.66,4.135832786560059,2.805548422378094,8.524796304197448
"2024-11-16 11:09:04.0000",8.67,86.82,3.0478267669677734,3.3523684581433155,7.460738739680712
"2024-11-16 12:08:57.0000",9.04,86.75,2.3998701572418213,2.4390106251656123,6.122995164911965
"2024-11-16 12:38:45.0000",9.11,86.96,3.1630070209503174,3.7415546442356353,6.104521745124604
"2024-11-16 13:08:50.0000",9.6,86.58,3.6203725337982178,3.65340910910522,15.458216411028879
"2024-11-16 13:38:45.0000",9.52,86.94,3.707458972930908,3.806452731537215,9.916398803981128
"2024-11-16 14:08:53.0000",9.43,86.39,4.082819938659668,3.9952778167720324,13.308385869516462
"2024-11-16 14:38:41.0000",9.03,86.17,8.342639923095703,5.327474090880237,15.372838985748409
"2024-11-16 15:08:37.0000",8.99,86.06,2.625821352005005,2.7713539901525617,9.637799705467033
"2024-11-16 15:38:40.0000",8.93,85.62,3.1722934246063232,3.3947074790801715,10.952433843077014
"2024-11-16 16:08:31.0000",8.69,85.08,3.4421825408935547,3.8495123127063295,11.757325110449713
"2024-11-16 16:38:27.0000",8.74,84.82,3.3312392234802246,3.2360338742716714,11.851544450511078
"2024-11-16 17:08:31.0000",8.33,84.38,4.634432315826416,4.126491317816581,13.018718337817191
"2024-11-16 17:38:22.0000",7.91,84.5,3.84250807762146,3.932535542299416,13.587248619209019
"2024-11-16 18:08:24.0000",8.09,84.1,4.05704927444458,3.885815495269263,10.273051921161072
"2024-11-16 18:38:18.0000",7.56,84.36,3.3278751373291016,3.404485340569922,10.662346236096228
"2024-11-16 19:08:26.0000",7.82,84.13,5.453488826751709,3.881432105385553,10.707572501173209
"2024-11-16 19:38:15.0000",7.07,83.94,7.367520332336426,4.985360706100623,11.845798877095264
"2024-11-16 20:08:12.0000",7.52,84.28,3.6763603687286377,3.50037891531418,10.91371549649344
"2024-11-16 20:38:06.0000",8.12,83.55,3.1056342124938965,3.454861028167176,10.198193755415545
"2024-11-16 21:38:00.0000",7.4,83.51,2.777679920196533,2.915851315568146,11.152199363216925
"2024-11-16 22:08:00.0000",7.55,83.72,2.513420820236206,2.8453274079137403,8.511296067525757
"2024-11-16 22:37:54.0000",7.88,83.37,2.1595866680145264,2.4571521181209364,8.78878741258535
"2024-11-16 23:08:11.0000",8.17,82.85,2.5218923091888428,2.7491953357523333,8.10798267478504
"2024-11-16 23:37:51.0000",8.07,82.66,2.593282461166382,3.1906833931617937,8.627084375498486
"2024-11-17 00:07:55.0000",8.06,82.47,2.519908905029297,2.8385818588503904,8.056365115583294
"2024-11-17 00:37:44.0000",7.59,82.32,2.0274131298065186,2.423320017713097,11.006218637488741
"2024-11-17 01:07:45.0000",7.56,82.51,2.2999134063720703,2.7263571740247357,8.426559202570182
"2024-11-17 02:07:44.0000",7.12,81.23,1.2473176717758179,1.7524336877366675,8.294772391158999
"2024-11-17 03:07:40.0000",6.13,81.46,0.9794577956199646,1.6857256283632072,6.85345804442427
"2024-11-17 03:37:39.0000",5.9,82.25,1.129555583000183,1.691846763164286,6.987906874529516
"2024-11-17 04:07:32.0000",6.63,82.03,1.566205382347107,2.202929913080891,5.761542232765034
"2024-11-17 04:37:38.0000",6.64,81.27,1.3645485639572144,2.0015911382766625,6.476845490089636
"2024-11-17 05:07:31.0000",5.37,81.73,1.2982094287872314,2.0522634027843543,5.1628575021712155
"2024-11-17 05:37:31.0000",4.98,82.79,1.2997795343399048,1.9247850383221496,6.472723495600205
"2024-11-17 06:07:21.0000",5.96,82.41,1.5793802738189697,2.1080687772270186,6.772940245265956
"2024-11-17 06:37:23.0000",5.72,80.84,1.098734974861145,1.7078134218141625,4.340884076840216
"2024-11-17 07:07:15.0000",4.43,82.15,0.9829861521720886,1.7851941605883948,4.807271969409474
"2024-11-17 07:37:17.0000",4.49,82.34,1.0705260038375854,1.692172506231147,5.418258576092646
"2024-11-17 08:07:09.0000",4.81,82.51,1.2571521997451782,1.8556309817168735,6.8061344095901255
"2024-11-17 08:37:13.0000",5.64,82.53,1.7499089241027832,2.120084901713794,6.658770504946435
"2024-11-17 09:07:13.0000",7.69,80.85,1.4186092615127563,1.953397637128044,6.9411549350927375
"2024-11-17 09:37:17.0000",8.01,80.87,1.1559194326400757,1.776305259214142,7.252502421130051
"2024-11-17 10:07:17.0000",9.05,80.83,0.8945369720458984,1.6916898555099174,5.8749105191724595
"2024-11-17 10:37:14.0000",7.34,81.41,1.040560245513916,1.469194615748981,6.559170877763543
"2024-11-17 11:07:01.0000",7.08,81.95,1.370769739151001,1.7909921893480218,6.041109080885608
"2024-11-17 11:36:58.0000",7.27,82.03,1.0667979717254639,1.604898409450576,7.341861308707333
"2024-11-17 12:07:04.0000",7.21,81.65,1.3245832920074463,1.8253479061914106,4.476706249728727
"2024-11-17 12:37:00.0000",6.56,82.45,1.08856999874115,1.3686178998840965,2.8199534632440755
"2024-11-17 13:06:57.0000",6.35,82.96,0.9678013324737549,1.4371742291292025,2.1240144868807347
"2024-11-17 13:36:54.0000",6.87,83.58,2.0340144634246826,1.8242561822147931,4.702426874475289
"2024-11-17 14:06:59.0000",6.91,83.79,1.56647527217865,1.7740507542940966,4.746280600144171
"2024-11-17 14:36:53.0000",7.21,84.02,2.741780996322632,1.9974678616785813,2.4760080348609725
"2024-11-17 15:06:47.0000",7.02,84.2,1.4477391242980957,1.6249116031865447,2.702830077372875
"2024-11-17 15:36:43.0000",6.82,84.49,2.462461471557617,1.997835615735762,2.7849133001361044
"2024-11-17 16:06:42.0000",6.7,84.8,2.1095359325408936,1.739094479410787,6.547220619610515
"2024-11-17 16:36:43.0000",6.53,85.05,0.8504518866539001,1.3731245514380392,3.172331656923603
"2024-11-17 17:06:35.0000",5.83,85.16,2.4289143085479736,1.7429578856043142,4.8099161144921805
"2024-11-17 17:36:32.0000",4.68,85.91,5.461429119110107,2.6239728164119898,6.0619617456685955
"2024-11-17 18:06:29.0000",4.35,86.32,7.805451393127441,3.42194902151799,6.4649384744450265
"2024-11-17 18:36:28.0000",4.31,85.96,8.877531051635742,3.759753940565596,6.6611280012940375
"2024-11-17 19:06:26.0000",3.86,86.45,14.190521240234375,5.815846154726306,8.021926160590974
"2024-11-17 19:36:15.0000",3.86,86.21,7.47524356842041,3.4870494200551923,6.393665903526421
"2024-11-17 20:36:08.0000",3.09,86.91,13.115457534790039,5.862973424829476,8.016366374686305
"2024-11-17 21:06:19.0000",4.08,86.98,18.08376121520996,8.649912335567487,12.955409746305124
"2024-11-17 21:36:13.0000",4.5,86.49,4.400322437286377,2.7040671876671896,6.094862923360932
"2024-11-17 22:06:08.0000",4.17,86.66,1.0399595499038696,1.2816924136857948,5.103333672771433
"2024-11-17 22:36:06.0000",4.42,86.94,1.641647458076477,1.6269231988663293,5.238374800920877
"2024-11-17 23:05:57.0000",4.68,87.06,1.9152570962905884,1.7076555614811955,5.54962700905563
"2024-11-17 23:36:16.0000",4.33,87.11,4.260823726654053,2.8299198562604633,6.123288817172601
"2024-11-18 00:05:57.0000",4.74,87.4,2.7375874519348145,1.929898537266464,5.409383370326889
"2024-11-18 00:36:02.0000",4.95,87.35,0.44460293650627136,1.0290681813116667,4.754059108522888
"2024-11-18 01:05:54.0000",5.09,87.37,2.156501054763794,1.7564701654602461,4.979348746078121
"2024-11-18 01:35:51.0000",5.04,87.39,0.22285862267017365,0.9672432176481751,4.864812761920026
"2024-11-18 02:05:53.0000",4.84,87.53,0.19085192680358887,0.9599101220868186,4.273673177578419
"2024-11-18 02:35:42.0000",4.28,87.57,0.2501052916049957,0.9843045551346131,4.847763956997825
"2024-11-18 03:05:48.0000",3.32,87.96,0.5034233331680298,1.0955349247983175,4.445985437342696
"2024-11-18 03:35:49.0000",3.57,84.59,0.056815553456544876,0.8953352251548742,4.625250221229839
"2024-11-18 04:05:31.0000",2.83,88.77,0.9940166473388672,1.2140867696241193,5.004802959640444
"2024-11-18 04:35:32.0000",2.97,88.06,1.1547938585281372,1.3235480946566043,5.087603967290708
"2024-11-18 05:05:36.0000",2.61,88.36,3.180629253387451,2.0866576305639306,5.35940795441909
"2024-11-18 05:35:23.0000",2.2,88.27,2.8435146808624268,2.1058373930311944,5.552480412860352
"2024-11-18 06:05:18.0000",1.6,88.41,0.38080474734306335,0.9665871376969112,4.670581042940533
"2024-11-18 06:35:18.0000",0.75,88.5,0.6139153838157654,1.0915150443952104,4.868261317315075
"2024-11-18 07:05:15.0000",0.23,88.86,0.5808861255645752,1.0671488678913024,4.745652307571958
"2024-11-18 07:35:11.0000",0.18,89.18,6.184107780456543,3.222644742591571,7.161652988385244
"2024-11-18 08:05:06.0000",1.11,89.53,5.841006278991699,3.7579694945671873,7.1652436207802435
"2024-11-18 08:35:06.0000",1.6,88.74,0.38431769609451294,1.0369037602091926,4.753877136347021
"2024-11-18 09:05:03.0000",1.95,89.17,1.5157146453857422,1.57428536533708,5.1473816629825055
"2024-11-18 09:34:59.0000",2.56,88.73,3.045043706893921,2.365785427947359,6.320107804214048
"2024-11-18 10:05:02.0000",2.81,89.03,3.395749568939209,2.407759981882219,6.106983873682396
"2024-11-18 10:35:04.0000",4.16,89.98,6.131092071533203,3.342933748714381,7.485994924439154
"2024-11-18 11:05:03.0000",3.76,88.09,7.665628433227539,3.9912837579014697,8.852737890920224
"2024-11-18 11:34:58.0000",4.65,88.09,5.956971168518066,3.3849240406087486,7.077461810723067
"2024-11-18 12:05:05.0000",4.01,88.13,4.082302093505859,2.5757569847923714,5.6000576218590545
"2024-11-18 12:34:50.0000",4.12,88.53,7.900298595428467,4.141912204310993,7.216899789991716
"2024-11-18 13:04:48.0000",4.26,88.3,4.06705904006958,2.5729206714062762,6.454205830642993
"2024-11-18 13:34:51.0000",4.36,88.14,9.916075706481934,5.06732267539487,8.1488408856699
"2024-11-18 14:04:52.0000",4.13,88.03,14.071807861328125,7.261965069230447,9.813790705835219
"2024-11-18 14:34:38.0000",3.81,88.09,12.352628707885742,7.246139173906577,11.8179786158902
"2024-11-18 15:04:43.0000",3.72,88.33,11.372299194335938,6.7750420842567305,11.395828697655883
"2024-11-18 15:34:40.0000",4,88.29,11.087000846862793,5.373671174319098,8.774593785721187
"2024-11-18 16:05:13.0000",3.53,88.02,6.567670822143555,3.5396181504361257,6.582967098599066
"2024-11-18 16:34:34.0000",3.19,88.29,9.282783508300781,4.848789502496262,10.248416833193641
"2024-11-18 17:34:33.0000",2.4,88.46,3.57794189453125,2.507692007955728,6.411805246118612
"2024-11-18 18:04:28.0000",1.78,88.78,1.9915618896484375,1.7838814044392868,5.945480620875982
"2024-11-18 19:34:19.0000",0.96,88.81,30.000707626342773,5.88351239831828,7.969861449307573
"2024-11-18 20:04:12.0000",0.24,88.84,16.66636085510254,6.220888672802381,7.989276754159772
"2024-11-18 20:34:18.0000",-0.43,89.78,11.568807601928711,4.826637040961959,7.752620001302701
"2024-11-18 21:04:13.0000",-0.74,89.7,13.68009090423584,5.930440779126228,8.614140831247298
"2024-11-18 21:34:01.0000",-0.78,89.79,6.811328411102295,3.1539861179473827,6.069842851422463
"2024-11-18 22:04:05.0000",-0.74,89.96,11.787178993225098,5.469552478930785,9.252892092373942
"2024-11-18 23:04:07.0000",-0.69,89.67,4.235640048980713,2.5034483497651574,5.609034965201056
"2024-11-18 23:33:57.0000",-0.78,89.63,3.976656436920166,2.407223640520948,5.360437307194115
"2024-11-19 01:04:33.0000",-0.75,89.5,2.656853437423706,1.9323813886448487,5.757315975217304
"2024-11-19 01:33:50.0000",-0.74,89.49,3.209369659423828,2.069303241320265,5.3804686596275575
"2024-11-19 02:33:53.0000",-0.74,89.49,2.679143190383911,1.8970973523553254,5.918387284582638
"2024-11-19 03:03:44.0000",-0.81,89.35,2.096351146697998,1.6877304665179673,5.515459573153467
"2024-11-19 04:34:27.0000",-0.91,89.16,3.5441901683807373,2.663450043242665,6.80871366811548
"2024-11-19 05:33:47.0000",-0.91,89.15,3.560194253921509,2.446409374961165,5.9560930919453385
"2024-11-19 06:33:45.0000",-0.86,89.37,2.6786038875579834,2.2438724114533937,5.9023987222932695
"2024-11-19 07:03:35.0000",-0.84,89.65,6.102818012237549,3.9757583612132987,8.23104419691704
"2024-11-19 08:03:43.0000",-0.77,89.68,0.9767659902572632,1.2885739242600973,4.967019839118566
"2024-11-19 08:33:24.0000",-0.73,89.99,2.6135168075561523,2.203629748853555,5.96854491801771
"2024-11-19 09:33:33.0000",-0.25,89.97,1.4751347303390503,1.5454931002545222,5.159003971063323
"2024-11-19 10:33:33.0000",0.54,89.62,4.415212154388428,2.720354036865093,5.9184287241522675
"2024-11-19 11:33:22.0000",1.26,89.13,4.230995178222656,2.294007247325404,5.753798478443007
"2024-11-19 12:03:20.0000",1.62,89.84,3.4367032051086426,2.215142326954595,5.9424665781352415
"2024-11-19 12:33:17.0000",2.07,90.15,2.7361769676208496,1.8817936566188642,6.035987056778977
"2024-11-19 13:03:23.0000",2.24,89.85,1.4546771049499512,1.4446717144689325,3.901141555031414
"2024-11-19 13:33:18.0000",2.41,89.71,1.8214411735534668,1.5810725209058965,5.367283947338937
"2024-11-19 14:03:12.0000",2.34,89.36,1.2243479490280151,1.440419507063289,5.1005021545230695
"2024-11-19 14:33:09.0000",2.12,89.58,3.024691343307495,2.0305217225742322,5.739308964152979
"2024-11-19 15:03:03.0000",1.93,89.43,2.669201135635376,2.093154790547022,5.106035593958731
"2024-11-19 15:33:02.0000",1.44,89.31,3.3441643714904785,2.139850794672502,7.37757457417508
"2024-11-19 16:03:04.0000",0.78,89.04,3.3951449394226074,2.3170911193308474,4.530208389269516
"2024-11-19 16:32:57.0000",0.5,89.48,2.7820823192596436,1.9034720294871807,5.452947336361992
"2024-11-19 17:02:59.0000",0.37,89.66,5.049400329589844,2.7555824322565656,7.819678239876394
"2024-11-19 17:32:56.0000",0.36,89.54,5.340940952301025,3.0749957243352664,8.794080687418656
"2024-11-19 18:02:48.0000",0.34,89.45,5.328611373901367,3.1203468184150793,6.4701113642148504
"2024-11-19 18:32:49.0000",0.42,89.58,3.540640354156494,2.466375282266111,7.358242316103734
"2024-11-19 19:02:55.0000",0.68,88.71,9.421059608459473,5.02938471911795,9.221428144333494
"2024-11-19 19:32:45.0000",0.78,88.83,1.9365959167480469,1.7673151825821676,4.6403113796066
"2024-11-19 20:02:42.0000",0.66,88.9,1.7654918432235718,1.751063934730524,5.031043649568445
"2024-11-19 20:32:37.0000",0.47,87.52,2.172536611557007,2.000290123616753,5.031946487785536
"2024-11-19 21:02:39.0000",-0.07,87.51,3.264230251312256,2.3395568866403624,6.7024638919479775
"2024-11-19 21:32:31.0000",-0.02,88.03,1.8348077535629272,1.7747952149468902,6.699002842114876
"2024-11-19 22:02:39.0000",0.15,87.86,2.3896193504333496,2.4722082217882093,5.103798068990404
"2024-11-19 22:32:30.0000",0.69,87.4,1.2126448154449463,1.5043277333847271,7.156896904044161
"2024-11-19 23:02:35.0000",0.19,86.84,1.9958117008209229,1.83391544304606,5.823770611485247
"2024-11-19 23:32:32.0000",0.02,87.34,1.7569454908370972,1.8860397808117604,5.387195416196348
"2024-11-20 00:02:24.0000",0.17,87,2.6078338623046875,1.8542776843917268,4.90801863460156
"2024-11-20 00:32:21.0000",-0.37,86.99,1.5387850999832153,1.7674246391292703,5.398686894193913
"2024-11-20 01:02:16.0000",0.13,87.28,1.3987823724746704,1.5259248015258216,6.288493991123146
"2024-11-20 01:32:26.0000",0.75,86.7,0.9595087766647339,1.5335435313858485,5.755596835287081
"2024-11-20 02:02:18.0000",1.09,86.04,20.459436416625977,1.2038941823808285,4.649107336668406
"2024-11-20 02:32:13.0000",0.84,86.06,1.6190359592437744,1.3861243260413771,4.417661607736322
"2024-11-20 03:02:12.0000",0.09,86.22,1.6434983015060425,1.3258920486603207,4.8490372706754306
"2024-11-20 03:32:14.0000",-0.33,86.87,1.293334722518921,1.3818484570834957,3.88480113295979
"2024-11-20 04:02:06.0000",-0.2,86.77,1.6452573537826538,1.5178660822197703,6.552188522656735
"2024-11-20 05:02:07.0000",0.54,86.7,1.136153221130371,1.318050013877849,6.462859072374192
"2024-11-20 06:02:06.0000",-0.37,87.35,2.2572555541992188,1.8252565549183863,6.167742802854658
"2024-11-20 06:31:57.0000",-1.45,87.4,3.1360671520233154,2.0108289424045176,5.032067630520349
"2024-11-20 07:01:51.0000",-2.06,87.91,5.489156246185303,3.1323187310823344,5.934918828669957
"2024-11-20 08:01:49.0000",-1.54,88.28,13.215328216552734,6.729165165803427,10.820535268613554
"2024-11-20 08:31:48.0000",-0.31,88.89,15.357686042785645,7.117759101243931,9.174700182240496
"2024-11-20 09:01:45.0000",0.41,88.78,2.405705451965332,1.994380733526603,6.398426429791755
"2024-11-20 09:31:47.0000",1.7,87.39,1.8652445077896118,1.7415769290596468,6.896433858669264
"2024-11-20 10:01:50.0000",2.38,87.12,1.1899796724319458,1.6321824479330809,4.835235085365324
"2024-11-20 10:31:47.0000",7.2,80.47,1.1530250310897827,1.439028288238769,6.393608819545977
"2024-11-20 11:01:50.0000",9.04,77.04,2.5770342350006104,1.3559662266002435,4.068003374243938
"2024-11-20 11:31:53.0000",10.23,75.02,0.772282600402832,1.3228137220346552,5.128717807123205
"2024-11-20 12:01:49.0000",11.19,72.96,0.774954080581665,1.22648852359281,3.630447564243779
"2024-11-20 12:31:56.0000",10.62,74.48,0.8564068078994751,1.3571531294850034,5.912211779326477
"2024-11-20 13:01:45.0000",11.5,73.77,1.3163647651672363,1.755459237798008,7.112159896474594
"2024-11-20 14:01:46.0000",8.34,76.3,1.66667902469635,1.8539526633747805,6.245312460030706
"2024-11-20 14:31:29.0000",5.47,79.21,1.5689005851745605,1.8758779261495846,6.23513741366178
"2024-11-20 15:01:28.0000",4.13,80.53,1.2301021814346313,1.711905471287382,6.405850868610695
"2024-11-20 15:31:24.0000",3.74,80.38,1.3893797397613525,1.6830740907667214,9.419787524525066
"2024-11-20 16:01:20.0000",2.87,79,2.269829273223877,2.1018466338719177,7.574674804334773
"2024-11-20 16:31:17.0000",1.61,79.16,4.132113456726074,2.259145232362784,6.775713094821106
"2024-11-20 17:01:05.0000",1.92,79.14,3.6994614601135254,2.2513661079588525,3.753133896746647
"2024-11-20 17:31:13.0000",2.18,78.55,7.449927806854248,3.1681925004255254,7.185754470116933
"2024-11-20 18:01:03.0000",2.86,78.54,1.9100452661514282,1.6624067591911627,6.503136468828016
"2024-11-20 18:31:07.0000",3.09,77.64,4.330779075622559,2.4353969305159926,7.563786962864342
"2024-11-20 19:00:58.0000",2.2,78.02,2.3759591579437256,2.048834515012935,6.303918992453372
"2024-11-20 19:30:54.0000",2.37,77.81,1.0393818616867065,1.4161044658220765,6.81933801354171
"2024-11-20 20:00:55.0000",2.77,77.96,1.0504045486450195,1.5196810362320412,6.484884069445432
"2024-11-20 20:30:50.0000",2.7,77.29,0.9301640391349792,1.2999886319984708,6.631128421709928
"2024-11-20 21:00:59.0000",2.41,77.13,0.8364906907081604,1.3481972954338237,6.395757779875308
"2024-11-20 21:30:43.0000",2.25,77.11,1.1659013032913208,1.3782660274383438,6.272418945048781
"2024-11-20 22:00:52.0000",1.9,77.42,1.2655153274536133,1.4133119451642386,5.951504960896015
"2024-11-20 22:30:40.0000",2.58,77.13,1.0554852485656738,1.5503800893489126,4.9053472061441585
"2024-11-20 23:00:41.0000",2.55,76.78,1.026601791381836,1.5741178046150521,5.798602415765938
"2024-11-20 23:30:37.0000",1.7,77.09,2.1518213748931885,1.5504025899936278,3.8337572905728043
"2024-11-21 00:00:30.0000",1.15,77.75,2.8788723945617676,1.4569243748067857,4.291702644782122
"2024-11-21 00:30:26.0000",0.3,77.98,20.079845428466797,1.4029872995840795,1.444765178705557
"2024-11-21 01:00:23.0000",-0.52,78.43,1.2643811702728271,1.5849196451402578,5.894469120971429
"2024-11-21 01:30:25.0000",-0.46,79.09,2.071662425994873,1.9213210796674032,5.108452635875226
"2024-11-21 02:00:20.0000",-1,78.53,1.9885332584381104,1.8637954180034395,6.2997545145969145
"2024-11-21 02:30:15.0000",-1.57,79.14,16.485122680664062,1.9220438556368022,4.375351721526551
"2024-11-21 03:00:12.0000",-2.21,79.52,5.503007888793945,2.938413357765504,6.518048169109119
"2024-11-21 03:30:09.0000",-1.95,79.72,6.469963073730469,3.1393207239068692,4.503200957735302
"2024-11-21 04:00:02.0000",-2.16,79.97,7.691196441650391,3.75915583173552,4.440665355215988
"2024-11-21 04:30:00.0000",-2.41,80.07,8.43352222442627,3.9836459680348684,6.9269867742903966
"2024-11-21 04:59:55.0000",-2.89,80.26,37.88557434082031,4.47496680767119,7.235834843068368
"2024-11-21 05:29:52.0000",-3.09,80.63,13.888731002807617,5.929817411547042,6.838950511140715
"2024-11-21 05:59:49.0000",-2.99,80.89,13.520776748657227,5.800080347670124,6.944387671311185
"2024-11-21 06:29:47.0000",-3.3,80.81,15.527068138122559,6.981788669249507,8.553231993332428
"2024-11-21 06:59:44.0000",-3.56,80.86,20.982263565063477,9.151448801353732,10.942793693746498
"2024-11-21 07:29:35.0000",-3.83,81.16,26.810571670532227,12.156294835565316,17.761942802047766
"2024-11-21 07:59:39.0000",-3.74,81.53,26.53143310546875,11.930432825966966,16.55068390309172
"2024-11-21 08:29:37.0000",-3.55,81.85,19.8234806060791,8.06327393852068,10.32889213229291
"2024-11-21 09:29:41.0000",2.48,79.01,3.450078248977661,2.3922286421741865,6.3294268098395605
"2024-11-21 09:59:42.0000",4.65,77.56,3.0494279861450195,2.1726098787870574,6.117201030993722
"2024-11-21 10:29:41.0000",5.01,79.57,2.8973615169525146,2.163972531045902,8.576604474481679
"2024-11-21 10:59:41.0000",9.69,75.8,3.167135715484619,2.257019189638222,6.497040793732144
"2024-11-21 11:29:38.0000",5.35,77.48,2.6208155155181885,2.1341931367960014,6.518043515907684
"2024-11-21 11:59:29.0000",3.08,82.11,2.271932601928711,1.850961298637205,4.7737380269575205
"2024-11-21 12:29:37.0000",9.73,78.27,1.6876728534698486,1.5714273083035475,6.967390588579963
"2024-11-21 12:59:45.0000",11.26,77.68,0.7612667083740234,1.2852286513156523,5.680905608641574
"2024-11-21 13:29:44.0000",10.36,74.76,2.073425769805908,1.7714064956288218,4.669281333149261
"2024-11-21 13:59:34.0000",6.67,77.84,0.7769644856452942,1.3044466721323038,5.525679902274598
"2024-11-21 14:29:26.0000",4.87,78.43,1.3164010047912598,1.5094669791062567,4.962235889089027
"2024-11-21 14:59:17.0000",3.5,78.42,1.0499999523162842,1.2798770987067265,4.831355448176199
"2024-11-21 15:29:14.0000",2.76,78.15,2.7852182388305664,2.014171188916007,5.337927681273332
"2024-11-21 15:59:12.0000",1.36,78.8,39.24897766113281,11.319917729784535,12.168818406590699
"2024-11-21 16:29:30.0000",1.9,78.88,5.530296802520752,3.192788247755747,7.892183149956167
"2024-11-21 17:29:23.0000",2.99,78.86,2.4468934535980225,2.074090029483237,4.498599018281651
"2024-11-21 18:29:04.0000",1.58,80.04,2.1451752185821533,1.5669338253276548,3.293297141410142
"2024-11-21 18:59:11.0000",2.14,80.61,1.4560463428497314,2.01830385934353,6.442718088842184
"2024-11-21 19:28:59.0000",2.81,80.3,2.7117741107940674,2.473961498565057,8.655689734640207
"2024-11-21 19:58:59.0000",3.11,80.25,2.375253915786743,2.7146882635884255,6.421767561277676
"2024-11-21 20:28:53.0000",2.91,79.84,1.9722181558609009,2.1568389051228243,8.096483823424427
"2024-11-21 20:58:57.0000",2.95,79.64,2.1492481231689453,2.4022831307866057,5.956252991812942
"2024-11-21 21:29:02.0000",3.38,79.51,1.3117241859436035,1.4874319473776296,6.642615041308047
"2024-11-21 21:58:54.0000",3.22,79.02,3.744577169418335,3.080706331780677,6.004281782162119
"2024-11-21 22:28:53.0000",2.43,79.3,1.4200623035430908,1.6884894339548455,5.283352139497861
"2024-11-21 22:58:52.0000",1.68,79.83,5.540993690490723,2.1168825238898505,5.685479895025231
"2024-11-21 23:28:48.0000",1.62,80.53,7.474455833435059,3.0387435539802046,3.27500889932535
"2024-11-21 23:58:40.0000",2.06,80.35,2.530958652496338,2.2862812851827394,8.353459223278833
"2024-11-22 00:28:43.0000",2.59,80.94,2.6735687255859375,2.8880699600068196,10.121995359348714
"2024-11-22 01:03:11.0000",4.02,78.58,1.260141134262085,1.9390685858075374,5.112818449768582
"2024-11-22 01:32:55.0000",2.93,81.04,1.1009739637374878,1.788305778062186,6.40646777181496
"2024-11-22 02:02:39.0000",3.14,81.25,1.697513222694397,2.2568506941197812,8.514157980957089
"2024-11-22 02:32:42.0000",3.67,81.65,1.7827112674713135,2.336487091931131,7.94596424275964
"2024-11-22 03:02:40.0000",4.01,81.32,1.6686769723892212,2.3040043596338613,5.985968676368239
"2024-11-22 03:32:33.0000",4.18,81.47,1.3988893032073975,2.1366121178375184,6.379022057026974
"2024-11-22 04:32:36.0000",4.23,81.1,1.7231323719024658,2.390491686405275,4.626429837108004
"2024-11-22 05:32:40.0000",3.77,81.73,1.6512720584869385,2.2953828224687824,9.59229875266487
"2024-11-22 06:02:27.0000",4.02,82.3,1.0050041675567627,1.628778961690457,3.6515740337315696
"2024-11-22 06:32:19.0000",3.63,82.86,1.2683367729187012,1.3917812721247382,8.833223320931092
"2024-11-22 07:02:29.0000",3.83,82.83,1.5370209217071533,1.9737926496646379,9.825188196735477
"2024-11-22 07:32:18.0000",3.99,82.8,1.2365868091583252,1.8564351872975502,3.7852523934358584
"2024-11-22 08:02:11.0000",4.16,82.68,1.5928208827972412,2.030295025793303,5.273976552778945
"2024-11-22 08:32:14.0000",4.38,82.79,1.514980435371399,1.7640817983006218,7.27197648023747
"2024-11-22 09:02:11.0000",4.75,82.7,1.5715962648391724,2.0447640276421484,5.6525454682044955
"2024-11-22 09:32:11.0000",5.15,82.31,0.9765952825546265,1.63597741815148,5.578340596075337
"2024-11-22 10:02:10.0000",6.94,83.18,1.1284489631652832,1.6823281367512624,7.064556589286555
"2024-11-22 10:32:12.0000",6.56,81.72,4.025565147399902,2.8126379619332,7.529551449677561
"2024-11-22 11:02:04.0000",5.89,81.78,1.501750111579895,1.7352412113117497,6.673671438656257
"2024-11-22 11:32:04.0000",10.15,82.05,0.4779481887817383,1.1635989152767183,5.667575734803966
"2024-11-22 12:02:09.0000",14,75.82,0.5274401903152466,1.2520802814880538,6.239021382046633
"2024-11-22 12:32:12.0000",14.07,74.04,0.5666860938072205,1.220554670547286,5.19099546709271
"2024-11-22 13:02:06.0000",11.42,75.36,0.6311385631561279,1.3703994506074253,4.386619322197361
"2024-11-22 13:31:52.0000",7.5,81.31,0.5864717960357666,1.1066182355864358,6.005396103333918
"2024-11-22 14:01:49.0000",5.82,80.64,0.49973997473716736,1.132260518010628,5.243365889381604
"2024-11-22 14:31:39.0000",4.46,80.83,1.3360861539840698,1.7359097670606296,6.197999164891534
"2024-11-22 15:01:39.0000",4.14,80.54,1.6661443710327148,1.554834263384203,4.515146020341823
"2024-11-22 15:31:36.0000",3.61,80.46,0.8837483525276184,1.3840968740749084,4.880203535257669
"2024-11-22 16:01:36.0000",3.4,80.48,1.579480528831482,1.6685292671525258,4.1207976987396755
"2024-11-22 16:31:27.0000",2.55,80.73,1.6849156618118286,1.7174913034819403,5.005249660380862
"2024-11-22 18:01:22.0000",1.57,81.58,2.160228729248047,1.9185288038654325,7.2421338176931345
"2024-11-22 18:31:17.0000",1.92,82.16,2.4121968746185303,2.02645741729593,4.115430442186732
"2024-11-22 19:01:23.0000",1.42,82.02,3.3742024898529053,2.33202451774941,6.382346740276039
"2024-11-22 19:31:10.0000",0.89,82.28,13.123579978942871,5.850872981259163,10.30084697869695
"2024-11-22 20:01:07.0000",1.35,82.76,6.940811634063721,3.2519151402737325,8.924692938469285
"2024-11-22 20:31:04.0000",1.66,82.55,5.29456090927124,2.9309785016571404,7.251854201184609
"2024-11-22 21:01:02.0000",1.44,82.4,41.02785110473633,15.864980867894182,18.211102762162174
"2024-11-22 21:30:59.0000",0.98,83.08,7.704854965209961,3.79737281907869,7.559529888182133
"2024-11-22 22:00:56.0000",0.9,83.19,7.85244083404541,3.803897597513608,8.137207459726657
"2024-11-22 22:30:54.0000",0.68,83.29,7.364877223968506,3.4431625188574464,6.776986210814376
"2024-11-22 23:00:50.0000",0.68,83.37,12.643680572509766,5.286432093053414,10.81215995835949
"2024-11-22 23:30:52.0000",0.76,83.4,9.867198944091797,4.911200569704535,9.746556217531824
"2024-11-23 00:00:44.0000",0.77,83.47,5.054532051086426,2.793679731412373,5.885160557201366
"2024-11-23 00:30:41.0000",0.93,83.55,4.964542865753174,2.819149812405752,6.029769635389589
"2024-11-23 01:00:39.0000",1.12,83.58,4.335197925567627,2.537189525192831,7.08312519900662
"2024-11-23 01:30:43.0000",1.46,83.73,4.234066486358643,2.8023722274953684,6.579167637020366
"2024-11-23 02:00:38.0000",1.54,83.42,3.8888659477233887,2.5338318505282262,4.581143865592083
"2024-11-23 02:30:36.0000",1.44,83.52,5.375858783721924,2.5806872046955625,5.750586824291478
"2024-11-23 03:00:32.0000",1.63,83.55,3.876540422439575,2.59144247921496,6.007337782039365
"2024-11-23 03:30:29.0000",1.38,83.61,6.890544891357422,4.020840352983799,6.232567342409793
"2024-11-23 04:00:26.0000",1.44,84.05,17.238637924194336,7.105425143798589,6.748532746016803
"2024-11-23 04:30:29.0000",1.52,84.16,13.321598052978516,7.056984221492563,9.148385008472417
"2024-11-23 05:00:24.0000",1.54,84.28,13.959939002990723,7.236338757468875,10.210462565872682
"2024-11-23 05:30:25.0000",1.37,84.44,12.264596939086914,6.589241588931978,10.033083014059526
"2024-11-23 06:00:15.0000",1,84.89,10.734487533569336,5.256989195358129,9.413655588320466
"2024-11-23 06:30:18.0000",1.16,85.08,9.810935020446777,5.283295729759165,9.369764100996473
"2024-11-23 07:00:15.0000",1.62,85.33,7.634654521942139,4.492807228111254,8.578933132340907
"2024-11-23 08:00:15.0000",3.26,85.66,10.394701957702637,4.08714904312666,7.9962909017299895
"2024-11-23 09:00:28.0000",4.75,85.89,5.397607803344727,2.345099772554927,7.028910586601373
"2024-11-23 09:30:13.0000",5.23,86.18,5.020023822784424,2.253607488101312,5.711657217075465
"2024-11-23 10:00:10.0000",6.05,86.45,1.5157707929611206,1.6112677013376935,6.200557355773257
"2024-11-23 10:30:09.0000",6.8,86.58,1.511100172996521,1.50834500066658,6.6973694210003485
"2024-11-23 11:00:14.0000",7.44,86.76,0.7369663715362549,1.4076500785925499,4.934396656151126
"2024-11-23 11:30:11.0000",7.9,86.85,0.6729936599731445,1.186648729645531,6.258867522850226
"2024-11-23 12:00:06.0000",8.47,86.92,0.581791341304779,1.2380290443038007,4.984596138089936
"2024-11-23 12:30:03.0000",8.79,87.04,0.6528019905090332,1.4285534942593408,5.1691586220007615
"2024-11-23 13:00:06.0000",9.01,87.12,1.0439839363098145,1.5545290039308954,5.579024105330753
"2024-11-23 14:00:03.0000",9.86,87.27,1.1285723447799683,1.347267515908773,1.560812016027038
"2024-11-23 14:30:06.0000",11.33,84.36,1.4221240282058716,1.565233216709257,6.000505334039461
"2024-11-23 14:59:58.0000",10.85,86.88,1.177356243133545,1.3101359874441854,5.153341894517217
"2024-11-23 15:30:06.0000",10.98,87.26,1.2812620401382446,1.568247311713856,5.557663584532317
"2024-11-23 16:29:57.0000",11.14,87.09,1.677183985710144,1.568447730493867,6.326988323616259
"2024-11-23 16:59:53.0000",11.23,87.61,3.3115053176879883,2.0836169229022024,7.255243044268968
"2024-11-23 17:29:50.0000",11.3,87.69,2.192483901977539,1.9186846729789622,7.104827658759907
"2024-11-23 18:29:56.0000",13.01,84.18,1.1321942806243896,1.349331304219814,6.37496360823545
"2024-11-23 18:59:46.0000",12.1,86.87,1.4182565212249756,1.4765143420600069,5.49573336821897
"2024-11-23 19:29:47.0000",12.17,87.35,1.253382921218872,1.194668022219538,6.65456150301348
"2024-11-23 19:59:45.0000",12.27,87.7,2.065051317214966,2.0967594275775276,7.23278998942506
"2024-11-23 20:29:43.0000",12.68,87.52,2.610297203063965,2.834746500695954,9.049473614156488
"2024-11-23 20:59:38.0000",12.96,87.51,3.3538804054260254,3.1973133762220587,13.045120103109992
"2024-11-23 21:29:37.0000",13.28,87.26,3.0772581100463867,3.0109990619611136,11.785563600260575
"2024-11-23 21:59:34.0000",13.15,87.44,3.179717540740967,3.244710247934538,9.648357657684693
"2024-11-23 22:29:37.0000",13.38,87.45,4.00172233581543,3.5901352217663427,14.728276106948698
"2024-11-23 22:59:28.0000",13.39,87.3,4.684406280517578,4.056723572155402,16.06291838865203
"2024-11-23 23:29:25.0000",13.27,87.02,4.005606651306152,3.5945886637344255,12.990424003285828
"2024-11-23 23:59:31.0000",13.13,87.28,2.5348434448242188,2.45364542628101,7.827168905858843
"2024-11-24 00:29:30.0000",13.24,87.34,2.0841050148010254,1.9895553284424277,9.653344744804256
"2024-11-24 00:59:16.0000",13.38,87.23,1.5191446542739868,1.8531226172959556,7.89679100990484
"2024-11-24 01:29:14.0000",13.12,87.59,1.4809991121292114,1.7581916243410958,7.358109031537144
"2024-11-24 01:59:10.0000",12.54,87.87,2.0324580669403076,2.228508035540429,5.528401491570866
"2024-11-24 02:29:11.0000",12.71,87.99,1.2231664657592773,1.4045851774433942,6.98432445103355
"2024-11-24 02:59:10.0000",12.5,87.97,0.45867693424224854,1.1262341041090613,5.378660405328016
"2024-11-24 03:29:02.0000",12.55,88.09,1.935150384902954,2.2960294510982946,8.30187608927622
"2024-11-24 03:58:59.0000",12.55,88.09,1.9182672500610352,1.9213545575316324,9.27042777323256
"2024-11-24 04:28:57.0000",12.21,88.19,1.2332863807678223,1.629400473596801,7.043280479361964
"2024-11-24 04:58:55.0000",11.93,88.5,1.4171377420425415,1.8193901755058093,7.287667817233393
"2024-11-24 05:28:50.0000",12.18,88.22,0.3926540017127991,1.1821882473745369,5.203804309086576
"2024-11-24 05:58:49.0000",12.21,88.13,1.1215637922286987,1.5317780232980334,6.709505480880635
"2024-11-24 06:28:54.0000",11.89,88.52,3.194812774658203,2.8015405372982296,7.190937037024959
"2024-11-24 06:58:42.0000",11.74,88.48,1.2525399923324585,1.668817918357698,6.929764102275702
"2024-11-24 07:28:39.0000",11.31,88.69,0.4320314824581146,1.2746612403936632,4.652217531916251
"2024-11-24 07:58:39.0000",11.05,88.81,0.4462355673313141,1.2480356655464908,4.545922440688772
"2024-11-24 08:28:41.0000",10.91,88.85,0.41104716062545776,1.046900492096832,5.755151519784417
"2024-11-24 08:58:33.0000",10.4,88.85,0.5944827795028687,1.2044804752731377,5.358756802339561
"2024-11-24 09:28:33.0000",10.33,89.02,0.7093700170516968,1.2508058847398178,5.125679058392703
"2024-11-24 09:58:30.0000",10.64,88.82,0.4493727684020996,1.2814995555010626,6.209292639304576
"2024-11-24 10:28:31.0000",10.47,88.33,0.365774542093277,1.1678795252582344,5.653588964166676
"2024-11-24 10:58:31.0000",10.44,88.6,0.7746277451515198,1.4735459749053657,6.059897090151004
"2024-11-24 11:28:29.0000",10.61,88.15,1.1880161762237549,1.890472338172092,7.501346635296767
"2024-11-24 11:58:18.0000",10.74,87.76,1.41786789894104,1.9838054089439106,7.498142828526279
"2024-11-24 12:28:27.0000",10.97,87.48,2.370514392852783,2.7385827108218,9.728202971801318
"2024-11-24 12:58:13.0000",11.1,87.27,2.0186381340026855,2.5651327297278925,10.206845562913674
"2024-11-24 13:28:19.0000",11.32,86.2,4.256714820861816,3.764493656603399,11.574266817537563
"2024-11-24 13:58:12.0000",12.14,84.97,2.887324333190918,3.108470792931514,12.044817729963912
"2024-11-24 14:28:09.0000",11.34,84.71,2.681875467300415,2.708652584479765,8.056127010034691
"2024-11-24 14:58:08.0000",10.98,84.5,2.963765859603882,3.2023667610505733,10.67251962176771
"2024-11-24 15:28:05.0000",10.7,83.72,3.238250970840454,3.442196573026345,8.348831663334822
"2024-11-24 15:58:01.0000",10.6,83.47,2.9746742248535156,3.327870162133941,11.321760593164738
"2024-11-24 16:27:53.0000",9.83,83.15,3.357028007507324,3.228625009887711,14.58586329145363
"2024-11-24 16:57:57.0000",10.03,83.12,2.9069480895996094,3.0832146262760407,9.694919310550878
"2024-11-24 17:27:52.0000",10,82.83,2.942666530609131,3.3848184663431127,10.81423210327607
"2024-11-24 17:57:53.0000",10.12,82.45,2.7731986045837402,2.989123005574388,9.71092726988555
"2024-11-24 18:57:55.0000",9.89,81.83,7.213966369628906,2.904309106191734,8.19081878296621
"2024-11-24 19:27:45.0000",9.53,81.8,3.1712186336517334,3.002202674886222,8.57135612097323
"2024-11-24 19:57:43.0000",9,82.03,3.284487009048462,3.0623169768128347,10.774235949429283
"2024-11-24 20:27:43.0000",9.25,82.14,4.705283164978027,3.8212042579963685,12.17329107574184
"2024-11-24 20:57:39.0000",9.52,81.5,4.120716571807861,3.799478360892001,12.764250288559495
"2024-11-24 21:27:31.0000",9.88,80.87,4.7908477783203125,4.1146113051364,12.482619581182274
"2024-11-24 22:27:29.0000",9.69,80.06,5.2113518714904785,4.132812449414068,17.04993428030856
"2024-11-24 22:57:27.0000",9.51,80.15,4.590216636657715,4.194481958039299,12.323384785045201
"2024-11-24 23:27:22.0000",9.53,80.03,5.542693138122559,5.109691625328943,16.15558685532471
"2024-11-24 23:57:19.0000",9.29,80.03,5.196603298187256,4.3599403830241705,11.372399320922884
"2024-11-25 00:27:19.0000",9.41,79.44,5.084474563598633,3.511398171868324,13.926355748927259
"2024-11-25 00:57:22.0000",8.4,79.97,2.0995676517486572,2.393492915938367,8.17761415781098
"2024-11-25 01:27:10.0000",7.61,80.74,1.9545135498046875,2.31793409700857,6.674124816973821
"2024-11-25 01:57:05.0000",7.84,81.27,1.1079225540161133,1.8774374566661338,6.03950606144853
"2024-11-25 02:27:01.0000",7.9,81.48,1.4532121419906616,2.1057154346904383,7.53901056378573
"2024-11-25 02:57:10.0000",9.03,78.55,1.5415992736816406,2.0157644425037824,8.200344672006798
"2024-11-25 03:26:59.0000",7.45,81.63,1.455381989479065,1.906484100045111,7.735247162687888
"2024-11-25 03:56:59.0000",7.07,82.41,2.2483887672424316,2.3983099719280236,8.78535504535576
"2024-11-25 04:26:51.0000",6.64,82.77,2.5431711673736572,2.883112398498477,11.664309114345443
"2024-11-25 04:56:46.0000",6.24,82.87,2.9091906547546387,3.295604440399223,7.752911814547911
"2024-11-25 05:56:47.0000",5.76,83.27,2.686959981918335,3.0473184404176887,9.375687223536108
"2024-11-25 06:26:44.0000",5.9,83.37,2.867034435272217,3.2475253425594843,8.293396806663928
"2024-11-25 06:56:42.0000",5.78,83.22,2.819490671157837,2.99693374625246,12.31783255242254
"2024-11-25 07:26:39.0000",5.41,83.39,3.020653009414673,3.613233311658543,12.11283486364563
"2024-11-25 07:56:36.0000",5.31,83.56,3.4296255111694336,3.8070046783938882,10.495763606049783
"2024-11-25 08:26:32.0000",5.33,83.48,3.1004631519317627,3.5175880065519696,10.8867602407465
"2024-11-25 08:56:29.0000",6.35,83.42,3.0139834880828857,3.677809807255783,8.975250470495762
"2024-11-25 09:26:32.0000",9.16,80.48,2.9826412200927734,3.476693178782444,11.98689060550809
"2024-11-25 09:56:27.0000",8.89,83.36,2.9639031887054443,3.0574583297817037,9.458790337441492
"2024-11-25 10:26:36.0000",11.6,79.93,2.5835845470428467,2.9472957501211203,11.129005278073794
"2024-11-25 10:56:34.0000",12.16,78.28,2.698090076446533,3.039871364941195,12.043639171230913
"2024-11-25 11:26:29.0000",9.69,79.87,1.6388752460479736,2.206025003616463,8.942920935181522
"2024-11-25 11:56:32.0000",15.2,77.52,1.232100248336792,1.7168375913276959,7.303219388597164
"2024-11-25 12:26:29.0000",14.91,76.96,1.067839503288269,1.7289885738961945,7.8691581768014105
"2024-11-25 12:56:32.0000",14.92,78.25,1.482712984085083,2.0384284567584277,8.123113884191934
"2024-11-25 13:26:30.0000",16.18,75.07,1.9020329713821411,2.5003396546138896,8.831755985102669
"2024-11-25 13:56:30.0000",13.01,73.26,1.9543713331222534,2.3273328468533903,8.969666965629905
"2024-11-25 14:26:21.0000",9.26,74.83,2.1845192909240723,2.3265930370844763,8.81639961150223
"2024-11-25 14:56:09.0000",7.98,75.45,1.693372130393982,2.2244855594434725,7.484840388973494
"2024-11-25 15:26:06.0000",7.34,75.66,1.5831992626190186,1.851167941634257,6.27672011023887
"2024-11-25 15:56:03.0000",7.27,75.47,1.4267951250076294,1.9813025966032165,6.431312553039953
"2024-11-25 16:25:55.0000",6.64,75.77,1.5777915716171265,2.1204230645565967,7.2058911327598985
"2024-11-25 16:55:52.0000",5.94,76.09,1.6198633909225464,1.8291491591339974,7.696581863759168
"2024-11-25 17:25:49.0000",5.57,76.56,1.4718753099441528,1.838929160848593,5.103073106937313
"2024-11-25 17:55:49.0000",5.12,77.01,1.2005292177200317,1.7201708601780143,5.208472301285335
"2024-11-25 18:25:43.0000",4.74,77.25,1.4550942182540894,1.7748004699534088,4.9385473447385
"2024-11-25 18:55:41.0000",4.54,77.64,1.8101444244384766,1.5553778709568844,6.013439440201153
"2024-11-25 19:25:48.0000",4.4,77.82,2.01955246925354,1.8111498800140753,6.135770321558357
"2024-11-25 19:55:47.0000",4.61,77.96,2.0556142330169678,1.6690635950647403,4.3488861653821
"2024-11-25 20:25:34.0000",4.99,78.07,2.0829575061798096,1.803204580934568,5.130625194743189
"2024-11-25 20:55:33.0000",4.57,78.37,2.3866312503814697,1.7883820646452158,6.320571233343406
"2024-11-25 21:25:31.0000",4.83,78.45,2.0215907096862793,1.7544813550528933,4.338085280071629
"2024-11-25 21:55:31.0000",4.98,78.43,1.7825226783752441,1.8491841455043292,5.295050618256126
"2024-11-25 22:25:20.0000",4.14,78.82,2.3324790000915527,2.142925637450115,5.27531284504468
"2024-11-25 22:55:20.0000",4.23,79.54,1.883636713027954,2.0075329919969653,5.579090731972828
"2024-11-25 23:25:27.0000",4.43,79.21,1.8280680179595947,2.0458044489246756,7.529605372847526
"2024-11-25 23:55:16.0000",4.65,79.28,1.7270938158035278,1.8772761652568128,6.240988866901921
"2024-11-26 00:25:14.0000",4.05,79.53,2.1497843265533447,2.026243484034812,6.907227761073374
"2024-11-26 00:55:06.0000",3.71,80.05,2.099964141845703,1.9492768475783158,6.807881232762861
"2024-11-26 01:25:04.0000",3.36,80.2,2.89595365524292,2.39572849082452,6.042442124579351
"2024-11-26 01:55:11.0000",2.77,80.43,3.597790479660034,2.6714663367572,6.7108356611461994
"2024-11-26 02:24:57.0000",2.5,80.97,1.8199609518051147,1.8040846335339842,6.430915824101747
"2024-11-26 02:54:59.0000",2.59,81.05,3.4732213020324707,2.723581440736182,5.787823061402424
"2024-11-26 03:24:51.0000",2.34,81.04,1.9373549222946167,1.8772653983154688,7.39635712487915
"2024-11-26 03:54:55.0000",1.79,81.43,2.2685585021972656,1.8374285531259753,7.647449393394978
"2024-11-26 04:24:46.0000",1.6,81.62,11.943309783935547,1.898652470090809,4.652522734290894
"2024-11-26 04:54:43.0000",1.87,81.71,13.497710227966309,1.6170555057157054,3.382461554023048
"2024-11-26 05:24:45.0000",1.58,81.62,11.32691478729248,1.9496670757531889,6.310425036873866
"2024-11-26 05:54:42.0000",1.76,81.93,21.712928771972656,2.138532090168364,6.751327211386012
"2024-11-26 06:24:39.0000",1.86,82.06,22.173328399658203,1.6080298573754634,5.339351226513476
"2024-11-26 06:54:36.0000",1.52,82.2,2.1602354049682617,2.151252978174504,5.44287945314275
"2024-11-26 07:24:34.0000",1.39,82.39,2.530805826187134,2.2115777668573755,6.119132455717755
"2024-11-26 07:54:41.0000",1.42,82.53,4.469942092895508,2.6652005325051875,6.338433553538419
"2024-11-26 08:24:33.0000",1.25,82.57,4.233567237854004,2.74554022072402,8.160836586848253
"2024-11-26 08:54:30.0000",2.77,82.46,2.7962112426757812,2.392263109002281,4.135869886175485
"2024-11-26 09:24:34.0000",6.8,80.11,2.008214235305786,1.9050336534055574,6.079664286299383
"2024-11-26 09:54:36.0000",4.94,82.69,1.6590291261672974,1.867443289420687,5.464288860819902
"2024-11-26 10:24:39.0000",11.4,77.55,1.1958731412887573,1.551104109567977,7.021363679708837
"2024-11-26 10:54:40.0000",13.92,75.83,2.8155550956726074,1.7122520939798733,4.774458303470283
"2024-11-26 11:24:47.0000",15.71,74.17,1.1046044826507568,1.5597956523564331,7.35121760116912
"2024-11-26 11:54:51.0000",16.28,73.39,1.258772611618042,1.6754894026136153,5.266290185997931
"2024-11-26 12:24:42.0000",17.05,71.73,0.8975781798362732,1.3440148531194365,5.351294658438873
"2024-11-26 12:54:37.0000",16.93,71.42,1.0658557415008545,1.6147594150613767,6.311085276971687
"2024-11-26 13:24:30.0000",16.43,71.42,0.7407872080802917,1.3568731396180367,4.464968301145402
"2024-11-26 13:54:27.0000",15.44,71.81,0.797279417514801,1.4334579849729532,6.942373201262357
"2024-11-26 14:24:21.0000",11.45,74.16,0.7659494280815125,1.3591193735555402,4.932039101590837
"2024-11-26 14:54:11.0000",8.55,76.01,0.9335939884185791,1.3032273848902618,5.621769403229222
"2024-11-26 15:24:18.0000",7.74,72.69,12.140914916992188,1.7659874020409243,5.764669648759792
"2024-11-26 15:54:05.0000",5.29,75.27,21.53529930114746,7.8848113992853355,10.868298865618112
"2024-11-26 16:23:57.0000",4.32,75.75,2.346782684326172,1.9823742388035634,7.198118433070106
"2024-11-26 16:53:54.0000",3.29,75.93,3.8421168327331543,2.239257437873639,6.574541210419168
"2024-11-26 17:23:51.0000",2.75,76.22,8.528071403503418,4.045896107385529,11.185264378924305
"2024-11-26 17:53:44.0000",2.36,76.58,11.051782608032227,4.801552890311512,7.240160793617388
"2024-11-26 18:23:47.0000",2.02,77.03,8.911480903625488,3.981351532596107,7.904888126271978
"2024-11-26 18:53:44.0000",1.88,76.97,21.197490692138672,6.341694529768052,7.08758421132534
"2024-11-26 19:23:40.0000",1.67,77.37,21.133211135864258,7.969939304605988,9.318819027816648
"2024-11-26 19:53:40.0000",1.33,77.64,31.89966583251953,13.578945290987495,15.508697626894204
"2024-11-26 20:23:30.0000",1.17,78.14,22.172073364257812,8.344118722100754,9.882620744791845
"2024-11-26 20:53:31.0000",0.89,78.21,29.630538940429688,13.547865825599402,25.801088195265745
"2024-11-26 21:23:28.0000",0.61,78.64,31.38436508178711,11.722056730671643,11.672702507271554
"2024-11-26 21:53:21.0000",0.66,78.82,27.764562606811523,10.55793573400095,15.838088466363653
"2024-11-26 22:23:25.0000",0.99,78.91,22.577951431274414,8.605273489536973,10.704965874244806
"2024-11-26 22:53:20.0000",1.17,79.01,21.501510620117188,8.261797948296902,12.598916580806268
"2024-11-26 23:23:12.0000",1.35,79.09,18.714889526367188,7.55265348750505,10.851346624608004
"2024-11-26 23:53:14.0000",1.48,79.09,16.913530349731445,7.143445821052254,9.77769237874799
"2024-11-27 00:23:11.0000",1.69,79.19,11.816062927246094,5.581375996773788,9.289683418350116
"2024-11-27 00:53:11.0000",1.92,79.38,8.6974515914917,4.017490010836843,9.272363419051437
"2024-11-27 01:23:06.0000",2.22,79.45,7.405880928039551,3.7172087902987427,7.173768361855414
"2024-11-27 01:53:26.0000",2.69,79.52,5.811641693115234,3.162894943317036,8.963936584388684
"2024-11-27 02:23:12.0000",3.27,79.26,4.296932697296143,2.8035596070988804,7.09527591869627
"2024-11-27 02:53:02.0000",3.42,79.2,6.1934428215026855,3.1545782987667015,7.189566487047309
"2024-11-27 03:22:59.0000",2.93,79.67,6.755589008331299,3.302295921975846,7.469452900637399
"2024-11-27 04:22:55.0000",3.03,80.23,3.0732126235961914,2.1031368576840577,4.854887686617144
"2024-11-27 04:52:58.0000",2.99,80.36,3.2415199279785156,2.102673002513508,7.555162593649561
"2024-11-27 05:22:55.0000",3.09,80.38,3.1166324615478516,2.045084301184267,6.7282838478084015
"2024-11-27 05:52:56.0000",3.14,80.33,3.737563133239746,2.4844825671415647,7.068384011633801
"2024-11-27 06:22:49.0000",3.01,80.46,4.83113956451416,2.6746078370789195,7.534783188974645
"2024-11-27 06:52:44.0000",2.49,80.66,8.196284294128418,3.8218970450015215,7.121801317147088
"2024-11-27 07:22:41.0000",2.48,80.89,9.740090370178223,4.754051925270301,7.25226654743464
"2024-11-27 07:52:40.0000",1.93,81.1,13.339652061462402,6.112891613292905,9.188269614181394
"2024-11-27 08:52:36.0000",1.32,81.51,17.03885841369629,8.055603238294392,12.475775386204708
"2024-11-27 09:22:39.0000",3.06,82.33,16.822864532470703,8.135777293781132,10.873122547763225
"2024-11-27 09:52:28.0000",2.57,81.15,23.786521911621094,11.871700357961132,13.29743056276701
"2024-11-27 10:22:37.0000",7.57,79.05,11.987854957580566,6.054421436042858,10.2020364985745
"2024-11-27 10:52:36.0000",9.47,77.61,10.873641014099121,5.11280004376484,11.446496390962348
"2024-11-27 11:22:43.0000",10.88,75.55,7.445324897766113,3.746931242213212,6.715712000754717
"2024-11-27 11:52:40.0000",12.33,74.54,7.165706634521484,3.5405136395336383,8.479020176064063
"2024-11-27 12:22:44.0000",13.61,71.89,4.036845684051514,2.5202902569365984,7.832816517690469
"2024-11-27 12:52:46.0000",13.29,71.95,1.8184144496917725,1.792078613128899,6.382409285001294
"2024-11-27 13:22:39.0000",14.79,71.22,2.0458736419677734,1.7923211441654074,5.967610373000482
"2024-11-27 13:52:29.0000",13.98,71.9,1.657525658607483,1.8907017284758831,6.512687997471915
"2024-11-27 14:22:30.0000",9.94,73.59,1.3158115148544312,1.5689564166484986,6.388871972245433
"2024-11-27 14:52:14.0000",6.85,76.44,1.393022060394287,1.69786115627663,6.059449188340151
"2024-11-27 15:22:22.0000",5.71,75.6,1.3654729127883911,1.6461705713837251,3.543029840117851
"2024-11-27 15:52:08.0000",4.52,75.18,2.2169415950775146,1.5612325416440163,6.239132813606578
"2024-11-27 16:22:02.0000",3.36,75.21,3.5482208728790283,2.421428035253981,6.135264469903787
"2024-11-27 16:51:56.0000",1.98,75.73,4.832515716552734,2.5088412188851814,7.497494970673525
"2024-11-27 17:21:55.0000",2.02,76.17,10.062729835510254,4.7179093987175245,7.270777937527338
"2024-11-27 17:51:51.0000",2.56,75.64,4.69934606552124,2.518047553922857,5.377940829062165
"2024-11-27 18:21:47.0000",2.39,75.62,4.549407005310059,2.4537911054864505,5.580323049090552
"2024-11-27 18:51:45.0000",1.64,75.9,7.554846286773682,3.452374132211908,7.6240967341496715
"2024-11-27 19:21:47.0000",0.93,76.33,9.045453071594238,3.8847724363644156,7.472804356402141
"2024-11-27 19:51:38.0000",0.76,76.64,9.981680870056152,4.0246710016579526,8.386471879745802
"2024-11-27 20:21:32.0000",0.45,76.9,10.684028625488281,4.5651299088545985,9.49857655711982
"2024-11-27 20:51:39.0000",0.66,76.87,10.546138763427734,4.4218373348898705,7.733895317626429
"2024-11-27 21:21:32.0000",0.74,77.18,9.318120002746582,4.222542360851456,8.260115418843617
"2024-11-27 21:51:27.0000",0.6,77.16,10.181084632873535,4.441460579669997,7.544243393884489
"2024-11-27 22:21:25.0000",-0.79,77.78,19.38151741027832,7.365562634824107,10.268005261958564
"2024-11-27 22:51:17.0000",-1.33,78.27,27.477741241455078,10.564094900927541,12.799495569823339
"2024-11-27 23:21:19.0000",-1.5,78.5,33.3935661315918,12.482380745401708,14.300519485060807
"2024-11-27 23:51:20.0000",-1.49,78.76,36.58032989501953,13.85207073351307,15.967672710670842
"2024-11-28 00:21:13.0000",-1.8,78.85,50.83380126953125,14.686630798700785,17.01390713072979
"2024-11-28 00:51:19.0000",-2.06,78.95,25.626087188720703,10.639510644318037,14.051291838300214
"2024-11-28 01:21:07.0000",-2.18,79.04,31.655254364013672,12.54163769005781,15.845794782158091
"2024-11-28 01:51:05.0000",-2.62,79.6,31.374191284179688,12.974412488886491,16.75221684932777
"2024-11-28 02:20:56.0000",-2.46,79.39,26.986223220825195,11.239582272566576,13.055913450311525
"2024-11-28 02:50:56.0000",-2.47,79.44,25.146175384521484,10.111401488054108,13.175687184070798
"2024-11-28 03:20:52.0000",-2.35,79.93,27.312101364135742,11.190232872673901,13.693597832812667
"2024-11-28 03:50:48.0000",-2.27,80.07,22.78693389892578,9.744273959447737,13.371170412917674
"2024-11-28 04:20:44.0000",-2.56,79.79,26.176284790039062,10.628555308185218,14.346657099518536
"2024-11-28 04:50:42.0000",-2.82,80.1,32.06561279296875,13.17443789692514,16.14022409717244
"2024-11-28 05:20:44.0000",-3.33,80.48,41.36913299560547,17.38719952898456,22.726443360317887
"2024-11-28 05:50:41.0000",-2.73,80.54,53.71247100830078,23.47918606002514,31.516478625021747
"2024-11-28 06:20:36.0000",-2.95,80.39,71.6261215209961,30.86974430650878,36.84938887011721
"2024-11-28 06:50:37.0000",-2.83,80.59,96.5728988647461,43.3999681586979,54.41698492905837
"2024-11-28 07:20:35.0000",-2.43,80.85,105.31941223144531,50.067443229850106,62.342816802885686
"2024-11-28 07:50:35.0000",-2.54,80.86,108.64811706542969,54.603962559012615,74.1886859553505
"2024-11-28 08:20:29.0000",-2.35,81.06,113.39842987060547,55.758175590338745,75.37646162522658
"2024-11-28 08:50:24.0000",-1.97,81.21,118.86283874511719,60.771773595325534,81.7083213860693
"2024-11-28 09:20:21.0000",-1.3,81.37,145.8718719482422,68.08508635434639,81.59178817201935
"2024-11-28 09:50:18.0000",-0.73,81.76,123.814697265625,56.095573639447984,62.37213137857608
"2024-11-28 10:20:21.0000",0.36,81.46,79.2185287475586,33.0812940797047,37.847191588711254
"2024-11-28 10:50:20.0000",2.26,81.41,30.052589416503906,11.283257611597927,14.024245371031178
"2024-11-28 11:20:15.0000",2.59,82.46,23.735206604003906,8.762969865205054,12.4749388296516
"2024-11-28 11:50:18.0000",3.75,81.19,16.21366310119629,6.164682697182043,9.723088004632421
"2024-11-28 12:20:14.0000",4.25,82.03,9.969225883483887,4.191589142870814,9.060954352584085
"2024-11-28 12:50:11.0000",5.79,80.45,7.396672248840332,3.503612551822472,6.954200888475286
"2024-11-28 13:20:10.0000",4.38,80.35,9.411975860595703,3.906977937793177,8.869705647013028
"2024-11-28 13:50:08.0000",5.23,81.72,8.436419486999512,4.062907091278429,8.906331092797826
"2024-11-28 14:20:03.0000",4.17,80.08,11.133318901062012,4.440636610758443,9.096807743867707
"2024-11-28 14:50:14.0000",4.33,77.49,11.094650268554688,4.984074433386205,7.914099101340708
"2024-11-28 15:19:59.0000",3.09,79.7,11.195117950439453,4.793947611596208,8.886789094935626
"2024-11-28 15:49:54.0000",2.67,80.12,13.612201690673828,5.672282603081856,10.437406221818039
"2024-11-28 16:19:52.0000",2.65,80.46,14.868102073669434,5.972948438220598,8.784509250809897
"2024-11-28 16:49:50.0000",2.99,80.42,16.76789093017578,6.791218002277613,10.469937023112347
"2024-11-28 17:19:45.0000",3.15,80.34,19.00608253479004,7.406803105115364,9.074207446796485
"2024-11-28 17:49:43.0000",3.25,80.5,16.325035095214844,6.415472168634736,9.203232394766633
"2024-11-28 18:19:43.0000",3.59,80.6,11.597408294677734,4.9278669586115305,9.11892577199693
"2024-11-28 18:49:37.0000",3.85,80.42,13.048593521118164,6.066665703994255,10.008610246776927
"2024-11-28 19:19:39.0000",3.99,80.2,8.174480438232422,3.659717813108267,6.936515695289496
"2024-11-28 19:49:39.0000",4.07,79.98,7.840687274932861,3.5364494539993574,7.996645458420939
"2024-11-28 20:19:33.0000",4.06,79.8,8.359413146972656,3.699702633469112,8.10589875249431
"2024-11-28 20:49:33.0000",4.28,79.75,8.553935050964355,3.8703367608013965,8.350727865316347
"2024-11-28 21:19:28.0000",4.44,79.57,7.418494701385498,3.503377530804004,7.787944309648074
"2024-11-28 21:49:31.0000",4.58,79.53,8.073237419128418,3.8021647552539544,7.426598551862579
"2024-11-28 22:19:24.0000",4.78,79.49,7.415818214416504,3.3691448038692293,6.460291107366475
"2024-11-28 22:49:26.0000",4.86,79.47,7.492234230041504,3.5885427127463556,6.747477286219775
"2024-11-28 23:19:16.0000",4.93,79.44,8.489701271057129,3.7603068484339643,7.915514125947983
"2024-11-28 23:49:14.0000",5.01,79.56,8.222163200378418,3.5158529682372075,8.225722845238312
"2024-11-29 00:19:12.0000",5.16,79.48,8.695597648620605,3.7260198234570696,7.139821990436303
"2024-11-29 00:49:07.0000",5.29,79.56,8.728517532348633,3.9195846562981087,8.010192245180637
"2024-11-29 01:19:10.0000",5.39,79.65,7.632562160491943,3.636658582169776,7.2048550441718255
"2024-11-29 01:49:04.0000",5.62,79.6,7.985963344573975,3.6631154382796898,6.659546906181754
"2024-11-29 02:19:00.0000",5.67,79.55,8.32618236541748,3.830209645683875,8.721456744617058
"2024-11-29 02:48:57.0000",5.51,79.79,8.463695526123047,3.9414841560189453,9.088248261807141
"2024-11-29 03:18:58.0000",5.54,79.87,9.087589263916016,4.263789775435446,7.616844239777645
"2024-11-29 03:48:55.0000",5.44,80,9.580636024475098,4.205597439651287,7.303602098023663
"2024-11-29 04:18:52.0000",5.39,80.05,9.15377140045166,3.87681655174127,7.435083158195809
"2024-11-29 04:48:52.0000",5.48,80.17,8.682738304138184,3.703136489706872,8.85307056882835
"2024-11-29 05:18:46.0000",5.57,80.16,9.43535327911377,3.9010051404928583,9.16548580694048
"2024-11-29 05:48:44.0000",5.7,80.25,8.913287162780762,3.95089835852894,9.68832015632086
"2024-11-29 06:18:41.0000",5.62,80.29,9.729601860046387,4.29546566497094,9.822573537219084
"2024-11-29 06:48:39.0000",5.44,80.51,9.390414237976074,3.8424843001798688,7.819247876750412
"2024-11-29 07:18:42.0000",5.58,80.64,8.56613540649414,3.7853422410083333,8.603611111201328
"2024-11-29 07:48:37.0000",5.73,80.64,8.195870399475098,3.485187058333391,6.411313825134327
"2024-11-29 08:18:34.0000",5.74,80.74,7.492753505706787,3.736054243806303,4.856174666354978
"2024-11-29 08:48:36.0000",5.78,80.94,6.310037136077881,3.1269317908744316,6.7614672125417385
"2024-11-29 09:18:29.0000",6.53,81.33,5.10394287109375,3.004474341237769,6.565718949265407
"2024-11-29 09:48:31.0000",7.32,80.21,4.697066307067871,2.9775458583404295,7.839677435336215
"2024-11-29 10:18:36.0000",7.73,80.03,4.045496940612793,2.705927005119719,7.692254868453668
"2024-11-29 10:48:33.0000",10.68,79.65,3.41998028755188,2.358325591031723,8.737551897776326
"2024-11-29 11:18:30.0000",11.7,76.22,3.493917942047119,2.5404891253666566,9.422485111267582
"2024-11-29 12:18:23.0000",8.34,78,3.6398258209228516,2.518599328604166,8.31830556858264
"2024-11-29 12:48:19.0000",8.53,77.62,3.2533607482910156,2.867888854499772,8.085004444180678
"2024-11-29 13:18:16.0000",8.44,77.61,3.7675766944885254,2.662549584217517,7.347909250032798
"2024-11-29 13:48:14.0000",8.06,77.76,3.8663101196289062,2.498694711719259,7.538161025736142
"2024-11-29 14:18:11.0000",8.15,78.03,3.6437675952911377,2.7233116779789177,6.24867030993773
"2024-11-29 14:48:13.0000",8.16,78.28,3.98384428024292,2.8447531761306903,7.627546139591998
"2024-11-29 15:18:11.0000",8.21,78.59,3.334341526031494,2.306351780005207,7.042550457525267
"2024-11-29 15:48:01.0000",8.38,78.92,2.9211044311523438,2.085671593524156,5.9098050358088825
"2024-11-29 16:17:59.0000",8.49,79.15,2.763829231262207,2.117347645129332,9.296006501833114
"2024-11-29 16:48:05.0000",8.56,79.05,3.214534044265747,2.5331720662535506,7.467190119371486
"2024-11-29 17:17:55.0000",7.98,79.73,3.158114433288574,2.3136927237182303,6.763494689557786
"2024-11-29 17:47:52.0000",7.89,80.22,3.9443483352661133,2.6363761918975177,6.097941961333017
"2024-11-29 18:17:50.0000",7.81,80.61,4.906530857086182,3.368852306000495,6.598894301707447
"2024-11-29 18:47:45.0000",7.85,80.89,4.389642238616943,2.7714534886337865,6.491343320080124
"2024-11-29 19:17:47.0000",7.93,81.1,4.618484973907471,3.006023284622341,7.0816588674700816
"2024-11-29 19:47:40.0000",8.03,81.17,4.815547943115234,3.0680747059881734,6.458258461744119
"2024-11-29 20:17:40.0000",8.02,81.32,5.164392948150635,2.8677403833063337,9.393058839208253
"2024-11-29 20:47:41.0000",7.74,81.91,5.460927963256836,3.0816988178536993,7.5811719639796955
"2024-11-29 21:17:37.0000",7.67,82.08,4.851710319519043,2.7530668629893347,6.950848892016677
"2024-11-29 21:47:32.0000",7.47,82.05,5.736647129058838,3.4344526712609458,7.399898350638302
"2024-11-29 22:17:30.0000",7.15,82.59,5.051553726196289,2.783399361153836,6.284069743429743
"2024-11-29 22:47:28.0000",7.53,82.56,6.552079200744629,3.44097170193055,8.810226389890289
"2024-11-29 23:17:25.0000",7.08,82.86,9.151917457580566,3.8341627227374953,5.39854929224484
"2024-11-29 23:47:20.0000",6.98,83.3,11.73793888092041,4.9663021876790605,7.625005840585427
"2024-11-30 00:17:17.0000",7.11,83.4,12.715893745422363,4.805435728118222,7.891839760251862
"2024-11-30 00:47:16.0000",7.56,83.45,15.597199440002441,6.213981787504498,10.57512242757886
"2024-11-30 01:17:18.0000",8,83.32,11.623510360717773,4.401959006592806,8.503643152134854
"2024-11-30 01:47:20.0000",7.99,83.58,13.638259887695312,5.237696617720194,10.669521285983018
"2024-11-30 02:17:10.0000",7.83,83.76,15.167490005493164,5.755315363664906,6.495584136766847
"2024-11-30 02:47:05.0000",8.1,83.86,14.77242660522461,5.756450828231288,12.481941796899523
"2024-11-30 03:17:13.0000",8.2,83.82,14.776610374450684,5.568739033891561,5.8415210648448
"2024-11-30 03:47:05.0000",8.08,84.08,16.3945369720459,6.120700450698455,8.020942096595833
"2024-11-30 04:17:08.0000",8.13,84.22,16.727022171020508,6.892783430737402,8.591626464065705
"2024-11-30 04:46:57.0000",8.2,84.34,14.983288764953613,6.01648155743481,9.69230613840063
"2024-11-30 05:16:55.0000",8.54,84.39,9.403775215148926,4.101326429723547,6.977526538525238
"2024-11-30 05:46:51.0000",9,84.31,7.849477767944336,3.501121452949953,7.651237652086592
"2024-11-30 06:16:53.0000",8.76,84.4,11.095494270324707,4.561484276831124,9.044184560907626
"2024-11-30 06:46:45.0000",8.67,84.66,11.420450210571289,4.7113458285120835,6.735990883846284
"2024-11-30 07:16:43.0000",8.54,84.78,10.959354400634766,4.8712683213732,8.436774218257346
"2024-11-30 07:46:47.0000",8.56,85.14,11.348831176757812,4.664436376882238,9.643010333318855
"2024-11-30 08:16:47.0000",8.41,85.33,14.087348937988281,5.545483031009499,7.829347598012846
"2024-11-30 08:46:35.0000",8.58,85.64,13.75826358795166,5.3430456626238785,12.788818985521479
"2024-11-30 09:16:35.0000",9.4,85.62,7.623384952545166,3.558386208824328,7.605944667354377
"2024-11-30 09:46:33.0000",10.13,84.61,4.901369571685791,2.8983334297788,9.651139267484263
"2024-11-30 10:16:42.0000",12.4,84.12,8.529657363891602,2.927329353415441,8.129327014620939
"2024-11-30 10:46:38.0000",12.96,83.32,2.5444746017456055,2.2052790240717357,8.4710257795099
"2024-11-30 11:16:35.0000",14.99,82.84,1.6957825422286987,2.2796280397444373,8.738550395017544
"2024-11-30 11:47:00.0000",13.52,82.94,1.7117303609848022,2.189260041639612,8.032205540514598
"2024-11-30 12:16:35.0000",14.44,85.34,1.3677752017974854,1.7501717059249235,9.033877047914523
"2024-11-30 12:46:40.0000",17.66,81.63,1.7820661067962646,2.094112776945133,5.5228273578229885
"2024-11-30 13:16:36.0000",16.66,81.9,2.4154930114746094,2.1769692944068004,7.30863788167492
"2024-11-30 13:46:26.0000",14.34,81.52,1.6507236957550049,1.8361771818331731,8.759037836939148
"2024-11-30 14:16:22.0000",13.44,81.63,3.5517632961273193,2.3894707199274032,7.8002491738201325
"2024-11-30 14:46:17.0000",13.25,81.38,1.4493377208709717,1.88947847155197,7.658796099573822
"2024-11-30 15:16:12.0000",12.84,81.18,1.1269093751907349,1.6802206276166862,6.786923057734404
"2024-11-30 15:46:08.0000",12.73,81.17,1.8039298057556152,2.165533110559117,8.037127092117432
"2024-11-30 16:16:06.0000",12.63,81.34,1.5925191640853882,1.8136607319638802,6.547049043849896
"2024-11-30 16:46:08.0000",12.68,81.31,1.8756868839263916,1.8933502424652175,7.77040464691692
"2024-11-30 17:16:26.0000",12.55,81.41,2.11549973487854,2.218238181133309,7.528878302636183
"2024-11-30 17:46:05.0000",12.37,81.54,2.5538170337677,2.5406298163058123,10.74574686604856
"2024-11-30 18:16:07.0000",12.92,79.23,3.230515956878662,2.5921754661122867,10.999287374662492
"2024-11-30 18:45:57.0000",12.09,81.99,3.0185277462005615,2.707280571990517,7.174991207924799
"2024-11-30 19:15:49.0000",12.14,82.15,2.551154851913452,2.163531462098192,7.645721844846768
"2024-11-30 19:45:53.0000",11.6,83.04,3.6436827182769775,2.673049434737987,7.580257109011878
"2024-11-30 20:15:43.0000",11.73,83.22,4.557570934295654,2.732662191810022,9.30517522136593
"2024-11-30 20:45:40.0000",11.73,83.09,3.812974214553833,2.7278025801061165,9.928490436347381
"2024-11-30 21:15:38.0000",11.06,83.67,4.366745948791504,2.4085557656854015,9.373390967779873
"2024-11-30 21:45:34.0000",10.65,84.12,5.4150800704956055,3.3626314726887006,8.28265525400069
"2024-11-30 22:15:34.0000",10.77,84.31,5.441916465759277,3.661009851848937,12.917028823162044
"2024-11-30 22:45:29.0000",10.78,84.49,5.6281561851501465,3.5412750466805054,10.02803435024143
"2024-11-30 23:15:25.0000",11.06,84.33,5.702956199645996,3.6401004593397275,13.078107066080483
"2024-11-30 23:45:25.0000",10.78,84.54,5.5860595703125,3.429645380216777,11.251419538616219
"2024-12-01 00:15:20.0000",10.9,84.79,5.415925979614258,3.3414213359931377,11.90002179076111
"2024-12-01 00:45:18.0000",11.21,84.48,5.719590663909912,3.4155426477187913,12.525725658539828
"2024-12-01 01:45:17.0000",11.18,84.47,6.340247631072998,3.9666728978741777,8.928525642771675
"2024-12-01 02:15:13.0000",10.96,84.78,6.954835414886475,3.5792494648416984,11.694643506285361
"2024-12-01 02:45:15.0000",11.05,84.89,6.923434734344482,4.005745087635186,9.3593709341217
"2024-12-01 03:15:08.0000",11.25,84.79,6.8077216148376465,3.5785548344728975,10.378132720230901
"2024-12-01 03:45:05.0000",11.31,84.56,9.944828033447266,4.2148178574959845,8.93039339220931
"2024-12-01 04:15:02.0000",10.72,85.46,16.590831756591797,7.229388536238969,11.855017551755733
"2024-12-01 04:45:03.0000",10.55,86.73,13.916637420654297,5.884404014537245,9.057826478595647
"2024-12-01 05:15:01.0000",10.47,87.4,8.988821983337402,3.9503257337219915,6.194860800289309
"2024-12-01 05:44:56.0000",10.46,88.34,6.096949100494385,2.98028544152302,9.071364975791159
"2024-12-01 06:44:51.0000",10.51,88.93,3.3847174644470215,1.8943240548733749,9.616219828242853
"2024-12-01 07:14:45.0000",10.23,89.66,3.118870735168457,2.005437143538011,5.3770497604856144
"2024-12-01 07:44:42.0000",10.12,90.33,2.66772198677063,1.8958491638087853,4.967065809152801
"2024-12-01 08:14:39.0000",9.93,90.39,1.4269096851348877,1.3893477880816925,3.9754551589596314
"2024-12-01 08:44:39.0000",9.94,90.7,1.9457323551177979,1.5356446835070976,7.315373397193916
"2024-12-01 09:14:38.0000",10.22,91,4.03371000289917,2.1868544384221926,5.087544916955132
"2024-12-01 10:14:36.0000",12.43,90.71,0.7563214898109436,1.114161085791633,5.360664867745474
"2024-12-01 10:44:38.0000",14.53,83.66,0.6557997465133667,1.2440094356518931,5.071144750308627
"2024-12-01 11:14:39.0000",17.03,81.07,0.32410335540771484,1.009794969926989,5.273653507277711
"2024-12-01 11:44:47.0000",18.72,75.55,0.3534786105155945,0.999849029341029,5.209306084912255
"2024-12-01 12:14:36.0000",15.26,80.99,0.510404109954834,1.178135725619588,5.188159338878487
"2024-12-01 12:44:29.0000",14.17,81.47,0.44383251667022705,1.1321444121759097,4.751285417404085
"2024-12-01 13:14:36.0000",13.14,85.16,0.7412146925926208,1.145574226334467,4.432413299080606
"2024-12-01 13:44:20.0000",13.63,90.64,1.440199375152588,1.8457240354487399,6.4629371910733875
"2024-12-01 14:14:25.0000",14.63,84.67,1.3419880867004395,1.8737037943245973,6.898268693287547
"2024-12-01 14:44:16.0000",12.56,87.27,0.8316825032234192,1.447384821059554,7.78505776904592
"2024-12-01 15:14:13.0000",11.81,88.42,1.2214711904525757,1.7366484579237447,6.9434837485688
"2024-12-01 15:44:06.0000",11.03,89.67,1.1879395246505737,1.656798640817719,7.384739525533352
"2024-12-01 16:14:08.0000",10.97,89.7,1.49802565574646,1.411120389306535,7.18640010159902
"2024-12-01 17:14:00.0000",9.88,89.76,2.090397834777832,1.7538981621377785,4.585856300368915
"2024-12-01 17:44:04.0000",9.77,90.29,1.9906469583511353,1.7393654068574749,4.965849066881335
"2024-12-01 18:13:56.0000",9.92,90.04,2.453550338745117,1.7819512904187214,7.818922188215757
"2024-12-01 18:43:54.0000",9.98,89.47,1.5388320684432983,1.7301770369521363,6.114733047269072
"2024-12-01 19:13:55.0000",9.64,89.27,1.3255653381347656,1.6745998428234108,5.394949510707967
"2024-12-01 19:43:48.0000",9.04,89.47,1.5373691320419312,1.6342824646216783,4.1315292957489
"2024-12-01 20:13:45.0000",8.29,89.44,7.331283092498779,3.2235945678956908,6.9929990327155584
"2024-12-01 20:43:50.0000",8.3,89.65,1.546534776687622,1.5818150019364698,7.185006855143961
"2024-12-01 21:13:40.0000",8.89,89.37,0.9578467011451721,1.3335861919149057,5.1158267835521025
"2024-12-01 21:43:38.0000",9.2,88.83,40.88230514526367,1.2450779310336781,3.9158122693749164
"2024-12-01 22:13:33.0000",8.91,88.74,12.724282264709473,1.2173010148129293,3.817257418893954
"2024-12-01 22:43:38.0000",8.85,88.97,58.67124557495117,1.509779523159441,3.0579823003027204
"2024-12-01 23:13:30.0000",8.83,88.72,1.4637259244918823,1.9979822004744987,8.015404541576938
"2024-12-01 23:43:27.0000",8.59,88.76,1.541654348373413,1.760213338262154,8.20741733536114
"2024-12-02 00:13:26.0000",8.15,88.93,1.27988600730896,1.465944745205619,4.7672117291234235
"2024-12-02 00:43:22.0000",7.94,89.12,1.2894978523254395,1.585300709847984,6.029933671236089
"2024-12-02 01:43:21.0000",6.56,89.23,1.3364144563674927,1.751346683957462,4.930048602782969
"2024-12-02 02:13:19.0000",7.02,89.9,1.0561299324035645,1.6490400453751735,7.107615337856682
"2024-12-02 02:43:07.0000",7.17,89.59,1.0540211200714111,1.6056208186977832,5.151760051100026
"2024-12-02 03:13:07.0000",7.37,89.79,1.1045488119125366,1.5455853376890585,5.794287379979187
"2024-12-02 03:43:11.0000",7.07,89.84,1.347411870956421,1.6113413204029916,4.54436995653362
"2024-12-02 04:13:11.0000",7.08,90.51,0.9769564270973206,1.2139503025268021,4.6674679728136175
"2024-12-02 04:43:01.0000",7.65,90.48,1.7650611400604248,1.943376230242515,5.689294284929189
"2024-12-02 05:13:03.0000",7.78,90.41,2.701744556427002,2.1612731378826617,5.938393424423826
"2024-12-02 05:43:05.0000",8.01,90.69,2.970832347869873,3.1595279652954726,8.434731462470177
"2024-12-02 06:13:10.0000",7.49,90.56,3.408515453338623,3.870885456010763,0.3502656557501995
"2024-12-02 06:42:49.0000",7.02,90.61,2.82114839553833,3.067960433182953,9.808159589588808
"2024-12-02 07:12:52.0000",7.03,91.27,2.7336084842681885,3.3781782400569775,3.6202193929252986
"2024-12-02 07:42:54.0000",7.1,91.45,2.2237823009490967,1.9061258940144765,6.323077275529332
"2024-12-02 08:12:57.0000",7.01,91.17,2.586275339126587,3.470225574747838,9.874494075970992
"2024-12-02 08:42:49.0000",6.91,91.21,2.8571956157684326,3.4071191989688288,11.238221335447511
"2024-12-02 09:12:42.0000",6.89,91.25,2.9723527431488037,2.970041702314491,11.681650203687573
"2024-12-02 09:42:58.0000",6.94,91.82,2.564547538757324,3.3654325027238055,3.4255099671739164
"2024-12-02 10:12:46.0000",7.12,91.65,1.977762222290039,2.7164330436599835,4.063217036484031
"2024-12-02 10:42:46.0000",7.71,91.39,1.3286644220352173,2.010520647909424,2.5846060094914103
"2024-12-02 11:12:59.0000",8.82,88,1.010563611984253,1.5625450574353184,3.3010040570681016
"2024-12-02 11:43:03.0000",8.1,91.07,1.5098718404769897,2.09715642756218,5.387939153893375
"2024-12-02 12:12:44.0000",7.98,91.32,1.0215998888015747,1.6992572196758096,4.385441955426711
"2024-12-02 13:13:10.0000",7.22,90.89,0.7589647173881531,1.3325710558547132,5.3253220473376
"2024-12-02 13:42:44.0000",6.91,91.17,0.34982070326805115,1.0630632135316709,5.488828192572081
"2024-12-02 14:12:29.0000",6.44,91.51,0.6825351715087891,1.2653199886428959,5.1419746225818255
"2024-12-02 14:42:21.0000",6.06,91.51,0.6666659712791443,1.41152130704812,5.273119119968618
"2024-12-02 15:12:28.0000",5.9,91.68,0.7368160486221313,1.3875399397796393,3.1464854164123586
"2024-12-02 15:42:14.0000",5.78,91.64,1.0622529983520508,1.6706373113130062,3.638699750798617
"2024-12-02 16:12:13.0000",5.61,91.78,1.5883702039718628,1.6184495712601987,5.103217958360804
"2024-12-02 16:42:11.0000",5.46,91.8,0.98969566822052,1.4637747466021864,3.8585672462879077
"2024-12-02 17:12:11.0000",5.29,91.83,1.3020108938217163,1.5498419780314265,4.4671629883158115
"2024-12-02 17:42:04.0000",5.04,91.82,1.6340581178665161,1.712585973431715,5.194050851976693
"2024-12-02 18:12:08.0000",4.69,91.78,1.606539011001587,1.6986475755594364,7.324294350659739
"2024-12-02 18:42:07.0000",4.4,91.83,2.0376031398773193,2.0240313161316013,5.020722565878177
"2024-12-02 19:11:57.0000",4.01,91.46,2.2834813594818115,2.2596244128096603,8.28409517289274
"2024-12-02 19:41:51.0000",3.37,91.51,4.246095657348633,2.6830843550209917,5.720162709612552
"2024-12-02 20:11:45.0000",3.8,92.8,4.626941204071045,2.6889946696983644,7.028429850914711
"2024-12-02 20:41:45.0000",3.89,91.98,5.098482608795166,3.823196706681075,7.235287832652802
"2024-12-02 21:11:42.0000",3.31,91.7,6.957356929779053,4.194495957037769,7.557484657167517
"2024-12-02 21:41:34.0000",2.69,91.61,6.789154052734375,3.9049418790612926,7.6183212321152
"2024-12-02 22:11:33.0000",2.02,91.66,6.936013698577881,3.900805516911692,7.565897195580266
"2024-12-02 22:42:01.0000",1.98,92,8.388096809387207,4.257805937453803,7.480979942749728
"2024-12-02 23:11:27.0000",2.37,92.3,7.514857769012451,4.05916962260612,7.666330791912408
"2024-12-02 23:41:24.0000",2.25,92.27,9.555808067321777,4.9652706544543355,6.437512772428262
"2024-12-03 00:11:36.0000",2.53,92.49,9.1751708984375,4.7315671101427235,9.660748721935171
"2024-12-03 00:41:24.0000",2.57,92.85,7.683534622192383,4.507025034186603,9.383204024935594
"2024-12-03 01:11:21.0000",2.59,92.86,5.826900959014893,3.330080186534202,7.124855320664584
"2024-12-03 01:41:15.0000",2.13,91.97,4.350316047668457,2.60742952273559,5.577806722006402
"2024-12-03 02:11:08.0000",1.69,92.39,9.280872344970703,2.6440824993954815,6.387703127872527
"2024-12-03 02:41:18.0000",1.84,92.94,12.182422637939453,2.773483586023125,6.747595792814143
"2024-12-03 03:11:15.0000",2.06,93.07,20.799535751342773,2.8565767720208064,5.357946023625705
"2024-12-03 03:41:07.0000",2.31,93.18,8.309765815734863,2.770777594003601,4.32496656348476
"2024-12-03 04:11:01.0000",2.17,92.41,4.029385566711426,2.283848534573946,7.231993208963828
"2024-12-03 04:41:01.0000",1.99,92.85,12.872636795043945,2.8414237343668556,6.3747521417561295
"2024-12-03 05:11:05.0000",1.96,93.02,15.79733657836914,2.8476731028329976,6.400185228071912
"2024-12-03 05:41:00.0000",2.01,92.98,6.801097393035889,2.7740922773071133,6.181854108418765
"2024-12-03 06:10:52.0000",2.09,93.2,32.277225494384766,3.7031211698479067,6.407363496545475
"2024-12-03 06:40:54.0000",2.09,93.19,9.050893783569336,2.7603235994911572,6.420896016509516
"2024-12-03 07:10:51.0000",2.07,93.16,8.297022819519043,3.2885043271081136,7.344053392623145
"2024-12-03 07:40:46.0000",1.9,93.05,14.15408706665039,3.3713475760852103,6.707648089009128
"2024-12-03 08:10:46.0000",1.33,92.81,18.278213500976562,4.8062139048683195,7.11094726471221
"2024-12-03 08:40:40.0000",0.93,93.14,31.676799774169922,8.578680016572628,13.802755503314676
"2024-12-03 09:10:38.0000",1.56,94.11,25.680145263671875,11.080362889948251,14.982291943387805
"2024-12-03 09:40:40.0000",2.47,93.52,23.866195678710938,9.788558989709994,12.175613879187472
"2024-12-03 10:10:39.0000",3.12,93,22.165700912475586,9.592273277585758,15.101013368784137
"2024-12-03 10:40:34.0000",4.03,93.13,22.101778030395508,8.865312585456966,15.205838362664071
"2024-12-03 11:10:37.0000",4.48,92.55,22.78241729736328,8.404385043200667,11.331366366627593
"2024-12-03 11:40:41.0000",5.44,92.39,20.415748596191406,7.545757051319124,12.972919635493005
"2024-12-03 12:10:34.0000",5.27,91.72,20.30720329284668,7.591086747548373,12.80153372390789
"2024-12-03 12:40:29.0000",4.95,92.81,19.890615463256836,7.811137088861495,10.179993184181372
"2024-12-03 13:10:28.0000",6.98,93.94,16.46585464477539,6.117007479297778,10.575290004276251
"2024-12-03 13:40:26.0000",6.17,91.41,16.51950454711914,6.1147654071405935,11.864952230916327
"2024-12-03 14:40:24.0000",5.27,92.74,13.679845809936523,5.152178554175799,9.878703730813092
"2024-12-03 15:10:24.0000",5.06,92.73,11.020614624023438,4.750214977413995,7.077983988829625
"2024-12-03 15:40:11.0000",4.84,92.74,11.294180870056152,4.7030535227416435,8.80822181579342
"2024-12-03 16:10:25.0000",4.69,92.83,9.46500301361084,3.7618790823167574,8.834887091693725
"2024-12-03 16:40:16.0000",4.39,92.54,8.949958801269531,3.5262470145916245,8.00888973940043
"2024-12-03 17:10:13.0000",4.4,92.82,10.503837585449219,4.107203179240175,6.548548905016062
"2024-12-03 17:40:09.0000",4.02,92.59,10.16292953491211,4.109872545023742,7.785259522859494
"2024-12-03 18:10:02.0000",3.85,92.72,7.20681619644165,3.1396736098876574,8.275464543328148
"2024-12-03 18:39:53.0000",3.72,92.78,3.2137794494628906,2.2645593281143777,6.460004580285572
"2024-12-03 19:10:09.0000",3.24,92.39,5.578289031982422,2.845858128556575,4.463993769996116
"2024-12-03 19:39:58.0000",2.93,92.22,7.2743988037109375,3.2749317260121003,6.601510736526002
"2024-12-03 20:09:44.0000",3.38,93.31,9.206966400146484,3.6805163175358215,7.468842384744181
"2024-12-03 20:39:42.0000",3.7,93.34,5.965275764465332,3.0590271437901633,6.874129569505405
"2024-12-03 21:09:46.0000",3.94,93.28,6.45401668548584,2.955463792969044,6.314665863657735
"2024-12-03 21:39:36.0000",4.05,93.12,10.9016695022583,4.480937462239028,7.6411611986327985
"2024-12-03 22:09:37.0000",3.91,92.9,6.27157735824585,2.7127472961205736,5.953701775148222
"2024-12-03 22:39:35.0000",4.17,93.23,3.8030736446380615,2.3386151979853453,6.342892643536261
"2024-12-03 23:09:35.0000",4.19,92.64,10.727888107299805,6.019238513639186,9.577109182109469
"2024-12-03 23:39:34.0000",4.11,92.88,4.8135151863098145,2.6011615187507395,5.817418109121058
"2024-12-04 00:09:27.0000",4.06,92.69,3.8080453872680664,2.173504074779096,5.472762994531001
"2024-12-04 00:39:24.0000",4.25,93.06,3.725203275680542,2.0773094646126467,8.960505934886475
"2024-12-04 01:09:20.0000",4.34,92.94,5.192733287811279,2.5549055158054617,6.105550172599147
"2024-12-04 01:39:26.0000",4.29,92.8,5.100769996643066,2.4908104847313406,5.907602801995672
"2024-12-04 02:09:22.0000",4.44,92.74,4.859312057495117,2.5036537489296364,5.251719527020276
"2024-12-04 02:39:12.0000",4.25,92.13,5.477291107177734,2.5816942278215977,3.552195933270496
"2024-12-04 03:09:09.0000",4.04,92.87,8.314643859863281,3.6599516285957985,6.982817815663077
"2024-12-04 03:39:11.0000",3.81,92.33,11.000460624694824,4.315100824868921,8.84100185045847
"2024-12-04 04:09:14.0000",3.33,92.79,12.071954727172852,5.044195682780349,9.265697850394757
"2024-12-04 04:39:10.0000",3.61,92.81,13.202523231506348,5.620410664509708,9.552848075008026
"2024-12-04 05:09:03.0000",3.57,92.37,15.447505950927734,6.311774290890733,7.826416730742757
"2024-12-04 05:39:06.0000",2.96,91.99,19.37470245361328,7.806782266339608,10.157203714596326
"2024-12-04 06:08:52.0000",2.39,92.53,21.706132888793945,9.414549113452496,10.430121136467625
"2024-12-04 06:39:00.0000",2.58,92.91,22.486940383911133,9.257790482320788,9.201626570378318
"2024-12-04 07:08:52.0000",2.71,92.56,28.302398681640625,12.892535746430887,17.813728999694135
"2024-12-04 07:38:54.0000",2.1,92.11,37.90492248535156,19.008517441448063,28.541820642922275
"2024-12-04 08:08:46.0000",1.81,92.59,39.72610855102539,19.746647773949,30.081156022720148
"2024-12-04 08:38:40.0000",1.65,92.63,35.676109313964844,17.05265596807748,23.087786055769957
"2024-12-04 09:08:47.0000",3.23,93.5,24.86861228942871,9.76647023954782,11.914094942590928
"2024-12-04 09:38:42.0000",3.72,91.95,15.834134101867676,6.3832029698679165,7.568971388676666
"2024-12-04 10:08:42.0000",4.37,93.19,17.947105407714844,4.75718589142819,8.498636526044244
"2024-12-04 10:38:36.0000",4.75,92.19,7.2692670822143555,3.0134731370722676,7.9831609454053885
"2024-12-04 11:08:33.0000",5.05,92.56,7.207520008087158,2.9405251855695136,8.678860337464732
"2024-12-04 11:38:48.0000",5.38,92.41,12.435127258300781,3.628023087089824,8.269112301334864
"2024-12-04 12:08:33.0000",6.14,92.66,8.261241912841797,3.2116628384689423,8.764722542288954
"2024-12-04 12:38:30.0000",6.05,91.71,9.862934112548828,4.089027737537026,6.183199445763532
"2024-12-04 13:38:31.0000",5.95,91.72,8.346048355102539,3.40586910255787,7.512268108001086
"2024-12-04 14:08:21.0000",5.87,91.83,14.873677253723145,5.198779611597824,8.784851541267441
"2024-12-04 14:38:18.0000",5.86,91.94,31.825519561767578,11.892622976139878,14.009670230803065
"2024-12-04 15:08:19.0000",6.1,92.23,41.67351150512695,15.360907299494517,16.06733381825253
"2024-12-04 15:38:20.0000",6.51,92.23,23.510751724243164,8.188193218789193,10.414326101259395
"2024-12-04 16:08:09.0000",6.73,92.14,15.329944610595703,5.426823734138855,8.614320408281824
"2024-12-04 16:38:08.0000",6.95,92.06,11.192325592041016,4.21946757699158,7.30088921172428
"2024-12-04 17:08:07.0000",7.02,91.9,13.564314842224121,4.837952491029385,8.452856989328424
"2024-12-04 17:38:03.0000",6.8,92,20.542526245117188,7.376857016934091,9.484080387686099
"2024-12-04 18:07:58.0000",6.92,92.24,17.719451904296875,6.624419337972405,8.664000593091558
"2024-12-04 19:08:04.0000",7.08,91.76,13.926910400390625,4.777372342238184,7.891801905000416
"2024-12-04 19:38:49.0000",7.17,91.97,12.33224105834961,4.36952734313274,7.685770570545125
"2024-12-04 20:07:55.0000",7.43,91.91,7.94828987121582,2.9590321429037774,5.454268092942554
"2024-12-04 20:37:48.0000",7.6,92.06,7.666769981384277,3.0234914335172043,7.347502413267141
"2024-12-04 21:07:48.0000",7.73,92.07,6.989684104919434,2.7419948913134045,6.31775584763864
"2024-12-04 21:37:48.0000",7.86,92.15,4.423675060272217,2.0846528120855035,6.413815798512931
"2024-12-04 22:07:48.0000",8.09,92.15,3.3384006023406982,2.0591093801405287,7.04079093185525
"2024-12-04 23:07:46.0000",8.88,91.96,1.4085115194320679,1.4037700722759698,5.631046888659463
"2024-12-04 23:37:43.0000",8.9,91.87,1.0681453943252563,1.276822634208189,5.895298101025103
"2024-12-05 00:07:37.0000",8.87,92.27,0.8736066222190857,1.0976408022047437,4.195116379901124
"2024-12-05 00:37:37.0000",9.09,92.33,0.5893600583076477,1.069201445292427,4.895386141867719
"2024-12-05 01:07:36.0000",9.12,92.32,0.6741064786911011,1.067053576114894,5.726390922204463
"2024-12-05 01:37:40.0000",9.34,92.51,1.1404768228530884,1.2422046811194505,5.180339825630421
"2024-12-05 02:37:31.0000",9.56,92,0.6596969962120056,1.0336193562283051,4.880965372705174
"2024-12-05 03:07:22.0000",9.52,92.29,1.4929602146148682,1.1183983782881644,4.847299682860615
"2024-12-05 03:37:35.0000",10.4,89.43,2.17889666557312,1.3823079040696804,5.0560037660191774
"2024-12-05 04:07:25.0000",9.56,91.92,3.320924758911133,1.6827773600859346,4.944325656940304
"2024-12-05 04:37:31.0000",9.63,92.35,4.564960479736328,2.198183596609762,5.878121011168183
"2024-12-05 05:37:15.0000",9.82,92.07,4.195201873779297,3.422816285955806,6.6958576529528875
"2024-12-05 06:07:11.0000",8.95,92.77,4.733734607696533,4.446364981658915,11.63006559231353
"2024-12-05 06:37:07.0000",8.76,92.73,5.4759135246276855,5.1336144862822515,16.354452910815475
"2024-12-05 07:07:06.0000",8.11,93.04,9.907957077026367,4.0730386795901525,13.584663466963438
"2024-12-05 07:37:03.0000",7.65,93.19,3.2327911853790283,3.372742631536309,14.161561450359931
"2024-12-05 08:07:01.0000",7.3,93.05,2.7156178951263428,2.8499351308684973,10.336722274565055
"2024-12-05 08:37:06.0000",7.32,93.5,2.2429025173187256,2.3311135528153697,12.027665048498609
"2024-12-05 09:07:00.0000",7.55,93.36,2.2291648387908936,2.8656392116959903,9.926428980833391
"2024-12-05 09:36:55.0000",7.94,93.45,4.313798427581787,3.2522815717659577,11.471360143981425
"2024-12-05 10:06:48.0000",8.42,93.26,2.3831582069396973,2.8450504206483394,10.218021937179413
"2024-12-05 10:36:46.0000",8.44,93.09,2.3647494316101074,2.5459157117603057,9.435295462729297
"2024-12-05 11:06:41.0000",8.36,92.86,2.901756763458252,2.8749851660074475,8.39699918958339
"2024-12-05 11:36:37.0000",8.85,93.11,2.8867130279541016,2.941706816024502,11.901292188270528
"2024-12-05 12:06:43.0000",9.16,92.76,3.0151281356811523,3.1920497163999104,11.43086052029013
"2024-12-05 12:36:42.0000",9.36,92.37,3.5180318355560303,3.281603936661074,11.68988034355942
"2024-12-05 13:06:30.0000",8.91,92.72,4.74126672744751,3.577188396201578,10.385273377755038
"2024-12-05 13:36:35.0000",8.94,93.16,3.030534505844116,2.824652449187939,6.458117000643915
"2024-12-05 14:06:29.0000",9.14,93.24,7.505156993865967,5.291429612636595,10.740420493214382
"2024-12-05 14:36:26.0000",9.46,93.2,2.99933123588562,2.408411492684707,5.921577181079843
"2024-12-05 15:06:34.0000",9.52,93.16,1.8174008131027222,1.5706213797448985,4.140541219896557
"2024-12-05 15:36:25.0000",9.64,93.12,2.2475929260253906,2.468752437527488,1.6634904196931968
"2024-12-05 16:06:18.0000",9.74,93.36,1.0303099155426025,1.6897887074756979,4.370471822995254
"2024-12-05 16:36:14.0000",8.15,92.87,0.3365269601345062,1.0813932459791313,3.722879712596313
"2024-12-05 17:06:08.0000",7.25,93.63,0.8914677500724792,1.6074345336184424,4.8048292863359
"2024-12-05 18:06:33.0000",7.66,93.57,1.1693681478500366,2.01235613415494,6.531356133701729
"2024-12-05 18:36:08.0000",7.89,92.71,1.4441813230514526,2.084721565031821,4.650911946564028
"2024-12-05 20:05:59.0000",6.96,91.72,2.8450818061828613,2.9415707097979116,8.057181125812452
"2024-12-05 20:35:54.0000",5.99,92.85,2.5934386253356934,2.85611997479543,10.595505027164165
"2024-12-05 21:05:53.0000",5.87,93.01,6.199737071990967,2.4464762834134754,9.306354109070368
"2024-12-05 21:35:55.0000",6,92.93,2.1499440670013428,2.861789049835904,8.507561430330894
"2024-12-05 22:05:59.0000",6.26,92.85,1.8939595222473145,2.375664590117292,5.529979871965419
"2024-12-05 23:05:47.0000",7.06,91.94,1.8737599849700928,2.3146853771555094,8.447285439291658
"2024-12-06 00:05:44.0000",7.01,91.87,3.4769914150238037,3.842715429162914,7.303979287718486
"2024-12-06 00:35:38.0000",7.25,91.92,4.259624481201172,4.336168780614377,13.355331626371655
"2024-12-06 01:05:38.0000",6.84,91.71,5.442591190338135,5.407271345677305,15.388520698959377
"2024-12-06 01:35:34.0000",6.73,91.62,5.9418792724609375,5.553743593349063,18.043406323593807
"2024-12-06 02:05:35.0000",6.71,91.6,5.700285911560059,5.854303339752703,22.357050855199525
"2024-12-06 02:35:40.0000",6.99,91.03,5.6979522705078125,5.50878414229193,19.112441474315673
"2024-12-06 03:05:42.0000",7.53,90.45,5.543620586395264,5.797620511747275,13.145471951701943
"2024-12-06 03:35:34.0000",6.9,89.57,5.36793851852417,5.826976120346826,14.23921198030085
"2024-12-06 04:05:25.0000",6.78,89.54,4.776133060455322,5.222623074289302,17.206881305549388
"2024-12-06 04:35:22.0000",7.15,90.01,5.012948513031006,5.137047971806293,14.580853237769706
"2024-12-06 05:05:20.0000",6.95,88.83,3.997201919555664,4.303999535392379,9.561960851633177
"2024-12-06 05:35:15.0000",6.39,88.84,3.8433384895324707,4.363711173423069,11.701829883213193
"2024-12-06 06:35:11.0000",5.83,88.53,3.646606683731079,4.1526980827051645,16.05972823509857
"2024-12-06 07:05:20.0000",5.76,88.71,3.371635913848877,3.7359932022029145,9.373010855032474
"2024-12-06 07:35:10.0000",5.64,88.72,3.3308475017547607,3.9620936781240705,12.047059189629381
"2024-12-06 08:05:09.0000",5.42,88.64,3.817068099975586,4.224140534355224,12.235356684951165
"2024-12-06 08:34:56.0000",5.36,88.59,3.3391387462615967,3.7355619319408015,12.537112466263176
"2024-12-06 09:04:55.0000",5.61,90.28,3.627143144607544,4.237579989306551,11.756941804278021
"2024-12-06 09:34:57.0000",7.55,87.2,3.737135410308838,4.171098585768633,8.741558108241373
"2024-12-06 10:05:00.0000",6.85,87.35,3.166501045227051,3.0655298271112317,8.966724479106086
"2024-12-06 10:34:51.0000",6.4,88.07,3.758077621459961,3.4388031608745298,14.763183552397146
"2024-12-06 11:04:48.0000",6.41,88.36,3.6670472621917725,3.4187566596365544,10.697013504774796
"2024-12-06 11:34:50.0000",6.72,88.31,3.4692466259002686,3.628935718458535,9.308885837266299
"2024-12-06 12:04:42.0000",7.07,87.99,2.82456374168396,2.872892734332389,9.13727627692177
"2024-12-06 12:34:39.0000",7.2,87.61,3.5818638801574707,3.958603308837832,6.716079381899218
"2024-12-06 13:04:37.0000",6.88,87.7,3.5370969772338867,3.553115536076699,11.421018748030544
"2024-12-06 13:34:39.0000",6.67,87.55,3.402850866317749,3.1994249447373386,10.034726804481249
"2024-12-06 14:04:36.0000",6.79,87.8,3.5053677558898926,3.8837882714791685,11.178394433328291
"2024-12-06 14:34:34.0000",6.7,87.44,3.634458065032959,3.5960041241464347,11.89945885197551
"2024-12-06 15:04:31.0000",6.15,87.15,3.464169979095459,3.3921172601332485,10.625089697348493
"2024-12-06 15:34:28.0000",5.73,87.58,2.996812105178833,3.2950797564403693,9.183853176043245
"2024-12-06 16:04:26.0000",5.41,87.72,3.2598042488098145,3.2983866334400633,10.555987988440583
"2024-12-06 16:34:25.0000",5.21,87.84,4.169538974761963,3.280620558268028,10.8346910639934
"2024-12-06 17:04:22.0000",4.98,88.05,4.160760402679443,3.4079889729858914,10.491695208748583
"2024-12-06 17:34:16.0000",5,88.34,3.865370273590088,3.3418443253453303,10.137926496300912
"2024-12-06 18:04:13.0000",5.32,88.41,3.8247618675231934,3.368195115453874,10.038528615903605
"2024-12-06 18:34:15.0000",5.71,88.47,3.7150535583496094,3.933886949927284,8.905449059884873
"2024-12-06 19:04:07.0000",6.01,88.35,4.180896759033203,3.224378868380708,11.100095285232952
"2024-12-06 19:34:07.0000",6.14,88.72,5.145997047424316,3.2686955857594233,11.22545964320552
"2024-12-06 20:04:15.0000",6.7,88.82,3.7210545539855957,2.8408742430551017,7.260230942027163
"2024-12-06 20:34:03.0000",7.09,88.87,3.4137818813323975,2.68052080009402,7.942245640861826
"2024-12-06 21:34:11.0000",7.87,89.21,4.991464138031006,2.402890615899927,6.769110103250111
"2024-12-06 22:04:00.0000",8.38,89.47,1.079050064086914,1.2936520691496172,5.374178284606318
"2024-12-06 22:33:52.0000",8.81,89.57,0.8482378125190735,1.250340502637504,5.264309162623842
"2024-12-06 23:03:49.0000",8.99,89.71,0.42059940099716187,1.1417581012362792,4.292935807068504
"2024-12-06 23:34:05.0000",9.11,89.91,0.8660901784896851,1.6187419482818042,7.325327059198557
"2024-12-07 00:03:49.0000",10.1,89.63,1.4915577173233032,2.2161442178038637,7.038151264681354
"2024-12-07 00:33:48.0000",10.07,89.12,1.221410870552063,1.956524351881444,8.170000107743858
"2024-12-07 01:03:42.0000",9.7,88.87,1.2865623235702515,2.1291623979937078,6.72116409408551
"2024-12-07 01:33:44.0000",9.56,88.43,1.4718174934387207,2.511086665803244,7.666604545159491
"2024-12-07 02:33:48.0000",8.84,86.88,0.8713991641998291,1.7028634873619135,6.941694676043938
"2024-12-07 03:03:36.0000",8.2,87.7,0.4983978569507599,1.2944251984499011,4.818698253899175
"2024-12-07 03:33:39.0000",8.07,87.45,0.4017370045185089,1.19260719890056,4.655120763552824
"2024-12-07 04:33:27.0000",6.96,88.07,0.2976802587509155,0.9711472237348902,6.027719293081901
"2024-12-07 05:03:32.0000",7.14,88.64,0.35990363359451294,1.002403015711207,4.426956497795104
"2024-12-07 05:33:17.0000",7.73,88.3,3.6352956295013428,4.0188793539252075,3.1258929324324156
"2024-12-07 06:03:15.0000",6.7,88.72,2.8232052326202393,3.3197748176247,5.235963533132098
"2024-12-07 06:33:14.0000",5.81,89.4,4.343164920806885,4.219767913197691,8.903263542281199
"2024-12-07 07:03:10.0000",5.4,89.53,3.847815752029419,3.9444944365463286,3.4942413405533803
"2024-12-07 07:33:00.0000",5.19,89.73,3.564875841140747,3.7167068266358676,0.9826013286715177
"2024-12-07 08:03:08.0000",5.95,86.82,3.468412399291992,3.687930039242736,2.324289607129223
"2024-12-07 08:32:55.0000",4.98,89.29,2.7632460594177246,3.296960730659579,2.6846460449091047
"2024-12-07 09:03:07.0000",5.96,86.57,2.0189971923828125,2.2915583314661387,8.413407812877498
"2024-12-07 10:02:53.0000",4.56,89.55,1.9705866575241089,2.496147421005207,6.120337748140587
"2024-12-07 10:32:59.0000",4.36,89.96,1.5192441940307617,2.2677674296852306,5.195180258061587
"2024-12-07 11:02:52.0000",5.28,87.17,1.584779977798462,1.9825619849383012,6.335827506014964
"2024-12-07 12:02:54.0000",5.65,89.02,1.860663652420044,2.190503365437295,6.489255486158446
"2024-12-07 12:32:42.0000",5.07,89.72,1.5453983545303345,2.329328067005771,7.03470850585089
"2024-12-07 13:02:39.0000",5.21,89.86,1.3191232681274414,1.9521414271249378,4.784234789888429
"2024-12-07 13:32:37.0000",5.42,90.02,1.6196774244308472,1.9700515319281282,4.035232923819995
"2024-12-07 14:02:28.0000",5.68,89.68,2.109781265258789,2.555307004863652,5.440181347270847
"2024-12-07 14:32:55.0000",6.52,86.84,2.960655450820923,3.179817483579818,6.864583284470913
"2024-12-07 15:02:34.0000",5.56,89.17,2.270076274871826,2.70067846153309,7.40212045865629
"2024-12-07 15:32:36.0000",5.33,89.8,2.691154956817627,2.9193167797476693,6.003789855163522
"2024-12-07 16:02:29.0000",5.4,90.16,2.784435510635376,3.1642767350875474,6.305975033370262
"2024-12-07 16:32:24.0000",6.25,89.48,2.3113789558410645,2.6692985974209145,7.602320644415871
"2024-12-07 17:02:29.0000",6.77,89.15,1.9816399812698364,2.3606920111522847,8.242775843808943
"2024-12-07 17:32:18.0000",7,89.63,2.8119285106658936,3.5238956288425975,9.466444190361097
"2024-12-07 18:32:16.0000",7.02,88.05,4.176405906677246,4.428679501935692,12.772365464287512
"2024-12-07 19:02:18.0000",6.93,81.93,1.3552547693252563,1.9184510804225001,6.348820375027104
"2024-12-07 19:32:07.0000",6.97,79.81,5.06633996963501,5.025464744211832,12.60809264968078
"2024-12-07 20:02:09.0000",6.81,79.43,5.471403121948242,5.476319683241417,15.290210003080569
"2024-12-07 20:32:06.0000",6.54,79.99,5.413576126098633,5.007969129157676,13.441152821945174
"2024-12-07 21:01:58.0000",6.01,80.73,2.285292387008667,2.8946176472170557,6.365716204220503
"2024-12-07 21:32:00.0000",5.92,81.01,2.184915065765381,2.4749754525138017,9.333642710491675
"2024-12-07 22:02:01.0000",6.2,78.2,2.0569090843200684,2.2411722680956596,8.851110382500133
"2024-12-07 22:31:54.0000",6.26,77.23,1.5868810415267944,1.9486691964665588,7.215406153873105
"2024-12-07 23:01:54.0000",6.21,76.73,1.6125954389572144,1.9982373754654426,7.582075178971082
"2024-12-07 23:31:51.0000",6.22,76.59,1.7955230474472046,2.0757995431418945,7.833752876962894
"2024-12-08 00:01:51.0000",6.28,76.53,1.730056881904602,2.0365262164228715,8.56038635569176
"2024-12-08 00:31:45.0000",6.3,75.65,1.7964881658554077,2.2607981202908234,6.24696454103344
"2024-12-08 01:01:45.0000",6.29,75.22,1.8152625560760498,2.178612013279702,7.0171581762651485
"2024-12-08 01:31:46.0000",6.24,74.45,1.1936490535736084,1.6459632556372366,5.987241891791294
"2024-12-08 02:01:37.0000",5.99,74.54,2.0270583629608154,2.6559928588373247,8.605401159221845
"2024-12-08 02:31:35.0000",5.79,74.86,8.497052192687988,2.2263719204080417,8.383191790315463
"2024-12-08 03:01:39.0000",5.82,74.73,1.9897587299346924,2.5571629322374863,7.6332623685706995
"2024-12-08 03:31:26.0000",5.5,73.75,13.43834114074707,2.2090593431776173,7.316750448093742
"2024-12-08 04:01:42.0000",6.1,70.66,3.9040114879608154,2.179243277495466,7.734949050296295
"2024-12-08 05:01:35.0000",5.18,69.64,1.2954133749008179,1.9442893756131348,6.066240784093342
"2024-12-08 05:31:22.0000",4.97,69.12,1.071388840675354,1.8255405677262522,4.631410069094573
"2024-12-08 06:01:16.0000",4.51,67.64,0.5963542461395264,1.251997977829425,4.569999429077769
"2024-12-08 06:31:27.0000",4.29,67.98,0.7932125329971313,1.3141916694362266,5.997602921692468
"2024-12-08 07:01:19.0000",4.13,68.55,0.862942099571228,1.3893404610700417,5.977132363270338
"2024-12-08 07:31:19.0000",4,69.1,0.6572500467300415,1.383127154464356,6.39930333042239
"2024-12-08 08:01:15.0000",4.04,69.47,1.1458896398544312,1.2673834002246758,6.2008237198997715
"2024-12-08 08:31:07.0000",4.08,70.23,0.5366793274879456,1.0977048236744407,5.274163400470958
"2024-12-08 09:01:06.0000",4.29,70.84,0.5479191541671753,1.1397274014878747,6.290381470021073
"2024-12-08 10:01:04.0000",5.02,70.51,0.468448668718338,1.0073889829517657,4.599220168196429
"2024-12-08 10:31:14.0000",7.58,68.03,0.6329700946807861,1.3076231770024278,5.1708350198484
"2024-12-08 11:00:58.0000",5.99,68.31,4.690033435821533,1.2720482620309705,5.517921957193706
"2024-12-08 11:31:00.0000",5.86,69.29,0.960223913192749,1.5579190183320142,7.371761312502528
"2024-12-08 12:00:57.0000",5.85,69.58,6.57508659362793,1.2746837184451059,5.236978070621782
"2024-12-08 12:30:54.0000",5.98,69.61,1.43911874294281,1.8723828686667876,7.548630312993068
"2024-12-08 13:00:50.0000",6.03,69.97,2.3237876892089844,2.079028698650087,6.634927626218184
"2024-12-08 13:30:52.0000",6.14,70.53,1.7824069261550903,2.0890166217971875,7.824116663120528
"2024-12-08 14:00:59.0000",6.37,70.66,1.5537083148956299,2.0081421042750054,6.045418095142218
"2024-12-08 14:30:51.0000",6.6,70.65,1.199643611907959,1.5071776982828304,6.129797592125557
"2024-12-08 15:00:48.0000",6.73,70.95,20.7656307220459,1.7184738590831272,6.717348146538998
"2024-12-08 15:30:51.0000",6.66,71.81,29.700641632080078,1.383042690206422,4.225137679464037
"2024-12-08 16:00:44.0000",6.69,72.8,14.979962348937988,1.4599993760742616,5.628163976913809
"2024-12-08 17:00:48.0000",6.13,74.92,2.0442054271698,2.0468745715069216,7.188370490126683
"2024-12-08 17:30:38.0000",5.67,77.68,1.9263601303100586,2.451794350749348,7.8296547285813505
"2024-12-08 18:00:33.0000",6.07,78.2,2.8389041423797607,2.6259026571491786,9.517217459392555
"2024-12-08 18:30:31.0000",6.17,77.42,2.906785249710083,2.4307989222519497,8.29640606722283
"2024-12-08 19:00:28.0000",5.98,77.54,2.495347499847412,2.2371642703371903,7.157191889880305
"2024-12-08 19:30:27.0000",5.79,77.67,2.4678924083709717,2.2011295868215157,6.333676477705801
"2024-12-08 20:00:39.0000",5.96,77.91,3.146639347076416,2.426964847597244,7.580836525681591
"2024-12-08 20:30:19.0000",5.9,77.71,3.5840818881988525,3.416089802415022,9.372618148921688
"2024-12-08 21:00:32.0000",5.75,78.29,2.0148861408233643,2.028879108531929,7.5005282750795
"2024-12-08 21:30:17.0000",5.89,78.35,2.1554815769195557,2.114203323750404,6.976626128547001
"2024-12-08 22:00:16.0000",5.56,79.16,2.000623941421509,2.1621485031857928,8.258370676177673
"2024-12-08 22:30:12.0000",5.59,79.03,1.9954290390014648,2.234758020501769,7.551179216163039
"2024-12-08 23:00:06.0000",4.97,79.6,2.2566521167755127,2.656998490985941,9.224399832953894
"2024-12-08 23:30:13.0000",5.12,79.78,2.353950262069702,2.583603497397248,9.687712462385452
"2024-12-09 00:00:00.0000",3.98,79.69,2.2130000591278076,2.65499902988101,9.686936613599036
"2024-12-09 00:30:00.0000",3.03,80.78,2.7907521724700928,3.0692089496193846,6.0598790854782525
"2024-12-09 00:59:54.0000",3.63,80.89,2.7884535789489746,2.99502350454548,12.777480576478373
"2024-12-09 01:29:54.0000",4.25,80.82,2.1430282592773438,2.425876391942389,7.717177275853334
"2024-12-09 01:59:52.0000",4.68,81.36,2.185349702835083,2.6275385360837014,9.19718473043255
"2024-12-09 02:29:49.0000",5.21,80.91,1.9970932006835938,2.559858438366336,5.324967955393658
"2024-12-09 02:59:45.0000",4.5,81.14,1.8730393648147583,2.1536060175980953,9.729095170454066
"2024-12-09 03:29:43.0000",4.23,81.57,1.8443251848220825,2.2270354150180087,8.847423087369133
"2024-12-09 03:59:44.0000",4.36,81.86,1.9049108028411865,2.3587728858158674,8.366713206388877
"2024-12-09 04:29:38.0000",4.7,81.96,1.8383655548095703,2.341828412029067,7.403221643093706
"2024-12-09 04:59:35.0000",4.62,81.85,1.8639440536499023,2.571489888266193,8.124307670052872
"2024-12-09 05:29:41.0000",5.02,82.15,1.7943518161773682,2.450768897659011,8.29924425561431
"2024-12-09 05:59:29.0000",5.53,81.66,1.9496994018554688,2.2157794719798307,8.739176927511917
"2024-12-09 06:29:26.0000",5.57,81.46,1.9771603345870972,2.3548904107454565,8.414554119889015
"2024-12-09 06:59:22.0000",5.28,81.49,2.1447219848632812,2.7586016209120454,9.889828769552933
"2024-12-09 07:29:25.0000",5.36,81.64,5.44425106048584,3.5381588973381133,9.863262133391196
"2024-12-09 07:59:28.0000",5.52,81.19,2.0677223205566406,2.2960820499307593,7.744335995478738
"2024-12-09 08:29:19.0000",5.31,81.07,2.042612075805664,2.143940349213054,5.515306951226382
"2024-12-09 08:59:12.0000",5.16,80.87,2.4455883502960205,2.314958171924162,9.086520371304436
"2024-12-09 09:29:14.0000",5.88,80.53,2.5855205059051514,2.5042732632961395,8.449775417050743
"2024-12-09 09:59:11.0000",5.7,79.92,2.297290802001953,2.3651831432238843,5.011672503656237
"2024-12-09 10:29:17.0000",9.58,76.58,2.0890111923217773,2.4669581817840003,5.489816817864567
"2024-12-09 10:59:12.0000",9.2,78.38,2.0011162757873535,2.0670888284268294,6.602854186163086
"2024-12-09 11:29:10.0000",9.61,73.29,1.9788236618041992,1.9448691384679015,9.105029156224202
"2024-12-09 11:59:05.0000",8.89,75.32,1.9656726121902466,2.1133400872988357,8.322365968467166
"2024-12-09 12:29:12.0000",8.02,74.85,2.220395565032959,2.257942183361628,9.40291048395538
"2024-12-09 12:58:59.0000",8.03,75.09,1.988509178161621,2.2538319917491854,6.890410599238284
"2024-12-09 13:29:04.0000",8.16,74.78,1.7904303073883057,1.949293519831353,5.543303937861893
"2024-12-09 13:59:08.0000",11.24,72.79,1.5950597524642944,2.048884537513582,5.173741017357775
"2024-12-09 14:28:56.0000",9.31,72.63,1.4844602346420288,1.883668319937285,6.705288505894333
"2024-12-09 15:28:45.0000",7.65,71.59,1.4408677816390991,1.5722925229999904,7.544566159141237
"2024-12-09 15:58:41.0000",7.19,72.2,6.339504241943359,3.333300693104094,6.482404741840491
"2024-12-09 16:28:48.0000",6.74,72.34,3.3578054904937744,2.4920690376446886,8.816283306927444
"2024-12-09 16:58:36.0000",6.47,72.7,1.9296163320541382,2.0872679903595697,7.886988736133374
"2024-12-09 17:28:33.0000",5.7,73.62,7.288747310638428,4.200437058850179,9.651260476053663
"2024-12-09 17:58:30.0000",5.33,74.06,2.8550145626068115,2.4698521437647867,6.218444852858569
"2024-12-09 18:28:26.0000",4.83,74.55,3.1918585300445557,2.7481166959055265,8.211074025854145
"2024-12-09 18:58:24.0000",4.63,75.08,2.4556124210357666,2.473585169305056,9.791700782858301
"2024-12-09 19:28:21.0000",4.55,75.47,3.4391860961914062,2.8707654860865386,8.742764642652256
"2024-12-09 19:58:18.0000",4.78,75.8,2.6379566192626953,2.3190696900370074,7.093958778094628
"2024-12-09 20:28:11.0000",5.19,75.71,2.7602856159210205,2.165635265944367,7.702972456635452
"2024-12-09 20:58:15.0000",5.35,75.77,2.9334464073181152,2.626514955836991,7.900177075321102
"2024-12-09 21:28:12.0000",6,75.46,4.1898980140686035,3.034370722184881,7.790104938441551
"2024-12-09 21:58:07.0000",6.04,75.16,2.4539196491241455,2.439528628139048,5.868968946933624
"2024-12-09 22:28:04.0000",5.88,75.63,2.9784374237060547,2.654272054075746,9.231112910804772
"2024-12-09 22:58:06.0000",5.97,75.48,1.8458913564682007,1.9533764212896036,7.102328189873112
"2024-12-09 23:28:04.0000",6.02,75.39,1.678015947341919,2.1795440304007796,6.107963984933777
"2024-12-09 23:58:00.0000",6.04,75.14,1.9880518913269043,2.2648600345010315,8.35698324695718
"2024-12-10 00:27:58.0000",5.98,75.14,1.9682495594024658,2.444059225304042,7.211737564235961
"2024-12-10 00:57:55.0000",5.89,75.09,1.8421783447265625,2.461089538758215,5.678069593808936
"2024-12-10 01:27:52.0000",5.8,74.96,1.9211698770523071,2.2832788533071167,9.377607694106777
"2024-12-10 01:57:48.0000",5.65,74.94,13.337109565734863,2.2224200899645337,10.11194078180642
"2024-12-10 02:27:46.0000",5.53,74.75,1.8990706205368042,2.3581299757423206,7.5404711640353055
"2024-12-10 02:57:43.0000",5.47,74.71,1.693064570426941,1.8268004729163763,8.006931502459704
"2024-12-10 03:27:40.0000",5.41,74.68,1.9706627130508423,2.496541010103151,9.549099552530615
"2024-12-10 03:57:43.0000",5.42,74.65,2.309436798095703,2.686596219531711,10.975675239505643
"2024-12-10 04:27:40.0000",5.31,74.61,7.413469314575195,2.458156010883194,8.273267648614635
"2024-12-10 04:57:32.0000",5.22,74.53,10.147327423095703,2.495396258724665,6.645424790867209
"2024-12-10 05:27:35.0000",5.16,74.55,14.00597858428955,2.544869611772719,7.795042336648418
"2024-12-10 05:57:31.0000",5.13,74.45,34.436397552490234,2.2261410801412893,7.52690463839346
"2024-12-10 06:27:29.0000",4.99,74.43,2.315706968307495,2.587686961232057,6.699401322879957
"2024-12-10 06:57:27.0000",4.98,74.57,2.2611963748931885,2.59573477419859,8.213033396018968
"2024-12-10 07:27:17.0000",4.88,74.56,2.4013795852661133,2.8155045715437415,8.36264512606512
"2024-12-10 07:57:22.0000",4.82,74.38,4.232236385345459,3.3166761795220685,7.289717634362309
"2024-12-10 08:27:17.0000",4.73,74.35,2.903291940689087,2.6409860957102116,5.703068523132122
"2024-12-10 08:57:15.0000",4.66,74.42,3.9589667320251465,3.0026952152045214,6.9185150641422055
"2024-12-10 09:27:11.0000",5.01,74.55,2.381676197052002,2.5429525128778976,6.498139261968521
"2024-12-10 09:57:08.0000",5.35,74.15,4.531779766082764,2.4695825363662314,7.062480393694011
"2024-12-10 10:27:05.0000",5.74,73.97,2.376072883605957,2.321851638798958,7.278709377490443
"2024-12-10 10:57:02.0000",5.73,74.13,2.2856223583221436,2.229185538620239,8.858551415084987
"2024-12-10 11:27:05.0000",6.03,74.13,1.868645191192627,2.339949519287307,6.286613991439011
"2024-12-10 11:57:02.0000",6.16,73.43,1.7127304077148438,2.3299686301444953,7.095771370645049
"2024-12-10 12:26:59.0000",6.11,73.55,1.5059205293655396,2.0133588597740633,6.745227573266755
"2024-12-10 12:57:01.0000",9.24,72.51,17.32233238220215,1.9117376939167467,7.932458286369265
"2024-12-10 13:26:53.0000",7.76,72.45,1.6069667339324951,1.8583311625220797,8.215501739136071
"2024-12-10 13:56:56.0000",6.69,72.94,1.6169397830963135,2.113676667585985,5.661599537365053
"2024-12-10 14:26:47.0000",6.56,71.99,1.6325088739395142,2.014964667801233,6.015759847025202
"2024-12-10 14:56:49.0000",5.99,72.58,5.471212863922119,1.8531404192215015,7.011232517548393
"2024-12-10 15:26:43.0000",5.59,72.73,1.8707530498504639,1.8295404579292325,8.445485594215729
"2024-12-10 15:56:39.0000",5.32,72.73,1.819642186164856,1.8236394911045386,7.322026797322977
"2024-12-10 16:26:36.0000",4.96,72.88,4.274750709533691,1.7853019730834367,5.57191995427686
"2024-12-10 16:56:33.0000",4.8,72.97,2.4246270656585693,2.1186358949528077,5.961159320337169
"2024-12-10 17:26:31.0000",4.78,72.97,3.426501750946045,2.36615259668111,7.76554788972033
"2024-12-10 17:56:27.0000",4.52,73.18,2.3338396549224854,1.893607762833867,9.669708144041298
"2024-12-10 18:26:19.0000",4.39,73.31,2.571653127670288,1.8933677496244312,7.3995366846799415
"2024-12-10 18:56:18.0000",4.13,73.51,2.4509966373443604,1.9514707255027932,6.336164126012117
"2024-12-10 19:26:19.0000",4.06,73.62,3.1372928619384766,2.478175821783648,5.546091452002642
"2024-12-10 19:56:12.0000",3.99,73.6,3.330592155456543,2.3510234193333366,6.9311299507850475
"2024-12-10 20:26:07.0000",3.7,73.86,2.801892042160034,2.082320795958384,5.961886186510501
"2024-12-10 20:56:05.0000",3.63,73.95,2.709331512451172,1.9900932448850863,6.686569434956371
"2024-12-10 21:26:02.0000",3.47,73.98,3.8602776527404785,2.3022895038295523,5.589951414869803
"2024-12-10 21:55:59.0000",3.71,74.29,8.518294334411621,2.498858777368976,5.475404113169586
"2024-12-10 22:26:02.0000",3.71,74.22,3.165410041809082,2.298508282990112,5.960066849874285
"2024-12-10 22:55:58.0000",3.75,74.32,2.512321710586548,2.056501378170663,5.210941347510296
"2024-12-10 23:25:55.0000",3.96,74.36,2.3801674842834473,1.9554729164445006,6.049828365472684
"2024-12-10 23:55:53.0000",3.99,74.29,2.5385026931762695,2.2813389909605193,6.216747244103043
"2024-12-11 00:25:45.0000",3.96,74.44,2.4431822299957275,2.31995985583212,10.534081954131999
"2024-12-11 00:55:41.0000",4.16,74.45,4.995485782623291,2.3209339065370767,8.547303264735286
"2024-12-11 01:25:44.0000",4.14,74.41,2.0058181285858154,2.308686117488534,7.335980100195259
"2024-12-11 01:55:42.0000",3.94,74.46,2.176280975341797,2.572961487109889,8.03297851493687
"2024-12-11 02:25:38.0000",4.06,74.59,1.884978175163269,2.1710415428870484,6.226655787466182
"2024-12-11 02:55:35.0000",4.03,74.55,1.9192512035369873,2.11322968249288,6.00447942689532
"2024-12-11 03:25:27.0000",4.05,74.6,1.8675533533096313,2.1321259444649656,7.409823587528791
"2024-12-11 03:55:30.0000",4.1,74.7,1.961709976196289,1.9859657355422267,8.099182323079383
"2024-12-11 04:25:27.0000",4.11,74.72,2.797612190246582,2.320909430143275,5.444795719218946
"2024-12-11 04:55:24.0000",4.05,74.78,1.9401179552078247,2.0728689779762375,6.323371613612312
"2024-12-11 05:25:21.0000",4.01,74.85,1.7095028162002563,2.1557298962472586,8.060811115207272
"2024-12-11 05:55:18.0000",3.97,74.95,1.96799635887146,2.206458356093316,6.784470122760331
"2024-12-11 06:25:15.0000",4.04,74.97,2.04856538772583,1.840989618616601,9.82483887362531
"2024-12-11 06:55:12.0000",4.09,75.01,4.202393531799316,3.025742699997056,9.982769879924845
"2024-12-11 07:25:13.0000",4.11,75.05,2.3747293949127197,2.23780574663165,8.59542821383681
"2024-12-11 07:55:06.0000",4.05,75.09,2.5333118438720703,2.158355207106715,6.842582514785999
"2024-12-11 08:25:04.0000",4.03,75.16,2.737915277481079,2.346046334105359,6.521931528015993
"2024-12-11 08:55:06.0000",4.18,75.23,2.7385611534118652,2.3520543710124495,9.87754269501506
"2024-12-11 09:25:03.0000",4.32,75.18,2.886671543121338,2.3177725539566874,7.950824093941326
"2024-12-11 09:55:00.0000",4.48,75.15,2.7910144329071045,2.3615684258687,9.334036180282732
"2024-12-11 10:24:57.0000",4.64,75.05,2.844036102294922,2.203302989795876,8.91539188304337
"2024-12-11 10:54:54.0000",4.87,74.97,4.565927982330322,2.7103252371311677,5.479482202089012
"2024-12-11 11:24:57.0000",5.01,74.91,5.6961493492126465,3.369685604039003,7.325851776180547
"2024-12-11 11:54:49.0000",5.06,74.91,23.508644104003906,2.8768558436551386,6.81441965030144
"2024-12-11 12:24:51.0000",5.17,74.92,4.728572845458984,2.7722310814904407,7.0391715055788255
"2024-12-11 12:54:49.0000",5.29,74.84,3.3062665462493896,2.3144601509800706,6.034341836376568
"2024-12-11 13:24:45.0000",5.29,74.73,3.487518072128296,2.317431608083813,6.953065327484312
"2024-12-11 13:54:42.0000",5.26,74.75,4.779858589172363,2.633560061195686,8.158223174273015
"2024-12-11 14:24:50.0000",5.19,74.8,6.557828903198242,3.1243716579471856,5.723077690969671
"2024-12-11 14:54:41.0000",5.15,74.79,6.229449272155762,2.957202950198417,11.000582283402894
"2024-12-11 15:24:38.0000",5.02,74.83,4.3548479080200195,2.5808839913872728,5.807011062473672
"2024-12-11 15:54:36.0000",4.95,74.87,4.9242658615112305,2.732990737279848,8.091254172487316
"2024-12-11 16:24:33.0000",4.81,74.95,6.343747615814209,3.0124043007033365,8.602045465256362
"2024-12-11 16:54:30.0000",4.74,75.03,5.514597415924072,2.8416239493222486,5.999794420926154
"2024-12-11 17:24:27.0000",4.72,75.03,5.002004623413086,2.592600374497853,6.844526753994399
"2024-12-11 17:54:29.0000",4.67,75.06,6.5255022048950195,2.8998099958910464,6.791623025078987
"2024-12-11 18:24:32.0000",4.71,75.12,4.447904109954834,2.461034312939291,6.920880724677937
"2024-12-11 18:54:24.0000",4.77,75.07,3.6856155395507812,2.419758460849016,6.97099367858323
"2024-12-11 19:24:21.0000",4.84,75.12,48.86593246459961,3.4629412633057974,5.4141888096107715
"2024-12-11 19:54:17.0000",4.84,75.15,6.364853382110596,3.104252200351159,8.307458433545268
"2024-12-11 20:24:15.0000",4.81,75.15,7.42460298538208,3.4452901034417764,8.109350358917128
"2024-12-11 20:54:13.0000",4.73,75.19,9.182251930236816,3.9361269337412046,8.473047880584534
"2024-12-11 21:24:09.0000",4.68,75.27,14.89669132232666,5.3570143498589005,9.556458134613202
"2024-12-11 21:54:06.0000",4.6,75.29,14.287819862365723,4.959878025651465,7.35179052367703
"2024-12-11 22:24:19.0000",4.57,75.36,16.933185577392578,5.807067818175669,10.391990471199831
"2024-12-11 22:54:04.0000",4.54,75.36,15.614681243896484,5.639952346121549,8.599401541196917
"2024-12-11 23:23:58.0000",4.44,75.49,14.47643756866455,5.106700022206831,8.90918772052736
"2024-12-11 23:53:55.0000",4.32,75.58,16.22818374633789,5.3234363877040725,9.163025090537776
"2024-12-12 00:23:52.0000",4.16,75.74,64.5406723022461,25.219168931683072,28.95410745739151
"2024-12-12 00:53:48.0000",4.03,75.84,33.38624572753906,12.38705372091936,15.258187687710436
"2024-12-12 01:23:46.0000",3.89,75.97,21.480670928955078,7.379938234878598,10.211502191084605
"2024-12-12 01:53:43.0000",3.94,76.1,24.637840270996094,8.010252917643177,11.788292392516059
"2024-12-12 02:23:43.0000",3.98,76.2,21.682540893554688,7.39182716636583,10.775062363555353
"2024-12-12 02:53:38.0000",4.02,76.22,19.8729190826416,6.696290799482846,9.198257504060601
"2024-12-12 03:23:38.0000",4.07,76.26,15.77906608581543,5.544564450243081,8.632189224270547
"2024-12-12 03:53:31.0000",3.78,76.36,14.351710319519043,5.3803342947279456,8.092570338594744
"2024-12-12 04:23:29.0000",3.51,76.77,16.411603927612305,6.298520334646687,8.856905663172428
"2024-12-12 04:53:31.0000",3.61,76.9,17.385868072509766,6.058283934130587,9.760558965444444
"2024-12-12 05:23:26.0000",3.89,76.95,18.135038375854492,6.565617455286826,9.54862472546403
"2024-12-12 05:53:25.0000",4.08,77.03,17.283266067504883,6.832232705575942,8.59707648104173
"2024-12-12 06:23:22.0000",4.12,77.08,19.102252960205078,7.319848848808822,10.272552973738803
"2024-12-12 06:53:20.0000",4.11,77.17,17.498432159423828,6.497459719883847,10.142872568928892
"2024-12-12 07:23:17.0000",4.1,77.29,21.816665649414062,8.778901844618126,11.258665409490996
"2024-12-12 07:53:15.0000",4.05,77.42,23.4024658203125,9.00575018678154,11.005544921455444
"2024-12-12 08:23:21.0000",4.03,77.67,26.306400299072266,9.962483547415108,12.877262050515045
"2024-12-12 08:53:08.0000",4.12,77.79,27.200952529907227,10.372708578975658,12.163794411657161
"2024-12-12 09:23:10.0000",4.24,78.03,44.70317459106445,17.67841408465865,17.983969951361033
"2024-12-12 09:53:07.0000",4.45,78.2,46.460899353027344,18.82604909187466,19.06472498223824
"2024-12-12 10:23:10.0000",4.89,78.2,44.20088195800781,17.6892497035739,15.621115045781888
"2024-12-12 10:53:07.0000",5.26,78.26,38.743221282958984,14.718938840514555,14.52540415755846
"2024-12-12 11:23:04.0000",5.78,78.15,23.993892669677734,9.186191409896356,11.985510621437907
"2024-12-12 11:53:06.0000",5.93,78.19,17.370624542236328,6.60108285070111,8.517856297585807
"2024-12-12 12:22:59.0000",6.27,78.07,19.265361785888672,7.578302516095391,7.47605687459049
"2024-12-12 12:53:02.0000",6.98,78.16,17.0673828125,6.56580702040303,8.538072278086599
"2024-12-12 13:22:58.0000",7.1,77.97,12.180030822753906,4.918034189148482,6.786467467553183
"2024-12-12 13:52:55.0000",6.71,78.08,21.832345962524414,8.546396217498849,9.0426064808457
"2024-12-12 14:22:47.0000",6,78.47,27.375099182128906,11.170571774943364,13.518632368153268
"2024-12-12 14:52:44.0000",5.81,78.75,25.492799758911133,10.42023704213669,10.586423396847575
"2024-12-12 15:22:41.0000",5.8,78.9,25.96575355529785,10.382153062529243,11.347438728537321
"2024-12-12 15:52:49.0000",5.83,78.98,24.91147804260254,10.255527507302721,11.466738498871266
"2024-12-12 16:22:34.0000",5.81,79.12,31.696369171142578,14.098559991775348,18.52803647173505
"2024-12-12 16:52:33.0000",5.65,79.26,28.74374008178711,12.124505895617807,12.32763108826181
"2024-12-12 17:22:29.0000",5.6,79.55,38.63145446777344,15.63389522940598,18.493011365176766
"2024-12-12 17:52:27.0000",5.67,79.81,47.661964416503906,20.152710378793145,22.45127939594
"2024-12-12 18:22:24.0000",5.74,80.04,40.025108337402344,18.594233787660603,23.357844695889288
"2024-12-12 18:52:26.0000",5.74,80.24,41.22685623168945,20.03189790381926,24.954888830912445
"2024-12-12 19:22:23.0000",5.77,80.46,62.079437255859375,28.769916234633072,36.49791276691904
"2024-12-12 19:52:21.0000",5.7,80.68,42.23792266845703,20.147401031586416,25.727045600374172
"2024-12-12 20:22:17.0000",5.57,80.98,37.730674743652344,17.863985797221524,21.606124901043017
"2024-12-12 20:52:15.0000",5.6,81.12,36.0994873046875,16.93745917780849,19.99057889907969
"2024-12-12 21:22:12.0000",5.6,81.3,35.19682693481445,16.625088128774742,20.5480235926359
"2024-12-12 21:52:08.0000",5.62,81.39,39.04432678222656,18.290507552525856,20.693588885642317
"2024-12-12 22:22:06.0000",5.62,81.5,34.65226364135742,16.063285178200744,19.44711796538843
"2024-12-12 22:52:03.0000",5.71,81.59,25.43204116821289,11.412241272619902,14.121767818694615
"2024-12-12 23:22:01.0000",5.85,81.5,20.240394592285156,9.032712870423463,12.084292591201109
"2024-12-12 23:51:57.0000",5.83,81.49,19.40426254272461,8.415491206320677,11.951081205515441
"2024-12-13 00:21:49.0000",5.69,81.7,21.210289001464844,9.297268375008493,12.004165545712782
"2024-12-13 00:51:46.0000",5.65,81.82,23.535789489746094,10.614345379538765,13.610031538138083
"2024-12-13 01:21:43.0000",5.51,81.98,29.658260345458984,12.549064834303815,17.1100757790599
"2024-12-13 01:51:46.0000",5.41,82.14,22.39488983154297,10.989275761489028,15.882349798677666
"2024-12-13 02:22:27.0000",5.4,82.23,24.806705474853516,12.561013798557964,17.875859538542883
"2024-12-13 02:51:35.0000",5.58,82.11,19.43062400817871,9.49100194141968,10.923137540860566
"2024-12-13 03:21:37.0000",5.47,82.23,18.613666534423828,9.010605080668386,13.254859752907214
"2024-12-13 03:51:34.0000",5.34,82.41,15.759403228759766,7.577033676712144,10.892277392101109
"2024-12-13 04:21:31.0000",5.29,82.58,15.164389610290527,7.025730425859562,10.888271289534838
"2024-12-13 04:51:23.0000",5.18,82.84,18.415618896484375,8.646927169390489,12.223062625403614
"2024-12-13 05:21:25.0000",5.16,82.98,19.577714920043945,9.374702903381198,12.577485254122978
"2024-12-13 05:51:22.0000",5.19,82.96,26.368410110473633,12.842496157906504,17.082670584785053
"2024-12-13 06:21:19.0000",5.13,83.1,34.288291931152344,17.879763188824136,23.54743294751882
"2024-12-13 06:51:17.0000",5.06,83.23,34.430904388427734,17.676729836926032,24.84375400259661
"2024-12-13 07:21:15.0000",5.05,83.21,32.86070251464844,16.39271613829695,21.626652708311166
"2024-12-13 07:51:11.0000",5.02,83.23,33.41305160522461,17.03172593139834,22.604142573220745
"2024-12-13 08:21:08.0000",5.14,83.3,32.64433670043945,16.4296133754874,20.8842341472974
"2024-12-13 08:51:05.0000",5.24,83.43,35.41560745239258,17.668445756557773,19.82146196870184
"2024-12-13 09:21:02.0000",5.36,83.43,35.88956069946289,18.55125367505762,24.066537338447112
"2024-12-13 09:50:59.0000",5.42,83.49,32.20383071899414,16.660316831022413,21.79871767677462
"2024-12-13 10:20:56.0000",5.65,83.63,30.273239135742188,15.97276942058173,20.84912582601872
"2024-12-13 10:50:59.0000",5.84,83.59,28.083824157714844,13.641383169178916,15.62434500958475
"2024-12-13 11:20:55.0000",6.02,83.59,16.66368865966797,7.726936606954072,11.502943661700835
"2024-12-13 11:50:53.0000",5.99,83.4,10.78242301940918,4.584283130031707,7.26184791274292
"2024-12-13 12:20:50.0000",5.82,83.49,18.81927490234375,7.967547596795981,11.376613602311599
"2024-12-13 12:50:54.0000",5.8,83.52,23.193052291870117,10.15455017836421,13.077561958029307
"2024-12-13 13:20:45.0000",5.91,83.44,22.338876724243164,9.177070359408145,12.326850883379116
"2024-12-13 13:50:43.0000",5.85,83.33,17.32217788696289,7.1653300975672485,10.110310301074787
"2024-12-13 14:20:39.0000",5.63,83.29,19.798686981201172,8.472495485794555,10.780724155217596
"2024-12-13 14:50:35.0000",5.46,83.43,25.267911911010742,10.138186135940016,11.623993047373936
"2024-12-13 15:20:33.0000",5.24,83.52,25.828237533569336,10.687869152545908,14.043124310498548
"2024-12-13 15:50:30.0000",5.04,83.62,28.605743408203125,11.946642898123986,14.587362940660533
"2024-12-13 16:20:28.0000",4.89,83.75,32.429683685302734,13.495101224542081,14.84166928658386
"2024-12-13 16:50:24.0000",4.78,83.8,26.678247451782227,10.980048218521013,13.540220940178394
"2024-12-13 17:20:21.0000",4.73,83.86,25.28232192993164,10.03769069057335,12.63608890193703
"2024-12-13 17:50:18.0000",4.63,83.85,26.757638931274414,10.8605048854117,15.190398723660975
"2024-12-13 18:20:15.0000",4.61,83.89,27.889938354492188,11.438845360360935,12.97667710429895
"2024-12-13 18:50:18.0000",4.59,83.95,39.53452682495117,15.781445854926785,21.071428284484856
"2024-12-13 19:20:10.0000",4.53,83.91,32.343170166015625,13.4686358301541,17.11072517943418
"2024-12-13 19:50:07.0000",4.62,84.08,36.398162841796875,15.842962486053077,17.703578363448717
"2024-12-13 20:20:09.0000",4.67,84.01,35.179325103759766,15.709403744004241,18.833921205575763
"2024-12-13 20:50:07.0000",4.6,84.11,37.09346008300781,19.186374315690813,23.114531259654647
"2024-12-13 21:19:59.0000",4.37,84.25,20.626169204711914,10.165889069495648,13.386347406208941
"2024-12-13 21:49:55.0000",4.39,84.51,28.016979217529297,13.466766997227245,16.532499885530836
"2024-12-13 22:19:52.0000",4.49,84.5,22.27303695678711,10.071392937206308,14.302621243135727
"2024-12-13 22:49:55.0000",4.64,84.61,18.54836654663086,9.184725106501547,14.866510276584412
"2024-12-13 23:19:47.0000",4.4,84.47,23.20133399963379,13.201754206862338,18.742316935928827
"2024-12-13 23:49:44.0000",4.45,84.74,22.687847137451172,13.328850958974336,17.594226984774103
"2024-12-14 00:19:47.0000",4.49,85.07,20.234365463256836,11.163203364043458,13.61921435989747
"2024-12-14 00:49:44.0000",4.68,84.95,14.793938636779785,8.096537836213352,11.848311642913686
"2024-12-14 01:49:40.0000",5.11,85.13,14.357312202453613,7.29589791862104,11.13328513981625
"2024-12-14 02:19:35.0000",5.16,85.11,1.9225023984909058,1.6544935247908914,5.980013241242151
"2024-12-14 02:49:32.0000",5.03,85.24,0.8545194864273071,1.4286026147815227,3.861411479631135
"2024-12-14 03:19:30.0000",4.94,85.57,0.9034250974655151,1.5513420110879659,5.723423545688384
"2024-12-14 03:49:31.0000",4.87,85.58,0.7399246096611023,1.4177035789991927,5.171117010071713
"2024-12-14 04:19:24.0000",4.58,85.85,0.9103871583938599,1.6693829435096503,4.561444160539184
"2024-12-14 04:49:26.0000",4.64,85.9,0.7995353937149048,1.3927665383837249,5.641601194878439
"2024-12-14 05:19:38.0000",4.42,86.12,1.40766441822052,2.2468707508544545,7.440026687333637
"2024-12-14 05:49:25.0000",5.5,82.68,1.0063694715499878,1.7085085629763785,5.813230374412352
"2024-12-14 06:19:11.0000",4.76,85.43,0.5449172258377075,1.247971756619156,4.788030350261958
"2024-12-14 06:49:09.0000",4.05,85.84,0.7657335996627808,1.3108585426478843,5.977316970723044
"2024-12-14 07:19:07.0000",2.95,86.63,0.7533302307128906,1.5073674659468912,3.6810412824898173
"2024-12-14 07:49:03.0000",3.01,87.47,1.174601435661316,1.7472518296630097,5.326430234118126
"2024-12-14 08:19:00.0000",4.11,86.91,1.49416184425354,2.16952014657311,5.8828210389881175
"2024-12-14 08:49:00.0000",4.37,86.8,1.4089667797088623,2.169171061898847,7.936892600169352
"2024-12-14 09:19:00.0000",4.83,86.52,1.7285321950912476,2.161016113318806,6.250449227792187
"2024-12-14 09:49:03.0000",6.21,86.26,1.6981083154678345,1.9705989347174357,5.733654920830616
"2024-12-14 10:18:59.0000",7.35,86.2,1.5444386005401611,2.336679306925054,4.609468849505179
"2024-12-14 10:49:02.0000",8.08,84.86,1.8537535667419434,2.302026927948806,9.567677836798113
"2024-12-14 11:18:59.0000",11.82,81.14,1.4544401168823242,2.308218991554389,6.635992688976055
"2024-12-14 11:48:50.0000",8.25,86.33,1.8683720827102661,2.4145858127814908,6.984040845228199
"2024-12-14 12:18:48.0000",9.01,86.71,1.6747705936431885,2.209080222678055,6.335005051892837
"2024-12-14 12:48:47.0000",8.27,85.19,1.16063392162323,1.9905650693802168,6.538895745911331
"2024-12-14 13:18:51.0000",7.92,85.05,1.616778016090393,2.018055633332593,6.511343830364738
"2024-12-14 13:48:35.0000",6.68,85.04,1.6301534175872803,2.1348988498120898,7.666805230163867
"2024-12-14 14:18:39.0000",6.62,85.14,1.8022176027297974,2.0728022045025534,11.247019442007995
"2024-12-14 15:18:46.0000",6.78,84.58,2.000685214996338,2.228844732838623,8.901841425487511
"2024-12-14 15:48:38.0000",6.68,84.57,2.096332311630249,2.536493610137905,10.401593428065349
"2024-12-14 16:18:30.0000",6.65,84.61,2.1690244674682617,2.6820853939469536,6.382801458699522
"2024-12-14 16:48:27.0000",6.63,84.61,2.491532564163208,2.9367907383963625,8.868977879689902
"2024-12-14 17:18:23.0000",6.65,84.72,2.3881402015686035,2.8119647560479883,5.653675640433657
"2024-12-14 17:48:23.0000",6.7,84.72,2.071507453918457,2.2033961618225018,8.6114527829739
"2024-12-14 18:18:23.0000",6.75,84.7,1.8535480499267578,2.051255586346317,5.205260801562472
"2024-12-14 18:48:17.0000",6.74,84.67,1.7704343795776367,2.1492485215209634,8.164827111979807
"2024-12-14 19:18:15.0000",6.97,84.75,1.6516318321228027,1.934993008767036,6.938592908012595
"2024-12-14 19:48:17.0000",7.1,84.71,1.532565951347351,2.08137065045607,5.722957274770437
"2024-12-14 20:18:12.0000",7.04,84.63,1.3619415760040283,1.807309460923389,5.465480633206189
"2024-12-14 20:48:07.0000",7.05,84.87,0.985526978969574,1.4403498798482783,4.3617499316224535
"2024-12-14 21:18:00.0000",7.06,84.83,0.7802891731262207,1.2546491421474315,5.092141917964226
"2024-12-14 21:47:58.0000",6.93,85.04,0.600877583026886,1.139826560474276,4.596176607283311
"2024-12-14 22:17:57.0000",7.14,84.99,0.4056299924850464,0.9572568541950752,4.515996048337667
"2024-12-14 22:47:55.0000",6.96,85.18,0.4243306517601013,1.0438182998483447,4.566147839716539
"2024-12-14 23:17:49.0000",7.16,85.36,0.3503590226173401,1.0364326981127798,5.0757739320472695
"2024-12-14 23:47:54.0000",7.6,85.38,0.3394289016723633,0.9942702922241812,4.440647190509004
"2024-12-15 00:17:57.0000",8.47,85.1,1.3348348140716553,1.4361066821937982,6.7365304749536055
"2024-12-15 00:48:00.0000",8.84,85.18,1.9654392004013062,1.8676190721356627,4.722084689228237
"2024-12-15 01:47:58.0000",9.11,85.27,3.322453498840332,2.036256485231901,5.293058455934023
"2024-12-15 02:17:54.0000",9.13,85.44,3.886801242828369,2.131238634414515,3.1498230025414315
"2024-12-15 02:47:52.0000",9.19,85.67,1.6463172435760498,1.6282657822404252,6.7569422219311726
"2024-12-15 03:17:41.0000",9.27,85.73,2.312046527862549,1.5001940162828913,4.7343061501467165
"2024-12-15 03:47:44.0000",9.33,85.96,4.428124904632568,2.0599914348073125,6.476268048907515
"2024-12-15 04:17:41.0000",9.41,86.06,5.9478631019592285,2.18746799549314,6.1368087792507025
"2024-12-15 05:17:32.0000",9.82,86.1,8.341900825500488,3.143905080582848,6.872902112094507
"2024-12-15 05:47:38.0000",9.87,86.3,9.078808784484863,3.7989814235376818,6.377083001826796
"2024-12-15 06:47:34.0000",10.04,86.3,2.5166144371032715,2.0074596656355133,9.225093890939105
"2024-12-15 07:17:33.0000",10.1,86.43,1.6361684799194336,1.8353610505231566,6.004775242536921
"2024-12-15 07:47:39.0000",10.09,86.44,2.287382125854492,1.9658717289323686,7.225800276928512
"2024-12-15 08:17:24.0000",9.77,86.48,1.2120896577835083,1.7757466099278283,4.5925714052680995
"2024-12-15 08:47:30.0000",10,86.92,0.5638422966003418,1.2917518516732258,4.552508189085936
"2024-12-15 09:17:22.0000",10.63,86.67,0.6851865649223328,1.2703027589734017,4.646149653772212
"2024-12-15 10:17:23.0000",11.27,85.83,0.7310550808906555,1.4006671720837116,6.57386689089979
"2024-12-15 10:47:27.0000",11.35,85.97,1.0414222478866577,1.7376800522918376,6.74566329225409
"2024-12-15 11:17:28.0000",11.17,85.9,0.9699371457099915,1.5693790775326195,8.86469451846684
"2024-12-15 11:47:16.0000",10.98,85.88,0.8538143634796143,1.544400037748743,4.90985488882604
"2024-12-15 12:17:18.0000",11.15,85.82,0.7434647083282471,1.4338202119627672,6.723654350358442
"2024-12-15 12:47:17.0000",11.05,85.59,0.8938480019569397,1.3821780904674243,6.282758096441422
"2024-12-15 13:17:23.0000",10.93,85.62,0.645018458366394,1.1906598986448924,5.943272928455865
"2024-12-15 13:47:10.0000",11.18,85.84,0.8278234004974365,1.324848422858351,7.825801831377223
"2024-12-15 14:17:13.0000",10.69,85.42,1.2383311986923218,1.6134582024853628,6.832856039913338
"2024-12-15 14:47:05.0000",9.86,85.74,4.04764986038208,2.792424268122019,5.569880252421634
"2024-12-15 15:16:53.0000",9.14,86.09,4.522342681884766,2.5838450636307506,7.917277357924189
"2024-12-15 15:46:50.0000",8.25,86.38,3.5469672679901123,2.320110682157507,6.574381186694639
"2024-12-15 16:16:47.0000",7.86,86.64,4.774561405181885,3.016713629881268,7.7257166193379705
"2024-12-15 16:46:44.0000",7.8,86.73,9.818835258483887,3.7041376408843325,8.667480636477112
"2024-12-15 17:16:41.0000",8.27,86.37,6.174947738647461,3.119128376246872,6.476540966422881
"2024-12-15 17:46:38.0000",8.27,86.73,3.5687055587768555,2.625429114852773,6.074838157159314
"2024-12-15 18:16:36.0000",8.31,86.49,4.6085662841796875,2.615927839201164,7.9871080878102205
"2024-12-15 18:46:38.0000",8.25,86.57,2.9073398113250732,2.2590166797468654,6.447571694418779
"2024-12-15 19:16:35.0000",8.54,86.45,3.5849509239196777,2.5354897596308335,8.973453139380068
"2024-12-15 19:46:31.0000",8.93,86.71,2.4526331424713135,1.891623076589637,5.534174952518281
"2024-12-15 20:16:29.0000",9.51,86.51,1.7708741426467896,1.7773372548033235,7.625383261531903
"2024-12-15 20:46:26.0000",9.46,86.32,1.2447609901428223,1.5049390104939215,7.225129539299155
"2024-12-15 21:16:32.0000",9.83,86.38,0.5102694034576416,1.2193169391388992,5.106025330038643
"2024-12-15 21:46:26.0000",10.09,86.06,0.5761898756027222,1.0781375442130288,6.256677912467659
"2024-12-15 22:16:22.0000",10.22,86.13,0.41277775168418884,0.992798634277886,5.298331878404852
"2024-12-15 22:46:22.0000",10.24,85.9,0.3910122513771057,0.9971729523689548,5.797991960607189
"2024-12-15 23:16:24.0000",10.45,86,0.5774911642074585,1.1766574513148456,5.760054788556897
"2024-12-15 23:46:15.0000",10.41,85.7,0.8336107730865479,1.4552297465411845,6.707903852298833
"2024-12-16 00:16:19.0000",10.4,85.57,0.7085327506065369,1.2944743656458524,5.708031754606281
"2024-12-16 00:46:23.0000",10.3,85.29,0.6953901648521423,1.3011189236283205,6.315510688000159
"2024-12-16 01:16:12.0000",10.08,85.13,0.52285236120224,1.239718912531814,6.005352306380196
"2024-12-16 01:46:02.0000",9.73,85.18,1.0547879934310913,1.4565299245260017,5.8569613406560785
"2024-12-16 02:16:04.0000",9.39,85.05,0.5197006464004517,1.2583111323154343,5.044714981534678
"2024-12-16 02:46:02.0000",9.3,84.94,0.41414281725883484,1.0943410246498695,4.7591907596798695
"2024-12-16 03:16:01.0000",9.29,84.5,3.7931036949157715,3.339382540438673,8.788482641476971
"2024-12-16 03:46:01.0000",8.83,84.55,1.1658380031585693,1.5060047876756013,6.253559982263295
"2024-12-16 04:15:53.0000",9.04,84.55,2.5596134662628174,2.535586278381103,6.70078947645303
"2024-12-16 04:45:51.0000",8.9,84.38,0.5255803465843201,1.1630898932549296,5.861035177443756
"2024-12-16 05:15:47.0000",8.9,84.35,1.4953397512435913,1.789812445716084,6.724816672499721
"2024-12-16 05:45:44.0000",8.9,84.29,0.7541501522064209,1.3245437804805607,5.144440048123895
"2024-12-16 06:15:43.0000",8.98,84.15,0.8943161964416504,1.5147329654339505,5.681049137609789
"2024-12-16 06:45:44.0000",10.17,81.01,0.7169327139854431,1.470361367517859,6.685864391278377
"2024-12-16 07:15:36.0000",9.31,83.08,0.7851117849349976,1.3645437456913418,7.825208443140945
"2024-12-16 07:45:38.0000",9.21,83.32,1.2137271165847778,1.8526684692258353,5.756373282625697
"2024-12-16 08:15:31.0000",9.35,83.24,0.8779564499855042,1.6327999259203225,5.576053297480855
"2024-12-16 08:45:28.0000",9.52,83.07,0.8059262037277222,1.534080587497647,6.680378769517329
"2024-12-16 09:15:35.0000",10.57,79.52,0.7629309892654419,1.2749482130725212,7.0486246754344375
"2024-12-16 09:45:22.0000",9.69,82.19,1.8249014616012573,1.7955290990386483,6.936105078255681
"2024-12-16 10:15:23.0000",10.1,81.87,1.6570931673049927,1.828175319015076,7.1517683333578725
"2024-12-16 10:45:22.0000",10.1,81.87,2.163425922393799,1.9589772222384978,8.31012275729901
"2024-12-16 11:15:17.0000",10.38,81.82,2.9319984912872314,2.1391514134797562,6.164736648538409
"2024-12-16 11:45:16.0000",10.23,81.66,2.4027605056762695,2.1741244485376745,8.542748242959677
"2024-12-16 12:15:12.0000",9.97,81.82,2.5303611755371094,1.9977209227870374,7.711170004300893
"2024-12-16 12:45:10.0000",9.92,81.89,1.3110456466674805,1.851241822147626,6.186139035144998
"2024-12-16 13:15:06.0000",9.89,81.74,1.8278580904006958,2.1498664730776538,7.937919768208028
"2024-12-16 13:45:04.0000",9.94,81.69,3.5088133811950684,2.609747792678399,7.005586204879172
"2024-12-16 14:15:01.0000",9.85,81.59,2.3359031677246094,2.3455760740019356,9.904786261756291
"2024-12-16 14:45:04.0000",9.73,81.72,7.938812255859375,3.6211122205261863,8.869148313866686
"2024-12-16 15:14:56.0000",9.66,81.74,2.773148536682129,2.5261393178358413,6.9204911160617115
"2024-12-16 15:44:48.0000",9.52,81.82,2.0853524208068848,2.161101388260471,10.863693899578504
"2024-12-16 16:14:50.0000",9.44,81.9,1.763794183731079,1.8505504561227968,7.774960077695003
"2024-12-16 16:44:41.0000",9.2,81.73,1.5170234441757202,1.7315490230710273,5.811153397754275
"2024-12-16 17:14:39.0000",8.62,81.74,1.4090968370437622,1.7449928682609004,6.105779405707499
"2024-12-16 17:44:46.0000",8.2,82.27,2.0155203342437744,2.099456428325248,6.3395681204253025
"2024-12-16 18:14:38.0000",7.88,82.01,2.066225528717041,2.2845907851283815,7.394324174353494
"2024-12-16 18:44:40.0000",8.14,82.69,1.940988540649414,1.9077762747187044,8.642084447166399
"2024-12-16 19:14:41.0000",8.75,81.91,2.1994426250457764,2.285327163610512,7.585130116067673
"2024-12-16 19:44:30.0000",9.01,81.77,1.8246229887008667,1.786175782322289,8.433721759616196
"2024-12-16 20:14:22.0000",9,81.79,2.061229944229126,2.1202414737075093,6.335672772089043
"2024-12-16 20:44:18.0000",8.8,81.88,2.0196237564086914,2.018597578653289,8.87822461320516
"2024-12-16 21:14:16.0000",7.49,82.51,2.0543506145477295,2.110188102179694,7.782964178805961
"2024-12-16 21:44:14.0000",7.63,82.92,3.3182244300842285,2.745442650828605,7.942410084375101
"2024-12-16 22:14:14.0000",8.02,82.68,2.466376781463623,2.3142743155609637,5.015413464483255
"2024-12-16 22:44:12.0000",7.85,82.59,2.8340344429016113,2.2792251691669536,8.104383173485573
"2024-12-16 23:14:04.0000",7.92,82.72,2.791167736053467,2.622567408052625,7.322961084203629
"2024-12-16 23:44:07.0000",7.45,82.85,2.7656874656677246,2.599190540589687,7.8951034510856175
"2024-12-17 00:14:03.0000",7.21,83.26,2.9833896160125732,2.8224518235007117,6.1645822458673925
"2024-12-17 00:43:55.0000",7.06,83.6,2.4191486835479736,2.1843069753195263,6.393568673333727
"2024-12-17 01:13:52.0000",6.36,83.89,3.09452748298645,2.204406690881747,5.977266937034561
"2024-12-17 01:43:49.0000",6.57,84.25,2.2814412117004395,2.0926369442808634,6.470566545397576
"2024-12-17 02:13:52.0000",6.73,84.12,2.04939603805542,1.6962783931990795,5.804510986311251
"2024-12-17 02:43:49.0000",6.28,84.28,2.3912265300750732,1.9184013654584433,6.417496380991589
"2024-12-17 03:13:45.0000",6.32,84.46,2.603161096572876,2.242785724217154,3.4039842609612037
"2024-12-17 03:43:49.0000",5.72,84.52,3.2531886100769043,2.1535319911916835,5.44887821928595
"2024-12-17 04:13:49.0000",6.03,81.74,3.9565200805664062,2.454678780458163,6.34566290692892
"2024-12-17 04:43:37.0000",4.82,84.28,4.207830905914307,2.3295229699259883,5.791297527680271
"2024-12-17 05:13:32.0000",4.87,85.04,5.126430988311768,2.756234670343762,6.30937740948625
"2024-12-17 05:43:32.0000",5.65,84.83,5.1344499588012695,2.5921431085726074,6.1658092094064045
"2024-12-17 06:13:30.0000",5.95,84.68,5.770881175994873,3.0099204552373835,5.828136301547638
"2024-12-17 06:43:26.0000",6.14,84.78,4.613983154296875,2.2252676531374296,7.394914039690179
"2024-12-17 07:13:23.0000",6.53,84.76,4.606305122375488,2.5841045373056373,6.225529416689068
"2024-12-17 07:43:20.0000",6.68,84.9,3.973334312438965,2.597067234843034,4.522773288172475
"2024-12-17 08:13:20.0000",6.88,84.74,4.117427349090576,2.720196936315001,7.9558875677932495
"2024-12-17 08:43:17.0000",6.9,84.64,4.323065280914307,2.403623464233562,6.063273152559625
"2024-12-17 09:13:11.0000",6.94,84.87,6.208972930908203,3.0369112369420552,5.820069672981694
"2024-12-17 09:43:14.0000",7.14,85.07,5.843568325042725,2.6745798212900778,6.043199664240224
"2024-12-17 10:13:11.0000",7.35,84.96,29.383800506591797,3.012078296792283,3.89648315872937
"2024-12-17 10:43:03.0000",7.49,85.02,43.35526657104492,3.9022057346705172,6.1182927521151
"2024-12-17 11:13:00.0000",7.78,85.13,10.413005828857422,3.5408625082615517,6.21284263060263
"2024-12-17 11:42:56.0000",7.93,85.18,10.349720001220703,4.153041800704114,7.150854724071769
"2024-12-17 12:13:00.0000",8.2,85.18,8.219690322875977,3.187987932088836,7.421309244252565
"2024-12-17 12:42:55.0000",8.39,85.28,7.307409286499023,2.92903407336347,7.829863846449567
"2024-12-17 13:12:53.0000",8.89,85.21,3.8756065368652344,1.9445843602971986,5.132907560274675
"2024-12-17 13:42:55.0000",9.4,85.67,3.1223063468933105,2.2793144345918033,4.8002024915712616
"2024-12-17 14:12:54.0000",10.43,84.46,2.379067897796631,2.1471399205193844,7.0431534201047175
"2024-12-17 15:47:58.0000",9.35,83.75,1.8699243068695068,1.7323673279785547,6.504522663054391
"2024-12-17 16:16:56.0000",9.28,84.01,2.4340574741363525,1.8688045733223528,7.3884469829252595
"2024-12-17 16:46:54.0000",9.35,83.86,2.585120677947998,2.2148194196972377,6.589301556370995
"2024-12-17 17:16:51.0000",9.17,83.75,2.631275177001953,2.108658434074149,6.447545491978487
"2024-12-17 17:46:49.0000",8.95,83.66,3.420013666152954,2.1946072471404383,6.604066482510891
"2024-12-17 18:16:46.0000",8.58,83.7,4.245965957641602,2.332191269427165,7.123691162440656
"2024-12-17 18:46:43.0000",8.45,83.97,4.603410243988037,2.409532178877128,6.056085925621106
"2024-12-17 19:16:42.0000",8.68,83.71,4.820109844207764,2.6104286835025423,7.17954011712211
"2024-12-17 19:46:37.0000",8.72,83.62,6.295735836029053,3.241875876471442,8.486534385196256
"2024-12-17 20:16:37.0000",8.65,83.82,6.855930805206299,3.4643757878736974,8.350836598099995
"2024-12-17 20:46:31.0000",8.79,83.82,6.667853355407715,3.3550622250457107,9.274908526167009
"2024-12-17 21:16:29.0000",8.88,83.85,6.238497734069824,3.280957838539209,9.829855294038836
"2024-12-17 21:46:25.0000",8.8,84.25,5.90153694152832,3.2528990527014203,7.912077970410333
"2024-12-17 22:16:27.0000",9.94,81.5,4.654561996459961,2.6462348918734935,7.519103488344779
"2024-12-17 22:46:17.0000",9.02,83.85,4.44871187210083,2.5042148340433155,6.4469743745596935
"2024-12-17 23:16:14.0000",9.07,84.33,3.4654860496520996,2.1424839790880075,5.113383734938129
"2024-12-17 23:46:14.0000",9.15,84.49,3.908740997314453,2.5754503165876286,6.443831320464455
"2024-12-18 00:16:16.0000",9.26,84.72,3.4130008220672607,2.0340253808617303,8.698036172289347
"2024-12-18 00:46:08.0000",9.41,84.92,2.880434513092041,1.8405354140668084,6.454239789443976
"2024-12-18 01:16:05.0000",9.53,85.04,2.083056926727295,1.4932811263317314,5.8756312513886115
"2024-12-18 01:46:02.0000",9.81,85.3,1.391034722328186,1.3531962688430819,5.509952890688084
"2024-12-18 02:16:00.0000",9.79,85.41,1.7498699426651,1.290018104119703,6.0093654122800615
"2024-12-18 03:16:01.0000",11.87,84.66,1.3989392518997192,1.7329418758197064,7.979432217458148
"2024-12-18 03:45:56.0000",12.44,83.58,1.012581467628479,1.6129657216844366,6.7688858751780625
"2024-12-18 04:15:54.0000",12.41,84.16,0.587753176689148,1.249170815103517,6.677118238852749
"2024-12-18 04:46:06.0000",12.8,84.04,0.2073342204093933,0.9926033616390363,5.026304060352198
"2024-12-18 05:15:59.0000",13.16,83.35,0.21993085741996765,1.0118539416697274,5.0136451342826724
"2024-12-18 05:45:50.0000",13.22,82.95,0.5825633406639099,1.2233904669866402,4.79976888148845
"2024-12-18 06:15:52.0000",12.99,82.65,0.648611307144165,1.391194119073386,5.368791927542806
"2024-12-18 06:45:45.0000",12.77,82.49,0.4221218228340149,1.2455589045712923,5.410854629297007
"2024-12-18 07:15:47.0000",12.57,82.22,0.20811888575553894,0.9417658415296792,4.694051211580025
"2024-12-18 07:45:47.0000",12.08,82.02,0.2850770652294159,0.9962738968382011,5.203360704753134
"2024-12-18 08:15:42.0000",11.75,82.32,0.6275901794433594,1.1501660811340781,5.954194508269847
"2024-12-18 08:45:35.0000",11.09,83.03,1.6075667142868042,2.0056407099553795,7.628084719772147
"2024-12-18 09:15:30.0000",10.82,83.31,2.521860361099243,2.713704529857183,9.180315648596872
"2024-12-18 09:45:28.0000",10.87,83.71,2.077012062072754,2.50743780217117,6.965034300868638
"2024-12-18 10:15:24.0000",10.63,83.6,2.2041263580322266,2.504048393599931,9.259963621003962
"2024-12-18 10:45:23.0000",11.4,82.88,2.2575414180755615,2.710701435152354,8.670120350711327
"2024-12-18 11:15:24.0000",14.21,80.79,1.9785325527191162,2.2562833326643554,10.533085237766265
"2024-12-18 11:45:26.0000",11.76,83.52,1.6000832319259644,1.9201463782652746,8.934751846895905
"2024-12-18 12:15:18.0000",13.21,81.01,1.9800900220870972,2.213274851009203,10.59610807319964
"2024-12-18 13:15:11.0000",10.67,81.44,1.739521861076355,2.30147855449632,7.943938139018471
"2024-12-18 13:45:07.0000",10.3,81.57,1.6466678380966187,2.154799806969675,8.47579765237572
"2024-12-18 14:15:05.0000",9.46,81.56,0.7663806080818176,1.2847618885868837,6.157294848028278
"2024-12-18 14:44:59.0000",8.73,82.14,1.6619192361831665,1.9894829790875836,6.996436668096486
"2024-12-18 15:14:56.0000",8.59,82.43,1.8418701887130737,2.3118073353252053,5.941518764108907
"2024-12-18 15:44:53.0000",8.32,82.69,4.4242777824401855,2.948425684204673,7.951464467661059
"2024-12-18 16:14:49.0000",8.37,83.1,6.258130073547363,3.6126512056007494,6.939849783592345
"2024-12-18 16:44:47.0000",8.29,83.21,7.281545639038086,3.732152037983326,8.067281104645831
"2024-12-18 17:14:45.0000",8.27,83.51,7.88045072555542,4.262030823192162,6.644793334558698
"2024-12-18 17:44:41.0000",8.25,83.75,10.674304962158203,4.963139357119179,7.069592029187821
"2024-12-18 18:14:38.0000",7.98,83.91,3.69771671295166,2.8856853148585837,6.948891446209444
"2024-12-18 18:44:36.0000",7.57,84.31,3.762383460998535,3.0097283865484497,-1.6089201776187456
"2024-12-18 19:14:35.0000",7.33,84.59,2.469282627105713,2.0142719898610078,3.1631273003595948
"2024-12-18 19:44:30.0000",6.52,85.24,1.457876443862915,1.7278327427479792,2.2442624566590803
"2024-12-18 20:14:27.0000",6.28,85.42,0.9768124222755432,1.2362878545942089,4.355814352398777
"2024-12-18 20:44:29.0000",5.99,85.62,0.7563394904136658,1.276462514989249,3.8936716859943297
"2024-12-18 21:14:24.0000",5.78,85.67,0.5499680042266846,1.1748686141161355,4.201076988315169
"2024-12-18 21:44:21.0000",5.53,85.86,0.4158700406551361,0.975128363339859,4.929151947348086
"2024-12-18 22:14:15.0000",5.41,86.07,0.16487261652946472,0.9996996221433906,5.128420229910839
"2024-12-18 22:44:14.0000",5.59,86.24,0.7894942164421082,1.3583428035332537,2.1504101264749225
"2024-12-18 23:44:14.0000",4.95,86.35,0.620739221572876,1.3193391565836852,4.045599417251284
"2024-12-19 00:14:08.0000",4.55,86.73,0.5261426568031311,1.2411565404652867,3.709968431306627
"2024-12-19 00:44:09.0000",4.22,86.92,0.4302230179309845,1.1379076837441506,6.215315035658824
"2024-12-19 01:14:05.0000",4.17,86.87,0.5714697241783142,1.2853012463804914,2.9981022445554397
"2024-12-19 01:44:02.0000",4.39,87.12,0.8639523983001709,1.3914259185832814,4.538448610432765
"2024-12-19 02:14:09.0000",4.56,86.61,0.3013351857662201,1.1303597182956622,3.1493449270258345
"2024-12-19 02:43:59.0000",4.36,86.84,0.36618998646736145,1.2328846746652966,4.907932087539845
"2024-12-19 03:14:00.0000",3.4,87.1,0.2719285190105438,1.0406493779693358,4.582085523434051
"2024-12-19 03:43:51.0000",3.48,87.84,0.4745045304298401,1.1259522789393601,6.023265385919745
"2024-12-19 04:13:50.0000",4.13,87.2,0.5528112649917603,1.3813384199352883,5.626470561062576
"2024-12-19 04:43:51.0000",4.38,86.92,0.45652109384536743,1.1971565511114248,4.895102129321101
"2024-12-19 05:13:40.0000",3.5,87.53,0.6285545229911804,1.4276071026515618,3.4805796479197744
"2024-12-19 05:43:43.0000",4.01,87.39,0.7010694146156311,1.4509224092083355,4.008074669389344
"2024-12-19 06:13:35.0000",3.81,87.02,0.5054149627685547,1.2205796675519687,4.542609213986966
"2024-12-19 06:43:33.0000",3.5,86.98,0.9224083423614502,1.595922381889522,5.831236778148065
"2024-12-19 07:13:31.0000",4.05,87.04,0.9140893220901489,1.4784461324576585,4.096182763320988
"2024-12-19 07:43:28.0000",4.41,87.01,1.1192198991775513,1.9398371840114614,4.837635592391136
"2024-12-19 08:13:34.0000",4.19,86.88,0.9119514226913452,1.470458752193688,5.330973574445338
"2024-12-19 08:43:28.0000",3.78,87.29,0.8109411001205444,1.2397890360552755,5.6181104107332045
"2024-12-19 09:13:30.0000",3.03,87.77,0.5620006322860718,1.2339202838869194,3.6083562970167975
"2024-12-19 09:43:14.0000",3.38,87.51,0.32872292399406433,1.1467152435780015,3.515294154297006
"2024-12-19 10:13:18.0000",3.45,88.12,0.5184721946716309,1.2115223595757163,3.760848071792603
"2024-12-19 10:43:15.0000",6.15,85.51,0.8648784160614014,1.4892936260071108,5.111617528684757
"2024-12-19 11:13:19.0000",5.89,86.25,0.7927088141441345,1.4565382177768567,7.7121048432916375
"2024-12-19 11:43:20.0000",10.43,83.02,0.845574676990509,1.6624175167449966,6.516798865133245
"2024-12-19 12:13:17.0000",10.51,81.98,1.122369647026062,1.7686295310677862,8.47851359149004
"2024-12-19 12:43:49.0000",9.45,84.38,2.1758387088775635,2.856432496330296,9.6845122937913
"2024-12-19 13:43:15.0000",7.75,82.08,57.82012176513672,2.2320880660231306,5.459742367297853
"2024-12-19 14:13:06.0000",7.65,80.34,2.9903504848480225,3.309046022512088,9.774034481817154
"2024-12-19 14:43:10.0000",6.63,79.68,3.058791399002075,3.518306721206718,12.44673956813926
"2024-12-19 15:13:00.0000",6.55,78.9,2.7291407585144043,2.6590348030041477,11.231332273987762
"2024-12-19 15:42:57.0000",5.96,79.56,4.513214588165283,4.325971459253716,11.92436672403729
"2024-12-19 16:13:04.0000",6.19,79.49,3.515641689300537,3.6436096215527574,9.47833711437576
"2024-12-19 17:13:03.0000",5.85,78.67,4.354698181152344,4.348996451482607,11.886359621601638
"2024-12-19 17:42:48.0000",5.41,79.34,3.5177454948425293,3.6548939737317214,12.578870475826855
"2024-12-19 18:12:45.0000",5.19,79.67,3.437851905822754,3.683577175568053,8.270602850371278
"2024-12-19 18:42:51.0000",5.16,79.78,3.420811653137207,3.709842006550761,8.70148409449664
"2024-12-19 19:12:44.0000",4.95,79.93,3.0084099769592285,3.257997490475345,8.07612490411642
"2024-12-19 19:42:37.0000",4.62,80.04,3.494539976119995,3.5582596195912664,10.641274425470648
"2024-12-19 20:12:45.0000",5.13,80.28,3.2101824283599854,3.213255857534561,7.233676666471994
"2024-12-19 20:42:32.0000",4.91,80.23,2.887071132659912,3.243026914411358,8.460296274654954
"2024-12-19 21:12:39.0000",5.02,80.26,2.4612419605255127,2.633873676874775,7.577594465866739
"2024-12-19 21:42:27.0000",4.8,80.42,2.544135808944702,2.503356659864629,10.639901676169794
"2024-12-19 22:12:32.0000",4.74,80.33,2.8792901039123535,2.5473096048267228,6.475636109406791
"2024-12-19 22:42:20.0000",4.25,80.9,2.5152761936187744,2.5733926688612296,10.339162496205843
"2024-12-19 23:12:21.0000",3.68,81.65,2.406409502029419,3.024984249950848,6.017147970835652
"2024-12-20 00:12:19.0000",4.79,80.89,2.611924648284912,3.0869986986883955,9.027535637208606
"2024-12-20 00:42:14.0000",4.83,80.95,3.3650102615356445,3.6787353652364847,7.88428823032004
"2024-12-20 01:12:10.0000",4.96,81.15,3.158850908279419,3.5238535099099355,8.824785950524955
"2024-12-20 01:42:21.0000",4.68,81.27,3.0225813388824463,3.1360708130517363,8.544209100733061
"2024-12-20 02:12:05.0000",4.81,81.65,2.584906578063965,2.842868422213238,11.544224558790681
"2024-12-20 02:42:04.0000",4.54,81.71,2.2187447547912598,2.54185773668928,5.322175032951794
"2024-12-20 03:11:59.0000",3.75,82.23,2.190976858139038,2.556889535468699,6.913248838552307
"2024-12-20 03:41:58.0000",3.76,83.05,1.8210829496383667,2.180717127249448,10.278783179354972
"2024-12-20 04:12:00.0000",4.06,82.49,1.7954386472702026,2.3198378602990477,6.991712913224687
"2024-12-20 04:41:57.0000",3.98,82.2,2.0072712898254395,2.307672358587495,7.619449431239615
"2024-12-20 05:11:54.0000",3.7,82.47,1.6607468128204346,1.9680615149412088,8.341868746239562
"2024-12-20 05:41:49.0000",3.96,82.61,1.2722340822219849,1.9284203961426893,5.694804120123928
"2024-12-20 06:11:47.0000",4.1,82.4,1.3540611267089844,1.796403110424795,8.154628981517554
"2024-12-20 06:41:46.0000",3.97,82.79,1.736231803894043,2.0048047191646408,4.054568759124447
"2024-12-20 07:11:47.0000",4.35,82.95,1.1825405359268188,1.8576754987236193,7.90003701679568
"2024-12-20 07:41:38.0000",5.19,82.48,0.8339014649391174,1.4961622863703012,4.728006695698919
"2024-12-20 08:11:35.0000",5.17,82.52,0.8317809104919434,1.1795885838348017,7.077779026871375
"2024-12-20 08:41:32.0000",5.51,82.82,0.6616390943527222,1.3578428921364982,5.260057223042654
"2024-12-20 09:11:30.0000",5.7,82.88,0.6519572734832764,1.4429705592954651,5.924345833253969
"2024-12-20 09:41:26.0000",6.23,82.89,0.6181607246398926,1.4230937118211229,6.056601609348488
"2024-12-20 10:11:32.0000",6.84,82.72,0.6241616606712341,1.3478758667435733,6.811007793799188
"2024-12-20 10:41:31.0000",7.66,82.5,0.9382439255714417,1.538150994917555,5.459674206728792
"2024-12-20 11:11:28.0000",9.51,80.61,0.795373797416687,1.4979073313152262,5.166615019960127
"2024-12-20 11:41:25.0000",8.19,81.81,0.9659198522567749,1.6516958864186702,7.67954684206306
"2024-12-20 12:11:22.0000",8.09,81.82,1.2258058786392212,1.7408851970115884,6.515346341241665
"2024-12-20 12:41:19.0000",7.77,82.19,1.1016886234283447,1.7605960330447243,7.180237937280047
"2024-12-20 13:11:17.0000",7.69,82.41,0.9813932776451111,1.5968262081680786,8.13397688465545
"2024-12-20 13:41:23.0000",7.35,82.65,1.7925013303756714,1.707434169345766,6.981407946058445
"2024-12-20 14:11:07.0000",7.12,83.06,1.9055407047271729,1.6590342518328083,8.526380430919124
"2024-12-20 14:41:10.0000",7.2,83.48,4.308383941650391,1.387203294815339,4.854812605515912
"2024-12-20 15:11:06.0000",7.83,83.76,2.8818371295928955,3.0268159856291508,7.565446454249488
"2024-12-20 15:41:02.0000",7.36,83.67,4.512922763824463,3.7005882881245604,8.505554696100484
"2024-12-20 16:11:04.0000",7.54,83.86,3.422783374786377,3.593770039449379,11.601076807578998
"2024-12-20 16:40:59.0000",7.37,84.16,3.9950451850891113,4.042838263937394,10.845359000283064
"2024-12-20 17:10:55.0000",7.33,84.38,4.13013219833374,4.109848213356821,11.78217077400171
"2024-12-20 17:40:50.0000",7.21,84.34,4.734112739562988,4.606525123542793,13.930336950660056
"2024-12-20 18:10:48.0000",7.17,84.72,4.161833763122559,4.160190817446907,15.12483986630729
"2024-12-20 18:40:45.0000",6.45,85.25,4.190071105957031,4.170618080964406,11.753622743897086
"2024-12-20 19:10:42.0000",5.99,85.25,4.761320114135742,4.548395009468914,9.770183525909184
"2024-12-20 19:40:44.0000",6.37,85.53,4.207141399383545,4.0877478334043165,11.043706921679872
"2024-12-20 20:10:40.0000",6.31,85.1,4.088622570037842,3.8705171285892783,11.044802396719163
"2024-12-20 20:40:28.0000",5.62,85.62,3.9739015102386475,3.7849251680345084,14.509858314868836
"2024-12-20 21:40:30.0000",6.03,85.26,3.261389970779419,3.6835984951212,9.094366955065416
"2024-12-20 22:10:24.0000",6.18,85.61,3.5875964164733887,4.005521440171634,8.84266179238925
"2024-12-20 22:40:22.0000",5.97,85.46,3.4199233055114746,3.2680270696440026,12.61793719816788
"2024-12-20 23:10:25.0000",5.78,85.77,3.717576026916504,3.6753764375091036,9.775276518989969
"2024-12-20 23:40:12.0000",5.78,86.12,3.4561452865600586,3.8329035736710786,10.452709354155377
"2024-12-21 00:10:16.0000",6.08,85.88,2.9695911407470703,3.174263009083613,10.415158973289095
"2024-12-21 00:40:06.0000",5.98,85.63,2.9076502323150635,2.877286676448874,8.40742622591714
"2024-12-21 01:10:08.0000",6.15,86.05,2.5335426330566406,2.943361094974581,8.379379927674073
"2024-12-21 01:40:06.0000",6.28,85.85,2.379580497741699,2.663313355739658,10.121888902145304
"2024-12-21 02:10:00.0000",5.87,85.65,2.4905521869659424,2.74607877566223,8.84276033078751
"2024-12-21 02:39:55.0000",5.3,85.82,3.056483745574951,2.5749167677031366,11.134637464635404
"2024-12-21 03:09:57.0000",5.95,86.17,2.482607126235962,3.0090879988385435,8.345025252039047
"2024-12-21 03:39:55.0000",6.57,85.56,2.231722831726074,2.62816055092469,8.085645656747307
"2024-12-21 04:10:12.0000",6.66,85.2,1.6490089893341064,2.2651488421003014,5.186939998799239
"2024-12-21 04:39:49.0000",6.6,85.1,1.8431832790374756,2.441553627368116,8.817705843440038
"2024-12-21 05:09:58.0000",6.69,85.38,1.6291882991790771,2.433576391584803,7.679897179119939
"2024-12-21 05:39:50.0000",6.9,85.36,1.0826680660247803,1.9704758695938258,4.419971474930267
"2024-12-21 06:10:00.0000",7.09,85.31,1.0405511856079102,1.8829691696457171,6.657207441216194
"2024-12-21 06:39:51.0000",7.19,85.46,0.3722502291202545,1.1141956055579523,4.916157394967709
"2024-12-21 07:09:49.0000",7.71,85.59,0.39466649293899536,1.2818474075338755,5.274589009301074
"2024-12-21 07:39:46.0000",8.48,85.4,0.9313116073608398,1.5398407606324083,6.297021144219872
"2024-12-21 08:09:39.0000",8.87,85.29,1.4868654012680054,1.9652289935316278,8.605898783008154
"2024-12-21 09:09:45.0000",9.3,85.66,2.734340190887451,3.3694614113054575,12.373576670193913
"2024-12-21 09:39:37.0000",9.18,85.55,1.9102749824523926,2.3949069035960293,8.20624067587118
"2024-12-21 10:09:32.0000",9.3,86.05,0.5609546303749084,1.191167181643002,5.6612321311311735
"2024-12-21 10:39:28.0000",9.27,86.14,0.5252045392990112,1.1131795535095195,5.391540549263327
"2024-12-21 11:09:51.0000",9.35,86.05,4.982452869415283,4.847036388423247,13.276464379686004
"2024-12-21 11:39:37.0000",10.9,82.45,7.049151420593262,5.8430207089648825,20.10709745843661
"2024-12-21 12:09:24.0000",10.02,84.57,8.182954788208008,7.687010564330865,21.005657213939752
"2024-12-21 12:39:23.0000",9.81,84.03,10.19760799407959,9.850928427549775,23.139019902226757
"2024-12-21 13:09:33.0000",8.7,84.87,10.18886947631836,9.42503072449182,24.189602503200426
"2024-12-21 13:39:19.0000",9.16,84.27,10.11794376373291,9.171681425052297,32.86522343383018
"2024-12-21 14:09:12.0000",8.98,83.66,8.125826835632324,7.917072908336513,23.819084452983798
"2024-12-21 14:39:18.0000",8.6,83.41,8.418098449707031,7.424169727651371,21.718334585616823
"2024-12-21 15:09:15.0000",8.4,83.24,7.498116970062256,6.442373980201173,20.060416956055224
"2024-12-21 15:39:00.0000",7.19,82.7,5.660761833190918,5.73409939705031,13.62784824455516
"2024-12-21 16:08:56.0000",7.19,83.01,2.9335429668426514,3.2038815936415754,10.978732112072425
"2024-12-21 16:39:04.0000",7.2,83.14,16.640422821044922,4.276100693211776,10.850027211651469
"2024-12-21 17:08:56.0000",6.98,82.91,13.690424919128418,4.917521163011585,14.208742786397886
"2024-12-21 17:38:55.0000",7.19,82.83,27.704668045043945,4.784358115009746,12.613191337451488
"2024-12-21 18:09:10.0000",6.87,82.78,8.619750022888184,4.753406514228385,14.853150607657527
"2024-12-21 18:38:58.0000",7.22,81.99,16.615816116333008,3.4467888538417024,9.354568592335156
"2024-12-21 19:08:45.0000",5.91,82.08,2.767345666885376,3.1768371431198896,7.254593532885387
"2024-12-21 19:38:40.0000",4.5,82.77,3.159541368484497,3.4457496755989183,6.207825109650939
"2024-12-21 20:08:39.0000",4.01,83.92,4.448919773101807,4.0638067515671565,12.132958349333748
"2024-12-21 20:38:33.0000",4.86,84.08,3.980309247970581,4.222834661826248,8.1970418237309
"2024-12-21 21:08:28.0000",5.28,83.74,3.5164873600006104,3.7816003241809057,8.908639154712452
"2024-12-21 21:38:32.0000",5.46,83.79,3.4794716835021973,4.047522641541773,11.59962861114843
"2024-12-21 22:38:29.0000",5.23,83.56,5.205027103424072,5.176239272816309,16.8025325307278
"2024-12-21 23:08:25.0000",5.2,84.07,3.9741084575653076,4.187451747355747,13.194462756251816
"2024-12-21 23:38:15.0000",5.22,84.18,4.7102952003479,4.4723338066904486,12.893612036174636
"2024-12-22 00:08:17.0000",4.35,83.71,4.240776062011719,4.337486211112558,9.061603553014876
"2024-12-22 00:38:12.0000",4.13,84.3,2.286201238632202,2.52359061048291,10.351158418996553
"2024-12-22 01:08:10.0000",3.38,84.7,1.29668128490448,1.876022475984767,6.34411708922205
"2024-12-22 01:38:07.0000",3.45,85.09,1.820045828819275,2.340333065408028,9.25987328411383
"2024-12-22 02:08:08.0000",4.12,84.71,2.177211284637451,2.602069225451881,11.542609697971004
"2024-12-22 02:38:01.0000",4.45,83.98,2.8257787227630615,3.092504967534633,9.123177659596648
"2024-12-22 03:07:59.0000",4.23,83.9,4.547658920288086,4.609140116435332,15.915476054671256
"2024-12-22 03:38:03.0000",4.15,83.6,3.7348473072052,3.9918895016502156,13.126327863114005
"2024-12-22 04:08:04.0000",3.24,82.2,2.230736494064331,2.659850782211791,6.125002990472188
"2024-12-22 04:37:56.0000",2.2,85.11,3.24088454246521,3.7800450659082703,9.96695096122573
"2024-12-22 05:07:49.0000",2.95,84.57,3.404409646987915,3.7650392897781613,12.76489806910768
"2024-12-22 05:37:43.0000",3.25,83.71,3.1995246410369873,3.5263263833453,7.6211781590418495
"2024-12-22 06:07:42.0000",3.49,84.97,4.659124374389648,5.004987555622333,13.861227987151775
"2024-12-22 06:37:41.0000",3.63,85.04,3.815969944000244,4.602412980507667,9.671508090943806
"2024-12-22 07:07:35.0000",3.37,84.25,3.5561795234680176,3.780209444859328,9.383418569379815
"2024-12-22 07:37:38.0000",2.14,84.62,1.685388445854187,2.271656881893789,6.3950600980539285
"2024-12-22 08:07:29.0000",2.48,86.27,2.7934062480926514,3.180556650942498,14.118006653545677
"2024-12-22 09:07:32.0000",3.55,85.97,2.5412790775299072,3.271591489074132,10.108830818809194
"2024-12-22 09:37:31.0000",4.06,85.97,3.0590484142303467,3.721848838160876,10.366600952470764
"2024-12-22 10:07:31.0000",3.75,86.29,3.3577828407287598,3.7778471599503174,11.290123771810741
"2024-12-22 11:07:26.0000",4.39,85.17,4.354445457458496,4.673937809575934,11.431742678769966
"2024-12-22 12:37:18.0000",4.53,86.21,2.71022629737854,3.2215592942693894,3.9378805255630405
"2024-12-22 13:07:12.0000",4.31,87.18,3.467768907546997,4.01674212328331,12.451421371279457
"2024-12-22 13:37:17.0000",4.53,87.13,4.839401721954346,4.868735369276636,5.140204828875487
"2024-12-22 14:07:14.0000",5.96,87.13,6.4154582023620605,5.76305762401759,7.316592487288418
"2024-12-22 14:37:07.0000",5.3,86.9,4.881159782409668,4.424285426677893,11.180224583640431
"2024-12-22 15:37:15.0000",6.22,86.78,7.43682336807251,6.866737224249231,15.208376908977463
"2024-12-22 16:07:16.0000",7.18,83.35,7.790175914764404,6.753670085231739,23.224199337374998
"2024-12-22 16:37:02.0000",6.2,86.01,13.2941255569458,10.725434808456523,28.02824115778244
"2024-12-22 17:06:59.0000",6.42,84.53,11.540852546691895,9.962315888378729,27.20143265276647
"2024-12-22 17:36:54.0000",6.46,83.23,9.691454887390137,7.990710182856761,17.920927661265754
"2024-12-22 18:07:01.0000",6.06,82.22,9.880895614624023,8.247245709255736,19.597672208947696
"2024-12-22 18:36:51.0000",5.96,80.93,9.751699447631836,8.783264250772962,24.20424214882406
"2024-12-22 19:06:55.0000",5.83,79.29,7.478817939758301,6.661417314251585,15.562637687813274
"2024-12-22 19:36:56.0000",5.86,77.38,9.34200668334961,7.623302718341076,24.466934250714928
"2024-12-22 20:06:49.0000",5.9,76.53,8.393550872802734,6.661281787936223,22.06014715703105
"2024-12-22 20:36:46.0000",6,76.46,7.747220516204834,6.961996626946229,17.9043626790691
"2024-12-22 21:36:40.0000",6.06,73.74,8.708312034606934,6.708422764889363,17.244790596705982
"2024-12-22 22:06:41.0000",5.82,74.84,7.160996437072754,6.240886463296333,18.62696509210765
"2024-12-22 22:36:31.0000",5.86,75.18,7.665435791015625,6.769237360749971,17.003529129433087
"2024-12-22 23:06:38.0000",5.73,75.16,6.669354438781738,6.051012487863908,16.421831068275427
"2024-12-22 23:36:34.0000",5.67,74.74,6.498495101928711,5.735329482062063,16.1153198737656
"2024-12-23 00:06:25.0000",5.62,72.79,5.293739318847656,4.37330795159079,13.131690426382962
"2024-12-23 00:36:25.0000",5.42,70.81,4.836084842681885,4.210161644577479,13.895885051865381
"2024-12-23 01:06:22.0000",5.39,69.98,5.391347885131836,5.137408617102236,13.313348395742048
"2024-12-23 01:36:26.0000",5.15,70.29,6.464232921600342,5.251522864896792,14.426402566391443
"2024-12-23 02:06:20.0000",5.11,70.82,5.409341812133789,4.658033395302894,15.743961426228896
"2024-12-23 02:36:16.0000",5.05,71.55,5.472362041473389,4.742469341024842,13.560383421874779
"2024-12-23 03:06:09.0000",5.07,72.39,5.473522663116455,5.455191759965287,11.777025004566934
"2024-12-23 03:36:16.0000",5,73.69,4.615463733673096,4.760107653654266,15.13339448767386
"2024-12-23 04:06:04.0000",4.86,74.17,4.116379737854004,3.931044495953864,8.743013135782723
"2024-12-23 04:36:16.0000",4.47,75.39,4.170575141906738,4.378018795101932,12.352047295894886
"2024-12-23 05:06:06.0000",5.03,75.37,3.482222080230713,3.396172659429145,12.45275727878083
"2024-12-23 05:35:56.0000",4.46,75.85,3.6669909954071045,3.658296309736036,7.794609189159413
"2024-12-23 06:05:53.0000",4.15,76.56,3.7421138286590576,4.180240704260398,11.379063469018266
"2024-12-23 06:35:55.0000",4.28,76.87,3.007272958755493,3.4288149505261227,8.102382965286097
"2024-12-23 07:06:00.0000",4.44,77.08,2.816671848297119,2.9644966164175584,9.281793041953447
"2024-12-23 07:35:52.0000",4.78,77.16,2.2580041885375977,2.6760562880684122,6.385727961420226
"2024-12-23 08:05:49.0000",4.76,77.31,2.576218605041504,3.002681547209324,8.787598654246377
"2024-12-23 08:35:46.0000",4.61,77.58,2.643099784851074,3.01722235651412,6.820752194872246
"2024-12-23 09:05:41.0000",4.84,78.01,3.6476948261260986,3.2317351504792917,6.52180031448794
"2024-12-23 09:35:47.0000",5.85,78.05,3.0579607486724854,2.873349100075984,10.115917469445066
"2024-12-23 10:05:44.0000",6.05,77.6,2.935659170150757,3.176414835710935,8.238747645093405
"2024-12-23 10:35:37.0000",6.52,77.72,2.9500181674957275,3.477019235960717,9.57156501857948
"2024-12-23 11:05:47.0000",6.9,77.67,3.163642406463623,3.8157664206991946,7.546750365864647
"2024-12-23 11:35:42.0000",7.19,77.85,2.7570948600769043,2.8111276364546995,9.94894585092975
"2024-12-23 12:35:40.0000",7.85,77.42,2.555280923843384,2.878427748504657,7.394851809265534
"2024-12-23 13:05:30.0000",7.49,77.66,1.8895933628082275,2.0929787517781233,4.391974654942126
"2024-12-23 13:35:31.0000",8.12,77.9,1.51884925365448,2.0193677529082,7.117748239724448
"2024-12-23 14:05:23.0000",7.54,77.44,2.003964424133301,2.56294146546603,8.725029914874451
"2024-12-23 14:35:20.0000",7.07,77.87,1.5198817253112793,2.124462784270346,8.064977039180231
"2024-12-23 15:05:16.0000",6.89,78.07,1.6749927997589111,1.9196399538480813,7.032920909164277
"2024-12-23 15:35:14.0000",6.61,78.32,1.2217055559158325,1.7733501244793732,6.356615024136557
"2024-12-23 16:05:13.0000",6.04,78.7,0.8738855123519897,1.3476323574142803,4.888676642620408
"2024-12-23 16:35:03.0000",5.75,79.11,1.868818759918213,1.7920167073385527,6.677718334319656
"2024-12-23 17:05:05.0000",5.52,79.55,3.269465208053589,2.5046481055988816,6.062948475684869
"2024-12-23 17:35:08.0000",5.48,79.98,9.634245872497559,3.969156259314183,8.270684680316375
"2024-12-23 18:04:59.0000",5.62,80.34,16.466691970825195,6.191053323633136,9.74087352018426
"2024-12-23 18:34:57.0000",5.72,80.7,58.8945198059082,24.32212008968176,24.38125320724997
"2024-12-23 19:05:02.0000",6.04,80.93,33.45386505126953,13.628016987062212,17.833998367001627
"2024-12-23 19:34:58.0000",6.31,81.08,49.45067596435547,21.532824634520775,27.314288860472576
"2024-12-23 20:04:57.0000",7.05,81.41,16.86172103881836,7.517446421917935,9.840106361909301
"2024-12-23 20:34:55.0000",8.75,81.02,8.494466781616211,4.0614836503051,6.702181475430057
"2024-12-23 21:04:55.0000",9.25,81.56,15.038904190063477,7.515152749319505,7.877208955565473
"2024-12-23 21:34:52.0000",9.52,82.08,24.90758514404297,11.131944600272394,8.091913142303877
"2024-12-23 22:05:02.0000",9.72,82.38,19.564746856689453,8.876384701211641,11.423048034652993
"2024-12-23 22:35:03.0000",9.8,82.58,17.98177719116211,7.323930829522606,8.756665195210738
"2024-12-23 23:04:46.0000",9.82,82.93,26.422935485839844,11.47756619820308,11.03959712952741
"2024-12-23 23:34:43.0000",9.91,83.26,29.577375411987305,13.423090913583724,14.945138820792666
"2024-12-24 00:04:44.0000",9.84,83.63,23.358652114868164,11.16095963631368,16.66526549182378
"2024-12-24 00:34:45.0000",10.19,84.33,22.73773765563965,10.879052741733686,13.645490884946657
"2024-12-24 01:04:42.0000",10.3,85.27,23.80223274230957,12.153110693658938,17.92083161870855
"2024-12-24 01:34:31.0000",10.32,85.57,24.15593910217285,10.929674892243499,14.43690677381955
"2024-12-24 02:04:38.0000",10.24,86.01,21.72907066345215,9.664465336468943,10.677993191764731
"2024-12-24 02:34:33.0000",10.33,86.4,16.910919189453125,6.943192953555487,6.835369630443195
"2024-12-24 03:04:30.0000",10.42,86.6,13.036565780639648,4.805113706645873,7.577310113987239
"2024-12-24 03:34:27.0000",10.4,86.77,8.187899589538574,3.0300144295898854,6.280047698677117
"2024-12-24 04:04:23.0000",10.48,87.19,6.186282157897949,2.34832822000821,5.636173688581083
"2024-12-24 04:34:23.0000",10.74,87.35,4.9563727378845215,2.075019014433341,4.963203074093976
"2024-12-24 05:04:19.0000",10.84,87.48,4.362773895263672,1.9070042155272788,7.040898268141998
"2024-12-24 05:34:15.0000",10.92,87.66,1.6190861463546753,1.4035712556359752,5.188223150773918
"2024-12-24 06:04:25.0000",11.17,87.85,1.2684407234191895,1.2314557729895208,4.563010009756896
"2024-12-24 06:34:19.0000",11.41,87.71,1.1756930351257324,1.2498656176333915,4.908134047449008
"2024-12-24 07:04:12.0000",11.38,87.81,2.2833566665649414,1.3849109721786217,4.091085267024554
"2024-12-24 07:34:21.0000",11.34,87.85,2.8491768836975098,1.4986927805149572,4.315347510014775
"2024-12-24 08:04:12.0000",11.07,87.79,2.1735949516296387,1.651031686852865,6.323989349440541
"2024-12-24 08:34:09.0000",11.02,88.08,2.13138484954834,1.4629169893922873,6.095314126684772
"2024-12-24 09:04:13.0000",10.86,88.22,2.330676317214966,1.5429659411133314,6.473141046727704
"2024-12-24 09:34:03.0000",11.05,88.65,1.477109432220459,1.2643686296037289,4.991627091583913
"2024-12-24 10:04:09.0000",11.27,88.79,1.386204719543457,1.3848584542111073,5.853712045698833
"2024-12-24 10:34:00.0000",12.12,88.34,1.1446284055709839,1.2156871672642553,5.645815411634211
"2024-12-24 11:03:58.0000",13.45,87.93,0.620388925075531,0.9691007940692751,5.3308946568076845
"2024-12-24 11:34:12.0000",16.81,85.03,0.4296550154685974,1.0604115910223677,5.186841104661931
"2024-12-24 12:04:08.0000",15.09,84.28,0.3180806636810303,0.9986535196746754,5.114095638493557
"2024-12-24 12:34:00.0000",13.99,86.56,0.39144405722618103,1.047225893037989,5.193744247504589
"2024-12-24 13:03:59.0000",13.72,86.75,0.3570510447025299,0.9980248578371725,5.472694744178735
"2024-12-24 13:33:50.0000",13.21,86.81,0.3548566997051239,1.0106643530914667,4.7053522355156
"2024-12-24 14:03:49.0000",12.79,86.86,0.695515513420105,1.164397394939489,5.054830094878885
"2024-12-24 14:33:45.0000",12.31,86.72,0.5891826748847961,1.1320831456998037,5.377181270707985
"2024-12-24 15:03:41.0000",11.52,86.81,1.344032883644104,1.2923279179535885,5.523848327801242
"2024-12-24 15:33:33.0000",10.34,86.89,1.988777995109558,1.4686805383590085,4.8555760750858585
"2024-12-24 16:03:28.0000",9.48,87.35,3.247565269470215,1.96371515348345,6.646031566918738
"2024-12-24 16:33:26.0000",8.83,87.64,6.4131245613098145,2.774356111957862,8.709924887547642
"2024-12-24 17:03:23.0000",8.42,87.62,10.114511489868164,4.044182056944162,8.525601669109426
"2024-12-24 17:33:22.0000",7.95,87.61,19.96419906616211,6.991687227366734,10.483388690956044
"2024-12-24 18:03:19.0000",7.51,87.78,19.434986114501953,7.310377598624769,11.33276710537949
"2024-12-24 18:33:10.0000",7.24,87.59,35.48335647583008,13.058469216040308,12.220051571972565
"2024-12-24 19:03:07.0000",6.69,87.9,37.03767395019531,13.857667452320317,13.736961246671504
"2024-12-24 19:33:08.0000",6.73,87.83,33.13846206665039,13.018924897143208,15.626586448562511
"2024-12-24 20:03:08.0000",6.58,87.68,42.9599609375,17.050086462806878,20.109339361161926
"2024-12-24 20:32:58.0000",6.14,87.96,40.82683181762695,16.2398930532633,19.861163623042767
"2024-12-24 21:02:55.0000",5.74,87.92,37.311710357666016,15.59260083864416,18.851359932570077
"2024-12-24 21:33:03.0000",5.46,88.38,64.9815673828125,28.19375266643792,37.973216388488524
"2024-12-24 22:02:50.0000",4.93,88.31,76.71243286132812,32.74607364600088,40.191588498218785
"2024-12-24 22:32:41.0000",4.58,88.47,75.69657897949219,33.396091251270796,41.550394325847485
"2024-12-24 23:02:42.0000",4.33,88.35,56.13631057739258,24.765958607536156,31.138964715180823
"2024-12-24 23:32:43.0000",4.27,88.59,76.6707763671875,37.78111638829281,47.45328024979755
"2024-12-25 00:02:37.0000",4.34,88.25,73.10198211669922,31.418332187330357,40.55471087885821
"2024-12-25 00:32:29.0000",3.71,88.61,95.38666534423828,45.711705614343664,60.14381952274831
"2024-12-25 01:02:31.0000",3.32,88.53,71.44922637939453,31.446340686012917,39.03373149824516
"2024-12-25 01:32:25.0000",3.79,89.08,95.3692626953125,55.25020893254166,65.17487433156981
"2024-12-25 02:02:28.0000",3.64,88.31,71.46294403076172,46.00457196610884,71.15119304575494
"2024-12-25 02:32:20.0000",3.22,88.51,71.7173843383789,47.05448440627452,64.85676801706218
"2024-12-25 03:02:26.0000",2.82,88.59,49.64314270019531,31.45313786655381,40.433572589994895
"2024-12-25 03:32:16.0000",2.11,88.89,43.33070373535156,27.717255161830487,51.575550375928636
"2024-12-25 04:02:10.0000",2.11,88.98,41.483428955078125,28.670737045053087,-3.1340017615722116
"2024-12-25 04:32:11.0000",2.28,88.9,43.48459243774414,25.967699192496923,51.5784579202215
"2024-12-25 05:02:11.0000",2.25,88.83,41.094818115234375,26.945238032656665,86.67716491951705
"2024-12-25 05:32:07.0000",2.21,89.08,38.018131256103516,25.163039754668592,85.13235504574912
"2024-12-25 06:02:04.0000",2.35,88.93,33.4866828918457,26.276805945778136,73.6585372702047
"2024-12-25 06:32:00.0000",2.68,89.01,36.84484100341797,28.606169997819944,71.80125726704654
"2024-12-25 07:02:02.0000",2.8,88.84,39.67038345336914,28.977888510590343,66.52537473771355
"2024-12-25 07:31:59.0000",3.46,88.92,50.019832611083984,34.87790984089736,82.19699811603815
"2024-12-25 08:01:58.0000",3.78,88.91,56.585304260253906,35.85788138049421,72.96485722130632
"2024-12-25 08:31:55.0000",3.76,88.9,50.707462310791016,30.64587960993681,57.32585919272194
"2024-12-25 09:01:53.0000",4.06,88.9,57.32584762573242,34.479119449836496,69.68894536355727
"2024-12-25 09:31:54.0000",4.59,89.26,54.47499465942383,27.46384477042046,44.16052689232016
"2024-12-25 10:01:50.0000",5.68,88.88,29.055450439453125,14.871080981031763,27.62892852856425
"2024-12-25 10:31:47.0000",6.48,88.65,38.333038330078125,16.94110589526163,25.48843999842524
"2024-12-25 11:01:54.0000",6.12,88.7,31.87023162841797,13.706229485127702,19.52873270208042
"2024-12-25 11:31:42.0000",6.29,89.59,50.067806243896484,19.95383881245825,26.081658482160744
"2024-12-25 12:01:47.0000",7.21,89.56,37.207881927490234,14.50721256922875,18.73243533698169
"2024-12-25 12:31:52.0000",7.96,90.73,27.402681350708008,9.781502443488804,12.149277275593974
"2024-12-25 13:01:53.0000",13.08,82.04,7.387390613555908,2.9875263173830864,6.130062270533599
"2024-12-25 13:31:45.0000",14.1,83.26,3.3305752277374268,1.8481203527555417,5.793028607137232
"2024-12-25 14:01:48.0000",14.03,80.33,4.295538902282715,2.1502156718785934,5.297474946535502
"2024-12-25 14:31:52.0000",13.9,81.44,2.384971857070923,1.3897482353099848,5.266035811900462
"2024-12-25 15:01:37.0000",9.75,85.76,4.512470245361328,1.9034625503188451,6.506636879294891
"2024-12-25 15:31:29.0000",8.13,89.73,11.027830123901367,3.59239084929026,6.894957520330833
"2024-12-25 16:01:27.0000",7.38,91.01,16.970508575439453,5.886504178653002,7.756909474587101
"2024-12-25 16:31:22.0000",6.63,91.32,24.25124740600586,8.209950557222921,10.414817125948774
"2024-12-25 17:01:20.0000",6.32,91.59,42.03372573852539,14.692617723331535,17.203016456883315
"2024-12-25 17:31:18.0000",6.3,91.79,34.86659240722656,12.214433519865556,14.83615801711461
"2024-12-25 18:01:15.0000",6.25,91.62,43.91597366333008,14.975846742337549,16.933445691314514
"2024-12-25 18:31:11.0000",6.26,91.28,54.64134979248047,19.565504048039905,21.31546105699627
"2024-12-25 19:01:09.0000",6.15,90.37,60.79574966430664,21.57334944091921,24.68940520736122
"2024-12-25 19:31:07.0000",5.48,90.26,71.11978149414062,26.522547803160183,31.059411376225974
"2024-12-25 20:01:06.0000",5.46,90.67,68.4219741821289,25.781848249408696,29.873409497387218
"2024-12-25 20:31:02.0000",5.23,90.41,91.8980712890625,34.01294897841349,45.65465396842689
"2024-12-25 21:00:59.0000",5.08,89.95,88.88995361328125,34.78587442701921,40.433392069373596
"2024-12-25 21:30:56.0000",4.65,90.02,143.51023864746094,52.490355261827894,55.501146201218994
"2024-12-25 22:00:59.0000",4.57,90.05,70.89794158935547,31.273289876350976,45.194498041677875
"2024-12-25 22:30:50.0000",4.47,90,68.58821868896484,27.261653690056182,36.491958011058564
"2024-12-25 23:00:50.0000",4.53,90.2,55.049476623535156,21.728806577392092,29.01788994550628
"2024-12-25 23:30:44.0000",4.19,90.11,89.1981201171875,49.815246712927156,70.61372932431236
"2024-12-26 00:00:42.0000",3.92,89.84,55.1103630065918,21.755224600958783,29.28215626555832
"2024-12-26 00:30:39.0000",3.33,90.02,58.61787796020508,23.23795340551855,35.97701876312895
"2024-12-26 01:00:30.0000",3.1,90.18,62.030765533447266,25.604065049593054,37.88025227637952
"2024-12-26 01:30:32.0000",2.85,90.06,62.05063247680664,24.68335679828035,30.850144429510998
"2024-12-26 02:01:23.0000",2.93,90.43,62.08216094970703,25.193022890766436,30.433256719695933
"2024-12-26 02:30:27.0000",2.65,89.52,62.34843444824219,26.3815810009586,33.20181169525043
"2024-12-26 03:00:26.0000",2.1,90.08,59.68437957763672,25.120654133337204,35.805588811608445
"2024-12-26 03:30:21.0000",2.4,90.06,61.4969482421875,27.235663669545833,40.197752201307296
"2024-12-26 04:00:19.0000",2.37,90.05,59.6690673828125,25.757799718309467,39.376414377605755
"2024-12-26 04:30:14.0000",2.7,90.19,64.03771209716797,37.846186611953634,47.01415022296259
"2024-12-26 05:00:13.0000",2.69,89.89,63.12163543701172,29.355903262170116,46.8688078692697
"2024-12-26 05:30:10.0000",2.48,89.96,58.14336013793945,29.042700927835615,43.25071918376236
"2024-12-26 06:00:07.0000",2.23,90.12,64.23561096191406,32.00604535899209,43.24028027406153
"2024-12-26 06:59:59.0000",2.1,89.85,77.57508850097656,60.00672894725408,136.74675174894074
"2024-12-26 07:29:57.0000",2.11,89.92,59.86124801635742,44.744023751198704,62.72635545534157
"2024-12-26 07:59:59.0000",2.13,90,63.763240814208984,48.442534410094474,109.74308445024724
"2024-12-26 08:29:53.0000",2.48,90.21,52.7873649597168,39.03766295167017,77.36054024585381
"2024-12-26 08:59:53.0000",3.09,90.22,45.52405548095703,34.99117351990854,4.9895686927163565
"2024-12-26 09:30:02.0000",3.91,89.97,41.90421676635742,34.773988126924536,39.63129102161315
"2024-12-26 09:59:54.0000",4.02,89.78,23.339380264282227,19.09767625114231,17.621170180737767
"2024-12-26 10:29:55.0000",4.37,90.04,26.632253646850586,22.534911498663732,-18.481997977517327
"2024-12-26 10:59:51.0000",4.88,89.96,32.66006851196289,27.0108818016607,30.70125790381928
"2024-12-26 11:29:45.0000",5.35,89.99,48.208580017089844,41.33715418860711,61.438041728802894
"2024-12-26 11:59:43.0000",5.54,89.94,183.90565490722656,127.40949648347348,292.75282324724265
"2024-12-26 12:29:43.0000",5.59,90.17,79.88945770263672,62.37596979645744,151.06469562646308
"2024-12-26 12:59:42.0000",5.47,89.96,57.83334732055664,49.46102734829505,134.87659813507838
"2024-12-26 13:29:34.0000",5.45,90.26,33.73677062988281,25.39517801244992,-23.46175585805984
"2024-12-26 13:59:37.0000",5.43,90.17,37.3702278137207,31.739558280204918,94.70220823841834
"2024-12-26 14:29:27.0000",5.37,90.13,37.90206527709961,35.05668748059101,106.77608036377096
"2024-12-26 14:59:25.0000",5.17,90.19,53.7414665222168,37.59773832413547,86.67488925175118
"2024-12-26 15:29:20.0000",4.76,90.23,29.43968963623047,19.667134661574206,48.704704605240444
"2024-12-26 15:59:20.0000",4.42,90.35,62.59103012084961,50.39703440638064,75.92008289745434
"2024-12-26 16:29:16.0000",4.37,90.47,48.361961364746094,31.09743042855151,79.49500989662378
"2024-12-26 16:59:15.0000",4.42,90.48,63.21881103515625,42.04894020135957,126.52440782995888
"2024-12-26 17:29:11.0000",4.39,90.39,275.8994445800781,186.38806377263273,229.6994292442207
"2024-12-26 17:59:06.0000",4.34,90.45,262.72674560546875,189.88682478865866,173.6965119946823
"2024-12-26 18:29:06.0000",4.38,90.48,216.25010681152344,153.11357167907997,193.30681438988358
"2024-12-26 18:59:00.0000",4.36,90.46,281.2881774902344,193.0609659383883,292.9731565438481
"2024-12-26 19:29:00.0000",4.4,90.56,278.7416076660156,215.31048530558323,108.17347591705405
"2024-12-26 19:58:57.0000",4.44,90.56,197.19593811035156,140.22832446567762,26.4553989616755
"2024-12-26 20:28:54.0000",4.27,90.49,156.14553833007812,106.19977471907961,-38.58812795683358
"2024-12-26 20:58:53.0000",4.24,90.58,185.3250274658203,139.5915482828217,-165.86095963705566
"2024-12-26 21:28:46.0000",4.2,90.54,96.52998352050781,72.42206410970644,-153.4582977048258
"2024-12-26 21:58:43.0000",4.11,90.54,93.42953491210938,66.76683605000339,84.4098125063019
"2024-12-26 22:28:46.0000",3.88,90.55,103.49043273925781,71.91740757916438,77.47519085283675
"2024-12-26 22:58:44.0000",3.86,90.64,79.59890747070312,61.89451495390509,-65.55439127004894
"2024-12-26 23:28:39.0000",3.68,90.47,98.54912567138672,75.6339666927482,-12.565031538510315
"2024-12-26 23:58:39.0000",3.49,90.64,110.03097534179688,87.00657914725788,204.59838103421265
"2024-12-27 00:28:35.0000",3.41,90.65,80.21083068847656,61.840845137627944,2.6057787095423786
"2024-12-27 00:58:31.0000",3.4,90.65,124.87923431396484,83.9564632846903,-174.25795138154518
"2024-12-27 01:28:35.0000",3.31,90.69,109.37865447998047,82.49993219482062,90.50870275896607
"2024-12-27 01:58:28.0000",3.26,90.67,168.87355041503906,130.81231775693848,-11.766934149059168
"2024-12-27 02:28:37.0000",3.2,90.76,187.32550048828125,139.64827834191738,-81.54768153948955
"2024-12-27 02:58:29.0000",3.22,90.68,301.5640869140625,237.02986545649244,-26.819052229898322
"2024-12-27 03:28:29.0000",3.2,90.64,307.9949645996094,250.56504646395018,-144.52301488424843
"2024-12-27 03:58:19.0000",3.13,90.65,246.47413635253906,183.80631482870328,-22.4308880908432
"2024-12-27 04:28:23.0000",2.92,90.61,236.6759490966797,173.1460940833153,29.732878428216498
"2024-12-27 04:58:14.0000",2.65,90.79,175.7542266845703,131.70697817459748,-347.8687107929999
"2024-12-27 05:28:12.0000",2.4,90.96,250.170654296875,194.30819611621348,285.6872234931604
"2024-12-27 05:58:09.0000",2.22,91.14,212.58935546875,167.63983221360877,-75.58737896038357
"2024-12-27 06:28:12.0000",2.06,91.18,149.8031768798828,106.48265150131606,-16.06644599391781
"2024-12-27 06:58:05.0000",1.86,91.24,75.75447082519531,60.70948802148894,-65.15783880923223
"2024-12-27 07:28:01.0000",1.73,91.35,55.75922775268555,45.069414052522646,-200.00759496732007
"2024-12-27 07:58:00.0000",1.7,91.49,64.19551849365234,49.42177016648898,-50.43124662471625
"2024-12-27 08:27:53.0000",1.68,91.57,58.652122497558594,43.60319629970369,-8.249651640343528
"2024-12-27 08:57:53.0000",1.74,91.73,58.01138687133789,40.57827391859993,-168.82541018957446
"2024-12-27 09:27:54.0000",1.88,91.9,61.75326919555664,59.15248866171991,138.82964912891842
"2024-12-27 09:57:52.0000",2.07,91.99,62.95888137817383,61.62240063387614,201.7456651649324
"2024-12-27 10:27:42.0000",2.34,91.87,53.4305305480957,43.261652269496,3.812057359065938
"2024-12-27 10:57:44.0000",2.45,91.94,62.137874603271484,56.577561494115145,172.15949521567666
"2024-12-27 11:27:36.0000",2.63,91.93,54.7633056640625,50.210371695867025,153.41495004422376
"2024-12-27 11:57:34.0000",2.79,91.93,70.5667724609375,58.41719327980255,155.68214495271326
"2024-12-27 12:27:31.0000",2.83,91.98,71.58338165283203,64.16558165386067,161.12171016561254
"2024-12-27 12:57:28.0000",2.96,92.07,77.48851776123047,57.81383014889314,51.294262588920986
"2024-12-27 13:27:30.0000",2.99,92.08,56.71046447753906,46.038631344463795,111.12551537047352
"2024-12-27 13:57:22.0000",3.08,92.15,47.933921813964844,42.30244012971776,78.29371064045691
"2024-12-27 14:27:22.0000",3.12,92.18,42.177650451660156,34.53898307154095,93.61069920222157
"2024-12-27 14:57:18.0000",3,92.17,37.06146240234375,30.40336929994296,64.05088383845245
"2024-12-27 15:27:12.0000",2.85,92.23,46.009090423583984,44.823372176334956,57.52793253021406
"2024-12-27 15:57:20.0000",2.75,92.21,35.33323287963867,29.28730600113468,25.963115844541775
"2024-12-27 16:27:13.0000",2.68,92.39,36.15757751464844,29.691466892544813,30.049562812347208
"2024-12-27 16:57:09.0000",2.61,92.45,33.75165557861328,27.367612238778833,-90.55028712156808
"2024-12-27 17:27:06.0000",2.46,92.54,67.25151062011719,53.411652205160856,-136.24774021748277
"2024-12-27 17:57:05.0000",2.47,92.75,73.72357940673828,54.01096010536236,37.156571637327644
"2024-12-27 18:27:02.0000",2.34,92.83,67.63711547851562,56.563093198146895,94.17069637899914
"2024-12-27 18:56:57.0000",2.2,92.94,48.951168060302734,38.424464844063365,56.82481780243082
"2024-12-27 19:26:54.0000",2.19,93.01,48.5132942199707,38.93155573120224,96.89045774826619
"2024-12-27 19:56:57.0000",2.15,93.18,79.82920837402344,66.1316906743357,156.20722894313587
"2024-12-27 20:26:49.0000",2.2,93.16,251.9203338623047,186.20934943976982,260.84362194837774
"2024-12-27 20:56:51.0000",2.2,93.3,78.42242431640625,66.06477871538613,152.45858091695965
"2024-12-27 21:26:50.0000",2.27,93.29,69.74703979492188,57.14012110967611,116.71966949259406
"2024-12-27 21:56:46.0000",2.29,93.34,67.61695861816406,56.90418230570356,115.68915448281103
"2024-12-27 22:26:45.0000",2.28,93.32,75.43394470214844,65.13109296125545,130.9339339487018
"2024-12-27 22:56:41.0000",2.26,93.34,80.12522888183594,80.89553337951914,181.8867506485142
"2024-12-27 23:26:38.0000",2.23,93.4,70.66293334960938,61.68999432892865,147.3709677161982
"2024-12-27 23:56:37.0000",2.22,93.53,85.06632232666016,81.0178384810814,232.18352126024882
"2024-12-28 00:26:31.0000",2.27,93.54,91.9881591796875,85.45763732428345,235.49073936737113
"2024-12-28 00:56:30.0000",2.25,93.56,80.74571990966797,80.88000826632766,163.33424780071664
"2024-12-28 01:26:34.0000",2.25,93.69,85.75418853759766,89.67286058808112,262.05707171432294
"2024-12-28 01:56:30.0000",2.32,93.65,106.8454360961914,103.06848974803941,296.982060162531
"2024-12-28 02:26:26.0000",2.39,93.75,90.72794342041016,92.30987186543462,245.27759266101282
"2024-12-28 02:56:30.0000",2.51,93.88,76.24597930908203,73.5034057945791,169.5797697401175
"2024-12-28 03:26:22.0000",2.64,93.77,60.470130920410156,56.33730340277568,120.37941551780496
"2024-12-28 03:56:32.0000",2.69,93.83,58.2419548034668,56.290495278930955,113.1201955957425
"2024-12-28 04:26:26.0000",2.77,93.68,69.35932922363281,73.10733680306242,150.85608116292948
"2024-12-28 04:56:24.0000",2.84,93.81,63.553321838378906,63.795568344003975,140.9967657899378
"2024-12-28 05:26:09.0000",2.95,93.83,70.18936920166016,70.84017999290273,151.80748357021503
"2024-12-28 05:56:16.0000",3.02,93.93,72.52750396728516,69.50533519297531,141.35494736942437
"2024-12-28 06:26:09.0000",3.11,93.94,78.78997039794922,75.00849014969914,169.82125898403413
"2024-12-28 06:56:06.0000",3.14,93.91,68.15189361572266,61.49309382668021,130.89655044880996
"2024-12-28 07:26:03.0000",3.19,94.03,69.37373352050781,59.611068219166086,138.34657068307038
"2024-12-28 07:55:58.0000",3.28,94.07,70.24263000488281,60.85469366564443,132.61232148516564
"2024-12-28 08:25:58.0000",3.38,94.16,69.0030517578125,58.24376539456582,130.958076030114
"2024-12-28 08:55:55.0000",3.5,94.19,73.53152465820312,63.440527238885544,132.52672979760595
"2024-12-28 09:25:50.0000",3.69,94.21,71.51045989990234,63.555259736018314,133.98119519808705
"2024-12-28 09:55:48.0000",4.01,94.16,76.1942367553711,68.66977547334746,162.04874062632518
"2024-12-28 10:25:52.0000",4.38,94.18,77.927978515625,70.41901118733139,147.26426952556633
"2024-12-28 10:55:48.0000",4.81,93.81,65.92620086669922,54.677164451799264,97.6099383000105
"2024-12-28 11:25:43.0000",5.14,93.82,70.96118927001953,63.17562626923264,126.15301037176178
"2024-12-28 11:55:42.0000",5.5,94.03,80.21302795410156,67.44414516076547,136.8454205330643
"2024-12-28 12:25:38.0000",5.78,93.95,82.34156799316406,68.93535107053413,132.09810757452615
"2024-12-28 12:55:34.0000",6.33,93.88,72.39215087890625,57.28010065391044,98.96673614633104
"2024-12-28 13:25:32.0000",6.55,93.83,56.34832763671875,38.20093210102844,54.62609358078714
"2024-12-28 13:55:33.0000",6.68,93.97,61.07094192504883,40.91706347657398,64.18513067884969
"2024-12-28 14:25:29.0000",6.77,94.06,42.64036178588867,23.195987231327916,33.17802112296372
"2024-12-28 14:55:28.0000",6.68,94.18,36.113739013671875,16.629817497583737,24.184774576554368
"2024-12-28 15:25:25.0000",6.63,94.25,29.8616886138916,12.794422768575421,17.418669640095796
"2024-12-28 15:55:22.0000",6.51,94.26,26.55858612060547,11.335544214922837,16.31314894251537
"2024-12-28 16:25:20.0000",6.39,94.37,32.2050895690918,13.812375653477098,19.671770370673034
"2024-12-28 16:55:20.0000",6.39,94.55,31.886648178100586,12.791556972285438,18.396214999152726
"2024-12-28 17:25:18.0000",6.25,94.26,27.517988204956055,11.44458769349785,16.31882463691922
"2024-12-28 17:55:13.0000",5.08,93.32,17.978361129760742,7.569120464346683,11.517926214106392
"2024-12-28 18:25:08.0000",4.14,93.37,17.00232696533203,6.612371613108513,10.210411081648424
"2024-12-28 18:55:05.0000",4.58,95.17,15.278779983520508,5.416978344001139,8.77531095366231
"2024-12-28 19:25:03.0000",5,95.05,16.68808937072754,6.272298195761048,8.738085466121907
"2024-12-28 19:54:59.0000",5.1,95.13,16.206701278686523,6.286415690719549,9.641882346761442
"2024-12-28 20:24:59.0000",5.18,95.21,16.743175506591797,5.903371463484393,8.218262007367796
"2024-12-28 20:54:53.0000",5.35,95.22,19.996667861938477,6.671096432339702,9.815964032728688
"2024-12-28 21:24:58.0000",5.47,95.12,0.003503913525491953,0.8912782395605745,4.623974006410539
"2024-12-28 21:54:53.0000",5.45,94.93,17.442663192749023,6.069905037417646,9.007484374358985
"2024-12-28 22:24:55.0000",5.5,94.93,17.563831329345703,5.8002799998125925,9.26506529719981
"2024-12-28 22:54:47.0000",5.53,94.93,15.588134765625,5.249363513767092,8.41024207055547
"2024-12-28 23:24:46.0000",5.54,94.92,15.459753036499023,5.317609159568504,8.761430328457633
"2024-12-28 23:54:36.0000",5.36,94.59,15.778899192810059,5.667229689913305,8.801448056590525
"2024-12-29 00:24:38.0000",5.36,95.23,9.747952461242676,3.7687119868021206,5.999461558069014
"2024-12-29 00:54:37.0000",5.2,94.75,6.798816204071045,2.8322881930862067,6.702659940345339
"2024-12-29 01:24:33.0000",5.96,95.45,1.0399653911590576,1.1296465287222153,4.429167028370243
"2024-12-29 01:54:33.0000",6.38,95.08,0.9353631138801575,1.1937943950241077,5.243103029642343
"2024-12-29 02:24:27.0000",6.42,94.87,1.0365991592407227,1.215033679150567,4.94070348073914
"2024-12-29 02:54:31.0000",6.3,95.06,1.261159062385559,1.222947954291577,4.769914124422568
"2024-12-29 03:24:22.0000",6.58,95.3,2.641521692276001,1.5581994118339009,4.471339679330628
"2024-12-29 03:54:23.0000",7.09,95.18,4.628445148468018,2.1675661847335457,5.787737404787628
"2024-12-29 04:24:21.0000",7.12,95.03,5.3305511474609375,2.3643966738232938,8.75032487427991
"2024-12-29 04:54:23.0000",6.98,94.9,6.144501686096191,2.675526656326112,5.11319040503455
"2024-12-29 05:24:17.0000",6.55,94.9,3.9787075519561768,2.0112447935838356,6.792235870225003
"2024-12-29 05:54:24.0000",6.02,95.16,3.7905616760253906,2.221018808662077,7.0493823442494525
"2024-12-29 06:24:08.0000",5.43,94.57,2.608286142349243,2.1082791253611095,4.518104272829087
"2024-12-29 06:54:01.0000",4.9,94.47,50.65545654296875,1.8976338968079918,4.374233299032199
"2024-12-29 07:24:00.0000",4.5,94.58,1.7985193729400635,2.033387409225601,4.684770236367382
"2024-12-29 07:53:57.0000",4.06,94.03,3.577892780303955,1.7275712887006935,6.811411288158781
"2024-12-29 08:23:52.0000",3.62,94.08,5.64382266998291,2.7887074495414907,6.281523183771391
"2024-12-29 08:53:50.0000",3.59,94.61,6.19227933883667,3.140795761848056,6.616413945646109
"2024-12-29 09:23:57.0000",4.85,95.49,4.835785865783691,2.5046724780549234,8.404278089750806
"2024-12-29 09:53:55.0000",5.68,95,4.346138954162598,2.6930514641444825,7.546174650673057
"2024-12-29 10:23:47.0000",7.01,94.48,3.8372230529785156,2.6558800003231138,7.304320067553433
"2024-12-29 10:53:50.0000",9.55,90.51,1.3317897319793701,1.8302036984394257,7.770246780059206
"2024-12-29 11:23:52.0000",9.07,92.7,11.760144233703613,1.7536241891841398,6.8772708520774
"2024-12-29 11:53:44.0000",8.82,93.41,20.656042098999023,1.6191257280361442,6.935611934464224
"2024-12-29 12:23:41.0000",8.64,94.07,12.406322479248047,2.2376293521744826,5.115249768601006
"2024-12-29 12:53:43.0000",8.83,94.21,26.400754928588867,2.068075289470845,6.226682682234038
"2024-12-29 13:23:39.0000",8.69,94.35,18.07820701599121,2.5346846141614825,8.154121845754556
"2024-12-29 13:53:47.0000",11.69,92.63,0.7148204445838928,1.3761078068280945,6.950687200829542
"2024-12-29 14:53:32.0000",8.57,92.08,1.196946144104004,1.620350888647188,6.857696499656271
"2024-12-29 15:23:27.0000",8.2,94.61,0.9415507316589355,1.4463102753164823,5.918801722460804
"2024-12-29 15:53:28.0000",7.93,94.73,0.8548163771629333,1.3752519182739835,6.73440670405116
"2024-12-29 16:23:26.0000",7.75,94.26,9.936873435974121,1.3787746537148204,5.479745172199889
"2024-12-29 16:53:20.0000",7.83,94.38,13.142733573913574,1.9006240049658985,7.005749690303071
"2024-12-29 17:23:28.0000",7.7,93.8,1.9222922325134277,1.8007748256831557,5.832072431689008
"2024-12-29 17:53:13.0000",7.4,93.82,1.4654309749603271,1.552344646296839,5.957104724946845
"2024-12-29 18:23:17.0000",7.33,93.9,3.096506118774414,2.3294090498476274,7.236185010872748
"2024-12-29 18:53:09.0000",7.31,93.77,1.6861586570739746,1.6923916011836702,6.157130727438924
"2024-12-29 19:23:05.0000",7.46,93.77,1.4492055177688599,1.5464023414532637,5.313277858646333
"2024-12-29 19:53:09.0000",7.43,93.37,4.222817897796631,2.7935800405061006,7.966155177070112
"2024-12-29 20:22:59.0000",7.73,93.53,5.2294793128967285,1.9413948221295474,5.825264362273316
"2024-12-29 20:53:04.0000",7.03,92.87,1.4981769323349,1.9175371512743258,6.947879356517108
"2024-12-29 21:23:02.0000",7.31,94.24,1.8322782516479492,2.036797485126489,7.298046439340813
"2024-12-29 21:53:01.0000",7.75,93.88,5.21014404296875,1.7570566399829868,8.044642329742606
"2024-12-29 22:53:07.0000",7.64,92.6,6.197529315948486,1.8192096815532832,7.484374855228809
"2024-12-29 23:23:03.0000",7.67,92.94,4.145999431610107,2.029390973513147,5.780158764710052
"2024-12-29 23:52:51.0000",7.58,92.67,2.8500101566314697,1.7127628109300068,4.986992335900063
"2024-12-30 00:22:49.0000",7.7,93.12,7.927017688751221,1.3314217429215986,5.808849921778568
"2024-12-30 00:52:42.0000",7.83,92.42,4.910726070404053,1.3382597693295175,4.989735651755935
"2024-12-30 01:22:42.0000",7.55,92.42,9.19665813446045,1.4408207574177045,5.4271363206298755
"2024-12-30 01:52:40.0000",7.63,92.8,3.6818690299987793,1.6121773166620095,6.653050427036705
"2024-12-30 02:22:39.0000",7.78,92.2,0.6871868371963501,1.4394304161403584,6.480866899096746
"2024-12-30 02:52:32.0000",7.09,91.44,0.7498160004615784,1.464173026060173,6.628218183888824
"2024-12-30 03:22:32.0000",6.18,91.88,0.6020398139953613,1.3080496475873886,5.705874591795681
"2024-12-30 03:52:25.0000",6.2,92.19,0.8576764464378357,1.5542904018363783,5.083854852512859
"2024-12-30 04:22:26.0000",5.28,91.29,0.9779971241950989,1.5003040053873216,7.037167323556505
"2024-12-30 04:52:20.0000",4.73,91.68,1.477052092552185,1.8000607234237944,6.5286389573314265
"2024-12-30 05:22:20.0000",5.27,93.09,1.1785813570022583,1.7207279995760743,6.689366801956475
"2024-12-30 05:52:16.0000",6.23,92.42,0.8686153292655945,1.5595972297252965,7.200047946656849
"2024-12-30 06:22:16.0000",6.57,92.19,0.5062686204910278,1.1785233739995185,5.795454263879177
"2024-12-30 06:52:12.0000",6.61,92.03,0.20666766166687012,1.1069343904310265,5.006972054750334
"2024-12-30 07:22:21.0000",6.97,92.48,0.1265302151441574,0.9466527747026244,4.736851731335036
"2024-12-30 07:52:09.0000",7.26,92.15,0.8515782952308655,1.3216451382737968,5.436880668218626
"2024-12-30 08:22:07.0000",7.02,91.73,1.3301937580108643,2.1082196541403357,8.634796115032435
"2024-12-30 08:52:01.0000",7.32,91.82,1.019376516342163,1.7494968260561465,7.582084199754015
"2024-12-30 09:21:58.0000",7.64,92.08,0.8267126679420471,1.5234504907722606,6.627845757481019
"2024-12-30 10:22:00.0000",8.93,90.32,0.5836991667747498,1.115365773659131,6.092932103019652
"2024-12-30 10:52:11.0000",13.14,84,2.898062229156494,1.2577396396427853,6.112576107438195
"2024-12-30 11:22:02.0000",13.84,86.95,0.3921494781970978,1.1876155795162409,5.374200629205873
"2024-12-30 11:51:55.0000",12.53,86.92,0.18875953555107117,0.9613474837309832,5.952900526034291
"2024-12-30 12:21:53.0000",11.6,88.94,0.3293328881263733,0.927903666811344,4.893947271515519
"2024-12-30 12:51:49.0000",11.56,90.71,0.2969193458557129,1.1168019714959205,5.871931767354651
"2024-12-30 13:21:53.0000",12.48,86.77,0.7394347786903381,1.3192188117972705,5.755258643970232
"2024-12-30 13:51:40.0000",10.13,87.68,1.2770936489105225,1.7529379107561087,6.487544720244624
"2024-12-30 14:21:44.0000",9.09,87.79,1.4591645002365112,2.1275899245493815,8.628724610148087
"2024-12-30 14:51:33.0000",8.57,87.43,1.3636677265167236,1.9705502413311338,8.848575158477411
"2024-12-30 15:21:37.0000",8.18,87.35,1.3291585445404053,2.002368848187401,7.7105138457404525
"2024-12-30 15:51:31.0000",7.95,87.45,1.0267051458358765,1.739741380169539,7.040452066151445
"2024-12-30 16:21:23.0000",7.78,87.51,0.8656212091445923,1.267746245631642,5.991515648662441
"2024-12-30 16:51:23.0000",7.47,87.23,0.7827513813972473,1.3300560487937672,5.617893594500895
"2024-12-30 17:21:25.0000",7.4,87.61,0.6390235424041748,1.28844402446737,5.458130596098312
"2024-12-30 17:51:15.0000",7.78,87.4,1.1346337795257568,1.3982890486663828,5.9209328816672695
"2024-12-30 18:21:12.0000",8.09,87.21,0.47175702452659607,1.149078660896728,5.457245685202566
"2024-12-30 18:51:14.0000",8.34,87.15,0.3584234416484833,1.0581414723150797,5.264093392803997
"2024-12-30 19:21:24.0000",8.43,87.15,0.40870770812034607,0.988276335870672,5.2929906447803505
"2024-12-30 19:51:08.0000",8.31,86.95,0.4817468225955963,1.0587260719514908,5.121120563851251
"2024-12-30 20:21:08.0000",8.24,87.14,0.6716027855873108,1.1009177303830722,4.321101353867881
"2024-12-30 20:51:03.0000",8.03,87.11,0.5464083552360535,1.144907165142394,5.413962903547605
"2024-12-30 21:21:00.0000",7.66,87.59,0.44615069031715393,1.068977062153727,4.927126489465803
"2024-12-30 21:50:59.0000",7.91,87.62,0.7435274720191956,1.1744010151087312,6.017893050410931
"2024-12-30 22:20:54.0000",7.63,87.22,0.8363006711006165,1.1468127368732273,4.708187880584855
"2024-12-30 22:50:51.0000",7.7,87.54,0.3070550858974457,1.0277992051093756,5.508428850157406
"2024-12-30 23:20:48.0000",8.01,87.4,0.1744270920753479,0.9958146247453968,4.589319322829147
"2024-12-30 23:50:51.0000",7.77,87.11,0.4437773823738098,1.0897962633592977,6.641751169315184
"2024-12-31 00:20:42.0000",8.16,87.6,0.2537473142147064,0.987284833169605,3.724942123942245
"2024-12-31 00:50:39.0000",8.64,86.98,0.5337169170379639,1.125523939150661,6.6971194605044735
"2024-12-31 01:20:42.0000",8.61,86.88,0.5738525986671448,1.3926377334060112,4.468354705281358
"2024-12-31 01:50:39.0000",8.71,86.77,0.685133159160614,1.3303159242591498,6.000766339116765
"2024-12-31 02:20:36.0000",8.65,86.68,0.5252339839935303,1.3309699667061763,4.997848525695249
"2024-12-31 02:50:33.0000",8.67,86.68,0.43166661262512207,1.1914502808085339,6.1699061738969965
"2024-12-31 03:20:35.0000",8.65,86.32,0.40849995613098145,1.270341017055599,4.5896526201755625
"2024-12-31 03:50:28.0000",8.49,86.28,0.35223057866096497,1.0762909921831165,5.137383959218715
"2024-12-31 04:20:24.0000",8.59,86.35,0.34272295236587524,1.1488608559915652,4.916565899150785
"2024-12-31 04:50:22.0000",8.32,86.13,0.2802625298500061,1.0363140275753608,5.838078012586781
"2024-12-31 05:20:31.0000",8.69,86.17,0.4041629135608673,1.1883662585731671,4.553443373724844
"2024-12-31 05:50:17.0000",9.03,85.79,0.3749668002128601,1.1019995131851816,5.108157756432965
"2024-12-31 06:20:19.0000",9.09,85.74,0.2578604221343994,1.0529469134708531,5.258076731685683
"2024-12-31 06:50:16.0000",9.22,85.63,0.16254682838916779,1.0079665312962822,4.889746321917248
"2024-12-31 07:20:13.0000",9.24,85.51,0.632171630859375,1.4765725760934596,5.927162006084304
"2024-12-31 07:50:11.0000",9.21,85.31,0.6402406096458435,1.345050497579543,5.382757577415296
"2024-12-31 08:20:12.0000",9.43,84.92,1.309762954711914,1.8205593783731193,5.492861038124196
"2024-12-31 08:50:08.0000",9.25,84.46,0.8251082897186279,1.5467129835943045,5.67090358301474
"2024-12-31 09:20:07.0000",9.37,84.61,1.0217081308364868,1.744647808394087,6.804308777687939
"2024-12-31 09:50:08.0000",9.64,83.68,2.073662281036377,1.80328397633614,7.780499989966028
"2024-12-31 10:20:10.0000",9.74,83.14,1.8514200448989868,2.3297386174193195,8.212623606892262
"2024-12-31 10:50:03.0000",10.13,81.68,1.454269528388977,2.1312773590001535,6.956923969811718
"2024-12-31 11:19:58.0000",10.44,80.2,1.7702986001968384,2.1775725673201753,7.3050934633488325
"2024-12-31 11:49:58.0000",10.48,80.43,1.736169457435608,2.1860244118514207,7.780720793876537
"2024-12-31 12:19:56.0000",10.54,80.64,2.2594988346099854,2.8140270387925614,9.56242532958121
"2024-12-31 12:49:56.0000",10.58,80.68,2.0161211490631104,2.3247789513997903,7.879550929256325
"2024-12-31 13:19:49.0000",10.46,80.78,2.5068345069885254,2.5110894640066035,9.583681159135672
"2024-12-31 13:49:46.0000",10.01,81.09,2.2394626140594482,2.038880748025904,7.730459329145739
"2024-12-31 14:19:44.0000",9.69,81.61,1.783398151397705,1.9638417561772612,7.678113882855776
"2024-12-31 14:49:50.0000",9.63,82.08,0.9473513960838318,1.6339599660730175,6.730277449907876
"2024-12-31 15:19:38.0000",9.81,82.59,0.7434159517288208,1.6493769105812186,5.384081767575708
"2024-12-31 15:49:33.0000",9.83,82.68,0.9058297872543335,1.556048755345924,6.248356609972278
"2024-12-31 16:19:33.0000",9.9,83.1,1.1063241958618164,1.6593526335565878,7.413158771306665
"2024-12-31 16:49:32.0000",9.83,83.94,0.8201902508735657,1.369102129781173,5.807587731681752
"2024-12-31 17:19:27.0000",9.95,84.84,0.4958786368370056,1.1998224604832364,4.353252453586899
"2024-12-31 17:49:23.0000",10.3,85.5,0.4595051109790802,1.3250481922945683,5.29356531825371
"2024-12-31 18:19:33.0000",10.45,86.08,3.7234439849853516,1.058942550903435,4.029554764902093
"2024-12-31 18:49:25.0000",10.38,86.53,0.7283507585525513,1.3004898650123855,5.241518870992021
"2024-12-31 19:19:20.0000",10.3,87.17,0.6421893239021301,1.172396484307869,5.377341221060865
"2024-12-31 19:49:19.0000",10.29,87.6,0.49391573667526245,1.0568613645624998,6.235415517564343
"2024-12-31 20:19:20.0000",9.32,87.42,1.7607238292694092,1.926081372718558,5.933046544645548
"2024-12-31 20:49:20.0000",8.53,88.07,1.199169397354126,1.571974016436069,6.228616871917334
"2024-12-31 21:19:11.0000",8.1,88.46,3.350067615509033,2.6119967686892913,3.8657100425366564
"2024-12-31 21:49:08.0000",7.89,88.74,1.281180500984192,1.6099739376486355,5.912219361816846
"2024-12-31 22:18:56.0000",7.88,89.12,0.7785305380821228,1.271028460293669,4.591776719436721
"2024-12-31 22:48:59.0000",7.78,89.35,0.5410807728767395,1.0713982238389825,4.896905499289015
"2024-12-31 23:19:02.0000",7.75,89.74,0.5973601341247559,1.3153307124978546,3.1528402133436515
"2024-12-31 23:48:54.0000",7.91,90.19,0.5766966938972473,1.1702404591409565,4.486049723912775

