"Date & Time",Temperature,Humidity,PM1.0,PM2.5,PM10
"2024-04-01 00:13:40.0000",7.53,69.47,1.40717029571533,3.21292638778687,6.65739727020264
"2024-04-01 00:43:33.0000",7.56,70.29,1.13137590885162,2.65195035934448,6.26529455184937
"2024-04-01 01:13:30.0000",7.62,70.36,1.09296405315399,3.06152844429016,6.93727779388428
"2024-04-01 01:43:16.0000",7.68,70.53,0.655839741230011,1.43071687221527,3.40435171127319
"2024-04-01 02:13:17.0000",7.62,70.54,0.241655394434929,0.846906244754791,2.6866500377655
"2024-04-01 02:43:06.0000",7.5,70.65,0.839643895626068,1.35613167285919,2.95229959487915
"2024-04-01 03:13:02.0000",7.4,71.08,0.702918827533722,1.25307881832123,2.98089671134949
"2024-04-01 03:42:50.0000",7.4,71.27,0.226138442754745,0.517403960227966,1.98482692241669
"2024-04-01 04:12:36.0000",7.29,71.53,3.55396604537964,3.87953567504883,5.34694385528564
"2024-04-01 04:42:33.0000",7.19,72,11.0695085525513,11.7350721359253,13.6070690155029
"2024-04-01 05:12:30.0000",7.06,72.44,10.1145610809326,10.8558931350708,12.4074440002441
"2024-04-01 05:42:22.0000",6.77,73.31,1.05145192146301,2.37336349487305,5.12014150619507
"2024-04-01 06:12:14.0000",6.6,74.19,0.838166058063507,1.50943338871002,3.33712863922119
"2024-04-01 06:42:07.0000",6.57,74.89,0.72984904050827,1.62188768386841,3.4334135055542
"2024-04-01 07:12:00.0000",6.43,75.39,0.570515632629395,1.13690841197968,2.79058194160461
"2024-04-01 07:41:55.0000",6.45,76.42,0.632877290248871,1.0646345615387,11.3582925796509
"2024-04-01 08:11:52.0000",6.66,77.28,0.164808481931686,0.61941123008728,3.30308651924133
"2024-04-01 08:41:40.0000",6.77,77.41,0.221020594239235,0.634262979030609,2.52248573303223
"2024-04-01 09:11:47.0000",8.08,75.07,0.204295933246613,0.516482651233673,2.77516913414001
"2024-04-01 09:41:29.0000",7.42,77.74,0.246193572878838,0.657253444194794,4.66136455535889
"2024-04-01 10:11:21.0000",7.75,77.89,0.552084565162659,1.23095762729645,4.93409061431885
"2024-04-01 10:41:13.0000",7.92,77.88,0.197239011526108,0.49579992890358,1.92078721523285
"2024-04-01 11:11:05.0000",7.79,78.29,0.270219057798386,1.07682156562805,3.48574066162109
"2024-04-01 11:40:57.0000",8.16,78,0.248992145061493,1.10064816474915,4.17465877532959
"2024-04-01 12:10:54.0000",8.31,77.53,0.556211471557617,1.39743995666504,3.81423807144165
"2024-04-01 12:40:46.0000",8.18,77.26,0.500276207923889,1.74371445178986,5.21792316436768
"2024-04-01 13:10:38.0000",8.22,77.41,0.62611585855484,1.79428112506866,5.48431205749512
"2024-04-01 13:40:31.0000",8.32,77.24,1.14843213558197,2.26344060897827,9.38225173950195
"2024-04-01 14:10:22.0000",8.81,77.41,1.4606899023056,2.21485328674316,4.09258317947388
"2024-04-01 14:40:14.0000",8.94,77.11,1.74906015396118,2.50879311561584,5.22664308547974
"2024-04-01 15:10:06.0000",9.23,77.47,17.8811721801758,18.745532989502,20.4409999847412
"2024-04-01 15:40:03.0000",9.97,77.13,32.5014266967773,33.451042175293,35.7134094238281
"2024-04-01 16:09:55.0000",10.11,76.76,1.21119582653046,1.69095277786255,7.70724534988403
"2024-04-01 16:39:47.0000",10.29,76.23,1.47578716278076,2.36754870414734,4.4215726852417
"2024-04-01 17:09:39.0000",10.02,76.2,1.81187927722931,2.53079104423523,6.1610312461853
"2024-04-01 17:39:31.0000",9.6,76.09,1.31603026390076,2.07024788856506,3.8803186416626
"2024-04-01 18:09:23.0000",9.31,75.88,2.10669636726379,2.8408408164978,4.31907176971436
"2024-04-01 18:39:15.0000",8.99,75.79,0.682923555374146,1.28181898593903,6.00394487380981
"2024-04-01 19:09:02.0000",8.38,75.97,0.296480745077133,0.848087906837463,3.07694029808044
"2024-04-01 19:38:54.0000",8.12,75.81,0.983621954917908,1.76948940753937,3.45465445518494
"2024-04-01 20:08:46.0000",7.77,76.14,1.81641137599945,3.26197671890259,8.26410293579102
"2024-04-01 20:38:38.0000",7.57,75.93,0.622051775455475,1.02606523036957,7.31332206726074
"2024-04-01 21:08:30.0000",7.16,76.18,0.592515528202057,1.16046214103699,6.41279792785645
"2024-04-01 21:38:22.0000",7.15,76.51,0.984462022781372,1.35346615314484,2.76293134689331
"2024-04-01 22:08:14.0000",7.19,76.79,1.12436079978943,1.92155659198761,3.61381006240845
"2024-04-01 22:38:01.0000",6.91,76.5,1.30991625785828,2.23437094688416,4.20972776412964
"2024-04-01 23:07:53.0000",6.26,76.77,1.76962900161743,2.57160472869873,6.57039308547974
"2024-04-01 23:37:45.0000",5.84,77.11,2.67493677139282,3.79944586753845,8.4213285446167
"2024-04-02 00:07:37.0000",5.61,77.63,8.20451641082764,9.76629161834717,11.810619354248
"2024-04-02 00:37:29.0000",5.74,77.75,3.95281004905701,5.55213499069214,12.5614624023438
"2024-04-02 01:07:21.0000",5.37,77.73,5.22576427459717,7.60279750823975,14.6664924621582
"2024-04-02 01:37:18.0000",5.03,78.05,3.45592379570007,4.48457098007202,6.80573987960815
"2024-04-02 02:07:05.0000",4.96,78.32,4.26323509216309,5.58522844314575,8.30947685241699
"2024-04-02 02:36:57.0000",5.51,78.66,4.81530952453613,6.48180675506592,9.5876522064209
"2024-04-02 03:06:49.0000",5.86,78.54,8.2800760269165,11.3371133804321,16.9047183990479
"2024-04-02 03:36:41.0000",5.88,78.69,10.5228147506714,14.7803039550781,18.2459297180176
"2024-04-02 04:06:34.0000",6.08,78.94,14.2602643966675,20.3487243652344,24.9770183563232
"2024-04-02 04:36:30.0000",6.1,78.81,10.1559886932373,14.0727920532227,16.0502777099609
"2024-04-02 05:06:22.0000",5.81,78.91,9.02076244354248,12.6313753128052,15.6359462738037
"2024-04-02 05:36:24.0000",6.99,75.46,9.24263095855713,13.5809316635132,17.5721988677979
"2024-04-02 06:06:06.0000",6.14,79.06,8.30220317840576,11.9180965423584,15.951153755188
"2024-04-02 06:35:58.0000",6.35,79.5,5.35027551651001,7.46476697921753,13.2424087524414
"2024-04-02 07:05:50.0000",6.79,79.45,4.26906394958496,5.86705780029297,9.77064990997314
"2024-04-02 07:35:42.0000",7.15,79.47,3.04898071289062,4.51675033569336,7.27203226089478
"2024-04-02 08:05:39.0000",7.46,79.38,2.86827421188354,4.16388368606567,7.51083087921143
"2024-04-02 08:35:36.0000",8.02,79.48,1.76000714302063,2.58642649650574,6.55738973617554
"2024-04-02 09:05:28.0000",8.69,79.7,1.00605511665344,1.71410489082336,4.21067667007446
"2024-04-02 09:35:25.0000",13.93,75.99,0.408581107854843,1.19270765781403,4.3869776725769
"2024-04-02 10:05:27.0000",17.84,71.48,0.217447564005852,0.533093333244324,2.08212995529175
"2024-04-02 10:35:14.0000",14.02,70.95,0.338151186704636,0.862399458885193,4.6014404296875
"2024-04-02 11:05:11.0000",13.68,70.67,0.426947623491287,1.18114161491394,3.9446017742157
"2024-04-02 11:34:53.0000",11.72,71.66,0.359494179487228,0.998488366603851,2.73935770988464
"2024-04-02 12:04:45.0000",14.59,74.21,0.460724532604218,1.33222448825836,4.15148496627808
"2024-04-02 12:34:47.0000",15.66,69.08,0.320917874574661,1.01945924758911,2.68943619728088
"2024-04-02 13:04:39.0000",16,67.37,0.375191360712051,1.12962603569031,2.75419950485229
"2024-04-02 13:34:31.0000",15.93,67.19,2.09956240653992,3.133131980896,5.11554765701294
"2024-04-02 14:04:29.0000",15.02,67.13,2.05364847183228,3.57759952545166,13.1361150741577
"2024-04-02 14:34:22.0000",15.28,65.41,0.33409982919693,0.920683681964874,14.90638256073
"2024-04-02 15:04:14.0000",16.84,66.07,0.380377113819122,1.02769804000854,5.08354139328003
"2024-04-02 15:34:05.0000",16.35,63.57,0.354129493236542,0.884862959384918,2.40105295181274
"2024-04-02 16:03:51.0000",14.92,63.82,0.674150288105011,1.94149518013,5.7275390625
"2024-04-02 16:33:48.0000",14.1,63.75,0.256538152694702,0.996329128742218,3.73356127738953
"2024-04-02 17:03:40.0000",13.29,63.8,0.292546272277832,1.04751813411713,2.84601449966431
"2024-04-02 17:33:27.0000",12.58,64.13,0.369035750627518,1.53072655200958,5.19512271881104
"2024-04-02 18:03:20.0000",11.62,64.75,0.575828552246094,2.4290931224823,8.23231029510498
"2024-04-02 18:33:06.0000",10.95,65.54,0.536542594432831,2.06301808357239,8.17638397216797
"2024-04-02 19:02:58.0000",10.61,66.14,0.679970145225525,2.3202600479126,12.1927661895752
"2024-04-02 19:32:52.0000",10.38,66.77,0.840694904327393,2.81838369369507,8.96502590179443
"2024-04-02 20:02:53.0000",10.3,67.24,0.648483037948608,2.48733472824097,5.30058717727661
"2024-04-02 20:32:44.0000",9.87,67.94,0.666598320007324,3.47935366630554,8.82932662963867
"2024-04-02 21:02:36.0000",9.23,69.11,0.908816754817963,3.90897035598755,12.7650079727173
"2024-04-02 21:32:29.0000",8.8,70.21,1.054314494133,4.17721462249756,8.350905418396
"2024-04-02 22:02:22.0000",8.62,71.05,1.3406765460968,4.50936937332153,11.7987403869629
"2024-04-02 22:32:07.0000",8.52,71.77,1.21532809734344,3.70430898666382,11.2022104263306
"2024-04-02 23:01:59.0000",8.36,72.78,1.04035806655884,3.078458070755,7.13328218460083
"2024-04-02 23:31:51.0000",8.4,73.66,0.783064186573029,2.09215188026428,6.10429096221924
"2024-04-03 00:01:38.0000",8.39,74.15,0.699502944946289,1.93164324760437,5.37844371795654
"2024-04-03 00:31:30.0000",8.03,74.47,1.10813140869141,2.22473311424255,5.94919490814209
"2024-04-03 01:01:27.0000",7.81,75.43,1.36749589443207,3.04206252098083,7.45534229278564
"2024-04-03 01:31:24.0000",7.77,76.88,1.20352041721344,2.03506827354431,4.55054664611816
"2024-04-03 02:01:06.0000",7.8,77.74,2.05134105682373,3.28181743621826,5.55287837982178
"2024-04-03 02:31:04.0000",7.77,78.47,1.54339396953583,2.65566182136536,9.91442775726318
"2024-04-03 03:00:58.0000",7.78,79.23,2.55392074584961,3.8988733291626,5.80393600463867
"2024-04-03 03:30:53.0000",7.94,80.01,5.48280334472656,8.2169017791748,11.1092653274536
"2024-04-03 04:00:42.0000",8.23,80.38,8.34088897705078,11.5588655471802,13.8181829452515
"2024-04-03 04:30:32.0000",8.45,80.5,9.92525100708008,14.2289457321167,18.5463905334473
"2024-04-03 05:00:31.0000",8.57,80.55,9.21299743652344,13.5307245254517,16.9029998779297
"2024-04-03 05:30:26.0000",9.94,76.85,10.8130521774292,16.9084453582764,21.8799362182617
"2024-04-03 06:00:02.0000",8.97,80.32,9.28611660003662,14.8756303787231,22.6571960449219
"2024-04-03 06:29:54.0000",9.19,80.49,4.76100444793701,9.41308212280273,18.533203125
"2024-04-03 06:59:51.0000",9.57,80.43,1.90364849567413,5.86488342285156,16.2462158203125
"2024-04-03 07:29:45.0000",9.87,80.33,1.54698014259338,6.33811855316162,15.2800645828247
"2024-04-03 07:59:41.0000",9.81,80.2,1.65558683872223,6.90164041519165,15.2460470199585
"2024-04-03 08:29:38.0000",10.3,80.04,1.05242228507996,4.37549257278442,11.7893753051758
"2024-04-03 08:59:30.0000",10.03,80.15,1.26207625865936,5.9545750617981,12.130446434021
"2024-04-03 09:29:27.0000",10.14,80.23,1.17948818206787,6.71147871017456,17.3848419189453
"2024-04-03 09:59:20.0000",10.13,80.23,0.901477813720703,4.06212949752808,9.20396709442139
"2024-04-03 10:29:11.0000",10.22,80.62,0.518967807292938,1.56149840354919,3.62279987335205
"2024-04-03 10:59:08.0000",11.78,79.96,0.522147715091705,1.98118758201599,4.8773136138916
"2024-04-03 11:28:55.0000",11.23,80.03,0.505319058895111,1.44602847099304,3.18747925758362
"2024-04-03 11:58:52.0000",11.93,81.05,0.362490624189377,0.8812175989151,2.70327496528625
"2024-04-03 12:28:44.0000",12.17,79.86,0.185141623020172,0.429372936487198,2.1946702003479
"2024-04-03 12:58:37.0000",10.1,80.27,0.934396624565125,4.48754215240479,12.0660743713379
"2024-04-03 13:28:28.0000",11.63,80.7,1.28022599220276,6.35020542144775,19.9854488372803
"2024-04-03 13:58:21.0000",13.28,78.26,1.08823657035828,5.35645627975464,12.1028861999512
"2024-04-03 14:28:12.0000",11.63,77.88,1.24903690814972,5.19990396499634,15.8747053146362
"2024-04-03 14:57:59.0000",11.03,78.6,1.3286030292511,6.45083570480347,19.3995895385742
"2024-04-03 15:27:51.0000",10.32,78.72,0.797347724437714,3.48569869995117,14.992654800415
"2024-04-03 15:57:43.0000",11.49,79.89,0.9039626121521,5.07489967346191,16.404712677002
"2024-04-03 16:27:35.0000",11.35,74.9,53.6448173522949,56.6819725036621,64.127799987793
"2024-04-03 16:57:22.0000",10.58,75.75,1.23291957378387,6.63437080383301,19.3756942749023
"2024-04-03 17:27:14.0000",10.38,75.27,0.853807330131531,4.10721397399902,14.7362623214722
"2024-04-03 17:57:11.0000",9.83,74.97,13.0066633224487,14.8948278427124,22.5225257873535
"2024-04-03 18:26:58.0000",9.22,74.84,1.0923684835434,4.34887552261353,12.0013265609741
"2024-04-03 18:56:50.0000",8.61,75.25,1.39969086647034,5.81836891174316,21.0852851867676
"2024-04-03 19:26:42.0000",8.44,75.47,1.21788370609283,4.95934247970581,16.3173294067383
"2024-04-03 19:56:35.0000",8.38,75.48,1.12166094779968,3.39530658721924,12.2294454574585
"2024-04-03 20:26:26.0000",8.41,75.33,0.767551302909851,2.16261887550354,4.46239471435547
"2024-04-03 20:56:18.0000",8.39,75.56,0.743461489677429,2.39306592941284,12.2469635009766
"2024-04-03 21:26:10.0000",8.4,75.82,0.530371487140656,1.73627376556396,8.15419006347656
"2024-04-03 21:56:07.0000",8.42,75.72,0.663655042648315,2.9265513420105,11.9356822967529
"2024-04-03 22:26:04.0000",8.35,75.66,0.634193062782288,2.1178195476532,7.33432769775391
"2024-04-03 22:55:56.0000",8.31,75.64,0.619398474693298,2.5647144317627,5.81170988082886
"2024-04-03 23:25:48.0000",8.17,75.77,7.16914558410645,8.84924221038818,11.5845489501953
"2024-04-03 23:55:35.0000",8.1,75.9,0.565542101860046,2.39589715003967,7.7287745475769
"2024-04-04 00:25:32.0000",8.08,75.98,0.639987766742706,1.74938321113586,4.87124538421631
"2024-04-04 00:55:20.0000",7.95,76.24,0.807409465312958,2.48088622093201,15.2421464920044
"2024-04-04 01:25:11.0000",7.76,76.61,1.29272389411926,2.97482562065125,6.79123878479004
"2024-04-04 01:55:08.0000",7.7,76.88,1.08648324012756,2.86021780967712,7.40643310546875
"2024-04-04 02:25:00.0000",7.58,77.04,0.911612212657928,3.26322484016418,9.98721981048584
"2024-04-04 02:54:47.0000",7.26,77.37,1.1204731464386,3.36770534515381,10.0512523651123
"2024-04-04 03:24:44.0000",7.01,77.85,1.32551980018616,3.57280945777893,7.92654943466187
"2024-04-04 03:54:31.0000",6.91,78.23,1.27434086799622,3.45539784431458,6.2538595199585
"2024-04-04 04:24:28.0000",6.83,78.39,1.2213180065155,3.27967190742493,5.88250017166138
"2024-04-04 04:54:21.0000",6.62,78.59,1.15247285366058,3.13640809059143,6.33568859100342
"2024-04-04 05:24:17.0000",6.41,78.9,0.671697676181793,2.03409743309021,5.2285680770874
"2024-04-04 05:54:05.0000",6.33,79.03,0.580489158630371,1.98575067520142,4.11808109283447
"2024-04-04 06:23:56.0000",6.44,79.09,0.532415509223938,1.79615116119385,3.94432210922241
"2024-04-04 06:53:48.0000",6.72,79.1,0.786538422107697,2.45527100563049,6.02857255935669
"2024-04-04 07:23:46.0000",7.28,78.98,0.637794494628906,2.1118106842041,4.43581342697144
"2024-04-04 07:53:37.0000",7.45,78.89,0.64135617017746,1.7861647605896,4.51054525375366
"2024-04-04 08:23:34.0000",8.61,79.13,0.677926301956177,2.09059047698975,5.64220762252808
"2024-04-04 08:53:31.0000",9.48,78.47,0.596801161766052,1.8628351688385,4.20172929763794
"2024-04-04 09:23:28.0000",10.46,78.53,0.537085235118866,1.59136140346527,3.62302756309509
"2024-04-04 09:53:26.0000",11.37,77.61,0.387327790260315,1.32743871212006,3.04566049575806
"2024-04-04 10:23:18.0000",12.61,77.53,0.462352752685547,1.55803501605988,7.6436071395874
"2024-04-04 10:53:15.0000",15.91,75.55,0.221671715378761,0.87285578250885,2.71849274635315
"2024-04-04 11:23:17.0000",21.28,66.77,0.34815514087677,1.12287247180939,3.07487869262695
"2024-04-04 11:52:54.0000",14.88,71.65,0.337407946586609,1.09892868995667,2.90488266944885
"2024-04-04 12:22:50.0000",13.73,71.12,0.402577966451645,1.22200465202332,3.63092803955078
"2024-04-04 12:52:43.0000",14.19,70.78,0.207567632198334,0.802671015262604,3.14564228057861
"2024-04-04 13:22:40.0000",18.63,67.63,0.327543586492538,0.704823553562164,3.67432522773743
"2024-04-04 13:52:38.0000",17.98,64.97,0.329773038625717,0.868157804012299,3.54745149612427
"2024-04-04 14:22:29.0000",18.01,64.7,0.362118899822235,1.38104200363159,5.57381868362427
"2024-04-04 14:52:16.0000",16.64,63.73,0.318827629089355,0.775683641433716,2.28584027290344
"2024-04-04 15:22:08.0000",16.15,64.14,0.321439206600189,0.759186744689941,2.26509571075439
"2024-04-04 15:52:14.0000",14.83,63.87,0.353991866111755,0.905127286911011,2.42882609367371
"2024-04-04 16:21:52.0000",13.97,64.64,0.306932032108307,0.880380690097809,2.56560206413269
"2024-04-04 16:51:39.0000",12.1,65.91,0.625775635242462,2.56402897834778,8.8513126373291
"2024-04-04 17:21:36.0000",11.31,68.12,0.856248021125793,3.19430088996887,11.0943536758423
"2024-04-04 17:51:17.0000",11.11,68.94,1.25184571743011,5.48568105697632,13.4509506225586
"2024-04-04 18:21:10.0000",11.14,69.47,1.44394183158875,5.69067764282227,10.2671957015991
"2024-04-04 18:51:02.0000",10.94,70.37,1.02443933486938,4.54056978225708,12.9182786941528
"2024-04-04 19:20:54.0000",10.59,71.28,1.30569922924042,5.36832666397095,12.0402431488037
"2024-04-04 19:50:45.0000",10.36,72.14,1.01723754405975,3.79838395118713,8.11292552947998
"2024-04-04 20:20:39.0000",10.06,73.11,1.12940216064453,4.4487156867981,17.5922145843506
"2024-04-04 20:50:29.0000",10.09,73.94,1.342365026474,6.01052522659302,15.6570129394531
"2024-04-04 21:20:16.0000",9.81,74.61,1.8531334400177,9.52846908569336,21.9287204742432
"2024-04-04 21:50:14.0000",9.79,75.31,1.96875715255737,9.25767612457275,17.6865043640137
"2024-04-04 22:20:16.0000",9.85,75.68,2.31523299217224,11.155632019043,22.5939235687256
"2024-04-04 22:50:03.0000",9.97,76.11,2.91621088981628,13.2382488250732,27.063793182373
"2024-04-04 23:19:59.0000",9.83,76.51,2.51022982597351,14.1837606430054,39.8832473754883
"2024-04-04 23:49:42.0000",9.98,77.28,2.20683860778809,10.5574779510498,21.3739643096924
"2024-04-05 00:19:44.0000",10.37,77.82,1.79771554470062,7.26816654205322,12.4435424804688
"2024-04-05 00:49:25.0000",10.37,78.09,1.63462483882904,5.7349681854248,11.7361297607422
"2024-04-05 01:19:24.0000",10.54,78.57,1.27162516117096,4.77251386642456,11.0147876739502
"2024-04-05 01:49:11.0000",10.64,78.76,0.629688560962677,2.97473001480103,18.5340900421143
"2024-04-05 02:19:08.0000",10.67,79.06,0.443936556577682,1.83705580234528,4.06807088851929
"2024-04-05 02:49:04.0000",10.62,79.43,0.637044250965118,2.83774852752686,6.83386898040771
"2024-04-05 03:18:51.0000",10.43,79.89,0.50296276807785,2.20572638511658,5.32878875732422
"2024-04-05 03:48:42.0000",10.29,79.99,15.3309278488159,17.271032333374,21.3601932525635
"2024-04-05 04:18:45.0000",10.04,80.3,0.728510916233063,2.70677304267883,10.7856798171997
"2024-04-05 04:48:36.0000",9.82,80.35,0.885629951953888,4.01067209243774,9.35000324249268
"2024-04-05 05:18:19.0000",9.87,80.56,1.10400938987732,5.19024515151978,9.24735927581787
"2024-04-05 05:48:11.0000",9.93,80.68,0.987264931201935,4.86578559875488,11.6499900817871
"2024-04-05 06:18:03.0000",9.89,80.66,1.13165187835693,5.87416172027588,16.3868427276611
"2024-04-05 06:47:54.0000",10,80.76,1.59936606884003,6.31088161468506,18.4854717254639
"2024-04-05 07:17:46.0000",10.36,80.83,0.786084651947021,3.85813355445862,9.5604248046875
"2024-04-05 07:47:44.0000",12.05,77.56,1.48967444896698,6.6894154548645,18.8241062164307
"2024-04-05 08:17:36.0000",11.52,80.43,1.7143851518631,6.65347814559937,12.5682725906372
"2024-04-05 08:47:28.0000",11.65,80.02,2.69658398628235,11.3160448074341,24.8455448150635
"2024-04-05 09:17:25.0000",14.21,79.52,2.40786910057068,9.5942964553833,18.0800743103027
"2024-04-05 09:47:17.0000",13.98,75.78,3.16655492782593,12.0198078155518,22.1137161254883
"2024-04-05 10:17:09.0000",13.58,76.72,2.92579436302185,11.9042520523071,26.641429901123
"2024-04-05 10:47:06.0000",15.95,72.67,1.77903234958649,6.77439212799072,13.0853929519653
"2024-04-05 11:17:03.0000",17.25,66.11,1.85176360607147,7.43843269348145,19.5347023010254
"2024-04-05 11:46:55.0000",18.18,69.6,1.72327709197998,6.2664737701416,14.9965553283691
"2024-04-05 12:16:52.0000",18.62,62.58,2.63885116577148,10.2818946838379,22.1860466003418
"2024-04-05 12:46:40.0000",17.45,64.28,2.29558086395264,8.27365875244141,15.4226922988892
"2024-04-05 13:16:38.0000",16.11,63.42,2.521235704422,10.6975927352905,23.0510520935059
"2024-04-05 13:46:13.0000",13.78,66.44,3.25552344322205,12.7400312423706,23.2211456298828
"2024-04-05 14:16:05.0000",14.08,69.3,2.6480131149292,9.580641746521,16.1916313171387
"2024-04-05 14:46:07.0000",14.88,67.78,8.07708549499512,16.4618625640869,28.8157730102539
"2024-04-05 15:15:54.0000",14.25,68.05,2.88506603240967,10.0422201156616,19.3442478179932
"2024-04-05 15:45:46.0000",14.47,67.7,2.91808748245239,11.6897926330566,24.7012767791748
"2024-04-05 16:15:44.0000",14.66,67.43,2.96916484832764,12.1098003387451,19.2492828369141
"2024-04-05 16:45:30.0000",14.63,66.24,3.16337776184082,13.027792930603,27.0850830078125
"2024-04-05 17:15:27.0000",14.35,66.3,3.01789236068726,13.1550006866455,23.2880077362061
"2024-04-05 17:45:14.0000",14.08,66.33,3.30589246749878,13.0056028366089,30.6002311706543
"2024-04-05 18:15:11.0000",13.93,66.25,3.37829756736755,13.7936267852783,23.203929901123
"2024-04-05 18:45:24.0000",14.86,63.16,3.25174021720886,14.3979530334473,32.0362968444824
"2024-04-05 19:14:55.0000",13.36,66.1,3.59773087501526,14.3470239639282,23.1575984954834
"2024-04-05 19:44:47.0000",13.04,66.84,3.46022534370422,14.6461658477783,28.3112945556641
"2024-04-05 20:14:34.0000",11.86,67.91,3.33614492416382,14.9526472091675,30.4098339080811
"2024-04-05 20:44:26.0000",11.81,68.87,3.80866742134094,16.3037414550781,34.22607421875
"2024-04-05 21:14:18.0000",11.93,69.4,3.33647632598877,13.2435836791992,30.748197555542
"2024-04-05 21:44:18.0000",11.85,69.83,3.34265494346619,13.7432050704956,24.8944416046143
"2024-04-05 22:14:02.0000",11.79,70.2,2.51855707168579,10.8789463043213,19.3669261932373
"2024-04-05 22:44:01.0000",11.67,70.73,37.5233383178711,46.8369369506836,54.4954414367676
"2024-04-05 23:14:03.0000",12.85,68.27,2.34060049057007,10.3727703094482,19.5103855133057
"2024-04-05 23:43:38.0000",11.3,71.57,1.94538152217865,8.92827701568604,20.6913108825684
"2024-04-06 00:13:30.0000",10.91,72.8,1.59787046909332,7.54022407531738,15.436222076416
"2024-04-06 00:43:40.0000",10.8,73.81,1.71466159820557,7.98139619827271,15.3779134750366
"2024-04-06 01:13:26.0000",10.85,74.73,1.43838798999786,7.1512393951416,14.7908306121826
"2024-04-06 01:43:27.0000",10.99,75.84,1.17023074626923,5.61044263839722,17.2245922088623
"2024-04-06 02:13:30.0000",11.03,76.44,1.01062953472137,4.83114290237427,11.3990211486816
"2024-04-06 02:43:05.0000",11.29,76.8,1.32619845867157,5.02452898025513,9.38043594360352
"2024-04-06 03:13:08.0000",11.31,77.27,1.59385216236115,5.61568880081177,9.17963790893555
"2024-04-06 03:42:55.0000",11.42,78.19,1.67736434936523,7.7157883644104,16.4264087677002
"2024-04-06 04:12:51.0000",11.81,78.92,1.59086155891418,6.44671154022217,16.598424911499
"2024-04-06 04:42:38.0000",11.9,79.18,1.45986711978912,6.17113780975342,16.9806385040283
"2024-04-06 05:12:28.0000",11.81,79.21,1.23881614208221,6.18454217910767,16.5374317169189
"2024-04-06 05:42:22.0000",11.92,79.29,1.52206468582153,5.34857082366943,11.453932762146
"2024-04-06 06:12:04.0000",11.82,79.15,1.29361081123352,4.91158962249756,11.0876522064209
"2024-04-06 06:42:05.0000",12.19,79.01,1.14534139633179,4.67568159103394,11.4888610839844
"2024-04-06 07:11:54.0000",12.75,78.49,1.15608096122742,4.32544469833374,8.10148620605469
"2024-04-06 07:41:51.0000",13.31,77.49,5.41462469100952,8.76191806793213,15.0018863677979
"2024-04-06 08:11:38.0000",13.47,76.88,1.23279523849487,4.90258884429932,13.1556577682495
"2024-04-06 08:41:37.0000",13.81,76.52,1.27184081077576,5.02692604064941,11.4121360778809
"2024-04-06 09:11:31.0000",14.26,75.76,1.45291244983673,5.69643592834473,18.3201789855957
"2024-04-06 09:41:25.0000",14.81,75.23,1.44872307777405,5.64885950088501,11.523645401001
"2024-04-06 10:11:11.0000",15.5,74.17,1.76311278343201,6.89693927764893,13.2651777267456
"2024-04-06 10:41:02.0000",14.96,73.99,1.55626344680786,6.64897632598877,17.8030700683594
"2024-04-06 11:11:05.0000",16.05,72.64,1.31427729129791,5.59026622772217,15.3760442733765
"2024-04-06 11:40:57.0000",16.88,68.84,1.35068643093109,5.93607711791992,18.6218128204346
"2024-04-06 12:10:54.0000",19.34,66.05,1.58112227916718,6.45192527770996,17.0090217590332
"2024-04-06 12:40:56.0000",20.49,61.49,1.72978734970093,6.67843770980835,15.2758111953735
"2024-04-06 13:10:43.0000",20.58,57.93,1.77266716957092,7.29695653915405,21.3913993835449
"2024-04-06 13:40:35.0000",20.35,56.35,1.62646520137787,5.68248605728149,11.8556795120239
"2024-04-06 14:10:22.0000",20.04,53.62,1.86202538013458,5.96005916595459,22.8258533477783
"2024-04-06 14:40:14.0000",19.81,51.85,1.77334523200989,6.45292615890503,19.7118873596191
"2024-04-06 15:10:11.0000",19.32,51.05,1.5076459646225,5.14155769348145,20.7424831390381
"2024-04-06 15:40:03.0000",18.49,50.72,1.73598730564117,6.16531801223755,26.4407119750977
"2024-04-06 16:09:56.0000",17.39,50.6,1.92102658748627,7.48946475982666,17.0999031066895
"2024-04-06 16:39:37.0000",16.8,51.38,1.92945718765259,6.95961713790894,12.8950347900391
"2024-04-06 17:09:39.0000",14.8,54.16,1.6964830160141,6.05919504165649,9.47838306427002
"2024-04-06 17:39:26.0000",13.22,57.35,1.61980044841766,6.48899030685425,13.1814279556274
"2024-04-06 18:09:26.0000",12.93,58,1.53153884410858,6.18391513824463,16.2894916534424
"2024-04-06 18:39:00.0000",11.03,61.01,2.14933586120605,11.9067010879517,30.3721408843994
"2024-04-06 19:08:52.0000",9.88,63.62,0.811406493186951,4.67050695419312,12.2056894302368
"2024-04-06 19:38:40.0000",9.29,65.08,0.656074225902557,1.57647562026978,8.35452461242676
"2024-04-06 20:08:40.0000",8.65,66.31,0.214281439781189,0.680775225162506,2.17186069488525
"2024-04-06 20:38:24.0000",8.58,67.05,0.147876769304276,0.592244744300842,2.20608282089233
"2024-04-06 21:08:20.0000",8.5,67.85,0.155844658613205,0.754329860210419,2.64803624153137
"2024-04-06 21:38:20.0000",8.31,68.63,0.145365983247757,0.715851426124573,2.47467970848083
"2024-04-06 22:08:04.0000",8.41,69.21,0.204744875431061,0.975820660591125,2.76225900650024
"2024-04-06 22:38:06.0000",8.61,69.44,0.660153329372406,3.19624996185303,9.69674301147461
"2024-04-06 23:07:58.0000",8.83,69.84,1.09849405288696,4.89487361907959,17.032772064209
"2024-04-06 23:37:45.0000",8.93,70.17,1.87819755077362,8.34419059753418,18.8780555725098
"2024-04-07 00:07:32.0000",9.01,70.54,1.84927463531494,8.57993030548096,22.7026977539062
"2024-04-07 00:37:29.0000",7.91,71.69,1.52888083457947,4.50141906738281,9.80120182037354
"2024-04-07 01:07:22.0000",8.06,71.74,53.859935760498,57.3696174621582,62.6552085876465
"2024-04-07 01:37:13.0000",8.16,71.69,1.54809010028839,7.13416528701782,24.3760681152344
"2024-04-07 02:07:04.0000",8.21,71.64,54.1383819580078,59.0405235290527,65.465690612793
"2024-04-07 02:37:00.0000",8.03,71.45,1.65678429603577,8.04470062255859,19.6278190612793
"2024-04-07 03:06:55.0000",8.08,71.87,3.54259920120239,9.89369964599609,20.3794460296631
"2024-04-07 04:06:52.0000",8.47,70.49,2.4748797416687,10.5648813247681,23.3873157501221
"2024-04-07 04:36:38.0000",8.29,70.84,2.5111997127533,10.3511180877686,20.3848762512207
"2024-04-07 05:06:27.0000",7.2,71.83,2.76528525352478,13.7654342651367,34.500560760498
"2024-04-07 05:36:19.0000",6.63,73.34,1.70743441581726,8.23243808746338,16.822301864624
"2024-04-07 06:06:22.0000",7.11,73.5,1.0566942691803,5.98809671401978,12.7247867584229
"2024-04-07 06:36:08.0000",7.52,73.74,0.559582233428955,2.62125468254089,9.40805530548096
"2024-04-07 07:06:05.0000",8.7,73.79,1.09641349315643,5.31907081604004,10.7478017807007
"2024-04-07 07:35:57.0000",9.73,73.21,1.64570319652557,6.84183120727539,12.0538673400879
"2024-04-07 08:05:55.0000",9.87,72.77,7.99357557296753,14.8864097595215,22.1979351043701
"2024-04-07 08:35:59.0000",10.93,70.35,2.35799741744995,9.63731861114502,22.1165809631348
"2024-04-07 09:05:44.0000",11.86,67.87,2.25654697418213,9.94178295135498,22.5409317016602
"2024-04-07 09:35:48.0000",15.4,60.96,1.94493365287781,8.67533683776855,20.6523456573486
"2024-04-07 10:05:48.0000",15.7,55.65,1.72940194606781,6.76865148544312,12.4434833526611
"2024-04-07 10:35:40.0000",15.36,54.93,1.91863071918488,7.77557468414307,17.7861385345459
"2024-04-07 11:05:38.0000",15.27,56.65,2.21135020256042,8.77309513092041,18.7288494110107
"2024-04-07 11:35:29.0000",14.36,57.1,2.15870094299316,8.55522441864014,15.6681489944458
"2024-04-07 12:05:16.0000",14.57,59.29,1.9563205242157,7.44231748580933,19.9739036560059
"2024-04-07 12:35:13.0000",12.87,60.88,2.19899678230286,8.96170520782471,18.7999992370605
"2024-04-07 13:05:00.0000",12.56,63.14,1.84033572673798,7.20917415618896,16.5032634735107
"2024-04-07 13:34:52.0000",10.95,65.62,1.73861002922058,7.9080753326416,19.4591598510742
"2024-04-07 14:04:49.0000",10.25,67.45,1.33045279979706,3.87491106987,8.24145317077637
"2024-04-07 14:34:46.0000",11.74,68.61,0.813806056976318,2.88104677200317,5.96883058547974
"2024-04-07 15:04:43.0000",12.61,68.4,1.64352691173553,6.4072470664978,12.570219039917
"2024-04-07 15:34:25.0000",13.1,66.71,1.76958429813385,7.76417779922485,14.6292171478271
"2024-04-07 16:04:17.0000",13.44,65.48,2.13373017311096,8.50406360626221,16.5516147613525
"2024-04-07 16:34:10.0000",13.98,63,2.06664252281189,7.79720592498779,13.7646636962891
"2024-04-07 17:04:03.0000",13.6,63.08,2.33019137382507,8.74028301239014,24.4070377349854
"2024-04-07 17:34:05.0000",13.25,61.51,1.85294961929321,8.02456951141357,20.6156635284424
"2024-04-07 18:03:55.0000",12.77,60.95,1.83752608299255,7.42267608642578,17.5323085784912
"2024-04-07 18:33:37.0000",12.23,61.8,2.07646250724792,8.86313056945801,17.7482624053955
"2024-04-07 19:03:39.0000",11.66,62.51,2.02430820465088,8.03833675384521,21.0063591003418
"2024-04-07 19:33:22.0000",11.06,63.38,2.02334308624268,9.44643211364746,17.9482555389404
"2024-04-07 20:03:14.0000",10.87,63.99,1.38044226169586,5.99064779281616,14.9211177825928
"2024-04-07 20:33:05.0000",10.57,64.12,0.756548941135406,3.15871429443359,6.31680822372437
"2024-04-07 21:03:10.0000",10.03,64.6,0.819739997386932,3.59774422645569,8.9695463180542
"2024-04-07 21:32:50.0000",9.66,65.02,0.93526953458786,4.1646614074707,10.0636930465698
"2024-04-07 22:02:51.0000",9.54,65.31,1.32667541503906,6.40868282318115,21.3088455200195
"2024-04-07 22:32:33.0000",9.23,65.76,1.4075140953064,6.38959503173828,22.2415714263916
"2024-04-07 23:02:30.0000",8.9,66.26,1.36724328994751,6.34531927108765,16.9813213348389
"2024-04-07 23:32:30.0000",8.79,66.66,1.34330725669861,5.75993919372559,20.8059597015381
"2024-04-08 00:02:31.0000",9.72,63.76,1.11241710186005,4.9319224357605,15.6005220413208
"2024-04-08 00:32:07.0000",8.34,66.67,1.06421160697937,4.73037338256836,13.8812065124512
"2024-04-08 01:02:03.0000",7.92,67.5,0.863469362258911,4.46726655960083,13.0857906341553
"2024-04-08 01:31:55.0000",8.06,67.74,1.00726532936096,4.74072647094727,16.8802356719971
"2024-04-08 02:01:38.0000",8.23,68.02,5.17063140869141,9.39779567718506,23.5929718017578
"2024-04-08 02:31:29.0000",8.28,68.35,1.23959028720856,5.84198045730591,13.1998453140259
"2024-04-08 03:01:26.0000",8.39,68.79,1.56051063537598,7.58082103729248,21.1277923583984
"2024-04-08 03:31:13.0000",8.34,69.22,1.62682342529297,8.32906818389893,22.6957530975342
"2024-04-08 04:01:15.0000",8.21,69.88,2.0487585067749,9.55657291412354,19.7567291259766
"2024-04-08 04:30:57.0000",8.15,70.54,2.53716778755188,11.1758260726929,26.3233318328857
"2024-04-08 05:00:54.0000",8.16,71.14,2.40179324150085,13.1030054092407,30.2764644622803
"2024-04-08 05:30:36.0000",8.21,71.74,3.256911277771,15.6436948776245,36.0777435302734
"2024-04-08 06:00:28.0000",8.21,72.55,3.46366119384766,17.3187961578369,37.4821166992188
"2024-04-08 06:30:20.0000",8.33,73.01,3.01897668838501,14.125036239624,36.7533149719238
"2024-04-08 07:00:17.0000",8.67,73.4,2.35737824440002,9.92976188659668,18.1798095703125
"2024-04-08 07:30:14.0000",9.03,73.53,1.68498516082764,7.74016189575195,15.2622051239014
"2024-04-08 08:00:11.0000",9.43,73.98,1.7203506231308,6.31563425064087,10.5383386611938
"2024-04-08 08:29:58.0000",9.95,73.91,1.39723992347717,4.32556915283203,9.05748081207275
"2024-04-08 08:59:55.0000",10.6,74.41,1.47907316684723,6.55508089065552,11.637770652771
"2024-04-08 09:30:00.0000",14.01,72.5,1.32137048244476,5.92926502227783,12.6293506622314
"2024-04-08 09:59:51.0000",13.88,72.35,2.30375361442566,11.0373287200928,19.0153732299805
"2024-04-08 10:29:36.0000",13.61,72.25,2.26800131797791,11.3318719863892,29.3175487518311
"2024-04-08 10:59:28.0000",13.99,72.53,2.36212229728699,10.933217048645,23.5176677703857
"2024-04-08 11:29:20.0000",15.45,71.55,2.07394647598267,9.90203094482422,22.6746158599854
"2024-04-08 11:59:12.0000",14.52,70.41,1.94243443012238,9.13510704040527,18.3151321411133
"2024-04-08 12:29:16.0000",13.47,70.38,1.82068872451782,9.23692893981934,20.2633647918701
"2024-04-08 12:59:02.0000",13.34,69.84,1.54798460006714,6.71259784698486,12.0439910888672
"2024-04-08 13:28:48.0000",12.04,69.86,4.27400398254395,9.26200580596924,17.0110492706299
"2024-04-08 13:58:36.0000",11.76,70.71,26.5725765228271,32.4028663635254,41.5995063781738
"2024-04-08 14:28:32.0000",12.21,71.19,1.71100473403931,8.06089496612549,21.9711742401123
"2024-04-08 14:58:24.0000",12.37,71.1,1.51840424537659,7.3923192024231,18.4841842651367
"2024-04-08 15:28:18.0000",12.78,70.98,1.85019135475159,7.25999069213867,17.6107845306396
"2024-04-08 15:58:14.0000",13.27,70.56,1.42124819755554,5.95909881591797,15.1218957901001
"2024-04-08 16:28:09.0000",13,70.02,1.5508006811142,6.78968811035156,18.2220306396484
"2024-04-08 16:58:12.0000",12.92,69.61,1.60479390621185,6.76306533813477,14.7570152282715
"2024-04-08 17:28:05.0000",13.01,69.26,1.48044764995575,5.7100133895874,19.5260448455811
"2024-04-08 17:57:42.0000",12.85,69.03,1.49435603618622,5.22904539108276,9.15245723724365
"2024-04-08 18:27:38.0000",12.7,68.82,1.51635611057281,6.51225566864014,17.3917407989502
"2024-04-08 18:57:41.0000",12.51,68.83,1.37987971305847,5.52043342590332,11.7147588729858
"2024-04-08 19:27:28.0000",12.31,68.71,1.4225093126297,5.45845127105713,12.1673078536987
"2024-04-08 19:57:15.0000",12.12,68.84,1.70284831523895,7.11021423339844,22.3582725524902
"2024-04-08 20:27:22.0000",12.17,68.98,1.55958950519562,5.76577377319336,13.0508651733398
"2024-04-08 20:57:04.0000",11.18,69.4,2.44169592857361,14.2507753372192,44.1052780151367
"2024-04-08 21:26:50.0000",9.9,72.14,3.07231402397156,13.0896615982056,40.5631103515625
"2024-04-08 21:56:56.0000",9.96,72.62,3.19183707237244,13.6340742111206,35.9596710205078
"2024-04-08 22:26:48.0000",9.88,73.81,3.3842830657959,13.6780500411987,35.8183479309082
"2024-04-08 22:56:38.0000",9.81,75.25,3.50769639015198,12.2995529174805,27.5372104644775
"2024-04-08 23:26:35.0000",9.9,76.29,4.54362869262695,14.5135097503662,26.6742877960205
"2024-04-08 23:56:23.0000",9.94,76.9,5.55682420730591,14.3625392913818,25.400203704834
"2024-04-09 00:26:15.0000",9.9,77.03,4.27415084838867,11.3488178253174,22.7921199798584
"2024-04-09 00:56:13.0000",9.63,77.29,1.41008377075195,7.10954618453979,16.1029262542725
"2024-04-09 01:25:52.0000",8.66,77.71,1.49713540077209,7.08987140655518,25.0331611633301
"2024-04-09 01:55:44.0000",8.33,77.79,1.46266889572144,6.90079879760742,20.1813621520996
"2024-04-09 02:25:36.0000",8.17,77.74,1.38006067276001,6.37419700622559,20.4233741760254
"2024-04-09 02:55:28.0000",7.78,77.46,1.35629045963287,6.30413198471069,18.8633155822754
"2024-04-09 03:25:15.0000",7.33,77.56,7.82733869552612,14.6775007247925,33.6278953552246
"2024-04-09 03:55:06.0000",7.19,77.59,1.9824515581131,8.10160636901855,25.6500225067139
"2024-04-09 04:25:04.0000",6.87,77.45,1.52769351005554,7.80174493789673,25.2877464294434
"2024-04-09 04:54:56.0000",7.11,77.99,1.69006311893463,7.56251049041748,25.973316192627
"2024-04-09 05:24:49.0000",7.43,77.89,1.52157056331635,6.9781436920166,17.2168350219727
"2024-04-09 05:54:51.0000",7.41,79.77,1.98803377151489,9.12852954864502,25.3952827453613
"2024-04-09 06:24:37.0000",6.87,82.14,1.97308969497681,10.3268709182739,26.2036800384521
"2024-04-09 06:54:24.0000",6.49,83.19,1.61465859413147,9.85765838623047,24.7867965698242
"2024-04-09 07:24:23.0000",6.23,82.26,1.38026642799377,8.44447135925293,26.012638092041
"2024-04-09 07:54:29.0000",7.06,78.06,0.81883841753006,4.43463611602783,9.22855663299561
"2024-04-09 08:24:05.0000",6.04,81.58,0.654693305492401,4.50820636749268,14.047233581543
"2024-04-09 08:53:58.0000",6.14,81.82,0.725061058998108,4.88924074172974,11.9980773925781
"2024-04-09 09:24:00.0000",6.26,81.97,0.635107457637787,5.32884883880615,24.0446395874023
"2024-04-09 09:53:52.0000",6.61,82.2,1.61540150642395,10.5424909591675,31.6942195892334
"2024-04-09 10:23:50.0000",6.69,82.44,1.79217100143433,9.51450061798096,24.3335361480713
"2024-04-09 10:53:48.0000",6.93,82.25,1.91787338256836,9.03200149536133,29.7105407714844
"2024-04-09 11:23:46.0000",8.1,78.5,2.55289912223816,11.1458530426025,34.6869163513184
"2024-04-09 11:53:35.0000",7.56,82.04,1.82030773162842,7.83936786651611,18.4795265197754
"2024-04-09 12:23:23.0000",8.44,81.88,1.97791612148285,7.96785354614258,21.6815147399902
"2024-04-09 12:53:08.0000",8.57,81.38,1.62565433979034,6.74575090408325,20.0225677490234
"2024-04-09 13:23:03.0000",9.08,81.27,1.69279205799103,6.2634105682373,18.0651397705078
"2024-04-09 13:53:04.0000",13.4,80.61,2.74537014961243,9.9767017364502,21.766658782959
"2024-04-09 14:22:54.0000",12.41,77.61,3.3746485710144,13.4164237976074,36.1825294494629
"2024-04-09 14:52:53.0000",13,74.25,2.37627863883972,8.66184139251709,20.8005714416504
"2024-04-09 15:22:38.0000",11.43,73.44,1.69989597797394,7.01640796661377,15.6177968978882
"2024-04-09 15:52:25.0000",10.2,71.8,2.71715927124023,11.5874118804932,34.733757019043
"2024-04-09 16:22:22.0000",11.28,75.26,5.43800449371338,13.3243885040283,35.0410537719727
"2024-04-09 16:52:15.0000",11.6,71.86,1.84363186359406,7.65676212310791,22.0967350006104
"2024-04-09 17:22:06.0000",10.97,70.55,2.25169968605042,8.26557064056396,24.5350799560547
"2024-04-09 17:51:58.0000",10.29,70.05,1.65452134609222,7.88146686553955,22.507511138916
"2024-04-09 18:21:45.0000",9.36,69.99,1.78108024597168,6.70041036605835,21.494649887085
"2024-04-09 18:51:38.0000",8.72,70.27,1.53950250148773,6.93574142456055,21.0767612457275
"2024-04-09 19:21:24.0000",8.2,70.59,2.88730573654175,11.3499917984009,36.19384765625
"2024-04-09 19:51:16.0000",7.93,71.09,1.79967021942139,8.47767734527588,40.5935554504395
"2024-04-09 20:21:08.0000",7.75,71.02,1.6561644077301,8.24834251403809,26.2835311889648
"2024-04-09 20:51:10.0000",7.35,71.18,2.41783499717712,9.52706813812256,35.0431137084961
"2024-04-09 21:20:57.0000",7.03,71.54,2.08451342582703,9.74071407318115,37.2949447631836
"2024-04-09 21:50:54.0000",6.93,71.94,1.70028901100159,9.56780052185059,35.9402046203613
"2024-04-09 22:20:42.0000",6.76,72.21,1.63270223140717,8.38862419128418,22.6919994354248
"2024-04-09 22:50:38.0000",6.57,72.42,1.4688538312912,7.85366582870483,25.332389831543
"2024-04-09 23:20:30.0000",6.44,72.67,1.50234413146973,7.52744102478027,20.8517303466797
"2024-04-09 23:50:22.0000",6.34,72.95,1.60444259643555,7.78994226455688,28.0694351196289
"2024-04-10 00:20:15.0000",6.04,73.17,1.43900465965271,7.83280944824219,43.9902038574219
"2024-04-10 00:50:06.0000",5.91,73.63,2.72675752639771,7.7393970489502,23.6040802001953
"2024-04-10 01:19:58.0000",5.83,73.91,0.962459444999695,5.40120792388916,15.955753326416
"2024-04-10 01:49:45.0000",5.53,73.65,0.812576770782471,4.24981451034546,12.6410655975342
"2024-04-10 02:19:37.0000",5.06,73.66,44.9544982910156,47.4693565368652,52.4369354248047
"2024-04-10 02:49:29.0000",4.75,73.75,0.888599991798401,4.90110445022583,13.7993583679199
"2024-04-10 03:19:21.0000",4.33,74.16,11.6456604003906,14.5863971710205,19.3854103088379
"2024-04-10 03:49:08.0000",4.29,74.41,0.93880695104599,5.13058376312256,29.7630100250244
"2024-04-10 04:19:05.0000",4.48,74.82,18.488676071167,21.4998340606689,27.3302097320557
"2024-04-10 04:49:03.0000",4.96,74.91,0.922779679298401,4.03851652145386,16.8593502044678
"2024-04-10 05:18:59.0000",5.42,74.95,0.848909497261047,3.91720080375671,8.9701452255249
"2024-04-10 05:48:52.0000",5.45,75.06,0.833259999752045,4.64632892608643,13.5483894348145
"2024-04-10 06:18:44.0000",5.37,75.42,0.935914993286133,5.04724740982056,19.2561569213867
"2024-04-10 06:48:46.0000",5.82,75.8,0.783465802669525,4.34314441680908,12.7149267196655
"2024-04-10 07:18:33.0000",6.3,75.49,0.897581160068512,4.53638601303101,15.7976913452148
"2024-04-10 07:48:25.0000",6.5,75.57,1.09563171863556,5.51984214782715,12.8911809921265
"2024-04-10 08:18:17.0000",6.13,75.83,1.11870455741882,6.15695095062256,17.3107891082764
"2024-04-10 08:48:09.0000",6.04,76.73,1.7089980840683,7.32582855224609,17.7651691436768
"2024-04-10 09:18:01.0000",6.66,77.34,1.70150470733643,8.75932502746582,25.0736064910889
"2024-04-10 09:47:58.0000",7.22,77.51,1.50658106803894,8.97429656982422,22.5341205596924
"2024-04-10 10:18:01.0000",7.3,77.94,1.54689657688141,8.18954944610596,26.9964618682861
"2024-04-10 10:47:53.0000",7.53,78.6,1.82029461860657,8.62288379669189,22.7870101928711
"2024-04-10 11:17:55.0000",8.02,78.67,1.74771332740784,7.68393325805664,19.148494720459
"2024-04-10 11:47:47.0000",7.83,79.3,1.67771518230438,8.06601905822754,21.848014831543
"2024-04-10 12:17:45.0000",8.13,79.57,1.43070077896118,6.56912994384766,17.2434043884277
"2024-04-10 12:47:37.0000",8.51,79.93,1.10841488838196,4.71117925643921,9.14311027526855
"2024-04-10 13:17:27.0000",10.02,80.28,0.883684754371643,3.78121781349182,10.7294397354126
"2024-04-10 13:47:19.0000",10.88,80.36,0.487793415784836,1.99862408638,5.75354814529419
"2024-04-10 14:17:17.0000",13.1,80.56,0.310798943042755,1.09101724624634,2.87809276580811
"2024-04-10 14:47:14.0000",12.69,78.64,0.162043809890747,0.527453064918518,6.52174854278564
"2024-04-10 15:17:06.0000",11.89,79.39,0.419519335031509,0.732222378253937,2.28125143051147
"2024-04-10 15:46:58.0000",11.89,79.77,0.143371805548668,0.581197619438171,2.69667720794678
"2024-04-10 16:17:02.0000",13.25,79.59,0.252339661121368,0.656490206718445,2.43823409080505
"2024-04-10 16:46:47.0000",14.88,78.32,0.117097139358521,0.399704128503799,1.87091100215912
"2024-04-10 17:16:34.0000",14.41,76.73,0.256723582744598,0.962514519691467,3.71845102310181
"2024-04-10 17:46:26.0000",14.02,75.54,0.275672018527985,0.947842359542847,2.65968608856201
"2024-04-10 18:16:18.0000",13.5,75.05,0.151196643710136,0.665075063705444,2.66791033744812
"2024-04-10 18:46:05.0000",13.17,75.29,0.0755950585007668,0.307399779558182,2.14948654174805
"2024-04-10 19:16:02.0000",12.94,75.99,0.0787204653024673,0.235405430197716,1.7422331571579
"2024-04-10 19:45:48.0000",12.85,76.05,0.0779969766736031,0.190690279006958,1.58914256095886
"2024-04-10 20:15:41.0000",12.79,76.53,0.144861206412315,0.619989037513733,2.23881816864014
"2024-04-10 20:45:45.0000",12.84,77.37,0.148772284388542,0.667614638805389,2.51685833930969
"2024-04-10 21:15:30.0000",12.87,78,0.125456392765045,0.447214543819427,1.97705960273743
"2024-04-10 21:45:27.0000",12.33,78.11,0.295187771320343,0.931865990161896,2.97250056266785
"2024-04-10 22:15:19.0000",11.57,80.34,0.257143288850784,1.38640308380127,8.11697673797607
"2024-04-10 22:45:37.0000",11.17,80.63,0.211484491825104,1.011265873909,10.0827331542969
"2024-04-10 23:15:13.0000",11.26,80.58,0.15001480281353,0.704916775226593,3.90510272979736
"2024-04-10 23:45:10.0000",11.46,80.78,0.222571060061455,0.748359858989716,2.62093758583069
"2024-04-11 00:14:57.0000",11.4,80.7,0.158158391714096,0.699479818344116,2.48449921607971
"2024-04-11 01:14:42.0000",11.04,81.05,1.76870834827423,2.61480665206909,4.62187004089355
"2024-04-11 01:44:33.0000",11.32,81.89,0.46331062912941,1.68266916275024,7.21626949310303
"2024-04-11 02:14:25.0000",11.46,82.14,0.309440433979034,1.23241913318634,4.42467308044434
"2024-04-11 02:44:22.0000",11.5,81.99,0.383409082889557,1.35319244861603,6.43751764297485
"2024-04-11 03:14:19.0000",11.44,81.54,0.403848499059677,1.85302257537842,4.78174448013306
"2024-04-11 03:44:06.0000",11.34,81.3,0.454409062862396,1.38200676441193,2.97004771232605
"2024-04-11 04:14:07.0000",11.33,81.14,0.560620665550232,2.14511370658875,5.20358324050903
"2024-04-11 05:14:11.0000",12.54,77.21,0.526730060577393,1.81174111366272,3.69643640518188
"2024-04-11 05:43:50.0000",11.37,80.15,0.659363806247711,2.07660055160522,4.90438175201416
"2024-04-11 06:13:36.0000",11.31,80.32,0.667023420333862,2.51885294914246,5.45193529129028
"2024-04-11 06:43:35.0000",10.99,80.31,0.5859255194664,2.27241086959839,6.17603969573975
"2024-04-11 07:13:25.0000",11.32,80.57,0.716780841350555,2.4007453918457,9.30897903442383
"2024-04-11 07:43:23.0000",12.32,80.36,0.670773804187775,2.43882656097412,7.63837957382202
"2024-04-11 08:13:10.0000",13.26,79.96,0.820584237575531,3.49665832519531,7.85840129852295
"2024-04-11 08:43:15.0000",13.98,79.41,0.848316669464111,2.80236959457397,12.3138380050659
"2024-04-11 09:13:09.0000",14.64,78.92,1.18425166606903,4.86791133880615,11.6058149337769
"2024-04-11 09:43:02.0000",16.5,78.94,1.23562681674957,3.92277765274048,6.4094762802124
"2024-04-11 10:12:48.0000",18.46,75.03,1.24946451187134,4.22341728210449,8.05468654632568
"2024-04-11 10:42:46.0000",20.64,69.18,1.27315843105316,3.72272801399231,10.8120155334473
"2024-04-11 11:12:46.0000",18.89,70.02,1.15961742401123,4.18080759048462,11.5494680404663
"2024-04-11 11:42:31.0000",19.2,71.78,1.27714931964874,4.42588567733765,7.1721658706665
"2024-04-11 12:12:21.0000",20.16,67.86,1.32044160366058,4.60208749771118,11.8903284072876
"2024-04-11 12:42:19.0000",19.3,66.88,1.82136702537537,6.10034418106079,10.5788984298706
"2024-04-11 13:12:10.0000",18.9,64.79,1.88338780403137,6.21320390701294,10.1893844604492
"2024-04-11 13:41:52.0000",19.18,64.7,1.71129953861237,5.83842992782593,9.49373435974121
"2024-04-11 14:11:49.0000",18.41,63.04,1.10628616809845,4.0127854347229,6.36761617660522
"2024-04-11 14:41:48.0000",17.01,63.67,0.749869465827942,3.08446764945984,5.73303985595703
"2024-04-11 15:11:28.0000",15.94,65.04,0.735311448574066,2.71920680999756,13.8346939086914
"2024-04-11 15:41:20.0000",15.61,65.95,0.72967541217804,3.15255689620972,6.61022090911865
"2024-04-11 16:11:07.0000",14.45,67.23,1.42433381080627,5.84237289428711,12.6110219955444
"2024-04-11 16:40:54.0000",13.64,68.92,1.29379498958588,7.0126371383667,23.487907409668
"2024-04-11 17:10:52.0000",13.03,70.18,1.52597796916962,6.10296297073364,16.1745681762695
"2024-04-11 17:40:43.0000",13.04,70.88,1.71062445640564,6.24695014953613,14.5128393173218
"2024-04-11 18:10:35.0000",13.17,71.67,0.916990637779236,2.89942240715027,6.62223339080811
"2024-04-11 18:40:40.0000",13.27,72.39,0.394831985235214,1.04530251026154,4.22574853897095
"2024-04-11 19:10:29.0000",13.44,72.82,0.190304905176163,0.645069003105164,2.49295020103455
"2024-04-11 19:40:21.0000",13.63,73.1,0.120488502085209,0.222002819180489,1.61979699134827
"2024-04-11 20:10:13.0000",13.65,73.11,0.11306706815958,0.225188046693802,5.65704727172852
"2024-04-11 20:40:10.0000",13.52,73.3,0.0934391915798187,0.357432812452316,2.20375776290894
"2024-04-11 21:10:03.0000",13.5,73.61,0.122385695576668,0.414530515670776,1.88294613361359
"2024-04-11 21:39:51.0000",13.53,73.77,0.327229380607605,0.929173171520233,2.61197829246521
"2024-04-11 22:09:46.0000",13.37,73.97,0.586655914783478,1.81670749187469,5.93991231918335
"2024-04-11 22:39:40.0000",13.04,74.17,0.85758364200592,3.31665730476379,7.27838945388794
"2024-04-11 23:09:25.0000",12.74,74.27,0.77110081911087,3.25325894355774,8.11637210845947
"2024-04-11 23:39:12.0000",12.56,74.48,0.459336489439011,1.47812747955322,5.07492256164551
"2024-04-12 00:09:16.0000",12.25,74.39,0.233901530504227,0.829997658729553,2.48616695404053
"2024-04-12 00:39:21.0000",12.89,70.66,0.35968092083931,1.0310310125351,3.70582985877991
"2024-04-12 01:08:53.0000",11.4,73.43,0.117044068872929,0.245159327983856,1.64699983596802
"2024-04-12 01:38:40.0000",11.07,73.64,0.148806944489479,0.528393685817719,2.18676280975342
"2024-04-12 02:08:44.0000",11.22,73.79,0.147674426436424,0.481160849332809,2.05752563476562
"2024-04-12 02:38:29.0000",10.94,73.43,0.0968295186758041,0.507039964199066,2.64445352554321
"2024-04-12 03:08:22.0000",10.55,73.83,0.137741416692734,0.808764636516571,3.96640396118164
"2024-04-12 03:38:13.0000",10.43,73.74,0.861353278160095,3.87106108665466,11.705735206604
"2024-04-12 04:08:06.0000",10.39,73.85,6.60194540023804,8.87615966796875,12.0696773529053
"2024-04-12 04:37:57.0000",10.49,73.85,0.30002373456955,1.12956523895264,2.67810320854187
"2024-04-12 05:07:49.0000",10.76,73.76,53.4298324584961,55.0619201660156,57.0709114074707
"2024-04-12 05:37:41.0000",10.81,73.54,0.442731857299805,1.71894574165344,4.18879079818726
"2024-04-12 06:07:40.0000",10.7,73.71,0.876012682914734,4.21311521530151,13.2340755462646
"2024-04-12 06:37:29.0000",10.73,73.94,0.807462453842163,3.64754343032837,8.76085472106934
"2024-04-12 07:07:17.0000",11.01,74,0.59581583738327,2.50762104988098,4.85026931762695
"2024-04-12 07:37:09.0000",11.42,73.89,0.617175698280334,2.94655132293701,9.77764892578125
"2024-04-12 08:07:07.0000",11.76,73.73,0.693660020828247,3.01031231880188,10.8893270492554
"2024-04-12 08:36:59.0000",12.18,73.62,0.790719985961914,3.3939220905304,7.91104030609131
"2024-04-12 09:06:55.0000",12.56,73.47,0.736395299434662,3.12026643753052,12.6212921142578
"2024-04-12 09:36:47.0000",13.23,73.27,0.93817138671875,3.56983256340027,10.4330940246582
"2024-04-12 10:06:39.0000",14.32,72.47,1.41100740432739,6.25501871109009,15.7631492614746
"2024-04-12 10:36:40.0000",14.95,71.81,1.33081388473511,6.5524320602417,14.1922883987427
"2024-04-12 11:06:33.0000",15.65,71.51,4.44474077224731,9.54794692993164,21.0003108978271
"2024-04-12 11:36:33.0000",17.29,70,1.48423075675964,5.75870752334595,14.8013973236084
"2024-04-12 12:06:22.0000",17.25,69.22,2.82782244682312,7.39540338516235,20.6894016265869
"2024-04-12 12:36:24.0000",16.16,68.95,1.42578125,5.46753835678101,14.8578596115112
"2024-04-12 13:06:06.0000",16.93,68.6,1.23376476764679,4.94338750839233,11.7375211715698
"2024-04-12 13:36:14.0000",17.7,67.24,1.13374221324921,4.58343935012817,11.0988483428955
"2024-04-12 14:05:55.0000",16.85,65.09,1.04981696605682,4.35174751281738,9.00922298431396
"2024-04-12 14:35:48.0000",16.18,63.72,1.23680758476257,4.58379650115967,8.5145092010498
"2024-04-12 15:05:34.0000",16.19,62.53,1.29121661186218,4.97621917724609,12.6505146026611
"2024-04-12 15:35:36.0000",15.77,62.04,1.29141855239868,5.0938515663147,15.831470489502
"2024-04-12 16:05:29.0000",16.19,58.08,1.0007176399231,4.67996120452881,10.6603317260742
"2024-04-12 16:35:26.0000",16.36,56.12,1.32564830780029,4.71447324752808,17.1279678344727
"2024-04-12 17:05:13.0000",16.03,53.06,1.0411673784256,4.19192171096802,8.0048999786377
"2024-04-12 17:35:11.0000",16.06,53.72,1.13513553142548,4.6757173538208,13.8878288269043
"2024-04-12 18:05:06.0000",15.19,55.09,1.4654928445816,6.11784601211548,14.5704402923584
"2024-04-12 18:34:49.0000",14.17,56.82,1.36833512783051,5.8771767616272,15.8496541976929
"2024-04-12 19:04:47.0000",13.57,57.8,1.31173598766327,5.36226272583008,12.0370311737061
"2024-04-12 19:34:39.0000",13,58.63,1.47677707672119,6.15417814254761,11.4138793945312
"2024-04-12 20:04:35.0000",12.66,59.65,1.63514876365662,7.75371170043945,17.9068393707275
"2024-04-12 20:34:21.0000",12.45,60.64,1.45341420173645,6.33999061584473,11.0450706481934
"2024-04-12 21:04:18.0000",12.12,61.46,1.75499224662781,8.25404357910156,16.5903930664062
"2024-04-12 21:34:12.0000",12.01,62.67,1.65258717536926,8.18527793884277,17.9565525054932
"2024-04-12 22:04:04.0000",11.73,63.44,1.89456582069397,9.1481466293335,22.5303573608398
"2024-04-12 22:33:45.0000",11.6,64.18,1.8450915813446,8.4159688949585,15.6037559509277
"2024-04-12 23:03:43.0000",11.49,65.35,2.51853632926941,9.6245002746582,20.8494625091553
"2024-04-12 23:33:39.0000",11.37,66.38,1.65272760391235,7.75831604003906,17.7772235870361
"2024-04-13 00:03:28.0000",10.98,66.76,1.56453025341034,6.93498134613037,13.0953769683838
"2024-04-13 00:33:18.0000",10.87,68.05,0.97781902551651,4.95247793197632,10.7581119537354
"2024-04-13 01:03:10.0000",10.65,68.96,0.958161294460297,4.2400279045105,10.2041959762573
"2024-04-13 01:33:02.0000",10.44,69.76,0.653003394603729,3.2421703338623,13.6195983886719
"2024-04-13 02:02:49.0000",10.34,70.8,0.545548975467682,2.2142117023468,5.49249172210693
"2024-04-13 02:32:42.0000",10.33,71.17,0.501110374927521,2.10609769821167,7.56317520141602
"2024-04-13 03:02:33.0000",10.46,71.68,0.373433828353882,1.50244641304016,3.92940711975098
"2024-04-13 03:32:25.0000",10.32,71.57,2.46537828445435,3.25777530670166,5.56165027618408
"2024-04-13 04:02:17.0000",10.28,71.59,0.289266914129257,0.923553049564362,3.53968453407288
"2024-04-13 04:32:09.0000",10.05,71.78,0.307809740304947,1.52525806427002,4.4456205368042
"2024-04-13 05:01:55.0000",9.78,72.08,0.508404910564423,2.0619421005249,4.81163930892944
"2024-04-13 05:31:53.0000",9.49,72.54,9.50465869903564,12.4335355758667,17.6793689727783
"2024-04-13 06:01:45.0000",9.7,73.06,16.2106018066406,20.052267074585,29.0761260986328
"2024-04-13 06:31:37.0000",10.07,73.11,1.06903564929962,5.15983486175537,10.9714441299438
"2024-04-13 07:01:34.0000",10.44,73.28,0.791488409042358,3.33541297912598,8.77885150909424
"2024-04-13 07:31:36.0000",10.84,73.24,53.4298973083496,55.0489616394043,57.4142303466797
"2024-04-13 08:01:23.0000",11.73,72.84,0.136642768979073,0.539013385772705,2.82809543609619
"2024-04-13 08:31:15.0000",12.17,72.56,0.115112371742725,0.608140408992767,2.60688281059265
"2024-04-13 09:01:17.0000",12.2,72.26,0.127578094601631,0.469700813293457,2.2488420009613
"2024-04-13 09:31:14.0000",12.54,72.21,0.128585338592529,0.466870754957199,2.26565837860107
"2024-04-13 10:00:56.0000",12.29,72.12,0.139950111508369,0.387882053852081,1.90459859371185
"2024-04-13 10:30:53.0000",11.73,72.6,0.137327283620834,0.626600861549377,3.53691172599792
"2024-04-13 11:00:50.0000",11.48,73.65,0.104788601398468,0.489248692989349,6.64030265808105
"2024-04-13 11:30:42.0000",13.11,73.54,0.220471784472466,0.535002291202545,3.35228180885315
"2024-04-13 12:00:34.0000",13.36,72.21,0.141502782702446,0.37159076333046,1.8073822259903
"2024-04-13 12:30:26.0000",13.17,72.73,0.116024829447269,0.486664354801178,2.83165836334229
"2024-04-13 13:00:19.0000",13.95,72.01,0.129199057817459,0.489960998296738,3.13003039360046
"2024-04-13 13:30:16.0000",15.27,69.97,5.3977255821228,5.88498020172119,8.96672916412354
"2024-04-13 14:00:07.0000",16.65,67.08,0.245513901114464,1.12173986434937,3.48998665809631
"2024-04-13 14:30:04.0000",17.47,62.55,0.250240296125412,0.761654019355774,3.29160642623901
"2024-04-13 14:59:57.0000",16.36,59.65,0.483107060194016,1.66599202156067,12.8394250869751
"2024-04-13 15:29:48.0000",16.17,58.06,0.497343927621841,1.84549033641815,4.31026649475098
"2024-04-13 15:59:37.0000",13.55,61.54,1.5877788066864,8.63158130645752,31.243501663208
"2024-04-13 16:29:22.0000",11.25,65.82,1.59313774108887,7.29322147369385,18.7046718597412
"2024-04-13 16:59:14.0000",11.57,67.92,1.80239772796631,7.8688383102417,19.9685459136963
"2024-04-13 17:29:11.0000",11.72,67.54,20.1968173980713,25.914587020874,37.1821098327637
"2024-04-13 17:58:58.0000",11.4,67.86,1.73469257354736,7.61425638198853,15.726939201355
"2024-04-13 18:28:46.0000",10.86,67.81,6.94227027893066,13.8742961883545,27.8911991119385
"2024-04-13 18:58:37.0000",10.2,68,2.11749410629272,7.65444755554199,14.7437524795532
"2024-04-13 19:28:30.0000",9.59,68.32,1.62835240364075,8.15109252929688,24.2089920043945
"2024-04-13 19:58:21.0000",9.26,68.28,1.51924610137939,6.3269248008728,15.5728416442871
"2024-04-13 20:28:14.0000",9.16,68.12,2.01688694953918,7.56471300125122,22.6692199707031
"2024-04-13 20:58:05.0000",8.89,68.11,1.41577482223511,6.17900896072388,15.6536521911621
"2024-04-13 21:28:03.0000",8.64,68.27,1.77053618431091,6.71232414245605,14.8063287734985
"2024-04-13 21:57:49.0000",8.45,68.39,1.5170031785965,6.77570056915283,13.1123628616333
"2024-04-13 22:27:51.0000",9.42,65.54,1.98305881023407,7.12427186965942,15.6992301940918
"2024-04-13 22:57:33.0000",8.12,68.26,1.79801523685455,6.67227935791016,18.4191741943359
"2024-04-13 23:27:25.0000",7.71,68.56,1.08434772491455,4.31415271759033,14.576096534729
"2024-04-13 23:57:17.0000",7.59,68.61,1.26113998889923,5.42034196853638,14.697135925293
"2024-04-14 00:27:09.0000",7.45,68.73,1.81749534606934,6.24422788619995,19.6104145050049
"2024-04-14 00:57:03.0000",7.27,68.98,1.2174243927002,6.42566013336182,30.6858654022217
"2024-04-14 01:26:58.0000",7.07,69.25,1.47200119495392,7.90440845489502,26.4073371887207
"2024-04-14 01:56:50.0000",7.03,69.56,1.40134942531586,6.91020727157593,20.8162021636963
"2024-04-14 02:26:42.0000",6.9,69.86,1.39516603946686,6.52485036849976,17.2354431152344
"2024-04-14 02:56:39.0000",6.75,69.94,1.33065545558929,7.65491819381714,28.2872638702393
"2024-04-14 03:26:27.0000",6.69,70.12,1.27106249332428,6.76013898849487,27.1250343322754
"2024-04-14 03:56:25.0000",6.6,70.45,1.33477520942688,5.74791240692139,15.1020536422729
"2024-04-14 04:26:11.0000",6.43,70.69,1.56406021118164,8.23908519744873,19.3920497894287
"2024-04-14 04:56:04.0000",6.37,71.11,1.58696234226227,8.82793045043945,29.595609664917
"2024-04-14 05:25:49.0000",6.3,71.5,1.50825941562653,8.18857192993164,24.2804374694824
"2024-04-14 05:55:46.0000",6.34,72.12,1.30951571464539,7.24330520629883,25.2092685699463
"2024-04-14 06:25:38.0000",6.52,72.3,1.82076728343964,9.00054931640625,26.7278137207031
"2024-04-14 06:55:30.0000",6.87,72.29,1.57895839214325,7.48422336578369,16.6237716674805
"2024-04-14 07:25:32.0000",7.3,71.97,1.54736733436584,7.94834470748901,28.5534572601318
"2024-04-14 07:55:24.0000",7.86,71.56,1.44577443599701,6.14598798751831,24.3685417175293
"2024-04-14 08:25:21.0000",8.54,70.68,1.59839689731598,6.64351081848145,12.4843578338623
"2024-04-14 08:55:14.0000",9.8,69.47,1.22525751590729,5.88163757324219,17.8075580596924
"2024-04-14 09:25:21.0000",11.38,68.65,1.33486294746399,6.15158748626709,18.1646957397461
"2024-04-14 09:55:18.0000",12.61,65.28,1.22573053836823,5.30739164352417,22.3400173187256
"2024-04-14 10:25:10.0000",14.55,62.38,1.12784385681152,4.98753213882446,12.9249038696289
"2024-04-14 10:55:02.0000",16.3,58.67,1.01349127292633,4.30874490737915,10.4433631896973
"2024-04-14 11:24:54.0000",14.58,58.9,0.897530376911163,3.50585675239563,8.71608543395996
"2024-04-14 11:54:46.0000",13.72,57.39,0.878733098506927,3.94026684761047,10.052435874939
"2024-04-14 12:24:38.0000",13.32,58.4,1.38881540298462,4.79383087158203,13.0491762161255
"2024-04-14 12:54:30.0000",13.61,58.39,0.755444586277008,2.82994151115417,9.67005443572998
"2024-04-14 13:24:22.0000",13.72,56.59,0.77815717458725,3.46409201622009,7.44773769378662
"2024-04-14 13:54:19.0000",14.61,54.41,0.651671826839447,2.34827518463135,9.69560813903809
"2024-04-14 14:24:11.0000",14.03,54.09,0.789371609687805,3.42182064056396,9.72438907623291
"2024-04-14 14:54:13.0000",14.64,51.95,0.836260437965393,3.22453665733337,9.82888126373291
"2024-04-14 15:23:56.0000",13.07,51.83,0.726429522037506,2.60419392585754,7.66895723342896
"2024-04-14 15:53:47.0000",12.47,52.4,0.687138319015503,2.96315431594849,10.3417167663574
"2024-04-14 16:23:34.0000",11.81,53.43,0.76828545331955,3.82950925827026,13.0474100112915
"2024-04-14 16:53:26.0000",11.35,55.02,0.788542449474335,3.33270406723022,6.3833794593811
"2024-04-14 17:23:18.0000",11.2,56.11,0.698953032493591,2.94176363945007,8.89196681976318
"2024-04-14 17:53:10.0000",10.56,57.43,0.971145153045654,4.26383399963379,13.185417175293
"2024-04-14 18:23:07.0000",10.17,58.23,0.970222055912018,4.42421770095825,8.16954326629639
"2024-04-14 18:52:59.0000",9.62,59.03,0.70086658000946,3.084552526474,10.0385999679565
"2024-04-14 19:22:46.0000",8.92,60.5,0.945742785930634,4.64478302001953,11.1850643157959
"2024-04-14 19:52:33.0000",8.84,61.51,0.920564651489258,5.27752733230591,20.0399875640869
"2024-04-14 20:22:25.0000",8.95,62.35,0.992116808891296,4.93557357788086,15.132755279541
"2024-04-14 20:52:17.0000",9.05,63.28,1.15512275695801,5.47334289550781,14.3046417236328
"2024-04-14 21:22:09.0000",9.02,65,1.02793896198273,4.89862728118896,11.383092880249
"2024-04-14 21:51:56.0000",8.92,65.35,1.01744651794434,4.93180799484253,15.8156719207764
"2024-04-14 22:21:53.0000",8.67,67.19,1.21336984634399,5.76126956939697,16.3529644012451
"2024-04-14 22:51:40.0000",8.81,68.05,3.15640830993652,6.90029048919678,13.454888343811
"2024-04-14 23:21:37.0000",8.94,68.54,1.24004971981049,5.3238730430603,14.3471612930298
"2024-04-14 23:51:25.0000",8.49,69.74,1.20379412174225,5.36672496795654,14.1947317123413
"2024-04-15 00:21:16.0000",7.81,70.88,35.7190971374512,39.2690277099609,44.4324989318848
"2024-04-15 00:51:08.0000",7.78,72.5,0.976424634456635,4.63143110275269,10.021071434021
"2024-04-15 01:21:01.0000",7.82,72.97,0.848684668540955,3.59759020805359,9.2215633392334
"2024-04-15 01:50:57.0000",7.77,72.69,0.647013008594513,2.50377821922302,8.03578472137451
"2024-04-15 02:20:44.0000",7.92,72.6,1.26918303966522,5.23510217666626,10.3908100128174
"2024-04-15 02:50:41.0000",8.37,71.81,1.51340508460999,6.22819566726685,14.7299022674561
"2024-04-15 03:20:33.0000",8.55,71.52,1.27161014080048,5.31333494186401,13.6734809875488
"2024-04-15 03:50:25.0000",8.54,71.35,1.57995212078094,6.45552444458008,15.9596128463745
"2024-04-15 04:20:12.0000",7.15,73.14,1.5896360874176,7.71851873397827,15.7977161407471
"2024-04-15 04:50:04.0000",5.91,73.71,0.532357811927795,3.13031768798828,11.0415115356445
"2024-04-15 05:19:56.0000",5.14,74.39,0.673353552818298,4.23705434799194,15.1446151733398
"2024-04-15 05:49:53.0000",5.48,74.39,0.799532115459442,3.89860868453979,12.9852447509766
"2024-04-15 06:19:47.0000",5.68,74.23,0.723431885242462,3.50393390655518,7.06258058547974
"2024-04-15 06:49:37.0000",6,74.01,4.16777992248535,6.56730175018311,13.0490636825562
"2024-04-15 07:19:29.0000",6.55,73.68,0.783624112606049,3.956698179245,10.3783054351807
"2024-04-15 07:49:26.0000",6.65,73.58,1.8227151632309,7.81500720977783,22.1127281188965
"2024-04-15 08:19:13.0000",6.98,73.42,21.6567916870117,27.2351703643799,49.2691955566406
"2024-04-15 08:49:10.0000",7.68,71.48,1.59846222400665,6.3322958946228,19.6921730041504
"2024-04-15 09:18:57.0000",7.78,69.83,1.91553783416748,7.86555576324463,26.8024635314941
"2024-04-15 09:48:49.0000",7.96,67.91,2.24380421638489,10.6144924163818,25.4069957733154
"2024-04-15 10:18:46.0000",9.6,66.08,2.50005960464478,9.596435546875,24.3158531188965
"2024-04-15 10:48:38.0000",10.2,65.99,3.33804202079773,9.63102054595947,20.8699111938477
"2024-04-15 11:18:35.0000",8.92,64.32,2.44815540313721,11.5792036056519,42.0988159179688
"2024-04-15 11:48:23.0000",7.64,68.37,2.45050740242004,10.8466262817383,25.8392486572266
"2024-04-15 12:18:29.0000",8.71,71.06,2.73961400985718,9.05831527709961,23.5637798309326
"2024-04-15 12:48:16.0000",12.76,65.37,1.894167304039,7.32666206359863,28.5726127624512
"2024-04-15 13:18:14.0000",13.01,62.5,2.01288890838623,7.85542488098145,28.1442909240723
"2024-04-15 13:48:16.0000",14.75,59.16,1.5719963312149,5.85483598709106,19.7544746398926
"2024-04-15 14:17:58.0000",15.72,56.1,1.83755934238434,7.33756685256958,18.8802795410156
"2024-04-15 14:47:55.0000",15.12,53.69,2.11555790901184,7.49438285827637,18.0235061645508
"2024-04-15 15:17:42.0000",13.81,53.59,2.14500260353088,8.26693058013916,17.8401317596436
"2024-04-15 15:47:30.0000",12.33,55.99,1.65162432193756,6.51843357086182,18.9096527099609
"2024-04-15 16:17:20.0000",12.33,55.79,1.57059824466705,6.05918455123901,11.6978454589844
"2024-04-15 16:47:18.0000",12.58,54.93,2.24423575401306,7.79198598861694,19.1675682067871
"2024-04-15 17:46:58.0000",9.45,57.21,2.07771229743958,9.69350910186768,28.0575923919678
"2024-04-15 18:16:44.0000",8.38,60.38,2.57099747657776,12.7392911911011,35.5046577453613
"2024-04-15 18:46:37.0000",8.12,65.42,2.1834237575531,10.0024032592773,31.7525520324707
"2024-04-15 19:16:32.0000",8.15,65.77,3.38682627677917,10.4974298477173,25.1757888793945
"2024-04-15 19:46:21.0000",7.68,66.16,1.7823212146759,8.51793766021729,29.2175445556641
"2024-04-15 20:16:17.0000",7.59,67.15,2.55749988555908,10.4426755905151,36.2687683105469
"2024-04-15 20:46:14.0000",8.05,67.76,2.5230073928833,12.1630535125732,34.5064659118652
"2024-04-15 21:16:13.0000",8.01,69.83,3.2612476348877,16.2945461273193,46.1775741577148
"2024-04-15 21:45:53.0000",7.92,72.25,3.24215650558472,14.5463552474976,33.6219711303711
"2024-04-15 22:15:44.0000",8.35,73.11,3.97714447975159,14.9576330184937,41.2239799499512
"2024-04-15 22:45:37.0000",8.49,73.45,3.04085278511047,12.3532104492188,28.6388607025146
"2024-04-15 23:15:34.0000",8.5,73.38,3.46563625335693,13.2408151626587,29.2329845428467
"2024-04-15 23:45:26.0000",8.38,73.88,3.53203845024109,14.7347383499146,34.3287200927734
"2024-04-16 00:15:12.0000",8.41,73.77,3.28739953041077,13.560152053833,32.9651985168457
"2024-04-16 00:45:04.0000",8.37,73.85,2.78914737701416,12.8525848388672,31.4421787261963
"2024-04-16 01:15:02.0000",8.36,73.94,3.13417911529541,14.9718008041382,34.5808296203613
"2024-04-16 01:44:54.0000",8.34,73.87,4.10061264038086,18.1167240142822,43.3245735168457
"2024-04-16 02:14:52.0000",8.32,74.21,2.42091536521912,11.4067230224609,20.1875743865967
"2024-04-16 02:44:43.0000",8.16,73.99,2.38635611534119,10.9507474899292,24.8940410614014
"2024-04-16 03:14:35.0000",8.07,74.14,2.53532767295837,11.2110204696655,32.6303787231445
"2024-04-16 03:44:33.0000",8.04,73.86,2.87725472450256,13.0105094909668,32.9063835144043
"2024-04-16 04:14:19.0000",8.06,73.75,2.3245849609375,11.1086988449097,28.1983528137207
"2024-04-16 04:44:11.0000",8.05,73.59,2.02591061592102,9.42615604400635,21.8704319000244
"2024-04-16 05:14:03.0000",7.98,73.22,2.71127223968506,11.0383501052856,26.3482913970947
"2024-04-16 05:43:55.0000",7.95,72.74,2.46849203109741,9.71061038970947,22.9709815979004
"2024-04-16 06:13:47.0000",7.87,71.65,2.40924596786499,9.54511642456055,26.3138389587402
"2024-04-16 06:43:34.0000",7.95,71.48,2.63532185554504,11.1144638061523,24.7643966674805
"2024-04-16 07:13:26.0000",8.22,71.03,4.41537427902222,11.7406730651855,21.9763469696045
"2024-04-16 07:43:18.0000",8.73,70.21,4.59754180908203,11.7706537246704,27.2421684265137
"2024-04-16 08:13:21.0000",8.83,69.8,1.97787809371948,9.21553134918213,22.1968536376953
"2024-04-16 08:43:07.0000",9.11,68.78,2.81964707374573,9.12087059020996,30.5017337799072
"2024-04-16 09:12:59.0000",10.3,67.2,2.1093590259552,8.31497287750244,18.8201026916504
"2024-04-16 09:42:51.0000",12.08,65.46,1.32537257671356,6.42065477371216,19.4269161224365
"2024-04-16 10:12:48.0000",13.71,60.7,1.3867369890213,5.47013235092163,13.214940071106
"2024-04-16 10:42:40.0000",14.65,57.98,1.9291752576828,7.30910634994507,13.9204263687134
"2024-04-16 11:12:33.0000",12.95,58.59,1.34461855888367,5.4323148727417,16.4554443359375
"2024-04-16 11:42:30.0000",17.42,54.24,1.28485321998596,4.45372200012207,14.2986936569214
"2024-04-16 12:12:26.0000",18.24,51.36,1.21991419792175,4.85834360122681,23.9434833526611
"2024-04-16 12:42:23.0000",19.27,49.51,0.985603272914886,3.61515736579895,15.8125696182251
"2024-04-16 13:12:16.0000",18.42,47.34,1.11867570877075,4.11475706100464,8.95988750457764
"2024-04-16 13:42:02.0000",17.7,47.23,1.24814414978027,4.60810565948486,13.5210666656494
"2024-04-16 14:11:55.0000",17.18,47.72,1.2440470457077,5.45927858352661,20.2461280822754
"2024-04-16 14:41:46.0000",17.89,47.97,0.963748931884766,3.72216558456421,8.17690658569336
"2024-04-16 15:11:38.0000",17.64,47.17,2.81898880004883,7.6948037147522,14.3886671066284
"2024-04-16 15:41:31.0000",16.32,46.97,1.26658082008362,4.31542205810547,16.4832630157471
"2024-04-16 16:11:17.0000",15.49,46.96,0.93415492773056,3.21438145637512,6.44905662536621
"2024-04-16 16:41:15.0000",14.77,48.14,1.20099854469299,5.59854173660278,17.2858734130859
"2024-04-16 17:11:01.0000",13.67,49.29,1.0513368844986,4.46839141845703,13.017409324646
"2024-04-16 17:40:54.0000",11.84,51.43,1.34573495388031,6.38449621200562,15.2350063323975
"2024-04-16 18:10:46.0000",10.65,53.85,1.38093888759613,5.78849458694458,15.2116861343384
"2024-04-16 18:40:37.0000",9.88,55.83,1.49035894870758,6.98866128921509,19.5975875854492
"2024-04-16 19:10:29.0000",9.2,57.38,1.66107404232025,8.49745082855225,25.6773414611816
"2024-04-16 19:40:26.0000",8.72,59.12,2.43094801902771,8.94341945648193,21.4523315429688
"2024-04-16 20:10:13.0000",8.3,60.4,1.62037944793701,7.89843082427979,17.7824325561523
"2024-04-16 20:40:33.0000",8.06,61.54,1.55414736270905,7.00778007507324,17.0507545471191
"2024-04-16 21:10:52.0000",7.93,62.71,1.46349358558655,6.79992294311523,22.6855144500732
"2024-04-16 21:39:50.0000",7.99,63.1,1.68887233734131,6.88014554977417,23.5082702636719
"2024-04-16 22:09:46.0000",7.78,64.76,1.02926707267761,5.42040157318115,17.584379196167
"2024-04-16 23:09:53.0000",7.77,64.14,4.17976903915405,9.23768043518066,14.5730838775635
"2024-04-16 23:39:18.0000",7.5,63.92,1.58439922332764,7.43566846847534,16.3423690795898
"2024-04-17 00:09:09.0000",7.19,63.85,1.28146851062775,5.75280284881592,19.6113605499268
"2024-04-17 00:39:01.0000",7.3,63.94,1.45744442939758,6.38230609893799,18.0925636291504
"2024-04-17 01:08:53.0000",6.77,63.84,1.2878246307373,6.21677112579346,24.5066089630127
"2024-04-17 01:38:46.0000",6.53,65.24,1.43839716911316,7.23284769058228,22.1431865692139
"2024-04-17 02:08:37.0000",6.53,66.54,1.16275751590729,5.49967813491821,22.8235321044922
"2024-04-17 02:38:57.0000",6.3,65.99,0.876006364822388,4.06964731216431,9.68857955932617
"2024-04-17 03:08:35.0000",6.43,66.96,1.24789810180664,6.154465675354,16.6444892883301
"2024-04-17 04:08:30.0000",6.18,66.36,1.11671471595764,4.43354034423828,8.57191753387451
"2024-04-17 05:08:28.0000",6.03,66.22,0.817868769168854,3.76511335372925,12.2293128967285
"2024-04-17 06:07:55.0000",6.3,65.4,1.53299140930176,4.74221038818359,10.9146480560303
"2024-04-17 06:37:45.0000",6.51,65.06,2.19511651992798,6.0359001159668,20.6812953948975
"2024-04-17 07:07:37.0000",6.95,62.97,1.27928972244263,4.76701736450195,12.9759750366211
"2024-04-17 07:37:30.0000",7.21,62.16,1.18167448043823,5.42220115661621,12.0280303955078
"2024-04-17 08:07:49.0000",8.08,60.6,0.89804881811142,3.82262992858887,14.631199836731
"2024-04-17 08:37:13.0000",8.45,59.3,1.29429459571838,5.10370826721191,14.5047254562378
"2024-04-17 09:07:12.0000",9.29,59.09,0.914662539958954,4.01264142990112,9.90741443634033
"2024-04-17 09:37:04.0000",10.84,57.66,1.00543141365051,4.15155839920044,8.38703060150146
"2024-04-17 10:06:58.0000",12.03,55.05,1.03418374061584,4.73388910293579,11.1718263626099
"2024-04-17 10:36:53.0000",12.89,53.11,1.10360586643219,3.80595207214355,8.73498916625977
"2024-04-17 11:06:44.0000",13.77,51.16,1.00783324241638,4.45906734466553,17.3571166992188
"2024-04-17 11:36:56.0000",14.52,47.77,1.0617743730545,4.34340333938599,16.0333671569824
"2024-04-17 12:06:28.0000",14.64,47.53,1.00657033920288,3.40793299674988,6.48128652572632
"2024-04-17 12:36:25.0000",15.06,45.86,1.06013405323029,3.84175372123718,9.654709815979
"2024-04-17 13:06:17.0000",15.55,44.74,0.865750789642334,3.52189517021179,7.66754245758057
"2024-04-17 13:36:14.0000",14.41,45.39,0.785385429859161,2.95144486427307,7.4213604927063
"2024-04-17 14:06:13.0000",14.53,45.38,0.830206871032715,3.08511233329773,10.9775972366333
"2024-04-17 14:36:03.0000",16.17,45.01,1.05283558368683,3.74481534957886,11.1362037658691
"2024-04-17 15:05:55.0000",15.11,45.98,1.23811233043671,4.32482671737671,11.3451461791992
"2024-04-17 15:35:47.0000",15.24,45.56,0.885995388031006,3.72449970245361,10.4613723754883
"2024-04-17 16:05:34.0000",14.05,45.99,1.07017958164215,3.82240056991577,11.0789937973022
"2024-04-17 16:35:26.0000",13.52,47.66,0.909095823764801,4.07765007019043,11.997106552124
"2024-04-17 17:05:19.0000",13.4,47.85,1.27153015136719,4.09333181381226,9.96285438537598
"2024-04-17 17:35:05.0000",11.22,50,1.54488110542297,4.99272346496582,17.0182437896729
"2024-04-17 18:05:14.0000",10.01,52.68,0.813272953033447,3.42652034759521,11.4042549133301
"2024-04-17 18:34:55.0000",9.51,54.01,0.943791508674622,4.01523017883301,18.0915946960449
"2024-04-17 19:04:46.0000",9.56,54.72,1.05062878131866,4.55326175689697,14.4897041320801
"2024-04-17 19:34:39.0000",8.91,55.89,1.20405030250549,4.63677024841309,12.5864000320435
"2024-04-17 20:04:30.0000",8.44,56.95,1.39005875587463,4.68092966079712,15.2331247329712
"2024-04-17 20:34:22.0000",8.15,58.12,4.74692726135254,9.26461124420166,21.8334312438965
"2024-04-17 21:04:14.0000",7.82,58.06,0.994211256504059,3.92817664146423,8.98092555999756
"2024-04-17 21:34:06.0000",7.44,57.55,0.95344877243042,3.01477742195129,7.86921834945679
"2024-04-17 22:03:53.0000",6.87,57.74,0.712606608867645,3.2337064743042,10.7210702896118
"2024-04-17 22:33:45.0000",6.38,57.87,3.74795770645142,6.49757480621338,9.88871765136719
"2024-04-17 23:03:33.0000",5.89,58.06,0.762030303478241,2.74743270874023,6.82571744918823
"2024-04-17 23:33:23.0000",5.36,58.37,0.866868436336517,2.50956392288208,7.72273731231689
"2024-04-18 00:03:16.0000",4.95,58.65,0.938001692295074,3.13700294494629,7.31030035018921
"2024-04-18 00:33:03.0000",4.51,59.01,1.04565644264221,3.72741150856018,6.61522245407104
"2024-04-18 01:03:11.0000",5.32,56.92,0.95149302482605,2.9268946647644,8.13330936431885
"2024-04-18 01:32:52.0000",4.02,59.67,1.0917352437973,2.88767838478088,5.7917914390564
"2024-04-18 02:02:44.0000",3.77,60.21,1.57005345821381,3.9623281955719,8.56437110900879
"2024-04-18 02:32:31.0000",3.44,60.62,1.06411719322205,3.00778317451477,8.92487049102783
"2024-04-18 03:02:38.0000",3.36,61.04,0.871120870113373,3.13888430595398,11.3520050048828
"2024-04-18 03:32:33.0000",3.17,61.47,0.939179003238678,3.2950587272644,9.025803565979
"2024-04-18 04:02:24.0000",3.12,62.04,0.813111901283264,3.29458117485046,9.10447978973389
"2024-04-18 04:32:15.0000",3.04,62.48,0.697014331817627,3.22034573554993,10.6235513687134
"2024-04-18 05:02:06.0000",2.98,62.94,0.818077802658081,2.52200126647949,4.72307586669922
"2024-04-18 05:31:58.0000",2.97,63.3,0.925000071525574,3.73991274833679,10.7647819519043
"2024-04-18 06:01:45.0000",3.4,63.8,0.947044491767883,3.54836416244507,6.72585153579712
"2024-04-18 06:31:42.0000",4.01,63.78,1.04779195785522,4.00792026519775,12.7017440795898
"2024-04-18 07:01:39.0000",4.69,64.02,0.863284885883331,3.62362217903137,9.65014934539795
"2024-04-18 07:31:37.0000",5.75,63.59,1.03570365905762,3.7505989074707,8.94628143310547
"2024-04-18 08:01:29.0000",6.53,63.51,1.07362544536591,4.21618938446045,16.5516834259033
"2024-04-18 08:31:26.0000",7.15,63.3,0.871452867984772,3.89478635787964,16.7078857421875
"2024-04-18 09:01:29.0000",9.72,62.27,0.942344427108765,3.5836706161499,11.1338748931885
"2024-04-18 09:31:16.0000",9.89,61.93,0.598087847232819,2.55674719810486,7.25011253356934
"2024-04-18 10:01:12.0000",10.56,61.34,0.56431645154953,2.48066353797913,5.30052423477173
"2024-04-18 10:31:04.0000",11.52,60.35,0.625689625740051,2.40534162521362,17.0478820800781
"2024-04-18 11:01:01.0000",11.8,59.29,0.585102736949921,2.181471824646,7.69504451751709
"2024-04-18 11:30:48.0000",11.94,59.59,0.842158615589142,3.55923008918762,7.89468383789062
"2024-04-18 12:00:45.0000",12.8,57.51,0.777052998542786,2.61928939819336,6.02778577804565
"2024-04-18 12:30:37.0000",12.18,56.8,0.656012117862701,3.02109575271606,7.51912975311279
"2024-04-18 13:00:29.0000",11.49,57.33,0.645921885967255,2.05261588096619,12.4869394302368
"2024-04-18 13:30:21.0000",10.43,57.89,0.501135468482971,2.04027557373047,4.47741842269897
"2024-04-18 14:00:12.0000",9.11,60.81,0.843585193157196,2.93649172782898,11.3805274963379
"2024-04-18 14:30:10.0000",8.23,64.4,0.514350593090057,2.04540181159973,8.30068874359131
"2024-04-18 15:00:02.0000",7.94,65.44,0.767111897468567,2.06368112564087,3.83653664588928
"2024-04-18 15:29:59.0000",8.08,66.72,0.605287969112396,2.41212630271912,6.37093496322632
"2024-04-18 15:59:46.0000",8.45,67.3,0.631386399269104,2.22926330566406,8.16916942596436
"2024-04-18 16:29:33.0000",8.17,67.78,0.717809915542603,3.0308780670166,10.8971853256226
"2024-04-18 16:59:26.0000",8.28,68.65,0.595705389976501,2.459712266922,6.36769771575928
"2024-04-18 17:29:22.0000",8.44,68.93,0.543487846851349,2.69014239311218,7.7939019203186
"2024-04-18 17:59:15.0000",8.37,69.61,0.673018574714661,3.02713918685913,12.3590297698975
"2024-04-18 18:29:06.0000",8.44,70.11,0.654978573322296,2.56168699264526,9.33589267730713
"2024-04-18 18:59:03.0000",8.59,70.58,0.67239373922348,3.04788613319397,13.0777044296265
"2024-04-18 19:28:56.0000",8.76,70.84,1.68976867198944,5.26847362518311,21.9922904968262
"2024-04-18 19:58:47.0000",9.05,70.95,2.12131929397583,7.12301969528198,20.6527938842773
"2024-04-18 20:28:39.0000",9.19,71.09,1.64487552642822,6.6251163482666,19.765100479126
"2024-04-18 20:58:36.0000",9.02,71.84,2.05774664878845,8.94573879241943,18.5921478271484
"2024-04-18 21:28:23.0000",8.96,72.5,2.35945129394531,10.6832494735718,28.3886299133301
"2024-04-18 21:58:15.0000",9.04,72.61,1.6777606010437,8.13056468963623,22.1782493591309
"2024-04-18 22:28:14.0000",9.18,72.53,2.18805885314941,9.39032173156738,22.6478099822998
"2024-04-18 22:58:09.0000",9.11,72.5,1.80978727340698,7.38347959518433,22.8781337738037
"2024-04-18 23:28:06.0000",9.1,72.78,2.04298734664917,9.80442428588867,22.8556518554688
"2024-04-18 23:57:59.0000",9.04,73.05,2.28409218788147,12.7337017059326,42.3166389465332
"2024-04-19 00:27:45.0000",8.95,73.36,2.18035507202148,12.1008081436157,34.2275238037109
"2024-04-19 00:57:38.0000",8.96,73.68,2.18048167228699,10.2500953674316,24.5716552734375
"2024-04-19 01:27:30.0000",8.97,73.88,2.45435428619385,11.9178504943848,27.0185146331787
"2024-04-19 01:57:22.0000",8.99,75.58,2.25682067871094,11.5920162200928,32.6133079528809
"2024-04-19 02:27:13.0000",8.92,75.85,2.08544373512268,10.0031461715698,25.3131942749023
"2024-04-19 02:57:06.0000",8.89,77.43,1.90873861312866,10.3051271438599,22.3495597839355
"2024-04-19 03:26:53.0000",8.91,77.5,1.73674213886261,8.57114696502686,24.7946643829346
"2024-04-19 03:56:44.0000",8.81,77.53,1.53440499305725,8.19218921661377,26.2173042297363
"2024-04-19 04:26:36.0000",8.86,77.55,1.37205564975739,7.03813743591309,22.2588539123535
"2024-04-19 04:56:29.0000",8.93,77.6,1.33162152767181,5.94309043884277,15.8061609268188
"2024-04-19 05:26:25.0000",9.01,78.62,2.119380235672,8.63092422485352,17.9245719909668
"2024-04-19 05:56:17.0000",8.86,78.88,2.07052612304688,9.9734525680542,23.722677230835
"2024-04-19 06:26:15.0000",8.74,80.18,1.76552629470825,9.02485752105713,28.1732769012451
"2024-04-19 06:56:02.0000",8.92,80.65,1.82294464111328,8.42080402374268,19.7320327758789
"2024-04-19 07:25:58.0000",8.83,80.2,1.2443208694458,5.70058107376099,12.0337266921997
"2024-04-19 07:55:51.0000",8.87,79.61,1.60836458206177,6.16384744644165,14.3631820678711
"2024-04-19 08:25:42.0000",9.08,79.42,1.54100239276886,6.60037422180176,18.8219394683838
"2024-04-19 08:55:35.0000",9.83,79.17,1.04813611507416,4.83865737915039,13.9750661849976
"2024-04-19 09:25:32.0000",11.92,76.81,2.77915978431702,8.01525688171387,19.4036540985107
"2024-04-19 09:55:29.0000",15.13,65.74,1.43667078018188,6.47224235534668,13.7149934768677
"2024-04-19 10:25:20.0000",15.76,59.92,3.77651405334473,10.3140182495117,21.4237194061279
"2024-04-19 10:55:18.0000",16.72,55.87,2.49535131454468,7.26557111740112,12.9837799072266
"2024-04-19 11:25:15.0000",17.56,54.21,2.23510599136353,6.19829130172729,14.4284820556641
"2024-04-19 11:55:09.0000",17.85,51.93,4.39751768112183,9.76557064056396,16.378791809082
"2024-04-19 12:25:04.0000",17.92,49.65,2.964595079422,8.07610416412354,17.4993495941162
"2024-04-19 12:54:56.0000",18.61,49.14,2.76544833183289,7.6214485168457,21.2238807678223
"2024-04-19 13:24:53.0000",18.52,48.33,2.54869055747986,7.43571043014526,36.7888565063477
"2024-04-19 13:54:45.0000",18.29,47.85,3.01154351234436,7.72795391082764,17.7248992919922
"2024-04-19 14:24:32.0000",18.08,47.51,3.51104044914246,8.21652030944824,15.947681427002
"2024-04-19 14:54:25.0000",17.67,47.34,3.46718335151672,8.07793521881104,14.8900909423828
"2024-04-19 15:24:11.0000",16.92,47.63,2.85225820541382,6.06544303894043,11.9435129165649
"2024-04-19 15:54:03.0000",16.38,49.02,3.00158095359802,6.9804573059082,15.129264831543
"2024-04-19 16:24:00.0000",16.93,47.32,3.25668931007385,7.89756631851196,20.6393661499023
"2024-04-19 16:53:49.0000",14.87,51.33,5.45263385772705,10.9780721664429,24.1220035552979
"2024-04-19 17:23:34.0000",13.67,52.61,3.11286592483521,8.5659761428833,20.7352504730225
"2024-04-19 17:53:40.0000",11.85,56.18,2.74529194831848,7.94914388656616,19.2432308197021
"2024-04-19 18:23:17.0000",10.93,58.85,2.94229102134705,9.47260856628418,21.3591327667236
"2024-04-19 18:53:10.0000",10.8,59.66,1.47120785713196,3.66178798675537,6.63922119140625
"2024-04-19 19:22:58.0000",10.47,59.64,0.981798112392426,2.4580512046814,9.40504169464111
"2024-04-19 19:52:48.0000",10.06,59.81,1.70454347133636,4.25804376602173,14.6489458084106
"2024-04-19 20:23:01.0000",10.88,57.62,2.10483479499817,5.512770652771,14.866005897522
"2024-04-19 20:52:33.0000",9.34,60.45,1.86851382255554,4.99519109725952,14.2351512908936
"2024-04-19 21:22:19.0000",8.29,60.64,1.43631231784821,5.72639226913452,18.6629753112793
"2024-04-19 21:52:17.0000",7.64,60.64,1.37057089805603,4.55944299697876,10.3968343734741
"2024-04-19 22:22:08.0000",7.22,60.38,1.37422156333923,4.19160747528076,9.8351936340332
"2024-04-19 22:52:06.0000",6.81,60.6,1.32344377040863,4.28421926498413,14.711217880249
"2024-04-19 23:21:52.0000",6.38,60.87,1.45510995388031,4.4819712638855,10.6950521469116
"2024-04-19 23:51:50.0000",6,61.18,1.50324726104736,3.95752239227295,7.76088094711304
"2024-04-20 00:21:45.0000",5.7,61.56,1.40213429927826,4.64380979537964,10.7801456451416
"2024-04-20 00:51:24.0000",5.37,61.97,1.82066082954407,5.49422168731689,12.8539295196533
"2024-04-20 01:21:27.0000",5.02,62.51,1.29703974723816,4.77657794952393,12.9182825088501
"2024-04-20 01:51:18.0000",4.74,62.63,1.63826131820679,5.67941904067993,14.6490783691406
"2024-04-20 02:21:09.0000",4.46,62.81,1.44405496120453,4.75399255752563,8.03402328491211
"2024-04-20 02:50:57.0000",4.21,63.01,1.28101599216461,4.84838104248047,14.7615633010864
"2024-04-20 03:20:57.0000",3.93,63.18,1.33232247829437,5.55704116821289,18.5555191040039
"2024-04-20 03:50:46.0000",3.72,63.43,3.07296347618103,7.04743003845215,20.1865539550781
"2024-04-20 04:20:32.0000",3.5,63.75,1.74038481712341,5.5193076133728,23.2842273712158
"2024-04-20 04:50:29.0000",3.24,64.21,1.72576975822449,5.8690619468689,17.4180393218994
"2024-04-20 05:20:07.0000",3.24,64.68,1.94107103347778,6.20003128051758,12.8851280212402
"2024-04-20 05:50:13.0000",4.68,62.41,2.19336462020874,6.88492870330811,13.2288637161255
"2024-04-20 06:19:55.0000",4.17,65.56,2.18845319747925,5.79064607620239,11.9155197143555
"2024-04-20 06:49:53.0000",4.9,66.16,1.8194727897644,5.86311483383179,20.2199153900146
"2024-04-20 07:19:45.0000",5.85,66.08,1.71915209293365,4.69926881790161,16.8046360015869
"2024-04-20 07:49:36.0000",6.74,65.48,0.656590819358826,2.73321318626404,15.6640644073486
"2024-04-20 08:19:30.0000",7.66,64.77,0.702569842338562,2.32389640808105,8.94076824188232
"2024-04-20 08:49:25.0000",9.58,63.53,0.885612010955811,3.21578240394592,6.91507959365845
"2024-04-20 09:19:18.0000",10.62,62.67,0.929984569549561,3.07347869873047,7.23818397521973
"2024-04-20 09:49:16.0000",12.16,61.8,1.01666975021362,3.31599283218384,7.1335768699646
"2024-04-20 10:19:12.0000",16.3,57.43,0.904554843902588,3.47328782081604,15.1538953781128
"2024-04-20 10:48:59.0000",15.06,57.13,0.977877259254456,3.37844371795654,6.39494848251343
"2024-04-20 11:18:56.0000",16.02,55.4,0.831646382808685,3.29719209671021,15.5411405563354
"2024-04-20 11:48:53.0000",17.01,53.1,0.896295666694641,3.0089635848999,7.20224618911743
"2024-04-20 12:18:41.0000",15.29,51.54,0.749169528484344,2.52692484855652,6.78953695297241
"2024-04-20 12:48:33.0000",16.38,50.97,1.08123576641083,2.81928038597107,9.67739677429199
"2024-04-20 13:18:29.0000",17.35,49.23,0.782737672328949,2.53527140617371,7.76379728317261
"2024-04-20 13:48:32.0000",20.58,46.8,0.786753535270691,2.72202038764954,7.93761873245239
"2024-04-20 14:18:19.0000",21.95,45.34,0.930282711982727,3.17718458175659,6.48389959335327
"2024-04-20 14:48:10.0000",21.9,43.75,0.859338998794556,3.07234358787537,8.09411716461182
"2024-04-20 15:18:03.0000",20.79,41.7,0.593614399433136,1.88090336322784,7.26894330978394
"2024-04-20 15:47:50.0000",19.78,40.15,0.882603347301483,1.98046684265137,3.6855161190033
"2024-04-20 16:17:41.0000",18.64,39.26,0.699993252754211,2.0823929309845,7.1656928062439
"2024-04-20 16:47:34.0000",17.41,40.51,0.893714070320129,3.61406230926514,10.4898977279663
"2024-04-20 17:17:20.0000",15.69,42.36,1.06342172622681,3.71360421180725,13.0878324508667
"2024-04-20 17:47:07.0000",13.58,44.4,1.1273820400238,4.05114841461182,10.457257270813
"2024-04-20 18:16:55.0000",12.13,46.82,1.14743995666504,3.94546914100647,9.68204784393311
"2024-04-20 18:46:46.0000",11.29,48.32,1.79608690738678,4.85779762268066,13.7200288772583
"2024-04-20 19:16:33.0000",10.48,50.12,1.04938697814941,4.13300800323486,11.3537883758545
"2024-04-20 19:46:25.0000",9.78,52.06,1.11449563503265,4.28670454025269,13.9749984741211
"2024-04-20 20:16:17.0000",9.37,54.22,1.23686873912811,4.42887687683105,11.7203273773193
"2024-04-20 20:46:09.0000",9.07,56.18,1.43133187294006,5.05838298797607,16.6051445007324
"2024-04-20 21:16:00.0000",8.78,57.58,1.41255879402161,5.20428609848022,14.1492128372192
"2024-04-20 21:45:48.0000",8.55,58.66,3.02325010299683,7.01770973205566,18.7151489257812
"2024-04-20 22:15:40.0000",8.47,60.12,1.91034698486328,5.03387641906738,10.707763671875
"2024-04-20 22:45:37.0000",8.41,61.04,1.10173785686493,3.69262742996216,10.6892337799072
"2024-04-20 23:15:28.0000",8.27,61.4,0.979995667934418,4.1041145324707,19.5466842651367
"2024-04-20 23:45:20.0000",7.84,61.57,1.58392214775085,4.84028005599976,11.3919620513916
"2024-04-21 00:15:07.0000",7.26,62.39,2.03500032424927,6.40521478652954,13.7498550415039
"2024-04-21 00:45:06.0000",7.07,62.63,1.69075465202332,6.19802904129028,17.900053024292
"2024-04-21 01:15:01.0000",7.58,62.74,5.651611328125,9.4642858505249,22.0754680633545
"2024-04-21 01:44:50.0000",7.91,62.94,2.04852414131165,6.64178705215454,17.3937530517578
"2024-04-21 02:14:40.0000",8.09,63.27,2.21228981018066,6.40035390853882,14.3293800354004
"2024-04-21 02:44:39.0000",7.9,64.36,2.13217496871948,6.25420141220093,10.5641222000122
"2024-04-21 03:14:30.0000",7.76,64.9,2.02636432647705,6.50294733047485,15.6627492904663
"2024-04-21 03:44:22.0000",7.69,64.81,1.8864917755127,5.94557332992554,18.3101615905762
"2024-04-21 04:14:13.0000",7.56,64.72,2.03918123245239,5.84005880355835,20.4283313751221
"2024-04-21 04:44:21.0000",7.57,64.32,1.91776823997498,4.83595514297485,16.7972812652588
"2024-04-21 05:14:03.0000",7.56,63.74,1.02536833286285,3.99031686782837,12.8052520751953
"2024-04-21 05:44:00.0000",7.6,63.47,1.34536647796631,3.68936228752136,11.4780597686768
"2024-04-21 06:13:52.0000",7.71,63.22,0.872880339622498,3.26797962188721,15.9672918319702
"2024-04-21 06:43:44.0000",7.99,62.94,0.932227253913879,3.10915446281433,9.36395359039307
"2024-04-21 07:13:42.0000",7.78,62.78,0.771857023239136,3.87611699104309,10.6879291534424
"2024-04-21 07:43:29.0000",8.02,62.97,0.924321413040161,3.20467758178711,11.8261375427246
"2024-04-21 08:13:26.0000",8.37,62.68,1.39943313598633,4.04643392562866,12.2257699966431
"2024-04-21 08:43:22.0000",8.67,62.77,1.53116142749786,4.36227369308472,11.6383790969849
"2024-04-21 09:13:19.0000",9.46,62.61,1.19347858428955,4.77024745941162,17.2486343383789
"2024-04-21 09:43:11.0000",11.59,62.15,1.17214334011078,3.67353463172913,9.16516399383545
"2024-04-21 10:13:13.0000",15.24,57.2,1.35256326198578,4.13130664825439,11.7295713424683
"2024-04-21 10:43:00.0000",13.11,58.33,1.27635204792023,5.09022855758667,11.216100692749
"2024-04-21 11:12:48.0000",12.81,58.28,1.37353992462158,4.62276363372803,13.5390214920044
"2024-04-21 11:42:40.0000",13.62,57.96,4.97074842453003,9.20511245727539,19.9596977233887
"2024-04-21 12:12:42.0000",14.66,54.47,1.28623008728027,4.0712718963623,11.2966175079346
"2024-04-21 12:42:28.0000",15.19,55.19,1.27183640003204,4.60597658157349,16.370002746582
"2024-04-21 13:12:21.0000",16.29,54.98,1.79584681987762,4.37334108352661,8.46767902374268
"2024-04-21 13:42:13.0000",17.46,53.62,3.0776686668396,6.33811712265015,17.2165298461914
"2024-04-21 14:12:09.0000",17.67,51.8,126.087341308594,169.997863769531,177.335266113281
"2024-04-21 14:41:56.0000",15.55,52.53,1.92636358737946,5.26167440414429,11.0455932617188
"2024-04-21 15:11:48.0000",14.81,53.62,1.84441924095154,4.99180269241333,11.6284685134888
"2024-04-21 15:41:41.0000",14.79,53.87,1.39044392108917,3.79113626480103,15.6104211807251
"2024-04-21 16:11:32.0000",15.41,54.37,1.36000192165375,4.04538774490356,10.8197174072266
"2024-04-21 16:41:34.0000",15.35,52.77,1.42097914218903,3.7158830165863,8.00347137451172
"2024-04-21 17:11:23.0000",15.07,52.88,0.970289945602417,3.42253923416138,8.97415542602539
"2024-04-21 17:41:08.0000",13.12,54.08,1.32685804367065,4.45918560028076,10.0820178985596
"2024-04-21 18:11:01.0000",12.09,55.63,1.16092133522034,3.24573564529419,6.61218166351318
"2024-04-21 18:40:54.0000",11.35,56.83,1.20023798942566,4.12679815292358,10.4874057769775
"2024-04-21 19:10:44.0000",10.96,57.56,1.31958663463593,4.80897092819214,20.5265483856201
"2024-04-21 19:40:42.0000",10.59,58.27,1.46396899223328,4.9096851348877,16.1927261352539
"2024-04-21 20:10:28.0000",10.32,59.1,1.27314400672913,4.05829381942749,8.92300605773926
"2024-04-21 20:40:26.0000",10.06,59.68,1.60330867767334,5.68558025360107,16.503698348999
"2024-04-21 21:10:17.0000",9.81,60.72,1.65773224830627,5.26028251647949,14.2146635055542
"2024-04-21 21:40:09.0000",9.69,61.54,1.53824210166931,6.34967756271362,17.3099269866943
"2024-04-21 22:10:02.0000",9.52,61.96,1.76710844039917,7.36519765853882,25.9992656707764
"2024-04-21 22:39:55.0000",9.65,62.16,1.66481256484985,5.97068023681641,13.1424732208252
"2024-04-21 23:09:55.0000",9.61,62.71,1.66430020332336,5.59089374542236,15.5584955215454
"2024-04-21 23:39:37.0000",9.58,62.83,1.69835484027863,5.79840803146362,12.1764211654663
"2024-04-22 00:09:29.0000",9.55,63.03,1.78063023090363,5.17915010452271,11.3333339691162
"2024-04-22 00:39:16.0000",9.47,63.19,1.55040466785431,5.7550802230835,15.148983001709
"2024-04-22 01:09:09.0000",9.34,63.28,1.43884265422821,5.30385780334473,14.2590456008911
"2024-04-22 01:39:00.0000",9.16,62.51,0.82384729385376,2.88573670387268,10.7092275619507
"2024-04-22 02:08:48.0000",9.03,61.65,0.827803134918213,3.30930066108704,8.39160346984863
"2024-04-22 02:38:50.0000",8.99,61.42,0.814842343330383,3.18328356742859,14.9803304672241
"2024-04-22 03:08:42.0000",10.24,58.22,1.04024636745453,3.98809194564819,15.1111698150635
"2024-04-22 03:38:23.0000",8.95,60.6,1.13094043731689,4.35699129104614,19.624454498291
"2024-04-22 04:08:21.0000",8.87,60.81,1.14945983886719,5.14215660095215,18.3733654022217
"2024-04-22 04:38:12.0000",8.77,61.91,2.60083508491516,6.4175329208374,16.6360206604004
"2024-04-22 05:08:04.0000",8.59,63.37,1.7429084777832,5.51860189437866,19.1806755065918
"2024-04-22 05:38:02.0000",8.73,64.29,1.27233374118805,4.46923637390137,15.9044923782349
"2024-04-22 06:07:54.0000",9.03,65.26,1.34563708305359,5.15369701385498,13.5997114181519
"2024-04-22 06:37:46.0000",9.36,65.75,1.95060181617737,6.21921348571777,17.496509552002
"2024-04-22 07:07:44.0000",9.69,66.03,25.3162384033203,27.706714630127,33.0332832336426
"2024-04-22 07:37:36.0000",10.18,66.38,36.246654510498,39.4660453796387,45.084789276123
"2024-04-22 08:07:26.0000",10.29,66.81,22.3207988739014,26.1146755218506,32.0500106811523
"2024-04-22 08:37:24.0000",10.45,66.96,53.9981269836426,57.9585418701172,63.4437637329102
"2024-04-22 09:07:16.0000",10.87,67.35,2.05145597457886,5.10051250457764,11.3104019165039
"2024-04-22 09:37:09.0000",13.16,66.77,1.42009210586548,4.991858959198,8.77216625213623
"2024-04-22 10:07:11.0000",15.68,64.36,1.26318359375,3.92873048782349,10.6728944778442
"2024-04-22 10:37:07.0000",15.34,61.19,1.46407699584961,5.11465072631836,13.6802778244019
"2024-04-22 11:06:59.0000",15.31,61.91,1.27169001102448,3.58092188835144,8.72975254058838
"2024-04-22 11:36:52.0000",15.16,59.18,1.04344260692596,3.17685604095459,5.2578387260437
"2024-04-22 12:06:43.0000",15.52,60.07,0.772117972373962,3.33827590942383,10.4098052978516
"2024-04-22 12:37:08.0000",18.01,57.68,0.908098459243774,3.87071132659912,14.6137742996216
"2024-04-22 13:06:33.0000",17,54.98,0.955015659332275,3.93988156318665,14.6488599777222
"2024-04-22 13:36:19.0000",15.09,56.56,0.841042697429657,3.12410116195679,11.7576885223389
"2024-04-22 14:06:11.0000",12.96,57.92,0.943290174007416,3.98329663276672,13.9832801818848
"2024-04-22 14:35:58.0000",11.96,59.81,1.06278645992279,3.74160838127136,13.6296672821045
"2024-04-22 15:05:50.0000",11.48,60.5,0.960956394672394,3.53241300582886,7.29473161697388
"2024-04-22 15:35:42.0000",11.04,61.7,1.17982161045074,3.64298462867737,9.26335144042969
"2024-04-22 16:05:34.0000",10.65,63.33,1.29694557189941,3.88308453559875,22.3229484558105
"2024-04-22 16:35:26.0000",10.24,65.19,1.46174037456512,4.42266082763672,11.5216693878174
"2024-04-22 17:05:18.0000",10.42,65.92,1.71539187431335,5.76326274871826,14.6172370910645
"2024-04-22 17:35:10.0000",10.44,66.45,12.4570178985596,15.7554712295532,23.781681060791
"2024-04-22 18:05:03.0000",10.38,66.85,1.72168791294098,5.12224626541138,19.8418273925781
"2024-04-22 18:35:00.0000",10.29,67.67,2.01664638519287,6.28069448471069,16.6099472045898
"2024-04-22 19:04:46.0000",10.44,67.57,1.87001764774323,4.87610340118408,17.5875911712646
"2024-04-22 19:34:38.0000",10.43,68.13,3.81047964096069,8.0823335647583,19.1384735107422
"2024-04-22 20:04:30.0000",10.28,68.58,4.34413909912109,8.96117305755615,18.2871627807617
"2024-04-22 20:34:22.0000",10.07,68.54,3.19329881668091,6.85010051727295,15.7379541397095
"2024-04-22 21:04:14.0000",9.72,68.94,3.73851442337036,7.28988552093506,14.9324331283569
"2024-04-22 21:34:06.0000",9.27,68.92,9.98088836669922,13.535285949707,21.6300373077393
"2024-04-22 22:03:58.0000",8.98,69.4,2.9890410900116,6.75186634063721,15.8089227676392
"2024-04-22 22:33:51.0000",9.22,69.91,3.95142889022827,7.24324035644531,18.0977592468262
"2024-04-22 23:03:42.0000",9.34,70.16,6.83077955245972,10.3768348693848,19.2825412750244
"2024-04-22 23:33:34.0000",9.52,70.58,2.95586037635803,7.02325296401978,13.249532699585
"2024-04-23 00:03:21.0000",9.34,70.45,5.3612174987793,9.22163963317871,24.7367668151855
"2024-04-23 00:33:13.0000",9.15,71.11,3.19785928726196,6.97690629959106,15.6955070495605
"2024-04-23 01:03:06.0000",9.3,71.16,3.94419240951538,6.6339430809021,10.5682220458984
"2024-04-23 01:33:07.0000",10.01,69.18,2.69690322875977,4.82856845855713,11.5762958526611
"2024-04-23 02:02:50.0000",8.5,72.1,1.76951324939728,4.76806211471558,14.3620891571045
"2024-04-23 02:32:41.0000",8.17,71.97,1.291175365448,4.80285549163818,9.83788681030273
"2024-04-23 03:02:33.0000",7.89,71.6,1.76505827903748,7.36218976974487,22.0015449523926
"2024-04-23 03:32:25.0000",7.74,71.17,1.67693674564362,8.92131805419922,21.0331230163574
"2024-04-23 04:02:13.0000",7.72,70.84,1.48114788532257,7.2547812461853,16.6925716400146
"2024-04-23 04:32:09.0000",7.55,70.84,1.34948658943176,7.59640741348267,17.9180545806885
"2024-04-23 05:02:06.0000",7.56,70.9,1.43847060203552,7.26354217529297,18.626989364624
"2024-04-23 05:31:53.0000",7.49,70.75,1.58570158481598,7.24011754989624,18.7499389648438
"2024-04-23 06:01:45.0000",7.67,70.44,1.70086872577667,5.62045764923096,14.7847509384155
"2024-04-23 06:31:37.0000",7.72,69.86,1.67449057102203,6.64117336273193,16.2710590362549
"2024-04-23 07:01:30.0000",8.51,69.34,7.46549081802368,11.9058208465576,22.3717308044434
"2024-04-23 07:31:21.0000",8.96,68.09,1.59926664829254,5.84403467178345,16.8521919250488
"2024-04-23 08:01:13.0000",9.34,67.06,1.35768222808838,5.35034561157227,12.7907123565674
"2024-04-23 08:31:10.0000",10.69,66.11,1.17019629478455,4.38260793685913,13.2658348083496
"2024-04-23 09:01:08.0000",11.47,65.04,1.24492156505585,5.03860235214233,10.7441987991333
"2024-04-23 09:31:04.0000",12.93,63.54,1.4864147901535,5.85749006271362,12.8075723648071
"2024-04-23 10:00:56.0000",13.28,60.95,1.39757251739502,5.61605787277222,26.3286247253418
"2024-04-23 10:30:48.0000",14.23,60.38,1.16201412677765,3.97135138511658,17.9245948791504
"2024-04-23 11:00:51.0000",19.42,55.77,0.886897325515747,2.84268641471863,6.10438394546509
"2024-04-23 11:30:43.0000",17.8,51.75,1.31485092639923,3.48183727264404,7.12933349609375
"2024-04-23 12:00:30.0000",18.17,50.15,1.06298124790192,3.07132601737976,13.1280336380005
"2024-04-23 12:30:17.0000",16.1,48.77,1.52406251430511,5.72679805755615,11.589916229248
"2024-04-23 13:00:08.0000",15.3,49.61,1.80058372020721,6.75977993011475,18.8287372589111
"2024-04-23 13:30:06.0000",16.9,49.38,2.15763711929321,7.68552017211914,13.4992742538452
"2024-04-23 14:00:08.0000",17.35,45.92,2.00488257408142,8.03643321990967,17.1707820892334
"2024-04-23 14:29:55.0000",17.42,46.95,1.80298256874084,6.59187316894531,13.8427629470825
"2024-04-23 14:59:46.0000",15.61,46.64,1.68830132484436,6.26969003677368,17.3599510192871
"2024-04-23 15:29:39.0000",15.4,46.66,1.87736797332764,7.00696802139282,19.662088394165
"2024-04-23 15:59:36.0000",15.48,46.13,1.91734528541565,7.47714996337891,12.9469184875488
"2024-04-23 16:29:27.0000",14.99,46.14,1.95717835426331,6.57006072998047,16.1551876068115
"2024-04-23 16:59:15.0000",13.98,47.71,1.86281454563141,7.49063062667847,19.1240692138672
"2024-04-23 17:29:07.0000",13.02,47.78,2.07892870903015,7.45010042190552,27.1578674316406
"2024-04-23 17:58:59.0000",11.25,49.29,2.04950213432312,8.32275199890137,19.1913299560547
"2024-04-23 18:28:53.0000",10.54,50.89,1.79673385620117,7.24408102035522,19.4459934234619
"2024-04-23 18:58:43.0000",9.79,53.04,1.80204582214355,7.75753498077393,19.2810382843018
"2024-04-23 19:28:34.0000",9.35,53.83,1.94927573204041,7.93643045425415,23.5433940887451
"2024-04-23 19:58:27.0000",9.18,55.44,1.65723514556885,7.04799604415894,16.3360939025879
"2024-04-23 20:28:18.0000",9.34,57.91,1.64757061004639,7.27444553375244,18.0350494384766
"2024-04-23 20:58:11.0000",9.35,58.36,1.81589317321777,8.6231861114502,23.8538074493408
"2024-04-23 21:27:58.0000",9.2,59.14,1.79238259792328,8.20016098022461,17.2120971679688
"2024-04-23 21:57:56.0000",9.15,59.44,1.87217593193054,9.93583869934082,23.0080184936523
"2024-04-23 22:27:42.0000",9.19,59.95,1.87216866016388,9.07372760772705,18.3049221038818
"2024-04-23 22:57:34.0000",9.18,60.42,3.28499388694763,10.5551261901855,22.9832153320312
"2024-04-23 23:27:25.0000",9.2,60.77,2.03656911849976,9.6878719329834,25.4269866943359
"2024-04-23 23:57:36.0000",9.21,61.28,2.29849195480347,9.90077590942383,32.150146484375
"2024-04-24 00:27:14.0000",9.15,61.34,2.22745156288147,11.5843601226807,35.243579864502
"2024-04-24 00:57:16.0000",9.12,61.9,2.08519124984741,11.4203243255615,31.4317893981934
"2024-04-24 01:26:59.0000",9.08,62.49,2.34759902954102,11.0039443969727,34.9924926757812
"2024-04-24 01:56:50.0000",9.13,62.9,2.47865056991577,11.953574180603,36.0918922424316
"2024-04-24 02:26:42.0000",7.8,63.66,2.44409608840942,10.1636047363281,22.4176578521729
"2024-04-24 02:56:29.0000",7.25,64.83,2.13406777381897,9.51757907867432,21.2160530090332
"2024-04-24 03:26:23.0000",6.93,65.17,2.13841915130615,9.46945285797119,22.2044429779053
"2024-04-24 03:56:14.0000",6.26,65.31,1.90862226486206,7.97009563446045,18.295862197876
"2024-04-24 04:26:18.0000",5.92,66.07,1.75389742851257,7.81947183609009,26.2284069061279
"2024-04-24 04:56:03.0000",6.07,65.83,1.63767492771149,6.84406852722168,23.6914310455322
"2024-04-24 05:25:49.0000",6.08,65.5,1.68548929691315,7.72963714599609,18.1795883178711
"2024-04-24 05:55:46.0000",6.27,65.3,1.32077503204346,5.49493932723999,11.9794597625732
"2024-04-24 06:25:35.0000",6.57,64.43,1.15360593795776,4.94415426254272,10.9477815628052
"2024-04-24 06:55:25.0000",6.84,63.87,1.10826778411865,5.2182297706604,11.4155616760254
"2024-04-24 07:25:23.0000",7.15,62.67,1.16623246669769,5.28920841217041,18.5291519165039
"2024-04-24 07:55:15.0000",7.88,62.35,0.97467565536499,3.9088339805603,14.185019493103
"2024-04-24 08:25:11.0000",8.81,60.75,0.942102909088135,3.5306601524353,7.50237464904785
"2024-04-24 08:55:04.0000",8.96,59.17,0.884678065776825,3.10983204841614,7.14419889450073
"2024-04-24 09:25:10.0000",9.65,58.63,0.784912586212158,3.03977489471436,9.26566410064697
"2024-04-24 09:55:04.0000",15.94,52.21,0.925523638725281,3.44163417816162,9.11082553863525
"2024-04-24 10:25:00.0000",17.21,47.24,0.82836925983429,3.3556489944458,15.5833349227905
"2024-04-24 10:54:57.0000",17.35,45.83,0.900287389755249,3.19524455070496,6.32575845718384
"2024-04-24 11:25:00.0000",17.43,42.91,1.08067762851715,3.78554177284241,12.9031505584717
"2024-04-24 11:54:36.0000",17.36,44.17,1.03952312469482,3.3767774105072,9.85844993591309
"2024-04-24 12:24:44.0000",19.7,41.31,1.07444322109222,3.84170007705688,9.91310405731201
"2024-04-24 12:54:30.0000",19.1,40.73,0.956380307674408,3.56788873672485,8.98449420928955
"2024-04-24 13:24:17.0000",18.21,39.72,0.896368145942688,3.41768479347229,12.3471269607544
"2024-04-24 13:54:11.0000",17.52,38.63,1.04390275478363,4.25959396362305,8.79808902740479
"2024-04-24 14:23:56.0000",17.65,38.67,1.1476092338562,3.73208475112915,8.20691108703613
"2024-04-24 14:54:03.0000",18.84,36.82,1.52699136734009,4.6076021194458,9.6715145111084
"2024-04-24 15:23:40.0000",16.08,38.06,1.005455493927,3.75511741638184,13.663537979126
"2024-04-24 15:53:33.0000",16.26,38.87,0.970476865768433,3.35033130645752,7.34635019302368
"2024-04-24 16:23:20.0000",14.72,39.5,1.03543102741241,3.65253829956055,8.01221179962158
"2024-04-24 16:53:11.0000",14.1,40.03,1.07818937301636,3.7102108001709,15.5659942626953
"2024-04-24 17:23:03.0000",13.81,40.35,1.33595371246338,4.43868494033813,8.10763072967529
"2024-04-24 17:52:45.0000",11.26,41.74,1.09969699382782,4.28573083877563,12.8483533859253
"2024-04-24 18:22:36.0000",10.32,42.91,0.91962730884552,4.14477920532227,13.0978631973267
"2024-04-24 18:52:25.0000",9.46,43.85,1.67480325698853,5.15448474884033,14.484091758728
"2024-04-24 19:22:16.0000",8.64,44.99,1.09204435348511,3.84680151939392,7.68812417984009
"2024-04-24 19:52:08.0000",8.06,45.8,1.12417113780975,4.01193857192993,9.15516567230225
"2024-04-24 20:22:00.0000",7.76,46.44,1.42403888702393,4.25094270706177,13.5317935943604
"2024-04-24 20:51:52.0000",7.54,46.84,2.67586994171143,5.45855379104614,9.72767066955566
"2024-04-24 21:21:49.0000",7.14,47.72,1.01410508155823,4.40886163711548,11.9786748886108
"2024-04-24 21:51:40.0000",6.62,48.67,1.28043079376221,5.05224657058716,12.1792182922363
"2024-04-24 22:21:28.0000",6.23,49.92,1.13211977481842,5.22997331619263,14.1691617965698
"2024-04-24 22:51:20.0000",5.97,50.81,1.03470408916473,4.02159070968628,8.20159339904785
"2024-04-24 23:21:17.0000",5.79,51.7,1.22376716136932,4.86117219924927,13.0926523208618
"2024-04-24 23:51:09.0000",5.71,52.3,1.21521985530853,5.5637993812561,15.2130651473999
"2024-04-25 00:21:06.0000",5.9,53.24,1.10645794868469,3.79892444610596,10.8778953552246
"2024-04-25 00:50:53.0000",6.41,53.7,1.18726325035095,4.20777177810669,12.8595886230469
"2024-04-25 01:20:45.0000",6.53,54.5,1.0526921749115,3.65132355690002,6.82178592681885
"2024-04-25 01:50:42.0000",6.53,55.06,1.25555026531219,5.59047174453735,15.60178565979
"2024-04-25 02:20:39.0000",6.51,55.72,1.14000487327576,4.34421873092651,10.5573263168335
"2024-04-25 02:50:28.0000",6.38,56.23,1.01478219032288,4.4313759803772,15.7400636672974
"2024-04-25 03:20:28.0000",6.29,56.51,0.953615963459015,3.30102467536926,7.66520881652832
"2024-04-25 03:50:19.0000",6.1,56.56,0.913431286811829,4.39478731155396,13.4244174957275
"2024-04-25 04:20:28.0000",6.31,57.4,1.2585164308548,4.5975227355957,8.60511016845703
"2024-04-25 04:50:09.0000",6.44,57.52,1.19749224185944,5.1711254119873,11.4354028701782
"2024-04-25 05:19:56.0000",7.03,57.71,1.24891602993011,4.26801824569702,9.09643840789795
"2024-04-25 05:49:48.0000",7.56,57.46,1.12437534332275,4.35874891281128,9.83462333679199
"2024-04-25 06:19:46.0000",7.81,57.49,1.51932311058044,5.75944185256958,16.2013034820557
"2024-04-25 06:49:32.0000",6.98,61.13,1.42114734649658,4.84679412841797,13.0049743652344
"2024-04-25 07:19:24.0000",7.3,61.16,1.47725117206573,5.34030675888062,14.4500751495361
"2024-04-25 07:49:21.0000",7.15,61.38,1.03001976013184,4.36689710617065,12.8586549758911
"2024-04-25 08:19:14.0000",7.71,61.98,1.19848537445068,4.57289123535156,14.809983253479
"2024-04-25 08:49:06.0000",7.33,62.15,1.25966024398804,4.34019613265991,19.1597652435303
"2024-04-25 09:18:52.0000",7.27,63.32,0.693332552909851,2.70078539848328,7.44511795043945
"2024-04-25 09:48:44.0000",7.28,66.15,5.75283622741699,8.0594310760498,11.6315851211548
"2024-04-25 10:18:41.0000",8.76,64.91,2.43156385421753,4.27254867553711,9.05523586273193
"2024-04-25 11:18:37.0000",10.76,62.19,0.881257593631744,3.9137852191925,23.3864669799805
"2024-04-25 11:48:28.0000",11.41,60.01,0.760425329208374,3.3770489692688,8.48143100738525
"2024-04-25 12:18:20.0000",11.22,59.32,0.855332314968109,3.19939303398132,6.73861312866211
"2024-04-25 12:48:12.0000",10.71,58.23,0.674408853054047,1.93885111808777,3.96642327308655
"2024-04-25 13:18:03.0000",10.96,57.75,0.613944530487061,2.31549024581909,5.32487297058105
"2024-04-25 13:47:57.0000",10.91,56.69,0.468629032373428,1.64816880226135,3.86743927001953
"2024-04-25 14:17:47.0000",10.74,55.78,0.645155608654022,2.11598610877991,7.9826512336731
"2024-04-25 14:47:40.0000",12.05,56.1,0.64684647321701,2.08074855804443,6.95229291915894
"2024-04-25 15:17:36.0000",13.68,53.98,0.734836459159851,3.1985445022583,14.1508417129517
"2024-04-25 15:47:34.0000",15.99,52.39,0.935533761978149,2.22399830818176,5.5670371055603
"2024-04-25 16:17:27.0000",14.97,50.88,0.647113800048828,2.71158218383789,10.1736259460449
"2024-04-25 16:47:19.0000",14.75,50.14,0.598801016807556,2.45480442047119,7.8797664642334
"2024-04-25 17:17:04.0000",14.19,49.18,0.622797906398773,1.89264464378357,3.64879441261292
"2024-04-25 17:46:57.0000",11.51,49.58,0.555175483226776,1.87694823741913,4.41691827774048
"2024-04-25 18:16:45.0000",9.8,51.58,0.660401940345764,2.31398820877075,4.49775505065918
"2024-04-25 18:46:35.0000",9.83,52.37,1.33045852184296,2.80527925491333,4.8183856010437
"2024-04-25 19:16:22.0000",8.39,53.32,0.622502088546753,1.43196451663971,3.10347127914429
"2024-04-25 19:46:14.0000",7.78,54.26,0.529741585254669,1.58212995529175,8.09971141815186
"2024-04-25 20:16:01.0000",7.57,54.85,0.428453862667084,1.17381405830383,3.60081100463867
"2024-04-25 20:45:53.0000",7.41,55.33,0.416461765766144,1.44712913036346,3.38216233253479
"2024-04-25 21:15:46.0000",7.14,55.87,0.479300796985626,1.88851749897003,5.40871286392212
"2024-04-25 21:45:37.0000",7.03,56.58,0.6195427775383,1.74525618553162,10.4353141784668
"2024-04-25 22:15:30.0000",6.79,57.71,0.775095582008362,2.1020359992981,7.75805568695068
"2024-04-25 22:45:21.0000",6.55,58.54,1.22545146942139,2.52191734313965,4.98619031906128
"2024-04-25 23:15:13.0000",6.32,59.45,1.09604430198669,2.34868717193604,5.421875
"2024-04-25 23:45:00.0000",5.96,60.02,0.910449087619781,2.29945302009583,6.38779258728027
"2024-04-26 00:14:52.0000",5.35,60.66,0.784793198108673,2.01026606559753,5.40387344360352
"2024-04-26 00:44:39.0000",4.91,61.46,0.830327570438385,2.57433915138245,7.69810152053833
"2024-04-26 01:14:32.0000",4.4,62.47,0.807259380817413,2.18493580818176,5.7610878944397
"2024-04-26 01:44:18.0000",3.9,63.64,0.754082441329956,2.15692591667175,4.50342130661011
"2024-04-26 02:14:10.0000",3.53,64.56,0.819803774356842,2.25997447967529,7.36435031890869
"2024-04-26 02:44:02.0000",3.17,64.05,0.634115755558014,1.91789126396179,4.00353097915649
"2024-04-26 03:13:59.0000",2.9,64.06,0.720998764038086,2.23912954330444,9.77134037017822
"2024-04-26 03:43:52.0000",2.6,63.97,0.826813936233521,2.19610905647278,4.8129563331604
"2024-04-26 04:13:45.0000",2.43,65.15,0.652056038379669,2.10846996307373,4.68131494522095
"2024-04-26 04:43:37.0000",2.26,64.93,0.746117055416107,2.18474364280701,5.37540483474731
"2024-04-26 05:13:22.0000",2.2,64.99,1.49376702308655,3.49909567832947,7.6172947883606
"2024-04-26 05:43:19.0000",2.42,65.32,0.806118309497833,2.37459897994995,6.40961456298828
"2024-04-26 06:13:07.0000",3.08,65.28,0.72169303894043,2.73107433319092,9.92065048217773
"2024-04-26 06:43:03.0000",3.9,65.29,1.26908493041992,3.23336863517761,5.71759843826294
"2024-04-26 07:12:55.0000",4.74,65.22,0.686983466148376,2.48059129714966,5.83267259597778
"2024-04-26 07:42:47.0000",5.62,64.78,0.483655005693436,1.78681492805481,4.61516618728638
"2024-04-26 08:12:39.0000",6.36,64.32,0.519462645053864,1.7842184305191,4.45472097396851
"2024-04-26 08:42:36.0000",7.31,63.75,0.581096947193146,1.94539642333984,9.08315277099609
"2024-04-26 09:12:28.0000",8.18,63.04,0.500989496707916,2.2142505645752,7.86808776855469
"2024-04-26 09:42:25.0000",9.19,61.3,0.35014209151268,1.21523225307465,5.12878179550171
"2024-04-26 10:12:23.0000",13.9,57.5,0.477169185876846,1.91858041286469,4.96314716339111
"2024-04-26 10:42:25.0000",15.01,53.1,0.514485597610474,1.67666113376617,7.00448799133301
"2024-04-26 11:12:12.0000",14.29,54.46,0.347717672586441,0.956053614616394,4.05161094665527
"2024-04-26 11:41:59.0000",12.24,52.23,0.340256929397583,1.06288290023804,5.6754150390625
"2024-04-26 12:11:51.0000",12.54,54.02,0.517550826072693,1.9222309589386,5.16560316085815
"2024-04-26 12:41:48.0000",11.87,51.25,0.502471148967743,1.67170441150665,6.31107425689697
"2024-04-26 13:11:40.0000",11.27,51.58,0.391180783510208,1.57302463054657,9.10603618621826
"2024-04-26 13:41:36.0000",11.14,51.78,0.35283300280571,1.05125379562378,2.71338820457458
"2024-04-26 14:11:30.0000",12.61,52.16,1.3116147518158,3.1110315322876,11.4492206573486
"2024-04-26 14:41:26.0000",14.34,50.23,0.702349126338959,2.0655083656311,13.8204145431519
"2024-04-26 15:11:18.0000",16.73,48.37,4.21578216552734,6.34740495681763,15.1744070053101
"2024-04-26 15:41:15.0000",16.58,45.83,0.730560719966888,1.88940930366516,10.8869495391846
"2024-04-26 16:11:02.0000",13.56,47.91,0.591092705726624,1.52580559253693,3.71542906761169
"2024-04-26 16:40:54.0000",13.03,48.07,0.842062890529633,2.21468949317932,13.6295557022095
"2024-04-26 17:10:46.0000",12.97,48.28,21.2349796295166,27.7505588531494,36.4906692504883
"2024-04-26 17:40:38.0000",12.44,48.59,1.6990327835083,2.97073984146118,6.29417705535889
"2024-04-26 18:10:25.0000",11.55,48.77,1.91756069660187,3.31441807746887,8.13871383666992
"2024-04-26 18:40:21.0000",10.52,49.32,0.712911188602448,2.07251763343811,5.88681745529175
"2024-04-26 19:10:09.0000",9.67,50.76,0.71734344959259,1.82376527786255,4.23086452484131
"2024-04-26 19:39:58.0000",8.33,54.07,0.711759805679321,1.52457690238953,3.84326553344727
"2024-04-26 20:09:42.0000",7.72,55.52,2.31691455841064,3.90461349487305,5.70808362960815
"2024-04-26 20:39:36.0000",7.73,56.69,2.43718385696411,4.44181203842163,10.453893661499
"2024-04-26 21:09:27.0000",7.47,57.77,1.17950284481049,2.23113703727722,6.99962854385376
"2024-04-26 21:39:18.0000",7.13,59.56,1.49884617328644,2.55800032615662,8.0770263671875
"2024-04-26 22:09:10.0000",6.91,61.49,1.35028827190399,2.58107709884644,4.73171329498291
"2024-04-26 22:39:03.0000",6.79,62.26,1.52393090724945,3.00200343132019,6.40325450897217
"2024-04-26 23:08:54.0000",6.66,62.4,1.29267656803131,2.60088586807251,4.94651079177856
"2024-04-26 23:38:46.0000",6.47,62.58,1.49698233604431,3.06319236755371,10.7331256866455
"2024-04-27 00:08:38.0000",6.25,62.85,1.38550245761871,3.14287662506104,6.43583536148071
"2024-04-27 00:38:31.0000",6,63.35,1.66521871089935,3.48568606376648,7.73220586776733
"2024-04-27 01:08:27.0000",5.72,64,1.86157381534576,3.96126079559326,6.8010950088501
"2024-04-27 01:38:14.0000",5.52,65.04,1.88259375095367,3.4160099029541,8.17804527282715
"2024-04-27 02:08:07.0000",5.36,65.49,2.34577584266663,4.05822849273682,6.27795600891113
"2024-04-27 02:37:58.0000",5.11,65.99,2.7560510635376,4.51396083831787,9.73047542572021
"2024-04-27 03:07:50.0000",4.91,66.71,2.70786643028259,4.86958456039429,8.19840240478516
"2024-04-27 03:37:42.0000",4.77,67.1,2.97878980636597,5.22718381881714,8.58347129821777
"2024-04-27 04:07:39.0000",4.4,67.4,3.64950680732727,5.83434343338013,10.697958946228
"2024-04-27 04:37:31.0000",4.11,68,4.09679985046387,6.38031435012817,10.6143426895142
"2024-04-27 05:07:25.0000",3.89,68.95,5.1523323059082,7.87361812591553,11.7901487350464
"2024-04-27 05:37:10.0000",3.89,70.1,24.4682388305664,27.1609039306641,29.9473686218262
"2024-04-27 06:07:03.0000",4.48,70.64,4.54832077026367,6.73399782180786,9.02989864349365
"2024-04-27 06:36:54.0000",5.62,70.21,3.11103844642639,4.63122129440308,7.4819712638855
"2024-04-27 07:06:57.0000",6.6,69.29,2.23023700714111,3.65847706794739,5.83207082748413
"2024-04-27 07:36:49.0000",7.04,68.13,1.46717262268066,2.49773669242859,4.71181964874268
"2024-04-27 08:06:41.0000",7.97,67.36,1.30118775367737,2.45973992347717,5.16218233108521
"2024-04-27 08:36:43.0000",10.22,62.59,1.15582048892975,2.43937373161316,6.08034372329712
"2024-04-27 09:06:43.0000",9.92,63.84,0.974081993103027,2.34017658233643,8.61434745788574
"2024-04-27 09:36:22.0000",11.92,63.77,0.926946401596069,2.35653305053711,5.54059839248657
"2024-04-27 10:06:19.0000",12.93,59.67,0.980695962905884,1.91444993019104,4.44408416748047
"2024-04-27 10:36:16.0000",14.7,57.47,0.922696828842163,1.85158658027649,4.54952716827393
"2024-04-27 11:06:08.0000",14.54,56.7,0.840046167373657,2.00487995147705,6.89986753463745
"2024-04-27 11:36:12.0000",14.24,52.19,0.773269295692444,1.88630163669586,8.46431064605713
"2024-04-27 12:05:53.0000",13.02,52.76,0.983901739120483,2.25093746185303,4.92602300643921
"2024-04-27 12:35:55.0000",12.52,52.59,0.904969930648804,2.26827573776245,12.8165473937988
"2024-04-27 13:05:49.0000",14.07,52.08,0.693055808544159,1.59083199501038,4.25655794143677
"2024-04-27 13:35:28.0000",13.54,49.82,0.719720780849457,1.63317573070526,13.6611051559448
"2024-04-27 14:05:20.0000",13.03,50.59,0.754139602184296,1.86604607105255,3.95511341094971
"2024-04-27 14:35:12.0000",12.15,50.16,0.958037555217743,2.25072431564331,8.92215347290039
"2024-04-27 15:04:58.0000",11.52,51.37,0.901212513446808,1.9651997089386,5.03389692306519
"2024-04-27 15:34:51.0000",12.01,51.48,1.01180458068848,2.72376155853271,11.5204019546509
"2024-04-27 16:05:20.0000",11.97,51.49,0.857673764228821,2.90312886238098,8.02613162994385
"2024-04-27 16:34:40.0000",11.84,51.26,0.811388909816742,1.84492230415344,3.67905187606812
"2024-04-27 17:04:33.0000",11.49,51.4,0.977231204509735,2.08951711654663,3.97394847869873
"2024-04-27 17:34:19.0000",11.07,51.61,0.968181610107422,1.74973857402802,6.77833843231201
"2024-04-27 18:04:10.0000",10.63,51.54,0.967576563358307,2.34713244438171,5.34280300140381
"2024-04-27 18:34:03.0000",10.22,52.12,0.72892564535141,1.53016340732574,4.78374624252319
"2024-04-27 19:03:55.0000",9.92,52.63,0.79625004529953,2.16519689559937,4.33320093154907
"2024-04-27 19:33:47.0000",9.67,53.05,0.848440706729889,1.89347147941589,13.2236442565918
"2024-04-27 20:03:45.0000",9.4,53.7,0.844203233718872,1.88660609722137,9.45706939697266
"2024-04-27 20:33:36.0000",9.11,54.48,0.832613885402679,2.41891741752625,5.53902864456177
"2024-04-27 21:03:28.0000",8.73,55.25,1.06224417686462,2.06014919281006,4.00412464141846
"2024-04-27 21:33:21.0000",8.29,56.28,1.03376567363739,2.634610414505,7.01911306381226
"2024-04-27 22:03:12.0000",7.87,57.33,1.06862735748291,3.05976700782776,8.36590671539307
"2024-04-27 22:33:04.0000",7.29,58.61,1.71907436847687,3.15679240226746,14.5754585266113
"2024-04-27 23:02:56.0000",6.74,59.76,1.52306866645813,2.87381219863892,7.97218608856201
"2024-04-27 23:32:48.0000",6.37,59.91,1.44773364067078,2.92747187614441,6.835524559021
"2024-04-28 00:02:40.0000",6.1,60.06,1.55079615116119,2.93981885910034,6.67092227935791
"2024-04-28 00:32:27.0000",5.77,60.26,1.306973695755,2.8434112071991,5.98503303527832
"2024-04-28 01:02:29.0000",6.63,57.96,2.26862049102783,4.28641605377197,13.0116348266602
"2024-04-28 01:32:11.0000",5.23,60.87,1.59038507938385,3.79707956314087,9.81557559967041
"2024-04-28 02:02:03.0000",5.11,61.55,1.74900949001312,3.57379817962646,7.22944116592407
"2024-04-28 02:31:55.0000",5.09,62.1,1.8931919336319,3.55551099777222,9.8886022567749
"2024-04-28 03:01:47.0000",4.91,62.92,1.87880778312683,3.24594497680664,6.01529359817505
"2024-04-28 03:31:39.0000",5.02,63.53,1.50445759296417,2.60268831253052,4.96866464614868
"2024-04-28 04:01:32.0000",5.02,63.9,1.24165713787079,2.53826713562012,7.03178453445435
"2024-04-28 04:31:34.0000",4.92,64.42,1.12330865859985,2.45587635040283,8.99625492095947
"2024-04-28 05:01:22.0000",4.98,64.99,1.26770555973053,2.45915699005127,5.6541485786438
"2024-04-28 05:31:12.0000",5.17,65.61,54.5795364379883,56.2060127258301,60.953125
"2024-04-28 06:01:04.0000",5.46,66.03,1.04925811290741,2.08595490455627,4.53561162948608
"2024-04-28 06:30:56.0000",5.86,65.82,0.771334528923035,2.07413148880005,5.7810378074646
"2024-04-28 07:00:53.0000",6.29,66.04,0.629452764987946,1.58130359649658,7.36781787872314
"2024-04-28 07:30:45.0000",7.11,65.07,0.501984119415283,1.44185292720795,3.73900842666626
"2024-04-28 08:00:37.0000",7.82,63.96,0.483431130647659,1.24895358085632,7.49995088577271
"2024-04-28 08:30:34.0000",8.43,62.84,0.278256297111511,0.755713403224945,2.57233190536499
"2024-04-28 09:00:31.0000",8.69,61.51,0.316793709993362,1.10649824142456,2.8898549079895
"2024-04-28 09:30:18.0000",8.85,61.15,0.442335397005081,1.22110414505005,2.89962434768677
"2024-04-28 10:00:10.0000",10.73,60.09,0.594481587409973,1.61376464366913,3.60116100311279
"2024-04-28 10:30:07.0000",12.64,55.82,0.416333556175232,1.39239585399628,3.22242856025696
"2024-04-28 11:00:10.0000",14.98,54.09,0.4271080493927,1.60087358951569,5.95440196990967
"2024-04-28 11:30:07.0000",18.62,51.05,0.417693465948105,1.77326929569244,10.0486240386963
"2024-04-28 11:59:59.0000",18.9,49.39,0.360837817192078,1.36491405963898,4.86475324630737
"2024-04-28 12:29:51.0000",18.11,47.31,0.803977489471436,2.27610087394714,6.31666135787964
"2024-04-28 12:59:37.0000",17.2,46.95,0.753353953361511,1.78865802288055,4.53545999526978
"2024-04-28 13:29:29.0000",17.49,45.85,0.50800621509552,1.08694660663605,4.2752890586853
"2024-04-28 13:59:28.0000",19.28,45.37,2.82901525497437,4.26539516448975,7.56627798080444
"2024-04-28 14:29:24.0000",20.04,44.34,0.473414689302444,1.37355625629425,8.42453575134277
"2024-04-28 14:59:16.0000",20.06,43.97,0.597476541996002,1.58036172389984,8.8856315612793
"2024-04-28 15:29:08.0000",20.58,43.3,0.529475927352905,1.24737656116486,5.71879386901855
"2024-04-28 15:59:01.0000",19.62,41.89,0.428632140159607,1.25828695297241,3.26788926124573
"2024-04-28 16:28:47.0000",19.16,41.51,0.28048050403595,1.18654644489288,4.6745285987854
"2024-04-28 16:58:38.0000",18.41,41.71,0.369437605142593,1.05634617805481,3.4746732711792
"2024-04-28 17:28:30.0000",16.6,42.03,0.399998098611832,1.62263417243958,27.6738338470459
"2024-04-28 17:58:18.0000",13.76,43.45,0.422777324914932,1.14236199855804,3.62870526313782
"2024-04-28 18:28:04.0000",12.67,44.79,0.560683846473694,1.74017083644867,4.21778202056885
"2024-04-28 18:57:57.0000",11.86,45.71,0.475125581026077,1.34304761886597,6.75253057479858
"2024-04-28 19:27:48.0000",10.74,46.59,0.397077709436417,1.56999146938324,5.93691778182983
"2024-04-28 19:57:41.0000",9.82,47.95,0.406155705451965,1.07685017585754,2.96298933029175
"2024-04-28 20:27:33.0000",9.45,49.07,0.637043237686157,1.88051402568817,6.93814468383789
"2024-04-28 20:57:34.0000",9.45,49.7,0.514393925666809,1.45920968055725,5.38403797149658
"2024-04-28 21:27:23.0000",9.16,50.46,0.505629599094391,1.81095445156097,5.1402416229248
"2024-04-28 21:57:13.0000",8.82,51.62,0.59112012386322,1.9838799238205,6.88397026062012
"2024-04-28 22:27:01.0000",8.8,52.95,0.498517900705338,2.23777651786804,6.5836329460144
"2024-04-28 22:56:58.0000",8.86,53.45,0.502964317798615,2.97236037254333,10.4889936447144
"2024-04-28 23:26:55.0000",8.86,53.47,0.497563391923904,2.31274843215942,5.41769409179688
"2024-04-28 23:56:42.0000",8.8,53.74,0.511633038520813,1.90894305706024,8.79141044616699
"2024-04-29 00:26:30.0000",8.26,54.51,0.510863840579987,1.89046454429626,7.19105434417725
"2024-04-29 00:56:27.0000",7.96,55.21,0.585529625415802,2.12399768829346,8.08117485046387
"2024-04-29 01:26:18.0000",7.76,55.97,0.533194959163666,1.87289702892303,4.95738744735718
"2024-04-29 01:56:13.0000",7.5,57.05,0.522056937217712,2.30308294296265,4.81204080581665
"2024-04-29 02:26:02.0000",7.44,57.83,0.538780808448792,2.92649173736572,10.1917905807495
"2024-04-29 02:55:53.0000",7.35,58.67,0.570451259613037,2.17235612869263,8.07273387908936
"2024-04-29 03:25:46.0000",7.2,59.45,0.466223537921906,2.69686436653137,9.47061824798584
"2024-04-29 03:55:38.0000",7.27,60.34,0.553166389465332,2.68543910980225,10.5722589492798
"2024-04-29 04:25:29.0000",7.34,61.16,0.466755539178848,1.77467060089111,4.57686567306519
"2024-04-29 04:55:22.0000",7.34,61.74,0.419304728507996,1.65847051143646,3.67163991928101
"2024-04-29 05:25:08.0000",7.57,62.31,0.502112984657288,2.17410326004028,6.61406087875366
"2024-04-29 05:55:00.0000",7.86,62.7,0.460801243782043,1.50023114681244,5.81983852386475
"2024-04-29 06:24:52.0000",8.29,63.01,0.530767023563385,2.17889070510864,8.52262496948242
"2024-04-29 06:54:44.0000",8.7,63.45,0.678525745868683,2.19498038291931,14.3870944976807
"2024-04-29 07:24:42.0000",9.57,63.85,0.694814205169678,2.17252421379089,4.86252689361572
"2024-04-29 07:54:33.0000",10.25,63.48,0.425395250320435,2.07971668243408,8.23330402374268
"2024-04-29 08:24:30.0000",10.29,63.18,0.552708208560944,2.29751753807068,7.72294044494629
"2024-04-29 08:54:40.0000",10.69,63.17,0.488507896661758,1.49893176555634,4.79591798782349
"2024-04-29 09:24:20.0000",10.66,63.25,0.381797522306442,1.57122361660004,5.06930732727051
"2024-04-29 09:54:13.0000",10.86,63.1,0.450711280107498,1.57420718669891,3.9754900932312
"2024-04-29 10:24:04.0000",11.21,63.2,0.465047121047974,2.08888673782349,7.1849160194397
"2024-04-29 10:53:57.0000",11.48,63.01,0.507388293743134,2.86040067672729,14.1875553131104
"2024-04-29 11:23:48.0000",11.93,62.41,0.452771306037903,1.81641483306885,9.37383460998535
"2024-04-29 11:53:45.0000",12.11,61.9,0.498344272375107,2.53098630905151,9.54097366333008
"2024-04-29 12:23:44.0000",12.51,61.74,0.710898160934448,3.53678894042969,9.1418628692627
"2024-04-29 12:53:34.0000",13.12,60.46,0.646815598011017,3.46429085731506,10.515175819397
"2024-04-29 13:23:26.0000",13.25,60.25,0.803735494613647,3.23721098899841,15.5257587432861
"2024-04-29 13:53:13.0000",13.26,60.34,0.587964475154877,2.85200977325439,14.4663171768188
"2024-04-29 14:23:05.0000",12.16,60.53,0.644647300243378,3.80472755432129,17.9844074249268
"2024-04-29 14:52:57.0000",11.4,62.46,0.756156504154205,3.51700663566589,16.4597320556641
"2024-04-29 15:22:54.0000",11.25,64.42,0.786275267601013,3.29282164573669,10.322361946106
"2024-04-29 16:22:40.0000",12.47,63.06,0.575711131095886,3.05115795135498,8.95671653747559
"2024-04-29 16:52:49.0000",12.24,63.08,0.750767529010773,3.05141949653625,9.74545383453369
"2024-04-29 17:22:22.0000",11.44,63.63,0.739572405815125,3.33804774284363,20.7908668518066
"2024-04-29 17:52:15.0000",10.18,65.55,0.941400527954102,4.0664758682251,22.4821281433105
"2024-04-29 18:22:06.0000",9.54,66.8,1.17719578742981,4.89391422271729,13.8256978988647
"2024-04-29 18:51:53.0000",9.28,67.69,1.39228188991547,6.1680760383606,20.6579627990723
"2024-04-29 19:21:50.0000",9.26,68.12,1.26945507526398,3.98484778404236,7.60951852798462
"2024-04-29 19:51:48.0000",9.35,69.18,0.654780924320221,2.8767397403717,9.62996292114258
"2024-04-29 20:21:44.0000",9.35,69.57,1.10304570198059,4.29116773605347,11.443603515625
"2024-04-29 20:51:32.0000",9.28,70.24,1.4338630437851,4.61256170272827,11.7297344207764
"2024-04-29 21:21:24.0000",9.19,70.7,1.33421218395233,4.72259473800659,11.9012928009033
"2024-04-29 21:51:16.0000",9.11,71.26,1.1110600233078,4.72216129302979,10.1347684860229
"2024-04-29 22:21:07.0000",9.04,71.62,0.911783516407013,4.28310537338257,12.2407693862915
"2024-04-29 22:50:59.0000",8.88,71.99,1.08762443065643,5.17284345626831,12.0358371734619
"2024-04-29 23:20:46.0000",8.99,72.35,0.864987552165985,4.35961103439331,9.5742883682251
"2024-04-29 23:50:38.0000",9.13,72.62,0.959364116191864,4.80835962295532,13.6629877090454
"2024-04-30 00:20:36.0000",9.28,72.66,0.793813288211823,3.94989037513733,14.4280319213867
"2024-04-30 00:50:31.0000",9.36,72.84,0.825919270515442,3.76800227165222,9.6390962600708
"2024-04-30 01:20:27.0000",9.53,73.13,0.863182246685028,3.50727200508118,7.58138942718506
"2024-04-30 01:50:24.0000",9.71,73.15,0.90813022851944,3.89487409591675,11.3069114685059
"2024-04-30 02:20:13.0000",9.75,73.14,0.810936689376831,3.6099259853363,12.6838932037354
"2024-04-30 02:50:10.0000",9.8,73.02,0.878759205341339,4.09723424911499,13.0975732803345
"2024-04-30 03:20:06.0000",10.98,69.79,1.15879046916962,5.44200038909912,11.5149240493774
"2024-04-30 03:49:50.0000",9.79,72.47,1.14101552963257,4.87222194671631,10.6835403442383
"2024-04-30 04:19:43.0000",9.51,72.84,1.1372754573822,5.11634731292725,12.9154081344604
"2024-04-30 04:49:42.0000",9.47,73.06,1.15236449241638,4.84925985336304,10.9736299514771
"2024-04-30 05:19:31.0000",9.38,73.29,1.03098440170288,3.72978663444519,12.1559915542603
"2024-04-30 05:49:30.0000",9.49,73.19,1.55203258991241,4.15216016769409,9.51700973510742
"2024-04-30 06:19:18.0000",9.51,73.05,1.36375916004181,4.9895396232605,12.2470092773438
"2024-04-30 06:49:10.0000",9.57,72.9,1.48329699039459,4.95702457427979,16.9899101257324
"2024-04-30 07:19:10.0000",9.82,72.85,1.2319427728653,3.87175750732422,14.7157945632935
"2024-04-30 07:48:55.0000",10.16,72.76,1.35920810699463,5.16944360733032,14.729154586792
"2024-04-30 08:18:56.0000",10.75,72.68,0.899867534637451,3.14321851730347,12.53355884552
"2024-04-30 08:48:56.0000",11.26,71.97,0.889974176883698,3.30730390548706,13.8001174926758
"2024-04-30 09:18:39.0000",11.81,71.68,0.897151231765747,3.62467098236084,8.94961547851562
"2024-04-30 09:48:37.0000",12.7,70.93,0.75510436296463,3.20803546905518,11.7325210571289
"2024-04-30 10:18:32.0000",13.61,69.92,0.81207138299942,2.93617129325867,10.9588088989258
"2024-04-30 10:48:26.0000",14.43,68.98,0.688291430473328,3.12449049949646,8.91737461090088
"2024-04-30 11:18:10.0000",15.25,66.1,0.813390672206879,2.67875504493713,7.97367286682129
"2024-04-30 11:48:08.0000",15.04,64.96,0.538765549659729,2.27784609794617,6.94627904891968
"2024-04-30 12:18:01.0000",16.3,64.93,0.526154577732086,2.44225358963013,6.37179231643677
"2024-04-30 12:47:46.0000",17.43,62.21,0.545946776866913,2.5974817276001,11.8604440689087
"2024-04-30 13:17:56.0000",17.24,59.39,0.473453968763351,2.51521158218384,8.07390308380127
"2024-04-30 13:47:30.0000",17.39,57.04,0.400167971849442,1.60671877861023,12.5790414810181
"2024-04-30 14:17:33.0000",18.97,53.98,0.480617344379425,1.98367929458618,9.9509449005127
"2024-04-30 14:47:15.0000",18.15,51.39,0.390021711587906,2.09875845909119,10.9813070297241
"2024-04-30 15:17:11.0000",17.65,52.09,0.386805504560471,1.77677249908447,6.80829000473022
"2024-04-30 15:47:05.0000",17.13,51.63,0.443545579910278,2.44624376296997,13.5731019973755
"2024-04-30 16:16:55.0000",17,51.42,0.422003388404846,1.41571414470673,4.22810125350952
"2024-04-30 16:46:51.0000",16.76,49.69,0.287689745426178,1.39070165157318,4.82291173934937
"2024-04-30 17:16:49.0000",17.03,48.86,0.339752495288849,1.21420693397522,6.0048942565918
"2024-04-30 17:46:32.0000",16.4,49.18,0.296146273612976,1.60432374477386,24.2595233917236
"2024-04-30 18:16:19.0000",15.42,49.59,0.290789306163788,1.59866046905518,4.67862558364868
"2024-04-30 18:46:15.0000",14.64,50.28,0.37226864695549,1.82906794548035,10.1237134933472
"2024-04-30 19:16:02.0000",14.03,51.38,0.458667367696762,2.15953516960144,5.69582509994507
"2024-04-30 19:45:49.0000",13.49,52.5,0.527846693992615,2.70991683006287,14.8248271942139
"2024-04-30 20:15:41.0000",12.93,53.59,0.495727717876434,2.58408808708191,6.92479085922241
"2024-04-30 20:45:38.0000",12.56,54.64,0.581720650196075,2.70882058143616,17.8275947570801
"2024-04-30 21:15:31.0000",12.29,55.55,0.617307484149933,2.65538382530212,10.9849071502686
"2024-04-30 21:45:27.0000",11.93,56.58,0.632137417793274,2.16386485099792,7.53537702560425
"2024-04-30 22:15:24.0000",11.51,57.48,0.467035382986069,1.8630199432373,7.22916460037231
"2024-04-30 22:45:11.0000",11.2,58.27,0.520321488380432,1.71665823459625,4.43424272537231
"2024-04-30 23:15:03.0000",10.76,59.05,0.525393128395081,1.3526703119278,7.8271598815918
"2024-04-30 23:45:00.0000",10.69,59.96,0.477665722370148,1.31849777698517,4.3671441078186
"2024-05-01 00:14:52.0000",10.49,60.68,0.387359172105789,0.872148215770721,3.84781527519226
"2024-05-01 00:44:44.0000",10.41,61.27,0.411549806594849,1.16073799133301,4.22620296478271
"2024-05-01 01:14:31.0000",9.96,61.99,0.443293869495392,1.07068657875061,7.06050252914429
"2024-05-01 01:44:28.0000",9.31,63.13,0.294817507266998,0.54822438955307,2.06371665000916
"2024-05-01 02:14:21.0000",9.49,63.85,0.373843044042587,0.697897493839264,3.85185146331787
"2024-05-01 02:44:21.0000",9.66,64.29,0.316219806671143,0.538818955421448,1.94640207290649
"2024-05-01 03:14:15.0000",9.72,64.68,0.371712356805801,0.745081782341003,2.24481201171875
"2024-05-01 03:44:02.0000",9.67,65,0.418985575437546,0.644326567649841,2.83479309082031
"2024-05-01 04:13:54.0000",9.27,65.54,0.669679343700409,1.18259334564209,2.79950499534607
"2024-05-01 04:43:48.0000",9.51,66.19,0.82005250453949,1.27751696109772,3.05726099014282
"2024-05-01 05:13:37.0000",9.71,66.51,1.09084665775299,1.81457114219666,5.1571307182312
"2024-05-01 05:43:41.0000",11.1,63.88,1.42517650127411,2.31572389602661,8.87439823150635
"2024-05-01 06:13:26.0000",10.13,67.03,1.16868662834167,1.49711894989014,5.0503568649292
"2024-05-01 06:43:18.0000",10.59,67.28,1.17745065689087,1.66175901889801,3.21527671813965
"2024-05-01 07:13:11.0000",11,66.96,1.38119471073151,1.92479956150055,3.45976376533508
"2024-05-01 07:43:08.0000",11.41,67.26,1.18407070636749,1.69359266757965,7.8027229309082
"2024-05-01 08:12:59.0000",11.54,67.11,0.64458692073822,1.2504175901413,2.7744300365448
"2024-05-01 08:42:58.0000",12.35,66.87,1.06808400154114,2.23499083518982,4.65376329421997
"2024-05-01 09:12:49.0000",13.16,66.73,1.59955906867981,2.37578368186951,4.28904056549072
"2024-05-01 09:42:46.0000",15.95,66.08,0.946887612342834,1.67468810081482,3.55858778953552
"2024-05-01 10:12:43.0000",19.92,60.91,0.933182299137115,2.02050542831421,7.38698768615723
"2024-05-01 10:42:40.0000",21.52,58.68,1.08415126800537,2.17454838752747,6.78459310531616
"2024-05-01 11:12:32.0000",22.63,56.66,1.04283177852631,2.35788798332214,9.64059352874756
"2024-05-01 11:42:35.0000",23.94,55.1,1.61002314090729,2.68538379669189,5.22010564804077
"2024-05-01 12:12:21.0000",21.83,55.68,1.6418491601944,2.80341267585754,11.1809425354004
"2024-05-01 12:42:23.0000",23.85,53.65,1.99451112747192,3.13399529457092,6.219322681427
"2024-05-01 13:12:11.0000",23.44,53.69,1.8707789182663,3.04302859306335,7.26945972442627
"2024-05-01 13:42:02.0000",23.98,52.83,1.88816618919373,3.58749175071716,12.138072013855
"2024-05-01 14:12:04.0000",26.5,49.28,2.131183385849,3.57706713676453,8.36210536956787
"2024-05-01 14:41:51.0000",24.07,47.45,1.69866859912872,3.19984173774719,9.07009983062744
"2024-05-01 15:11:43.0000",20.8,45.65,2.04046583175659,3.42348456382751,8.24404621124268
"2024-05-01 15:41:30.0000",20.35,47.31,1.46953427791595,2.81254076957703,7.16901397705078
"2024-05-01 16:11:22.0000",18.32,48.24,3.73658108711243,5.78449010848999,12.6976099014282
"2024-05-01 16:41:09.0000",17.23,50.38,6.08598566055298,9.20961761474609,14.5809125900269
"2024-05-01 17:11:01.0000",16.5,51.7,2.03964877128601,3.54916429519653,7.08430147171021
"2024-05-01 17:40:53.0000",15,53.27,1.97013294696808,4.38525676727295,16.4109554290771
"2024-05-01 18:10:40.0000",14.04,56,1.70572006702423,3.10396003723145,5.28193807601929
"2024-05-01 18:40:37.0000",13.72,56.9,2.46167254447937,4.64420080184937,12.4011869430542
"2024-05-01 19:10:29.0000",13.14,58.5,2.77904558181763,5.51650190353394,12.0370855331421
"2024-05-01 19:40:21.0000",12.45,60.52,3.74642109870911,7.37193632125854,15.0290975570679
"2024-05-01 20:10:14.0000",12.1,63.07,2.98184967041016,5.71996831893921,13.1361255645752
"2024-05-01 20:40:05.0000",12.02,62.78,2.12559938430786,4.87497758865356,14.8558521270752
"2024-05-01 21:10:03.0000",11.58,63.27,3.00526332855225,4.7469630241394,8.02575397491455
"2024-05-01 21:39:54.0000",11.23,64.43,2.31139445304871,5.40115547180176,10.6805086135864
"2024-05-01 22:09:47.0000",10.81,65.08,2.73856544494629,6.27863931655884,14.3122596740723
"2024-05-01 22:39:33.0000",10.57,65.99,3.67255020141602,7.88943386077881,15.0559215545654
"2024-05-01 23:09:31.0000",10.3,68.06,3.57157826423645,8.16775798797607,14.8215885162354
"2024-05-01 23:39:17.0000",10.19,69.55,3.045902967453,8.16177177429199,22.5311508178711
"2024-05-02 00:09:09.0000",10.28,70.63,3.00527477264404,7.27092456817627,15.9191493988037
"2024-05-02 00:39:02.0000",10.2,70.87,2.42205929756165,6.15704870223999,15.2958364486694
"2024-05-02 01:08:53.0000",9.89,71.3,1.3290559053421,3.32840919494629,11.2296981811523
"2024-05-02 01:38:46.0000",9.89,71.96,2.87996959686279,7.33304786682129,25.6178588867188
"2024-05-02 02:08:37.0000",9.87,72.78,1.78872668743134,6.49479150772095,15.9668979644775
"2024-05-02 02:38:29.0000",9.92,72.64,2.3547055721283,8.43100452423096,22.6774959564209
"2024-05-02 03:08:21.0000",9.9,73.25,3.11867594718933,9.90866661071777,37.9903907775879
"2024-05-02 03:38:09.0000",9.81,73.16,4.25794458389282,13.2818508148193,44.4254913330078
"2024-05-02 04:08:05.0000",9.7,73.37,5.24677085876465,15.0381269454956,44.7533645629883
"2024-05-02 04:37:59.0000",9.6,73.55,7.13024854660034,17.6981258392334,34.9649658203125
"2024-05-02 05:07:49.0000",9.9,74.27,5.82709169387817,9.79568195343018,22.8262424468994
"2024-05-02 05:37:42.0000",10.15,73.69,5.71191072463989,10.640308380127,40.2127723693848
"2024-05-02 06:07:33.0000",10.6,73.59,5.87166404724121,8.90688705444336,14.2897987365723
"2024-05-02 06:37:36.0000",12.52,69.65,7.66056346893311,10.2263565063477,15.162205696106
"2024-05-02 07:07:17.0000",11.93,72.38,5.23721075057983,8.49903964996338,13.9295501708984
"2024-05-02 07:37:14.0000",12.71,72.09,3.90481019020081,7.41577816009521,21.1503734588623
"2024-05-02 08:07:12.0000",13.9,71.08,3.31787133216858,5.8148307800293,17.2562713623047
"2024-05-02 08:37:03.0000",15.23,70.04,25.2758102416992,29.444185256958,42.4915428161621
"2024-05-02 09:07:12.0000",17.32,65.19,3.8168306350708,10.4585008621216,23.9096488952637
"2024-05-02 09:36:59.0000",17.04,65.38,3.88541150093079,11.7162075042725,24.9362487792969
"2024-05-02 10:06:47.0000",17.67,62.84,4.13802003860474,12.2652196884155,32.5711441040039
"2024-05-02 10:36:42.0000",19.7,62.14,3.45721459388733,11.0805587768555,27.9003162384033
"2024-05-02 11:06:49.0000",24.2,55.9,5.74162530899048,13.261342048645,33.3827667236328
"2024-05-02 11:36:36.0000",26.12,50.57,3.75149941444397,10.6151361465454,24.4591236114502
"2024-05-02 12:06:50.0000",28.3,47.51,2.63523483276367,9.21121883392334,24.6498889923096
"2024-05-02 12:36:30.0000",27.77,46.23,2.57669043540955,8.75626564025879,58.663158416748
"2024-05-02 13:06:25.0000",29.34,44.32,2.82052230834961,9.15606212615967,37.3289489746094
"2024-05-02 13:36:24.0000",29.52,42.56,2.63616847991943,8.47413158416748,38.2295570373535
"2024-05-02 14:06:19.0000",29.07,41.86,1.59616732597351,6.0852198600769,25.7469997406006
"2024-05-02 14:36:10.0000",29.19,39.87,1.5858781337738,5.66172313690186,35.029956817627
"2024-05-02 15:06:09.0000",28.96,39.22,1.18007242679596,5.11601972579956,19.1672134399414
"2024-05-02 15:35:44.0000",26.35,39.22,1.2646496295929,4.86000204086304,26.549488067627
"2024-05-02 16:05:35.0000",25.32,40.81,1.86448907852173,7.64045190811157,27.2463111877441
"2024-05-02 16:35:23.0000",24.09,42.68,2.99008297920227,10.1888628005981,24.6829433441162
"2024-05-02 17:05:13.0000",22.95,44.5,2.71196460723877,10.7373132705688,27.2267799377441
"2024-05-02 17:35:05.0000",22.37,45.59,2.74817681312561,10.4868583679199,27.205846786499
"2024-05-02 18:04:57.0000",21.14,47.7,3.57722139358521,13.1591558456421,34.2572021484375
"2024-05-02 18:34:44.0000",19.94,49.46,3.31878757476807,12.3386220932007,36.4294815063477
"2024-05-02 19:04:42.0000",18.38,51.68,3.26012134552002,12.4683561325073,45.8516883850098
"2024-05-02 19:34:28.0000",17.58,51.97,3.26423525810242,12.0664348602295,30.3173828125
"2024-05-02 20:04:15.0000",17.05,52.42,3.52517533302307,13.0584487915039,25.4422092437744
"2024-05-02 20:34:01.0000",16.18,53.48,4.31671333312988,11.2595281600952,34.4286689758301
"2024-05-02 21:03:53.0000",15.42,54.68,3.91227293014526,10.3379335403442,21.8270416259766
"2024-05-02 21:33:45.0000",14.49,56.05,4.68913412094116,11.2336845397949,24.7245635986328
"2024-05-02 22:03:37.0000",13.93,56.99,5.01949787139893,11.6222267150879,21.906530380249
"2024-05-02 22:33:35.0000",13.36,57.94,4.75174474716187,11.1166429519653,27.4516220092773
"2024-05-02 23:03:22.0000",13.12,58.76,6.21839427947998,13.5506410598755,29.3522396087646
"2024-05-02 23:33:20.0000",13.06,59.22,4.87798023223877,16.8326244354248,43.3505630493164
"2024-05-03 00:03:17.0000",12.52,59.61,4.76010417938232,17.8396244049072,42.4301223754883
"2024-05-03 00:33:03.0000",12.2,60.12,5.24193096160889,16.9974956512451,39.0253067016602
"2024-05-03 01:03:01.0000",12.99,57.72,5.62613725662231,19.2707424163818,39.7625007629395
"2024-05-03 01:32:42.0000",11.33,60.7,4.73910713195801,15.8700494766235,32.2783355712891
"2024-05-03 02:02:34.0000",10.86,61.46,5.15793657302856,18.2140789031982,50.3681182861328
"2024-05-03 02:32:20.0000",10.63,61.92,5.25100135803223,18.1415786743164,35.4375648498535
"2024-05-03 03:02:27.0000",10.4,62.29,4.99657821655273,15.6381330490112,38.1719970703125
"2024-05-03 03:32:09.0000",10.9,62.63,5.19988346099854,18.2772426605225,35.0601081848145
"2024-05-03 04:02:03.0000",11.21,62.86,4.48712682723999,15.7076015472412,35.1240921020508
"2024-05-03 04:31:53.0000",11.43,62.81,4.62342929840088,13.7613382339478,37.3275604248047
"2024-05-03 05:01:46.0000",11.43,63.16,4.56088018417358,14.4338245391846,32.0318870544434
"2024-05-03 05:31:43.0000",11.7,63.2,4.8461480140686,14.0483980178833,32.5953636169434
"2024-05-03 06:01:35.0000",11.73,64.26,14.4258871078491,27.2199592590332,48.6205177307129
"2024-05-03 06:31:27.0000",11.72,65.49,9.09167289733887,15.9356470108032,22.1269416809082
"2024-05-03 07:01:18.0000",11.59,66.7,7.76609230041504,13.0580263137817,19.1283874511719
"2024-05-03 07:31:15.0000",12.82,64.1,9.90540790557861,21.0174026489258,34.1717758178711
"2024-05-03 08:01:03.0000",11.65,67.57,9.70807838439941,18.6535015106201,33.3655624389648
"2024-05-03 08:30:55.0000",11.8,67.84,8.03717803955078,14.2170886993408,18.4528579711914
"2024-05-03 09:00:52.0000",11.88,67.83,10.7047748565674,17.8407821655273,39.779296875
"2024-05-03 09:30:44.0000",12.23,68.1,7.63579607009888,12.0886192321777,18.5267009735107
"2024-05-03 10:00:41.0000",12.72,67.78,4.53030824661255,7.3633975982666,16.7955341339111
"2024-05-03 10:30:33.0000",12.99,67.45,57.0807342529297,59.8593635559082,62.2332344055176
"2024-05-03 11:00:31.0000",13.06,67.19,4.11629438400269,8.75772094726562,24.4896621704102
"2024-05-03 11:30:32.0000",13.9,64.48,4.73045206069946,10.6706924438477,25.4276847839355
"2024-05-03 12:00:14.0000",13.15,67.17,5.26525068283081,11.6948938369751,25.6910285949707
"2024-05-03 12:30:11.0000",13.26,66.92,3.62240600585938,7.90708541870117,23.3909702301025
"2024-05-03 13:00:03.0000",13.17,66.97,57.2800521850586,60.9114151000977,70.9546051025391
"2024-05-03 13:29:55.0000",13.33,67.3,3.74524092674255,6.27800369262695,13.8824605941772
"2024-05-03 13:59:59.0000",13.34,67.5,56.728401184082,59.5619049072266,64.175178527832
"2024-05-03 14:29:51.0000",13.9,67.51,2.83631801605225,5.16910552978516,9.70119476318359
"2024-05-03 14:59:46.0000",16.92,65.69,1.69318902492523,2.96274781227112,11.2938613891602
"2024-05-03 15:29:34.0000",15.64,65.38,9.14075469970703,11.0575876235962,18.3770294189453
"2024-05-03 15:59:25.0000",14.43,65.82,54.5514526367188,56.4148139953613,58.8921585083008
"2024-05-03 16:29:12.0000",13.85,66.29,2.34686613082886,4.52858734130859,11.3019409179688
"2024-05-03 16:59:04.0000",13.16,66.82,2.3872971534729,3.76690673828125,7.17536115646362
"2024-05-03 17:28:58.0000",12.89,67.28,2.87455272674561,5.34242057800293,15.2894515991211
"2024-05-03 17:58:48.0000",12.32,68.09,2.40095496177673,4.60346984863281,9.20516967773438
"2024-05-03 18:28:46.0000",12.01,68.97,2.57913303375244,4.81459760665894,8.13350009918213
"2024-05-03 18:58:37.0000",11.81,69.32,2.12176179885864,4.03869771957397,6.52008533477783
"2024-05-03 19:28:29.0000",11.61,69.71,4.398756980896,7.01914072036743,9.4140100479126
"2024-05-03 19:58:21.0000",11.48,70.1,4.03570747375488,7.19655990600586,16.8234806060791
"2024-05-03 20:28:13.0000",11.3,70.39,6.19995450973511,9.36104393005371,21.4800624847412
"2024-05-03 20:58:05.0000",10.83,70.68,1.68994987010956,2.95099282264709,4.9567494392395
"2024-05-03 21:27:52.0000",10.59,71.17,2.52157640457153,3.76333951950073,5.53079223632812
"2024-05-03 21:57:44.0000",10.46,71.51,2.03259205818176,3.09537076950073,5.3752007484436
"2024-05-03 22:27:47.0000",11.46,68.64,1.31157064437866,2.33839464187622,5.28973197937012
"2024-05-03 22:57:28.0000",10.19,71.97,0.649160385131836,1.19990384578705,3.22086834907532
"2024-05-03 23:27:23.0000",10.02,72.45,0.696754336357117,1.21100187301636,3.01958870887756
"2024-05-03 23:57:12.0000",10.09,72.71,1.02455031871796,1.71947228908539,6.93316030502319
"2024-05-04 00:27:04.0000",10.13,72.95,0.800956428050995,1.43929755687714,10.6246719360352
"2024-05-04 00:56:58.0000",10.21,73.08,0.587959110736847,1.06721127033234,3.24758768081665
"2024-05-04 01:26:53.0000",11.39,69.88,0.357925564050674,0.763255715370178,4.49163198471069
"2024-05-04 01:56:36.0000",10.13,73.28,0.174801528453827,0.338447064161301,4.51629114151001
"2024-05-04 02:26:43.0000",11.04,70.42,0.0473993606865406,0.376715451478958,2.28206849098206
"2024-05-04 02:56:19.0000",9.91,73.92,0.271473109722137,0.535987675189972,8.12933826446533
"2024-05-04 03:26:11.0000",9.86,74.38,0.249190241098404,0.802710711956024,8.97074890136719
"2024-05-04 03:56:04.0000",9.93,74.62,0.277608066797256,0.760023534297943,5.39699411392212
"2024-05-04 04:25:56.0000",9.95,74.87,0.27470675110817,0.543380200862885,2.7429518699646
"2024-05-04 04:55:58.0000",11.07,71.58,0.741832077503204,1.09813475608826,9.27714252471924
"2024-05-04 05:25:45.0000",9.94,74.98,0.206960707902908,0.689308524131775,2.90885710716248
"2024-05-04 05:55:36.0000",10.05,75.18,0.61791318655014,1.17281639575958,7.06969833374023
"2024-05-04 06:25:28.0000",10.1,75.37,0.349297791719437,0.764404594898224,3.0558922290802
"2024-05-04 06:55:30.0000",11.29,72.2,0.472932696342468,1.63083934783936,6.44638824462891
"2024-05-04 07:25:12.0000",10.38,75.5,45.0167427062988,46.2570838928223,48.5942687988281
"2024-05-04 07:55:11.0000",10.44,75.5,1.02242624759674,2.40004229545593,6.79160594940186
"2024-05-04 08:24:56.0000",10.63,75.7,0.782539069652557,1.81135606765747,5.77532625198364
"2024-05-04 08:54:53.0000",10.84,75.77,0.800905406475067,2.20830821990967,6.08192586898804
"2024-05-04 09:24:45.0000",11.23,75.9,0.655745506286621,2.73782444000244,7.63662433624268
"2024-05-04 09:54:38.0000",12.1,75.72,0.581163823604584,1.83480417728424,7.62584781646729
"2024-05-04 10:24:35.0000",12.64,75.36,0.589269459247589,1.80605530738831,4.8404974937439
"2024-05-04 10:54:27.0000",12.93,74.97,0.622998476028442,2.24345588684082,10.0444402694702
"2024-05-04 11:24:29.0000",14.46,70.77,0.63025289773941,2.02173781394958,9.99331855773926
"2024-05-04 11:54:16.0000",13.43,73.16,0.441470891237259,1.81077456474304,7.8372540473938
"2024-05-04 12:24:09.0000",12.95,73.16,0.465120106935501,2.21721124649048,12.1263313293457
"2024-05-04 12:54:00.0000",12.73,72.78,0.884001016616821,2.84963536262512,5.34695816040039
"2024-05-04 13:23:56.0000",12.5,72.66,0.598521590232849,2.22228240966797,8.41932678222656
"2024-05-04 13:53:49.0000",12.54,72.39,0.65259838104248,2.22075128555298,6.25771856307983
"2024-05-04 14:23:40.0000",12.68,72.13,0.634012460708618,2.18102407455444,10.1878232955933
"2024-05-04 14:53:33.0000",12.72,71.61,0.430421680212021,1.90823221206665,6.30169248580933
"2024-05-04 15:23:30.0000",12.57,71.19,0.585285246372223,2.7132523059845,6.5966796875
"2024-05-04 15:53:23.0000",12.23,71.04,0.469126522541046,1.94494783878326,6.59039545059204
"2024-05-04 16:23:14.0000",12.17,70.9,0.543164014816284,2.41579747200012,5.26094675064087
"2024-05-04 16:53:06.0000",12.26,70.63,4.44620180130005,7.13972330093384,14.3174257278442
"2024-05-04 17:23:03.0000",12.52,70.32,0.608925879001617,2.01191091537476,4.66517305374146
"2024-05-04 17:52:55.0000",12.44,69.75,0.73068106174469,2.92489743232727,8.29959201812744
"2024-05-04 18:22:52.0000",12.22,69.49,1.04080235958099,2.82017421722412,8.64134120941162
"2024-05-04 18:52:39.0000",12.17,69.18,0.637650549411774,1.92869830131531,7.04763793945312
"2024-05-04 19:22:41.0000",13.22,65.79,18.0030689239502,19.4255027770996,23.1722316741943
"2024-05-04 19:52:23.0000",11.76,68.51,0.706872999668121,2.29238939285278,6.02404880523682
"2024-05-04 20:22:30.0000",12.51,65.85,0.714951872825623,2.50075745582581,6.17597627639771
"2024-05-04 20:52:07.0000",11.14,68.82,1.05117380619049,2.61404132843018,7.35982656478882
"2024-05-04 21:22:04.0000",10.84,69.16,0.855410039424896,2.95677947998047,9.72638416290283
"2024-05-04 21:51:52.0000",10.47,69.46,1.07697522640228,2.64755177497864,5.79941654205322
"2024-05-04 22:21:54.0000",11.41,66.74,1.30457901954651,3.2853524684906,6.32768297195435
"2024-05-04 22:51:35.0000",9.98,69.89,2.24259972572327,5.64312505722046,15.8535041809082
"2024-05-04 23:21:33.0000",9.78,70.64,18.6336441040039,22.7573394775391,27.7996215820312
"2024-05-04 23:51:19.0000",9.56,71.26,2.49170160293579,5.01127052307129,11.6789979934692
"2024-05-05 00:21:16.0000",9.59,71.68,34.4740982055664,36.9721412658691,40.5532455444336
"2024-05-05 00:51:08.0000",9.64,71.98,2.45246911048889,4.59952831268311,8.35594844818115
"2024-05-05 01:21:05.0000",9.65,72.21,33.5536079406738,36.4841423034668,39.5254173278809
"2024-05-05 01:50:53.0000",9.59,72.41,39.2195816040039,41.7763214111328,45.4167556762695
"2024-05-05 02:20:44.0000",9.42,72.38,2.28670859336853,4.22566843032837,7.91905879974365
"2024-05-05 02:50:47.0000",9.29,72.48,1.63111329078674,3.48536658287048,9.81628513336182
"2024-05-05 03:20:34.0000",9.21,72.67,2.08319759368896,3.9991090297699,8.48473072052002
"2024-05-05 03:50:20.0000",9.12,72.89,55.7587814331055,58.5190505981445,62.9685211181641
"2024-05-05 04:20:17.0000",9.03,73.06,2.65322661399841,4.76960182189941,10.0123643875122
"2024-05-05 04:50:10.0000",8.61,72.85,2.69974398612976,4.65617036819458,10.659839630127
"2024-05-05 05:20:01.0000",8.29,73.4,24.2869739532471,26.1995487213135,28.0825061798096
"2024-05-05 05:49:53.0000",8.51,73.77,1.96101820468903,4.07044696807861,7.48395490646362
"2024-05-05 06:19:46.0000",8.67,73.89,2.07638335227966,3.30231499671936,10.2900485992432
"2024-05-05 06:49:38.0000",9.22,73.88,31.6206226348877,34.0394287109375,37.8327903747559
"2024-05-05 07:19:29.0000",9.89,73.57,2.10219120979309,4.60960817337036,11.0878448486328
"2024-05-05 07:49:26.0000",10.61,73.37,2.29733538627625,4.02562952041626,11.7081689834595
"2024-05-05 08:19:19.0000",11.42,73.03,6.84392023086548,9.09247875213623,14.5192108154297
"2024-05-05 08:49:27.0000",12.2,72.82,1.49296247959137,3.54950642585754,11.1304702758789
"2024-05-05 09:19:13.0000",13.91,71.71,1.55308830738068,3.82807564735413,11.8999557495117
"2024-05-05 09:49:05.0000",16.59,71.52,5.45330953598022,7.20276689529419,11.5898351669312
"2024-05-05 10:19:07.0000",20.49,65.67,4.38668966293335,5.7863655090332,8.7057638168335
"2024-05-05 10:49:04.0000",22.48,62.59,0.568786680698395,2.06423115730286,11.8920526504517
"2024-05-05 11:19:01.0000",23.89,59.92,0.658231616020203,2.0305004119873,8.21771717071533
"2024-05-05 11:48:59.0000",26.65,55.25,0.658576309680939,1.80420124530792,4.54727649688721
"2024-05-05 12:18:45.0000",26.03,55.01,0.619794309139252,1.95039331912994,6.67462158203125
"2024-05-05 12:48:38.0000",26.24,53.46,0.536186933517456,1.91119778156281,6.93329906463623
"2024-05-05 13:18:24.0000",26.3,52.68,0.449477195739746,1.6930958032608,5.19253730773926
"2024-05-05 13:48:16.0000",25.41,49.4,0.447681546211243,1.5510116815567,6.14276170730591
"2024-05-05 14:18:13.0000",27.28,47.2,0.494046300649643,1.67633831501007,5.17663764953613
"2024-05-05 14:48:05.0000",26.71,45.49,0.484690517187119,1.52384603023529,3.40977215766907
"2024-05-05 15:17:58.0000",27.64,44.89,2.78077745437622,4.09481143951416,18.6133899688721
"2024-05-05 15:47:49.0000",25.89,43.36,0.376121073961258,1.50757074356079,5.93410587310791
"2024-05-05 16:17:36.0000",23.58,44.64,0.981186091899872,2.26647686958313,8.62616443634033
"2024-05-05 16:47:28.0000",23.66,43.91,0.847073554992676,2.40185856819153,6.78561878204346
"2024-05-05 17:17:25.0000",21.65,45.02,0.882185041904449,2.5271635055542,13.5878105163574
"2024-05-05 17:47:07.0000",20.54,45.39,2.33289361000061,4.30186319351196,18.5611248016357
"2024-05-05 18:17:10.0000",20.26,43.83,1.54564785957336,2.66053509712219,4.58255195617676
"2024-05-05 18:46:51.0000",17.78,46.46,2.265789270401,3.55162191390991,6.09607172012329
"2024-05-05 19:16:43.0000",16.72,47.69,0.897544384002686,1.87330734729767,4.16083526611328
"2024-05-05 19:46:30.0000",15.86,48.91,1.16243648529053,2.49334001541138,4.74712228775024
"2024-05-05 20:16:22.0000",15.22,50.24,1.29383444786072,2.46912336349487,4.49177742004395
"2024-05-05 20:46:14.0000",14.97,50.47,9.91361427307129,13.0258340835571,18.5270156860352
"2024-05-05 21:16:06.0000",14.31,51.1,3.42683839797974,5.6489372253418,9.00737762451172
"2024-05-05 21:45:58.0000",13.61,52.7,1.43241477012634,3.77186703681946,10.7309341430664
"2024-05-05 22:15:45.0000",13.28,54.65,1.83102679252625,4.26960849761963,11.9810962677002
"2024-05-05 22:45:38.0000",12.85,56.6,2.98300528526306,5.36862468719482,9.2737922668457
"2024-05-05 23:15:29.0000",12.5,58.34,46.3612632751465,49.3255462646484,58.1821250915527
"2024-05-05 23:45:21.0000",12.3,59.26,3.17852592468262,5.79980516433716,13.6479911804199
"2024-05-06 00:15:18.0000",11.93,61.82,3.66726589202881,6.79281139373779,12.127420425415
"2024-05-06 00:45:09.0000",11.69,64.32,3.47616529464722,6.68996810913086,12.4505081176758
"2024-05-06 01:15:02.0000",11.58,66.13,3.53201508522034,6.67002391815186,18.4794960021973
"2024-05-06 01:44:54.0000",11.52,66.99,3.32860064506531,4.9985613822937,11.6620092391968
"2024-05-06 02:14:47.0000",11.59,66.81,3.82300782203674,6.12176752090454,15.2943801879883
"2024-05-06 02:44:37.0000",11.62,66.86,4.46630430221558,6.94591569900513,9.91930961608887
"2024-05-06 03:14:35.0000",11.47,67.26,4.3483943939209,6.46602869033813,15.0850534439087
"2024-05-06 03:44:22.0000",11.33,68.37,4.13817024230957,6.25302696228027,9.73995494842529
"2024-05-06 04:14:19.0000",11.49,68.13,2.95624041557312,4.69938850402832,11.7973690032959
"2024-05-06 04:44:11.0000",11.51,68.71,4.42216539382935,6.16681814193726,9.74410724639893
"2024-05-06 05:13:58.0000",11.6,69.24,5.13663673400879,7.2149224281311,13.5346870422363
"2024-05-06 05:43:54.0000",11.72,69.7,4.623854637146,7.11213874816895,10.0387125015259
"2024-05-06 06:13:47.0000",12.07,69.69,3.71067094802856,5.60057020187378,9.20481967926025
"2024-05-06 06:43:39.0000",12.57,69.49,2.99622988700867,4.65104055404663,7.61103248596191
"2024-05-06 07:13:31.0000",12.65,69.5,3.55393147468567,6.21872901916504,9.3050708770752
"2024-05-06 07:43:24.0000",12.7,70.11,2.58631777763367,4.17154884338379,7.06051588058472
"2024-05-06 08:13:15.0000",12.54,70.19,3.92979025840759,6.31725645065308,10.3926029205322
"2024-05-06 08:43:06.0000",12.25,70.72,3.72092199325562,5.61236095428467,7.58875513076782
"2024-05-06 09:12:59.0000",12.79,71.08,2.57369351387024,3.64033508300781,5.36798524856567
"2024-05-06 09:42:51.0000",13.12,70.82,1.64616763591766,3.51195740699768,9.45022010803223
"2024-05-06 10:12:43.0000",12.87,71.16,2.15736961364746,5.26689481735229,18.8562431335449
"2024-05-06 10:42:35.0000",13.42,71.1,1.52781343460083,2.73180246353149,8.71684455871582
"2024-05-06 11:12:28.0000",14.4,70.93,2.23738932609558,4.49543190002441,8.27282428741455
"2024-05-06 11:42:19.0000",14.83,69.73,1.6132892370224,3.08233523368835,10.4845638275146
"2024-05-06 12:12:10.0000",15.42,69.02,29.6014995574951,30.8335075378418,34.9435882568359
"2024-05-06 12:42:08.0000",19.16,65.89,1.15082919597626,2.71690607070923,6.42536735534668
"2024-05-06 13:12:05.0000",20.65,62.49,2.32500624656677,3.43477249145508,9.03271007537842
"2024-05-06 13:41:57.0000",21.25,59.44,1.41596710681915,2.47226905822754,8.81051731109619
"2024-05-06 14:11:54.0000",23.77,57.43,1.24795794487,2.52905821800232,5.71004819869995
"2024-05-06 14:41:36.0000",19.71,56.13,15.5749568939209,20.998722076416,29.8908348083496
"2024-05-06 15:11:23.0000",17.02,58.07,2.18610215187073,4.36359119415283,8.14255332946777
"2024-05-06 15:41:15.0000",16.25,59.16,2.85231113433838,5.28044414520264,19.0417976379395
"2024-05-06 16:11:01.0000",15.27,59.95,2.50045371055603,4.25550651550293,9.30333423614502
"2024-05-06 16:40:54.0000",14.89,60.46,6.90132093429565,10.726544380188,16.2128772735596
"2024-05-06 17:10:46.0000",14.04,61.65,4.69194459915161,6.35731983184814,9.0401554107666
"2024-05-06 17:40:32.0000",13.34,62.72,2.74446702003479,4.46548700332642,8.27539920806885
"2024-05-06 18:10:26.0000",13.15,63.37,2.76306581497192,4.85588502883911,10.9120454788208
"2024-05-06 18:40:22.0000",13.18,63.94,3.77258157730103,6.22542428970337,14.8342876434326
"2024-05-06 19:10:10.0000",12.95,64.76,2.20035028457642,4.13773536682129,8.42241764068604
"2024-05-06 19:40:00.0000",12.99,65.16,2.07645606994629,4.15088129043579,11.4885225296021
"2024-05-06 20:09:52.0000",12.91,65.48,4.11894512176514,7.23666858673096,17.0631999969482
"2024-05-06 20:39:44.0000",12.65,65.98,3.15320754051208,7.04133272171021,11.2241897583008
"2024-05-06 21:09:31.0000",12.4,66.69,3.10377836227417,7.47183752059937,21.1230640411377
"2024-05-06 21:39:23.0000",12.31,67.1,2.68948578834534,7.32206916809082,13.326681137085
"2024-05-06 22:09:21.0000",12.13,67.7,4.32586479187012,7.60978078842163,13.4842977523804
"2024-05-06 22:39:12.0000",12.06,68,2.57228183746338,7.01445293426514,24.1316738128662
"2024-05-06 23:09:05.0000",11.76,68.92,2.58123373985291,7.77382755279541,20.5063571929932
"2024-05-06 23:38:57.0000",11.73,69.53,2.78135848045349,8.16695880889893,22.8478355407715
"2024-05-07 00:08:54.0000",11.75,69.61,2.92325377464294,7.67148542404175,15.4790897369385
"2024-05-07 00:38:40.0000",11.68,70.23,3.33655381202698,9.89864063262939,22.6259822845459
"2024-05-07 01:08:53.0000",11.54,70.64,4.35269260406494,10.7776432037354,25.9373054504395
"2024-05-07 01:38:30.0000",11.55,70.79,4.39232969284058,11.0164966583252,26.2011241912842
"2024-05-07 02:08:22.0000",11.62,70.82,3.87801933288574,11.8391761779785,25.794246673584
"2024-05-07 02:38:14.0000",11.32,71.12,4.63889837265015,12.8696880340576,31.4639358520508
"2024-05-07 03:08:07.0000",11.24,71.92,5.42663526535034,15.904712677002,38.5413475036621
"2024-05-07 03:37:58.0000",11.42,72.43,5.41232776641846,15.1125383377075,36.7092437744141
"2024-05-07 04:07:55.0000",11.53,73.22,6.34632682800293,16.7390594482422,35.7616577148438
"2024-05-07 04:37:42.0000",11.58,73.66,8.24733734130859,18.3097286224365,34.8672332763672
"2024-05-07 05:07:39.0000",11.74,73.54,8.54479312896729,16.3267440795898,29.056583404541
"2024-05-07 05:37:31.0000",12.06,73.46,8.03674125671387,13.2279300689697,18.6453952789307
"2024-05-07 06:07:28.0000",12.51,73.39,6.62226247787476,10.9615316390991,20.0873508453369
"2024-05-07 06:37:47.0000",14.37,69.73,4.21115255355835,6.71318674087524,9.43326377868652
"2024-05-07 07:07:12.0000",13.93,71.9,2.8407142162323,4.54504013061523,9.94778060913086
"2024-05-07 07:37:09.0000",14.12,71.86,1.44839310646057,2.30909252166748,5.05759000778198
"2024-05-07 08:07:02.0000",14.6,71.54,1.42879283428192,2.24867987632751,4.91204833984375
"2024-05-07 08:37:09.0000",16.23,67.66,1.56915676593781,2.48603677749634,8.24759387969971
"2024-05-07 09:06:50.0000",15.18,69.97,20.3747653961182,21.1485328674316,26.3406810760498
"2024-05-07 09:36:42.0000",15.35,70.07,48.9379577636719,50.2162475585938,57.4860763549805
"2024-05-07 10:06:30.0000",15.93,69.49,1.83071565628052,2.97114181518555,6.7788782119751
"2024-05-07 10:36:21.0000",16.45,69.2,1.5176385641098,2.2374210357666,4.16426181793213
"2024-05-07 11:06:18.0000",16.55,69.46,2.27608180046082,3.01504421234131,7.87262010574341
"2024-05-07 11:36:20.0000",18.12,67.23,17.47971534729,18.7400856018066,24.6031856536865
"2024-05-07 12:06:07.0000",18.35,68.08,19.249942779541,20.1531448364258,27.7133388519287
"2024-05-07 12:36:10.0000",23.38,63.52,1.17651629447937,1.98323380947113,5.95370531082153
"2024-05-07 13:06:07.0000",24.33,61.48,1.71637272834778,2.86692643165588,14.0660018920898
"2024-05-07 13:35:59.0000",25.34,58.77,1.82659804821014,2.89068913459778,5.54011106491089
"2024-05-07 14:05:51.0000",23.95,57.63,1.54117250442505,2.34950685501099,5.80317735671997
"2024-05-07 14:35:44.0000",25.37,56.99,1.55712187290192,2.426438331604,12.7817649841309
"2024-05-07 15:05:40.0000",25.97,53.77,1.09491217136383,2.06786179542542,10.3058710098267
"2024-05-07 15:35:32.0000",25.99,51.99,1.26943135261536,2.65949606895447,9.13503742218018
"2024-05-07 16:05:19.0000",24.66,52.09,1.18117320537567,2.39014196395874,6.48544597625732
"2024-05-07 16:35:16.0000",25.03,49.68,1.03906214237213,2.38559126853943,8.67444133758545
"2024-05-07 17:05:08.0000",24.61,47.94,0.983767747879028,2.32223582267761,9.86216831207275
"2024-05-07 17:35:01.0000",22.23,49.16,1.32273721694946,2.75951480865479,9.46057033538818
"2024-05-07 18:04:47.0000",20.41,50.76,1.93662631511688,3.21961617469788,8.38113212585449
"2024-05-07 18:34:33.0000",19.49,51.78,1.66237568855286,2.67170262336731,14.5534191131592
"2024-05-07 19:04:30.0000",18.74,52.65,1.74240458011627,2.98940277099609,6.52379560470581
"2024-05-07 19:34:22.0000",18.55,53.08,4.05143690109253,5.809730052948,14.7290000915527
"2024-05-07 20:04:11.0000",17.05,54.81,5.51250219345093,7.66604709625244,12.6659517288208
"2024-05-07 20:33:57.0000",16.39,56.07,4.06583976745605,6.52137517929077,14.2744359970093
"2024-05-07 21:03:54.0000",15.87,56.82,4.36616516113281,6.67387008666992,10.8978118896484
"2024-05-07 21:33:46.0000",15.51,57.71,4.6069393157959,7.42264366149902,20.7554454803467
"2024-05-07 22:03:32.0000",15.34,58.44,4.87828254699707,7.14265871047974,11.4467639923096
"2024-05-07 22:33:24.0000",14.86,59.27,5.41295099258423,7.89945936203003,19.4507312774658
"2024-05-07 23:03:17.0000",14.39,59.99,6.4985728263855,9.07309722900391,11.6805801391602
"2024-05-07 23:33:10.0000",14.21,60.93,8.11890411376953,11.3596353530884,17.1163311004639
"2024-05-08 00:03:05.0000",15.35,58.74,5.83596897125244,8.29534435272217,13.5140037536621
"2024-05-08 00:32:53.0000",14.21,61.78,3.43126320838928,5.68863105773926,13.0601406097412
"2024-05-08 01:02:44.0000",14.08,62.18,3.18334865570068,4.9238920211792,12.5219135284424
"2024-05-08 01:32:52.0000",15.04,59.69,2.96954774856567,4.72453927993774,15.7203683853149
"2024-05-08 02:02:44.0000",13.78,62.38,3.10408639907837,4.41449642181396,14.4440307617188
"2024-05-08 02:32:30.0000",13.43,62.8,3.25230693817139,5.02539396286011,8.13331413269043
"2024-05-08 03:02:19.0000",12.51,63.99,15.6072225570679,21.8138256072998,24.2249565124512
"2024-05-08 03:32:04.0000",11.79,65.82,16.895788192749,26.3758201599121,35.3117179870605
"2024-05-08 04:01:57.0000",11.57,67.58,17.1432704925537,26.690315246582,31.6925525665283
"2024-05-08 04:31:53.0000",11.41,68.59,18.1369876861572,36.0006980895996,333.582122802734
"2024-05-08 05:01:46.0000",11.18,69.47,15.0865631103516,26.5732383728027,123.648071289062
"2024-05-08 05:31:39.0000",11.22,69.97,11.9450559616089,19.6474609375,46.4507064819336
"2024-05-08 06:01:30.0000",11.53,70.03,11.6623868942261,18.5910587310791,39.0421752929688
"2024-05-08 06:31:22.0000",12.02,69.7,11.1834020614624,17.4723224639893,30.8794097900391
"2024-05-08 07:01:14.0000",12.72,69.43,10.9603538513184,16.0654449462891,22.024585723877
"2024-05-08 07:31:05.0000",12.9,69.4,11.5146818161011,17.5387210845947,31.7043495178223
"2024-05-08 08:01:04.0000",13.1,69.51,12.9559764862061,17.3467483520508,19.4637565612793
"2024-05-08 08:30:55.0000",13.76,69.51,10.2061176300049,14.3884115219116,21.3109397888184
"2024-05-08 09:00:52.0000",14.79,69.54,8.86450481414795,12.4716444015503,21.6551704406738
"2024-05-08 09:30:49.0000",15.97,68.53,7.30758714675903,10.1560764312744,17.2048587799072
"2024-05-08 10:00:46.0000",16.96,67.86,5.7283239364624,8.07576847076416,11.2487773895264
"2024-05-08 10:30:48.0000",20.04,65.07,4.92018747329712,6.86072254180908,16.2751369476318
"2024-05-08 11:00:35.0000",19.75,64.27,2.45422101020813,4.33147287368774,11.6534814834595
"2024-05-08 11:30:27.0000",20.75,63.95,3.4839289188385,5.99122190475464,15.7406740188599
"2024-05-08 12:00:20.0000",21.52,60.48,5.73492813110352,7.59686899185181,20.1289367675781
"2024-05-08 12:30:11.0000",19.56,60.03,5.79515838623047,7.97247648239136,13.816801071167
"2024-05-08 13:00:04.0000",21.43,58.41,2.41201114654541,3.8598415851593,9.86676502227783
"2024-05-08 13:30:01.0000",24.59,55.14,1.87517809867859,3.20032405853271,6.35682439804077
"2024-05-08 13:59:58.0000",25.66,52.56,1.36588358879089,2.54163408279419,10.9426784515381
"2024-05-08 14:29:50.0000",25.93,50.6,1.29873919487,2.85400462150574,13.0355215072632
"2024-05-08 14:59:37.0000",25.08,49.14,1.14880096912384,2.55365300178528,5.66462707519531
"2024-05-08 15:29:28.0000",24.43,48.77,1.01751565933228,1.82444858551025,6.45311737060547
"2024-05-08 15:59:21.0000",22.45,48.57,1.69800472259521,3.29859042167664,12.0960388183594
"2024-05-08 16:29:07.0000",21.11,49.1,1.06709563732147,2.67683219909668,8.41649341583252
"2024-05-08 16:58:54.0000",19.1,50.42,1.4032096862793,3.09064674377441,9.57735252380371
"2024-05-08 17:28:46.0000",17.55,52,1.48373067378998,3.22136831283569,8.86288738250732
"2024-05-08 17:58:33.0000",16.83,53.32,1.43385148048401,2.66709589958191,5.59313011169434
"2024-05-08 18:28:25.0000",16.06,54.46,1.72231721878052,3.95542573928833,13.3181848526001
"2024-05-08 18:58:17.0000",15.35,56.09,1.70118880271912,3.45077300071716,8.89829444885254
"2024-05-08 19:28:09.0000",15,56.9,1.87505984306335,3.75139975547791,8.92107486724854
"2024-05-08 19:58:01.0000",14.58,57.87,2.11527299880981,4.50025367736816,10.5876398086548
"2024-05-08 20:27:53.0000",14.27,58.82,2.1779420375824,4.33046531677246,9.12289810180664
"2024-05-08 20:57:45.0000",14.13,59.1,2.07715654373169,4.15803718566895,23.0584487915039
"2024-05-08 21:27:37.0000",14.05,59.57,4.37977170944214,7.34871530532837,20.0993690490723
"2024-05-08 21:57:39.0000",13.79,60.35,2.34242987632751,4.96582746505737,20.3239498138428
"2024-05-08 22:27:26.0000",13.48,60.93,1.52222728729248,3.21485614776611,10.0714473724365
"2024-05-08 22:57:18.0000",13.35,61.36,1.86510491371155,3.45484685897827,5.93182945251465
"2024-05-08 23:27:10.0000",13.22,61.24,1.65450060367584,3.9416708946228,9.31641006469727
"2024-05-08 23:57:02.0000",12.7,61.67,1.94125890731812,4.53575801849365,20.6901721954346
"2024-05-09 00:27:00.0000",12.66,62.36,2.3288791179657,4.47091436386108,10.3914203643799
"2024-05-09 00:56:51.0000",12.7,62.68,2.01525902748108,4.19231414794922,12.8783512115479
"2024-05-09 01:26:38.0000",12.13,62.99,1.95599400997162,3.73580980300903,15.6620960235596
"2024-05-09 01:56:30.0000",11.66,63.56,1.91709089279175,3.49819755554199,7.17774391174316
"2024-05-09 02:26:22.0000",11.93,64.11,2.27180695533752,4.09600448608398,7.58014965057373
"2024-05-09 02:56:19.0000",11.97,64.47,2.74153399467468,5.11965322494507,12.6141309738159
"2024-05-09 03:26:07.0000",11.69,64.93,2.86059713363647,5.09853029251099,8.65204238891602
"2024-05-09 03:55:58.0000",11.45,65.32,2.80817151069641,5.07035636901855,8.73686695098877
"2024-05-09 04:25:50.0000",11.65,65.75,3.09927177429199,5.13077831268311,11.251220703125
"2024-05-09 04:55:42.0000",11.75,66.01,3.26049780845642,6.11652278900146,10.2599964141846
"2024-05-09 05:25:34.0000",11.97,66.27,3.87632322311401,5.85939502716064,10.2310752868652
"2024-05-09 05:55:26.0000",12.32,66.46,17.3142166137695,24.7067813873291,28.6599960327148
"2024-05-09 06:25:34.0000",13.82,63.8,5.72223711013794,9.43867969512939,15.2059535980225
"2024-05-09 06:55:15.0000",13.33,66.37,6.55593013763428,9.23441123962402,16.238037109375
"2024-05-09 07:25:07.0000",13.66,66.18,4.80600643157959,7.44809818267822,18.2040596008301
"2024-05-09 07:55:05.0000",14.32,65.96,2.7406895160675,4.68644094467163,12.1066455841064
"2024-05-09 08:24:57.0000",15.21,65.4,2.40863442420959,4.32968473434448,8.81351470947266
"2024-05-09 08:54:54.0000",16.09,64.66,1.62634932994843,3.38283753395081,8.41196823120117
"2024-05-09 09:24:51.0000",18.41,63.29,1.55980277061462,3.60419416427612,11.6949062347412
"2024-05-09 09:54:48.0000",20.49,60.6,2.16009879112244,3.99815845489502,8.199875831604
"2024-05-09 10:24:45.0000",22.4,56.36,1.85045778751373,3.94186806678772,13.28062915802
"2024-05-09 10:54:37.0000",23.76,53.99,1.94385719299316,4.14691543579102,10.480320930481
"2024-05-09 11:24:34.0000",25.58,51.74,2.37515616416931,3.61978340148926,9.8807544708252
"2024-05-09 11:54:26.0000",26.44,50.92,1.79291307926178,3.31284832954407,5.85073518753052
"2024-05-09 12:24:23.0000",27.31,48.93,2.55478191375732,4.44445085525513,9.52078342437744
"2024-05-09 12:54:15.0000",27.06,46.92,1.62776958942413,3.11057162284851,11.5530128479004
"2024-05-09 13:24:07.0000",27.37,45.95,1.90295767784119,3.82725858688354,23.6955184936523
"2024-05-09 13:54:04.0000",27.13,44.9,2.14511513710022,4.16010141372681,13.8705797195435
"2024-05-09 14:23:51.0000",27.36,43.75,1.70138812065125,3.39355707168579,6.8073353767395
"2024-05-09 14:53:49.0000",25.92,42.98,2.20106959342957,4.48696660995483,9.64511299133301
"2024-05-09 15:23:30.0000",24.76,43.91,2.58857393264771,5.46529531478882,16.158239364624
"2024-05-09 15:53:22.0000",23.3,46.19,3.10432696342468,5.94154262542725,28.2927131652832
"2024-05-09 16:23:14.0000",22.73,47.11,3.0767035484314,4.77701187133789,12.06751537323
"2024-05-09 16:53:06.0000",21.82,48.08,23.0594463348389,30.0420398712158,34.1194114685059
"2024-05-09 17:22:54.0000",20.96,48.14,2.1576623916626,4.20469951629639,9.25993537902832
"2024-05-09 17:52:45.0000",19.24,49.52,2.2420608997345,4.51342916488647,10.1144886016846
"2024-05-09 18:22:32.0000",18.82,50.62,3.13432478904724,6.11624050140381,12.2504997253418
"2024-05-09 18:52:24.0000",18.33,51.68,2.29673027992249,4.44038057327271,12.8910236358643
"2024-05-09 19:22:16.0000",17.39,52.28,2.79744720458984,5.1680006980896,9.42893218994141
"2024-05-09 19:52:07.0000",16.7,53.08,2.62788105010986,5.38965368270874,16.1080913543701
"2024-05-09 20:21:55.0000",15.89,54.2,2.77179217338562,5.36193561553955,12.2644882202148
"2024-05-09 20:51:47.0000",15.39,55.36,3.24994087219238,6.74852132797241,16.0184497833252
"2024-05-09 21:21:45.0000",15.01,56.5,3.24101066589355,5.76590585708618,14.0438604354858
"2024-05-09 21:51:35.0000",14.79,57.33,3.81056046485901,6.488694190979,24.4683589935303
"2024-05-09 22:21:23.0000",14.97,57.67,4.20081472396851,7.52329301834106,12.0711002349854
"2024-05-09 22:51:19.0000",14.9,58.12,3.5311450958252,6.24184370040894,17.9075145721436
"2024-05-09 23:21:12.0000",14.6,58.72,3.74688363075256,6.7486252784729,18.8820991516113
"2024-05-09 23:50:58.0000",14.44,59.71,4.35145854949951,7.10754632949829,18.1266250610352
"2024-05-10 00:20:56.0000",14.26,60.21,3.94057655334473,7.06848812103271,15.4832210540771
"2024-05-10 00:50:48.0000",14.19,60.7,3.56858515739441,6.18994569778442,14.5968084335327
"2024-05-10 01:20:45.0000",14.07,61.17,3.57671046257019,6.46227931976318,21.5658855438232
"2024-05-10 01:50:32.0000",13.81,61.86,3.75050449371338,6.6286563873291,13.8801183700562
"2024-05-10 02:20:24.0000",13.68,62.58,4.09215831756592,7.80903720855713,18.2197074890137
"2024-05-10 02:50:16.0000",13.66,62.66,4.95166444778442,8.0571174621582,15.0594291687012
"2024-05-10 03:20:08.0000",13.39,63.34,5.23622035980225,8.76883888244629,15.4297962188721
"2024-05-10 03:50:05.0000",13.42,63.93,5.19753456115723,8.27161312103271,16.3396549224854
"2024-05-10 04:19:58.0000",13.4,64.46,5.99890375137329,9.51560401916504,19.3876895904541
"2024-05-10 04:49:49.0000",13.38,64.79,6.25112628936768,9.39547824859619,12.9967975616455
"2024-05-10 05:19:47.0000",13.55,65.07,7.64902925491333,11.6916065216064,20.1767196655273
"2024-05-10 05:49:38.0000",13.87,65.11,9.00295829772949,13.0290031433105,23.9720630645752
"2024-05-10 06:19:30.0000",14.17,65.43,9.50841236114502,13.9938011169434,17.9523983001709
"2024-05-10 06:49:22.0000",14.62,65.41,7.63454103469849,11.7440452575684,24.0417022705078
"2024-05-10 07:19:14.0000",15.11,65.56,12.8212308883667,18.4508838653564,29.6237964630127
"2024-05-10 07:49:06.0000",15.67,65.64,12.3082094192505,16.9816093444824,33.8950119018555
"2024-05-10 08:19:03.0000",16.64,65.18,9.66161823272705,14.2287273406982,24.9850940704346
"2024-05-10 08:48:55.0000",17.8,64.29,8.00860691070557,11.6048774719238,17.6279430389404
"2024-05-10 09:18:53.0000",18.93,63.21,7.21668195724487,10.6619367599487,21.0452671051025
"2024-05-10 09:48:44.0000",20.28,62.79,7.62331008911133,11.6502532958984,18.5389289855957
"2024-05-10 10:18:41.0000",21.89,60.97,5.40944337844849,9.15995979309082,20.0420055389404
"2024-05-10 10:48:43.0000",23.27,59.7,5.95254039764404,9.89901924133301,35.0247573852539
"2024-05-10 11:18:35.0000",23.7,58.12,5.33082437515259,8.2134838104248,24.4800643920898
"2024-05-10 11:48:33.0000",25.89,55.95,5.62477874755859,9.07284164428711,30.4070129394531
"2024-05-10 12:18:24.0000",26.24,54.42,3.52582883834839,6.72082471847534,18.8794288635254
"2024-05-10 12:48:16.0000",26.99,52.64,2.81127762794495,5.43761730194092,16.4726066589355
"2024-05-10 13:18:13.0000",28.42,50.05,2.34686422348022,4.62890434265137,18.1833915710449
"2024-05-10 13:48:06.0000",29.94,46.88,1.4208390712738,2.9709689617157,20.7928848266602
"2024-05-10 14:17:58.0000",29.59,44.75,2.6112904548645,4.90638494491577,10.7998781204224
"2024-05-10 14:47:50.0000",29.3,43.46,1.33912897109985,3.82747030258179,10.3277654647827
"2024-05-10 15:17:42.0000",29.15,43,1.3246467113494873,3.231827735900879,14.117802619934082
"2024-05-10 15:47:34.0000",27.71,43.03,1.2835595607757568,2.906094551086426,15.637017250061035
"2024-05-10 16:17:26.0000",28.86,42.02,1.1795381307601929,3.581332206726074,13.264371871948242
"2024-05-10 16:47:19.0000",27.44,42.21,1.883966326713562,3.6076812744140625,10.036175727844238
"2024-05-10 17:17:05.0000",27.21,42.29,1.1085543632507324,3.053929090499878,17.912622451782227
"2024-05-10 17:46:56.0000",25.71,42.5,1.0158826112747192,2.890596866607666,13.341806411743164
"2024-05-10 18:16:43.0000",24.69,43.14,0.8519747853279114,2.4894416332244873,6.189507007598877
"2024-05-10 18:46:41.0000",24.19,43.63,1.1282482147216797,3.0222113132476807,12.735893249511719
"2024-05-10 19:16:29.0000",23.26,43.99,1.1170567274093628,2.8393630981445312,20.616092681884766
"2024-05-10 19:46:19.0000",21.71,45.26,1.603166103363037,3.6730728149414062,24.78838539123535
"2024-05-10 20:16:06.0000",19.87,47.13,4.953460693359375,8.428735733032227,15.61989974975586
"2024-05-10 20:45:58.0000",18.73,48.8,151.67636108398438,199.38340759277344,209.16175842285156
"2024-05-10 21:15:50.0000",18.15,50.13,7.579293251037598,11.871899604797363,17.68607521057129
"2024-05-10 21:45:37.0000",17.8,51.38,7.711969375610352,11.502726554870605,30.13911247253418
"2024-05-10 22:15:29.0000",17.5,52.39,7.5665106773376465,11.13965129852295,17.15414047241211
"2024-05-10 22:45:27.0000",17.19,53.31,8.278326988220215,12.276017189025879,28.696847915649414
"2024-05-10 23:15:13.0000",16.81,54.24,10.213236808776855,14.863261222839355,28.6731014251709
"2024-05-10 23:45:11.0000",16.6,55.26,6.74195671081543,10.754950523376465,19.89632225036621
"2024-05-11 00:14:57.0000",16.02,56.28,7.94003963470459,11.846162796020508,20.080957412719727
"2024-05-11 00:44:50.0000",15.77,57.26,7.305356502532959,10.991178512573242,29.64739990234375
"2024-05-11 01:14:41.0000",15.76,58.16,5.1984028816223145,7.990310192108154,24.50139808654785
"2024-05-11 01:44:33.0000",15.63,59.08,4.193047523498535,6.900871276855469,18.450904846191406
"2024-05-11 02:14:27.0000",15.49,59.88,4.175268173217773,6.589672565460205,11.535053253173828
"2024-05-11 02:44:23.0000",15.16,60.51,4.2598066329956055,6.6634745597839355,17.318782806396484
"2024-05-11 03:14:14.0000",14.97,61.29,4.529459476470947,7.024123191833496,15.110790252685547
"2024-05-11 03:44:01.0000",14.75,61.75,4.9469099044799805,7.315944194793701,15.679903984069824
"2024-05-11 04:13:53.0000",14.4,62.28,4.7910542488098145,8.497482299804688,18.519798278808594
"2024-05-11 04:43:56.0000",14.12,62.97,5.872568130493164,9.215433120727539,15.264188766479492
"2024-05-11 05:13:47.0000",14.17,63.64,6.603165626525879,10.126870155334473,15.76474380493164
"2024-05-11 05:43:34.0000",14.4,63.97,7.171992778778076,10.91183853149414,15.443779945373535
"2024-05-11 06:13:27.0000",15,64.01,6.355465412139893,9.67148494720459,15.676634788513184
"2024-05-11 06:43:18.0000",15.58,63.85,5.548384666442871,7.862733364105225,13.021469116210938
"2024-05-11 07:13:11.0000",16.11,63.69,5.847223281860352,8.542083740234375,13.537293434143066
"2024-05-11 07:43:08.0000",16.61,63.56,5.403327465057373,7.954825401306152,11.681990623474121
"2024-05-11 08:13:10.0000",17.61,62.98,4.429181098937988,6.861020565032959,12.753355979919434
"2024-05-11 08:43:02.0000",18.87,62.23,4.369356632232666,5.870432376861572,13.497567176818848
"2024-05-11 09:12:53.0000",20.17,60.95,0.8323025107383728,1.5968453884124756,8.237711906433105
"2024-05-11 09:43:02.0000",20.99,59.32,0.9290785193443298,1.6518728733062744,8.765554428100586
"2024-05-11 10:12:43.0000",23.48,55.82,0.8338413238525391,1.8969475030899048,6.558732032775879
"2024-05-11 10:42:35.0000",24.15,54.17,0.5194587707519531,1.3923453092575073,7.642524719238281
"2024-05-11 11:12:32.0000",26.45,50.62,0.4886365830898285,1.3812098503112793,9.743804931640625
"2024-05-11 11:42:29.0000",27.55,48.92,0.4169924855232239,1.2995649576187134,5.155506134033203
"2024-05-11 12:12:21.0000",28.59,47.32,0.49711719155311584,1.556455373764038,5.444066047668457
"2024-05-11 12:42:13.0000",29.91,45.36,0.3175225853919983,1.1910078525543213,8.877087593078613
"2024-05-11 13:12:05.0000",29.79,42.85,0.3667130470275879,1.3142905235290527,4.519906044006348
"2024-05-11 13:42:03.0000",30.16,40.68,0.5096465349197388,1.7392221689224243,25.791522979736328
"2024-05-11 14:11:54.0000",30.25,39.13,0.4854883551597595,1.603857159614563,5.258426189422607
"2024-05-11 14:41:51.0000",29.75,38.89,0.653907299041748,2.500666618347168,31.395511627197266
"2024-05-11 15:11:33.0000",28.63,39.42,0.7118598222732544,1.7176880836486816,16.62720489501953
"2024-05-11 15:41:25.0000",28.09,40.08,1.08622145652771,2.2017405033111572,5.994105815887451
"2024-05-11 16:11:27.0000",26.44,40.44,1.7723859548568726,3.087824583053589,6.626053333282471
"2024-05-11 16:41:09.0000",25.77,41.65,2.953134775161743,5.156510829925537,21.552650451660156
"2024-05-11 17:11:01.0000",24.52,42.57,3.7713913917541504,6.232434272766113,17.53108024597168
"2024-05-11 17:40:58.0000",23.46,43.5,3.8573272228240967,5.837185859680176,9.018279075622559
"2024-05-11 18:10:41.0000",22.64,44.72,3.203869581222534,4.788003921508789,14.254828453063965
"2024-05-11 18:40:37.0000",21.83,45.85,3.3480420112609863,5.387380599975586,12.739705085754395
"2024-05-11 19:10:34.0000",21.32,46.54,2.777691602706909,4.441554069519043,15.710290908813477
"2024-05-11 19:40:17.0000",20.79,47.28,2.8270647525787354,4.500970840454102,8.256959915161133
"2024-05-11 20:10:22.0000",20.38,47.97,2.8948395252227783,4.494504928588867,10.094282150268555
"2024-05-11 20:40:00.0000",19.91,48.98,3.4496607780456543,5.802185535430908,13.466618537902832
"2024-05-11 21:09:52.0000",19.48,49.95,3.8754262924194336,6.000653266906738,20.09884262084961
"2024-05-11 21:39:45.0000",19,51.06,4.419970989227295,6.80164098739624,17.271474838256836
"2024-05-11 22:09:42.0000",18.36,52.93,5.406247615814209,8.038654327392578,19.414155960083008
"2024-05-11 22:39:33.0000",17.83,54.51,5.325228214263916,7.922479629516602,25.198747634887695
"2024-05-11 23:09:20.0000",17.52,55.6,5.15206241607666,7.575927734375,17.482906341552734
"2024-05-11 23:39:12.0000",17.14,56.43,5.468343257904053,8.579606056213379,13.100197792053223
"2024-05-12 00:09:04.0000",16.66,57.13,5.7037763595581055,9.011602401733398,17.014711380004883
"2024-05-12 00:38:51.0000",16.16,57.97,5.946306228637695,9.959856986999512,28.202598571777344
"2024-05-12 01:08:43.0000",15.88,58.72,6.521766662597656,9.987055778503418,16.229705810546875
"2024-05-12 01:38:35.0000",15.63,59.22,7.042049884796143,10.85326099395752,20.491851806640625
"2024-05-12 02:08:28.0000",15.3,59.9,7.319090366363525,10.640110969543457,17.572914123535156
"2024-05-12 02:38:14.0000",15.03,60.38,7.302070140838623,10.814163208007812,15.36635684967041
"2024-05-12 03:08:06.0000",14.94,60.93,7.560471057891846,11.317879676818848,18.365093231201172
"2024-05-12 03:37:58.0000",14.85,61.37,7.243081092834473,10.555704116821289,14.033350944519043
"2024-05-12 04:07:50.0000",14.71,61.61,7.24318265914917,11.173792839050293,22.1190128326416
"2024-05-12 04:37:53.0000",14.5,61.76,7.125281810760498,11.269991874694824,25.907306671142578
"2024-05-12 05:07:35.0000",14.32,62.05,6.920968055725098,10.274094581604004,13.295108795166016
"2024-05-12 05:37:25.0000",14.33,62.21,7.048476696014404,10.225895881652832,15.169452667236328
"2024-05-12 06:07:19.0000",14.5,62.26,7.625146389007568,11.550399780273438,16.445743560791016
"2024-05-12 06:37:10.0000",14.92,62.13,6.915423393249512,9.8784761428833,13.430458068847656
"2024-05-12 07:07:23.0000",16.98,58.79,6.515402793884277,9.391324996948242,21.094470977783203
"2024-05-12 07:36:59.0000",16.76,60.64,6.040888786315918,8.786850929260254,22.489608764648438
"2024-05-12 08:06:51.0000",17.75,59.89,6.279383182525635,9.112879753112793,17.28829002380371
"2024-05-12 08:36:48.0000",18.17,59.54,6.9799394607543945,10.410944938659668,21.674604415893555
"2024-05-12 09:06:40.0000",18.93,59.2,5.721274375915527,8.521183013916016,14.052999496459961
"2024-05-12 09:36:32.0000",19.73,58.61,5.939609050750732,8.884157180786133,24.79535484313965
"2024-05-12 10:06:29.0000",22.8,56.63,5.654589653015137,8.274591445922852,20.523582458496094
"2024-05-12 10:36:26.0000",24.74,54.66,5.021295547485352,7.603959083557129,21.972673416137695
"2024-05-12 11:06:18.0000",26.17,51.89,4.737069129943848,7.896564483642578,20.274826049804688
"2024-05-12 11:36:10.0000",26.3,50.78,4.648728370666504,7.628446578979492,22.018205642700195
"2024-05-12 12:06:02.0000",25.79,50.85,4.3111796379089355,7.275395393371582,14.16923999786377
"2024-05-12 12:35:54.0000",26.04,50.56,3.740586042404175,6.154338836669922,13.200026512145996
"2024-05-12 13:05:57.0000",28.25,47.1,3.3564870357513428,6.05756139755249,23.246084213256836
"2024-05-12 13:35:39.0000",25.74,48.29,3.3278961181640625,5.841855049133301,20.918439865112305
"2024-05-12 14:05:43.0000",26.03,47.87,3.2681126594543457,5.458886623382568,11.259425163269043
"2024-05-12 14:35:28.0000",26.79,47.15,2.949798345565796,5.636085510253906,12.51151180267334
"2024-05-12 15:05:20.0000",27.38,45.28,2.3020384311676025,4.5190534591674805,20.200700759887695
"2024-05-12 15:35:07.0000",24.81,46.5,1.8601573705673218,4.296162128448486,12.134217262268066
"2024-05-12 16:04:58.0000",23.49,47.56,1.5646406412124634,3.5832717418670654,6.89857816696167
"2024-05-12 16:34:46.0000",23,48.15,1.8590726852416992,4.535068988800049,18.65289878845215
"2024-05-12 17:04:38.0000",21.13,50.14,4.392805099487305,8.922510147094727,21.38944435119629
"2024-05-12 17:34:24.0000",19.6,53.06,4.2379655838012695,11.100799560546875,41.98296356201172
"2024-05-12 18:04:10.0000",16.9,56.93,1.769768238067627,5.957549095153809,19.224720001220703
"2024-05-12 18:34:03.0000",15.61,59.9,1.6614328622817993,4.340226650238037,23.66904067993164
"2024-05-12 19:03:50.0000",15,61.41,5.614301681518555,8.533102035522461,19.30311393737793
"2024-05-12 19:33:52.0000",16.71,60.05,1.5134518146514893,3.740293502807617,15.794597625732422
"2024-05-12 20:03:39.0000",15.8,63.62,2.2237679958343506,4.307761192321777,11.39010238647461
"2024-05-12 20:33:31.0000",15.31,65.67,2.9995267391204834,5.380807399749756,17.334205627441406
"2024-05-12 21:03:19.0000",15.37,66.93,18.78160858154297,21.88351058959961,30.934648513793945
"2024-05-12 21:33:09.0000",15.34,67.15,6.652144908905029,11.152546882629395,17.817228317260742
"2024-05-12 22:03:07.0000",15.36,67.62,31.69363784790039,36.1873664855957,47.47476577758789
"2024-05-12 22:32:54.0000",15.1,68.26,58.604305267333984,64.31529998779297,72.28519439697266
"2024-05-12 23:02:52.0000",14.85,68.78,11.84382152557373,16.23270606994629,23.06206703186035
"2024-05-12 23:32:37.0000",14.59,69.34,65.34681701660156,72.12372589111328,78.26400756835938
"2024-05-13 00:02:25.0000",14.34,69.9,19.265872955322266,24.604652404785156,30.308979034423828
"2024-05-13 00:32:22.0000",14.3,70.47,11.6166410446167,15.7489652633667,23.092363357543945
"2024-05-13 01:02:14.0000",14.42,70.63,14.151385307312012,19.875017166137695,24.27683448791504
"2024-05-13 01:32:02.0000",14.14,71.09,16.731508255004883,23.638294219970703,30.299362182617188
"2024-05-13 02:02:04.0000",15.42,68.01,66.90805053710938,74.15585327148438,80.81746673583984
"2024-05-13 02:31:45.0000",14.28,71.08,26.707962036132812,32.40795135498047,40.171905517578125
"2024-05-13 03:01:36.0000",14.13,71.29,42.58433532714844,51.12236022949219,65.5199203491211
"2024-05-13 03:31:34.0000",13.36,71.4,66.72077941894531,74.64376831054688,85.24957275390625
"2024-05-13 04:01:21.0000",13.3,72.06,25.039762496948242,36.802249908447266,44.04317855834961
"2024-05-13 04:31:22.0000",12.85,72.08,19.010725021362305,26.94083023071289,39.887516021728516
"2024-05-13 05:01:04.0000",12.1,72.4,13.67794418334961,19.862442016601562,27.703704833984375
"2024-05-13 05:31:07.0000",13.22,69.91,6.236380100250244,8.939045906066895,12.086721420288086
"2024-05-13 06:00:49.0000",12.65,72.67,43.80044937133789,46.165191650390625,50.11664581298828
"2024-05-13 06:30:46.0000",12.92,72.42,19.588180541992188,21.729564666748047,24.744613647460938
"2024-05-13 07:00:38.0000",13.24,72.34,2.5822057723999023,4.28720235824585,9.641223907470703
"2024-05-13 07:30:30.0000",14.03,71.46,1.7453460693359375,3.0619938373565674,4.780282497406006
"2024-05-13 08:00:38.0000",14.59,70.46,3.9866082668304443,5.398489475250244,9.312043190002441
"2024-05-13 08:30:31.0000",15.93,69.49,7.704888343811035,9.57831859588623,20.483963012695312
"2024-05-13 09:00:23.0000",16.52,67.61,7.788277626037598,10.073729515075684,22.24504852294922
"2024-05-13 09:30:13.0000",16.67,66.8,2.649231433868408,4.42791223526001,6.612720012664795
"2024-05-13 10:00:00.0000",16.49,66.18,2.569941759109497,4.200133800506592,9.338568687438965
"2024-05-13 10:29:55.0000",16.95,64.75,0.8165308833122253,1.6474162340164185,3.805877685546875
"2024-05-13 10:59:44.0000",16.44,64.7,0.7014526128768921,1.532078742980957,11.170614242553711
"2024-05-13 11:29:37.0000",17.18,63.17,0.4116372764110565,1.4922019243240356,3.6949479579925537
"2024-05-13 11:59:43.0000",17.03,62.8,0.4284660518169403,1.235162377357483,3.921921730041504
"2024-05-13 12:29:32.0000",16.66,63.07,0.4820045530796051,1.820142388343811,18.699535369873047
"2024-05-13 12:59:18.0000",16.55,63.27,0.4690185785293579,1.3800814151763916,16.9141845703125
"2024-05-13 13:29:26.0000",17.11,63.21,0.5110116004943848,1.3867617845535278,11.307494163513184
"2024-05-13 13:59:07.0000",17.83,62.62,0.5035210847854614,1.3184897899627686,3.731114387512207
"2024-05-13 14:28:53.0000",17.59,62.35,0.5684689879417419,1.8947337865829468,4.10457706451416
"2024-05-13 14:58:58.0000",18.5,59.71,0.658678412437439,1.8720786571502686,5.060868740081787
"2024-05-13 15:28:37.0000",16.5,63.71,0.7293511033058167,2.1135218143463135,10.768346786499023
"2024-05-13 15:58:52.0000",17.22,62.43,1.1769295930862427,2.6684606075286865,8.08436107635498
"2024-05-13 16:28:37.0000",16.25,65.17,1.5106353759765625,3.0067460536956787,8.858792304992676
"2024-05-13 16:58:16.0000",16.21,65.79,1.4979171752929688,3.087430715560913,9.448932647705078
"2024-05-13 17:28:11.0000",16.05,66.16,1.0365556478500366,2.273287534713745,15.05517864227295
"2024-05-13 17:57:57.0000",15.57,67.68,0.7802421450614929,2.006730556488037,9.305211067199707
"2024-05-13 18:28:00.0000",15.27,68.68,1.0001437664031982,2.3260254859924316,13.064834594726562
"2024-05-13 18:57:47.0000",15.13,69.25,0.7430975437164307,1.736416220664978,8.780054092407227
"2024-05-13 19:27:42.0000",14.64,70.53,2.333333730697632,4.18944787979126,9.847119331359863
"2024-05-13 19:57:32.0000",14.15,72.37,1.5052510499954224,3.1524951457977295,7.537136554718018
"2024-05-13 20:27:20.0000",13.79,73.21,4.288529396057129,6.351127624511719,12.45681095123291
"2024-05-13 20:57:09.0000",13.51,74.4,3.1237480640411377,4.810120582580566,7.427029132843018
"2024-05-13 21:56:59.0000",13.3,75.11,4.235324859619141,6.6500325202941895,15.669368743896484
"2024-05-13 22:26:56.0000",13.13,76.02,4.255342960357666,6.246364593505859,11.498490333557129
"2024-05-13 23:26:51.0000",14.24,73.89,4.0904693603515625,6.129329204559326,9.218289375305176
"2024-05-13 23:56:24.0000",13.02,76.85,4.4545063972473145,6.4323906898498535,8.796917915344238
"2024-05-14 00:26:21.0000",12.96,77.26,4.593387126922607,6.638803958892822,9.558427810668945
"2024-05-14 00:56:06.0000",13.02,77.47,4.274301052093506,5.945244789123535,9.07571792602539
"2024-05-14 01:26:16.0000",13.1,77.7,3.5792312622070312,4.852873802185059,7.0931220054626465
"2024-05-14 01:56:02.0000",13.18,77.88,4.038383483886719,5.747743606567383,7.6178178787231445
"2024-05-14 02:26:05.0000",13.24,78.05,4.574987888336182,6.397788047790527,11.475635528564453
"2024-05-14 02:55:57.0000",13.33,78.19,6.822065353393555,9.670598030090332,20.235502243041992
"2024-05-14 03:26:02.0000",14.42,75.24,9.236204147338867,13.121893882751465,22.335338592529297
"2024-05-14 03:55:47.0000",13.21,78.15,11.52030086517334,16.5731143951416,22.04996109008789
"2024-05-14 04:25:25.0000",13.11,78.62,11.419031143188477,15.699613571166992,19.191999435424805
"2024-05-14 04:55:16.0000",13.14,78.91,9.059144020080566,12.926321983337402,22.921485900878906
"2024-05-14 05:25:08.0000",13.22,79.04,8.991779327392578,12.843782424926758,20.298532485961914
"2024-05-14 05:55:00.0000",13.23,79.02,8.151681900024414,11.559033393859863,15.253069877624512
"2024-05-14 06:24:58.0000",13.4,79.25,6.297575950622559,8.936437606811523,12.452681541442871
"2024-05-14 06:55:00.0000",13.58,79.29,5.408787250518799,7.839613437652588,10.739893913269043
"2024-05-14 07:24:42.0000",13.67,79.29,6.372164726257324,9.362947463989258,17.262060165405273
"2024-05-14 07:54:44.0000",15.02,76.05,8.452197074890137,12.275789260864258,20.804515838623047
"2024-05-14 08:24:27.0000",13.81,79.02,8.530107498168945,12.177661895751953,14.662118911743164
"2024-05-14 08:54:33.0000",15.29,75.88,7.195511341094971,10.080089569091797,15.165131568908691
"2024-05-14 09:24:25.0000",14.52,78.86,3.3065733909606934,4.925328254699707,7.175377368927002
"2024-05-14 09:54:12.0000",15.29,78.85,2.861544132232666,4.626475811004639,10.40027904510498
"2024-05-14 10:24:04.0000",14.83,78.07,0.26336973905563354,0.8381168842315674,2.8724257946014404
"2024-05-14 10:53:51.0000",13.56,79.01,13.414490699768066,14.533121109008789,19.843578338623047
"2024-05-14 11:23:43.0000",14.97,79.36,0.7698906064033508,2.2844014167785645,8.901243209838867
"2024-05-14 11:53:45.0000",20.34,75.34,0.5487569570541382,1.9571037292480469,11.470074653625488
"2024-05-14 12:23:42.0000",20.6,71.48,0.5834175944328308,1.6134731769561768,4.805822849273682
"2024-05-14 12:53:34.0000",18.71,71.16,0.5792936682701111,2.303798198699951,12.396496772766113
"2024-05-14 13:23:26.0000",18.66,68.82,0.5560681223869324,2.3859100341796875,7.821289539337158
"2024-05-14 13:53:18.0000",18.97,66.98,0.5478829145431519,2.148559808731079,5.556453704833984
"2024-05-14 14:23:10.0000",18.94,66.61,0.5823085904121399,2.335947036743164,5.408390045166016
"2024-05-14 14:53:07.0000",20.95,63.55,0.7319116592407227,2.2963452339172363,10.368682861328125
"2024-05-14 15:22:59.0000",19.64,61.45,0.897618293762207,3.2536048889160156,9.893077850341797
"2024-05-14 15:52:51.0000",19.13,60.91,0.8060105443000793,3.4511282444000244,8.48806381225586
"2024-05-14 16:22:38.0000",18.36,61,0.8433838486671448,3.383357286453247,13.802175521850586
"2024-05-14 16:53:08.0000",17.56,61.58,0.8179629445075989,3.0834121704101562,7.296654224395752
"2024-05-14 17:22:22.0000",17.29,61.95,0.7882452011108398,3.1400277614593506,15.54769515991211
"2024-05-14 17:52:20.0000",16.98,62.3,0.8866100311279297,2.643017053604126,6.901594638824463
"2024-05-14 18:22:43.0000",16.78,62.53,0.8399943113327026,3.339887857437134,7.696613311767578
"2024-05-14 18:51:53.0000",16.7,62.9,0.9234060049057007,4.227611541748047,9.446197509765625
"2024-05-14 19:21:50.0000",16.16,63.25,0.9276028275489807,3.4679348468780518,8.979808807373047
"2024-05-14 19:51:38.0000",15.65,64.02,0.8864706158638,3.4543261528015137,10.958457946777344
"2024-05-14 20:51:32.0000",14.74,65.31,1.1138273477554321,4.4793195724487305,11.772465705871582
"2024-05-14 21:21:23.0000",14.62,65.96,1.190966248512268,4.18529748916626,10.030464172363281
"2024-05-14 21:51:16.0000",14.29,66.33,1.0910508632659912,4.9254608154296875,10.043498039245605
"2024-05-14 22:21:22.0000",14.04,66.75,1.193236231803894,4.800826072692871,20.642841339111328
"2024-05-14 23:21:09.0000",13.58,67.69,1.39285409450531,5.682894706726074,17.045419692993164
"2024-05-14 23:51:52.0000",13.58,68.27,1.9026542901992798,5.639977931976318,10.047942161560059
"2024-05-15 00:20:56.0000",13.6,68.99,4.08707857131958,7.985624313354492,11.821691513061523
"2024-05-15 00:50:37.0000",13.39,69.61,10.299722671508789,14.425414085388184,20.266103744506836
"2024-05-15 01:20:30.0000",13.35,70.29,3.3287415504455566,7.9763946533203125,20.35463523864746
"2024-05-15 01:50:22.0000",13.22,70.67,3.0999412536621094,7.560184478759766,16.149293899536133
"2024-05-15 02:20:13.0000",13.17,71.13,3.707826614379883,8.938342094421387,16.217365264892578
"2024-05-15 02:50:33.0000",13.08,71.4,3.586980104446411,8.324650764465332,16.584983825683594
"2024-05-15 03:20:29.0000",13.03,71.64,3.7461493015289307,10.71322250366211,22.122591018676758
"2024-05-15 03:50:57.0000",12.95,71.99,10.298449516296387,16.780315399169922,29.451786041259766
"2024-05-15 04:20:07.0000",12.95,72.17,4.147233009338379,10.03391170501709,20.69379234313965
"2024-05-15 05:19:39.0000",13.11,72.73,27.3488712310791,31.87889289855957,39.78620147705078
"2024-05-15 05:49:27.0000",13.23,72.97,3.6514739990234375,7.525728702545166,11.09730339050293
"2024-05-15 06:19:20.0000",13.54,73.14,55.4476318359375,59.77726745605469,68.3596420288086
"2024-05-15 06:49:17.0000",13.88,73.03,28.03714942932129,31.5041446685791,45.628257751464844
"2024-05-15 07:19:15.0000",14.22,73.04,2.080518960952759,5.381237506866455,16.92612648010254
"2024-05-15 07:49:11.0000",14.7,73.01,16.685317993164062,19.27882957458496,23.60231590270996
"2024-05-15 08:49:28.0000",16.85,68.62,1.997410774230957,4.61224889755249,8.739520072937012
"2024-05-15 09:18:42.0000",15.73,72.11,36.78353500366211,38.892120361328125,40.697181701660156
"2024-05-15 09:48:39.0000",17.14,71.22,1.8140472173690796,3.4293105602264404,9.008472442626953
"2024-05-15 10:18:46.0000",21.44,66.78,1.4314470291137695,3.552513837814331,7.486235618591309
"2024-05-15 10:48:28.0000",19.8,65.07,1.4278899431228638,3.5820772647857666,6.211714744567871
"2024-05-15 11:18:16.0000",19.2,67.45,1.384175419807434,3.948990821838379,7.329507827758789
"2024-05-15 11:49:17.0000",22.52,63.44,0.9805712699890137,2.9385712146759033,8.051953315734863
"2024-05-15 12:18:22.0000",22.97,60.69,0.9399712681770325,3.1076221466064453,9.904763221740723
"2024-05-15 12:48:02.0000",23.98,58.67,0.696264922618866,2.105834722518921,10.264424324035645
"2024-05-15 13:17:54.0000",24.18,54.98,0.8557153940200806,2.1402430534362793,5.030058860778809
"2024-05-15 13:47:46.0000",21.93,56.14,0.8118140697479248,2.7361037731170654,11.19823932647705
"2024-05-15 14:17:27.0000",20.61,57.41,0.6104075908660889,2.0676634311676025,13.517905235290527
"2024-05-15 14:47:53.0000",21.52,57.58,0.5977817177772522,1.9330743551254272,6.817905426025391
"2024-05-15 15:17:37.0000",23.15,53.01,0.9197325706481934,3.6487951278686523,12.145821571350098
"2024-05-15 15:47:13.0000",23.98,51.64,0.5930996537208557,1.7836986780166626,6.549365997314453
"2024-05-15 16:17:05.0000",22.59,48.32,0.33924800157546997,1.0442219972610474,2.684067487716675
"2024-05-15 16:46:57.0000",23.58,48.63,0.432461678981781,1.4790571928024292,3.4293251037597656
"2024-05-15 17:16:50.0000",22.14,49.08,0.4092499017715454,1.0291664600372314,7.369683265686035
"2024-05-15 17:46:42.0000",20.3,50.81,0.5227570533752441,1.5527254343032837,3.686476707458496
"2024-05-15 18:16:29.0000",19.95,52.11,0.8377362489700317,2.4376087188720703,4.864748001098633
"2024-05-15 18:46:15.0000",18.35,55.89,1.3800420761108398,2.9333901405334473,17.59938621520996
"2024-05-15 19:16:24.0000",17.62,57.49,0.6324026584625244,1.995373010635376,5.524843692779541
"2024-05-15 19:46:05.0000",17.01,57.73,0.5799483060836792,1.5981475114822388,4.268024444580078
"2024-05-15 20:16:24.0000",16.5,58.41,0.533958375453949,1.53671395778656,3.585028648376465
"2024-05-15 20:45:44.0000",16.03,58.93,0.48430684208869934,1.5991343259811401,4.299379825592041
"2024-05-15 21:15:30.0000",15.48,59.65,0.6251497864723206,1.7268046140670776,4.26977014541626
"2024-05-15 21:45:22.0000",15.23,60.44,0.7348417639732361,2.1834847927093506,4.794084548950195
"2024-05-15 22:15:34.0000",15.87,59.85,1.082955002784729,2.8464150428771973,7.027754306793213
"2024-05-15 22:45:07.0000",14.35,63.91,1.809154987335205,3.7891643047332764,8.337944984436035
"2024-05-15 23:15:27.0000",14.06,65.38,1.8209199905395508,3.902883768081665,8.420506477355957
"2024-05-16 00:14:50.0000",14.79,63.06,2.1291747093200684,4.615609645843506,6.99668550491333
"2024-05-16 00:44:29.0000",13.42,66.14,2.4326329231262207,4.746143817901611,9.691028594970703
"2024-05-16 01:14:21.0000",13.07,66.86,2.4911952018737793,4.795053482055664,17.331899642944336
"2024-05-16 01:44:08.0000",12.83,67.29,2.3531618118286133,5.156483173370361,16.068693161010742
"2024-05-16 02:14:05.0000",12.45,68.24,3.0628292560577393,5.572371006011963,11.116851806640625
"2024-05-16 02:43:52.0000",12.18,69.18,2.727194309234619,5.2063093185424805,8.251998901367188
"2024-05-16 03:13:43.0000",11.87,70.14,7.822372913360596,10.556403160095215,15.019002914428711
"2024-05-16 04:14:08.0000",11.57,71.97,46.758670806884766,52.21258544921875,55.99637985229492
"2024-05-16 04:43:19.0000",11.47,72.33,52.4798583984375,57.480716705322266,60.78505325317383
"2024-05-16 05:13:17.0000",12.64,69.83,11.278594017028809,16.679088592529297,20.274885177612305
"2024-05-16 05:43:03.0000",11.84,73.27,10.230823516845703,15.807965278625488,22.399988174438477
"2024-05-16 06:13:06.0000",13.88,70.13,46.44786834716797,51.372047424316406,59.41225051879883
"2024-05-16 06:42:48.0000",13.64,72.63,58.013118743896484,62.06594467163086,69.10772705078125
"2024-05-16 07:13:06.0000",15.07,69.39,6.27204704284668,9.559945106506348,19.85691261291504
"2024-05-16 07:43:10.0000",14.83,72.05,5.517014980316162,8.782889366149902,18.249004364013672
"2024-05-16 08:12:34.0000",15.41,71.3,6.815973281860352,10.98257827758789,26.70745849609375
"2024-05-16 08:42:26.0000",15.79,71.42,37.215694427490234,41.1633415222168,46.50249099731445
"2024-05-16 09:42:17.0000",17.97,69.43,5.357599258422852,9.226844787597656,14.586360931396484
"2024-05-16 10:12:12.0000",21.43,66.78,4.579564571380615,7.615537166595459,13.973832130432129
"2024-05-16 10:42:37.0000",22.37,64.35,4.316720962524414,7.614100456237793,12.591161727905273
"2024-05-16 11:11:56.0000",18.69,63.51,6.356703281402588,9.926480293273926,15.079209327697754
"2024-05-16 11:41:53.0000",17,65.75,6.927981376647949,10.731701850891113,27.668258666992188
"2024-05-16 12:11:40.0000",16.87,66.97,6.662071704864502,9.612360000610352,19.309640884399414
"2024-05-16 13:11:51.0000",16.49,69.09,5.9713616371154785,9.31021785736084,14.970796585083008
"2024-05-16 13:41:16.0000",15.86,70.26,6.549357891082764,10.112895965576172,19.37291717529297

