"Date & Time",Temperature,Humidity,PM1.0,PM2.5,PM10
"2024-01-01 00:20:50.0000",6.54,90.86,5.7778697013855,7.18039838499167,15.9224047787701
"2024-01-01 00:50:49.0000",6.55,90.13,4.49937963485718,7.23075698515456,17.8901307403328
"2024-01-01 01:20:45.0000",6.48,90.26,2.59926056861877,4.56693632709604,13.0228672730478
"2024-01-01 01:50:44.0000",6.64,86.7,2.71944665908813,5.08496544643446,13.8644195323582
"2024-01-01 02:20:40.0000",6.59,84.68,2.89365482330322,5.34977440511227,17.1304188030312
"2024-01-01 02:50:32.0000",6.5,83.14,2.44159841537476,4.79097745182287,14.0554046341973
"2024-01-01 03:20:33.0000",6.59,82.5,2.1457736492157,4.84524613406183,14.2001196242777
"2024-01-01 03:50:32.0000",6.58,83.2,2.53250432014465,4.98413323845975,14.2388642488598
"2024-01-01 04:20:23.0000",6.38,83.16,2.65263962745667,5.14027540486239,17.1340136753188
"2024-01-01 04:50:25.0000",6.36,83.59,2.5437479019165,5.08923319782036,14.3635090794153
"2024-01-01 05:20:17.0000",6.03,83.94,1.96445834636688,3.84483794301199,12.0093879813565
"2024-01-01 05:50:09.0000",5.56,86.78,2.08014035224915,4.40508140481488,14.3547641496037
"2024-01-01 06:20:06.0000",5.64,86.72,1.87449431419373,3.93357334544178,12.363568595868
"2024-01-01 06:50:03.0000",5.77,86.71,1.57401490211487,3.4276033226519,10.396150516027
"2024-01-01 07:20:00.0000",6.02,85.24,2.31981444358826,5.15246612321759,15.3026642802886
"2024-01-01 07:49:57.0000",5.89,83.55,2.80794143676758,5.92867340790855,22.2375496272439
"2024-01-01 08:19:54.0000",5.13,83.18,2.03166460990906,4.32946177607858,13.0094960051091
"2024-01-01 08:49:46.0000",4.88,83.3,2.59192061424255,5.35749169391647,20.4841440705635
"2024-01-01 09:19:43.0000",5.14,83.05,1.8253390789032,4.31211094093603,13.1735676198512
"2024-01-01 09:49:40.0000",5.8,79.69,1.96543776988983,4.44717534599566,15.2514968363227
"2024-01-01 10:19:38.0000",6.2,77.4,1.75530922412872,3.76488900250831,13.6406772657699
"2024-01-01 10:49:35.0000",6.53,77.88,1.62421822547913,4.0944227869028,16.5903779063417
"2024-01-01 11:19:32.0000",7.49,78.83,1.87187135219574,4.14931325621466,14.6275913479485
"2024-01-01 11:49:34.0000",11.36,75.36,1.94792592525482,3.95469965960627,14.5259767834576
"2024-01-01 12:19:31.0000",11.45,74.07,2.16336059570312,4.36182660004726,12.7260667268342
"2024-01-01 12:49:23.0000",8.15,74.07,2.17859649658203,4.8014477631232,16.8491978682577
"2024-01-01 13:19:15.0000",6.36,75.95,2.39579439163208,5.03029682174952,17.9741267029717
"2024-01-01 13:49:12.0000",6.15,76.43,2.49022626876831,5.17725557608564,19.5137963464174
"2024-01-01 14:19:09.0000",6.06,76.77,2.49107122421265,5.16951404218601,18.2615553390408
"2024-01-01 14:49:07.0000",5.76,77.15,2.85410737991333,5.44120860366893,19.2007211682534
"2024-01-01 15:19:04.0000",5.45,77.82,2.88636684417725,5.89246531033426,18.050095649444
"2024-01-01 15:48:56.0000",5.22,78.35,2.6245756149292,5.04375313218769,16.7583897913107
"2024-01-01 16:18:53.0000",5.16,79.1,2.82203316688538,5.65915379284806,19.7167206725158
"2024-01-01 16:48:49.0000",4.81,79.75,2.96894311904907,5.48510332765561,16.1994688339661
"2024-01-01 17:18:47.0000",4.76,80.62,2.95997548103333,5.5874868259574,18.4889753795443
"2024-01-01 17:48:44.0000",4.56,81.97,3.12638258934021,5.94489681400461,17.8359526592304
"2024-01-01 18:18:41.0000",4.6,82.76,4.30121040344238,6.78985049139303,19.3848451566751
"2024-01-01 18:48:38.0000",4.65,83.33,3.77686405181885,6.08275833810211,14.0638175119521
"2024-01-01 19:18:31.0000",4.72,83.93,2.61208558082581,4.26079610830189,10.2885769469305
"2024-01-01 19:48:27.0000",4.8,84.59,3.13251209259033,4.14798908305518,10.7554067291915
"2024-01-01 20:18:24.0000",4.99,85.16,2.35384154319763,2.97609927589707,6.21892530132354
"2024-01-01 20:48:21.0000",5.23,85.5,3.07121562957764,3.71704123573423,7.47613801458557
"2024-01-01 21:18:19.0000",5.59,86.22,3.28084588050842,3.74373396937183,6.62948991301467
"2024-01-01 21:48:16.0000",6.03,86.76,2.82414293289185,3.31071610641225,6.46267007249327
"2024-01-01 22:18:13.0000",6.6,86.98,23.2072410583496,19.6578577634649,18.9767220085266
"2024-01-01 22:48:10.0000",6.82,87.3,9.00130748748779,7.6065882880567,9.48906654909212
"2024-01-01 23:18:08.0000",7.04,87.5,5.04177093505859,4.82992026546086,7.18395427639808
"2024-01-01 23:48:04.0000",7.06,87.82,5.92108154296875,5.49799260225444,7.37477317560371
"2024-01-02 00:18:02.0000",7.42,88.52,1.70765364170074,3.45451833432592,9.81567399802103
"2024-01-02 00:47:59.0000",8.42,88.05,2.32563805580139,4.14084043729818,11.0068979776337
"2024-01-02 01:18:07.0000",9.57,84.38,2.14145135879517,3.97462367258257,11.6926745623747
"2024-01-02 01:47:55.0000",8.38,87.69,2.59817862510681,4.68214269892969,12.8963332604581
"2024-01-02 02:17:49.0000",8.12,88.03,3.01411867141724,4.8078464269401,13.3655763074833
"2024-01-02 02:47:46.0000",7.78,88.25,3.43037748336792,6.00499613105285,17.1661124869192
"2024-01-02 03:17:42.0000",7.73,88.66,3.15026831626892,5.25780030384619,14.7149239639373
"2024-01-02 03:47:43.0000",8.27,88.72,2.69980144500732,5.29730011728408,15.6254063435149
"2024-01-02 04:17:32.0000",8.16,88.64,3.39674401283264,5.98212522664738,17.7950453059516
"2024-01-02 04:47:30.0000",8.18,88.52,4.4056224822998,6.64617082942379,17.5996727675778
"2024-01-02 05:17:22.0000",7.89,88.27,3.91947436332703,6.60742227285089,20.8646790661352
"2024-01-02 05:47:20.0000",7.54,88.27,3.94985818862915,7.33577442594743,22.2240144532002
"2024-01-02 06:17:11.0000",6.59,88.14,4.54558372497559,7.8309245004331,22.986297253889
"2024-01-02 06:47:14.0000",6.09,88.75,4.42029333114624,9.20225170322765,30.5673950835535
"2024-01-02 07:17:06.0000",7.49,89.04,3.85912227630615,7.11726683357192,22.9856539390467
"2024-01-02 07:47:04.0000",8.06,88.21,4.51790046691895,7.49025667764613,21.6783407572185
"2024-01-02 08:17:00.0000",8,88.22,4.415602684021,7.7620276785189,24.2560426798049
"2024-01-02 08:46:57.0000",7.89,88.17,4.82005405426025,9.10673926802586,31.3288483207661
"2024-01-02 09:16:54.0000",7.62,88.82,4.75914764404297,8.69357978028567,25.4429844362189
"2024-01-02 09:46:46.0000",7.53,89.13,4.93761682510376,8.96460447998816,28.0234981876425
"2024-01-02 10:16:49.0000",7.59,89.41,4.87209701538086,9.07386979002818,28.9771556735319
"2024-01-02 10:46:40.0000",7.64,89.51,3.8911566734314,7.25650602946254,19.5558153057645
"2024-01-02 11:16:38.0000",7.68,89.75,4.59216451644897,7.3375688494059,21.7056222709357
"2024-01-02 11:46:35.0000",7.69,89.88,4.1332859992981,6.56813676774045,17.3875544895263
"2024-01-02 12:16:27.0000",7.45,90.1,5.4765043258667,7.53489785376938,17.4421150217382
"2024-01-02 12:46:24.0000",7.41,90.27,2.43239951133728,4.15787917342773,10.4440936238889
"2024-01-02 13:16:21.0000",7.34,90.49,2.7312343120575,4.39156809961748,12.7799587027892
"2024-01-02 13:46:19.0000",7.28,90.51,1.38300633430481,2.38120432741896,6.32511628470894
"2024-01-02 14:16:16.0000",7.04,90.69,0.887459456920624,1.71695458438191,4.93732783589382
"2024-01-02 14:46:08.0000",6.83,90.83,2.50703692436218,3.53250177861433,8.80561182682262
"2024-01-02 15:16:06.0000",6.79,90.98,2.00501155853271,2.65866914727532,6.30569802536231
"2024-01-02 15:46:07.0000",6.87,91.04,6.38870763778687,7.07509506233536,12.8740734028693
"2024-01-02 16:15:59.0000",6.79,91.04,2.7452974319458,3.45142216387232,7.20604482990044
"2024-01-02 16:45:56.0000",6.82,91.29,4.47704839706421,5.2256230544731,11.673311805524
"2024-01-02 17:15:53.0000",6.95,91.3,2.81387996673584,4.17551509332468,9.50919292256281
"2024-01-02 17:45:55.0000",6.84,91.42,0.994186878204346,1.78535478176058,5.18684001142312
"2024-01-02 18:15:42.0000",6.7,91.5,2.74281668663025,3.2194472145459,7.20077656988343
"2024-01-02 18:45:39.0000",6.53,91.71,1.69550371170044,2.28888144806445,5.63399555673907
"2024-01-02 19:15:36.0000",6.38,91.84,1.02448761463165,1.76398031406929,4.71976337874542
"2024-01-02 19:45:33.0000",6.29,91.9,1.01821088790894,1.60708389047445,4.46835354530926
"2024-01-02 20:15:25.0000",6.33,91.89,0.797936320304871,1.435164983582,4.07744794642911
"2024-01-02 20:45:22.0000",6.16,91.92,3.01103401184082,3.21847526502773,6.21202787914455
"2024-01-02 21:15:20.0000",6.24,92.23,1.50698578357697,2.27575077518763,6.53516647026738
"2024-01-02 21:45:17.0000",6.52,92.07,0.713979184627533,1.60237111738574,5.06532595760099
"2024-01-02 22:15:14.0000",6.7,92.46,1.21762490272522,2.61448366099188,7.39420561261732
"2024-01-02 22:45:11.0000",6.51,92.28,1.42868590354919,2.42302900651265,7.08749640037587
"2024-01-02 23:15:03.0000",6.43,92.3,1.33800685405731,1.98824660390522,5.10539541717673
"2024-01-02 23:45:00.0000",6.22,92.17,1.04174828529358,2.14805772913509,6.95896177439217
"2024-01-03 00:14:57.0000",5.57,92.33,0.385815769433975,1.19247650127498,4.54951569139641
"2024-01-03 00:44:54.0000",4.89,92.86,0.686238825321198,1.6096195739122,5.21849823783666
"2024-01-03 01:14:50.0000",4.4,92.69,0.323627948760986,0.982235762540709,3.6236729174286
"2024-01-03 01:44:47.0000",4.05,93.08,0.5673588514328,1.39492534085982,4.854191252115
"2024-01-03 02:14:39.0000",3.7,92.49,0.214144513010979,0.856245826763504,3.38056887626281
"2024-01-03 02:44:32.0000",3.57,93.22,0.238677620887756,0.955669960777462,4.19866011312197
"2024-01-03 03:14:34.0000",3.27,93.21,0.670878529548645,1.46840724268433,5.51067461369528
"2024-01-03 03:44:26.0000",3.81,94.02,0.286783993244171,1.00694279234348,4.12462567206617
"2024-01-03 04:14:24.0000",4.22,93.2,0.474028736352921,1.44452169913261,5.84775794497929
"2024-01-03 04:44:26.0000",4.23,93.2,0.150031626224518,0.763230628670482,3.26644736055377
"2024-01-03 05:14:19.0000",4.42,93.37,0.169682741165161,0.887602981730266,3.86908471079721
"2024-01-03 05:44:15.0000",4.76,93.41,0.213661298155785,0.805756556785563,3.36726767220396
"2024-01-03 06:14:13.0000",5.05,93.43,1.29530298709869,2.60055416669654,7.85799927390693
"2024-01-03 06:44:09.0000",5.17,93.25,1.44187772274017,2.61123293793125,8.0121418744321
"2024-01-03 07:14:02.0000",5.24,93.29,0.209415957331657,0.717214877413572,3.08852693249376
"2024-01-03 07:43:58.0000",5.41,93.43,3.85002446174622,4.89794322132982,12.152349035014
"2024-01-03 08:13:56.0000",5.4,93.39,3.87102651596069,4.45794838581121,9.06722769294729
"2024-01-03 08:43:53.0000",5.4,93.38,4.75324392318726,4.99853212296167,10.2104950891673
"2024-01-03 09:13:50.0000",5.48,93.55,2.42004466056824,2.69430196655633,5.80609701993044
"2024-01-03 09:43:48.0000",5.6,93.61,3.27935552597046,3.23868028514729,6.50300947270134
"2024-01-03 10:13:39.0000",5.94,93.85,4.5791335105896,4.76971660380555,8.33394608007196
"2024-01-03 10:43:41.0000",6.28,93.83,2.4608371257782,2.90088395982509,6.12924064610594
"2024-01-03 11:13:33.0000",6.44,93.76,5.68456935882568,6.08362677798904,9.69418750986124
"2024-01-03 11:43:30.0000",6.81,94.03,3.85831880569458,4.29397239388143,9.45556117183802
"2024-01-03 12:13:28.0000",7.12,94.07,2.77994060516357,4.01518842700836,9.98644735641204
"2024-01-03 12:43:30.0000",7.32,93.99,4.01538848876953,5.07181907939527,11.9896000130928
"2024-01-03 13:13:22.0000",7.41,93.82,2.40403985977173,3.51924079548496,8.24668726336372
"2024-01-03 13:43:19.0000",7.19,93.64,1.14878225326538,2.0110524907405,6.57283114732616
"2024-01-03 14:13:16.0000",6.96,93.67,1.11812722682953,2.04582922293515,5.52993348161941
"2024-01-03 14:43:08.0000",7.23,94.41,2.53639960289001,3.16369829516207,8.17764192912771
"2024-01-03 15:13:05.0000",7.1,93.68,2.27084827423096,3.40183537695525,8.2829906561414
"2024-01-03 15:43:02.0000",7.17,93.95,2.28467702865601,3.58714546196601,8.92734433379965
"2024-01-03 16:12:55.0000",6.78,93.62,1.76834046840668,2.72126124820033,7.24604516215735
"2024-01-03 16:42:56.0000",6.82,93.75,2.17165350914001,2.8150429348803,7.37604862889756
"2024-01-03 17:12:49.0000",6.69,93.62,3.97952032089233,4.77732776666231,10.1264339101404
"2024-01-03 17:42:46.0000",6.62,93.92,2.21243572235107,3.3668357711635,8.61752172789123
"2024-01-03 18:12:37.0000",6.48,94.02,3.11257243156433,3.81930427429956,8.63101920138407
"2024-01-03 18:42:35.0000",6.43,94.11,2.12372303009033,2.77241680125182,6.19966297076327
"2024-01-03 19:12:32.0000",6.44,94.27,5.41159772872925,5.5507595659544,8.42653095491543
"2024-01-03 19:42:34.0000",6.41,94.25,5.10897970199585,5.00418517757541,8.04026820226432
"2024-01-03 20:12:26.0000",6.42,94.27,4.39069652557373,4.64456337609344,7.30356922057772
"2024-01-03 20:42:24.0000",6.41,94.34,3.08204555511475,3.54708838949582,8.54589542946846
"2024-01-03 21:12:16.0000",5.68,93.85,0.843246281147003,1.36581109505679,4.63591992929604
"2024-01-03 21:42:12.0000",5.33,94.94,2.33485531806946,2.33731981543589,4.7208789917324
"2024-01-03 22:12:10.0000",5.66,95.1,2.12157678604126,2.56733915129052,5.65732591614834
"2024-01-03 22:42:01.0000",5.65,94.62,6.22683334350586,6.31877503646648,10.3881824564516
"2024-01-03 23:11:58.0000",5.62,94.69,3.24007081985474,3.5366525556219,6.78725655843783
"2024-01-03 23:41:56.0000",5.65,94.7,0.960563898086548,1.55812605615826,4.50842184374965
"2024-01-04 00:11:53.0000",5.73,94.82,1.84132206439972,2.20787953242515,4.31816256328611
"2024-01-04 00:41:50.0000",5.66,94.66,0.706147909164429,1.19388436128727,4.09699496053616
"2024-01-04 01:11:52.0000",5.64,94.78,1.55017161369324,2.25375075995024,5.15314397724798
"2024-01-04 01:41:44.0000",5.69,94.8,1.00651860237122,1.54991217602022,4.64325339394882
"2024-01-04 02:11:41.0000",5.66,94.75,0.607388079166412,1.25794313153406,4.52734074120729
"2024-01-04 02:41:33.0000",5.61,94.68,0.80586701631546,1.49881843949922,4.76430622389853
"2024-01-04 03:11:36.0000",5.43,94.77,0.31471985578537,0.909916218985467,3.59472339298449
"2024-01-04 03:41:26.0000",5.27,94.58,0.615365982055664,1.10779800928105,3.50663919271566
"2024-01-04 04:11:29.0000",4.99,94.88,0.631833076477051,1.25048996413613,4.39443713907179
"2024-01-04 04:41:22.0000",5.04,95.1,0.754981458187103,1.59883051927201,4.54613287163047
"2024-01-04 05:11:14.0000",4.64,95.11,0.550494968891144,1.16881991328963,5.06296257729226
"2024-01-04 05:41:12.0000",4.83,95.3,0.821121752262115,1.60313907496356,4.93883213422558
"2024-01-04 06:11:08.0000",5,95.05,0.862420976161957,1.63226279522485,6.11058374574017
"2024-01-04 06:41:06.0000",5.28,95.15,0.968425989151001,1.90290172465995,6.59090758952858
"2024-01-04 07:11:03.0000",5.38,94.83,1.15326964855194,2.02174068581874,6.13966128379087
"2024-01-04 07:41:00.0000",5.26,94.66,1.02405178546906,2.00552765024367,5.16811142291713
"2024-01-04 08:10:57.0000",4.81,94.44,1.17496824264526,1.94909161002449,6.08964216590679
"2024-01-04 08:40:54.0000",4.61,94.69,1.40181183815002,2.60888722105052,8.71105317157502
"2024-01-04 09:10:51.0000",3.97,94.7,3.91929292678833,4.45451722253838,10.0326904081537
"2024-01-04 09:40:43.0000",4.14,95.19,2.13282036781311,3.31710367592337,9.61016200630814
"2024-01-04 10:10:40.0000",4.28,95.65,1.32785248756409,2.03654650285912,5.97150755414556
"2024-01-04 10:40:37.0000",5.29,95.26,1.90703821182251,2.82879606519199,9.5736454236399
"2024-01-04 11:10:39.0000",6.8,93.71,0.998310983181,1.53691285274285,5.86852849455998
"2024-01-04 11:40:37.0000",9.96,89.58,0.96840900182724,1.71953219076204,6.31367721829867
"2024-01-04 12:10:33.0000",10.75,88.71,1.82563769817352,2.95870197024533,8.9534112905244
"2024-01-04 12:40:36.0000",10.93,83.43,2.7891845703125,4.27723959913812,14.9250079424256
"2024-01-04 13:10:28.0000",10.51,89.37,2.37798309326172,3.83902370294387,14.6510079095637
"2024-01-04 13:40:23.0000",10.02,88.13,2.45599436759949,3.71841456319857,11.3554822686905
"2024-01-04 14:10:17.0000",8.99,89.44,2.2878999710083,4.29936899038046,15.0683420721495
"2024-01-04 14:40:14.0000",7.75,89.68,2.78054285049438,4.4815703689997,13.7998353730417
"2024-01-04 15:10:06.0000",6.4,90.62,3.19690895080566,4.5600635579709,12.8124508641877
"2024-01-04 15:39:58.0000",5.13,90.84,3.31884598731995,5.32908798900621,14.8105933925392
"2024-01-04 16:09:56.0000",4.07,91.35,4.5276346206665,6.64711541779857,16.7829433293871
"2024-01-04 16:39:47.0000",3.44,91.99,4.73325729370117,6.9016445058523,19.2334155156817
"2024-01-04 17:09:45.0000",3.11,92.71,8.47974395751953,10.0798967903018,21.2269121123184
"2024-01-04 17:39:41.0000",2.68,92.72,13.9312419891357,14.1465648754287,28.5056217643371
"2024-01-04 18:09:33.0000",2.42,92.99,14.1795969009399,14.4605150720858,29.6166186121887
"2024-01-04 18:39:30.0000",2.24,92.89,12.6422080993652,13.0076397405451,25.8464997175192
"2024-01-04 19:09:27.0000",2.14,93.11,21.9305019378662,20.2745149651213,33.0092397798739
"2024-01-04 19:39:30.0000",2.47,93.72,34.4939460754395,30.053770352626,44.4127092831735
"2024-01-04 20:09:22.0000",2.45,93.49,28.2922611236572,25.1431314122519,38.2619913089372
"2024-01-04 20:39:14.0000",2.36,93.46,24.7350940704346,22.6294634227044,35.8430635626272
"2024-01-04 21:09:11.0000",2.38,93.21,29.7563495635986,26.8381187569919,42.8326637810526
"2024-01-04 21:39:09.0000",1.86,92.98,36.1921157836914,31.6808860101189,48.347705013971
"2024-01-04 22:09:05.0000",2.52,93.62,27.2868766784668,24.9044675931879,39.7023251008927
"2024-01-04 22:39:02.0000",2.27,93.08,20.0709228515625,19.3288599657549,31.63983620887
"2024-01-04 23:09:05.0000",2.03,93.27,16.48974609375,16.5528698108041,27.5748250197173
"2024-01-04 23:38:56.0000",2.48,93.92,6.60290384292603,7.69213041982807,14.2478343169037
"2024-01-05 00:08:53.0000",2.71,93.68,5.21249866485596,5.88826835683389,12.1609389842586
"2024-01-05 00:38:51.0000",2.47,94.16,4.43641090393066,5.33148814400023,11.8281084308506
"2024-01-05 01:08:49.0000",2.23,94.23,4.23892784118652,5.20432084972903,12.024994805207
"2024-01-05 01:38:46.0000",2.02,94.5,3.88860511779785,4.89910583604891,12.7282561564543
"2024-01-05 02:08:39.0000",1.78,94.51,4.26817178726196,5.3083564256996,9.78953199775959
"2024-01-05 02:38:39.0000",2.19,94.73,3.65780782699585,4.30637874408672,8.53400277785553
"2024-01-05 03:08:39.0000",2.82,95.61,4.12343978881836,5.11094788765563,9.31647329049527
"2024-01-05 03:38:35.0000",2.84,95.44,2.54773807525635,3.57585923003181,9.39282996826393
"2024-01-05 04:08:31.0000",2.86,95.47,3.55606007575989,4.49503731528193,9.17212519443808
"2024-01-05 04:38:28.0000",2.17,94.9,8.1254711151123,8.85318625556395,20.1401216590145
"2024-01-05 05:08:21.0000",1.82,95.34,11.4073324203491,11.5175915663152,21.5652071744165
"2024-01-05 05:38:17.0000",1.59,95.18,14.6774587631226,14.6475375863225,26.8849674093778
"2024-01-05 06:08:14.0000",2.1,96.05,13.6854629516602,13.7274570771991,24.8736685924305
"2024-01-05 06:38:11.0000",2.79,96.33,16.438720703125,14.3459121346594,27.3365045734268
"2024-01-05 07:08:09.0000",3.68,96.18,6.41531276702881,8.1707254141335,18.7075801242483
"2024-01-05 07:38:05.0000",3.61,95.6,11.9657649993896,11.3386626032045,18.4053372943642
"2024-01-05 08:08:02.0000",3.75,95.98,16.1836833953857,14.6569074718307,24.6262789049029
"2024-01-05 08:37:59.0000",3.86,95.88,29.6305980682373,24.5565816109707,36.1257390493431
"2024-01-05 09:07:57.0000",4.06,95.95,18.1291942596436,16.4043995344648,25.0967806474062
"2024-01-05 09:37:54.0000",4.31,96.02,13.6350564956665,12.5286880896642,16.8846042048599
"2024-01-05 10:07:52.0000",4.52,96.13,18.3028221130371,17.354070183428,20.3099045493804
"2024-01-05 10:37:48.0000",4.86,96.27,17.5149784088135,16.3240037090281,23.0071905312939
"2024-01-05 11:07:41.0000",5.33,96.33,13.9757900238037,13.2253499451687,18.2839307145163
"2024-01-05 11:37:42.0000",5.92,95.84,14.8132228851318,13.485961510975,15.3574879995423
"2024-01-05 12:07:39.0000",6.01,95.52,10.9162540435791,10.6026446599969,15.8005804272255
"2024-01-05 12:37:36.0000",7.26,94.44,7.26731586456299,7.37997141041532,11.4687355212641
"2024-01-05 13:07:29.0000",6.02,94.66,6.98185205459595,7.07443990382225,10.8544335432094
"2024-01-05 13:37:26.0000",5.69,95.13,1.5957977771759,2.15213552014612,6.0830069185564
"2024-01-05 14:07:23.0000",5.54,95.69,2.55011916160583,2.95310507189441,6.00642222206017
"2024-01-05 14:37:15.0000",5.38,95.72,1.79310011863708,2.21232359949535,4.9103230319459
"2024-01-05 15:07:13.0000",5.45,95.97,1.86184120178223,2.52241991962645,5.80886193148705
"2024-01-05 15:37:09.0000",4.98,95.54,2.17544198036194,2.52317377423593,5.8492145567323
"2024-01-05 16:07:07.0000",4.96,96.64,2.13464093208313,2.70028731570239,5.62095550346881
"2024-01-05 16:37:03.0000",4.9,96.01,2.12757921218872,3.30449396388224,9.8013212992807
"2024-01-05 17:07:00.0000",4.9,96.37,2.76255965232849,3.45337256754159,8.3486207213003
"2024-01-05 17:36:57.0000",4.98,96.17,1.65571439266205,2.68606243181611,8.25491793908849
"2024-01-05 18:06:55.0000",5.4,96.46,2.10418295860291,3.38177290857259,11.9502697472989
"2024-01-05 18:36:52.0000",5.66,96.27,1.5741525888443,2.00793646912593,5.70838144115767
"2024-01-05 19:06:44.0000",5.71,95.83,1.85025298595428,3.19957014688611,9.88613221125168
"2024-01-05 19:36:41.0000",5.6,96.05,2.1878035068512,2.97337475574118,8.60033439257975
"2024-01-05 20:06:38.0000",5.38,95.88,2.36303973197937,3.28070355355755,7.90030018326744
"2024-01-05 20:36:30.0000",5,95.91,2.57732725143433,3.58343795652227,10.2230021503996
"2024-01-05 21:06:27.0000",5.03,96.46,2.21217727661133,3.10891308027947,8.71331432571091
"2024-01-05 21:36:29.0000",5.04,96.23,2.26284766197205,3.21978994310886,6.90183201408864
"2024-01-05 22:06:21.0000",4.42,95.36,2.24935936927795,3.29053662320879,7.31362949489466
"2024-01-05 22:36:14.0000",4,95.83,2.09228849411011,3.56710360455139,10.2615534170484
"2024-01-05 23:06:10.0000",3.89,96.02,1.71489775180817,3.26655417332551,9.66313230750073
"2024-01-05 23:36:07.0000",3.63,96.16,1.98404335975647,3.64856307275061,10.4085708464834
"2024-01-06 00:05:59.0000",3.55,96.18,1.75696063041687,3.65492305407416,10.7757016316034
"2024-01-06 00:36:02.0000",3.61,96.37,1.72675585746765,3.2249252199896,11.0530921589188
"2024-01-06 01:05:59.0000",3.54,96.31,1.73284482955933,3.38442126228164,11.6575684703815
"2024-01-06 01:36:01.0000",3.45,96.14,1.65966880321503,3.07619653014272,7.3361829604648
"2024-01-06 02:05:53.0000",3.07,96,1.79575562477112,3.24979007964174,9.16276646844602
"2024-01-06 02:35:50.0000",2.89,95.88,2.08859205245972,3.78950493049784,12.4706883014526
"2024-01-06 03:05:42.0000",2.36,95.26,2.1579794883728,3.97763425995462,14.0159684475468
"2024-01-06 03:35:40.0000",1.93,95.38,2.29434776306152,3.61150150923429,13.802948361439
"2024-01-06 04:05:32.0000",1.62,95.76,3.81666660308838,4.63966369938129,14.1340902194262
"2024-01-06 04:35:29.0000",1.35,95.74,2.41000580787659,4.30982613221773,14.0349004895638
"2024-01-06 05:05:26.0000",1.34,95.54,4.7204704284668,5.83562088440268,19.5583233596218
"2024-01-06 05:35:18.0000",0.7,95.09,5.301194190979,6.56885847000307,17.6249530188431
"2024-01-06 06:05:15.0000",1.01,95.19,5.40226173400879,6.83234794086605,18.8002245716716
"2024-01-06 06:35:12.0000",0.59,95.2,14.4701852798462,16.1302807409811,36.3656582952659
"2024-01-06 07:05:09.0000",0.9,95.76,10.9526147842407,11.356180487245,23.7063818109692
"2024-01-06 07:35:06.0000",1.39,96,9.61239147186279,10.3112863604366,22.7833021576012
"2024-01-06 08:05:03.0000",1.52,95.68,7.5365424156189,8.38970942429027,23.1592937426796
"2024-01-06 08:35:00.0000",1.46,95.32,9.78200340270996,9.71263051724383,22.0397400164017
"2024-01-06 09:04:52.0000",1.86,96.41,5.49376726150513,6.32926635974668,15.5787785251627
"2024-01-06 09:34:55.0000",3.99,96.23,2.43834972381592,3.73261578097397,7.98803157232715
"2024-01-06 10:04:52.0000",4.81,94.83,2.37801742553711,3.37287454174647,11.9013506560943
"2024-01-06 10:34:49.0000",4.57,95.35,2.2353527545929,3.30063428853571,10.8081788802382
"2024-01-06 11:04:46.0000",5.05,96.83,3.42930912971497,3.91011696878307,8.47875691933563
"2024-01-06 11:34:43.0000",6.3,98.18,3.64271664619446,4.48316770563421,10.9591696536966
"2024-01-06 12:04:46.0000",8.61,86.94,1.95271444320679,2.46333338473384,6.38204291866435
"2024-01-06 12:34:37.0000",7.03,93.02,2.24093747138977,3.13241032965314,9.73619798566207
"2024-01-06 13:04:29.0000",6.85,93.94,1.90931189060211,3.14407881404762,9.87893687971778
"2024-01-06 13:34:32.0000",9.25,83.78,1.66591680049896,3.05717018971039,8.61922885022513
"2024-01-06 14:04:29.0000",7.18,86.2,1.76427233219147,3.12497015066813,8.53310313384305
"2024-01-06 14:34:21.0000",8.08,86.32,7.70714998245239,8.05805662090551,13.536829353527
"2024-01-06 15:04:23.0000",6.36,84.27,1.57502794265747,3.06364841487683,8.75428425260139
"2024-01-06 15:34:10.0000",4.46,86.27,2.91167044639587,4.04636085859626,11.5634726958899
"2024-01-06 16:04:07.0000",3.41,87.91,2.22309684753418,3.81026358238104,10.2879863139105
"2024-01-06 16:33:59.0000",3.07,88.73,2.38096642494202,3.76251170388491,10.8353770261543
"2024-01-06 17:03:56.0000",2.53,89.65,4.34251880645752,5.77936559068261,15.5082397104233
"2024-01-06 17:33:53.0000",2.28,90.09,12.0298080444336,11.8759213279892,17.9295912206011
"2024-01-06 18:03:45.0000",1.99,90.83,9.0001802444458,9.35931690198059,16.6504059600534
"2024-01-06 18:33:42.0000",1.82,91.3,8.80828475952148,8.82340205905825,14.7679474787996
"2024-01-06 19:03:39.0000",1.43,91.43,19.1164207458496,16.3610251991863,23.1052665771535
"2024-01-06 19:33:31.0000",1.16,91.87,18.1991481781006,15.7243632252871,21.9362150951285
"2024-01-06 20:03:28.0000",0.79,92.31,15.6008329391479,14.2953715055782,19.6428888595361
"2024-01-06 20:33:25.0000",0.67,92.65,14.2812986373901,13.6111519318421,17.9606093582265
"2024-01-06 21:03:23.0000",0.34,92.53,18.3102340698242,16.7715872859062,22.5147550848876
"2024-01-06 21:33:20.0000",0.09,92.7,18.9119758605957,16.5538609676473,22.4978253609305
"2024-01-06 22:03:12.0000",0.09,93.34,11.3085870742798,10.4735816325645,13.3938444166271
"2024-01-06 22:33:09.0000",-0.04,93.17,17.5398292541504,15.8993977578158,22.7601370861055
"2024-01-06 23:03:06.0000",-0.28,93.23,23.5366344451904,21.0225493036543,25.8401275850636
"2024-01-06 23:33:03.0000",-0.45,93.42,32.5190811157227,27.7956119559901,33.0014528919543
"2024-01-07 00:03:01.0000",-0.51,93.83,25.217248916626,22.3188683156385,26.0633709516697
"2024-01-07 00:32:57.0000",-0.72,93.78,28.5546531677246,25.2644249377788,30.9606584253664
"2024-01-07 01:02:55.0000",-1.01,93.58,31.5000324249268,27.7380952291693,34.1469232696604
"2024-01-07 01:32:51.0000",-0.98,93.55,23.2670211791992,20.6814037903733,26.9614851726644
"2024-01-07 02:02:49.0000",-0.89,94.02,18.5778789520264,17.0049122163991,20.8987313610466
"2024-01-07 02:32:47.0000",-1.04,94.25,16.5067443847656,14.5522611453401,17.7778214258014
"2024-01-07 03:02:38.0000",-1.17,94.04,18.1061325073242,16.1519758341814,21.1046261476042
"2024-01-07 03:32:35.0000",-1.33,94.19,14.6300315856934,13.3978080433886,17.296865361532
"2024-01-07 04:02:32.0000",-1.47,94.2,16.3674812316895,15.2430520477667,22.7445918550222
"2024-01-07 04:32:34.0000",-1.29,94.65,14.1924896240234,12.9342781077281,17.1862729307259
"2024-01-07 05:02:26.0000",-1.83,93.95,19.5495376586914,17.3047451282438,22.1479102389585
"2024-01-07 05:32:19.0000",-2.12,94.26,22.4950542449951,20.4202966489308,27.3017679686758
"2024-01-07 06:02:15.0000",-2.1,94.61,15.7337255477905,14.2050598984391,18.8774216614673
"2024-01-07 06:32:13.0000",-1.99,94.54,12.7719564437866,11.6667450719049,16.9816588600409
"2024-01-07 07:02:10.0000",-2.3,94.13,13.4240770339966,12.0335407432403,17.1437229653507
"2024-01-07 07:32:07.0000",-2.21,94.37,17.4896030426025,15.5279621223464,23.0969311822441
"2024-01-07 08:02:04.0000",-1.88,95.22,18.6939334869385,16.6920191607995,25.0131515969922
"2024-01-07 08:31:56.0000",-1.76,95.14,20.3198509216309,17.3333561145996,21.6515646237784
"2024-01-07 09:01:54.0000",-1.53,95.52,18.3815879821777,16.2474924770917,20.1437761415649
"2024-01-07 09:31:50.0000",-0.94,96.01,17.2452373504639,16.0292812675697,24.2430699608183
"2024-01-07 10:01:47.0000",-0.31,96.12,20.4964809417725,17.936654071115,21.0762323707423
"2024-01-07 10:31:50.0000",0.93,95.6,18.1150493621826,17.0142291007481,21.20646896894
"2024-01-07 11:01:47.0000",1.16,95.38,13.7178716659546,12.3953196622939,14.6107148698133
"2024-01-07 11:31:44.0000",4.23,95.95,6.07763290405273,6.51862446726599,11.0067692252837
"2024-01-07 12:01:46.0000",8.87,84.33,4.30353593826294,4.36323796165697,7.2275220265184
"2024-01-07 12:31:48.0000",11.12,78.28,2.73179578781128,3.16278253964145,7.05541674336394
"2024-01-07 13:01:45.0000",10.28,77.2,2.83498740196228,3.55436128751232,7.17776918750898
"2024-01-07 13:31:32.0000",5.86,87.7,2.28925228118896,2.92895468158591,6.24460402985228
"2024-01-07 14:01:24.0000",5.01,89.17,3.07740664482117,3.74032632586404,6.96800830213963
"2024-01-07 14:31:22.0000",5.33,90.69,3.87577414512634,4.31492638564208,7.88332927611929
"2024-01-07 15:01:19.0000",4.3,89.35,4.61756372451782,4.97647617575155,8.11194722051104
"2024-01-07 15:31:16.0000",3.46,90.03,5.34696245193481,5.74922381265112,9.77334446940748
"2024-01-07 16:01:08.0000",2.9,91.12,6.90658092498779,6.98513571277586,10.8300995746218
"2024-01-07 16:31:05.0000",2.94,91.36,8.05742740631104,8.24001446158806,13.28080804118
"2024-01-07 17:00:57.0000",2.9,91.54,7.61720943450928,7.6107839033438,10.7069703027862
"2024-01-07 17:30:54.0000",2.79,91.67,12.2067832946777,11.6996386638043,15.6979469239677
"2024-01-07 18:00:51.0000",2.69,91.96,8.73541641235352,8.65067903601677,12.7389786536351
"2024-01-07 18:30:48.0000",2.53,92.03,8.81738090515137,9.09239936107256,13.4876485389568
"2024-01-07 19:00:45.0000",2.36,91.87,13.8257789611816,13.1515027562694,17.2609137396691
"2024-01-07 19:30:47.0000",2.3,92.05,11.8352584838867,11.407218073158,15.1443827009678
"2024-01-07 20:00:40.0000",2.28,91.91,11.77894115448,11.3701604617501,15.0393906362588
"2024-01-07 20:30:32.0000",2.28,92.08,12.6564435958862,12.4502649433924,17.0975096018987
"2024-01-07 21:00:29.0000",2.32,92.14,11.8340978622437,11.5374780265827,17.1923125551655
"2024-01-07 21:30:31.0000",2.31,92.03,14.9950561523438,13.9445248176651,17.2796044332288
"2024-01-07 22:00:23.0000",2.17,91.93,14.8746156692505,14.1446579607625,18.5884313139112
"2024-01-07 22:30:20.0000",2.07,92.06,11.3743896484375,11.1120290572931,16.373284259725
"2024-01-07 23:00:17.0000",2.01,92.15,13.1345071792603,12.470872768841,15.6633643381753
"2024-01-07 23:30:10.0000",1.86,92.57,13.8152074813843,12.8743933567303,15.5949757863341
"2024-01-08 00:00:06.0000",2.08,92.49,14.2050552368164,13.179443475009,17.0203459325816
"2024-01-08 00:30:04.0000",1.99,92.37,16.8871250152588,15.5531494710463,17.8091070134179
"2024-01-08 01:00:05.0000",1.9,92.5,17.1653347015381,15.7871451856758,17.3089266723666
"2024-01-08 01:29:53.0000",1.78,92.48,13.708812713623,12.7182282180038,15.6045809853966
"2024-01-08 01:59:50.0000",1.6,92.56,12.2280788421631,11.5358300154474,15.5760523416855
"2024-01-08 02:29:47.0000",1.28,92.51,11.3098411560059,10.8320574151362,14.2445482108931
"2024-01-08 02:59:45.0000",0.72,91.82,11.2136354446411,10.8075080972913,14.821722344346
"2024-01-08 03:29:36.0000",-0.24,91.92,10.4312791824341,9.9991537865963,13.9750509735719
"2024-01-08 03:59:33.0000",-0.29,93.01,12.3584108352661,11.6066151042429,17.4743377301829
"2024-01-08 04:29:30.0000",0.35,93.21,9.97906589508057,9.44327029343945,13.5813657194366
"2024-01-08 04:59:27.0000",0.68,92.78,16.8479042053223,15.5174383341827,18.0127419613347
"2024-01-08 05:29:24.0000",0.82,92.66,16.0206031799316,14.6222266513949,17.4277123579388
"2024-01-08 05:59:22.0000",0.96,92.62,13.703652381897,12.7549429721781,18.1415412307671
"2024-01-08 06:29:18.0000",1.03,92.4,12.855320930481,11.8465192305204,15.0981804089924
"2024-01-08 06:59:16.0000",0.79,92.56,11.9029216766357,11.1658494578496,13.6385922342409
"2024-01-08 07:29:08.0000",0.24,91.63,13.1023635864258,12.1364486804033,16.4143436738283
"2024-01-08 07:59:05.0000",0.31,92.72,10.6504993438721,10.0524048520346,13.8407754709716
"2024-01-08 08:29:02.0000",-0.34,92.17,8.97817134857178,8.83033117343874,12.1930659004269
"2024-01-08 08:58:54.0000",-0.14,93.01,9.51246547698975,9.54903886499995,14.0401479252733
"2024-01-08 09:28:53.0000",0.51,93.33,8.99306106567383,8.64228586557685,12.5710480973731
"2024-01-08 09:58:48.0000",0.85,92.86,8.76957893371582,8.67665995609849,12.558779581411
"2024-01-08 10:28:46.0000",1.62,92.36,6.86112833023071,7.06789791051909,10.4418177107747
"2024-01-08 10:58:43.0000",2.23,91.57,5.11387300491333,5.41967208510201,8.15728196645439
"2024-01-08 11:28:40.0000",2.8,91.05,3.79994225502014,4.49390296777927,8.78963364901018
"2024-01-08 11:58:42.0000",3.26,90.1,3.71442413330078,4.17127173691661,7.74092062399911
"2024-01-08 12:28:39.0000",2.87,88.36,2.28171801567078,3.49433820276332,13.0439264014422
"2024-01-08 12:58:31.0000",3.46,90.66,1.439737200737,2.52527162351489,6.81518244868032
"2024-01-08 13:28:28.0000",3.68,86.14,1.29606366157532,2.63278673308043,9.89925991857305
"2024-01-08 13:58:20.0000",2.59,86.22,1.51709043979645,2.81280074158401,9.55358300023034
"2024-01-08 14:28:17.0000",2.53,85.44,2.04312539100647,3.49116082934139,12.5719326809713
"2024-01-08 14:58:15.0000",2.3,84.54,2.15291452407837,3.65410016179085,19.0080369829642
"2024-01-08 15:28:11.0000",2.04,83.46,2.32070565223694,3.83414431506464,13.4629417508307
"2024-01-08 15:58:08.0000",1.91,83.1,2.6998348236084,4.00272960788233,14.5366678922691
"2024-01-08 16:28:05.0000",1.7,82.55,2.46676921844482,3.90605495718832,13.7830747935709
"2024-01-08 16:58:03.0000",1.48,81.93,3.25683903694153,4.71291597688878,15.7845899678397
"2024-01-08 17:28:01.0000",1.38,81.14,6.02470016479492,7.1992604985697,17.5797913422336
"2024-01-08 17:57:57.0000",1.37,80.81,4.10925197601318,5.41087608718865,15.6425037713852
"2024-01-08 18:27:49.0000",1.36,80.72,2.97975182533264,4.90300260345525,16.2395821701707
"2024-01-08 18:57:46.0000",1.28,79.92,3.32477474212646,4.74505866992796,13.7011187059127
"2024-01-08 19:27:43.0000",1.26,79.91,3.8483362197876,5.61914480186567,22.073644988543
"2024-01-08 19:57:40.0000",1.19,79.87,7.07313823699951,8.57415647931101,17.8071093280659
"2024-01-08 20:27:32.0000",1.18,79.96,3.29342579841614,4.8767840839709,15.022749428497
"2024-01-08 20:57:35.0000",1.18,80.02,3.15147542953491,5.2647376491166,13.9394788356291
"2024-01-08 21:27:26.0000",0.92,79.98,2.97676277160645,5.11408360675967,13.5937612658549
"2024-01-08 21:57:24.0000",0.79,79.88,3.20631194114685,4.94864977864072,14.2287891185856
"2024-01-08 22:27:21.0000",0.71,79.84,2.97682595252991,5.05995799085674,17.4600806087349
"2024-01-08 22:57:18.0000",0.85,80.42,3.41919207572937,5.30737563731338,16.1428215450003
"2024-01-08 23:27:15.0000",0.89,80.38,3.24061679840088,5.14370331494782,14.6902936081383
"2024-01-08 23:57:17.0000",2.11,76.7,3.1940290927887,5.16399883846999,17.1824242478868
"2024-01-09 00:27:10.0000",1.08,79.82,2.65237283706665,4.80591186269568,13.9890982493393
"2024-01-09 00:57:01.0000",1.09,80.25,2.45447516441345,4.39661939552331,14.2841456387506
"2024-01-09 01:27:04.0000",1.24,80.36,2.19990682601929,4.20912109330851,12.0780345744059
"2024-01-09 01:57:08.0000",1.39,79.76,2.39246129989624,4.47008492018037,13.0456860942457
"2024-01-09 02:27:03.0000",1.52,79.34,2.22806000709534,4.40793375677864,15.6663732291831
"2024-01-09 02:56:54.0000",1.53,79.04,1.99337983131409,4.18667440814831,14.6103966725816
"2024-01-09 03:26:47.0000",1.35,78.26,2.31072378158569,4.40824383222193,14.732598377308
"2024-01-09 03:56:49.0000",1.14,78.15,1.79174792766571,4.11057934821785,13.1533920763653
"2024-01-09 04:26:40.0000",0.75,78.1,1.86127603054047,4.32522333912257,14.2348939114523
"2024-01-09 04:56:37.0000",0.1,78.23,1.9702969789505,4.31025721733999,15.1625813377979
"2024-01-09 05:26:30.0000",-0.2,78.58,1.81449496746063,4.05127642646382,15.5623247245897
"2024-01-09 05:56:27.0000",-0.34,79.01,2.02260494232178,3.9092237598067,12.9148719509098
"2024-01-09 06:26:25.0000",-0.49,78.87,2.15243291854858,4.13555582148967,15.2339512239524
"2024-01-09 06:56:16.0000",-0.61,79.46,2.49241280555725,5.05884405494216,16.8207082686672
"2024-01-09 07:26:19.0000",-0.7,79.21,3.27366042137146,4.77597684378731,13.1684248813256
"2024-01-09 07:56:11.0000",-0.85,79.65,2.92382979393005,5.47822918222069,17.4053579470386
"2024-01-09 08:26:08.0000",-0.92,80.07,3.43684363365173,5.37546921011268,15.8661093039464
"2024-01-09 08:56:05.0000",-0.48,80.63,2.57295775413513,4.82857993866979,16.6847214822081
"2024-01-09 09:26:02.0000",0.98,79.69,2.61611247062683,4.63498043738736,13.8942057043932
"2024-01-09 09:56:04.0000",2.38,78.69,2.96531891822815,5.00736248808096,14.2062317178846
"2024-01-09 10:26:01.0000",2.39,76.89,2.43912601470947,4.28694679072475,12.8048526323296
"2024-01-09 10:55:58.0000",2.47,76.85,5.15838956832886,6.73025417322038,25.1886807692007
"2024-01-09 11:25:51.0000",3.86,77.83,2.33274054527283,4.39299163957591,13.9592053356752
"2024-01-09 11:55:58.0000",7.55,73.2,2.14518189430237,3.95527600490298,15.4323354507392
"2024-01-09 12:26:00.0000",8.01,69.83,1.93363440036774,4.12108622664907,13.0756068183917
"2024-01-09 12:55:52.0000",8.73,67.15,2.0853009223938,4.54852567731693,20.307346960117
"2024-01-09 13:25:50.0000",9.2,62.7,2.64764833450317,5.42997690717307,24.1086691137211
"2024-01-09 13:55:42.0000",6.25,63.65,2.20202445983887,5.18974876893699,17.6550528861278
"2024-01-09 14:25:39.0000",7.35,64.89,2.6031973361969,5.324519937656,19.690599788163
"2024-01-09 14:55:30.0000",5.22,62.57,1.84571218490601,4.86844096218244,17.883500729435
"2024-01-09 15:25:22.0000",3.09,64.48,1.9695633649826,4.72956335939963,15.7247919697729
"2024-01-09 15:55:20.0000",2,66.04,2.76383137702942,5.23680376024102,19.6391303612874
"2024-01-09 16:25:12.0000",1.35,67.57,2.94743132591248,5.15760344945303,19.1001366838329
"2024-01-09 16:55:09.0000",0.59,68.59,4.32338666915894,6.28907460207627,18.0881511669491
"2024-01-09 17:25:05.0000",0.16,70.14,5.36646413803101,7.28012690836207,17.6827704970783
"2024-01-09 17:54:57.0000",-0.13,71.66,4.53335952758789,6.45927660448351,16.0938090815123
"2024-01-09 18:24:55.0000",-0.38,72.94,4.44042539596558,6.18094935274777,18.0035278433185
"2024-01-09 18:54:53.0000",-0.68,73.56,3.64070987701416,5.24801591512763,16.931538458415
"2024-01-09 19:24:49.0000",-0.88,74.52,3.64978337287903,5.45738375023184,15.1143905811958
"2024-01-09 19:54:47.0000",-1.08,75.46,3.96206665039062,5.51611674545293,14.265823003539
"2024-01-09 20:24:44.0000",-1.03,76.05,3.31327319145203,4.77870814632681,11.9096912695017
"2024-01-09 20:54:35.0000",-0.95,76.49,3.18481683731079,5.07095982108932,14.0926230441937
"2024-01-09 21:24:32.0000",-1.12,76.99,3.14740443229675,4.95933328561765,13.5959864055704
"2024-01-09 21:54:30.0000",-1.04,77.43,2.45325708389282,4.24195594199159,12.0571809374562
"2024-01-09 22:24:27.0000",-1.2,77.68,2.79638075828552,4.50954124323777,12.319470174461
"2024-01-09 22:54:19.0000",-1.27,78.09,2.50365257263184,3.94243129343949,9.33193532230167
"2024-01-09 23:24:16.0000",-1.68,78.75,3.46055579185486,4.84370434083596,13.5238044225108
"2024-01-09 23:54:13.0000",-1.71,79.56,3.222984790802,4.72072092432973,10.9507731396644
"2024-01-10 00:24:05.0000",-1.85,80.37,3.44918775558472,4.46468747752089,9.76359082174595
"2024-01-10 00:54:12.0000",-2.21,80.23,3.00231671333313,4.19111954897196,11.3828006089054
"2024-01-10 01:24:04.0000",-2.04,80.52,2.09156680107117,3.21226842820029,9.07959296621281
"2024-01-10 01:54:02.0000",-2.35,80.94,2.16855955123901,3.22985901905321,8.41622530180693
"2024-01-10 02:23:58.0000",-1.56,81.24,2.03731608390808,3.09412706580046,7.73781100593148
"2024-01-10 02:53:56.0000",-1.88,81.56,2.29183483123779,3.49575050090721,8.11970531094615
"2024-01-10 03:28:20.0000",0.58,76.69,3.12480354309082,4.25327382297642,9.23037683335431
"2024-01-10 03:57:56.0000",-1.55,81.21,1.22821354866028,2.52578161171289,7.79474839092792
"2024-01-10 04:27:52.0000",-0.45,82.23,0.916673362255096,1.95341708407334,5.949310428549
"2024-01-10 04:57:54.0000",0.18,83.27,1.17887473106384,2.07280424096386,6.14751339408433
"2024-01-10 05:27:47.0000",0.45,83.57,1.22880053520203,2.11794019061782,6.35083515326722
"2024-01-10 05:57:44.0000",0.71,83.85,1.51387071609497,2.24369458272199,5.81198918068109
"2024-01-10 06:27:42.0000",0.76,84.16,2.12140703201294,2.84170262144613,6.20472078607014
"2024-01-10 06:57:38.0000",0.42,85.27,3.32615208625793,3.8386061852109,7.13700399428781
"2024-01-10 07:27:31.0000",0.13,85.68,5.1589527130127,5.48336749064121,8.50287339860118
"2024-01-10 07:57:28.0000",-0.37,86.4,9.11803913116455,8.50601175505017,10.8614866861987
"2024-01-10 08:27:25.0000",0.23,86.64,11.0265645980835,10.5929430191601,15.1315551215113
"2024-01-10 08:57:27.0000",0.63,87.36,15.90065574646,14.5582201899992,15.8864923465878
"2024-01-10 09:27:19.0000",0.97,87.99,18.2394714355469,16.711004625847,19.7607289982166
"2024-01-10 09:57:22.0000",1.56,90.19,12.427903175354,11.6862917585141,12.8500830690491
"2024-01-10 10:27:13.0000",3.08,88.9,6.97413492202759,6.81437322023904,9.64171877764185
"2024-01-10 10:57:15.0000",4.06,87.65,3.06141448020935,3.52252811239849,6.61278765812528
"2024-01-10 11:27:13.0000",4.34,86.36,2.64603066444397,3.4794607974022,7.03706571102584
"2024-01-10 11:57:06.0000",4.08,85.97,2.52952361106873,3.3569753849325,7.80388196663713
"2024-01-10 12:27:02.0000",4.19,85.79,2.87657523155212,3.72809252766946,7.26799282948126
"2024-01-10 12:56:59.0000",4.64,84.44,2.77106714248657,3.67616832507456,7.80333589722498
"2024-01-10 13:26:56.0000",4.88,83.71,2.60332059860229,3.53327132032079,7.81228543752654
"2024-01-10 13:56:53.0000",4.64,83.29,1.97612392902374,3.1040107832323,7.81074397566997
"2024-01-10 14:26:51.0000",4.8,82.91,2.07471227645874,3.09608341791945,7.1261922507743
"2024-01-10 14:56:47.0000",4.57,82.93,2.78958797454834,3.71385210403867,8.2496683080018
"2024-01-10 15:26:44.0000",4.64,82.95,2.9258279800415,3.77615307215043,8.88131076317048
"2024-01-10 15:56:41.0000",4.58,82.9,4.12634181976318,4.93080580680633,10.2262944447987
"2024-01-10 16:26:38.0000",4.36,82.99,3.33221173286438,4.26712344949784,9.43458397542724
"2024-01-10 16:56:36.0000",4.11,83.58,3.41892719268799,4.09722496137303,9.39828909595008
"2024-01-10 17:26:28.0000",4.09,84.09,3.83117604255676,4.42826413696808,8.09673836422854
"2024-01-10 17:56:25.0000",4.18,84.28,3.30896234512329,4.07245111083175,9.14268127737871
"2024-01-10 18:26:22.0000",4.21,84.3,3.57986187934875,4.52020877473442,8.81771902937328
"2024-01-10 18:56:20.0000",4.27,84.43,2.01664566993713,3.13595370611557,8.10051531884847
"2024-01-10 19:26:16.0000",4.37,84.32,2.27246475219727,3.11390506469217,6.98596040973693
"2024-01-10 19:56:14.0000",4.37,84.25,6.73072719573975,6.67347407040035,9.70986886234129
"2024-01-10 20:26:10.0000",4.51,83.67,1.73497688770294,2.67996504293479,6.69135437965966
"2024-01-10 20:56:07.0000",4.44,83.11,1.07078754901886,2.20890075813323,5.92177040579003
"2024-01-10 21:25:59.0000",4.4,82.56,1.26350009441376,2.64695962719389,7.17132935107699
"2024-01-10 21:55:57.0000",4.25,82.18,1.00440788269043,2.45120230171034,7.71740750330536
"2024-01-10 22:25:54.0000",4.17,81.48,1.18410611152649,3.02274029438306,9.22764558315491
"2024-01-10 22:55:56.0000",4.09,81.03,1.40663313865662,3.18385225992527,10.2881812691337
"2024-01-10 23:25:49.0000",4.12,80.76,1.60619843006134,3.68895198431445,13.8824009924076
"2024-01-10 23:55:46.0000",4.01,80.63,1.73844432830811,3.91116943956439,12.2787516275802
"2024-01-11 00:25:43.0000",3.93,80.61,1.56109440326691,3.53833846456447,10.2931572350402
"2024-01-11 00:55:34.0000",3.78,80.41,1.4556759595871,3.64852723567467,11.092174844234
"2024-01-11 01:25:31.0000",3.75,80.7,1.49545431137085,3.5559212388846,11.7387600227799
"2024-01-11 01:55:29.0000",3.68,80.48,1.19624578952789,3.2280464277383,10.0909689678231
"2024-01-11 02:25:25.0000",3.39,80.17,1.17808926105499,2.80194238584536,10.8164943588177
"2024-01-11 02:55:23.0000",2.73,80.41,0.938622176647186,2.83073190490356,9.49130654612382
"2024-01-11 03:25:15.0000",1.96,80.95,1.11307847499847,2.582794921426,9.74262391324299
"2024-01-11 03:55:12.0000",1.36,81.52,1.46537292003632,3.51792925970753,12.4050275465652
"2024-01-11 04:25:10.0000",1.12,82.31,1.37881517410278,2.84325680567922,9.01491220974642
"2024-01-11 04:55:06.0000",0.54,82.6,1.69033145904541,3.15033608826776,9.80952579240778
"2024-01-11 05:24:58.0000",-0.01,83.59,1.49215614795685,3.06852046887239,10.0286507438408
"2024-01-11 05:54:55.0000",0.21,84.24,1.39951646327972,2.94014674771503,10.0165748734102
"2024-01-11 06:24:52.0000",1.17,84.43,1.92299222946167,3.39905172742638,10.0475375296977
"2024-01-11 06:54:55.0000",1.64,84.28,2.48727440834045,3.6999829096338,8.63450561620093
"2024-01-11 07:24:52.0000",2.16,84.27,3.02199840545654,4.22577131278841,9.48211411136032
"2024-01-11 07:54:49.0000",2.66,84.24,2.72608923912048,4.02431724391124,10.9104244422076
"2024-01-11 08:24:46.0000",3.07,84.12,2.87517476081848,4.17147347368582,10.8045827996347
"2024-01-11 08:54:38.0000",3.43,84,3.63255453109741,5.01913139667284,12.036320038951
"2024-01-11 09:24:40.0000",3.83,83.95,2.77430438995361,3.94359822159932,12.7882524229822
"2024-01-11 09:54:37.0000",4.14,83.74,3.05324792861938,3.98324468707481,9.30377933907087
"2024-01-11 10:24:34.0000",4.43,83.68,2.37846851348877,3.54548483340797,9.37481112013838
"2024-01-11 10:54:31.0000",5.04,83.38,0.573867440223694,1.98899695172403,6.28148430603081
"2024-01-11 11:24:29.0000",5.26,82.22,0.993184149265289,2.56811602807701,7.51381025494372
"2024-01-11 11:54:21.0000",5.36,82.23,1.37404036521912,3.19375186436435,9.5262867967334
"2024-01-11 12:24:18.0000",5.5,82.05,1.68341732025146,3.19424157601402,9.61383288735421
"2024-01-11 12:54:15.0000",5.46,81.83,1.45679378509521,2.90391154443016,9.90147177411276
"2024-01-11 13:24:12.0000",5.57,81.74,1.84246098995209,3.52907914079308,9.2230546207632
"2024-01-11 13:54:10.0000",5.58,81.49,2.42458462715149,3.90699632985836,11.5746660931815
"2024-01-11 14:24:07.0000",5.62,81.21,1.75881063938141,3.72061985477332,11.7230388006232
"2024-01-11 14:53:58.0000",5.57,80.72,2.20695304870605,4.41313475271461,12.0252670779373
"2024-01-11 15:23:55.0000",5.46,80.32,2.64159035682678,4.61716097136911,13.0468979451613
"2024-01-11 15:53:57.0000",5.34,80.25,2.37293148040771,4.46929421013001,13.1734237653497
"2024-01-11 16:23:44.0000",5.22,80.07,2.92944598197937,4.58394038484983,12.8124567464077
"2024-01-11 16:53:42.0000",5.14,80.12,2.88258481025696,4.95656799895499,13.9660143582935
"2024-01-11 17:23:39.0000",5.05,79.87,2.2084596157074,4.30199632932031,15.2641450574267
"2024-01-11 17:53:36.0000",4.93,79.59,2.36589789390564,4.45539255986487,12.6899756343584
"2024-01-11 18:23:33.0000",4.84,79.53,2.64451932907104,4.57769357259221,12.199500279905
"2024-01-11 18:53:30.0000",4.77,79.54,2.25657367706299,4.27204018127914,11.5373035787243
"2024-01-11 19:23:27.0000",4.7,79.48,3.46581363677979,5.24389536476596,12.8747175891331
"2024-01-11 19:53:25.0000",4.62,79.57,2.80071783065796,4.81866836847171,12.130326108172
"2024-01-11 20:23:16.0000",4.55,79.34,1.73878657817841,3.40789207120648,9.00725105902868
"2024-01-11 20:53:14.0000",4.48,79.12,2.40700697898865,4.05812303886863,10.2650256698239
"2024-01-11 21:23:10.0000",4.47,79.15,1.02312421798706,2.44879069065695,6.93784023642363
"2024-01-11 21:53:08.0000",4.42,79.18,1.21199953556061,2.76725344240188,8.33823380309276
"2024-01-11 22:23:05.0000",4.4,79.3,1.35765051841736,3.11907555073559,8.79099444485532
"2024-01-11 22:52:57.0000",4.32,79.43,2.19247031211853,3.52751696240355,8.3152099545894
"2024-01-11 23:22:59.0000",4.21,79.6,2.46784019470215,3.9584857757515,10.3037595114492
"2024-01-11 23:52:56.0000",4.14,79.79,2.07277703285217,3.53335670982844,9.20109094139398
"2024-01-12 00:22:53.0000",4.13,79.95,1.89310419559479,3.60179137712759,9.34764638629486
"2024-01-12 00:52:51.0000",4.05,79.98,2.01290965080261,3.51210525373412,9.00321601179181
"2024-01-12 01:22:43.0000",3.96,80.08,2.51191711425781,4.02057549557564,11.4316918739586
"2024-01-12 01:52:40.0000",3.81,80.26,3.12733697891235,4.58624987840302,11.9852103009359
"2024-01-12 02:22:37.0000",3.76,80.48,2.63166880607605,3.87078798207064,10.0660536424151
"2024-01-12 02:52:35.0000",3.78,80.55,1.48536550998688,3.05045421023517,8.17215455682458
"2024-01-12 03:22:31.0000",3.74,80.6,1.82590413093567,3.21354331998985,8.83510242558157
"2024-01-12 03:52:23.0000",3.74,80.64,1.40439856052399,3.06011942103035,7.92968841288226
"2024-01-12 04:22:20.0000",3.65,80.77,1.48273956775665,3.0395532720865,8.14208472656907
"2024-01-12 04:52:22.0000",3.61,80.81,1.14905762672424,2.52972686572397,7.2834720026068
"2024-01-12 05:22:14.0000",3.58,80.93,1.57147920131683,2.77272554787958,7.43214167585719
"2024-01-12 05:52:12.0000",3.54,81.02,1.39818203449249,2.75865033493073,8.97477523543041
"2024-01-12 06:22:09.0000",3.49,81.1,1.18036568164825,2.53139083032862,8.26373027414751
"2024-01-12 06:52:00.0000",3.46,81.18,1.0008624792099,2.25915049440785,7.04275103876968
"2024-01-12 07:21:58.0000",3.44,81.41,2.26881265640259,3.32758888505087,8.65601994149687
"2024-01-12 07:51:55.0000",3.37,81.58,1.95691752433777,2.94518411595874,7.28962496575003
"2024-01-12 08:21:52.0000",3.35,81.7,2.09177422523499,3.41426001662086,8.46949446096747
"2024-01-12 08:51:50.0000",3.35,81.72,3.60398745536804,4.66545396963189,8.94318132072836
"2024-01-12 09:21:41.0000",3.34,81.74,5.35991191864014,5.73062024591649,9.82223018992356
"2024-01-12 09:51:38.0000",3.32,81.76,7.99625158309937,7.86994064300194,11.5872338172419
"2024-01-12 10:21:35.0000",3.48,81.83,7.20266675949097,7.39610052540053,11.8114472436813
"2024-01-12 10:51:32.0000",3.55,81.68,5.109787940979,5.69987202427266,12.6544625642137
"2024-01-12 11:21:35.0000",3.6,81.66,4.40339756011963,5.12621019507159,13.1014633374904
"2024-01-12 11:51:27.0000",3.67,81.35,4.90260171890259,5.57642875660055,10.931647292253
"2024-01-12 12:21:24.0000",3.8,81.21,4.77305889129639,5.51411097586748,15.0583920244514
"2024-01-12 12:51:16.0000",3.74,81.27,5.40791940689087,7.06084806945324,27.1162239155072
"2024-01-12 13:21:13.0000",3.75,81.36,7.27867841720581,8.11211675364509,16.7756369607009
"2024-01-12 13:51:10.0000",3.67,81.2,6.6453914642334,7.51927886232956,23.3517960439078
"2024-01-12 14:21:07.0000",3.64,81.2,7.45413255691528,7.6695474994971,11.7647449813691
"2024-01-12 14:51:05.0000",3.61,81.15,11.3664064407349,10.9766402161515,19.8399333392496
"2024-01-12 15:21:01.0000",3.53,80.79,12.6078929901123,11.9797112713573,27.153934241572
"2024-01-12 15:50:58.0000",3.26,80.48,9.76367473602295,9.38168462506709,14.6994620233554
"2024-01-12 16:20:56.0000",2.97,80.48,8.12765312194824,8.47846096139933,15.8375678221088
"2024-01-12 16:50:48.0000",2.83,80.62,10.6220798492432,10.3312560894023,16.505128613632
"2024-01-12 17:20:45.0000",2.92,80.87,7.79869079589844,7.89407541070798,14.0809389002154
"2024-01-12 17:50:42.0000",2.98,81.05,5.38221406936646,5.87342979014532,11.2093918998837
"2024-01-12 18:20:40.0000",2.87,81.11,3.19810104370117,3.89421427305972,8.005075078329
"2024-01-12 18:50:37.0000",2.7,81.08,3.86913061141968,4.94359182599572,10.2080932343619
"2024-01-12 19:20:33.0000",2.57,81.3,4.3418140411377,4.94905455181001,9.95027379790107
"2024-01-12 19:50:30.0000",2.67,81.52,2.02834510803223,3.19182598411768,7.54850454539043
"2024-01-12 20:20:27.0000",2.8,81.71,5.16831827163696,5.9108291903754,10.3558499123086
"2024-01-12 20:50:24.0000",2.86,81.8,7.01853370666504,7.2023861120026,10.7146264603263
"2024-01-12 21:20:22.0000",3.14,82.34,2.45353102684021,3.5136816826975,7.46320616184746
"2024-01-12 21:50:14.0000",3.29,82.5,11.3910112380981,9.81201584169291,11.1981137720558
"2024-01-12 22:20:11.0000",3.24,82.6,17.9523506164551,14.5714516760521,14.5401088688269
"2024-01-12 22:50:08.0000",3.08,82.42,3.32172894477844,4.08478533104248,7.84774491773689
"2024-01-12 23:20:05.0000",3.05,82.21,2.41051745414734,3.19235056965979,6.74378365960506
"2024-01-12 23:50:03.0000",3.22,82.09,8.62275218963623,7.71007393570204,9.49126369925883
"2024-01-13 00:19:59.0000",3.45,82.14,10.9067649841309,9.32152970856504,10.4812543338073
"2024-01-13 00:49:56.0000",3.71,82.13,0.972292006015778,2.10340726740808,5.96731524187207
"2024-01-13 01:19:54.0000",3.91,81.98,0.789257407188416,2.19778966582313,6.36383438174343
"2024-01-13 01:49:51.0000",4.12,81.73,1.22951865196228,2.63324407592327,7.93431866656593
"2024-01-13 02:19:48.0000",4.38,81.51,0.723880529403687,2.1587131748281,7.45708837103656
"2024-01-13 02:49:45.0000",4.52,81.58,0.558351457118988,2.18132564291935,8.38407510947127
"2024-01-13 03:19:42.0000",4.38,81.44,0.310976058244705,1.70998097161997,6.19226187826423
"2024-01-13 03:49:44.0000",4.31,81.5,0.408027857542038,1.8332379219,6.38343296430666
"2024-01-13 04:19:48.0000",4.28,81.76,0.439660400152206,1.80949708393348,6.72559424737177
"2024-01-13 04:49:34.0000",4.54,81.82,0.795123040676117,2.00006528129649,6.79235945011226
"2024-01-13 05:19:30.0000",4.61,81.53,1.0323680639267,2.3023760346186,6.8699956725707
"2024-01-13 05:49:22.0000",4.55,81.22,1.11962974071503,2.55436815122597,8.00858629155813
"2024-01-13 06:19:19.0000",4.56,81.31,0.927814483642578,2.17729205042684,6.19667397498263
"2024-01-13 06:49:17.0000",4.33,81.44,0.987403512001038,2.31058581267484,7.01559793011449
"2024-01-13 07:19:14.0000",4.4,82.1,1.13880240917206,2.30212153117112,7.26211616048693
"2024-01-13 07:49:11.0000",4.63,82.58,1.21956598758698,2.21528904656911,6.22432096072091
"2024-01-13 08:19:09.0000",4.72,82.97,1.35310876369476,2.44900898463847,6.76511517871331
"2024-01-13 08:49:06.0000",4.8,83.55,3.32787942886353,4.08948434565165,8.554247221372
"2024-01-13 09:19:02.0000",4.81,84.01,3.64020824432373,4.40433384352671,9.34355331135913
"2024-01-13 09:48:59.0000",5.18,84.58,2.10206055641174,3.054135049279,7.35457205554391
"2024-01-13 10:18:56.0000",5.58,84.91,2.1407527923584,3.51154636796534,9.65143653235781
"2024-01-13 10:48:54.0000",5.82,84.86,2.35269355773926,3.53065201252976,8.52134625934932
"2024-01-13 11:18:46.0000",6.08,85.11,3.34690117835999,4.36592680292612,10.3947365815986
"2024-01-13 11:43:40.0000",7.24,86.57,-1.40986488597765e31,-1.40986488597765e31,-1.40986488597765e31
"2024-01-13 11:48:43.0000",6.17,85.48,3.90470004081726,4.75440733408616,9.00388419471775
"2024-01-13 12:18:40.0000",6.55,85.94,4.71981525421143,5.6381312710372,13.1890653774728
"2024-01-13 12:48:37.0000",7.06,85.66,4.39469146728516,5.50921871165933,12.880466465683
"2024-01-13 13:18:34.0000",7.26,84.97,3.82921552658081,4.84073729239194,11.0145699160068
"2024-01-13 13:48:31.0000",7.06,84.66,4.10719871520996,5.43738971500334,12.1099873132524
"2024-01-13 14:18:23.0000",6.27,85.9,6.08647394180298,7.14684260196768,12.8103211043962
"2024-01-13 14:48:20.0000",6.11,87.81,5.09909629821777,5.94271807105847,11.9728037255142
"2024-01-13 15:18:18.0000",5.96,88.86,6.09071350097656,6.4285357714112,10.251648494562
"2024-01-13 15:48:15.0000",5.7,89.52,5.28598499298096,5.85164244679351,14.4897459929671
"2024-01-13 16:18:06.0000",5.44,90.23,2.47442698478699,3.1875410008524,7.38920043600162
"2024-01-13 16:48:03.0000",5.42,90.49,3.58054995536804,3.96121609214458,8.93661026975431
"2024-01-13 17:18:01.0000",5.53,90.85,3.54213857650757,4.52238027392428,10.3822580470181
"2024-01-13 17:47:58.0000",5.25,90.57,2.90393352508545,4.44910608854131,12.29518798404
"2024-01-13 18:17:50.0000",4.47,90.34,3.89733600616455,5.387540863174,13.8125561696741
"2024-01-13 18:47:47.0000",3.95,90.68,3.11608934402466,4.54229643209273,11.6526651324639
"2024-01-13 19:17:49.0000",4.32,90.85,4.29998874664307,5.56493107858999,11.7963018516653
"2024-01-13 19:47:41.0000",4.98,89.95,2.1147289276123,3.06210316307661,8.27118289063788
"2024-01-13 20:17:38.0000",5.07,89.19,1.77516412734985,3.11802921954711,7.85670313954262
"2024-01-13 20:47:36.0000",5.09,87.98,1.61907482147217,3.24519427922435,11.2659598050189
"2024-01-13 21:17:32.0000",4.9,86.43,2.94128489494324,3.94962918220863,9.13591802632347
"2024-01-13 21:47:25.0000",4.88,85.08,1.99325382709503,3.86250851993273,11.9619713653065
"2024-01-13 22:17:22.0000",4.9,82.31,1.17242765426636,3.69308761418388,11.839912051149
"2024-01-13 22:47:19.0000",4.84,79.06,1.4048171043396,4.12362171955782,13.7101104982622
"2024-01-13 23:17:16.0000",4.85,76.78,1.42730641365051,3.59137219096061,12.5974859449557
"2024-01-13 23:47:08.0000",4.94,75.18,1.22498881816864,3.29720298073351,11.1912144691481
"2024-01-14 00:17:06.0000",4.88,75.01,0.798850893974304,2.99086098533818,9.89624013761911
"2024-01-14 00:47:08.0000",4.92,75.22,0.834772109985352,3.15049227541719,12.5729499422727
"2024-01-14 01:17:00.0000",4.93,74.95,0.739380359649658,2.88806003833112,10.3084050804523
"2024-01-14 01:46:57.0000",4.87,75.31,0.962673485279083,3.07911379352651,10.3640885048719
"2024-01-14 02:16:59.0000",4.59,76.55,0.523540854454041,2.42853786475684,9.55834339493781
"2024-01-14 02:46:51.0000",4.04,76.66,0.562246799468994,2.71026536198239,9.91385103397879
"2024-01-14 03:16:48.0000",2.92,76.92,0.780877232551575,2.5978506328167,8.41409032983051
"2024-01-14 03:46:41.0000",1.67,77.86,2.57923531532288,4.08828867355068,12.271545789576
"2024-01-14 04:16:32.0000",1.39,79.37,2.42787790298462,3.80398897360158,11.4667913096268
"2024-01-14 04:46:34.0000",2.82,79.51,1.23502731323242,2.73774720274845,8.66398164704433
"2024-01-14 05:16:31.0000",3.01,81.67,1.28430914878845,3.04346979421606,10.0720735854905
"2024-01-14 05:46:23.0000",1.48,81.75,2.12290334701538,3.48057696118048,9.69561700438425
"2024-01-14 06:16:21.0000",0.71,82.98,2.03839492797852,3.32908186584392,9.39697706078798
"2024-01-14 06:46:17.0000",0.46,83.23,1.47706866264343,2.89571546254779,9.26768357274619
"2024-01-14 07:16:15.0000",0.62,83.67,1.28389120101929,2.6609578208427,10.4469919943321
"2024-01-14 07:46:07.0000",0.54,84.4,1.21239042282104,2.59348201139527,9.36307673273501
"2024-01-14 08:16:09.0000",1.57,84.73,1.47097873687744,2.78720536572387,8.70717934138054
"2024-01-14 08:46:01.0000",1.62,84.7,2.87338781356812,3.97857258366966,10.7006991724387
"2024-01-14 09:16:03.0000",2.35,85.3,3.90265727043152,5.18270567184817,11.7570770044362
"2024-01-14 09:45:55.0000",2.9,85.81,4.16021823883057,5.12262717151227,13.8224743998139
"2024-01-14 10:15:57.0000",3.46,86.24,1.85376501083374,2.91713355878424,9.95177249575426
"2024-01-14 10:45:55.0000",4.2,87.25,0.945053219795227,2.15196306121085,7.08342170481936
"2024-01-14 11:15:52.0000",4.66,88.21,1.91625308990479,2.91716421435701,10.7693362839616
"2024-01-14 11:45:49.0000",5.35,89.54,0.919889390468597,1.86935052726269,5.69118978517999
"2024-01-14 12:15:46.0000",6.69,82.43,1.61133229732513,3.29923514789047,10.2446815342326
"2024-01-14 12:45:43.0000",7.78,76.25,1.28758680820465,3.52772491652192,11.200188891484
"2024-01-14 13:15:41.0000",7.5,70.06,1.21265852451324,3.5379883328053,11.2921040216465
"2024-01-14 13:45:33.0000",5.08,74.17,1.13717257976532,2.97508688859805,8.78961078929412
"2024-01-14 14:15:29.0000",4.21,77.13,1.83707988262177,3.00672045082879,7.53848045152936
"2024-01-14 14:45:21.0000",3.42,78.43,0.837468385696411,2.2864338578505,6.61885808805292
"2024-01-14 15:15:18.0000",3.18,77.56,1.03426957130432,2.51975170177504,7.01679256287323
"2024-01-14 15:45:15.0000",2.96,77.44,3.46810936927795,4.23371881800995,8.65782313981878
"2024-01-14 16:15:12.0000",2.91,77.87,5.2407021522522,5.48991034887517,9.15351156497154
"2024-01-14 16:45:10.0000",2.32,79.32,15.9747943878174,13.3699210365436,15.026444620954
"2024-01-14 17:15:02.0000",2.62,79.18,1.31956124305725,2.63625498728432,6.92057830011359
"2024-01-14 17:45:04.0000",2.85,77.14,5.16455125808716,5.67158651732642,9.8533589746917
"2024-01-14 18:14:56.0000",2.51,77.8,9.74934482574463,8.70802263421592,11.6619318333832
"2024-01-14 18:44:53.0000",2.42,76.56,14.4041833877563,12.0050818259371,14.5659708205169
"2024-01-14 19:14:50.0000",2.21,76.03,9.38762092590332,8.47453875865362,11.4927459614457
"2024-01-14 19:44:47.0000",2.15,75.93,8.36432647705078,8.02308567477724,12.9516819958636
"2024-01-14 20:14:39.0000",2.18,75.97,8.2902193069458,7.89450401732883,12.1902100418033
"2024-01-14 20:44:36.0000",2.35,74.74,1.26998424530029,2.98893201574434,8.17771065061813
"2024-01-14 21:14:34.0000",2.21,74.49,1.10655868053436,2.78960248569614,7.50583140640422
"2024-01-14 21:44:31.0000",2.06,75.57,1.34670054912567,2.95367426082134,9.82450159091078
"2024-01-14 22:14:28.0000",2.22,76.17,1.32750749588013,2.87084481056665,8.44197032758177
"2024-01-14 22:44:20.0000",1.81,77.34,0.889866709709167,2.40300045542114,7.72391902233269
"2024-01-14 23:14:17.0000",1.57,79.65,0.763072669506073,2.17126652366289,7.5893898255593
"2024-01-14 23:44:09.0000",1.43,81.06,1.16371035575867,2.48260517138125,10.0552198314856
"2024-01-15 00:14:06.0000",1.2,80.62,0.94863373041153,2.42549034389266,7.68183298900902
"2024-01-15 00:44:03.0000",0.19,80.18,0.924602150917053,2.28441551613169,7.36309750067046
"2024-01-15 01:13:55.0000",-0.41,80.25,1.04744291305542,2.46075231631415,8.00091119814747
"2024-01-15 01:43:59.0000",-0.58,79.55,0.794270396232605,2.41024764589727,8.54270444137093
"2024-01-15 02:13:55.0000",-1.26,79.03,0.999376475811005,2.78561108959869,10.062343778772
"2024-01-15 02:43:46.0000",-1.17,79.29,1.00387930870056,2.77009177863267,8.48931613844362
"2024-01-15 03:13:44.0000",-1.52,79.87,0.96797388792038,2.79766952723004,9.67558236279413
"2024-01-15 03:43:41.0000",0.38,79.58,0.686902165412903,2.45059107583103,10.1254684258931
"2024-01-15 04:13:42.0000",0.81,78.38,1.01445531845093,2.94024063240351,10.0752194767353
"2024-01-15 04:43:35.0000",0.88,77.93,1.15585625171661,2.81513864842225,8.8682981971038
"2024-01-15 05:13:32.0000",0.32,78.12,0.865121901035309,2.59259009995699,7.93686381083055
"2024-01-15 05:43:24.0000",0.06,78.89,0.595065116882324,2.25636490591871,7.42407409028745
"2024-01-15 06:13:21.0000",-0.28,79.99,0.770751953125,2.31338077396873,8.60581088248708
"2024-01-15 06:43:19.0000",-0.78,80.49,0.691707193851471,1.99680347331488,6.60699610958015
"2024-01-15 07:13:15.0000",-0.94,80.11,0.930632352828979,2.40702404788547,7.371085541696
"2024-01-15 07:43:07.0000",-1.58,79.7,0.981715023517609,2.59503013328153,8.95273232520355
"2024-01-15 08:13:04.0000",-1.56,79.24,0.94875180721283,2.55569233094811,7.74701540560037
"2024-01-15 08:43:01.0000",-1.32,77.83,2.46841788291931,3.96760688173588,11.0276431976395
"2024-01-15 09:12:59.0000",-0.66,76.44,0.887643694877625,2.69975326436925,9.03859552851095
"2024-01-15 09:43:01.0000",1.85,69.27,1.54208207130432,3.43929874136534,10.7002277139221
"2024-01-15 10:12:58.0000",2.48,62.42,0.897562682628632,3.23766541887455,11.3514466657282
"2024-01-15 10:28:26.0000",4.07,66.85,0.608997046947479,2.09099489591804,7.78499542297945
"2024-01-15 10:34:49.0000",3.33,70.25,0.396759986877441,2.6205689907074,10.9606800079346
"2024-01-15 10:42:55.0000",1.47,63.73,1.19982671737671,3.74775364816079,13.6857867947989
"2024-01-15 11:12:53.0000",1.95,63.92,1.60844445228577,4.47888541395117,15.3381399598273
"2024-01-15 11:42:49.0000",5.48,58.22,1.49035155773163,4.39176939017712,17.3798853531964
"2024-01-15 12:12:47.0000",3.1,57.4,1.84470212459564,4.54195675797987,18.0130539716607
"2024-01-15 12:42:49.0000",7.57,51.45,1.3994767665863,4.776491053461,16.4229768070987
"2024-01-15 13:12:46.0000",7.43,48.14,2.9278039932251,6.27705058415114,37.3014734020615
"2024-01-15 13:42:38.0000",3.93,47.79,1.35661256313324,4.52113525638202,25.0866988200114
"2024-01-15 14:12:30.0000",1.92,53.2,3.47613906860352,5.84013898584218,25.7728253444365
"2024-01-15 14:42:28.0000",1.84,56.26,2.61534953117371,5.26862627083044,19.2673578459517
"2024-01-15 14:51:06.0000",4,58.46,1.29847288131714,4.12784121037626,12.4362009261431
"2024-01-15 15:12:24.0000",2.35,56.92,1.22813725471497,4.21433632344153,16.1627038577111
"2024-01-15 15:42:16.0000",1.32,57.35,1.46765398979187,4.22046993116356,14.9003345804898
"2024-01-15 16:12:13.0000",0.53,58.48,1.93340253829956,4.32598086577416,18.8147521698836
"2024-01-15 16:42:05.0000",-0.25,60.72,2.99161815643311,5.53048097421854,25.3943597580431
"2024-01-15 17:12:03.0000",-0.55,62.01,2.47304439544678,4.82014169123362,18.2521057100654
"2024-01-15 17:42:00.0000",-0.97,63.19,7.00783014297485,7.7678064802621,18.0994783467312
"2024-01-15 18:11:57.0000",-1.72,64.18,6.81229686737061,7.77800587056517,22.2425304127679
"2024-01-15 18:41:49.0000",-2.2,65.81,15.4785327911377,14.3048275287473,24.484148335347
"2024-01-15 19:11:46.0000",-2.78,66.02,7.62466859817505,8.47955761124305,28.3738266483517
"2024-01-15 19:41:43.0000",-2.85,67.25,6.96737051010132,7.98305841001581,16.5801886296567
"2024-01-15 20:11:40.0000",-2.95,68.09,20.4603176116943,18.0010560894653,27.1958406689638
"2024-01-15 20:41:32.0000",-3.25,68.33,9.64059352874756,9.67690947206579,17.1069457515883
"2024-01-15 21:11:29.0000",-2.93,68.93,9.76792812347412,10.1589659977202,20.0521876373577
"2024-01-15 21:41:27.0000",-2.91,69.32,8.98198890686035,9.31696266741588,17.3132592336038
"2024-01-15 22:11:23.0000",-3.39,69.77,12.726601600647,12.3119889693721,20.3905607572521
"2024-01-15 22:41:26.0000",-2.84,69.92,14.1389694213867,13.1121430897222,21.8989530702629
"2024-01-15 23:11:17.0000",-3.15,70.46,10.2967128753662,10.1471039842442,17.1243387096907
"2024-01-15 23:41:15.0000",-3,70.69,8.93360710144043,9.1202735072482,16.8191074927176
"2024-01-16 00:11:07.0000",-2.58,70.72,6.34502267837524,7.30177726887454,15.1739000510911
"2024-01-16 00:41:08.0000",-2.5,71.19,5.96241664886475,6.90742271147906,14.6668160827042
"2024-01-16 01:11:05.0000",-1.81,71.9,2.72675395011902,4.38958397492776,12.0154145504325
"2024-01-16 01:41:02.0000",-1.01,79.69,0.931453824043274,2.30605061418306,9.04358891985332
"2024-01-16 02:11:06.0000",-1.1,78.76,3.46323132514954,4.31575264031086,9.82327785070671
"2024-01-16 02:40:58.0000",-1.13,78.03,7.48603582382202,7.34134002639384,14.0380413306299
"2024-01-16 03:10:54.0000",-1.13,77.81,4.39240074157715,5.42504711097925,13.8239912212048
"2024-01-16 03:40:56.0000",-1.12,77.8,3.63798189163208,4.38066271223998,9.40727835786863
"2024-01-16 04:10:48.0000",-1.11,77.87,10.3610420227051,10.0634020986137,18.222947433554
"2024-01-16 04:40:50.0000",-1.12,78.01,17.4374618530273,14.51261505323,26.2752786126237
"2024-01-16 05:10:38.0000",-1.11,78.16,14.5823278427124,12.933162141832,21.1648886174022
"2024-01-16 05:40:36.0000",-1.06,78.51,14.5607433319092,13.1779644943679,20.9547792230317
"2024-01-16 06:10:32.0000",-1.06,78.8,5.65948390960693,6.37723553079855,14.3136025680615
"2024-01-16 06:40:30.0000",-1.07,79.16,12.207594871521,11.6818305344137,22.9374966365151
"2024-01-16 07:10:26.0000",-1.1,79.4,14.4755258560181,13.8214125951103,23.0424253255871
"2024-01-16 07:40:24.0000",-1.07,79.74,14.8168058395386,14.2827461269102,22.3921510213003
"2024-01-16 08:10:15.0000",-1.06,80.03,14.3598766326904,13.8364908362988,23.9862169778808
"2024-01-16 08:40:13.0000",-1.06,80.44,12.7700757980347,13.0763232191382,26.3273717849044
"2024-01-16 09:10:10.0000",-1.06,80.82,5.84643077850342,7.1286767956547,17.59717844838
"2024-01-16 09:40:07.0000",0.03,81.24,3.17683553695679,4.30377021518266,11.1694786760909
"2024-01-16 10:10:05.0000",0.21,81.62,1.12770438194275,2.32289194908445,7.52175920842593
"2024-01-16 10:40:01.0000",0.45,81.48,1.18225729465485,2.49380103056871,7.97702291727584
"2024-01-16 11:09:58.0000",1.27,81.68,1.35481894016266,2.67852795853539,7.49000961089181
"2024-01-16 11:39:55.0000",3.4,83.44,1.53908634185791,2.95620262830068,10.0508883243474
"2024-01-16 12:09:58.0000",7.12,76.64,0.902481555938721,2.24080449711435,7.70748265051871
"2024-01-16 12:39:55.0000",4.76,76.22,0.883781373500824,2.37965106100602,7.95555874692547
"2024-01-16 13:09:47.0000",3.31,79.31,0.995109081268311,2.4572515543868,9.36034112858534
"2024-01-16 13:39:39.0000",2.85,80.23,0.874557793140411,2.51083929392174,7.70976695976726
"2024-01-16 14:09:36.0000",3.16,79.58,2.91976094245911,4.57547842152312,12.3721677728822
"2024-01-16 14:39:38.0000",3.49,78.72,0.909251689910889,2.49622697206465,9.40500299218967
"2024-01-16 15:09:36.0000",3.29,78.18,0.714347660541534,2.20096858799285,7.28001173553667
"2024-01-16 15:39:27.0000",2.88,78.14,1.23400330543518,2.62088138941777,9.33844602545933
"2024-01-16 16:09:25.0000",2.72,78.06,1.63377618789673,3.20565635959698,8.88465849771558
"2024-01-16 16:39:22.0000",2.32,77.58,1.33686530590057,2.99579949418006,9.50749799091809
"2024-01-16 17:09:19.0000",1.93,77.56,1.28036022186279,2.87145290378051,8.76985738823408
"2024-01-16 17:39:16.0000",1.75,77.21,1.2118022441864,2.81805667512688,10.278557447888
"2024-01-16 18:09:13.0000",1.39,77.34,1.37948977947235,3.18483074684354,9.82216560789789
"2024-01-16 18:39:05.0000",1.55,77.6,1.44080078601837,3.21669627663618,9.00076957770807
"2024-01-16 19:09:02.0000",2.09,77.33,1.44282269477844,3.43137880616173,11.1987378736123
"2024-01-16 19:39:00.0000",2.2,77.02,1.54094314575195,3.24400542558418,9.61901456145607
"2024-01-16 20:08:56.0000",2.5,76.88,1.22404026985168,3.24641035837572,10.458270833974
"2024-01-16 20:38:53.0000",2.67,76.69,1.08070802688599,2.99225374366054,9.64584580869128
"2024-01-16 21:08:50.0000",2.79,76.53,1.12922203540802,2.89877772355379,11.3134129208332
"2024-01-16 21:38:48.0000",2.75,76.74,1.09842205047607,2.98547264403167,10.9169328982195
"2024-01-16 22:08:45.0000",2.83,76.56,1.41328167915344,2.8776232340655,10.0555282484231
"2024-01-16 22:38:37.0000",2.36,76.79,1.17988538742065,2.78626079297203,7.88522852590335
"2024-01-16 23:08:34.0000",2.07,77.8,1.2612292766571,2.71072530189582,10.4663806627273
"2024-01-16 23:38:32.0000",1.62,78.83,1.67635118961334,3.25942021374428,10.0818402474629
"2024-01-17 00:08:23.0000",1.34,80.3,5.17280387878418,5.94760859220309,12.0209006509808
"2024-01-17 00:38:25.0000",1.45,81.75,3.40048146247864,4.15546235629117,8.29221818992055
"2024-01-17 01:08:18.0000",1,83.52,3.38042235374451,3.92166892446902,7.81400010769609
"2024-01-17 01:38:15.0000",0.88,83.61,5.46016883850098,5.81892304183799,10.8444797479043
"2024-01-17 02:08:10.0000",0.52,83.72,8.86478805541992,8.62180268699677,17.2155846526347
"2024-01-17 02:38:09.0000",0.17,84.29,6.36607217788696,6.05031741143112,10.2225017901251
"2024-01-17 03:08:02.0000",0.56,84.16,6.16334199905396,6.64912518153411,14.3069060498544
"2024-01-17 03:38:03.0000",0.6,84.22,3.09908652305603,4.05542316076688,10.3631338377375
"2024-01-17 04:07:54.0000",0.2,84.61,1.66186451911926,2.85049002504598,10.1377723384331
"2024-01-17 04:37:51.0000",-0.16,84.87,0.744262099266052,2.02039771772882,6.88458161504373
"2024-01-17 05:07:44.0000",-0.4,84.99,0.66839736700058,1.6216073072806,6.02313916490051
"2024-01-17 05:37:41.0000",-1.14,85.05,0.408310323953629,1.38754464182624,4.87215027089489
"2024-01-17 06:07:38.0000",-1.89,85.83,0.684001088142395,1.60373372011428,4.40872649185355
"2024-01-17 06:37:30.0000",-2.59,86.04,1.16984450817108,2.07345499437274,5.17580735429681
"2024-01-17 07:07:27.0000",-3.03,86.46,2.16700148582458,2.87397336001841,6.0656500626697
"2024-01-17 07:37:24.0000",-3.04,86.66,4.19323778152466,4.68922220284965,8.05929758211652
"2024-01-17 08:07:22.0000",-3.05,86.7,2.83304238319397,3.50569197551215,7.04733534425819
"2024-01-17 08:37:19.0000",-3.14,86.83,3.38239431381226,3.87134177254084,7.08618859248975
"2024-01-17 09:07:16.0000",-3.12,87.11,4.5622296333313,4.83828504215505,8.34997735906202
"2024-01-17 09:37:13.0000",-1.68,88.29,4.53695964813232,4.85102525555549,7.9815090862154
"2024-01-17 10:07:10.0000",0.55,85.19,3.95908856391907,4.28133697461108,8.87758188757616
"2024-01-17 10:37:08.0000",-0.01,85.02,4.26776313781738,4.59368006936369,7.59546201578522
"2024-01-17 11:07:04.0000",0.37,86.59,3.43293595314026,3.93783211140827,7.20573385023402
"2024-01-17 11:37:01.0000",2.74,86.95,2.06198477745056,2.64905975075237,6.20603288517825
"2024-01-17 12:07:14.0000",7.97,74.69,0.971696615219116,1.83744173236392,5.52970581096839
"2024-01-17 12:37:11.0000",9.31,70.66,1.34627842903137,2.85541003617263,9.49966520645121
"2024-01-17 13:07:08.0000",9.99,65.27,1.19498491287231,3.1699399285899,8.93263782265332
"2024-01-17 13:37:00.0000",7.9,61.43,1.49375712871552,3.78640718741476,11.308486869671
"2024-01-17 14:06:57.0000",6.64,62.6,2.19958186149597,4.31210272110998,13.17233394215
"2024-01-17 14:36:55.0000",6.58,56.94,1.45082211494446,4.02708304575969,11.0239228710559
"2024-01-17 15:06:42.0000",2.98,57.14,1.56346762180328,4.01429051406776,11.4873091476715
"2024-01-17 15:36:33.0000",0.19,60.38,3.99288249015808,5.80255873986346,15.1539295727966
"2024-01-17 16:06:30.0000",-1.09,63.61,4.34424304962158,5.72862326727523,12.3635865277841
"2024-01-17 16:36:22.0000",-1.73,65.67,5.05759811401367,5.90490375918365,11.1106428318996
"2024-01-17 17:06:19.0000",-2.41,67.75,5.01411151885986,5.87053942806635,11.5363187382183
"2024-01-17 17:36:16.0000",-2.81,68.97,9.89264106750488,9.70404307692064,17.8730975932247
"2024-01-17 18:06:09.0000",-3.26,69.87,12.033013343811,11.4050813388734,18.8301821133324
"2024-01-17 18:36:06.0000",-3.55,71.05,9.38062191009521,9.37604587105474,16.2550910240436
"2024-01-17 19:06:03.0000",-3.84,72.03,7.88685274124146,8.02058036229634,14.5367932170283
"2024-01-17 19:36:00.0000",-4.15,72.64,10.8700275421143,10.4066880953163,17.2384628570441
"2024-01-17 20:05:57.0000",-4.57,73.02,13.0055522918701,11.9390294351759,17.6553950777418
"2024-01-17 20:35:54.0000",-4.77,73.55,17.5304222106934,15.4669890409038,20.5764399292321
"2024-01-17 21:05:46.0000",-4.88,74.06,21.3856296539307,18.0279352247279,23.9289822095496
"2024-01-17 21:35:44.0000",-4.98,74.58,22.819522857666,19.6111805502575,24.3068129062602
"2024-01-17 22:05:40.0000",-4.92,75.8,23.207727432251,20.1447268160102,23.5360361256654
"2024-01-17 22:35:38.0000",-5.16,76.35,24.9268798828125,21.6576263363082,26.7950589097174
"2024-01-17 23:05:34.0000",-5.47,76.46,25.1166687011719,21.6605186535046,25.0781417373768
"2024-01-17 23:35:26.0000",-5.36,77.48,16.0247001647949,14.5770577439935,18.9749455728603
"2024-01-18 00:05:23.0000",-5.22,78.36,8.53435611724854,8.44195452234922,14.1463784386121
"2024-01-18 00:35:25.0000",-5.65,78.36,10.4659481048584,10.125421396334,15.670399598017
"2024-01-18 01:05:19.0000",-5.78,78.67,17.4523735046387,15.4061265070592,19.6102519670828
"2024-01-18 01:35:15.0000",-5.4,78.63,18.775333404541,16.5496262783682,19.7386107775843
"2024-01-18 02:05:12.0000",-5.32,79.11,29.0040988922119,24.5122457620523,27.8548851611886
"2024-01-18 02:35:13.0000",-4.14,79.42,27.8788166046143,23.3122932730871,26.0916196413067
"2024-01-18 03:05:12.0000",-4.18,78.59,24.2159004211426,20.550562216055,24.5200070175052
"2024-01-18 03:35:03.0000",-4.62,79.7,15.3414535522461,13.7483745119847,17.2663355635206
"2024-01-18 04:05:06.0000",-4.65,80.23,13.2406396865845,11.9367089348121,17.1266782060526
"2024-01-18 04:34:56.0000",-4.86,80.71,5.02116203308105,5.39421748060392,10.5522757692862
"2024-01-18 05:04:56.0000",-4.73,80.78,4.33875560760498,4.99287870615702,9.45803741081256
"2024-01-18 05:34:53.0000",-4.97,81.71,4.78808403015137,5.43549850228235,9.433407650535
"2024-01-18 06:04:44.0000",-5.42,81.47,4.33979988098145,4.86399437694908,8.26551447106146
"2024-01-18 06:34:41.0000",-5.85,82.03,5.07232570648193,5.69313876105919,9.2948610362024
"2024-01-18 07:04:33.0000",-5.93,82.25,5.17406749725342,5.52750722752725,9.48190627476251
"2024-01-18 07:34:31.0000",-5.74,82.28,5.07441234588623,5.54947661531594,9.46862816111298
"2024-01-18 08:04:33.0000",-5.57,82.21,4.014244556427,4.37827423679221,8.81603852798353
"2024-01-18 08:34:25.0000",-5.27,82.37,4.54914140701294,4.97064732004813,8.58601005743771
"2024-01-18 09:04:27.0000",-4.97,82.93,6.92570877075195,6.94530406877856,10.9980763152178
"2024-01-18 09:34:24.0000",-2.25,82.14,6.73821973800659,7.11331949781232,21.9114811368211
"2024-01-18 10:04:27.0000",-0.42,80.31,8.64300441741943,8.54148545919435,13.6616218008242
"2024-01-18 10:34:23.0000",-0.04,80.1,4.40142774581909,5.00316546493886,10.9256067986311
"2024-01-18 11:04:21.0000",0.47,80.92,3.67946600914001,4.47923162830838,10.2718042300016
"2024-01-18 11:34:17.0000",2.57,81.41,3.6808910369873,4.62801407427705,9.60169653100807
"2024-01-18 12:04:25.0000",8.99,74.54,2.85918807983398,3.59824305678362,8.5126475613509
"2024-01-18 12:34:27.0000",10.32,70.74,1.75231981277466,3.23664494211103,8.37395140893403
"2024-01-18 13:04:24.0000",10.26,64.58,2.30599498748779,4.16030107496762,11.5698499698704
"2024-01-18 13:34:16.0000",8.63,59.3,1.65257108211517,4.02574501972294,12.6629938589404
"2024-01-18 14:04:09.0000",6.69,59.78,2.67407488822937,4.76615415285006,12.4375886085119
"2024-01-18 14:34:05.0000",7.02,58.06,1.78634095191956,4.31543151981383,12.1365737547085
"2024-01-18 15:03:57.0000",4.27,60.21,2.47294878959656,4.75171561207826,13.4409113243134
"2024-01-18 15:33:50.0000",2.34,62.46,1.64000046253204,4.09260015830814,16.2632809394399
"2024-01-18 16:03:46.0000",1.6,63.82,1.44524371623993,3.77238420471625,11.8010010294939
"2024-01-18 16:33:43.0000",1.37,65.3,2.53605437278748,4.5547767884604,13.155975767398
"2024-01-18 17:03:38.0000",1.23,66.91,1.75658655166626,3.64470338500887,10.3563407442248
"2024-01-18 17:33:33.0000",1.16,68.5,2.17506098747253,3.92679029912465,12.3601240055893
"2024-01-18 18:03:30.0000",1.43,69,8.38345432281494,8.86580303510794,17.1871768578411
"2024-01-18 18:33:27.0000",1.18,70.73,3.19932651519775,4.36793420432054,11.2375594864876
"2024-01-18 19:03:24.0000",1.07,71.92,4.61627101898193,6.09564289806439,14.8958293419154
"2024-01-18 19:33:26.0000",1.76,72.06,2.96279621124268,4.74029154937808,12.5752877246506
"2024-01-18 20:03:23.0000",1.78,71.54,2.23014116287231,4.0271074794876,10.9012751388031
"2024-01-18 20:33:15.0000",1.75,71.72,1.58237278461456,3.74312913733253,11.698435529851
"2024-01-18 21:03:13.0000",1.55,72.45,1.1298691034317,3.18467598832418,9.9329057222671
"2024-01-18 21:33:05.0000",1.34,73.3,1.14279556274414,2.9242205427743,9.68953291066534
"2024-01-18 22:03:02.0000",1.95,73.68,1.88964509963989,3.52461606345371,10.5408795754964
"2024-01-18 22:32:59.0000",2.17,73.17,1.64334285259247,3.72646228647455,10.8749933216614
"2024-01-18 23:02:56.0000",2.16,73.34,1.78470802307129,3.67409517882727,11.9588910342946
"2024-01-18 23:33:13.0000",1.83,73.53,1.4378365278244,3.50758624222232,11.3037226054428
"2024-01-19 00:02:50.0000",1.58,73.48,1.24506497383118,3.16576974761073,10.2611137474288
"2024-01-19 00:32:47.0000",1.07,74.16,1.58317649364471,3.59315454820725,12.3374117910997
"2024-01-19 01:02:44.0000",0.85,75.61,1.63642191886902,3.41859061175346,11.1071612034165
"2024-01-19 01:32:37.0000",0.48,77.64,1.46532726287842,3.00792876108677,8.38832451941952
"2024-01-19 02:02:34.0000",0.85,79.31,1.05296051502228,2.42912485856412,7.34392290730558
"2024-01-19 02:32:36.0000",0.63,78.91,1.30396294593811,2.9453257681802,10.2433460607048
"2024-01-19 03:02:26.0000",0.32,79.44,1.42252683639526,2.59951214070455,9.51888631349069
"2024-01-19 03:32:20.0000",-0.12,79.66,1.49419760704041,3.16339322302071,9.78158477070061
"2024-01-19 04:02:21.0000",-0.51,79.2,1.70555460453033,3.32277124158338,10.0927516968738
"2024-01-19 04:32:14.0000",-0.87,79.08,1.77980005741119,3.39389256626024,9.82962252274036
"2024-01-19 05:02:06.0000",-1.1,79.49,1.92479836940765,3.25619642812047,9.33247749570732
"2024-01-19 05:32:03.0000",-1.12,79.65,1.51724493503571,2.88085674774117,8.97613286361106
"2024-01-19 06:02:00.0000",-1.05,79.8,2.12054562568665,3.74814865488644,9.96986630932481
"2024-01-19 06:31:57.0000",-0.43,79.5,1.83341062068939,3.26855855703064,9.33786615392988
"2024-01-19 07:01:54.0000",-1.06,79.45,2.12654495239258,3.62356676803636,10.30052471907
"2024-01-19 07:31:51.0000",-1.48,79.52,1.95056664943695,3.57380535885759,10.2209516017853
"2024-01-19 08:01:43.0000",-1.98,79.84,2.39072704315186,3.75352346736417,11.5558798015548
"2024-01-19 08:31:41.0000",-2.2,80.43,2.31174564361572,3.64989843035153,8.95187489900727
"2024-01-19 09:01:38.0000",-1.68,80.41,2.00834345817566,3.29576498083747,8.67601409009592
"2024-01-19 09:31:35.0000",1.02,79.27,1.56276714801788,2.92958898514238,8.02857454318628
"2024-01-19 10:01:37.0000",3.15,77.07,1.27147507667542,2.45771990580699,7.67127540138085
"2024-01-19 10:31:34.0000",3.25,76.37,1.20686018466949,2.40955452559872,8.86550178541919
"2024-01-19 11:01:31.0000",3.44,76.58,1.04529345035553,2.53394788110321,9.21074331193716
"2024-01-19 11:31:29.0000",4.92,76.8,1.55585145950317,3.01602926207879,9.52517670786403
"2024-01-19 12:01:31.0000",9.1,68.76,1.2117999792099,2.97717103625835,9.40806370659498
"2024-01-19 12:31:28.0000",9.19,65.87,0.884974122047424,3.31637019464835,11.4282810200332
"2024-01-19 13:01:30.0000",9.66,58.04,1.17064809799194,3.72655522901034,12.9669419152353
"2024-01-19 13:31:23.0000",9.63,53.72,0.89713841676712,3.9301517535088,12.8811146939204
"2024-01-19 14:01:14.0000",7.55,54.69,1.20526146888733,4.03082651358063,16.3229264209348
"2024-01-19 14:31:17.0000",7.57,54.47,0.957223653793335,3.72889403425692,13.4934799108289
"2024-01-19 15:01:04.0000",5.33,56.89,1.38997042179108,4.32224425043051,16.0992496551592
"2024-01-19 15:31:00.0000",4.21,58.82,1.11666750907898,3.68311045982285,12.3789601572817
"2024-01-19 16:00:53.0000",3.6,60.27,2.08021092414856,4.48052078281484,14.2778916999494
"2024-01-19 16:30:50.0000",3.05,61.7,2.37253046035767,4.53748612329844,14.5945905739648
"2024-01-19 17:00:46.0000",2.69,62.99,1.74230825901031,4.12212570182102,13.12453638067
"2024-01-19 17:30:39.0000",2.78,64.16,1.30720281600952,3.70584489305349,12.2755289033913
"2024-01-19 18:00:36.0000",2.4,65.04,2.62357044219971,4.89757372244667,12.2458906846476
"2024-01-19 18:30:33.0000",1.89,66.03,5.90547037124634,7.12742003584409,14.7157380661688
"2024-01-19 19:00:25.0000",1.58,66.8,5.37889337539673,6.49511973112092,14.7698926385293
"2024-01-19 19:30:22.0000",1.51,67.77,4.29507923126221,6.00306212528318,14.0616131630781
"2024-01-19 20:00:20.0000",1.44,68.27,5.52974843978882,6.67504366075512,15.7593615884553
"2024-01-19 20:30:17.0000",1.15,68.81,3.30117034912109,5.01714280275926,13.5085239672674
"2024-01-19 21:00:14.0000",0.78,69.59,2.84586691856384,4.40173934160224,10.3861798074862
"2024-01-19 21:30:06.0000",0.84,70.19,2.20039534568787,3.79083874371452,11.6994181662505
"2024-01-19 22:00:39.0000",1.55,70.55,1.9679206609726,3.71335340410126,10.4787168330942
"2024-01-19 22:29:59.0000",1.34,70.43,1.58382284641266,3.5649774125026,12.0273965105656
"2024-01-19 22:59:57.0000",1.6,71.07,1.80523359775543,3.64039480712654,9.61007421684483
"2024-01-19 23:29:54.0000",1.42,71.2,1.41655373573303,3.50950817155641,9.45559506852571
"2024-01-19 23:59:51.0000",1.84,71.42,1.2154061794281,3.21381713220433,9.25153713787618
"2024-01-20 00:29:48.0000",1.88,71.39,1.15341997146606,3.27977509134694,10.9148206182685
"2024-01-20 00:59:50.0000",1.88,71.59,1.15573310852051,3.1217259511481,9.98062128468729
"2024-01-20 01:29:42.0000",1.66,71.85,1.40151607990265,3.56736576478774,15.1408853883056
"2024-01-20 01:59:38.0000",1.61,72.35,1.74613559246063,3.91859945696136,12.9866944169805
"2024-01-20 02:29:31.0000",1.44,72.74,4.82668495178223,6.01948115484695,13.4695624283528
"2024-01-20 02:59:29.0000",1.57,73.26,2.04024171829224,4.11729056696409,12.0764670700538
"2024-01-20 03:29:31.0000",1.92,73.77,2.29654097557068,4.2683196332191,13.3671993142628
"2024-01-20 03:59:28.0000",1.61,74.2,2.22834730148315,3.88185550194546,11.2038658184979
"2024-01-20 04:29:26.0000",1.57,74.59,1.93694031238556,3.88329579167034,11.8651575743799
"2024-01-20 04:59:17.0000",1.97,75.25,1.17987048625946,3.17004747656543,9.33834602836104
"2024-01-20 05:29:24.0000",3.76,71.92,1.32900977134705,3.36701553695687,10.9236813762039
"2024-01-20 05:59:16.0000",3.29,75.05,1.29900240898132,3.55305142775379,10.2074955293737
"2024-01-20 06:29:19.0000",3.42,75.26,1.68985199928284,4.1717199530279,15.0035405397372
"2024-01-20 06:59:11.0000",3.55,75.52,1.5991462469101,4.06849075368596,14.5459045043137
"2024-01-20 07:29:13.0000",3.52,75.66,1.52603089809418,3.94307846961711,12.1103161254326
"2024-01-20 07:59:00.0000",3.1,76.46,1.83288383483887,4.29736663921014,16.4769424954775
"2024-01-20 08:28:57.0000",3.21,77.15,1.79160284996033,4.32395205911356,18.8731061578659
"2024-01-20 08:58:54.0000",3.08,78,1.45348036289215,3.89264235472579,12.8862650596482
"2024-01-20 09:28:51.0000",3.49,78.38,1.63694429397583,4.05440043495612,16.1181357961526
"2024-01-20 09:58:49.0000",3.61,78.38,1.57784974575043,3.51557519730995,12.9413237383177
"2024-01-20 10:28:45.0000",3.95,78.77,1.8547078371048,4.18153698161537,13.4659709564003
"2024-01-20 10:58:47.0000",4.23,78.93,1.87056231498718,4.35946976914766,12.609544926926
"2024-01-20 11:28:39.0000",4.39,79.05,1.19281196594238,3.14662147942173,9.5627022762603
"2024-01-20 11:58:37.0000",5.28,79.13,1.22177565097809,3.07013734939411,10.6710777840413
"2024-01-20 12:28:34.0000",5.78,78.45,0.865128993988037,2.54941772165981,7.97850025522438
"2024-01-20 12:58:31.0000",6.09,77.98,1.10264086723328,2.90120150168841,9.78904654381398
"2024-01-20 13:28:28.0000",6.12,77.62,1.07466375827789,2.87064820200082,8.62602654142338
"2024-01-20 13:58:26.0000",6.13,77.63,0.91368305683136,2.81096326148048,8.50361556833674
"2024-01-20 14:28:22.0000",6.15,77.57,0.950401902198792,2.69785690463447,9.21303180265841
"2024-01-20 14:58:19.0000",5.85,77.55,1.45058643817902,3.11022755887114,8.64816106152866
"2024-01-20 15:28:11.0000",5.83,77.76,1.26632833480835,3.16990991008566,11.1126641034338
"2024-01-20 15:58:09.0000",5.95,78.09,5.83484268188477,6.20911517128793,12.3370821335696
"2024-01-20 16:28:06.0000",6.02,77.68,1.35184574127197,3.11170558732504,9.31783351227505
"2024-01-20 16:58:08.0000",5.88,77.49,1.36666703224182,3.07277077480987,10.2065696186441
"2024-01-20 17:28:06.0000",5.77,77.58,1.83966827392578,3.65102444096054,10.8462476802453
"2024-01-20 17:57:57.0000",5.71,77.54,1.46289110183716,3.28082916690029,10.0554082298847
"2024-01-20 18:27:54.0000",5.64,77.72,1.70630943775177,3.20353317643416,8.02747586088933
"2024-01-20 18:57:51.0000",5.5,77.81,2.2240264415741,3.96290218860191,11.7657150502617
"2024-01-20 19:27:48.0000",5.61,77.96,2.44189596176147,4.70322617904856,16.5329228618804
"2024-01-20 19:57:45.0000",5.54,77.99,2.38019204139709,4.51536714501728,13.1766811739705
"2024-01-20 20:27:38.0000",5.33,78.27,2.03293251991272,3.8755754829244,11.8944062902523
"2024-01-20 20:57:35.0000",4.95,78.67,2.86565685272217,5.28392442720787,13.8282107859383
"2024-01-20 21:27:32.0000",4.61,79.37,2.90064764022827,4.87342580851171,12.6105467850555
"2024-01-20 21:57:29.0000",4.6,79.92,2.45726919174194,4.07890408390435,10.8485215651717
"2024-01-20 22:27:29.0000",4.53,80.67,2.47265315055847,4.27878348524473,11.3861651052592
"2024-01-20 22:57:18.0000",4.24,81.49,2.48792338371277,4.14251505575672,10.4793032964254
"2024-01-20 23:27:15.0000",4.36,81.85,1.64522278308868,3.07740097862724,9.3065452188575
"2024-01-20 23:57:12.0000",4.21,82.04,1.67755353450775,3.0317513860958,7.93484124419479
"2024-01-21 00:27:09.0000",4.1,82.37,1.41092717647552,2.81831927957302,7.42131139837819
"2024-01-21 00:57:06.0000",4.13,82.87,1.34468281269073,2.53882946441303,6.83643169463295
"2024-01-21 01:27:03.0000",4.18,83.03,1.25926411151886,2.54237493790073,7.27852697137567
"2024-01-21 01:57:01.0000",4.26,83.33,1.11702537536621,2.23986599532229,6.07401460995883
"2024-01-21 02:26:57.0000",4.54,83.72,0.72254353761673,1.81706706582628,5.68926892930358
"2024-01-21 02:56:50.0000",4.73,84.01,0.761203825473785,1.9272373174464,5.52039224475954
"2024-01-21 03:26:56.0000",4.98,84.49,0.788475632667542,2.03518628279124,6.17962549242934
"2024-01-21 03:56:50.0000",5.64,84.65,0.751661896705627,2.03572277185233,7.71110997543402
"2024-01-21 04:26:50.0000",5.94,84.53,0.863336026668549,2.13602233509927,7.47744421597946
"2024-01-21 04:56:44.0000",6.4,84.75,1.45153534412384,3.33220925586089,11.5487410618208
"2024-01-21 05:26:35.0000",7.11,84.83,2.1253924369812,4.60893748597874,14.766726197785
"2024-01-21 05:56:33.0000",7.59,83.46,2.27582001686096,4.7425799616827,14.9672762290967
"2024-01-21 06:26:30.0000",7.58,82.74,2.39862251281738,4.99905270419568,15.1494260572624
"2024-01-21 06:56:27.0000",7.64,82.56,1.72514259815216,3.76912652329068,11.3162902900976
"2024-01-21 07:26:24.0000",7.37,82.7,1.56108009815216,3.2598205057079,9.30807186207018
"2024-01-21 07:56:26.0000",7.85,82.24,1.41235208511353,3.32308707408547,10.1040273700438
"2024-01-21 08:26:18.0000",7.99,81.83,2.77878284454346,5.18702099106019,17.112133484514
"2024-01-21 08:56:15.0000",8.38,80.88,3.38453578948975,6.0748098956478,17.4823846788388
"2024-01-21 09:26:13.0000",8.33,80.4,3.82525634765625,6.95453143223289,22.0814849395056
"2024-01-21 09:56:10.0000",8.47,80.33,3.9914858341217,7.09076546224954,21.0915613646292
"2024-01-21 10:26:07.0000",8.35,79.98,3.36455416679382,6.52953852354396,19.6832110720597
"2024-01-21 10:55:59.0000",8.1,80.32,3.43630838394165,6.54448408250832,19.5935723945264
"2024-01-21 11:25:56.0000",8.67,80.82,3.20565223693848,5.58084643497624,15.6466576622565
"2024-01-21 11:55:58.0000",10.63,76.15,2.63239717483521,5.1892193657643,14.8434514986485
"2024-01-21 12:25:55.0000",11.01,73.87,3.37517976760864,5.79967331715118,16.0918136668268
"2024-01-21 12:55:52.0000",10.96,74.01,3.28304028511047,5.49580347278607,15.8775069158073
"2024-01-21 13:25:49.0000",10.86,74.33,4.75289297103882,7.8284327151877,20.28376198592
"2024-01-21 13:55:41.0000",10.94,74.83,3.99230909347534,6.87146616671678,18.6313265084377
"2024-01-21 14:25:43.0000",10.97,74.47,3.97996115684509,6.74729221747608,18.9068783506945
"2024-01-21 14:55:35.0000",10.76,75.6,4.44326829910278,7.31521949214743,20.2301783117789
"2024-01-21 15:25:33.0000",10.71,75.02,3.51514673233032,6.08333121284509,16.4223182704164
"2024-01-21 15:55:30.0000",9.75,77.39,1.96343505382538,4.19615809629533,11.8901289335319
"2024-01-21 16:25:27.0000",9.5,78.87,1.15396010875702,2.87555966181951,8.97039038535233
"2024-01-21 16:55:19.0000",9.03,80.23,1.02433061599731,2.77705049757753,10.2240343142159
"2024-01-21 17:25:16.0000",8.68,81.89,0.729698359966278,2.09805056895818,7.38577867506952
"2024-01-21 17:55:13.0000",8.67,82.61,0.817268490791321,2.18436824749639,7.82864935034313
"2024-01-21 18:25:10.0000",8.95,82.9,0.831136643886566,2.14539355538933,6.75903014748863
"2024-01-21 18:55:07.0000",9.62,83.24,0.75590842962265,2.07103030934867,6.37645498421638
"2024-01-21 19:25:04.0000",10.24,83.69,0.668050110340118,1.72691292363287,5.91520171566555
"2024-01-21 19:55:02.0000",10.42,84.23,0.475655376911163,1.68519364321591,5.66487357224633
"2024-01-21 20:24:59.0000",10.38,86.05,0.646514773368835,1.76210918309857,5.90693204447474
"2024-01-21 20:54:56.0000",11.23,86.63,1.5635598897934,2.854442887923,8.37344954398193
"2024-01-21 21:24:53.0000",11.82,85.55,1.38297736644745,3.0335405584739,8.99283446512901
"2024-01-21 21:54:50.0000",12.05,82.42,3.64451837539673,5.29933592981117,14.1982651205074
"2024-01-21 22:24:47.0000",12.14,77.77,4.69286727905273,7.36323394300965,20.2419177267616
"2024-01-21 22:54:44.0000",11.78,76.14,6.91886615753174,10.2172386648992,29.1863319231683
"2024-01-21 23:24:37.0000",11.21,76.52,10.0292844772339,15.332960013411,46.2660537050876
"2024-01-21 23:54:33.0000",9.67,81.15,9.94312000274658,15.2433020051271,41.965518591004
"2024-01-22 00:24:30.0000",8.84,85.01,3.96592783927917,6.36561728394337,17.162933878709
"2024-01-22 00:54:48.0000",8.6,82.87,3.72501611709595,6.29853580787379,17.910804614208
"2024-01-22 01:24:20.0000",8.72,72.57,3.50200605392456,6.99939992319142,22.1349107047615
"2024-01-22 01:54:19.0000",8.61,70.57,3.13307523727417,6.62137510395792,19.9899720852175
"2024-01-22 02:24:15.0000",8.38,69.18,3.24904108047485,6.24252629968302,17.5844989282417
"2024-01-22 02:54:08.0000",8,69.42,2.81822752952576,6.05000417023848,18.5073345212571
"2024-01-22 03:24:09.0000",7.67,68.91,2.81641960144043,5.93108901869056,16.6999825244234
"2024-01-22 03:54:01.0000",7.65,69.2,1.94439315795898,4.5249614349351,13.2462202569756
"2024-01-22 04:24:11.0000",8.48,66.58,4.48556756973267,8.4768611682313,26.2659239066337
"2024-01-22 05:23:48.0000",7.28,67.78,2.3406388759613,5.76027780001427,16.9317304405935
"2024-01-22 05:53:43.0000",7.16,67.39,2.68309426307678,5.72132391044507,16.7401939985476
"2024-01-22 06:23:41.0000",7.02,67.99,2.89899659156799,6.04487201939951,20.6922215669459
"2024-01-22 06:53:38.0000",6.9,67.82,3.43543815612793,6.9498054606916,21.1245666828747
"2024-01-22 07:23:35.0000",6.85,67.79,3.14234733581543,6.47441626499967,23.9535928952266
"2024-01-22 07:53:33.0000",6.85,66.13,3.57532238960266,7.33078055408673,23.3089872943422
"2024-01-22 08:23:24.0000",6.81,66.72,3.6281852722168,7.0973483912233,26.7531966786829
"2024-01-22 08:53:21.0000",6.62,68.22,3.97255277633667,7.67665752715722,23.6069210293541
"2024-01-22 09:23:18.0000",7.34,66.5,3.85754656791687,7.55750424694969,25.1298603830686
"2024-01-22 09:53:21.0000",7.75,65.35,3.48634910583496,6.86538108774192,22.573269759645
"2024-01-22 10:23:13.0000",8.24,62.44,2.77602744102478,6.10159854789433,21.412204188472
"2024-01-22 10:53:10.0000",7.88,63.41,2.79179716110229,6.27153493990637,18.7504800916125
"2024-01-22 11:23:06.0000",8.88,60.44,3.24029469490051,7.06029512020475,23.9737910990997
"2024-01-22 11:53:04.0000",9.27,58.36,2.69136261940002,5.61599010483873,17.5918965674793
"2024-01-22 12:23:06.0000",11.51,52.54,3.01356148719788,6.32727879947711,18.3646587424275
"2024-01-22 12:53:03.0000",11.09,50.29,1.34880089759827,4.39179977643047,14.2178468849314
"2024-01-22 13:22:55.0000",11.84,49.02,2.02438831329346,5.04981661386947,15.2158775171745
"2024-01-22 13:52:56.0000",10.45,52.49,2.99678683280945,6.84675241743879,21.135996707183
"2024-01-22 14:22:55.0000",11.99,48.25,2.46262741088867,5.88389081044734,22.5665422095329
"2024-01-22 14:52:41.0000",8.76,54.36,3.10528159141541,7.35558442524165,23.7229832152989
"2024-01-22 15:22:33.0000",7.73,60.36,2.35995626449585,5.78094466104514,17.4547627447824
"2024-01-22 15:52:30.0000",7.43,62.28,3.80275273323059,7.15702622542149,20.671596675154
"2024-01-22 16:22:28.0000",7.2,62.99,1.94416975975037,4.79294243833324,14.5361737892579
"2024-01-22 16:52:25.0000",6.85,64.66,2.59385991096497,5.27706102912667,17.2546504274173
"2024-01-22 17:22:17.0000",6.44,67.67,3.19642114639282,6.44984033255029,19.7840834940339
"2024-01-22 17:52:14.0000",6.24,67.34,3.16725039482117,6.61695722587862,21.0783825169419
"2024-01-22 18:22:11.0000",6.15,68.61,3.75714159011841,7.14371045929895,21.7797742520452
"2024-01-22 18:52:03.0000",6.3,68.79,3.9300377368927,7.19577813920185,20.5451273075542
"2024-01-22 19:22:05.0000",6.5,68.51,3.26633429527283,7.04553210511059,21.1602145965819
"2024-01-22 19:52:02.0000",6.18,70.31,5.62244510650635,10.0706457745364,31.1109545298163
"2024-01-22 20:21:55.0000",6.04,71.18,4.20987844467163,8.59972774110942,25.4137933204442
"2024-01-22 20:51:51.0000",6.35,71.32,4.05676603317261,7.51527531212742,22.2171856126924
"2024-01-22 21:21:49.0000",6.42,71.62,6.00913047790527,10.7506121298913,32.5226353156611
"2024-01-22 21:51:46.0000",6.16,71.76,6.39877223968506,11.3561486190861,36.3589229590104
"2024-01-22 22:21:38.0000",5.91,73.08,2.57214832305908,5.74950522765199,17.3871911308832
"2024-01-22 22:51:35.0000",5.81,73.35,6.50124740600586,11.3867593191557,37.9555462496676
"2024-01-22 23:21:32.0000",5.83,73.84,4.9030499458313,8.94237841756572,27.6377918177021
"2024-01-22 23:51:29.0000",5.87,72.57,4.90230369567871,9.20807692550665,28.3636803154485
"2024-01-23 00:21:26.0000",5.8,72.39,5.02373456954956,9.481308471874,29.5710652726275
"2024-01-23 00:51:28.0000",5.54,71.81,6.12369585037231,11.3932791210143,36.946691868445
"2024-01-23 01:21:25.0000",5.75,70.3,6.14462184906006,10.3631810753539,33.1312493665323
"2024-01-23 01:51:18.0000",5.16,70.15,4.8899621963501,8.84709394174854,26.8214572902762
"2024-01-23 02:21:15.0000",5.19,70.59,5.27009534835815,9.39968033147773,28.2424866840094
"2024-01-23 02:51:11.0000",4.8,70.83,5.42203330993652,9.94202745254304,34.6878649104478
"2024-01-23 03:21:09.0000",4.16,71.62,5.52945518493652,10.4541730475528,36.9846350290774
"2024-01-23 03:51:01.0000",3.52,71.78,4.91351795196533,10.0368353441548,32.9063875107522
"2024-01-23 04:20:58.0000",3.77,72.78,4.66663646697998,9.14130677317747,28.222581756528
"2024-01-23 04:50:54.0000",3.35,72.69,5.00670003890991,9.09253163923211,33.010894458735
"2024-01-23 05:20:47.0000",3.13,73.37,4.62107133865356,9.14934597827751,30.6071408784645
"2024-01-23 05:50:46.0000",3.77,73.7,5.12639427185059,10.0896771315404,34.0774624333694
"2024-01-23 06:20:41.0000",4.23,73.79,4.78947305679321,9.94626481871712,35.6131999117683
"2024-01-23 06:50:39.0000",4.52,73.87,4.76580858230591,8.45580001615247,28.4690182964705
"2024-01-23 07:20:36.0000",4.66,74.2,4.86753129959106,9.47405387315771,30.29013786042
"2024-01-23 07:50:33.0000",4.88,74.82,5.42035627365112,10.5574988771432,38.3996687278602
"2024-01-23 08:20:30.0000",4.93,75.46,5.01857900619507,9.86790362373876,31.7481191932251
"2024-01-23 08:50:22.0000",4.72,77.06,4.2579345703125,8.29534282400598,25.4765001467957
"2024-01-23 09:20:20.0000",4.77,78.41,4.62392616271973,9.54245470906883,33.317935272348
"2024-01-23 09:50:17.0000",5.06,79.18,3.82161259651184,8.09493966564334,29.2421367175026
"2024-01-23 10:20:13.0000",5.45,80.01,3.36097407341003,6.24114613294318,19.1384587643238
"2024-01-23 10:50:10.0000",5.67,81.04,3.83256483078003,6.81915075971289,18.9383932133806
"2024-01-23 11:20:07.0000",6.02,82.06,3.24315237998962,5.07745026771906,13.3054755914036
"2024-01-23 11:50:00.0000",6.48,83.01,1.64287996292114,2.88469537732694,8.89439529274061
"2024-01-23 12:19:57.0000",6.94,83.33,2.5224781036377,3.5718758610849,9.24401454424407
"2024-01-23 12:50:00.0000",8.48,83.56,1.71040725708008,2.59298631255897,7.03874259353346
"2024-01-23 13:19:56.0000",9.58,84.1,0.489678651094437,1.54742515562551,5.59459274038958
"2024-01-23 13:49:58.0000",11.12,83.97,0.244896903634071,1.42057981554924,5.69461192945362
"2024-01-23 14:19:55.0000",11.83,84.77,0.253585636615753,1.37239495028919,4.91515766023144
"2024-01-23 14:49:53.0000",12.25,84.81,0.349724858999252,1.45860723574217,5.21953778341636
"2024-01-23 15:19:49.0000",12.4,85.15,0.344433575868607,1.53721521282115,5.95694543444723
"2024-01-23 15:49:47.0000",13.01,83.33,0.372343868017197,1.82716110232723,6.27431403722879
"2024-01-23 16:19:44.0000",13.17,81.3,0.502378463745117,1.9220674496664,6.14592681482612
"2024-01-23 16:49:41.0000",13.19,80.6,0.775349617004395,2.30801255584474,8.12497045015134
"2024-01-23 17:19:38.0000",13.2,80.15,0.964538335800171,2.28875172291931,7.10627679099034
"2024-01-23 17:49:33.0000",13.03,79.39,0.567379057407379,2.07093605374571,6.54942791613233
"2024-01-23 18:19:27.0000",12.82,81,0.890461325645447,2.27290521195134,7.05666513304601
"2024-01-23 18:49:24.0000",12.73,79.63,3.3039915561676,5.17859244201456,14.0465443246653
"2024-01-23 19:19:17.0000",12,79.86,2.59020519256592,4.77959264301127,13.8565048529379
"2024-01-23 19:49:14.0000",11.6,79.51,3.94678544998169,6.43955173400454,18.2021563425973
"2024-01-23 20:19:10.0000",11.4,79.73,3.73609781265259,5.86464486364742,16.2337992503492
"2024-01-23 20:49:08.0000",11.29,79.6,2.85910820960999,4.96270160682784,15.4929998210936
"2024-01-23 21:19:05.0000",10.88,77.75,7.2070631980896,10.7687930308985,29.2095021366364
"2024-01-23 21:48:57.0000",10.48,75.87,8.63707447052002,13.2529679973605,38.613803899387
"2024-01-23 22:18:54.0000",10.53,75.28,8.46188163757324,13.3085405147121,37.573154772722
"2024-01-23 22:48:52.0000",10.66,71.97,8.65602588653564,14.2152816461259,40.5833822400473
"2024-01-23 23:18:43.0000",10.07,73.14,6.54523038864136,10.8041102780156,31.7937378008294
"2024-01-23 23:48:41.0000",9.82,63.97,2.58953356742859,6.25500152345478,17.5102282411237
"2024-01-24 00:18:37.0000",10.31,61.25,4.34300661087036,7.91969657235473,23.7327491237908
"2024-01-24 00:48:34.0000",10.05,63.36,4.76888084411621,8.02063130611742,25.6705113234738
"2024-01-24 01:18:41.0000",9.91,62.13,4.55958986282349,8.96935712486138,25.9552186718523
"2024-01-24 01:48:43.0000",9.7,62.23,5.36047172546387,9.62966109196194,27.1036996481267
"2024-01-24 02:18:26.0000",9.91,62.51,2.30476021766663,4.94315542083674,13.498394039844
"2024-01-24 02:48:30.0000",9.75,63.88,5.70261001586914,9.34404045214516,27.077530724203
"2024-01-24 03:18:24.0000",9.52,65.6,6.74692010879517,11.2291712391224,33.0991749923521
"2024-01-24 03:48:22.0000",9.36,66.78,6.31998252868652,11.0907955307519,31.2979503780245
"2024-01-24 04:18:19.0000",9.14,67.49,4.32919216156006,8.13069354792815,23.8470805875313
"2024-01-24 04:48:11.0000",9.08,68.14,5.35561370849609,9.17583304384678,26.4875768256071
"2024-01-24 05:18:04.0000",8.74,69.26,6.43712711334229,11.3353431354691,35.5847388064009
"2024-01-24 05:48:01.0000",8.35,71.27,4.63753271102905,8.71031903385232,26.675137156556
"2024-01-24 06:17:58.0000",8.25,71.21,6.99967670440674,12.1372732843186,35.4953456482729
"2024-01-24 06:47:55.0000",8.05,72.09,6.46580123901367,11.1346051216125,36.009492801672
"2024-01-24 07:17:47.0000",8.17,72.09,4.42864036560059,8.68293410882227,24.6019305531665
"2024-01-24 07:47:44.0000",8.2,71.88,4.08876991271973,8.03938339784034,24.8965394812067
"2024-01-24 08:17:41.0000",7.92,73.17,6.48401355743408,11.3025302638988,32.3325991352339
"2024-01-24 08:47:39.0000",8.18,73.3,6.19859790802002,10.1975661985144,29.5859514712084
"2024-01-24 09:17:36.0000",8.65,71.83,6.76686954498291,11.2485345787077,33.5761327847027
"2024-01-24 09:47:37.0000",9.08,70.39,5.56105422973633,9.14932731532631,26.1343915453068
"2024-01-24 10:17:29.0000",8.81,71.6,5.35821008682251,9.85643397054422,27.3855544226804
"2024-01-24 10:47:26.0000",8.68,72.99,6.85356426239014,11.1541556450007,32.0621062552463
"2024-01-24 11:17:24.0000",9.22,71.92,7.08433771133423,12.3253061490449,37.5975494313803
"2024-01-24 11:47:21.0000",9.54,68.28,5.06034088134766,9.4013787763125,27.5599768435511
"2024-01-24 12:17:18.0000",9.65,64.85,2.6567645072937,5.98424789802405,17.2326459447744
"2024-01-24 12:47:20.0000",9.23,66.02,6.79327917098999,11.7335140507747,34.2616351245843
"2024-01-24 13:17:13.0000",9.21,66.04,6.485511302948,11.1261646731869,41.7715720384098
"2024-01-24 13:47:05.0000",9.24,65.06,7.20966386795044,11.7456451465622,39.0992406221325
"2024-01-24 14:17:01.0000",9.17,64.98,6.61294412612915,11.469415562891,44.2499016580167
"2024-01-24 14:46:58.0000",9.08,65.57,4.57481050491333,8.40286927012292,26.8939157902591
"2024-01-24 15:16:56.0000",8.88,64.48,4.66097450256348,8.02734170812074,22.7747525445396
"2024-01-24 15:46:47.0000",8.5,65.19,5.44608116149902,10.2273752965676,34.8445406821048
"2024-01-24 16:16:45.0000",8.12,65.26,5.55199193954468,9.76940088601082,29.3999754979816
"2024-01-24 16:46:42.0000",7.72,65.65,5.28141260147095,9.33744217365526,31.6562325113919
"2024-01-24 17:16:39.0000",7.37,66,5.81328439712524,9.38079595590146,34.8781687739973
"2024-01-24 17:46:36.0000",6.56,67.56,7.04816722869873,11.3211697988993,38.025236175356
"2024-01-24 18:16:33.0000",6.71,68.1,5.56773519515991,9.56342473300677,30.3101351575473
"2024-01-24 18:46:25.0000",5.73,68.62,5.74174928665161,9.97205403865132,35.0776512306976
"2024-01-24 19:16:18.0000",4.51,69.58,7.11331701278687,12.2731236395075,38.4301220848848
"2024-01-24 19:46:14.0000",4.33,70.4,7.23220062255859,12.2433082732758,38.3368597484378
"2024-01-24 20:16:11.0000",4.24,71.92,7.82848167419434,12.075654607409,39.8741669211844
"2024-01-24 20:46:09.0000",4.23,72.37,6.37566423416138,10.480517159194,33.3985844158436
"2024-01-24 21:16:05.0000",3.96,72.93,7.930992603302,11.968243156581,37.636821036554
"2024-01-24 21:45:57.0000",3.48,73.24,6.6806378364563,11.7964776410178,38.5135584265877
"2024-01-24 22:15:55.0000",2.76,73.9,7.41475963592529,12.2922176927109,40.2605236132121
"2024-01-24 22:45:52.0000",2.33,74.35,7.15153169631958,12.7847919241471,42.5066916711109
"2024-01-24 23:15:49.0000",2.04,74.89,7.51896715164185,12.5720240051528,41.6575378667464
"2024-01-24 23:45:41.0000",2.32,75.33,8.04606151580811,13.8363038525648,49.9610746423022
"2024-01-25 00:15:39.0000",2.48,75.79,7.1184515953064,12.5396420551222,43.8358963799056
"2024-01-25 00:45:41.0000",2.63,76.16,6.42272710800171,12.5918275522027,44.5838162889522
"2024-01-25 01:15:37.0000",2.65,76.38,6.27792978286743,12.1021924126011,43.9717509357278
"2024-01-25 01:45:35.0000",2.79,76.69,6.24866437911987,11.882175206605,46.2818089907572
"2024-01-25 02:15:25.0000",3.11,77.38,7.00009536743164,13.1493075253834,44.7408931229932
"2024-01-25 02:45:24.0000",3.2,77.84,6.11702013015747,11.928382898968,47.2872162140745
"2024-01-25 03:15:21.0000",3.64,78.16,5.42532587051392,11.1743367194154,45.6919586603968
"2024-01-25 03:45:18.0000",3.88,78.54,5.14502811431885,10.5961826119543,35.9213486367754
"2024-01-25 04:15:14.0000",3.86,79.01,5.52601861953735,10.6166053474722,33.9766452726667
"2024-01-25 04:45:12.0000",4.26,79.45,5.60188055038452,11.4755644358484,43.5064980582136
"2024-01-25 05:15:05.0000",4.35,79.5,5.55846500396729,11.0447967281473,38.2489332092146
"2024-01-25 05:45:14.0000",5.88,76.77,5.59515619277954,10.690777646814,35.2608011816363
"2024-01-25 06:14:58.0000",4.97,79.83,6.60863876342773,11.7519501432477,36.6978833588722
"2024-01-25 06:44:56.0000",5.07,80.5,8.48854160308838,14.4489591838677,43.4663433022652
"2024-01-25 07:14:53.0000",5.32,80.8,10.6627445220947,16.2415641051782,48.160926742803
"2024-01-25 07:44:50.0000",5.52,81.25,9.59368133544922,14.6736609651356,41.3676035988076
"2024-01-25 08:14:42.0000",5.3,81.89,9.96787166595459,13.8140523803948,39.8997086952364
"2024-01-25 08:44:39.0000",5.3,82.62,9.95618915557861,13.7376847153838,34.3073144685382
"2024-01-25 09:14:36.0000",5.84,82.91,9.58395671844482,12.7979211171633,31.9878421985308
"2024-01-25 09:44:33.0000",6.42,83.36,10.7334022521973,12.4309110212358,24.3678792540733
"2024-01-25 10:14:30.0000",7.18,83.68,6.7954683303833,8.20868591781123,16.7322843162771
"2024-01-25 10:44:33.0000",7.76,83.24,5.69357299804688,6.86064274627288,14.8351534364514
"2024-01-25 11:14:25.0000",8.1,83.2,3.15583205223083,4.67194189812567,10.6242146810879
"2024-01-25 11:44:22.0000",8.56,83.11,2.87321758270264,4.37868163888134,13.2128734385999
"2024-01-25 12:14:19.0000",9.29,83.16,1.11413908004761,2.46855743663555,7.89986863848406
"2024-01-25 12:44:16.0000",9.61,83,1.55769729614258,2.99269110584794,8.74790651071652
"2024-01-25 13:14:13.0000",10.05,83.2,1.17099523544312,2.33199294922136,7.12549972589507
"2024-01-25 13:44:10.0000",10.55,82.79,0.965161502361298,2.21761102765268,7.52851365476084
"2024-01-25 14:14:07.0000",10.7,82.94,0.931199371814728,2.12803937417315,7.61316576230928
"2024-01-25 14:44:04.0000",10.45,83.05,1.19521903991699,2.31330257827881,7.12769424698528
"2024-01-25 15:13:56.0000",10.27,83.38,1.53166568279266,2.99076721121148,8.01970378564384
"2024-01-25 15:43:53.0000",9.89,84.13,1.40545094013214,2.88391658221606,10.002518686355
"2024-01-25 16:13:50.0000",9.8,84.53,1.57499074935913,2.82567783300118,7.37520313670348
"2024-01-25 16:43:48.0000",9.72,84.85,1.48244190216064,2.62440011297304,8.47446068995836
"2024-01-25 17:13:45.0000",9.63,85.28,1.03320348262787,2.1313440252781,7.07923107533097
"2024-01-25 17:43:42.0000",9.75,85.62,1.80362629890442,2.83027583146049,7.54002494886598
"2024-01-25 18:13:40.0000",9.93,85.81,2.09360718727112,3.04211819215923,7.37876860097832
"2024-01-25 18:43:31.0000",10.01,86.02,1.41420292854309,2.44441764424322,6.44090719740142
"2024-01-25 19:13:28.0000",9.88,86.28,1.01516687870026,1.92761028308584,5.63912687785394
"2024-01-25 19:43:25.0000",9.83,86.51,0.864891290664673,1.7870550763151,5.10921524704577
"2024-01-25 19:52:17.0000",10.88,97.59,-1.40986488597765e31,-1.40986488597765e31,-1.40986488597765e31
"2024-01-25 20:13:23.0000",9.96,86.74,1.69699227809906,2.7555055032603,6.96426190130273
"2024-01-25 20:43:14.0000",9.96,86.81,0.788344323635101,1.66661679767359,5.0542221455157
"2024-01-25 21:13:12.0000",10.15,87.21,0.674833416938782,1.64508198128245,5.1351806417967
"2024-01-25 21:43:09.0000",10.28,87.38,0.890080511569977,1.75103454679271,5.05053802094861
"2024-01-25 22:13:07.0000",10.33,87.55,0.800796210765839,1.63870954944943,4.77898445242724
"2024-01-25 22:43:03.0000",10.11,87.82,0.827834188938141,1.71625087914095,5.26935366536173
"2024-01-25 23:13:00.0000",10.39,87.95,0.33201989531517,1.30951173605915,4.53520718694781
"2024-01-25 23:42:57.0000",10.65,87.94,0.291414350271225,1.21660074388547,4.17703577783572
"2024-01-26 00:12:55.0000",11.04,87.38,1.44137787818909,2.7236140118863,7.95248142516906
"2024-01-26 00:42:50.0000",10.75,84.58,1.95771646499634,3.59254482160447,11.0077788115501
"2024-01-26 01:12:48.0000",10.71,83.11,1.68324840068817,3.52352129391744,10.7599143388837
"2024-01-26 01:42:46.0000",10.4,82.75,1.23417806625366,2.677850443469,8.09315135498113
"2024-01-26 02:12:40.0000",10.4,84,2.18052649497986,4.24051914452357,11.9467388803643
"2024-01-26 02:42:40.0000",7.08,82.53,2.49664115905762,5.68844014569105,18.354792042518
"2024-01-26 03:12:34.0000",6.73,85.68,2.78681135177612,5.620646603613,15.8730696633658
"2024-01-26 03:42:28.0000",6.28,85.55,2.5852358341217,4.44149400091662,13.0352404520906
"2024-01-26 04:12:33.0000",7.52,81.52,2.03558826446533,4.02912327555729,11.6517564962333
"2024-01-26 04:42:23.0000",6.17,78,0.911205351352692,2.82529847649783,8.19567389581755
"2024-01-26 05:12:16.0000",6.22,72.44,2.26488494873047,5.19587815130328,16.6893381066789
"2024-01-26 05:42:07.0000",6.03,68.16,1.4130996465683,4.26899387254214,14.4625417733561
"2024-01-26 06:12:04.0000",5.53,66.36,1.06503105163574,3.86325381548221,12.2125359672306
"2024-01-26 06:42:01.0000",5.4,67.35,2.05056500434875,5.05016008949874,14.4339577344482
"2024-01-26 07:11:58.0000",5.09,68.84,2.378821849823,5.48453825708972,18.4138835659416
"2024-01-26 07:41:50.0000",5,69.61,3.04429531097412,6.11002498248177,19.6318544904476
"2024-01-26 08:11:47.0000",5.06,68.53,1.91981089115143,5.01752858269361,15.2244576755522
"2024-01-26 08:41:45.0000",5.1,70.51,3.38900995254517,6.72933682344597,21.0868421302735
"2024-01-26 09:11:42.0000",5.82,69.83,2.12613916397095,5.28528201805069,17.9175875624637
"2024-01-26 09:41:40.0000",6.66,66.27,2.23181319236755,5.5087671342995,17.2894460474318
"2024-01-26 10:11:36.0000",6.85,63.09,1.98401176929474,4.79857999163366,14.1697288385283
"2024-01-26 10:41:34.0000",6.66,64.84,1.62127709388733,4.82499593090854,13.8517087009222
"2024-01-26 11:11:30.0000",7.3,63.03,2.89782428741455,5.99436977229722,24.4061166256522
"2024-01-26 11:41:27.0000",9.46,57.45,2.22848749160767,5.79318952989114,22.5901764243412
"2024-01-26 12:11:25.0000",11,54.56,3.41960167884827,6.7847407926184,26.915797056654
"2024-01-26 12:41:27.0000",11.72,48.82,2.15150022506714,5.77215810822406,18.7889965001935
"2024-01-26 13:11:19.0000",10.95,49.85,2.48298025131226,5.93377862670489,20.3872417594493
"2024-01-26 13:41:16.0000",10.03,51.59,3.06849265098572,6.98797729518955,26.0637861231792
"2024-01-26 14:11:13.0000",11.28,53.07,4.44289493560791,7.34809152706137,28.6854929832329
"2024-01-26 14:41:10.0000",11.39,51.1,11.0671443939209,11.9433337789831,31.1035802767164
"2024-01-26 15:11:02.0000",8.77,52.6,2.1596040725708,5.84099279579994,18.1425272198923
"2024-01-26 15:40:55.0000",7.55,56.08,1.93507373332977,5.3622772459298,20.8560226948788
"2024-01-26 16:10:51.0000",6.87,58.25,2.29210233688354,5.94670006315297,21.9680723274929
"2024-01-26 16:40:43.0000",6.06,59.4,2.32805395126343,5.72182084637309,19.0105745240469
"2024-01-26 17:10:40.0000",5.48,61.36,2.38718962669373,5.3855265092384,20.0410225628423
"2024-01-26 17:40:33.0000",4.61,62.68,3.74909734725952,7.28479299778461,23.3257725409804
"2024-01-26 18:10:29.0000",4.69,64.04,3.57627558708191,7.27948392323323,25.1892751686026
"2024-01-26 18:40:27.0000",3.79,64.99,3.82878398895264,7.40099661347435,24.6950764576629
"2024-01-26 19:10:24.0000",3.9,66.26,3.50941777229309,7.75099034105932,28.3953418515709
"2024-01-26 19:40:16.0000",4.4,67.26,3.58336424827576,7.71010201556567,29.9693181409283
"2024-01-26 20:10:13.0000",4.29,68.03,3.84577798843384,7.49404112496586,29.5206628310974
"2024-01-26 20:40:10.0000",4.3,69.18,3.17247915267944,6.70834187320996,25.5060917350583
"2024-01-26 21:10:07.0000",4.87,69.69,2.92933678627014,6.95759117943999,26.4248500083069
"2024-01-26 21:40:04.0000",4.56,70.15,3.36845755577087,6.85058907912997,21.5992586962263
"2024-01-26 22:09:56.0000",4.17,70.62,3.38790774345398,7.48002722779766,30.0322116213751
"2024-01-26 22:39:53.0000",4.49,71.15,2.68376493453979,6.31676373754137,22.6094288467613
"2024-01-26 23:09:50.0000",4.77,71.4,2.47615098953247,5.9296909307893,21.4857397480116
"2024-01-26 23:39:48.0000",4.47,71.76,2.79058861732483,6.38461206899651,24.5078871168873
"2024-01-27 00:09:40.0000",4.63,72.56,2.54450702667236,6.15098119136746,22.8249035471525
"2024-01-27 00:39:41.0000",4.64,73.39,2.63020610809326,6.08231192183744,24.4625237427289
"2024-01-27 01:09:38.0000",4.93,73.36,2.33697247505188,5.9253650951268,20.2943731037466
"2024-01-27 01:39:36.0000",5,73.92,2.1302273273468,5.77092130399643,18.7974678879077
"2024-01-27 02:09:33.0000",5.01,73.75,2.31811380386353,5.52439328722081,19.8662657317088
"2024-01-27 02:39:34.0000",4.73,74.35,2.28931951522827,5.06708250650147,21.2778454395088
"2024-01-27 03:09:27.0000",4.33,74.47,2.31721115112305,5.68115497910519,22.2033599445779
"2024-01-27 03:39:25.0000",3.71,75.1,2.51130652427673,5.76848409643473,19.8707349452422
"2024-01-27 04:09:22.0000",3.42,75.79,2.35688090324402,5.60679660020959,20.0963374626722
"2024-01-27 04:39:20.0000",4.05,75.89,2.18033528327942,5.16080705939517,18.3781869198548
"2024-01-27 05:09:11.0000",4.98,75.53,2.07267808914185,5.38521922069291,19.289456711115
"2024-01-27 05:39:09.0000",5.08,75.25,1.92847144603729,5.01576339906419,20.1581272660681
"2024-01-27 06:09:06.0000",4.86,75.42,1.68061459064484,4.65798911447488,19.5033348515119
"2024-01-27 06:38:57.0000",4.62,75.64,2.09028601646423,4.83213345991989,18.9010678812656
"2024-01-27 07:08:54.0000",4.9,75.86,1.74654841423035,4.09267958350231,15.8921957754884
"2024-01-27 07:38:52.0000",5.12,75.87,1.7222216129303,4.65952920441173,16.3593669606563
"2024-01-27 08:08:50.0000",5.25,75.89,1.40097868442535,3.72532878529911,12.8390736364102
"2024-01-27 08:38:46.0000",5.62,75.92,1.67211174964905,3.99504927975347,14.7874669174778
"2024-01-27 09:08:37.0000",5.58,75.89,1.70262241363525,4.05760421622301,14.8118734650656
"2024-01-27 09:38:35.0000",5.68,76.01,1.96667551994324,4.52223972113257,14.7852154202653
"2024-01-27 10:08:32.0000",5.72,76.3,2.06583571434021,4.46679897314732,17.9381572138702
"2024-01-27 10:38:30.0000",6.25,76.44,2.37094235420227,5.41996799691868,18.0938184838686
"2024-01-27 11:08:26.0000",6.8,76.52,3.162109375,5.75676003925233,17.429001084291
"2024-01-27 11:38:26.0000",7.57,76.29,2.88419032096863,5.78938604842712,19.84940557545
"2024-01-27 12:08:20.0000",8.08,75.87,2.77683568000793,6.00105494290716,18.8118323181316
"2024-01-27 12:38:17.0000",8.79,74.9,3.21823644638062,6.282151804938,24.1230465672317
"2024-01-27 13:08:20.0000",9.31,75.03,2.85530424118042,5.80464742879937,18.969878490863
"2024-01-27 13:38:11.0000",9.71,73.15,2.80964064598083,5.38390901996188,18.9365443863653
"2024-01-27 14:08:09.0000",8.52,73.11,2.87092661857605,5.99731986035387,19.5966121268579
"2024-01-27 14:38:07.0000",8.02,73.07,2.72986078262329,5.40655964244304,17.2442050657136
"2024-01-27 15:07:58.0000",7.34,73.68,3.17359948158264,5.91414784305359,22.9899455462084
"2024-01-27 15:37:55.0000",6.81,74.19,2.78679442405701,5.47010688748446,17.2724022062732
"2024-01-27 16:07:52.0000",6.46,74.4,3.36255645751953,6.17339131694112,22.7107159818185
"2024-01-27 16:37:45.0000",6.22,74.84,3.45326232910156,5.85297304008986,16.3067876143686
"2024-01-27 17:07:41.0000",6.19,74.88,3.36468601226807,6.10575412233588,21.1431001582418
"2024-01-27 17:37:38.0000",5.98,75.36,3.03301525115967,5.96527364535357,18.2782058438327
"2024-01-27 18:07:30.0000",5.77,75.65,3.41276407241821,6.40476448915244,19.3411899984041
"2024-01-27 18:37:28.0000",5.87,75.82,3.59180331230164,6.83882190483029,20.6492729782888
"2024-01-27 19:07:24.0000",5.68,76.04,3.33729863166809,6.05108199071774,18.469363654029
"2024-01-27 19:37:28.0000",5.55,76.32,3.73008298873901,7.09108727853757,23.3898894881718
"2024-01-27 20:07:14.0000",5.21,76.66,3.57769012451172,6.51761665405683,20.5000230033277
"2024-01-27 20:37:11.0000",4.79,77.36,4.06360054016113,6.86257918512853,21.1748487471573
"2024-01-27 21:07:08.0000",4.44,77.9,4.01088714599609,6.9099695705458,20.7706389690471
"2024-01-27 21:37:06.0000",4.11,78.45,3.73815655708313,6.94414960323421,24.5513219477675
"2024-01-27 22:06:57.0000",4.17,78.91,4.01023578643799,6.81923538686309,21.9774315609398
"2024-01-27 22:37:00.0000",3.96,79.35,4.09676647186279,7.40886557013327,22.8723952370446
"2024-01-27 23:06:51.0000",3.89,79.76,4.04923486709595,7.13381516637769,24.7678613055548
"2024-01-27 23:36:49.0000",4.01,80.43,3.79061126708984,6.37692880196434,18.3457019152391
"2024-01-28 00:06:45.0000",4.2,80.01,4.16362810134888,6.84823913219681,20.4045836156183
"2024-01-28 00:36:43.0000",4.31,80.53,4.08289957046509,6.82412810633903,17.6780964722259
"2024-01-28 01:06:35.0000",4.14,80.65,4.23483848571777,6.93117490537129,19.2323788736755
"2024-01-28 01:36:43.0000",5.4,77.81,4.21795892715454,6.83255393053463,20.6974667344982
"2024-01-28 02:06:34.0000",4.77,80.74,4.09873056411743,6.2373305780076,16.8067485149081
"2024-01-28 02:36:31.0000",5.16,81.08,4.36503267288208,6.57957682077534,16.4677261645826
"2024-01-28 03:06:23.0000",5.32,80.89,4.54649209976196,6.33132804617317,15.6267801507445
"2024-01-28 03:36:24.0000",5.46,81.25,5.1723427772522,7.08119682416815,17.5374110437309
"2024-01-28 04:06:23.0000",5.67,81.46,5.37035846710205,7.33901582711098,16.7350853484954
"2024-01-28 04:36:16.0000",5.8,81.59,6.01661920547485,8.09388134750331,18.4295846572954
"2024-01-28 05:06:12.0000",5.68,81.79,4.73861360549927,7.01654697488407,17.6233991981216
"2024-01-28 05:36:04.0000",5.6,81.94,4.50891447067261,6.81506045412861,15.5120315650916
"2024-01-28 06:06:01.0000",5.56,82.1,4.16720294952393,6.40091242479415,15.4913963264003
"2024-01-28 06:35:58.0000",5.4,82.44,3.79108119010925,5.84106840598113,14.0064716071014
"2024-01-28 07:05:56.0000",5.53,82.61,4.0873498916626,6.13241316514583,15.7825038287515
"2024-01-28 07:35:47.0000",5.5,83.01,4.94013833999634,6.86625009996265,15.6059527642139
"2024-01-28 08:05:49.0000",5.53,83.23,3.80642199516296,5.70148141687347,13.7066848944078
"2024-01-28 08:35:42.0000",5.53,83.31,3.63058018684387,5.61142900238782,15.5776680965338
"2024-01-28 09:05:38.0000",5.55,83.43,3.45428562164307,5.55951239959805,13.6035694266963
"2024-01-28 09:35:36.0000",5.53,83.58,3.07759404182434,4.51914259368174,10.7362450880486
"2024-01-28 10:05:28.0000",5.64,83.64,3.16483902931213,4.84306659922677,13.0053046108883
"2024-01-28 10:35:25.0000",5.74,83.6,3.58489942550659,5.09098976923835,12.0144688380696
"2024-01-28 11:05:21.0000",5.98,83.81,3.98636770248413,5.80082599295352,13.8783929877254
"2024-01-28 11:35:19.0000",6.48,83.86,4.10132169723511,5.71087097846712,12.6487799946917
"2024-01-28 12:05:17.0000",6.84,83.61,4.20729780197144,5.9942948391599,15.5114911133739
"2024-01-28 12:35:13.0000",7.15,83.44,4.11730098724365,5.71102142885456,15.4517820021031
"2024-01-28 13:05:11.0000",7.39,83.27,4.37897253036499,6.02989462604492,15.4417201635205
"2024-01-28 13:35:07.0000",7.59,83.09,3.95502042770386,5.3323898473066,13.6707508501044
"2024-01-28 14:05:09.0000",7.9,83.04,4.17920541763306,5.62735299411379,13.5816638651408
"2024-01-28 14:35:01.0000",8.14,82.8,3.78921389579773,5.48796137448614,14.0912543842839
"2024-01-28 15:04:54.0000",8.18,82.62,3.66577672958374,5.0178450407431,12.2695103257271
"2024-01-28 15:34:51.0000",8.65,82.63,3.6062970161438,5.05855782385782,11.8939174546494
"2024-01-28 16:04:53.0000",8.93,82.26,3.83339142799377,5.1189801344114,12.6568611993124
"2024-01-28 16:34:45.0000",8.97,82.04,4.09733772277832,5.52096249317561,12.2845067258014
"2024-01-28 17:04:47.0000",8.9,82.18,4.77018356323242,5.75923336197282,12.6435787135124
"2024-01-28 17:34:55.0000",10.06,78.75,4.92055702209473,6.25804333203941,13.3739155241241
"2024-01-28 18:04:36.0000",9.02,81.79,5.08377027511597,6.0046779749179,12.576008190658
"2024-01-28 18:34:34.0000",9.94,82.22,4.29010725021362,5.05529618349926,10.9797422463702
"2024-01-28 19:04:31.0000",10.63,81.45,4.03254413604736,5.24654415511192,14.3097729143792
"2024-01-28 19:34:28.0000",10.95,81,4.29132175445557,5.77045181927077,13.4214538430659
"2024-01-28 20:04:26.0000",10.86,80.93,4.73917150497437,6.29079206440835,16.8665133667139
"2024-01-28 20:34:17.0000",10.77,80.84,4.75963735580444,5.65627867729896,14.4561276048498
"2024-01-28 21:04:14.0000",10.82,80.95,4.80565023422241,5.99101858143837,18.6173856184146
"2024-01-28 21:34:11.0000",10.83,81.15,4.57257652282715,5.84079592833759,15.8693666710129
"2024-01-28 22:04:08.0000",10.84,81.18,4.4199161529541,5.87189966563132,13.2759387740169
"2024-01-28 22:34:01.0000",10.58,81.32,5.00374412536621,5.76712763963533,11.3712355757822
"2024-01-28 23:03:57.0000",10.24,81.48,5.7418384552002,6.82655644247621,14.2461836047347
"2024-01-28 23:33:54.0000",9.94,83.67,3.19767117500305,4.12256903614712,8.99171735885875
"2024-01-29 00:03:46.0000",8.8,85.01,2.92963075637817,5.15432036492925,15.5519313229322
"2024-01-29 00:33:43.0000",8.23,85.48,2.64381337165833,4.99239056158743,14.5209269155913
"2024-01-29 01:03:41.0000",7.59,86.64,2.73883724212646,5.18134372548029,17.8683437307164
"2024-01-29 01:33:37.0000",7.39,86.86,1.90583193302155,3.90427273346933,12.1740393247013
"2024-01-29 02:03:36.0000",7.4,87.25,2.32602381706238,4.30766880286342,14.2680743653854
"2024-01-29 02:33:29.0000",7.32,86.89,2.08851408958435,4.27439496508433,12.0194643719327
"2024-01-29 03:03:23.0000",7.14,86.65,2.31567668914795,4.13187180269884,13.9716914262976
"2024-01-29 03:33:22.0000",7.15,86.55,2.33602690696716,4.1885107155353,15.8086661226746
"2024-01-29 04:03:17.0000",6.91,86.59,2.3949613571167,4.78010280356634,17.1357605526917
"2024-01-29 04:33:14.0000",6.64,86.83,2.26864099502563,4.17444659759743,13.4656471953137
"2024-01-29 05:03:07.0000",6.33,87.28,1.79640853404999,3.68139435991453,12.0926084769964
"2024-01-29 05:33:05.0000",6.13,87.52,0.619261026382446,1.61752752490798,5.17382427978151
"2024-01-29 06:02:57.0000",6.02,87.64,2.00369882583618,3.66349853074542,10.4412637221269
"2024-01-29 06:32:53.0000",5.92,87.79,0.42268368601799,1.32073948954331,4.49644991569623
"2024-01-29 07:02:51.0000",5.93,87.89,1.41921651363373,2.55101697249249,7.28740080727135
"2024-01-29 07:32:48.0000",6.02,88,4.23287105560303,5.12050834136887,12.8372138507718
"2024-01-29 08:02:45.0000",6.02,88.03,3.01385903358459,3.94606526705679,8.75694574874969
"2024-01-29 08:32:42.0000",5.97,88.22,3.85677909851074,4.64080511721315,9.25829749205062
"2024-01-29 09:02:34.0000",6.02,88.36,4.72232627868652,5.20700049736442,9.76879201259964
"2024-01-29 09:32:31.0000",6.1,88.51,6.80677556991577,7.20408701727581,12.1932767486977
"2024-01-29 10:02:29.0000",6.21,88.59,8.81257247924805,9.09064154329376,16.3096905275662
"2024-01-29 10:32:26.0000",6.24,88.72,6.12652826309204,6.57621289432662,10.1232929441611
"2024-01-29 11:02:23.0000",6.36,88.84,7.11264610290527,6.99148744865741,10.264452790681
"2024-01-29 11:32:20.0000",6.6,88.96,15.8253173828125,12.4864330307431,19.5601200983314
"2024-01-29 12:02:17.0000",6.84,88.92,9.09026050567627,7.92211155313311,15.3271534895687
"2024-01-29 12:32:09.0000",6.95,89.02,32.4451599121094,25.9621667296962,57.66500027618
"2024-01-29 13:02:06.0000",6.98,89.25,11.510232925415,9.38484687044067,12.6371046914763
"2024-01-29 13:32:03.0000",7.28,89.34,6.96646118164062,5.92503187956804,9.31560039602579
"2024-01-29 14:02:05.0000",7.44,89.43,6.1980619430542,5.29179719835402,8.57132995069766
"2024-01-29 14:32:02.0000",7.65,89.49,20.927827835083,15.3515184844561,21.9742225867794
"2024-01-29 15:01:59.0000",7.65,89.54,34.3317832946777,25.2980843272351,40.7672142011821
"2024-01-29 15:32:02.0000",7.81,89.63,34.8151588439941,22.7201258735039,32.1595620876993
"2024-01-29 16:01:53.0000",7.93,89.57,17.835880279541,11.45768529037,18.3368991492738
"2024-01-29 16:31:51.0000",7.64,89.66,37.8759231567383,25.2246328949959,49.1184797733462
"2024-01-29 17:01:48.0000",7.49,89.88,23.948600769043,16.4342283365332,30.6868522016533
"2024-01-29 17:31:46.0000",7.66,90.11,21.8270511627197,14.2786634375975,22.9773422744789
"2024-01-29 18:01:43.0000",8.36,90.5,5.54186201095581,5.03157743138027,7.77549864380304
"2024-01-29 18:31:39.0000",8.96,90.23,22.0868854522705,17.9850349339086,24.6261306032269
"2024-01-29 19:01:37.0000",9,90.34,19.8247222900391,16.8269596843136,21.084720525793
"2024-01-29 19:31:34.0000",9.12,90.45,19.4311714172363,16.5299599712664,20.1049879546168
"2024-01-29 20:01:31.0000",9.11,90.58,15.87233543396,13.3910512771864,18.0933191210272
"2024-01-29 20:31:28.0000",9.12,90.7,12.3601417541504,10.9239252792273,14.6413952620512
"2024-01-29 21:01:25.0000",9.15,90.77,17.5082035064697,14.6389715682703,20.7094486921483
"2024-01-29 21:31:22.0000",9.09,90.73,17.9819812774658,14.8703449565133,20.4250554576548
"2024-01-29 22:01:14.0000",7.06,90.87,16.0690059661865,13.0235529399608,16.0005220236737
"2024-01-29 22:31:06.0000",6.59,91.49,10.0058097839355,7.82935224993296,9.18123230571839
"2024-01-29 23:01:03.0000",6.35,91.34,5.89299631118774,5.47129702696638,7.60986126917688
"2024-01-29 23:31:00.0000",6.08,91.39,6.80246305465698,6.30948303988129,8.52385870718825
"2024-01-30 00:00:57.0000",5.89,91.55,9.68420219421387,7.84569312413086,12.1826728146218
"2024-01-30 00:30:54.0000",5.79,91.77,6.26782083511353,6.02775329326319,9.25943536655033
"2024-01-30 01:00:52.0000",5.8,92.06,4.14317989349365,4.59991304248294,7.70391275655394
"2024-01-30 01:30:50.0000",5.84,92.34,3.79961657524109,3.98078633325231,7.16647480871082
"2024-01-30 02:00:45.0000",5.83,92.62,11.4511623382568,10.9059721342656,15.9587261389852
"2024-01-30 02:30:42.0000",5.67,92.67,6.52162408828735,7.39754733672462,15.7791090508776
"2024-01-30 03:00:44.0000",5.3,92.8,6.20535612106323,7.42678817497169,15.4941555289128
"2024-01-30 03:30:32.0000",5.09,92.82,4.54127311706543,6.32653738565652,14.77673484109
"2024-01-30 04:00:29.0000",4.92,93,1.51004409790039,2.22169753542857,6.34777680580724
"2024-01-30 04:30:25.0000",4.61,92.8,1.65790331363678,3.11389308230862,10.2280282666426
"2024-01-30 05:00:22.0000",4.05,93.17,1.32688987255096,2.95626339920742,9.70253881935245
"2024-01-30 05:30:16.0000",3.84,93.23,1.38929498195648,2.92421379367437,9.2073058676561
"2024-01-30 06:00:12.0000",3.83,93.39,1.14882147312164,2.62640270365385,6.91312600877178
"2024-01-30 06:30:10.0000",3.85,93.52,0.948770046234131,2.01191344187322,6.91718365695789
"2024-01-30 07:00:02.0000",3.9,93.2,0.847620964050293,1.75386355968673,6.30554108128661
"2024-01-30 07:30:00.0000",3.9,93.39,1.19975209236145,2.01757743860026,6.49795628153219
"2024-01-30 07:59:57.0000",4.09,93.23,0.608650863170624,1.46672781656214,6.22311726964025
"2024-01-30 08:29:53.0000",4.28,93.2,1.09223079681396,1.83707825871459,6.12946825156271
"2024-01-30 08:59:51.0000",4.54,93.05,0.861844956874847,1.79516434164444,7.15149824723341
"2024-01-30 09:29:47.0000",4.8,93.19,0.751604318618774,1.63522933633362,5.61622730344018
"2024-01-30 09:59:45.0000",4.89,92.7,0.647611975669861,1.54551340941601,5.57691128987906
"2024-01-30 10:29:41.0000",5.38,92.86,1.92663145065308,2.62560274860754,6.45627949291666
"2024-01-30 10:59:39.0000",6.03,89.62,1.79870998859406,2.80647578861044,8.30118322535236
"2024-01-30 11:29:41.0000",8.62,84.11,1.88384878635406,3.54257840479386,10.033067001615
"2024-01-30 11:59:39.0000",10.41,72.15,1.55932009220123,3.48118495006956,11.9162962361799
"2024-01-30 12:29:35.0000",11.58,67.68,2.29089379310608,4.88490268145784,17.4098448992095
"2024-01-30 12:59:33.0000",11.65,61.61,1.62080717086792,4.30785531752225,14.4190952642591
"2024-01-30 13:29:29.0000",12.57,58.91,1.52673411369324,4.51744977627729,13.9725682384293
"2024-01-30 13:59:27.0000",11.72,56.88,1.66106641292572,4.49542561346687,14.9524658206299
"2024-01-30 14:29:19.0000",10.1,57.57,1.714728474617,4.66450747420132,15.8472237697053
"2024-01-30 14:59:10.0000",6.94,65.15,2.25068259239197,5.27429789361797,17.2047300906563
"2024-01-30 15:29:08.0000",6.15,69.77,2.28018093109131,5.03332785832693,17.8248765994757
"2024-01-30 15:59:15.0000",5.58,71.28,3.51749587059021,5.24518888468963,14.8738302416161
"2024-01-30 16:28:57.0000",4.94,72.54,2.98214960098267,5.38406434161756,18.5766185146099
"2024-01-30 16:58:54.0000",4.18,73.41,2.8026876449585,5.36155524529019,15.9937225155098
"2024-01-30 17:28:47.0000",3.55,74.43,4.04998302459717,6.2491345327019,21.7088878269292
"2024-01-30 17:58:38.0000",3.12,76.2,7.55174016952515,8.72131243465315,22.8887836813086
"2024-01-30 18:28:35.0000",2.67,76.79,5.991379737854,7.81551889664237,24.7989140265824
"2024-01-30 18:58:32.0000",2.28,77.54,7.98303699493408,9.41045296207688,24.0266929508543
"2024-01-30 19:28:29.0000",3.02,77.6,5.42897367477417,6.84875377102225,19.3277694603263
"2024-01-30 19:58:27.0000",2.24,77.71,6.22904872894287,7.10636910834134,15.813994121598
"2024-01-30 20:28:18.0000",1.39,78.38,6.58718729019165,7.73724368261426,17.7202268139465
"2024-01-30 20:58:16.0000",1.29,78.75,4.74236726760864,6.01192752977367,13.8053052601484
"2024-01-30 21:28:13.0000",1.34,79.29,4.36946678161621,5.5974256771648,15.1718534650008
"2024-01-30 21:58:05.0000",1.39,79.31,4.23344945907593,5.58913844927795,12.9600995986006
"2024-01-30 22:28:02.0000",1.27,79.52,3.91789627075195,4.80643855610725,13.4174789481546
"2024-01-30 22:57:59.0000",0.55,79.78,4.85585165023804,6.13896902373177,13.515451143418
"2024-01-30 23:27:52.0000",0.21,80.43,8.00300884246826,8.97754416162781,18.6093905705646
"2024-01-30 23:57:48.0000",-0.01,80.79,7.96472930908203,8.71699038868676,18.6164733129169
"2024-01-31 00:27:46.0000",-0.34,81.06,9.10853958129883,9.48994111105075,18.0242717213181
"2024-01-31 00:57:42.0000",-0.44,81.21,8.81729888916016,9.49494879395196,16.5312943173635
"2024-01-31 01:27:39.0000",-0.77,81.56,8.31481742858887,8.80992801753841,17.299139992005
"2024-01-31 01:57:36.0000",-0.71,81.62,5.52405595779419,6.53341779715861,16.4146292726899
"2024-01-31 02:27:34.0000",-0.62,82.16,3.91095566749573,5.40460259585814,12.5559216326517
"2024-01-31 02:57:31.0000",0.1,82.72,3.10477495193481,4.6636751673236,11.3150623227105
"2024-01-31 03:27:27.0000",0.29,82.41,2.96698760986328,4.46061094763871,10.6447823940182
"2024-01-31 03:57:24.0000",0.03,83.01,3.53674745559692,5.03144016862913,13.8360697009032
"2024-01-31 04:27:22.0000",0.53,83.57,2.40013217926025,3.95938156891134,11.4386797742917
"2024-01-31 04:57:18.0000",0.74,83.3,2.48117160797119,4.00224531018844,13.6261800071679
"2024-01-31 05:27:11.0000",0.53,83.41,2.36613631248474,3.92520492545655,11.6790238054628
"2024-01-31 05:57:08.0000",0.57,83.72,2.18621730804443,3.77093052171967,12.2569270085416
"2024-01-31 06:27:06.0000",0.7,83.66,2.56945133209229,4.09891343024156,11.0107279709946
"2024-01-31 06:57:03.0000",0.99,83.77,2.12828469276428,3.74919893255788,10.6503597122519
"2024-01-31 07:27:16.0000",1.4,83.87,2.01455211639404,3.75590311207283,10.533430956797
"2024-01-31 07:56:57.0000",1.74,83.69,2.36713480949402,4.0170204791203,13.2758016067707
"2024-01-31 08:26:54.0000",2.23,83.8,2.26474332809448,3.71730594527855,8.98770750134012
"2024-01-31 08:56:51.0000",2.94,83.49,12.3400354385376,11.542386815268,25.850622584083
"2024-01-31 09:26:49.0000",3.69,83.02,2.03630828857422,3.75274749827824,13.1514201642126
"2024-01-31 09:56:46.0000",5.51,82.37,1.51524174213409,3.47827568455999,11.6971614388139
"2024-01-31 10:26:49.0000",6.15,80.78,1.59778964519501,3.73615041512039,12.1383473115982
"2024-01-31 10:56:39.0000",6.51,80.21,1.67975115776062,3.85045463432817,13.0859084929421
"2024-01-31 11:26:37.0000",7.25,79.14,1.41551196575165,3.41835133728594,11.5575466472988
"2024-01-31 11:56:39.0000",7.97,77.79,1.48871469497681,3.65889285165775,12.8051810613998
"2024-01-31 12:26:36.0000",8.14,77.11,1.08017468452454,2.96668693778192,9.91212033489122
"2024-01-31 12:56:33.0000",8.31,76.79,1.06426358222961,2.91010991832443,9.0390991513929
"2024-01-31 13:26:25.0000",8.53,77.23,0.965247213840485,2.60101418306563,10.0182936926586
"2024-01-31 13:56:22.0000",8.73,77.35,1.30548810958862,3.73995284691437,10.8737181044597
"2024-01-31 14:26:25.0000",9.05,77.31,0.704363524913788,2.40448341399377,7.29066003656364
"2024-01-31 14:56:21.0000",9.08,77.24,0.928333103656769,2.81313288655021,9.5612293773907
"2024-01-31 15:26:20.0000",9.22,77.45,0.844069480895996,2.72028969810585,8.90979901743994
"2024-01-31 15:56:11.0000",9.15,77.95,0.702326714992523,2.39607642677662,8.75822972830889
"2024-01-31 16:56:02.0000",7.99,83.47,0.951512634754181,2.38499227440499,7.49279023569323
"2024-01-31 17:25:57.0000",8.07,85.02,0.802470266819,2.25916142996396,7.45305044353525
"2024-01-31 17:55:54.0000",8.25,86.46,1.23091661930084,2.27179870381679,7.59714704987203
"2024-01-31 18:25:51.0000",8.34,87.43,2.64801359176636,3.48248435381683,7.4581710036486
"2024-01-31 18:55:48.0000",7.35,89.49,3.09366297721863,4.75206524645247,12.7282067937375
"2024-01-31 19:25:40.0000",6.55,89.67,3.79370999336243,6.6316984810883,22.7692452819959
"2024-01-31 19:55:37.0000",6.1,89.87,2.96292638778687,4.90667827974499,14.875131750607
"2024-01-31 20:25:34.0000",6.1,90.55,2.69390249252319,5.00607749242536,16.3634103893144
"2024-01-31 20:55:27.0000",5.57,89.24,4.82386493682861,8.02475062785909,22.0612293701746
"2024-01-31 21:25:24.0000",5.24,85.42,3.88576507568359,7.04000755606982,20.2113936869362
"2024-01-31 21:55:21.0000",5.73,81.46,4.62543678283691,8.90138320300705,28.292007818504
"2024-01-31 22:25:19.0000",5.93,77.41,5.05295705795288,8.99784254744077,28.6284938729714
"2024-01-31 22:55:10.0000",5.06,76.79,4.7773118019104,9.32076340458261,29.3265915965189
"2024-01-31 23:25:07.0000",4.5,76.48,5.80272483825684,9.84781128332674,34.6508582715504
"2024-01-31 23:55:04.0000",4.12,78.24,4.68630027770996,8.50780022345564,30.177723826477
"2024-02-01 00:25:01.0000",4.27,79.26,5.09540891647339,9.67013914732023,33.1205355926901
"2024-02-01 00:55:31.0000",4.5,79.08,5.07326316833496,8.8297771522446,28.8918741358855
"2024-02-01 04:24:49.0000",2.76,81.73,5.05918169021606,9.50806641365537,34.0188543673408
"2024-02-01 04:55:02.0000",2.76,82.13,4.44820833206177,8.88816889910534,33.4635335727543
"2024-02-01 05:54:53.0000",3.1,84.33,4.6749792098999,8.86382290145789,26.4220188754323
"2024-02-01 07:54:24.0000",3.77,85.39,5.01392221450806,8.35867794066787,26.6971300437493
"2024-02-01 08:24:21.0000",4.08,85.63,4.27794790267944,7.46487489396702,26.7313223536922
"2024-02-01 08:54:18.0000",4.66,84.57,4.16804933547974,6.93839529315671,23.8486111497918
"2024-02-01 09:24:15.0000",5.89,80.64,3.92120575904846,7.15753391964484,24.4815710500928
"2024-02-01 09:54:11.0000",6.2,76.88,3.45654988288879,6.52052052515428,18.9518693575488
"2024-02-01 10:24:09.0000",5.91,77.5,3.19781422615051,6.30631480213159,17.9259562805201
"2024-02-01 10:54:01.0000",6.04,77.84,56.2081069946289,49.8536994810026,59.6288541254338
"2024-02-01 11:23:59.0000",6.29,77.77,4.66271114349365,7.41995997518013,20.1860541965551
"2024-02-01 11:53:55.0000",6.63,77.18,8.83730888366699,11.3465742715463,27.0805190345273
"2024-02-01 12:23:52.0000",6.95,74.59,4.46528577804565,7.40225343017989,19.2048577185676
"2024-02-01 12:53:49.0000",7.44,72.58,12.6887044906616,13.7004881704242,25.4557220903765
"2024-02-01 13:23:46.0000",7.88,71.29,4.04530763626099,7.5314940419206,21.4868366448091
"2024-02-01 13:53:48.0000",8.35,67.73,8.22591495513916,10.8158626948657,25.1902526553292
"2024-02-01 14:23:40.0000",6.98,69.47,8.01732921600342,10.6910379336545,27.4432295423365
"2024-02-01 14:53:33.0000",6.63,71.29,18.7643394470215,19.6629604200384,43.7958739424463
"2024-02-01 15:23:30.0000",6.28,72.7,4.92083835601807,8.29160993059322,25.4332958300426
"2024-02-01 15:53:27.0000",6.23,73.72,4.03879690170288,7.34026250535255,26.3932706567829
"2024-02-01 16:23:24.0000",6.21,73.98,4.0649881362915,7.81358582408592,26.4040745909745
"2024-02-01 16:53:21.0000",5.58,74.41,3.8177444934845,6.92966907500026,24.5712824332068
"2024-02-01 17:23:13.0000",4.85,75.1,4.15240001678467,7.39625308420301,25.8731827250769
"2024-02-01 17:53:11.0000",4.42,75.84,4.51361322402954,7.4169233604656,25.1900061109725
"2024-02-01 18:23:02.0000",4.29,76.07,4.2787013053894,7.3130858523455,24.173161109527
"2024-02-01 18:52:59.0000",3.74,76.5,5.41981315612793,8.70433774011981,30.3146666207733
"2024-02-01 19:22:56.0000",3.55,76.97,5.54786062240601,9.32466217029376,31.722823069568
"2024-02-01 19:52:54.0000",3.64,77.21,6.75161600112915,9.66006989807812,32.6880304788153
"2024-02-01 20:22:51.0000",3.48,77.39,5.78008413314819,9.03192118841892,27.7596728647825
"2024-02-01 20:52:48.0000",4.06,77.73,5.73052930831909,9.27058786823806,28.5883826488449
"2024-02-01 21:22:45.0000",4.41,77.71,6.1270432472229,8.95218741998403,23.7334538978761
"2024-02-01 21:52:42.0000",4.69,77.89,6.01331663131714,9.66465370553605,28.3999460360139
"2024-02-01 22:22:39.0000",5.01,78.05,4.9123420715332,7.69350953837788,22.4283462704976
"2024-02-01 22:52:36.0000",5.17,77.96,4.6876916885376,7.85995734092961,23.9396496608065
"2024-02-01 23:22:28.0000",4.19,78.6,3.89803457260132,7.5097164047363,24.1526962242287
"2024-02-01 23:52:30.0000",3.9,79.32,3.7274534702301,7.16135660471297,21.5026278740436
"2024-02-02 00:22:23.0000",3.61,79.87,3.6995325088501,6.86879714722989,24.2349614627283
"2024-02-02 00:52:18.0000",3.37,80.91,4.32452535629272,6.53539103659858,18.2345060264989
"2024-02-02 01:22:17.0000",3.15,81.32,5.43815851211548,7.5211278190153,21.0668281304578
"2024-02-02 01:52:13.0000",3.24,81.94,5.35307025909424,7.77007659533149,20.5860987377153
"2024-02-02 02:22:09.0000",3.45,83.57,6.00429153442383,7.15312618708454,16.7643509527264
"2024-02-02 02:52:08.0000",5.38,84.49,0.95088791847229,2.16074978781812,6.5234890482038
"2024-02-02 03:22:05.0000",5.82,84.48,0.413256794214249,1.40222041307466,6.07810273010368
"2024-02-02 03:52:08.0000",5.84,84.58,0.253594756126404,1.38686065445648,4.97585269231638
"2024-02-02 04:22:00.0000",5.79,84.5,0.155699208378792,1.29264516287143,4.75993165485445
"2024-02-02 04:51:55.0000",6.54,85.24,0.0971804186701775,1.03347109861709,4.04377366781636
"2024-02-02 05:21:49.0000",6.8,85.63,0.122347146272659,1.09898150175226,4.26387033442113
"2024-02-02 05:51:46.0000",5.96,86.47,0.735392570495605,2.11614815934267,8.85844072103978
"2024-02-02 06:21:43.0000",5.24,86.61,1.89524734020233,3.48195632315843,12.4311454753219
"2024-02-02 06:51:36.0000",4.98,87.19,3.40058708190918,4.83314342942734,17.329193900298
"2024-02-02 07:21:32.0000",5.58,87.27,2.9011824131012,4.34264780935519,14.2595331447965
"2024-02-02 07:51:29.0000",5.06,87.94,4.65242671966553,6.24766491008998,19.9244590894995
"2024-02-02 08:21:26.0000",5.01,88.15,7.12456512451172,8.01464370349513,23.6827753062716
"2024-02-02 08:51:23.0000",5.11,88.49,4.41625642776489,5.02819664426595,10.5812966243055
"2024-02-02 09:21:21.0000",7.47,87.3,1.25870561599731,2.31236356813067,6.46953566115601
"2024-02-02 09:51:17.0000",8.86,86.99,0.563302934169769,1.39218623577263,4.52295590981746
"2024-02-02 10:21:20.0000",11.06,84.53,0.326282888650894,1.22925765316203,4.57944672147159
"2024-02-02 10:51:17.0000",11.6,83.03,0.649915218353271,1.7184798046967,5.65976674120463
"2024-02-02 11:21:14.0000",13.42,80.18,0.69595468044281,1.75271789106412,5.64235874025257
"2024-02-02 11:51:16.0000",17,72.45,0.600878715515137,2.11388265246616,8.66960333303379
"2024-02-02 12:21:13.0000",18.29,69.99,0.223946213722229,1.90677723893159,6.9446756300586
"2024-02-02 12:51:11.0000",17.42,60.94,0.686272859573364,3.02708885625623,9.49401978294708
"2024-02-02 13:21:08.0000",17.7,61.49,0.673111975193024,3.08410485388082,10.2148625480504
"2024-02-02 13:51:05.0000",15.32,60.31,1.81385445594788,3.86317311795826,12.0079043899703
"2024-02-02 14:20:57.0000",12.85,65.56,0.550266206264496,2.79845896793792,9.73679944364315
"2024-02-02 14:50:49.0000",12.34,69.26,1.30758059024811,3.04990443537597,11.3973885127525
"2024-02-02 15:20:46.0000",12.41,70.3,1.15890300273895,3.10698758935048,9.26462454961243
"2024-02-02 15:50:49.0000",12.24,70.95,1.00758123397827,3.13283226111797,13.0167662018383
"2024-02-02 16:20:41.0000",11.82,72.2,2.04885601997375,3.84708519112679,13.8902880669548
"2024-02-02 16:50:32.0000",10.95,73.3,1.4428596496582,3.66637913448473,15.9649871638487
"2024-02-02 17:20:29.0000",10.48,74.19,1.30411303043365,3.12338437012675,9.6442502129957
"2024-02-02 17:50:28.0000",10.4,74.74,1.28246080875397,2.95959378696748,8.91063998192439
"2024-02-02 18:20:19.0000",10.37,75.3,2.34860420227051,4.19068986251445,12.0883682530567
"2024-02-02 18:50:16.0000",10.41,75.87,2.25318789482117,4.19915271849549,12.5431278693897
"2024-02-02 19:20:13.0000",10.49,76.65,2.46748685836792,4.65909897019129,14.1815218953656
"2024-02-02 19:50:10.0000",10.66,77.1,2.28861379623413,4.70489953056527,13.6358772302993
"2024-02-02 20:20:07.0000",10.69,77.68,2.67927145957947,4.97613283816964,14.4303579086709
"2024-02-02 20:50:05.0000",10.57,78.23,1.9371577501297,3.90141095484218,12.0635492545638
"2024-02-02 21:19:56.0000",10.5,78.51,1.84376752376556,3.62247229885205,10.8090854433578
"2024-02-02 21:49:54.0000",10.43,78.78,1.50734639167786,3.22001927127555,8.72782907581245
"2024-02-02 22:19:50.0000",10.62,78.95,1.50635981559753,3.06570149600549,9.2681534157401
"2024-02-02 22:49:47.0000",10.29,79.17,1.32007730007172,2.859340956058,9.39051276869791
"2024-02-02 23:19:45.0000",9.83,79.79,1.23760664463043,3.03565491411057,9.16819163400674
"2024-02-02 23:49:41.0000",10.31,80.74,1.85032331943512,3.38244067298935,9.84998450454985
"2024-02-03 00:19:39.0000",11.24,81.9,1.23278880119324,2.80379804265755,8.77820602259161
"2024-02-03 00:49:41.0000",11.29,81.62,0.65304297208786,2.12180042487938,6.44399311694278
"2024-02-03 01:19:39.0000",11.48,81.37,0.673950493335724,2.27450178471283,7.12239063380656
"2024-02-03 01:49:35.0000",11.47,80.54,0.768166065216064,2.33589332845722,7.77102005714804
"2024-02-03 02:19:27.0000",11.19,80.91,1.23250842094421,2.74271961036674,7.82803128994569
"2024-02-03 02:49:25.0000",10.83,81.09,2.27705240249634,4.49410488257968,13.0070860225926
"2024-02-03 03:19:17.0000",10.56,81.42,1.91964507102966,3.71685077115323,11.4679438408908
"2024-02-03 03:49:19.0000",10.38,81.82,1.49801194667816,3.35619537760251,9.86629359097074
"2024-02-03 04:19:14.0000",10.36,82.03,1.10549485683441,2.70679890687966,8.56133607543926
"2024-02-03 04:49:08.0000",10.36,82.75,1.29947865009308,2.57279060965566,7.76498725246861
"2024-02-03 05:18:59.0000",10.07,84.44,0.998355627059937,2.10283609853613,6.71777427990294
"2024-02-03 05:48:57.0000",10.24,86.37,0.899092435836792,2.28102926839265,7.2088438389559
"2024-02-03 06:19:00.0000",10.21,86.21,2.15933132171631,3.7796779455166,12.0135560090186
"2024-02-03 06:48:52.0000",10.25,86.78,1.50637698173523,3.27921371405172,9.27422966493318
"2024-02-03 07:18:49.0000",10.13,87.05,2.99251317977905,5.59121434255066,14.991248838598
"2024-02-03 07:48:46.0000",9.77,87.36,3.25141072273254,5.47160709316022,14.5928552852705
"2024-02-03 08:18:42.0000",9.68,88.5,4.59966564178467,7.60210056448528,19.7815381382965
"2024-02-03 08:48:40.0000",9.67,89,4.23764085769653,6.2479588004934,16.469283429683
"2024-02-03 09:18:37.0000",9.59,89.53,2.8457465171814,5.17642785814971,13.6624092936006
"2024-02-03 09:48:29.0000",9.76,88.72,2.46798467636108,4.24808660340119,12.5961042064175
"2024-02-03 10:18:26.0000",9.82,87.96,1.06384122371674,2.54288109387789,7.6162701772493
"2024-02-03 10:48:23.0000",9.4,87.21,1.58176875114441,3.47384733263531,10.005987487569
"2024-02-03 11:18:20.0000",10.57,80.35,1.56534671783447,3.77509963383832,13.6161480025055
"2024-02-03 11:48:17.0000",10.54,76.37,1.44512295722961,3.37602160490327,12.4772704524788
"2024-02-03 12:18:14.0000",9.66,77.97,1.59004390239716,3.65387252675526,13.087702749063
"2024-02-03 12:48:11.0000",9.8,76.91,1.44879519939423,4.12324885808846,12.5185413917712
"2024-02-03 13:18:08.0000",9.8,75.56,1.49534332752228,3.72403176427403,11.6770151601009
"2024-02-03 13:48:01.0000",8.99,80.17,1.46981596946716,3.47561619715868,12.2088078285754
"2024-02-03 14:17:57.0000",8.81,81.68,1.57128059864044,3.85055205253527,10.486648177853
"2024-02-03 14:47:50.0000",8.26,85.42,1.48566174507141,3.08928140540589,9.35722833528013
"2024-02-03 15:17:47.0000",8.33,83.65,1.37100398540497,3.40788681630617,11.0834207470391
"2024-02-03 15:47:50.0000",8.03,83.83,2.00127720832825,3.72082225009482,10.260702743628
"2024-02-03 16:17:42.0000",7.56,85.87,2.22501635551453,3.84359743325198,11.1514482596784
"2024-02-03 16:47:39.0000",7.07,87.55,2.99565720558167,5.21545787796195,14.4457368717688
"2024-02-03 17:17:35.0000",7.1,90.5,2.59000468254089,4.04628208523243,10.9725572298759
"2024-02-03 17:47:33.0000",7.17,90.5,2.54865550994873,4.29983547184941,12.5916898890195
"2024-02-03 18:17:24.0000",6.85,90.68,2.45684266090393,4.23911611345021,12.0650013186371
"2024-02-03 18:47:21.0000",6.47,91.3,3.87261486053467,5.58289785083891,14.4435436509147
"2024-02-03 19:17:18.0000",7.01,91.79,4.24901628494263,5.68043490579521,13.4449199130899
"2024-02-03 19:47:16.0000",7.19,91.28,4.61583089828491,5.78830695094402,14.4890412966788
"2024-02-03 20:17:13.0000",7.28,91.12,4.08192729949951,6.02982859773733,17.1954309307702
"2024-02-03 20:47:10.0000",7.51,91.03,3.31491589546204,5.20878506293559,12.7731332710157
"2024-02-03 21:17:07.0000",7.64,90.45,2.98787045478821,4.9528734483219,12.396167984529
"2024-02-03 21:46:59.0000",7.64,89.22,2.50773239135742,4.25571725241808,12.0136856027241
"2024-02-03 22:16:56.0000",7.66,87.65,2.33609962463379,4.75678878205545,15.8000321382745
"2024-02-03 22:46:53.0000",7.75,87.8,2.46932363510132,4.58588175467168,13.1508420693694
"2024-02-03 23:16:56.0000",7.58,86.82,2.46070790290833,4.6467141517848,13.106586025668
"2024-02-03 23:46:47.0000",7.49,86.17,2.03310894966125,3.55764270660916,13.8113200202467
"2024-02-04 00:16:45.0000",7.45,85.55,2.01075291633606,4.19923670495548,14.5695103982806
"2024-02-04 00:46:42.0000",7.48,84.45,1.73461842536926,3.62115786338004,12.3573757037621
"2024-02-04 01:16:44.0000",7.57,83.93,1.35272204875946,2.93514548441195,10.3999227701507
"2024-02-04 01:46:36.0000",7.24,84.48,1.27290749549866,3.15115183291306,9.74576616462397
"2024-02-04 02:16:32.0000",7.05,87.16,1.29218447208405,3.18645110927957,10.6458906695421
"2024-02-04 02:46:26.0000",7.05,87.6,1.44151020050049,3.1969775103611,10.0362410526812
"2024-02-04 03:16:33.0000",7.02,89.58,1.56828081607819,2.73275665672964,7.70496368906718
"2024-02-04 03:46:24.0000",7.37,90.69,1.29837501049042,2.51062771148005,7.8708785825256
"2024-02-04 04:16:20.0000",7.58,85.71,1.1823627948761,2.96502875151333,9.16348209213209
"2024-02-04 04:46:19.0000",7.73,88.18,2.26667857170105,3.4384984669631,8.0331847678729
"2024-02-04 05:16:11.0000",7.99,88.39,0.897982597351074,2.17981736922889,7.57119924050018
"2024-02-04 05:46:09.0000",8.31,86.45,0.472058057785034,1.71685703166338,5.94228161285968
"2024-02-04 06:16:05.0000",8.45,86.09,0.579155921936035,1.96354717096339,6.78727624183111
"2024-02-04 06:46:02.0000",8.39,86.13,0.701818525791168,1.75539463445242,5.63294870865376
"2024-02-04 07:16:00.0000",8.61,88.05,1.83556962013245,2.89546528051592,7.40390325374972
"2024-02-04 07:45:56.0000",8.74,87,1.13922333717346,2.47094177272086,7.37151037352071
"2024-02-04 08:15:53.0000",8.55,86.11,0.948257505893707,2.44507846686451,7.72134797552487
"2024-02-04 08:45:46.0000",8.79,85.84,1.06760036945343,2.43894659774308,7.5856811655257
"2024-02-04 09:15:43.0000",9.34,83.91,0.924985468387604,2.3353679297375,7.7807370716253
"2024-02-04 09:45:40.0000",9.65,84.06,0.547476232051849,1.96975820623784,6.70582554215512
"2024-02-04 10:15:42.0000",10.67,82.82,0.703630864620209,2.03275773789934,6.91908952620372
"2024-02-04 10:45:39.0000",11.8,80.81,0.608154833316803,2.14298589802476,7.67650233452711
"2024-02-04 11:15:36.0000",13.01,75.55,0.376957356929779,2.11117659795958,7.04605406432194
"2024-02-04 11:45:34.0000",13.05,72.7,0.533413946628571,2.35504232177345,7.25741633157563
"2024-02-04 12:15:30.0000",12.65,72.83,0.523611068725586,2.42067545963101,8.09088124611221
"2024-02-04 12:45:27.0000",13.23,70.67,0.525332152843475,2.40753342129963,7.64968671055372
"2024-02-04 13:15:25.0000",13.8,69.52,1.22939503192902,3.25791735764964,11.192248902817
"2024-02-04 13:45:22.0000",13.54,69.64,1.26680171489716,3.51073262862094,10.7020931672721
"2024-02-04 14:15:19.0000",14.3,66.94,1.33959710597992,3.50636706909591,11.4920072993732
"2024-02-04 14:45:11.0000",13.36,68.1,2.09463214874268,4.78128009272731,15.2610330950599
"2024-02-04 15:15:08.0000",12.81,70.74,3.39800453186035,5.85548846711272,16.9101221000847
"2024-02-04 15:45:05.0000",12.88,70.46,3.26833081245422,5.79991438095087,17.9789316380905
"2024-02-04 16:15:02.0000",12.69,69.97,3.84369039535522,6.64773552440062,21.0581596584613
"2024-02-04 16:44:54.0000",12.22,70.83,3.8256402015686,6.73062109666738,19.7556175386375
"2024-02-04 17:14:52.0000",11.8,71.78,3.75679421424866,5.96967552008438,18.7385672251547
"2024-02-04 17:44:48.0000",11.54,72.38,6.93659448623657,9.90818888772182,27.1992691262804
"2024-02-04 18:14:45.0000",11.35,72.92,4.34428119659424,7.53993198736659,22.0292913609972
"2024-02-04 18:44:37.0000",11.14,73.66,5.35763835906982,8.93015552048424,26.7558918091576
"2024-02-04 19:14:34.0000",11.32,73.67,4.8818244934082,8.60289316939808,24.6992711798084
"2024-02-04 19:44:32.0000",11.2,73.8,4.61248350143433,7.99338166988074,24.296323439992
"2024-02-04 20:14:29.0000",11.1,73.23,4.87789011001587,7.68819736955504,25.1231395239458
"2024-02-04 20:44:27.0000",11.08,72.56,4.1066575050354,6.90370151770015,20.1363270826713
"2024-02-04 21:14:18.0000",10.9,72.06,5.48472499847412,8.5724159282076,25.5059627083951
"2024-02-04 21:44:15.0000",10.66,72.06,5.12377023696899,8.35117806891649,26.158785359722
"2024-02-04 22:14:12.0000",10.43,72.28,4.58270883560181,8.44563897316525,25.0337769043331
"2024-02-04 22:44:09.0000",9.77,73.55,5.11811017990112,8.21362419016861,26.8551833667482
"2024-02-04 23:14:02.0000",9.06,74.22,4.60527753829956,7.47159350347192,25.9874560484384
"2024-02-04 23:43:59.0000",8.59,75.64,5.98622751235962,10.2483190506223,32.0251411512953
"2024-02-05 00:13:56.0000",8.41,77.21,5.71098136901855,9.37017492069104,29.4315654658305
"2024-02-05 00:43:53.0000",8.31,78.49,4.75895833969116,8.05395701979246,23.4877804009045
"2024-02-05 01:13:54.0000",8.11,79.07,5.60845041275024,9.09998407927051,28.7657072863099
"2024-02-05 01:43:52.0000",7.94,79.72,4.97539281845093,8.52785321809596,24.1101789341715
"2024-02-05 02:13:46.0000",7.76,80.23,5.20643377304077,7.61168859787973,23.8662812146333
"2024-02-05 02:43:40.0000",7.66,80.32,5.05268287658691,8.3913548889183,22.4183679768641
"2024-02-05 03:13:38.0000",7.56,81.28,4.92064571380615,7.49521942327242,23.0050720437286
"2024-02-05 03:43:34.0000",7.56,81.96,4.49409246444702,7.01045334703338,17.1122522389976
"2024-02-05 04:13:28.0000",7.56,82.19,4.43171358108521,6.71732512406798,17.8815568481496
"2024-02-05 04:43:29.0000",7.42,82.55,3.53375697135925,5.77334552175771,15.9678009871068
"2024-02-05 05:13:22.0000",7.51,82.84,2.45807242393494,4.30079152992259,12.2974697947271
"2024-02-05 05:43:19.0000",7.56,82.73,3.51668429374695,5.32848469979188,14.583784231983
"2024-02-05 06:13:11.0000",7.47,82.48,3.66549015045166,5.39384941830412,16.9086111866803
"2024-02-05 06:43:14.0000",7.45,82.36,2.76551651954651,4.67146601497953,12.628061781683
"2024-02-05 07:13:05.0000",7.64,82.12,1.27922677993774,2.86106872652301,8.98958987058483
"2024-02-05 07:43:02.0000",7.81,81.86,0.55228179693222,1.8231556303946,5.8577451324768
"2024-02-05 08:12:59.0000",8.13,81.72,0.527466952800751,1.88910541647619,6.2513435052837
"2024-02-05 08:42:56.0000",8.84,80.43,1.83076536655426,3.17619942554782,14.3133503050382
"2024-02-05 09:12:54.0000",10.15,76.25,0.305680215358734,1.83249526643838,6.47076117839979
"2024-02-05 09:42:51.0000",9.87,76.98,0.403277844190598,2.07830126173736,6.63384147926136
"2024-02-05 10:12:48.0000",9.88,77.5,1.81089437007904,3.5553438091586,11.1530222231742
"2024-02-05 10:42:45.0000",10.04,76.91,2.43998098373413,4.60334314859522,16.1282305205315
"2024-02-05 11:12:42.0000",10.12,76.6,3.01682043075562,5.2079760776815,19.7832657127102
"2024-02-05 11:42:39.0000",10.39,75.78,2.33844351768494,4.36850408106422,12.7633726545173
"2024-02-05 12:12:36.0000",10.58,74.48,2.37735152244568,4.58818736913713,14.2892676781364
"2024-02-05 12:42:34.0000",10.54,73.9,2.20849537849426,4.71720339017769,13.4858178344099
"2024-02-05 13:12:26.0000",10.42,74.46,3.18953585624695,5.67746314407155,18.1556812922354
"2024-02-05 13:42:22.0000",10.37,75.17,2.63176798820496,5.11948887016235,15.4334712793194
"2024-02-05 14:12:20.0000",10.29,75.84,3.44312167167664,5.77146709703498,17.5321328726526
"2024-02-05 14:42:17.0000",10.38,76.11,2.26611590385437,4.2839156107524,12.8515508819629
"2024-02-05 15:12:09.0000",10.45,75.81,4.27423477172852,6.68203076975365,23.3252936300809
"2024-02-05 15:42:11.0000",10.43,75.72,4.59463548660278,7.13766037559522,21.0463380915612
"2024-02-05 16:12:04.0000",10.44,75.82,4.27799606323242,6.88544803711207,20.0928375993967
"2024-02-05 16:42:01.0000",10.19,75.77,4.34084892272949,6.91357644190009,20.924319760572
"2024-02-05 17:11:58.0000",9.91,75.98,5.12198972702026,7.87960858579706,22.7804215714642
"2024-02-05 17:41:54.0000",9.8,76.57,4.57128047943115,7.37798621554084,22.0073875075737
"2024-02-05 18:11:48.0000",9.78,76.64,3.57457089424133,6.01647814977766,18.2235533563125
"2024-02-05 18:41:43.0000",9.66,76.66,2.83650922775269,5.34646339271909,16.5754049341469
"2024-02-05 19:11:41.0000",9.57,77.34,3.56346273422241,5.87210265744308,16.8659719938219
"2024-02-05 19:41:38.0000",9.66,78.11,3.0432870388031,5.37087921490119,16.8040511386843
"2024-02-05 20:11:30.0000",9.8,78.64,2.88609623908997,4.78749420431814,15.4026555745788
"2024-02-05 20:41:27.0000",9.86,79.51,2.11630988121033,4.1671708008184,11.6481909695159
"2024-02-05 21:11:25.0000",9.96,80.36,2.64833092689514,4.98679041575703,13.5082966602535
"2024-02-05 21:41:21.0000",10.3,80.44,1.4978141784668,3.1245671048938,8.92813143640309
"2024-02-05 22:11:18.0000",10.35,80.3,1.72321081161499,3.73660249488831,11.3778961015886
"2024-02-05 22:41:15.0000",10.28,80.24,2.2963399887085,4.23156479984582,12.9560345215212
"2024-02-05 23:11:12.0000",10.21,80.39,1.84767532348633,3.56169524530654,10.9005415964472
"2024-02-05 23:41:05.0000",10.06,81.1,1.65048968791962,3.66326173137042,10.4111549386774
"2024-02-06 00:11:07.0000",9.97,81.35,1.58592629432678,3.1908983855607,9.0682848439374
"2024-02-06 00:41:03.0000",9.95,81.25,1.41657984256744,3.41399251819071,9.89339048974893
"2024-02-06 01:11:00.0000",9.85,80.85,1.52830910682678,3.38229206312419,10.3661071021918
"2024-02-06 01:40:52.0000",9.75,81.05,1.19877564907074,3.12348715070955,9.5318841367613
"2024-02-06 02:10:49.0000",9.71,80.89,1.0123233795166,2.58624228014879,8.03322981752781
"2024-02-06 02:40:45.0000",9.78,80.56,0.755532562732697,2.44548929777532,8.46405124383328
"2024-02-06 03:10:45.0000",9.71,80.41,0.8514524102211,2.56531184786726,8.29789171674638
"2024-02-06 03:40:37.0000",9.71,80.39,0.772161304950714,2.54621575735401,8.17608795758467
"2024-02-06 04:10:39.0000",9.38,80.54,0.665280401706696,2.25885801632503,7.37078501785771
"2024-02-06 04:40:36.0000",9.18,80.91,0.757674753665924,2.52807037029766,8.07509117358145
"2024-02-06 05:10:28.0000",9.19,80.92,0.672012448310852,2.04539414544681,6.47436348975357
"2024-02-06 05:40:20.0000",9.07,81.14,0.735422909259796,2.21375314456584,7.75639448165123
"2024-02-06 06:10:17.0000",9.33,81.19,0.400354504585266,1.77933286059953,6.35416948504281
"2024-02-06 06:40:14.0000",9.68,80.87,1.49039006233215,3.15727712247534,10.8684643825589
"2024-02-06 07:10:11.0000",9.36,80.66,0.695900082588196,2.40405097014214,7.791805707204
"2024-02-06 07:40:04.0000",9.11,81.98,1.22667515277863,3.0850682286244,9.67951775057757
"2024-02-06 08:10:01.0000",9.06,82.7,2.34088492393494,4.10691687839751,12.8845533618033
"2024-02-06 08:39:58.0000",8.91,83.61,3.51129412651062,6.35146581699851,19.1383315266566
"2024-02-06 09:09:54.0000",8.88,84.49,3.69701433181763,6.1027697639013,16.823339655621
"2024-02-06 09:39:52.0000",9.14,85.19,2.89208912849426,4.68930081372819,14.6915074041443
"2024-02-06 10:09:48.0000",9.45,85.83,2.03787755966187,3.69432700385111,11.3300266159765
"2024-02-06 10:39:45.0000",9.39,86.28,3.06306314468384,4.95368590294926,13.9315090414175
"2024-02-06 11:09:43.0000",9.16,87.06,3.24606728553772,4.8456081776402,14.1849311221314
"2024-02-06 11:34:26.0000",8.16,94.16,1.41066610813141,2.49589018264976,6.5904835074799
"2024-02-06 11:39:35.0000",7.33,88.15,1.59200394153595,2.77885248182598,7.13596747014233
"2024-02-06 12:09:27.0000",6.23,89.27,1.31867611408234,2.24889080178559,6.57514789770867
"2024-02-06 12:39:24.0000",6.16,89.02,2.1112904548645,3.39585787886316,9.08310973135131
"2024-02-06 13:09:17.0000",5.57,88.71,1.19173741340637,2.55734614249843,8.42304807987079
"2024-02-06 13:39:13.0000",5.36,89.12,2.0025577545166,4.22392475251284,14.0336621457392
"2024-02-06 14:09:11.0000",5.32,89.06,1.97004115581512,3.82402079716658,11.5162326815654
"2024-02-06 14:39:07.0000",5.45,89.26,2.41435885429382,4.50154681640814,13.4479755680172
"2024-02-06 15:09:05.0000",5.44,89.05,2.35693955421448,4.72572679830564,15.7424568905588
"2024-02-06 15:39:01.0000",5.36,89.12,2.75294804573059,5.48742655771496,14.7901673913009
"2024-02-06 16:08:58.0000",5.34,88.71,1.74583387374878,3.28573786347343,11.3719994422999
"2024-02-06 16:38:50.0000",5.13,88.45,1.64926636219025,3.05179926129785,9.78615543438197
"2024-02-06 17:08:53.0000",5.08,88.4,2.73362731933594,4.74512684216396,13.4520980453191
"2024-02-06 17:38:45.0000",5.26,88.11,1.65036010742188,3.33151268269928,9.59483741897284
"2024-02-06 18:08:42.0000",5.34,87.79,1.81093072891235,3.60154438697689,11.690119597385
"2024-02-06 18:38:40.0000",5.35,87.77,2.31151938438416,4.37570621423297,14.3851262415125
"2024-02-06 19:08:36.0000",5.46,87.62,2.93088269233704,4.9452891939413,16.281492255824
"2024-02-06 19:38:38.0000",5.42,87.61,3.73945999145508,6.59522451120913,24.269540088598
"2024-02-06 20:08:25.0000",4.75,87.59,7.2231388092041,9.2224797739265,22.795622261124
"2024-02-06 20:38:22.0000",4.41,87.54,3.49023652076721,5.82930432624536,16.9872038979048
"2024-02-06 21:08:20.0000",4.19,87.55,4.1549916267395,6.85340057777698,21.5573030552797
"2024-02-06 21:38:17.0000",4.22,87.62,5.0327672958374,7.67191138194859,24.0399133017187
"2024-02-06 22:08:14.0000",4.31,87.26,5.26419067382812,8.34930787413504,24.6024807253502
"2024-02-06 22:38:11.0000",4.16,87.08,3.89518332481384,6.16770826893504,21.3763654886817
"2024-02-06 23:08:09.0000",4.05,86.71,3.76545596122742,6.96630028371879,20.5854257899574
"2024-02-06 23:38:01.0000",3.87,86.81,4.24849557876587,7.10872779936251,24.9902178547274
"2024-02-07 00:07:57.0000",3.69,86.84,4.78642988204956,8.08390905182975,24.1850690045157
"2024-02-07 00:37:57.0000",3.47,86.9,4.40978336334229,6.99734171233809,21.3742330009987
"2024-02-07 01:07:51.0000",3.23,86.85,3.6934654712677,5.96442029983437,17.9356299202567
"2024-02-07 01:37:50.0000",3.16,86.6,2.91623091697693,5.20192627457556,16.8148009319347
"2024-02-07 02:07:46.0000",3.07,86.52,3.01450657844543,5.38669684601015,15.2461354898639
"2024-02-07 02:37:44.0000",3.02,86.32,2.91725873947144,5.18038551784588,19.5160774670006
"2024-02-07 03:07:40.0000",2.85,86.02,3.26223301887512,5.65812222489672,18.7512176527225
"2024-02-07 03:37:37.0000",2.27,85.88,2.94905948638916,5.46281551225119,17.5774292117337
"2024-02-07 04:07:33.0000",2.27,86.22,1.94438028335571,3.6239426920931,11.3876908332766
"2024-02-07 04:37:27.0000",1.47,85.39,1.81841206550598,3.44749502351353,9.32401913037205
"2024-02-07 05:07:19.0000",0.53,85.16,1.86144423484802,3.79775965727472,11.1219972662921
"2024-02-07 05:37:15.0000",-0.05,85.84,2.12940454483032,3.66265161539255,9.50436848277702
"2024-02-07 06:07:08.0000",-0.41,85.92,2.86114645004272,4.6606537507366,12.4221926632801
"2024-02-07 06:37:04.0000",-0.37,86.23,3.61013388633728,5.37934639834535,14.2611218207637
"2024-02-07 07:07:02.0000",-0.04,86.34,4.68125820159912,5.95763257361861,14.917324153959
"2024-02-07 07:36:59.0000",0.28,86.41,5.77354764938354,6.9863858746086,17.7237699238953
"2024-02-07 08:06:56.0000",0.73,86.4,4.70690822601318,5.98782347625317,14.9339683359551
"2024-02-07 08:36:53.0000",1.25,86.35,4.09591150283813,5.31765880194072,13.7502820350056
"2024-02-07 09:06:50.0000",1.61,86.24,4.29020166397095,5.56086316289163,13.3787929697751
"2024-02-07 09:36:48.0000",2.11,86.19,4.54662036895752,6.17727264982364,15.367042686901
"2024-02-07 10:06:44.0000",2.81,86.15,4.78876876831055,6.2912613013746,13.8197092565117
"2024-02-07 10:36:41.0000",3.95,85.72,3.20943903923035,4.75786915823771,12.5682110168314
"2024-02-07 11:06:44.0000",6.61,83.51,2.21120500564575,3.39784891948491,12.1439590637683
"2024-02-07 11:36:41.0000",8.1,81.59,2.06700778007507,3.28961541520098,9.12490848749013
"2024-02-07 12:00:09.0000",8.48,71.74,2.43456745147705,4.34075237159753,13.6371543904957
"2024-02-07 12:06:33.0000",8.22,82,2.1221034526825,3.97724673865762,14.2891152941994
"2024-02-07 12:36:30.0000",9.06,79.27,2.26334142684937,3.84875056561235,14.1049886648788
"2024-02-07 13:06:27.0000",8.85,78.67,2.14300084114075,3.94446549385517,12.6333471215291
"2024-02-07 13:36:24.0000",7.63,76.19,2.80949592590332,4.78151567065763,13.9931222084037
"2024-02-07 14:06:16.0000",7.74,77.14,3.29514217376709,5.57210387700969,19.9426678726505
"2024-02-07 14:36:18.0000",8.43,76.08,3.05639433860779,5.8538298327442,18.8069485212928
"2024-02-07 15:06:10.0000",7.56,74.71,3.49406433105469,5.80681748310365,19.6963981551407
"2024-02-07 15:36:07.0000",6.32,73.27,3.27137470245361,5.88385379956069,19.8800778025511
"2024-02-07 16:06:00.0000",5.38,73.63,3.32186698913574,5.58696634344222,17.4647123540796
"2024-02-07 16:35:51.0000",4.87,74.24,3.96671652793884,6.13159505629347,22.6912664990063
"2024-02-07 17:05:49.0000",4.24,74.85,3.9402015209198,6.56357891059324,18.1320601550175
"2024-02-07 17:35:46.0000",3.52,75.49,3.81726861000061,5.93719674513319,19.5794974381338
"2024-02-07 18:05:43.0000",3.02,76.52,10.9682836532593,11.5150930977379,22.3482681548307
"2024-02-07 18:35:35.0000",2.81,77.2,12.9677867889404,13.4658288085077,26.777058807662
"2024-02-07 19:05:32.0000",2.88,77.46,9.62990951538086,10.731823571669,24.4209767728112
"2024-02-07 19:35:29.0000",2.72,77.59,8.45066833496094,9.59070080413443,19.6646068668361
"2024-02-07 20:05:27.0000",2.46,78.01,6.91106224060059,9.05957535155377,24.8582978367695
"2024-02-07 20:35:24.0000",2.6,78.26,9.96255683898926,10.7777887564307,22.1258804377732
"2024-02-07 21:05:15.0000",2.35,78.49,7.2416205406189,8.50415044142687,19.9019849867071
"2024-02-07 21:35:13.0000",1.97,78.91,7.62467288970947,9.34549944160408,23.658700444592
"2024-02-07 22:05:05.0000",1.56,79.35,6.81089973449707,8.28458663060716,20.8239278096414
"2024-02-07 22:35:02.0000",1.42,79.61,7.67613983154297,9.25466972079431,24.4523577120974
"2024-02-07 23:04:59.0000",1.24,79.66,9.13861179351807,10.4369760248373,23.7883427895225
"2024-02-07 23:34:56.0000",1.26,80.29,11.0666131973267,11.974944386254,25.2466819701689
"2024-02-08 00:04:53.0000",1.52,80.55,11.3212060928345,12.4811896902069,26.1377169617574
"2024-02-08 00:34:51.0000",1.34,80.59,11.5356798171997,12.5641981220876,26.0976200182611
"2024-02-08 01:04:49.0000",1.74,81,12.4217844009399,13.1978439761659,27.2985683553053
"2024-02-08 01:34:47.0000",1.94,80.86,13.3156261444092,14.0480492566118,28.7793001421562
"2024-02-08 02:04:36.0000",1.73,81.19,14.2588720321655,14.7270754263231,26.988700824376
"2024-02-08 02:34:34.0000",1.62,81.48,13.2732734680176,13.8339084331571,26.2994021910276
"2024-02-08 03:04:45.0000",1.48,81.72,16.9141616821289,17.2150430192264,30.8603267426939
"2024-02-08 03:34:33.0000",1.44,81.86,14.3562812805176,15.2157121611323,27.7192525414131
"2024-02-08 04:04:29.0000",1.49,81.96,12.787896156311,13.6863589651577,24.5772142980333
"2024-02-08 05:04:20.0000",1.86,82.16,12.3525581359863,12.8993790305953,22.4524554054143
"2024-02-08 05:34:16.0000",2.04,82.04,12.5092096328735,13.4900547549583,25.3237279589597
"2024-02-08 06:04:14.0000",2.12,81.86,12.5599098205566,12.9431004634309,22.2504370543398
"2024-02-08 06:34:06.0000",1.59,82.52,10.8064136505127,12.2163030543817,21.9337341239673
"2024-02-08 07:04:02.0000",1.35,83.25,12.072657585144,13.8720992480014,30.3199957079215
"2024-02-08 07:33:59.0000",1.37,83.77,9.2434024810791,11.4324259933093,24.1684921007058
"2024-02-08 08:03:57.0000",1.31,84.18,7.27004861831665,8.74085085793992,17.9859455983763
"2024-02-08 08:33:54.0000",1.23,84.59,6.83391189575195,7.67192153528887,14.7216362455599
"2024-02-08 09:03:51.0000",0.87,85.05,5.20140552520752,6.38856312616014,13.4302374147319
"2024-02-08 09:33:44.0000",0.67,85.54,5.99237489700317,6.48102335526397,10.9049442321458
"2024-02-08 10:03:40.0000",0.65,85.59,5.60327053070068,5.99389297796151,10.1878408779272
"2024-02-08 10:33:37.0000",0.47,85.84,3.86345839500427,4.47278085414127,8.24684778116868
"2024-02-08 11:03:34.0000",0.46,86.12,3.25475025177002,3.8358083729248,7.52688179657899
"2024-02-08 11:33:31.0000",0.38,86.36,1.38477873802185,2.64735404357243,7.6237434548828
"2024-02-08 12:03:23.0000",0.21,86.76,2.71394085884094,3.34954283261304,7.18002059978074
"2024-02-08 12:33:21.0000",-0.01,87.24,3.05662274360657,3.35729907012833,6.70082570254481
"2024-02-08 13:03:17.0000",0.39,87.13,3.17410683631897,3.4101228436538,7.02348017489904
"2024-02-08 13:33:15.0000",0.79,87.23,2.09125924110413,2.56314148536305,5.55677118420208
"2024-02-08 14:03:12.0000",0.86,87.08,3.50991582870483,3.75210663595142,7.13568289484805
"2024-02-08 14:33:04.0000",0.9,87.43,3.04474282264709,3.40880637137992,6.9614910245256
"2024-02-08 15:03:01.0000",0.98,87.6,4.56804323196411,4.3140326689732,7.7430223749405
"2024-02-08 15:32:59.0000",0.97,87.76,3.20446562767029,3.40658143314597,6.33237090613795
"2024-02-08 16:02:55.0000",0.97,87.9,3.74676728248596,3.83844087979233,7.41409497645556
"2024-02-08 16:32:52.0000",0.88,88.3,2.61719560623169,2.94467907161332,6.14576648891185
"2024-02-08 17:02:49.0000",0.84,88.67,2.06798887252808,2.45966828719485,5.11846437734528
"2024-02-08 17:32:46.0000",0.85,88.9,1.51738440990448,2.05182017200746,4.97626384744956
"2024-02-08 18:02:44.0000",0.92,88.91,2.32474088668823,2.77875482305347,5.40538301885968
"2024-02-08 18:32:41.0000",0.89,88.91,2.83881998062134,3.0949442244096,5.84661039695274
"2024-02-08 19:02:38.0000",0.92,89.05,3.02790904045105,3.47210026538383,7.27129422713394
"2024-02-08 19:32:32.0000",1.12,88.98,1.93470013141632,2.47748898489845,5.19881550291387
"2024-02-08 20:02:32.0000",1.34,88.96,1.62314116954803,2.21595503910992,4.81326961611006
"2024-02-08 20:32:24.0000",1.53,89.01,1.22844588756561,1.80044559217387,4.44762896404447
"2024-02-08 21:02:21.0000",1.65,88.93,1.68720638751984,2.22103169977974,4.98208753048724
"2024-02-08 21:32:18.0000",1.48,89.41,1.41191267967224,1.98603186943528,4.95268188712944
"2024-02-08 22:02:16.0000",1.52,89.88,1.18708384037018,1.77965227435348,4.40080669089998
"2024-02-08 22:32:13.0000",1.68,90.2,0.683803141117096,1.45389059714221,4.45944584889365
"2024-02-08 23:02:10.0000",1.77,90.26,1.11582434177399,1.65959815151131,4.21956248069798
"2024-02-08 23:32:07.0000",1.75,90.27,1.00364315509796,1.52984608554187,4.12641454740661
"2024-02-09 00:02:04.0000",1.82,90.35,1.06093263626099,1.72724415618489,4.69211714855595
"2024-02-09 00:32:01.0000",1.83,90.32,0.77697741985321,1.43803850890682,4.51885515913502
"2024-02-09 01:01:54.0000",1.84,90.34,0.986676692962646,1.52394908221647,4.02002991391555
"2024-02-09 01:31:56.0000",1.82,90.38,1.43643069267273,2.10868417400659,5.37669558799236
"2024-02-09 02:01:54.0000",1.86,90.42,0.898333668708801,1.53680621089506,4.3410164589506
"2024-02-09 02:31:50.0000",1.91,90.49,0.620495557785034,1.25191637193904,3.91255377524007
"2024-02-09 03:01:47.0000",1.97,90.55,0.761810839176178,1.39812326167157,4.18306223093321
"2024-02-09 03:31:49.0000",2.02,90.57,0.942522406578064,1.5149033823708,4.52776633480689
"2024-02-09 04:01:40.0000",2.1,90.6,1.22771739959717,1.73043152880072,4.10811243093953
"2024-02-09 04:31:38.0000",2.22,90.73,0.639755487442017,1.21621323231905,3.69774150469295
"2024-02-09 05:01:34.0000",2.35,90.74,0.718992650508881,1.24481038169071,3.79310359472495
"2024-02-09 05:31:27.0000",2.45,90.79,0.210488826036453,0.839055710898382,3.39532398401618
"2024-02-09 06:01:24.0000",2.57,90.9,0.488634467124939,1.02561832457644,3.54506641121341
"2024-02-09 06:31:21.0000",2.73,90.95,1.52116179466248,2.06190564111009,4.72409908642749
"2024-02-09 07:01:18.0000",2.9,91.05,1.91091740131378,2.27092561610666,4.66396078290564
"2024-02-09 07:31:10.0000",3.11,91.11,1.79868519306183,2.19757791016909,4.40282940187718
"2024-02-09 08:01:08.0000",3.29,91.17,4.00642061233521,4.040401464718,6.35060012899838
"2024-02-09 08:31:05.0000",3.59,91.36,7.01043367385864,6.74592217074542,9.86101773682811
"2024-02-09 09:01:02.0000",3.88,91.39,11.7394618988037,10.7046644401075,13.5271321741189
"2024-02-09 09:30:59.0000",4.24,91.53,11.177396774292,10.1563217755012,15.1545384840634
"2024-02-09 10:00:57.0000",4.74,91.56,7.31946039199829,6.69787580446729,8.31051182240973
"2024-02-09 10:30:54.0000",5.63,91.39,4.08595180511475,4.06902708019436,7.640699493259
"2024-02-09 11:00:50.0000",6.09,91.63,3.07296323776245,3.20716845265979,6.0685185314401
"2024-02-09 11:30:47.0000",6.49,91.34,4.92321920394897,4.82013656185552,9.52844786421227
"2024-02-09 12:00:45.0000",7.42,91.56,7.21843290328979,6.95837281735007,9.54794636962222
"2024-02-09 12:30:42.0000",8.33,90.93,6.82315635681152,6.24883793309508,8.98241577936976
"2024-02-09 13:00:39.0000",7.31,91.39,14.1195802688599,12.1490022525603,14.9150448870166
"2024-02-09 13:30:31.0000",6.8,92.26,17.6185569763184,14.189496311545,16.2451071024971
"2024-02-09 14:00:28.0000",6.64,92.07,11.4556159973145,9.76191095192717,11.9538390534972
"2024-02-09 14:30:25.0000",6.47,91.97,9.21063613891602,8.110846232926,10.8150159296593
"2024-02-09 15:00:23.0000",6.42,92.17,13.0868549346924,11.2724369104782,12.9734824848908
"2024-02-09 15:30:21.0000",6.47,91.97,8.26950263977051,7.64147391223459,10.5638276130015
"2024-02-09 16:00:17.0000",6.59,92.1,7.57863187789917,6.72556683042914,9.48833077978144
"2024-02-09 16:30:14.0000",6.72,92.05,10.3891792297363,8.65289002636946,11.0362310029887
"2024-02-09 17:00:07.0000",6.82,92.14,7.04010152816772,6.09346915291523,8.82408460924303
"2024-02-09 17:30:03.0000",6.68,92.07,9.91844654083252,8.28344226421182,10.5696340679208
"2024-02-09 18:00:00.0000",6.78,92.33,9.22648334503174,7.40707522720448,9.63357085453927
"2024-02-09 18:29:57.0000",6.88,92.34,7.64621829986572,6.09726599422608,8.60290303009853
"2024-02-09 18:59:55.0000",6.95,92.37,6.00061511993408,4.78039294201766,7.63318005968102
"2024-02-09 19:29:47.0000",6.94,92.4,5.60710144042969,4.79173987257336,7.79983800093957
"2024-02-09 19:59:43.0000",6.83,92.48,11.1331729888916,8.28287151667496,10.5786153410743
"2024-02-09 20:29:40.0000",6.75,92.58,6.01617193222046,5.2595384254113,7.41748939371945
"2024-02-09 20:59:37.0000",6.54,92.57,6.7459397315979,6.00214058456386,7.87609702397055
"2024-02-09 21:29:34.0000",5.66,92.46,1.57147884368896,2.06990972561938,4.53051185549285
"2024-02-09 21:59:27.0000",5.16,93.52,2.99598622322083,3.22499069106223,5.72658015819274
"2024-02-09 22:29:24.0000",5.3,93.51,4.44412088394165,4.52540230928215,7.64520013010277
"2024-02-09 22:59:21.0000",5.41,92.97,1.53661739826202,1.89970869423266,4.15423118520651
"2024-02-09 23:29:18.0000",5.4,93.12,0.673656523227692,1.2411874918515,3.69494987118298
"2024-02-09 23:59:15.0000",5.27,93.06,1.27914690971375,1.7758818875875,4.28867145575727
"2024-02-10 00:29:12.0000",4.76,93.33,1.32375586032867,1.78881983140506,4.38858146219286
"2024-02-10 00:59:09.0000",4.52,92.65,5.8533239364624,5.62382774202992,9.23739016622066
"2024-02-10 01:29:06.0000",3.71,92.99,0.697142839431763,1.23614038611906,3.62340914336488
"2024-02-10 01:59:04.0000",3.11,93.07,1.10097134113312,1.63450321889883,4.15459019693577
"2024-02-10 02:29:00.0000",2.75,93.17,0.64743971824646,1.16769970363195,3.63106398506375
"2024-02-10 02:58:57.0000",2.44,93.12,3.38989996910095,3.45201147092576,6.32827606178781
"2024-02-10 03:28:49.0000",2.39,93.49,1.94205069541931,2.2126973115914,5.35013238749257
"2024-02-10 03:58:46.0000",2.2,93.29,7.07659816741943,6.50458267851078,9.54922642681549
"2024-02-10 04:28:43.0000",2.06,93.64,0.997899532318115,1.51312117782134,3.97874715628706
"2024-02-10 04:58:40.0000",1.63,93.01,1.71352624893188,2.09562568881295,4.63523925732038
"2024-02-10 05:28:33.0000",1.84,93.42,0.942651152610779,1.47410245173533,4.00566730795159
"2024-02-10 05:58:25.0000",1.68,93.19,10.6746301651001,8.97272229790615,10.8572031899464
"2024-02-10 06:28:22.0000",1.67,93.4,1.02507090568542,1.50804457506991,3.98621847270034
"2024-02-10 06:58:20.0000",1.29,93.29,6.63049983978271,5.41187159337139,8.85237500301404
"2024-02-10 07:28:21.0000",1.3,93.56,1.35076308250427,1.74179434155524,4.10084334750263
"2024-02-10 07:58:13.0000",1.16,93.48,2.01188993453979,2.26490530784818,4.76667183623171
"2024-02-10 08:28:11.0000",1.38,94.21,11.5044994354248,9.59593779062033,13.1203705543166
"2024-02-10 08:58:08.0000",2.47,94.25,10.6339330673218,9.2155753224006,12.7953280133409
"2024-02-10 09:28:05.0000",3.66,93.87,3.59385681152344,3.28348291453931,5.9617279151684
"2024-02-10 09:58:02.0000",4.47,92.95,10.4548330307007,9.4033728682644,12.5357762514113
"2024-02-10 10:28:00.0000",4.83,93.72,7.63291454315186,7.24496213324633,9.9721996544534
"2024-02-10 10:57:56.0000",5.6,94.04,10.4928684234619,8.96991321698994,10.0021969702602
"2024-02-10 11:27:54.0000",5.86,92.79,10.7485618591309,9.75283874931595,13.837003753849
"2024-02-10 11:57:50.0000",5.59,93.32,30.4198207855225,25.2750152985048,25.0881141218118
"2024-02-10 12:27:48.0000",7.76,92.63,16.5847473144531,14.9591422788207,16.5728469872419
"2024-02-10 12:57:45.0000",7.49,90.37,8.53651428222656,7.78085490983989,9.01987648422548
"2024-02-10 13:27:42.0000",8.63,91.83,2.93995690345764,3.09029469304972,6.1910331040286
"2024-02-10 13:57:39.0000",10.97,91.48,3.57755303382874,4.15384364945274,8.32878830633936
"2024-02-10 14:27:37.0000",10.25,88.42,1.84779596328735,2.94110736175407,6.75119858754102
"2024-02-10 14:57:29.0000",9.32,92.25,2.34643459320068,3.36774642019485,10.5614409854846
"2024-02-10 15:27:25.0000",9.23,92.38,3.24376559257507,4.69597241691908,13.1732050847979
"2024-02-10 15:57:22.0000",9.79,92.27,2.85050940513611,4.39199577658226,14.6779185509077
"2024-02-10 16:27:20.0000",8.42,90.81,3.40205359458923,4.54166792311113,12.1792014810222
"2024-02-10 16:57:16.0000",6.92,90.86,4.36249494552612,5.33522025734587,12.2895279316381
"2024-02-10 17:27:08.0000",5.8,91.19,8.07433319091797,8.54338693028581,16.3870988190817
"2024-02-10 17:57:00.0000",5.06,91.68,12.4157409667969,12.6950604100695,21.5141033086976
"2024-02-10 18:26:59.0000",4.65,92.4,15.2133674621582,14.3236145715426,21.5442678640883
"2024-02-10 18:56:55.0000",4.32,92.46,13.6498699188232,12.7166864369399,17.2995618940699
"2024-02-10 19:26:47.0000",4.14,92.74,11.694372177124,11.2307412705989,17.9945686534071
"2024-02-10 19:56:44.0000",4.13,92.98,9.08990669250488,9.02137331777596,13.505683607752
"2024-02-10 20:26:41.0000",3.86,93.2,12.2130126953125,11.3508055471866,16.083967909057
"2024-02-10 20:56:38.0000",3.57,93.57,19.258264541626,16.9317840743633,21.8966145992722
"2024-02-10 21:26:30.0000",3.5,93.83,21.06813621521,18.8113137046803,22.5378191328779
"2024-02-10 21:56:28.0000",3.49,93.87,29.2368106842041,25.1768614829603,28.14019581215
"2024-02-10 22:26:24.0000",3.65,94.07,33.3769035339355,27.8895567781407,29.1548547606864
"2024-02-10 22:56:21.0000",3.65,94.18,38.3914451599121,29.9643660024012,32.3066825294546
"2024-02-10 23:26:19.0000",3.58,94.03,44.0672874450684,32.8346358773786,36.2841052218761
"2024-02-10 23:56:11.0000",3.22,94.13,48.6893501281738,34.1180333358984,43.5506573010314
"2024-02-11 00:26:08.0000",3.15,94.18,54.1658935546875,36.9064385259198,50.7951444398864
"2024-02-11 00:56:05.0000",2.85,93.9,48.7739219665527,35.0728524245875,46.0469145130598
"2024-02-11 01:26:05.0000",2.55,93.91,61.9866600036621,46.2505385334179,75.2382572638424
"2024-02-11 01:56:04.0000",2.35,94.5,62.6498680114746,44.6769383979221,69.0414560978773
"2024-02-11 02:25:51.0000",2.23,94.36,73.8830871582031,61.6378115350389,115.198887704031
"2024-02-11 02:55:53.0000",1.95,94.47,71.9841156005859,55.0936850686486,90.0538266975952
"2024-02-11 03:25:45.0000",1.58,94.48,74.1782455444336,56.4136810787245,95.2202343797643
"2024-02-11 03:55:43.0000",1.39,94.6,79.4378662109375,65.8327718980998,112.099853728109
"2024-02-11 04:25:41.0000",1.25,94.72,86.376335144043,79.6706569289294,140.259368860919
"2024-02-11 04:55:38.0000",1.13,94.91,89.5911102294922,76.5171096642907,131.690878322398
"2024-02-11 05:25:29.0000",1.14,94.92,100.228294372559,95.6397783139289,172.481128767252
"2024-02-11 05:55:26.0000",0.84,94.6,88.4669647216797,74.9762275523995,129.196336931862
"2024-02-11 06:25:23.0000",1.53,95.74,60.9507522583008,51.1610532433346,89.4040001560998
"2024-02-11 06:55:25.0000",3.06,96.06,81.5275421142578,58.3494102752097,95.6435075656374
"2024-02-11 07:25:17.0000",2.82,95.93,54.2262649536133,38.1849436965474,48.7924571698156
"2024-02-11 07:55:14.0000",3.21,96.56,31.6147022247314,25.541284075765,28.6048772185134
"2024-02-11 08:25:12.0000",3.48,97.01,39.7274932861328,31.1094531867059,36.4042256717007
"2024-02-11 08:55:09.0000",4.07,97.45,45.223258972168,33.4424689291547,36.0260958807129
"2024-02-11 09:25:06.0000",4.58,97.71,81.8136444091797,47.8472443326444,71.4004517359742
"2024-02-11 09:55:03.0000",5.09,97.82,78.8860855102539,43.4765320878837,70.01345173211
"2024-02-11 10:25:00.0000",5.45,97.82,77.5907592773438,42.2448291452791,60.8163577682775
"2024-02-11 10:54:57.0000",6.01,98.22,57.8981246948242,39.5683876518671,46.9119726354247
"2024-02-11 11:24:55.0000",6.35,97.69,26.1676921844482,23.1880842931472,27.4432713912715
"2024-02-11 11:54:47.0000",6.38,97.64,13.9942502975464,14.6082683394037,21.4500980943156
"2024-02-11 12:24:43.0000",7.07,94.49,9.86715793609619,10.8388973715985,17.8665733393105
"2024-02-11 12:54:40.0000",7.07,89.53,11.0732727050781,11.4221144368926,19.8986283789403
"2024-02-11 13:24:32.0000",6.48,90.59,4.3047022819519,5.03106441098249,10.3614188576909
"2024-02-11 13:54:30.0000",7.07,89.53,2.08873438835144,3.84681802492372,9.8667267266832
"2024-02-11 14:24:26.0000",8.4,86.88,1.66980934143066,3.48424563008321,10.1326235909968
"2024-02-11 14:54:24.0000",8,80.97,1.27899670600891,3.21734443147665,9.74717439543841
"2024-02-11 15:24:21.0000",7.36,81.62,1.74410152435303,3.78071477533189,13.3641607325893
"2024-02-11 15:54:19.0000",9.05,80.47,1.44269847869873,3.97548561346089,13.2522494903624
"2024-02-11 16:24:16.0000",7.61,78.16,1.75944435596466,3.65201009255807,10.6343931751886
"2024-02-11 16:54:07.0000",6.35,82.84,1.91299045085907,4.26832320027017,13.1279620383955
"2024-02-11 17:24:04.0000",5.75,84.73,3.00446271896362,5.49706242248295,20.0556216333336
"2024-02-11 17:54:01.0000",5.18,85.78,2.8263726234436,5.34694333780843,18.3833349160548
"2024-02-11 18:24:04.0000",5.77,82.61,4.24717283248901,6.12181595961673,15.0410746457002
"2024-02-11 18:53:50.0000",4.52,87.19,4.21604490280151,5.71806052446557,14.7231521479102
"2024-02-11 19:23:48.0000",4.31,88.29,2.90310192108154,4.10815941717274,10.2095930088211
"2024-02-11 19:53:45.0000",4.46,88.16,4.12019491195679,5.12832257792553,12.4846402933386
"2024-02-11 20:23:42.0000",3.47,88.18,2.59159064292908,4.06505759416626,10.3445861667548
"2024-02-11 20:53:39.0000",3.36,88.92,2.89985036849976,4.11701672853581,11.5156177381251
"2024-02-11 21:23:32.0000",3.55,88.06,1.78973615169525,3.08476250044334,7.83343667349765
"2024-02-11 21:53:28.0000",3.68,88.14,2.77985858917236,3.89248032560987,9.33475665438358
"2024-02-11 22:23:26.0000",3.46,87.41,1.51236283779144,2.69865305102118,7.91505491002332
"2024-02-11 22:53:22.0000",2.62,87.59,1.62269425392151,2.85476630137939,7.95488138787813
"2024-02-11 23:23:14.0000",2.16,87.92,1.69819164276123,3.11548706996888,8.59118397798091
"2024-02-11 23:53:12.0000",2.4,88.56,1.72437131404877,3.13153574027251,8.94500049364465
"2024-02-12 00:23:09.0000",2.5,88.4,1.6300847530365,2.85699782433425,8.84082928182163
"2024-02-12 00:53:07.0000",2.01,87.87,1.91068387031555,3.24975407522473,11.3306798954475
"2024-02-12 01:23:03.0000",1.84,88.75,1.35944664478302,2.68474967867182,8.89680429410334
"2024-02-12 01:53:00.0000",2.47,88.74,1.62858867645264,3.22999321405982,9.97714943148265
"2024-02-12 02:22:57.0000",3.18,88.34,1.45540833473206,3.11724857357793,10.0752269515964
"2024-02-12 02:52:58.0000",3.21,87.59,1.04665577411652,2.53266081033399,8.90108687062927
"2024-02-12 03:22:51.0000",2.23,87.72,1.18240296840668,2.60414030631313,8.40073486839748
"2024-02-12 03:52:44.0000",1.85,87.99,0.862705230712891,2.470980048194,7.60982808660266
"2024-02-12 04:22:44.0000",1.34,88.41,0.882222354412079,2.57067479846562,9.0283600672533
"2024-02-12 04:52:43.0000",1.2,88.33,0.835745453834534,2.23325057849598,8.82613521811554
"2024-02-12 05:22:29.0000",1.01,88.5,0.780547916889191,2.32119438108806,7.78232743587896
"2024-02-12 05:52:27.0000",0.75,88.64,0.866442561149597,2.21429613122684,7.68101110211091
"2024-02-12 06:22:24.0000",0.64,89.16,1.13851571083069,2.57212943904534,8.40857227185986
"2024-02-12 06:52:21.0000",1.46,88.96,0.862866163253784,2.19711242622356,7.89379247743195
"2024-02-12 07:22:18.0000",2.15,88.78,1.1068332195282,2.48464131259962,9.5424576422574
"2024-02-12 07:52:16.0000",2.48,88.73,1.79142272472382,3.6521153723977,11.6771640765396
"2024-02-12 08:22:12.0000",3.23,88.05,1.67288494110107,3.45112470190645,11.5858372148697
"2024-02-12 08:52:09.0000",4.32,86.41,1.63282084465027,3.61221844838075,13.1182089696043
"2024-02-12 09:22:11.0000",7.41,79.7,1.7843701839447,3.38037466604813,8.93513377362586
"2024-02-12 09:52:09.0000",8.67,69.31,1.72878813743591,3.91023596751212,11.6500889503819
"2024-02-12 10:22:06.0000",9.24,66.75,1.73318064212799,4.38017622690848,16.7923010546235
"2024-02-12 10:52:03.0000",10.04,61.79,1.69642543792725,4.64354371349627,15.582040247507
"2024-02-12 11:22:00.0000",10.84,61.53,1.43826174736023,4.12805420970944,14.952479038622
"2024-02-12 11:51:57.0000",12.28,55.53,1.54462707042694,4.65237285310186,20.2080339882106
"2024-02-12 12:21:54.0000",13.09,49.43,1.46484959125519,5.16086908203454,17.770642351639
"2024-02-12 12:51:52.0000",12.75,50.27,1.72046029567719,5.28068534189388,33.5181004550085
"2024-02-12 13:21:44.0000",9.61,52.69,1.15584170818329,4.83538791071369,23.204297715968
"2024-02-12 13:51:41.0000",12.65,54.97,0.754335820674896,3.88179250005056,14.0461267008407
"2024-02-12 14:21:43.0000",13.82,51.05,1.28673028945923,4.58591881675309,18.0490867116434
"2024-02-12 14:51:35.0000",12.61,51.07,1.85398948192596,5.12128179895733,17.4500571451744
"2024-02-12 15:21:27.0000",9.07,54.57,0.925782203674316,4.30875594427277,13.8533563936312
"2024-02-12 15:51:24.0000",10.66,58.52,1.03863596916199,4.1284115001833,15.2750578295307
"2024-02-12 16:21:16.0000",8.22,57.82,1.55117535591125,4.47659839252213,16.284141639902
"2024-02-12 16:51:14.0000",6.94,60.88,1.38671314716339,4.35819976531361,15.3004308313605
"2024-02-12 17:21:06.0000",6.62,63.04,1.22263872623444,4.13142002360535,15.0325644276037
"2024-02-12 17:51:03.0000",6.06,64.68,1.59160602092743,4.74455346672094,15.9573358979503
"2024-02-12 18:20:59.0000",5.7,66.3,1.60707604885101,4.57486056321277,16.5499188602682
"2024-02-12 18:50:51.0000",5.61,67.32,1.43403387069702,4.05359477734167,13.3432485899233
"2024-02-12 19:20:48.0000",5.4,68.29,1.52033054828644,4.46083490927803,15.5104983611661
"2024-02-12 19:50:46.0000",5,69.27,2.18674778938293,4.44858613598836,14.1570600435378
"2024-02-12 20:20:43.0000",5.32,69.91,1.70362305641174,4.6953745445465,16.5454392968776
"2024-02-12 20:50:40.0000",5.74,70.67,1.75671446323395,4.49607577000387,15.4673523272757
"2024-02-12 21:20:32.0000",5.84,71.25,1.8821587562561,4.54554435452539,16.4782398177883
"2024-02-12 21:50:29.0000",5.95,71.98,1.73653674125671,3.90110147672208,12.5804657592609
"2024-02-12 22:20:26.0000",5.77,73.14,1.89148151874542,4.62549236261931,17.5003664284708
"2024-02-12 22:50:23.0000",5.49,73.54,2.17408800125122,4.78685765772717,13.491346588728
"2024-02-12 23:20:20.0000",6.09,74.49,1.39433670043945,3.62716470243298,12.4666777551806
"2024-02-12 23:50:12.0000",6.34,73.82,1.07242751121521,2.90078974840862,8.81286314646325
"2024-02-13 00:20:15.0000",6.23,73.83,1.56750380992889,3.50131178598842,11.5933578232838
"2024-02-13 00:50:12.0000",5.81,74.1,1.39655613899231,3.23883675533029,9.86585246685161
"2024-02-13 01:20:08.0000",5.67,74.56,1.30332636833191,3.52893532366886,11.1224353005077
"2024-02-13 01:50:01.0000",5.01,74.79,1.32481670379639,3.64221325924467,11.4125729343761
"2024-02-13 02:19:58.0000",4.24,75.34,1.15761804580688,3.59809371502868,13.7645931848159
"2024-02-13 02:49:51.0000",4.33,76.01,1.26697874069214,3.40435386176894,12.9856794975911
"2024-02-13 03:19:53.0000",4.69,75.77,1.32873749732971,3.8396124610718,11.9140572548292
"2024-02-13 03:49:45.0000",4.65,75.97,1.17574107646942,3.48318456856799,11.7442493318445
"2024-02-13 04:19:46.0000",4.62,76.06,1.44228446483612,3.53663132923215,12.4178301945284
"2024-02-13 04:54:11.0000",5.93,72.22,1.04442524909973,3.2677208153264,11.4938068017458
"2024-02-13 05:23:51.0000",4.6,73.3,1.1163330078125,3.29309099223232,10.921072959904
"2024-02-13 05:53:38.0000",2.78,77.51,1.3057427406311,3.4190982988691,14.2525245216284
"2024-02-13 06:23:35.0000",3.3,77.88,1.44764995574951,3.55708996045092,11.9080658678893
"2024-02-13 06:53:33.0000",2.94,78.11,1.2908056974411,3.42369943139874,10.6635547214539
"2024-02-13 07:23:30.0000",2.83,78.77,1.71928107738495,4.08378160904307,14.3794735639055
"2024-02-13 07:53:21.0000",3.37,79.04,2.78435230255127,5.2815430068453,17.8555164761952
"2024-02-13 08:23:19.0000",3.82,79.19,2.32656168937683,4.16026142842329,11.6169124637078
"2024-02-13 08:53:16.0000",4.34,79.38,1.28730940818787,3.22429952264833,9.58702677380537
"2024-02-13 09:23:13.0000",4.78,79.76,1.27002739906311,2.86903774618346,7.88748001337124
"2024-02-13 09:53:10.0000",5.28,80.17,1.23347103595734,2.55316881695825,7.57135190379068
"2024-02-13 10:23:07.0000",5.91,80.18,1.23591303825378,2.6773235161532,10.6813428950698
"2024-02-13 10:53:05.0000",6.83,79.98,0.764031171798706,2.11492893003216,6.85015907069996
"2024-02-13 11:23:01.0000",7.45,79.65,1.71223616600037,3.34930879936024,20.0660496607266
"2024-02-13 11:52:59.0000",7.64,78.97,1.14702427387238,2.89017214352751,10.557058469084
"2024-02-13 12:22:57.0000",7.83,79.37,0.986452221870422,2.78060796098731,13.0422715655436
"2024-02-13 12:52:54.0000",8.24,78.76,0.881985723972321,2.60601667253265,9.172108592958
"2024-02-13 13:22:51.0000",8.61,78.67,1.20862674713135,2.98464216346466,12.6333455011047
"2024-02-13 13:52:47.0000",9.01,78.62,1.79925811290741,3.19375565260593,8.4623866627717
"2024-02-13 14:22:44.0000",9.1,77.24,1.38491833209991,2.71987729463504,7.6557828907086
"2024-02-13 14:52:36.0000",8.13,77.57,1.3040783405304,2.89004793910096,8.48043358972386
"2024-02-13 15:22:38.0000",7.74,78.12,1.80745553970337,3.05410148209102,8.22421265550445
"2024-02-13 15:52:30.0000",7.53,78.43,2.34828090667725,3.53129419583185,9.01158111912715
"2024-02-13 16:22:28.0000",7.17,78.79,3.72632598876953,4.68694084820921,11.071147342665
"2024-02-13 16:52:20.0000",6.94,79.59,3.38780498504639,4.29277397459296,10.8231801574669
"2024-02-13 17:22:17.0000",6.97,79.85,4.30490684509277,4.79267838005865,10.5747111435535
"2024-02-13 17:52:14.0000",6.92,80.17,11.2701768875122,10.1899578079792,13.6818236802407
"2024-02-13 18:22:12.0000",6.74,80.58,24.8637924194336,21.5061121455508,26.6688155138194
"2024-02-13 18:52:09.0000",6.69,81.09,31.5862579345703,27.0354213229666,30.4699543258473
"2024-02-13 19:22:05.0000",6.54,81.52,41.4570770263672,35.5014297976698,37.9195840838794
"2024-02-13 19:52:03.0000",6.49,81.9,49.3027648925781,40.8705710226788,44.3889408074921
"2024-02-13 20:22:00.0000",6.45,82.39,57.4949913024902,41.0624882864837,41.4084611481781
"2024-02-13 20:51:57.0000",6.45,82.83,77.7008056640625,43.926315728975,46.7610500288294
"2024-02-13 21:21:54.0000",6.52,83.28,73.34619140625,31.3869614661837,47.4714832127313
"2024-02-13 21:51:46.0000",6.55,83.66,74.1062622070312,23.0538018432249,32.4226497523123
"2024-02-13 22:21:43.0000",6.58,84.06,77.1647338867188,27.0447802398737,48.6406188317069
"2024-02-13 22:51:40.0000",6.58,84.41,72.7266464233398,26.8560411112468,49.1126760721834
"2024-02-13 23:21:38.0000",6.58,84.73,73.2921829223633,29.7034533516119,56.9726884667002
"2024-02-13 23:51:34.0000",6.51,85.07,72.6031265258789,41.8488768374948,91.1788908425091
"2024-02-14 00:21:27.0000",6.32,85.44,67.3161468505859,46.191887336864,104.58911560819
"2024-02-14 00:51:29.0000",6.41,85.73,55.5294036865234,39.0427271618711,84.4960923291953
"2024-02-14 01:21:26.0000",6.57,85.89,37.6403770446777,24.5354204928916,48.1934641544258
"2024-02-14 01:51:22.0000",6.82,86.25,29.8195095062256,24.3091370601321,48.1172584118
"2024-02-14 02:21:20.0000",7.17,86.61,25.8298511505127,21.5769955551337,43.1625464845539
"2024-02-14 02:51:16.0000",7.48,86.79,15.7319974899292,13.9570213988363,28.835472641757
"2024-02-14 03:21:13.0000",7.88,87.1,12.2988967895508,12.0142718380916,24.1948274291769
"2024-02-14 03:51:12.0000",8.35,87.29,8.61056900024414,7.64981528074142,16.0878551829323
"2024-02-14 04:21:07.0000",8.61,87.4,9.17444705963135,7.5899918089112,15.6996445691577
"2024-02-14 04:51:04.0000",8.56,87.45,8.44646167755127,7.28412506390737,12.069217333305
"2024-02-14 05:20:57.0000",8.37,87.71,8.08648109436035,6.75233236157896,10.8719723117101
"2024-02-14 05:50:49.0000",8.1,88.08,8.12354183197021,6.49635388238503,10.5428027316754
"2024-02-14 06:20:47.0000",8.18,88.62,5.597083568573,4.99059877112284,8.39555812995426
"2024-02-14 06:50:44.0000",8.52,88.61,3.52183151245117,3.62648707991312,7.20206314325555
"2024-02-14 07:20:41.0000",8.52,88.75,3.16835784912109,3.57190996642037,8.72131472274406
"2024-02-14 07:50:38.0000",8.72,88.85,4.83986759185791,4.9952238743585,8.68448788892904
"2024-02-14 08:20:35.0000",8.61,89.13,2.28087186813354,2.97071982054611,7.89398165679758
"2024-02-14 08:50:27.0000",8.85,89.44,4.04117441177368,4.32633645989269,10.5109159915368
"2024-02-14 09:20:24.0000",9.2,89.63,5.35904216766357,5.58302370863274,10.2570850667412
"2024-02-14 09:50:21.0000",9.63,89.81,2.86202645301819,3.67340726356851,8.70213279474071
"2024-02-14 10:20:19.0000",9.77,89.68,2.69415497779846,3.59507991510974,9.88243219921739
"2024-02-14 10:50:16.0000",10.06,90.11,2.91170358657837,3.88025033962641,11.5255390174682
"2024-02-14 11:20:07.0000",10.27,90,2.2391209602356,3.32947459630837,8.53516532846463
"2024-02-14 11:50:10.0000",10.49,90.22,1.58437085151672,2.90350700420261,8.07162967200047
"2024-02-14 12:20:02.0000",11.6,89.9,0.988677978515625,1.91201091008986,6.0898492520003
"2024-02-14 12:49:59.0000",12.26,89.92,2.23570394515991,3.8134088693239,10.7201885309015
"2024-02-14 13:19:56.0000",12.59,89.62,2.30324459075928,3.55418540265522,9.88528814672713
"2024-02-14 13:49:53.0000",12.78,89.42,3.27586007118225,4.63215869013728,13.2567180037149
"2024-02-14 14:19:50.0000",12.89,88.4,3.74572110176086,5.74444150367575,15.341928632325
"2024-02-14 14:49:47.0000",12.62,87.64,3.97132205963135,5.98829993402213,16.2643486150279
"2024-02-14 15:19:40.0000",12.52,86.03,4.39053106307983,6.90164630753573,19.0939120622752
"2024-02-14 15:49:36.0000",12.37,85.01,3.26771521568298,5.36228674540413,14.2632549757177
"2024-02-14 16:19:34.0000",12.16,84.26,3.57504057884216,5.88126388203999,17.3672735212356
"2024-02-14 16:49:26.0000",12.04,84.32,3.79447317123413,5.72461042546821,16.3056465439878
"2024-02-14 17:19:22.0000",11.99,84.58,3.650710105896,5.96500586957485,17.8467788479398
"2024-02-14 17:49:20.0000",11.77,84.6,3.35969424247742,5.5454416963307,16.0845572259253
"2024-02-14 18:19:17.0000",11.42,84.78,3.76719665527344,5.74449086848462,15.7235959309566
"2024-02-14 18:49:09.0000",10.73,85.67,2.443110704422,3.95083422121865,10.7657736521337
"2024-02-14 19:19:11.0000",10.72,86.03,1.23355865478516,2.49894111301115,6.79895000528355
"2024-02-14 19:49:03.0000",10.7,86.27,2.0846745967865,3.51870603696426,9.68928325115934
"2024-02-14 20:19:01.0000",10.34,86.78,3.71874141693115,4.84909639094718,11.093259124145
"2024-02-14 20:48:52.0000",10.09,87.27,3.4202356338501,3.9451581528165,7.52771061151649
"2024-02-14 21:18:49.0000",9.98,87.57,1.14773082733154,2.17318788765072,5.91317358850013
"2024-02-14 21:48:47.0000",9.93,87.85,0.916398048400879,2.02044002055865,6.35825060434375
"2024-02-14 22:18:49.0000",9.88,88.02,0.814720332622528,2.02133590526703,6.85071731991658
"2024-02-14 22:48:36.0000",9.81,88.37,0.898537337779999,2.2234862589284,7.00195259155245
"2024-02-14 23:18:33.0000",9.88,88.56,0.815387785434723,2.03496724903377,7.19230178563035
"2024-02-14 23:48:30.0000",9.84,88.89,0.695180058479309,1.80893397961774,5.91833745606914
"2024-02-15 00:18:27.0000",9.77,89.16,3.47443556785583,4.2034152886397,9.3708221391885
"2024-02-15 00:48:25.0000",9.75,89.39,5.45140886306763,5.30540099266084,10.2382346056632
"2024-02-15 01:18:20.0000",9.68,89.63,6.74091386795044,6.2857394560748,10.4078370726649
"2024-02-15 01:48:18.0000",9.67,89.94,5.30051612854004,5.32344098518508,9.76973352254036
"2024-02-15 02:18:14.0000",9.64,90.18,4.87852668762207,4.6418069400059,8.7333941303391
"2024-02-15 02:48:11.0000",9.66,90.43,6.45856761932373,5.82414559815886,9.95729291610138
"2024-02-15 03:18:09.0000",9.91,90.63,6.35473775863647,6.0624267730512,9.34541547958679
"2024-02-15 03:48:06.0000",9.9,90.73,5.11848592758179,5.16019958323855,9.07364469699593
"2024-02-15 04:18:03.0000",9.83,90.97,5.52450513839722,5.4748371465108,10.1281512354033
"2024-02-15 04:48:01.0000",9.89,91.19,2.45006823539734,2.90692835314292,6.29586524329167
"2024-02-15 05:17:49.0000",10.02,91.45,2.18630790710449,3.04299511250997,7.74409337043946
"2024-02-15 05:47:45.0000",10.22,91.5,3.42309784889221,3.81642021023566,7.14417396937133
"2024-02-15 06:17:42.0000",10.1,91.47,3.02729558944702,3.7334449165551,8.18566976309187
"2024-02-15 06:47:39.0000",10.14,91.76,2.46767377853394,2.8342245881212,5.67287411169336
"2024-02-15 07:17:36.0000",10.03,92.01,2.54195976257324,2.83260200043913,5.45951779986075
"2024-02-15 07:47:33.0000",10.35,92.17,2.67349457740784,3.04300444678396,6.56716802449607
"2024-02-15 08:17:36.0000",10.71,92.15,2.46367168426514,2.8685957252998,6.25576842548387
"2024-02-15 08:47:28.0000",11,92.26,2.16835570335388,2.6160073979419,5.66705151079717
"2024-02-15 09:17:25.0000",11.28,92.28,2.82717633247375,3.30006568897584,7.94411794243902
"2024-02-15 09:47:17.0000",11.6,92.36,3.04065489768982,3.55961694152876,8.2886490362544
"2024-02-15 10:17:15.0000",11.78,92.49,3.2852840423584,3.83377203230997,7.64334904878956
"2024-02-15 10:47:12.0000",12.93,92.71,2.99858641624451,3.49139744850544,8.39298374608663
"2024-02-15 11:17:08.0000",13.29,92.14,1.95932030677795,2.61219515885672,5.95030875911271
"2024-02-15 11:47:05.0000",13.64,91.63,1.89781606197357,2.74282320605228,7.59335842073745
"2024-02-15 12:17:02.0000",14.32,91.77,1.51914608478546,2.48496902883559,7.62127860388737
"2024-02-15 12:47:00.0000",14.58,90.71,1.65157508850098,2.80511697807126,7.54801842074221
"2024-02-15 13:16:57.0000",14.72,89.94,1.67827880382538,2.77663496379806,7.1447837861217
"2024-02-15 13:46:49.0000",14.1,89.25,1.58217167854309,2.59883336184061,7.32833873146698
"2024-02-15 14:16:46.0000",12.63,89.86,2.63567590713501,4.02886115280887,10.6254351203117
"2024-02-15 14:46:44.0000",12.09,90.15,2.2203688621521,3.42495491742016,9.75352317508496
"2024-02-15 15:16:35.0000",11.85,90.66,3.12220668792725,3.76840770622254,9.43741633791929
"2024-02-15 15:46:32.0000",11.76,90.48,1.56895565986633,2.45257009398432,7.82253365694043
"2024-02-15 16:16:29.0000",11.78,90.5,1.74358284473419,2.95237455041406,8.05726498331158
"2024-02-15 16:46:26.0000",11.93,90.45,2.36431360244751,3.34388397958577,7.73739710308607
"2024-02-15 17:16:18.0000",11.95,90.49,3.51140952110291,3.83244906303829,8.6535227298613
"2024-02-15 17:46:16.0000",11.72,90.73,3.04812741279602,3.82508636566119,8.4167525170527
"2024-02-15 18:16:13.0000",11.54,90.95,3.1425609588623,3.80421318792314,7.71178779302981
"2024-02-15 18:46:10.0000",11.48,89.56,3.24224781990051,3.90906702294125,8.0776183762214
"2024-02-15 19:16:02.0000",10.94,89.46,3.24345541000366,4.12348953062342,9.33290857897396
"2024-02-15 19:45:59.0000",10.7,89.82,2.56346368789673,3.8040821470846,8.76744922411655
"2024-02-15 20:15:51.0000",10.5,89.88,2.12388944625854,3.10902117087689,7.95594652882153
"2024-02-15 20:45:49.0000",10.2,89.87,2.75301241874695,3.60622152327895,7.67265431796036
"2024-02-15 21:15:45.0000",9.93,90.16,2.21288704872131,3.06138471325322,7.32554464274041
"2024-02-15 21:45:37.0000",9.76,90.28,1.66339981555939,2.43985782866774,6.71663792170359
"2024-02-15 22:15:35.0000",9.55,90.18,1.24499619007111,1.97228616690957,5.14949642629515
"2024-02-15 22:45:32.0000",9.31,90.3,1.66255080699921,2.42126862814161,5.98219213344542
"2024-02-15 23:15:29.0000",9.3,90.42,2.65364623069763,3.17239373917419,6.32719837444713
"2024-02-15 23:45:20.0000",9.13,90.54,2.74542450904846,3.36716374063163,6.86032555261515
"2024-02-16 00:15:19.0000",9,90.83,1.88199400901794,2.41953090280554,5.46305365253789
"2024-02-16 00:45:15.0000",9,91,2.54338026046753,2.95903890700863,6.89845482542719
"2024-02-16 01:15:16.0000",9.02,91.16,2.55760025978088,3.18806951353997,7.36028107841258
"2024-02-16 01:45:14.0000",8.97,92.64,4.66639280319214,4.75592942039131,8.2476181235432
"2024-02-16 02:15:01.0000",8.69,93.29,5.50646209716797,5.9413570427292,9.27476253228612
"2024-02-16 02:45:03.0000",8.55,93.89,8.23194026947021,8.24302259172241,12.6959350387169
"2024-02-16 03:15:00.0000",8.41,94.25,4.90249919891357,5.41519795193331,11.1312255742638
"2024-02-16 03:44:56.0000",8.23,94.55,5.09998750686646,5.37116814638453,9.97829556085373
"2024-02-16 04:14:55.0000",8.32,95,5.01898050308228,5.5039455928738,9.4329204235448
"2024-02-16 04:44:52.0000",8.36,95.15,3.30490851402283,4.17585640267262,8.21917513823221
"2024-02-16 05:14:44.0000",8.31,95.17,3.08479619026184,4.18514988681853,11.3663806147191
"2024-02-16 05:44:41.0000",8.04,95.27,2.71329951286316,3.82932535960406,10.6529159706952
"2024-02-16 06:14:38.0000",7.51,95.79,2.90036940574646,4.10333668522289,10.2708958884951
"2024-02-16 06:44:30.0000",7.58,95.89,2.91778111457825,4.36258314353214,11.721410319005
"2024-02-16 07:14:28.0000",7.65,95.48,2.86596274375916,4.2111228628017,9.86710032211245
"2024-02-16 07:44:24.0000",7.7,95.53,4.07547330856323,5.54612626840665,14.7171403693439
"2024-02-16 08:14:21.0000",7.69,95.49,2.58894467353821,3.59533397021775,10.4971015788509
"2024-02-16 08:44:18.0000",8.3,95.64,3.6518828868866,4.36010385496327,9.78688876587593
"2024-02-16 09:14:16.0000",8.58,95.53,2.1146776676178,3.24853591731169,8.77704047966629
"2024-02-16 09:44:12.0000",8.82,95.29,2.49711418151855,3.38457579693288,7.76230670418158
"2024-02-16 10:14:09.0000",9.77,95.4,2.95690679550171,3.82469128129546,9.3667638374569
"2024-02-16 10:44:07.0000",9.63,93.79,2.645348072052,3.33209018268043,7.20982044784999
"2024-02-16 11:14:04.0000",9.47,94.91,1.99112105369568,2.610465363175,5.74441675596207
"2024-02-16 11:43:56.0000",9.25,95.27,1.15816926956177,1.87193795942879,5.41998658657281
"2024-02-16 12:13:54.0000",9.46,96.01,0.980097472667694,1.71628433239488,5.07415510436137
"2024-02-16 12:43:50.0000",9.66,95.81,0.770816266536713,1.16712616911781,4.65797251868987
"2024-02-16 13:13:47.0000",9.89,95.16,0.606560051441193,1.33924261731105,4.6064610592724
"2024-02-16 13:43:44.0000",10.21,94.08,1.42555904388428,2.29989504246085,6.83741016275725
"2024-02-16 14:13:41.0000",12.16,92.18,0.750978231430054,1.67340797309917,6.05351265388559
"2024-02-16 14:43:39.0000",11.08,88.94,1.11533272266388,2.39620524583915,7.8187408991666
"2024-02-16 15:13:36.0000",11.47,84.82,0.88359147310257,2.5786154353279,8.0680574432068
"2024-02-16 15:43:29.0000",10.88,84.57,0.706017732620239,2.19036280921625,6.6191235623085
"2024-02-16 16:13:25.0000",11.36,82.38,0.902104496955872,2.42748318243092,7.17788486527398
"2024-02-16 16:43:23.0000",9.52,85.9,1.29100811481476,2.73504362564193,8.40271331694586
"2024-02-16 17:13:14.0000",9.28,86.7,1.22450244426727,2.5999717210665,7.75887671351388
"2024-02-16 17:43:11.0000",8.82,87.76,1.15272629261017,2.19213343073297,8.44941067734663
"2024-02-16 18:13:08.0000",8.84,87.94,1.2673134803772,2.49650495523725,7.15627903782333
"2024-02-16 18:43:00.0000",8.06,87.98,1.73744571208954,3.0910845329709,8.59299350500617
"2024-02-16 19:12:57.0000",8.32,88.7,2.88265514373779,3.99741656204948,9.43294759812646
"2024-02-16 19:42:54.0000",8.16,88.7,1.68834316730499,2.6541846971228,7.74531103480137
"2024-02-16 20:12:52.0000",8.09,88.73,2.96288394927979,3.88885670352029,9.72756072909565
"2024-02-16 20:42:49.0000",8.34,89.13,2.77853298187256,3.85775219457421,9.70788101121364
"2024-02-16 21:12:47.0000",8.49,89.01,2.33499455451965,3.0636689703291,7.94916717992804
"2024-02-16 21:42:43.0000",8.58,89.14,1.8999627828598,3.10975052653582,8.88261831778979
"2024-02-16 22:12:35.0000",8.63,89.18,3.76645731925964,4.42299779694032,9.55649666988248
"2024-02-16 22:42:32.0000",8.46,89.11,4.34234619140625,5.15879764132709,10.7548666128856
"2024-02-16 23:12:29.0000",8.31,89.27,2.561283826828,3.65825944014976,11.51823625328
"2024-02-16 23:42:26.0000",8.25,89.39,1.91797041893005,3.2492030333956,9.73974216978741
"2024-02-17 00:12:24.0000",8.24,89.25,2.05171990394592,3.34593453953824,10.3710214951954
"2024-02-17 00:42:21.0000",7.05,89.18,2.31496930122375,3.81922094614002,10.7207654173734
"2024-02-17 01:12:11.0000",6.39,89.76,3.0643048286438,4.63428060155155,12.4747894407951
"2024-02-17 01:42:09.0000",6.37,90.31,3.82542204856873,6.12927391842299,16.2114974720213
"2024-02-17 02:12:07.0000",6.89,90.4,3.06389379501343,4.69639901056757,12.637156999877
"2024-02-17 02:42:04.0000",7.2,90.13,3.32645201683044,5.80939674121735,15.7166070999069
"2024-02-17 03:12:01.0000",7.13,90.35,3.66086935997009,6.08304773145263,20.4879208847384
"2024-02-17 03:41:57.0000",7.17,90.46,4.28122329711914,6.60360002431105,18.9737553382054
"2024-02-17 04:11:55.0000",7.28,90.79,4.87080001831055,6.64834457031304,17.3847815276771
"2024-02-17 04:41:53.0000",7.39,91.02,5.97423553466797,7.62054627399269,21.7972539436686
"2024-02-17 05:11:45.0000",7.55,91.25,6.32844877243042,7.88102109402231,19.0273652190501
"2024-02-17 05:41:41.0000",7.67,91.49,6.17910099029541,7.26486159452158,17.875779803863
"2024-02-17 06:11:38.0000",7.41,91.69,7.31098365783691,8.1504194053114,17.518080683836
"2024-02-17 06:41:31.0000",6.98,92.14,7.32849597930908,7.95126304858566,17.5508024567627
"2024-02-17 07:11:28.0000",7.28,92.6,8.27144813537598,8.58953052330902,17.3250678408817
"2024-02-17 07:41:25.0000",7.59,92.24,7.45439910888672,7.86275878116243,13.0777802094478
"2024-02-17 08:11:22.0000",7.48,92.78,10.6172294616699,10.3900047100902,18.1794033974096
"2024-02-17 08:41:19.0000",8.48,93.88,9.38731002807617,9.061142753944,14.9550142126821
"2024-02-17 09:11:21.0000",9.84,92.3,5.2663893699646,5.46513715206068,9.5562956476133
"2024-02-17 09:41:18.0000",10.04,92,6.3240327835083,6.25699504054263,9.23709603385479
"2024-02-17 10:11:15.0000",10.63,92.47,3.97361469268799,4.052694763312,6.50178169155822
"2024-02-17 10:41:13.0000",11.41,92.32,2.65232682228088,3.01899704528672,6.4141622500378
"2024-02-17 11:11:10.0000",11.78,92.52,1.17785632610321,1.72195002824619,4.53191980898355
"2024-02-17 11:41:08.0000",12.17,92.3,1.00728869438171,1.73143647918701,4.69345871390684
"2024-02-17 12:10:59.0000",12.21,91.97,0.602287709712982,1.45382142830098,5.07456984722682
"2024-02-17 12:40:56.0000",12.4,91.5,0.506981611251831,1.30485519433324,4.40358064920954
"2024-02-17 13:10:53.0000",12.91,92.1,0.309971660375595,1.18902475030399,4.41772030478321
"2024-02-17 13:40:51.0000",12.64,90.49,0.296398252248764,1.24942931518941,4.79686072086772
"2024-02-17 14:10:48.0000",12.45,90.35,0.277624100446701,1.17664479365639,4.76177647348144
"2024-02-17 14:40:45.0000",11.98,89.74,0.511239647865295,1.61126559003339,5.204815278873
"2024-02-17 15:10:37.0000",11.23,90.47,0.969878256320953,1.82280952105744,5.07381645632481
"2024-02-17 15:40:34.0000",11.19,90.84,1.48025345802307,2.16734943969636,5.13515308133807
"2024-02-17 16:10:31.0000",11.04,90.91,2.14043021202087,2.8863407646187,7.09047597098022
"2024-02-17 16:40:23.0000",10.75,91.22,1.74853765964508,2.46647221734503,6.03777346155321
"2024-02-17 17:10:20.0000",10.57,91.58,2.33314990997314,3.13386675411087,6.80867993372699
"2024-02-17 17:40:18.0000",10.38,91.91,2.80281972885132,3.1809006503943,6.50774987503718
"2024-02-17 18:10:15.0000",10.35,92.2,2.28123188018799,2.73105717241319,5.71476926609131
"2024-02-17 18:40:11.0000",10.3,92.4,2.71379113197327,3.10965969910643,6.21086242921217
"2024-02-17 19:10:08.0000",10.29,92.5,3.21036434173584,3.42241864004673,5.89833879739593
"2024-02-17 19:40:00.0000",10.39,92.67,4.59174680709839,4.45042521164393,6.61953345989403
"2024-02-17 20:10:03.0000",10.29,92.89,5.64141941070557,5.55537120860189,10.738403308912
"2024-02-17 20:39:55.0000",10.27,93.04,5.10204601287842,4.71956346072446,8.36485896319783
"2024-02-17 21:09:52.0000",10.29,93.23,5.41540956497192,4.94973748812285,8.17793548443135
"2024-02-17 21:39:49.0000",10.3,93.33,4.41832447052002,4.20436738093707,7.6220695793963
"2024-02-17 22:09:47.0000",10.19,93.48,4.89267873764038,4.53493147443535,6.8251111257973
"2024-02-17 22:39:43.0000",10.09,93.68,4.01324462890625,3.87315283158594,6.19178079325687
"2024-02-17 23:09:40.0000",10.01,93.81,4.13670921325684,4.11800974887762,7.94898117900125
"2024-02-17 23:39:38.0000",9.88,94.05,2.34802389144897,2.63491614577517,6.20160912649211
"2024-02-18 00:09:29.0000",10.08,94.13,27.6994285583496,21.6226152832368,23.4375523295755
"2024-02-18 00:39:32.0000",10.06,94.11,3.86897850036621,3.82425801916886,6.6439275467805
"2024-02-18 01:09:29.0000",10.01,94.25,3.96778178215027,3.86209274433188,6.60827036855876
"2024-02-18 01:39:25.0000",10.05,94.35,5.53508615493774,5.23904803624668,8.53194356827966
"2024-02-18 02:09:22.0000",9.98,94.41,4.99923992156982,4.82492246518078,7.14325585580924
"2024-02-18 02:39:19.0000",9.89,94.49,3.54034972190857,3.55199632825378,5.7061995184592
"2024-02-18 03:09:14.0000",9.93,94.67,2.71898627281189,2.95464060291104,5.69426524524598
"2024-02-18 03:39:08.0000",9.73,94.52,1.3462141752243,1.89593984037074,4.81007248405503
"2024-02-18 04:09:05.0000",9.33,94.81,1.55084657669067,2.07009259422341,5.03796318214088
"2024-02-18 04:39:02.0000",9.3,95.01,6.3139705657959,4.00426745448341,6.62979359832125
"2024-02-18 05:08:55.0000",9.36,95.07,4.1572265625,4.17761925096548,6.71804405266689
"2024-02-18 05:38:53.0000",9.3,95.03,4.58872175216675,4.85189739003355,8.02070582834133
"2024-02-18 06:08:50.0000",9.12,95.19,5.00468015670776,4.89387278664103,8.7501640165224
"2024-02-18 06:38:42.0000",9.09,95.38,11.1149339675903,9.66517813402695,13.30558442446
"2024-02-18 07:08:39.0000",8.97,95.35,10.6883239746094,9.13684058234139,12.7899723239905
"2024-02-18 07:38:37.0000",8.92,95.59,8.57543182373047,8.726375447939,13.4924961731731
"2024-02-18 08:08:33.0000",8.97,95.57,3.73189663887024,4.05527930358226,7.67630936431229
"2024-02-18 08:38:25.0000",8.81,95.4,3.83844780921936,4.80578658763755,13.3321993057529
"2024-02-18 09:08:22.0000",8.95,96.19,3.90068554878235,5.44217585180997,11.9956687303345
"2024-02-18 09:38:19.0000",9.68,96.1,3.95361757278442,5.60471323504444,14.8331222392598
"2024-02-18 10:08:17.0000",10.08,95.32,3.7398829460144,4.9060823610423,12.64926872969
"2024-02-18 10:38:14.0000",9.65,95.01,4.66501331329346,6.53861051996273,16.277398728394
"2024-02-18 11:08:11.0000",9.63,95.38,4.24901676177979,7.16951277935172,18.6873546938463
"2024-02-18 11:38:08.0000",10.46,95.78,4.59425687789917,6.9673841982306,18.6813670545724
"2024-02-18 12:08:05.0000",11.15,94.69,4.89015913009644,7.24405803789697,18.5142288257976
"2024-02-18 12:38:02.0000",11.37,91.56,6.09810400009155,8.7396601873511,21.9105500301028
"2024-02-18 13:07:55.0000",10.46,90.67,5.6345739364624,9.43788619944329,24.9828436958581
"2024-02-18 13:37:51.0000",10.46,91.01,5.30491256713867,8.61609206267468,22.2953369714079
"2024-02-18 14:07:49.0000",10.51,89.37,5.30912303924561,8.35130591693815,22.433942111197
"2024-02-18 14:37:46.0000",10.87,90.83,5.93856954574585,8.93215425406312,22.9814226376987
"2024-02-18 15:07:43.0000",10.65,88.54,5.84191989898682,9.21330559213817,25.6496714377794
"2024-02-18 15:37:40.0000",10.25,88.65,6.58198213577271,8.70566914393225,21.5036129893571
"2024-02-18 16:07:32.0000",9.85,89.05,5.42897844314575,7.98509997057797,20.1888024010654
"2024-02-18 16:37:34.0000",9.67,89.21,5.81300592422485,8.16928751568062,20.1432769301799
"2024-02-18 17:07:26.0000",8.98,90.31,5.9585862159729,8.12396134173243,19.9446166677343
"2024-02-18 17:37:24.0000",8.45,91.48,8.71829128265381,10.3587631677613,22.9858032160641
"2024-02-18 18:07:20.0000",8.59,92.58,5.46232509613037,8.11184844916947,20.3212288691932
"2024-02-18 18:37:17.0000",8.9,92.19,6.24479579925537,8.43899043501263,21.2865564842744
"2024-02-18 19:07:09.0000",9.4,91.72,4.32228422164917,5.88159667930517,14.5169480091427
"2024-02-18 19:37:06.0000",9.57,91.23,4.51155567169189,6.64598050237155,16.4662149944062
"2024-02-18 20:07:03.0000",9.55,91.06,4.13694143295288,5.95520479354676,17.3131499009554
"2024-02-18 20:37:01.0000",9.52,90.81,3.46042919158936,4.8899008756509,12.2806480742912
"2024-02-18 21:06:58.0000",9.59,90.11,3.35627102851868,4.83560950369426,12.4303540530528
"2024-02-18 21:36:55.0000",9.56,89.42,3.23233222961426,4.79028229998704,12.74982206192
"2024-02-18 22:06:52.0000",9.62,88.97,2.70453214645386,4.56358704765255,13.5822097057724
"2024-02-18 22:36:49.0000",9.87,87.34,2.39730978012085,4.18576695456188,11.5649829918518
"2024-02-18 23:06:46.0000",9.74,86.6,2.64573574066162,5.26432306989407,15.9296438685127
"2024-02-18 23:36:38.0000",8.46,86.63,3.09739089012146,5.67057316113378,16.5805930707778
"2024-02-19 00:06:30.0000",7.34,87.78,3.21056413650513,6.01840718112074,19.5786474545678
"2024-02-19 00:36:26.0000",6.7,88.43,3.29132723808289,6.14227982649053,19.982039344537
"2024-02-19 01:06:25.0000",6.39,89.09,3.60515236854553,6.3826340683401,18.8077373299094
"2024-02-19 01:36:21.0000",6.18,89.11,3.6581757068634,5.74957852491762,16.5429815969131
"2024-02-19 02:06:19.0000",6.29,89.61,2.76763868331909,4.83732883859129,13.5053632134753
"2024-02-19 02:36:15.0000",6.44,89.57,2.64742970466614,5.44901447985903,17.7543198669385
"2024-02-19 03:06:12.0000",7.2,89.93,2.26337862014771,4.42380878261016,12.7211866485029
"2024-02-19 03:36:15.0000",7.71,89.96,2.33243775367737,4.11933899364131,12.8156898655638
"2024-02-19 04:06:08.0000",8.43,89.39,2.57964253425598,4.55870694295246,13.4407541074878
"2024-02-19 04:36:19.0000",8.71,88.44,3.15963888168335,5.53444701255602,16.2759973429793
"2024-02-19 05:06:01.0000",7.67,89.53,3.33757305145264,6.22295608882965,18.8538042795171
"2024-02-19 05:35:53.0000",7.39,90.67,2.99627733230591,5.99613387318422,19.1093300108803
"2024-02-19 06:05:50.0000",7.7,91.84,2.73393583297729,4.91020544134734,15.2557320561167
"2024-02-19 06:35:48.0000",7.97,93.65,3.86027073860168,7.1550557056295,17.5838056402144
"2024-02-19 07:05:45.0000",7.75,94.67,4.38343000411987,7.37189104745774,18.5112238866221
"2024-02-19 07:35:42.0000",7.69,95.19,4.5733470916748,7.76983881070419,19.6022371539546
"2024-02-19 08:05:34.0000",7.63,95.71,5.63611125946045,8.73483960463305,20.6393767338229
"2024-02-19 08:35:31.0000",7.98,96.41,5.75152254104614,9.30957759144136,24.3104921626418
"2024-02-19 09:05:29.0000",8.53,94.8,3.47650003433228,6.44098813547427,16.7747722739207
"2024-02-19 09:35:26.0000",9.1,90.32,4.2590765953064,7.39122011203135,19.9141133774038
"2024-02-19 10:05:23.0000",9.95,86.28,5.02982139587402,8.75513917589538,24.0215849106545
"2024-02-19 10:35:20.0000",10.22,82.68,6.1286826133728,9.00681321600264,25.8433238178005
"2024-02-19 11:05:17.0000",11.16,79.83,4.77372789382935,8.33279463787849,24.2436702501115
"2024-02-19 11:35:14.0000",11.14,77.16,6.14327621459961,10.5303120449492,30.5585398542817
"2024-02-19 12:05:11.0000",12.59,71.91,5.46895170211792,9.31164429819927,26.2567869694228
"2024-02-19 12:35:08.0000",11.73,72.3,6.11566972732544,9.97497436609675,28.3636706682378
"2024-02-19 13:05:00.0000",10.17,75.47,5.03977537155151,9.05994588666964,25.1738789885662
"2024-02-19 13:34:57.0000",9.58,77.99,5.60766983032227,10.1170619445488,27.6921706136592
"2024-02-19 14:04:55.0000",9.75,78.24,6.56813621520996,10.8432498178246,30.7648876795506
"2024-02-19 14:34:46.0000",9.57,78.25,6.71992301940918,11.10580395153,34.1458547310272
"2024-02-19 15:04:43.0000",9.58,78.1,5.888587474823,10.1922491712402,28.4924676850446
"2024-02-19 15:34:41.0000",9.33,78.16,6.52817821502686,10.7467006319606,30.7918724864836
"2024-02-19 16:04:32.0000",9.01,79.03,6.54036331176758,11.1118807754435,34.6422790307627
"2024-02-19 16:34:29.0000",8.86,78.74,6.44999265670776,11.2326736633867,33.3873816003802
"2024-02-19 17:04:27.0000",8.78,79.09,6.41164588928223,10.0748857789212,27.3172784083314
"2024-02-19 17:34:24.0000",8.57,80.09,6.41890048980713,10.1416225217829,29.2182541799824
"2024-02-19 18:04:21.0000",8.32,80.94,7.6730899810791,11.6193907634638,32.3001587236209
"2024-02-19 18:34:13.0000",7.77,81.29,6.53422451019287,10.6207314009293,34.0605290563608
"2024-02-19 19:04:10.0000",7.49,82.02,6.52508163452148,10.4484025446197,29.655908834661
"2024-02-19 19:34:02.0000",7.42,81.99,6.33383274078369,9.6897623481519,28.5589802450731
"2024-02-19 20:03:59.0000",7.3,82.12,5.84977722167969,8.67067581229127,24.610896634389
"2024-02-19 20:33:56.0000",7.21,82.25,5.75330829620361,9.11347384873937,24.8055170055336
"2024-02-19 21:03:49.0000",6.74,82.44,6.34622240066528,9.4775094246189,26.5793361506154
"2024-02-19 21:33:46.0000",6.64,82.73,5.6473822593689,9.80078108163733,28.1294445135089
"2024-02-19 22:03:42.0000",6.86,83.45,5.81374454498291,9.47954622913379,29.799349317587
"2024-02-19 22:33:40.0000",7.12,83.33,5.76309680938721,9.73030219696229,27.8473945196395
"2024-02-19 23:03:37.0000",6.82,83.47,5.25176286697388,9.27372098219509,28.6782315627646
"2024-02-19 23:33:29.0000",6.31,83.73,8.67978000640869,12.4866517556955,31.877136444303
"2024-02-20 00:03:26.0000",5.56,84.1,5.20170927047729,9.91855582159137,33.6805979630177
"2024-02-20 00:33:24.0000",4.91,84.71,5.59732007980347,10.5680544216927,33.0590578658939
"2024-02-20 01:03:15.0000",4.62,85.19,5.3991117477417,9.96879072594653,36.004988523628
"2024-02-20 01:33:12.0000",4.47,85.56,5.33844232559204,9.8931991090492,32.0148795880776
"2024-02-20 02:03:09.0000",4.12,85.87,6.00915098190308,11.9507775051615,40.5219395194835
"2024-02-20 02:33:05.0000",4.17,86.09,6.86406803131104,13.0426642300321,42.8421951659122
"2024-02-20 03:03:03.0000",4.47,86.3,5.48794555664062,10.9244660828871,34.1926004556229
"2024-02-20 03:33:06.0000",4.79,86.66,5.07040548324585,9.75946924147748,33.3038789522847
"2024-02-20 04:03:04.0000",4.86,86.51,5.00657272338867,9.69803570700321,31.7516128727632
"2024-02-20 04:33:03.0000",5.01,86.83,4.8889741897583,9.51060722961437,28.4986593044611
"2024-02-20 05:02:52.0000",5.04,86.76,4.34002351760864,8.45229938441867,28.758278387828
"2024-02-20 05:32:49.0000",5.26,87.06,4.61513328552246,9.10954081346823,29.9491922640118
"2024-02-20 06:02:46.0000",5.52,87.36,3.4153528213501,6.97922911944048,20.0600426984172
"2024-02-20 06:32:44.0000",6.11,87.69,2.81280589103699,4.95581963090188,14.3238432756263
"2024-02-20 07:02:41.0000",6.48,87.88,2.16155934333801,4.50561412215158,14.1008624696254
"2024-02-20 07:32:38.0000",6.75,87.98,1.22876727581024,2.84731555531817,10.0451837752907
"2024-02-20 08:02:29.0000",6.72,88.16,2.1281533241272,3.42126835967666,10.3587310053965
"2024-02-20 08:32:28.0000",7.15,88.53,1.65307378768921,2.74380094020064,8.08410431283632
"2024-02-20 09:02:24.0000",7.64,88.8,0.86005699634552,2.01989306073894,7.27528332927599
"2024-02-20 09:32:22.0000",8.97,87.57,0.980747640132904,2.32948207591654,8.17281968853497
"2024-02-20 10:02:18.0000",9.47,85.36,2.03153347969055,3.40077188536525,11.2209253740061
"2024-02-20 10:32:21.0000",10.99,85.15,1.35845482349396,3.00254848445395,10.8701113347455
"2024-02-20 11:02:18.0000",12.46,81.1,1.42783737182617,2.92050231115658,9.41577222224007
"2024-02-20 11:32:14.0000",11.2,82.62,1.60676455497742,3.11669762750293,9.80244906563922
"2024-02-20 12:02:11.0000",11.34,81.91,1.76493513584137,3.66683153106917,10.4384358160797
"2024-02-20 12:32:09.0000",11.13,81.24,1.82091212272644,3.81431295381047,12.1228845196438
"2024-02-20 13:02:06.0000",11.22,81.45,2.35836219787598,4.13418944894404,13.7423950800425
"2024-02-20 13:32:03.0000",11.33,81.26,2.11139297485352,3.70013464191446,12.3940388168385
"2024-02-20 14:01:55.0000",10.29,81.37,2.62471914291382,4.93135295168128,14.0673837950368
"2024-02-20 14:31:52.0000",9.5,83.51,1.8062344789505,3.59916274058803,10.2450451446454
"2024-02-20 15:01:50.0000",9.36,84.73,1.35119187831879,3.26209758539665,10.3445409691498
"2024-02-20 15:31:41.0000",9.27,85.48,0.649326324462891,1.89280846087144,6.31921881024423
"2024-02-20 16:01:39.0000",8.93,86.7,0.423977881669998,1.72777082977848,6.7199951710191
"2024-02-20 16:31:35.0000",8.84,87.31,0.542748987674713,1.67069613831276,6.5454892945648
"2024-02-20 17:01:33.0000",8.89,87.8,0.4276262819767,1.58565735971772,5.20252181734737
"2024-02-20 17:31:30.0000",9.07,88.28,0.482446551322937,1.49814495902292,5.02603884405131
"2024-02-20 18:01:27.0000",9,88.97,1.01261806488037,1.80995558224821,5.55780763829
"2024-02-20 18:31:26.0000",8.6,89.46,1.43747079372406,2.13356608105662,6.07692155653715
"2024-02-20 19:01:21.0000",8.46,89.59,1.48304975032806,2.57930436675118,7.16095319173633
"2024-02-20 19:31:18.0000",8.05,90.51,1.51467072963715,2.86058212222316,8.35601558454472
"2024-02-20 20:01:11.0000",7.27,90.84,1.83570146560669,3.47412753819243,9.37687298462482
"2024-02-20 20:31:08.0000",6.54,91.32,3.47674369812012,4.70424731729027,10.5231455100868
"2024-02-20 21:00:59.0000",6.08,91.35,5.02229642868042,5.47600964063011,9.95272940037204
"2024-02-20 21:30:57.0000",5.61,91.43,6.05331516265869,6.19454930182654,10.5352055877035
"2024-02-20 22:00:49.0000",4.93,91.71,8.45799350738525,8.0783082165199,12.4148846913619
"2024-02-20 22:30:46.0000",4.52,91.84,10.6472024917603,9.81832605987274,13.3328058891633
"2024-02-20 23:00:43.0000",4.45,92.09,11.9599637985229,10.7949442268538,15.8508124286425
"2024-02-20 23:30:40.0000",4.25,92.34,15.3068819046021,13.3037059348243,18.13177763485
"2024-02-21 00:00:37.0000",4.91,92.64,16.5201206207275,14.6049351255295,16.8174259560103
"2024-02-21 00:30:35.0000",5.47,92.42,16.5496673583984,14.2950075240521,16.5313420584615
"2024-02-21 01:00:38.0000",6.77,92.56,27.3503360748291,17.933867535932,36.0591039688752
"2024-02-21 01:30:33.0000",7.27,92.46,20.2625198364258,15.1425858860786,16.051385987288
"2024-02-21 02:00:30.0000",7.39,92.57,7.46137475967407,6.72260104002209,9.22356067756705
"2024-02-21 02:30:27.0000",7.55,92.9,3.19738674163818,3.15281806244153,5.60387922426745
"2024-02-21 03:00:24.0000",7.63,92.94,2.2510929107666,2.54479002255328,4.79934231865551
"2024-02-21 03:30:22.0000",7.72,93.15,2.78470158576965,3.12915060570771,6.27783342051357
"2024-02-21 04:00:18.0000",7.79,93.21,2.41666746139526,2.87469269557996,6.34028663112728
"2024-02-21 04:30:11.0000",7.78,93.3,3.3959424495697,3.69128223953636,6.90193763918934
"2024-02-21 05:00:08.0000",7.55,93.66,2.98519587516785,3.29078867908506,6.24702835163044
"2024-02-21 05:30:05.0000",7.48,93.89,1.43372011184692,1.8294228875404,4.41070402880774
"2024-02-21 05:59:58.0000",7.42,94.08,0.844081103801727,1.44777484210773,4.19852577244614
"2024-02-21 06:29:54.0000",7.43,94.2,0.92253166437149,1.52139652990357,4.61940270975946
"2024-02-21 06:59:51.0000",7.4,94.29,0.943038165569305,1.54797150905139,4.51643859655378
"2024-02-21 07:29:48.0000",7.31,94.45,1.43977749347687,2.16081976657918,6.74041525357962
"2024-02-21 07:59:46.0000",7.17,94.51,2.08179998397827,2.86267765248261,6.53244362488798
"2024-02-21 08:29:43.0000",7.04,94.7,1.88733494281769,2.60436970830243,6.2323472489342
"2024-02-21 08:59:40.0000",7.14,94.79,1.41069102287292,2.22001711962052,5.61824920646938
"2024-02-21 09:29:37.0000",7.33,94.85,1.05762887001038,1.77177651692613,5.14276916166169
"2024-02-21 09:59:30.0000",7.66,94.73,0.583519101142883,1.32837866492959,4.51735103908686
"2024-02-21 10:29:26.0000",7.93,94.48,0.411117404699326,1.04722295880942,4.06798193397887
"2024-02-21 10:59:23.0000",7.86,94.5,0.45747098326683,1.16745940464787,4.37714874061634
"2024-02-21 11:29:20.0000",8.26,94.73,0.289115220308304,1.09185333715155,4.148339999965
"2024-02-21 11:59:17.0000",8.89,94.73,0.433192938566208,1.10627681653662,4.94689890480543
"2024-02-21 12:29:15.0000",9.88,94.93,0.500745534896851,1.23124335683421,4.49817739507164
"2024-02-21 12:59:17.0000",11.02,94.42,0.36183625459671,1.00925654806979,4.17690486351952
"2024-02-21 13:29:14.0000",12.2,93.61,0.38256648182869,1.12431451426479,4.39878004360659
"2024-02-21 13:59:11.0000",13.14,91.05,0.59467351436615,1.73105242485422,6.12001402031267
"2024-02-21 14:29:08.0000",13.57,86.22,0.888551294803619,2.48593904043384,8.24419149513467
"2024-02-21 14:59:05.0000",14.03,79.06,1.43017721176147,3.45350184088964,10.3121120941036
"2024-02-21 15:29:02.0000",14.79,77.51,1.52543210983276,3.74036318468164,11.6697928564367
"2024-02-21 15:58:55.0000",12.49,75.5,1.91252183914185,3.94005054376105,12.0147371986053
"2024-02-21 16:28:47.0000",11.58,77.96,2.25199007987976,4.59772187499912,14.555470671336
"2024-02-21 16:58:44.0000",10.96,80.75,1.9376699924469,4.13717262867695,11.7453759570786
"2024-02-21 17:28:41.0000",9.94,82.03,1.45681703090668,3.06835781886126,9.50194646399255
"2024-02-21 17:58:33.0000",9.31,83.27,2.96427893638611,4.41429255445474,14.0013578731564
"2024-02-21 18:28:30.0000",9.36,84.46,2.59923934936523,4.78474866943876,18.2020817701231
"2024-02-21 18:58:27.0000",9.62,84.53,2.3071084022522,4.71724974353012,14.1855074145809
"2024-02-21 19:28:19.0000",8.88,85.62,3.56215405464172,6.4726848036232,20.8645229822208
"2024-02-21 19:58:16.0000",8.58,88.82,4.06347417831421,6.41648776181508,16.9935101964064
"2024-02-21 20:28:13.0000",8.19,89.57,4.63907289505005,7.93601486333581,22.3795670889297
"2024-02-21 20:58:10.0000",7.32,89.98,3.07294178009033,5.61710064878915,16.4498188689428
"2024-02-21 21:28:08.0000",7.31,89.88,2.7884738445282,5.03296230248985,13.7010876694988
"2024-02-21 21:58:06.0000",8.21,89.46,2.24701714515686,3.72151824254504,11.7241378682452
"2024-02-21 22:28:02.0000",8.13,88.22,2.18576574325562,3.98927885448876,11.8529231175513
"2024-02-21 22:57:59.0000",8.23,87.73,2.21112060546875,4.25199899870911,13.1770827154116
"2024-02-21 23:27:51.0000",7.94,86.6,2.48293089866638,4.69763921414048,14.0000373224481
"2024-02-21 23:57:48.0000",7.37,86.05,3.52519798278809,6.52472651333873,19.770881007451
"2024-02-22 00:27:45.0000",7.31,86.41,3.90970325469971,6.68619712119478,21.3499461480196
"2024-02-22 00:57:44.0000",7.52,86.47,4.04849052429199,7.14934423507223,21.3098536524963
"2024-02-22 01:27:39.0000",7.54,86.04,3.13129496574402,5.56501903028032,15.6420464049964
"2024-02-22 01:57:32.0000",6.74,85.81,3.46582245826721,6.84475364195906,20.7556242582357
"2024-02-22 02:27:35.0000",6.28,87.88,2.79527473449707,5.76420384665368,16.9017871596129
"2024-02-22 02:57:27.0000",6.24,88.31,1.77810680866241,3.80456187608287,12.2356019245866
"2024-02-22 03:27:23.0000",6.13,88.53,1.48938071727753,3.33406561610796,9.90121409579222
"2024-02-22 03:57:20.0000",5.55,89.12,1.20152151584625,2.8420614429431,10.2318034021228
"2024-02-22 04:27:16.0000",5.4,89.37,0.668578684329987,1.92743255594538,6.87216449800087
"2024-02-22 04:57:13.0000",5.39,89.68,0.239029049873352,1.14702876426878,4.18641830674336
"2024-02-22 05:27:06.0000",5.46,89.83,0.0827425941824913,0.969152875458556,3.96700198758107
"2024-02-22 05:57:03.0000",5.39,89.98,0.348891407251358,1.39114598542683,5.53907483886984
"2024-02-22 06:27:00.0000",5.38,90.16,0.489939391613007,1.52397856490635,4.75951373574176
"2024-02-22 06:56:52.0000",5.24,90.24,0.260825663805008,1.29597699148785,4.79021396337288
"2024-02-22 07:26:49.0000",4.91,90.33,0.657032310962677,1.4794155076859,4.74675471049278
"2024-02-22 07:56:46.0000",4.73,90.51,0.212986096739769,1.06365812752495,4.16160016298353
"2024-02-22 08:26:44.0000",4.75,90.75,0.50721675157547,1.44091207174885,4.97711667625918
"2024-02-22 08:56:36.0000",5.11,90.89,0.49455600976944,1.4188795210753,4.76165945231091
"2024-02-22 09:26:33.0000",5.19,90.83,0.305296093225479,1.18477520228249,4.17626319877266
"2024-02-22 09:56:30.0000",5.22,90.9,0.374344527721405,1.36957241111907,4.8787605525298
"2024-02-22 10:26:28.0000",4.72,91.35,0.537154018878937,1.43580681088597,4.62845111204798
"2024-02-22 10:56:24.0000",4.99,91.55,1.26298677921295,2.39914948208104,6.06790629499313
"2024-02-22 11:26:16.0000",4.55,91.66,0.792709410190582,1.58200626225375,5.56977521077412
"2024-02-22 11:56:13.0000",5.08,91.64,0.825500309467316,1.74815214790061,5.53946577687512
"2024-02-22 12:26:11.0000",5.63,91.08,1.64759802818298,2.92634722910909,9.00304353912936
"2024-02-22 12:56:08.0000",5.57,90.78,1.89548087120056,3.48939203680798,9.5420879655388
"2024-02-22 13:26:05.0000",5.59,90.6,0.809919059276581,1.92622910769409,6.12612975510947
"2024-02-22 13:56:02.0000",5.77,90.18,1.13086819648743,2.58170872929577,8.61286308433028
"2024-02-22 14:25:59.0000",5.85,88.55,1.30674171447754,2.54834646939445,7.92850732005115
"2024-02-22 14:55:56.0000",5.95,82.62,1.30973398685455,3.37562452003077,11.0840718100752
"2024-02-22 15:25:53.0000",5.92,77.01,1.41648900508881,4.00378689894788,13.4329894545326
"2024-02-22 15:55:50.0000",5.93,75.79,2.32682251930237,4.50294718591714,13.0637285284216
"2024-02-22 16:25:47.0000",6.01,73.53,0.854591071605682,3.08263398411603,9.40163718238736
"2024-02-22 16:55:39.0000",5.36,72.61,1.15717816352844,3.41317811976752,10.5827038250985
"2024-02-22 17:25:37.0000",4.96,71.5,0.99823534488678,2.78381001828639,8.17498606629514
"2024-02-22 17:55:33.0000",4.36,74.78,1.50424695014954,3.42539683512074,11.2773844424597
"2024-02-22 18:25:26.0000",3.94,77.84,1.08234679698944,2.82885168203262,8.67019289355595
"2024-02-22 18:55:23.0000",3.98,78.58,1.28047788143158,3.12046999663797,9.93383421126007
"2024-02-22 19:25:20.0000",3.47,78.46,2.16738128662109,4.07372076716701,12.6990274940604
"2024-02-22 19:55:17.0000",3.17,79.87,1.8360732793808,3.36799392563539,12.0482512970769
"2024-02-22 20:25:14.0000",3.04,80.12,1.70870995521545,3.57711657618615,12.3230878098873
"2024-02-22 20:55:06.0000",2.5,80.41,1.70995211601257,3.24009146834147,9.80976239178904
"2024-02-22 21:25:03.0000",2.15,81.08,1.55536484718323,3.17622787278791,9.69449590673169
"2024-02-22 21:55:00.0000",2.15,81.27,1.39555501937866,3.11716218099837,11.7416509149252
"2024-02-22 22:24:57.0000",2.28,81.72,2.36689305305481,3.92576890806911,11.2304011396752
"2024-02-22 22:54:55.0000",2.1,81.62,2.34157156944275,3.5749508831772,11.847697614548
"2024-02-22 23:24:46.0000",1.44,81.97,2.42159748077393,4.08036862945609,12.6573656723552
"2024-02-22 23:54:44.0000",0.99,82.88,5.04011726379395,6.23708844611761,13.4477209670306
"2024-02-23 00:24:41.0000",1.89,83.56,11.4012889862061,10.356113004281,14.4724744676195
"2024-02-23 00:54:44.0000",2.85,82.99,7.39836978912354,7.54382337897469,12.7641855343861
"2024-02-23 01:24:39.0000",2.61,83.07,1.85055887699127,3.38404659504556,9.99676214701235
"2024-02-23 01:54:33.0000",2.43,83.61,8.2273416519165,8.08776416982143,13.2331453418274
"2024-02-23 02:24:33.0000",2.35,83.86,2.50153660774231,4.06711595781426,11.9395521875015
"2024-02-23 02:54:32.0000",2.67,84.05,10.5432291030884,9.7803457332529,14.3851761215368
"2024-02-23 03:24:24.0000",1.91,84.29,9.67207908630371,9.08686879841274,15.1635599437175
"2024-02-23 03:54:21.0000",1.84,84.81,10.482234954834,9.55415861104724,13.34634135367
"2024-02-23 04:24:17.0000",1.7,85.2,7.38716554641724,7.179875612141,10.0323470658072
"2024-02-23 04:54:15.0000",2.08,85.53,13.5835494995117,11.8787576863896,13.9036217429143
"2024-02-23 05:24:07.0000",2.57,85.78,1.99003493785858,3.22745872814861,8.67820178143115
"2024-02-23 05:54:04.0000",2.72,85.59,0.93291962146759,2.15501971843959,6.31046209469703
"2024-02-23 06:24:01.0000",2.51,85.71,1.08621180057526,2.64257724257516,8.9088111010375
"2024-02-23 06:53:59.0000",2.2,86.55,1.04237043857574,2.27405305669251,8.53713316279909
"2024-02-23 07:23:56.0000",2.64,86.63,2.36718893051147,3.75378600735165,10.6669675020154
"2024-02-23 07:53:53.0000",2.94,86.72,2.46273756027222,3.56364485206001,9.34619585793851
"2024-02-23 08:23:50.0000",3.8,87.28,1.16791045665741,2.52294283727183,7.51427268633117
"2024-02-23 08:53:52.0000",3.7,86.99,1.25381374359131,2.77151265755863,9.80373853332546
"2024-02-23 09:23:49.0000",6.04,85.02,1.14081156253815,2.57536160250789,8.24050258820078
"2024-02-23 09:53:52.0000",7.72,83.34,1.17402124404907,2.30055100801758,8.31098877995998
"2024-02-23 10:23:43.0000",6.47,85.27,1.14116883277893,2.78432908801898,10.6640110886044
"2024-02-23 10:53:40.0000",8.34,83.09,0.941207349300385,2.4515265236554,7.74169524335838
"2024-02-23 11:23:37.0000",7.58,77.52,1.96427714824677,3.99884666979999,12.6263752820181
"2024-02-23 11:53:40.0000",9.13,65.77,1.38441395759583,3.99434641886998,13.493996428597
"2024-02-23 12:23:37.0000",7.94,69.25,1.8232696056366,3.70510722108519,12.2008007453367
"2024-02-23 12:53:34.0000",11.74,66.28,0.955661773681641,3.08987262277267,10.3144595341949
"2024-02-23 13:23:32.0000",9.32,63.27,1.04891324043274,4.01700602347626,12.020973854506
"2024-02-23 13:53:23.0000",9.25,63.92,1.01881837844849,3.90222446546121,13.391373666276
"2024-02-23 14:23:20.0000",11.09,61.93,0.976955592632294,3.92852247220993,12.9433935938334
"2024-02-23 14:53:13.0000",7.28,63.14,1.24649488925934,3.75609010889759,11.6877314349769
"2024-02-23 15:23:04.0000",6.43,67.92,2.03378200531006,4.04006153413696,12.1814104748976
"2024-02-23 15:53:01.0000",6.22,69.63,0.88726019859314,3.02618742823798,10.5877850547482
"2024-02-23 16:22:59.0000",5.92,72,1.71830916404724,3.29772560257652,9.69775241989331
"2024-02-23 16:52:50.0000",4.9,72.67,0.72577041387558,2.65302579059354,8.86263385825856
"2024-02-23 17:22:47.0000",4.48,73.62,2.34717130661011,4.14378707982705,13.0698515166671
"2024-02-23 17:52:45.0000",4.11,74.36,2.14712357521057,3.83149748343012,13.8835514185615
"2024-02-23 18:22:37.0000",4.12,75.05,4.34876346588135,5.51103646256455,13.7588919197251
"2024-02-23 18:52:35.0000",4.21,75.27,2.08867597579956,3.68690471241854,11.1155387247787
"2024-02-23 19:22:31.0000",4.16,75.59,3.72703099250793,4.99268643859193,12.681348239465
"2024-02-23 19:52:28.0000",3.51,76.21,2.75252962112427,4.08122312675025,10.1653111075706
"2024-02-23 20:22:25.0000",2.8,76.76,4.29403686523438,5.10767028139625,10.6838617715699
"2024-02-23 20:52:17.0000",2.71,77.64,4.15187072753906,5.22637103704718,11.3313871749321
"2024-02-23 21:22:14.0000",2.22,77.76,12.0403528213501,10.7782117364405,17.7300795490288
"2024-02-23 21:52:12.0000",2.14,78.57,4.46666717529297,5.4625146715741,12.4404799833307
"2024-02-23 22:22:09.0000",2.39,78.48,6.96846055984497,7.20522346023374,13.4321108395614
"2024-02-23 22:52:01.0000",1.78,78.66,2.87949991226196,3.91247628238367,8.84775869670707
"2024-02-23 23:21:57.0000",1.57,79.24,2.46876645088196,3.74798334186825,9.23305992172916
"2024-02-23 23:51:55.0000",1.34,79.41,2.65242099761963,4.14072425642205,9.91490904279206
"2024-02-24 00:21:52.0000",1.28,80.15,3.88405895233154,5.05445766144044,10.8036795790165
"2024-02-24 00:51:49.0000",1.4,79.83,4.037034034729,4.93967498891964,10.1317221032924
"2024-02-24 01:21:45.0000",0.41,80.53,5.80534410476685,6.17514250465234,11.3701735625016
"2024-02-24 01:51:38.0000",-0.14,81.18,6.81023359298706,7.09458288441723,12.1635440901254
"2024-02-24 02:21:39.0000",-0.54,81.32,6.56076669692993,6.63899812831956,11.0741185109658
"2024-02-24 02:51:32.0000",-0.71,81.71,7.39438676834106,7.80734597988111,13.8264505097081
"2024-02-24 03:21:30.0000",-0.94,81.89,8.90732669830322,8.86200111642639,14.502285700949
"2024-02-24 03:51:22.0000",-1.26,82.09,7.62172842025757,7.8540280176697,15.3684769600084
"2024-02-24 04:21:24.0000",-1.28,82.4,6.80371141433716,7.28122409236908,15.6341855231285
"2024-02-24 04:51:21.0000",-1.15,82.79,7.61967039108276,8.20722273151517,17.0537756804646
"2024-02-24 05:21:13.0000",-1.41,82.78,7.9593563079834,8.13278767314335,13.8454924668942
"2024-02-24 05:51:10.0000",-1.69,83.2,8.53073215484619,8.51017251453756,14.4218396729317
"2024-02-24 06:21:02.0000",-1.79,83.44,10.7100124359131,10.5749203387583,17.0999315548772
"2024-02-24 06:51:00.0000",-1.73,83.51,12.0104846954346,11.7829506327068,19.3588142293664
"2024-02-24 07:21:01.0000",-1.42,83.89,14.1150951385498,13.1684069320442,21.7188374481674
"2024-02-24 07:50:53.0000",-1.36,84.02,18.0483417510986,16.4234049029223,23.2002008870968
"2024-02-24 08:20:56.0000",-0.8,84.57,15.6021127700806,14.8170369260633,21.7144606757814
"2024-02-24 08:50:53.0000",1.65,84.15,7.76756191253662,7.82581003490455,13.0098384121484
"2024-02-24 09:20:55.0000",4.89,79.84,4.22335195541382,5.02696911551568,9.75599499138129
"2024-02-24 09:50:57.0000",8.14,76.9,3.12378168106079,4.07095598344956,9.90827692747025
"2024-02-24 10:20:55.0000",11.09,74.53,1.7126077413559,2.70178066264106,7.05668331234055
"2024-02-24 10:50:52.0000",11.35,75.51,1.82351553440094,3.02221061004756,10.5102776584525
"2024-02-24 11:20:54.0000",12.96,75.38,1.93917989730835,3.77457158163779,17.318737522397
"2024-02-24 11:50:51.0000",15.07,67.03,2.71590113639832,4.64283746487832,18.2887644438175
"2024-02-24 12:20:37.0000",10.63,65.82,2.374755859375,4.51154813108199,15.8435106915513
"2024-02-24 12:50:30.0000",8.25,67.08,2.84391522407532,4.70548577653423,12.6765725447754
"2024-02-24 13:20:27.0000",7.33,69.58,1.85806560516357,4.20315953335953,14.5874619333687
"2024-02-24 13:50:29.0000",10.63,66.52,1.46308529376984,4.02579169690634,14.3103900097872
"2024-02-24 14:20:26.0000",9.56,62.35,1.51173686981201,4.0786666397061,13.5969851272106
"2024-02-24 14:50:33.0000",12.51,58.9,1.25490152835846,3.78535759543464,15.4785721619887
"2024-02-24 15:20:15.0000",9.22,64.57,1.04095768928528,3.60269140706973,12.4535952446115
"2024-02-24 15:50:12.0000",9.44,64.37,1.12980723381042,3.51378236052575,11.8225071329611
"2024-02-24 16:20:05.0000",7.91,64.31,1.32311964035034,3.88331124360997,18.3633269506367
"2024-02-24 16:49:57.0000",6.31,66.97,0.762059509754181,3.04528172605952,10.4584033502213
"2024-02-24 17:19:59.0000",5.25,69.52,2.52290105819702,4.39041825595316,15.4227512445794
"2024-02-24 17:49:46.0000",4.36,70.97,1.92598724365234,3.85965876013032,11.2610148467166
"2024-02-24 18:19:42.0000",3.58,71.92,2.31983661651611,4.13385438779961,13.6059869207856
"2024-02-24 18:49:40.0000",2.89,72.97,3.22120118141174,4.97650264452105,13.6580060511869
"2024-02-24 19:19:32.0000",2.81,73.21,4.26514768600464,5.54860207727081,14.4517047181831
"2024-02-24 19:49:29.0000",2.35,74.18,7.5191388130188,8.05777952954268,15.0452798644792
"2024-02-24 20:19:31.0000",2.51,74.5,9.76338863372803,9.79251229246966,17.3897043301335
"2024-02-24 20:49:23.0000",2.41,75.08,7.19215297698975,7.72899644213927,13.8080409174405
"2024-02-24 21:19:20.0000",1.83,75.41,8.44140815734863,8.50397117471227,15.6627562510642
"2024-02-24 21:49:12.0000",1.32,76.84,12.4918203353882,12.2556729831199,19.5881795470881
"2024-02-24 22:19:10.0000",0.99,77.21,15.7212190628052,14.402368982757,19.5299815058284
"2024-02-24 22:49:06.0000",0.99,77.56,22.3967151641846,19.8158642194516,27.4017602504337
"2024-02-24 23:19:04.0000",0.7,78.04,21.4011936187744,18.6905103064711,25.3462177250509
"2024-02-24 23:49:01.0000",0.57,78.53,19.9273509979248,17.6411076618655,23.2451195334587
"2024-02-25 00:18:52.0000",0.38,79.46,24.1963863372803,21.2599220264407,24.0873148192752
"2024-02-25 00:48:50.0000",-0.04,79.81,27.8694820404053,24.1842992945695,28.1365804750721
"2024-02-25 01:18:53.0000",0.01,79.95,26.400426864624,22.872650293593,27.5124520363524
"2024-02-25 01:48:45.0000",0.15,80.49,25.6116542816162,22.1985734240047,25.7651155016565
"2024-02-25 02:18:46.0000",0.03,80.49,21.5068950653076,19.3051452347244,25.3079823993786
"2024-02-25 02:48:40.0000",-0.11,80.83,19.6716289520264,17.9543632853748,24.1115734799391
"2024-02-25 03:18:36.0000",-0.37,81.21,29.1249732971191,25.028550526587,29.9772731695266
"2024-02-25 03:48:33.0000",-0.74,82.07,33.3030128479004,28.533727911412,31.559800120359
"2024-02-25 04:18:25.0000",-0.91,82.95,32.4856300354004,28.0724751860582,32.2010384290017
"2024-02-25 04:48:23.0000",-1.16,83.5,38.9686584472656,32.9273184748594,35.5685165169061
"2024-02-25 05:18:19.0000",-0.94,83.53,54.4086227416992,45.8877442375563,49.9112901561153
"2024-02-25 05:48:16.0000",-0.89,83.82,54.0771484375,45.8898150372613,50.6123928822026
"2024-02-25 06:18:13.0000",-0.82,83.73,45.7335205078125,38.6317923709843,43.0156382669509
"2024-02-25 06:48:10.0000",-1.09,83.96,56.425407409668,46.6514780533257,54.6550398107937
"2024-02-25 07:18:07.0000",-0.97,84.25,54.4594573974609,43.8185064472055,50.8072140869577
"2024-02-25 07:48:00.0000",-0.58,84.58,42.1104278564453,34.2827772134821,39.0939182551285
"2024-02-25 08:17:57.0000",-0.01,85.04,31.8176918029785,26.8545520787821,31.8912692871616
"2024-02-25 08:47:54.0000",0.64,84.84,31.1212062835693,26.4338344172259,28.8918690280726
"2024-02-25 09:17:51.0000",1.05,84.85,64.555908203125,52.8486768306671,54.7147056317523
"2024-02-25 09:47:53.0000",3.57,84.22,29.0247821807861,25.1373849589125,27.3838878352985
"2024-02-25 10:17:50.0000",3.46,83.39,23.3226718902588,20.2546517865528,23.3542566815036
"2024-02-25 10:47:47.0000",4.74,83.29,17.4617309570312,15.3798811400549,18.7980284694132
"2024-02-25 11:17:50.0000",8.59,81.4,10.5149402618408,10.0100366078101,14.7268904439925
"2024-02-25 11:47:46.0000",9.45,80.31,8.20940208435059,8.29279136181403,13.7435053268899
"2024-02-25 12:17:44.0000",11.16,80.09,5.03815460205078,5.39586568222701,11.2491789829746
"2024-02-25 12:47:41.0000",9.82,78.02,2.2582483291626,3.5480708914107,11.7342267989782
"2024-02-25 13:17:38.0000",10.29,76.99,2.83180499076843,4.01113145457735,10.0336971336446
"2024-02-25 13:47:35.0000",10.92,72.11,1.66619324684143,3.29097219918074,9.13750997056589
"2024-02-25 14:17:33.0000",10.43,69.72,1.56238102912903,3.47960003985556,10.7534946251554
"2024-02-25 14:47:29.0000",9.55,67.98,1.41940319538116,3.4046205781707,9.45521692515493
"2024-02-25 15:17:22.0000",8.79,67.37,1.37339007854462,3.50013773829196,10.6641422020079
"2024-02-25 15:47:18.0000",8.82,67.82,2.00591206550598,4.04914487863292,11.8365807557501
"2024-02-25 16:17:10.0000",8.35,66.62,2.40276098251343,4.45716027919247,13.271316823102
"2024-02-25 16:47:07.0000",6.98,67.37,3.63628649711609,5.76392130965816,17.3131501403593
"2024-02-25 17:16:59.0000",6.02,68.75,3.43127346038818,5.59649449511816,21.6433558161659
"2024-02-25 17:46:57.0000",5.33,69.89,4.2617621421814,5.7992740007541,16.6150909353367
"2024-02-25 18:16:53.0000",5.14,70.55,3.34073805809021,5.36403278569462,15.1034721417087
"2024-02-25 18:46:46.0000",4.64,72.06,4.16861248016357,5.62478981386825,12.0252418945715
"2024-02-25 19:16:43.0000",4.27,73.25,4.59794139862061,5.92213904890331,14.0309525229945
"2024-02-25 19:46:40.0000",3.95,74.49,4.25320148468018,5.86023794106297,13.4462608816867
"2024-02-25 20:16:38.0000",3.71,75.31,4.092942237854,5.3788148242996,13.1907327682219
"2024-02-25 20:46:29.0000",3.45,76.17,3.28297019004822,4.95407999026359,11.6765834411484
"2024-02-25 21:16:26.0000",3.08,77.11,3.60837125778198,4.97511967358219,11.3354799179283
"2024-02-25 21:46:23.0000",2.58,78.14,3.59091114997864,4.76017353807411,9.34173736639363
"2024-02-25 22:16:21.0000",2.17,79.56,4.47285985946655,5.70998617035887,11.7535148746396
"2024-02-25 22:46:13.0000",2.23,80.21,5.47047090530396,6.28769941090982,11.3505508037928
"2024-02-25 23:16:09.0000",2.05,81.55,8.73163414001465,8.85292361691642,13.3190150396194
"2024-02-25 23:46:07.0000",1.61,82.89,10.5109844207764,10.4024180352339,14.6881614684887
"2024-02-26 00:16:09.0000",1.29,83.84,8.06924247741699,8.18434132983998,11.8121353615117
"2024-02-26 00:46:02.0000",1.08,84.49,8.19065189361572,8.63964124504599,15.1640128676313
"2024-02-26 01:16:02.0000",0.94,85.11,6.21495723724365,6.789136025248,11.1470307469069
"2024-02-26 01:45:55.0000",0.69,85.36,5.15837049484253,5.639725768379,9.48289806543944
"2024-02-26 02:15:53.0000",0.32,85.76,5.81027173995972,6.36700271979137,10.1909264441216
"2024-02-26 02:45:49.0000",0.08,86.19,6.58833932876587,6.7074589507137,10.0019912501779
"2024-02-26 03:15:48.0000",0.39,86.32,6.95231485366821,7.04342227059757,10.682896354344
"2024-02-26 03:45:49.0000",0.56,86.61,6.86686182022095,7.18292672693245,10.241830743749
"2024-02-26 04:15:45.0000",1.4,87.25,7.72153902053833,7.87325196387953,11.0604150990086
"2024-02-26 04:45:48.0000",1.22,86.66,8.59096050262451,8.63724963942414,12.0868926137037
"2024-02-26 05:15:35.0000",0.83,87,9.23995780944824,8.93182488157589,11.5714031070447
"2024-02-26 05:45:32.0000",0.77,87.26,10.0441999435425,9.63949253369496,13.1708620167922
"2024-02-26 06:15:29.0000",0.52,87.68,13.9088277816772,13.0192530852839,15.0648294711527
"2024-02-26 06:45:26.0000",0.74,87.9,10.1573991775513,9.8437870575152,12.4159485928341
"2024-02-26 07:15:23.0000",0.8,88.2,7.45782327651978,7.32117475044924,9.64337999823394
"2024-02-26 07:45:15.0000",0.97,88.32,5.23474502563477,5.65831856133742,8.97192068576155
"2024-02-26 08:15:13.0000",1.33,88.33,3.64489245414734,4.53153054141117,8.97458446397021
"2024-02-26 08:45:10.0000",2.95,89.22,2.05167293548584,2.87514789909413,5.90074220023015
"2024-02-26 09:15:12.0000",7.45,73.37,1.654825091362,3.10147732847249,9.3505131956426
"2024-02-26 09:45:14.0000",8.98,63.44,1.07859218120575,2.92606694335193,8.80811913103017
"2024-02-26 10:15:16.0000",10.8,61.21,1.17129075527191,3.70065377344784,13.9550757991687
"2024-02-26 10:45:13.0000",12.11,54.35,0.728266477584839,3.2311254869376,10.0909046038484
"2024-02-26 11:15:06.0000",7.97,59.02,0.751918435096741,3.25055215004121,13.8024217606264
"2024-02-26 11:45:03.0000",6.75,63.57,1.03339397907257,3.18888887252681,10.6077816571691
"2024-02-26 12:15:00.0000",11.99,57.02,0.884920060634613,3.4250110666819,13.1224758802799
"2024-02-26 12:45:02.0000",13.3,51.14,0.538604378700256,3.55427741410847,11.9743289058566
"2024-02-26 13:14:59.0000",13.58,52.76,0.618841409683228,3.54014307508084,12.8507990968472
"2024-02-26 13:44:51.0000",12.1,49.55,0.619332671165466,3.58382584422321,11.6121754813445
"2024-02-26 14:14:43.0000",8.71,56.02,0.636774957180023,3.40555288328062,11.1119629657197
"2024-02-26 14:44:40.0000",8.58,58.93,0.611552476882935,3.21372050194609,11.6707833367786
"2024-02-26 15:14:42.0000",8.71,59.34,0.790635406970978,3.40403887069569,16.0744514017329
"2024-02-26 15:44:29.0000",8.94,60.37,0.678113520145416,3.2845590800982,10.3347605508349
"2024-02-26 16:14:27.0000",7.53,62.74,0.963205814361572,3.35241148892861,12.3289049811383
"2024-02-26 16:44:18.0000",7.17,65.16,1.36353778839111,3.32557471359742,9.10653691999363
"2024-02-26 17:14:17.0000",5.93,68.87,1.30974340438843,3.20488418705759,9.58035476376533
"2024-02-26 17:44:08.0000",5.47,70.57,1.4215179681778,3.18364141303402,9.01969376906806
"2024-02-26 18:14:05.0000",4.43,72.04,2.55446004867554,3.74900114987184,9.22593930246148
"2024-02-26 18:44:03.0000",4.12,73.15,4.22994947433472,5.31872183800398,12.4563575124034
"2024-02-26 19:13:59.0000",4.82,73.19,3.7953987121582,5.13230646889,13.074527734502
"2024-02-26 19:43:56.0000",4.57,73.87,2.68520998954773,3.98683214463661,9.86466907905745
"2024-02-26 20:13:48.0000",3.35,74.89,4.36154460906982,5.29140502011634,13.4256162172492
"2024-02-26 20:43:46.0000",2.58,76.06,5.47981691360474,6.28504287237091,11.9005877279308
"2024-02-26 21:13:37.0000",1.94,76.8,6.36445140838623,6.83905173042968,11.900098072843
"2024-02-26 21:43:34.0000",1.44,77.57,7.15825271606445,7.40798456983128,11.8717925433776
"2024-02-26 22:13:31.0000",0.98,78.66,10.442066192627,10.0063361682665,14.956085411458
"2024-02-26 22:43:28.0000",1.06,80.25,10.2580804824829,9.98017631688296,13.4891368136855
"2024-02-26 23:13:21.0000",0.69,80.93,11.1127595901489,10.8017999650626,15.0541003370796
"2024-02-26 23:43:18.0000",-0.06,80.61,10.5437240600586,10.1787897958381,14.2890224603729
"2024-02-27 00:13:15.0000",-0.33,80.95,11.1002264022827,10.7036931745537,16.4998199947954
"2024-02-27 00:43:07.0000",-0.86,81.02,12.2115926742554,11.4242062020882,15.7812950759013
"2024-02-27 01:13:05.0000",-1.11,81.06,14.0503578186035,13.0064995097964,18.5293892744418
"2024-02-27 01:43:02.0000",-1.17,81.29,18.3649482727051,16.3198527240172,22.4043899543881
"2024-02-27 02:12:58.0000",-0.97,81.16,18.0184020996094,15.9417103432944,21.3288773326241
"2024-02-27 02:42:55.0000",-0.68,81.19,21.9311122894287,18.9924348281524,26.2003029801464
"2024-02-27 03:12:53.0000",-0.63,81.55,22.5983295440674,20.1224771094751,26.9710602535712
"2024-02-27 03:42:55.0000",-0.63,81.64,26.1213340759277,22.9353728313326,29.4092677077317
"2024-02-27 04:12:44.0000",-0.63,81.61,30.1346244812012,25.6451736555063,32.4437589366324
"2024-02-27 04:42:40.0000",-0.69,81.77,32.0131225585938,27.0577468470202,33.5016946049307
"2024-02-27 05:12:36.0000",-0.56,82.12,28.3207912445068,24.3600424275226,31.3707421079413
"2024-02-27 05:42:38.0000",-0.38,81.89,31.4995555877686,26.7635500829107,34.8021908975251
"2024-02-27 06:12:30.0000",0.01,82.31,20.2173900604248,17.8471136374121,22.8314560092414
"2024-02-27 06:42:27.0000",0.38,82.24,14.3980283737183,13.4099429845407,18.5321632409435
"2024-02-27 07:12:24.0000",0.58,82.42,10.0116834640503,9.83665459709298,14.7017841358111
"2024-02-27 07:42:21.0000",0.9,82.63,5.09475088119507,5.8806382608067,11.5331473958626
"2024-02-27 08:12:18.0000",1.52,82.73,3.54554104804993,4.47655703992395,9.99910654716552
"2024-02-27 08:42:15.0000",2.18,82.5,4.08096551895142,4.93679613596998,10.4339339713377
"2024-02-27 09:12:13.0000",3.01,82.49,2.84763669967651,3.63152512865566,8.39599729654846
"2024-02-27 09:42:10.0000",3.83,82.57,2.28072714805603,3.39944141579258,9.56437714550391
"2024-02-27 10:12:07.0000",4.6,82,1.82443177700043,3.13385143565656,8.82596473840626
"2024-02-27 10:42:04.0000",5.01,81.96,1.81544375419617,3.15247318638975,7.9859462871324
"2024-02-27 11:12:06.0000",6.04,81.4,1.26658511161804,3.24347997687439,9.24168794309007
"2024-02-27 11:42:03.0000",7.43,80.96,1.33376371860504,2.64244583032433,10.0401690911403
"2024-02-27 12:12:01.0000",6.89,79.48,1.35615241527557,3.045287474628,9.88110242032653
"2024-02-27 12:41:53.0000",6.67,79.61,2.64474749565125,4.61807680417352,12.4285552217109
"2024-02-27 13:11:50.0000",6.37,80.6,2.00355458259583,3.76084441330609,11.5417673815941
"2024-02-27 13:41:47.0000",6.32,81.39,2.60277223587036,4.19801842021996,14.6938801426109
"2024-02-27 14:11:44.0000",6.9,81.78,0.761189699172974,2.00749688167974,6.48150902716389
"2024-02-27 14:41:41.0000",8.35,82.13,0.574020385742188,1.68549548961067,5.32420481591301
"2024-02-27 15:11:43.0000",8.74,83.75,0.414471745491028,1.61690804777569,5.20080087331948
"2024-02-27 15:41:35.0000",8.24,85.58,0.700585067272186,1.78777895870567,6.20644492972807
"2024-02-27 16:11:32.0000",7.64,88.51,3.60250782966614,5.92013030199115,16.9013405706474
"2024-02-27 16:41:35.0000",7.5,89.52,3.6034460067749,5.51558471938312,13.9498754578303
"2024-02-27 17:11:27.0000",7.28,89.75,5.56421756744385,8.82244001206714,23.2853749309014
"2024-02-27 17:41:19.0000",7.04,90.03,5.44891786575317,8.79891495803307,23.6345143865214
"2024-02-27 18:11:16.0000",6.4,90.29,5.66966247558594,8.05756610987776,23.2264279768402
"2024-02-27 18:41:13.0000",5.56,90.97,6.31712865829468,9.83330284937352,25.6813443664464
"2024-02-27 19:11:10.0000",4.94,90.94,7.40587711334229,11.225409803548,27.6075114117957
"2024-02-27 19:41:02.0000",4.3,90.98,7.30386781692505,11.6383095442857,30.0540183697523
"2024-02-27 20:11:00.0000",3.62,91.05,9.9673318862915,16.0031672251065,46.0986172554271
"2024-02-27 20:40:51.0000",3.21,90.69,9.35412120819092,13.2036662361091,37.5530260408878
"2024-02-27 21:10:49.0000",3.34,90.95,6.98270750045776,11.039401034324,32.2153105362803
"2024-02-27 21:40:45.0000",3.13,91.16,6.59547138214111,10.0919518620266,25.9595199530582
"2024-02-27 22:10:38.0000",3.17,91.07,8.31625366210938,11.707344813003,28.9523972683406
"2024-02-27 22:40:34.0000",2.9,90.87,7.5620436668396,11.379921752696,33.2208083389846
"2024-02-27 23:10:31.0000",2.56,90.59,6.38026094436646,10.2835833341136,27.8067567935717
"2024-02-27 23:40:29.0000",2.3,91.46,6.65546131134033,10.7798562325244,29.2550862788697
"2024-02-28 00:10:26.0000",2.43,91.48,5.78020429611206,9.37651394794431,27.6544464389783
"2024-02-28 00:40:23.0000",2.14,91.09,4.65347576141357,8.38868702773578,25.6129925473294
"2024-02-28 01:10:19.0000",2.15,91.22,5.26977825164795,9.19554770217299,26.6608474436608
"2024-02-28 01:40:17.0000",2.23,91.44,4.31741428375244,7.59528419601473,23.0029080332846
"2024-02-28 02:10:14.0000",2.42,91.19,4.46500396728516,7.19298131784605,20.1974906096313
"2024-02-28 02:40:10.0000",2.69,91.19,4.50733375549316,6.98551206139877,18.8563619767189
"2024-02-28 03:10:07.0000",2.79,91.18,4.46563291549683,7.21973205707233,21.514211875139
"2024-02-28 03:40:01.0000",2.88,90.91,4.28422164916992,7.26544031152855,19.8688601543165
"2024-02-28 04:09:58.0000",2.64,90.9,4.67026901245117,8.00391544468193,21.1247630586853
"2024-02-28 04:39:55.0000",2.49,91.02,5.17244911193848,7.82139935266073,20.9079589409873
"2024-02-28 05:09:52.0000",2.39,90.97,5.89700794219971,9.29552890077018,24.6229045902947
"2024-02-28 05:39:44.0000",2.24,90.98,6.2574200630188,9.64360533159959,24.1508896469485
"2024-02-28 06:09:41.0000",2.3,91.07,5.62062549591064,9.17974649995619,24.8016150859346
"2024-02-28 06:39:38.0000",2.55,91,5.98586988449097,9.44334639106994,26.1497454792575
"2024-02-28 07:09:35.0000",2.61,90.86,5.9367527961731,9.47926690079593,25.441500669276
"2024-02-28 07:39:32.0000",2.71,90.87,6.83232688903809,9.58609487081031,27.0491306087058
"2024-02-28 08:09:24.0000",3.16,91.16,5.69068336486816,8.76676885787999,24.2889383533563
"2024-02-28 08:39:21.0000",3.84,90.72,5.69166707992554,8.62763746966406,22.5557038403403
"2024-02-28 09:09:18.0000",3.95,90.54,5.45922517776489,8.64973002292324,22.474282225493
"2024-02-28 09:39:16.0000",4.34,90.9,5.57558441162109,8.2624389445531,21.7822892854748
"2024-02-28 10:09:13.0000",4.98,90.27,5.16723823547363,7.38950238025912,19.7164549119513
"2024-02-28 10:39:10.0000",5.17,90.09,5.36152744293213,8.21704584714457,21.3958329370642
"2024-02-28 11:09:07.0000",5.92,89.77,5.13684368133545,8.46886964998606,23.3084545845945
"2024-02-28 11:39:04.0000",6.75,88.92,5.01457738876343,7.55616774402849,21.9777951689061
"2024-02-28 12:09:01.0000",6.79,88.2,5.01682376861572,7.86345782714549,21.6800219938457
"2024-02-28 12:38:58.0000",6.79,88.25,4.53368997573853,7.61535355445056,23.3200536094269
"2024-02-28 13:08:56.0000",7.57,88.83,4.24665403366089,6.34339677222462,17.2872596393371
"2024-02-28 13:38:53.0000",8.1,88.2,4.6493124961853,6.9527456365298,20.1927116759313
"2024-02-28 14:08:50.0000",8.66,87.76,3.63500952720642,5.13743602876295,13.1109481677327
"2024-02-28 14:38:47.0000",9.08,87.67,4.23270225524902,5.62711555794025,16.555635893706
"2024-02-28 15:08:44.0000",9.35,87.32,3.52445244789124,4.88804381324289,12.0815919412924
"2024-02-28 15:38:41.0000",9.54,86.99,2.06101965904236,3.18135015448536,7.39049336635244
"2024-02-28 16:08:34.0000",9.25,86.95,1.77240633964539,2.76594517016155,6.65564939681723
"2024-02-28 16:38:30.0000",8.7,87.83,1.63994669914246,2.52115100733192,8.2443877296795
"2024-02-28 17:08:27.0000",8.54,88.33,1.55592310428619,2.45992889068671,8.13615761497213
"2024-02-28 17:38:24.0000",8.63,88.73,1.2238175868988,2.07903352045833,6.21570003628515
"2024-02-28 18:08:21.0000",8.79,88.97,0.722710371017456,1.64989162435999,5.50352303835005
"2024-02-28 18:38:19.0000",9.1,89.13,0.792576134204865,1.88092159515649,5.8927509519667
"2024-02-28 19:08:13.0000",9.32,89.24,0.969062864780426,1.93833381736825,6.02020504800184
"2024-02-28 19:38:08.0000",9.29,89.27,0.485633730888367,1.51571693624909,5.31540240560215
"2024-02-28 20:08:06.0000",9.24,89.54,0.41126948595047,1.31995908922373,4.44559629236294
"2024-02-28 20:38:02.0000",9.26,89.63,0.451995432376862,1.4374082641222,4.79860140924587
"2024-02-28 21:07:59.0000",9.19,90.01,0.724310636520386,1.63142319831502,5.28895619290751
"2024-02-28 21:37:57.0000",9.51,89.99,0.270223587751389,1.1655929861769,4.26546043293103
"2024-02-28 22:07:48.0000",9.41,89.91,0.177733957767487,1.08669729426088,4.08221625200137
"2024-02-28 22:37:46.0000",9.29,90.22,0.217413052916527,1.19825595576911,4.88604384089968
"2024-02-28 23:07:42.0000",9.04,90.69,0.319330990314484,1.25116591963655,4.24709766293716
"2024-02-28 23:37:40.0000",8.9,91,0.296662390232086,1.26815063278046,5.06971286184843
"2024-02-29 00:07:32.0000",8.82,91.17,0.332509160041809,1.16774152137674,3.92493212697686
"2024-02-29 00:37:34.0000",8.75,91.41,0.162471175193787,1.01529980016473,4.05174830640252
"2024-02-29 01:07:30.0000",8.64,91.64,0.24107900261879,1.12190266597008,5.30941978784308
"2024-02-29 01:37:22.0000",8.4,92.06,0.285512357950211,1.13255558339216,5.03640802059161
"2024-02-29 02:07:20.0000",8.28,92.16,0.272103130817413,1.14292610822108,5.23821753591835
"2024-02-29 02:37:17.0000",8.26,93.01,2.15648031234741,3.76079091079288,9.94880809299187
"2024-02-29 03:07:14.0000",7.82,93.19,2.83218574523926,4.53359711533794,13.3792970881984
"2024-02-29 03:37:06.0000",7.4,93.02,3.19067716598511,5.21864924091416,17.0459645439518
"2024-02-29 04:07:03.0000",7.12,92.76,3.53657627105713,6.08744542429757,19.7258979426584
"2024-02-29 04:37:00.0000",6.92,92.48,3.58874535560608,5.93918474690144,17.1060389279518
"2024-02-29 05:06:53.0000",6.87,92.31,3.77558445930481,6.55098923206592,22.2341498652855
"2024-02-29 05:36:50.0000",6.83,91.78,4.03862428665161,7.04019314402115,23.0913855773296
"2024-02-29 06:06:47.0000",6.68,90.59,3.38835382461548,5.73458030142249,16.4614878264342
"2024-02-29 06:36:39.0000",6.39,87.81,3.12390995025635,6.05191640524059,19.6223368927274
"2024-02-29 07:06:37.0000",5.96,86.45,3.51091337203979,6.57336771288461,20.6331989005523
"2024-02-29 07:36:33.0000",5.74,86.63,3.58546233177185,6.53614923559978,20.9068422188195
"2024-02-29 08:06:25.0000",5.75,87.08,3.97775864601135,6.27702467902612,19.0227516486191
"2024-02-29 08:36:22.0000",6.06,87.32,3.83777356147766,6.32627940991311,17.9574524968652
"2024-02-29 09:06:20.0000",6.53,87.23,3.00976943969727,5.450688096113,19.0491825567367
"2024-02-29 09:36:17.0000",7.04,86.74,2.94884514808655,5.00461818236355,15.513455478847
"2024-02-29 10:06:14.0000",7.17,86.18,3.57501673698425,6.16490754254218,18.4684244327179
"2024-02-29 10:36:11.0000",7.32,86.12,3.21825647354126,5.42645255793017,16.472031073934
"2024-02-29 11:06:08.0000",8.14,85.08,2.90212345123291,5.00391576583256,16.3936454979785
"2024-02-29 11:36:07.0000",9.49,83.21,3.05653357505798,5.80322791135442,18.8611309434672
"2024-02-29 12:06:03.0000",9,78.77,2.70575666427612,5.04724500692216,16.204527217614
"2024-02-29 12:35:59.0000",8.75,77.66,3.17144298553467,6.35022889066981,21.6599158954478
"2024-02-29 13:05:56.0000",8.6,75.67,3.09457349777222,6.07168960465043,24.7998459202713
"2024-02-29 13:35:53.0000",8.59,75.17,3.33391642570496,6.15545457766418,21.5631892848754
"2024-02-29 14:05:50.0000",8.39,75.27,2.46420288085938,5.19003421331496,19.5074564284134
"2024-02-29 14:35:42.0000",8.35,75.6,2.4578869342804,4.75370195482907,15.8539680300409
"2024-02-29 15:05:45.0000",8.28,74.86,2.51020264625549,4.97810961519881,19.1410669124962
"2024-02-29 15:35:37.0000",7.9,75.01,2.43562984466553,4.87092130278633,14.8345845554619
"2024-02-29 16:05:29.0000",7.6,74.56,2.03948855400085,4.4624835840674,14.9096855824212
"2024-02-29 16:35:26.0000",7.16,74.47,3.03688430786133,5.5704417494586,18.7602415373061
"2024-02-29 17:05:24.0000",6.58,74.59,2.61552000045776,5.03032072306101,17.367797863078
"2024-02-29 17:35:20.0000",6.31,74.43,2.36296558380127,4.79098420323942,18.4742304943605
"2024-02-29 18:05:12.0000",5.82,74.46,1.88651394844055,4.19198514001197,14.4123879785732
"2024-02-29 18:35:09.0000",5.44,74.78,2.33598470687866,4.82279767295922,18.7104665056195
"2024-02-29 19:05:06.0000",5.13,75.13,3.13970732688904,5.70383255420354,18.1117034913704
"2024-02-29 19:35:04.0000",4.82,75.55,2.45161128044128,5.23646652192118,16.6420371060294
"2024-02-29 20:05:01.0000",4.51,75.92,2.45794177055359,4.49333196896043,14.905189889736
"2024-02-29 20:34:53.0000",4.24,76.09,7.51835489273071,10.4886813264697,26.47488127438
"2024-02-29 21:04:50.0000",3.48,76.83,2.98210310935974,5.2732387229581,16.0496872877366
"2024-02-29 21:34:42.0000",3.1,77.21,1.60039412975311,3.49595071835038,11.7971163318942
"2024-02-29 22:04:39.0000",2.72,78.14,1.34323287010193,3.55625201563235,10.9793617580855
"2024-02-29 22:34:36.0000",2.57,78.38,1.43552684783936,3.62990204483625,11.6559305036505
"2024-02-29 23:04:34.0000",1.78,78.9,1.72363460063934,3.89026579934563,11.6992677824809
"2024-02-29 23:34:31.0000",1.62,79.65,2.6428918838501,4.62903027279438,14.1982329926702
"2024-03-01 00:04:22.0000",1.1,80.03,2.40379405021667,4.64885303056645,15.7087129573963
"2024-03-01 00:34:19.0000",0.88,80.8,2.01728963851929,4.03452794391893,11.4942489338914
"2024-03-01 01:04:15.0000",0.73,81.21,1.51524138450623,3.51614017320615,10.0895716906414
"2024-03-01 01:34:14.0000",0.74,81.78,1.39898657798767,3.2417391340648,10.2216291796646
"2024-03-01 02:04:10.0000",0.65,81.94,2.27150058746338,4.18403472240577,14.0912750842668
"2024-03-01 02:34:08.0000",0.32,82.48,2.01084852218628,4.20186707416565,12.9175041697411
"2024-03-01 03:04:04.0000",0.51,82.78,1.90606391429901,3.97857914435134,13.4503013325612
"2024-03-01 03:34:03.0000",0.77,82.98,1.85155916213989,4.26049470634009,12.6457552176172
"2024-03-01 04:03:58.0000",0.41,83.07,1.96962749958038,4.0949513687811,12.6801545306945
"2024-03-01 04:33:56.0000",0.48,83.45,2.19670295715332,4.32165135099289,13.4214979471657
"2024-03-01 05:03:48.0000",0.67,83.49,2.84260702133179,4.73624822277472,15.8309747614907
"2024-03-01 05:33:45.0000",0.86,83.87,3.05966639518738,4.95269522475415,12.811507864756
"2024-03-01 06:03:43.0000",1.24,84.02,3.71569037437439,5.81664702434965,14.496363470286
"2024-03-01 06:33:40.0000",1.46,84.04,2.95477557182312,4.8929901879922,14.6323116366614
"2024-03-01 07:03:37.0000",1.91,83.82,2.44936609268188,4.44577837039003,13.9094269144578
"2024-03-01 07:33:34.0000",2.07,83.62,2.31920051574707,4.12881794250343,14.635440725845
"2024-03-01 08:03:31.0000",1.91,83.36,2.80027103424072,4.52155068145146,12.7171932645357
"2024-03-01 08:33:28.0000",1.56,85.23,2.22653555870056,4.31550224061145,11.9642978658643
"2024-03-01 09:03:25.0000",2.03,85.84,1.41574239730835,3.14146989252999,9.59583011636428
"2024-03-01 09:33:22.0000",1.96,86.22,1.53009676933289,2.77620557283002,8.27564293971688
"2024-03-01 10:03:19.0000",1.85,86.79,1.20186960697174,2.34923099764911,6.52852330751667
"2024-03-01 10:33:17.0000",1.93,87.25,1.1239492893219,2.09679970212293,5.60356604098955
"2024-03-01 11:03:14.0000",2.02,87.37,0.973879992961884,1.81018024228134,5.03845840407753
"2024-03-01 11:33:11.0000",2.16,87.51,1.57864916324615,2.23127384905792,5.36048799968925
"2024-03-01 12:03:08.0000",2.71,87.76,3.0901186466217,3.68759679823859,7.12365949668082
"2024-03-01 12:33:05.0000",3.73,87.48,2.13062286376953,2.83521061936193,6.2906195338226
"2024-03-01 13:03:07.0000",5.56,87.76,0.811704397201538,1.57323977018802,4.85070979629375
"2024-03-01 13:33:06.0000",6.23,86.83,0.253887563943863,1.16341731835588,4.34528932365792
"2024-03-01 14:03:02.0000",7.08,86.96,0.674679756164551,1.62835292428799,5.17273793710047
"2024-03-01 14:32:59.0000",7.23,84.81,1.54075014591217,2.67761911112258,8.23910865804999
"2024-03-01 15:02:57.0000",7.71,83.02,1.06730723381042,2.38753112986831,7.48298432432962
"2024-03-01 15:32:58.0000",10.81,81.62,1.08460438251495,2.46273161050012,8.75284059413614
"2024-03-01 16:02:50.0000",8.93,75.63,1.8730251789093,3.42743203187412,11.9910981246324
"2024-03-01 16:32:42.0000",6.7,75.84,1.5720317363739,3.21698009989737,11.0290025470367
"2024-03-01 17:02:39.0000",5.38,75.55,0.878783285617828,3.24450438505599,11.5017856720839
"2024-03-01 17:32:31.0000",4.37,75.82,1.72543263435364,3.61197971423491,12.4477882947716
"2024-03-01 18:02:28.0000",3.45,76.38,1.27273905277252,3.34415909475727,11.4335206212987
"2024-03-01 18:32:20.0000",2.9,77.28,1.15736949443817,2.99232003380021,9.22779333800886
"2024-03-01 19:02:18.0000",2.41,77.96,2.08588981628418,3.45735595050438,10.0967156968681
"2024-03-01 19:32:15.0000",2.06,78.77,1.51087665557861,3.19612917373927,11.0950530567456
"2024-03-01 20:02:06.0000",1.47,79.41,1.85310578346252,3.41948678450898,11.40861268148
"2024-03-01 20:32:04.0000",0.93,79.99,2.62002205848694,4.01422523418086,10.6207890030992
"2024-03-01 20:53:36.0000",2.11,79.51,2.17305541038513,3.51809065634692,9.77537785748305
"2024-03-01 21:02:01.0000",0.51,80.56,2.26895785331726,3.51870651242703,8.87997573594334
"2024-03-01 21:31:58.0000",0.11,80.81,2.45767426490784,3.68219852501133,9.95510873475492
"2024-03-01 22:01:50.0000",-0.08,81.45,5.68351984024048,6.38259511657066,11.7561070864032
"2024-03-01 22:31:48.0000",-0.32,82.23,7.32533740997314,7.58926642632731,13.1158907897102
"2024-03-01 23:01:45.0000",0,83.31,7.11352396011353,7.14532197392829,11.6998682558223
"2024-03-01 23:31:41.0000",-0.07,83.84,8.66944599151611,8.55328253671728,13.1286189415826
"2024-03-02 00:01:38.0000",0.33,84.72,8.15115451812744,7.96012420619703,11.7590942194627
"2024-03-02 00:31:35.0000",0.81,84.72,7.86211729049683,7.77458367997682,11.4463216759981
"2024-03-02 01:01:35.0000",1.01,85.16,5.69994831085205,6.1463175506166,11.2485570598409
"2024-03-02 01:31:29.0000",0.51,85.36,6.66239070892334,6.96595333925401,11.262753753484
"2024-03-02 02:01:27.0000",0.99,85.44,7.97404623031616,8.09690273146347,12.8363615745437
"2024-03-02 02:31:23.0000",0.99,84.81,8.66655826568604,8.61092914535587,13.3845835390964
"2024-03-02 03:01:16.0000",0.38,85.43,9.98744201660156,10.1729816568771,15.7844412233304
"2024-03-02 03:31:14.0000",-0.12,85.31,11.5002927780151,10.9526747252103,15.1532573196645
"2024-03-02 04:01:15.0000",-0.61,86.43,14.7361507415771,13.6684839157796,16.1250229668155
"2024-03-02 04:31:07.0000",-0.55,87.1,20.8767509460449,19.0367746540985,23.0672167984722
"2024-03-02 05:01:07.0000",-0.27,86.79,22.0392208099365,20.173924524795,22.9610164121809
"2024-03-02 05:31:02.0000",-0.83,87.66,22.1365089416504,20.1409577016613,22.1838544215094
"2024-03-02 06:00:54.0000",-1.09,88.1,24.9602947235107,22.709258471171,28.0898221185165
"2024-03-02 06:30:51.0000",-1.13,88.75,24.5723152160645,22.1662667440446,27.2105834759107
"2024-03-02 07:00:48.0000",-1.28,89.09,30.3485679626465,27.4873473054928,32.55856072954
"2024-03-02 07:30:46.0000",-1.05,89.34,32.040111541748,28.4490392159122,31.1272700118084
"2024-03-02 08:00:42.0000",-0.75,89.43,35.2816429138184,31.2015113563081,33.5747409210158
"2024-03-02 08:30:39.0000",-0.35,90.08,30.0656070709229,26.4384532701149,27.0382735124346
"2024-03-02 09:00:36.0000",0.14,90.7,28.1969051361084,24.9833045365304,25.2358031148927
"2024-03-02 09:30:35.0000",0.86,90.96,20.9919528961182,19.04484823474,21.17643633112
"2024-03-02 10:00:30.0000",1.61,90.92,18.4434280395508,16.8984990155019,17.9904054915977
"2024-03-02 10:30:33.0000",2.36,90.24,18.9809894561768,17.1574423484513,18.3122996972537
"2024-03-02 11:00:30.0000",2.69,90.51,23.4358921051025,20.8881433478419,22.4221758797859
"2024-03-02 11:30:23.0000",2.79,90.75,20.1495761871338,17.9661868410582,20.4044941570968
"2024-03-02 12:00:19.0000",3.09,91.43,17.9765453338623,16.2762982131038,20.3978779121007
"2024-03-02 12:30:16.0000",2.95,90.64,16.1181335449219,14.2171684280527,16.7968778797478
"2024-03-02 13:00:13.0000",2.87,91.23,13.6588563919067,12.7080213326487,16.2241776563206
"2024-03-02 13:30:11.0000",3.62,91.5,8.84585189819336,8.39185448002584,10.7258320211575
"2024-03-02 14:00:08.0000",4.04,90.61,8.56436824798584,8.42341037636545,11.1105354578515
"2024-03-02 14:30:05.0000",4.91,91.42,8.60991287231445,8.28263211871869,11.0205272305567
"2024-03-02 15:00:02.0000",5.77,90.61,7.20020532608032,7.09180095507601,11.3917201484116
"2024-03-02 15:29:59.0000",5.4,90.08,7.81156253814697,7.63808930516289,10.5068814718645
"2024-03-02 15:59:56.0000",5.18,90.41,5.38624906539917,5.42165627463891,7.69587281839198
"2024-03-02 16:29:53.0000",4.97,90.58,3.75931286811829,4.01911141065524,6.39862271830799
"2024-03-02 16:59:45.0000",2.46,89.66,0.913161039352417,1.69025026771842,4.99725524623441
"2024-03-02 17:29:37.0000",1.74,91.64,3.00545644760132,3.48780655304542,7.20061901995317
"2024-03-02 17:59:35.0000",1.94,91.41,0.653777241706848,1.32716582051542,4.58081386522168
"2024-03-02 18:29:33.0000",2.03,91.09,0.622511863708496,1.26670413392623,3.87646865146501
"2024-03-02 18:59:23.0000",1.95,91.08,6.07069683074951,6.08015480495539,8.28808648626306
"2024-03-02 19:29:20.0000",1.95,91.16,7.43355894088745,7.00583679502081,9.86811861678991
"2024-03-02 19:59:18.0000",2.05,91.08,5.31146907806396,5.19499738439443,7.41781455661594
"2024-03-02 20:29:15.0000",1.64,91.19,1.01507067680359,1.66145331628971,4.38063215612615
"2024-03-02 20:59:12.0000",1.63,91.33,1.41370952129364,1.86512288139146,4.06505807739869
"2024-03-02 21:29:09.0000",1.77,91.31,10.9460315704346,9.69438527782571,11.3110584857856
"2024-03-02 21:59:06.0000",1.75,91.04,7.31756067276001,6.79463614353777,8.3754520321275
"2024-03-02 22:28:58.0000",1.68,91.68,11.2821941375732,9.89370366520593,11.1418407651054
"2024-03-02 22:58:56.0000",1.9,91.53,2.67057204246521,3.00327949434579,5.50576391033585
"2024-03-02 23:28:53.0000",2.04,91.51,2.16533851623535,2.61217699840264,5.43483554075179
"2024-03-02 23:58:49.0000",2.11,91.58,1.65687024593353,2.02255960193998,4.559722907976
"2024-03-03 00:28:46.0000",2.13,91.53,2.23631882667542,2.73055845189236,5.38830829392875
"2024-03-03 00:58:48.0000",1.91,91.35,1.68048918247223,2.14929238366113,4.34096454978061
"2024-03-03 01:28:46.0000",1.6,91.73,2.73448920249939,2.95037261140486,5.61977129343372
"2024-03-03 01:58:38.0000",1.01,91.85,1.80525481700897,2.20548280529055,4.58832966760892
"2024-03-03 02:28:34.0000",0.47,91.58,1.28635919094086,1.84111851053811,4.37216967752761
"2024-03-03 02:58:32.0000",0.08,92.09,5.2672438621521,5.3546481323966,8.36647101416639
"2024-03-03 03:28:30.0000",-0.11,91.96,3.36167001724243,3.61488936653804,6.12143704801006
"2024-03-03 03:58:21.0000",-0.22,92.17,6.9580283164978,6.76396082323759,9.94037024382365
"2024-03-03 04:28:18.0000",-0.56,92.21,3.34650111198425,3.64632159853495,6.65059977618744
"2024-03-03 04:58:14.0000",-0.66,91.76,10.4615631103516,9.56513750227412,12.3619336056384
"2024-03-03 05:28:07.0000",-1.23,91.61,5.07482147216797,5.11266027519657,7.95743901915222
"2024-03-03 05:58:05.0000",-1.38,92.41,9.6104907989502,8.92417289581971,11.5229413833412
"2024-03-03 06:28:02.0000",-1.46,92.25,1.5946409702301,2.05504173866969,4.51107283687289
"2024-03-03 06:58:05.0000",-1.86,92.05,3.16036748886108,3.36464497719936,5.85185853178555
"2024-03-03 07:27:51.0000",-1.86,92.43,5.23206567764282,5.04520018771805,8.02579667216588
"2024-03-03 07:57:48.0000",-1.62,92.85,6.38051700592041,6.08112895905099,8.81076986728115
"2024-03-03 08:27:46.0000",-0.75,93.13,18.5879039764404,16.1196334408796,17.7781097189232
"2024-03-03 08:57:47.0000",3.67,86.49,5.85035705566406,5.83643108780729,8.15408718613171
"2024-03-03 09:27:50.0000",7.21,80.71,2.03462409973145,2.71531089752687,5.7806198423823
"2024-03-03 09:57:52.0000",9.17,79.24,2.0547022819519,2.43474308930591,5.82134991706315
"2024-03-03 10:27:54.0000",10.4,78.18,1.81455028057098,2.61129640339795,6.52104029749183
"2024-03-03 10:57:47.0000",11.44,77.25,1.29961061477661,2.01351872728218,5.5617554075143
"2024-03-03 11:27:49.0000",13.2,76.5,1.39731395244598,2.29845251401652,6.62787951855257
"2024-03-03 11:57:45.0000",14.96,75.62,1.19823908805847,2.2351571404529,7.93287572644322
"2024-03-03 12:27:42.0000",13.3,73.09,0.959837019443512,2.33751516359398,7.12079630949725
"2024-03-03 12:57:29.0000",9.24,79.89,1.44903528690338,2.95843811747466,13.3499694468896
"2024-03-03 13:27:26.0000",8.5,81.1,1.58935046195984,2.99103379880363,12.0928874949402
"2024-03-03 13:57:29.0000",11.74,80.56,1.30532717704773,2.86872289538601,14.4543127069631
"2024-03-03 14:27:31.0000",16.17,76.52,1.04998481273651,2.84669159829087,12.9820974861766
"2024-03-03 14:57:18.0000",10.46,74.5,1.02403831481934,2.74382784987781,8.04072481248849
"2024-03-03 15:27:10.0000",8.78,74.75,0.888439059257507,2.82899026106353,8.6172868816081
"2024-03-03 15:57:07.0000",10.03,72.89,0.826927840709686,2.79836129957955,9.68098544098596
"2024-03-03 16:27:04.0000",8.45,72.41,1.316725730896,3.33653237866257,20.9097314746304
"2024-03-03 16:56:57.0000",7.95,72.68,0.864705622196198,2.80754482380275,8.14196164298936
"2024-03-03 17:26:54.0000",7.18,72.74,0.837162494659424,2.93813633239164,13.1442868306639
"2024-03-03 17:56:50.0000",6.17,72.98,1.47780632972717,3.5694097870688,14.3130675418256
"2024-03-03 18:26:43.0000",5.3,73.86,2.35322570800781,4.03665856196367,13.0067681959739
"2024-03-03 18:56:40.0000",4.49,74.25,2.54074287414551,4.34828822549291,12.5586409866334
"2024-03-03 19:26:37.0000",3.77,75.47,3.38344168663025,4.56291373774044,13.1472610719365
"2024-03-03 19:56:34.0000",4.23,76.03,3.10952520370483,4.11889101208383,9.38924353719131
"2024-03-03 20:26:32.0000",4.85,75.79,6.6428542137146,7.00393759007447,12.5488362461025
"2024-03-03 20:56:23.0000",4.13,75.78,6.14850187301636,6.89956205001987,13.9178558339371
"2024-03-03 21:26:20.0000",3.62,76.75,5.42961931228638,6.08318963762916,11.6739862978267
"2024-03-03 21:56:17.0000",2.89,77.15,6.08889722824097,6.52788787547692,12.3571924823003
"2024-03-03 22:26:09.0000",1.83,77.74,6.46530437469482,7.02804749734475,13.9933439576727
"2024-03-03 22:56:06.0000",1.17,78.51,6.21375703811646,6.739216199419,13.7348941834769
"2024-03-03 23:25:59.0000",0.78,79.01,8.19847011566162,8.03712857471825,15.8560257055016
"2024-03-03 23:55:55.0000",0.56,79.61,12.1564798355103,11.5593058720426,16.7831268322416
"2024-03-04 00:25:52.0000",0.14,80.04,13.7085752487183,12.6224914048071,17.3359679276141
"2024-03-04 00:55:50.0000",-0.19,80.21,13.9826507568359,13.0067210186034,20.2698436107085
"2024-03-04 01:25:47.0000",-0.4,80.48,12.1931505203247,11.4609005993477,15.706084945012
"2024-03-04 01:55:39.0000",-0.77,80.84,11.6720628738403,11.1516282005398,15.6487811798084
"2024-03-04 02:25:37.0000",-1.08,81.19,11.8245573043823,11.3971106791649,17.2873416067203
"2024-03-04 02:55:34.0000",-1.37,81.34,12.5075206756592,11.7496367244311,14.7756440198907
"2024-03-04 03:25:30.0000",-1.7,81.44,13.8831443786621,12.9081246928309,16.7810069900054
"2024-03-04 03:55:22.0000",-1.44,81.59,16.0777778625488,14.5379156803669,18.389786877738
"2024-03-04 04:25:24.0000",-1.61,81.76,18.1656513214111,16.4371011080155,20.7704343105178
"2024-03-04 04:55:22.0000",-1.89,82.11,20.3939170837402,18.1752713131484,22.3503879126506
"2024-03-04 05:25:13.0000",-1.81,82.31,20.7420425415039,18.6541394270005,22.0160609907664
"2024-03-04 05:55:11.0000",-1.56,82.6,19.9353485107422,17.6331755158703,20.4760397772919
"2024-03-04 06:25:08.0000",-1.59,82.85,21.9725456237793,19.6370413224388,22.6139730063718
"2024-03-04 06:55:05.0000",-1.61,83.49,26.3089122772217,22.9745573338974,24.5843234289789
"2024-03-04 07:24:57.0000",-1.27,83.74,27.9377822875977,24.5296176571835,27.0561071745619
"2024-03-04 07:54:54.0000",-0.98,83.89,28.2790470123291,24.8064548228162,28.2174293872117
"2024-03-04 08:54:54.0000",4.24,79.81,13.0865430831909,12.0821971591153,14.8809682611258
"2024-03-04 09:25:01.0000",7.17,76.78,7.26078987121582,7.11812894766238,11.6373903837427
"2024-03-04 09:54:58.0000",8.99,75.69,5.16963338851929,5.50912065403728,10.4040919904157
"2024-03-04 10:24:55.0000",8.35,74.52,4.79504013061523,5.33204933329214,9.2392852833749
"2024-03-04 10:54:47.0000",8.44,76.84,3.10961699485779,4.11643215292705,11.7539176634729
"2024-03-04 11:24:49.0000",10.93,72.08,2.1208074092865,3.43153118801382,8.95697599054592
"2024-03-04 11:54:46.0000",11.6,70.74,2.27231502532959,4.07375768230663,15.1362539829137
"2024-03-04 12:24:43.0000",13.02,66.39,1.27253699302673,3.18114117299455,12.2895793173351
"2024-03-04 12:54:36.0000",11.26,63.19,1.76608443260193,3.75706448230361,10.7835582392684
"2024-03-04 13:24:28.0000",9.33,65.16,2.25929975509644,4.2720820990021,11.0421891520491
"2024-03-04 13:54:24.0000",9.07,66.33,1.78396928310394,4.01835424335913,12.2401382184804
"2024-03-04 14:24:22.0000",9.12,67.71,1.8610018491745,4.34993060754417,15.2440719329705
"2024-03-04 14:54:19.0000",9.57,67.33,1.57651340961456,3.70532916497044,11.6625861934863
"2024-03-04 15:24:11.0000",9.14,67.49,1.32055819034576,3.62761832096504,12.310838674879
"2024-03-04 15:54:08.0000",9.25,67.31,1.20144045352936,3.68011541882441,14.9339689198495
"2024-03-04 16:24:05.0000",8.87,66.79,1.30083191394806,3.62221172953145,12.0677233538825
"2024-03-04 16:54:03.0000",8.73,66.04,1.46616959571838,4.14468639976977,16.665705021535
"2024-03-04 17:23:59.0000",8.53,65.49,1.19030904769897,3.77468834657433,12.3853169555727
"2024-03-04 17:53:51.0000",8.36,63.45,0.980227887630463,3.66939302629347,11.734033583322
"2024-03-04 18:23:49.0000",6.81,65.56,1.05795848369598,3.56736556448914,12.0862548934464
"2024-03-04 18:53:40.0000",5.49,70.7,1.99493002891541,4.4070652149351,12.0165776450819
"2024-03-04 19:23:37.0000",5.29,72.85,1.42273652553558,3.55107396905374,10.7402353868261
"2024-03-04 19:53:35.0000",5.36,74.23,1.47333979606628,3.81590136446458,11.3831097862342
"2024-03-04 20:23:32.0000",5.81,73.71,1.5316174030304,3.74860966107188,10.6800046231876
"2024-03-04 20:53:29.0000",5.78,73.81,1.69748246669769,3.87929198922406,12.3158644779789
"2024-03-04 21:23:26.0000",5.77,74.56,28.4978656768799,24.6828893226187,28.8891833211221
"2024-03-04 21:53:28.0000",5.25,76.03,1.79660987854004,3.84055329717847,11.1697609037325
"2024-03-04 22:23:20.0000",5.3,77.32,2.12180042266846,4.1198241241717,12.7877166989721
"2024-03-04 22:53:13.0000",5.29,77.51,1.85972571372986,3.66828883795286,10.5877983168489
"2024-03-04 23:23:09.0000",5.23,78.4,1.82925260066986,3.24573629886863,8.5491096355617
"2024-03-04 23:53:06.0000",4.81,79.11,1.90283906459808,3.06940131289536,7.66071363103547
"2024-03-05 00:22:58.0000",4.41,79.85,1.95020234584808,3.23536227213813,8.09868455160876
"2024-03-05 00:53:00.0000",4.15,80.39,2.54532790184021,3.62402576140807,10.2028051055084
"2024-03-05 01:22:57.0000",3.72,80.84,5.44121980667114,5.83538060173681,10.193442364076
"2024-03-05 01:52:50.0000",3.46,81.34,5.75905799865723,6.32893745552697,11.5416849286592
"2024-03-05 02:22:47.0000",3.23,81.62,6.93550539016724,7.42584820572556,14.4910570600046
"2024-03-05 02:52:39.0000",3.23,81.69,9.10176658630371,9.46976668660177,16.2697630224689
"2024-03-05 03:22:38.0000",2.72,82.11,10.0678119659424,9.90084557436223,17.888651504542
"2024-03-05 03:52:33.0000",2.39,82.42,12.3217477798462,12.1766480080411,21.9720257489311
"2024-03-05 04:22:30.0000",2.42,82.9,12.7788782119751,12.8249793377118,20.7390096561929
"2024-03-05 04:52:27.0000",2.63,83.12,11.8969955444336,12.4572928341367,26.9654087076413
"2024-03-05 05:22:19.0000",2.91,83.33,6.22093534469604,7.85833391273258,20.1213939027468
"2024-03-05 05:52:17.0000",2.78,83.73,6.7631368637085,8.22978424852599,18.4974081062807
"2024-03-05 06:22:14.0000",2.53,83.97,7.22480392456055,8.94011921672603,22.0979686178747
"2024-03-05 06:52:11.0000",2.47,84.28,77.2591857910156,67.1914871550905,77.4253038075425
"2024-03-05 07:22:08.0000",2.68,84.44,18.9678630828857,18.3974522087002,29.7833240662694
"2024-03-05 07:52:05.0000",2.92,84.75,26.5512065887451,24.935520159678,40.793765226279
"2024-03-05 08:22:02.0000",3.27,85.2,36.0857162475586,31.1774110909735,47.3010289427285
"2024-03-05 08:51:59.0000",3.53,85.17,60.3972053527832,48.2214256276668,63.2629544222019
"2024-03-05 09:21:56.0000",3.84,85.62,52.8802299499512,43.8071615794956,53.3170882000691
"2024-03-05 09:51:54.0000",5.61,85.95,27.9124984741211,25.9068175722937,32.568299862391
"2024-03-05 10:21:56.0000",8.18,81.83,17.6699924468994,16.8984301251391,24.8914243592594
"2024-03-05 10:51:53.0000",8.71,80.34,14.2207450866699,13.5659292183714,21.2318480519347
"2024-03-05 11:21:50.0000",11.63,79.5,9.63563346862793,9.87728926267694,18.777941339039
"2024-03-05 11:51:52.0000",13.56,77.42,6.55933094024658,7.81854680923186,21.4459771909084
"2024-03-05 12:21:50.0000",15.27,75.12,3.81990575790405,5.52569062010218,19.2794141859766
"2024-03-05 12:51:46.0000",15.86,70.97,3.22918057441711,5.71803957487045,24.6695222367553
"2024-03-05 13:21:43.0000",17.26,67.86,2.32906270027161,4.63363481043062,15.7710078468587
"2024-03-05 13:51:41.0000",17.82,65.92,2.50110030174255,4.76714620464595,26.886453236244
"2024-03-05 14:21:38.0000",17.63,63.26,2.25383472442627,4.36264300357515,16.0401672571133
"2024-03-05 14:51:30.0000",15.69,61.72,2.54712748527527,5.43960856094931,23.2170835560468
"2024-03-05 15:21:22.0000",12.42,61.88,2.38330841064453,5.51764529696831,25.8097437369369
"2024-03-05 15:51:14.0000",11.03,62.73,2.50578570365906,5.39814661255485,19.7792221614933
"2024-03-05 16:21:06.0000",10.08,64.73,3.43560743331909,6.50129172719441,27.2806370637419
"2024-03-05 16:51:04.0000",9.58,65.39,2.88887906074524,5.6664313294629,19.6891155908549
"2024-03-05 17:21:00.0000",8.98,66.67,2.7494010925293,5.62560574406322,19.1872863333684
"2024-03-05 17:50:52.0000",8.33,67.76,2.70892977714539,6.1832869352296,25.0382667786025
"2024-03-05 18:20:49.0000",8.16,68.45,2.72039413452148,5.51423668178597,19.1051598694938
"2024-03-05 18:50:46.0000",7.97,68.87,3.47285223007202,6.3342135165823,22.1194765236769
"2024-03-05 19:20:38.0000",7.22,69.83,4.3577733039856,6.12886515805769,18.3702023535378
"2024-03-05 19:50:35.0000",6.78,70.4,4.62727308273315,6.96963556095087,21.0372363132888
"2024-03-05 20:20:27.0000",5.88,72.09,5.01125144958496,7.26794356059447,20.4729367311193
"2024-03-05 20:50:25.0000",5.05,72.92,5.04089021682739,7.54633592946486,22.4855151997261
"2024-03-05 21:20:22.0000",4.46,74.35,6.18185997009277,8.64800871887793,24.9316689869123
"2024-03-05 21:50:13.0000",4.14,76.09,6.78632688522339,8.90450770850256,21.820839784629
"2024-03-05 22:20:11.0000",3.81,77,5.51833057403564,8.10769121017901,24.2846081174665
"2024-03-05 22:50:08.0000",3.46,77.91,6.25874376296997,8.22415066161851,21.7330580694241
"2024-03-05 23:20:05.0000",3.34,78.87,4.96399736404419,7.25100927056274,17.3674800698955
"2024-03-05 23:50:02.0000",3.53,79.25,4.4011116027832,6.65550061078193,17.3983820629998
"2024-03-06 00:19:55.0000",3.4,78.75,7.55882358551025,8.85795298492696,19.994012743146
"2024-03-06 00:49:51.0000",3.13,78.66,10.6992025375366,11.6331823323055,21.015238649834
"2024-03-06 01:19:48.0000",2.58,78.97,16.3176307678223,16.79092169079,28.593761061358
"2024-03-06 01:49:46.0000",1.98,79.34,18.5893573760986,17.9593543007847,32.2194073480748
"2024-03-06 02:19:43.0000",1.76,79.93,19.6376266479492,18.6471814652417,29.2928552723203
"2024-03-06 02:49:38.0000",1.84,80.24,21.080753326416,20.5159017038848,32.6033422017651
"2024-03-06 03:19:37.0000",2.35,80.34,18.5738220214844,18.5837184259212,29.724124805588
"2024-03-06 03:49:33.0000",2.05,80.16,20.4698600769043,19.5346491495079,29.6918139264562
"2024-03-06 04:19:26.0000",2.13,80.47,25.276346206665,24.4902365804168,41.674761967403
"2024-03-06 04:49:27.0000",2.4,80.53,27.2051887512207,25.0601961640383,38.0681884882272
"2024-03-06 05:19:21.0000",2.26,80.72,32.8711624145508,28.8268377492369,40.496803878044
"2024-03-06 05:49:18.0000",2.94,81.06,34.1253128051758,28.9871273217403,35.9276143586071
"2024-03-06 06:19:14.0000",3.22,80.96,30.1486663818359,26.1877512810022,33.0427201382778
"2024-03-06 06:49:12.0000",3.25,81.13,33.9416198730469,29.01624944573,35.5881388555585
"2024-03-06 07:19:09.0000",3.43,81.35,33.9605102539062,29.3879529891498,33.1262666557406
"2024-03-06 07:49:01.0000",3.56,81.27,28.0889892578125,24.5826150236652,28.486875934479
"2024-03-06 08:18:58.0000",3.18,81.84,30.400390625,25.4989490218055,28.0728315996659
"2024-03-06 08:49:00.0000",6.24,79.81,24.0707054138184,21.1337084781782,23.4839518945491
"2024-03-06 09:19:02.0000",7.92,78.01,19.3795204162598,17.251970733321,22.1609838811486
"2024-03-06 09:48:59.0000",8.98,77.68,18.9450511932373,17.4335991169207,35.1045761896943
"2024-03-06 10:18:57.0000",9.5,74.79,20.7884044647217,17.8005878231703,20.8346768590538
"2024-03-06 10:48:48.0000",7.28,76.29,24.8624420166016,20.5088635678182,24.5143517505385
"2024-03-06 11:18:45.0000",6.44,78.01,25.9604549407959,21.9424573905125,27.9211811084613
"2024-03-06 11:48:43.0000",6.31,77.82,29.6477680206299,25.4785991755927,38.0004469901411
"2024-03-06 12:18:40.0000",6.95,78.52,30.7994327545166,26.6000598033136,34.4717337267976
"2024-03-06 12:48:37.0000",8.87,77.97,21.7360801696777,19.0459223641996,27.5694791266581
"2024-03-06 13:18:40.0000",12.12,77.05,19.2373199462891,17.180776347748,22.869513851226
"2024-03-06 13:48:36.0000",13.81,73.41,17.7879447937012,15.8789056504905,20.7650473227503
"2024-03-06 14:18:33.0000",14.09,70.7,16.333854675293,14.3923955249644,20.3886389929249
"2024-03-06 14:48:31.0000",12.96,68.16,18.6631507873535,16.7639474735137,31.7888317582553
"2024-03-06 15:18:23.0000",12.42,69.04,21.4660587310791,18.4880741049175,23.2427342993974
"2024-03-06 15:48:14.0000",11.05,67.75,20.0781650543213,17.3307455405193,27.1651654763923
"2024-03-06 16:18:12.0000",9.18,68.99,19.8836688995361,17.3401363508413,25.9905180536296
"2024-03-06 16:48:04.0000",8.63,69.36,19.9839973449707,17.368043297949,29.6119438441445
"2024-03-06 17:17:56.0000",7.51,70.13,17.0411415100098,15.1440479582776,21.4597326066174
"2024-03-06 17:47:53.0000",6.83,70.69,16.1518325805664,14.7032371962614,22.2783409134106
"2024-03-06 18:17:45.0000",6.19,71.4,19.8097267150879,17.64589058148,27.6742393880661
"2024-03-06 18:47:42.0000",5.51,72.24,22.8260955810547,19.2635955321401,25.6235518857418
"2024-03-06 19:17:34.0000",5.28,72.97,25.8993835449219,22.0713408068635,30.6211373241013
"2024-03-06 19:47:31.0000",4.93,73.6,27.7895202636719,23.815186220003,33.3577374730334
"2024-03-06 20:17:28.0000",4.8,74.24,31.6916179656982,26.1685924454552,31.7766390201762
"2024-03-06 20:47:25.0000",4.77,74.72,29.381160736084,23.8540623905072,28.4462265779371
"2024-03-06 21:17:23.0000",4.51,75.27,32.5134353637695,26.6829150024154,31.6868401885106
"2024-03-06 21:47:14.0000",4.33,75.72,33.36328125,26.7966974772972,31.6827008284663
"2024-03-06 22:17:11.0000",4.1,76.29,42.0220184326172,33.3785008589455,37.5634650735922
"2024-03-06 22:47:09.0000",4.07,76.99,37.1702995300293,29.9062377021904,36.3430690834848
"2024-03-06 23:17:01.0000",3.82,77.37,37.5766067504883,29.9973307890214,33.9138677818344
"2024-03-06 23:46:58.0000",3.81,77.95,38.5675811767578,31.0997317012126,35.8792595173857
"2024-03-07 00:16:56.0000",3.8,78.28,38.9683456420898,31.3422124061231,36.8073179483322
"2024-03-07 00:47:12.0000",4.69,75.25,42.2285041809082,32.6694348657366,37.9193941036801
"2024-03-07 01:16:49.0000",3.12,78.51,45.5821990966797,35.4179362342054,41.3894328092461
"2024-03-07 01:46:46.0000",2.95,79.27,49.8621597290039,38.0561149235219,46.5676158585416
"2024-03-07 02:16:39.0000",2.75,79.74,53.3616523742676,41.2801267226711,49.909862098476
"2024-03-07 02:46:42.0000",2.51,79.79,58.5506362915039,44.7958257873538,57.7234237880755
"2024-03-07 03:16:32.0000",2.44,80.31,67.1516494750977,50.7235910120892,62.2163763606127
"2024-03-07 03:46:30.0000",2.85,80.51,64.0627746582031,47.5295368296894,58.7945178238398
"2024-03-07 04:16:27.0000",2.51,80.65,67.7434310913086,49.5805619816286,60.3498956914012
"2024-03-07 04:46:25.0000",2.41,81.07,72.2759399414062,53.1297335881937,69.6898755475209
"2024-03-07 05:16:16.0000",2.13,81.39,75.1195297241211,53.3006958770674,70.5192289745043
"2024-03-07 05:46:13.0000",1.8,81.65,77.9527816772461,57.3034359372579,81.8784755489777
"2024-03-07 06:16:05.0000",1.67,82.08,80.0175018310547,55.1926697744598,81.2493867291719
"2024-03-07 06:46:03.0000",1.63,82.44,68.0436859130859,46.2041402769097,64.5604689153753
"2024-03-07 07:15:59.0000",1.85,82.77,61.7942390441895,44.5596597098539,62.3543419142075
"2024-03-07 07:45:58.0000",2.36,83.35,55.5237426757812,39.5142042695277,49.7177713569392
"2024-03-07 08:15:53.0000",2.96,83.39,44.8815498352051,33.1113410310131,37.957086915005
"2024-03-07 08:45:50.0000",3.68,83.36,31.1370315551758,25.2110740071669,30.2772866997065
"2024-03-07 09:15:53.0000",4.77,82.63,24.5879745483398,20.5966291985554,24.0713120447464
"2024-03-07 09:45:45.0000",5.53,82.84,21.3178310394287,18.1491951356726,21.8171038602465
"2024-03-07 10:15:47.0000",6.76,82.47,17.5545272827148,14.8537266612433,18.0572965561591
"2024-03-07 10:45:49.0000",11.2,77.64,12.5507335662842,11.9072898207629,21.3756779074913
"2024-03-07 11:15:46.0000",13.14,72.78,9.39186000823975,9.08133470789052,15.0861181642248
"2024-03-07 11:45:43.0000",12.76,70.87,9.66032791137695,9.34888089863804,17.2201935111268
"2024-03-07 12:15:36.0000",10.55,71.55,13.4982051849365,12.0197633973856,17.8709378623102
"2024-03-07 12:45:38.0000",11.53,68.23,14.4577732086182,13.0586879137505,20.7225631235884
"2024-03-07 13:15:30.0000",9.07,67.86,18.0671920776367,15.1468172234054,20.7682995510261
"2024-03-07 13:45:27.0000",8.37,68.8,20.8059120178223,17.5513334079146,27.859009310198
"2024-03-07 14:15:19.0000",7.84,69.79,22.6647930145264,18.3886519822569,24.8595711867195
"2024-03-07 14:45:16.0000",7.6,70.91,26.9556827545166,21.9026588324373,29.2371338839227
"2024-03-07 15:15:14.0000",8.14,71.61,27.0754013061523,21.3981463097438,26.3786617836969
"2024-03-07 15:45:11.0000",8.59,70.89,24.028148651123,19.6468124639547,25.6717247210581
"2024-03-07 16:15:02.0000",7.74,71.01,18.6048831939697,16.3932886760253,23.8995617076968
"2024-03-07 16:44:59.0000",7.59,70.84,16.9528141021729,14.509253567297,19.3939931594938
"2024-03-07 17:14:57.0000",7.4,70.83,18.6103401184082,16.0684638075027,22.0309334837082
"2024-03-07 17:44:53.0000",7.06,71.22,21.7408828735352,18.5551962685103,26.5248294557379
"2024-03-07 18:14:51.0000",6.81,71.66,21.2861728668213,18.2523109116214,23.8592157959254
"2024-03-07 18:44:48.0000",6.41,72.01,21.1712322235107,18.3898894665982,25.0932600209352
"2024-03-07 19:14:41.0000",6.3,72.28,19.0154914855957,16.7131965952797,24.3123416979637
"2024-03-07 19:44:42.0000",6.14,72.07,15.4564151763916,13.5799671603582,18.0236907713929
"2024-03-07 20:14:39.0000",5.93,71.86,19.5045642852783,17.1096511697993,23.2332539918724
"2024-03-07 20:44:32.0000",5.75,72.12,17.7429332733154,15.4257187305817,20.9791961106547
"2024-03-07 21:14:29.0000",5.57,72.57,19.5128803253174,16.8853942852763,22.8923716626095
"2024-03-07 21:44:25.0000",5.41,73.01,19.8553009033203,17.6956396339956,26.7646740669092
"2024-03-07 22:14:19.0000",5.27,73.5,16.809103012085,15.0772486086339,19.6865921930866
"2024-03-07 22:44:14.0000",5.16,74,14.3528394699097,12.5841803828678,17.1848286251574
"2024-03-07 23:14:12.0000",4.98,74.33,14.4218101501465,13.1725536687063,18.5928426198962
"2024-03-07 23:44:09.0000",4.63,74.42,13.1802587509155,12.2813644446079,17.3269000389735
"2024-03-08 00:14:01.0000",4.25,74.64,13.9421920776367,13.232684414831,20.5113874246827
"2024-03-08 00:44:02.0000",4.04,74.73,13.2128400802612,12.6505218006053,18.1061862743954
"2024-03-08 01:14:00.0000",4,74.61,14.1253938674927,13.3747186296307,19.4241860289629
"2024-03-08 01:43:52.0000",3.87,74.55,13.7372093200684,12.8098720868436,20.0923453774473
"2024-03-08 02:14:00.0000",4.98,71.23,14.9180765151978,13.4523295773271,19.1068126773833
"2024-03-08 02:43:46.0000",3.87,73.94,16.4703674316406,15.112114479357,21.7387462603089
"2024-03-08 03:13:42.0000",3.73,74.35,18.3858985900879,16.1085666785233,21.041877326298
"2024-03-08 03:43:39.0000",3.64,74.72,19.8114318847656,17.3483896174054,23.9781900909743
"2024-03-08 04:13:38.0000",3.53,74.97,21.5642566680908,18.933223455195,23.2140284232052
"2024-03-08 04:43:35.0000",3.56,75.39,23.8678321838379,20.4969143907021,24.895750587097
"2024-03-08 05:13:27.0000",3.57,75.73,24.6703872680664,21.2897721408595,28.1175182675371
"2024-03-08 05:43:25.0000",3.76,75.99,23.5531120300293,20.4551564813357,26.9532175668209
"2024-03-08 06:13:22.0000",4.06,76.13,23.9438076019287,20.7184350658004,25.8185235878213
"2024-03-08 06:43:18.0000",4.18,76.16,24.7482643127441,21.3270631154481,24.8848865819525
"2024-03-08 07:13:16.0000",4.46,76.12,25.3274707794189,21.6358056830357,28.1109219957475
"2024-03-08 07:43:13.0000",4.78,75.97,25.7474346160889,22.3771995361894,32.0153794512729
"2024-03-08 08:13:09.0000",5.28,75.65,25.7121715545654,22.4865054270233,32.3895572007452
"2024-03-08 08:43:02.0000",5.92,74.75,26.7605361938477,22.5479009429149,28.4757264498826
"2024-03-08 09:13:04.0000",6.14,74.43,26.096227645874,22.7978930889987,29.531144690752
"2024-03-08 09:43:01.0000",7.53,72.82,23.5741672515869,20.2362342951496,27.9781377258436
"2024-03-08 10:12:58.0000",7.11,71.57,20.6853408813477,18.6665378594502,25.7453677658927
"2024-03-08 10:43:00.0000",7.33,71.09,21.2814903259277,18.4718366298062,24.6640419957851
"2024-03-08 11:12:52.0000",7.79,69.48,18.8888607025146,16.6799057056194,24.9693386830888
"2024-03-08 11:42:50.0000",7.52,69.42,18.7697601318359,16.6020609507217,24.9759406105421
"2024-03-08 12:12:46.0000",7.77,68.84,19.0306377410889,17.2719714707008,28.6857317310818
"2024-03-08 12:42:44.0000",8.57,68.07,17.1258792877197,15.7101507355186,28.610699770925
"2024-03-08 13:12:41.0000",8.02,66.55,16.9340648651123,14.9270851233832,26.092896381592
"2024-03-08 13:42:33.0000",8.15,66.16,17.2063274383545,15.1544676888352,23.8966061507497
"2024-03-08 14:12:30.0000",8.12,65.69,17.4891395568848,15.7107248281824,25.2480033581167
"2024-03-08 14:42:28.0000",7.82,65.75,18.6458473205566,16.6379857281276,26.6480314856923
"2024-03-08 15:12:24.0000",7.84,65.53,17.4130268096924,16.106480685818,29.3690286925635
"2024-03-08 15:42:21.0000",7.75,65.19,17.1553440093994,15.113462071733,22.3583561687372
"2024-03-08 16:12:13.0000",7.34,64.99,18.8639354705811,16.1070311392966,21.8037261404256
"2024-03-08 16:42:10.0000",7.07,65.39,18.3865795135498,16.3196146491927,25.5606544369853
"2024-03-08 17:12:02.0000",6.86,65.46,16.6900577545166,15.1373507673548,21.1732544475435
"2024-03-08 17:42:00.0000",6.59,65.61,16.7515735626221,15.1289746413436,22.9056167631457
"2024-03-08 18:11:57.0000",5.59,66.01,17.0127048492432,15.487772002936,23.0087472288177
"2024-03-08 18:41:49.0000",4.8,67.13,23.0667934417725,20.4823464553584,33.1991996146538
"2024-03-08 19:11:46.0000",4.22,68.43,26.0716876983643,22.4150725909947,30.4716412707204
"2024-03-08 19:41:38.0000",3.58,69.16,30.8469848632812,25.9641372880389,33.8023054016749
"2024-03-08 20:11:35.0000",3.62,70.32,33.3648643493652,28.1413766801859,35.205693983893
"2024-03-08 20:41:33.0000",4.14,70.35,27.9539794921875,24.3945202166598,33.6238203546644
"2024-03-08 21:11:29.0000",4.37,70.26,19.2998676300049,17.6707319619608,28.7011272348523
"2024-03-08 21:41:26.0000",4.41,70.11,20.4755687713623,18.6488607763948,25.9744467560586
"2024-03-08 22:11:24.0000",4.5,69.97,23.097240447998,20.369909272805,28.9598653128268
"2024-03-08 22:41:21.0000",4.53,69.96,25.8428783416748,22.375491984288,31.5114368512151
"2024-03-08 23:11:17.0000",4.59,70.2,29.4021415710449,25.0581615992663,34.8509749576686
"2024-03-08 23:41:15.0000",4.42,70.37,32.6236381530762,27.6221303562515,34.4996134154566
"2024-03-09 00:11:12.0000",4.35,71.2,38.5716667175293,32.5778468395533,40.5199899340102
"2024-03-09 00:41:08.0000",4.57,71.98,39.0900382995605,32.7267636756166,41.4775341026752
"2024-03-09 01:11:06.0000",4.75,72.33,38.350902557373,32.2625836705041,39.700550506952
"2024-03-09 01:41:03.0000",4.82,73.02,39.0343551635742,32.8542641852828,39.6841342607588
"2024-03-09 02:10:56.0000",4.8,73.56,41.7617416381836,35.4315094503375,42.6918996002002
"2024-03-09 02:40:59.0000",4.43,74.69,40.5814399719238,34.7440703922638,42.2188462584299
"2024-03-09 03:10:53.0000",4.24,75.3,40.8464050292969,34.5673246875161,43.270758341729
"2024-03-09 03:40:47.0000",4.08,76.35,41.9296722412109,35.8474575857228,43.5810859730614
"2024-03-09 04:10:44.0000",4.36,76.58,42.2681503295898,36.2798289430461,45.5500508344194
"2024-03-09 04:40:43.0000",4.41,76.75,38.7049255371094,33.7745228037749,41.616156150349
"2024-03-09 05:10:38.0000",4.46,77.07,37.8912734985352,32.6207172112069,40.224949506283
"2024-03-09 05:40:30.0000",4.51,77.13,38.1615829467773,32.675600590124,40.0293153506066
"2024-03-09 06:10:27.0000",4.53,77.15,39.1374053955078,33.8091708630102,41.6091859447313
"2024-03-09 06:40:24.0000",4.66,77.16,36.6662864685059,31.3703860621269,38.3418882815791
"2024-03-09 07:10:21.0000",4.75,77.12,39.7014541625977,34.1707205874373,41.8149988002496
"2024-03-09 07:40:18.0000",4.83,77.3,39.6582069396973,34.5661803652528,42.1459047122081
"2024-03-09 08:10:16.0000",4.82,78.12,42.5091934204102,35.5961141209275,42.426853476519
"2024-03-09 08:40:13.0000",5.04,78.83,43.8511352539062,37.4054414855088,45.8592734135585
"2024-03-09 09:10:10.0000",5.74,78.59,43.1701469421387,36.4205743000005,44.2383295583166
"2024-03-09 09:40:07.0000",5.91,77.95,42.7514419555664,35.4437223376914,41.3621936934444
"2024-03-09 10:10:05.0000",5.78,77.83,41.9863243103027,34.9970243465115,43.667545000767
"2024-03-09 10:40:02.0000",5.74,78.02,43.8156356811523,36.783027324764,44.1623794706658
"2024-03-09 11:09:58.0000",6.07,78.34,46.4871101379395,38.4194297583746,46.2264744326841
"2024-03-09 11:39:55.0000",7.94,78.09,41.2246589660645,35.6105502808625,51.5932859246557
"2024-03-09 12:09:53.0000",8.51,76.17,37.8451919555664,32.0218595409507,47.9720827848537
"2024-03-09 12:39:50.0000",10.13,77.93,37.9240303039551,33.1713478887092,50.5942059042573
"2024-03-09 13:09:52.0000",9.69,73.8,33.7758598327637,28.5475797865454,40.1532307174707
"2024-03-09 13:39:54.0000",14.19,73.46,20.0581741333008,18.0518012810081,26.8534876728565
"2024-03-09 14:09:51.0000",12.41,67.07,18.4658966064453,16.5865547111481,25.0288089166874
"2024-03-09 14:39:43.0000",10.96,68.49,21.7495555877686,18.5112882568099,27.2606846394075
"2024-03-09 15:09:40.0000",10.79,68.37,24.116626739502,21.0309544609378,32.1577074066348
"2024-03-09 15:39:37.0000",11.19,70.56,22.065731048584,19.1769561802248,27.8889585110251
"2024-03-09 16:09:35.0000",10.81,68.34,22.0431861877441,19.0882477356068,28.6078381363633
"2024-03-09 16:39:26.0000",9.7,68.51,22.5560703277588,19.5211706504113,27.4789555945694
"2024-03-09 17:09:24.0000",8.79,69.56,24.8760967254639,21.2197452627982,29.3868508748525
"2024-03-09 17:39:16.0000",7.94,70.47,24.8655567169189,21.67284339279,32.6685194954589
"2024-03-09 18:09:13.0000",7.05,71.82,28.7808132171631,24.8503927478204,35.7637243551387
"2024-03-09 18:39:10.0000",7.06,72.98,29.4683971405029,25.1516306888816,32.954685317011
"2024-03-09 19:09:07.0000",6.8,73.63,29.3667869567871,25.1177539812655,34.7754514145753
"2024-03-09 19:39:04.0000",6.52,74.2,31.8105716705322,26.7165675415721,33.3930624662903
"2024-03-09 20:09:01.0000",6.2,75.1,32.4395713806152,27.970236651796,41.9776179768934
"2024-03-09 20:38:53.0000",5.93,76.05,32.9408226013184,28.1531182588584,38.3882810823855
"2024-03-09 21:08:51.0000",5.99,76.17,31.8533401489258,27.1927761061272,36.8356678595002
"2024-03-09 21:38:48.0000",5.93,76.55,34.4132957458496,29.485889532724,38.3255862784208
"2024-03-09 22:08:45.0000",5.89,76.82,36.6535415649414,31.1217760777739,39.5273123198907
"2024-03-09 22:38:38.0000",5.84,77.69,39.3204231262207,34.352740802827,44.0854066881629
"2024-03-09 23:08:34.0000",5.61,79.19,44.3773918151855,38.1255737659095,46.2670674124624
"2024-03-09 23:38:31.0000",5.66,79.29,45.6581497192383,38.7364929282209,48.1955599299095
"2024-03-10 00:08:28.0000",5.6,79.56,40.3553466796875,35.3574037164544,42.2540750579474
"2024-03-10 00:38:25.0000",5.73,79.86,37.3005485534668,32.0554441583348,37.1644758894675
"2024-03-10 01:08:22.0000",5.8,80.31,43.8060035705566,37.3171365704154,46.1822038918536
"2024-03-10 01:38:20.0000",5.74,80.88,44.3653450012207,38.0389973179678,44.3885278587394
"2024-03-10 02:08:12.0000",5.73,81.18,37.7772789001465,33.176421318415,41.4830187199838
"2024-03-10 02:38:08.0000",5.69,82,35.692512512207,30.3384376012071,34.8468020853929
"2024-03-10 03:08:05.0000",5.53,83.17,37.0255851745605,31.9198706588387,37.834871414058
"2024-03-10 03:38:03.0000",5.44,85.07,40.1745414733887,33.9587112551614,38.5399194420109
"2024-03-10 04:08:07.0000",5.51,85.96,37.8928108215332,32.2931521611508,35.3832868735667
"2024-03-10 04:37:57.0000",5.63,86.7,32.8383750915527,27.8750604792783,30.3641379579753
"2024-03-10 05:07:54.0000",5.83,86.62,32.8339767456055,28.526297974291,30.5937419271563
"2024-03-10 05:37:52.0000",5.9,86.93,32.3952331542969,28.072875255692,31.6718036549765
"2024-03-10 06:07:43.0000",5.67,87.71,38.6299705505371,32.8341709620992,36.8482669299007
"2024-03-10 06:37:41.0000",5.52,88.19,32.8736305236816,27.2967181469118,31.0648029337058
"2024-03-10 07:07:37.0000",5.41,88.54,18.4639530181885,15.8875968548805,18.2831974558451
"2024-03-10 07:37:34.0000",5.46,88.69,15.4786214828491,13.2728247674673,15.8813836505439
"2024-03-10 08:07:32.0000",5.65,88.75,15.0802669525146,12.9119670197025,14.7863943644337
"2024-03-10 08:37:29.0000",6.06,88.79,13.1582593917847,11.4772152476512,13.5322525810451
"2024-03-10 09:07:26.0000",6.27,88.63,12.9402275085449,11.1382381866625,12.868174148446
"2024-03-10 09:37:23.0000",6.41,88.59,12.9049301147461,11.0797994823596,13.6292203893379
"2024-03-10 10:07:20.0000",6.68,88.58,10.5072822570801,9.69293575558927,12.311465249775
"2024-03-10 10:37:17.0000",7.72,89.14,14.8571825027466,12.9101068390354,15.1204518125177
"2024-03-10 11:07:14.0000",8.48,88.92,11.0787448883057,10.4151979234981,13.4120766661461
"2024-03-10 11:37:12.0000",8.64,87.12,10.7794809341431,9.86444029047046,12.7949003966845
"2024-03-10 12:07:09.0000",7.9,87.59,14.195384979248,12.9057194397011,15.4501178425058
"2024-03-10 12:37:06.0000",7.69,87.48,21.0995464324951,18.3204668758646,22.5734829470203
"2024-03-10 13:06:58.0000",7.04,88.04,26.3740539550781,22.6904749718805,27.6671695536648
"2024-03-10 13:37:00.0000",6.75,88.64,31.070032119751,26.8320845901462,32.1267756617179
"2024-03-10 14:06:52.0000",6.77,88.66,30.4531841278076,26.2935355377991,32.9919524268824
"2024-03-10 14:36:49.0000",6.58,88.76,20.0881233215332,18.0069830370645,24.3203971656817
"2024-03-10 15:06:46.0000",6.57,89.04,14.063549041748,12.425340077807,15.8751393890626
"2024-03-10 15:36:38.0000",6.55,89.34,14.1547527313232,12.8115952519732,16.7159101276054
"2024-03-10 16:06:36.0000",6.37,89.64,16.5129013061523,14.8403594601319,18.4060991549062
"2024-03-10 16:36:32.0000",6.14,89.84,16.643424987793,14.8380056051546,18.3659800238425
"2024-03-10 17:06:30.0000",5.99,89.9,12.9941482543945,12.0835358198021,15.0344247169372
"2024-03-10 17:36:27.0000",5.85,89.94,15.8997411727905,14.2681101667283,17.7233216647097
"2024-03-10 18:06:24.0000",5.61,90.03,14.6389636993408,12.9568549689344,16.1997067143707
"2024-03-10 18:36:16.0000",5.43,90.08,29.2759475708008,25.4276238742247,31.4855045667431
"2024-03-10 19:06:13.0000",5.28,90.16,34.9692153930664,29.1648438432261,34.5482311942639
"2024-03-10 19:36:10.0000",5.2,90.14,29.1808071136475,24.2881989893534,28.2846814553455
"2024-03-10 20:06:07.0000",5.11,90.16,29.983715057373,24.7673130102419,29.4032311566099
"2024-03-10 20:36:04.0000",4.98,90.17,29.1330547332764,23.1218870457029,26.9589222244156
"2024-03-10 21:06:01.0000",4.85,90.24,27.6348934173584,22.0754373987836,26.8243217943253
"2024-03-10 21:35:58.0000",4.79,90.26,31.7313175201416,25.8309306393545,31.2416166548947
"2024-03-10 22:05:56.0000",4.75,90.31,21.4864978790283,17.1206926354928,19.9611271881982
"2024-03-10 22:35:53.0000",4.73,90.38,15.7409620285034,12.9639435351153,15.4945367461592
"2024-03-10 23:05:50.0000",4.67,90.39,14.1042900085449,11.9097610251637,15.3281048810622
"2024-03-10 23:35:42.0000",4.68,90.4,35.17578125,28.0000692886595,38.7259129505098
"2024-03-11 00:05:39.0000",4.69,90.42,10.5467863082886,9.105468015894,11.8847487094765
"2024-03-11 00:35:36.0000",4.71,90.3,9.68145656585693,8.62768127244871,11.888025450268
"2024-03-11 01:05:34.0000",4.65,90.17,15.4931058883667,13.238730099792,18.9848623490065
"2024-03-11 01:35:36.0000",4.48,90.37,5.97238636016846,5.37542972390029,8.18868746022798
"2024-03-11 02:05:26.0000",4.59,90.26,10.1431903839111,8.75167648778599,11.3397311139656
"2024-03-11 02:35:30.0000",4.69,90.25,7.26001834869385,6.60473852705495,9.55790315613216
"2024-03-11 03:05:22.0000",4.71,90.17,2.95860266685486,3.43124495398108,6.24567408102826
"2024-03-11 03:35:29.0000",4.73,90.16,7.36313772201538,7.03971752363406,10.1207139869185
"2024-03-11 04:05:15.0000",4.75,90.14,6.66319274902344,6.13241820716828,9.78517808077008
"2024-03-11 04:35:18.0000",4.74,90.17,14.0203256607056,12.5333276771733,16.6861572700241
"2024-03-11 05:05:10.0000",4.76,90.17,2.76923441886902,3.10192611133287,5.83314790176704
"2024-03-11 05:35:07.0000",4.79,90.23,5.89091300964355,5.56444174190194,8.29927289911053
"2024-03-11 06:04:59.0000",4.8,90.26,5.53919982910156,5.50104069880123,8.94373102401892
"2024-03-11 06:34:57.0000",4.86,90.29,11.3440885543823,10.1299100162129,13.5402614432661
"2024-03-11 07:04:54.0000",4.92,90.27,5.06835603713989,5.28076797753354,8.36377721441265
"2024-03-11 07:34:51.0000",5.02,90.25,12.3863315582275,11.4280845713098,17.8531344046247
"2024-03-11 08:04:48.0000",5.15,90.27,4.69749021530151,4.64180102161891,7.53797813184808
"2024-03-11 08:34:45.0000",5.4,90.27,9.5239839553833,8.83621789505823,14.217319037314
"2024-03-11 09:04:42.0000",5.63,90.22,10.9227342605591,10.0791928681112,14.1738265969661
"2024-03-11 09:34:39.0000",6.11,90.24,17.4237194061279,15.877789962643,22.1144870670393
"2024-03-11 10:04:36.0000",6.56,90.11,17.225923538208,16.1497857106475,22.4618238138604
"2024-03-11 10:34:33.0000",6.95,89.56,17.4960250854492,16.4235640083386,23.9310568192562
"2024-03-11 11:04:30.0000",7.08,89.64,17.4571170806885,16.1104498319921,23.4551806452947
"2024-03-11 11:34:28.0000",7.36,88.56,16.9946880340576,15.252592671833,20.0819534346378
"2024-03-11 12:04:25.0000",7.71,87.92,15.7096633911133,14.246781482257,20.1641727429108
"2024-03-11 12:34:17.0000",7.52,87.32,16.9084453582764,15.8236123151406,24.3131477749635
"2024-03-11 13:04:14.0000",7.71,87.03,16.2935562133789,14.9422290461582,24.7778965249562
"2024-03-11 13:34:12.0000",7.77,85.87,16.86403465271,15.4575730056107,21.735544745368
"2024-03-11 14:04:09.0000",7.71,84.72,19.5781764984131,17.0956030570471,25.4014333730747
"2024-03-11 14:34:06.0000",7.77,84.39,16.609619140625,15.291648514063,24.0699463335786
"2024-03-11 15:04:03.0000",7.81,83.87,16.9504108428955,15.2019169573488,26.1680799782619
"2024-03-11 15:33:54.0000",7.78,82.64,16.2543087005615,14.8200187616421,21.2737586636154
"2024-03-11 16:03:52.0000",7.84,82.61,16.4898338317871,15.208267075789,25.6572801388355
"2024-03-11 16:33:54.0000",7.8,82.38,16.5688934326172,15.1865655299302,21.4166892853748
"2024-03-11 17:03:46.0000",7.62,82.13,18.9727821350098,17.272820990341,28.3094805758668
"2024-03-11 17:33:43.0000",7.4,82.17,17.3072032928467,15.4755837652737,23.4088652666093
"2024-03-11 18:03:40.0000",7.05,82.32,18.4790000915527,16.7705600242409,26.6073552648582
"2024-03-11 18:33:32.0000",6.75,82.46,18.9880180358887,17.3107843785278,24.031689237435
"2024-03-11 19:03:29.0000",6.48,82.57,18.6343193054199,16.4495828804037,22.7791393816487
"2024-03-11 19:33:26.0000",6.32,82.76,18.8593006134033,16.995120181369,23.4510277200309
"2024-03-11 20:03:19.0000",6.3,82.84,21.124439239502,18.59170347444,25.4101168313655
"2024-03-11 20:33:15.0000",6.25,82.95,22.5317497253418,19.380579551511,24.9665371759027
"2024-03-11 21:03:14.0000",6.18,83.12,27.1699447631836,23.0301769436027,27.9022536497352
"2024-03-11 21:33:10.0000",6.04,83.21,31.6833362579346,26.8696505052773,33.205688065944
"2024-03-11 22:03:07.0000",5.69,83.52,31.8842220306396,27.1741080424958,31.7985411831761
"2024-03-11 22:33:04.0000",5.57,83.78,34.0712242126465,28.7144073379806,33.8198834899535
"2024-03-11 23:03:01.0000",5.49,84,32.5452575683594,27.075981068298,32.3758160542013
"2024-03-11 23:32:58.0000",5.53,84.15,27.8629589080811,23.6006518191139,27.3107537470381
"2024-03-12 00:02:50.0000",5.48,84.26,28.4622573852539,24.0642421338409,28.9303447845422
"2024-03-12 00:32:47.0000",5.34,84.47,28.2073040008545,23.0546254717427,26.0681175918404
"2024-03-12 01:07:20.0000",7.15,79.72,28.179744720459,23.2224050995368,26.0979387453851
"2024-03-12 01:36:58.0000",5.54,84.53,25.1800327301025,21.1852699066764,24.062824210659
"2024-03-12 02:06:55.0000",5.37,84.87,27.7291851043701,22.2810696417854,26.1262067456082
"2024-03-12 02:36:52.0000",5.21,85.67,29.1632900238037,23.0037866149102,27.4265331591106
"2024-03-12 03:06:51.0000",5.2,86.1,32.8246307373047,24.4157474183957,29.7858277740918
"2024-03-12 03:36:41.0000",5.16,86.69,30.4742698669434,23.2790861046503,27.9391829327283
"2024-03-12 04:06:43.0000",6.23,83.95,29.2248954772949,23.2491978250773,27.1155823805729
"2024-03-12 04:36:35.0000",5.1,87.67,29.7148990631104,23.2281689267071,28.016346518267
"2024-03-12 05:06:27.0000",5.03,88.29,21.6882286071777,17.9566541171,22.707946671485
"2024-03-12 05:36:24.0000",4.99,88.98,25.809886932373,20.1052420464129,23.3203440092485
"2024-03-12 06:06:27.0000",5.05,89.3,34.899959564209,26.1643432714077,30.5034517261141
"2024-03-12 06:36:18.0000",5.14,89.45,35.2492599487305,25.8994776912128,31.1023577782678
"2024-03-12 07:06:10.0000",5.23,89.66,25.6798667907715,19.9702896811373,25.8316456349379
"2024-03-12 07:36:07.0000",5.39,89.93,20.8693962097168,16.5025246838725,20.8720258764242
"2024-03-12 08:06:06.0000",5.67,90.24,14.6912174224854,12.2087047691185,16.0985148138625
"2024-03-12 08:36:02.0000",6.04,90.36,12.9540948867798,10.6702101618427,13.8106695499314
"2024-03-12 09:05:59.0000",6.45,90.57,6.88942098617554,6.05504767028355,8.80992618157677
"2024-03-12 09:35:56.0000",7.03,90.4,5.20968198776245,5.18415118005076,10.0611129970925
"2024-03-12 10:05:53.0000",8.02,90.57,3.9008207321167,4.04969811308404,6.67639070417236
"2024-03-12 10:35:50.0000",10.56,88.84,2.17760562896729,2.66144595081235,5.8895162737251
"2024-03-12 11:05:47.0000",11.16,89.81,1.75448036193848,2.46905281745864,6.93225886178867
"2024-03-12 11:35:44.0000",11.2,89.65,2.47249484062195,3.70805931879122,9.69192452898116
"2024-03-12 12:05:42.0000",11.86,88.65,2.16366314888,3.6299370303405,9.91285129243554
"2024-03-12 12:35:44.0000",14.86,87.83,2.43772411346436,3.93066964273902,11.8976695933825
"2024-03-12 13:05:57.0000",15.9,76.08,2.19016242027283,3.93979278593461,11.665960414468
"2024-03-12 13:35:39.0000",14.24,77.67,0.937149405479431,2.56314292220504,7.5202776506172
"2024-03-12 14:05:30.0000",13.92,78.7,0.809259355068207,2.36498088621603,7.94015123852808
"2024-03-12 14:35:27.0000",13.17,79.26,1.03003752231598,2.73350150696122,11.0672193631923
"2024-03-12 15:05:24.0000",12.66,79.6,1.14373600482941,2.92325978599884,10.0040455548239
"2024-03-12 15:35:22.0000",12.65,80.33,1.04322576522827,2.55893445873326,9.65551627900354
"2024-03-12 16:05:13.0000",12.63,80.19,0.542409062385559,1.87658548284709,6.03527025197399
"2024-03-12 16:35:10.0000",12.29,80.47,0.858766138553619,2.29034248137854,9.31221068290803
"2024-03-12 17:05:08.0000",12,80.78,0.744186699390411,2.23919166968449,6.8829659065235
"2024-03-12 17:35:06.0000",11.83,81.16,0.66834545135498,2.17296227069552,7.06528561523892
"2024-03-12 18:04:57.0000",11.38,81.2,0.667405366897583,2.14164907131116,7.22227122018129
"2024-03-12 18:34:54.0000",11.18,81.91,0.725174367427826,1.96477426119209,6.30309793667334
"2024-03-12 19:04:51.0000",11.04,81.99,0.534864783287048,1.93421354723713,6.03124934587881
"2024-03-12 19:34:48.0000",10.98,82.34,0.78590977191925,2.26753558928061,7.29682069433784
"2024-03-12 20:04:46.0000",10.95,82.54,0.932314336299896,2.3428628388348,7.21054576178553
"2024-03-12 20:35:02.0000",10.96,82.88,0.496297210454941,1.80334907831065,6.39230495908678
"2024-03-12 21:04:40.0000",11.21,82.79,0.427860796451569,1.69670135064715,5.4955917126557
"2024-03-12 21:34:31.0000",11.31,82.67,0.323622673749924,1.70560784623572,5.88822291188761
"2024-03-12 22:04:29.0000",11.08,82.54,0.301519334316254,1.60247731003433,6.1649462739797
"2024-03-12 22:34:26.0000",10.98,82.8,0.282461643218994,1.54671772778789,5.33962468897245
"2024-03-12 23:04:23.0000",10.85,82.75,0.177258148789406,1.55462664240045,5.43614197491548
"2024-03-12 23:34:15.0000",10.75,82.83,0.177562832832336,1.51980151760875,5.39215822842777
"2024-03-13 00:04:12.0000",10.75,82.71,0.269795596599579,1.60748889822319,5.61350936082976
"2024-03-13 00:34:09.0000",10.46,82.93,0.139734819531441,1.4498860433849,5.40411735268604
"2024-03-13 01:04:11.0000",10.6,83.21,0.231620475649834,1.45358305367838,5.20045590121819
"2024-03-13 01:34:03.0000",10.73,83.04,0.277584314346313,1.66716790908338,6.14706792705537
"2024-03-13 02:04:02.0000",10.84,83.28,0.315697133541107,1.76187637509992,6.12162083203893
"2024-03-13 02:33:55.0000",11.15,83.05,0.593837320804596,2.27652487832734,7.87742477287317
"2024-03-13 03:03:54.0000",11.23,82.85,0.664844989776611,1.90417624778805,6.04739798397816
"2024-03-13 03:33:51.0000",11.17,82.84,1.53046071529388,3.34208876080861,10.0273273498798
"2024-03-13 04:03:49.0000",11.13,82.84,1.44609296321869,3.2464393952837,9.67939222029666
"2024-03-13 04:33:43.0000",10.97,82.91,1.4977023601532,3.15016481135107,9.9260811192396
"2024-03-13 05:03:38.0000",10.88,82.75,0.996656596660614,3.03420534019403,9.44178153384602
"2024-03-13 05:33:30.0000",10.72,82.94,0.82060295343399,2.44565815870905,8.09357243228605
"2024-03-13 06:03:27.0000",10.82,82.85,0.947902143001556,2.59113437163357,8.7154815003079
"2024-03-13 06:33:24.0000",10.57,82.68,0.671227157115936,2.2447538968399,7.64402308390678
"2024-03-13 07:33:19.0000",10.37,82.94,0.494703710079193,2.09521138154829,7.6358369531747
"2024-03-13 08:03:16.0000",10.41,83.03,0.735679864883423,2.15864576646381,8.01669251758139
"2024-03-13 08:33:13.0000",10.83,83.11,1.66835951805115,2.77553686981119,7.23132928615221
"2024-03-13 09:03:05.0000",11.12,82.74,0.587733566761017,1.94110002585095,6.41630148546491
"2024-03-13 09:33:02.0000",11.1,82.79,0.411548852920532,1.86744094784883,7.30756039183312
"2024-03-13 10:03:00.0000",11.27,82.89,0.39877051115036,1.77094355512211,5.64577815494446
"2024-03-13 10:32:56.0000",11.87,82.73,0.154770478606224,1.52413984460257,5.33616728625943
"2024-03-13 11:02:58.0000",12.51,81.98,0.219013243913651,1.61415518604056,5.70985924491966
"2024-03-13 11:32:50.0000",12.64,81.37,0.154033198952675,1.59998630405281,5.50133360095268
"2024-03-13 12:02:47.0000",12.71,81.12,0.160694107413292,1.62454445056975,6.16343020854278
"2024-03-13 12:32:45.0000",12.51,80.6,0.224782034754753,1.71210923621908,5.93357911817553
"2024-03-13 13:02:37.0000",12.75,81.45,0.291621297597885,1.69143178346832,7.43526218154709
"2024-03-13 13:32:34.0000",13.11,80.72,0.239775821566582,1.69469519540439,5.69854088825103
"2024-03-13 14:02:31.0000",12.8,80.48,0.395164221525192,1.78560763061863,6.42294780497858
"2024-03-13 14:32:28.0000",12.71,80.59,0.316127628087997,1.74655230583733,5.83392554050276
"2024-03-13 15:02:25.0000",12.77,80.75,0.43941655755043,1.79231150382801,7.420833490458
"2024-03-13 15:32:22.0000",12.75,80.63,0.354232013225555,1.77198674255052,6.07879296017796
"2024-03-13 16:02:19.0000",12.72,80.42,0.421028912067413,1.89113090163134,6.39714082143023
"2024-03-13 16:32:11.0000",12.76,80.48,0.430049985647202,1.98119122855621,9.12639585136279
"2024-03-13 17:02:08.0000",12.55,80.39,0.334574729204178,1.85914767481249,7.45783083114267
"2024-03-13 17:32:05.0000",12.2,80.46,0.412016540765762,1.72326217334893,5.60673533739687
"2024-03-13 18:01:58.0000",11.86,80.91,0.838919579982758,2.18049670938472,6.71857879170172
"2024-03-13 18:31:55.0000",11.7,81.16,0.484249383211136,1.81023631933632,5.76139592944248
"2024-03-13 19:01:52.0000",11.08,81.35,1.11353635787964,2.3186820427078,6.39676195860605
"2024-03-13 19:31:44.0000",10.47,82.59,0.589813470840454,1.94351409536875,6.48376984668194
"2024-03-13 20:01:41.0000",10.28,83.24,0.844969928264618,2.03557089380294,6.18191326369556
"2024-03-13 20:31:38.0000",10.27,83.54,0.946494162082672,2.40381832120433,7.62981090287664
"2024-03-13 21:01:35.0000",10.07,84.16,0.567733585834503,1.9556847181113,6.39986014261504
"2024-03-13 21:31:27.0000",10.1,84.55,1.09981739521027,2.46842952633766,7.58787514999771
"2024-03-13 22:01:29.0000",10.33,84.69,1.03460466861725,2.37426863313566,7.75770075217205
"2024-03-13 22:31:27.0000",10.59,84.96,0.910368025302887,2.37870289724369,8.15437362728765
"2024-03-13 23:01:24.0000",10.79,84.89,0.705634653568268,1.96333986626988,6.4339590670974
"2024-03-13 23:31:21.0000",10.89,84.77,0.775013446807861,1.9317552785108,6.23017322248947
"2024-03-14 00:01:13.0000",10.84,84.52,0.569337129592896,1.85630532193729,5.9153591668139
"2024-03-14 00:31:11.0000",10.56,84.61,1.21792006492615,2.69480517930181,8.75493328216361
"2024-03-14 01:01:12.0000",10.31,84.75,1.32356333732605,2.86130767291455,8.93770218677157
"2024-03-14 01:31:09.0000",10.07,85.08,1.19083511829376,2.70478024069723,9.12567782082187
"2024-03-14 02:00:57.0000",9.86,85.35,0.987368106842041,2.47089461068427,9.13352968121419
"2024-03-14 02:30:59.0000",9.87,85.5,0.786078691482544,2.14578178954432,6.60266376426154
"2024-03-14 03:00:54.0000",9.85,85.5,0.825514435768127,2.1096011798571,6.2163110875188
"2024-03-14 03:30:52.0000",9.54,85.59,0.930086135864258,2.18260063681865,6.82530055413502
"2024-03-14 04:00:43.0000",9.31,85.74,1.16719913482666,2.51410714342264,7.54029627683038
"2024-03-14 04:30:41.0000",9.53,85.81,1.10002291202545,2.26048266083558,6.68216518205937
"2024-03-14 05:00:38.0000",9.52,85.8,1.50256764888763,2.82687564638236,7.98148594310662
"2024-03-14 05:30:31.0000",9.55,85.84,1.96289539337158,3.59557984191214,10.1763133046218
"2024-03-14 06:00:28.0000",9.71,85.91,2.04023289680481,3.60538383604707,9.82254250045375
"2024-03-14 06:30:26.0000",9.66,85.64,3.19911289215088,4.32171645828435,10.5324953796449
"2024-03-14 07:00:22.0000",9.25,86.23,2.53648829460144,3.9364187032214,9.39257336831118
"2024-03-14 07:30:19.0000",9.44,86.3,1.79339933395386,3.17750142483787,10.1200826394386
"2024-03-14 08:00:12.0000",9.44,86.36,1.64516162872314,3.104822856629,9.50046983993444
"2024-03-14 08:30:09.0000",9.23,86.99,2.92633843421936,4.65155832341419,10.8523023497425
"2024-03-14 09:00:06.0000",9.05,87.48,3.365886926651,4.85634249146152,12.4076348175949
"2024-03-14 09:30:03.0000",9.08,88.02,3.23464512825012,4.68867232800846,10.907423235591
"2024-03-14 10:00:00.0000",9.82,88.1,1.8962744474411,3.4275086419249,9.39822777895458
"2024-03-14 10:29:57.0000",10.17,87.57,2.23267698287964,4.06441025129412,11.4714348898188
"2024-03-14 10:59:49.0000",10.33,87.98,2.48614883422852,4.12909512654551,10.3917261045504
"2024-03-14 11:29:47.0000",10.51,88.05,3.41605162620544,4.78638968809277,11.0226757337025
"2024-03-14 11:59:44.0000",10.88,87.36,3.4158980846405,4.79060820649087,12.5244190431024
"2024-03-14 12:29:41.0000",11.02,86.8,2.76774930953979,4.18667638324042,10.5147904926039
"2024-03-14 12:59:37.0000",11.35,86.26,2.04945826530457,3.6190409764743,9.9713216333662
"2024-03-14 13:29:34.0000",12.02,85.84,0.990084171295166,2.01317966580224,6.55119366690833
"2024-03-14 13:59:32.0000",12.14,84.93,1.21279609203339,2.56753360471695,7.79018908375122
"2024-03-14 14:29:29.0000",12.15,85.3,1.3778167963028,2.84955426022137,8.48808732658933
"2024-03-14 14:59:21.0000",11.52,84.72,2.15488409996033,3.1607291835748,9.13599412463737
"2024-03-14 15:29:18.0000",11.01,86.03,2.24083948135376,3.11904256262532,7.55985471759279
"2024-03-14 15:59:15.0000",11.08,86.33,1.38736164569855,2.59737004023213,8.33272448356063
"2024-03-14 16:29:13.0000",11.25,86.56,0.606620192527771,1.52717255229114,5.40104101860626
"2024-03-14 16:59:04.0000",11.5,86.53,0.455956369638443,1.54043773839007,4.9892317577075
"2024-03-14 17:29:01.0000",11.46,86.52,0.399061739444733,1.5443036696554,5.57111864725298
"2024-03-14 17:58:58.0000",11.07,87.04,0.623728036880493,1.88303163649509,5.80876090091833
"2024-03-14 18:28:56.0000",11.16,87.15,0.782091915607452,1.98458404419739,6.23213873251316
"2024-03-14 18:58:53.0000",11.12,87.1,0.975664019584656,2.12955050070329,5.7368186051915
"2024-03-14 19:28:45.0000",10.93,87.4,0.62812465429306,1.72454364742332,5.66738157032624
"2024-03-14 19:58:42.0000",10.86,87.72,0.944804966449738,2.05690201787859,5.60303904216282
"2024-03-14 20:28:39.0000",10.79,87.83,1.02333891391754,2.07935150275378,6.09189113082875
"2024-03-14 20:58:36.0000",10.96,87.74,0.490137428045273,1.59457840098962,5.47963845896837
"2024-03-14 21:28:28.0000",10.91,87.38,0.739633142948151,2.1101940593835,6.72535630586211
"2024-03-14 21:58:27.0000",10.69,87.15,1.63388252258301,3.13298714159926,8.90460692226464
"2024-03-14 22:28:22.0000",10.48,86.93,1.88601887226105,3.8722289612247,12.6817967390627
"2024-03-14 22:58:19.0000",10.26,86.98,1.89769649505615,3.52808883827462,10.2663600700108
"2024-03-14 23:28:16.0000",9.9,86.97,1.76650393009186,3.46265189997484,10.5195485668134
"2024-03-14 23:58:14.0000",9.86,87.25,3.20339918136597,5.60710084447778,16.9074820602113
"2024-03-15 00:28:11.0000",10.07,86.51,3.34638094902039,6.11008276347042,18.6051482744568
"2024-03-15 00:58:07.0000",9.71,86.27,3.64774680137634,6.01455361913422,17.6145066699687
"2024-03-15 01:28:04.0000",9.63,86.13,3.68790221214294,6.77058104672966,18.6432140542136
"2024-03-15 01:57:58.0000",9.72,85.68,3.90297722816467,6.86565299507775,20.3951599433602
"2024-03-15 02:28:06.0000",9.9,85.26,4.13053846359253,7.26387209003038,21.0452966988319
"2024-03-15 02:57:55.0000",9.44,84.6,3.46971988677979,6.34150904199835,19.5241724288192
"2024-03-15 03:27:48.0000",9.29,84.97,2.67558240890503,4.83288050270324,13.6350847754378
"2024-03-15 03:57:55.0000",9.09,84.54,2.18263626098633,4.36496177379739,12.5827451270457
"2024-03-15 04:27:47.0000",8.58,85.87,2.7680606842041,5.5514091202819,16.8993244746067
"2024-03-15 04:57:45.0000",8.55,86.7,2.54974389076233,5.4330361075782,16.2786617497142
"2024-03-15 05:27:37.0000",8.77,87.27,2.50491142272949,5.28720579291771,16.0143480538578
"2024-03-15 05:57:34.0000",8.84,87.95,2.02121996879578,4.35098282432166,12.8863600328378
"2024-03-15 06:27:31.0000",9.02,88.16,2.62919044494629,5.34377563800303,16.529189504581
"2024-03-15 06:57:28.0000",9.19,88.37,2.69559454917908,5.23166427121084,14.2042274780628
"2024-03-15 07:27:21.0000",9.5,88.65,3.25277137756348,6.04211444799258,17.5253777405786
"2024-03-15 07:57:23.0000",9.74,88.7,3.66176295280457,6.2592843564182,17.2665987545295
"2024-03-15 08:27:14.0000",10.02,88.7,3.6261100769043,5.89702954483587,16.231605956506
"2024-03-15 08:57:12.0000",10.5,88.37,3.2774772644043,5.76958358138217,17.6214091110416
"2024-03-15 09:27:09.0000",10.67,87.53,3.79012560844421,6.40384068861783,16.4278341907139
"2024-03-15 09:57:06.0000",11.19,87.06,3.01681447029114,4.76381968433162,13.5035150533547
"2024-03-15 10:26:58.0000",10.18,87.98,1.44663512706757,2.99576723783002,8.52630638505679
"2024-03-15 10:56:56.0000",9.46,91.87,3.31103992462158,5.78413833467157,14.9703479331274
"2024-03-15 11:26:52.0000",10.24,91.6,3.39064812660217,5.95915344299113,17.074687400418
"2024-03-15 11:56:54.0000",11.81,85.18,1.22272229194641,2.46633525590942,7.63078462396617
"2024-03-15 12:26:46.0000",12.35,76.38,0.937337517738342,2.61038729731961,8.71561204066636
"2024-03-15 12:56:38.0000",10.11,81.52,1.66605222225189,3.2683369109846,10.725698230908
"2024-03-15 13:26:41.0000",9.09,79.46,1.49211311340332,3.89119750327971,12.6599032020612
"2024-03-15 13:56:32.0000",9.08,77.6,1.56703913211823,4.04963345821718,12.4337237097241
"2024-03-15 14:26:29.0000",8.72,76.77,1.58840954303741,3.79931717336406,11.25001586351
"2024-03-15 14:56:22.0000",8.69,76.54,1.52081072330475,3.39793557804924,12.7057759975256
"2024-03-15 15:26:24.0000",8.86,74.61,1.58953738212585,3.60420294040259,13.4022157153396
"2024-03-15 15:56:16.0000",8.87,74.82,1.35964512825012,3.51900459931258,10.4934773038052
"2024-03-15 16:26:13.0000",8.46,75.83,1.76906907558441,4.18885349173322,15.8143735637171
"2024-03-15 16:56:10.0000",8.3,77.55,2.30381870269775,4.86071570060026,16.5913652669533
"2024-03-15 17:26:03.0000",8.33,76.38,2.41529393196106,4.68173717840513,13.4899727570905
"2024-03-15 17:56:04.0000",8,76.17,1.67964684963226,3.52068999067092,14.7159782339883
"2024-03-15 18:25:56.0000",7.78,78.08,1.93202173709869,4.52615592886386,13.305402846459
"2024-03-15 18:55:54.0000",7.68,80.73,2.20770955085754,4.24244692105125,13.9227672194659
"2024-03-15 19:25:56.0000",7.23,82.8,2.60368680953979,4.21256617057851,13.3011662211533
"2024-03-15 19:55:43.0000",6.51,83.69,1.68442666530609,3.19684456041861,9.60250581603015
"2024-03-15 20:25:40.0000",6.16,84.24,3.27446913719177,4.57368664949902,12.1933579213275
"2024-03-15 20:55:37.0000",5.91,85.27,1.27554523944855,3.02514529238365,10.3339444879107
"2024-03-15 21:25:34.0000",5.98,85.48,0.814500570297241,2.20668257604533,9.26438284524823
"2024-03-15 21:55:26.0000",5.73,85.11,2.59662103652954,3.66354739612956,10.8421898188821
"2024-03-15 22:25:23.0000",5.2,85.18,1.41003251075745,2.38121825228972,8.00610290265646
"2024-03-15 22:55:20.0000",4.93,85.42,1.43272387981415,2.38699984518887,6.63675641057145
"2024-03-15 23:25:17.0000",4.5,85.43,1.66120481491089,2.89578662565784,7.52150064201996
"2024-03-15 23:55:14.0000",4.11,85.4,1.41997539997101,2.56624473065011,9.36581673422211
"2024-03-16 00:25:07.0000",3.44,85.9,1.52287948131561,2.77756432788367,8.40547299293622
"2024-03-16 00:55:04.0000",2.88,86.39,3.74125814437866,4.44620849846916,12.1097218818314
"2024-03-16 01:25:01.0000",2.88,86.69,2.53878259658813,3.76704807854119,9.5955307745861
"2024-03-16 01:54:57.0000",2.29,86.6,2.76454949378967,3.77099629758953,11.3365526281338
"2024-03-16 02:24:54.0000",1.89,86.88,3.24869585037231,4.13966253282427,11.43069542424
"2024-03-16 02:54:56.0000",1.59,87.09,4.49991941452026,5.45550002836354,13.2395591409246
"2024-03-16 03:24:49.0000",1.32,87.1,5.5426778793335,5.83176362830017,13.4842703249642
"2024-03-16 03:54:41.0000",1.33,87.38,6.48663997650146,6.65811894159709,13.1832714626
"2024-03-16 04:24:42.0000",1.42,87.51,10.5851335525513,10.2591701246718,16.1672617873617
"2024-03-16 04:54:34.0000",1.21,87.75,14.6606960296631,13.5583630289754,21.2847640567604
"2024-03-16 05:24:27.0000",1.31,87.77,17.2182750701904,15.610315220557,25.6994286770921
"2024-03-16 05:54:24.0000",1.2,88.07,20.1624908447266,18.3638196165893,30.971757632264
"2024-03-16 06:24:22.0000",1.08,87.64,24.5843887329102,21.4157429923501,29.4764486101623
"2024-03-16 06:54:19.0000",1.05,88.12,31.5325202941895,26.6887658777724,31.9480270787642
"2024-03-16 07:24:16.0000",1.97,87.98,25.2846603393555,22.4958088403951,26.639237657273
"2024-03-16 07:54:13.0000",2.7,88.26,21.8265857696533,19.1425495690189,23.705926654888
"2024-03-16 08:24:10.0000",4.14,89.34,6.84981918334961,7.02854207937282,11.9572177464858
"2024-03-16 08:54:12.0000",7.72,82.66,1.77441310882568,2.74599351552693,8.09117777003743
"2024-03-16 09:24:14.0000",10.63,78.27,1.44359517097473,2.57497259486703,8.550539904163
"2024-03-16 09:54:12.0000",12.18,77.39,1.12672245502472,2.53559867007736,8.84185390408452
"2024-03-16 10:24:09.0000",10.51,78.46,0.871350169181824,2.15196301647179,8.75890130262393
"2024-03-16 10:54:01.0000",10.45,78.3,0.804619908332825,2.17649320257926,6.97567802340532
"2024-03-16 11:23:58.0000",10.45,77.09,0.676125884056091,2.53052106011124,7.44216034410558
"2024-03-16 11:53:55.0000",9.96,76.49,0.899677336215973,2.64330277427995,8.23669862484548
"2024-03-16 12:23:52.0000",9.25,76.22,0.808980584144592,2.4847169431089,7.78919676444434
"2024-03-16 12:53:49.0000",8.92,77.74,0.936764478683472,2.48870115507101,8.12027825686792
"2024-03-16 13:23:41.0000",8.89,77.2,1.00846672058105,2.75805831186693,9.09395052428204
"2024-03-16 13:53:38.0000",7.89,78.23,1.10867512226105,2.73026737342543,7.7529650258092
"2024-03-16 14:23:35.0000",8.09,78.3,1.40779650211334,3.37703640513615,11.5245799879152
"2024-03-16 14:53:33.0000",8.23,78.53,1.55931460857391,3.08679845941438,8.99565263035833
"2024-03-16 15:23:30.0000",8.42,78.73,1.20616471767426,3.13127697643101,10.4078228047836
"2024-03-16 15:53:23.0000",8.4,78.6,1.38559877872467,3.2172714630868,9.26833399634306
"2024-03-16 16:23:24.0000",8.52,78.51,1.53875815868378,3.4149357495163,10.6353546873886
"2024-03-16 16:53:16.0000",8.43,78.39,1.58154654502869,3.52474302781641,10.803759517944
"2024-03-16 17:23:14.0000",8.33,78.59,1.84491777420044,3.55796247023505,10.2913651647157
"2024-03-16 17:53:10.0000",8.18,78.6,2.52361345291138,4.57416003737465,11.6210353893615
"2024-03-16 18:23:02.0000",6.82,81.11,3.72576642036438,5.37313011873372,12.7507837609202
"2024-03-16 18:52:59.0000",6.51,82.96,4.82493162155151,5.80780967711333,12.0951320020916
"2024-03-16 19:22:57.0000",6.56,84.22,5.65824747085571,6.85328129092726,13.7337887352013
"2024-03-16 19:52:53.0000",6.67,84.68,5.33067655563354,6.27988897073203,12.0400321030299
"2024-03-16 20:22:51.0000",6.92,85.09,5.97126960754395,6.50636235316695,11.0715825627915
"2024-03-16 20:52:48.0000",7.18,85.55,9.03295707702637,8.71792106927606,12.9873910837912
"2024-03-16 21:22:45.0000",7.43,86.04,11.1090049743652,10.1127439901568,12.659894301647
"2024-03-16 21:52:42.0000",7.59,86.29,14.4304895401001,13.2527147926716,17.47125817324
"2024-03-16 22:22:39.0000",7.79,86.8,15.4984540939331,13.8569363596311,15.6562570196257
"2024-03-16 22:52:31.0000",7.93,87.05,19.0616493225098,16.9118915435743,19.5707040606331
"2024-03-16 23:22:28.0000",8.27,87.61,21.8222255706787,19.1506140696471,23.7640123632787
"2024-03-16 23:52:25.0000",8.47,87.79,20.7738018035889,18.0410356812289,20.0083329044028
"2024-03-17 00:22:22.0000",8.67,88.18,17.8428821563721,15.7571438148641,17.3888451777292
"2024-03-17 00:52:25.0000",8.85,88.4,16.0500011444092,14.2234045224065,16.3954797534696
"2024-03-17 01:22:21.0000",8.98,88.6,13.3853330612183,12.3542874110222,15.6702464101994
"2024-03-17 01:52:15.0000",9.21,88.88,11.6353855133057,11.2329274724096,15.6072140516097
"2024-03-17 02:22:12.0000",9.38,89.04,9.48726367950439,9.53295268221988,14.3196124833472
"2024-03-17 02:52:10.0000",9.38,89.13,9.95561981201172,10.5971585369093,18.7912452026442
"2024-03-17 03:22:05.0000",9.28,89.55,10.3392925262451,11.7138550721675,21.0781141663046
"2024-03-17 03:52:01.0000",9.29,89.74,9.5630989074707,10.5853725043702,19.3526475659348
"2024-03-17 04:21:59.0000",9.37,89.93,7.2478175163269,8.42983638731874,13.9543412180605
"2024-03-17 04:51:55.0000",9.31,90.16,8.5670862197876,9.45129902638038,16.1079328219785
"2024-03-17 05:21:49.0000",9.28,90.32,6.55759286880493,7.36114387721657,12.7526934657115
"2024-03-17 05:51:41.0000",9.2,90.51,4.22438859939575,4.88775287847971,9.52116385580188
"2024-03-17 06:21:38.0000",9.25,90.62,3.08200120925903,4.18494002098107,8.32559663369912
"2024-03-17 06:51:35.0000",9.28,90.72,2.65235996246338,3.79822818708013,8.7288510604468
"2024-03-17 07:21:32.0000",9.31,90.71,1.88266003131866,2.61006270375425,6.24844156857316
"2024-03-17 07:51:24.0000",9.37,90.8,2.00774025917053,2.73146910250319,6.04771527526755
"2024-03-17 08:21:21.0000",9.83,91.04,1.55028247833252,2.22655577252447,5.6626091482234
"2024-03-17 08:51:18.0000",10.03,90.84,1.42450368404388,2.16916015051799,5.89202121362547
"2024-03-17 09:21:15.0000",10.92,91.37,0.829172194004059,1.67035022473995,4.95133538493613
"2024-03-17 09:51:13.0000",11.87,90.14,0.703974783420563,1.50587238645081,4.80174423417066
"2024-03-17 10:21:09.0000",11.98,89.86,0.478933423757553,1.28889956795286,4.55952308663097
"2024-03-17 10:51:07.0000",13.96,88,0.286752849817276,1.15334389341738,4.49095596433563
"2024-03-17 11:21:15.0000",17.88,81.17,0.237793296575546,1.28588616879852,5.33405620186075
"2024-03-17 11:51:01.0000",15.02,84.02,0.401022285223007,1.57307637490178,5.31240024148256
"2024-03-17 12:21:03.0000",16.94,82.33,0.341869205236435,1.55468606304226,5.14884284274392
"2024-03-17 12:50:55.0000",15.82,81.22,0.511267125606537,1.79492542487205,6.04977326247313
"2024-03-17 13:20:52.0000",16.07,79.96,1.02737331390381,2.96623730088034,9.51322848677606
"2024-03-17 13:50:45.0000",15.27,76.96,1.17975294589996,2.902379427007,10.9820546796521
"2024-03-17 14:20:47.0000",16.69,77.61,1.01913404464722,2.69458411878479,8.90204179140414
"2024-03-17 14:50:38.0000",15.43,73.61,0.715761482715607,2.69047990025339,8.60452849051851
"2024-03-17 15:20:36.0000",14.54,73.66,0.799481391906738,2.83174616079908,11.1845840969945
"2024-03-17 15:50:33.0000",13.97,72.69,0.746405482292175,2.90417478277883,10.8361030952426
"2024-03-17 16:20:25.0000",12.71,72.54,1.29111695289612,3.39001338096265,10.615503955279
"2024-03-17 16:50:22.0000",12.04,70.45,1.71909320354462,4.6481688598392,14.4865195250367
"2024-03-17 17:20:15.0000",11.06,70.56,1.86766386032104,4.72306514323367,17.889890717602
"2024-03-17 17:50:12.0000",11.14,71.17,2.16904902458191,4.9889733870376,17.143126748239
"2024-03-17 18:20:08.0000",10.81,71.61,2.07275724411011,4.87091853895378,17.6463173675298
"2024-03-17 18:50:01.0000",10.49,72.38,2.16565608978271,4.89902784224055,17.1341311164249
"2024-03-17 19:19:57.0000",9.86,73.48,2.19708395004272,4.52505384583036,15.8262586789329
"2024-03-17 19:49:54.0000",9.9,74.16,2.74158000946045,5.42920586235661,16.7405908396531
"2024-03-17 20:19:52.0000",9.77,74.43,2.96152830123901,5.79783802059658,18.5000181519621
"2024-03-17 20:49:49.0000",9.57,74.68,2.75538778305054,5.65231590142093,18.8642090537368
"2024-03-17 21:19:46.0000",9.36,74.97,5.52847528457642,7.71417447412496,19.4688045754596
"2024-03-17 21:49:43.0000",9.15,75.35,2.8887038230896,5.68570117854098,21.5895139341883
"2024-03-17 22:19:40.0000",9.07,75.59,2.64561104774475,5.59672656121673,18.2263334893327
"2024-03-17 22:49:37.0000",9.1,75.86,2.90100479125977,5.94989523199668,18.398889785112
"2024-03-17 23:19:35.0000",9.13,76.04,3.20271849632263,6.73609548176308,19.5851302512708
"2024-03-17 23:49:26.0000",9.04,76.24,2.99777817726135,5.96665643628232,20.6133415800275
"2024-03-18 00:19:23.0000",8.58,76.22,2.81352257728577,5.61559243088989,17.5010043279261
"2024-03-18 00:49:24.0000",7.74,76.73,2.66321539878845,5.96399169808145,19.0823810520192
"2024-03-18 01:19:16.0000",7.3,76.98,2.52181792259216,5.02671632434542,17.3461070930317
"2024-03-18 01:49:14.0000",6.81,77,2.44670295715332,5.46611126911165,18.5465807781175
"2024-03-18 02:19:11.0000",6.34,77.66,2.40011405944824,5.54035496449353,21.8143831616512
"2024-03-18 02:49:08.0000",6,78,2.68826723098755,5.59312973279714,18.7609174698013
"2024-03-18 03:19:00.0000",5.38,78.69,2.71852374076843,6.07418318310751,19.9101936716531
"2024-03-18 03:48:53.0000",5.16,79.35,2.85611200332642,5.7445621267067,19.485965442338
"2024-03-18 04:18:54.0000",4.74,79.95,2.78942775726318,5.78412018651245,19.0277589123145
"2024-03-18 04:48:48.0000",4.63,80.21,2.66674423217773,5.78188391870918,21.5287148883638
"2024-03-18 05:18:44.0000",4.65,80.72,2.93630790710449,6.33764870236103,21.9544679024194
"2024-03-18 05:48:41.0000",4.42,80.64,2.52306222915649,5.76356118228515,19.1345994673629
"2024-03-18 06:18:39.0000",4.9,81.28,2.77975535392761,6.54352644645189,22.1559783215546
"2024-03-18 06:48:36.0000",4.64,81.47,2.8743941783905,6.32459959044789,18.7374746006664
"2024-03-18 07:18:28.0000",5.32,81.7,2.91182231903076,6.31130898873431,20.9386207406477
"2024-03-18 07:48:25.0000",5.87,82.06,3.18232560157776,6.07877164990057,19.9979247354907
"2024-03-18 08:18:27.0000",7.53,81.39,2.7813515663147,5.35130073882499,16.6966652306228
"2024-03-18 08:48:29.0000",10.49,77.74,3.05202579498291,5.09295022661487,15.0638741615824
"2024-03-18 09:18:27.0000",10.68,78.68,2.33941674232483,4.69469489285503,15.1807778643182
"2024-03-18 09:48:29.0000",14.5,74.24,2.13732933998108,3.64858009508881,11.8154603811227
"2024-03-18 10:18:26.0000",13.33,75.23,1.35291826725006,3.19913612517518,10.1786112437956
"2024-03-18 10:48:23.0000",16.8,70.27,1.1371386051178,3.06263012094258,10.1803321968627
"2024-03-18 11:18:21.0000",17.39,68.92,1.03073716163635,3.07999705931245,10.7503104148292
"2024-03-18 11:48:23.0000",20.09,57.36,1.38402938842773,3.90477390153209,12.3484615792926
"2024-03-18 12:18:14.0000",19.59,53.23,1.36166703701019,4.51223459999531,14.1308331893952
"2024-03-18 12:48:12.0000",17.88,49.61,1.4071638584137,4.85369454080264,15.7207700248828
"2024-03-18 13:18:03.0000",15.47,53.83,1.3791309595108,4.30360377473615,13.6071897642124
"2024-03-18 13:48:00.0000",15.48,54.54,1.18554174900055,4.39370742268032,13.7089594653866
"2024-03-18 14:17:58.0000",16.39,55.61,1.09583103656769,4.30339403493909,14.4513385186912
"2024-03-18 14:47:49.0000",14.55,55.56,1.46937334537506,4.58468109076289,15.5497672352956
"2024-03-18 15:17:42.0000",13.51,57.54,1.53629171848297,4.90619429473552,16.2385295384292
"2024-03-18 15:47:39.0000",13.1,58.81,2.46210360527039,5.16957956145651,17.0361934087106
"2024-03-18 16:17:36.0000",12.74,59.67,1.36700761318207,4.26337806061122,14.9247658039344
"2024-03-18 16:47:33.0000",12.44,60.86,1.50836873054504,4.45606361140498,15.2519426008017
"2024-03-18 17:17:25.0000",12.13,61.9,1.55255162715912,4.32257490835154,15.0858213875827
"2024-03-18 17:47:22.0000",11.71,62.89,1.39655518531799,4.23089728895193,14.915852367336
"2024-03-18 18:17:19.0000",11.4,63.62,1.77962625026703,4.64791735229523,14.2525000612129
"2024-03-18 18:47:11.0000",11.26,64.18,1.49698376655579,4.3979071591575,12.9770984397143
"2024-03-18 19:17:08.0000",11.22,64.38,1.35450482368469,3.99013537560446,13.3252102897268
"2024-03-18 19:47:05.0000",10.97,64.96,1.55240738391876,4.26508242083518,15.1388981132589
"2024-03-18 20:17:03.0000",10.73,65.88,1.72058892250061,4.37872839200519,14.6762014212208
"2024-03-18 20:46:55.0000",10.73,66.77,1.36902904510498,4.00935474372466,13.4056397629412
"2024-03-18 21:16:52.0000",10.68,67.58,1.72952711582184,4.41675935890698,16.7544555425108
"2024-03-18 21:46:49.0000",10.57,68.26,1.66223967075348,4.31218058492458,15.8287874602545
"2024-03-18 22:16:41.0000",9.36,70.62,1.62476551532745,4.54725099391248,13.4838513615837
"2024-03-18 22:46:38.0000",9.25,72.45,1.40434598922729,4.00853511501956,13.7890455704287
"2024-03-18 23:16:35.0000",9.69,72.71,1.06111001968384,3.39585130816408,12.8601748743261
"2024-03-18 23:46:32.0000",9.74,73.33,1.20289921760559,3.45737057969282,11.3861197744363
"2024-03-19 00:16:29.0000",9.81,73.89,1.4479546546936,4.09231171685354,12.9172241676392
"2024-03-19 00:46:28.0000",9.9,74.58,1.54616284370422,4.07555574109382,14.0731193055228
"2024-03-19 01:16:25.0000",9.99,74.84,1.57020890712738,4.125032151877,13.5776303581765
"2024-03-19 01:46:20.0000",9.63,75.39,1.44551944732666,3.75964569746034,11.590414327448
"2024-03-19 02:16:22.0000",9.39,76.62,1.00586891174316,3.30769099592999,10.8223538282116
"2024-03-19 02:46:20.0000",9.36,77.01,0.794447958469391,2.64428105800422,8.64043191643471
"2024-03-19 03:16:17.0000",9.11,78.48,0.712491035461426,2.37504860143529,8.01579724772054
"2024-03-19 03:46:09.0000",9.12,79.23,0.685196042060852,2.09260719473945,6.64146275747348
"2024-03-19 04:16:07.0000",9.16,79.77,0.380102664232254,1.63724646495893,5.56793358131455
"2024-03-19 04:46:03.0000",8.95,80.72,0.663227379322052,2.01035651998045,6.58130214894434
"2024-03-19 05:15:55.0000",8.95,81.23,0.90620493888855,2.5369349151823,9.22905584082724
"2024-03-19 05:45:53.0000",9.09,81.46,2.27186036109924,5.06281613304355,15.8968866306066
"2024-03-19 06:15:49.0000",9.29,82.74,3.16106700897217,5.42140295225692,17.3219014139011
"2024-03-19 06:45:47.0000",8.92,83.49,3.34332060813904,6.17446016167968,19.5520796136868
"2024-03-19 07:15:44.0000",9.09,83.67,3.61776661872864,6.60190909820124,20.7267478147537
"2024-03-19 07:45:41.0000",9.35,86.8,3.94496297836304,6.87977357846987,20.9906236203957
"2024-03-19 08:15:33.0000",9.34,87.3,3.21248984336853,5.61338159875742,15.9488432922234
"2024-03-19 08:45:35.0000",11.64,81.55,3.01974701881409,4.81054377997317,13.8109693520921
"2024-03-19 09:15:32.0000",13.96,68.35,2.45877957344055,4.28115901019463,11.7264449313334
"2024-03-19 09:45:34.0000",15.55,63.37,2.67514872550964,5.11661238125613,15.2874407970215
"2024-03-19 10:15:32.0000",14.18,65.65,2.94531631469727,5.89835886655289,16.5811531792026
"2024-03-19 10:45:29.0000",17,59.53,2.11237716674805,4.61435637144272,14.6003293833283
"2024-03-19 11:15:27.0000",16.86,57.07,1.43074870109558,4.06204337358687,13.726545086461
"2024-03-19 11:45:23.0000",17.1,51.81,1.65182185173035,4.31617895455464,13.1155134106322
"2024-03-19 12:15:20.0000",16.92,52.78,2.07271885871887,4.83673168036615,16.0271673224886
"2024-03-19 12:45:12.0000",14.51,54.7,2.11035585403442,4.81042529659086,13.9622028280213
"2024-03-19 13:15:10.0000",13.66,58.25,2.47723579406738,5.00199364770344,14.1761735107637
"2024-03-19 13:45:01.0000",12.98,60.17,2.64587497711182,4.9885437440807,13.4681600733034
"2024-03-19 14:14:58.0000",12.48,62.06,2.93351984024048,5.66973828958544,17.0746035980675
"2024-03-19 14:44:56.0000",15.08,63.23,2.86297750473022,4.70230070759997,13.3810306609055
"2024-03-19 15:14:53.0000",14.88,60.88,3.25928282737732,5.9035929609039,17.1207977095093
"2024-03-19 15:44:50.0000",13.99,60.24,2.8207836151123,5.32664541605003,15.3653680645973
"2024-03-19 16:14:47.0000",12.95,61.84,3.28953576087952,5.89789660646099,18.996836775516
"2024-03-19 16:44:40.0000",12.49,63.19,4.06910753250122,6.92195007821992,23.6664471136106
"2024-03-19 17:14:36.0000",11.9,64.51,4.12196016311646,6.41814872088861,20.0735540674558
"2024-03-19 17:44:34.0000",11.42,65.61,4.07174730300903,6.28668432635978,17.8237459340784
"2024-03-19 18:14:30.0000",10.91,66.7,4.79082107543945,7.03296215263753,19.3128386479931
"2024-03-19 18:44:22.0000",10.49,68.01,4.67019653320312,6.9774249981305,19.1491877343949
"2024-03-19 19:14:19.0000",10.19,68.71,4.87669372558594,6.93875128476188,21.7704264441607
"2024-03-19 19:44:21.0000",10.01,69.23,5.49893045425415,7.21516907370255,18.3570019413679
"2024-03-19 20:14:14.0000",10.12,69.49,5.83343601226807,7.38340609645152,17.7622741079346
"2024-03-19 20:44:11.0000",10.16,69.91,5.95664405822754,7.93257954226301,19.4675219631252
"2024-03-19 21:14:08.0000",10.1,70.18,5.84667348861694,7.58103069773698,19.4268322662562
"2024-03-19 21:44:05.0000",9.6,70.92,5.92522478103638,7.75347143784515,18.3783206974286
"2024-03-19 22:13:57.0000",9.01,72.45,6.82383728027344,8.194006498771,19.7448323799561
"2024-03-19 22:43:55.0000",8.66,73.31,7.6215033531189,8.42008447589813,18.4663447930915
"2024-03-19 23:07:50.0000",10.14,70.83,7.60592603683472,9.44613691407168,21.411541597852
"2024-03-19 23:13:51.0000",8.42,74.01,8.19344711303711,9.07246635139252,20.57357364648
"2024-03-19 23:43:48.0000",8.38,74.64,9.30482292175293,9.74446900479629,18.8639923280793
"2024-03-20 00:13:45.0000",8.29,75.67,10.2184619903564,10.0270025100206,19.6432967617785
"2024-03-20 00:43:41.0000",8.27,76.47,9.69556999206543,9.35310654566665,17.6831284147986
"2024-03-20 01:13:39.0000",8.32,76.97,9.06564617156982,9.07321083468456,17.2313566068745
"2024-03-20 01:43:36.0000",8.18,77.71,16.0297183990479,13.7223038063596,24.7547277023852
"2024-03-20 02:13:33.0000",8.07,78.27,14.0561037063599,11.6077988110486,19.0633818572942
"2024-03-20 02:43:31.0000",8.06,78.69,15.0628499984741,12.0402511730213,18.9807163759163
"2024-03-20 03:13:28.0000",8.06,79.15,16.0180053710938,12.946177439067,19.3623211442597
"2024-03-20 03:43:24.0000",8.07,79.57,22.3343334197998,17.4516201272575,26.4177011193783
"2024-03-20 04:13:21.0000",8.1,79.95,21.5683193206787,18.4643517787859,31.3702183572441
"2024-03-20 04:43:18.0000",8.13,80.29,14.955662727356,12.2175228835408,18.0095778480818
"2024-03-20 05:13:11.0000",8.13,80.64,8.38007831573486,7.99659424543068,13.2029346973951
"2024-03-20 05:43:09.0000",8.14,81.02,9.76808929443359,8.21217604646224,12.6179216325401
"2024-03-20 06:13:01.0000",8.2,81.36,3.76541328430176,4.09795553971963,7.55866292911696
"2024-03-20 06:42:58.0000",8.22,81.69,20.3913192749023,16.0390273607657,25.3032869687671
"2024-03-20 07:13:00.0000",8.34,82.05,4.85171413421631,4.98782443812251,8.58944905670763
"2024-03-20 07:42:52.0000",8.42,82.27,8.78530979156494,7.54648390189375,12.5753023714878
"2024-03-20 08:12:49.0000",8.57,82.7,4.72311544418335,4.73043532173758,8.45168080751266
"2024-03-20 08:42:46.0000",8.89,83.17,13.1328372955322,11.1155368851173,16.6711787102053
"2024-03-20 09:12:43.0000",8.94,83.24,19.5433959960938,16.7504757919411,24.7917681357151
"2024-03-20 09:42:41.0000",9.56,84.09,9.26072883605957,8.28466731159611,11.3919371988173
"2024-03-20 10:12:38.0000",9.63,84.05,6.93548440933228,6.22967561696964,9.98091479490538
"2024-03-20 10:42:35.0000",9.52,84.29,7.29784440994263,6.63256671955609,9.748800443838
"2024-03-20 11:12:32.0000",10.15,84.11,4.04000234603882,4.50940771835208,8.16957538591575
"2024-03-20 11:42:29.0000",10.7,84.11,4.85809135437012,5.17414075408446,9.33518484902365
"2024-03-20 12:12:26.0000",10.72,83.91,5.10766744613647,5.48051629423227,10.0284910161788
"2024-03-20 12:42:24.0000",10.78,83.95,5.05076217651367,5.02666916975256,8.86713434628407
"2024-03-20 13:12:15.0000",10.11,84.33,3.10400581359863,3.85605478188435,7.96520706147309
"2024-03-20 13:42:18.0000",10.35,84.27,4.16271591186523,5.04762326646942,9.7077301326572
"2024-03-20 14:12:10.0000",9.72,85.01,6.44906091690063,6.68905468857181,11.8180850963859
"2024-03-20 14:42:13.0000",12.12,84.43,4.32258176803589,4.76400210458297,9.77854119361237
"2024-03-20 15:12:09.0000",11.17,82.86,5.67838859558105,6.00323782991055,10.8692581755565
"2024-03-20 15:42:01.0000",10.15,82.9,6.46218252182007,6.77284587543213,14.1730331429716
"2024-03-20 16:11:58.0000",10.18,81.72,5.55860662460327,6.17061543613416,11.0757612232633
"2024-03-20 16:41:55.0000",9.26,82.24,6.48398685455322,7.07340367492383,13.0334598078741
"2024-03-20 17:11:52.0000",8.79,82.76,6.84231996536255,7.13503070091843,13.6589369219223
"2024-03-20 17:41:49.0000",8.25,83.84,9.21492481231689,9.33600479223732,15.8509153733118
"2024-03-20 18:11:41.0000",7.82,85.15,13.4318227767944,12.3406902164994,17.0014478623489
"2024-03-20 18:41:38.0000",7.59,86.22,17.6791000366211,16.3029374219458,23.0170098340704
"2024-03-20 19:11:37.0000",7.63,87.06,20.3136901855469,18.8066637167468,24.5757097728525
"2024-03-20 19:41:32.0000",7.29,87.92,14.0718412399292,12.8038347450642,16.7269495630749
"2024-03-20 20:11:29.0000",6.98,89.55,15.3651971817017,13.5759715636158,22.6326318683468
"2024-03-20 20:41:22.0000",6.63,90.7,15.6351528167725,13.7184993460334,18.2189624724841
"2024-03-20 21:11:19.0000",6.22,91.35,17.3740386962891,14.1564830641928,18.6202559180397
"2024-03-20 21:41:16.0000",6.02,91.54,18.1378288269043,15.4038968596043,20.9966754879407
"2024-03-20 22:11:13.0000",6.01,91.81,20.3121871948242,16.2483762814406,20.2894005703804
"2024-03-20 22:41:10.0000",6.21,92.07,21.3540210723877,16.4064251436246,21.5641077945735
"2024-03-20 23:11:07.0000",5.95,92.45,26.0712223052979,19.2627562780701,24.962790909805
"2024-03-20 23:41:05.0000",5.47,92.49,28.5308799743652,20.7725725467654,32.9767169960016
"2024-03-21 00:10:56.0000",5.1,92.46,33.5011596679688,23.7345638344274,36.2490561173011
"2024-03-21 00:40:55.0000",4.82,92.38,27.1090698242188,19.7768610346683,29.7968759650069
"2024-03-21 01:10:51.0000",4.2,92,32.0752792358398,25.4092752221949,48.0582424559648
"2024-03-21 01:40:48.0000",3.76,92.14,38.3207015991211,27.3656040531134,47.2033303938907
"2024-03-21 02:10:44.0000",3.77,92.16,48.3395805358887,32.7757758816486,59.9217214246351
"2024-03-21 02:40:36.0000",3.45,91.89,43.6191825866699,33.030011867651,64.2225046514464
"2024-03-21 03:10:33.0000",3.34,92.24,39.6038436889648,25.9010598383775,41.28129732155
"2024-03-21 03:40:30.0000",3.71,92.37,40.1419944763184,28.0357875287732,46.8377693434848
"2024-03-21 04:10:28.0000",3.94,92.17,41.1357040405273,26.6773069077367,39.6370793340161
"2024-03-21 04:40:24.0000",4.11,91.94,38.1195831298828,25.1989906595363,36.8822009119504
"2024-03-21 05:10:23.0000",4.1,91.77,47.9780960083008,31.3061752686965,49.5689871898977
"2024-03-21 05:40:20.0000",4.13,91.92,50.9204139709473,33.7228944948652,57.671136374423
"2024-03-21 06:10:22.0000",4.17,91.84,41.0836296081543,24.7737251511356,36.0454380337679
"2024-03-21 06:40:14.0000",4.18,91.78,38.0252990722656,22.6874394985994,29.8230114402438
"2024-03-21 07:10:11.0000",4.33,91.92,36.703052520752,22.6146143075974,30.387980849591
"2024-03-21 07:40:03.0000",4.69,92.07,36.9108047485352,24.1189652547359,27.9434106228633
"2024-03-21 08:10:00.0000",5.22,92.14,25.3629550933838,18.7776345787758,22.1899537803608
"2024-03-21 08:40:02.0000",5.73,92,19.6802787780762,14.9738364919319,16.5278451035326
"2024-03-21 09:09:59.0000",6.36,91.86,10.4838161468506,9.5274051038519,13.3465647828766
"2024-03-21 09:39:58.0000",7.12,91.55,8.58911514282227,7.77508407066678,11.1305042250962
"2024-03-21 10:09:54.0000",8.02,91.14,7.19178485870361,6.72117605436185,10.496084448147
"2024-03-21 10:39:51.0000",8.58,90.64,6.23878383636475,6.14152000028346,9.64831755970217
"2024-03-21 11:09:48.0000",8.51,89.24,7.81096935272217,7.77684341466536,12.5941370450236
"2024-03-21 11:39:45.0000",7.67,90.22,9.54350090026855,9.20740702758728,13.457175393077
"2024-03-21 12:09:37.0000",8.22,90.3,10.2500419616699,9.51040677249345,12.9833240887189
"2024-03-21 12:39:34.0000",8.63,89.93,8.18135643005371,7.9946527869748,10.9662618636929
"2024-03-21 13:09:31.0000",9.39,89.79,6.48342275619507,6.58885528884433,9.94445704966138
"2024-03-21 13:39:28.0000",9.69,88.52,4.84447526931763,4.92987894981261,8.19052046948561
"2024-03-21 14:09:26.0000",10.32,86.98,3.84286856651306,4.59860918303022,8.6230203478515
"2024-03-21 14:39:22.0000",10.58,82.73,3.53433012962341,4.57667556101529,10.1528346043638
"2024-03-21 15:09:20.0000",10.49,81.29,2.964200258255,4.33516641802288,9.75145228293398
"2024-03-21 15:39:18.0000",10.51,80.12,3.32518076896667,4.98028380612874,14.7993347675262
"2024-03-21 16:09:14.0000",10.16,79.92,4.87322807312012,5.97515699733754,15.0715540400522
"2024-03-21 16:39:11.0000",9.97,80.35,5.0868239402771,6.59440608987015,15.0909195240206
"2024-03-21 17:02:36.0000",10.55,92.93,5.86273336410522,6.51028793863526,16.7912619393268
"2024-03-21 17:09:03.0000",10.22,80.51,5.44246292114258,6.52934056299851,14.9704947664793
"2024-03-21 17:32:32.0000",10.54,94.18,5.93793630599976,6.42456356241732,14.1575597675231
"2024-03-21 17:39:01.0000",10.16,80.82,5.14797258377075,6.18936091721773,13.0702058201647
"2024-03-21 18:08:52.0000",9.98,81.28,5.44956922531128,6.64511610121465,16.211944793847
"2024-03-21 18:38:49.0000",9.66,81.8,6.32770538330078,7.12633761276964,15.8855894011938
"2024-03-21 19:08:47.0000",9.57,82.3,5.24635791778564,6.31030957066783,13.2145988570848
"2024-03-21 19:38:44.0000",9.63,82.67,5.24924898147583,6.27996464709762,14.2862348412796
"2024-03-21 20:08:36.0000",9.57,83.01,4.40891790390015,5.44850782725092,12.801703209527
"2024-03-21 20:38:33.0000",9.69,83.32,2.87454867362976,3.97805755590795,10.2667575130352
"2024-03-21 21:08:30.0000",9.97,83.52,1.259690284729,2.53220009492007,7.08645490151703
"2024-03-21 21:38:27.0000",10.08,83.19,1.00985419750214,2.16288760750541,6.23471181902938
"2024-03-21 22:08:24.0000",10.11,83.03,0.611545741558075,1.9325503316829,6.17810971013155
"2024-03-21 22:38:16.0000",10.1,82.97,0.418972820043564,1.7119430009663,5.39681941393785
"2024-03-21 23:08:13.0000",9.34,84.8,0.432144016027451,1.61933857680076,5.15890801276071
"2024-03-21 23:38:10.0000",8.84,87.99,0.810843944549561,1.65212126940683,5.74220291641033
"2024-03-22 00:08:07.0000",8.75,89.75,1.89535224437714,2.58216282380647,6.43811311797345
"2024-03-22 00:38:04.0000",8.35,91.15,3.10987877845764,4.6383784585683,11.7138542921212
"2024-03-22 01:08:02.0000",8.06,91.62,2.79322862625122,3.75124948546739,8.57762226854335
"2024-03-22 01:38:00.0000",7.7,91.87,1.84740698337555,2.74786825799361,7.8078772184263
"2024-03-22 02:07:50.0000",7.28,92.15,1.63867330551147,2.71818303297196,8.0704368626433
"2024-03-22 02:37:49.0000",7.23,92.41,2.04183006286621,3.74953316299482,11.7993046878386
"2024-03-22 03:07:49.0000",7.46,92.21,3.720782995224,5.56962783576327,14.7112550024706
"2024-03-22 03:37:41.0000",7.64,92.18,4.25233745574951,7.3262065248791,19.4490429273414
"2024-03-22 04:07:34.0000",7.6,92.01,4.81331443786621,7.67919388854058,20.1496861354188
"2024-03-22 04:37:31.0000",7.53,92.21,5.50391340255737,8.75960790126568,23.7804281605025
"2024-03-22 05:07:23.0000",7.4,92.2,6.9676342010498,10.5440238169614,27.8542968269575
"2024-03-22 05:37:21.0000",7.18,89.57,5.94437503814697,9.69445875392066,28.6397874354555
"2024-03-22 06:07:18.0000",6.71,86.45,6.97305774688721,11.9079538940078,36.424283391555
"2024-03-22 06:37:15.0000",6.7,86.92,5.98532390594482,10.4918331965675,27.9554001239642
"2024-03-22 07:07:06.0000",6.75,85.14,5.98838233947754,9.87585260560388,27.2632611743879
"2024-03-22 07:37:04.0000",6.96,83.87,6.03812503814697,9.81006568184979,30.5691246880591
"2024-03-22 08:07:01.0000",7.07,83.12,5.82874393463135,10.1254052874507,27.9686935272206
"2024-03-22 08:36:59.0000",7.41,82.8,5.41560840606689,9.60242211196689,28.1028850875949
"2024-03-22 09:06:55.0000",9.7,72.61,4.14785623550415,7.61754252091323,22.0944600164449
"2024-03-22 09:36:52.0000",9.93,68.88,3.94346022605896,7.19355141268297,24.1465234460335
"2024-03-22 10:06:50.0000",9.49,67.01,3.76164960861206,7.82009275630847,23.1270482892907
"2024-03-22 10:36:46.0000",11.19,59.57,4.10371017456055,7.54913966360675,26.1029660824773
"2024-03-22 11:06:44.0000",11.29,55.71,3.49835062026978,7.18400502566396,24.48742068927
"2024-03-22 11:36:41.0000",12.5,54.63,4.0273585319519,7.20597661359604,23.0938464388466
"2024-03-22 12:06:48.0000",11.68,55.34,4.09943675994873,7.94493714929308,23.2878556353262
"2024-03-22 12:36:36.0000",11.65,53.88,141.588287353516,87.9170270175898,89.308553450584
"2024-03-22 13:06:33.0000",11.86,53.62,3.53346920013428,6.67156492732774,20.3839477729962
"2024-03-22 13:36:35.0000",12.71,50.29,3.68366718292236,7.19010197587789,22.2698383022326
"2024-03-22 14:06:31.0000",12.98,48.08,2.77822875976562,6.4109353314857,19.3018425095231
"2024-03-22 14:36:29.0000",12.88,46.57,2.34308457374573,5.85293305634766,17.5503223911682
"2024-03-22 15:06:21.0000",12.6,47.85,2.96110248565674,5.90131741424733,18.0154027915868
"2024-03-22 15:36:18.0000",12.21,48.13,1.27146518230438,4.46629860923889,13.8267835013696
"2024-03-22 16:36:08.0000",9.41,55.23,2.12885785102844,5.38060183151468,18.3726061919818
"2024-03-22 17:05:59.0000",8.83,58.09,3.00731563568115,6.1273619293978,17.6061566818706
"2024-03-22 17:35:57.0000",7.57,65.24,1.15985298156738,3.31413323899697,10.7621109443544
"2024-03-22 18:05:53.0000",7.14,67.38,2.47465705871582,5.36810510334072,15.995361134716
"2024-03-22 18:35:45.0000",7.14,68.39,1.96001052856445,4.26438576593123,12.914748130605
"2024-03-22 19:05:43.0000",6.84,70.19,1.6924147605896,3.93928568213644,12.6146800207725
"2024-03-22 19:35:39.0000",6.35,72.38,2.63248610496521,4.68591645558961,14.1244157321177
"2024-03-22 20:05:31.0000",5.18,77.1,1.33938455581665,3.11104196646224,10.9058227921306
"2024-03-22 20:35:29.0000",5.3,74.29,2.48885726928711,5.18197138550523,16.1081860875738
"2024-03-22 21:05:25.0000",5.63,75.16,2.85666608810425,5.76496965667123,18.3596183117818
"2024-03-22 21:35:22.0000",5.36,77.12,1.80965733528137,3.89707144931631,11.4173940120322
"2024-03-22 22:05:20.0000",5.69,71.41,3.39566898345947,6.30618864932671,19.0710434192377
"2024-03-22 22:35:17.0000",5.52,79.81,3.68242263793945,6.24466399869213,16.985695087134
"2024-03-22 23:05:14.0000",5.58,77.69,3.04056334495544,5.68703612546373,18.6026119322937
"2024-03-22 23:35:12.0000",5.61,74.85,2.53152704238892,5.64980317695559,16.0988613909431
"2024-03-23 00:05:03.0000",5.26,75.26,2.66851449012756,5.92361860659784,18.4976708857431
"2024-03-23 00:35:13.0000",5.12,75.73,3.43858695030212,6.48461191170875,18.6025164616535
"2024-03-23 01:05:03.0000",5.25,75.44,3.62421846389771,7.26549547666689,21.497530026482
"2024-03-23 01:34:58.0000",5.27,76.07,2.00416350364685,4.48282043080097,13.876255584441
"2024-03-23 02:04:58.0000",5.23,76.49,2.72305393218994,5.90076275119638,17.772027543916
"2024-03-23 02:34:53.0000",4.99,77.02,3.01677489280701,6.24758859776671,19.2111345792838
"2024-03-23 03:04:50.0000",4.87,77.65,2.57029008865356,4.70480518791108,14.2806614579685
"2024-03-23 03:34:47.0000",4.82,76.59,1.4852706193924,3.70108114731496,10.7774617709475
"2024-03-23 04:04:44.0000",4.67,76.57,2.57894134521484,5.09587772755614,14.5787415284922
"2024-03-23 04:34:37.0000",4.75,76.7,0.82927131652832,2.77774613649232,8.23515981993259
"2024-03-23 05:04:34.0000",4.83,74.71,2.1429750919342,4.84675750065749,14.557622549117
"2024-03-23 05:34:26.0000",4.95,74.65,3.52201724052429,6.82777563998836,22.0187027112925
"2024-03-23 06:04:24.0000",4.95,74.29,3.10976099967957,6.11660582592183,18.7318593178986
"2024-03-23 06:34:21.0000",4.91,74.83,2.25282764434814,4.84180329524402,15.5714677666293
"2024-03-23 07:04:18.0000",5.1,75.8,2.5582492351532,5.8617918065465,18.7731636891936
"2024-03-23 07:34:15.0000",5.33,75.97,3.2386679649353,6.18141367750713,19.6566285174021
"2024-03-23 08:04:12.0000",5.59,74.65,2.40254592895508,5.03351440974219,15.9326362046473
"2024-03-23 08:34:09.0000",6.59,69.42,1.7446471452713,4.54193265370927,14.1142366769033
"2024-03-23 09:04:06.0000",7.22,66.71,2.57072186470032,5.38100087354471,16.6340982658925
"2024-03-23 09:34:03.0000",7.13,68.42,1.20015335083008,3.81326642915786,11.1621318711839
"2024-03-23 10:04:00.0000",7.63,65.76,2.08401417732239,4.73915001416703,14.1782800296512
"2024-03-23 10:33:58.0000",8.02,63.51,1.43891906738281,3.84569998417543,11.9203710029776
"2024-03-23 11:03:50.0000",7.31,65.54,1.92207133769989,4.46390229002138,14.5642051613639
"2024-03-23 11:33:52.0000",9.62,58.81,1.13167357444763,4.06020932932462,13.3049411887357
"2024-03-23 12:03:49.0000",9.85,56.94,1.46883463859558,4.4272979234326,13.4929782790594
"2024-03-23 12:33:41.0000",9.47,56.98,2.55572628974915,5.95347491770304,20.055726424606
"2024-03-23 13:03:43.0000",9.43,58.39,1.41845488548279,4.17965706484533,13.0886588065872
"2024-03-23 13:33:36.0000",7.94,59.99,2.40437865257263,5.46503018471326,16.5183319757237
"2024-03-23 14:03:28.0000",7.11,65.22,2.4387993812561,5.80992155747915,17.9627446985232
"2024-03-23 14:33:25.0000",7.22,66.87,2.73991918563843,5.51875778905653,16.6992160725448
"2024-03-23 15:03:22.0000",7.84,66.9,3.77673840522766,7.43758477259249,22.5463417491387
"2024-03-23 15:33:18.0000",9.18,64,1.61455917358398,4.21813229836484,12.4493166773898
"2024-03-23 16:03:16.0000",8.86,66.27,4.15620899200439,7.78759161082697,23.7049363295397
"2024-03-23 16:33:08.0000",8.07,69.42,3.83551383018494,7.79513845963783,24.4142100284293
"2024-03-23 17:03:05.0000",7.84,70.69,2.34784293174744,5.10626552030217,15.7757844883604
"2024-03-23 17:33:02.0000",7.95,70.5,4.30996656417847,7.70687554024158,23.4243314747533
"2024-03-23 18:02:54.0000",7.64,72.27,5.27021026611328,9.23328412142233,29.1944268091854
"2024-03-23 18:32:51.0000",7.48,73.13,5.35326623916626,8.59481219348883,23.6134559251754
"2024-03-23 19:02:48.0000",7.31,74.42,1.6306791305542,3.50723023466002,9.08452268055315
"2024-03-23 19:32:46.0000",7.17,77.7,6.45879220962524,9.14681888919589,23.5025300637842
"2024-03-23 20:02:37.0000",6.6,81.65,7.05521154403687,9.4460567233757,23.1165466781535
"2024-03-23 20:32:34.0000",6.82,82.64,7.8435525894165,10.6462785374911,25.1788358021258
"2024-03-23 21:02:32.0000",6.74,82.1,6.43231678009033,8.95505532325447,21.0045199195947
"2024-03-23 21:32:29.0000",6.59,81.36,5.08264255523682,7.10592828473225,17.5701176071148
"2024-03-23 22:02:26.0000",6.54,81.25,4.76713085174561,7.44974449049784,19.4062044267414
"2024-03-23 22:32:23.0000",6.59,80.17,2.84067583084106,4.74363064491889,12.6733767405653
"2024-03-23 23:02:15.0000",6.86,78.19,3.04030394554138,5.45656011816417,16.0464257054609
"2024-03-23 23:32:12.0000",6.56,78.27,3.75729513168335,6.21036513625921,17.0495592471526
"2024-03-24 00:02:10.0000",6.41,78.5,3.62965512275696,6.7021234895203,20.3099540238615
"2024-03-24 00:32:06.0000",6.63,77.97,4.28104162216187,7.56137348548025,20.2817712077542
"2024-03-24 01:02:04.0000",6.7,77.99,4.29141139984131,7.42471145746321,19.7676454984559
"2024-03-24 01:31:59.0000",6.69,78.2,3.96432495117188,6.81603796558088,19.392209970863
"2024-03-24 02:01:58.0000",6.61,78.89,4.2185697555542,7.15298795926704,23.209217804604
"2024-03-24 02:31:50.0000",6.23,81.45,3.53279614448547,6.37115460289318,20.1013388012151
"2024-03-24 03:01:58.0000",7.01,76.72,2.7567310333252,5.5147042795949,16.2460452075945
"2024-03-24 03:31:51.0000",6.07,82.4,3.04378986358643,5.51687724074347,15.9250913799428
"2024-03-24 04:01:46.0000",5.5,84.76,3.2228672504425,5.86517416132227,15.6367185500383
"2024-03-24 04:31:39.0000",5.68,86.57,3.10399079322815,5.09746967221812,13.2862642757048
"2024-03-24 05:01:40.0000",5.33,87.01,2.24698305130005,3.93099865798991,12.0027670244034
"2024-03-24 05:31:27.0000",5.55,87.95,3.45313668251038,5.73521134270998,14.4445047969488
"2024-03-24 06:01:25.0000",5.48,88.4,3.02219653129578,5.25443445391249,14.0534889023209
"2024-03-24 06:31:16.0000",5.73,89.14,2.9112823009491,5.40826170643946,14.387643747407
"2024-03-24 07:01:13.0000",6.02,88.43,1.93112635612488,3.86281968862166,10.7173916377817
"2024-03-24 07:31:10.0000",6.4,84.88,2.94422841072083,5.57214770249514,17.1125271816469
"2024-03-24 08:01:08.0000",6.54,82.89,3.10068917274475,6.00826305423642,18.6013260963045
"2024-03-24 08:31:05.0000",6.86,81.61,2.87406826019287,5.27308479361214,15.8839118124652
"2024-03-24 09:01:02.0000",7.32,81.26,2.69220304489136,5.53518640502929,17.7112375322571
"2024-03-24 09:31:04.0000",9.87,70.9,2.15553641319275,4.44451656053974,13.3373301832949
"2024-03-24 10:00:56.0000",7.68,82.55,2.62708187103271,4.60009893162997,12.643853235424
"2024-03-24 10:30:53.0000",8.94,74.56,2.29348707199097,4.53388764961367,14.5618625884818
"2024-03-24 11:00:51.0000",10.28,67.55,2.55396485328674,5.34556152553329,16.7991891056493
"2024-03-24 11:30:48.0000",10.66,66.94,2.58062982559204,5.6008935408554,20.5299280320108
"2024-03-24 12:00:45.0000",11.51,62.54,2.49405002593994,5.53104324636578,16.2167321336085
"2024-03-24 12:30:42.0000",10.61,62.36,1.85749733448029,4.52133929607406,14.2105744900333
"2024-03-24 13:00:39.0000",12.87,60.31,2.18631768226624,5.37556227068301,17.1273198477258
"2024-03-24 13:30:31.0000",11.66,62.29,2.32677745819092,5.31783430097925,17.0705571448794
"2024-03-24 14:00:34.0000",12.87,56.4,2.39148187637329,5.69323462323998,20.1629286884415
"2024-03-24 14:30:25.0000",11.44,58.28,1.96776616573334,5.06106166872865,15.0208700325134
"2024-03-24 15:00:22.0000",11.48,57.19,2.25751447677612,5.27505457664627,18.4769750352618
"2024-03-24 15:30:19.0000",12.68,57.02,1.92500710487366,5.15006259768337,17.3104608528673
"2024-03-24 16:00:16.0000",11.83,56.45,2.46327543258667,5.44537171931472,16.2271930655584
"2024-03-24 16:30:08.0000",9.37,59.48,2.2727632522583,5.54511374808343,19.3051375604893
"2024-03-24 17:00:06.0000",9.1,61.99,2.12484812736511,4.96067055941982,14.5284457352526
"2024-03-24 17:30:03.0000",8.29,63.74,2.35462355613708,5.11660140485555,16.4143199973181
"2024-03-24 17:59:55.0000",7.39,65.28,2.77386093139648,5.76013173975028,18.6871202040032
"2024-03-24 18:29:52.0000",6.55,66.44,2.95496654510498,5.94273080204962,19.5369064777788
"2024-03-24 18:59:44.0000",5.67,67.57,3.94950675964355,6.87284567924795,23.6622145501866
"2024-03-24 19:29:41.0000",5.47,68.1,4.27928638458252,7.05399186969023,22.7881790585422
"2024-03-24 19:59:38.0000",4.85,68.8,3.43145060539246,6.6096731061565,21.6531687491625
"2024-03-24 20:29:30.0000",4.69,69.42,4.44313097000122,7.70321691666773,26.5406576803573
"2024-03-24 20:59:27.0000",4.79,69.48,4.44134187698364,6.98273287033598,25.539810604831
"2024-03-24 21:29:24.0000",4.97,70.15,4.66085720062256,7.20902107692592,20.281846937532
"2024-03-24 21:59:21.0000",5.26,70.44,3.67316961288452,6.51226895080744,20.1835498178715
"2024-03-24 22:29:19.0000",5.44,70.71,3.11448264122009,5.57867344032951,17.90821872912
"2024-03-24 22:59:16.0000",5.65,70.9,2.76733541488647,5.3585567714954,15.715487199994
"2024-03-24 23:29:13.0000",5.8,71.06,2.84714961051941,5.43340610067887,18.0286175745479
"2024-03-24 23:59:10.0000",5.92,71.11,2.77778077125549,5.36660181257687,15.9652273933837
"2024-03-25 00:29:07.0000",5.91,71.26,3.31292629241943,6.33836736811481,17.4720887279556
"2024-03-25 00:59:03.0000",6.02,71.45,3.65146255493164,5.73474655221833,16.7258699216971
"2024-03-25 01:28:57.0000",5.78,71.87,3.40360021591187,5.49372769588027,16.5787371034776
"2024-03-25 01:58:57.0000",5.37,72.84,3.85904240608215,6.00436386711229,14.5632571780179
"2024-03-25 02:29:01.0000",6.47,70.53,3.66726756095886,5.62032010331039,13.4277514046365
"2024-03-25 02:58:48.0000",5.05,74.28,4.00173711776733,5.95551003708363,17.1917043018776
"2024-03-25 03:28:44.0000",4.98,75.1,3.77063488960266,5.66836047444482,14.1010239255802
"2024-03-25 03:58:41.0000",5.22,75.25,2.75393676757812,4.97730451334246,12.9353534557484
"2024-03-25 04:28:38.0000",5.38,75.66,3.1376485824585,4.92465328978992,11.8741427750587
"2024-03-25 04:58:35.0000",5.29,76.42,3.78101706504822,6.04728856447313,15.8092417281609
"2024-03-25 05:28:34.0000",4.87,78.07,3.67960000038147,5.91365114070041,14.8674110218867
"2024-03-25 05:58:25.0000",4.77,79.3,4.38610792160034,5.95370603444026,15.8523451937427
"2024-03-25 06:28:22.0000",4.82,80.18,5.06564807891846,6.55503507721457,14.4018231526229
"2024-03-25 06:58:19.0000",4.79,80.52,6.93008899688721,7.62694420152195,14.5789735230334
"2024-03-25 07:28:17.0000",4.81,81.3,6.19006443023682,7.41017288399116,14.6197589500999
"2024-03-25 07:58:13.0000",5.02,81.58,6.31002759933472,6.97665287871718,12.7929257598484
"2024-03-25 08:28:11.0000",5.25,82.08,6.49019908905029,7.37827887143364,13.0548373156569
"2024-03-25 08:58:08.0000",5.5,82.8,5.69138765335083,6.09024985562211,11.2145465819193
"2024-03-25 09:28:05.0000",5.81,83.24,4.44913148880005,5.45392136903589,9.95867584904696
"2024-03-25 09:58:02.0000",6.11,83.97,4.68309354782104,5.32884339181339,9.54012493989682
"2024-03-25 10:27:59.0000",6.81,84.79,4.92577266693115,5.62660910259566,9.85747948087377
"2024-03-25 10:57:56.0000",8.03,84.66,3.30025720596313,3.88198699021748,7.50259661666684
"2024-03-25 11:27:53.0000",8.06,85.06,2.28205966949463,3.13349016365112,7.45079216008686
"2024-03-25 11:57:51.0000",8,84.81,2.12831139564514,3.05373229514024,7.74422987755211
"2024-03-25 12:21:41.0000",9.81,85.93,1.07106935977936,3.21971712004691,8.96420778447612
"2024-03-25 12:27:48.0000",8.07,84.76,2.39298224449158,3.32957366029479,7.55252070156034
"2024-03-25 12:57:40.0000",8.1,83.97,3.16347455978394,4.24079164751444,9.58955196369194
"2024-03-25 13:27:37.0000",7.93,83.85,2.14142298698425,3.38124546625964,8.2470621617262
"2024-03-25 13:57:34.0000",7.84,84.39,2.82875847816467,4.27262838729143,10.3027885641407
"2024-03-25 14:27:32.0000",8.34,83.84,2.8475821018219,4.28899617533391,11.0011005624859
"2024-03-25 14:57:28.0000",8.32,83.24,2.59646844863892,4.0723479272333,10.5624799974753
"2024-03-25 15:27:31.0000",8.29,82.86,2.65302538871765,4.41785912270005,12.3293537512656
"2024-03-25 15:57:17.0000",8.29,82.57,3.06601023674011,4.87807511659353,13.7656244291939
"2024-03-25 16:27:14.0000",8.11,82.61,3.11879754066467,4.64870669395028,11.5909599464995
"2024-03-25 16:57:12.0000",8.31,82.4,3.32307553291321,5.1772890626487,13.2298752256961
"2024-03-25 17:27:09.0000",8.44,82.01,2.87147855758667,4.3770169799648,10.5521525038025
"2024-03-25 17:57:06.0000",8.45,81.59,3.63488292694092,5.22704640202171,16.0002782499148
"2024-03-25 18:26:58.0000",8.18,81.5,3.4307906627655,4.85262201258616,12.3049959711031
"2024-03-25 18:56:55.0000",7.9,81.39,3.80604362487793,5.29391682731609,15.1322509616599
"2024-03-25 19:26:53.0000",7.79,81.3,3.74377131462097,5.0519748989612,13.9882177769535
"2024-03-25 19:56:49.0000",7.65,80.98,3.51001405715942,5.45516425927715,15.1863972132226
"2024-03-25 20:26:46.0000",7.25,80.97,3.48555994033813,5.18254099904534,16.0147170210066
"2024-03-25 20:56:38.0000",7.12,80.94,3.46550512313843,5.3861013699441,16.2531916907044
"2024-03-25 21:26:35.0000",7.12,80.83,3.62317562103271,5.73437125083665,14.882741431312
"2024-03-25 21:56:32.0000",6.99,80.78,3.62626242637634,5.43616880127391,14.4950094555729
"2024-03-25 22:26:30.0000",6.79,80.83,4.39845371246338,6.00850227778958,17.1236420467643
"2024-03-25 22:56:27.0000",6.65,80.97,5.23693227767944,6.96268571212872,15.6309990615687
"2024-03-25 23:26:24.0000",6.42,81.02,5.72003030776978,7.31288224736145,18.7487280445982
"2024-03-25 23:56:21.0000",6.21,81.22,6.05832958221436,7.57857418934682,18.9696136868365
"2024-03-26 00:26:18.0000",5.94,81.35,5.90119409561157,7.42330633133339,17.880703593197
"2024-03-26 00:56:14.0000",5.79,81.54,5.08852243423462,6.742796694183,15.785768337598
"2024-03-26 01:26:07.0000",5.49,81.67,5.1025562286377,6.60415511278574,14.7598705940117
"2024-03-26 01:56:10.0000",5.73,81.92,5.02463865280151,6.77201262454726,17.2278616230841
"2024-03-26 02:26:01.0000",6.05,81.52,5.13534355163574,6.61485274211903,15.4707951872081
"2024-03-26 02:55:54.0000",5.97,81.27,6.04494762420654,7.36203917922292,16.8882188911817
"2024-03-26 03:25:56.0000",5.78,81.35,7.12379217147827,7.99106640101663,15.0257493996599
"2024-03-26 03:55:48.0000",5.42,81.31,7.62429523468018,9.02571197982741,19.4989398502288
"2024-03-26 04:25:44.0000",5.24,81.59,9.19101047515869,9.87324320217552,18.6358372464435
"2024-03-26 04:55:42.0000",5.09,81.65,9.81855487823486,10.3237911292349,19.278773866115
"2024-03-26 05:25:34.0000",5.12,81.63,10.6977052688599,11.568839226672,21.9103995552199
"2024-03-26 05:55:32.0000",4.98,81.71,12.8973827362061,13.1441848063316,20.9388165342654
"2024-03-26 06:25:28.0000",4.93,81.83,13.659499168396,13.7599829386119,21.6408175970505
"2024-03-26 06:55:25.0000",5.21,81.94,13.0185594558716,12.8905251526174,19.3910923059467
"2024-03-26 07:25:23.0000",5.58,81.91,14.1867322921753,13.9630156917595,24.2234115400548
"2024-03-26 07:55:19.0000",6.18,81.86,13.374119758606,13.1599235463031,23.9500232055767
"2024-03-26 08:25:17.0000",7.34,81.09,12.5199422836304,12.8187614972369,22.9028256439004
"2024-03-26 08:41:26.0000",9.49,76.77,12.3377494812012,13.6176755863563,16.5231210084446
"2024-03-26 08:55:14.0000",8.17,80.02,13.6043977737427,13.3938845710477,23.5493975040816
"2024-03-26 09:25:11.0000",9.39,78.49,13.5857543945312,13.0451006728753,22.0234102018711
"2024-03-26 09:55:08.0000",10.96,76.98,11.8535833358765,11.6347787334092,19.7230828724039
"2024-03-26 10:25:10.0000",11.78,75.1,12.2852745056152,11.653869556588,18.5330705144062
"2024-03-26 10:55:07.0000",12.71,74.96,10.5075712203979,10.2916736955054,16.9015923781049
"2024-03-26 11:25:05.0000",13.04,72.56,11.4748048782349,11.2768566448824,18.4720871603142
"2024-03-26 11:41:06.0000",15.16,67.13,12.1086626052856,12.5846310337657,20.8104104449704
"2024-03-26 11:55:01.0000",13.56,71.99,9.800950050354,10.1635951745706,17.9370902843875
"2024-03-26 12:24:59.0000",13.48,70.64,9.61828517913818,9.78606175104587,16.8939368391256
"2024-03-26 12:54:56.0000",13.54,70.06,9.35512256622314,9.52666003079589,18.5286393367335
"2024-03-26 14:24:48.0000",14.38,64.83,7.16908502578735,8.5441114453352,20.1334314114114
"2024-03-26 14:40:43.0000",15.98,54.5,6.6388897895813,8.69055520392764,19.2733435069031
"2024-03-26 14:54:45.0000",13.54,63.73,6.69549083709717,7.6559471507506,16.2814435942139
"2024-03-26 15:24:41.0000",12.86,63.39,6.27727890014648,7.4328159544799,18.3484086161106
"2024-03-26 15:54:34.0000",12.12,63.91,6.4180326461792,7.48993875043206,16.8121981371748
"2024-03-26 16:24:30.0000",11.96,64.45,7.16831636428833,8.50811248688597,20.3489698328283
"2024-03-26 16:40:11.0000",13.51,57.32,5.98769187927246,8.04326558091493,16.2705560511714
"2024-03-26 16:54:33.0000",11.66,64.89,6.4965353012085,7.81448208007712,19.1071756742128
"2024-03-26 17:22:59.0000",13.2,60.56,5.10792684555054,7.51737919839256,15.4780161654858
"2024-03-26 17:24:20.0000",11.45,65.06,5.14893817901611,6.67699174507563,15.9912013365801
"2024-03-26 17:32:12.0000",12.09,65.17,5.2029595375061,7.26811406368625,17.0235505127716
"2024-03-26 17:52:49.0000",12.1,63.19,3.58061575889587,6.42359584583629,15.0251824306989
"2024-03-26 18:02:06.0000",11.82,65.6,4.96528196334839,7.03558226005216,17.9753733409809
"2024-03-26 18:22:57.0000",11.58,63.96,4.37255573272705,7.73761340318051,15.2462709117006
"2024-03-26 18:31:59.0000",11.53,65.71,5.25686120986938,7.47269594909924,18.9651369997473
"2024-03-26 18:52:55.0000",10.19,66.29,5.08272886276245,8.39359689811526,20.91074271855
"2024-03-26 18:54:06.0000",9.41,66.76,9.78504085540771,10.6531010925755,23.6358226554562
"2024-03-26 19:23:58.0000",7.91,70.37,10.1345987319946,11.1542800617601,20.7653441195763
"2024-03-26 19:53:56.0000",7.12,72.59,13.6075897216797,14.1082122905095,26.774407368891
"2024-03-26 20:23:52.0000",6.66,74.38,14.9160537719727,14.6847542696297,24.4880460023665
"2024-03-26 20:53:45.0000",6.53,75.01,15.4624843597412,15.2051835069562,25.3906513229767
"2024-03-26 21:23:41.0000",6.2,76.11,16.2450084686279,15.9595661630307,26.4175891337286
"2024-03-26 21:53:38.0000",5.59,77.49,20.9425926208496,19.7595582235036,29.1742951417924
"2024-03-26 22:23:35.0000",5.39,78.1,27.3564987182617,24.0403132540126,31.1866046728066
"2024-03-26 22:53:33.0000",5.18,78.39,34.6175193786621,30.4154797755516,38.0834578357249
"2024-03-26 23:23:25.0000",4.93,78.95,38.6844902038574,33.4575734862863,40.718144885102
"2024-03-26 23:53:22.0000",4.81,79.46,41.6979713439941,36.4052169194501,44.1701335789521
"2024-03-27 00:23:19.0000",4.73,79.83,35.029369354248,30.5603414922876,36.8469986120738
"2024-03-27 00:53:21.0000",4.62,80.39,32.3270263671875,28.0700661469748,33.2885119028719
"2024-03-27 01:23:12.0000",4.58,80.63,29.7605609893799,25.4965285840661,28.1873955751466
"2024-03-27 01:53:10.0000",4.53,80.99,29.9863128662109,25.822856107397,28.5998674484288
"2024-03-27 02:23:06.0000",4.44,81.3,6.15532493591309,6.26285123445454,9.22068422942959
"2024-03-27 02:53:04.0000",4.35,81.67,10.7031440734863,9.93142848074902,12.9078827281366
"2024-03-27 03:23:00.0000",4.41,81.95,13.8091630935669,12.0191856578291,14.4581235747181
"2024-03-27 03:52:59.0000",4.49,82.36,14.6771554946899,12.4698086820847,14.6760109655295
"2024-03-27 04:22:55.0000",4.2,82.67,3.19236087799072,3.69289046599397,6.73560932737603
"2024-03-27 04:52:58.0000",4,83.05,3.18363571166992,3.78220258694003,7.68113002476362
"2024-03-27 05:22:40.0000",3.46,83.67,4.7807559967041,4.85733065860807,7.54864995009428
"2024-03-27 05:52:37.0000",3.84,83.95,5.55795764923096,5.67895543230665,9.00063215533886
"2024-03-27 06:22:34.0000",4.13,83.96,7.93386363983154,7.59171095223751,10.8145674118334
"2024-03-27 06:52:32.0000",4.43,84.11,9.01536464691162,8.47982220934234,11.9284721589409
"2024-03-27 07:22:28.0000",4.82,84.38,6.87964010238647,6.88328580318544,11.5596825145263
"2024-03-27 07:52:26.0000",5.45,84.73,4.51827764511108,5.36068522300375,10.608814010527
"2024-03-27 08:07:37.0000",8.24,83.47,3.44804859161377,4.43740811843796,8.667926334245
"2024-03-27 08:22:22.0000",6.16,84.75,2.8491907119751,4.14540573301978,10.2860354429383
"2024-03-27 08:52:20.0000",6.89,84.75,2.49396324157715,4.08325225545714,10.431551421935
"2024-03-27 09:22:17.0000",7.53,83.87,1.78826153278351,3.78173991861568,12.0974873446671
"2024-03-27 09:52:14.0000",7.66,82.94,1.68247473239899,3.65957759979096,12.7303452551016
"2024-03-27 10:22:11.0000",7.08,81.43,1.42026567459106,3.48633112533682,12.8928975098655
"2024-03-27 10:52:09.0000",7.24,81.64,1.43015813827515,3.18588335866833,11.149865487468
"2024-03-27 11:22:01.0000",6.19,80.83,0.500146389007568,1.98742318881918,6.22121605512315
"2024-03-27 11:51:58.0000",7.13,81.25,0.266363382339478,1.71630002270231,5.71087487310893
"2024-03-27 12:22:00.0000",8.64,78.17,0.505210876464844,2.00815168661531,6.8731679145571
"2024-03-27 12:51:56.0000",10.07,77.5,0.601304531097412,2.2690128520096,9.66331502706158
"2024-03-27 13:21:54.0000",10.32,75.03,0.777890682220459,2.65968835062341,9.79780836155427
"2024-03-27 13:51:51.0000",10.58,71.76,0.926625549793243,2.67408233135367,10.281591050674
"2024-03-27 14:21:48.0000",12.43,68.55,0.864013075828552,3.19210900087809,10.7842225456162
"2024-03-27 14:51:45.0000",12.12,67.08,0.761717855930328,3.13551001220107,9.90611773410723
"2024-03-27 15:21:42.0000",11.22,61.41,0.819907426834106,3.47504789865511,12.7119218131223
"2024-03-27 15:51:34.0000",8.7,61.75,0.691590011119843,3.45095901743263,11.2931711758148
"2024-03-27 16:21:21.0000",6.41,69.59,0.572652041912079,2.77713657874768,8.51505632609111
"2024-03-27 16:51:23.0000",5.17,70.38,0.729598343372345,3.03066719002834,10.3500323868502
"2024-03-27 17:21:15.0000",4.1,75.2,1.43707239627838,3.12558854937104,8.39476631437329
"2024-03-27 17:51:12.0000",3.85,75.27,0.985314846038818,2.85125327103784,8.76209756226009
"2024-03-27 18:21:05.0000",3.63,75.89,0.809326827526093,2.70534036247798,9.06995203587897
"2024-03-27 18:51:02.0000",3.98,76.18,1.46157312393188,3.51277449203119,10.1156437196658
"2024-03-27 19:21:04.0000",4.11,77.31,1.71961891651154,3.32963411845307,8.5622057119581
"2024-03-27 19:50:56.0000",3.36,78.68,3.79831743240356,5.23504036393195,12.7670683643304
"2024-03-27 20:20:54.0000",3.74,79.35,1.85996866226196,3.48560135939542,9.76305340053135
"2024-03-27 20:50:45.0000",4.01,79.46,1.37571132183075,3.13832999409308,9.74526750874071
"2024-03-27 21:20:47.0000",3.9,80.25,1.7418407201767,3.41675403161027,9.36336581106044
"2024-03-27 21:50:39.0000",4.1,80.81,1.18418872356415,2.64967305707149,8.06982319117557
"2024-03-27 22:20:37.0000",4.2,80.61,1.13621532917023,2.6947422170153,8.22167717671686
"2024-03-27 22:50:33.0000",4.29,80.55,1.64012634754181,3.00067642553825,8.81663316280946
"2024-03-27 23:20:31.0000",4.39,80.54,1.83156836032867,3.1991980795272,8.45480719558142
"2024-03-27 23:50:28.0000",4.38,80.36,1.63523554801941,3.36502242913398,9.38691483968401
"2024-03-28 00:20:25.0000",4.08,80.81,2.00623822212219,3.80136667297707,10.6782311386934
"2024-03-28 00:50:28.0000",4.19,80.84,1.59211301803589,3.44204617843517,11.2250433449011
"2024-03-28 01:20:24.0000",4.48,80.72,1.72223138809204,3.50238075233103,10.9639068314088
"2024-03-28 01:50:21.0000",4.91,80.56,1.69176852703094,3.50206891070703,10.3456978291886
"2024-03-28 02:20:23.0000",4.89,80.06,1.83662986755371,3.44465217371049,9.45497093255497
"2024-03-28 02:50:14.0000",4.18,81.82,2.10809230804443,3.77764932300634,11.2432345997075
"2024-03-28 03:20:06.0000",4.12,82.23,2.60528659820557,4.15678928323587,11.4614482628431
"2024-03-28 03:50:05.0000",4.2,82.32,4.42384386062622,5.39204599721831,10.7261240320596
"2024-03-28 04:20:02.0000",4.65,82.81,7.03685712814331,7.33800186117592,11.5677687524404
"2024-03-28 04:50:03.0000",4.91,83.04,5.56091642379761,5.96278712192343,10.4759374027929
"2024-03-28 05:19:57.0000",4.94,83.44,3.52951741218567,4.17147319136688,8.79466963635047
"2024-03-28 05:49:49.0000",4.79,83.76,2.84281826019287,3.54200915505765,7.1283989152295
"2024-03-28 06:19:45.0000",4.22,84.39,0.414828985929489,1.55231209458993,5.22895720430962
"2024-03-28 06:49:42.0000",3.88,85.14,0.630667507648468,1.8414411648476,5.58700229705076
"2024-03-28 07:19:40.0000",3.83,84.57,0.141546994447708,1.24250509372682,4.51557912886051
"2024-03-28 07:49:32.0000",3.57,84.9,0.181466281414032,1.25185265529163,4.50934279271735
"2024-03-28 08:19:28.0000",3.74,85.18,0.54058575630188,1.55412412831923,5.2074678493265
"2024-03-28 08:49:31.0000",7.47,80.53,0.214677795767784,1.27299683139962,4.52673785978088
"2024-03-28 09:19:28.0000",8.2,81.18,0.372064203023911,1.39068649745993,5.30221258009791
"2024-03-28 09:49:30.0000",10.01,77.36,0.794930875301361,1.97263086599213,6.30719521802018
"2024-03-28 10:19:22.0000",7.8,76.03,0.687291026115417,1.96956224759637,6.35313715958228
"2024-03-28 10:49:24.0000",11.65,72.08,0.904391646385193,2.40402290110088,9.17090736844137
"2024-03-28 11:19:16.0000",10.74,69.26,0.935755968093872,2.99428348230472,9.64473910137878
"2024-03-28 11:49:14.0000",11.04,69.1,0.664332628250122,2.73884252865859,9.03542867472894
"2024-03-28 12:19:06.0000",9.4,69.06,0.780996441841125,3.07349946149747,10.4165211197867
"2024-03-28 12:49:08.0000",9.86,68.5,0.814869940280914,3.145819583354,10.7616163992833
"2024-03-28 13:19:00.0000",9.4,67.7,0.836954295635223,3.29503417802485,12.3459337995943
"2024-03-28 13:48:57.0000",7.59,68.72,1.12538361549377,3.57363047007237,11.2366342909268
"2024-03-28 14:18:49.0000",6.25,75.09,0.657404839992523,2.85430676305337,8.90902157465693
"2024-03-28 14:48:46.0000",6.8,76.1,0.583113253116608,2.26337413949195,7.66655836449771
"2024-03-28 15:18:43.0000",7.08,75.98,0.446089714765549,2.21711800603565,7.65519872125591
"2024-03-28 15:48:40.0000",7.03,75.94,0.533726155757904,2.2332833011626,8.38486419303852
"2024-03-28 16:18:32.0000",6.18,77.71,0.848940312862396,2.45547199373258,8.3244514601172
"2024-03-28 16:48:29.0000",5.89,79.27,0.427505999803543,1.89866280135081,6.45902478620638
"2024-03-28 17:18:26.0000",6.17,80.15,1.15995538234711,2.6188170390026,8.0494655607639
"2024-03-28 17:48:24.0000",6.29,80.07,1.33934688568115,2.88929181215611,8.33248629334807
"2024-03-28 18:18:21.0000",6.45,80.26,1.72614014148712,3.43218227797596,11.1102121229737
"2024-03-28 18:48:18.0000",6.23,81.06,1.94781351089478,4.15410907156298,11.5237243071909
"2024-03-28 19:18:10.0000",6.42,81.84,1.16722440719604,2.54316221583842,7.10807204599424
"2024-03-28 19:48:07.0000",6.45,81.83,0.726844668388367,2.09434828264339,6.48464901885437
"2024-03-28 20:18:05.0000",6.33,81.74,0.707318067550659,2.08960212454321,6.24109989575451
"2024-03-28 20:48:01.0000",6.09,81.89,1.25673532485962,2.41331246696022,6.75470184748093
"2024-03-28 21:17:58.0000",5.82,82.34,1.49262368679047,2.64129707457227,6.60053359387312
"2024-03-28 21:47:55.0000",6.02,83.63,1.52548098564148,2.50605394347135,6.04191068049861
"2024-03-28 22:17:52.0000",5.92,84.26,0.778524279594421,1.70468096354867,5.40131377111972
"2024-03-28 22:47:46.0000",5.66,84.52,0.60879111289978,1.59519313665581,5.10804413069337
"2024-03-28 23:17:42.0000",5.83,86.03,1.10280704498291,2.66324432104282,7.65865986814036
"2024-03-28 23:47:39.0000",5.43,85.01,0.774199903011322,2.26000063091333,7.49501654880597
"2024-03-29 00:17:36.0000",4.76,84.77,0.680178761482239,2.23034044828863,8.05227698974863
"2024-03-29 00:47:32.0000",4.62,84.23,0.661521911621094,2.00533950318573,8.39695903664865
"2024-03-29 01:17:26.0000",4.18,83.75,1.03923487663269,2.5196824669367,8.56260500688257
"2024-03-29 01:47:26.0000",3.76,83.75,1.16462802886963,2.89232597368584,8.88234974128827
"2024-03-29 02:17:18.0000",3.57,84.47,1.14670848846436,2.91625629843956,9.77459859154439
"2024-03-29 02:47:16.0000",4.24,84.41,1.11585676670074,2.89817041009638,10.2269769605014
"2024-03-29 03:17:19.0000",4.32,83.59,1.38504219055176,2.90122099674561,9.79117174397541
"2024-03-29 03:47:16.0000",3.75,84.05,1.54942166805267,3.23601423372551,9.54531411800896
"2024-03-29 04:17:08.0000",3.12,84.38,1.79148995876312,3.38043478644187,11.0747749331072
"2024-03-29 04:47:04.0000",2.9,84.84,2.23239898681641,3.87659458505698,12.3136950079023
"2024-03-29 05:16:57.0000",2.66,85.14,2.2147376537323,4.12237634335088,15.0846294345253
"2024-03-29 05:46:54.0000",2.76,85.54,2.38953852653503,4.21387934466693,14.9023305778876
"2024-03-29 06:16:52.0000",3,85.39,2.3681013584137,4.04464198770427,11.7591232920736
"2024-03-29 06:46:48.0000",3.11,85.64,3.5780942440033,5.10558933104554,13.121877116898
"2024-03-29 07:16:46.0000",5.12,83.66,3.63965153694153,4.65375968857417,10.4865776295469
"2024-03-29 07:46:43.0000",5.05,83.78,3.04949712753296,4.52374747291968,12.0226815517594
"2024-03-29 08:16:45.0000",5.74,84.95,2.83501529693604,4.03118169095268,9.39568035324526
"2024-03-29 08:46:37.0000",8.41,80.64,2.58463859558105,3.99409220461259,10.368601157619
"2024-03-29 09:16:34.0000",8.52,81.4,2.04400634765625,3.53109060410453,11.7351745129445
"2024-03-29 09:46:36.0000",11.44,78.88,1.44376218318939,2.62055835967513,7.6870754392045
"2024-03-29 10:16:33.0000",12.36,75.78,1.15144550800323,2.37874195036093,8.0947981754877
"2024-03-29 10:46:35.0000",14.55,71.75,0.951483547687531,2.7463429155078,9.3450279810186
"2024-03-29 11:16:33.0000",16.46,67.8,0.866708397865295,2.54875568045086,8.31576312922173
"2024-03-29 11:46:29.0000",16.12,65.36,0.725513994693756,2.81159498150207,9.01039706287727
"2024-03-29 12:16:27.0000",15.48,62.39,0.829951763153076,3.30253121565697,11.1196453262241
"2024-03-29 12:46:24.0000",17.96,59.52,0.960695624351501,3.43725220957221,10.9886948581459
"2024-03-29 13:16:21.0000",15.05,56.87,1.06837701797485,4.15675955460942,13.8963151569212
"2024-03-29 13:46:14.0000",13.92,58.4,1.42731285095215,4.40137407351466,16.1083428893804
"2024-03-29 14:16:10.0000",14.06,56.45,1.45769011974335,4.72550814675436,15.4785839443134
"2024-03-29 14:46:02.0000",10.54,63.05,1.18231570720673,4.20644755578012,15.070590400083
"2024-03-29 15:16:05.0000",11.56,63.17,0.972230732440948,3.54101555382001,10.5171448942797
"2024-03-29 15:45:56.0000",10.17,65.45,0.665906369686127,3.19972902364217,10.9202764529029
"2024-03-29 16:15:48.0000",8.74,69.78,0.839945018291473,3.08033189351567,8.96151547726228
"2024-03-29 16:45:40.0000",7.84,72.2,0.732142567634583,2.79354714775038,8.66468197340344
"2024-03-29 17:15:37.0000",7.93,72.97,1.14523792266846,3.20527532496906,9.57033300264105
"2024-03-29 17:45:35.0000",8.32,73.33,1.52396869659424,3.21641689840764,8.91926296898051
"2024-03-29 18:15:32.0000",8.75,73.89,0.978052616119385,2.78379584228835,8.22514353027537
"2024-03-29 18:45:29.0000",7.95,74.52,2.46100449562073,3.97062120909609,10.0475502118678
"2024-03-29 19:15:22.0000",7.5,75.56,0.889348149299622,2.72746471978006,9.75789552669345
"2024-03-29 19:45:19.0000",7.28,76.21,0.838531196117401,2.60140197395582,7.93346466987765
"2024-03-29 20:15:15.0000",7.11,76.49,0.959211707115173,2.44929896005243,6.90392689716016
"2024-03-29 20:45:12.0000",5.99,77.73,1.1335883140564,2.85552769884373,8.38628182095297
"2024-03-29 21:15:05.0000",5.48,78.49,0.811588823795319,2.42092742991595,9.47925702495559
"2024-03-29 21:45:01.0000",5.34,79.21,1.68376195430756,3.39167933802456,11.1945916771957
"2024-03-29 22:14:58.0000",5.28,79.75,1.92351603507996,4.33714781919775,13.7056983976512
"2024-03-29 22:44:50.0000",5.38,80.1,2.07008409500122,4.73520520505107,14.2801041297619
"2024-03-29 23:14:47.0000",4.85,80.91,2.46493315696716,4.66384824801425,14.5637508663685
"2024-03-29 23:44:45.0000",4.77,81.32,1.7378123998642,3.76146673923517,12.7057050046432
"2024-03-30 00:14:42.0000",4.61,81.68,1.63500535488129,4.15613207342985,13.3432207180402
"2024-03-30 00:44:40.0000",4.74,81.84,1.61796593666077,3.53026222327661,10.7016481728128
"2024-03-30 01:14:36.0000",4.57,82.02,1.54509210586548,3.30283438013571,11.4045692611204
"2024-03-30 01:44:33.0000",4.35,82.23,1.3978853225708,3.41450551794672,11.1035578131159
"2024-03-30 02:14:25.0000",3.89,82.16,1.4715987443924,3.38944348698089,9.66166949087723
"2024-03-30 02:44:27.0000",3.75,82.41,1.30612874031067,2.968984909282,8.56770753892601
"2024-03-30 03:14:23.0000",3.65,82.5,1.12059736251831,2.90741064863453,9.1932599146352
"2024-03-30 03:44:22.0000",3.27,82.62,1.50996911525726,3.26917488915705,10.710747212755
"2024-03-30 04:14:14.0000",3.01,82.88,3.78052282333374,5.50216401389985,14.7980358013617
"2024-03-30 04:44:11.0000",3.06,83.33,1.90703237056732,3.6252461902017,11.7213834757839
"2024-03-30 05:14:03.0000",3.14,83.36,1.70460939407349,3.6814977933805,10.7682870241086
"2024-03-30 05:44:00.0000",2.84,83.64,1.95607030391693,3.75513503096838,11.8602182073794
"2024-03-30 06:13:57.0000",2.41,83.8,3.84456849098206,5.36650661591782,15.4885415798524
"2024-03-30 06:43:54.0000",3,84.34,2.9438807964325,5.02218020031963,15.9873146438458
"2024-03-30 07:13:52.0000",5.32,82.39,2.27649688720703,4.2347765369453,13.8396028116079
"2024-03-30 07:43:53.0000",5.33,80.26,2.74903798103333,4.79852960013877,13.4269570722722
"2024-03-30 08:13:45.0000",5.13,82.81,2.62413620948792,4.07294083464185,12.5046382300024
"2024-03-30 08:43:48.0000",9.63,78.06,1.92729461193085,3.37715326211399,10.1011765011207
"2024-03-30 09:13:45.0000",11.67,74.58,1.82069420814514,3.53859852275345,12.4014712484041
"2024-03-30 09:43:47.0000",13.06,72.52,1.68786370754242,3.51555875766367,12.6426701278124
"2024-03-30 10:13:49.0000",14.52,69.9,1.20708966255188,2.78579483154639,9.18623498191369
"2024-03-30 10:43:46.0000",15.61,66.27,1.63938426971436,3.3445292256521,11.708050469242
"2024-03-30 11:13:38.0000",14.05,66.02,1.44616067409515,3.55495076133527,10.8503473973156
"2024-03-30 11:43:35.0000",17.07,62.18,1.1624311208725,3.31825154037459,12.7920225581798
"2024-03-30 12:13:37.0000",17.93,59.17,1.09501075744629,3.48354372575519,12.0838443671949
"2024-03-30 12:43:36.0000",18.25,55.99,0.994006931781769,3.81353781837199,13.1519287756578
"2024-03-30 13:13:27.0000",18.04,53.76,0.79127424955368,3.93241417897912,13.2281923886584
"2024-03-30 13:43:24.0000",17.6,53.26,0.598495483398438,3.76096908390775,12.8553222530847
"2024-03-30 14:13:48.0000",16.35,51.78,0.870446085929871,4.35068318159073,13.8980189635621
"2024-03-30 14:43:18.0000",17.21,50.53,0.698423862457275,4.01153703848726,12.8437381964413
"2024-03-30 15:13:16.0000",17.84,49.07,0.890363931655884,4.20699612452737,14.3141157915781
"2024-03-30 15:43:07.0000",16.45,48.68,0.949613213539124,4.31119190217939,15.3390435567457
"2024-03-30 16:13:04.0000",15.92,48.16,1.18157351016998,4.5144884747757,15.8773694094082
"2024-03-30 16:43:02.0000",14.81,49.59,0.933543920516968,4.02242507200585,15.0067614255967
"2024-03-30 17:42:51.0000",13.16,51.35,1.43814849853516,4.74660905052074,18.0829522235232
"2024-03-30 18:12:48.0000",12.07,53.24,1.43485939502716,4.77739601359793,15.3451349821817
"2024-03-30 18:42:40.0000",11.19,54.58,1.11590361595154,4.49778797034729,14.8841982645143
"2024-03-30 19:12:37.0000",10.23,56.16,1.36618030071259,4.52256066666652,15.7906098165082
"2024-03-30 19:42:29.0000",9.27,57.85,1.31255304813385,4.26100979061845,13.5262345512391
"2024-03-30 20:12:26.0000",8.69,58.76,1.7638795375824,4.7935600699071,15.8401508136277
"2024-03-30 20:42:24.0000",8.21,59.75,2.06217980384827,4.77000732692356,13.3758214587244
"2024-03-30 21:12:16.0000",7.58,60.76,2.82904767990112,5.38848092177219,18.4534847467961
"2024-03-30 21:42:12.0000",7.47,61.34,2.50055503845215,5.00377843084309,16.4168961646151
"2024-03-30 22:12:09.0000",7.65,61.74,2.85838723182678,5.42791299798228,17.1839257567156
"2024-03-30 22:42:07.0000",7.02,62.37,4.02774333953857,6.37028169290005,21.1394130685184
"2024-03-30 23:11:58.0000",6.65,63.31,3.57464051246643,6.26607957335896,18.263493847699
"2024-03-30 23:41:56.0000",6.25,65.01,5.28772878646851,7.29754814347684,17.4774872948841
"2024-03-31 00:11:53.0000",5.88,65.88,4.47702503204346,6.73145191727103,18.7565610823122
"2024-03-31 00:41:54.0000",5.65,66.5,3.92928791046143,6.36254400146004,15.745050968239
"2024-03-31 01:11:47.0000",5.87,66.64,4.02883720397949,6.16224940261611,18.5607969792884
"2024-03-31 01:41:44.0000",5.65,66.95,3.48782873153687,5.68517834427101,16.0333574623202
"2024-03-31 02:11:47.0000",5.61,67.45,3.84080815315247,6.11241517131724,17.7552663245956
"2024-03-31 02:41:37.0000",5.11,67.63,3.33260130882263,5.49417979902741,18.3317293026763
"2024-03-31 03:11:36.0000",5.15,68.07,3.99930310249329,6.18920205954832,17.9963144957416
"2024-03-31 03:41:26.0000",4.72,68.35,3.85706663131714,5.7750384736434,15.5913621485145
"2024-03-31 04:11:23.0000",4.75,68.72,3.13171553611755,5.26271405902595,15.7313998681927
"2024-03-31 04:41:26.0000",4.59,68.94,2.86351704597473,5.38532500611852,15.4806679130946
"2024-03-31 05:11:13.0000",4.21,69.4,2.86050367355347,5.01050210751444,14.0527486721213
"2024-03-31 05:41:11.0000",4.06,69.71,3.11913013458252,5.11602270346945,15.0709267209926
"2024-03-31 06:11:08.0000",4.16,70.05,2.88635802268982,5.45875338388849,16.2956593675034
"2024-03-31 06:41:05.0000",4.82,70.06,2.78147435188293,5.15088274662544,15.0167064964106
"2024-03-31 07:11:08.0000",7.86,66.05,2.35559034347534,4.65278259647008,13.8956772831869
"2024-03-31 07:41:04.0000",7.83,65.95,2.48899412155151,4.56135450553263,13.0139195367966
"2024-03-31 08:10:57.0000",7.3,68.29,3.07205724716187,5.06636083731105,13.4825022034741
"2024-03-31 08:40:59.0000",10.57,65.77,4.04049634933472,5.67830028791674,13.887125409624
"2024-03-31 09:11:01.0000",13.32,63.18,5.5489182472229,6.79423812122193,14.1781674849335
"2024-03-31 09:40:58.0000",14.75,61.86,5.4770336151123,6.73049505106784,13.881472531065
"2024-03-31 10:10:55.0000",14.81,60.85,4.3857889175415,5.93236565888699,13.7790661713803
"2024-03-31 10:40:52.0000",15.68,58.95,2.95717120170593,5.03214932649251,13.6913619305446
"2024-03-31 11:10:50.0000",14.43,58.58,3.5030837059021,5.38277488699991,13.7994642535011
"2024-03-31 11:40:46.0000",14.35,57.24,2.97333455085754,5.00353811096316,13.674538907373
"2024-03-31 12:10:44.0000",15.88,56.42,2.41521453857422,4.51104409394052,13.3153590400158
"2024-03-31 12:40:36.0000",15.06,56.02,2.78401732444763,4.72857034050419,11.3294661212403
"2024-03-31 13:10:33.0000",15.47,54.69,2.06101107597351,4.47947415969458,11.403399510971
"2024-03-31 13:40:30.0000",14.28,53.83,1.8730731010437,4.23019590321757,11.2485890740407
"2024-03-31 14:10:28.0000",14.03,54.48,1.68360328674316,4.26014386115747,12.6659924748679
"2024-03-31 14:40:19.0000",13.63,54.83,1.1558426618576,3.87245906163284,12.7290246598202
"2024-03-31 15:10:16.0000",13.33,54.76,0.643227696418762,3.50023050319032,11.2137214949889
"2024-03-31 15:40:14.0000",12.83,54.45,0.845628142356873,3.66776431769343,11.2922564420685
"2024-03-31 16:10:10.0000",12.46,55.41,1.05888962745667,3.91090862306106,12.6701686276987
"2024-03-31 16:40:03.0000",12.34,55.74,0.786941170692444,3.53372354295394,13.2953716785837
"2024-03-31 17:10:00.0000",12.01,56.41,0.987664461135864,3.82287904312813,12.5076682192445
"2024-03-31 17:39:51.0000",10.61,58.03,0.875395476818085,3.57361760866678,11.5928147370834
"2024-03-31 18:09:49.0000",10.17,59.58,1.64730775356293,4.08540305568482,12.3004373299658
"2024-03-31 18:39:41.0000",9.46,61.35,2.64432740211487,4.79215128310161,14.2369559533955
"2024-03-31 19:09:38.0000",9.08,63.09,4.52922677993774,6.14352044259449,12.9520330712276
"2024-03-31 19:39:35.0000",8.83,63.72,3.3789336681366,5.02248533726506,11.4820462429553
"2024-03-31 20:09:32.0000",8.53,64.95,2.25314974784851,4.37143927995856,11.7022260850492
"2024-03-31 20:39:24.0000",8.08,65.96,2.96412372589111,4.9234110852478,13.9493114884421
"2024-03-31 21:09:21.0000",7.69,67.24,3.19740128517151,4.82939418498707,11.6628608554371
"2024-03-31 21:39:18.0000",7.49,67.95,4.49264669418335,5.70443187939306,13.4328869775129
"2024-03-31 22:09:15.0000",7.42,68.35,4.38800287246704,5.7347934885175,11.5855831207241
"2024-03-31 22:39:12.0000",7.42,68.82,3.6439106464386,5.10284704854312,11.0237158253286
"2024-03-31 23:09:10.0000",7.35,69.53,4.62435913085938,5.90987168042523,11.5457528158785
"2024-03-31 23:39:07.0000",7.32,70.17,3.08102560043335,4.64195230521904,11.0680475864178

