"Date & Time",Temperature,Humidity,PM1.0,PM2.5,PM10
"2024-04-01 00:05:34.0000",7.01,80.87,1.28499817848206,3.11639976501465,9.30402851104736
"2024-04-01 00:35:31.0000",6.97,80.44,1.87998652458191,3.23522806167603,6.67622995376587
"2024-04-01 01:05:29.0000",7.08,80.24,67.6310272216797,69.3787307739258,71.8611907958984
"2024-04-01 01:35:20.0000",7.13,80.49,67.3634414672852,68.8674392700195,71.3394165039062
"2024-04-01 02:05:17.0000",7.17,80.74,67.2141876220703,68.3573760986328,70.2165374755859
"2024-04-01 02:35:15.0000",6.81,81.15,0.259775876998901,0.518604815006256,2.42573761940002
"2024-04-01 03:05:07.0000",6.79,83.21,0.223021954298019,0.727740526199341,2.72896528244019
"2024-04-01 03:35:04.0000",6.75,83.55,0.301468789577484,1.04507577419281,3.10961604118347
"2024-04-01 04:05:01.0000",6.48,84.97,0.397256344556808,1.23635816574097,3.99550795555115
"2024-04-01 04:34:58.0000",6.66,84.86,0.542675077915192,1.11516714096069,3.94187808036804
"2024-04-01 05:04:55.0000",6.51,84.84,0.81196403503418,1.90628623962402,4.69075345993042
"2024-04-01 05:34:47.0000",5.96,87.33,1.30117619037628,3.25458264350891,7.44376993179321
"2024-04-01 06:04:44.0000",5.82,89.91,1.55595791339874,2.85422492027283,9.28444766998291
"2024-04-01 06:34:36.0000",5.75,92.32,1.03673243522644,2.58316159248352,5.94014549255371
"2024-04-01 07:04:33.0000",5.73,93.61,0.55821168422699,1.26527535915375,3.28618240356445
"2024-04-01 07:34:25.0000",5.72,95.47,0.762103378772736,1.40175414085388,3.58042073249817
"2024-04-01 08:04:22.0000",5.85,95.98,0.340145647525787,1.23751747608185,3.7083957195282
"2024-04-01 08:34:14.0000",5.86,96.82,0.55636328458786,2.23006725311279,7.52082252502441
"2024-04-01 09:04:11.0000",6.07,97.43,0.438722997903824,0.940053343772888,2.83923768997192
"2024-04-01 09:34:08.0000",6.29,97.7,0.517511665821075,1.19796681404114,4.6766357421875
"2024-04-01 10:04:06.0000",6.7,97.96,0.344191491603851,1.1625794172287,3.29741406440735
"2024-04-01 10:33:58.0000",6.6,98.56,0.352242529392242,1.30806314945221,5.33908748626709
"2024-04-01 11:03:56.0000",6.9,99.31,8.37576198577881,9.25988388061523,12.5177135467529
"2024-04-01 11:33:53.0000",7.29,97.52,0.404460877180099,1.48974049091339,5.56297636032104
"2024-04-01 12:03:49.0000",7.52,96.76,0.522786557674408,1.23866391181946,3.63669013977051
"2024-04-01 12:33:46.0000",7.44,96.93,0.534318506717682,1.9115526676178,6.86803579330444
"2024-04-01 13:03:38.0000",7.47,97.51,1.35215771198273,2.65464162826538,6.90724849700928
"2024-04-01 13:33:35.0000",7.53,97.92,1.87373673915863,3.88319563865662,9.8137731552124
"2024-04-01 14:03:32.0000",7.71,98.73,2.43334364891052,4.16379451751709,8.52786445617676
"2024-04-01 14:33:24.0000",8.03,97.85,2.22503447532654,3.05472803115845,6.11605882644653
"2024-04-01 15:03:22.0000",8.25,98.26,4.26816415786743,7.0292820930481,16.4739379882812
"2024-04-01 15:33:19.0000",8.96,98.15,2.50226330757141,3.8943657875061,8.34205436706543
"2024-04-01 16:03:16.0000",9.06,98.05,1.31275641918182,1.90280032157898,4.14421129226685
"2024-04-01 16:33:08.0000",9,97.89,1.73146033287048,2.73604154586792,5.27862930297852
"2024-04-01 17:03:05.0000",8.83,98.12,-1.40986488597765e31,-1.40986488597765e31,-1.40986488597765e31
"2024-04-01 17:33:03.0000",8.62,98.19,0.968741476535797,1.9589991569519,6.3253231048584
"2024-04-01 18:03:00.0000",8.6,98.24,1.60386168956757,2.35288190841675,4.22643089294434
"2024-04-01 18:32:56.0000",8.21,97.4,0.692146956920624,2.2425320148468,8.80970096588135
"2024-04-01 19:02:48.0000",7.69,97.33,0.472081482410431,0.884785056114197,2.83501958847046
"2024-04-01 19:32:45.0000",7.05,96.86,0.254227608442307,0.578538060188293,2.40012907981873
"2024-04-01 20:02:37.0000",6.74,96.9,-1.40986488597765e31,-1.40986488597765e31,-1.40986488597765e31
"2024-04-01 20:32:34.0000",6.64,96.87,1.54119598865509,2.43455481529236,5.87262201309204
"2024-04-01 21:02:27.0000",6.28,96.41,15.2630567550659,16.8609237670898,19.0948791503906
"2024-04-01 21:32:24.0000",6.52,96.79,1.06356632709503,2.00467467308044,4.17875146865845
"2024-04-01 22:02:21.0000",6.33,96.25,11.2367086410522,12.3467597961426,17.2307987213135
"2024-04-01 22:32:13.0000",6.24,96.2,1.95346915721893,3.09001851081848,9.8397388458252
"2024-04-01 23:02:10.0000",5.07,95.26,-1.40986488597765e31,-1.40986488597765e31,-1.40986488597765e31
"2024-04-01 23:32:02.0000",4.38,96.85,13.5696268081665,16.3514041900635,21.10276222229
"2024-04-02 00:01:59.0000",4.29,95.76,5.92935276031494,8.55529403686523,14.3668727874756
"2024-04-02 00:31:51.0000",3.51,96.08,7.06471157073975,9.98886299133301,17.7495250701904
"2024-04-02 01:01:43.0000",3.28,96.58,15.2811450958252,18.8531951904297,21.8342247009277
"2024-04-02 01:31:40.0000",3.06,96.5,8.6386137008667,11.6498432159424,14.3771877288818
"2024-04-02 02:01:38.0000",3.02,96.53,9.56853675842285,12.7404346466064,20.6221961975098
"2024-04-02 02:31:34.0000",3.33,96.93,8.3388032913208,11.1564865112305,20.982738494873
"2024-04-02 03:01:31.0000",3.65,96.49,-1.40986488597765e31,-1.40986488597765e31,-1.40986488597765e31
"2024-04-02 03:31:28.0000",4.04,96.85,16.1190509796143,21.1813812255859,24.2328681945801
"2024-04-02 04:01:27.0000",5.06,96.43,26.8784599304199,44.7237815856934,60.4264793395996
"2024-04-02 04:31:23.0000",5.43,96.62,18.1165504455566,26.3670787811279,34.6147613525391
"2024-04-02 05:01:20.0000",4.67,96.62,24.9507598876953,37.2856979370117,42.4689331054688
"2024-04-02 05:31:12.0000",4.49,97.97,26.9039649963379,40.7317848205566,44.9043807983398
"2024-04-02 06:01:09.0000",5.08,98.06,32.5015754699707,59.1912574768066,79.7301330566406
"2024-04-02 06:31:06.0000",5.85,97.58,14.891960144043,26.7711162567139,43.1957664489746
"2024-04-02 07:01:08.0000",6.25,96.25,7.35791397094727,11.0244722366333,19.9250602722168
"2024-04-02 07:31:06.0000",7.9,95.41,4.5806360244751,6.45323801040649,9.1336088180542
"2024-04-02 08:00:57.0000",7.96,96.26,3.56542944908142,5.51765441894531,9.00067806243896
"2024-04-02 08:30:55.0000",8.3,96.68,-1.40986488597765e31,-1.40986488597765e31,-1.40986488597765e31
"2024-04-02 09:00:57.0000",12.15,92.19,1.93446385860443,5.16679286956787,16.4205188751221
"2024-04-02 09:30:59.0000",16.91,78.9,-1.40986488597765e31,-1.40986488597765e31,-1.40986488597765e31
"2024-04-02 10:00:56.0000",16.14,80.3,-1.40986488597765e31,-1.40986488597765e31,-1.40986488597765e31
"2024-04-02 10:30:54.0000",15.71,80.41,0.632526397705078,2.78823590278625,15.4757232666016
"2024-04-02 11:00:45.0000",12.64,89.5,0.759852528572083,2.72132682800293,11.5208597183228
"2024-04-02 11:30:43.0000",12.62,90.33,0.493228644132614,1.01642799377441,5.59366416931152
"2024-04-02 12:00:35.0000",12.94,93.27,0.412557303905487,1.54349219799042,15.2293710708618
"2024-04-02 12:30:42.0000",16.26,86.88,0.292277842760086,1.49595212936401,17.8016490936279
"2024-04-02 13:00:39.0000",16.52,83.67,0.308770924806595,1.03014445304871,8.49198722839355
"2024-04-02 13:30:31.0000",15.06,82,1.24007081985474,3.1241295337677,9.73013210296631
"2024-04-02 14:00:24.0000",13.95,80.07,0.25602999329567,0.861824810504913,2.9087450504303
"2024-04-02 14:30:20.0000",13,79.14,0.587112069129944,1.57201147079468,3.97769379615784
"2024-04-02 15:00:12.0000",13.64,77.5,0.667738854885101,2.57665920257568,8.34130096435547
"2024-04-02 15:30:09.0000",13.73,75.85,0.941491186618805,2.60243558883667,6.50528049468994
"2024-04-02 16:00:06.0000",13.53,75.63,0.248016878962517,0.995365917682648,9.07047367095947
"2024-04-02 16:30:04.0000",13.23,75.44,0.370529592037201,1.47871065139771,8.28518867492676
"2024-04-02 16:59:55.0000",12.62,74.74,0.553342998027802,2.52876591682434,13.5576877593994
"2024-04-02 17:59:52.0000",11.57,74.48,0.743388116359711,2.34671497344971,5.36323022842407
"2024-04-02 18:29:42.0000",10.7,75.65,0.946683704853058,3.49412250518799,7.8124041557312
"2024-04-02 18:59:39.0000",10,76.47,0.779389917850494,2.62723255157471,9.29531097412109
"2024-04-02 19:29:36.0000",9.83,77.79,1.18752408027649,4.0031476020813,9.16906547546387
"2024-04-02 19:59:29.0000",9.8,77.86,1.04823160171509,3.91204071044922,10.1783885955811
"2024-04-02 20:29:25.0000",9.08,79.2,0.831419765949249,2.76378464698792,5.68733501434326
"2024-04-02 20:59:17.0000",8.45,80.99,1.19410300254822,5.24059295654297,13.4354257583618
"2024-04-02 21:29:14.0000",8.13,82.52,1.01455879211426,4.14826679229736,8.32134914398193
"2024-04-02 21:59:07.0000",7.95,84.98,1.35331988334656,3.72437787055969,7.0163106918335
"2024-04-02 22:29:03.0000",7.86,88.29,1.57216358184814,3.64674353599548,6.45054149627686
"2024-04-02 22:59:00.0000",7.86,89.8,1.10231161117554,3.22443866729736,6.51855516433716
"2024-04-02 23:28:52.0000",7.97,91.49,0.616281867027283,1.95836353302002,5.42870140075684
"2024-04-02 23:58:50.0000",7.73,89.68,0.919423758983612,2.62896013259888,5.88796520233154
"2024-04-03 00:28:47.0000",7.28,93.44,1.16092646121979,2.66208004951477,7.77311754226685
"2024-04-03 00:58:39.0000",7.21,95.57,49.5956115722656,51.7168388366699,55.1320152282715
"2024-04-03 01:28:36.0000",7.18,96.91,16.1515331268311,18.1382427215576,22.2068786621094
"2024-04-03 01:58:34.0000",7.22,97.9,16.5684089660645,18.4457035064697,22.0675029754639
"2024-04-03 02:28:25.0000",7.28,98.09,-1.40986488597765e31,-1.40986488597765e31,-1.40986488597765e31
"2024-04-03 02:58:22.0000",7.35,98.82,4.60753393173218,6.42432594299316,10.6506013870239
"2024-04-03 03:28:19.0000",7.58,98.76,8.02267265319824,11.0489063262939,14.0729665756226
"2024-04-03 03:58:16.0000",7.65,98.82,11.7688159942627,17.563138961792,20.5268955230713
"2024-04-03 04:28:08.0000",7.78,99.33,16.9487419128418,24.9209690093994,30.7760581970215
"2024-04-03 04:58:05.0000",8.07,99.48,22.2196502685547,36.2490921020508,42.9024467468262
"2024-04-03 05:28:02.0000",8.46,99.44,15.3354244232178,25.0787258148193,36.2880210876465
"2024-04-03 05:58:00.0000",8.89,99.58,8.20685768127441,14.9066867828369,24.4067058563232
"2024-04-03 06:27:52.0000",9.16,100.07,2.82000112533569,8.50843334197998,19.2882995605469
"2024-04-03 06:57:50.0000",9.47,100.47,2.63511276245117,9.06304740905762,20.7631149291992
"2024-04-03 07:27:46.0000",9.85,99.85,2.55998039245605,9.7454719543457,18.4639015197754
"2024-04-03 07:57:43.0000",10.1,99.77,2.09891796112061,8.64790725708008,21.4853343963623
"2024-04-03 08:27:40.0000",10.47,99.25,1.68455481529236,7.07957649230957,12.781195640564
"2024-04-03 08:57:32.0000",10.14,100.37,1.29624974727631,6.22584772109985,13.6908845901489
"2024-04-03 09:27:30.0000",10.23,100.95,1.23352980613708,4.87605094909668,11.0970792770386
"2024-04-03 09:57:26.0000",10.18,101.02,0.794798374176025,2.84016966819763,5.80490779876709
"2024-04-03 10:27:18.0000",10.4,100.34,-1.40986488597765e31,-1.40986488597765e31,-1.40986488597765e31
"2024-04-03 10:57:16.0000",11.78,100.01,0.603115439414978,2.36694240570068,5.69178533554077
"2024-04-03 11:27:18.0000",12.04,97.67,0.390089958906174,1.71856701374054,6.1699481010437
"2024-04-03 11:57:10.0000",12.3,99.27,0.765431582927704,2.53194952011108,5.21500682830811
"2024-04-03 12:27:07.0000",11.38,100.78,0.145361036062241,0.444869548082352,2.35910582542419
"2024-04-03 12:56:59.0000",10.05,97.7,0.804816126823425,3.54897904396057,9.86553955078125
"2024-04-03 13:26:51.0000",9.52,100.13,-1.40986488597765e31,-1.40986488597765e31,-1.40986488597765e31
"2024-04-03 13:56:48.0000",10.26,99.96,0.71934986114502,3.21884346008301,8.38796138763428
"2024-04-03 14:26:46.0000",10.37,92.5,0.502732694149017,2.18231511116028,11.9972972869873
"2024-04-03 14:56:44.0000",9.96,85.1,0.969965100288391,5.12055635452271,15.8700323104858
"2024-04-03 15:26:39.0000",10.1,84.97,0.735085248947144,3.79680895805359,12.2927093505859
"2024-04-03 15:56:31.0000",10.09,82.09,0.581971049308777,2.65002751350403,9.29788970947266
"2024-04-03 16:26:28.0000",9.66,80.8,1.0342892408371,4.16283226013184,17.4786472320557
"2024-04-03 16:56:20.0000",9.13,83.89,1.10151791572571,3.97742795944214,8.86151218414307
"2024-04-03 17:26:23.0000",9.13,83.7,0.737586379051208,2.77240943908691,11.8047370910645
"2024-04-03 17:56:15.0000",8.95,83.39,1.93439447879791,7.48055410385132,28.3483257293701
"2024-04-03 18:26:12.0000",8.42,84.65,0.977651178836823,4.24668550491333,16.9353713989258
"2024-04-03 18:56:09.0000",7.92,86.11,1.24015939235687,4.94441270828247,17.8144493103027
"2024-04-03 19:26:01.0000",7.87,86.73,1.40278220176697,5.65139579772949,14.3012046813965
"2024-04-03 19:55:59.0000",7.91,86.61,1.42935252189636,4.85887622833252,25.8663902282715
"2024-04-03 20:25:50.0000",7.46,86.78,1.0776115655899,2.497891664505,16.1453800201416
"2024-04-03 20:55:47.0000",7.76,87.27,1.53785669803619,3.46213293075562,8.56341934204102
"2024-04-03 21:25:44.0000",7.68,86.98,1.3734849691391,3.25298571586609,10.2738456726074
"2024-04-03 21:55:36.0000",7.72,87.26,48.0787010192871,50.1217575073242,59.932933807373
"2024-04-03 22:25:33.0000",7.55,87.18,67.7660980224609,70.3617324829102,75.4101486206055
"2024-04-03 22:55:25.0000",7.39,87.52,0.764069557189941,2.45851278305054,4.87326288223267
"2024-04-03 23:25:22.0000",7.36,87.44,0.667810320854187,2.07840704917908,5.29429626464844
"2024-04-03 23:55:20.0000",7.49,87.57,0.540122747421265,2.24569535255432,14.6240243911743
"2024-04-04 00:25:12.0000",7.43,87.54,21.4822082519531,23.5204410552979,28.83642578125
"2024-04-04 00:55:08.0000",6.95,88.06,41.7109298706055,43.6705017089844,46.9402961730957
"2024-04-04 01:25:06.0000",6.8,88.54,1.30848681926727,3.00806021690369,6.18972063064575
"2024-04-04 01:54:58.0000",6.93,89.1,16.1301403045654,18.9923496246338,25.8182849884033
"2024-04-04 02:24:55.0000",6.93,89.09,1.42253267765045,4.28672409057617,11.9331378936768
"2024-04-04 02:54:53.0000",6.72,89.44,-1.40986488597765e31,-1.40986488597765e31,-1.40986488597765e31
"2024-04-04 03:24:49.0000",6.53,89.8,1.69281136989594,4.49414920806885,8.78628730773926
"2024-04-04 03:54:41.0000",6.31,90.26,1.72147119045258,4.96759414672852,9.29043483734131
"2024-04-04 04:24:38.0000",6.09,91.01,-1.40986488597765e31,-1.40986488597765e31,-1.40986488597765e31
"2024-04-04 04:54:36.0000",6.05,91.58,3.49474596977234,6.87589693069458,12.1383438110352
"2024-04-04 05:24:27.0000",6.06,92.57,6.0036187171936,9.63525676727295,20.3079509735107
"2024-04-04 05:54:24.0000",6.04,93.23,2.61220240592957,4.83951044082642,7.61798238754272
"2024-04-04 06:24:17.0000",6.16,93.7,0.875449120998383,2.67583656311035,6.58372449874878
"2024-04-04 06:54:14.0000",6.43,94.12,-1.40986488597765e31,-1.40986488597765e31,-1.40986488597765e31
"2024-04-04 07:24:11.0000",6.92,94.13,7.05731248855591,8.56608772277832,12.8108158111572
"2024-04-04 07:54:08.0000",7.54,94.32,-1.40986488597765e31,-1.40986488597765e31,-1.40986488597765e31
"2024-04-04 08:24:05.0000",8.68,93.94,1.12649655342102,2.44784736633301,5.0348105430603
"2024-04-04 08:54:09.0000",11.33,90.53,-1.40986488597765e31,-1.40986488597765e31,-1.40986488597765e31
"2024-04-04 09:24:04.0000",12.22,89.2,-1.40986488597765e31,-1.40986488597765e31,-1.40986488597765e31
"2024-04-04 09:53:57.0000",11.75,90.57,0.855978310108185,4.90082597732544,26.3607425689697
"2024-04-04 10:23:54.0000",13.42,88.75,0.519265532493591,1.79030048847198,6.47704458236694
"2024-04-04 10:53:56.0000",15.68,83.18,0.617627501487732,2.68665623664856,13.4932594299316
"2024-04-04 11:23:53.0000",18.55,82.15,0.596457123756409,2.87129139900208,14.889235496521
"2024-04-04 11:53:45.0000",13.94,82.16,0.453178286552429,1.18975329399109,8.27442264556885
"2024-04-04 12:23:37.0000",13.03,81.52,0.357129663228989,1.22154211997986,10.9095096588135
"2024-04-04 12:53:35.0000",14.6,79.36,1.15386509895325,2.42176127433777,18.3007907867432
"2024-04-04 13:23:31.0000",14.65,75.39,0.467345207929611,1.04784071445465,3.1102933883667
"2024-04-04 13:53:28.0000",14.31,75.23,0.358634263277054,1.47445607185364,4.10558414459229
"2024-04-04 14:23:25.0000",14.49,73.74,0.36530402302742,1.60463225841522,10.6412916183472
"2024-04-04 14:53:17.0000",14.54,73.05,0.274031221866608,0.654644429683685,2.60452914237976
"2024-04-04 15:23:15.0000",13.96,72.56,0.289569169282913,0.791480004787445,2.75888395309448
"2024-04-04 15:53:06.0000",13.43,72.88,0.410448789596558,1.44700837135315,6.97534990310669
"2024-04-04 16:23:04.0000",13.2,73.82,0.443961411714554,1.47428894042969,10.7262086868286
"2024-04-04 16:52:56.0000",11.71,75.44,1.02497279644012,4.55063247680664,19.3666458129883
"2024-04-04 17:22:48.0000",11.03,77.95,15.8758220672607,20.5658950805664,31.656364440918
"2024-04-04 17:52:41.0000",10.56,79.36,1.8040189743042,7.98659086227417,18.8515014648438
"2024-04-04 18:22:37.0000",10.35,80.34,1.47294366359711,6.83339071273804,17.9567222595215
"2024-04-04 18:52:29.0000",10.01,81.75,1.4614953994751,6.48424911499023,15.0390577316284
"2024-04-04 19:22:26.0000",9.92,83.24,0.990594565868378,3.83584856987,9.19566822052002
"2024-04-04 19:52:18.0000",9.82,84.27,0.896514117717743,4.09586715698242,17.0193119049072
"2024-04-04 20:22:15.0000",9.67,86.61,1.44863855838776,6.74100971221924,17.9586868286133
"2024-04-04 20:52:08.0000",10,87.57,1.96749234199524,7.93406057357788,19.3012428283691
"2024-04-04 21:22:04.0000",9.76,87.99,2.6989164352417,12.2057952880859,23.9962902069092
"2024-04-04 21:52:01.0000",9.86,88.26,2.71187353134155,12.191593170166,21.290132522583
"2024-04-04 22:21:53.0000",9.92,88.74,2.93656349182129,11.9031858444214,20.6989917755127
"2024-04-04 22:51:50.0000",9.87,88.79,3.2245876789093,13.7803287506104,27.3838710784912
"2024-04-04 23:21:48.0000",9.72,90.01,11.024847984314,22.0702648162842,32.0842361450195
"2024-04-04 23:51:44.0000",9.98,90.32,2.90047788619995,11.411021232605,20.8421306610107
"2024-04-05 00:21:36.0000",10.31,90.91,2.27742147445679,7.427321434021,13.5847043991089
"2024-04-05 00:51:34.0000",10.39,91.5,2.19205403327942,7.32904386520386,12.5749664306641
"2024-04-05 01:21:31.0000",10.59,92.29,1.35075843334198,5.26580047607422,16.3668880462646
"2024-04-05 01:51:29.0000",10.69,92.42,0.659192025661469,2.08125782012939,5.0731463432312
"2024-04-05 02:21:25.0000",10.86,93.02,0.655401468276978,1.88918387889862,4.05957555770874
"2024-04-05 02:51:22.0000",10.63,92.83,0.734819233417511,2.31354999542236,4.48374366760254
"2024-04-05 03:21:14.0000",10.63,92.98,0.656004965305328,2.00570964813232,4.12558698654175
"2024-04-05 03:51:11.0000",10.51,93.01,0.729124665260315,2.62568426132202,5.70682334899902
"2024-04-05 04:21:03.0000",10.37,92.82,0.876087427139282,2.95205092430115,9.31725311279297
"2024-04-05 04:51:00.0000",10.41,93.06,1.17363715171814,4.04803466796875,7.23258113861084
"2024-04-05 05:20:57.0000",10.35,92.69,0.882756948471069,3.02679467201233,6.0335373878479
"2024-04-05 05:50:49.0000",10.29,92.86,-1.40986488597765e31,-1.40986488597765e31,-1.40986488597765e31
"2024-04-05 06:20:46.0000",10.25,92.98,1.06923055648804,4.40811204910278,9.73426723480225
"2024-04-05 06:50:40.0000",10.51,93.13,-1.40986488597765e31,-1.40986488597765e31,-1.40986488597765e31
"2024-04-05 07:20:41.0000",13.6,87.19,1.46523928642273,5.41252088546753,10.274115562439
"2024-04-05 07:50:33.0000",11.96,90.69,1.67723476886749,6.20975399017334,12.099383354187
"2024-04-05 08:20:35.0000",13.71,91.65,2.29385280609131,8.20423030853271,18.9074764251709
"2024-04-05 08:50:32.0000",12.9,88.89,2.46220564842224,8.6615047454834,15.7243318557739
"2024-04-05 09:20:29.0000",16.49,84.2,3.64146518707275,14.3893346786499,35.4913444519043
"2024-04-05 09:50:28.0000",15.24,80.73,2.94473719596863,11.8850955963135,25.772575378418
"2024-04-05 10:20:18.0000",14.12,81.62,2.27265739440918,9.14781856536865,26.5531196594238
"2024-04-05 10:50:15.0000",14.44,80.6,1.76419854164124,8.61822509765625,25.653600692749
"2024-04-05 11:20:19.0000",18.94,74.78,2.05198693275452,7.39274168014526,16.2072143554688
"2024-04-05 11:50:10.0000",17.47,73.37,1.82546722888947,6.51400756835938,31.1731719970703
"2024-04-05 12:20:02.0000",15.01,75.16,2.28913140296936,8.18754100799561,19.1007175445557
"2024-04-05 12:49:59.0000",15.8,77.07,2.17589807510376,8.37154388427734,14.6842308044434
"2024-04-05 13:19:56.0000",16.34,73.58,3.26199817657471,11.8763475418091,26.2847690582275
"2024-04-05 13:49:48.0000",15.39,71.75,3.67780804634094,13.7745914459229,29.1639747619629
"2024-04-05 14:19:46.0000",14.9,75.81,3.1308867931366,12.0541849136353,22.097692489624
"2024-04-05 14:49:43.0000",14.88,73.86,9.66767120361328,26.910961151123,36.2217254638672
"2024-04-05 15:19:34.0000",14.97,75.44,3.5423800945282,13.7491865158081,37.114933013916
"2024-04-05 15:49:32.0000",15.47,73.09,3.80012536048889,14.6148519515991,27.5591812133789
"2024-04-05 16:19:29.0000",15.86,71.14,3.9648129940033,14.310962677002,33.685375213623
"2024-04-05 16:49:21.0000",15.34,69.16,3.58455157279968,14.348560333252,37.6006965637207
"2024-04-05 17:19:18.0000",14.68,69,4.10360860824585,16.804615020752,36.7853355407715
"2024-04-05 17:49:10.0000",14.28,69.88,4.3342490196228,16.9727363586426,30.8363285064697
"2024-04-05 18:19:07.0000",13.69,70.32,4.18732500076294,16.4413585662842,33.6975402832031
"2024-04-05 18:48:59.0000",13.42,70.92,4.58730411529541,18.4607486724854,35.2857322692871
"2024-04-05 19:18:56.0000",13.16,71.65,3.89907360076904,16.4772968292236,29.591552734375
"2024-04-05 19:48:53.0000",13.01,72.12,4.15557241439819,16.5435676574707,32.7678565979004
"2024-04-05 20:18:45.0000",11.84,73.82,4.31245803833008,17.319974899292,33.5040321350098
"2024-04-05 20:48:42.0000",11.98,74.73,4.18012142181396,16.8815593719482,28.9609031677246
"2024-04-05 21:18:39.0000",12.04,75.63,3.94754552841187,15.2503967285156,30.4576473236084
"2024-04-05 21:48:32.0000",12.04,76.64,3.54720377922058,13.5112237930298,25.1748199462891
"2024-04-05 22:18:28.0000",11.8,77.31,3.73625993728638,14.2856597900391,24.4483661651611
"2024-04-05 22:48:25.0000",11.66,78.95,14.2085371017456,24.3628578186035,36.5154571533203
"2024-04-05 23:18:18.0000",11.82,79.38,2.44803714752197,9.9257869720459,17.4778995513916
"2024-04-05 23:48:15.0000",11.01,81.79,2.26747226715088,9.2875452041626,15.7965631484985
"2024-04-06 00:18:12.0000",10.82,84.3,2.1264317035675,8.63925933837891,16.9987564086914
"2024-04-06 00:48:04.0000",10.97,85.34,2.17083668708801,8.58037662506104,13.9803276062012
"2024-04-06 01:18:01.0000",11.07,86.44,1.65969812870026,6.87374114990234,18.0012340545654
"2024-04-06 01:47:58.0000",11.26,87.54,1.30038166046143,5.01162767410278,9.79570865631104
"2024-04-06 02:17:56.0000",11.4,88.89,1.31483030319214,5.504638671875,11.9508113861084
"2024-04-06 02:47:47.0000",11.65,89.1,2.0006628036499,7.2995548248291,12.5976963043213
"2024-04-06 03:17:44.0000",11.79,89.13,1.72010624408722,7.65244245529175,13.1853427886963
"2024-04-06 03:47:43.0000",12.01,89.29,1.91640663146973,7.53460836410522,18.4583568572998
"2024-04-06 04:17:38.0000",12.16,89.74,1.69087171554565,6.19485855102539,10.2758712768555
"2024-04-06 04:47:35.0000",12.04,89.95,1.59796380996704,6.39194536209106,12.2971420288086
"2024-04-06 05:17:28.0000",12.21,89.24,1.50291049480438,5.68915987014771,10.3436822891235
"2024-04-06 05:47:25.0000",12.29,88.34,1.4027156829834,4.94332265853882,13.6631412506104
"2024-04-06 06:17:22.0000",12.3,87.98,1.25366711616516,4.52906799316406,10.6958465576172
"2024-04-06 06:47:19.0000",14.11,85.93,1.00498342514038,3.69826459884644,8.64732646942139
"2024-04-06 07:17:16.0000",15.26,81.44,1.03616809844971,3.97220611572266,9.52854633331299
"2024-04-06 07:47:08.0000",14.48,80.92,0.966724514961243,3.45403099060059,10.0824537277222
"2024-04-06 08:17:05.0000",14.29,81.28,1.38089311122894,5.46035385131836,15.4317035675049
"2024-04-06 08:47:02.0000",14.69,79.69,1.54722881317139,5.57638072967529,13.0237655639648
"2024-04-06 09:16:59.0000",15.22,77.94,1.7935574054718,6.68403720855713,12.3153486251831
"2024-04-06 09:46:56.0000",15.61,78.03,1.7961608171463,7.01631259918213,17.6300220489502
"2024-04-06 10:16:54.0000",16.37,76.39,1.72384822368622,6.12922954559326,18.3704357147217
"2024-04-06 10:46:46.0000",15.95,77.1,1.99348092079163,7.12137508392334,14.4771747589111
"2024-04-06 11:16:43.0000",16.53,75.11,1.42096304893494,4.86292409896851,11.5864610671997
"2024-04-06 11:46:46.0000",18.51,64.79,1.76375484466553,6.51409578323364,17.2060565948486
"2024-04-06 12:16:37.0000",18.26,63.99,1.72095513343811,6.13995695114136,15.2109136581421
"2024-04-06 12:46:29.0000",17.47,61.55,2.22791028022766,8.08244228363037,13.2765769958496
"2024-04-06 13:16:26.0000",17.96,58.98,2.19158482551575,6.71976757049561,12.7231884002686
"2024-04-06 13:46:28.0000",17.58,57.34,1.90789937973022,6.16035175323486,15.997142791748
"2024-04-06 14:16:15.0000",17.09,57.87,2.35155630111694,7.69201803207397,13.7634477615356
"2024-04-06 14:46:12.0000",17.25,58.04,2.10913872718811,8.11928653717041,13.8879852294922
"2024-04-06 15:16:04.0000",17.26,55.7,2.25863814353943,7.31340217590332,14.3975067138672
"2024-04-06 15:46:02.0000",16.94,54.76,2.558678150177,8.44219017028809,19.3387107849121
"2024-04-06 16:15:59.0000",16.98,54.74,2.63406848907471,8.1072998046875,11.9362659454346
"2024-04-06 16:45:51.0000",15.45,57.13,2.16899418830872,8.8044261932373,17.9854145050049
"2024-04-06 17:15:48.0000",14.41,60.59,2.27016162872314,8.34680652618408,17.1213760375977
"2024-04-06 17:45:35.0000",12.43,64.23,1.83552992343903,6.91566467285156,15.1981582641602
"2024-04-06 18:15:32.0000",11.29,66.96,2.03764820098877,8.47294807434082,21.8217353820801
"2024-04-06 18:45:24.0000",10.29,71.56,2.80188989639282,12.1679000854492,38.492130279541
"2024-04-06 19:15:22.0000",9.89,73.67,2.05182909965515,8.96889400482178,17.8133411407471
"2024-04-06 19:45:13.0000",9.25,78.3,0.889898777008057,3.20441031455994,28.2511367797852
"2024-04-06 20:15:10.0000",8.57,81.11,0.385251194238663,1.14269137382507,5.71751117706299
"2024-04-06 20:45:07.0000",8.36,82.98,0.297413885593414,1.00111436843872,2.95046997070312
"2024-04-06 21:14:59.0000",8.14,84.11,0.238926008343697,0.845674157142639,2.72876691818237
"2024-04-06 21:44:57.0000",7.96,85.43,0.261438935995102,0.913996815681458,4.80934524536133
"2024-04-06 22:14:53.0000",7.66,86.41,0.301369667053223,1.61881172657013,4.7965521812439
"2024-04-06 22:44:45.0000",7.92,86.87,0.952947020530701,4.56120109558105,9.14809703826904
"2024-04-06 23:14:43.0000",8.17,87.19,2.2453248500824,9.11618995666504,17.98681640625
"2024-04-06 23:44:40.0000",8.3,87.61,2.35752129554749,8.98293018341064,19.2916679382324
"2024-04-07 00:14:37.0000",8.7,86.8,1.23296988010406,4.06711387634277,7.51722049713135
"2024-04-07 00:44:29.0000",8.09,86.71,1.25810670852661,3.81897473335266,6.13452434539795
"2024-04-07 01:14:26.0000",8.18,86.15,1.27117514610291,5.36255836486816,13.4950017929077
"2024-04-07 01:44:23.0000",8.11,84.92,1.36837565898895,5.53044652938843,14.7915620803833
"2024-04-07 02:14:15.0000",8.09,83.35,2.01436758041382,7.95251417160034,15.6757774353027
"2024-04-07 02:44:12.0000",7.74,82.88,2.59403014183044,10.9044895172119,31.0032825469971
"2024-04-07 03:14:09.0000",7.98,81.59,2.64952659606934,10.8118410110474,22.0061054229736
"2024-04-07 03:44:06.0000",7.83,80.89,2.67681193351746,10.2188558578491,19.7881984710693
"2024-04-07 04:13:58.0000",7.7,80.55,2.89680576324463,12.2686605453491,26.1770706176758
"2024-04-07 04:44:46.0000",7.61,80.93,3.22043061256409,12.8056554794312,25.1638221740723
"2024-04-07 05:13:52.0000",7,81.8,3.48405003547668,16.4442558288574,33.9621696472168
"2024-04-07 05:43:44.0000",6.62,86.1,3.0570240020752,12.880352973938,24.4315795898438
"2024-04-07 06:13:42.0000",7.26,85.76,0.683175265789032,2.94666075706482,5.63135242462158
"2024-04-07 06:43:39.0000",8.78,84.58,2.55989694595337,4.50693130493164,9.44107151031494
"2024-04-07 07:13:36.0000",9.77,86.24,1.18744659423828,4.18294906616211,8.41611480712891
"2024-04-07 07:43:38.0000",11.08,83.64,1.40809965133667,5.40411853790283,9.16448020935059
"2024-04-07 08:13:30.0000",10.51,86.25,2.63350486755371,8.79245185852051,18.5906066894531
"2024-04-07 08:43:32.0000",15.61,74.53,2.6745274066925,10.2240037918091,23.2151355743408
"2024-04-07 09:13:29.0000",14.29,68.28,2.81343102455139,10.6183261871338,20.7297019958496
"2024-04-07 09:43:32.0000",16.98,64.09,2.72430682182312,10.6340265274048,26.2262401580811
"2024-04-07 10:13:29.0000",16.96,59.07,2.34304761886597,8.23763751983643,16.9409332275391
"2024-04-07 10:43:26.0000",15.78,56.35,2.49203968048096,10.3566083908081,29.7226428985596
"2024-04-07 11:13:23.0000",15.84,56.81,2.64883613586426,10.0560617446899,20.9681262969971
"2024-04-07 11:43:16.0000",14.41,61.43,2.48939418792725,8.5934534072876,19.3787517547607
"2024-04-07 12:13:12.0000",13.89,63.19,2.87901520729065,11.5243186950684,19.3383255004883
"2024-04-07 12:43:04.0000",14.44,63.2,2.39834523200989,7.47594690322876,16.3491287231445
"2024-04-07 13:13:01.0000",14.18,63.39,1.64586865901947,6.39317893981934,14.3591156005859
"2024-04-07 13:42:53.0000",13.28,66.99,1.63254976272583,3.43336081504822,5.64447593688965
"2024-04-07 14:12:51.0000",11.62,71.35,0.831735789775848,3.0003387928009,12.0463390350342
"2024-04-07 14:42:48.0000",13.25,72.65,1.12475717067719,3.50683569908142,6.59276533126831
"2024-04-07 15:12:45.0000",13.89,70.93,2.16109728813171,7.06820917129517,12.854697227478
"2024-04-07 15:42:37.0000",13.89,68.53,2.14831829071045,6.97757434844971,11.240647315979
"2024-04-07 16:12:34.0000",14.38,67.82,2.13373970985413,9.20932197570801,25.0148143768311
"2024-04-07 16:42:32.0000",13.86,66.69,1.81953501701355,6.96281719207764,11.5802564620972
"2024-04-07 17:12:24.0000",13.33,67.71,2.5309374332428,9.08827686309814,17.3734169006348
"2024-04-07 17:42:20.0000",12.8,67.5,2.70530843734741,11.1869678497314,20.784875869751
"2024-04-07 18:12:12.0000",12.21,68.13,2.72245240211487,12.1819887161255,31.5831165313721
"2024-04-07 18:42:04.0000",11.61,69.09,2.74439239501953,9.72147369384766,19.8467960357666
"2024-04-07 19:12:01.0000",11.09,69.95,1.89770066738129,7.55519580841064,20.1124229431152
"2024-04-07 19:41:58.0000",10.62,70.96,2.29206395149231,9.02050971984863,20.9829711914062
"2024-04-07 20:11:50.0000",10.63,70.79,1.24213635921478,4.95119619369507,11.0447912216187
"2024-04-07 20:41:47.0000",10.17,70.75,0.684740722179413,2.49842023849487,8.92925548553467
"2024-04-07 21:11:39.0000",9.63,72.28,1.09159660339355,4.19924211502075,10.5128040313721
"2024-04-07 21:41:36.0000",9.66,72.65,1.41241610050201,6.54271554946899,16.9744415283203
"2024-04-07 22:11:33.0000",9.57,72.42,1.4172637462616,5.89573621749878,11.3558893203735
"2024-04-07 22:41:32.0000",8.97,72.97,1.762739777565,7.36913681030273,16.7917594909668
"2024-04-07 23:11:24.0000",8.37,73.93,1.0041606426239,4.40217924118042,9.75459480285645
"2024-04-07 23:41:20.0000",8.14,75.35,1.07003080844879,4.56353569030762,17.2338752746582
"2024-04-08 00:11:17.0000",7.93,75.13,2.04228949546814,4.95191812515259,10.7354621887207
"2024-04-08 00:41:09.0000",7.3,75.61,1.06694722175598,4.42190790176392,7.84058618545532
"2024-04-08 01:11:01.0000",6.44,75.95,1.24492740631104,5.19893360137939,18.0154514312744
"2024-04-08 01:40:58.0000",5.56,76.67,61.6716766357422,66.4277038574219,75.2582397460938
"2024-04-08 02:10:50.0000",5.69,77.17,43.9435653686523,48.167854309082,53.2971992492676
"2024-04-08 02:40:47.0000",7.55,76.72,3.30513477325439,10.934606552124,26.4388885498047
"2024-04-08 03:10:45.0000",7.95,76.8,40.4046974182129,47.9336891174316,56.0927543640137
"2024-04-08 03:40:41.0000",7.72,77.49,3.687171459198,14.4601306915283,38.6606330871582
"2024-04-08 04:10:39.0000",7.54,78.97,3.64383172988892,16.9403476715088,38.6914863586426
"2024-04-08 04:40:31.0000",7.53,80.84,4.14958906173706,22.5084915161133,63.5228614807129
"2024-04-08 05:10:28.0000",7.85,82.42,4.57274627685547,23.1624755859375,59.4321594238281
"2024-04-08 05:40:20.0000",7.68,84.44,4.26001977920532,19.9383678436279,40.1437034606934
"2024-04-08 06:10:17.0000",7.78,86.04,4.61608600616455,21.0938739776611,48.0465927124023
"2024-04-08 06:40:14.0000",8.25,87.25,2.65945839881897,11.6289739608765,29.5750293731689
"2024-04-08 07:10:11.0000",8.81,88.01,5.59660863876343,12.2290592193604,16.9327068328857
"2024-04-08 07:40:08.0000",9.12,89.05,1.71516668796539,5.75841236114502,9.52389717102051
"2024-04-08 08:10:05.0000",10.01,89.33,3.11150813102722,6.90251636505127,11.2824764251709
"2024-04-08 08:40:02.0000",10.48,90.29,2.41453242301941,11.516284942627,26.2479476928711
"2024-04-08 09:10:00.0000",11.21,91.51,2.31522989273071,8.03763961791992,15.0987367630005
"2024-04-08 09:39:57.0000",12.72,89.55,2.4127254486084,9.73826885223389,19.4551868438721
"2024-04-08 10:09:59.0000",14.7,85.6,2.69907999038696,10.2904863357544,19.3081912994385
"2024-04-08 10:39:56.0000",15.41,83.31,2.67963862419128,10.643027305603,19.1283092498779
"2024-04-08 11:09:48.0000",14.61,81.02,2.62343883514404,10.5165605545044,20.0302181243896
"2024-04-08 11:39:45.0000",14.13,79.8,2.36441159248352,9.46659278869629,16.0699691772461
"2024-04-08 12:09:37.0000",13.81,78,2.29464364051819,9.23386573791504,15.567889213562
"2024-04-08 12:39:35.0000",14.19,77.82,2.58011913299561,10.4831733703613,25.6750164031982
"2024-04-08 13:09:31.0000",13.23,75.86,2.04496312141418,8.33005809783936,16.1012477874756
"2024-04-08 13:39:23.0000",11.97,77.37,2.40932846069336,9.55033683776855,16.4274482727051
"2024-04-08 14:09:21.0000",11.42,79.5,2.44697308540344,9.80971240997314,23.5832653045654
"2024-04-08 14:39:13.0000",11.77,81.03,2.51917409896851,9.99641513824463,19.5688781738281
"2024-04-08 15:09:10.0000",12.46,81.01,2.24408626556396,8.10796070098877,18.2907371520996
"2024-04-08 15:39:07.0000",13.21,78.58,1.73917925357819,6.85489463806152,23.0797252655029
"2024-04-08 16:09:04.0000",13.24,77.11,2.16973733901978,8.45367622375488,18.3726482391357
"2024-04-08 16:39:01.0000",12.94,75.84,1.72402107715607,7.32736349105835,16.4489040374756
"2024-04-08 17:08:53.0000",13.03,75.41,1.97662472724915,6.1145601272583,17.5554237365723
"2024-04-08 17:38:50.0000",13.04,74.55,2.04723000526428,7.29997491836548,15.8918733596802
"2024-04-08 18:08:42.0000",12.79,74.75,1.73374545574188,6.03254652023315,13.7345104217529
"2024-04-08 18:38:39.0000",12.54,74.69,2.42609238624573,8.81899166107178,18.8435802459717
"2024-04-08 19:08:33.0000",12.39,74.4,1.91394186019897,7.80993556976318,17.1387176513672
"2024-04-08 19:38:28.0000",12.18,74.42,1.96396970748901,8.1218843460083,13.2173309326172
"2024-04-08 20:08:25.0000",12.21,74.49,2.07139348983765,7.71439695358276,16.5708847045898
"2024-04-08 20:38:17.0000",11.7,74.83,1.64920675754547,7.0482611656189,21.5726585388184
"2024-04-08 21:08:09.0000",9.87,77.95,3.55915474891663,18.4454345703125,39.4480628967285
"2024-04-08 21:38:01.0000",9.74,82.82,3.11516094207764,13.6164121627808,35.9078254699707
"2024-04-08 22:07:59.0000",9.63,86.3,12.436092376709,22.7297306060791,37.3482437133789
"2024-04-08 22:37:56.0000",9.5,89.22,4.13723421096802,16.1407146453857,30.8628368377686
"2024-04-08 23:07:53.0000",9.57,90.81,4.83601713180542,15.5145797729492,29.8205051422119
"2024-04-08 23:37:51.0000",9.76,91.56,5.89963865280151,16.4446449279785,29.2240409851074
"2024-04-09 00:07:47.0000",10.03,91.44,5.32762289047241,11.9569730758667,18.1507148742676
"2024-04-09 00:37:39.0000",9.81,92.2,1.78551292419434,6.90452098846436,16.0925140380859
"2024-04-09 01:07:36.0000",8.64,92.55,2.37738251686096,9.42309856414795,21.3345394134521
"2024-04-09 01:37:33.0000",8.19,92.9,1.83410930633545,8.23563289642334,25.2259140014648
"2024-04-09 02:07:25.0000",8,93.33,1.80426812171936,7.19149160385132,14.0657949447632
"2024-04-09 02:37:17.0000",7.55,92.81,2.08599424362183,8.30547904968262,19.552619934082
"2024-04-09 03:07:15.0000",6.95,92.73,2.07879734039307,9.02300643920898,23.7047748565674
"2024-04-09 03:37:06.0000",6.59,92.54,1.98547804355621,8.61638927459717,29.182165145874
"2024-04-09 04:06:59.0000",5.89,92.25,2.07798409461975,9.75923633575439,22.7196960449219
"2024-04-09 04:36:56.0000",4.94,91.97,2.25635600090027,9.59357738494873,28.0537338256836
"2024-04-09 05:06:53.0000",5.33,93.08,2.26564812660217,10.1989307403564,34.1192855834961
"2024-04-09 05:36:50.0000",6.02,92.07,2.34309029579163,10.5436315536499,19.5732288360596
"2024-04-09 06:06:47.0000",6.58,94.54,-1.40986488597765e31,-1.40986488597765e31,-1.40986488597765e31
"2024-04-09 06:36:39.0000",6.18,98.94,0.665297627449036,3.24137425422668,7.89880466461182
"2024-04-09 07:06:36.0000",5.96,97.96,1.78195118904114,9.03606605529785,21.0129089355469
"2024-04-09 07:36:33.0000",5.73,97.81,0.69573438167572,0.815773248672485,2.57549476623535
"2024-04-09 08:06:25.0000",5.28,97.94,0.028123002499342,0.0882616266608238,1.84619379043579
"2024-04-09 08:36:22.0000",5.41,98.44,0.132438600063324,0.30130273103714,2.06704592704773
"2024-04-09 09:06:19.0000",5.55,98.94,-1.40986488597765e31,-1.40986488597765e31,-1.40986488597765e31
"2024-04-09 09:36:16.0000",5.73,99.15,0.0110116088762879,0.0588905513286591,1.8164736032486
"2024-04-09 10:06:09.0000",6.33,100.05,0.0681089535355568,0.178006112575531,1.94193732738495
"2024-04-09 10:36:06.0000",6.4,99.89,0.100884273648262,0.207997232675552,1.96744453907013
"2024-04-09 11:06:03.0000",6.45,99.77,0.345670491456985,0.430081397294998,2.18878746032715
"2024-04-09 11:35:55.0000",6.61,100.75,0.102534033358097,0.193951070308685,1.9526561498642
"2024-04-09 12:05:52.0000",7.35,98.83,0.115815252065659,0.279777318239212,2.04968762397766
"2024-04-09 12:35:50.0000",8.09,97.04,0.282874971628189,0.342012882232666,2.09961414337158
"2024-04-09 13:05:47.0000",8.76,97.42,2.91666650772095,10.4005975723267,21.1590442657471
"2024-04-09 13:35:38.0000",9.11,83.02,1.51410984992981,4.80232810974121,17.0847606658936
"2024-04-09 14:05:40.0000",10.66,74.38,0.934397518634796,2.82494902610779,9.34588050842285
"2024-04-09 14:35:32.0000",10.18,69.47,1.23584866523743,4.12961387634277,10.2524700164795
"2024-04-09 15:05:29.0000",9.91,70.09,0.850590765476227,2.63424921035767,10.6568727493286
"2024-04-09 15:35:27.0000",9.67,71.97,1.25477361679077,4.67169809341431,10.1166172027588
"2024-04-09 16:05:19.0000",8.32,83.89,2.50738859176636,10.4646739959717,24.6840648651123
"2024-04-09 16:35:16.0000",9.56,89.2,1.7682204246521,7.30009651184082,13.2670831680298
"2024-04-09 17:05:13.0000",9.98,73.76,2.05756211280823,6.88261413574219,21.6218280792236
"2024-04-09 17:35:10.0000",9.5,71.35,1.20629668235779,5.02161645889282,12.053599357605
"2024-04-09 18:05:02.0000",9.18,68.25,0.807750999927521,2.90999436378479,6.10315942764282
"2024-04-09 18:34:54.0000",8.34,71.72,38.4008636474609,44.0064239501953,58.4621696472168
"2024-04-09 19:04:51.0000",7.79,74.91,1.79502522945404,7.39536333084106,15.184196472168
"2024-04-09 19:34:48.0000",7.51,76.1,2.01194071769714,8.5376672744751,21.2718563079834
"2024-04-09 20:04:42.0000",7.45,76.52,1.80833005905151,8.34168815612793,16.2377300262451
"2024-04-09 20:34:37.0000",7.05,76.36,2.30886030197144,9.86122417449951,26.5507888793945
"2024-04-09 21:04:35.0000",6.71,78.22,2.06213927268982,9.60196495056152,28.103422164917
"2024-04-09 21:34:26.0000",6.5,79.34,2.26163268089294,10.3019924163818,27.0126724243164
"2024-04-09 22:04:24.0000",6.4,80.36,1.97796440124512,11.136025428772,25.0345077514648
"2024-04-09 22:34:21.0000",6.29,81,1.92102646827698,8.25959491729736,27.9558429718018
"2024-04-09 23:04:12.0000",5.84,81.46,1.8165807723999,8.44353199005127,21.1317119598389
"2024-04-09 23:34:11.0000",5.73,82.12,1.74513018131256,8.47984313964844,21.5302696228027
"2024-04-10 00:04:07.0000",5.28,82.03,1.69816529750824,8.06798553466797,21.2166690826416
"2024-04-10 00:33:59.0000",4.2,82.65,1.82002341747284,8.05453681945801,31.4936771392822
"2024-04-10 01:03:56.0000",4.17,83.01,1.28825199604034,5.79124069213867,21.1012229919434
"2024-04-10 01:33:53.0000",4.17,82.85,1.17247307300568,5.49009275436401,13.6251878738403
"2024-04-10 02:03:45.0000",3.46,82.57,8.72333812713623,12.6633634567261,21.3382911682129
"2024-04-10 02:33:42.0000",3.75,82.88,1.02697455883026,4.763427734375,18.3215160369873
"2024-04-10 03:03:34.0000",3.62,83.06,1.11664080619812,5.14046287536621,14.4654941558838
"2024-04-10 03:33:31.0000",3.34,82.95,1.30554211139679,5.20905685424805,23.3687992095947
"2024-04-10 04:03:28.0000",3.48,83.43,1.14218103885651,6.37251758575439,15.8718919754028
"2024-04-10 04:33:26.0000",4.1,83.82,1.16384840011597,4.40438508987427,11.4721536636353
"2024-04-10 05:03:23.0000",4.35,83.81,1.07744789123535,5.28597545623779,12.929835319519
"2024-04-10 05:33:15.0000",4.52,83.93,1.33972692489624,7.1504807472229,24.7233009338379
"2024-04-10 06:03:12.0000",4.65,84.32,1.31802463531494,6.40548276901245,12.7006139755249
"2024-04-10 06:33:09.0000",5.21,84.37,60.0391998291016,63.9357795715332,69.9352798461914
"2024-04-10 07:03:06.0000",6.06,84.12,1.05588710308075,4.81705617904663,10.8833646774292
"2024-04-10 07:32:58.0000",6.52,83.73,1.04597985744476,5.1393780708313,12.7104721069336
"2024-04-10 08:02:55.0000",6.21,83.43,1.39937484264374,6.30281400680542,17.5260982513428
"2024-04-10 08:32:52.0000",5.85,86.58,1.8748927116394,10.0114231109619,22.6775913238525
"2024-04-10 09:02:49.0000",6.34,88.09,2.33225750923157,9.6918249130249,18.2140560150146
"2024-04-10 09:32:47.0000",6.94,88.45,2.18465566635132,9.14229488372803,14.245659828186
"2024-04-10 10:02:39.0000",7.24,88.99,1.97537052631378,8.83075332641602,17.5778846740723
"2024-04-10 10:32:36.0000",7.34,90.15,3.03819108009338,9.77578258514404,23.0061626434326
"2024-04-10 11:02:33.0000",7.9,91.14,2.7852475643158,7.71007251739502,13.1450510025024
"2024-04-10 11:32:30.0000",8.05,91.27,2.01471495628357,8.15896511077881,14.405499458313
"2024-04-10 12:02:27.0000",8.13,92.04,-1.40986488597765e31,-1.40986488597765e31,-1.40986488597765e31
"2024-04-10 12:32:19.0000",8.43,92.49,11.0661859512329,14.872257232666,19.0601558685303
"2024-04-10 13:02:16.0000",9.41,92.1,1.13054370880127,4.82378387451172,10.2118291854858
"2024-04-10 13:32:19.0000",11.05,90.55,0.710415363311768,2.32326340675354,4.9322247505188
"2024-04-10 14:02:10.0000",11.41,90.89,0.275991916656494,0.92829841375351,3.60572695732117
"2024-04-10 14:32:13.0000",13.03,88.83,0.325648218393326,1.10743057727814,4.2382869720459
"2024-04-10 15:02:06.0000",12.69,88.54,-1.40986488597765e31,-1.40986488597765e31,-1.40986488597765e31
"2024-04-10 15:32:02.0000",12.32,89.21,0.307606369256973,1.07911109924316,3.82389497756958
"2024-04-10 16:01:59.0000",12.56,89.13,0.18669319152832,0.750971734523773,3.62591099739075
"2024-04-10 16:31:56.0000",13.42,89.18,0.284451216459274,1.42212533950806,7.60292196273804
"2024-04-10 17:01:53.0000",14.77,86.43,0.420894622802734,1.34447348117828,5.42921304702759
"2024-04-10 17:31:51.0000",14.4,86.45,0.671415090560913,2.91020750999451,11.8162822723389
"2024-04-10 18:01:42.0000",13.9,84.85,0.365897685289383,1.18737363815308,3.65734434127808
"2024-04-10 18:31:39.0000",13.35,83.69,0.141427919268608,0.49064227938652,2.34745335578918
"2024-04-10 19:01:31.0000",13.01,83.66,0.261614710092545,0.531045794487,4.98781633377075
"2024-04-10 19:31:28.0000",12.97,83.94,0.0989523902535439,0.433932542800903,2.31980466842651
"2024-04-10 20:01:21.0000",12.98,84.16,0.194506362080574,0.5271036028862,3.43495965003967
"2024-04-10 20:31:18.0000",13.04,84.19,0.357608050107956,1.06838750839233,5.25638389587402
"2024-04-10 21:01:15.0000",12.96,84.4,0.193916812539101,0.53530740737915,2.38305854797363
"2024-04-10 21:31:12.0000",13,84.88,0.221885204315186,1.23601341247559,3.55999398231506
"2024-04-10 22:01:04.0000",11.81,86.86,0.440585404634476,2.43000745773315,12.655743598938
"2024-04-10 22:31:01.0000",11.36,89.29,0.538561463356018,1.42449653148651,4.18461084365845
"2024-04-10 23:00:53.0000",11.08,90.51,0.231232449412346,1.0801008939743,3.63664197921753
"2024-04-10 23:30:50.0000",11.23,90.31,1.20873820781708,1.45788669586182,7.62049198150635
"2024-04-11 00:00:47.0000",11.48,90.59,0.193502649664879,0.781893074512482,3.78383898735046
"2024-04-11 00:30:39.0000",11.24,90.82,0.265235185623169,0.931443691253662,3.35818028450012
"2024-04-11 01:00:36.0000",11.18,91.29,0.296215921640396,1.1884309053421,3.71709203720093
"2024-04-11 01:30:28.0000",11.04,92.67,0.426581412553787,1.43809521198273,3.58803653717041
"2024-04-11 02:00:26.0000",11.5,93.58,0.391978561878204,1.4575936794281,4.60729026794434
"2024-04-11 02:30:22.0000",11.53,93.19,0.423041939735413,1.46303462982178,10.0121755599976
"2024-04-11 03:00:15.0000",11.48,92.86,-1.40986488597765e31,-1.40986488597765e31,-1.40986488597765e31
"2024-04-11 03:30:12.0000",11.45,92.48,0.582940399646759,1.6221911907196,3.79811644554138
"2024-04-11 04:00:04.0000",11.41,92.27,0.503290951251984,1.81912589073181,4.06490087509155
"2024-04-11 04:30:02.0000",11.33,92.11,0.733087360858917,2.76943135261536,10.1359872817993
"2024-04-11 04:59:58.0000",11.3,92,1.00530087947845,2.67249464988708,8.94251537322998
"2024-04-11 05:29:51.0000",11.37,91.89,0.767815589904785,2.42095351219177,7.98172521591187
"2024-04-11 05:59:47.0000",11.44,91.58,11.8912315368652,13.4723072052002,15.9530572891235
"2024-04-11 06:29:44.0000",11.57,91.48,10.252950668335,11.9029569625854,16.0626678466797
"2024-04-11 06:59:36.0000",12.17,90.89,0.858331441879272,2.77822828292847,6.59628582000732
"2024-04-11 07:29:33.0000",12.79,89.04,1.01909518241882,3.19156575202942,10.2554330825806
"2024-04-11 07:59:31.0000",13.29,89.21,0.908298969268799,2.58128952980042,6.59830093383789
"2024-04-11 08:29:28.0000",13.85,88.51,1.16299903392792,3.5926730632782,12.6558618545532
"2024-04-11 08:59:25.0000",15.36,87.41,1.35198378562927,4.48989725112915,10.5678415298462
"2024-04-11 09:29:22.0000",16.94,85.05,1.47661662101746,5.19274473190308,16.7016468048096
"2024-04-11 09:59:24.0000",19.92,80.62,1.50506329536438,6.2328634262085,23.5488090515137
"2024-04-11 10:29:17.0000",19.81,81.4,1.91058301925659,6.71768140792847,22.4652233123779
"2024-04-11 10:59:13.0000",19.37,78.99,1.42907321453094,4.44306182861328,7.49228858947754
"2024-04-11 11:29:15.0000",21.35,73.54,1.84120261669159,5.95110464096069,13.7869958877563
"2024-04-11 11:59:14.0000",22.05,71.69,1.81894719600677,6.1426215171814,21.4171562194824
"2024-04-11 12:29:05.0000",20.95,68.62,1.96754252910614,6.14727830886841,11.0674057006836
"2024-04-11 12:58:57.0000",19.64,68.19,2.39973044395447,8.0269947052002,14.531834602356
"2024-04-11 13:28:54.0000",19.37,67.97,2.37009930610657,7.65123558044434,15.051139831543
"2024-04-11 13:58:51.0000",19.38,66.51,2.03783082962036,6.56400918960571,17.5402412414551
"2024-04-11 14:28:43.0000",18.59,66.27,1.13478946685791,3.99749040603638,12.8453359603882
"2024-04-11 14:58:40.0000",17.15,67.13,1.23549842834473,4.92032623291016,11.2314939498901
"2024-04-11 15:28:32.0000",16.38,68.6,1.07974147796631,4.3795862197876,18.7312259674072
"2024-04-11 15:58:24.0000",14.93,70.49,1.41643595695496,5.65799427032471,13.1937761306763
"2024-04-11 16:28:16.0000",13.38,73.86,1.62897503376007,6.63380575180054,16.8522701263428
"2024-04-11 16:58:08.0000",12.72,76.66,1.70697927474976,6.60566568374634,13.0490741729736
"2024-04-11 17:28:05.0000",12.78,78.56,1.45305120944977,5.92280912399292,17.4465579986572
"2024-04-11 17:58:02.0000",13.03,80.33,1.22778952121735,4.67924356460571,12.5015659332275
"2024-04-11 18:27:54.0000",13.32,80.98,0.594429492950439,2.20195460319519,6.60179758071899
"2024-04-11 18:57:51.0000",13.5,81.61,0.108575314283371,0.493998765945435,2.86015820503235
"2024-04-11 19:27:48.0000",13.52,82.06,0.119815818965435,0.433622926473618,2.66638088226318
"2024-04-11 19:57:45.0000",13.38,82.49,0.122304104268551,0.517272114753723,2.98521018028259
"2024-04-11 20:27:43.0000",13.49,82.66,0.0952185988426208,0.68689751625061,3.07742428779602
"2024-04-11 20:57:35.0000",13.58,82.53,0.110512971878052,0.424726277589798,2.37717533111572
"2024-04-11 21:27:32.0000",13.16,82.99,0.0885416939854622,0.345338851213455,2.56762838363647
"2024-04-11 21:57:29.0000",13.13,83.52,0.660179436206818,2.61792802810669,8.38971424102783
"2024-04-11 22:27:21.0000",13.09,84.04,1.08555495738983,4.12287712097168,7.6817479133606
"2024-04-11 22:57:18.0000",13.05,83.88,0.868557572364807,3.54201173782349,8.97002410888672
"2024-04-11 23:27:15.0000",12.79,83.96,1.12067687511444,3.77295589447021,13.734112739563
"2024-04-11 23:57:12.0000",12.24,84.17,0.678042888641357,2.76982498168945,7.43631458282471
"2024-04-12 00:27:04.0000",11.78,83.49,0.234679192304611,1.43867075443268,5.63944721221924
"2024-04-12 00:57:01.0000",11.27,82.32,0.308597236871719,1.36208033561707,4.21414613723755
"2024-04-12 01:26:58.0000",10.92,81.6,0.223416343331337,0.652885138988495,4.23418378829956
"2024-04-12 01:56:50.0000",10.72,81.15,0.33657893538475,1.10168147087097,5.87381839752197
"2024-04-12 02:26:48.0000",10.67,80.78,0.171169713139534,0.794123411178589,3.44719243049622
"2024-04-12 02:56:40.0000",10.21,81.11,0.169839024543762,0.803938210010529,3.33114051818848
"2024-04-12 03:26:37.0000",10.1,81.66,0.37296399474144,1.49484050273895,3.97605609893799
"2024-04-12 03:56:28.0000",10.07,80.9,0.673530757427216,2.97667121887207,6.72383165359497
"2024-04-12 04:26:26.0000",10.1,80.88,0.466998159885406,1.71178877353668,4.2731761932373
"2024-04-12 04:56:23.0000",10.06,81.28,0.411592692136765,1.78441572189331,4.27262163162231
"2024-04-12 05:26:20.0000",10.45,80.85,0.332090198993683,1.21289312839508,3.24864506721497
"2024-04-12 05:56:12.0000",10.54,81.01,0.759148120880127,3.41645836830139,13.4574251174927
"2024-04-12 06:26:09.0000",10.86,80.71,0.969805717468262,3.39564037322998,13.2844762802124
"2024-04-12 06:56:06.0000",11.55,80.45,1.09526085853577,4.18485546112061,13.3577270507812
"2024-04-12 07:26:03.0000",12.08,79.95,0.918038308620453,3.70231986045837,16.3934783935547
"2024-04-12 07:56:00.0000",12.74,79.2,1.34140694141388,4.68737697601318,18.867618560791
"2024-04-12 08:25:52.0000",13.47,78.44,1.06852436065674,4.47370195388794,12.0002403259277
"2024-04-12 08:55:49.0000",14.31,78.01,1.11546051502228,4.99805164337158,14.6499719619751
"2024-04-12 09:25:47.0000",15.23,77.23,1.02670311927795,4.23210144042969,10.1448163986206
"2024-04-12 09:55:49.0000",17.26,73.37,1.73281490802765,7.6318531036377,20.3737392425537
"2024-04-12 10:25:46.0000",17.05,72.15,1.94259297847748,8.14129638671875,15.3688459396362
"2024-04-12 10:55:38.0000",16.94,71.63,1.80703580379486,7.27288150787354,15.085036277771
"2024-04-12 11:25:35.0000",15.94,71.47,2.04880309104919,7.35667705535889,14.1892929077148
"2024-04-12 11:55:32.0000",16.97,71.87,1.56490862369537,5.57944631576538,12.3909721374512
"2024-04-12 12:25:30.0000",17.75,70.17,1.51816916465759,6.11002969741821,13.9968814849854
"2024-04-12 12:55:27.0000",18.36,70.12,1.78967952728271,7.81183576583862,25.4404048919678
"2024-04-12 13:25:24.0000",18.28,68.56,1.70585453510284,7.10496187210083,14.9903154373169
"2024-04-12 13:55:16.0000",18.18,67.15,1.69955849647522,6.39049673080444,27.6312370300293
"2024-04-12 14:25:13.0000",17.36,63.9,1.20220494270325,4.19549417495728,19.7224941253662
"2024-04-12 14:55:05.0000",16.95,59.28,1.24738383293152,4.41192150115967,10.1177139282227
"2024-04-12 15:25:02.0000",16.69,57.68,1.17616546154022,4.04436349868774,11.1192150115967
"2024-04-12 15:54:59.0000",16.8,55.29,1.43749487400055,4.48312759399414,17.551290512085
"2024-04-12 16:24:51.0000",17.02,56.59,1.26721668243408,4.76355838775635,15.3576250076294
"2024-04-12 16:54:48.0000",16.83,55.94,1.40419745445251,5.01110315322876,18.4598903656006
"2024-04-12 17:24:45.0000",16.51,55.9,1.31109929084778,4.42080307006836,11.690505027771
"2024-04-12 17:54:37.0000",16.09,55.34,1.5981969833374,6.20357656478882,17.3298492431641
"2024-04-12 18:24:34.0000",14.69,56.57,1.64205455780029,6.06120014190674,13.7550430297852
"2024-04-12 18:54:27.0000",13.78,57.93,1.68657183647156,6.46956539154053,11.1808156967163
"2024-04-12 19:24:24.0000",13.12,59.11,1.75806486606598,6.86747741699219,16.0659885406494
"2024-04-12 19:54:16.0000",12.48,61.41,2.04209494590759,8.76610088348389,19.4013805389404
"2024-04-12 20:24:13.0000",12.16,62.65,2.33657169342041,8.2855978012085,23.7819576263428
"2024-04-12 20:54:04.0000",11.74,63.59,2.15581083297729,9.47413539886475,17.8097743988037
"2024-04-12 21:24:02.0000",11.63,64.79,2.16349506378174,9.00716972351074,22.5801792144775
"2024-04-12 21:53:54.0000",11.73,65.58,2.15844058990479,9.10029602050781,24.1186809539795
"2024-04-12 22:23:51.0000",11.34,66.76,2.33348393440247,11.1761379241943,23.5570106506348
"2024-04-12 22:53:43.0000",11.15,68.54,2.11028790473938,9.40676879882812,18.5974636077881
"2024-04-12 23:23:40.0000",11.08,69.7,2.2669050693512,10.6782417297363,24.1618480682373
"2024-04-12 23:53:32.0000",10.63,70.63,2.22754812240601,10.3188638687134,20.9050178527832
"2024-04-13 00:23:29.0000",10.45,71.52,1.84897089004517,9.13160705566406,26.8734169006348
"2024-04-13 00:53:26.0000",10.18,72.57,1.15517699718475,5.39465522766113,11.5470476150513
"2024-04-13 01:23:18.0000",9.86,73.13,0.79945981502533,3.07397818565369,6.80622053146362
"2024-04-13 01:53:31.0000",9.62,73.49,0.665315330028534,3.42385530471802,10.1150007247925
"2024-04-13 02:23:07.0000",9.52,73.98,0.63646537065506,2.44007039070129,7.87959241867065
"2024-04-13 02:53:04.0000",9.59,74.42,0.500279366970062,1.98641300201416,6.20764636993408
"2024-04-13 03:23:02.0000",9.59,74.73,0.507697105407715,2.01425433158875,10.4796657562256
"2024-04-13 03:52:59.0000",9.69,75.34,0.552468955516815,2.04425430297852,6.46645927429199
"2024-04-13 04:22:51.0000",9.53,75.64,1.3900842666626,5.99534273147583,16.9850788116455
"2024-04-13 04:52:48.0000",9.17,76.25,1.61902451515198,7.22497272491455,17.770658493042
"2024-04-13 05:22:45.0000",8.95,76.7,2.29639887809753,9.07666683197021,18.1566028594971
"2024-04-13 05:52:37.0000",9.12,77.5,1.88510084152222,7.20789098739624,15.4152545928955
"2024-04-13 06:22:34.0000",9.59,77.69,1.3582319021225,5.7574520111084,14.452075958252
"2024-04-13 06:52:31.0000",9.92,78.14,1.74716126918793,7.4409384727478,20.070743560791
"2024-04-13 07:22:28.0000",10.62,77.89,1.3849413394928,4.35372066497803,11.0143480300903
"2024-04-13 07:52:20.0000",11.11,78.01,0.98708438873291,3.83645272254944,20.9577713012695
"2024-04-13 08:22:19.0000",11.76,77.51,0.926957070827484,3.47631907463074,11.9247989654541
"2024-04-13 08:52:15.0000",11.72,77.53,0.538499534130096,2.12020301818848,6.3710789680481
"2024-04-13 09:22:12.0000",13.04,77.54,0.349148392677307,1.82190501689911,11.061580657959
"2024-04-13 09:52:09.0000",13.89,76.03,0.2353126257658,0.635041475296021,3.41895270347595
"2024-04-13 10:22:06.0000",12.19,76.16,0.405213683843613,2.03664970397949,4.55582761764526
"2024-04-13 10:51:59.0000",11.06,79.24,0.120156541466713,0.667098462581635,4.39176750183105
"2024-04-13 11:21:55.0000",12.48,79.95,0.14707750082016,0.447672665119171,4.93901968002319
"2024-04-13 11:51:57.0000",15,77.35,0.156124636530876,0.373899430036545,2.17486596107483
"2024-04-13 12:21:49.0000",14.2,76.12,0.191507130861282,0.632073104381561,2.56398034095764
"2024-04-13 12:29:27.0000",13.81,79.64,0.340973287820816,1.62509882148005,6.87171383090495
"2024-04-13 12:51:47.0000",13.86,77.1,0.323180019855499,1.30605614185333,4.52824306488037
"2024-04-13 13:21:38.0000",14.43,76.21,0.265907794237137,0.966874718666077,7.72139644622803
"2024-04-13 13:51:36.0000",15.18,72.89,0.276703596115112,0.972984552383423,4.26728773117065
"2024-04-13 14:21:33.0000",15.79,70.64,0.172989845275879,0.701398372650146,3.66726469993591
"2024-04-13 14:51:30.0000",15.91,66.39,0.37559962272644,1.45415687561035,9.12200260162354
"2024-04-13 15:21:27.0000",15.32,65.73,0.562769889831543,2.06314849853516,16.1976184844971
"2024-04-13 15:51:22.0000",14.4,64.83,0.918488502502441,3.60332775115967,10.2990503311157
"2024-04-13 16:21:11.0000",11.55,72.94,1.37843310832977,6.21704483032227,13.3357887268066
"2024-04-13 16:51:03.0000",10.39,79.15,1.16833412647247,5.02296924591064,10.2551078796387
"2024-04-13 17:21:00.0000",11.06,81.78,1.46714425086975,5.87421941757202,14.9236669540405
"2024-04-13 17:50:57.0000",10.44,82.64,1.96616530418396,7.75067234039307,25.1016654968262
"2024-04-13 18:20:54.0000",10.37,79.07,1.27657449245453,6.03501558303833,17.4465389251709
"2024-04-13 18:50:46.0000",9.67,74.49,2.32683539390564,10.7252416610718,23.2280769348145
"2024-04-13 19:20:38.0000",8.94,74.16,2.14915871620178,8.72190093994141,16.34938621521
"2024-04-13 19:50:35.0000",8.37,74.28,3.91563582420349,9.50788593292236,17.0863475799561
"2024-04-13 20:20:32.0000",8.44,73.98,1.50936782360077,7.06374597549438,22.0521831512451
"2024-04-13 20:50:30.0000",8.21,73.93,5.26576042175293,9.76792812347412,15.4851560592651
"2024-04-13 21:20:22.0000",8.06,74.35,1.2440584897995,6.29179716110229,18.8068981170654
"2024-04-13 21:50:19.0000",7.61,74.39,1.48306608200073,5.4579963684082,11.8025960922241
"2024-04-13 22:20:11.0000",7.6,74.73,3.25233936309814,8.34712219238281,24.9797191619873
"2024-04-13 22:50:09.0000",7.38,74.23,1.43951499462128,6.09777879714966,17.7701511383057
"2024-04-13 23:20:00.0000",7.24,73.71,1.91996192932129,6.4919867515564,18.8390026092529
"2024-04-13 23:49:57.0000",7.14,73.26,1.17218387126923,5.18975734710693,15.4062566757202
"2024-04-14 00:19:54.0000",7.11,73.73,1.20771729946136,4.9611029624939,10.5286054611206
"2024-04-14 00:49:46.0000",7.01,74.64,1.51541411876678,7.91280555725098,20.3293514251709
"2024-04-14 01:19:43.0000",6.79,75.63,1.71561086177826,7.98281908035278,24.9789028167725
"2024-04-14 01:49:40.0000",6.6,76.01,1.7894070148468,8.81729030609131,18.0927219390869
"2024-04-14 02:19:38.0000",6.36,76.32,1.79538023471832,7.55620670318604,20.5815734863281
"2024-04-14 02:49:29.0000",6.05,76.8,3.64928865432739,9.2048168182373,27.1581153869629
"2024-04-14 03:19:28.0000",5.77,77.12,1.93120205402374,7.90529680252075,22.3810329437256
"2024-04-14 03:49:19.0000",5.68,77.53,1.70860075950623,6.29252958297729,20.6050224304199
"2024-04-14 04:19:16.0000",5.66,78.29,1.7649120092392,7.19076776504517,17.5423374176025
"2024-04-14 04:49:13.0000",5.53,78.83,1.84308958053589,8.76053047180176,19.8904304504395
"2024-04-14 05:19:05.0000",5.42,79.21,1.79823064804077,8.51278972625732,23.8447284698486
"2024-04-14 05:49:03.0000",5.96,79.92,1.89739179611206,8.34025573730469,21.2680511474609
"2024-04-14 06:18:59.0000",8.5,75.93,2.00098896026611,8.81040477752686,17.462043762207
"2024-04-14 06:49:01.0000",11.24,73.09,1.75600206851959,7.61898899078369,36.6378211975098
"2024-04-14 07:19:00.0000",13.46,69.98,1.71513843536377,7.03958034515381,21.9779243469238
"2024-04-14 07:48:56.0000",14.13,67.17,1.65229308605194,7.6308445930481,20.2604522705078
"2024-04-14 08:18:52.0000",14.26,61.31,1.50997829437256,6.27786588668823,16.6477012634277
"2024-04-14 08:48:50.0000",14.72,59.56,1.64639520645142,7.2371129989624,18.6406421661377
"2024-04-14 09:18:47.0000",15.9,58.91,1.45359015464783,6.73060131072998,15.7000570297241
"2024-04-14 09:48:44.0000",15.78,54.92,1.15329122543335,4.94323301315308,22.8000545501709
"2024-04-14 10:18:31.0000",13.94,56.64,1.43448126316071,5.50900554656982,14.742714881897
"2024-04-14 10:48:28.0000",13.13,57.4,1.40407013893127,5.6515064239502,13.6067476272583
"2024-04-14 11:18:30.0000",15.71,54.36,1.20983958244324,5.16943025588989,18.589771270752
"2024-04-14 11:48:19.0000",13.64,54.26,0.9976806640625,4.03079175949097,9.61221599578857
"2024-04-14 12:18:14.0000",13.67,55.37,1.05189394950867,4.88515949249268,11.5532789230347
"2024-04-14 12:48:12.0000",14.08,55.44,0.95858234167099,4.33183813095093,13.0850992202759
"2024-04-14 13:18:04.0000",14.74,55.03,0.837586939334869,3.55598855018616,11.8025560379028
"2024-04-14 13:48:00.0000",13.93,54.22,0.838048458099365,3.26027393341064,7.17517709732056
"2024-04-14 14:17:53.0000",14.05,53.46,0.917626202106476,4.25917911529541,16.1694736480713
"2024-04-14 14:47:50.0000",14.13,53.56,0.852924466133118,3.16056275367737,16.6221790313721
"2024-04-14 15:17:47.0000",13.73,52.12,0.804368734359741,3.9561173915863,10.2738924026489
"2024-04-14 15:47:39.0000",13.23,52.31,0.874462723731995,3.05032992362976,8.76956176757812
"2024-04-14 16:17:36.0000",12.39,52.86,0.873234629631042,3.2971830368042,8.40447998046875
"2024-04-14 16:47:33.0000",11.85,54.47,0.95113343000412,4.36061763763428,19.2658920288086
"2024-04-14 17:17:25.0000",11.5,56.6,0.968482077121735,4.06786870956421,9.26145458221436
"2024-04-14 17:47:22.0000",10.77,57.69,0.924328505992889,3.05868721008301,10.7313070297241
"2024-04-14 18:17:19.0000",10.55,58.64,0.872071444988251,4.39012956619263,14.3536109924316
"2024-04-14 18:47:11.0000",10.18,59.49,1.1632627248764,4.56314897537231,11.8496417999268
"2024-04-14 19:17:08.0000",9.16,61.52,1.12790286540985,4.91500473022461,15.4055814743042
"2024-04-14 19:47:00.0000",8.77,62.54,1.50743985176086,6.39801168441772,23.662052154541
"2024-04-14 20:16:58.0000",8.55,63.28,1.42390656471252,5.41023969650269,13.0414562225342
"2024-04-14 20:46:50.0000",8.71,64.14,1.38514709472656,5.11078691482544,11.1842451095581
"2024-04-14 21:16:47.0000",8.87,65.23,1.4293200969696,5.9185357093811,14.1246042251587
"2024-04-14 21:46:44.0000",8.88,66.52,1.38560128211975,5.92577409744263,17.9071407318115
"2024-04-14 22:16:36.0000",8.29,68.48,67.9198455810547,71.2941284179688,77.023681640625
"2024-04-14 22:46:33.0000",8.3,69.38,1.82434582710266,7.4596118927002,14.7397031784058
"2024-04-14 23:16:30.0000",8.59,70.31,1.68751418590546,6.26529598236084,18.1939868927002
"2024-04-14 23:46:22.0000",8.35,71.99,1.84664499759674,8.67067718505859,31.2236957550049
"2024-04-15 00:16:14.0000",7.57,74.95,38.8435668945312,43.3602638244629,48.1018524169922
"2024-04-15 00:46:11.0000",7.48,77.04,1.29340553283691,6.14429140090942,17.5696716308594
"2024-04-15 01:16:08.0000",7.35,78.12,0.821710109710693,3.09639024734497,7.13977813720703
"2024-04-15 01:46:05.0000",7.24,78.63,0.835250675678253,3.14845180511475,7.25520038604736
"2024-04-15 02:15:57.0000",7.36,79.18,1.66880142688751,6.68530225753784,11.9632940292358
"2024-04-15 02:45:54.0000",7.73,80.16,1.83525764942169,6.51214361190796,11.228536605835
"2024-04-15 03:15:52.0000",8,81.38,2.01286172866821,8.07690048217773,19.3513259887695
"2024-04-15 03:45:44.0000",8.12,81.03,1.76856827735901,6.33446741104126,12.6995439529419
"2024-04-15 04:15:40.0000",7.58,81.91,2.02254486083984,9.3786735534668,31.8846569061279
"2024-04-15 04:45:33.0000",6.55,84.34,1.46897196769714,8.06488990783691,22.0978374481201
"2024-04-15 05:15:25.0000",4.88,86.5,1.00022268295288,4.91439294815063,16.4348030090332
"2024-04-15 05:45:17.0000",5.29,86.77,4.45043611526489,8.84111785888672,20.441499710083
"2024-04-15 06:15:14.0000",5.86,86.07,1.30175721645355,5.76653575897217,15.4864072799683
"2024-04-15 06:45:11.0000",5.96,86.79,1.17289459705353,5.75193691253662,12.4036741256714
"2024-04-15 07:15:08.0000",8.18,84.62,0.76001501083374,3.31992506980896,8.18465995788574
"2024-04-15 07:45:05.0000",7.1,77.82,1.05258345603943,4.56437158584595,11.1415128707886
"2024-04-15 08:15:02.0000",7.13,70.14,1.162841796875,4.69568157196045,9.09614276885986
"2024-04-15 08:45:00.0000",9.11,61.12,0.55728816986084,2.88859248161316,10.6677112579346
"2024-04-15 09:14:51.0000",7.95,63.16,1.01327240467072,6.11985921859741,17.0769577026367
"2024-04-15 09:44:43.0000",7.21,66.08,1.11003339290619,5.10681629180908,16.6268939971924
"2024-04-15 10:14:41.0000",8.16,69.38,0.734007179737091,3.09731650352478,7.35747241973877
"2024-04-15 10:44:38.0000",8.68,64.78,0.538776159286499,2.33099102973938,7.21398067474365
"2024-04-15 11:14:40.0000",8.98,64.13,1.97655606269836,7.52965402603149,18.0180110931396
"2024-04-15 11:44:27.0000",7,74.58,1.45029985904694,5.9783353805542,10.7664785385132
"2024-04-15 12:14:24.0000",6.64,75.77,1.34211087226868,5.98500728607178,11.7948436737061
"2024-04-15 12:44:26.0000",8.65,78.85,1.53588902950287,6.83940601348877,23.3455829620361
"2024-04-15 13:14:23.0000",9.03,68.66,1.64249336719513,6.41906309127808,17.5142879486084
"2024-04-15 13:44:20.0000",8.93,59.75,0.705489099025726,3.03117060661316,12.5268650054932
"2024-04-15 14:14:19.0000",9.26,59.52,1.68567311763763,6.42184972763062,18.9441375732422
"2024-04-15 14:44:15.0000",10.26,58.5,0.654787123203278,2.87068748474121,5.69638442993164
"2024-04-15 15:14:07.0000",10.03,59.12,1.54137444496155,7.31565761566162,24.7219200134277
"2024-04-15 15:44:04.0000",9.16,60.62,1.46592819690704,5.84382772445679,18.6490306854248
"2024-04-15 16:14:01.0000",9.41,61.84,1.67462742328644,7.10004377365112,22.3149490356445
"2024-04-15 16:43:58.0000",9.58,61.52,1.01930212974548,3.75436186790466,7.9910945892334
"2024-04-15 18:13:47.0000",7.46,76.97,2.08373951911926,7.67355632781982,14.4744424819946
"2024-04-15 18:43:37.0000",7.03,81.74,22.9039649963379,26.7032051086426,31.656888961792
"2024-04-15 19:13:34.0000",7.34,81.82,1.3231360912323,5.41785383224487,10.5909204483032
"2024-04-15 19:43:31.0000",7.12,84.16,0.873610734939575,4.18498229980469,13.1494789123535
"2024-04-15 20:13:23.0000",7.12,81.41,1.03612816333771,5.3360743522644,17.1817665100098
"2024-04-15 20:43:20.0000",7.58,81.41,1.70947229862213,7.22631120681763,13.3512849807739
"2024-04-15 21:13:17.0000",7.66,85.7,3.26259160041809,13.2713575363159,28.2906074523926
"2024-04-15 21:43:09.0000",7.35,91.3,2.72577333450317,10.905460357666,17.626148223877
"2024-04-15 22:13:06.0000",7.85,91.5,2.00987386703491,9.28117656707764,18.3121109008789
"2024-04-15 22:43:04.0000",8.13,87.45,1.0663526058197,5.71905374526978,21.3056335449219
"2024-04-15 22:48:52.0000",8.36,88.83,3.36002111434937,4.87324728227365,12.3385820186354
"2024-04-15 23:13:01.0000",8.28,82.32,2.16058850288391,9.6799488067627,23.197244644165
"2024-04-15 23:43:03.0000",9.15,78.28,2.53817558288574,11.9179468154907,34.1938629150391
"2024-04-15 23:48:41.0000",8.3,85.09,2.86056303977966,4.4357896627005,11.9626462119385
"2024-04-16 00:12:50.0000",8.35,80.88,1.47082757949829,6.21660232543945,14.8331890106201
"2024-04-16 00:42:47.0000",8.22,80.9,1.68491303920746,7.42264080047607,13.3899698257446
"2024-04-16 01:12:39.0000",8.07,82.35,1.65311193466187,6.55501270294189,19.1405868530273
"2024-04-16 01:42:35.0000",8.04,81.62,2.884685754776,12.0684728622437,28.1470775604248
"2024-04-16 02:12:29.0000",8.03,81.64,1.9721075296402,9.34254550933838,17.5038452148438
"2024-04-16 03:12:16.0000",7.93,79.85,1.49274277687073,7.11393308639526,15.0439414978027
"2024-04-16 03:42:14.0000",7.83,79.85,2.42133235931396,10.6365175247192,28.9496612548828
"2024-04-16 04:12:11.0000",7.79,80.07,1.41704547405243,5.46276235580444,11.2478704452515
"2024-04-16 04:42:08.0000",7.77,79.62,2.44931077957153,11.31409740448,26.3494548797607
"2024-04-16 05:12:00.0000",7.77,78.45,1.20718717575073,5.86941576004028,14.468955039978
"2024-04-16 05:41:58.0000",7.79,78.32,2.27254271507263,9.82959365844727,25.0288887023926
"2024-04-16 06:11:50.0000",8.05,75.19,1.19578087329865,5.75634384155273,16.5512084960938
"2024-04-16 06:41:46.0000",8.1,73.65,2.10318732261658,10.3434801101685,31.0359039306641
"2024-04-16 07:11:44.0000",9.16,71.26,1.74757015705109,8.29024982452393,32.5399971008301
"2024-04-16 07:41:41.0000",9.71,67.21,1.88238024711609,9.43280410766602,29.8511753082275
"2024-04-16 08:11:38.0000",10.19,65.5,2.20733952522278,9.43758487701416,21.6913242340088
"2024-04-16 08:41:29.0000",9.2,69,65.3157272338867,70.6037368774414,82.299201965332
"2024-04-16 09:11:26.0000",10.53,65.01,0.538705587387085,2.6205883026123,7.24153518676758
"2024-04-16 09:41:24.0000",10.97,63.35,0.378340840339661,2.24695372581482,6.68918418884277
"2024-04-16 10:11:16.0000",9.86,63.79,67.5838012695312,71.195198059082,80.2636947631836
"2024-04-16 10:41:14.0000",10.59,63.56,8.72939777374268,13.9830331802368,29.0879764556885
"2024-04-16 11:11:10.0000",10.9,62.78,1.67477095127106,7.41081809997559,23.1002388000488
"2024-04-16 11:41:07.0000",12.27,59.25,1.12013936042786,5.65775203704834,13.826301574707
"2024-04-16 12:11:04.0000",13,56.18,0.925846993923187,4.12416982650757,16.3057956695557
"2024-04-16 12:41:03.0000",12.65,54.82,0.785139203071594,3.18802309036255,9.34288692474365
"2024-04-16 13:10:58.0000",12.33,57.32,1.36831307411194,5.55343246459961,16.1980037689209
"2024-04-16 13:40:56.0000",11.77,58.1,1.29402101039886,5.10810089111328,13.4113597869873
"2024-04-16 14:10:48.0000",11.53,59.21,1.16243183612823,4.1857762336731,9.01754760742188
"2024-04-16 14:40:45.0000",11.08,59.98,1.39125597476959,6.27998113632202,15.01598072052
"2024-04-16 15:10:42.0000",11.35,59.43,1.18412005901337,5.01875066757202,21.6203956604004
"2024-04-16 15:40:40.0000",11.41,57.63,0.822711586952209,3.49003219604492,11.669903755188
"2024-04-16 16:10:37.0000",11.61,56.62,0.935953140258789,3.77207159996033,8.08404159545898
"2024-04-16 16:40:28.0000",11.16,58.04,0.951667249202728,4.31712579727173,17.5926113128662
"2024-04-16 17:10:53.0000",10.69,59.19,1.04429936408997,3.97065091133118,8.88158702850342
"2024-04-16 17:40:17.0000",10.19,60.88,1.29795205593109,6.36226034164429,23.0936584472656
"2024-04-16 18:10:15.0000",9.52,63.47,1.46064519882202,7.24791622161865,19.5734081268311
"2024-04-16 18:40:08.0000",8.89,64.56,1.13469851016998,4.99908971786499,12.3576898574829
"2024-04-16 19:09:58.0000",8.14,67.26,1.32242596149445,5.53493881225586,15.5581016540527
"2024-04-16 19:39:55.0000",7.75,68.25,1.54228270053864,6.9940767288208,32.9117012023926
"2024-04-16 20:09:52.0000",7.27,69.37,1.10617661476135,5.02824878692627,10.0094203948975
"2024-04-16 20:39:44.0000",7.05,72.09,1.1852959394455,5.56253433227539,12.6951723098755
"2024-04-16 21:09:43.0000",6.94,72,6.77025318145752,15.9771556854248,45.1793899536133
"2024-04-16 21:39:40.0000",7.11,71.93,1.4195259809494,6.04231834411621,18.5701484680176
"2024-04-16 22:09:58.0000",7.04,72.43,1.17807626724243,5.39326190948486,11.6590805053711
"2024-04-16 22:39:28.0000",7.25,73.33,1.11648344993591,5.57914590835571,21.0591411590576
"2024-04-16 23:09:25.0000",7.11,72.02,1.12954688072205,5.56579685211182,15.7168531417847
"2024-04-16 23:39:23.0000",6.85,71.25,1.34018611907959,5.83286905288696,16.0725402832031
"2024-04-17 00:09:15.0000",6.47,70.3,1.0830579996109,5.070885181427,13.1590099334717
"2024-04-17 00:39:12.0000",6.66,72.02,1.09245097637177,5.91582584381104,13.6325445175171
"2024-04-17 01:09:09.0000",6.08,71.26,9.72324085235596,13.4879426956177,18.2862396240234
"2024-04-17 01:39:00.0000",5.86,73.99,1.3857274055481,6.77591228485107,16.3956775665283
"2024-04-17 02:08:58.0000",6.03,74.54,0.925368905067444,3.63287496566772,13.5678548812866
"2024-04-17 02:38:55.0000",5.8,72.68,0.607123732566833,2.63157629966736,10.3574686050415
"2024-04-17 03:08:52.0000",5.8,72.77,1.12366104125977,5.14634561538696,10.9478454589844
"2024-04-17 03:38:49.0000",5.87,73.24,0.964950144290924,4.54198741912842,15.0743055343628
"2024-04-17 04:09:14.0000",5.76,72.82,0.857119858264923,3.42473959922791,11.9635982513428
"2024-04-17 04:39:11.0000",5.78,71.26,1.15545427799225,5.04351615905762,13.6098585128784
"2024-04-17 05:08:40.0000",5.72,71.16,0.644598782062531,3.01098299026489,8.76337432861328
"2024-04-17 05:38:59.0000",6.04,70.36,1.01516401767731,4.14648580551147,24.2618274688721
"2024-04-17 06:08:34.0000",6.31,70.71,0.68710720539093,3.75053405761719,9.9413423538208
"2024-04-17 06:38:53.0000",7.53,71.04,0.73444652557373,3.10232377052307,9.23507118225098
"2024-04-17 07:38:27.0000",7.73,60.59,1.1819566488266,6.24177742004395,27.2586345672607
"2024-04-17 08:08:24.0000",9.58,57.02,0.817135155200958,3.83651685714722,10.9647102355957
"2024-04-17 08:38:21.0000",9.8,53.61,0.604838907718658,2.94105052947998,8.92103862762451
"2024-04-17 09:08:18.0000",11.33,51.76,0.804064035415649,3.14786887168884,7.56768369674683
"2024-04-17 09:38:15.0000",11.55,50.89,0.792366564273834,3.36570906639099,7.42124891281128
"2024-04-17 10:08:07.0000",11.16,52.29,0.880085110664368,3.83605766296387,13.1975746154785
"2024-04-17 10:38:09.0000",11.37,49.02,0.749805271625519,2.72076749801636,8.72160243988037
"2024-04-17 11:08:01.0000",12.3,49.71,0.632968485355377,2.54950165748596,9.27885055541992
"2024-04-17 11:37:58.0000",11.54,48.09,0.773616135120392,2.85376811027527,9.71083736419678
"2024-04-17 12:07:55.0000",12.09,47.54,1.16647946834564,4.60313749313354,11.5403699874878
"2024-04-17 12:37:52.0000",11.34,48.75,0.924000918865204,3.65490245819092,9.23763942718506
"2024-04-17 13:07:44.0000",9.98,51.13,1.06712460517883,4.26747226715088,11.5862703323364
"2024-04-17 13:37:41.0000",9.79,53.92,0.796567261219025,3.06814575195312,12.9032649993896
"2024-04-17 14:07:40.0000",10.2,54.08,0.38806015253067,2.17706632614136,8.23072814941406
"2024-04-17 14:37:37.0000",9.96,53.57,0.919666826725006,2.5444974899292,4.65158843994141
"2024-04-17 15:07:32.0000",10.36,54.78,0.963934063911438,3.96488094329834,9.98483657836914
"2024-04-17 15:37:24.0000",10.5,55.71,0.949725747108459,3.9040789604187,12.2597513198853
"2024-04-17 16:07:22.0000",10.33,54.55,0.791981518268585,3.43926739692688,13.3258438110352
"2024-04-17 16:37:14.0000",10.17,55.08,0.714949786663055,3.39998841285706,11.4182052612305
"2024-04-17 17:07:11.0000",10.43,56.25,1.05251848697662,5.58177518844604,19.7477703094482
"2024-04-17 17:37:03.0000",9.8,58.97,1.23695361614227,4.58527088165283,10.3296098709106
"2024-04-17 18:07:00.0000",9.3,60.76,1.04881405830383,5.11626720428467,16.210054397583
"2024-04-17 18:36:52.0000",9.06,61.73,0.373013138771057,2.17849826812744,5.52807235717773
"2024-04-17 19:06:49.0000",8.4,61.85,1.38498973846436,5.62949895858765,11.4788970947266
"2024-04-17 19:36:41.0000",7.53,64.08,1.199178814888,4.95298194885254,22.7409191131592
"2024-04-17 20:06:34.0000",6.96,65.1,1.34248328208923,6.86013555526733,35.2820091247559
"2024-04-17 20:36:25.0000",6.38,65.55,1.31013906002045,5.89995431900024,18.8990821838379
"2024-04-17 21:06:23.0000",5.74,65.99,1.46743631362915,6.24195289611816,14.3156118392944
"2024-04-17 21:36:15.0000",5.12,67.29,0.916329503059387,3.98254990577698,8.72036457061768
"2024-04-17 22:06:12.0000",4.65,66.38,0.986681282520294,3.26101016998291,19.359691619873
"2024-04-17 22:36:10.0000",3.7,66.51,0.695069551467896,2.40807294845581,5.24268579483032
"2024-04-17 23:06:01.0000",3.14,66.66,0.780334651470184,2.66749978065491,10.2333364486694
"2024-04-17 23:35:53.0000",2.05,67.28,0.645094931125641,2.30985426902771,12.3303146362305
"2024-04-18 00:05:51.0000",1.94,67.62,0.688053786754608,2.40197610855103,9.06431293487549
"2024-04-18 00:35:47.0000",1.12,67.92,0.885467231273651,3.82187676429749,9.83186054229736
"2024-04-18 01:05:39.0000",0.55,68.69,0.834715723991394,2.55394816398621,8.55681705474854
"2024-04-18 01:35:31.0000",-0.02,68.99,0.824966251850128,2.76165270805359,8.21962070465088
"2024-04-18 02:05:28.0000",-0.43,69.49,0.882778108119965,3.24459624290466,8.67071056365967
"2024-04-18 02:35:20.0000",-0.71,69.97,0.739877939224243,3.3023853302002,19.082706451416
"2024-04-18 03:05:17.0000",-1.1,70.36,0.862059235572815,3.20521402359009,8.28014469146729
"2024-04-18 03:35:15.0000",-1.12,70.78,1.08280158042908,3.6157865524292,12.9079170227051
"2024-04-18 04:05:07.0000",-1.23,70.99,2.40990924835205,6.2598123550415,15.6134605407715
"2024-04-18 04:35:03.0000",-1.37,71.45,1.60584402084351,5.54091787338257,16.4319839477539
"2024-04-18 05:05:00.0000",-1.3,72.01,2.30434894561768,10.5332136154175,48.5615119934082
"2024-04-18 05:34:58.0000",-0.59,72.52,1.74935781955719,5.86876821517944,19.2364902496338
"2024-04-18 06:05:01.0000",3.64,68.34,1.61518132686615,6.10344696044922,35.4521026611328
"2024-04-18 06:35:02.0000",7.07,67.04,1.50615060329437,5.96835279464722,23.1549396514893
"2024-04-18 07:05:04.0000",9.78,65.82,1.67733240127563,6.29095506668091,25.3549556732178
"2024-04-18 07:35:02.0000",9.59,66.41,2.48009991645813,7.25190448760986,22.7912120819092
"2024-04-18 08:04:59.0000",9.35,66.44,1.52551984786987,7.60456514358521,44.3068046569824
"2024-04-18 08:34:56.0000",12.25,65.32,1.22397756576538,3.771075963974,12.4216804504395
"2024-04-18 09:04:57.0000",12.54,62.23,1.00364530086517,3.73501944541931,8.64690113067627
"2024-04-18 09:34:50.0000",10.94,63.26,0.929335653781891,3.75751614570618,27.5331802368164
"2024-04-18 10:04:47.0000",11.76,62.95,0.758711695671082,3.00588345527649,9.32022762298584
"2024-04-18 10:34:45.0000",12.96,61.23,0.641775786876678,2.68185710906982,15.0446186065674
"2024-04-18 11:04:41.0000",13.22,57.1,0.851847946643829,4.57745552062988,33.8967475891113
"2024-04-18 11:34:34.0000",11.99,57.93,0.827761113643646,4.32249355316162,22.7298030853271
"2024-04-18 12:04:31.0000",13.14,57.58,0.860995948314667,3.61201214790344,15.8009958267212
"2024-04-18 12:34:23.0000",13.01,57.63,0.775951206684113,3.01958823204041,9.70997142791748
"2024-04-18 13:04:19.0000",12.53,57.07,0.837417781352997,4.7205958366394,26.8490829467773
"2024-04-18 13:34:17.0000",11.68,57.58,0.646990656852722,2.89465236663818,18.7047653198242
"2024-04-18 14:04:09.0000",10.27,61.64,1.14830207824707,4.05180835723877,8.53197002410889
"2024-04-18 14:34:00.0000",9.33,67.73,1.34118890762329,5.06165456771851,19.2158203125
"2024-04-18 15:03:58.0000",8.59,70.51,0.91899961233139,2.8171980381012,11.7728729248047
"2024-04-18 15:33:50.0000",8.53,72.49,1.22634041309357,3.99059152603149,9.81945705413818
"2024-04-18 16:03:47.0000",8.61,73.53,1.08929765224457,3.23846435546875,18.7033042907715
"2024-04-18 16:33:44.0000",8.03,74.86,0.824955463409424,2.85434651374817,6.05406856536865
"2024-04-18 17:03:41.0000",7.84,77.98,0.85620242357254,2.60346102714539,6.38906288146973
"2024-04-18 17:33:38.0000",8.02,79.23,1.34097576141357,2.87743234634399,7.14562797546387
"2024-04-18 18:03:36.0000",7.98,80.79,0.644106388092041,2.05208158493042,4.41840791702271
"2024-04-18 18:33:27.0000",7.95,82.61,0.495325416326523,1.67976486682892,4.28896808624268
"2024-04-18 19:03:25.0000",8.3,82.95,0.547024726867676,2.28932309150696,5.92296504974365
"2024-04-18 19:33:22.0000",8.56,83.99,1.4231595993042,4.78144550323486,10.7397727966309
"2024-04-18 20:03:14.0000",8.97,85.02,1.01498377323151,4.78170013427734,11.2066898345947
"2024-04-18 20:33:11.0000",9.21,85.88,1.07711040973663,5.52621698379517,19.2265911102295
"2024-04-18 21:03:07.0000",8.91,86.88,1.49281525611877,7.44946432113647,17.4858779907227
"2024-04-18 21:33:01.0000",8.9,88.31,2.36717820167542,9.09567451477051,17.3878173828125
"2024-04-18 22:02:58.0000",8.93,87.89,1.49549221992493,7.13525772094727,18.2406768798828
"2024-04-18 22:32:49.0000",9.17,87.62,3.50524306297302,10.0629262924194,27.7896461486816
"2024-04-18 23:02:52.0000",9.18,87.12,1.44915568828583,7.04709911346436,21.0297412872314
"2024-04-18 23:32:44.0000",9.12,91.56,1.7383234500885,8.31048202514648,21.1989555358887
"2024-04-19 00:02:41.0000",9.01,90.29,2.86367774009705,12.1673612594604,24.1760196685791
"2024-04-19 00:32:32.0000",8.95,90.25,2.83829927444458,14.0712099075317,38.2636489868164
"2024-04-19 01:02:30.0000",8.93,90.61,1.96878623962402,9.04183292388916,22.3931198120117
"2024-04-19 01:32:27.0000",8.93,90.99,1.74060571193695,8.63323211669922,17.8278656005859
"2024-04-19 02:02:24.0000",8.91,90.79,24.2770404815674,31.1526489257812,45.1269149780273
"2024-04-19 02:32:20.0000",8.8,92.17,1.38201475143433,7.1176962852478,17.1440849304199
"2024-04-19 03:02:12.0000",8.77,92.51,0.898925721645355,4.3361120223999,11.7171277999878
"2024-04-19 03:32:10.0000",8.81,93.05,1.04262208938599,4.23377227783203,11.9856414794922
"2024-04-19 04:02:34.0000",8.77,92.84,1.41331577301025,5.47900056838989,14.8906564712524
"2024-04-19 04:32:04.0000",8.81,92.62,1.11394536495209,5.0823221206665,15.9473171234131
"2024-04-19 05:02:02.0000",8.88,92.48,0.658001303672791,2.79304695129395,6.28941345214844
"2024-04-19 05:31:53.0000",8.97,91.56,1.85700058937073,9.37993431091309,19.0985107421875
"2024-04-19 06:01:50.0000",8.68,95.74,-1.40986488597765e31,-1.40986488597765e31,-1.40986488597765e31
"2024-04-19 06:31:42.0000",8.54,99.05,1.71184134483337,8.05551242828369,19.9341831207275
"2024-04-19 07:01:41.0000",8.68,99.38,1.37182211875916,5.21090841293335,9.67111301422119
"2024-04-19 07:31:32.0000",8.59,98.73,1.08807110786438,4.73491096496582,12.0410480499268
"2024-04-19 08:01:28.0000",8.74,97.63,0.677034556865692,3.4863555431366,10.0853090286255
"2024-04-19 08:31:26.0000",9.15,96.78,-1.40986488597765e31,-1.40986488597765e31,-1.40986488597765e31
"2024-04-19 09:01:22.0000",11.98,90.17,0.647340416908264,3.25670433044434,8.67816829681396
"2024-04-19 09:31:26.0000",13.63,65.35,0.700735211372375,3.20347905158997,10.8383197784424
"2024-04-19 10:01:22.0000",13.39,62.14,1.5357551574707,7.34885454177856,23.0713119506836
"2024-04-19 10:31:14.0000",13.4,60.73,0.700943410396576,3.65317869186401,11.9841737747192
"2024-04-19 11:01:11.0000",13.31,58.94,1.49003076553345,6.16102123260498,16.766077041626
"2024-04-19 11:31:09.0000",13.2,58.66,1.4376962184906,5.33343648910522,16.5411357879639
"2024-04-19 12:01:06.0000",13.34,58.17,1.6378288269043,4.95425987243652,21.0127964019775
"2024-04-19 12:31:03.0000",13.13,57.88,3.42819738388062,8.3161735534668,21.8916664123535
"2024-04-19 13:00:59.0000",13.59,58,2.23242783546448,6.11118078231812,16.7344741821289
"2024-04-19 13:30:52.0000",13.59,55.98,0.954147696495056,2.63075804710388,11.30579662323
"2024-04-19 14:00:49.0000",14.13,56.37,2.27498626708984,6.47253656387329,12.6057615280151
"2024-04-19 14:30:42.0000",13.2,56.69,2.39819145202637,5.99248743057251,13.1123075485229
"2024-04-19 15:00:37.0000",13.58,55.54,1.11908519268036,2.4349672794342,5.7445764541626
"2024-04-19 15:30:35.0000",13.12,55.03,1.93172705173492,4.90882253646851,10.6756057739258
"2024-04-19 16:00:32.0000",12.96,57.22,1.77518689632416,4.85021638870239,11.0067539215088
"2024-04-19 16:30:25.0000",12.55,57.04,2.33699584007263,5.47100019454956,11.3973331451416
"2024-04-19 17:00:22.0000",12,59.77,3.51332449913025,9.53322792053223,28.5998382568359
"2024-04-19 17:30:20.0000",11.39,61.84,1.19673717021942,2.48073649406433,4.59841251373291
"2024-04-19 18:00:11.0000",11.05,64.3,2.48986387252808,6.36806201934814,22.7075119018555
"2024-04-19 18:30:08.0000",11.06,64.02,2.10347104072571,5.16988134384155,10.1273384094238
"2024-04-19 19:00:00.0000",10.22,63.54,1.09426414966583,2.94666242599487,7.63646602630615
"2024-04-19 19:29:56.0000",9.46,63.77,0.763708770275116,2.2495174407959,10.2606782913208
"2024-04-19 19:59:50.0000",8.58,65.34,1.54574000835419,4.45572137832642,10.9433078765869
"2024-04-19 20:29:46.0000",8.14,67.16,1.76673269271851,4.76531934738159,10.4690971374512
"2024-04-19 20:59:40.0000",7.39,66.66,1.60484433174133,5.56695461273193,19.504415512085
"2024-04-19 21:29:35.0000",6.47,67.31,1.58726763725281,5.50850534439087,13.0010404586792
"2024-04-19 21:59:27.0000",5.71,67.64,1.62264811992645,5.20995092391968,18.5818901062012
"2024-04-19 22:29:25.0000",4.79,67.8,1.43485689163208,6.34034585952759,18.7957096099854
"2024-04-19 22:59:16.0000",3.52,68.61,1.74790716171265,6.66814374923706,21.6973896026611
"2024-04-19 23:29:08.0000",2.65,69.36,1.69799530506134,5.30437040328979,14.0825223922729
"2024-04-19 23:59:05.0000",2.01,69.83,1.67129182815552,4.97267436981201,8.95173645019531
"2024-04-20 00:29:03.0000",1.53,70.34,1.56266605854034,5.54066133499146,20.4267463684082
"2024-04-20 00:58:55.0000",1.04,71.11,1.72650802135468,5.45243644714355,13.2169904708862
"2024-04-20 01:28:51.0000",0.81,71.52,1.65453279018402,5.91927099227905,15.3585863113403
"2024-04-20 01:58:44.0000",0.65,71.9,1.69154834747314,5.45825099945068,19.5246868133545
"2024-04-20 02:28:41.0000",0.21,72.09,1.6810759305954,6.08011913299561,17.8919982910156
"2024-04-20 02:58:38.0000",-0.18,72.43,1.66366505622864,6.16122007369995,14.3288240432739
"2024-04-20 03:28:30.0000",-0.43,73.07,1.91954624652863,6.06327295303345,11.9986505508423
"2024-04-20 03:58:27.0000",-0.6,73.55,2.14132714271545,7.07297039031982,13.3314266204834
"2024-04-20 04:28:18.0000",-0.61,73.62,1.90827393531799,6.41930961608887,16.1314296722412
"2024-04-20 04:58:15.0000",-0.58,73.91,2.21005487442017,7.60872268676758,15.7814483642578
"2024-04-20 05:28:14.0000",-0.2,74.92,2.14946389198303,6.92443227767944,13.7501974105835
"2024-04-20 05:58:10.0000",3.39,70.88,1.80978417396545,4.52718734741211,14.0986595153809
"2024-04-20 06:28:18.0000",7.86,67.77,39.7467231750488,42.4802322387695,52.9106521606445
"2024-04-20 06:58:14.0000",10.98,67.31,1.75599241256714,5.62851810455322,16.766185760498
"2024-04-20 07:28:17.0000",14.01,65.54,1.4308135509491,4.76622724533081,16.7685451507568
"2024-04-20 07:58:14.0000",14.85,64.36,1.48408234119415,5.34918880462646,15.3197584152222
"2024-04-20 08:28:11.0000",12.36,64.39,1.1971116065979,3.58420252799988,19.6207313537598
"2024-04-20 08:58:03.0000",11.03,65.54,1.27954435348511,5.13579320907593,19.4100170135498
"2024-04-20 09:28:00.0000",12.52,64.86,1.46300172805786,4.26349782943726,12.5931015014648
"2024-04-20 09:57:58.0000",14.19,62.31,0.958986103534698,3.21705865859985,17.6069622039795
"2024-04-20 10:28:00.0000",15.78,58.18,0.970660865306854,2.76547241210938,7.7710862159729
"2024-04-20 10:57:51.0000",14.67,58.24,1.15184509754181,3.96740412712097,9.95626449584961
"2024-04-20 11:27:45.0000",14.72,57.85,1.17201054096222,4.05852174758911,8.6300630569458
"2024-04-20 11:57:42.0000",14.88,55.41,1.15758526325226,3.90647077560425,16.6013126373291
"2024-04-20 12:27:38.0000",14.46,50.06,1.02821898460388,3.36258053779602,8.74809074401855
"2024-04-20 12:57:35.0000",14.86,49.84,0.965810000896454,3.28450751304626,11.5878782272339
"2024-04-20 13:27:32.0000",15.18,46.58,0.760237514972687,3.14846515655518,7.59071397781372
"2024-04-20 13:57:29.0000",14.78,45.48,0.668670237064362,1.92878401279449,7.60027647018433
"2024-04-20 14:27:22.0000",14.4,45.55,0.480351537466049,1.78361237049103,11.9154720306396
"2024-04-20 14:57:19.0000",14.15,43.67,0.992641687393188,3.35371041297913,10.2704763412476
"2024-04-20 15:27:10.0000",13.88,41.21,0.669266581535339,2.2504677772522,6.50692844390869
"2024-04-20 15:57:08.0000",14.2,41.29,0.741290926933289,2.70389008522034,7.09935998916626
"2024-04-20 16:27:05.0000",14.1,40.13,0.765846788883209,3.01461052894592,10.2001581192017
"2024-04-20 16:56:57.0000",13.67,42.47,0.842501401901245,3.15757060050964,7.06343269348145
"2024-04-20 17:26:54.0000",12.91,45.89,1.03591668605804,3.45322036743164,20.0166606903076
"2024-04-20 17:56:47.0000",12.33,47.55,1.03312611579895,3.22436213493347,10.5519227981567
"2024-04-20 18:26:43.0000",11.09,49.95,2.06406664848328,8.42071533203125,19.0268688201904
"2024-04-20 19:26:28.0000",8.65,56.08,0.993438065052032,3.53468227386475,11.6866416931152
"2024-04-20 19:56:24.0000",7.98,59,1.20842707157135,5.28871822357178,21.3470478057861
"2024-04-20 20:26:16.0000",7.48,60.58,1.52796995639801,6.14200925827026,16.7649898529053
"2024-04-20 20:56:13.0000",7,61.09,1.70587956905365,6.29753255844116,11.6887073516846
"2024-04-20 21:26:10.0000",6.56,61.91,1.95856130123138,7.40067911148071,23.156795501709
"2024-04-20 21:56:02.0000",6.05,62.6,1.62052035331726,5.538743019104,17.8736381530762
"2024-04-20 22:26:00.0000",5.51,63.43,2.3438560962677,8.7774829864502,26.0415306091309
"2024-04-20 22:55:51.0000",4.78,64.12,1.90022659301758,7.65270185470581,26.1236114501953
"2024-04-20 23:25:49.0000",5.27,65.96,2.19979166984558,6.16839170455933,11.2189025878906
"2024-04-20 23:55:40.0000",4.92,65.87,2.62037181854248,8.33182621002197,17.0045509338379
"2024-04-21 00:25:37.0000",4.3,66.68,2.67185473442078,8.22532367706299,16.3205261230469
"2024-04-21 00:55:34.0000",4.74,67.31,2.18491411209106,6.39816617965698,11.6574449539185
"2024-04-21 01:25:32.0000",5.44,67.03,1.94336044788361,6.99966096878052,15.1130352020264
"2024-04-21 01:55:29.0000",5.85,67.55,1.71599924564362,5.55495023727417,17.7366333007812
"2024-04-21 02:25:26.0000",6.4,68.18,1.82831251621246,5.8546724319458,20.773458480835
"2024-04-21 02:55:23.0000",6.78,68.69,2.03571581840515,6.94546318054199,18.5895195007324
"2024-04-21 03:25:20.0000",6.77,69.5,2.01800942420959,6.92121124267578,23.4073390960693
"2024-04-21 03:55:18.0000",6.77,70.09,1.92616105079651,6.4846510887146,12.6874055862427
"2024-04-21 04:25:09.0000",6.7,69.77,1.50868439674377,5.57354831695557,16.0952548980713
"2024-04-21 04:55:07.0000",6.63,69.39,1.39288568496704,4.48466014862061,13.832483291626
"2024-04-21 05:25:04.0000",6.72,69.06,1.12718212604523,4.34289836883545,10.2120819091797
"2024-04-21 05:54:57.0000",6.89,68.51,1.14295589923859,5.61314535140991,16.6734962463379
"2024-04-21 06:24:53.0000",7.09,67.76,1.09852886199951,4.02437305450439,8.61814880371094
"2024-04-21 06:54:50.0000",7.09,67.66,1.15309846401215,4.77547788619995,15.1232566833496
"2024-04-21 07:24:42.0000",7.02,67.98,1.31899237632751,4.94709491729736,10.9556751251221
"2024-04-21 07:54:39.0000",7.22,67.51,1.41886520385742,5.11064767837524,10.6683225631714
"2024-04-21 08:24:36.0000",7.31,68.32,1.58455145359039,6.81457757949829,20.071361541748
"2024-04-21 08:54:33.0000",8.55,67.28,1.42260468006134,4.82380104064941,29.266580581665
"2024-04-21 09:24:36.0000",10.11,65.58,1.39063286781311,4.53663110733032,10.2236843109131
"2024-04-21 09:54:39.0000",11.86,62.95,1.38799524307251,4.92613649368286,14.0160036087036
"2024-04-21 10:24:36.0000",13.94,58.79,1.6824676990509,6.0818395614624,15.8763875961304
"2024-04-21 10:54:27.0000",13.5,62,1.39019858837128,4.02559328079224,7.27658224105835
"2024-04-21 11:24:29.0000",14.23,59.1,1.39849638938904,4.77911710739136,10.5066709518433
"2024-04-21 11:54:16.0000",13.22,60.88,1.56303822994232,6.18946313858032,23.2612190246582
"2024-04-21 12:24:19.0000",13.88,59.59,2.1403796672821,6.70585536956787,20.2671375274658
"2024-04-21 12:54:11.0000",14.14,60.45,1.40987825393677,4.43744897842407,13.5377025604248
"2024-04-21 13:24:08.0000",13.75,57.98,1.23030805587769,4.39158964157104,12.9502201080322
"2024-04-21 13:54:00.0000",13.61,55.91,1.0504777431488,3.233323097229,7.91898012161255
"2024-04-21 14:23:57.0000",13.56,54.86,0.944774985313416,3.78084206581116,10.6189870834351
"2024-04-21 14:53:54.0000",13.41,54.21,1.02640068531036,3.76504158973694,15.1421527862549
"2024-04-21 15:23:51.0000",13.6,54.65,0.984026432037354,4.69844627380371,18.6214618682861
"2024-04-21 15:53:48.0000",13.63,53.77,0.868876338005066,3.44220590591431,12.5299158096313
"2024-04-21 16:23:40.0000",13.22,55.5,1.53621590137482,5.04424524307251,19.1697521209717
"2024-04-21 16:53:37.0000",13.38,55.6,1.39151251316071,5.01188707351685,17.6718235015869
"2024-04-21 17:23:29.0000",12.78,56.16,1.19733119010925,4.43507099151611,12.4985437393188
"2024-04-21 17:53:25.0000",12.5,56.84,1.1984269618988,4.62437295913696,11.9529609680176
"2024-04-21 18:23:18.0000",11.56,58.97,1.26226580142975,3.81238102912903,11.1579914093018
"2024-04-21 18:53:15.0000",10.61,61.96,1.37574648857117,5.03867816925049,12.1391897201538
"2024-04-21 19:23:07.0000",9.9,63.75,1.59709239006042,4.89181041717529,17.0103225708008
"2024-04-21 19:53:00.0000",9.51,64.47,1.66644537448883,7.16088104248047,30.1350555419922
"2024-04-21 20:22:57.0000",9.23,65.64,1.68626987934113,6.28364992141724,13.9482793807983
"2024-04-21 20:52:50.0000",9,66.28,1.55604839324951,5.60368061065674,16.5976314544678
"2024-04-21 21:22:46.0000",8.88,67.41,1.61338913440704,5.15566539764404,13.9040279388428
"2024-04-21 21:52:43.0000",8.74,68.39,1.68794047832489,6.45475196838379,14.281286239624
"2024-04-21 22:22:40.0000",8.64,68.63,1.65913879871368,6.39534473419189,26.7661476135254
"2024-04-21 22:52:32.0000",8.56,68.97,1.68838727474213,5.41168785095215,11.9042310714722
"2024-04-21 23:22:29.0000",8.49,68.69,1.70911645889282,5.46343183517456,16.9372673034668
"2024-04-21 23:52:25.0000",8.47,68.96,2.01528215408325,6.18295383453369,26.2425994873047
"2024-04-22 00:22:18.0000",8.43,68.52,1.2994499206543,5.18313264846802,10.7521314620972
"2024-04-22 00:52:14.0000",8.37,67.24,1.05474627017975,3.81208229064941,10.7919130325317
"2024-04-22 01:22:13.0000",8.21,66.52,0.890510380268097,3.10373163223267,8.21102046966553
"2024-04-22 01:52:09.0000",8.09,66.05,0.910763502120972,4.34604501724243,14.1221122741699
"2024-04-22 02:22:06.0000",7.84,65.8,1.01146376132965,3.59822773933411,8.39476490020752
"2024-04-22 02:52:04.0000",7.82,65.57,1.16227197647095,4.25916147232056,11.6694765090942
"2024-04-22 03:21:56.0000",7.62,65.89,1.38362193107605,4.7513861656189,9.62277984619141
"2024-04-22 03:51:52.0000",7.44,66.34,1.29301989078522,4.60188674926758,13.7560768127441
"2024-04-22 04:21:50.0000",7.45,66.64,1.46520149707794,5.48452091217041,12.9460134506226
"2024-04-22 04:51:42.0000",7.11,67.38,1.75587260723114,6.25235462188721,14.8199634552002
"2024-04-22 05:21:39.0000",7.58,69.15,2.66625738143921,7.58737468719482,21.5729064941406
"2024-04-22 05:51:36.0000",8.26,73.55,1.61297416687012,5.85107612609863,12.8517580032349
"2024-04-22 06:21:33.0000",8.77,74.05,1.73661506175995,5.67015600204468,20.1383075714111
"2024-04-22 06:51:30.0000",9.05,76.15,1.97142112255096,7.78016185760498,24.5989398956299
"2024-04-22 07:21:28.0000",9.37,76.65,1.85415267944336,5.11372470855713,14.3375253677368
"2024-04-22 07:51:25.0000",9.8,78.3,2.15471529960632,6.84802627563477,15.5019702911377
"2024-04-22 08:21:23.0000",9.79,79.12,2.33264255523682,8.08012199401855,17.3362483978271
"2024-04-22 08:51:20.0000",10.11,79.41,2.65837836265564,9.19322967529297,22.0509433746338
"2024-04-22 09:21:16.0000",10.64,79.5,2.11350440979004,6.17542743682861,22.9439926147461
"2024-04-22 09:51:14.0000",13.39,73.37,1.70302271842957,5.02717685699463,13.8385906219482
"2024-04-22 10:21:15.0000",15.05,67.54,1.4069949388504,4.26685047149658,19.5919914245605
"2024-04-22 10:51:07.0000",14.35,66.5,1.52241098880768,5.33785915374756,12.6966962814331
"2024-04-22 11:21:04.0000",15.74,60.51,1.20718669891357,4.26461982727051,13.1430263519287
"2024-04-22 11:50:57.0000",15.2,60.63,0.970405101776123,4.16595268249512,11.628999710083
"2024-04-22 12:20:54.0000",14.99,58.55,0.606267511844635,2.36992406845093,6.77066802978516
"2024-04-22 12:50:51.0000",14.19,60.33,1.2548987865448,4.22094488143921,14.0758190155029
"2024-04-22 13:20:48.0000",13.16,60.88,0.826086938381195,2.96262073516846,6.35414123535156
"2024-04-22 13:50:39.0000",11.56,64.73,0.951350629329681,3.29928946495056,7.15546751022339
"2024-04-22 14:20:32.0000",10.72,67.48,1.22766900062561,4.73973703384399,11.5912666320801
"2024-04-22 14:50:28.0000",10.6,68.64,1.14475286006927,4.63425922393799,14.0740203857422
"2024-04-22 15:20:27.0000",10.37,69.35,35.8253211975098,40.3581008911133,51.6152305603027
"2024-04-22 15:50:19.0000",9.9,70.74,1.57471477985382,5.81072330474854,21.0134105682373
"2024-04-22 16:20:15.0000",9.52,72.37,1.79557383060455,6.09832906723022,32.085376739502
"2024-04-22 16:50:07.0000",9.1,74.26,2.35508751869202,6.09044551849365,12.906551361084
"2024-04-22 17:20:04.0000",8.78,75.28,3.03126072883606,7.07081270217896,14.0009908676147
"2024-04-22 17:49:56.0000",8.73,76.72,2.42168188095093,6.78852653503418,13.137770652771
"2024-04-22 18:19:53.0000",8.83,77.48,3.1420955657959,7.69358062744141,13.9275703430176
"2024-04-22 18:49:51.0000",9.03,78.12,3.33988404273987,7.4082727432251,19.6233043670654
"2024-04-22 19:19:43.0000",9.09,78.67,3.17207336425781,8.9224681854248,20.0158958435059
"2024-04-22 19:49:39.0000",9.27,79.29,3.95457935333252,7.43396472930908,14.8872833251953
"2024-04-22 20:19:37.0000",8.99,80.28,4.51735496520996,7.9122896194458,12.866379737854
"2024-04-22 20:49:35.0000",8.63,81.21,5.67176246643066,9.91835975646973,21.3157138824463
"2024-04-22 21:19:26.0000",8.02,82.02,6.90119695663452,11.5907487869263,22.2630195617676
"2024-04-22 21:49:19.0000",7.25,83.03,7.35001516342163,12.9077339172363,27.4340343475342
"2024-04-22 22:19:14.0000",7.27,83.48,6.90870380401611,11.4565458297729,16.3691329956055
"2024-04-22 22:49:11.0000",7.9,83.56,6.82131385803223,13.3582973480225,29.0427360534668
"2024-04-22 23:19:10.0000",8.28,83.78,6.74870538711548,13.6421728134155,22.566255569458
"2024-04-22 23:49:06.0000",8.44,83.92,5.10193538665771,10.3868064880371,23.1814193725586
"2024-04-23 00:18:59.0000",8.01,84.98,5.47229194641113,10.8209943771362,20.964973449707
"2024-04-23 00:48:56.0000",7.97,85.84,4.65565490722656,9.66993427276611,17.2324142456055
"2024-04-23 01:18:48.0000",7.96,88.08,3.39980125427246,5.92590713500977,14.4073705673218
"2024-04-23 01:48:45.0000",7.5,87.53,1.94126605987549,4.49569988250732,7.41817855834961
"2024-04-23 02:18:41.0000",7.3,87.19,1.54754245281219,4.48745441436768,7.82742738723755
"2024-04-23 02:48:34.0000",7.17,86.34,1.47507929801941,5.66187763214111,11.2662324905396
"2024-04-23 03:18:30.0000",6.98,85.97,1.50231194496155,6.3941855430603,14.4369983673096
"2024-04-23 03:48:23.0000",6.67,85.73,1.92357110977173,8.53973865509033,16.7182598114014
"2024-04-23 04:18:20.0000",6.42,85.24,2.05200409889221,8.86358261108398,27.0810642242432
"2024-04-23 04:48:11.0000",6.25,84.91,26.2552452087402,31.1170673370361,38.3215713500977
"2024-04-23 05:18:09.0000",6.32,84.79,1.96465170383453,8.20386600494385,21.9152870178223
"2024-04-23 05:48:06.0000",6.59,83.94,2.04843425750732,8.03795719146729,18.1314506530762
"2024-04-23 06:18:03.0000",7.56,81.98,2.17236757278442,9.33927917480469,21.0865840911865
"2024-04-23 06:48:01.0000",9.39,79.97,1.75061881542206,6.74699831008911,14.2987365722656
"2024-04-23 07:17:57.0000",9.71,76.87,1.99382925033569,8.46563529968262,27.0411815643311
"2024-04-23 07:47:55.0000",10.93,72.55,1.71994876861572,6.64803075790405,29.3874988555908
"2024-04-23 08:17:52.0000",13.61,69.06,1.47353184223175,6.44276762008667,24.1003437042236
"2024-04-23 08:47:49.0000",13.03,66.95,1.543013215065,5.42300796508789,9.38249683380127
"2024-04-23 09:17:46.0000",13.47,62.37,1.56898152828217,6.5824294090271,16.2449951171875
"2024-04-23 09:47:43.0000",13.85,61.39,1.35175979137421,5.27962732315063,15.0661897659302
"2024-04-23 10:17:41.0000",13.77,59.65,1.28928077220917,4.48595666885376,8.69301891326904
"2024-04-23 10:47:32.0000",14.13,59.38,1.2288031578064,4.49289846420288,12.9549674987793
"2024-04-23 11:17:29.0000",13.78,59.14,1.38101541996002,4.98713207244873,13.8914785385132
"2024-04-23 11:47:27.0000",13.33,54.88,1.20057761669159,4.49356889724731,12.3729543685913
"2024-04-23 12:17:23.0000",13.2,53.02,1.35517477989197,3.81317162513733,8.5548152923584
"2024-04-23 12:47:16.0000",12.72,52.21,2.00181078910828,6.20794248580933,11.0873193740845
"2024-04-23 13:17:14.0000",12.78,54.97,2.17155718803406,8.18314647674561,22.2710552215576
"2024-04-23 13:47:11.0000",13.25,52.95,2.32523822784424,7.55767107009888,28.847017288208
"2024-04-23 14:17:07.0000",12.75,52.06,1.95886635780334,7.52895069122314,23.3552112579346
"2024-04-23 14:46:59.0000",12.18,51.58,2.53479361534119,9.76028823852539,24.9826946258545
"2024-04-23 15:16:57.0000",11.92,52.84,1.70368814468384,6.93378114700317,18.0190525054932
"2024-04-23 15:46:48.0000",11.88,54.34,1.16281402111053,4.89967679977417,9.47267150878906
"2024-04-23 16:16:45.0000",11.79,54.74,1.79564118385315,7.62960815429688,16.4895324707031
"2024-04-23 16:46:42.0000",11.52,55.03,2.52689003944397,9.70472431182861,19.9109191894531
"2024-04-23 17:16:40.0000",11.25,55.94,2.09601712226868,8.74923133850098,20.6999416351318
"2024-04-23 17:46:31.0000",10.7,55.73,2.14332175254822,8.83166027069092,24.1249256134033
"2024-04-23 18:16:28.0000",10.09,56.78,1.95906043052673,8.62612056732178,23.8458709716797
"2024-04-23 18:46:20.0000",9.47,59.23,2.06603717803955,9.22701930999756,17.8194274902344
"2024-04-23 19:16:17.0000",8.52,61.24,2.15401911735535,8.62367057800293,17.6156368255615
"2024-04-23 19:46:10.0000",8.16,61.84,2.31821632385254,9.70888614654541,28.6971797943115
"2024-04-23 20:16:06.0000",8.18,63.76,1.91370677947998,7.39646100997925,17.4910182952881
"2024-04-23 20:46:04.0000",8.48,66.75,2.23829936981201,9.9882926940918,22.3925399780273
"2024-04-23 21:15:56.0000",8.4,68.19,2.58944392204285,11.3985910415649,26.2751903533936
"2024-04-23 21:45:53.0000",8.25,68.83,2.34066772460938,8.99985218048096,40.7828025817871
"2024-04-23 22:15:50.0000",8.16,70.07,2.13655614852905,9.02365875244141,23.9509048461914
"2024-04-23 22:45:48.0000",8.17,70.52,2.17571067810059,9.37772750854492,22.4464797973633
"2024-04-23 23:15:39.0000",8.15,72.56,2.08582615852356,9.66459274291992,24.5865955352783
"2024-04-23 23:45:36.0000",8.22,73.76,2.52254128456116,11.6273641586304,32.9898796081543
"2024-04-24 00:15:34.0000",8.14,74.72,2.81445789337158,13.0282897949219,29.97434425354
"2024-04-24 00:45:25.0000",8.04,75.6,2.59243273735046,11.0023174285889,24.8228797912598
"2024-04-24 01:15:23.0000",8.07,76.17,3.1366138458252,13.9029874801636,40.0581359863281
"2024-04-24 01:45:20.0000",8.24,75.84,3.25058698654175,13.202919960022,28.2234401702881
"2024-04-24 02:15:16.0000",6.46,76.03,69.3518218994141,75.3305587768555,81.8493957519531
"2024-04-24 02:45:09.0000",5.23,81.01,2.85342574119568,11.5541086196899,22.039176940918
"2024-04-24 03:15:05.0000",5.45,81.46,2.66307663917542,11.3439102172852,27.7542171478271
"2024-04-24 03:44:58.0000",4.75,81.47,2.18526077270508,8.28149318695068,15.251293182373
"2024-04-24 04:14:55.0000",3.98,81.81,2.1380615234375,9.05263614654541,19.070613861084
"2024-04-24 04:44:52.0000",4.27,82.37,2.20084691047668,7.71880912780762,22.2815856933594
"2024-04-24 05:14:44.0000",4.58,81.51,60.8320198059082,65.7921295166016,73.1255111694336
"2024-04-24 05:44:46.0000",5.67,80.01,1.46854603290558,5.31610870361328,13.0733757019043
"2024-04-24 06:14:44.0000",6.15,76.5,1.65409111976624,5.75142192840576,10.5447959899902
"2024-04-24 06:44:36.0000",6.34,76.34,1.73994016647339,7.04205751419067,16.9090232849121
"2024-04-24 07:14:33.0000",6.69,73.38,1.64161145687103,5.61003732681274,14.1773824691772
"2024-04-24 07:44:34.0000",8.24,70.53,1.54507303237915,6.31884145736694,23.1525993347168
"2024-04-24 08:14:31.0000",11.42,69.02,2.36122107505798,4.69669771194458,10.7111253738403
"2024-04-24 08:44:34.0000",12.73,62.35,1.15591168403625,4.53137588500977,14.6449327468872
"2024-04-24 09:14:30.0000",13.81,58.32,1.20426189899445,4.33487415313721,21.9580898284912
"2024-04-24 09:44:29.0000",14.13,51.92,0.939034402370453,2.68385028839111,5.77711391448975
"2024-04-24 10:14:26.0000",14.82,51.47,1.23538422584534,4.45139741897583,11.949595451355
"2024-04-24 10:44:18.0000",12.56,48.21,1.18757617473602,4.24465179443359,16.2866611480713
"2024-04-24 11:14:15.0000",12.7,51.17,1.01720035076141,3.02672576904297,7.28750371932983
"2024-04-24 11:44:17.0000",13.68,48.39,0.971169292926788,3.234210729599,6.8087797164917
"2024-04-24 12:14:09.0000",12.67,45.69,1.13475120067596,4.06413316726685,14.8550081253052
"2024-04-24 12:44:06.0000",13.08,48.39,1.26529848575592,4.80465507507324,20.3928756713867
"2024-04-24 13:13:58.0000",13.16,44.94,1.14505338668823,5.02251386642456,17.5090141296387
"2024-04-24 13:43:51.0000",12.22,47.43,1.22436416149139,5.00045251846313,20.6451759338379
"2024-04-24 14:13:47.0000",11.94,45.1,1.18147397041321,4.57177639007568,22.3112659454346
"2024-04-24 14:43:45.0000",11.98,45.69,1.56080901622772,4.98345756530762,15.8901357650757
"2024-04-24 15:13:41.0000",11.56,45.99,0.762812495231628,2.68329548835754,5.50622320175171
"2024-04-24 15:43:33.0000",11.03,47.25,1.28839313983917,4.9709644317627,13.5906991958618
"2024-04-24 16:13:32.0000",10.92,47.83,0.979090452194214,3.89158821105957,10.3136396408081
"2024-04-24 16:43:22.0000",10.41,48.7,1.38674461841583,5.40412712097168,12.1745405197144
"2024-04-24 17:13:20.0000",10.18,49.28,1.53222453594208,5.52359771728516,13.0154914855957
"2024-04-24 17:43:12.0000",9.39,50.41,1.3107146024704,4.34843158721924,11.9133100509644
"2024-04-24 18:13:09.0000",8.82,51.62,1.47176313400269,5.58206701278687,20.1477642059326
"2024-04-24 18:43:00.0000",8.25,52.55,1.30828547477722,4.62229108810425,12.5750303268433
"2024-04-24 19:12:58.0000",7.21,53,1.15336239337921,4.55012941360474,10.9328022003174
"2024-04-24 19:42:50.0000",6.16,54.07,1.24959850311279,5.19770812988281,11.9790258407593
"2024-04-24 20:12:42.0000",5.26,54.76,1.2743718624115,4.75082302093506,12.2403373718262
"2024-04-24 20:42:39.0000",4.55,55.42,1.24662566184998,4.36894559860229,16.4898529052734
"2024-04-24 21:12:36.0000",4.31,56.09,0.981696367263794,3.69123196601868,11.0520486831665
"2024-04-24 21:42:29.0000",4.01,56.84,1.3549827337265,5.37944984436035,21.7098197937012
"2024-04-24 22:12:20.0000",4.04,58.64,1.32610821723938,5.33838701248169,17.2461948394775
"2024-04-24 22:42:18.0000",3.76,59.76,1.39754712581635,5.25030565261841,12.0847139358521
"2024-04-24 23:12:15.0000",3.55,60.63,1.30464839935303,5.82213592529297,17.7683067321777
"2024-04-24 23:42:11.0000",3.73,61.2,1.39534330368042,5.77965259552002,14.2333974838257
"2024-04-25 00:12:03.0000",3.14,61.72,1.31859171390533,4.70768737792969,16.0953369140625
"2024-04-25 00:42:05.0000",4.07,62.08,1.48155736923218,5.37774658203125,15.2316808700562
"2024-04-25 01:12:02.0000",4.73,62.3,1.43231511116028,5.97431421279907,14.2477416992188
"2024-04-25 01:41:55.0000",4.88,62.84,1.67250514030457,5.81082677841187,14.9574956893921
"2024-04-25 02:11:52.0000",4.65,63.52,1.586989402771,6.38985061645508,16.2625007629395
"2024-04-25 02:41:50.0000",5.14,63.79,1.716677069664,5.95659065246582,12.1521787643433
"2024-04-25 03:11:41.0000",5.28,64.18,1.52309656143188,4.93108320236206,9.03898525238037
"2024-04-25 03:41:38.0000",5.32,64.26,1.38621580600739,5.10046195983887,11.8452863693237
"2024-04-25 04:11:35.0000",5.14,65.05,1.18114340305328,4.60446548461914,9.85748672485352
"2024-04-25 04:41:28.0000",5.58,66.81,1.53177177906036,6.63676500320435,24.9573440551758
"2024-04-25 05:11:25.0000",5.86,67.92,1.70587539672852,6.37468814849854,15.899845123291
"2024-04-25 05:41:21.0000",6.72,67.41,1.56501138210297,6.635169506073,21.7193412780762
"2024-04-25 06:11:19.0000",7.06,66.06,1.38443338871002,5.53789663314819,19.1199169158936
"2024-04-25 06:41:17.0000",6.08,70.21,1.65308010578156,6.68073320388794,23.822244644165
"2024-04-25 07:11:07.0000",6.14,71.36,1.43043720722198,5.08034086227417,19.6752986907959
"2024-04-25 07:41:05.0000",5.5,73.12,1.84898781776428,7.00341033935547,22.2695903778076
"2024-04-25 08:10:57.0000",6.65,74.47,1.18479788303375,5.16752862930298,16.5975646972656
"2024-04-25 08:40:53.0000",6.94,75.71,32.9044761657715,35.721004486084,50.4806518554688
"2024-04-25 09:10:52.0000",6,78.17,1.3720235824585,4.71141481399536,16.7485466003418
"2024-04-25 09:40:43.0000",6.82,78.74,0.9815713763237,3.84019780158997,10.0192441940308
"2024-04-25 10:10:41.0000",7.25,79,0.920243382453918,3.17099070549011,10.4066219329834
"2024-04-25 10:40:43.0000",9.28,77.61,0.764583468437195,3.01533532142639,10.916446685791
"2024-04-25 11:10:40.0000",10.18,76.85,0.817319393157959,2.86812591552734,6.55781126022339
"2024-04-25 11:40:37.0000",10.92,67.24,1.26667523384094,3.92090129852295,18.7622165679932
"2024-04-25 12:10:34.0000",10.97,61.81,0.795578122138977,3.20402836799622,7.20258188247681
"2024-04-25 12:40:31.0000",11.21,61.18,1.04763078689575,4.3079137802124,15.8196783065796
"2024-04-25 13:10:23.0000",11.02,56.67,0.642545163631439,2.57594347000122,8.92758941650391
"2024-04-25 13:40:20.0000",10.65,55.41,0.629980087280273,2.53196096420288,13.4992074966431
"2024-04-25 14:10:12.0000",10.52,54.55,0.712901175022125,2.69544053077698,10.1342315673828
"2024-04-25 14:40:09.0000",10.58,55.22,0.962781369686127,4.11162853240967,16.9588603973389
"2024-04-25 15:10:07.0000",10.64,56.7,0.689086377620697,2.46033596992493,6.78162574768066
"2024-04-25 15:40:03.0000",11.35,56.19,0.747634589672089,2.56435990333557,7.57855415344238
"2024-04-25 16:10:00.0000",11.32,55,1.37352955341339,3.67815184593201,8.80343532562256
"2024-04-25 16:39:53.0000",11.28,54.85,0.951122760772705,2.8580436706543,16.8349475860596
"2024-04-25 17:09:50.0000",11.75,55.12,0.838108241558075,3.27771902084351,6.7455620765686
"2024-04-25 17:39:47.0000",11.32,53.78,0.725716114044189,2.00888776779175,4.08721113204956
"2024-04-25 18:09:39.0000",10.26,54.02,1.08000957965851,3.82849669456482,8.56608295440674
"2024-04-25 18:39:36.0000",9.13,55.69,0.527418553829193,1.43045341968536,7.74881219863892
"2024-04-25 19:09:23.0000",6.43,60.08,0.593869388103485,2.35585069656372,10.2805957794189
"2024-04-25 19:39:20.0000",5.78,61.41,0.47936549782753,1.20154535770416,3.18415403366089
"2024-04-25 20:09:12.0000",5.66,61.44,0.55934876203537,2.05433011054993,6.87949752807617
"2024-04-25 20:39:09.0000",5.63,61.3,0.536236941814423,2.00590348243713,5.48181819915771
"2024-04-25 21:09:06.0000",5.41,61.91,0.572970628738403,2.05945706367493,5.24584674835205
"2024-04-25 21:39:03.0000",5.27,62.89,0.648440539836884,1.84203815460205,4.38762855529785
"2024-04-25 22:08:56.0000",5.21,64.29,0.782480597496033,2.65486788749695,6.76656103134155
"2024-04-25 22:38:53.0000",5.12,64.68,0.823065876960754,2.32154679298401,5.07189798355103
"2024-04-25 23:08:49.0000",4.96,65.19,1.00975298881531,2.21142029762268,10.0313329696655
"2024-04-25 23:38:46.0000",4.77,66.68,1.12533104419708,3.02433848381042,15.0082120895386
"2024-04-26 00:08:39.0000",4.2,67.14,1.43835163116455,3.05104947090149,6.66904544830322
"2024-04-26 00:38:36.0000",3.39,68.19,1.40239775180817,2.89559960365295,9.13278388977051
"2024-04-26 01:08:33.0000",2.92,69.31,0.900023639202118,2.55117511749268,10.4232177734375
"2024-04-26 01:38:24.0000",2.43,70.89,0.802142977714539,2.4149022102356,8.35975933074951
"2024-04-26 02:08:22.0000",1.99,71.5,0.861580550670624,2.94254732131958,6.24151659011841
"2024-04-26 02:38:15.0000",1.67,72.23,1.15903055667877,3.73936629295349,20.4238815307617
"2024-04-26 03:08:12.0000",1.01,71.16,0.79834246635437,2.09181094169617,10.1110486984253
"2024-04-26 03:38:03.0000",0.3,71.67,0.831775844097137,2.43136787414551,5.63465118408203
"2024-04-26 04:08:00.0000",0.2,71.6,0.726923942565918,2.32891821861267,5.02446269989014
"2024-04-26 04:37:58.0000",0.1,72.03,0.893906772136688,3.42358040809631,26.944751739502
"2024-04-26 05:07:56.0000",0.21,72.09,1.03428649902344,4.38454532623291,16.2040901184082
"2024-04-26 05:37:52.0000",3.03,68.44,0.762348055839539,3.051518201828,6.87799406051636
"2024-04-26 06:07:54.0000",6.71,65.5,0.626686990261078,2.90259265899658,6.07010364532471
"2024-04-26 06:37:56.0000",8.03,65.04,1.35208606719971,3.00203967094421,8.4486722946167
"2024-04-26 07:07:53.0000",9.36,63.58,0.773672163486481,2.88068962097168,6.30169630050659
"2024-04-26 07:37:51.0000",10.77,61.33,0.728284060955048,3.28297281265259,7.86645793914795
"2024-04-26 08:07:48.0000",11.36,59.16,0.771408557891846,3.74704241752625,11.076132774353
"2024-04-26 08:37:45.0000",11.49,57.5,0.817505419254303,2.37447071075439,8.11318969726562
"2024-04-26 09:07:37.0000",10.64,60.37,1.12162756919861,5.66956615447998,45.905933380127
"2024-04-26 09:37:39.0000",12.01,55.42,0.622102439403534,2.72202229499817,7.4837818145752
"2024-04-26 10:07:31.0000",13.51,53.98,0.796062171459198,2.6801323890686,11.6777009963989
"2024-04-26 10:37:29.0000",13.95,51.45,0.487328469753265,1.78132569789886,8.54137897491455
"2024-04-26 11:07:21.0000",11,52.33,1.15252101421356,4.5121636390686,13.1493530273438
"2024-04-26 11:37:12.0000",10.53,53.67,1.13756632804871,5.2194447517395,33.6323738098145
"2024-04-26 12:07:09.0000",10.65,52.59,1.43309545516968,5.73365545272827,29.7508163452148
"2024-04-26 12:37:06.0000",10.02,52.8,0.453783571720123,1.4926563501358,4.54293394088745
"2024-04-26 13:06:58.0000",9.65,52.63,0.718791782855988,2.72699737548828,9.52643489837646
"2024-04-26 13:36:56.0000",10.09,52.55,0.655566215515137,2.29291224479675,10.1606664657593
"2024-04-26 14:06:53.0000",10.69,52.67,0.677759528160095,3.17688822746277,16.0280284881592
"2024-04-26 14:36:55.0000",12.45,51.15,0.539434969425201,2.26845550537109,14.9355478286743
"2024-04-26 15:06:47.0000",12.57,51.38,0.696791410446167,2.40514588356018,15.4214944839478
"2024-04-26 15:36:45.0000",12.07,51.48,0.568423509597778,2.01176023483276,9.21032047271729
"2024-04-26 16:06:41.0000",11.05,52.02,0.88732784986496,2.83924126625061,10.3649368286133
"2024-04-26 16:36:33.0000",12.12,51.83,0.803947329521179,2.04647040367126,11.7555685043335
"2024-04-26 17:06:30.0000",11.84,51.5,0.798714339733124,2.63102984428406,10.1941108703613
"2024-04-26 17:36:22.0000",10.88,51.72,0.904710471630096,2.22706341743469,4.40287971496582
"2024-04-26 18:06:14.0000",9.76,52.56,0.874408662319183,3.10043144226074,16.1061725616455
"2024-04-26 18:36:11.0000",9.99,53.07,0.851444005966187,2.25196290016174,6.16144227981567
"2024-04-26 19:06:04.0000",7.66,58.6,1.04343163967133,2.38744235038757,6.63749599456787
"2024-04-26 19:35:55.0000",6.86,61.23,0.818594574928284,1.94110023975372,6.73231220245361
"2024-04-26 20:05:57.0000",7.19,61.99,0.711442291736603,1.56219506263733,3.75493812561035
"2024-04-26 20:35:50.0000",6.24,63.23,0.877174139022827,1.97420287132263,5.4658899307251
"2024-04-26 21:05:47.0000",6.38,68.04,1.75419735908508,3.35854935646057,6.75006580352783
"2024-04-26 21:35:38.0000",5.34,72.57,2.19446396827698,3.57739925384521,6.63644981384277
"2024-04-26 22:05:37.0000",4.95,76.99,2.08406949043274,3.86234641075134,6.80805778503418
"2024-04-26 22:35:33.0000",4.93,78.45,1.9426474571228,3.49076128005981,6.59834957122803
"2024-04-26 23:05:25.0000",5.11,78.75,1.59251880645752,3.10016655921936,5.80997514724731
"2024-04-26 23:35:21.0000",5.1,78.81,2.05049180984497,4.07431507110596,10.6573762893677
"2024-04-27 00:05:18.0000",4.89,78.58,2.09226632118225,3.98140096664429,7.04962062835693
"2024-04-27 00:35:16.0000",4.7,78.59,2.32161521911621,4.42864274978638,8.68358707427979
"2024-04-27 01:05:13.0000",4.22,77.9,2.32092213630676,3.92858743667603,7.95861625671387
"2024-04-27 01:35:05.0000",3.93,78.61,2.28395700454712,4.13116407394409,7.55444526672363
"2024-04-27 02:05:03.0000",3.93,78.68,2.3047091960907,4.41759920120239,8.73604488372803
"2024-04-27 02:34:55.0000",3.72,78.33,3.02152323722839,5.49949502944946,9.81418228149414
"2024-04-27 03:04:51.0000",3.36,78.24,3.25545310974121,5.29448080062866,8.74095249176025
"2024-04-27 03:34:44.0000",3.38,79.27,3.67637324333191,6.52907991409302,16.8079643249512
"2024-04-27 04:04:40.0000",2.96,78.37,4.55732679367065,7.61396026611328,10.7385606765747
"2024-04-27 04:34:32.0000",2.74,78.75,5.65178489685059,8.06512928009033,11.5659465789795
"2024-04-27 05:04:29.0000",2.44,78.83,6.24586772918701,9.2619104385376,16.1006565093994
"2024-04-27 05:34:28.0000",3.73,77.38,5.69978332519531,8.30352783203125,14.5273332595825
"2024-04-27 06:04:24.0000",6.82,74.14,20.7749309539795,22.665843963623,26.079418182373
"2024-04-27 06:34:22.0000",8.38,72.31,62.9475479125977,65.4306945800781,67.6116790771484
"2024-04-27 07:04:18.0000",8.92,70.41,2.77326393127441,5.86795711517334,10.8569650650024
"2024-04-27 07:34:16.0000",11.07,68.96,1.78157293796539,4.05714321136475,9.80660915374756
"2024-04-27 08:04:13.0000",10.88,66.59,1.73580276966095,4.78653812408447,13.4615964889526
"2024-04-27 08:34:10.0000",11.64,63.3,1.44511735439301,3.27349925041199,10.5117254257202
"2024-04-27 09:04:02.0000",11.55,62.77,1.2248078584671,2.76133990287781,7.16269779205322
"2024-04-27 09:34:03.0000",12.06,59.08,1.08002197742462,2.82865595817566,12.1980295181274
"2024-04-27 10:04:01.0000",12.61,56.02,8.46409893035889,46.4788932800293,265.443542480469
"2024-04-27 10:33:52.0000",11.95,57,0.908266544342041,2.80797743797302,7.99938821792603
"2024-04-27 11:03:50.0000",12.5,57.62,0.830548107624054,2.28380942344666,5.97449588775635
"2024-04-27 11:33:47.0000",11.63,55.24,0.91184389591217,2.82824182510376,13.9077949523926
"2024-04-27 12:03:45.0000",11.16,54.88,1.0492445230484,2.41215944290161,5.23689937591553
"2024-04-27 12:33:41.0000",10.94,56.43,1.08801805973053,3.49180483818054,14.4239435195923
"2024-04-27 13:03:39.0000",12.59,54.87,0.807265996932983,2.53665542602539,7.19912099838257
"2024-04-27 13:33:30.0000",11.01,54.89,1.11938488483429,2.76761245727539,12.4129180908203
"2024-04-27 14:03:28.0000",11.55,54.41,1.85154366493225,5.12671566009521,17.0788402557373
"2024-04-27 14:33:26.0000",10.2,56.04,1.75616550445557,4.60509490966797,13.6626825332642
"2024-04-27 15:03:17.0000",10.01,57.35,1.0925041437149,2.80483961105347,6.74260282516479
"2024-04-27 15:33:13.0000",11.12,56.06,1.22465336322784,3.48109650611877,6.69652986526489
"2024-04-27 16:03:12.0000",10.89,53.97,1.36536777019501,5.44836664199829,29.7931213378906
"2024-04-27 16:33:08.0000",10.38,56.58,1.33221650123596,3.58376097679138,13.6946239471436
"2024-04-27 17:03:06.0000",10.47,56.62,1.36914193630219,3.44182753562927,13.5250310897827
"2024-04-27 17:32:57.0000",10.28,55.68,0.847725927829742,2.78037142753601,9.34480381011963
"2024-04-27 18:02:49.0000",9.64,56.89,0.784933745861053,2.22836232185364,6.33437156677246
"2024-04-27 18:32:46.0000",9.31,57.04,0.895943522453308,3.24528646469116,8.01783180236816
"2024-04-27 19:02:44.0000",9.22,56.99,0.869053423404694,2.43046903610229,8.29131698608398
"2024-04-27 19:32:41.0000",8.96,57.51,0.687233805656433,2.24609446525574,4.84495639801025
"2024-04-27 20:02:33.0000",8.73,58.48,0.750645995140076,2.13446950912476,5.82336044311523
"2024-04-27 20:32:29.0000",8.36,59.95,0.765996158123016,1.8387176990509,4.37051486968994
"2024-04-27 21:02:22.0000",7.76,61.83,1.06319832801819,3.07899355888367,10.0564785003662
"2024-04-27 21:32:15.0000",7.07,63.03,0.919764459133148,2.19984483718872,4.63006973266602
"2024-04-27 22:02:10.0000",6.31,63.5,1.00521099567413,2.54035091400146,5.4378080368042
"2024-04-27 22:32:03.0000",5.46,64.76,1.20207321643829,2.92455983161926,9.28967571258545
"2024-04-27 23:01:55.0000",4.74,64.84,1.73813116550446,3.93575024604797,8.57437419891357
"2024-04-27 23:31:53.0000",4.33,65.91,1.75425779819489,3.42033433914185,8.64111995697021
"2024-04-28 00:01:45.0000",4.1,66.33,1.54826700687408,2.90848755836487,6.98561429977417
"2024-04-28 00:26:47.0000",4.56,67.71,2.8477201461792,4.4697726819649,10.7734990737102
"2024-04-28 00:31:42.0000",3.94,66.76,1.474249958992,2.28798580169678,4.10973882675171
"2024-04-28 01:01:38.0000",3.86,67.89,1.59980404376984,3.20774912834167,5.90080738067627
"2024-04-28 01:31:31.0000",3.68,68.46,1.54140281677246,2.78011035919189,5.94826889038086
"2024-04-28 02:01:28.0000",3.75,69.29,1.51803421974182,3.28549551963806,7.050940990448
"2024-04-28 02:31:24.0000",3.83,70.6,1.59708285331726,3.1208643913269,6.75275230407715
"2024-04-28 03:01:16.0000",3.81,71.37,1.93888664245605,3.45210123062134,7.92678594589233
"2024-04-28 03:31:13.0000",3.83,71.73,1.98164975643158,4.14193344116211,7.46470832824707
"2024-04-28 04:01:11.0000",3.93,71.67,1.3819146156311,3.03518342971802,9.13657855987549
"2024-04-28 04:31:08.0000",3.92,72.1,49.1934127807617,50.9971046447754,57.8006973266602
"2024-04-28 05:01:05.0000",3.97,72.78,1.02273869514465,2.14566206932068,4.6686315536499
"2024-04-28 05:30:57.0000",4.37,73.25,0.924881041049957,1.63604760169983,3.99373817443848
"2024-04-28 06:01:00.0000",4.96,73.31,1.08409595489502,1.91125547885895,4.25696468353271
"2024-04-28 06:30:51.0000",5.37,73.23,26.3469848632812,27.8993835449219,31.9513130187988
"2024-04-28 07:00:58.0000",7.08,69.18,0.565726637840271,1.28315365314484,3.65557670593262
"2024-04-28 07:30:52.0000",6.76,70.45,0.566748678684235,1.60614097118378,4.97692584991455
"2024-04-28 08:00:48.0000",7.67,68.24,0.49331721663475,1.62466788291931,4.40101623535156
"2024-04-28 08:30:40.0000",8.15,66.04,0.408604115247726,1.59585952758789,7.88378381729126
"2024-04-28 09:00:36.0000",8.34,64.37,0.421539962291718,1.30137741565704,3.34997463226318
"2024-04-28 09:30:34.0000",8.76,62.95,0.420731484889984,1.50426435470581,6.27269411087036
"2024-04-28 10:00:31.0000",9.92,60.41,0.338986992835999,1.16839849948883,5.87677812576294
"2024-04-28 10:30:33.0000",12.04,56.23,0.676303803920746,2.39382743835449,9.23802852630615
"2024-04-28 11:00:25.0000",12.41,54.21,0.414515823125839,1.93549346923828,7.14800357818604
"2024-04-28 11:30:23.0000",13.07,52.5,0.447106868028641,1.52572894096375,5.53450441360474
"2024-04-28 12:00:19.0000",12.88,50.46,0.310111194849014,0.945885956287384,3.61738157272339
"2024-04-28 12:30:11.0000",11.76,51.58,0.237266808748245,0.806238949298859,4.66429471969604
"2024-04-28 13:00:08.0000",11.54,52.9,0.178516015410423,0.75980269908905,8.86601257324219
"2024-04-28 13:30:06.0000",11.87,51.69,0.332615584135056,1.47423577308655,7.08787441253662
"2024-04-28 13:59:57.0000",11.42,51.4,0.448424935340881,1.59720849990845,6.5799412727356
"2024-04-28 14:29:56.0000",11.5,54.35,0.401319652795792,1.88114368915558,12.0154981613159
"2024-04-28 14:59:51.0000",11.71,54.36,0.478279739618301,1.63161301612854,4.3069109916687
"2024-04-28 15:29:49.0000",12.3,52.54,0.406148254871368,1.49204909801483,5.53097343444824
"2024-04-28 15:59:46.0000",12.51,49.33,0.444658786058426,1.43434929847717,9.91246223449707
"2024-04-28 16:29:40.0000",13.05,48.26,0.341770440340042,0.997212707996368,3.32550287246704
"2024-04-28 16:59:36.0000",12.69,48.37,0.639402747154236,2.21118140220642,6.3976879119873
"2024-04-28 17:29:33.0000",12.75,49.2,0.504833519458771,2.70287394523621,10.4989452362061
"2024-04-28 17:59:24.0000",11.74,50.14,0.476311236619949,1.30513393878937,10.0169048309326
"2024-04-28 18:29:17.0000",10.34,51.65,0.42695739865303,1.76002204418182,4.95870065689087
"2024-04-28 18:59:13.0000",10.02,53.31,2.45049357414246,6.10706043243408,20.1676654815674
"2024-04-28 19:29:05.0000",9.76,53,0.570591509342194,1.51000273227692,3.55466198921204
"2024-04-28 19:59:03.0000",8.81,53.77,0.563854157924652,1.87573409080505,5.07329225540161
"2024-04-28 20:28:54.0000",8.24,55.05,0.568272650241852,2.13067197799683,9.02946090698242
"2024-04-28 20:58:51.0000",8.55,56.08,0.723381578922272,2.23267960548401,6.44652986526489
"2024-04-28 21:28:48.0000",8.26,56.59,0.625476717948914,2.00719594955444,6.20231962203979
"2024-04-28 21:58:42.0000",7.92,57.67,0.627687513828278,2.42035698890686,6.39020490646362
"2024-04-28 22:28:38.0000",7.54,58.39,0.701819896697998,2.4650137424469,13.8858480453491
"2024-04-28 22:58:35.0000",7.96,58.69,0.698399722576141,2.60455942153931,9.43400955200195
"2024-04-28 23:28:28.0000",7.78,58.87,0.783354043960571,3.00802326202393,9.14100074768066
"2024-04-28 23:58:24.0000",7.27,60.54,0.736439347267151,2.26167154312134,10.0124969482422
"2024-04-29 00:28:22.0000",7.2,61.55,0.869183897972107,2.39623737335205,9.4665699005127
"2024-04-29 00:58:14.0000",7.05,62.73,0.872557997703552,3.12902331352234,6.13678932189941
"2024-04-29 01:28:11.0000",6.97,63.75,0.544598162174225,2.32015466690063,8.61296653747559
"2024-04-29 01:58:02.0000",6.99,64.62,0.666010856628418,3.26074171066284,13.4874467849731
"2024-04-29 02:27:59.0000",6.95,65.5,0.589784979820251,2.40939569473267,8.50863647460938
"2024-04-29 02:57:57.0000",6.9,66.21,0.545308649539948,2.24317359924316,4.79256629943848
"2024-04-29 03:27:54.0000",6.94,67.5,0.600115478038788,2.58173227310181,7.87955760955811
"2024-04-29 03:57:46.0000",7.1,68.09,0.780326247215271,3.49363875389099,10.5958452224731
"2024-04-29 04:27:43.0000",7.08,68.8,0.668204605579376,2.53282046318054,5.52142906188965
"2024-04-29 04:57:40.0000",6.7,69.94,0.606423556804657,2.62828302383423,9.33469104766846
"2024-04-29 05:27:32.0000",7.75,69.85,1.01724004745483,2.40742564201355,16.5473976135254
"2024-04-29 05:57:29.0000",8.26,69.72,0.696773529052734,2.29894757270813,4.83667707443237
"2024-04-29 06:27:27.0000",8.75,69.5,0.715378403663635,2.30641055107117,5.09429979324341
"2024-04-29 06:57:34.0000",11.73,64.28,0.650562763214111,2.62148284912109,5.62695837020874
"2024-04-29 07:27:25.0000",12.02,66.36,0.386059015989304,2.29848623275757,8.32660293579102
"2024-04-29 07:57:23.0000",12.13,65.74,0.503223657608032,1.67911446094513,5.35738277435303
"2024-04-29 08:27:16.0000",11.01,67.17,0.637105047702789,2.57899117469788,6.49978685379028
"2024-04-29 08:57:12.0000",11.33,67.01,0.669506132602692,2.47763800621033,6.22056913375854
"2024-04-29 09:27:10.0000",11.02,67.85,0.621467351913452,2.35549664497375,8.7567253112793
"2024-04-29 09:57:01.0000",11.39,67.68,0.526767909526825,2.09942770004272,6.13422203063965
"2024-04-29 10:26:58.0000",11.6,66.99,0.547269582748413,2.41101121902466,12.0309352874756
"2024-04-29 10:56:56.0000",12.05,66.38,0.583139479160309,1.65196144580841,8.6917724609375
"2024-04-29 11:26:53.0000",12.05,65.78,0.54345691204071,2.35368514060974,4.89140748977661
"2024-04-29 11:56:50.0000",12.17,65.56,0.687081754207611,2.78582739830017,8.88962268829346
"2024-04-29 12:26:47.0000",12.88,64.64,0.632176995277405,2.88597249984741,7.64181470870972
"2024-04-29 12:56:44.0000",13.44,62.49,0.912571251392365,5.00248527526855,23.7372589111328
"2024-04-29 13:26:41.0000",13.31,62.02,0.825513422489166,4.0280704498291,23.151252746582
"2024-04-29 13:56:38.0000",13.92,61.72,0.823450803756714,3.54212474822998,15.9016275405884
"2024-04-29 14:26:31.0000",12.5,63.18,0.912146151065826,3.80291938781738,8.98934078216553
"2024-04-29 14:56:23.0000",11.69,66.11,0.827165961265564,3.42270398139954,6.74990749359131
"2024-04-29 15:26:20.0000",12.43,66.47,0.834963917732239,4.00600242614746,16.4839515686035
"2024-04-29 15:56:21.0000",13.26,65.08,0.753090977668762,3.48323369026184,13.5414266586304
"2024-04-29 16:26:14.0000",13.11,65.13,0.747580647468567,3.25784492492676,7.73089981079102
"2024-04-29 16:56:10.0000",12.7,65.52,0.675184845924377,3.19895005226135,14.1591014862061
"2024-04-29 17:26:02.0000",12.33,66,0.789815247058868,3.56043314933777,7.77942514419556
"2024-04-29 17:55:55.0000",10.03,70,1.02603149414062,4.25907850265503,20.352596282959
"2024-04-29 18:25:52.0000",9.58,73.9,1.0157219171524,4.60120820999146,15.0746603012085
"2024-04-29 18:55:43.0000",9.73,76.8,0.666670978069305,3.63445329666138,10.9350614547729
"2024-04-29 19:25:40.0000",10.16,76.8,0.771345138549805,2.85847425460815,5.96436834335327
"2024-04-29 19:55:38.0000",9.49,78.6,1.06375014781952,3.65705323219299,6.81021165847778
"2024-04-29 20:25:30.0000",9.31,80.05,1.69892621040344,6.6514744758606,15.0108032226562
"2024-04-29 20:55:27.0000",9.21,81.05,1.94139313697815,7.75454330444336,16.7535705566406
"2024-04-29 21:25:24.0000",9.1,82.32,1.82782709598541,7.58032703399658,20.9648303985596
"2024-04-29 21:55:22.0000",9.08,83.38,1.7362574338913,6.87947940826416,13.264702796936
"2024-04-29 22:25:13.0000",9.06,84.63,1.49692249298096,5.7616138458252,11.4517269134521
"2024-04-29 22:55:11.0000",8.88,86.05,1.29280209541321,5.64850616455078,9.87506198883057
"2024-04-29 23:25:07.0000",9.43,85.04,1.32712471485138,4.93460083007812,9.21039295196533
"2024-04-29 23:55:04.0000",9.59,85.04,1.09228324890137,4.10690832138062,9.39509582519531
"2024-04-30 00:25:01.0000",9.7,84.7,1.05661916732788,3.64436936378479,7.18827867507935
"2024-04-30 00:55:00.0000",9.58,84.36,1.06539475917816,4.76339626312256,12.850980758667
"2024-04-30 01:24:51.0000",9.69,83.41,0.84864741563797,4.21635818481445,8.96577072143555
"2024-04-30 01:54:49.0000",9.75,82.9,0.77276998758316,3.49227023124695,7.8106894493103
"2024-04-30 02:24:45.0000",9.68,82.34,1.63211977481842,5.249192237854,13.443660736084
"2024-04-30 02:54:38.0000",9.68,82.23,1.42819094657898,5.04217529296875,9.07341289520264
"2024-04-30 03:24:35.0000",9.67,81.87,1.27849173545837,4.22961807250977,12.8495397567749
"2024-04-30 03:54:32.0000",9.55,81.68,1.45576024055481,5.86809682846069,14.5504961013794
"2024-04-30 04:24:29.0000",9.44,81.77,1.27113664150238,5.67858505249023,13.7068357467651
"2024-04-30 04:54:26.0000",9.31,81.77,1.28620767593384,5.071702003479,15.0339059829712
"2024-04-30 05:24:18.0000",9.99,81.1,1.09643721580505,4.47394609451294,10.6860198974609
"2024-04-30 05:54:15.0000",9.8,79.38,1.73567473888397,5.77046632766724,13.5174932479858
"2024-04-30 06:24:11.0000",10.14,78.66,1.24175703525543,4.07028865814209,11.7009620666504
"2024-04-30 06:54:10.0000",10.12,78.32,1.38265204429626,4.69262599945068,12.2280492782593
"2024-04-30 07:24:02.0000",10.2,78.34,1.36789464950562,4.61365938186646,13.007926940918
"2024-04-30 07:53:58.0000",10.62,78.07,1.26940786838531,4.79873275756836,12.136342048645
"2024-04-30 08:23:56.0000",11.39,76.74,1.25983595848083,4.63752889633179,8.42667198181152
"2024-04-30 08:53:52.0000",11.41,76.58,1.10405278205872,3.98235726356506,8.06518173217773
"2024-04-30 09:23:45.0000",12.3,75.29,0.950061798095703,3.70173621177673,9.71725559234619
"2024-04-30 09:53:42.0000",13.11,74.34,0.856631338596344,3.45309782028198,10.6422748565674
"2024-04-30 10:23:39.0000",13.39,72.42,0.590896785259247,2.39110684394836,5.15170812606812
"2024-04-30 10:53:41.0000",15.05,70,0.409333765506744,1.64483416080475,7.07489681243896
"2024-04-30 11:23:33.0000",14.99,67.83,0.588051378726959,2.02013325691223,6.23589563369751
"2024-04-30 11:53:30.0000",14.99,66.2,0.510008335113525,2.52072048187256,12.537727355957
"2024-04-30 12:23:27.0000",16.2,63.98,0.425844550132751,2.00645875930786,5.97426557540894
"2024-04-30 12:53:25.0000",17.07,60.48,0.485540360212326,1.95224916934967,5.05563688278198
"2024-04-30 13:23:21.0000",17.08,57.47,0.520440518856049,2.76461434364319,16.4078788757324
"2024-04-30 13:53:18.0000",17.23,54.08,0.38880929350853,2.13922023773193,6.29024600982666
"2024-04-30 14:23:11.0000",17.09,52.66,0.412354201078415,1.57628154754639,6.2257719039917
"2024-04-30 14:53:08.0000",17.38,50.96,0.416327744722366,1.8934098482132,11.1988306045532
"2024-04-30 15:23:05.0000",17.02,50.73,0.390866070985794,1.23663675785065,8.08747577667236
"2024-04-30 15:52:57.0000",16.92,50.04,0.402859300374985,1.49995946884155,10.7122650146484
"2024-04-30 16:22:53.0000",16.89,48.86,0.439585864543915,2.2559380531311,11.1029958724976
"2024-04-30 16:52:51.0000",16.39,48.97,0.368165910243988,1.3981431722641,5.40126514434814
"2024-04-30 17:22:43.0000",16.51,49.4,0.386144697666168,2.17834520339966,12.4143028259277
"2024-04-30 17:52:41.0000",15.86,48.15,0.422658294439316,1.57960021495819,3.94588971138
"2024-04-30 18:22:32.0000",15.21,49.45,0.423314958810806,1.628098487854,4.56517601013184
"2024-04-30 18:52:29.0000",14.59,50.79,0.418791651725769,1.8971860408783,7.41408157348633
"2024-04-30 19:22:26.0000",13.91,52.31,0.453450351953506,1.54797756671906,4.67236995697021
"2024-04-30 19:52:19.0000",13.23,53.88,0.578550159931183,2.180011510849,5.00257444381714
"2024-04-30 20:22:10.0000",12.32,55.65,0.725095450878143,2.50861239433289,7.81806421279907
"2024-04-30 20:52:08.0000",12.16,56.87,0.7171590924263,3.78187942504883,14.4770069122314
"2024-04-30 21:22:04.0000",11.97,57.74,0.907349467277527,3.19720959663391,10.6931295394897
"2024-04-30 21:51:57.0000",11.47,59.32,0.674543261528015,2.6816143989563,8.76285076141357
"2024-04-30 22:21:53.0000",10.8,61.04,0.540893256664276,1.46156215667725,5.62168502807617
"2024-04-30 22:51:46.0000",10.28,62.07,0.518210470676422,2.22386431694031,9.01693916320801
"2024-04-30 23:21:44.0000",9.79,63.29,0.661684572696686,1.43956434726715,3.59659790992737
"2024-04-30 23:51:35.0000",9.8,64.16,0.51773875951767,1.39093136787415,4.25253343582153
"2024-05-01 00:21:32.0000",9.68,65.01,0.490760564804077,1.3378199338913,3.94735956192017
"2024-05-01 00:51:24.0000",9.34,66.05,0.451591432094574,1.11427772045135,3.19611549377441
"2024-05-01 01:21:21.0000",9.03,66.64,0.49859493970871,0.851142704486847,2.70190715789795
"2024-05-01 01:51:13.0000",8.8,67.92,0.40473011136055,1.02348339557648,2.97351741790771
"2024-05-01 02:21:10.0000",8.79,69.19,0.575858771800995,1.20378184318542,8.4043025970459
"2024-05-01 02:51:08.0000",8.87,69.97,0.552673101425171,1.10829925537109,5.82009220123291
"2024-05-01 03:21:04.0000",8.98,70.56,0.370829880237579,0.568885087966919,2.36816740036011
"2024-05-01 03:50:57.0000",8.98,71.51,0.884369671344757,1.27172303199768,3.18541860580444
"2024-05-01 04:20:53.0000",8.46,72.53,1.6146183013916,2.91358661651611,10.1710004806519
"2024-05-01 04:50:50.0000",8.68,72.87,1.70531582832336,2.84254002571106,6.4290452003479
"2024-05-01 05:20:48.0000",9.32,73.18,1.92719399929047,2.70584177970886,7.66801071166992
"2024-05-01 05:50:44.0000",10.16,72.25,1.02784240245819,2.02715492248535,8.85416126251221
"2024-05-01 06:20:41.0000",10.96,72.12,2.5848605632782,4.43847131729126,7.97026205062866
"2024-05-01 06:50:39.0000",13.44,70.96,0.982475757598877,1.54915142059326,5.64028024673462
"2024-05-01 07:20:31.0000",11.71,71.93,1.30580532550812,2.7007257938385,22.1694259643555
"2024-05-01 07:50:34.0000",15.87,69.58,0.685947358608246,1.34413683414459,7.0426549911499
"2024-05-01 08:20:31.0000",17.89,66.25,1.19674217700958,2.20545721054077,4.69690179824829
"2024-05-01 08:50:27.0000",18.78,64.48,1.45428013801575,2.92789435386658,8.23177814483643
"2024-05-01 09:20:31.0000",20.23,62.7,1.17374503612518,2.58486413955688,8.68477439880371
"2024-05-01 09:50:22.0000",19.78,62.94,1.35583353042603,2.67880821228027,8.18658542633057
"2024-05-01 10:20:19.0000",20.93,60.3,1.48369455337524,3.11329483985901,7.92773914337158
"2024-05-01 10:50:16.0000",21.5,57.61,1.99417114257812,4.74903392791748,14.6608924865723
"2024-05-01 11:20:08.0000",19.53,57.33,2.2935688495636,3.72617650032043,7.08403348922729
"2024-05-01 11:50:05.0000",19.43,55.99,2.36698913574219,4.22591829299927,9.45860385894775
"2024-05-01 12:20:03.0000",20.72,54.9,2.51783537864685,5.20012664794922,20.9557991027832
"2024-05-01 12:50:00.0000",19.93,55.23,3.05889129638672,6.25291538238525,21.4284286499023
"2024-05-01 13:19:52.0000",20.28,56.06,2.37663745880127,4.39719676971436,7.78672075271606
"2024-05-01 13:49:49.0000",21.57,55.73,2.52803516387939,4.72436237335205,9.61591529846191
"2024-05-01 14:19:46.0000",22.35,53.25,2.41632437705994,5.11713457107544,9.75506496429443
"2024-05-01 14:49:44.0000",22.13,53.37,5.63281679153442,8.65503311157227,19.9866199493408
"2024-05-01 15:19:36.0000",19.15,51.84,2.08610248565674,4.04164505004883,19.993106842041
"2024-05-01 15:49:33.0000",19.1,50.61,2.1959662437439,4.00721597671509,11.2247190475464
"2024-05-01 16:19:25.0000",17.62,52.81,2.39846634864807,4.66625070571899,18.0952091217041
"2024-05-01 16:49:15.0000",17.29,54.36,3.22723412513733,5.50527429580688,22.5044860839844
"2024-05-01 17:19:09.0000",16.58,55.69,3.56797695159912,6.26116895675659,12.9683656692505
"2024-05-01 17:49:04.0000",15.32,58.28,4.187819480896,6.97861576080322,15.8358936309814
"2024-05-01 18:18:56.0000",14.03,61.67,3.42474222183228,5.77673530578613,10.1251363754272
"2024-05-01 18:48:50.0000",12.9,64.17,3.25323343276978,5.21080446243286,7.51239824295044
"2024-05-01 19:18:41.0000",12.02,70.16,5.08825349807739,8.27868747711182,20.4493980407715
"2024-05-01 19:48:38.0000",11.89,73.27,5.00051403045654,7.72966289520264,11.1221313476562
"2024-05-01 20:18:35.0000",11.69,72.72,4.02677488327026,8.20948696136475,23.5983257293701
"2024-05-01 20:48:32.0000",10.87,74.73,1.98033404350281,5.29318714141846,30.0737056732178
"2024-05-01 21:18:25.0000",10.3,76.25,2.21263194084167,5.56720685958862,13.0698442459106
"2024-05-01 21:48:21.0000",10.11,77.45,2.42667937278748,5.13225221633911,11.3790636062622
"2024-05-01 22:18:14.0000",9.69,80.43,3.3283588886261,7.70974445343018,16.2396717071533
"2024-05-01 22:48:11.0000",9.45,82.41,5.14439868927002,10.8197212219238,23.3465023040771
"2024-05-01 23:18:08.0000",9.35,85.62,5.28067493438721,10.4674501419067,19.4666137695312
"2024-05-01 23:48:04.0000",9.31,87.88,3.80678153038025,9.2816104888916,19.9640026092529
"2024-05-02 00:17:58.0000",9.5,88.71,4.47669506072998,10.6579513549805,25.7180366516113
"2024-05-02 00:47:54.0000",9.4,89.99,3.09609651565552,6.08189725875854,10.3158016204834
"2024-05-02 01:17:46.0000",8.97,89.56,2.00910639762878,4.88828468322754,10.4590330123901
"2024-05-02 01:47:43.0000",8.9,89.97,4.06678819656372,9.09687328338623,21.1449413299561
"2024-05-02 02:17:40.0000",8.87,90.46,4.10025691986084,9.64703273773193,22.5211162567139
"2024-05-02 02:47:37.0000",8.85,89.65,3.04172420501709,9.20718002319336,21.7922172546387
"2024-05-02 03:17:29.0000",8.91,89.18,5.61366558074951,12.5308084487915,32.6098518371582
"2024-05-02 03:47:27.0000",8.9,89,7.47806072235107,15.8791475296021,39.4884147644043
"2024-05-02 04:17:23.0000",8.69,88.71,7.67754888534546,16.2723045349121,30.6921482086182
"2024-05-02 04:47:15.0000",8.48,88.52,9.24259471893311,17.275016784668,35.9614601135254
"2024-05-02 05:17:12.0000",8.97,88.48,8.3526496887207,16.3842811584473,35.116382598877
"2024-05-02 05:47:11.0000",9.38,87.58,7.08923578262329,13.5799579620361,30.0421772003174
"2024-05-02 06:17:07.0000",10.66,86.19,6.44201469421387,11.2269439697266,27.1500930786133
"2024-05-02 06:47:04.0000",11.68,84.61,5.07055330276489,9.87164974212646,21.8284530639648
"2024-05-02 07:17:01.0000",12.45,84.26,4.20401811599731,7.03670644760132,16.9189224243164
"2024-05-02 07:46:58.0000",14.82,81.39,3.90182137489319,7.89518690109253,17.5194969177246
"2024-05-02 08:17:00.0000",17.4,74.34,4.44531154632568,9.65028762817383,27.2338352203369
"2024-05-02 08:46:53.0000",17.13,69.5,4.42673444747925,12.1581697463989,30.4608783721924
"2024-05-02 09:16:49.0000",18.17,65.89,4.71919870376587,13.7654943466187,39.4564895629883
"2024-05-02 09:46:46.0000",17.19,64.5,4.48547649383545,13.0408582687378,35.688533782959
"2024-05-02 10:16:38.0000",16.78,66.03,4.73268747329712,14.3308486938477,29.6495513916016
"2024-05-02 10:46:41.0000",19.94,63.08,4.35821104049683,14.9494924545288,56.461742401123
"2024-05-02 11:16:38.0000",21.05,58.28,4.65521812438965,14.8802032470703,41.8203163146973
"2024-05-02 11:46:35.0000",22.19,54.28,3.39208817481995,10.0236158370972,28.9391326904297
"2024-05-02 12:16:28.0000",21.94,53.53,4.15616130828857,14.8698225021362,53.0684585571289
"2024-05-02 12:46:24.0000",22.42,54.12,3.55793261528015,10.9269151687622,32.6353988647461
"2024-05-02 13:16:22.0000",22.39,54.05,3.25083875656128,10.9436073303223,25.4254856109619
"2024-05-02 13:46:18.0000",22.85,52.67,2.92763686180115,10.0510301589966,42.4839057922363
"2024-05-02 14:16:16.0000",23.81,49.75,1.78934001922607,7.17577505111694,24.0744705200195
"2024-05-02 14:46:09.0000",24.14,49.21,1.78685164451599,6.98991680145264,27.6090488433838
"2024-05-02 15:16:05.0000",23.95,45.41,1.74727046489716,6.8925313949585,26.5814304351807
"2024-05-02 15:46:02.0000",23.22,47.01,1.85812413692474,6.38596677780151,18.9678726196289
"2024-05-02 16:15:54.0000",22.69,49.19,2.86805176734924,9.82036304473877,33.6605644226074
"2024-05-02 16:45:51.0000",21.87,51.58,3.3601279258728,11.4858331680298,33.6767234802246
"2024-05-02 17:15:43.0000",21,53.41,3.5618417263031,13.1281862258911,31.3286285400391
"2024-05-02 17:45:40.0000",20.02,55.75,4.99767780303955,20.5334663391113,46.8158531188965
"2024-05-02 18:15:32.0000",18.68,57.96,4.55130004882812,17.2269344329834,37.8490562438965
"2024-05-02 18:45:29.0000",17.3,60.57,4.17985773086548,13.5542364120483,27.5778293609619
"2024-05-02 19:15:21.0000",16.05,62.63,4.2282772064209,16.9057865142822,42.2228012084961
"2024-05-02 19:45:14.0000",15.05,65.69,4.54589080810547,16.2995147705078,38.4723587036133
"2024-05-02 20:15:12.0000",14.17,65.01,5.23126411437988,18.5633354187012,52.0948104858398
"2024-05-02 20:45:03.0000",13.52,66.01,5.05951261520386,17.53005027771,35.7990379333496
"2024-05-02 21:15:00.0000",13.06,66.39,5.68958425521851,17.1859531402588,37.7231826782227
"2024-05-02 21:44:52.0000",12.5,67.27,5.90101194381714,20.6804351806641,42.2728538513184
"2024-05-02 22:14:48.0000",11.72,67.23,6.03307580947876,15.5901212692261,36.4591522216797
"2024-05-02 22:44:42.0000",11.28,68.24,7.94855499267578,18.0123424530029,38.0028533935547
"2024-05-02 23:14:37.0000",11.01,69.2,5.98491525650024,19.4514255523682,39.5418930053711
"2024-05-02 23:44:34.0000",10.62,70.33,6.01178646087646,20.9128570556641,45.2656784057617
"2024-05-03 00:14:32.0000",10.65,71.28,5.68760967254639,19.5643825531006,47.5210227966309
"2024-05-03 00:44:24.0000",9.87,71.53,5.87089920043945,19.2720031738281,43.8602905273438
"2024-05-03 01:14:21.0000",9.3,72.12,6.11673498153687,18.2648105621338,33.2238693237305
"2024-05-03 01:44:13.0000",8.77,72.28,6.0432825088501,20.2004375457764,48.1966857910156
"2024-05-03 02:14:05.0000",8.62,72.62,5.61666917800903,18.2944602966309,38.4067306518555
"2024-05-03 02:44:02.0000",8.16,72.58,5.596764087677,17.7049427032471,33.4316368103027
"2024-05-03 03:13:54.0000",8.23,72.84,5.51658964157104,17.6697883605957,44.7320785522461
"2024-05-03 03:43:51.0000",8.9,72.48,5.44931554794312,17.0259799957275,29.059024810791
"2024-05-03 04:13:48.0000",9.53,72.18,5.39798402786255,19.197395324707,39.6160430908203
"2024-05-03 04:43:46.0000",9.81,72.39,23.4412746429443,34.3451309204102,50.3243370056152
"2024-05-03 05:13:37.0000",10.12,72.57,5.59015798568726,18.2219409942627,33.8112106323242
"2024-05-03 05:43:34.0000",10.6,72.53,5.12102937698364,16.1876659393311,28.3451042175293
"2024-05-03 06:13:32.0000",11.18,72.99,5.96743059158325,18.9300861358643,39.5965347290039
"2024-05-03 06:43:29.0000",11.4,73.79,6.84736728668213,19.8235282897949,36.1144905090332
"2024-05-03 07:13:26.0000",11.21,74.54,9.2328519821167,17.1771907806396,27.3612003326416
"2024-05-03 07:43:20.0000",11.24,75.4,9.48584461212158,19.195140838623,29.5216541290283
"2024-05-03 08:13:15.0000",11.26,76.31,9.79942512512207,17.7495632171631,34.4577598571777
"2024-05-03 08:43:13.0000",11.29,76.63,10.4775142669678,20.0086421966553,32.1689414978027
"2024-05-03 09:13:10.0000",11.55,78.45,8.84562110900879,15.2336168289185,38.9757804870605
"2024-05-03 09:43:07.0000",11.82,78.42,7.46722316741943,13.2626075744629,26.1959075927734
"2024-05-03 10:13:04.0000",12.7,78.59,4.77099704742432,8.8160285949707,17.5643768310547
"2024-05-03 10:42:57.0000",12.43,78.15,5.33829307556152,11.4698324203491,26.5968971252441
"2024-05-03 11:12:53.0000",12.13,77.79,4.87324905395508,11.2738618850708,28.5840625762939
"2024-05-03 11:42:49.0000",12.16,77.88,4.51587152481079,11.8801755905151,42.5535011291504
"2024-05-03 12:12:47.0000",12.49,77.61,4.46709585189819,10.7207880020142,25.432731628418
"2024-05-03 12:42:38.0000",12.67,77.18,3.18788909912109,8.83952617645264,38.3633232116699
"2024-05-03 13:12:37.0000",12.75,76.95,3.09079003334045,7.34678983688354,22.2722301483154
"2024-05-03 13:42:33.0000",12.99,76.68,2.36906170845032,5.71976184844971,24.6183853149414
"2024-05-03 14:12:30.0000",13.38,76.48,2.24898457527161,4.47669172286987,16.1847629547119
"2024-05-03 14:42:28.0000",15.34,75.92,1.89421331882477,3.95444703102112,19.2368412017822
"2024-05-03 15:12:25.0000",15.17,74.2,1.52169132232666,3.49513077735901,16.6144599914551
"2024-05-03 15:42:17.0000",14.17,74.57,0.679875671863556,1.25432729721069,7.12395143508911
"2024-05-03 16:12:13.0000",13.33,75.13,1.23626291751862,2.8028621673584,9.94270515441895
"2024-05-03 16:42:06.0000",12.95,75.59,1.96186172962189,4.5648775100708,12.4587078094482
"2024-05-03 17:12:03.0000",12.35,76.45,2.62255573272705,6.00256013870239,23.8871574401855
"2024-05-03 17:41:55.0000",11.64,78.52,2.9174530506134,5.41055631637573,10.5908203125
"2024-05-03 18:11:53.0000",11.2,80.05,3.33246469497681,6.51996278762817,15.6669054031372
"2024-05-03 18:41:44.0000",10.97,81.22,3.18277478218079,6.51942014694214,14.2448606491089
"2024-05-03 19:11:41.0000",10.77,82.4,4.44831562042236,8.1523904800415,22.2622089385986
"2024-05-03 19:41:38.0000",10.51,83.26,3.61096739768982,5.9759840965271,8.76528453826904
"2024-05-03 20:11:30.0000",10.06,84.35,3.74783205986023,5.56444406509399,20.7224884033203
"2024-05-03 20:41:28.0000",9.96,85.26,0.849534928798676,1.66853940486908,4.3828125
"2024-05-03 21:11:25.0000",9.9,86,0.644539058208466,1.4117659330368,6.27313375473022
"2024-05-03 21:41:17.0000",9.83,86.73,0.943794190883636,1.85417103767395,8.38827133178711
"2024-05-03 22:11:13.0000",9.67,87.47,0.539348542690277,0.758837640285492,2.52886271476746
"2024-05-03 22:41:10.0000",9.6,88.1,0.762992918491364,1.18992495536804,3.41957497596741
"2024-05-03 23:11:03.0000",9.55,88.69,0.573540151119232,1.27809917926788,4.39650106430054
"2024-05-03 23:41:00.0000",9.51,89.29,1.07329976558685,1.67739689350128,18.2759323120117
"2024-05-04 00:10:57.0000",9.52,89.74,0.820375978946686,1.35752141475677,5.90155839920044
"2024-05-04 00:40:55.0000",9.5,90.2,0.838314235210419,1.43157255649567,5.5669002532959
"2024-05-04 01:10:51.0000",9.47,90.62,0.960067272186279,1.46735751628876,6.01273059844971
"2024-05-04 01:40:43.0000",9.48,90.98,0.865280985832214,1.61390352249146,3.79886674880981
"2024-05-04 02:10:41.0000",9.48,91.36,0.428083032369614,0.650595664978027,8.55327701568604
"2024-05-04 02:40:37.0000",9.37,91.8,0.136408805847168,0.416757762432098,6.23239040374756
"2024-05-04 03:10:35.0000",9.26,92.33,0.358969330787659,0.624085068702698,5.14632272720337
"2024-05-04 03:40:31.0000",9.29,92.58,0.306242942810059,0.552384674549103,3.35124611854553
"2024-05-04 04:10:23.0000",9.25,92.87,0.365442872047424,0.683987736701965,6.21977376937866
"2024-05-04 04:40:21.0000",9.22,93.05,3.81089568138123,4.50348424911499,11.9048728942871
"2024-05-04 05:10:13.0000",9.24,93.47,0.494744956493378,1.41445434093475,7.66720390319824
"2024-05-04 05:40:09.0000",9.41,93.58,0.841392576694489,1.40435719490051,8.9385404586792
"2024-05-04 06:10:07.0000",9.57,93.56,3.60896444320679,4.1030535697937,8.72837543487549
"2024-05-04 06:40:04.0000",9.47,93.66,0.853983044624329,1.63469219207764,5.15286684036255
"2024-05-04 07:10:01.0000",9.7,94.04,0.780779957771301,1.54657208919525,6.33736419677734
"2024-05-04 07:39:55.0000",9.94,93.75,1.05184459686279,2.18230557441711,5.9979944229126
"2024-05-04 08:09:50.0000",10.09,94.07,0.964146673679352,2.41987085342407,8.4445161819458
"2024-05-04 08:39:48.0000",10.42,93.9,1.23730325698853,2.84570050239563,8.26797008514404
"2024-05-04 09:09:45.0000",10.72,93.83,1.08163106441498,2.36964702606201,7.66765117645264
"2024-05-04 09:39:42.0000",11.41,92.91,1.23527026176453,2.72283458709717,5.37236976623535
"2024-05-04 10:09:39.0000",12.44,92.15,0.748455107212067,1.94017899036407,4.49454975128174
"2024-05-04 10:39:36.0000",13.07,90.67,0.557994544506073,1.73978877067566,6.0501880645752
"2024-05-04 11:09:32.0000",13.41,89.24,0.519831299781799,1.64794719219208,4.07164669036865
"2024-05-04 11:39:30.0000",13.63,88.28,0.575242578983307,1.82668817043304,5.01820278167725
"2024-05-04 12:09:28.0000",13.73,87.14,0.562296450138092,1.49707579612732,3.91986775398254
"2024-05-04 12:39:19.0000",13.21,86.47,0.624746799468994,2.73233675956726,8.15261268615723
"2024-05-04 13:09:16.0000",13.01,85.84,0.709590554237366,2.82716798782349,10.8000335693359
"2024-05-04 13:39:13.0000",13.18,84.95,1.15620315074921,4.91251134872437,20.9177532196045
"2024-05-04 14:09:11.0000",13.18,84.01,0.964226901531219,5.15748071670532,29.6141700744629
"2024-05-04 14:39:09.0000",13.08,83.09,0.877377569675446,3.99588704109192,14.0495100021362
"2024-05-04 15:09:00.0000",13.51,82.61,0.689727962017059,3.08881998062134,27.1642818450928
"2024-05-04 15:38:56.0000",12.81,81.6,0.948323488235474,3.74150967597961,9.04067230224609
"2024-05-04 16:08:48.0000",12.61,81.5,0.611173629760742,2.51185297966003,7.04040956497192
"2024-05-04 16:38:46.0000",12.74,81.08,0.624234080314636,1.812056183815,7.19185972213745
"2024-05-04 17:08:44.0000",13.22,79.83,0.957292318344116,4.52178859710693,17.3112716674805
"2024-05-04 17:38:40.0000",13.06,77.74,1.27652597427368,3.32258343696594,10.6189336776733
"2024-05-04 18:08:32.0000",12.6,77.04,0.725390493869781,2.88371753692627,13.0960121154785
"2024-05-04 18:38:24.0000",12.15,76.56,0.502838969230652,1.93188798427582,10.3991899490356
"2024-05-04 19:08:22.0000",11.85,76.49,2.24433445930481,3.63873910903931,9.99500370025635
"2024-05-04 19:38:15.0000",11.29,76.77,1.02236711978912,3.22378897666931,9.39805030822754
"2024-05-04 20:08:11.0000",10.7,77.22,0.675016462802887,2.86436295509338,13.7384881973267
"2024-05-04 20:38:02.0000",10.3,77.61,0.867299556732178,2.89967203140259,8.30672359466553
"2024-05-04 21:08:00.0000",9.98,77.86,67.5409851074219,70.0406951904297,73.4490737915039
"2024-05-04 21:37:52.0000",9.27,78.04,0.844290435314178,2.90761733055115,9.62526226043701
"2024-05-04 22:07:44.0000",8.12,78.99,2.23897647857666,4.33561372756958,10.2011289596558
"2024-05-04 22:37:40.0000",7.61,79.75,1.64642786979675,4.49402284622192,16.2569408416748
"2024-05-04 23:07:33.0000",7.17,80.37,1.61082828044891,4.27890300750732,7.3862886428833
"2024-05-04 23:37:31.0000",6.98,80.81,2.05111026763916,5.61772632598877,11.7362728118896
"2024-05-05 00:07:27.0000",7.34,81.22,1.73908734321594,4.28245639801025,9.97144412994385
"2024-05-05 00:26:46.0000",9.23,82.59,3.92413735389709,4.7177229094232,9.05602527926259
"2024-05-05 00:37:24.0000",7.66,81.03,1.91741800308228,4.193678855896,14.4653167724609
"2024-05-05 01:07:16.0000",7.79,81.68,2.21318244934082,4.10078954696655,7.23405122756958
"2024-05-05 01:37:13.0000",8.35,81.6,2.56182432174683,4.67073822021484,11.6625118255615
"2024-05-05 02:07:11.0000",8.34,81.61,2.77119040489197,5.52679967880249,9.19263076782227
"2024-05-05 02:37:03.0000",8.2,82.21,3.44570398330688,7.16748666763306,15.1442785263062
"2024-05-05 03:07:00.0000",7.88,82.33,2.6809549331665,5.52024745941162,24.0454139709473
"2024-05-05 03:36:57.0000",7.74,82.62,31.1814842224121,33.3723068237305,39.2471771240234
"2024-05-05 04:06:54.0000",7.53,82.86,2.39222741127014,4.51236915588379,8.43752956390381
"2024-05-05 04:36:47.0000",6.88,82.99,2.3671817779541,4.46005439758301,13.2398986816406
"2024-05-05 05:06:43.0000",6.66,83.64,2.38768672943115,5.2484073638916,10.1539554595947
"2024-05-05 05:36:41.0000",7.23,83.35,1.92292678356171,4.36658143997192,10.7286891937256
"2024-05-05 06:06:38.0000",10.78,79.49,1.71084952354431,3.13558673858643,6.68354940414429
"2024-05-05 06:36:35.0000",11.82,78.95,1.86575043201447,3.81333494186401,8.98239898681641
"2024-05-05 07:06:37.0000",13.15,78.17,2.08753299713135,4.36518096923828,11.113561630249
"2024-05-05 07:36:33.0000",15.62,76.35,1.77156901359558,3.87019324302673,7.78547477722168
"2024-05-05 08:06:31.0000",17.45,74.25,1.42940330505371,3.64362359046936,8.17696189880371
"2024-05-05 08:36:28.0000",19.37,72.21,1.05453860759735,2.94941544532776,5.56098508834839
"2024-05-05 09:06:30.0000",21.08,70.46,0.907996833324432,2.44018650054932,8.4985990524292
"2024-05-05 09:36:27.0000",21.26,68.41,0.643405675888062,2.26693534851074,6.08405208587646
"2024-05-05 10:06:25.0000",21.11,67.17,0.749105513095856,2.3983371257782,5.19722604751587
"2024-05-05 10:36:22.0000",21.87,64.55,1.08991229534149,2.69958257675171,8.31018924713135
"2024-05-05 11:06:18.0000",21.82,62.99,0.627668619155884,2.29497647285461,9.29283428192139
"2024-05-05 11:36:15.0000",21.92,61.54,0.709716260433197,2.51635241508484,6.89813470840454
"2024-05-05 12:06:13.0000",21.2,59.03,0.629818022251129,2.17554378509521,5.40293169021606
"2024-05-05 12:36:04.0000",20.4,59.03,0.498324573040009,2.00264501571655,8.04148101806641
"2024-05-05 13:06:02.0000",21.62,56.49,0.75706672668457,2.07688117027283,5.14375829696655
"2024-05-05 13:35:59.0000",20.69,56.41,0.858716905117035,2.74493789672852,10.2016658782959
"2024-05-05 14:05:56.0000",21.1,53.59,0.867469310760498,2.55732750892639,6.31196212768555
"2024-05-05 14:35:53.0000",22.04,52.42,0.666644096374512,1.9195419549942,12.8566999435425
"2024-05-05 15:05:51.0000",23.23,51.18,0.68442040681839,2.318927526474,5.06301879882812
"2024-05-05 15:35:47.0000",21.94,52.05,0.616435706615448,2.26728463172913,5.07506418228149
"2024-05-05 16:05:40.0000",22.27,51.72,0.655232727527618,2.076331615448,6.58589887619019
"2024-05-05 16:35:37.0000",20.38,50.89,1.01693546772003,3.35313749313354,13.3244752883911
"2024-05-05 17:05:29.0000",18.49,53.36,0.912824928760529,2.04340744018555,5.89733028411865
"2024-05-05 17:35:25.0000",20.56,53.58,0.662110447883606,1.89355766773224,12.900221824646
"2024-05-05 18:05:22.0000",19.66,52.42,0.612572431564331,2.49356031417847,8.57953643798828
"2024-05-05 18:35:14.0000",18.7,51.41,0.58089679479599,1.59986937046051,3.68644595146179
"2024-05-05 19:05:11.0000",16.34,53.06,0.864651262760162,2.4280788898468,5.98385715484619
"2024-05-05 19:35:04.0000",15.05,54.99,0.812338709831238,2.06967639923096,7.36007356643677
"2024-05-05 20:04:56.0000",14.29,55.86,0.557467401027679,1.45323669910431,5.30291891098022
"2024-05-05 20:34:53.0000",13.44,56.1,0.400966763496399,1.13258934020996,7.74973440170288
"2024-05-05 21:04:44.0000",12.77,56.6,0.683563351631165,2.74037575721741,9.81735706329346
"2024-05-05 21:34:43.0000",12.56,57.35,0.862320184707642,2.05752849578857,9.72546100616455
"2024-05-05 22:04:35.0000",12.12,59.3,2.12825298309326,5.08844041824341,13.653223991394
"2024-05-05 22:34:32.0000",11.6,62.15,2.34600853919983,5.02982759475708,9.74408435821533
"2024-05-05 23:04:28.0000",11.38,65.55,2.82947731018066,5.53656196594238,11.9037418365479
"2024-05-05 23:34:20.0000",11.14,70.86,4.0638165473938,7.66223764419556,13.9532146453857
"2024-05-06 00:04:18.0000",11.06,73.2,4.43999719619751,7.82719898223877,16.23996925354
"2024-05-06 00:34:15.0000",11.02,77.1,4.21642732620239,7.3945198059082,11.1651563644409
"2024-05-06 01:04:07.0000",10.91,79.23,3.88133883476257,7.04025793075562,14.5152339935303
"2024-05-06 01:34:04.0000",10.76,78.25,3.45709013938904,5.73418426513672,9.99820327758789
"2024-05-06 02:04:00.0000",10.64,77.59,3.43283438682556,5.61420011520386,10.789137840271
"2024-05-06 02:33:58.0000",10.7,78.81,17.9820041656494,20.7306537628174,24.7271289825439
"2024-05-06 03:03:55.0000",10.67,79.36,4.61258363723755,7.24220180511475,14.3216352462769
"2024-05-06 03:33:53.0000",10.64,79.74,4.78653287887573,7.24352312088013,11.4276962280273
"2024-05-06 04:03:50.0000",10.59,79.29,3.1638298034668,4.66443824768066,12.9619379043579
"2024-05-06 04:33:41.0000",10.54,80.8,3.77076554298401,6.07080030441284,9.58037853240967
"2024-05-06 05:03:39.0000",10.93,81.55,3.44700741767883,4.83745002746582,10.4704666137695
"2024-05-06 05:33:35.0000",11.22,81.68,3.43076753616333,5.43691825866699,13.8467807769775
"2024-05-06 06:03:32.0000",11.65,82.58,3.50765371322632,5.21000576019287,7.98331928253174
"2024-05-06 06:33:31.0000",12.66,81.12,2.20681405067444,3.63114070892334,6.13436841964722
"2024-05-06 07:03:27.0000",12.73,82.12,3.46018886566162,5.68760585784912,14.3085794448853
"2024-05-06 07:33:24.0000",13.2,81.27,2.45371603965759,4.11734580993652,12.3304443359375
"2024-05-06 08:03:16.0000",12.84,80.84,2.66572642326355,4.80480003356934,10.1897535324097
"2024-05-06 08:33:13.0000",12.54,81.42,4.02226114273071,5.9396915435791,8.6285285949707
"2024-05-06 09:03:06.0000",12.51,82.02,2.80642199516296,4.98808145523071,7.90217304229736
"2024-05-06 09:33:02.0000",12.5,81.76,2.15751147270203,3.28306937217712,5.34765768051147
"2024-05-06 10:02:59.0000",13.25,81.03,1.33520293235779,2.43659520149231,5.51130247116089
"2024-05-06 10:32:57.0000",13.75,80.05,2.70058012008667,5.26121425628662,9.79934787750244
"2024-05-06 11:02:49.0000",13.8,79.62,2.08954882621765,3.2157301902771,5.18038177490234
"2024-05-06 11:32:46.0000",14.75,77.97,2.31238532066345,4.02063131332397,7.13007116317749
"2024-05-06 12:02:43.0000",15.44,74.55,1.86966514587402,3.16450238227844,5.62127733230591
"2024-05-06 12:32:40.0000",15.94,73.27,1.55198633670807,3.22504091262817,11.6781711578369
"2024-05-06 13:02:37.0000",15.69,71.61,1.66965961456299,3.53701782226562,19.7078666687012
"2024-05-06 13:32:34.0000",15.52,70.38,1.67420494556427,3.59881520271301,10.8033666610718
"2024-05-06 14:02:32.0000",16.07,71.21,1.62676572799683,2.51205563545227,4.80400466918945
"2024-05-06 14:32:29.0000",17.1,68.8,1.91791248321533,3.85548138618469,8.2293815612793
"2024-05-06 15:02:20.0000",15.99,67.22,2.02271056175232,4.55506372451782,10.4295806884766
"2024-05-06 15:32:18.0000",14.99,68.22,2.41789221763611,4.9974799156189,9.42783069610596
"2024-05-06 16:02:09.0000",13.85,70.73,2.33400201797485,4.54342985153198,13.4981718063354
"2024-05-06 16:32:01.0000",13.41,72.01,2.756756067276,5.38803958892822,8.94564056396484
"2024-05-06 17:02:00.0000",12.77,73.06,2.17073321342468,3.68347072601318,15.5396127700806
"2024-05-06 17:31:50.0000",12.47,74.44,2.04794549942017,3.89828824996948,8.97811222076416
"2024-05-06 18:01:48.0000",12.4,75.28,2.42301154136658,4.55454254150391,13.6805849075317
"2024-05-06 18:31:45.0000",11.85,76.53,2.82440280914307,4.81718397140503,13.4090757369995
"2024-05-06 19:01:37.0000",11.68,78.03,2.10124707221985,3.35233020782471,11.3885879516602
"2024-05-06 19:31:34.0000",11.69,78.52,2.29430675506592,3.92755126953125,11.1044263839722
"2024-05-06 20:01:31.0000",11.71,79.19,2.48920488357544,5.30121278762817,10.1697854995728
"2024-05-06 20:31:23.0000",11.53,80.24,3.15279340744019,5.9952540397644,10.5434684753418
"2024-05-06 21:01:15.0000",11.42,81.23,3.28720116615295,7.61191272735596,15.1178026199341
"2024-05-06 21:31:12.0000",11.43,81.4,3.16215920448303,8.15845489501953,17.0272254943848
"2024-05-06 22:01:10.0000",11.34,81.93,3.38941025733948,8.78289031982422,19.8594818115234
"2024-05-06 22:31:07.0000",10.93,82.26,3.62279152870178,8.46008682250977,23.0651817321777
"2024-05-06 23:00:58.0000",11.12,82.43,3.43749356269836,8.71660804748535,15.731593132019
"2024-05-06 23:30:56.0000",11,82.78,3.62137174606323,9.07182788848877,17.7684707641602
"2024-05-07 00:00:52.0000",11.08,83.39,3.64155125617981,9.807785987854,28.5278034210205
"2024-05-07 00:30:45.0000",11.07,83.85,3.61368846893311,8.705641746521,16.4005317687988
"2024-05-07 01:00:42.0000",10.95,84.46,4.40944766998291,10.8660917282104,20.7747783660889
"2024-05-07 01:30:39.0000",10.81,84.41,5.50547456741333,12.165244102478,25.5392169952393
"2024-05-07 02:00:36.0000",10.81,84.45,5.54420137405396,12.7948484420776,25.4101066589355
"2024-05-07 02:30:28.0000",10.69,84.49,5.36831855773926,13.1903791427612,26.6983470916748
"2024-05-07 03:00:25.0000",10.2,84.74,6.91212701797485,14.3141326904297,35.6772956848145
"2024-05-07 03:30:22.0000",10.78,84.98,7.75230979919434,16.8547172546387,29.8195457458496
"2024-05-07 04:00:20.0000",11.04,85.56,10.2380304336548,21.2303428649902,43.495475769043
"2024-05-07 04:30:18.0000",11.25,85.77,8.2233829498291,14.7408428192139,23.5072822570801
"2024-05-07 05:00:14.0000",11.44,85.39,7.43021488189697,13.5061178207397,18.6360054016113
"2024-05-07 05:30:06.0000",11.65,85.27,7.33047389984131,13.3515377044678,19.6610641479492
"2024-05-07 06:00:03.0000",12.82,84.8,6.34104776382446,10.9492073059082,16.9570999145508
"2024-05-07 06:30:05.0000",14.18,82.1,5.09245920181274,9.81989002227783,16.2238235473633
"2024-05-07 07:00:02.0000",14.84,81.96,3.62051153182983,7.18972635269165,20.2964153289795
"2024-05-07 07:29:55.0000",14.71,80.49,1.96352088451385,3.40006971359253,7.77142143249512
"2024-05-07 07:59:51.0000",14.54,79.98,2.0082471370697,4.73734521865845,31.4457855224609
"2024-05-07 08:29:49.0000",14.46,79.6,2.78519701957703,8.81840229034424,55.2415618896484
"2024-05-07 08:59:40.0000",14.57,78.88,1.78799438476562,3.32627463340759,9.86229228973389
"2024-05-07 09:29:38.0000",14.95,78.4,1.5986624956131,2.573486328125,10.3958597183228
"2024-05-07 09:59:35.0000",15.54,77.81,1.54987502098083,2.89426970481873,9.61679077148438
"2024-05-07 10:29:31.0000",16.32,76.57,1.43312156200409,3.47504639625549,16.4377841949463
"2024-05-07 10:59:30.0000",17.48,75.24,1.88069558143616,4.05326843261719,17.8671207427979
"2024-05-07 11:29:26.0000",18.16,75.16,1.97641277313232,3.21385765075684,11.5643968582153
"2024-05-07 11:59:23.0000",19.98,74.51,1.58397197723389,2.8731095790863,6.57993602752686
"2024-05-07 12:29:20.0000",20.23,71.41,1.45349824428558,3.66929244995117,15.4864511489868
"2024-05-07 12:59:18.0000",20.14,70.39,1.74119448661804,2.94402742385864,5.50577831268311
"2024-05-07 13:29:11.0000",19.67,69.54,1.52516674995422,2.48052859306335,7.2251238822937
"2024-05-07 13:59:07.0000",19.79,68.04,1.73006772994995,2.37303566932678,5.18835544586182
"2024-05-07 14:29:03.0000",20.34,66.42,1.77106559276581,3.51416969299316,10.3534746170044
"2024-05-07 14:59:06.0000",21.91,64.44,1.68874478340149,3.41726803779602,22.3997840881348
"2024-05-07 15:28:59.0000",21.36,62.5,1.58816468715668,2.6925528049469,15.261456489563
"2024-05-07 15:58:56.0000",21.09,60.73,1.61407065391541,3.3458080291748,22.3304786682129
"2024-05-07 16:29:28.0000",20.79,58.38,1.40912532806396,3.29199481010437,8.67423629760742
"2024-05-07 16:58:44.0000",19.7,58.92,1.25944530963898,2.27336573600769,4.27614688873291
"2024-05-07 17:28:42.0000",18.65,59.48,2.87077498435974,4.82132625579834,15.1146364212036
"2024-05-07 17:58:34.0000",18.41,60.15,2.87759637832642,5.35793018341064,21.7999649047852
"2024-05-07 18:28:31.0000",17.85,60.64,2.26870274543762,4.86555528640747,13.3280506134033
"2024-05-07 18:58:22.0000",17.16,61.27,1.94945633411407,4.65376901626587,22.3652458190918
"2024-05-07 19:28:20.0000",16.96,61.62,1.8383926153183,3.40397047996521,10.112735748291
"2024-05-07 19:58:17.0000",16.63,61.84,1.690798163414,3.66173768043518,8.0400562286377
"2024-05-07 20:28:09.0000",16.12,62.69,1.63013362884521,3.48512983322144,9.72323131561279
"2024-05-07 20:58:05.0000",15.31,63.8,2.13643550872803,3.94179344177246,9.04933547973633
"2024-05-07 21:27:59.0000",14.46,64.88,4.7638783454895,7.79396438598633,21.578031539917
"2024-05-07 21:57:55.0000",13.75,66.2,6.32208204269409,8.9230489730835,13.1443548202515
"2024-05-07 22:27:48.0000",13.41,67.05,5.8449878692627,8.93060779571533,13.8481330871582
"2024-05-07 22:57:44.0000",13.27,67.79,3.91227436065674,5.77665233612061,11.1035413742065
"2024-05-07 23:27:41.0000",13.65,68.17,2.53874969482422,4.83234882354736,22.1370239257812
"2024-05-07 23:57:38.0000",13.4,68.44,2.97084355354309,5.68449306488037,12.2079830169678
"2024-05-08 00:13:52.0000",13,76.25,7.80444240570068,8.36007547098678,13.1163993995551
"2024-05-08 00:27:30.0000",13.25,69.18,2.83612132072449,5.16947984695435,19.7896518707275
"2024-05-08 00:43:48.0000",13.44,76.31,5.34980583190918,6.08546580045318,11.0030000600443
"2024-05-08 00:57:28.0000",13.61,68.95,2.484450340271,4.38841390609741,14.3016157150269
"2024-05-08 01:27:24.0000",13.46,69.23,2.62844777107239,4.50198364257812,10.0321559906006
"2024-05-08 01:57:21.0000",13.08,69.55,3.32123780250549,5.51202917098999,16.1101417541504
"2024-05-08 02:27:14.0000",12.05,70.36,3.59017419815063,6.37688827514648,19.7837047576904
"2024-05-08 02:57:05.0000",10.77,71.47,3.61323022842407,5.88145923614502,18.5862331390381
"2024-05-08 03:26:58.0000",10.05,72.3,33.1799201965332,36.2548713684082,41.2653503417969
"2024-05-08 03:56:55.0000",9.42,72.91,5.5298638343811,8.04342460632324,11.9643726348877
"2024-05-08 04:26:52.0000",9.25,73.67,79.4557113647461,86.752685546875,95.6069183349609
"2024-05-08 04:56:50.0000",9.67,74.67,39.5319480895996,68.0764007568359,196.647537231445
"2024-05-08 05:26:51.0000",10.4,75.07,30.8761501312256,51.7947082519531,59.416431427002
"2024-05-08 05:56:38.0000",11.22,74.92,21.102611541748,33.6722564697266,53.4035873413086
"2024-05-08 06:26:35.0000",12.03,75.17,20.2334308624268,31.9155349731445,47.7225456237793
"2024-05-08 06:56:32.0000",12.81,75.26,17.9494037628174,25.6693630218506,33.0807113647461
"2024-05-08 07:26:30.0000",13.72,74.77,11.2881011962891,16.9453926086426,22.9416809082031
"2024-05-08 07:42:31.0000",13.34,93.19,18.3509216308594,19.9246340175625,27.7105638327121
"2024-05-08 07:56:27.0000",14.7,73.31,6.89468812942505,9.21794128417969,14.0440196990967
"2024-05-08 08:26:24.0000",14.22,74.5,8.74996662139893,14.2821350097656,44.4819946289062
"2024-05-08 08:56:20.0000",15.22,74.25,8.19825553894043,11.9669485092163,21.6770343780518
"2024-05-08 09:26:18.0000",17,72.19,8.48146152496338,12.7803363800049,20.1296577453613
"2024-05-08 09:56:15.0000",17.16,72.16,6.77102899551392,10.1621532440186,22.118724822998
"2024-05-08 10:26:12.0000",18.28,70.39,4.96234464645386,8.13629627227783,16.014009475708
"2024-05-08 10:56:09.0000",17.97,70.12,3.12122225761414,5.63349866867065,13.9233074188232
"2024-05-08 11:26:12.0000",20.45,66.72,3.17188048362732,5.58273077011108,13.8388481140137
"2024-05-08 11:56:09.0000",20.58,66.84,2.0574049949646,3.95713090896606,13.2358112335205
"2024-05-08 12:26:06.0000",21.15,63.02,4.3069634437561,6.61816501617432,12.1500225067139
"2024-05-08 12:55:58.0000",19.15,63.31,4.07037401199341,6.18489694595337,10.2006540298462
"2024-05-08 13:25:56.0000",20.18,62.97,1.98741018772125,3.68835043907166,11.1231355667114
"2024-05-08 13:55:52.0000",21.12,59.86,2.75639820098877,5.62651872634888,13.7880601882935
"2024-05-08 14:25:45.0000",19.45,60.58,2.36096978187561,4.37281513214111,14.3979263305664
"2024-05-08 14:55:41.0000",19.44,60.98,2.3378119468689,4.48099088668823,9.60065841674805
"2024-05-08 15:25:38.0000",20.12,58.43,2.16533946990967,6.57559013366699,23.3339176177979
"2024-05-08 15:55:35.0000",19.43,57.89,1.46666073799133,2.61222314834595,12.2127799987793
"2024-05-08 16:25:23.0000",17.58,59.72,1.78409254550934,3.37170052528381,15.3697233200073
"2024-05-08 16:55:20.0000",17.26,59.37,1.59988510608673,4.72197246551514,30.7003440856934
"2024-05-08 17:25:12.0000",16.14,60.25,2.16910934448242,4.94678783416748,17.6336517333984
"2024-05-08 17:55:09.0000",15.55,61.52,1.44820857048035,3.0207633972168,9.32004547119141
"2024-05-08 18:25:01.0000",14.99,62.86,1.54684770107269,4.15497875213623,25.8057804107666
"2024-05-08 18:54:59.0000",14.53,64.14,1.52471590042114,3.80952620506287,9.0655460357666
"2024-05-08 19:24:50.0000",13.96,65.34,1.6224353313446,3.43263792991638,11.1421012878418
"2024-05-08 19:54:48.0000",13.43,66.29,1.83809900283813,3.89724016189575,18.6088523864746
"2024-05-08 20:24:44.0000",13.25,66.7,1.83832466602325,3.86270976066589,14.6590051651001
"2024-05-08 20:54:37.0000",13.05,67.09,2.11765146255493,5.05934286117554,11.2003755569458
"2024-05-08 21:24:33.0000",12.75,67.77,1.93952596187592,4.72460556030273,10.0605592727661
"2024-05-08 21:54:30.0000",12.42,68.25,1.84801387786865,3.96251320838928,16.6399993896484
"2024-05-08 22:24:27.0000",12.09,68.83,2.07237362861633,4.38667774200439,8.10328769683838
"2024-05-08 22:54:19.0000",11.89,69.52,2.12941813468933,4.82629203796387,16.4324703216553
"2024-05-08 23:24:11.0000",11.65,69.86,2.08533525466919,4.23790311813354,8.32319355010986
"2024-05-08 23:54:08.0000",10.84,70.31,2.43978810310364,5.27262353897095,9.63998126983643
"2024-05-09 00:24:00.0000",10.38,71.14,2.33417558670044,4.96039342880249,11.5545272827148
"2024-05-09 00:53:57.0000",10.74,71.63,15.1545276641846,18.1190509796143,25.2129516601562
"2024-05-09 01:23:55.0000",10.5,71.63,2.95988607406616,6.28327560424805,29.8784160614014
"2024-05-09 01:53:46.0000",9.36,72.65,2.73308324813843,5.57431411743164,9.86918067932129
"2024-05-09 02:23:44.0000",9.26,73.29,69.5981292724609,72.3349533081055,75.6073455810547
"2024-05-09 02:53:35.0000",9.49,73.78,70.1888809204102,72.8666687011719,75.2222900390625
"2024-05-09 03:23:33.0000",9.08,73.85,3.71691083908081,6.44969606399536,11.2889366149902
"2024-05-09 03:53:30.0000",8.56,74.52,5.1564154624939,8.36617660522461,13.4850997924805
"2024-05-09 04:23:22.0000",8.9,74.95,5.82705736160278,9.26657581329346,18.4814262390137
"2024-05-09 04:53:19.0000",9.3,75.15,5.66323900222778,9.2667064666748,22.3262138366699
"2024-05-09 05:23:16.0000",10.19,74.87,4.86214160919189,8.05289554595947,15.2312068939209
"2024-05-09 05:53:13.0000",11.27,74.79,8.18444156646729,12.727707862854,21.5821990966797
"2024-05-09 06:23:10.0000",12.55,74.44,7.57361555099487,12.1323041915894,22.6792850494385
"2024-05-09 06:53:13.0000",14.56,72.76,5.62495374679565,8.93546009063721,15.8432855606079
"2024-05-09 07:23:10.0000",17.27,70.6,3.61921048164368,5.88904714584351,14.3374795913696
"2024-05-09 07:53:07.0000",19.49,67.98,3.18304920196533,7.40424108505249,30.0270824432373
"2024-05-09 08:23:09.0000",21.31,65.69,1.89842629432678,4.21500539779663,10.2040328979492
"2024-05-09 08:53:01.0000",21.28,64.44,2.07672619819641,6.06236886978149,18.0366382598877
"2024-05-09 09:23:03.0000",21.94,62.18,2.26661252975464,5.08286190032959,40.4062576293945
"2024-05-09 09:53:01.0000",22.88,60.06,2.40291905403137,4.11345386505127,11.1197195053101
"2024-05-09 10:22:53.0000",22.42,57.51,2.54536390304565,6.51528406143188,20.6697483062744
"2024-05-09 10:52:49.0000",23.09,56.69,3.07301259040833,7.0407862663269,32.2977828979492
"2024-05-09 11:22:41.0000",22.99,55.43,3.18261671066284,5.8322434425354,13.3232593536377
"2024-05-09 11:52:38.0000",23.07,55.31,2.92600107192993,4.61287784576416,9.06300735473633
"2024-05-09 12:22:36.0000",21.92,55.2,2.74314332008362,6.05424642562866,29.6803779602051
"2024-05-09 12:52:28.0000",21.62,54.52,2.58873081207275,4.47635269165039,9.74138832092285
"2024-05-09 13:22:25.0000",21.66,54.76,2.18130564689636,6.15213441848755,26.4592971801758
"2024-05-09 13:52:22.0000",21.81,53.93,2.07640933990479,4.8032283782959,15.7240877151489
"2024-05-09 14:22:20.0000",21.68,53.65,2.20908737182617,5.19355344772339,20.0246982574463
"2024-05-09 14:52:16.0000",22.47,51.62,2.16778254508972,5.77337169647217,28.3247776031494
"2024-05-09 15:22:14.0000",22.35,52.43,2.70765900611877,6.12084579467773,12.6699495315552
"2024-05-09 15:52:07.0000",22.08,52.17,3.18263554573059,7.40365505218506,21.1550712585449
"2024-05-09 16:22:03.0000",21,53.71,3.73544335365295,7.773118019104,20.9720020294189
"2024-05-09 16:51:55.0000",20.69,55.13,3.4047417640686,5.92774534225464,15.4540786743164
"2024-05-09 17:21:52.0000",20.15,56.06,2.71662735939026,5.00781011581421,12.1522979736328
"2024-05-09 17:51:49.0000",19.51,55.7,2.44815468788147,4.48184823989868,7.46101522445679
"2024-05-09 18:21:42.0000",18.32,56.24,2.27972745895386,4.25722074508667,12.6806993484497
"2024-05-09 18:51:38.0000",17.41,57.26,2.34433674812317,4.41625261306763,11.0927495956421
"2024-05-09 19:21:30.0000",16.66,58.13,2.58113670349121,4.64189434051514,8.14342403411865
"2024-05-09 19:51:22.0000",15.68,58.66,2.34407711029053,4.89099359512329,10.8925819396973
"2024-05-09 20:21:19.0000",14.88,59.62,2.34972429275513,4.44720268249512,9.09657382965088
"2024-05-09 20:51:12.0000",14.01,60.66,2.68052554130554,5.49347591400146,16.504264831543
"2024-05-09 21:21:09.0000",13.73,61.69,3.46301698684692,6.94601106643677,26.7511672973633
"2024-05-09 21:51:01.0000",13.27,62.58,2.98343944549561,5.68164968490601,13.5166473388672
"2024-05-09 22:20:58.0000",13.15,63.61,3.73657655715942,7.40152645111084,19.6689357757568
"2024-05-09 22:50:54.0000",13.07,64.04,3.58418464660645,7.14610052108765,16.5075263977051
"2024-05-09 23:20:47.0000",12.33,65.12,4.42155027389526,8.06934928894043,20.128288269043
"2024-05-09 23:50:44.0000",12.03,66.12,4.69591331481934,8.14378643035889,21.5757904052734
"2024-05-10 00:20:36.0000",11.89,66.51,4.05805540084839,6.67234182357788,12.4299917221069
"2024-05-10 00:50:32.0000",11.94,67.09,5.30169057846069,9.22435188293457,17.168327331543
"2024-05-10 01:20:31.0000",11.67,67.67,4.60997104644775,8.13607025146484,14.5793981552124
"2024-05-10 01:50:26.0000",11.23,68.47,5.03281736373901,8.13712501525879,13.7109699249268
"2024-05-10 02:20:19.0000",10.93,69.12,5.15902757644653,8.96169090270996,22.5026760101318
"2024-05-10 02:50:16.0000",11.05,69.42,7.08699989318848,11.0255718231201,15.3150768280029
"2024-05-10 03:20:08.0000",11.07,70.04,5.96540212631226,9.61861705780029,14.4236688613892
"2024-05-10 03:50:05.0000",11.02,70.39,6.59455633163452,9.21166038513184,18.3137168884277
"2024-05-10 04:20:02.0000",11.07,71.07,5.97151184082031,9.03682994842529,16.8251552581787
"2024-05-10 04:50:00.0000",11.27,71.6,6.6924877166748,11.6462020874023,40.6456451416016
"2024-05-10 05:19:56.0000",11.93,71.52,7.07710027694702,11.5204725265503,18.3185405731201
"2024-05-10 05:49:55.0000",12.96,71.22,8.44231700897217,17.7503528594971,65.7999114990234
"2024-05-10 06:19:50.0000",14.53,70.21,7.45486450195312,14.1280288696289,44.8884391784668
"2024-05-10 06:49:49.0000",15.2,70.69,9.58811473846436,14.5443181991577,33.5056228637695
"2024-05-10 07:19:45.0000",17.4,68.92,9.79624652862549,14.5609979629517,28.2014198303223
"2024-05-10 07:49:42.0000",18.75,67.64,9.01840114593506,13.636004447937,26.4388046264648
"2024-05-10 08:19:39.0000",19.88,65.8,7.32714557647705,11.6879711151123,19.2663421630859
"2024-05-10 08:49:42.0000",20.62,64.21,8.2749547958374,13.9308986663818,61.8293151855469
"2024-05-10 09:19:34.0000",21.2,63.9,8.34418964385986,13.0216655731201,23.8367500305176
"2024-05-10 09:49:35.0000",22.54,62.5,6.36815881729126,10.3272151947021,16.2436065673828
"2024-05-10 10:19:34.0000",23.23,60.93,7.07878875732422,11.3576602935791,20.2417144775391
"2024-05-10 10:49:25.0000",22.84,60.39,7.77674055099487,12.9947490692139,50.4310417175293
"2024-05-10 11:19:26.0000",24.66,59.21,5.3576602935791,9.19159603118896,35.6302719116211
"2024-05-10 11:49:19.0000",24.29,57.82,5.52744102478027,9.42734909057617,35.0435523986816
"2024-05-10 12:19:16.0000",24.19,57.01,4.62200117111206,8.44536685943604,28.7706165313721
"2024-05-10 12:49:09.0000",25.03,56.18,3.51670360565186,6.20367383956909,27.2765617370605
"2024-05-10 13:19:05.0000",25.22,54.15,2.35901355743408,5.47958469390869,18.2325878143311
"2024-05-10 13:49:03.0000",25.03,53.26,2.42956709861755,5.03378820419312,16.8792266845703
"2024-05-10 14:19:00.0000",25.22,52.2,3.01601099967957,9.64777374267578,84.2359848022461
"2024-05-10 14:48:58.0000",25.71,50.89,1.86762750148773,3.95345449447632,16.4578151702881
"2024-05-10 15:18:49.0000",25.66,49.72,1.4537558555603027,3.9897074699401855,15.38684368133545
"2024-05-10 15:48:45.0000",24.63,49.42,1.9575577974319458,4.829739570617676,12.372814178466797
"2024-05-10 16:18:43.0000",24.6,49.18,1.9960075616836548,4.280097961425781,20.959102630615234
"2024-05-10 16:48:36.0000",24.68,49.98,1.6832469701766968,3.55330753326416,18.482013702392578
"2024-05-10 17:18:32.0000",23.7,49.55,1.596803903579712,4.6380205154418945,31.914630889892578
"2024-05-10 17:48:29.0000",23.96,49.33,1.306318759918213,3.98549485206604,17.489652633666992
"2024-05-10 18:18:21.0000",23.62,49.27,1.4467954635620117,4.630496978759766,28.112411499023438
"2024-05-10 18:48:18.0000",22.93,49.86,1.4121097326278687,4.218677043914795,25.03754425048828
"2024-05-10 19:18:11.0000",22.09,50.55,1.2122962474822998,3.209287643432617,14.905037879943848
"2024-05-10 19:48:03.0000",20.93,51.05,1.5017904043197632,3.5848164558410645,8.261519432067871
"2024-05-10 20:18:00.0000",19.53,52.3,1.7663811445236206,5.388969898223877,16.619651794433594
"2024-05-10 20:47:52.0000",17.85,54.48,3.2621591091156006,5.915445327758789,19.447402954101562
"2024-05-10 21:17:44.0000",16.79,56.08,5.424953937530518,9.70326042175293,21.641366958618164
"2024-05-10 21:47:36.0000",15.7,57.69,5.292039394378662,8.986355781555176,15.480269432067871
"2024-05-10 22:17:32.0000",15.07,59.2,4.208917140960693,8.64085865020752,25.41383171081543
"2024-05-10 22:47:25.0000",14.61,60.32,3.6627726554870605,7.506568908691406,30.415925979614258
"2024-05-10 23:17:17.0000",14.13,61.56,4.448237419128418,8.096339225769043,15.848177909851074
"2024-05-10 23:47:14.0000",13.89,62.63,4.623667240142822,8.05588436126709,19.331867218017578
"2024-05-11 00:17:11.0000",13.75,63.4,5.676741123199463,9.846254348754883,19.835464477539062
"2024-05-11 00:47:07.0000",13.35,64.41,6.37216854095459,9.690000534057617,19.85308837890625
"2024-05-11 01:17:01.0000",12.77,65.14,5.676701545715332,8.526154518127441,13.15902328491211
"2024-05-11 01:46:57.0000",13.44,66.26,5.703953266143799,8.9322509765625,17.310815811157227
"2024-05-11 02:16:50.0000",12.69,66.61,5.919417381286621,11.044108390808105,33.73396301269531
"2024-05-11 02:46:46.0000",12.35,67.55,5.9799885749816895,8.851092338562012,19.334402084350586
"2024-05-11 03:16:43.0000",12.72,69.26,6.1007466316223145,10.005921363830566,23.3758602142334
"2024-05-11 03:46:40.0000",13.26,70.39,6.198848724365234,10.277297973632812,27.93374252319336
"2024-05-11 04:16:32.0000",13.3,71.79,7.011781692504883,11.979227066040039,18.502567291259766
"2024-05-11 04:46:30.0000",13.33,72.49,7.580375671386719,11.497363090515137,18.03614616394043
"2024-05-11 05:16:27.0000",14.19,70.75,7.059230327606201,11.071128845214844,19.31899070739746
"2024-05-11 05:46:28.0000",15.72,69.44,6.523967742919922,9.921646118164062,15.471677780151367
"2024-05-11 06:16:26.0000",18.73,66.2,5.938582420349121,8.887439727783203,19.52277946472168
"2024-05-11 06:46:23.0000",20.06,64.17,6.001385688781738,9.015827178955078,21.265750885009766
"2024-05-11 07:16:20.0000",20.56,63.38,5.279836177825928,7.979908466339111,13.903982162475586
"2024-05-11 07:46:18.0000",21.65,61.99,4.840411186218262,8.324169158935547,23.083057403564453
"2024-05-11 08:16:19.0000",23.19,59.3,3.80541729927063,7.012736797332764,18.916885375976562
"2024-05-11 08:47:02.0000",22.67,58.79,1.5976868867874146,3.1278200149536133,6.7017598152160645
"2024-05-11 09:16:09.0000",24.05,55.15,0.6554663181304932,1.5582596063613892,20.154212951660156
"2024-05-11 09:46:01.0000",22.4,55.88,0.7321797013282776,1.9614053964614868,20.35031509399414
"2024-05-11 10:16:03.0000",23.42,52.35,0.7556132674217224,2.470494031906128,7.812046051025391
"2024-05-11 10:45:55.0000",22.19,52.77,0.5780436992645264,1.8333464860916138,4.714437007904053
"2024-05-11 11:15:52.0000",22.58,52.98,0.7586663365364075,2.437450408935547,14.198049545288086
"2024-05-11 11:45:49.0000",24.47,49.23,0.6468662619590759,2.118966817855835,12.574431419372559
"2024-05-11 12:15:46.0000",24.38,48.68,0.3625514805316925,1.5275837182998657,10.993550300598145
"2024-05-11 12:45:38.0000",24.13,48.58,0.4803382456302643,1.326634407043457,4.085773468017578
"2024-05-11 13:16:16.0000",24.05,47.2,0.5124674439430237,1.7626439332962036,8.248651504516602
"2024-05-11 13:45:33.0000",23.8,46.1,0.8063718676567078,2.243891954421997,8.94087028503418
"2024-05-11 14:15:29.0000",24.12,45.15,0.9797458648681641,2.558978796005249,11.7225341796875
"2024-05-11 14:45:26.0000",24.23,45.08,0.9245153665542603,2.496359348297119,10.72269344329834
"2024-05-11 15:15:24.0000",24.37,45.9,1.809174656867981,3.5070250034332275,13.702136039733887
"2024-05-11 15:45:16.0000",24.13,45.9,2.4538497924804688,4.338912010192871,7.914417266845703
"2024-05-11 16:15:12.0000",23.39,47.47,2.8619322776794434,4.988507270812988,18.957107543945312
"2024-05-11 16:45:05.0000",23.41,47.81,4.434360980987549,7.239946365356445,12.262887001037598
"2024-05-11 17:15:02.0000",22.4,48.76,3.8332955837249756,6.329716205596924,18.17042350769043
"2024-05-11 17:44:54.0000",21.98,49.46,3.809218168258667,6.352980136871338,10.816356658935547
"2024-05-11 18:14:51.0000",21.51,50.33,3.736736536026001,6.589895248413086,17.410057067871094
"2024-05-11 18:44:43.0000",20.9,51.15,3.722730875015259,5.903027534484863,19.850116729736328
"2024-05-11 19:14:41.0000",20.35,52.08,3.4084835052490234,5.525627136230469,11.55493450164795
"2024-05-11 19:44:33.0000",19.71,53.33,3.8455536365509033,5.97634220123291,10.6273775100708
"2024-05-11 20:14:30.0000",19.08,54.73,4.778078079223633,8.748233795166016,29.095579147338867
"2024-05-11 20:44:21.0000",18.63,56.3,4.77256965637207,8.17943286895752,19.7642822265625
"2024-05-11 21:14:18.0000",18.4,57.65,5.685307025909424,8.849474906921387,32.164283752441406
"2024-05-11 21:44:16.0000",17.82,59.86,6.717480659484863,10.134283065795898,21.813953399658203
"2024-05-11 22:14:07.0000",17.29,62.15,7.6811394691467285,10.654857635498047,16.505285263061523
"2024-05-11 22:44:04.0000",16.79,64.14,7.31614351272583,11.170042037963867,15.236665725708008
"2024-05-11 23:13:56.0000",16.55,64.45,6.726237773895264,10.56794261932373,14.79928970336914
"2024-05-11 23:43:54.0000",15.96,65.8,7.2201948165893555,10.976301193237305,18.434114456176758
"2024-05-12 00:13:51.0000",15.58,66.18,6.933640956878662,11.022700309753418,21.609142303466797
"2024-05-12 00:43:43.0000",15.26,66.25,7.825993061065674,12.503937721252441,19.69317626953125
"2024-05-12 01:13:40.0000",15.31,66.32,8.02853012084961,12.3527193069458,40.68328857421875
"2024-05-12 01:43:37.0000",14.87,66.91,8.458807945251465,13.342618942260742,32.65605545043945
"2024-05-12 02:13:29.0000",14.23,67.95,9.441452026367188,14.493407249450684,26.299999237060547
"2024-05-12 02:43:26.0000",14.24,70.14,9.950854301452637,14.914112091064453,27.691537857055664
"2024-05-12 03:13:24.0000",14.5,69.61,9.129874229431152,13.321334838867188,21.008827209472656
"2024-05-12 03:43:20.0000",14.3,69.92,9.094246864318848,13.944772720336914,24.419902801513672
"2024-05-12 04:13:12.0000",13.96,71.19,9.686017036437988,14.378368377685547,21.98841094970703
"2024-05-12 04:43:09.0000",13.72,71.3,8.546904563903809,13.752483367919922,25.81239891052246
"2024-05-12 05:13:02.0000",13.6,71.54,8.220648765563965,12.475884437561035,24.112730026245117
"2024-05-12 05:42:59.0000",14.12,70.47,7.583343982696533,11.900467872619629,16.314655303955078
"2024-05-12 06:12:56.0000",14.74,69.97,7.438879489898682,10.982895851135254,16.073286056518555
"2024-05-12 06:42:53.0000",15.37,68.89,8.318440437316895,12.177081108093262,16.350618362426758
"2024-05-12 07:12:55.0000",18.04,64.78,7.955912113189697,11.321564674377441,15.015031814575195
"2024-05-12 07:42:52.0000",20.17,61.7,7.4851884841918945,10.920354843139648,22.77704429626465
"2024-05-12 08:12:49.0000",19.84,59.04,7.022762298583984,10.99931812286377,25.922697067260742
"2024-05-12 08:42:46.0000",20.99,59.57,6.311395168304443,10.672676086425781,20.74711036682129
"2024-05-12 09:12:44.0000",22.12,57.73,7.015283584594727,10.786822319030762,19.511802673339844
"2024-05-12 09:42:41.0000",22.89,57.16,6.763122081756592,10.152315139770508,25.13871192932129
"2024-05-12 10:12:38.0000",23.71,55.42,6.974537372589111,10.578889846801758,15.160923957824707
"2024-05-12 10:42:36.0000",24.05,54.14,6.976699352264404,10.586292266845703,14.270012855529785
"2024-05-12 11:12:27.0000",24.28,52.87,6.204044818878174,9.59671401977539,13.572954177856445
"2024-05-12 11:42:24.0000",24.49,53.47,5.8863911628723145,9.375662803649902,30.43477439880371
"2024-05-12 12:12:21.0000",24.09,53.09,4.745876789093018,7.7487921714782715,15.289735794067383
"2024-05-12 12:42:18.0000",23.88,53.16,4.69132661819458,8.194709777832031,23.563901901245117
"2024-05-12 13:12:15.0000",24.33,53.2,4.50987434387207,7.391861438751221,15.304305076599121
"2024-05-12 13:42:13.0000",23.79,53.26,4.159563064575195,7.288110733032227,17.22414207458496
"2024-05-12 14:12:05.0000",24.32,52.09,3.8024890422821045,6.4974284172058105,13.2960844039917
"2024-05-12 14:42:01.0000",24.76,51.22,3.2453811168670654,6.302698612213135,15.636642456054688
"2024-05-12 15:11:59.0000",24.78,50.62,2.793205499649048,6.034244060516357,18.213027954101562
"2024-05-12 15:41:56.0000",23.57,51.68,2.1928396224975586,5.574477672576904,20.99382972717285
"2024-05-12 16:11:48.0000",23.08,51.9,1.5879268646240234,4.006958484649658,26.79559326171875
"2024-05-12 16:41:45.0000",21.76,54.05,1.8684908151626587,5.045116901397705,31.91721534729004
"2024-05-12 17:11:37.0000",19.92,59.49,5.791010856628418,11.503907203674316,33.57075881958008
"2024-05-12 17:41:29.0000",18.22,64.65,4.841916561126709,10.72309398651123,36.75791549682617
"2024-05-12 18:11:21.0000",16.8,67.44,1.4148995876312256,4.425796985626221,15.6589937210083
"2024-05-12 18:41:13.0000",14.92,71.07,2.6199183464050293,7.770205974578857,34.8475456237793
"2024-05-12 19:11:11.0000",14.61,73.71,1.029221534729004,3.0701699256896973,7.588612079620361
"2024-05-12 19:41:08.0000",14.86,75.97,1.774910807609558,4.073478698730469,24.77639389038086
"2024-05-12 20:11:06.0000",14.85,78.63,1.7593272924423218,3.2878313064575195,9.31509780883789
"2024-05-12 20:40:57.0000",14.72,82.37,2.992321729660034,5.03450870513916,9.238725662231445
"2024-05-12 21:10:59.0000",14.97,83.04,4.561586856842041,7.659443378448486,12.741291999816895
"2024-05-12 21:40:51.0000",14.65,82.99,3.1869208812713623,4.72153377532959,8.153447151184082
"2024-05-12 22:10:48.0000",14.37,83.51,3.842144727706909,5.793030261993408,23.833114624023438
"2024-05-12 22:40:40.0000",13.56,84.47,5.298712730407715,7.527195453643799,10.901976585388184
"2024-05-12 23:10:37.0000",13.18,85.39,1.611190915107727,2.3225224018096924,4.188851833343506
"2024-05-12 23:40:29.0000",12.82,85.91,12.802580833435059,18.45138168334961,21.827960968017578
"2024-05-13 00:10:26.0000",12.69,86.71,7.747440814971924,11.099658012390137,14.36057186126709
"2024-05-13 00:40:24.0000",13.02,86.85,2.7893900871276855,3.8393986225128174,5.816305637359619
"2024-05-13 01:10:20.0000",12.93,86.89,2.295276641845703,3.0629429817199707,4.8799614906311035
"2024-05-13 01:40:13.0000",12.84,88,6.896317481994629,9.501359939575195,14.107467651367188
"2024-05-13 02:10:10.0000",13.14,87.72,11.698039054870605,17.36712646484375,24.66888427734375
"2024-05-13 02:40:07.0000",13.04,88.08,21.305543899536133,31.431598663330078,39.739559173583984
"2024-05-13 03:09:59.0000",12.69,88.27,28.80242347717285,43.88815689086914,58.14086151123047
"2024-05-13 03:39:56.0000",12.36,89.23,35.54393005371094,54.7284049987793,67.90251159667969
"2024-05-13 04:09:47.0000",12.12,89.21,22.25434684753418,33.68526077270508,47.86571502685547
"2024-05-13 04:39:45.0000",11.64,89.31,16.721282958984375,25.415996551513672,35.65689468383789
"2024-05-13 05:09:42.0000",12.68,88.72,5.752755641937256,8.382735252380371,12.590570449829102
"2024-05-13 05:39:40.0000",14.4,84.43,5.024218559265137,7.274054527282715,12.384986877441406
"2024-05-13 06:09:36.0000",15.68,82.96,3.4286305904388428,6.355903625488281,16.520116806030273
"2024-05-13 06:39:29.0000",13.87,82.55,2.845548629760742,4.682543754577637,9.793410301208496
"2024-05-13 07:09:26.0000",15.62,81.94,2.341101884841919,3.437445640563965,5.886992454528809
"2024-05-13 07:39:22.0000",16.51,78.38,2.3170166015625,4.021453857421875,12.890076637268066
"2024-05-13 08:09:20.0000",18.03,74.44,3.116525411605835,5.3219804763793945,8.774591445922852
"2024-05-13 08:39:17.0000",19.44,70.31,3.4244351387023926,5.296175479888916,12.163010597229004
"2024-05-13 09:09:14.0000",17.18,69.65,3.869173526763916,6.097781181335449,12.61633586883545
"2024-05-13 09:39:06.0000",16.52,70.25,2.504831075668335,4.801324844360352,10.654889106750488
"2024-05-13 10:09:03.0000",16.94,69.16,1.4569061994552612,2.871791362762451,8.301270484924316
"2024-05-13 10:38:55.0000",16.61,69.15,0.8481829762458801,2.460359811782837,11.130082130432129
"2024-05-13 11:08:52.0000",16.82,67.94,0.6209614276885986,1.7028594017028809,6.876452445983887
"2024-05-13 11:38:50.0000",17.27,67.26,0.42738455533981323,1.6309434175491333,23.4735164642334
"2024-05-13 12:09:32.0000",17.22,66.86,0.6066718101501465,1.636168122291565,5.25699520111084
"2024-05-13 12:38:43.0000",16.53,67.23,0.5975015163421631,1.5816855430603027,15.23904037475586
"2024-05-13 13:08:40.0000",17,67.44,0.7500946521759033,1.923142433166504,6.760001182556152
"2024-05-13 13:38:39.0000",17.78,65.8,0.3213975727558136,1.119572639465332,4.687083721160889
"2024-05-13 14:08:36.0000",18.27,65.33,0.7168146967887878,2.176213264465332,15.26406192779541
"2024-05-13 14:38:27.0000",17.26,66.06,0.6556172966957092,1.5246363878250122,3.7518539428710938
"2024-05-13 15:08:24.0000",16.23,68.25,0.9125857949256897,2.2710037231445312,15.459789276123047
"2024-05-13 15:38:21.0000",15.88,70.28,1.2156704664230347,2.43487811088562,5.699156284332275
"2024-05-13 16:08:13.0000",15.9,72.52,1.5007381439208984,3.812040328979492,12.73787784576416
"2024-05-13 16:38:10.0000",16.01,72.34,1.7625808715820312,4.128252029418945,10.713923454284668
"2024-05-13 17:08:08.0000",16.13,72.88,1.5831712484359741,4.070124626159668,8.96757984161377
"2024-05-13 17:37:59.0000",15.6,73.05,1.3119407892227173,2.973018169403076,9.373574256896973
"2024-05-13 18:07:57.0000",14.66,75.55,1.3742406368255615,2.6791417598724365,12.64218521118164
"2024-05-13 18:37:54.0000",14.69,76.87,1.1073638200759888,2.2499680519104004,5.90996789932251
"2024-05-13 19:07:46.0000",14.29,78.16,1.5374829769134521,2.554060459136963,5.891072750091553
"2024-05-13 19:37:42.0000",13.78,80.06,2.117180109024048,4.203469276428223,7.880379676818848
"2024-05-13 20:07:34.0000",13.47,81.86,2.7755191326141357,4.930797100067139,8.7980318069458
"2024-05-13 20:37:32.0000",13.16,82.93,2.998366594314575,4.720558166503906,8.338767051696777
"2024-05-13 21:07:29.0000",12.95,85.1,3.8553450107574463,6.710353851318359,11.825780868530273
"2024-05-13 21:37:20.0000",12.89,86.59,4.5160017013549805,7.121095180511475,10.543293952941895
"2024-05-13 22:07:18.0000",12.88,87.87,5.077126979827881,7.7231974601745605,12.178433418273926
"2024-05-13 22:37:15.0000",12.8,89.16,6.110757827758789,10.531543731689453,16.933610916137695
"2024-05-13 23:07:07.0000",12.75,90.86,5.525425434112549,8.003713607788086,10.300102233886719
"2024-05-13 23:37:05.0000",12.7,92.03,6.364490985870361,9.84379768371582,18.08759880065918
"2024-05-14 00:07:02.0000",12.65,92.32,7.952874183654785,11.649462699890137,15.61650276184082
"2024-05-14 00:36:59.0000",12.67,93.59,7.358224868774414,10.119491577148438,12.304572105407715
"2024-05-14 01:06:56.0000",12.78,94.18,6.322150707244873,8.767745018005371,11.235420227050781
"2024-05-14 01:36:53.0000",12.78,94.65,6.938733100891113,9.704373359680176,11.869671821594238
"2024-05-14 02:06:45.0000",12.86,95.24,6.829957008361816,9.931798934936523,12.88093376159668
"2024-05-14 02:36:42.0000",13.07,95,9.395395278930664,13.856975555419922,17.08712387084961
"2024-05-14 03:06:38.0000",12.9,95.5,12.462006568908691,18.592893600463867,23.865083694458008
"2024-05-14 03:36:31.0000",12.8,96.51,19.01778221130371,29.016286849975586,36.048065185546875
"2024-05-14 04:06:28.0000",12.76,97.46,18.84031105041504,29.18111228942871,34.18067169189453
"2024-05-14 04:36:25.0000",12.78,98.94,17.164226531982422,25.68212127685547,41.25996780395508
"2024-05-14 05:06:22.0000",12.8,99.73,14.940683364868164,24.07901382446289,32.117576599121094
"2024-05-14 05:36:14.0000",12.8,100.44,13.591774940490723,20.259319305419922,25.6495304107666
"2024-05-14 06:06:12.0000",12.82,100.76,12.666281700134277,19.437992095947266,24.14373779296875
"2024-05-14 06:36:55.0000",13.08,100.82,10.61711311340332,17.004384994506836,26.401023864746094
"2024-05-14 07:06:06.0000",13.21,99.83,10.884529113769531,16.4932861328125,19.30381965637207
"2024-05-14 07:36:03.0000",13.39,100.11,13.179486274719238,20.9512996673584,28.648218154907227
"2024-05-14 08:05:54.0000",13.51,100.32,17.418642044067383,27.614091873168945,33.35515594482422
"2024-05-14 08:35:53.0000",13.89,100.5,14.543492317199707,22.435178756713867,26.837888717651367
"2024-05-14 09:05:49.0000",14.63,99.12,5.091549873352051,7.452204704284668,10.646882057189941
"2024-05-14 09:35:46.0000",14.89,98.06,2.5192346572875977,3.487448215484619,5.350060939788818
"2024-05-14 10:05:44.0000",15.32,97.08,0.9257994890213013,2.04502534866333,5.608704566955566
"2024-05-14 10:35:36.0000",14.04,97.24,0.6023845076560974,1.33211088180542,8.052214622497559
"2024-05-14 11:05:27.0000",14.19,98.8,0.5791770219802856,1.6832903623580933,6.334280490875244
"2024-05-14 11:35:30.0000",16.53,97.66,0.5877825617790222,1.6196566820144653,3.6773688793182373
"2024-05-14 12:05:28.0000",18.46,91.88,0.8963024616241455,3.1302244663238525,14.179450988769531
"2024-05-14 12:35:23.0000",18.19,85.43,0.6293275952339172,1.8648601770401,10.151074409484863
"2024-05-14 13:05:20.0000",18.26,82.95,0.8228552937507629,2.9590063095092773,6.410268306732178
"2024-05-14 13:35:13.0000",17.72,80.55,0.8143160939216614,2.4546713829040527,13.293082237243652
"2024-05-14 14:05:11.0000",18.2,78.99,0.6664976477622986,3.0238771438598633,11.47642707824707
"2024-05-14 14:35:07.0000",19.13,73.61,0.8728113174438477,3.08889102935791,9.096004486083984
"2024-05-14 15:04:59.0000",18.65,73.14,0.9654176831245422,3.306741714477539,7.855008125305176
"2024-05-14 15:34:57.0000",18.67,71.43,0.8926423788070679,3.741969108581543,13.2617826461792
"2024-05-14 16:04:54.0000",18.06,70.59,1.1677489280700684,4.159243583679199,9.547119140625
"2024-05-14 16:34:47.0000",17.37,70.87,1.065539836883545,4.103132724761963,21.135881423950195
"2024-05-14 17:04:43.0000",17.23,70.6,1.0802737474441528,4.502443790435791,13.938837051391602
"2024-05-14 17:34:40.0000",16.91,70.89,1.0642223358154297,3.628483533859253,15.047842979431152
"2024-05-14 18:04:32.0000",16.54,70.77,1.0857205390930176,4.021953105926514,8.642800331115723
"2024-05-14 18:35:24.0000",16.21,71.22,1.3925291299819946,5.085550785064697,11.087599754333496
"2024-05-14 19:34:25.0000",15.24,72.94,1.206929087638855,4.981266021728516,10.034734725952148
"2024-05-14 20:04:16.0000",14.76,73.83,1.4542121887207031,5.13041877746582,15.853772163391113
"2024-05-14 20:34:07.0000",14.33,74.77,1.3485617637634277,4.210746765136719,11.865667343139648
"2024-05-14 21:04:04.0000",14.26,75.37,1.3030767440795898,5.1560797691345215,16.783653259277344
"2024-05-14 21:34:01.0000",14.12,75.19,1.327716588973999,5.414638996124268,9.77086353302002
"2024-05-14 22:04:47.0000",13.8,75.79,1.4565691947937012,6.040519714355469,13.697466850280762
"2024-05-14 22:33:51.0000",13.49,76.25,1.620534896850586,5.787973403930664,13.999963760375977
"2024-05-14 23:03:47.0000",13.18,77.05,2.3374900817871094,5.909496307373047,14.789968490600586
"2024-05-14 23:33:44.0000",13.27,78.15,1.7662397623062134,5.5522027015686035,12.633024215698242
"2024-05-15 00:03:38.0000",13.32,79.32,2.459146738052368,6.469438076019287,12.315403938293457
"2024-05-15 00:33:33.0000",13.19,80.03,2.9662222862243652,7.665870666503906,15.597131729125977
"2024-05-15 01:03:26.0000",13.02,81.08,3.1420834064483643,8.603076934814453,16.321992874145508
"2024-05-15 01:33:50.0000",13.01,81.99,3.731812000274658,9.215262413024902,16.403303146362305
"2024-05-15 02:03:20.0000",12.93,82.51,3.7575018405914307,8.601240158081055,17.774917602539062
"2024-05-15 02:33:44.0000",12.74,82.48,3.5601000785827637,8.346729278564453,17.988832473754883
"2024-05-15 03:03:10.0000",12.67,82.85,3.8212502002716064,9.733558654785156,24.461715698242188
"2024-05-15 03:33:06.0000",12.53,83.56,4.310179233551025,9.84018611907959,18.725099563598633
"2024-05-15 04:33:01.0000",12.66,84.38,4.094732284545898,9.816983222961426,16.939390182495117
"2024-05-15 05:03:48.0000",12.86,84.67,4.040261268615723,9.89680004119873,17.406551361083984
"2024-05-15 05:33:22.0000",13.03,84.75,3.9465229511260986,8.771173477172852,13.7816743850708
"2024-05-15 06:02:52.0000",13.47,84,3.416684627532959,7.839386463165283,18.575454711914062
"2024-05-15 06:32:48.0000",13.76,83.98,2.9073920249938965,6.649945259094238,11.979585647583008
"2024-05-15 07:02:41.0000",13.99,83.77,3.3089096546173096,8.250873565673828,24.46603012084961
"2024-05-15 07:33:05.0000",14.46,83.16,3.0471065044403076,7.3989739418029785,19.400699615478516
"2024-05-15 08:02:35.0000",15.2,81.23,2.2957730293273926,4.955796241760254,12.488641738891602
"2024-05-15 08:32:32.0000",15.99,79.74,2.8748984336853027,6.45427942276001,17.518451690673828
"2024-05-15 09:02:24.0000",15.16,80.52,2.3316733837127686,5.4648518562316895,11.619258880615234
"2024-05-15 09:32:53.0000",15.98,78.79,2.165628671646118,4.585432529449463,10.793886184692383
"2024-05-15 10:02:24.0000",18.77,74.57,2.604172468185425,5.441816329956055,10.338062286376953
"2024-05-15 10:32:49.0000",18.35,69.84,2.1777632236480713,5.129530429840088,10.459588050842285
"2024-05-15 11:02:40.0000",18.13,73,1.6891047954559326,4.126574516296387,14.238842010498047
"2024-05-15 11:32:20.0000",20.57,67.61,1.5661940574645996,3.7612807750701904,8.283056259155273
"2024-05-15 12:02:18.0000",21.08,65.46,1.290784478187561,3.46230411529541,6.24992561340332
"2024-05-15 12:32:10.0000",20.92,62.83,1.3486175537109375,3.5813190937042236,7.130869388580322
"2024-05-15 13:02:06.0000",21.04,63.14,1.074487566947937,3.1464786529541016,13.299590110778809
"2024-05-15 13:32:04.0000",20.2,62.77,1.2581781148910522,3.0641090869903564,15.165825843811035
"2024-05-15 14:01:56.0000",19.41,62.75,1.1070835590362549,2.4979188442230225,4.923369884490967
"2024-05-15 14:31:53.0000",19.8,63.46,1.0577150583267212,2.8533084392547607,5.521129608154297
"2024-05-15 15:01:51.0000",20.85,60.76,1.1454503536224365,3.275852680206299,6.2047624588012695
"2024-05-15 15:31:43.0000",20.64,62,0.9025131464004517,2.4406020641326904,5.6438374519348145
"2024-05-15 16:01:38.0000",20.58,58.12,0.4657973647117615,1.7111437320709229,4.080276012420654
"2024-05-15 16:31:36.0000",20.78,59.61,1.126695156097412,3.2914178371429443,6.288262367248535
"2024-05-15 17:01:28.0000",19.29,58.82,0.6714867949485779,2.2461886405944824,4.979794979095459
"2024-05-15 17:31:53.0000",19.07,59.48,0.7292102575302124,1.8800143003463745,7.473868370056152
"2024-05-15 18:01:22.0000",18.94,59.86,0.87930828332901,2.805522918701172,11.435637474060059
"2024-05-15 18:31:14.0000",17.81,63.47,1.426363468170166,3.2682065963745117,5.629968166351318
"2024-05-15 19:01:06.0000",17.19,65.91,0.8812430500984192,1.944313645362854,6.629650592803955
"2024-05-15 19:31:31.0000",16.49,64.46,0.5479506850242615,1.7429492473602295,5.8907575607299805
"2024-05-15 20:00:56.0000",15.99,65.56,0.6654016375541687,1.8534698486328125,7.073286533355713
"2024-05-15 20:31:20.0000",15.39,66.88,0.8232387900352478,2.8549962043762207,6.636240005493164
"2024-05-15 21:00:50.0000",14.74,68.21,0.9845043420791626,2.654171943664551,13.727171897888184
"2024-05-15 21:30:41.0000",14.31,69.44,1.2011375427246094,2.9448771476745605,6.126729488372803
"2024-05-15 22:00:40.0000",14.04,70.45,1.2558599710464478,3.5988006591796875,11.44388198852539
"2024-05-15 23:30:53.0000",12.24,74.01,2.8212597370147705,5.975271224975586,15.444219589233398
"2024-05-16 00:00:17.0000",11.86,74.39,3.0246760845184326,6.299845218658447,15.293089866638184
"2024-05-16 00:30:14.0000",11.34,74.97,3.022414207458496,6.183314800262451,12.493316650390625
"2024-05-16 01:00:11.0000",11.07,75.42,3.0217576026916504,6.062652111053467,13.135490417480469
"2024-05-16 02:00:02.0000",10.88,76.57,4.101260185241699,6.736559867858887,20.59602928161621
"2024-05-16 02:30:25.0000",10.54,76.95,4.533560276031494,8.59756088256836,14.534916877746582
"2024-05-16 02:59:50.0000",10.23,77.88,8.85468578338623,13.137959480285645,25.666259765625
"2024-05-16 03:30:14.0000",10.27,79.35,6.379270076751709,10.675110816955566,18.9117488861084
"2024-05-16 03:59:44.0000",10.09,79.64,9.582174301147461,14.394940376281738,18.419586181640625
"2024-05-16 04:29:41.0000",10,79.99,27.82693099975586,39.08305358886719,49.834625244140625
"2024-05-16 04:59:32.0000",10.21,81.02,18.243528366088867,25.789011001586914,35.93185806274414
"2024-05-16 05:29:30.0000",11.26,79.7,10.430262565612793,17.029897689819336,24.233089447021484
"2024-05-16 05:59:32.0000",14.35,76.65,8.890904426574707,13.659539222717285,24.02032470703125
"2024-05-16 06:29:35.0000",16.55,74.95,7.179756164550781,12.271864891052246,29.646623611450195
"2024-05-16 07:00:23.0000",15.61,75.86,6.395389556884766,10.412341117858887,17.30031394958496
"2024-05-16 07:29:52.0000",17.49,75.96,6.221896648406982,10.921259880065918,25.19500160217285
"2024-05-16 07:59:22.0000",18.18,74.17,6.198760509490967,9.771814346313477,20.956148147583008
"2024-05-16 08:29:23.0000",20.39,71.87,6.402660369873047,10.121883392333984,21.416221618652344
"2024-05-16 09:00:20.0000",23.83,67.67,6.487302303314209,10.873995780944824,19.26654815673828
"2024-05-16 09:29:45.0000",21.17,67.55,5.392448902130127,9.6776123046875,16.25832176208496
"2024-05-16 09:59:14.0000",20.92,69.21,6.562943935394287,10.826361656188965,17.53187370300293
"2024-05-16 10:29:12.0000",21.51,67.31,6.691512584686279,11.165258407592773,24.763559341430664
"2024-05-16 10:59:03.0000",19.16,67.96,5.701211929321289,9.545965194702148,24.388277053833008
"2024-05-16 11:28:55.0000",16.91,70.6,6.696511745452881,11.080887794494629,23.246170043945312
"2024-05-16 11:58:52.0000",16.09,72.69,4.379325866699219,8.31730842590332,13.881813049316406
"2024-05-16 12:28:45.0000",16.22,74.03,10.177660942077637,15.62930679321289,21.175161361694336
"2024-05-16 12:58:41.0000",16.54,75.11,3.0236620903015137,5.076562404632568,9.277448654174805
"2024-05-16 13:28:39.0000",16.11,76.3,7.521775722503662,12.824789047241211,27.40831756591797
"2024-05-16 13:58:31.0000",15.64,78.73,8.509778022766113,14.953436851501465,28.0748233795166

