"Date & Time",Temperature,Humidity,PM1.0,PM2.5,PM10
"2024-12-31 23:50:00.0000",5.89,100,,,
"2024-12-31 23:40:00.0000",5.94,100,,,
"2024-12-31 23:30:00.0000",5.9,100,,,
"2024-12-31 23:20:00.0000",5.83,100,,,
"2024-12-31 23:10:00.0000",5.88,100,,,
"2024-12-31 23:00:00.0000",5.83,100,,,
"2024-12-31 22:50:00.0000",5.89,100,,,
"2024-12-31 22:40:00.0000",5.78,100,,,
"2024-12-31 22:30:00.0000",5.92,100,,,
"2024-12-31 22:20:00.0000",6.05,100,,,
"2024-12-31 22:10:00.0000",5.97,100,,,
"2024-12-31 22:00:00.0000",6.04,100,,,
"2024-12-31 21:50:00.0000",6.01,100,,,
"2024-12-31 21:40:00.0000",6.07,100,,,
"2024-12-31 21:30:00.0000",6,100,,,
"2024-12-31 21:20:00.0000",6.29,100,,,
"2024-12-31 21:10:00.0000",6.43,100,,,
"2024-12-31 21:00:00.0000",6.49,100,,,
"2024-12-31 20:50:00.0000",6.67,100,,,
"2024-12-31 20:40:00.0000",6.75,100,,,
"2024-12-31 20:30:00.0000",6.75,100,,,
"2024-12-31 20:20:00.0000",6.64,100,,,
"2024-12-31 20:10:00.0000",6.92,100,,,
"2024-12-31 20:00:00.0000",7.05,100,,,
"2024-12-31 19:50:00.0000",7.16,100,,,
"2024-12-31 19:40:00.0000",7.45,100,,,
"2024-12-31 19:30:00.0000",7.7,100,,,
"2024-12-31 19:20:00.0000",7.95,100,,,
"2024-12-31 19:10:00.0000",8.25,100,,,
"2024-12-31 19:00:00.0000",8.4,100,,,
"2024-12-31 18:50:00.0000",8.5,100,,,
"2024-12-31 18:40:00.0000",8.55,100,,,
"2024-12-31 18:30:00.0000",8.65,100,,,
"2024-12-31 18:20:00.0000",8.56,100,,,
"2024-12-31 18:10:00.0000",8.59,100,,,
"2024-12-31 18:00:00.0000",8.46,100,,,
"2024-12-31 17:50:00.0000",8.59,100,,,
"2024-12-31 17:40:00.0000",8.56,100,,,
"2024-12-31 17:30:00.0000",8.45,100,,,
"2024-12-31 17:20:00.0000",8.37,100,,,
"2024-12-31 17:10:00.0000",8.24,100,,,
"2024-12-31 17:00:00.0000",8.13,100,,,
"2024-12-31 16:50:00.0000",7.92,100,,,
"2024-12-31 16:40:00.0000",8.06,100,,,
"2024-12-31 16:30:00.0000",8.16,100,,,
"2024-12-31 16:20:00.0000",8.11,100,,,
"2024-12-31 16:10:00.0000",8.19,100,,,
"2024-12-31 16:00:00.0000",8.12,100,,,
"2024-12-31 15:50:00.0000",8.04,100,,,
"2024-12-31 15:40:00.0000",7.9,100,,,
"2024-12-31 15:30:00.0000",8.12,100,,,
"2024-12-31 15:20:00.0000",8.05,100,,,
"2024-12-31 15:10:00.0000",7.91,100,,,
"2024-12-31 15:00:00.0000",7.89,100,,,
"2024-12-31 14:50:00.0000",7.84,100,,,
"2024-12-31 14:40:00.0000",7.76,100,,,
"2024-12-31 14:30:00.0000",7.6,100,,,
"2024-12-31 14:20:00.0000",7.76,100,,,
"2024-12-31 14:10:00.0000",7.77,100,,,
"2024-12-31 14:00:00.0000",7.87,100,,,
"2024-12-31 13:50:00.0000",8.03,100,,,
"2024-12-31 13:40:00.0000",8.13,99.17,,,
"2024-12-31 13:30:00.0000",8.17,97.93,,,
"2024-12-31 13:20:00.0000",8,98.3,,,
"2024-12-31 13:10:00.0000",8.15,97.1,,,
"2024-12-31 13:00:00.0000",8.25,96.02,,,
"2024-12-31 12:50:00.0000",8.32,94.82,,,
"2024-12-31 12:40:00.0000",8.4,93.39,,,
"2024-12-31 12:30:00.0000",8.39,92.22,,,
"2024-12-31 12:20:00.0000",8.36,91.25,,,
"2024-12-31 12:10:00.0000",8.2,91.03,,,
"2024-12-31 12:00:00.0000",8.33,89.8,,,
"2024-12-31 11:50:00.0000",8.31,89.66,,,
"2024-12-31 11:40:00.0000",8.27,89.62,,,
"2024-12-31 11:30:00.0000",8.23,89.86,,,
"2024-12-31 11:20:00.0000",8.22,89.1,,,
"2024-12-31 11:10:00.0000",8.24,88.21,,,
"2024-12-31 11:00:00.0000",8.12,88.02,,,
"2024-12-31 10:50:00.0000",8.16,87.48,,,
"2024-12-31 10:40:00.0000",8.07,87.94,,,
"2024-12-31 10:30:00.0000",7.94,88.33,,,
"2024-12-31 10:20:00.0000",7.93,88.49,,,
"2024-12-31 10:10:00.0000",7.92,88.32,,,
"2024-12-31 10:00:00.0000",7.85,89.28,,,
"2024-12-31 09:50:00.0000",7.63,91.17,,,
"2024-12-31 09:40:00.0000",7.78,90.49,,,
"2024-12-31 09:30:00.0000",7.79,90.65,,,
"2024-12-31 09:20:00.0000",7.73,90.8,,,
"2024-12-31 09:10:00.0000",7.76,90.79,,,
"2024-12-31 09:00:00.0000",7.67,90.79,,,
"2024-12-31 08:50:00.0000",7.69,89.89,,,
"2024-12-31 08:40:00.0000",7.45,89.73,,,
"2024-12-31 08:30:00.0000",7.55,88.63,,,
"2024-12-31 08:20:00.0000",7.5,88.7,,,
"2024-12-31 08:10:00.0000",7.34,89.45,,,
"2024-12-31 08:00:00.0000",7.39,89.36,,,
"2024-12-31 07:50:00.0000",7.33,90.74,,,
"2024-12-31 07:40:00.0000",7.29,91.1,,,
"2024-12-31 07:30:00.0000",7.13,92.02,,,
"2024-12-31 07:20:00.0000",7.16,92.11,,,
"2024-12-31 07:10:00.0000",7.29,91.92,,,
"2024-12-31 07:00:00.0000",7.31,92.6,,,
"2024-12-31 06:50:00.0000",7.36,93.8,,,
"2024-12-31 06:40:00.0000",7.33,93.79,,,
"2024-12-31 06:30:00.0000",7.37,93.62,,,
"2024-12-31 06:20:00.0000",7.2,93.59,,,
"2024-12-31 06:10:00.0000",7.27,92.39,,,
"2024-12-31 06:00:00.0000",7.3,91.9,,,
"2024-12-31 05:50:00.0000",7.22,92.21,,,
"2024-12-31 05:40:00.0000",7.2,92.97,,,
"2024-12-31 05:30:00.0000",7.12,93.8,,,
"2024-12-31 05:20:00.0000",6.9,95.02,,,
"2024-12-31 05:10:00.0000",6.56,96.07,,,
"2024-12-31 05:00:00.0000",6.67,95.7,,,
"2024-12-31 04:50:00.0000",6.9,94.9,,,
"2024-12-31 04:40:00.0000",6.82,95.49,,,
"2024-12-31 04:30:00.0000",6.96,95.55,,,
"2024-12-31 04:20:00.0000",7.02,95,,,
"2024-12-31 04:10:00.0000",6.93,95.72,,,
"2024-12-31 04:00:00.0000",6.68,96.91,,,
"2024-12-31 03:50:00.0000",7.1,94.94,,,
"2024-12-31 03:40:00.0000",7.17,94.51,,,
"2024-12-31 03:30:00.0000",7.04,94.99,,,
"2024-12-31 03:20:00.0000",7.09,95.17,,,
"2024-12-31 03:10:00.0000",6.92,96.06,,,
"2024-12-31 03:00:00.0000",6.8,96.9,,,
"2024-12-31 02:50:00.0000",6.58,97.7,,,
"2024-12-31 02:40:00.0000",6.65,97.14,,,
"2024-12-31 02:30:00.0000",6.65,97.25,,,
"2024-12-31 02:20:00.0000",6.52,97.28,,,
"2024-12-31 02:10:00.0000",6.47,97.26,,,
"2024-12-31 02:00:00.0000",6.41,97.27,,,
"2024-12-31 01:50:00.0000",6.51,97.13,,,
"2024-12-31 01:40:00.0000",6.3,97.96,,,
"2024-12-31 01:30:00.0000",6.5,97.3,,,
"2024-12-31 01:20:00.0000",6.66,97.31,,,
"2024-12-31 01:10:00.0000",6.74,97.3,,,
"2024-12-31 01:00:00.0000",6.84,97.25,,,
"2024-12-31 00:50:00.0000",6.81,97.23,,,
"2024-12-31 00:40:00.0000",6.78,97.41,,,
"2024-12-31 00:30:00.0000",6.53,98.33,,,
"2024-12-31 00:20:00.0000",6.59,97.82,,,
"2024-12-31 00:10:00.0000",6.62,98.36,,,
"2024-12-31 00:00:00.0000",6.56,98.81,,,
"2024-12-30 23:50:00.0000",6.62,98.83,,,
"2024-12-30 23:40:00.0000",6.6,98.4,,,
"2024-12-30 23:30:00.0000",6.55,98.47,,,
"2024-12-30 23:20:00.0000",6.07,99.98,,,
"2024-12-30 23:10:00.0000",5.98,100,,,
"2024-12-30 23:00:00.0000",6.17,99.68,,,
"2024-12-30 22:50:00.0000",6.04,100,,,
"2024-12-30 22:40:00.0000",6.38,99.32,,,
"2024-12-30 22:30:00.0000",6.43,99.13,,,
"2024-12-30 22:20:00.0000",6.43,99.31,,,
"2024-12-30 22:10:00.0000",6.29,99.74,,,
"2024-12-30 22:00:00.0000",6.5,98.9,,,
"2024-12-30 21:50:00.0000",6.63,98.77,,,
"2024-12-30 21:40:00.0000",6.65,98.75,,,
"2024-12-30 21:30:00.0000",6.68,99.16,,,
"2024-12-30 21:20:00.0000",6.62,99.71,,,
"2024-12-30 21:10:00.0000",6.66,99.76,,,
"2024-12-30 21:00:00.0000",6.48,100,,,
"2024-12-30 20:50:00.0000",6.61,99.99,,,
"2024-12-30 20:40:00.0000",6.74,99.79,,,
"2024-12-30 20:30:00.0000",6.71,99.97,,,
"2024-12-30 20:20:00.0000",6.86,99.94,,,
"2024-12-30 20:10:00.0000",6.92,99.94,,,
"2024-12-30 20:00:00.0000",6.94,100,,,
"2024-12-30 19:50:00.0000",6.71,100,,,
"2024-12-30 19:40:00.0000",6.81,100,,,
"2024-12-30 19:30:00.0000",6.78,100,,,
"2024-12-30 19:20:00.0000",6.7,100,,,
"2024-12-30 19:10:00.0000",6.72,100,,,
"2024-12-30 19:00:00.0000",6.59,100,,,
"2024-12-30 18:50:00.0000",6.48,100,,,
"2024-12-30 18:40:00.0000",6.14,100,,,
"2024-12-30 18:30:00.0000",6.21,100,,,
"2024-12-30 18:20:00.0000",6.07,100,,,
"2024-12-30 18:10:00.0000",5.95,100,,,
"2024-12-30 18:00:00.0000",6.06,100,,,
"2024-12-30 17:50:00.0000",6.11,99.98,,,
"2024-12-30 17:40:00.0000",6.15,99.74,,,
"2024-12-30 17:30:00.0000",5.99,99.99,,,
"2024-12-30 17:20:00.0000",6.15,98.97,,,
"2024-12-30 17:10:00.0000",6.17,98.51,,,
"2024-12-30 17:00:00.0000",6.19,98.21,,,
"2024-12-30 16:50:00.0000",6.31,97.77,,,
"2024-12-30 16:40:00.0000",6.37,97.53,,,
"2024-12-30 16:30:00.0000",6.44,97.46,,,
"2024-12-30 16:20:00.0000",6.34,97.97,,,
"2024-12-30 16:10:00.0000",6.45,97.68,,,
"2024-12-30 16:00:00.0000",6.51,97.85,,,
"2024-12-30 15:50:00.0000",6.5,97.94,,,
"2024-12-30 15:40:00.0000",6.56,97.91,,,
"2024-12-30 15:30:00.0000",6.57,97.72,,,
"2024-12-30 15:20:00.0000",6.65,97.14,,,
"2024-12-30 15:10:00.0000",6.53,96.9,,,
"2024-12-30 15:00:00.0000",6.73,95.55,,,
"2024-12-30 14:50:00.0000",6.86,94.86,,,
"2024-12-30 14:40:00.0000",6.92,94.56,,,
"2024-12-30 14:30:00.0000",6.91,93.97,,,
"2024-12-30 14:20:00.0000",6.96,93.47,,,
"2024-12-30 14:10:00.0000",7.07,93.31,,,
"2024-12-30 14:00:00.0000",6.98,93.38,,,
"2024-12-30 13:50:00.0000",7.31,92.49,,,
"2024-12-30 13:40:00.0000",7.29,92.12,,,
"2024-12-30 13:30:00.0000",7.35,92.48,,,
"2024-12-30 13:20:00.0000",7.49,92.12,,,
"2024-12-30 13:10:00.0000",7.62,91.88,,,
"2024-12-30 13:00:00.0000",7.69,91.65,,,
"2024-12-30 12:50:00.0000",7.54,91.97,,,
"2024-12-30 12:40:00.0000",7.69,92.41,,,
"2024-12-30 12:30:00.0000",7.73,92.37,,,
"2024-12-30 12:20:00.0000",7.77,92.04,,,
"2024-12-30 12:10:00.0000",8.08,91.62,,,
"2024-12-30 12:00:00.0000",8.03,91.79,,,
"2024-12-30 11:50:00.0000",8.05,91.8,,,
"2024-12-30 11:40:00.0000",8.21,91.57,,,
"2024-12-30 11:30:00.0000",8.52,89.66,,,
"2024-12-30 11:20:00.0000",8.31,90.54,,,
"2024-12-30 11:10:00.0000",7.9,91.61,,,
"2024-12-30 11:00:00.0000",7.97,90.92,,,
"2024-12-30 10:50:00.0000",8.05,90.4,,,
"2024-12-30 10:40:00.0000",8.21,91.21,,,
"2024-12-30 10:30:00.0000",7.78,92.63,,,
"2024-12-30 10:20:00.0000",7.6,92.69,,,
"2024-12-30 10:10:00.0000",7.51,93.2,,,
"2024-12-30 10:00:00.0000",7.11,94.63,,,
"2024-12-30 09:50:00.0000",6.64,96.26,,,
"2024-12-30 09:40:00.0000",6.37,96.83,,,
"2024-12-30 09:30:00.0000",6.19,97.34,,,
"2024-12-30 09:20:00.0000",5.8,98.67,,,
"2024-12-30 09:10:00.0000",5.94,97.43,,,
"2024-12-30 09:00:00.0000",6.01,97.06,,,
"2024-12-30 08:50:00.0000",6.02,96.86,,,
"2024-12-30 08:40:00.0000",6.03,96.96,,,
"2024-12-30 08:30:00.0000",5.96,97.47,,,
"2024-12-30 08:20:00.0000",5.99,97.97,,,
"2024-12-30 08:10:00.0000",5.77,99.07,,,
"2024-12-30 08:00:00.0000",5.95,98.72,,,
"2024-12-30 07:50:00.0000",5.96,99.6,,,
"2024-12-30 07:40:00.0000",6.02,99.36,,,
"2024-12-30 07:30:00.0000",6.14,99.06,,,
"2024-12-30 07:20:00.0000",6.09,99.31,,,
"2024-12-30 07:10:00.0000",6.15,99.5,,,
"2024-12-30 07:00:00.0000",5.97,100,,,
"2024-12-30 06:50:00.0000",6.07,100,,,
"2024-12-30 06:40:00.0000",5.99,100,,,
"2024-12-30 06:30:00.0000",5.81,100,,,
"2024-12-30 06:20:00.0000",5.74,100,,,
"2024-12-30 06:10:00.0000",5.32,100,,,
"2024-12-30 06:00:00.0000",4.98,100,,,
"2024-12-30 05:50:00.0000",4.67,100,,,
"2024-12-30 05:40:00.0000",4.85,100,,,
"2024-12-30 05:30:00.0000",5,100,,,
"2024-12-30 05:20:00.0000",5.06,100,,,
"2024-12-30 05:10:00.0000",5.26,100,,,
"2024-12-30 05:00:00.0000",5.25,100,,,
"2024-12-30 04:50:00.0000",5.3,100,,,
"2024-12-30 04:40:00.0000",5.06,100,,,
"2024-12-30 04:30:00.0000",5.08,100,,,
"2024-12-30 04:20:00.0000",5.12,100,,,
"2024-12-30 04:10:00.0000",5.19,100,,,
"2024-12-30 04:00:00.0000",5.28,99.85,,,
"2024-12-30 03:50:00.0000",5.22,99.31,,,
"2024-12-30 03:40:00.0000",5.2,99.46,,,
"2024-12-30 03:30:00.0000",4.91,100,,,
"2024-12-30 03:20:00.0000",5.09,99.56,,,
"2024-12-30 03:10:00.0000",5.25,98.81,,,
"2024-12-30 03:00:00.0000",5.5,97.94,,,
"2024-12-30 02:50:00.0000",5.82,96.99,,,
"2024-12-30 02:40:00.0000",5.9,96.66,,,
"2024-12-30 02:30:00.0000",6,96.29,,,
"2024-12-30 02:20:00.0000",5.88,96.71,,,
"2024-12-30 02:10:00.0000",6.13,95.49,,,
"2024-12-30 02:00:00.0000",6.2,94.99,,,
"2024-12-30 01:50:00.0000",6.21,94.76,,,
"2024-12-30 01:40:00.0000",6.27,95.01,,,
"2024-12-30 01:30:00.0000",6.23,95.22,,,
"2024-12-30 01:20:00.0000",6.24,95.39,,,
"2024-12-30 01:10:00.0000",6.15,95.81,,,
"2024-12-30 01:00:00.0000",6.64,92.32,,,
"2024-12-30 00:50:00.0000",6.78,91.07,,,
"2024-12-30 00:40:00.0000",6.61,93.17,,,
"2024-12-30 00:30:00.0000",6.88,92.24,,,
"2024-12-30 00:20:00.0000",6.71,92.15,,,
"2024-12-30 00:10:00.0000",6.66,93.26,,,
"2024-12-30 00:00:00.0000",6.48,95.1,,,
"2024-12-29 23:50:00.0000",6.64,95.48,,,
"2024-12-29 23:40:00.0000",6.73,95.4,,,
"2024-12-29 23:30:00.0000",6.55,96.72,,,
"2024-12-29 23:20:00.0000",6.59,97.93,,,
"2024-12-29 23:10:00.0000",6.49,98.38,,,
"2024-12-29 23:00:00.0000",6.45,99.24,,,
"2024-12-29 22:50:00.0000",6.31,100,,,
"2024-12-29 22:40:00.0000",6.5,99.44,,,
"2024-12-29 22:30:00.0000",6.55,99.26,,,
"2024-12-29 22:20:00.0000",6.5,99.47,,,
"2024-12-29 22:10:00.0000",6.54,99.36,,,
"2024-12-29 22:00:00.0000",6.54,98.93,,,
"2024-12-29 21:50:00.0000",6.57,98.7,,,
"2024-12-29 21:40:00.0000",6.43,98.95,,,
"2024-12-29 21:30:00.0000",6.63,96.74,,,
"2024-12-29 21:20:00.0000",6.67,96.19,,,
"2024-12-29 21:10:00.0000",6.8,95.44,,,
"2024-12-29 21:00:00.0000",6.94,93.33,,,
"2024-12-29 20:50:00.0000",6.89,94.48,,,
"2024-12-29 20:40:00.0000",6.86,96.24,,,
"2024-12-29 20:30:00.0000",6.51,99.49,,,
"2024-12-29 20:20:00.0000",6.61,100,,,
"2024-12-29 20:10:00.0000",6.65,100,,,
"2024-12-29 20:00:00.0000",6.57,100,,,
"2024-12-29 19:50:00.0000",6.56,100,,,
"2024-12-29 19:40:00.0000",6.51,100,,,
"2024-12-29 19:30:00.0000",6.58,100,,,
"2024-12-29 19:20:00.0000",6.37,100,,,
"2024-12-29 19:10:00.0000",6.36,100,,,
"2024-12-29 19:00:00.0000",6.3,100,,,
"2024-12-29 18:50:00.0000",6.14,100,,,
"2024-12-29 18:40:00.0000",5.92,100,,,
"2024-12-29 18:30:00.0000",5.79,100,,,
"2024-12-29 18:20:00.0000",5.71,100,,,
"2024-12-29 18:10:00.0000",5.51,100,,,
"2024-12-29 18:00:00.0000",5.76,100,,,
"2024-12-29 17:50:00.0000",5.98,100,,,
"2024-12-29 17:40:00.0000",6,100,,,
"2024-12-29 17:30:00.0000",6.07,100,,,
"2024-12-29 17:20:00.0000",5.98,100,,,
"2024-12-29 17:10:00.0000",6.13,100,,,
"2024-12-29 17:00:00.0000",6.02,100,,,
"2024-12-29 16:50:00.0000",6.21,100,,,
"2024-12-29 16:40:00.0000",6.28,100,,,
"2024-12-29 16:30:00.0000",6.16,100,,,
"2024-12-29 16:20:00.0000",6.16,100,,,
"2024-12-29 16:10:00.0000",6.11,100,,,
"2024-12-29 16:00:00.0000",6.16,100,,,
"2024-12-29 15:50:00.0000",6.09,100,,,
"2024-12-29 15:40:00.0000",6.32,99.19,,,
"2024-12-29 15:30:00.0000",6.39,98.51,,,
"2024-12-29 15:20:00.0000",6.49,98.46,,,
"2024-12-29 15:10:00.0000",6.53,98.16,,,
"2024-12-29 15:00:00.0000",6.62,97.72,,,
"2024-12-29 14:50:00.0000",6.83,97.46,,,
"2024-12-29 14:40:00.0000",6.82,97.06,,,
"2024-12-29 14:30:00.0000",7,95.42,,,
"2024-12-29 14:20:00.0000",7.02,96.15,,,
"2024-12-29 14:10:00.0000",6.91,97.04,,,
"2024-12-29 14:00:00.0000",6.81,97.14,,,
"2024-12-29 13:50:00.0000",6.77,97.82,,,
"2024-12-29 13:40:00.0000",6.72,97.04,,,
"2024-12-29 13:30:00.0000",6.61,96.6,,,
"2024-12-29 13:20:00.0000",6.84,95.31,,,
"2024-12-29 13:10:00.0000",7.07,95.1,,,
"2024-12-29 13:00:00.0000",7.1,94.92,,,
"2024-12-29 12:50:00.0000",7.16,93.69,,,
"2024-12-29 12:40:00.0000",7.28,95,,,
"2024-12-29 12:30:00.0000",7.11,96.18,,,
"2024-12-29 12:20:00.0000",6.72,97.53,,,
"2024-12-29 12:10:00.0000",6.84,96.66,,,
"2024-12-29 12:00:00.0000",6.82,96.04,,,
"2024-12-29 11:50:00.0000",6.85,95.76,,,
"2024-12-29 11:40:00.0000",6.88,95.65,,,
"2024-12-29 11:30:00.0000",6.83,95.98,,,
"2024-12-29 11:20:00.0000",6.87,95.58,,,
"2024-12-29 11:10:00.0000",6.67,97.34,,,
"2024-12-29 11:00:00.0000",6.67,97.36,,,
"2024-12-29 10:50:00.0000",6.54,97.58,,,
"2024-12-29 10:40:00.0000",6.26,98.82,,,
"2024-12-29 10:30:00.0000",6.11,99.08,,,
"2024-12-29 10:20:00.0000",6.03,99.22,,,
"2024-12-29 10:10:00.0000",5.94,99.72,,,
"2024-12-29 10:00:00.0000",5.66,100,,,
"2024-12-29 09:50:00.0000",5.73,99.95,,,
"2024-12-29 09:40:00.0000",5.53,100,,,
"2024-12-29 09:30:00.0000",5.46,100,,,
"2024-12-29 09:20:00.0000",5.22,100,,,
"2024-12-29 09:10:00.0000",4.72,100,,,
"2024-12-29 09:00:00.0000",4.25,100,,,
"2024-12-29 08:50:00.0000",3.79,100,,,
"2024-12-29 08:40:00.0000",3.97,100,,,
"2024-12-29 08:30:00.0000",4.02,100,,,
"2024-12-29 08:20:00.0000",3.9,100,,,
"2024-12-29 08:10:00.0000",3.97,100,,,
"2024-12-29 08:00:00.0000",4.01,100,,,
"2024-12-29 07:50:00.0000",4.07,100,,,
"2024-12-29 07:40:00.0000",3.85,100,,,
"2024-12-29 07:30:00.0000",3.99,100,,,
"2024-12-29 07:20:00.0000",4.01,100,,,
"2024-12-29 07:10:00.0000",3.9,100,,,
"2024-12-29 07:00:00.0000",3.88,100,,,
"2024-12-29 06:50:00.0000",3.99,100,,,
"2024-12-29 06:40:00.0000",4.14,100,,,
"2024-12-29 06:30:00.0000",4.13,100,,,
"2024-12-29 06:20:00.0000",4.31,100,,,
"2024-12-29 06:10:00.0000",4.31,100,,,
"2024-12-29 06:00:00.0000",4.31,100,,,
"2024-12-29 05:50:00.0000",4.6,100,,,
"2024-12-29 05:40:00.0000",4.85,100,,,
"2024-12-29 05:30:00.0000",5.04,100,,,
"2024-12-29 05:20:00.0000",5.07,100,,,
"2024-12-29 05:10:00.0000",5.32,100,,,
"2024-12-29 05:00:00.0000",5.51,100,,,
"2024-12-29 04:50:00.0000",5.66,100,,,
"2024-12-29 04:40:00.0000",5.71,100,,,
"2024-12-29 04:30:00.0000",5.71,100,,,
"2024-12-29 04:20:00.0000",5.74,100,,,
"2024-12-29 04:10:00.0000",5.54,100,,,
"2024-12-29 04:00:00.0000",5.77,100,,,
"2024-12-29 03:50:00.0000",5.84,100,,,
"2024-12-29 03:40:00.0000",5.77,100,,,
"2024-12-29 03:30:00.0000",5.78,100,,,
"2024-12-29 03:20:00.0000",5.7,100,,,
"2024-12-29 03:10:00.0000",5.73,100,,,
"2024-12-29 03:00:00.0000",5.53,100,,,
"2024-12-29 02:50:00.0000",5.66,100,,,
"2024-12-29 02:40:00.0000",5.65,100,,,
"2024-12-29 02:30:00.0000",5.57,100,,,
"2024-12-29 02:20:00.0000",5.57,100,,,
"2024-12-29 02:10:00.0000",5.52,100,,,
"2024-12-29 02:00:00.0000",5.42,100,,,
"2024-12-29 01:50:00.0000",5.12,100,,,
"2024-12-29 01:40:00.0000",5.27,100,,,
"2024-12-29 01:30:00.0000",5.3,100,,,
"2024-12-29 01:20:00.0000",5.26,100,,,
"2024-12-29 01:10:00.0000",5.34,100,,,
"2024-12-29 01:00:00.0000",5.28,100,,,
"2024-12-29 00:50:00.0000",5.19,100,,,
"2024-12-29 00:40:00.0000",4.82,100,,,
"2024-12-29 00:30:00.0000",4.81,100,,,
"2024-12-29 00:20:00.0000",4.55,100,,,
"2024-12-29 00:10:00.0000",4.33,100,,,
"2024-12-29 00:00:00.0000",4.32,100,,,
"2024-12-28 23:50:00.0000",4.26,100,,,
"2024-12-28 23:40:00.0000",4.31,100,,,
"2024-12-28 23:30:00.0000",4.35,100,,,
"2024-12-28 23:20:00.0000",4.63,100,,,
"2024-12-28 23:10:00.0000",4.68,100,,,
"2024-12-28 23:00:00.0000",4.62,100,,,
"2024-12-28 22:50:00.0000",4.59,100,,,
"2024-12-28 22:40:00.0000",4.51,100,,,
"2024-12-28 22:30:00.0000",4.47,100,,,
"2024-12-28 22:20:00.0000",4.14,100,,,
"2024-12-28 22:10:00.0000",4.34,100,,,
"2024-12-28 22:00:00.0000",4.35,100,,,
"2024-12-28 21:50:00.0000",4.23,100,,,
"2024-12-28 21:40:00.0000",4.23,100,,,
"2024-12-28 21:30:00.0000",4.18,100,,,
"2024-12-28 21:20:00.0000",4.18,100,,,
"2024-12-28 21:10:00.0000",3.97,100,,,
"2024-12-28 21:00:00.0000",4.16,100,,,
"2024-12-28 20:50:00.0000",4.2,100,,,
"2024-12-28 20:40:00.0000",4.1,100,,,
"2024-12-28 20:30:00.0000",4.11,100,,,
"2024-12-28 20:20:00.0000",4.06,100,,,
"2024-12-28 20:10:00.0000",4.05,100,,,
"2024-12-28 20:00:00.0000",3.85,100,,,
"2024-12-28 19:50:00.0000",4.03,100,,,
"2024-12-28 19:40:00.0000",4.09,100,,,
"2024-12-28 19:30:00.0000",3.96,100,,,
"2024-12-28 19:20:00.0000",4,100,,,
"2024-12-28 19:10:00.0000",3.98,100,,,
"2024-12-28 19:00:00.0000",3.92,100,,,
"2024-12-28 18:50:00.0000",3.66,100,,,
"2024-12-28 18:40:00.0000",3.78,100,,,
"2024-12-28 18:30:00.0000",3.73,100,,,
"2024-12-28 18:20:00.0000",3.78,100,,,
"2024-12-28 18:10:00.0000",4,100,,,
"2024-12-28 18:00:00.0000",4.17,100,,,
"2024-12-28 17:50:00.0000",4.16,100,,,
"2024-12-28 17:40:00.0000",4.35,100,,,
"2024-12-28 17:30:00.0000",4.78,100,,,
"2024-12-28 17:20:00.0000",4.87,100,,,
"2024-12-28 17:10:00.0000",4.8,100,,,
"2024-12-28 17:00:00.0000",4.81,100,,,
"2024-12-28 16:50:00.0000",4.74,100,,,
"2024-12-28 16:40:00.0000",4.72,100,,,
"2024-12-28 16:30:00.0000",4.49,100,,,
"2024-12-28 16:20:00.0000",4.7,100,,,
"2024-12-28 16:10:00.0000",4.7,100,,,
"2024-12-28 16:00:00.0000",4.67,100,,,
"2024-12-28 15:50:00.0000",4.69,100,,,
"2024-12-28 15:40:00.0000",4.4,100,,,
"2024-12-28 15:20:00.0000",4.43,100,,,
"2024-12-28 15:10:00.0000",4.6,100,,,
"2024-12-28 15:00:00.0000",4.6,100,,,
"2024-12-28 14:50:00.0000",4.44,100,,,
"2024-12-28 14:40:00.0000",4.39,100,,,
"2024-12-28 14:30:00.0000",4.32,100,,,
"2024-12-28 14:20:00.0000",4.18,100,,,
"2024-12-28 14:10:00.0000",3.95,100,,,
"2024-12-28 14:00:00.0000",3.88,100,,,
"2024-12-28 13:40:00.0000",4.19,100,,,
"2024-12-28 13:30:00.0000",3.9,100,,,
"2024-12-28 13:10:00.0000",3.87,100,,,
"2024-12-28 13:00:00.0000",3.62,100,,,
"2024-12-28 12:40:00.0000",3.78,100,,,
"2024-12-28 12:30:00.0000",3.54,100,,,
"2024-12-28 12:20:00.0000",3.57,100,,,
"2024-12-28 12:10:00.0000",3.45,100,,,
"2024-12-28 12:00:00.0000",3.24,100,,,
"2024-12-28 11:50:00.0000",2.88,100,,,
"2024-12-28 11:40:00.0000",2.93,100,,,
"2024-12-28 11:30:00.0000",2.92,100,,,
"2024-12-28 11:20:00.0000",2.83,100,,,
"2024-12-28 11:10:00.0000",2.8,100,,,
"2024-12-28 11:00:00.0000",2.69,100,,,
"2024-12-28 10:50:00.0000",2.55,100,,,
"2024-12-28 10:40:00.0000",2.15,100,,,
"2024-12-28 10:30:00.0000",2.22,100,,,
"2024-12-28 10:20:00.0000",2.15,100,,,
"2024-12-28 10:10:00.0000",2,100,,,
"2024-12-28 10:00:00.0000",1.68,100,,,
"2024-12-28 09:40:00.0000",1.66,100,,,
"2024-12-28 09:30:00.0000",1.43,100,,,
"2024-12-28 09:20:00.0000",1.55,100,,,
"2024-12-28 09:10:00.0000",1.55,100,,,
"2024-12-28 09:00:00.0000",1.48,100,,,
"2024-12-28 08:50:00.0000",1.46,100,,,
"2024-12-28 08:40:00.0000",1.38,100,,,
"2024-12-28 08:30:00.0000",1.35,100,,,
"2024-12-28 08:20:00.0000",1.1,100,,,
"2024-12-28 08:10:00.0000",1.31,100,,,
"2024-12-28 08:00:00.0000",1.36,100,,,
"2024-12-28 07:50:00.0000",1.33,100,,,
"2024-12-28 07:40:00.0000",1.26,100,,,
"2024-12-28 07:30:00.0000",1.21,100,,,
"2024-12-28 07:20:00.0000",1.21,100,,,
"2024-12-28 07:10:00.0000",1.01,100,,,
"2024-12-28 07:00:00.0000",1.24,100,,,
"2024-12-28 06:50:00.0000",1.23,100,,,
"2024-12-28 06:40:00.0000",1.23,100,,,
"2024-12-28 06:30:00.0000",1.27,100,,,
"2024-12-28 06:20:00.0000",1.22,100,,,
"2024-12-28 06:10:00.0000",1.17,100,,,
"2024-12-28 06:00:00.0000",0.94,100,,,
"2024-12-28 05:50:00.0000",1.13,100,,,
"2024-12-28 05:40:00.0000",1.19,100,,,
"2024-12-28 05:30:00.0000",1.16,100,,,
"2024-12-28 05:20:00.0000",1.16,100,,,
"2024-12-28 05:10:00.0000",1.11,100,,,
"2024-12-28 05:00:00.0000",1.04,100,,,
"2024-12-28 04:50:00.0000",0.83,100,,,
"2024-12-28 04:40:00.0000",1.01,100,,,
"2024-12-28 04:30:00.0000",1.03,100,,,
"2024-12-28 04:20:00.0000",0.93,100,,,
"2024-12-28 04:10:00.0000",0.94,100,,,
"2024-12-28 04:00:00.0000",0.94,100,,,
"2024-12-28 03:50:00.0000",0.94,100,,,
"2024-12-28 03:40:00.0000",0.7,100,,,
"2024-12-28 03:30:00.0000",0.91,100,,,
"2024-12-28 03:20:00.0000",0.84,100,,,
"2024-12-28 03:10:00.0000",0.71,100,,,
"2024-12-28 03:00:00.0000",0.7,100,,,
"2024-12-28 02:50:00.0000",0.66,100,,,
"2024-12-28 02:40:00.0000",0.62,100,,,
"2024-12-28 02:30:00.0000",0.39,100,,,
"2024-12-28 02:20:00.0000",0.61,100,,,
"2024-12-28 02:10:00.0000",0.61,100,,,
"2024-12-28 02:00:00.0000",0.61,100,,,
"2024-12-28 01:50:00.0000",0.61,100,,,
"2024-12-28 01:40:00.0000",0.55,100,,,
"2024-12-28 01:30:00.0000",0.53,100,,,
"2024-12-28 01:20:00.0000",0.39,100,,,
"2024-12-28 01:10:00.0000",0.61,100,,,
"2024-12-28 01:00:00.0000",0.68,100,,,
"2024-12-28 00:50:00.0000",0.63,100,,,
"2024-12-28 00:40:00.0000",0.61,100,,,
"2024-12-28 00:30:00.0000",0.54,100,,,
"2024-12-28 00:20:00.0000",0.5,100,,,
"2024-12-28 00:10:00.0000",0.26,100,,,
"2024-12-28 00:00:00.0000",0.49,100,,,
"2024-12-27 23:50:00.0000",0.56,100,,,
"2024-12-27 23:40:00.0000",0.57,100,,,
"2024-12-27 23:30:00.0000",0.61,100,,,
"2024-12-27 23:20:00.0000",0.59,100,,,
"2024-12-27 23:10:00.0000",0.74,100,,,
"2024-12-27 23:00:00.0000",0.52,100,,,
"2024-12-27 22:50:00.0000",0.73,100,,,
"2024-12-27 22:40:00.0000",0.8,100,,,
"2024-12-27 22:30:00.0000",0.76,100,,,
"2024-12-27 22:20:00.0000",0.76,100,,,
"2024-12-27 22:10:00.0000",0.7,100,,,
"2024-12-27 22:00:00.0000",0.71,100,,,
"2024-12-27 21:50:00.0000",0.49,100,,,
"2024-12-27 21:40:00.0000",0.71,100,,,
"2024-12-27 21:30:00.0000",0.76,100,,,
"2024-12-27 21:20:00.0000",0.7,100,,,
"2024-12-27 21:10:00.0000",0.7,100,,,
"2024-12-27 21:00:00.0000",0.62,100,,,
"2024-12-27 20:50:00.0000",0.57,100,,,
"2024-12-27 20:40:00.0000",0.37,100,,,
"2024-12-27 20:30:00.0000",0.56,100,,,
"2024-12-27 20:20:00.0000",0.59,100,,,
"2024-12-27 20:10:00.0000",0.52,100,,,
"2024-12-27 20:00:00.0000",0.56,100,,,
"2024-12-27 19:50:00.0000",0.56,100,,,
"2024-12-27 19:40:00.0000",0.6,100,,,
"2024-12-27 19:30:00.0000",0.45,100,,,
"2024-12-27 19:20:00.0000",0.67,100,,,
"2024-12-27 19:10:00.0000",0.78,100,,,
"2024-12-27 19:00:00.0000",0.87,100,,,
"2024-12-27 18:50:00.0000",0.94,100,,,
"2024-12-27 18:40:00.0000",0.84,100,,,
"2024-12-27 18:30:00.0000",0.76,100,,,
"2024-12-27 18:20:00.0000",0.6,100,,,
"2024-12-27 18:10:00.0000",0.78,100,,,
"2024-12-27 18:00:00.0000",0.9,100,,,
"2024-12-27 17:50:00.0000",0.98,100,,,
"2024-12-27 17:40:00.0000",1.04,100,,,
"2024-12-27 17:30:00.0000",1.04,100,,,
"2024-12-27 17:20:00.0000",1.07,100,,,
"2024-12-27 17:10:00.0000",0.88,100,,,
"2024-12-27 17:00:00.0000",1.14,100,,,
"2024-12-27 16:50:00.0000",1.19,100,,,
"2024-12-27 16:40:00.0000",1.18,100,,,
"2024-12-27 16:30:00.0000",1.25,100,,,
"2024-12-27 16:20:00.0000",1.26,100,,,
"2024-12-27 16:10:00.0000",1.19,100,,,
"2024-12-27 16:00:00.0000",1.12,100,,,
"2024-12-27 15:50:00.0000",1.33,100,,,
"2024-12-27 15:40:00.0000",1.46,100,,,
"2024-12-27 15:30:00.0000",1.39,100,,,
"2024-12-27 15:20:00.0000",1.5,100,,,
"2024-12-27 15:10:00.0000",1.5,100,,,
"2024-12-27 15:00:00.0000",1.5,100,,,
"2024-12-27 14:50:00.0000",1.34,100,,,
"2024-12-27 14:40:00.0000",1.71,100,,,
"2024-12-27 14:30:00.0000",1.82,100,,,
"2024-12-27 14:20:00.0000",1.78,100,,,
"2024-12-27 14:10:00.0000",1.92,100,,,
"2024-12-27 14:00:00.0000",1.85,100,,,
"2024-12-27 13:50:00.0000",1.84,100,,,
"2024-12-27 13:40:00.0000",1.59,100,,,
"2024-12-27 13:30:00.0000",1.7,100,,,
"2024-12-27 13:20:00.0000",1.65,100,,,
"2024-12-27 13:10:00.0000",1.59,100,,,
"2024-12-27 13:00:00.0000",1.51,100,,,
"2024-12-27 12:50:00.0000",1.55,100,,,
"2024-12-27 12:40:00.0000",1.62,100,,,
"2024-12-27 12:30:00.0000",1.44,100,,,
"2024-12-27 12:20:00.0000",1.42,100,,,
"2024-12-27 12:10:00.0000",1.34,100,,,
"2024-12-27 12:00:00.0000",1.29,100,,,
"2024-12-27 11:50:00.0000",1.3,100,,,
"2024-12-27 11:40:00.0000",1.21,100,,,
"2024-12-27 11:30:00.0000",1.16,100,,,
"2024-12-27 11:20:00.0000",0.94,100,,,
"2024-12-27 11:10:00.0000",0.96,100,,,
"2024-12-27 11:00:00.0000",0.87,100,,,
"2024-12-27 10:50:00.0000",0.74,100,,,
"2024-12-27 10:40:00.0000",0.71,100,,,
"2024-12-27 10:30:00.0000",0.57,100,,,
"2024-12-27 10:20:00.0000",0.5,100,,,
"2024-12-27 10:10:00.0000",0.21,100,,,
"2024-12-27 10:00:00.0000",0.3,100,,,
"2024-12-27 09:50:00.0000",0.14,100,,,
"2024-12-27 09:40:00.0000",0.2,100,,,
"2024-12-27 09:30:00.0000",0.23,100,,,
"2024-12-27 09:20:00.0000",0.15,100,,,
"2024-12-27 09:10:00.0000",0.16,100,,,
"2024-12-27 09:00:00.0000",0,100,,,
"2024-12-27 08:50:00.0000",0,100,,,
"2024-12-27 08:40:00.0000",0.07,100,,,
"2024-12-27 08:30:00.0000",0,100,,,
"2024-12-27 08:20:00.0000",0.08,100,,,
"2024-12-27 08:10:00.0000",0.03,100,,,
"2024-12-27 08:00:00.0000",0,100,,,
"2024-12-27 07:50:00.0000",0,100,,,
"2024-12-27 07:40:00.0000",0.11,100,,,
"2024-12-27 07:30:00.0000",0.07,100,,,
"2024-12-27 07:20:00.0000",0.25,100,,,
"2024-12-27 07:10:00.0000",0.29,100,,,
"2024-12-27 07:00:00.0000",0.35,100,,,
"2024-12-27 06:50:00.0000",0.45,100,,,
"2024-12-27 06:40:00.0000",0.32,100,,,
"2024-12-27 06:30:00.0000",0.56,100,,,
"2024-12-27 06:20:00.0000",0.69,100,,,
"2024-12-27 06:10:00.0000",0.74,100,,,
"2024-12-27 06:00:00.0000",0.87,100,,,
"2024-12-27 05:50:00.0000",0.9,100,,,
"2024-12-27 05:40:00.0000",0.87,100,,,
"2024-12-27 05:30:00.0000",0.59,100,,,
"2024-12-27 05:20:00.0000",0.94,100,,,
"2024-12-27 05:10:00.0000",1.07,100,,,
"2024-12-27 05:00:00.0000",1.15,100,,,
"2024-12-27 04:50:00.0000",1.32,100,,,
"2024-12-27 04:40:00.0000",1.28,100,,,
"2024-12-27 04:30:00.0000",1.49,100,,,
"2024-12-27 04:20:00.0000",1.39,100,,,
"2024-12-27 04:10:00.0000",1.6,100,,,
"2024-12-27 04:00:00.0000",1.76,100,,,
"2024-12-27 03:50:00.0000",1.71,100,,,
"2024-12-27 03:40:00.0000",1.77,100,,,
"2024-12-27 03:30:00.0000",1.74,100,,,
"2024-12-27 03:20:00.0000",1.79,100,,,
"2024-12-27 03:10:00.0000",1.75,100,,,
"2024-12-27 03:00:00.0000",1.91,100,,,
"2024-12-27 02:50:00.0000",1.77,100,,,
"2024-12-27 02:40:00.0000",1.83,100,,,
"2024-12-27 02:30:00.0000",1.87,100,,,
"2024-12-27 02:20:00.0000",1.83,100,,,
"2024-12-27 02:10:00.0000",1.84,100,,,
"2024-12-27 02:00:00.0000",1.62,100,,,
"2024-12-27 01:50:00.0000",1.83,100,,,
"2024-12-27 01:40:00.0000",1.92,100,,,
"2024-12-27 01:30:00.0000",2,100,,,
"2024-12-27 01:20:00.0000",2.08,100,,,
"2024-12-27 01:10:00.0000",2.13,100,,,
"2024-12-27 01:00:00.0000",2.1,100,,,
"2024-12-27 00:50:00.0000",1.88,100,,,
"2024-12-27 00:40:00.0000",2.17,100,,,
"2024-12-27 00:30:00.0000",2.23,100,,,
"2024-12-27 00:20:00.0000",2.23,100,,,
"2024-12-27 00:10:00.0000",2.37,100,,,
"2024-12-27 00:00:00.0000",2.41,100,,,
"2024-12-26 23:50:00.0000",2.3,100,,,
"2024-12-26 23:40:00.0000",2.21,100,,,
"2024-12-26 23:30:00.0000",2.41,100,,,
"2024-12-26 23:20:00.0000",2.32,100,,,
"2024-12-26 23:10:00.0000",2.44,100,,,
"2024-12-26 23:00:00.0000",2.57,100,,,
"2024-12-26 22:50:00.0000",2.54,100,,,
"2024-12-26 22:40:00.0000",2.5,100,,,
"2024-12-26 22:30:00.0000",2.26,100,,,
"2024-12-26 22:20:00.0000",2.44,100,,,
"2024-12-26 22:10:00.0000",2.49,100,,,
"2024-12-26 22:00:00.0000",2.48,100,,,
"2024-12-26 21:50:00.0000",2.56,100,,,
"2024-12-26 21:40:00.0000",2.55,100,,,
"2024-12-26 21:30:00.0000",2.54,100,,,
"2024-12-26 21:20:00.0000",2.36,100,,,
"2024-12-26 21:10:00.0000",2.58,100,,,
"2024-12-26 21:00:00.0000",2.55,100,,,
"2024-12-26 20:50:00.0000",2.47,100,,,
"2024-12-26 20:40:00.0000",2.49,100,,,
"2024-12-26 20:30:00.0000",2.51,100,,,
"2024-12-26 20:20:00.0000",2.6,100,,,
"2024-12-26 20:10:00.0000",2.41,100,,,
"2024-12-26 20:00:00.0000",2.59,100,,,
"2024-12-26 19:50:00.0000",2.63,100,,,
"2024-12-26 19:40:00.0000",2.52,100,,,
"2024-12-26 19:30:00.0000",2.52,100,,,
"2024-12-26 19:20:00.0000",2.52,100,,,
"2024-12-26 19:10:00.0000",2.58,100,,,
"2024-12-26 19:00:00.0000",2.47,100,,,
"2024-12-26 18:50:00.0000",2.62,100,,,
"2024-12-26 18:40:00.0000",2.75,100,,,
"2024-12-26 18:30:00.0000",2.69,100,,,
"2024-12-26 18:20:00.0000",2.75,100,,,
"2024-12-26 18:10:00.0000",2.82,100,,,
"2024-12-26 18:00:00.0000",2.66,100,,,
"2024-12-26 17:50:00.0000",2.52,100,,,
"2024-12-26 17:40:00.0000",2.78,100,,,
"2024-12-26 17:30:00.0000",2.95,100,,,
"2024-12-26 17:20:00.0000",2.9,100,,,
"2024-12-26 17:10:00.0000",3.1,100,,,
"2024-12-26 17:00:00.0000",3.18,100,,,
"2024-12-26 16:50:00.0000",3.24,100,,,
"2024-12-26 16:40:00.0000",3.06,100,,,
"2024-12-26 16:30:00.0000",3.26,100,,,
"2024-12-26 16:20:00.0000",3.38,100,,,
"2024-12-26 16:10:00.0000",3.39,100,,,
"2024-12-26 16:00:00.0000",3.43,100,,,
"2024-12-26 15:50:00.0000",3.43,100,,,
"2024-12-26 15:40:00.0000",3.53,100,,,
"2024-12-26 15:30:00.0000",3.37,100,,,
"2024-12-26 15:20:00.0000",3.63,100,,,
"2024-12-26 15:10:00.0000",3.72,100,,,
"2024-12-26 15:00:00.0000",3.65,100,,,
"2024-12-26 14:50:00.0000",3.73,100,,,
"2024-12-26 14:40:00.0000",3.73,100,,,
"2024-12-26 14:30:00.0000",3.74,100,,,
"2024-12-26 14:20:00.0000",3.53,100,,,
"2024-12-26 14:10:00.0000",3.84,100,,,
"2024-12-26 14:00:00.0000",3.89,100,,,
"2024-12-26 13:50:00.0000",3.84,100,,,
"2024-12-26 13:40:00.0000",3.78,100,,,
"2024-12-26 13:30:00.0000",3.78,100,,,
"2024-12-26 13:20:00.0000",3.73,100,,,
"2024-12-26 13:10:00.0000",3.47,100,,,
"2024-12-26 13:00:00.0000",3.84,100,,,
"2024-12-26 12:50:00.0000",3.84,100,,,
"2024-12-26 12:40:00.0000",3.79,100,,,
"2024-12-26 12:30:00.0000",3.82,100,,,
"2024-12-26 12:20:00.0000",3.66,100,,,
"2024-12-26 12:10:00.0000",3.65,100,,,
"2024-12-26 12:00:00.0000",3.43,100,,,
"2024-12-26 11:50:00.0000",3.75,100,,,
"2024-12-26 11:40:00.0000",3.74,100,,,
"2024-12-26 11:30:00.0000",3.64,100,,,
"2024-12-26 11:20:00.0000",3.66,100,,,
"2024-12-26 11:10:00.0000",3.6,100,,,
"2024-12-26 11:00:00.0000",3.37,100,,,
"2024-12-26 10:50:00.0000",3.18,100,,,
"2024-12-26 10:40:00.0000",3.26,100,,,
"2024-12-26 10:30:00.0000",3.18,100,,,
"2024-12-26 10:20:00.0000",3.06,100,,,
"2024-12-26 10:10:00.0000",3,100,,,
"2024-12-26 10:00:00.0000",2.87,100,,,
"2024-12-26 09:50:00.0000",2.69,100,,,
"2024-12-26 09:40:00.0000",2.27,100,,,
"2024-12-26 09:30:00.0000",2.26,100,,,
"2024-12-26 09:20:00.0000",2.09,100,,,
"2024-12-26 09:10:00.0000",1.81,100,,,
"2024-12-26 09:00:00.0000",1.65,100,,,
"2024-12-26 08:50:00.0000",1.47,100,,,
"2024-12-26 08:40:00.0000",1.31,100,,,
"2024-12-26 08:30:00.0000",1,100,,,
"2024-12-26 08:20:00.0000",1.14,100,,,
"2024-12-26 08:10:00.0000",1.19,100,,,
"2024-12-26 08:00:00.0000",1.16,100,,,
"2024-12-26 07:50:00.0000",1.22,100,,,
"2024-12-26 07:40:00.0000",0.9,100,,,
"2024-12-26 07:30:00.0000",0.82,100,,,
"2024-12-26 07:20:00.0000",0.47,100,,,
"2024-12-26 07:10:00.0000",0.38,100,,,
"2024-12-26 07:00:00.0000",0.26,100,,,
"2024-12-26 06:50:00.0000",0.18,100,,,
"2024-12-26 06:40:00.0000",0.25,100,,,
"2024-12-26 06:30:00.0000",0.18,100,,,
"2024-12-26 06:20:00.0000",0,100,,,
"2024-12-26 06:10:00.0000",0,100,,,
"2024-12-26 06:00:00.0000",0,100,,,
"2024-12-26 05:50:00.0000",0,100,,,
"2024-12-26 05:40:00.0000",0,100,,,
"2024-12-26 05:30:00.0000",0.12,100,,,
"2024-12-26 05:20:00.0000",0.2,100,,,
"2024-12-26 05:10:00.0000",0.29,100,,,
"2024-12-26 05:00:00.0000",0.21,100,,,
"2024-12-26 04:50:00.0000",0.46,100,,,
"2024-12-26 04:40:00.0000",0.61,100,,,
"2024-12-26 04:30:00.0000",0.61,100,,,
"2024-12-26 04:20:00.0000",0.67,100,,,
"2024-12-26 04:10:00.0000",0.65,100,,,
"2024-12-26 04:00:00.0000",0.67,100,,,
"2024-12-26 03:50:00.0000",0.51,100,,,
"2024-12-26 03:40:00.0000",0.78,100,,,
"2024-12-26 03:30:00.0000",0.91,100,,,
"2024-12-26 03:20:00.0000",0.9,100,,,
"2024-12-26 03:10:00.0000",0.95,100,,,
"2024-12-26 03:00:00.0000",0.9,100,,,
"2024-12-26 02:50:00.0000",0.98,100,,,
"2024-12-26 02:40:00.0000",0.85,100,,,
"2024-12-26 02:30:00.0000",1.06,100,,,
"2024-12-26 02:20:00.0000",1.15,100,,,
"2024-12-26 02:10:00.0000",1.17,100,,,
"2024-12-26 02:00:00.0000",1.28,100,,,
"2024-12-26 01:50:00.0000",1.35,100,,,
"2024-12-26 01:40:00.0000",1.37,100,,,
"2024-12-26 01:30:00.0000",1.14,100,,,
"2024-12-26 01:20:00.0000",1.39,100,,,
"2024-12-26 01:10:00.0000",1.5,100,,,
"2024-12-26 01:00:00.0000",1.52,100,,,
"2024-12-26 00:50:00.0000",1.57,100,,,
"2024-12-26 00:40:00.0000",1.51,100,,,
"2024-12-26 00:30:00.0000",1.54,100,,,
"2024-12-26 00:20:00.0000",1.45,100,,,
"2024-12-26 00:10:00.0000",1.77,100,,,
"2024-12-26 00:00:00.0000",1.96,100,,,
"2024-12-25 23:50:00.0000",2.05,100,,,
"2024-12-25 23:40:00.0000",2.18,100,,,
"2024-12-25 23:30:00.0000",2.19,100,,,
"2024-12-25 23:20:00.0000",2.22,100,,,
"2024-12-25 23:10:00.0000",1.94,100,,,
"2024-12-25 23:00:00.0000",2.17,100,,,
"2024-12-25 22:50:00.0000",2.35,100,,,
"2024-12-25 22:40:00.0000",2.39,100,,,
"2024-12-25 22:30:00.0000",2.51,100,,,
"2024-12-25 22:20:00.0000",2.66,100,,,
"2024-12-25 22:10:00.0000",2.81,100,,,
"2024-12-25 22:00:00.0000",2.6,100,,,
"2024-12-25 21:50:00.0000",2.87,100,,,
"2024-12-25 21:40:00.0000",3.13,100,,,
"2024-12-25 21:30:00.0000",3.23,100,,,
"2024-12-25 21:20:00.0000",3.49,100,,,
"2024-12-25 21:10:00.0000",3.57,100,,,
"2024-12-25 21:00:00.0000",3.71,100,,,
"2024-12-25 20:50:00.0000",3.57,100,,,
"2024-12-25 20:40:00.0000",3.88,100,,,
"2024-12-25 20:30:00.0000",4,100,,,
"2024-12-25 20:20:00.0000",4.08,100,,,
"2024-12-25 20:10:00.0000",4.21,100,,,
"2024-12-25 20:00:00.0000",4.2,100,,,
"2024-12-25 19:50:00.0000",4.24,100,,,
"2024-12-25 19:40:00.0000",4.18,100,,,
"2024-12-25 19:30:00.0000",4.58,100,,,
"2024-12-25 19:20:00.0000",4.82,100,,,
"2024-12-25 19:10:00.0000",4.88,100,,,
"2024-12-25 19:00:00.0000",4.96,100,,,
"2024-12-25 18:50:00.0000",4.97,100,,,
"2024-12-25 18:40:00.0000",4.96,100,,,
"2024-12-25 18:30:00.0000",4.8,100,,,
"2024-12-25 18:20:00.0000",5.01,100,,,
"2024-12-25 18:10:00.0000",4.96,100,,,
"2024-12-25 18:00:00.0000",4.8,100,,,
"2024-12-25 17:50:00.0000",4.88,100,,,
"2024-12-25 17:40:00.0000",4.89,100,,,
"2024-12-25 17:30:00.0000",4.88,100,,,
"2024-12-25 17:20:00.0000",4.7,100,,,
"2024-12-25 17:10:00.0000",4.96,100,,,
"2024-12-25 17:00:00.0000",5.1,100,,,
"2024-12-25 16:50:00.0000",5.17,100,,,
"2024-12-25 16:40:00.0000",5.26,100,,,
"2024-12-25 16:30:00.0000",5.21,100,,,
"2024-12-25 16:20:00.0000",5.22,100,,,
"2024-12-25 16:10:00.0000",5.1,100,,,
"2024-12-25 16:00:00.0000",5.47,100,,,
"2024-12-25 15:50:00.0000",5.72,100,,,
"2024-12-25 15:40:00.0000",5.94,100,,,
"2024-12-25 15:30:00.0000",6.27,100,,,
"2024-12-25 15:20:00.0000",6.57,100,,,
"2024-12-25 15:10:00.0000",6.96,100,,,
"2024-12-25 15:00:00.0000",7.22,100,,,
"2024-12-25 14:50:00.0000",7.86,100,,,
"2024-12-25 14:40:00.0000",8.15,100,,,
"2024-12-25 14:30:00.0000",8.06,100,,,
"2024-12-25 14:20:00.0000",7.92,100,,,
"2024-12-25 14:10:00.0000",7.63,100,,,
"2024-12-25 14:00:00.0000",7.51,100,,,
"2024-12-25 13:50:00.0000",7.33,100,,,
"2024-12-25 13:40:00.0000",7.83,99.94,,,
"2024-12-25 13:30:00.0000",8.34,98.83,,,
"2024-12-25 13:20:00.0000",8.8,97.71,,,
"2024-12-25 13:10:00.0000",9.74,95.1,,,
"2024-12-25 13:00:00.0000",10.56,91.47,,,
"2024-12-25 12:50:00.0000",11.69,90.34,,,
"2024-12-25 12:40:00.0000",10.76,92.6,,,
"2024-12-25 12:30:00.0000",12.03,92.39,,,
"2024-12-25 12:20:00.0000",11.06,100,,,
"2024-12-25 12:10:00.0000",9.47,100,,,
"2024-12-25 12:00:00.0000",8.64,100,,,
"2024-12-25 11:50:00.0000",6.36,100,,,
"2024-12-25 11:40:00.0000",5.1,100,,,
"2024-12-25 11:30:00.0000",4.08,100,,,
"2024-12-25 11:20:00.0000",4.19,100,,,
"2024-12-25 11:10:00.0000",4.2,100,,,
"2024-12-25 11:00:00.0000",4.29,100,,,
"2024-12-25 10:50:00.0000",4.43,100,,,
"2024-12-25 10:40:00.0000",4.37,100,,,
"2024-12-25 10:30:00.0000",4.12,100,,,
"2024-12-25 10:20:00.0000",3.68,100,,,
"2024-12-25 10:10:00.0000",3.72,100,,,
"2024-12-25 10:00:00.0000",3.51,100,,,
"2024-12-25 09:50:00.0000",3.26,100,,,
"2024-12-25 09:40:00.0000",3.09,100,,,
"2024-12-25 09:30:00.0000",2.93,100,,,
"2024-12-25 09:20:00.0000",2.74,100,,,
"2024-12-25 09:10:00.0000",2.38,100,,,
"2024-12-25 09:00:00.0000",2.51,100,,,
"2024-12-25 08:50:00.0000",2.56,100,,,
"2024-12-25 08:40:00.0000",2.59,100,,,
"2024-12-25 08:30:00.0000",2.69,100,,,
"2024-12-25 08:20:00.0000",2.68,100,,,
"2024-12-25 08:10:00.0000",2.68,100,,,
"2024-12-25 08:00:00.0000",2.45,100,,,
"2024-12-25 07:50:00.0000",2.64,100,,,
"2024-12-25 07:40:00.0000",2.58,100,,,
"2024-12-25 07:30:00.0000",2.46,100,,,
"2024-12-25 07:20:00.0000",2.48,100,,,
"2024-12-25 07:10:00.0000",2.41,100,,,
"2024-12-25 07:00:00.0000",2.29,100,,,
"2024-12-25 06:50:00.0000",1.93,100,,,
"2024-12-25 06:40:00.0000",1.93,100,,,
"2024-12-25 06:30:00.0000",1.9,100,,,
"2024-12-25 06:20:00.0000",1.86,100,,,
"2024-12-25 06:10:00.0000",1.96,100,,,
"2024-12-25 06:00:00.0000",1.94,100,,,
"2024-12-25 05:50:00.0000",1.9,100,,,
"2024-12-25 05:40:00.0000",1.8,100,,,
"2024-12-25 05:30:00.0000",2.12,100,,,
"2024-12-25 05:20:00.0000",2.32,100,,,
"2024-12-25 05:10:00.0000",2.43,100,,,
"2024-12-25 05:00:00.0000",2.61,100,,,
"2024-12-25 04:50:00.0000",2.67,100,,,
"2024-12-25 04:40:00.0000",2.63,100,,,
"2024-12-25 04:30:00.0000",2.4,100,,,
"2024-12-25 04:20:00.0000",2.62,100,,,
"2024-12-25 04:10:00.0000",2.59,100,,,
"2024-12-25 04:00:00.0000",2.53,100,,,
"2024-12-25 03:50:00.0000",2.61,100,,,
"2024-12-25 03:40:00.0000",2.63,100,,,
"2024-12-25 03:30:00.0000",2.66,100,,,
"2024-12-25 03:20:00.0000",2.53,100,,,
"2024-12-25 03:10:00.0000",2.82,100,,,
"2024-12-25 03:00:00.0000",2.94,100,,,
"2024-12-25 02:50:00.0000",2.96,100,,,
"2024-12-25 02:40:00.0000",3.02,100,,,
"2024-12-25 02:30:00.0000",3.01,100,,,
"2024-12-25 02:20:00.0000",3,100,,,
"2024-12-25 02:10:00.0000",2.88,100,,,
"2024-12-25 02:00:00.0000",3.17,100,,,
"2024-12-25 01:50:00.0000",3.29,100,,,
"2024-12-25 01:40:00.0000",3.22,100,,,
"2024-12-25 01:30:00.0000",3.13,100,,,
"2024-12-25 01:20:00.0000",2.89,100,,,
"2024-12-25 01:10:00.0000",2.61,100,,,
"2024-12-25 01:00:00.0000",2.17,100,,,
"2024-12-25 00:50:00.0000",2.24,100,,,
"2024-12-25 00:40:00.0000",2.27,100,,,
"2024-12-25 00:30:00.0000",2.29,100,,,
"2024-12-25 00:20:00.0000",2.34,100,,,
"2024-12-25 00:10:00.0000",2.34,100,,,
"2024-12-25 00:00:00.0000",2.25,100,,,
"2024-12-24 23:50:00.0000",1.93,100,,,
"2024-12-24 23:40:00.0000",2.14,100,,,
"2024-12-24 23:30:00.0000",2.33,100,,,
"2024-12-24 23:20:00.0000",2.51,100,,,
"2024-12-24 23:10:00.0000",2.67,100,,,
"2024-12-24 23:00:00.0000",2.76,100,,,
"2024-12-24 22:50:00.0000",2.86,100,,,
"2024-12-24 22:40:00.0000",2.74,100,,,
"2024-12-24 22:30:00.0000",3.11,100,,,
"2024-12-24 22:20:00.0000",3.38,100,,,
"2024-12-24 22:10:00.0000",3.48,100,,,
"2024-12-24 22:00:00.0000",3.6,100,,,
"2024-12-24 21:50:00.0000",3.7,100,,,
"2024-12-24 21:40:00.0000",3.8,100,,,
"2024-12-24 21:30:00.0000",3.76,100,,,
"2024-12-24 21:20:00.0000",4.15,100,,,
"2024-12-24 21:10:00.0000",4.3,100,,,
"2024-12-24 21:00:00.0000",4.41,100,,,
"2024-12-24 20:50:00.0000",4.63,100,,,
"2024-12-24 20:40:00.0000",4.74,100,,,
"2024-12-24 20:30:00.0000",4.74,100,,,
"2024-12-24 20:20:00.0000",4.68,100,,,
"2024-12-24 20:10:00.0000",4.91,100,,,
"2024-12-24 20:00:00.0000",4.98,100,,,
"2024-12-24 19:50:00.0000",5.07,100,,,
"2024-12-24 19:40:00.0000",5.24,100,,,
"2024-12-24 19:30:00.0000",5.37,100,,,
"2024-12-24 19:20:00.0000",5.47,100,,,
"2024-12-24 19:10:00.0000",5.41,100,,,
"2024-12-24 19:00:00.0000",5.79,100,,,
"2024-12-24 18:50:00.0000",5.98,100,,,
"2024-12-24 18:40:00.0000",6.02,100,,,
"2024-12-24 18:30:00.0000",6,100,,,
"2024-12-24 18:20:00.0000",6.03,100,,,
"2024-12-24 18:10:00.0000",6.09,100,,,
"2024-12-24 18:00:00.0000",5.91,100,,,
"2024-12-24 17:50:00.0000",6.25,100,,,
"2024-12-24 17:40:00.0000",6.47,100,,,
"2024-12-24 17:30:00.0000",6.59,100,,,
"2024-12-24 17:20:00.0000",6.68,100,,,
"2024-12-24 17:10:00.0000",6.73,100,,,
"2024-12-24 17:00:00.0000",6.9,100,,,
"2024-12-24 16:50:00.0000",6.88,100,,,
"2024-12-24 16:40:00.0000",7.27,100,,,
"2024-12-24 16:30:00.0000",7.48,100,,,
"2024-12-24 16:20:00.0000",7.64,100,,,
"2024-12-24 16:10:00.0000",7.92,100,,,
"2024-12-24 16:00:00.0000",8.16,100,,,
"2024-12-24 15:50:00.0000",8.45,100,,,
"2024-12-24 15:40:00.0000",8.53,100,,,
"2024-12-24 15:30:00.0000",9.05,100,,,
"2024-12-24 15:20:00.0000",9.52,100,,,
"2024-12-24 15:10:00.0000",9.8,100,,,
"2024-12-24 15:00:00.0000",10.14,100,,,
"2024-12-24 14:50:00.0000",10.46,99.97,,,
"2024-12-24 14:40:00.0000",10.76,99.7,,,
"2024-12-24 14:30:00.0000",10.76,99.67,,,
"2024-12-24 14:20:00.0000",11.05,98.8,,,
"2024-12-24 14:10:00.0000",11.33,98.79,,,
"2024-12-24 14:00:00.0000",11.35,98.85,,,
"2024-12-24 13:50:00.0000",11.39,98.39,,,
"2024-12-24 13:40:00.0000",11.45,97.99,,,
"2024-12-24 13:30:00.0000",11.53,98.48,,,
"2024-12-24 13:20:00.0000",11.39,99.13,,,
"2024-12-24 13:10:00.0000",11.48,98.45,,,
"2024-12-24 13:00:00.0000",11.42,99.4,,,
"2024-12-24 12:50:00.0000",11.31,100,,,
"2024-12-24 12:40:00.0000",11.2,99.98,,,
"2024-12-24 12:30:00.0000",11.13,99.98,,,
"2024-12-24 12:20:00.0000",11.05,100,,,
"2024-12-24 12:10:00.0000",10.85,100,,,
"2024-12-24 12:00:00.0000",11.45,99.76,,,
"2024-12-24 11:50:00.0000",11.6,99.1,,,
"2024-12-24 11:40:00.0000",11.65,99.8,,,
"2024-12-24 11:30:00.0000",11.77,99.34,,,
"2024-12-24 11:20:00.0000",11.27,100,,,
"2024-12-24 11:10:00.0000",10.94,100,,,
"2024-12-24 11:00:00.0000",10.73,100,,,
"2024-12-24 10:50:00.0000",10.68,100,,,
"2024-12-24 10:40:00.0000",10.08,100,,,
"2024-12-24 10:30:00.0000",9.7,100,,,
"2024-12-24 10:20:00.0000",9.7,100,,,
"2024-12-24 10:10:00.0000",9.69,100,,,
"2024-12-24 10:00:00.0000",9.66,100,,,
"2024-12-24 09:50:00.0000",9.38,100,,,
"2024-12-24 09:40:00.0000",9.5,100,,,
"2024-12-24 09:30:00.0000",9.39,100,,,
"2024-12-24 09:20:00.0000",9.19,100,,,
"2024-12-24 09:10:00.0000",9.17,100,,,
"2024-12-24 09:00:00.0000",9.08,100,,,
"2024-12-24 08:50:00.0000",9.05,100,,,
"2024-12-24 08:40:00.0000",8.79,100,,,
"2024-12-24 08:30:00.0000",8.97,100,,,
"2024-12-24 08:20:00.0000",8.99,100,,,
"2024-12-24 08:10:00.0000",8.95,100,,,
"2024-12-24 08:00:00.0000",8.96,100,,,
"2024-12-24 07:50:00.0000",8.84,100,,,
"2024-12-24 07:40:00.0000",8.84,100,,,
"2024-12-24 07:30:00.0000",8.78,100,,,
"2024-12-24 07:20:00.0000",8.94,100,,,
"2024-12-24 07:10:00.0000",8.88,100,,,
"2024-12-24 07:00:00.0000",8.76,100,,,
"2024-12-24 06:50:00.0000",8.83,100,,,
"2024-12-24 06:40:00.0000",8.8,100,,,
"2024-12-24 06:30:00.0000",8.78,100,,,
"2024-12-24 06:20:00.0000",8.81,100,,,
"2024-12-24 06:10:00.0000",8.99,100,,,
"2024-12-24 06:00:00.0000",9.02,100,,,
"2024-12-24 05:50:00.0000",8.86,100,,,
"2024-12-24 05:40:00.0000",8.81,100,,,
"2024-12-24 05:30:00.0000",8.7,100,,,
"2024-12-24 05:20:00.0000",8.56,100,,,
"2024-12-24 05:10:00.0000",8.25,100,,,
"2024-12-24 05:00:00.0000",8.35,100,,,
"2024-12-24 04:50:00.0000",8.42,100,,,
"2024-12-24 04:40:00.0000",8.48,100,,,
"2024-12-24 04:30:00.0000",8.59,100,,,
"2024-12-24 04:20:00.0000",8.68,100,,,
"2024-12-24 04:10:00.0000",8.69,100,,,
"2024-12-24 04:00:00.0000",8.42,100,,,
"2024-12-24 03:50:00.0000",8.4,100,,,
"2024-12-24 03:40:00.0000",8.31,100,,,
"2024-12-24 03:30:00.0000",8.19,100,,,
"2024-12-24 03:20:00.0000",8.2,100,,,
"2024-12-24 03:10:00.0000",8.16,100,,,
"2024-12-24 03:00:00.0000",8.19,100,,,
"2024-12-24 02:50:00.0000",8,100,,,
"2024-12-24 02:40:00.0000",8.15,100,,,
"2024-12-24 02:30:00.0000",8.14,100,,,
"2024-12-24 02:20:00.0000",8.02,100,,,
"2024-12-24 02:10:00.0000",7.98,100,,,
"2024-12-24 02:00:00.0000",7.98,100,,,
"2024-12-24 01:50:00.0000",7.99,100,,,
"2024-12-24 01:40:00.0000",7.77,100,,,
"2024-12-24 01:30:00.0000",7.96,100,,,
"2024-12-24 01:20:00.0000",7.94,100,,,
"2024-12-24 01:10:00.0000",7.95,100,,,
"2024-12-24 01:00:00.0000",8.01,100,,,
"2024-12-24 00:50:00.0000",7.95,100,,,
"2024-12-24 00:40:00.0000",7.89,100,,,
"2024-12-24 00:30:00.0000",7.57,100,,,
"2024-12-24 00:20:00.0000",7.75,100,,,
"2024-12-24 00:10:00.0000",7.84,100,,,
"2024-12-24 00:00:00.0000",7.77,100,,,
"2024-12-23 23:50:00.0000",7.76,100,,,
"2024-12-23 23:40:00.0000",7.7,100,,,
"2024-12-23 23:30:00.0000",7.74,100,,,
"2024-12-23 23:20:00.0000",7.49,100,,,
"2024-12-23 23:10:00.0000",7.58,100,,,
"2024-12-23 23:00:00.0000",7.49,100,,,
"2024-12-23 22:50:00.0000",7.41,100,,,
"2024-12-23 22:40:00.0000",7.37,100,,,
"2024-12-23 22:30:00.0000",7.27,100,,,
"2024-12-23 22:20:00.0000",7.2,100,,,
"2024-12-23 22:10:00.0000",6.96,100,,,
"2024-12-23 22:00:00.0000",7.19,100,,,
"2024-12-23 21:50:00.0000",7.22,100,,,
"2024-12-23 21:40:00.0000",7.16,100,,,
"2024-12-23 21:30:00.0000",7.16,100,,,
"2024-12-23 21:20:00.0000",7.06,100,,,
"2024-12-23 21:10:00.0000",6.99,100,,,
"2024-12-23 21:00:00.0000",6.73,100,,,
"2024-12-23 20:50:00.0000",6.83,100,,,
"2024-12-23 20:40:00.0000",6.73,100,,,
"2024-12-23 20:30:00.0000",6.59,100,,,
"2024-12-23 20:20:00.0000",6.47,100,,,
"2024-12-23 20:10:00.0000",6.28,100,,,
"2024-12-23 20:00:00.0000",6.12,100,,,
"2024-12-23 19:50:00.0000",5.77,100,,,
"2024-12-23 19:40:00.0000",5.63,100,,,
"2024-12-23 19:30:00.0000",5.42,100,,,
"2024-12-23 19:20:00.0000",5.04,100,,,
"2024-12-23 19:10:00.0000",4.72,100,,,
"2024-12-23 19:00:00.0000",4.57,100,,,
"2024-12-23 18:50:00.0000",4.46,100,,,
"2024-12-23 18:40:00.0000",4.13,100,,,
"2024-12-23 18:30:00.0000",4.2,100,,,
"2024-12-23 18:20:00.0000",4.08,100,,,
"2024-12-23 18:10:00.0000",3.92,100,,,
"2024-12-23 18:00:00.0000",3.89,100,,,
"2024-12-23 17:50:00.0000",3.83,100,,,
"2024-12-23 17:40:00.0000",3.82,100,,,
"2024-12-23 17:30:00.0000",3.6,100,,,
"2024-12-23 17:20:00.0000",3.85,100,,,
"2024-12-23 17:10:00.0000",3.89,100,,,
"2024-12-23 17:00:00.0000",3.86,100,,,
"2024-12-23 16:50:00.0000",4.03,100,,,
"2024-12-23 16:40:00.0000",3.97,100,,,
"2024-12-23 16:30:00.0000",3.92,100,,,
"2024-12-23 16:20:00.0000",3.72,100,,,
"2024-12-23 16:10:00.0000",3.99,100,,,
"2024-12-23 16:00:00.0000",4.23,100,,,
"2024-12-23 15:50:00.0000",4.44,100,,,
"2024-12-23 15:40:00.0000",4.74,99.1,,,
"2024-12-23 15:30:00.0000",4.81,96.93,,,
"2024-12-23 15:20:00.0000",4.81,96.47,,,
"2024-12-23 15:10:00.0000",4.7,96.41,,,
"2024-12-23 15:00:00.0000",4.92,94.67,,,
"2024-12-23 14:50:00.0000",4.91,94.07,,,
"2024-12-23 14:40:00.0000",4.88,94.11,,,
"2024-12-23 14:30:00.0000",4.87,95.66,,,
"2024-12-23 14:20:00.0000",4.59,97.9,,,
"2024-12-23 14:10:00.0000",4.42,100,,,
"2024-12-23 14:00:00.0000",4.15,100,,,
"2024-12-23 13:50:00.0000",4.29,100,,,
"2024-12-23 13:40:00.0000",4.2,100,,,
"2024-12-23 13:30:00.0000",4.33,100,,,
"2024-12-23 13:20:00.0000",4.6,98.22,,,
"2024-12-23 13:10:00.0000",4.76,95.39,,,
"2024-12-23 13:00:00.0000",4.75,95.55,,,
"2024-12-23 12:50:00.0000",4.53,97.05,,,
"2024-12-23 12:40:00.0000",4.79,96.49,,,
"2024-12-23 12:30:00.0000",4.93,97.09,,,
"2024-12-23 12:20:00.0000",5.01,96.32,,,
"2024-12-23 12:10:00.0000",5.08,95.93,,,
"2024-12-23 12:00:00.0000",4.82,97.83,,,
"2024-12-23 11:50:00.0000",4.64,98.69,,,
"2024-12-23 11:40:00.0000",4.41,100,,,
"2024-12-23 11:30:00.0000",4.57,99.99,,,
"2024-12-23 11:20:00.0000",4.53,99.61,,,
"2024-12-23 11:10:00.0000",4.82,96.06,,,
"2024-12-23 11:00:00.0000",4.91,94.09,,,
"2024-12-23 10:50:00.0000",4.79,94.32,,,
"2024-12-23 10:40:00.0000",4.76,95.07,,,
"2024-12-23 10:30:00.0000",4.36,96.85,,,
"2024-12-23 10:20:00.0000",4.4,96.83,,,
"2024-12-23 10:10:00.0000",4.36,97.22,,,
"2024-12-23 10:00:00.0000",4.32,96.54,,,
"2024-12-23 09:50:00.0000",4.31,96.74,,,
"2024-12-23 09:40:00.0000",4.03,97.94,,,
"2024-12-23 09:30:00.0000",3.62,99.25,,,
"2024-12-23 09:20:00.0000",3.2,100,,,
"2024-12-23 09:10:00.0000",3.29,99.85,,,
"2024-12-23 09:00:00.0000",3.24,100,,,
"2024-12-23 08:50:00.0000",3.1,100,,,
"2024-12-23 08:40:00.0000",3.14,100,,,
"2024-12-23 08:30:00.0000",3.13,100,,,
"2024-12-23 08:20:00.0000",3.1,100,,,
"2024-12-23 08:10:00.0000",2.94,100,,,
"2024-12-23 08:00:00.0000",3.14,100,,,
"2024-12-23 07:50:00.0000",3.19,100,,,
"2024-12-23 07:40:00.0000",3.07,100,,,
"2024-12-23 07:30:00.0000",3.03,99.91,,,
"2024-12-23 07:20:00.0000",2.89,99.72,,,
"2024-12-23 07:10:00.0000",2.82,99.96,,,
"2024-12-23 07:00:00.0000",2.55,100,,,
"2024-12-23 06:50:00.0000",2.63,100,,,
"2024-12-23 06:40:00.0000",2.62,100,,,
"2024-12-23 06:30:00.0000",2.53,99.99,,,
"2024-12-23 06:20:00.0000",2.6,100,,,
"2024-12-23 06:10:00.0000",2.63,100,,,
"2024-12-23 06:00:00.0000",2.67,100,,,
"2024-12-23 05:50:00.0000",2.54,100,,,
"2024-12-23 05:40:00.0000",2.85,100,,,
"2024-12-23 05:30:00.0000",3.09,98.89,,,
"2024-12-23 05:20:00.0000",3.19,97.71,,,
"2024-12-23 05:10:00.0000",3.32,97.34,,,
"2024-12-23 05:00:00.0000",3.22,97.94,,,
"2024-12-23 04:50:00.0000",3.02,97.56,,,
"2024-12-23 04:40:00.0000",2.62,98.26,,,
"2024-12-23 04:30:00.0000",2.72,97.17,,,
"2024-12-23 04:20:00.0000",2.91,95.66,,,
"2024-12-23 04:10:00.0000",3.09,93.99,,,
"2024-12-23 04:00:00.0000",3.31,90.6,,,
"2024-12-23 03:50:00.0000",3.28,86.82,,,
"2024-12-23 03:40:00.0000",3.17,78.06,,,
"2024-12-23 03:30:00.0000",2.99,78.38,,,
"2024-12-23 03:20:00.0000",3.18,76.67,,,
"2024-12-23 03:10:00.0000",3.11,78.27,,,
"2024-12-23 03:00:00.0000",3.07,80.12,,,
"2024-12-23 02:50:00.0000",3.19,79.76,,,
"2024-12-23 02:40:00.0000",3.19,77.37,,,
"2024-12-23 02:30:00.0000",3.18,74.45,,,
"2024-12-23 02:20:00.0000",3.03,73.3,,,
"2024-12-23 02:10:00.0000",3.23,71.13,,,
"2024-12-23 02:00:00.0000",3.23,70.3,,,
"2024-12-23 01:50:00.0000",3.22,70.43,,,
"2024-12-23 01:40:00.0000",3.3,69.35,,,
"2024-12-23 01:30:00.0000",3.27,70.86,,,
"2024-12-23 01:20:00.0000",3.26,70.74,,,
"2024-12-23 01:10:00.0000",3.17,70.44,,,
"2024-12-23 01:00:00.0000",3.3,69.95,,,
"2024-12-23 00:50:00.0000",3.33,72.23,,,
"2024-12-23 00:40:00.0000",3.33,73.22,,,
"2024-12-23 00:30:00.0000",3.36,72.44,,,
"2024-12-23 00:20:00.0000",3.4,72.38,,,
"2024-12-23 00:10:00.0000",3.48,73.07,,,
"2024-12-23 00:00:00.0000",3.28,73.26,,,
"2024-12-22 23:50:00.0000",3.44,71.48,,,
"2024-12-22 23:40:00.0000",3.49,70.52,,,
"2024-12-22 23:30:00.0000",3.53,67.93,,,
"2024-12-22 23:20:00.0000",3.62,67.62,,,
"2024-12-22 23:10:00.0000",3.57,69.49,,,
"2024-12-22 23:00:00.0000",3.59,69.72,,,
"2024-12-22 22:50:00.0000",3.45,70.99,,,
"2024-12-22 22:40:00.0000",3.73,68.25,,,
"2024-12-22 22:30:00.0000",3.7,69.79,,,
"2024-12-22 22:20:00.0000",3.64,69.44,,,
"2024-12-22 22:10:00.0000",3.64,68.38,,,
"2024-12-22 22:00:00.0000",3.57,70.63,,,
"2024-12-22 21:50:00.0000",3.59,72.85,,,
"2024-12-22 21:40:00.0000",3.54,72.14,,,
"2024-12-22 21:30:00.0000",3.72,73.41,,,
"2024-12-22 21:20:00.0000",3.79,73.35,,,
"2024-12-22 21:10:00.0000",3.82,73.42,,,
"2024-12-22 21:00:00.0000",3.94,71.47,,,
"2024-12-22 20:50:00.0000",4.05,70.35,,,
"2024-12-22 20:40:00.0000",4.17,75.63,,,
"2024-12-22 20:30:00.0000",3.93,76.3,,,
"2024-12-22 20:20:00.0000",4.03,74.23,,,
"2024-12-22 20:10:00.0000",4.02,72.06,,,
"2024-12-22 20:00:00.0000",4,71.17,,,
"2024-12-22 19:50:00.0000",4.1,72.52,,,
"2024-12-22 19:40:00.0000",4.09,73.67,,,
"2024-12-22 19:30:00.0000",4.06,75.9,,,
"2024-12-22 19:20:00.0000",3.88,74.53,,,
"2024-12-22 19:10:00.0000",4.02,74.68,,,
"2024-12-22 19:00:00.0000",4.16,74.44,,,
"2024-12-22 18:50:00.0000",4.17,76.09,,,
"2024-12-22 18:40:00.0000",4.19,72.84,,,
"2024-12-22 18:30:00.0000",4.21,71.25,,,
"2024-12-22 18:20:00.0000",4.26,69.99,,,
"2024-12-22 18:10:00.0000",4.16,73.72,,,
"2024-12-22 18:00:00.0000",4.26,73.97,,,
"2024-12-22 17:50:00.0000",4.36,75.29,,,
"2024-12-22 17:40:00.0000",4.38,78.19,,,
"2024-12-22 17:30:00.0000",4.42,77.99,,,
"2024-12-22 17:20:00.0000",4.46,75.46,,,
"2024-12-22 17:10:00.0000",4.46,74.47,,,
"2024-12-22 17:00:00.0000",4.34,79.83,,,
"2024-12-22 16:50:00.0000",4.55,80.6,,,
"2024-12-22 16:40:00.0000",4.59,77.96,,,
"2024-12-22 16:30:00.0000",4.55,78.85,,,
"2024-12-22 16:20:00.0000",4.58,75.48,,,
"2024-12-22 16:10:00.0000",4.57,75.01,,,
"2024-12-22 16:00:00.0000",4.71,78.24,,,
"2024-12-22 15:50:00.0000",4.53,80.57,,,
"2024-12-22 15:40:00.0000",4.7,80.01,,,
"2024-12-22 15:30:00.0000",4.69,80.34,,,
"2024-12-22 15:20:00.0000",4.68,80.95,,,
"2024-12-22 15:10:00.0000",4.58,83.26,,,
"2024-12-22 15:00:00.0000",4.32,90.98,,,
"2024-12-22 14:50:00.0000",4.01,92.5,,,
"2024-12-22 14:40:00.0000",3.65,92.32,,,
"2024-12-22 14:30:00.0000",3.94,93.12,,,
"2024-12-22 14:20:00.0000",4,92.3,,,
"2024-12-22 14:10:00.0000",4.31,93.18,,,
"2024-12-22 14:00:00.0000",4.07,96.2,,,
"2024-12-22 13:50:00.0000",3.58,98.04,,,
"2024-12-22 13:40:00.0000",3.16,100,,,
"2024-12-22 13:30:00.0000",3.08,100,,,
"2024-12-22 13:20:00.0000",3.16,100,,,
"2024-12-22 13:10:00.0000",3.3,99.95,,,
"2024-12-22 13:00:00.0000",2.91,99.86,,,
"2024-12-22 12:50:00.0000",2.66,99.98,,,
"2024-12-22 12:40:00.0000",2.81,100,,,
"2024-12-22 12:30:00.0000",3.14,99.86,,,
"2024-12-22 12:20:00.0000",3.12,100,,,
"2024-12-22 12:10:00.0000",3.18,100,,,
"2024-12-22 12:00:00.0000",3.04,100,,,
"2024-12-22 11:50:00.0000",2.59,100,,,
"2024-12-22 11:40:00.0000",2.37,100,,,
"2024-12-22 11:30:00.0000",2.02,100,,,
"2024-12-22 11:20:00.0000",2.12,100,,,
"2024-12-22 11:10:00.0000",2.41,100,,,
"2024-12-22 11:00:00.0000",2.6,99.02,,,
"2024-12-22 10:50:00.0000",3.08,92.65,,,
"2024-12-22 10:40:00.0000",2.99,92.28,,,
"2024-12-22 10:30:00.0000",2.82,90.99,,,
"2024-12-22 10:20:00.0000",2.61,91.52,,,
"2024-12-22 10:10:00.0000",2.42,91.1,,,
"2024-12-22 10:00:00.0000",1.74,95.59,,,
"2024-12-22 09:50:00.0000",1.71,97.38,,,
"2024-12-22 09:40:00.0000",2.39,91.95,,,
"2024-12-22 09:30:00.0000",2.25,92.63,,,
"2024-12-22 09:20:00.0000",2.12,91.9,,,
"2024-12-22 09:10:00.0000",1.98,94.48,,,
"2024-12-22 09:00:00.0000",1.8,95.19,,,
"2024-12-22 08:50:00.0000",1.56,95.9,,,
"2024-12-22 08:40:00.0000",1.77,95.32,,,
"2024-12-22 08:30:00.0000",1.59,93.43,,,
"2024-12-22 08:20:00.0000",1.49,95.98,,,
"2024-12-22 08:10:00.0000",1.41,98.02,,,
"2024-12-22 08:00:00.0000",1.23,100,,,
"2024-12-22 07:50:00.0000",0.7,100,,,
"2024-12-22 07:40:00.0000",0,100,,,
"2024-12-22 07:30:00.0000",0.38,100,,,
"2024-12-22 07:20:00.0000",2.09,92.62,,,
"2024-12-22 07:10:00.0000",2.06,93.79,,,
"2024-12-22 07:00:00.0000",2.15,93.11,,,
"2024-12-22 06:50:00.0000",1.94,92.79,,,
"2024-12-22 06:40:00.0000",1.68,98.81,,,
"2024-12-22 06:30:00.0000",1.1,100,,,
"2024-12-22 06:20:00.0000",2.2,94.19,,,
"2024-12-22 06:10:00.0000",2.33,91.78,,,
"2024-12-22 06:00:00.0000",2.09,92.72,,,
"2024-12-22 05:50:00.0000",1.89,94,,,
"2024-12-22 05:40:00.0000",1.53,98.27,,,
"2024-12-22 05:30:00.0000",1.82,95.83,,,
"2024-12-22 05:20:00.0000",2.24,90.62,,,
"2024-12-22 05:10:00.0000",2.23,91.67,,,
"2024-12-22 05:00:00.0000",2.16,93.67,,,
"2024-12-22 04:50:00.0000",2.06,92.41,,,
"2024-12-22 04:40:00.0000",1.87,94.69,,,
"2024-12-22 04:30:00.0000",1.19,100,,,
"2024-12-22 04:20:00.0000",0.73,100,,,
"2024-12-22 04:10:00.0000",0.69,100,,,
"2024-12-22 04:00:00.0000",1.19,97.19,,,
"2024-12-22 03:50:00.0000",2.17,91.74,,,
"2024-12-22 03:40:00.0000",2.71,85.2,,,
"2024-12-22 03:30:00.0000",2.79,85.72,,,
"2024-12-22 03:20:00.0000",2.78,84.99,,,
"2024-12-22 03:10:00.0000",2.75,85.92,,,
"2024-12-22 03:00:00.0000",2.66,87.31,,,
"2024-12-22 02:50:00.0000",2.72,86.69,,,
"2024-12-22 02:40:00.0000",2.77,86.22,,,
"2024-12-22 02:30:00.0000",2.69,86.93,,,
"2024-12-22 02:20:00.0000",2.72,89.06,,,
"2024-12-22 02:10:00.0000",2.75,90.13,,,
"2024-12-22 02:00:00.0000",2.76,92.78,,,
"2024-12-22 01:50:00.0000",2.5,93.86,,,
"2024-12-22 01:40:00.0000",2.57,97.55,,,
"2024-12-22 01:30:00.0000",2.62,95.49,,,
"2024-12-22 01:20:00.0000",2.33,98.49,,,
"2024-12-22 01:10:00.0000",2.35,100,,,
"2024-12-22 01:00:00.0000",2.51,99.43,,,
"2024-12-22 00:50:00.0000",2.26,100,,,
"2024-12-22 00:40:00.0000",1.78,100,,,
"2024-12-22 00:30:00.0000",2.51,100,,,
"2024-12-22 00:20:00.0000",3.4,93.18,,,
"2024-12-22 00:10:00.0000",3.34,95.41,,,
"2024-12-22 00:00:00.0000",3.37,95.87,,,
"2024-12-21 23:50:00.0000",3.25,97.41,,,
"2024-12-21 23:40:00.0000",3.7,94.49,,,
"2024-12-21 23:30:00.0000",3.49,95.39,,,
"2024-12-21 23:20:00.0000",3.64,94.51,,,
"2024-12-21 23:10:00.0000",3.73,93.71,,,
"2024-12-21 23:00:00.0000",3.76,93.93,,,
"2024-12-21 22:50:00.0000",3.62,95.39,,,
"2024-12-21 22:40:00.0000",3.47,97.28,,,
"2024-12-21 22:30:00.0000",3.58,95.18,,,
"2024-12-21 22:20:00.0000",3.53,95.35,,,
"2024-12-21 22:10:00.0000",3.59,95.08,,,
"2024-12-21 22:00:00.0000",3.49,96.77,,,
"2024-12-21 21:50:00.0000",3.8,94.31,,,
"2024-12-21 21:40:00.0000",4.28,89.08,,,
"2024-12-21 21:30:00.0000",4.3,90.39,,,
"2024-12-21 21:20:00.0000",4.32,92.58,,,
"2024-12-21 21:10:00.0000",4.07,95.47,,,
"2024-12-21 21:00:00.0000",4.17,94.43,,,
"2024-12-21 20:50:00.0000",4.15,94.92,,,
"2024-12-21 20:40:00.0000",4.1,94.39,,,
"2024-12-21 20:30:00.0000",3.98,96.61,,,
"2024-12-21 20:20:00.0000",3.71,99.96,,,
"2024-12-21 20:10:00.0000",3.56,100,,,
"2024-12-21 20:00:00.0000",2.8,100,,,
"2024-12-21 19:50:00.0000",2.65,100,,,
"2024-12-21 19:40:00.0000",2.65,100,,,
"2024-12-21 19:30:00.0000",3.09,100,,,
"2024-12-21 19:20:00.0000",3.94,98.26,,,
"2024-12-21 19:10:00.0000",4.67,97.69,,,
"2024-12-21 19:00:00.0000",5.04,94.27,,,
"2024-12-21 18:50:00.0000",5.04,89.58,,,
"2024-12-21 18:40:00.0000",5.46,88.76,,,
"2024-12-21 18:30:00.0000",5.33,89.41,,,
"2024-12-21 18:20:00.0000",5.36,90.35,,,
"2024-12-21 18:10:00.0000",5.37,92.46,,,
"2024-12-21 18:00:00.0000",5.47,90.74,,,
"2024-12-21 17:50:00.0000",5.53,89.91,,,
"2024-12-21 17:40:00.0000",5.48,90.83,,,
"2024-12-21 17:30:00.0000",5.66,89.6,,,
"2024-12-21 17:20:00.0000",5.67,90.01,,,
"2024-12-21 17:10:00.0000",5.51,91.51,,,
"2024-12-21 17:00:00.0000",5.54,90.91,,,
"2024-12-21 16:50:00.0000",5.65,89.81,,,
"2024-12-21 16:40:00.0000",5.58,90.36,,,
"2024-12-21 16:30:00.0000",5.28,92.91,,,
"2024-12-21 16:20:00.0000",5.5,91.11,,,
"2024-12-21 16:10:00.0000",5.68,89.28,,,
"2024-12-21 16:00:00.0000",5.69,90.99,,,
"2024-12-21 15:50:00.0000",5.65,94.05,,,
"2024-12-21 15:40:00.0000",5.74,94.14,,,
"2024-12-21 15:30:00.0000",6.1,90.4,,,
"2024-12-21 15:20:00.0000",6.32,89.73,,,
"2024-12-21 15:10:00.0000",6.54,88.18,,,
"2024-12-21 15:00:00.0000",6.54,88.22,,,
"2024-12-21 14:50:00.0000",6.54,89.47,,,
"2024-12-21 14:40:00.0000",6.62,90.46,,,
"2024-12-21 14:30:00.0000",6.63,90.57,,,
"2024-12-21 14:20:00.0000",6.72,89.66,,,
"2024-12-21 14:10:00.0000",6.59,91.54,,,
"2024-12-21 14:00:00.0000",6.62,93.24,,,
"2024-12-21 13:50:00.0000",6.67,93.58,,,
"2024-12-21 13:40:00.0000",6.75,96.54,,,
"2024-12-21 13:30:00.0000",6.81,96.84,,,
"2024-12-21 13:20:00.0000",6.69,98.41,,,
"2024-12-21 13:10:00.0000",6.6,98.79,,,
"2024-12-21 13:00:00.0000",6.45,100,,,
"2024-12-21 12:50:00.0000",7.13,97.15,,,
"2024-12-21 12:40:00.0000",7.36,94.65,,,
"2024-12-21 12:30:00.0000",7.29,93.52,,,
"2024-12-21 12:20:00.0000",7.42,94.82,,,
"2024-12-21 12:10:00.0000",7.43,97.58,,,
"2024-12-21 12:00:00.0000",7.53,99.66,,,
"2024-12-21 11:50:00.0000",7.38,100,,,
"2024-12-21 11:40:00.0000",7.52,100,,,
"2024-12-21 11:30:00.0000",7.48,100,,,
"2024-12-21 11:20:00.0000",7.07,100,,,
"2024-12-21 11:10:00.0000",6.94,100,,,
"2024-12-21 11:00:00.0000",7.25,100,,,
"2024-12-21 10:50:00.0000",7.51,100,,,
"2024-12-21 10:40:00.0000",7.55,100,,,
"2024-12-21 10:30:00.0000",7.96,100,,,
"2024-12-21 10:20:00.0000",8.19,100,,,
"2024-12-21 10:10:00.0000",8.19,100,,,
"2024-12-21 10:00:00.0000",8.19,100,,,
"2024-12-21 09:50:00.0000",8.01,100,,,
"2024-12-21 09:40:00.0000",7.99,100,,,
"2024-12-21 09:30:00.0000",8.01,100,,,
"2024-12-21 09:20:00.0000",8.39,99.68,,,
"2024-12-21 09:10:00.0000",8.35,99.03,,,
"2024-12-21 09:00:00.0000",8.01,100,,,
"2024-12-21 08:50:00.0000",7.73,100,,,
"2024-12-21 08:40:00.0000",7.48,100,,,
"2024-12-21 08:30:00.0000",7.43,100,,,
"2024-12-21 08:20:00.0000",7.15,100,,,
"2024-12-21 08:10:00.0000",7.17,100,,,
"2024-12-21 08:00:00.0000",7.06,100,,,
"2024-12-21 07:50:00.0000",6.94,100,,,
"2024-12-21 07:40:00.0000",6.86,100,,,
"2024-12-21 07:30:00.0000",6.66,100,,,
"2024-12-21 07:20:00.0000",6.35,100,,,
"2024-12-21 07:10:00.0000",5.86,100,,,
"2024-12-21 07:00:00.0000",5.82,100,,,
"2024-12-21 06:50:00.0000",5.58,100,,,
"2024-12-21 06:40:00.0000",5.37,100,,,
"2024-12-21 06:30:00.0000",5.37,100,,,
"2024-12-21 06:20:00.0000",5.29,100,,,
"2024-12-21 06:10:00.0000",5.25,100,,,
"2024-12-21 06:00:00.0000",4.99,100,,,
"2024-12-21 05:50:00.0000",5.11,100,,,
"2024-12-21 05:40:00.0000",5.18,100,,,
"2024-12-21 05:30:00.0000",5.11,100,,,
"2024-12-21 05:20:00.0000",5.04,100,,,
"2024-12-21 05:10:00.0000",4.92,100,,,
"2024-12-21 05:00:00.0000",4.78,100,,,
"2024-12-21 04:50:00.0000",4.58,100,,,
"2024-12-21 04:40:00.0000",4.78,100,,,
"2024-12-21 04:30:00.0000",4.75,100,,,
"2024-12-21 04:20:00.0000",4.67,100,,,
"2024-12-21 04:10:00.0000",4.71,100,,,
"2024-12-21 04:00:00.0000",4.68,100,,,
"2024-12-21 03:50:00.0000",4.7,100,,,
"2024-12-21 03:40:00.0000",4.48,100,,,
"2024-12-21 03:30:00.0000",4.56,99.97,,,
"2024-12-21 03:20:00.0000",4.41,100,,,
"2024-12-21 03:10:00.0000",4.17,100,,,
"2024-12-21 03:00:00.0000",4.03,100,,,
"2024-12-21 02:50:00.0000",3.97,100,,,
"2024-12-21 02:40:00.0000",4.06,99.77,,,
"2024-12-21 02:30:00.0000",4.19,99.34,,,
"2024-12-21 02:20:00.0000",4.71,97.86,,,
"2024-12-21 02:10:00.0000",5.05,98.31,,,
"2024-12-21 02:00:00.0000",5.23,98.64,,,
"2024-12-21 01:50:00.0000",5.29,99.01,,,
"2024-12-21 01:40:00.0000",5.19,99.96,,,
"2024-12-21 01:30:00.0000",5.13,100,,,
"2024-12-21 01:20:00.0000",4.86,100,,,
"2024-12-21 01:10:00.0000",5.02,100,,,
"2024-12-21 01:00:00.0000",5.09,100,,,
"2024-12-21 00:50:00.0000",5.07,100,,,
"2024-12-21 00:40:00.0000",5.04,100,,,
"2024-12-21 00:30:00.0000",5,100,,,
"2024-12-21 00:20:00.0000",4.95,100,,,
"2024-12-21 00:10:00.0000",4.72,100,,,
"2024-12-21 00:00:00.0000",4.92,100,,,
"2024-12-20 23:50:00.0000",4.92,100,,,
"2024-12-20 23:40:00.0000",4.79,100,,,
"2024-12-20 23:30:00.0000",4.8,100,,,
"2024-12-20 23:20:00.0000",4.79,100,,,
"2024-12-20 23:10:00.0000",4.9,100,,,
"2024-12-20 23:00:00.0000",4.72,100,,,
"2024-12-20 22:50:00.0000",4.92,100,,,
"2024-12-20 22:40:00.0000",4.98,100,,,
"2024-12-20 22:30:00.0000",5.07,100,,,
"2024-12-20 22:20:00.0000",5.14,100,,,
"2024-12-20 22:10:00.0000",5.07,100,,,
"2024-12-20 22:00:00.0000",5.03,100,,,
"2024-12-20 21:50:00.0000",4.8,100,,,
"2024-12-20 21:40:00.0000",4.83,100,,,
"2024-12-20 21:30:00.0000",4.85,100,,,
"2024-12-20 21:20:00.0000",4.91,100,,,
"2024-12-20 21:10:00.0000",4.99,100,,,
"2024-12-20 21:00:00.0000",4.96,100,,,
"2024-12-20 20:50:00.0000",5.01,100,,,
"2024-12-20 20:40:00.0000",4.8,100,,,
"2024-12-20 20:30:00.0000",5.04,100,,,
"2024-12-20 20:20:00.0000",5.27,100,,,
"2024-12-20 20:10:00.0000",5.37,100,,,
"2024-12-20 20:00:00.0000",5.47,100,,,
"2024-12-20 19:50:00.0000",5.55,100,,,
"2024-12-20 19:40:00.0000",5.61,100,,,
"2024-12-20 19:30:00.0000",5.29,100,,,
"2024-12-20 19:20:00.0000",5.27,100,,,
"2024-12-20 19:10:00.0000",5.15,100,,,
"2024-12-20 19:00:00.0000",5.16,100,,,
"2024-12-20 18:50:00.0000",5.33,100,,,
"2024-12-20 18:40:00.0000",5.41,100,,,
"2024-12-20 18:30:00.0000",5.47,100,,,
"2024-12-20 18:20:00.0000",5.37,100,,,
"2024-12-20 18:10:00.0000",5.61,100,,,
"2024-12-20 18:00:00.0000",5.71,100,,,
"2024-12-20 17:50:00.0000",5.79,100,,,
"2024-12-20 17:40:00.0000",5.93,100,,,
"2024-12-20 17:30:00.0000",5.98,100,,,
"2024-12-20 17:20:00.0000",6.02,100,,,
"2024-12-20 17:10:00.0000",5.81,100,,,
"2024-12-20 17:00:00.0000",5.99,100,,,
"2024-12-20 16:50:00.0000",6.13,100,,,
"2024-12-20 16:40:00.0000",6.14,100,,,
"2024-12-20 16:30:00.0000",6.15,100,,,
"2024-12-20 16:20:00.0000",6.13,100,,,
"2024-12-20 16:10:00.0000",6.17,100,,,
"2024-12-20 16:00:00.0000",5.93,100,,,
"2024-12-20 15:50:00.0000",6.04,100,,,
"2024-12-20 15:40:00.0000",6,100,,,
"2024-12-20 15:30:00.0000",6.11,100,,,
"2024-12-20 15:20:00.0000",6.28,100,,,
"2024-12-20 15:10:00.0000",6.21,100,,,
"2024-12-20 15:00:00.0000",6.07,100,,,
"2024-12-20 14:50:00.0000",5.68,100,,,
"2024-12-20 14:40:00.0000",5.62,100,,,
"2024-12-20 14:30:00.0000",5.37,100,,,
"2024-12-20 14:20:00.0000",5.37,100,,,
"2024-12-20 14:10:00.0000",5.53,100,,,
"2024-12-20 14:00:00.0000",5.73,100,,,
"2024-12-20 13:50:00.0000",5.94,100,,,
"2024-12-20 13:40:00.0000",5.81,100,,,
"2024-12-20 13:30:00.0000",6.03,100,,,
"2024-12-20 13:20:00.0000",6.15,100,,,
"2024-12-20 13:10:00.0000",6.16,100,,,
"2024-12-20 13:00:00.0000",6.09,100,,,
"2024-12-20 12:50:00.0000",6.11,100,,,
"2024-12-20 12:40:00.0000",6.08,100,,,
"2024-12-20 12:30:00.0000",5.92,100,,,
"2024-12-20 12:20:00.0000",6.04,100,,,
"2024-12-20 12:10:00.0000",6.09,99.77,,,
"2024-12-20 12:00:00.0000",6.04,99.54,,,
"2024-12-20 11:50:00.0000",6.23,98.39,,,
"2024-12-20 11:40:00.0000",6.1,98.22,,,
"2024-12-20 11:30:00.0000",6.01,98.53,,,
"2024-12-20 11:20:00.0000",5.8,99.65,,,
"2024-12-20 11:10:00.0000",6.05,98.28,,,
"2024-12-20 11:00:00.0000",6.12,98.38,,,
"2024-12-20 10:50:00.0000",5.58,99.9,,,
"2024-12-20 10:40:00.0000",5.19,100,,,
"2024-12-20 10:30:00.0000",4.98,100,,,
"2024-12-20 10:20:00.0000",4.82,100,,,
"2024-12-20 10:10:00.0000",4.49,100,,,
"2024-12-20 10:00:00.0000",4.48,100,,,
"2024-12-20 09:50:00.0000",4.37,100,,,
"2024-12-20 09:40:00.0000",4.26,100,,,
"2024-12-20 09:30:00.0000",4.16,100,,,
"2024-12-20 09:20:00.0000",4.04,100,,,
"2024-12-20 09:10:00.0000",3.94,100,,,
"2024-12-20 09:00:00.0000",3.73,100,,,
"2024-12-20 08:50:00.0000",3.88,100,,,
"2024-12-20 08:40:00.0000",3.83,100,,,
"2024-12-20 08:30:00.0000",3.62,100,,,
"2024-12-20 08:20:00.0000",3.51,100,,,
"2024-12-20 08:10:00.0000",3.42,100,,,
"2024-12-20 08:00:00.0000",3.37,100,,,
"2024-12-20 07:50:00.0000",3.06,100,,,
"2024-12-20 07:40:00.0000",3.2,100,,,
"2024-12-20 07:30:00.0000",3.07,100,,,
"2024-12-20 07:20:00.0000",2.86,100,,,
"2024-12-20 07:10:00.0000",2.72,100,,,
"2024-12-20 07:00:00.0000",2.45,100,,,
"2024-12-20 06:50:00.0000",2.3,100,,,
"2024-12-20 06:40:00.0000",2.11,100,,,
"2024-12-20 06:30:00.0000",2.3,100,,,
"2024-12-20 06:20:00.0000",2.38,99.99,,,
"2024-12-20 06:10:00.0000",2.35,99.97,,,
"2024-12-20 06:00:00.0000",2.36,99.94,,,
"2024-12-20 05:50:00.0000",2.27,100,,,
"2024-12-20 05:40:00.0000",2.32,99.95,,,
"2024-12-20 05:30:00.0000",2.34,99.99,,,
"2024-12-20 05:20:00.0000",2.57,99.03,,,
"2024-12-20 05:10:00.0000",2.55,99.06,,,
"2024-12-20 05:00:00.0000",2.44,99.22,,,
"2024-12-20 04:50:00.0000",2.48,98.66,,,
"2024-12-20 04:40:00.0000",2.59,98.82,,,
"2024-12-20 04:30:00.0000",2.65,99.26,,,
"2024-12-20 04:20:00.0000",2.56,100,,,
"2024-12-20 04:10:00.0000",2.88,100,,,
"2024-12-20 04:00:00.0000",3,99.92,,,
"2024-12-20 03:50:00.0000",3.13,100,,,
"2024-12-20 03:40:00.0000",3.24,100,,,
"2024-12-20 03:30:00.0000",3.19,100,,,
"2024-12-20 03:20:00.0000",3.27,100,,,
"2024-12-20 03:10:00.0000",3.15,100,,,
"2024-12-20 03:00:00.0000",3.45,99.99,,,
"2024-12-20 02:50:00.0000",3.54,99.85,,,
"2024-12-20 02:40:00.0000",3.55,100,,,
"2024-12-20 02:30:00.0000",3.67,99.92,,,
"2024-12-20 02:20:00.0000",3.66,100,,,
"2024-12-20 02:10:00.0000",3.64,100,,,
"2024-12-20 02:00:00.0000",3.46,100,,,
"2024-12-20 01:50:00.0000",3.67,96.31,,,
"2024-12-20 01:40:00.0000",3.62,96.13,,,
"2024-12-20 01:30:00.0000",3.52,96.9,,,
"2024-12-20 01:20:00.0000",3.55,97.09,,,
"2024-12-20 01:10:00.0000",3.47,97.09,,,
"2024-12-20 01:00:00.0000",3.39,97.59,,,
"2024-12-20 00:50:00.0000",3.17,97.56,,,
"2024-12-20 00:40:00.0000",3.34,95.81,,,
"2024-12-20 00:30:00.0000",3.23,97.96,,,
"2024-12-20 00:20:00.0000",3.03,98.95,,,
"2024-12-20 00:10:00.0000",3.06,99.94,,,
"2024-12-20 00:00:00.0000",3.01,99.28,,,
"2024-12-19 23:50:00.0000",2.82,99.54,,,
"2024-12-19 23:40:00.0000",2.48,100,,,
"2024-12-19 23:30:00.0000",2.43,100,,,
"2024-12-19 23:20:00.0000",2.16,100,,,
"2024-12-19 23:10:00.0000",2,100,,,
"2024-12-19 23:00:00.0000",2.07,100,,,
"2024-12-19 22:50:00.0000",2.19,100,,,
"2024-12-19 22:40:00.0000",2.29,100,,,
"2024-12-19 22:30:00.0000",2.23,100,,,
"2024-12-19 22:20:00.0000",2.53,99.32,,,
"2024-12-19 22:10:00.0000",2.78,97.85,,,
"2024-12-19 22:00:00.0000",3.01,98.37,,,
"2024-12-19 21:50:00.0000",3.25,96.85,,,
"2024-12-19 21:40:00.0000",3.13,96.44,,,
"2024-12-19 21:30:00.0000",3.15,95.26,,,
"2024-12-19 21:20:00.0000",2.95,95.47,,,
"2024-12-19 21:10:00.0000",3.26,92.83,,,
"2024-12-19 21:00:00.0000",3.37,93.71,,,
"2024-12-19 20:50:00.0000",3.31,94.64,,,
"2024-12-19 20:40:00.0000",3.42,97.3,,,
"2024-12-19 20:30:00.0000",3.42,96.04,,,
"2024-12-19 20:20:00.0000",3.46,95.01,,,
"2024-12-19 20:10:00.0000",3.16,96.3,,,
"2024-12-19 20:00:00.0000",3.12,96.19,,,
"2024-12-19 19:50:00.0000",3.11,96.36,,,
"2024-12-19 19:40:00.0000",3.11,95.47,,,
"2024-12-19 19:30:00.0000",3.18,94.46,,,
"2024-12-19 19:20:00.0000",3.16,94.73,,,
"2024-12-19 19:10:00.0000",3.18,95.51,,,
"2024-12-19 19:00:00.0000",3.1,94.89,,,
"2024-12-19 18:50:00.0000",3.4,93.23,,,
"2024-12-19 18:40:00.0000",3.55,94.09,,,
"2024-12-19 18:30:00.0000",3.55,94.07,,,
"2024-12-19 18:20:00.0000",3.45,92.57,,,
"2024-12-19 18:10:00.0000",3.42,90.56,,,
"2024-12-19 18:00:00.0000",3.43,91.56,,,
"2024-12-19 17:50:00.0000",3.25,92.42,,,
"2024-12-19 17:40:00.0000",3.49,88.91,,,
"2024-12-19 17:30:00.0000",3.62,87.3,,,
"2024-12-19 17:20:00.0000",3.62,87.85,,,
"2024-12-19 17:10:00.0000",3.79,87.45,,,
"2024-12-19 17:00:00.0000",3.81,88.01,,,
"2024-12-19 16:50:00.0000",3.94,86.29,,,
"2024-12-19 16:40:00.0000",3.78,87.18,,,
"2024-12-19 16:30:00.0000",3.99,86.54,,,
"2024-12-19 16:20:00.0000",4.09,86.86,,,
"2024-12-19 16:10:00.0000",4.11,86.59,,,
"2024-12-19 16:00:00.0000",4.18,86.88,,,
"2024-12-19 15:50:00.0000",4.15,89.01,,,
"2024-12-19 15:40:00.0000",4.08,89.18,,,
"2024-12-19 15:30:00.0000",3.81,90.3,,,
"2024-12-19 15:20:00.0000",3.94,89.33,,,
"2024-12-19 15:10:00.0000",4.13,87.55,,,
"2024-12-19 15:00:00.0000",4.14,88.68,,,
"2024-12-19 14:50:00.0000",4.18,88.7,,,
"2024-12-19 14:40:00.0000",4.29,88.92,,,
"2024-12-19 14:30:00.0000",4.39,87.35,,,
"2024-12-19 14:20:00.0000",4.24,87.89,,,
"2024-12-19 14:10:00.0000",4.48,85.97,,,
"2024-12-19 14:00:00.0000",4.53,87.48,,,
"2024-12-19 13:50:00.0000",4.6,87.1,,,
"2024-12-19 13:40:00.0000",4.45,88.67,,,
"2024-12-19 13:30:00.0000",4.36,88.03,,,
"2024-12-19 13:20:00.0000",4.43,89.03,,,
"2024-12-19 13:10:00.0000",4.41,92.83,,,
"2024-12-19 13:00:00.0000",4.79,90.6,,,
"2024-12-19 12:50:00.0000",5.12,86.61,,,
"2024-12-19 12:40:00.0000",5.84,80.44,,,
"2024-12-19 12:30:00.0000",5.76,84.12,,,
"2024-12-19 12:20:00.0000",5.56,90.42,,,
"2024-12-19 12:10:00.0000",4.58,94.26,,,
"2024-12-19 12:00:00.0000",4.56,91.43,,,
"2024-12-19 11:50:00.0000",4.92,91.46,,,
"2024-12-19 11:40:00.0000",3.9,94.09,,,
"2024-12-19 11:30:00.0000",4.18,89.92,,,
"2024-12-19 11:20:00.0000",3.81,95.48,,,
"2024-12-19 11:10:00.0000",3.02,99.41,,,
"2024-12-19 11:00:00.0000",3.23,97.36,,,
"2024-12-19 10:50:00.0000",3.3,95.15,,,
"2024-12-19 10:40:00.0000",3.92,93.56,,,
"2024-12-19 10:30:00.0000",4.11,95.75,,,
"2024-12-19 10:20:00.0000",3.58,98.59,,,
"2024-12-19 10:10:00.0000",2.63,100,,,
"2024-12-19 10:00:00.0000",1.82,100,,,
"2024-12-19 09:50:00.0000",1.5,100,,,
"2024-12-19 09:40:00.0000",1.25,100,,,
"2024-12-19 09:30:00.0000",1.39,100,,,
"2024-12-19 09:20:00.0000",1.22,100,,,
"2024-12-19 09:10:00.0000",0.92,100,,,
"2024-12-19 09:00:00.0000",0.89,100,,,
"2024-12-19 08:50:00.0000",0.93,100,,,
"2024-12-19 08:40:00.0000",1.32,100,,,
"2024-12-19 08:30:00.0000",1.6,100,,,
"2024-12-19 08:20:00.0000",1.97,100,,,
"2024-12-19 08:10:00.0000",2.33,100,,,
"2024-12-19 08:00:00.0000",2.44,100,,,
"2024-12-19 07:50:00.0000",2.49,100,,,
"2024-12-19 07:40:00.0000",2.53,98.2,,,
"2024-12-19 07:30:00.0000",2.44,99.7,,,
"2024-12-19 07:20:00.0000",2.14,100,,,
"2024-12-19 07:10:00.0000",2.25,100,,,
"2024-12-19 07:00:00.0000",2.07,100,,,
"2024-12-19 06:50:00.0000",1.69,100,,,
"2024-12-19 06:40:00.0000",1.54,100,,,
"2024-12-19 06:30:00.0000",1.45,100,,,
"2024-12-19 06:20:00.0000",1.53,100,,,
"2024-12-19 06:10:00.0000",1.54,100,,,
"2024-12-19 06:00:00.0000",1.82,100,,,
"2024-12-19 05:50:00.0000",1.75,100,,,
"2024-12-19 05:40:00.0000",1.74,100,,,
"2024-12-19 05:30:00.0000",1.58,100,,,
"2024-12-19 05:20:00.0000",1.34,100,,,
"2024-12-19 05:10:00.0000",1.33,100,,,
"2024-12-19 05:00:00.0000",1.09,100,,,
"2024-12-19 04:50:00.0000",1.36,100,,,
"2024-12-19 04:40:00.0000",1.66,100,,,
"2024-12-19 04:30:00.0000",2.48,100,,,
"2024-12-19 04:20:00.0000",2.49,100,,,
"2024-12-19 04:10:00.0000",2.38,100,,,
"2024-12-19 04:00:00.0000",2.21,100,,,
"2024-12-19 03:50:00.0000",1.74,100,,,
"2024-12-19 03:40:00.0000",1.8,100,,,
"2024-12-19 03:30:00.0000",1.74,100,,,
"2024-12-19 03:20:00.0000",1.66,100,,,
"2024-12-19 03:10:00.0000",1.78,100,,,
"2024-12-19 03:00:00.0000",1.84,100,,,
"2024-12-19 02:50:00.0000",1.99,100,,,
"2024-12-19 02:40:00.0000",2.21,100,,,
"2024-12-19 02:30:00.0000",3,100,,,
"2024-12-19 02:20:00.0000",3.18,100,,,
"2024-12-19 02:10:00.0000",3.16,100,,,
"2024-12-19 02:00:00.0000",3.32,100,,,
"2024-12-19 01:50:00.0000",3.12,100,,,
"2024-12-19 01:40:00.0000",2.94,100,,,
"2024-12-19 01:30:00.0000",2.57,100,,,
"2024-12-19 01:20:00.0000",2.7,100,,,
"2024-12-19 01:10:00.0000",2.74,100,,,
"2024-12-19 01:00:00.0000",2.63,100,,,
"2024-12-19 00:50:00.0000",2.69,100,,,
"2024-12-19 00:40:00.0000",2.72,100,,,
"2024-12-19 00:30:00.0000",2.7,100,,,
"2024-12-19 00:20:00.0000",2.59,100,,,
"2024-12-19 00:10:00.0000",2.85,100,,,
"2024-12-19 00:00:00.0000",3,100,,,
"2024-12-18 23:50:00.0000",3.02,100,,,
"2024-12-18 23:40:00.0000",3.22,100,,,
"2024-12-18 23:30:00.0000",3.31,100,,,
"2024-12-18 23:20:00.0000",3.45,100,,,
"2024-12-18 23:10:00.0000",3.43,100,,,
"2024-12-18 23:00:00.0000",3.76,100,,,
"2024-12-18 22:50:00.0000",3.96,100,,,
"2024-12-18 22:40:00.0000",4.21,100,,,
"2024-12-18 22:30:00.0000",4.19,100,,,
"2024-12-18 22:20:00.0000",4.12,100,,,
"2024-12-18 22:10:00.0000",4.07,100,,,
"2024-12-18 22:00:00.0000",3.91,100,,,
"2024-12-18 21:50:00.0000",4.05,100,,,
"2024-12-18 21:40:00.0000",4.15,100,,,
"2024-12-18 21:30:00.0000",4.1,100,,,
"2024-12-18 21:20:00.0000",4.21,100,,,
"2024-12-18 21:10:00.0000",4.28,100,,,
"2024-12-18 21:00:00.0000",4.38,100,,,
"2024-12-18 20:50:00.0000",4.27,100,,,
"2024-12-18 20:40:00.0000",4.55,100,,,
"2024-12-18 20:30:00.0000",4.64,100,,,
"2024-12-18 20:20:00.0000",4.71,100,,,
"2024-12-18 20:10:00.0000",4.91,100,,,
"2024-12-18 20:00:00.0000",4.99,100,,,
"2024-12-18 19:50:00.0000",5.15,100,,,
"2024-12-18 19:40:00.0000",5.08,100,,,
"2024-12-18 19:30:00.0000",5.37,100,,,
"2024-12-18 19:20:00.0000",5.54,100,,,
"2024-12-18 19:10:00.0000",5.64,100,,,
"2024-12-18 19:00:00.0000",5.91,100,,,
"2024-12-18 18:50:00.0000",6.14,100,,,
"2024-12-18 18:40:00.0000",6.18,100,,,
"2024-12-18 18:30:00.0000",6.03,100,,,
"2024-12-18 18:20:00.0000",6.3,100,,,
"2024-12-18 18:10:00.0000",6.42,100,,,
"2024-12-18 18:00:00.0000",6.41,100,,,
"2024-12-18 17:50:00.0000",6.55,100,,,
"2024-12-18 17:40:00.0000",6.68,100,,,
"2024-12-18 17:30:00.0000",6.67,100,,,
"2024-12-18 17:20:00.0000",6.47,100,,,
"2024-12-18 17:10:00.0000",6.71,100,,,
"2024-12-18 17:00:00.0000",6.8,100,,,
"2024-12-18 16:50:00.0000",6.79,100,,,
"2024-12-18 16:40:00.0000",6.8,100,,,
"2024-12-18 16:30:00.0000",6.76,100,,,
"2024-12-18 16:20:00.0000",6.85,100,,,
"2024-12-18 16:10:00.0000",6.75,100,,,
"2024-12-18 16:00:00.0000",7.1,100,,,
"2024-12-18 15:50:00.0000",7.4,100,,,
"2024-12-18 15:40:00.0000",7.47,100,,,
"2024-12-18 15:30:00.0000",7.65,99.58,,,
"2024-12-18 15:20:00.0000",7.7,98.87,,,
"2024-12-18 15:10:00.0000",7.74,98.1,,,
"2024-12-18 15:00:00.0000",7.49,98.33,,,
"2024-12-18 14:50:00.0000",7.6,97.76,,,
"2024-12-18 14:40:00.0000",7.45,98.11,,,
"2024-12-18 14:30:00.0000",7.26,99.48,,,
"2024-12-18 14:20:00.0000",7.08,100,,,
"2024-12-18 14:10:00.0000",7.06,100,,,
"2024-12-18 14:00:00.0000",7.33,99.95,,,
"2024-12-18 13:50:00.0000",7.33,100,,,
"2024-12-18 13:40:00.0000",8.01,95.61,,,
"2024-12-18 13:30:00.0000",8.15,93.51,,,
"2024-12-18 13:20:00.0000",8.25,93.67,,,
"2024-12-18 13:10:00.0000",8.41,93.77,,,
"2024-12-18 13:00:00.0000",8.4,93.53,,,
"2024-12-18 12:50:00.0000",8.44,93.41,,,
"2024-12-18 12:40:00.0000",8.39,94.11,,,
"2024-12-18 12:30:00.0000",8.73,93.59,,,
"2024-12-18 12:20:00.0000",8.72,93.05,,,
"2024-12-18 12:10:00.0000",9.42,87.87,,,
"2024-12-18 12:00:00.0000",10.83,81.55,,,
"2024-12-18 11:50:00.0000",12.98,84.18,,,
"2024-12-18 11:40:00.0000",12.7,84.17,,,
"2024-12-18 11:30:00.0000",12.35,82.85,,,
"2024-12-18 11:20:00.0000",12.69,81.37,,,
"2024-12-18 11:10:00.0000",12.72,84.57,,,
"2024-12-18 11:00:00.0000",12.75,83.87,,,
"2024-12-18 10:50:00.0000",12.96,81.4,,,
"2024-12-18 10:40:00.0000",13.09,78.6,,,
"2024-12-18 10:30:00.0000",13.34,78.49,,,
"2024-12-18 10:20:00.0000",13.37,84.67,,,
"2024-12-18 10:10:00.0000",13.66,80.16,,,
"2024-12-18 10:00:00.0000",13.99,73.53,,,
"2024-12-18 09:50:00.0000",13.98,71.95,,,
"2024-12-18 09:40:00.0000",13.96,72.15,,,
"2024-12-18 09:30:00.0000",13.89,71.43,,,
"2024-12-18 09:20:00.0000",13.87,71.16,,,
"2024-12-18 09:10:00.0000",13.68,71.91,,,
"2024-12-18 09:00:00.0000",13.92,70.73,,,
"2024-12-18 08:50:00.0000",13.92,70.47,,,
"2024-12-18 08:40:00.0000",13.9,70.38,,,
"2024-12-18 08:30:00.0000",13.95,70.23,,,
"2024-12-18 08:20:00.0000",13.92,70.14,,,
"2024-12-18 08:10:00.0000",13.93,70.08,,,
"2024-12-18 08:00:00.0000",13.73,70.73,,,
"2024-12-18 07:50:00.0000",13.96,69.57,,,
"2024-12-18 07:40:00.0000",14,69.48,,,
"2024-12-18 07:30:00.0000",13.96,69.25,,,
"2024-12-18 07:20:00.0000",14.02,69.03,,,
"2024-12-18 07:10:00.0000",13.97,69.05,,,
"2024-12-18 07:00:00.0000",13.98,69.05,,,
"2024-12-18 06:50:00.0000",13.77,69.84,,,
"2024-12-18 06:40:00.0000",14,68.84,,,
"2024-12-18 06:30:00.0000",14.06,68.7,,,
"2024-12-18 06:20:00.0000",14.01,68.8,,,
"2024-12-18 06:10:00.0000",14.05,68.67,,,
"2024-12-18 06:00:00.0000",14.03,68.65,,,
"2024-12-18 05:50:00.0000",14.02,68.65,,,
"2024-12-18 05:40:00.0000",13.81,69.41,,,
"2024-12-18 05:30:00.0000",14.04,68.47,,,
"2024-12-18 05:20:00.0000",14.08,68.3,,,
"2024-12-18 05:10:00.0000",14.07,68.3,,,
"2024-12-18 05:00:00.0000",14.11,68.22,,,
"2024-12-18 04:50:00.0000",14.12,68.13,,,
"2024-12-18 04:40:00.0000",14.15,68.2,,,
"2024-12-18 04:30:00.0000",13.89,69.09,,,
"2024-12-18 04:20:00.0000",14.11,68.14,,,
"2024-12-18 04:10:00.0000",14.16,68.03,,,
"2024-12-18 04:00:00.0000",14.12,67.99,,,
"2024-12-18 03:50:00.0000",14.17,68,,,
"2024-12-18 03:40:00.0000",14.14,68.14,,,
"2024-12-18 03:30:00.0000",14.13,68.28,,,
"2024-12-18 03:20:00.0000",13.93,69.06,,,
"2024-12-18 03:10:00.0000",14.15,68.09,,,
"2024-12-18 03:00:00.0000",14.19,67.93,,,
"2024-12-18 02:50:00.0000",14.16,68.01,,,
"2024-12-18 02:40:00.0000",14.21,67.93,,,
"2024-12-18 02:30:00.0000",14.2,67.9,,,
"2024-12-18 02:20:00.0000",14.2,67.9,,,
"2024-12-18 02:10:00.0000",13.99,68.61,,,
"2024-12-18 02:00:00.0000",14.23,67.63,,,
"2024-12-18 01:50:00.0000",14.29,67.37,,,
"2024-12-18 01:40:00.0000",14.27,67.35,,,
"2024-12-18 01:30:00.0000",14.32,67.25,,,
"2024-12-18 01:20:00.0000",14.3,67.13,,,
"2024-12-18 01:10:00.0000",14.31,67.16,,,
"2024-12-18 01:00:00.0000",14.12,67.77,,,
"2024-12-18 00:50:00.0000",14.37,66.74,,,
"2024-12-18 00:40:00.0000",14.45,66.44,,,
"2024-12-18 00:30:00.0000",14.46,66.29,,,
"2024-12-18 00:20:00.0000",14.57,65.98,,,
"2024-12-18 00:10:00.0000",14.55,65.96,,,
"2024-12-18 00:00:00.0000",14.55,65.97,,,
"2024-12-17 23:50:00.0000",14.38,66.58,,,
"2024-12-17 23:40:00.0000",14.62,65.61,,,
"2024-12-17 23:30:00.0000",14.71,65.33,,,
"2024-12-17 23:20:00.0000",14.71,65.23,,,
"2024-12-17 23:10:00.0000",14.78,65.01,,,
"2024-12-17 23:00:00.0000",14.8,64.84,,,
"2024-12-17 22:50:00.0000",14.83,64.8,,,
"2024-12-17 22:40:00.0000",14.65,65.46,,,
"2024-12-17 22:30:00.0000",14.91,64.41,,,
"2024-12-17 22:20:00.0000",15.01,64.12,,,
"2024-12-17 22:10:00.0000",15.03,64.03,,,
"2024-12-17 22:00:00.0000",15.13,63.82,,,
"2024-12-17 21:50:00.0000",15.16,63.71,,,
"2024-12-17 21:40:00.0000",15.21,63.61,,,
"2024-12-17 21:30:00.0000",15.07,64.06,,,
"2024-12-17 21:20:00.0000",15.38,62.94,,,
"2024-12-17 21:10:00.0000",15.5,62.58,,,
"2024-12-17 21:00:00.0000",15.56,62.38,,,
"2024-12-17 20:50:00.0000",15.7,62.04,,,
"2024-12-17 20:40:00.0000",15.8,61.85,,,
"2024-12-17 20:30:00.0000",15.92,61.6,,,
"2024-12-17 20:20:00.0000",15.85,61.89,,,
"2024-12-17 20:10:00.0000",16.25,60.65,,,
"2024-12-17 20:00:00.0000",16.49,60.09,,,
"2024-12-17 19:50:00.0000",16.63,59.83,,,
"2024-12-17 19:40:00.0000",16.85,59.38,,,
"2024-12-17 19:30:00.0000",17.04,58.92,,,
"2024-12-17 19:20:00.0000",17.26,58.4,,,
"2024-12-17 19:10:00.0000",17.32,58.59,,,
"2024-12-17 19:00:00.0000",17.79,57.23,,,
"2024-12-17 18:50:00.0000",18.12,56.86,,,
"2024-12-17 18:40:00.0000",18.32,57.17,,,
"2024-12-17 18:30:00.0000",18.46,57.58,,,
"2024-12-17 18:20:00.0000",18.43,57.76,,,
"2024-12-17 18:10:00.0000",18.39,57.82,,,
"2024-12-17 18:00:00.0000",18.15,58.38,,,
"2024-12-17 17:50:00.0000",18.38,57.87,,,
"2024-12-17 17:40:00.0000",18.43,57.83,,,
"2024-12-17 17:30:00.0000",18.41,57.88,,,
"2024-12-17 17:20:00.0000",18.46,58.06,,,
"2024-12-17 17:10:00.0000",18.46,58.28,,,
"2024-12-17 17:00:00.0000",18.46,58.44,,,
"2024-12-17 16:50:00.0000",18.3,58.92,,,
"2024-12-17 16:40:00.0000",18.55,58.34,,,
"2024-12-17 16:30:00.0000",18.4,58.87,,,
"2024-12-17 16:20:00.0000",18.49,58.63,,,
"2024-12-17 16:10:00.0000",18.55,58.63,,,
"2024-12-17 16:00:00.0000",18.58,58.26,,,
"2024-12-17 15:50:00.0000",18.63,58.5,,,
"2024-12-17 15:40:00.0000",18.55,58.77,,,
"2024-12-17 15:30:00.0000",18.55,58.78,,,
"2024-12-17 15:20:00.0000",18.47,59.34,,,
"2024-12-17 15:10:00.0000",18.39,59.21,,,
"2024-12-17 15:00:00.0000",18.32,59.74,,,
"2024-12-17 14:50:00.0000",18.05,60.14,,,
"2024-12-17 14:40:00.0000",17.93,60.53,,,
"2024-12-17 14:30:00.0000",17.62,61.44,,,
"2024-12-17 14:20:00.0000",17.73,60.85,,,
"2024-12-17 14:10:00.0000",17.68,61.04,,,
"2024-12-17 14:00:00.0000",17.52,61.33,,,
"2024-12-17 13:50:00.0000",17.44,61.56,,,
"2024-12-17 13:40:00.0000",17.27,61.99,,,
"2024-12-17 13:30:00.0000",17.11,62.33,,,
"2024-12-17 13:20:00.0000",16.76,63.52,,,
"2024-12-17 13:10:00.0000",16.83,63.08,,,
"2024-12-17 13:00:00.0000",16.69,63.46,,,
"2024-12-17 12:50:00.0000",16.46,64.08,,,
"2024-12-17 12:40:00.0000",16.26,64.68,,,
"2024-12-17 12:30:00.0000",15.99,65.37,,,
"2024-12-17 12:20:00.0000",15.69,66.26,,,
"2024-12-17 12:10:00.0000",15.16,67.72,,,
"2024-12-17 12:00:00.0000",14.99,68.06,,,
"2024-12-17 11:50:00.0000",14.64,68.01,,,
"2024-12-17 11:40:00.0000",14.25,68.47,,,
"2024-12-17 11:30:00.0000",14.02,68.79,,,
"2024-12-17 11:20:00.0000",13.87,68.48,,,
"2024-12-17 11:10:00.0000",13.84,68.43,,,
"2024-12-17 11:00:00.0000",13.6,69.31,,,
"2024-12-17 10:50:00.0000",13.8,68.45,,,
"2024-12-17 10:40:00.0000",13.82,68.24,,,
"2024-12-17 10:30:00.0000",13.76,68.12,,,
"2024-12-17 10:20:00.0000",13.77,67.84,,,
"2024-12-17 10:10:00.0000",13.75,67.9,,,
"2024-12-17 10:00:00.0000",13.73,68.02,,,
"2024-12-17 09:50:00.0000",13.53,68.77,,,
"2024-12-17 09:40:00.0000",13.73,67.83,,,
"2024-12-17 09:30:00.0000",13.78,67.59,,,
"2024-12-17 09:20:00.0000",13.78,67.46,,,
"2024-12-17 09:10:00.0000",13.83,67.13,,,
"2024-12-17 09:00:00.0000",13.81,66.54,,,
"2024-12-17 08:50:00.0000",13.8,66.52,,,
"2024-12-17 08:40:00.0000",13.6,67.3,,,
"2024-12-17 08:30:00.0000",13.83,66.36,,,
"2024-12-17 08:20:00.0000",13.91,66.24,,,
"2024-12-17 08:10:00.0000",13.89,66.33,,,
"2024-12-17 08:00:00.0000",13.96,66.26,,,
"2024-12-17 07:50:00.0000",13.94,66.34,,,
"2024-12-17 07:40:00.0000",13.94,66.43,,,
"2024-12-17 07:30:00.0000",13.76,67.15,,,
"2024-12-17 07:20:00.0000",14.01,66.18,,,
"2024-12-17 07:10:00.0000",14.09,66.02,,,
"2024-12-17 07:00:00.0000",14.12,65.96,,,
"2024-12-17 06:50:00.0000",14.16,65.94,,,
"2024-12-17 06:40:00.0000",14.15,65.94,,,
"2024-12-17 06:30:00.0000",14.15,66.08,,,
"2024-12-17 06:20:00.0000",13.97,66.81,,,
"2024-12-17 06:10:00.0000",14.22,65.88,,,
"2024-12-17 06:00:00.0000",14.29,65.81,,,
"2024-12-17 05:50:00.0000",14.29,65.86,,,
"2024-12-17 05:40:00.0000",14.37,65.77,,,
"2024-12-17 05:30:00.0000",14.38,65.79,,,
"2024-12-17 05:20:00.0000",14.41,65.9,,,
"2024-12-17 05:10:00.0000",14.24,66.65,,,
"2024-12-17 05:00:00.0000",14.49,65.71,,,
"2024-12-17 04:50:00.0000",14.58,65.47,,,
"2024-12-17 04:40:00.0000",14.58,65.59,,,
"2024-12-17 04:30:00.0000",14.66,65.46,,,
"2024-12-17 04:20:00.0000",14.67,65.4,,,
"2024-12-17 04:10:00.0000",14.71,65.57,,,
"2024-12-17 04:00:00.0000",14.55,66.31,,,
"2024-12-17 03:50:00.0000",14.81,65.47,,,
"2024-12-17 03:40:00.0000",14.9,65.22,,,
"2024-12-17 03:30:00.0000",14.92,65.13,,,
"2024-12-17 03:20:00.0000",15.01,65,,,
"2024-12-17 03:10:00.0000",15.06,64.95,,,
"2024-12-17 03:00:00.0000",15.1,64.93,,,
"2024-12-17 02:50:00.0000",14.97,65.42,,,
"2024-12-17 02:40:00.0000",15.28,64.39,,,
"2024-12-17 02:30:00.0000",15.42,64.11,,,
"2024-12-17 02:20:00.0000",15.43,64.03,,,
"2024-12-17 02:10:00.0000",15.57,63.87,,,
"2024-12-17 02:00:00.0000",15.64,63.72,,,
"2024-12-17 01:50:00.0000",15.73,63.66,,,
"2024-12-17 01:40:00.0000",15.62,64.19,,,
"2024-12-17 01:30:00.0000",15.92,63.14,,,
"2024-12-17 01:20:00.0000",16.09,62.73,,,
"2024-12-17 01:10:00.0000",16.18,62.51,,,
"2024-12-17 01:00:00.0000",16.35,62.16,,,
"2024-12-17 00:50:00.0000",16.46,61.77,,,
"2024-12-17 00:40:00.0000",16.59,61.46,,,
"2024-12-17 00:30:00.0000",16.55,61.6,,,
"2024-12-17 00:20:00.0000",16.94,60.28,,,
"2024-12-17 00:10:00.0000",17.18,59.53,,,
"2024-12-17 00:00:00.0000",17.33,58.93,,,
"2024-12-16 23:50:00.0000",17.6,58.26,,,
"2024-12-16 23:40:00.0000",17.8,57.79,,,
"2024-12-16 23:30:00.0000",18.05,57.32,,,
"2024-12-16 23:20:00.0000",18.1,57.53,,,
"2024-12-16 23:10:00.0000",18.52,56.56,,,
"2024-12-16 23:00:00.0000",18.61,56.71,,,
"2024-12-16 22:50:00.0000",18.59,56.8,,,
"2024-12-16 22:40:00.0000",18.63,56.8,,,
"2024-12-16 22:30:00.0000",18.62,56.72,,,
"2024-12-16 22:20:00.0000",18.65,56.72,,,
"2024-12-16 22:10:00.0000",18.46,57.29,,,
"2024-12-16 22:00:00.0000",18.69,56.5,,,
"2024-12-16 21:50:00.0000",18.75,56.58,,,
"2024-12-16 21:40:00.0000",18.69,56.75,,,
"2024-12-16 21:30:00.0000",18.7,56.81,,,
"2024-12-16 21:20:00.0000",18.66,56.87,,,
"2024-12-16 21:10:00.0000",18.61,57.09,,,
"2024-12-16 21:00:00.0000",18.38,57.76,,,
"2024-12-16 20:50:00.0000",18.58,57.03,,,
"2024-12-16 20:40:00.0000",18.61,56.98,,,
"2024-12-16 20:30:00.0000",18.56,57.13,,,
"2024-12-16 20:20:00.0000",18.57,57.13,,,
"2024-12-16 20:10:00.0000",18.53,57.2,,,
"2024-12-16 20:00:00.0000",18.5,57.41,,,
"2024-12-16 19:50:00.0000",18.3,57.99,,,
"2024-12-16 19:40:00.0000",18.45,57.54,,,
"2024-12-16 19:30:00.0000",18.47,57.54,,,
"2024-12-16 19:20:00.0000",18.43,57.7,,,
"2024-12-16 19:10:00.0000",18.46,57.75,,,
"2024-12-16 19:00:00.0000",18.4,57.91,,,
"2024-12-16 18:50:00.0000",18.36,58.19,,,
"2024-12-16 18:40:00.0000",18.14,58.91,,,
"2024-12-16 18:30:00.0000",18.34,58.29,,,
"2024-12-16 18:20:00.0000",18.36,58.36,,,
"2024-12-16 18:10:00.0000",18.31,58.57,,,
"2024-12-16 18:00:00.0000",18.34,58.43,,,
"2024-12-16 17:50:00.0000",18.32,58.6,,,
"2024-12-16 17:40:00.0000",18.29,58.78,,,
"2024-12-16 17:30:00.0000",18.07,59.54,,,
"2024-12-16 17:20:00.0000",18.26,58.96,,,
"2024-12-16 17:10:00.0000",18.3,58.85,,,
"2024-12-16 17:00:00.0000",18.22,58.99,,,
"2024-12-16 16:50:00.0000",18.27,59.09,,,
"2024-12-16 16:40:00.0000",18.21,59.38,,,
"2024-12-16 16:30:00.0000",18.13,59.63,,,
"2024-12-16 16:20:00.0000",17.9,60.43,,,
"2024-12-16 16:10:00.0000",18.08,59.8,,,
"2024-12-16 16:00:00.0000",18.09,59.61,,,
"2024-12-16 15:50:00.0000",18.04,59.69,,,
"2024-12-16 15:40:00.0000",18.05,59.76,,,
"2024-12-16 15:30:00.0000",17.98,60.04,,,
"2024-12-16 15:20:00.0000",17.94,60.16,,,
"2024-12-16 15:10:00.0000",17.7,61.03,,,
"2024-12-16 15:00:00.0000",17.88,60.34,,,
"2024-12-16 14:50:00.0000",17.91,60.33,,,
"2024-12-16 14:40:00.0000",17.84,60.59,,,
"2024-12-16 14:30:00.0000",17.83,60.61,,,
"2024-12-16 14:20:00.0000",17.76,60.84,,,
"2024-12-16 14:10:00.0000",17.69,60.97,,,
"2024-12-16 14:00:00.0000",17.44,61.74,,,
"2024-12-16 13:50:00.0000",17.62,61.02,,,
"2024-12-16 13:40:00.0000",17.64,61.28,,,
"2024-12-16 13:30:00.0000",17.52,61.61,,,
"2024-12-16 13:20:00.0000",17.51,61.73,,,
"2024-12-16 13:10:00.0000",17.4,61.91,,,
"2024-12-16 13:00:00.0000",17.31,62.24,,,
"2024-12-16 12:50:00.0000",17.04,63.14,,,
"2024-12-16 12:40:00.0000",17.17,62.59,,,
"2024-12-16 12:30:00.0000",17.15,62.83,,,
"2024-12-16 12:20:00.0000",17.03,63.23,,,
"2024-12-16 12:10:00.0000",16.96,63.53,,,
"2024-12-16 12:00:00.0000",16.81,63.91,,,
"2024-12-16 11:50:00.0000",16.64,64.63,,,
"2024-12-16 11:40:00.0000",16.23,66.1,,,
"2024-12-16 11:30:00.0000",16.24,65.83,,,
"2024-12-16 11:20:00.0000",16.04,66.53,,,
"2024-12-16 11:10:00.0000",15.74,67.42,,,
"2024-12-16 11:00:00.0000",15.48,68.29,,,
"2024-12-16 10:50:00.0000",15.13,69.24,,,
"2024-12-16 10:40:00.0000",14.76,70.21,,,
"2024-12-16 10:30:00.0000",14.18,71.85,,,
"2024-12-16 10:20:00.0000",13.99,71.81,,,
"2024-12-16 10:10:00.0000",13.61,72.05,,,
"2024-12-16 10:00:00.0000",13.13,72.81,,,
"2024-12-16 09:50:00.0000",12.77,73.9,,,
"2024-12-16 09:40:00.0000",12.48,73.77,,,
"2024-12-16 09:30:00.0000",12.41,73.91,,,
"2024-12-16 09:20:00.0000",12.19,74.6,,,
"2024-12-16 09:10:00.0000",12.41,73.72,,,
"2024-12-16 09:00:00.0000",12.44,73.63,,,
"2024-12-16 08:50:00.0000",12.4,73.77,,,
"2024-12-16 08:40:00.0000",12.43,73.81,,,
"2024-12-16 08:30:00.0000",12.4,72.94,,,
"2024-12-16 08:20:00.0000",12.38,73.14,,,
"2024-12-16 08:10:00.0000",12.17,73.98,,,
"2024-12-16 08:00:00.0000",12.38,72.95,,,
"2024-12-16 07:50:00.0000",12.43,72.69,,,
"2024-12-16 07:40:00.0000",12.37,72.68,,,
"2024-12-16 07:30:00.0000",12.4,72.69,,,
"2024-12-16 07:20:00.0000",12.39,72.78,,,
"2024-12-16 07:10:00.0000",12.38,72.93,,,
"2024-12-16 07:00:00.0000",12.17,73.73,,,
"2024-12-16 06:50:00.0000",12.38,72.86,,,
"2024-12-16 06:40:00.0000",12.44,72.8,,,
"2024-12-16 06:30:00.0000",12.42,72.85,,,
"2024-12-16 06:20:00.0000",12.48,72.86,,,
"2024-12-16 06:10:00.0000",12.48,72.92,,,
"2024-12-16 06:00:00.0000",12.28,73.55,,,
"2024-12-16 05:50:00.0000",12.17,74.18,,,
"2024-12-16 05:40:00.0000",12.39,73.27,,,
"2024-12-16 05:30:00.0000",12.43,73.28,,,
"2024-12-16 05:20:00.0000",12.42,73.3,,,
"2024-12-16 05:10:00.0000",12.47,73.14,,,
"2024-12-16 05:00:00.0000",12.48,73.13,,,
"2024-12-16 04:50:00.0000",12.52,73.21,,,
"2024-12-16 04:40:00.0000",12.26,74.25,,,
"2024-12-16 04:30:00.0000",12.45,73.41,,,
"2024-12-16 04:20:00.0000",12.51,73.35,,,
"2024-12-16 04:10:00.0000",12.47,73.57,,,
"2024-12-16 04:00:00.0000",12.51,73.59,,,
"2024-12-16 03:50:00.0000",12.48,73.71,,,
"2024-12-16 03:40:00.0000",12.46,73.94,,,
"2024-12-16 03:30:00.0000",12.25,74.8,,,
"2024-12-16 03:20:00.0000",12.48,73.88,,,
"2024-12-16 03:10:00.0000",12.52,73.9,,,
"2024-12-16 03:00:00.0000",12.49,74.02,,,
"2024-12-16 02:50:00.0000",12.52,74.03,,,
"2024-12-16 02:40:00.0000",12.5,74.21,,,
"2024-12-16 02:30:00.0000",12.46,74.41,,,
"2024-12-16 02:20:00.0000",12.27,75.31,,,
"2024-12-16 02:10:00.0000",12.48,74.38,,,
"2024-12-16 02:00:00.0000",12.53,74.36,,,
"2024-12-16 01:50:00.0000",12.51,74.49,,,
"2024-12-16 01:40:00.0000",12.54,74.58,,,
"2024-12-16 01:30:00.0000",12.49,74.69,,,
"2024-12-16 01:20:00.0000",12.48,74.83,,,
"2024-12-16 01:10:00.0000",12.28,75.65,,,
"2024-12-16 01:00:00.0000",12.49,74.66,,,
"2024-12-16 00:50:00.0000",12.56,74.48,,,
"2024-12-16 00:40:00.0000",12.55,74.44,,,
"2024-12-16 00:30:00.0000",12.6,74.42,,,
"2024-12-16 00:20:00.0000",12.54,74.53,,,
"2024-12-16 00:10:00.0000",12.5,74.62,,,
"2024-12-16 00:00:00.0000",12.29,75.39,,,
"2024-12-15 23:50:00.0000",12.5,74.33,,,
"2024-12-15 23:40:00.0000",12.58,74.01,,,
"2024-12-15 23:30:00.0000",12.56,73.89,,,
"2024-12-15 23:20:00.0000",12.6,73.93,,,
"2024-12-15 23:10:00.0000",12.5,74.11,,,
"2024-12-15 23:00:00.0000",12.5,74.23,,,
"2024-12-15 22:50:00.0000",12.3,75.03,,,
"2024-12-15 22:40:00.0000",12.49,74.16,,,
"2024-12-15 22:30:00.0000",12.52,74.07,,,
"2024-12-15 22:20:00.0000",12.49,74.19,,,
"2024-12-15 22:10:00.0000",12.51,74.19,,,
"2024-12-15 22:00:00.0000",12.48,74.28,,,
"2024-12-15 21:50:00.0000",12.47,74.42,,,
"2024-12-15 21:40:00.0000",12.24,75.28,,,
"2024-12-15 21:30:00.0000",12.46,74.32,,,
"2024-12-15 21:20:00.0000",12.5,74.25,,,
"2024-12-15 21:10:00.0000",12.47,74.26,,,
"2024-12-15 21:00:00.0000",12.5,74.2,,,
"2024-12-15 20:50:00.0000",12.49,74.25,,,
"2024-12-15 20:40:00.0000",12.48,74.31,,,
"2024-12-15 20:30:00.0000",12.28,75.12,,,
"2024-12-15 20:20:00.0000",12.52,74.09,,,
"2024-12-15 20:10:00.0000",12.6,73.95,,,
"2024-12-15 20:00:00.0000",12.54,74.1,,,
"2024-12-15 19:50:00.0000",12.61,74.03,,,
"2024-12-15 19:40:00.0000",12.57,74.13,,,
"2024-12-15 19:30:00.0000",12.54,74.29,,,
"2024-12-15 19:20:00.0000",12.33,75.15,,,
"2024-12-15 19:10:00.0000",12.55,74.18,,,
"2024-12-15 19:00:00.0000",12.61,74.06,,,
"2024-12-15 18:50:00.0000",12.57,74.18,,,
"2024-12-15 18:40:00.0000",12.63,74.15,,,
"2024-12-15 18:30:00.0000",12.6,74.2,,,
"2024-12-15 18:20:00.0000",12.58,74.36,,,
"2024-12-15 18:10:00.0000",12.38,75.25,,,
"2024-12-15 18:00:00.0000",12.62,74.32,,,
"2024-12-15 17:50:00.0000",12.67,74.24,,,
"2024-12-15 17:40:00.0000",12.65,74.35,,,
"2024-12-15 17:30:00.0000",12.69,74.38,,,
"2024-12-15 17:20:00.0000",12.69,74.45,,,
"2024-12-15 17:10:00.0000",12.7,74.62,,,
"2024-12-15 17:00:00.0000",12.51,75.46,,,
"2024-12-15 16:50:00.0000",12.76,74.43,,,
"2024-12-15 16:40:00.0000",12.82,74.4,,,
"2024-12-15 16:30:00.0000",12.81,74.45,,,
"2024-12-15 16:20:00.0000",12.86,74.33,,,
"2024-12-15 16:10:00.0000",12.87,74.22,,,
"2024-12-15 16:00:00.0000",12.9,74.24,,,
"2024-12-15 15:50:00.0000",12.75,74.99,,,
"2024-12-15 15:40:00.0000",12.94,73.97,,,
"2024-12-15 15:30:00.0000",13.01,73.83,,,
"2024-12-15 15:20:00.0000",12.97,73.95,,,
"2024-12-15 15:10:00.0000",13.02,73.89,,,
"2024-12-15 15:00:00.0000",13.01,73.97,,,
"2024-12-15 14:50:00.0000",12.97,74.21,,,
"2024-12-15 14:40:00.0000",12.74,75.13,,,
"2024-12-15 14:30:00.0000",12.93,74.14,,,
"2024-12-15 14:20:00.0000",12.94,74.24,,,
"2024-12-15 14:10:00.0000",12.86,73.42,,,
"2024-12-15 14:00:00.0000",12.84,73.54,,,
"2024-12-15 13:50:00.0000",12.75,73.24,,,
"2024-12-15 13:40:00.0000",12.72,73.52,,,
"2024-12-15 13:30:00.0000",12.5,74.44,,,
"2024-12-15 13:20:00.0000",12.7,73.52,,,
"2024-12-15 13:10:00.0000",12.74,73.39,,,
"2024-12-15 13:00:00.0000",12.71,73.55,,,
"2024-12-15 12:50:00.0000",12.73,73.49,,,
"2024-12-15 12:40:00.0000",12.71,73.58,,,
"2024-12-15 12:30:00.0000",12.69,73.79,,,
"2024-12-15 12:20:00.0000",12.47,74.57,,,
"2024-12-15 12:10:00.0000",12.69,73.54,,,
"2024-12-15 12:00:00.0000",12.73,73.4,,,
"2024-12-15 11:50:00.0000",12.68,73.44,,,
"2024-12-15 11:40:00.0000",12.75,73.38,,,
"2024-12-15 11:30:00.0000",12.74,73.37,,,
"2024-12-15 11:20:00.0000",12.68,73.78,,,
"2024-12-15 11:10:00.0000",12.45,74.66,,,
"2024-12-15 11:00:00.0000",12.68,73.65,,,
"2024-12-15 10:50:00.0000",12.74,73.38,,,
"2024-12-15 10:40:00.0000",12.68,73.5,,,
"2024-12-15 10:30:00.0000",12.72,73.35,,,
"2024-12-15 10:20:00.0000",12.7,73.42,,,
"2024-12-15 10:10:00.0000",12.7,73.35,,,
"2024-12-15 10:00:00.0000",12.51,74.02,,,
"2024-12-15 09:50:00.0000",12.62,73.42,,,
"2024-12-15 09:40:00.0000",12.67,73.26,,,
"2024-12-15 09:30:00.0000",12.64,73.26,,,
"2024-12-15 09:20:00.0000",12.69,73.12,,,
"2024-12-15 09:10:00.0000",12.72,73.07,,,
"2024-12-15 09:00:00.0000",12.49,73.82,,,
"2024-12-15 08:50:00.0000",12.38,74.3,,,
"2024-12-15 08:40:00.0000",12.6,73.3,,,
"2024-12-15 08:30:00.0000",12.66,73.2,,,
"2024-12-15 08:20:00.0000",12.6,73.31,,,
"2024-12-15 08:10:00.0000",12.64,73.15,,,
"2024-12-15 08:00:00.0000",12.63,73.13,,,
"2024-12-15 07:50:00.0000",12.62,73.19,,,
"2024-12-15 07:40:00.0000",12.42,73.87,,,
"2024-12-15 07:30:00.0000",12.64,72.87,,,
"2024-12-15 07:20:00.0000",12.72,72.69,,,
"2024-12-15 07:10:00.0000",12.69,72.65,,,
"2024-12-15 07:00:00.0000",12.68,72.66,,,
"2024-12-15 06:50:00.0000",12.66,72.71,,,
"2024-12-15 06:40:00.0000",12.64,72.8,,,
"2024-12-15 06:30:00.0000",12.43,73.56,,,
"2024-12-15 06:20:00.0000",12.64,72.57,,,
"2024-12-15 06:10:00.0000",12.7,72.36,,,
"2024-12-15 06:00:00.0000",12.65,72.3,,,
"2024-12-15 05:50:00.0000",12.69,72.17,,,
"2024-12-15 05:40:00.0000",12.66,72.14,,,
"2024-12-15 05:30:00.0000",12.65,72.07,,,
"2024-12-15 05:20:00.0000",12.45,72.57,,,
"2024-12-15 05:10:00.0000",12.69,71.41,,,
"2024-12-15 05:00:00.0000",12.73,71.24,,,
"2024-12-15 04:50:00.0000",12.73,71.11,,,
"2024-12-15 04:40:00.0000",12.74,71.12,,,
"2024-12-15 04:30:00.0000",12.7,71.05,,,
"2024-12-15 04:20:00.0000",12.67,71.12,,,
"2024-12-15 04:10:00.0000",12.47,71.81,,,
"2024-12-15 04:00:00.0000",12.68,70.78,,,
"2024-12-15 03:50:00.0000",12.74,70.57,,,
"2024-12-15 03:40:00.0000",12.71,70.59,,,
"2024-12-15 03:30:00.0000",12.74,70.4,,,
"2024-12-15 03:20:00.0000",12.69,70.39,,,
"2024-12-15 03:10:00.0000",12.7,70.37,,,
"2024-12-15 03:00:00.0000",12.5,70.94,,,
"2024-12-15 02:50:00.0000",12.76,69.84,,,
"2024-12-15 02:40:00.0000",12.77,69.69,,,
"2024-12-15 02:30:00.0000",12.72,69.67,,,
"2024-12-15 02:20:00.0000",12.77,69.5,,,
"2024-12-15 02:10:00.0000",12.74,69.34,,,
"2024-12-15 02:00:00.0000",12.72,69.37,,,
"2024-12-15 01:50:00.0000",12.5,69.89,,,
"2024-12-15 01:40:00.0000",12.69,68.68,,,
"2024-12-15 01:30:00.0000",12.72,67.66,,,
"2024-12-15 01:20:00.0000",12.69,67.51,,,
"2024-12-15 01:10:00.0000",12.72,67.47,,,
"2024-12-15 01:00:00.0000",12.66,67.43,,,
"2024-12-15 00:50:00.0000",12.61,67.36,,,
"2024-12-15 00:40:00.0000",12.42,68.03,,,
"2024-12-15 00:30:00.0000",12.62,67.05,,,
"2024-12-15 00:20:00.0000",12.67,66.8,,,
"2024-12-15 00:10:00.0000",12.63,66.75,,,
"2024-12-15 00:00:00.0000",12.66,66.63,,,
"2024-12-14 23:50:00.0000",12.66,66.61,,,
"2024-12-14 23:40:00.0000",12.63,66.69,,,
"2024-12-14 23:30:00.0000",12.42,67.39,,,
"2024-12-14 23:20:00.0000",12.64,66.48,,,
"2024-12-14 23:10:00.0000",12.7,66.32,,,
"2024-12-14 23:00:00.0000",12.68,66.26,,,
"2024-12-14 22:50:00.0000",12.74,66.18,,,
"2024-12-14 22:40:00.0000",12.74,66.18,,,
"2024-12-14 22:30:00.0000",12.74,66.3,,,
"2024-12-14 22:20:00.0000",12.49,67.12,,,
"2024-12-14 22:10:00.0000",12.71,66.26,,,
"2024-12-14 22:00:00.0000",12.75,66.15,,,
"2024-12-14 21:50:00.0000",12.72,66.25,,,
"2024-12-14 21:40:00.0000",12.77,66.14,,,
"2024-12-14 21:30:00.0000",12.75,66.14,,,
"2024-12-14 21:20:00.0000",12.73,66.26,,,
"2024-12-14 21:10:00.0000",12.52,66.94,,,
"2024-12-14 21:00:00.0000",12.75,66.02,,,
"2024-12-14 20:50:00.0000",12.8,65.91,,,
"2024-12-14 20:40:00.0000",12.78,65.86,,,
"2024-12-14 20:30:00.0000",12.81,65.79,,,
"2024-12-14 20:20:00.0000",12.8,65.8,,,
"2024-12-14 20:10:00.0000",12.79,65.8,,,
"2024-12-14 20:00:00.0000",12.58,66.48,,,
"2024-12-14 19:50:00.0000",12.8,65.57,,,
"2024-12-14 19:40:00.0000",12.85,65.52,,,
"2024-12-14 19:30:00.0000",12.81,65.57,,,
"2024-12-14 19:20:00.0000",12.86,65.46,,,
"2024-12-14 19:10:00.0000",12.83,65.43,,,
"2024-12-14 19:00:00.0000",12.85,65.45,,,
"2024-12-14 18:50:00.0000",12.66,66.17,,,
"2024-12-14 18:40:00.0000",12.89,65.25,,,
"2024-12-14 18:30:00.0000",12.97,65.17,,,
"2024-12-14 18:20:00.0000",12.97,65.24,,,
"2024-12-14 18:10:00.0000",13.06,65.2,,,
"2024-12-14 18:00:00.0000",12.99,65.15,,,
"2024-12-14 17:50:00.0000",13,65.1,,,
"2024-12-14 17:40:00.0000",12.79,65.66,,,
"2024-12-14 17:30:00.0000",13.02,64.37,,,
"2024-12-14 17:20:00.0000",13.05,64.04,,,
"2024-12-14 17:10:00.0000",13.03,63.97,,,
"2024-12-14 17:00:00.0000",13.1,63.82,,,
"2024-12-14 16:50:00.0000",13.07,63.83,,,
"2024-12-14 16:40:00.0000",13.09,63.98,,,
"2024-12-14 16:30:00.0000",12.89,64.67,,,
"2024-12-14 16:20:00.0000",13.13,63.81,,,
"2024-12-14 16:10:00.0000",13.19,63.64,,,
"2024-12-14 16:00:00.0000",13.17,63.58,,,
"2024-12-14 15:50:00.0000",13.22,63.59,,,
"2024-12-14 15:40:00.0000",13.23,63.4,,,
"2024-12-14 15:30:00.0000",13.23,63.42,,,
"2024-12-14 15:20:00.0000",13.05,64.02,,,
"2024-12-14 15:10:00.0000",13.31,63.03,,,
"2024-12-14 15:00:00.0000",13.39,62.85,,,
"2024-12-14 14:50:00.0000",13.41,62.76,,,
"2024-12-14 14:40:00.0000",13.48,62.64,,,
"2024-12-14 14:30:00.0000",13.49,62.65,,,
"2024-12-14 14:20:00.0000",13.5,62.63,,,
"2024-12-14 14:10:00.0000",13.34,63.06,,,
"2024-12-14 14:00:00.0000",13.61,62.11,,,
"2024-12-14 13:50:00.0000",13.73,61.87,,,
"2024-12-14 13:40:00.0000",13.69,62.23,,,
"2024-12-14 13:30:00.0000",13.73,61.94,,,
"2024-12-14 13:20:00.0000",13.72,61.97,,,
"2024-12-14 13:10:00.0000",13.71,62.22,,,
"2024-12-14 13:00:00.0000",13.5,62.94,,,
"2024-12-14 12:50:00.0000",13.73,61.97,,,
"2024-12-14 12:40:00.0000",13.77,61.15,,,
"2024-12-14 12:30:00.0000",13.73,61.23,,,
"2024-12-14 12:20:00.0000",13.75,61.25,,,
"2024-12-14 12:10:00.0000",13.68,61.19,,,
"2024-12-14 12:00:00.0000",13.64,61.43,,,
"2024-12-14 11:50:00.0000",13.42,62.13,,,
"2024-12-14 11:40:00.0000",13.65,61.18,,,
"2024-12-14 11:30:00.0000",13.69,61.19,,,
"2024-12-14 11:20:00.0000",13.65,61.22,,,
"2024-12-14 11:10:00.0000",13.67,61.19,,,
"2024-12-14 11:00:00.0000",13.63,61.21,,,
"2024-12-14 10:50:00.0000",13.6,60.75,,,
"2024-12-14 10:40:00.0000",13.37,61.49,,,
"2024-12-14 10:30:00.0000",13.56,60.77,,,
"2024-12-14 10:20:00.0000",13.57,60.77,,,
"2024-12-14 10:10:00.0000",13.52,60.9,,,
"2024-12-14 10:00:00.0000",13.53,60.81,,,
"2024-12-14 09:50:00.0000",13.48,60.74,,,
"2024-12-14 09:40:00.0000",13.48,60.93,,,
"2024-12-14 09:30:00.0000",13.3,61.4,,,
"2024-12-14 09:20:00.0000",13.49,60.68,,,
"2024-12-14 09:10:00.0000",13.55,60.53,,,
"2024-12-14 09:00:00.0000",13.52,60.51,,,
"2024-12-14 08:50:00.0000",13.57,60.4,,,
"2024-12-14 08:40:00.0000",13.57,60.29,,,
"2024-12-14 08:30:00.0000",13.6,60.26,,,
"2024-12-14 08:20:00.0000",13.43,60.78,,,
"2024-12-14 08:10:00.0000",13.69,59.96,,,
"2024-12-14 08:00:00.0000",13.8,59.74,,,
"2024-12-14 07:50:00.0000",13.83,59.65,,,
"2024-12-14 07:40:00.0000",13.92,59.62,,,
"2024-12-14 07:30:00.0000",13.94,59.44,,,
"2024-12-14 07:20:00.0000",14,59.38,,,
"2024-12-14 07:10:00.0000",13.85,59.91,,,
"2024-12-14 07:00:00.0000",14.12,59.04,,,
"2024-12-14 06:50:00.0000",14.22,58.93,,,
"2024-12-14 06:40:00.0000",14.24,58.97,,,
"2024-12-14 06:30:00.0000",14.33,58.85,,,
"2024-12-14 06:20:00.0000",14.36,58.87,,,
"2024-12-14 06:10:00.0000",14.4,59.02,,,
"2024-12-14 06:00:00.0000",14.24,59.62,,,
"2024-12-14 05:50:00.0000",14.51,58.8,,,
"2024-12-14 05:40:00.0000",14.6,58.65,,,
"2024-12-14 05:30:00.0000",14.6,58.61,,,
"2024-12-14 05:20:00.0000",14.7,58.48,,,
"2024-12-14 05:10:00.0000",14.74,58.43,,,
"2024-12-14 05:00:00.0000",14.8,58.47,,,
"2024-12-14 04:50:00.0000",14.64,58.99,,,
"2024-12-14 04:40:00.0000",14.89,58.24,,,
"2024-12-14 04:30:00.0000",14.97,58.06,,,
"2024-12-14 04:20:00.0000",14.96,58.06,,,
"2024-12-14 04:10:00.0000",15.06,57.98,,,
"2024-12-14 04:00:00.0000",15.07,57.99,,,
"2024-12-14 03:50:00.0000",15.11,58.12,,,
"2024-12-14 03:40:00.0000",14.96,58.7,,,
"2024-12-14 03:30:00.0000",15.22,57.83,,,
"2024-12-14 03:20:00.0000",15.34,57.64,,,
"2024-12-14 03:10:00.0000",15.38,57.52,,,
"2024-12-14 03:00:00.0000",15.48,57.32,,,
"2024-12-14 02:50:00.0000",15.53,57.26,,,
"2024-12-14 02:40:00.0000",15.58,57.22,,,
"2024-12-14 02:30:00.0000",15.47,57.69,,,
"2024-12-14 02:20:00.0000",15.77,56.74,,,
"2024-12-14 02:10:00.0000",15.89,56.46,,,
"2024-12-14 02:00:00.0000",15.97,56.33,,,
"2024-12-14 01:50:00.0000",16.13,55.94,,,
"2024-12-14 01:40:00.0000",16.19,55.63,,,
"2024-12-14 01:30:00.0000",16.28,55.56,,,
"2024-12-14 01:20:00.0000",16.21,55.9,,,
"2024-12-14 01:10:00.0000",16.56,54.72,,,
"2024-12-14 01:00:00.0000",16.78,53.97,,,
"2024-12-14 00:50:00.0000",16.96,53.18,,,
"2024-12-14 00:40:00.0000",17.15,52.7,,,
"2024-12-14 00:30:00.0000",17.35,52.3,,,
"2024-12-14 00:20:00.0000",17.55,51.93,,,
"2024-12-14 00:10:00.0000",17.58,51.93,,,
"2024-12-14 00:00:00.0000",18.08,50.66,,,
"2024-12-13 23:50:00.0000",18.42,49.93,,,
"2024-12-13 23:40:00.0000",18.66,49.66,,,
"2024-12-13 23:30:00.0000",18.95,49.45,,,
"2024-12-13 23:20:00.0000",18.94,49.81,,,
"2024-12-13 23:10:00.0000",18.91,49.97,,,
"2024-12-13 23:00:00.0000",18.7,50.4,,,
"2024-12-13 22:50:00.0000",18.91,49.76,,,
"2024-12-13 22:40:00.0000",18.94,49.78,,,
"2024-12-13 22:30:00.0000",18.88,49.93,,,
"2024-12-13 22:20:00.0000",18.91,49.81,,,
"2024-12-13 22:10:00.0000",18.89,49.87,,,
"2024-12-13 22:00:00.0000",18.83,50,,,
"2024-12-13 21:50:00.0000",18.62,50.43,,,
"2024-12-13 21:40:00.0000",18.83,49.94,,,
"2024-12-13 21:30:00.0000",18.86,49.88,,,
"2024-12-13 21:20:00.0000",18.82,49.99,,,
"2024-12-13 21:10:00.0000",18.85,49.94,,,
"2024-12-13 21:00:00.0000",18.82,50.02,,,
"2024-12-13 20:50:00.0000",18.81,50.09,,,
"2024-12-13 20:40:00.0000",18.59,50.7,,,
"2024-12-13 20:30:00.0000",18.81,49.91,,,
"2024-12-13 20:20:00.0000",18.87,49.89,,,
"2024-12-13 20:10:00.0000",18.84,49.94,,,
"2024-12-13 20:00:00.0000",18.87,50,,,
"2024-12-13 19:50:00.0000",18.86,50.07,,,
"2024-12-13 19:40:00.0000",18.84,50.08,,,
"2024-12-13 19:30:00.0000",18.65,50.67,,,
"2024-12-13 19:20:00.0000",18.87,49.98,,,
"2024-12-13 19:10:00.0000",18.95,50.04,,,
"2024-12-13 19:00:00.0000",18.95,50.07,,,
"2024-12-13 18:50:00.0000",19.04,49.97,,,
"2024-12-13 18:40:00.0000",19.07,50,,,
"2024-12-13 18:30:00.0000",19.15,50.03,,,
"2024-12-13 18:20:00.0000",19.07,50.44,,,
"2024-12-13 18:10:00.0000",19.48,49.64,,,
"2024-12-13 18:00:00.0000",19.77,49.35,,,
"2024-12-13 17:50:00.0000",19.78,59.88,,,
"2024-12-13 17:40:00.0000",19.48,49.94,,,
"2024-12-13 17:30:00.0000",19.47,50.46,,,
"2024-12-13 17:20:00.0000",19.36,50.72,,,
"2024-12-13 17:10:00.0000",19.07,51.41,,,
"2024-12-13 17:00:00.0000",19.24,51,,,
"2024-12-13 16:50:00.0000",19.18,51.19,,,
"2024-12-13 16:40:00.0000",19.03,51.63,,,
"2024-12-13 16:30:00.0000",18.95,51.76,,,
"2024-12-13 16:20:00.0000",18.91,53.4,,,
"2024-12-13 16:10:00.0000",18.69,53.03,,,
"2024-12-13 15:30:00.0000",17.46,58.23,,,
"2024-12-13 15:20:00.0000",17.39,55.91,,,
"2024-12-13 15:10:00.0000",17.33,55.83,,,
"2024-12-13 15:00:00.0000",17.28,56.12,,,
"2024-12-13 14:50:00.0000",17.02,56.87,,,
"2024-12-13 14:40:00.0000",17.19,56.15,,,
"2024-12-13 14:30:00.0000",17.19,56.38,,,
"2024-12-13 14:20:00.0000",17.1,56.62,,,
"2024-12-13 14:10:00.0000",17.06,56.81,,,
"2024-12-13 14:00:00.0000",16.97,57.06,,,
"2024-12-13 13:50:00.0000",16.88,57.51,,,
"2024-12-13 13:40:00.0000",16.57,58.45,,,
"2024-12-13 13:30:00.0000",16.66,58.13,,,
"2024-12-13 13:20:00.0000",16.6,58.42,,,
"2024-12-13 13:10:00.0000",16.44,58.91,,,
"2024-12-13 13:00:00.0000",16.34,59.33,,,
"2024-12-13 12:50:00.0000",16.12,59.85,,,
"2024-12-13 12:40:00.0000",15.92,60.58,,,
"2024-12-13 12:30:00.0000",15.43,61.92,,,
"2024-12-13 12:20:00.0000",15.36,61.77,,,
"2024-12-13 12:10:00.0000",15.21,62.19,,,
"2024-12-13 12:00:00.0000",14.95,62.7,,,
"2024-12-13 11:50:00.0000",14.73,63.32,,,
"2024-12-13 11:40:00.0000",14.43,64.05,,,
"2024-12-13 11:30:00.0000",14.14,64.74,,,
"2024-12-13 11:20:00.0000",13.65,65.91,,,
"2024-12-13 11:10:00.0000",13.56,65.29,,,
"2024-12-13 11:00:00.0000",13.36,65.27,,,
"2024-12-13 10:50:00.0000",13.14,65.29,,,
"2024-12-13 10:40:00.0000",13.04,65.16,,,
"2024-12-13 10:30:00.0000",12.94,64.73,,,
"2024-12-13 10:20:00.0000",12.93,64.84,,,
"2024-12-13 10:10:00.0000",12.75,65.57,,,
"2024-12-13 10:00:00.0000",12.96,64.76,,,
"2024-12-13 09:50:00.0000",13.03,64.7,,,
"2024-12-13 09:40:00.0000",12.99,64.78,,,
"2024-12-13 09:30:00.0000",13.03,64.75,,,
"2024-12-13 09:20:00.0000",13,64.76,,,
"2024-12-13 09:10:00.0000",13.02,64.7,,,
"2024-12-13 09:00:00.0000",12.82,65.27,,,
"2024-12-13 08:50:00.0000",13.04,64.48,,,
"2024-12-13 08:40:00.0000",13.1,64.37,,,
"2024-12-13 08:30:00.0000",13.08,64.37,,,
"2024-12-13 08:20:00.0000",13.13,64.29,,,
"2024-12-13 08:10:00.0000",13.12,64.26,,,
"2024-12-13 08:00:00.0000",13.12,64.39,,,
"2024-12-13 07:50:00.0000",12.93,65.04,,,
"2024-12-13 07:40:00.0000",13.15,64.22,,,
"2024-12-13 07:30:00.0000",13.21,64.1,,,
"2024-12-13 07:20:00.0000",13.18,64.17,,,
"2024-12-13 07:10:00.0000",13.23,64.09,,,
"2024-12-13 07:00:00.0000",13.22,64.09,,,
"2024-12-13 06:50:00.0000",13.23,64.18,,,
"2024-12-13 06:40:00.0000",13.04,64.81,,,
"2024-12-13 06:30:00.0000",13.27,63.97,,,
"2024-12-13 06:20:00.0000",13.33,63.82,,,
"2024-12-13 06:10:00.0000",13.34,63.81,,,
"2024-12-13 06:00:00.0000",13.4,63.75,,,
"2024-12-13 05:50:00.0000",13.38,63.79,,,
"2024-12-13 05:40:00.0000",13.39,63.88,,,
"2024-12-13 05:30:00.0000",13.19,64.5,,,
"2024-12-13 05:20:00.0000",13.42,63.65,,,
"2024-12-13 05:10:00.0000",13.48,63.53,,,
"2024-12-13 05:00:00.0000",13.48,63.56,,,
"2024-12-13 04:50:00.0000",13.54,63.49,,,
"2024-12-13 04:40:00.0000",13.52,63.53,,,
"2024-12-13 04:30:00.0000",13.52,63.64,,,
"2024-12-13 04:20:00.0000",13.33,64.29,,,
"2024-12-13 04:10:00.0000",13.57,63.41,,,
"2024-12-13 04:00:00.0000",13.64,63.31,,,
"2024-12-13 03:50:00.0000",13.62,63.32,,,
"2024-12-13 03:40:00.0000",13.67,63.26,,,
"2024-12-13 03:30:00.0000",13.66,63.22,,,
"2024-12-13 03:20:00.0000",13.67,63.3,,,
"2024-12-13 03:10:00.0000",13.49,63.93,,,
"2024-12-13 03:00:00.0000",13.71,63.06,,,
"2024-12-13 02:50:00.0000",13.78,62.95,,,
"2024-12-13 02:40:00.0000",13.77,62.95,,,
"2024-12-13 02:30:00.0000",13.84,62.85,,,
"2024-12-13 02:20:00.0000",13.83,62.88,,,
"2024-12-13 02:10:00.0000",13.84,62.91,,,
"2024-12-13 02:00:00.0000",13.68,63.46,,,
"2024-12-13 01:50:00.0000",13.94,62.45,,,
"2024-12-13 01:40:00.0000",13.99,62.45,,,
"2024-12-13 01:30:00.0000",13.96,62.48,,,
"2024-12-13 01:20:00.0000",14.01,62.35,,,
"2024-12-13 01:10:00.0000",14,62.23,,,
"2024-12-13 01:00:00.0000",14,62.18,,,
"2024-12-13 00:50:00.0000",13.83,62.53,,,
"2024-12-13 00:40:00.0000",14.06,61.42,,,
"2024-12-13 00:30:00.0000",14.13,61.19,,,
"2024-12-13 00:20:00.0000",14.13,61.13,,,
"2024-12-13 00:10:00.0000",14.22,60.91,,,
"2024-12-13 00:00:00.0000",14.23,60.88,,,
"2024-12-12 23:50:00.0000",14.25,60.93,,,
"2024-12-12 23:40:00.0000",14.09,61.45,,,
"2024-12-12 23:30:00.0000",14.34,60.57,,,
"2024-12-12 23:20:00.0000",14.45,60.34,,,
"2024-12-12 23:10:00.0000",14.46,60.28,,,
"2024-12-12 23:00:00.0000",14.56,60.14,,,
"2024-12-12 22:50:00.0000",14.6,60.04,,,
"2024-12-12 22:40:00.0000",14.65,60.02,,,
"2024-12-12 22:30:00.0000",14.52,60.48,,,
"2024-12-12 22:20:00.0000",14.82,59.56,,,
"2024-12-12 22:10:00.0000",14.95,59.27,,,
"2024-12-12 22:00:00.0000",15,59.11,,,
"2024-12-12 21:50:00.0000",15.16,58.85,,,
"2024-12-12 21:40:00.0000",15.25,58.64,,,
"2024-12-12 21:30:00.0000",15.38,58.42,,,
"2024-12-12 21:20:00.0000",15.32,58.79,,,
"2024-12-12 21:10:00.0000",15.65,57.8,,,
"2024-12-12 21:00:00.0000",15.85,57.42,,,
"2024-12-12 20:50:00.0000",15.97,57.2,,,
"2024-12-12 20:40:00.0000",16.2,56.84,,,
"2024-12-12 20:30:00.0000",16.36,56.52,,,
"2024-12-12 20:20:00.0000",16.56,56.25,,,
"2024-12-12 20:10:00.0000",16.57,56.53,,,
"2024-12-12 20:00:00.0000",16.99,55.44,,,
"2024-12-12 19:50:00.0000",17.29,54.98,,,
"2024-12-12 19:40:00.0000",17.42,55.1,,,
"2024-12-12 19:30:00.0000",17.6,55.42,,,
"2024-12-12 19:20:00.0000",17.63,56.34,,,
"2024-12-12 19:10:00.0000",17.6,56.44,,,
"2024-12-12 19:00:00.0000",17.37,57.13,,,
"2024-12-12 18:50:00.0000",17.56,56.47,,,
"2024-12-12 18:40:00.0000",17.58,56.32,,,
"2024-12-12 18:30:00.0000",17.54,56.42,,,
"2024-12-12 18:20:00.0000",17.56,56.41,,,
"2024-12-12 18:10:00.0000",17.5,56.69,,,
"2024-12-12 18:00:00.0000",17.45,56.85,,,
"2024-12-12 17:50:00.0000",17.21,57.7,,,
"2024-12-12 17:40:00.0000",17.39,57.24,,,
"2024-12-12 17:30:00.0000",17.4,57.14,,,
"2024-12-12 17:20:00.0000",17.33,57.29,,,
"2024-12-12 17:10:00.0000",17.34,57.41,,,
"2024-12-12 17:00:00.0000",17.29,57.62,,,
"2024-12-12 16:50:00.0000",17.26,58.03,,,
"2024-12-12 16:40:00.0000",16.99,58.94,,,
"2024-12-12 16:30:00.0000",17.12,58.47,,,
"2024-12-12 16:20:00.0000",17.11,58.66,,,
"2024-12-12 16:10:00.0000",17.02,59.16,,,
"2024-12-12 16:00:00.0000",16.99,59.33,,,
"2024-12-12 15:50:00.0000",16.89,60,,,
"2024-12-12 15:40:00.0000",16.79,60.48,,,
"2024-12-12 15:30:00.0000",16.5,61.69,,,
"2024-12-12 15:20:00.0000",16.58,61.46,,,
"2024-12-12 15:10:00.0000",16.51,62.1,,,
"2024-12-12 15:00:00.0000",16.33,63.22,,,
"2024-12-12 14:50:00.0000",16.19,64.2,,,
"2024-12-12 14:40:00.0000",15.95,65.43,,,
"2024-12-12 14:30:00.0000",15.69,66.85,,,
"2024-12-12 14:20:00.0000",15.18,69.31,,,
"2024-12-12 14:10:00.0000",15.05,70.42,,,
"2024-12-12 14:00:00.0000",14.67,72.46,,,
"2024-12-12 13:50:00.0000",14.1,75.34,,,
"2024-12-12 13:40:00.0000",13.48,78.8,,,
"2024-12-12 13:30:00.0000",12.61,83.23,,,
"2024-12-12 13:20:00.0000",11.53,89.65,,,
"2024-12-12 13:10:00.0000",10.03,96.15,,,
"2024-12-12 13:00:00.0000",8.61,99.94,,,
"2024-12-12 12:50:00.0000",6.8,100,,,
"2024-12-12 12:40:00.0000",5.37,100,,,
"2024-12-12 12:30:00.0000",4.91,99.98,,,
"2024-12-12 12:20:00.0000",4.74,98.91,,,
"2024-12-12 12:10:00.0000",4.59,99.58,,,
"2024-12-12 12:00:00.0000",3.93,100,,,
"2024-12-12 11:50:00.0000",3.89,100,,,
"2024-12-12 11:40:00.0000",3.8,100,,,
"2024-12-12 11:30:00.0000",3.73,100,,,
"2024-12-12 11:20:00.0000",3.58,100,,,
"2024-12-12 11:10:00.0000",3.39,100,,,
"2024-12-12 11:00:00.0000",3.26,100,,,
"2024-12-12 10:50:00.0000",3,100,,,
"2024-12-12 10:40:00.0000",3.07,100,,,
"2024-12-12 10:30:00.0000",2.96,100,,,
"2024-12-12 10:20:00.0000",2.79,100,,,
"2024-12-12 10:10:00.0000",2.73,100,,,
"2024-12-12 10:00:00.0000",2.56,100,,,
"2024-12-12 09:50:00.0000",2.48,100,,,
"2024-12-12 09:40:00.0000",2.19,100,,,
"2024-12-12 09:30:00.0000",2.38,100,,,
"2024-12-12 09:20:00.0000",2.42,100,,,
"2024-12-12 09:10:00.0000",2.39,100,,,
"2024-12-12 09:00:00.0000",2.4,100,,,
"2024-12-12 08:50:00.0000",2.32,100,,,
"2024-12-12 08:40:00.0000",2.25,100,,,
"2024-12-12 08:30:00.0000",2.02,100,,,
"2024-12-12 08:20:00.0000",2.22,100,,,
"2024-12-12 08:10:00.0000",2.3,100,,,
"2024-12-12 08:00:00.0000",2.3,100,,,
"2024-12-12 07:50:00.0000",2.36,100,,,
"2024-12-12 07:40:00.0000",2.4,100,,,
"2024-12-12 07:30:00.0000",2.41,100,,,
"2024-12-12 07:20:00.0000",2.25,100,,,
"2024-12-12 07:10:00.0000",2.44,99.47,,,
"2024-12-12 07:00:00.0000",2.52,99.15,,,
"2024-12-12 06:50:00.0000",2.48,99.41,,,
"2024-12-12 06:40:00.0000",2.51,99.43,,,
"2024-12-12 06:30:00.0000",2.48,99.69,,,
"2024-12-12 06:20:00.0000",2.44,99.97,,,
"2024-12-12 06:10:00.0000",2.22,100,,,
"2024-12-12 06:00:00.0000",2.39,100,,,
"2024-12-12 05:50:00.0000",2.41,100,,,
"2024-12-12 05:40:00.0000",2.35,100,,,
"2024-12-12 05:30:00.0000",2.24,100,,,
"2024-12-12 05:20:00.0000",2.14,99.94,,,
"2024-12-12 05:10:00.0000",2.11,100,,,
"2024-12-12 05:00:00.0000",1.81,100,,,
"2024-12-12 04:50:00.0000",1.93,100,,,
"2024-12-12 04:40:00.0000",1.9,99.94,,,
"2024-12-12 04:30:00.0000",1.85,99.85,,,
"2024-12-12 04:20:00.0000",1.92,99.21,,,
"2024-12-12 04:10:00.0000",1.96,98.48,,,
"2024-12-12 04:00:00.0000",2.03,97.91,,,
"2024-12-12 03:50:00.0000",1.95,97.63,,,
"2024-12-12 03:40:00.0000",2.27,95.61,,,
"2024-12-12 03:30:00.0000",2.31,95.31,,,
"2024-12-12 03:20:00.0000",2.27,95.23,,,
"2024-12-12 03:10:00.0000",2.31,95.2,,,
"2024-12-12 03:00:00.0000",2.27,95.36,,,
"2024-12-12 02:50:00.0000",2.22,95.49,,,
"2024-12-12 02:40:00.0000",1.98,96.4,,,
"2024-12-12 02:30:00.0000",2.16,95.27,,,
"2024-12-12 02:20:00.0000",2.23,94.93,,,
"2024-12-12 02:10:00.0000",2.18,95,,,
"2024-12-12 02:00:00.0000",2.23,94.59,,,
"2024-12-12 01:50:00.0000",2.16,94.74,,,
"2024-12-12 01:40:00.0000",2.14,94.69,,,
"2024-12-12 01:30:00.0000",1.9,95.6,,,
"2024-12-12 01:20:00.0000",2.12,94.13,,,
"2024-12-12 01:10:00.0000",2.19,93.74,,,
"2024-12-12 01:00:00.0000",2.13,93.81,,,
"2024-12-12 00:50:00.0000",2.16,93.85,,,
"2024-12-12 00:40:00.0000",2.16,94.06,,,
"2024-12-12 00:30:00.0000",2.18,94.09,,,
"2024-12-12 00:20:00.0000",2.05,94.85,,,
"2024-12-12 00:10:00.0000",2.35,93.35,,,
"2024-12-12 00:00:00.0000",2.49,92.83,,,
"2024-12-11 23:50:00.0000",2.52,92.62,,,
"2024-12-11 23:40:00.0000",2.59,91.91,,,
"2024-12-11 23:30:00.0000",2.59,91.38,,,
"2024-12-11 23:20:00.0000",2.66,90.65,,,
"2024-12-11 23:10:00.0000",2.48,91.38,,,
"2024-12-11 23:00:00.0000",2.7,90,,,
"2024-12-11 22:50:00.0000",2.79,89.93,,,
"2024-12-11 22:40:00.0000",2.78,90,,,
"2024-12-11 22:30:00.0000",2.81,89.71,,,
"2024-12-11 22:20:00.0000",2.79,89.43,,,
"2024-12-11 22:10:00.0000",2.79,89.63,,,
"2024-12-11 22:00:00.0000",2.59,90.35,,,
"2024-12-11 21:50:00.0000",2.83,88.62,,,
"2024-12-11 21:40:00.0000",2.96,87.86,,,
"2024-12-11 21:30:00.0000",2.88,88.01,,,
"2024-12-11 21:20:00.0000",2.89,88.09,,,
"2024-12-11 21:10:00.0000",2.9,87.73,,,
"2024-12-11 21:00:00.0000",2.86,87.56,,,
"2024-12-11 20:50:00.0000",2.7,88.41,,,
"2024-12-11 20:40:00.0000",2.88,87.66,,,
"2024-12-11 20:30:00.0000",2.94,88.14,,,
"2024-12-11 20:20:00.0000",2.95,87.67,,,
"2024-12-11 20:10:00.0000",3,88.31,,,
"2024-12-11 20:00:00.0000",2.96,89.13,,,
"2024-12-11 19:50:00.0000",2.99,89.26,,,
"2024-12-11 19:40:00.0000",2.78,89.89,,,
"2024-12-11 19:30:00.0000",2.98,88.79,,,
"2024-12-11 19:20:00.0000",3,88.6,,,
"2024-12-11 19:10:00.0000",2.96,88.48,,,
"2024-12-11 19:00:00.0000",3.06,88.32,,,
"2024-12-11 18:50:00.0000",3.06,88.04,,,
"2024-12-11 18:40:00.0000",3.02,88.12,,,
"2024-12-11 18:30:00.0000",2.82,88.98,,,
"2024-12-11 18:20:00.0000",2.99,88.1,,,
"2024-12-11 18:10:00.0000",3.02,88.09,,,
"2024-12-11 18:00:00.0000",2.96,88.24,,,
"2024-12-11 17:50:00.0000",3.03,88.2,,,
"2024-12-11 17:40:00.0000",2.92,88.1,,,
"2024-12-11 17:30:00.0000",2.9,88.16,,,
"2024-12-11 17:20:00.0000",2.69,89.03,,,
"2024-12-11 17:10:00.0000",2.91,87.87,,,
"2024-12-11 17:00:00.0000",2.93,87.37,,,
"2024-12-11 16:50:00.0000",2.91,87.46,,,
"2024-12-11 16:40:00.0000",2.95,88.09,,,
"2024-12-11 16:30:00.0000",2.97,88.65,,,
"2024-12-11 16:20:00.0000",2.94,88.82,,,
"2024-12-11 16:10:00.0000",2.78,89.15,,,
"2024-12-11 16:00:00.0000",3.06,87.81,,,
"2024-12-11 15:50:00.0000",3.06,87.45,,,
"2024-12-11 15:40:00.0000",3.14,86.93,,,
"2024-12-11 15:30:00.0000",3.14,86.6,,,
"2024-12-11 15:20:00.0000",3.1,86.36,,,
"2024-12-11 15:10:00.0000",3.12,86.17,,,
"2024-12-11 15:00:00.0000",2.96,87.19,,,
"2024-12-11 14:50:00.0000",3.17,86.28,,,
"2024-12-11 14:40:00.0000",3.24,85.61,,,
"2024-12-11 14:30:00.0000",3.24,85.41,,,
"2024-12-11 14:20:00.0000",3.32,85.17,,,
"2024-12-11 14:10:00.0000",3.29,85.31,,,
"2024-12-11 14:00:00.0000",3.3,85.3,,,
"2024-12-11 13:50:00.0000",3.15,86.4,,,
"2024-12-11 13:40:00.0000",3.34,84.9,,,
"2024-12-11 13:30:00.0000",3.41,85.32,,,
"2024-12-11 13:20:00.0000",3.35,85.52,,,
"2024-12-11 13:10:00.0000",3.35,84.95,,,
"2024-12-11 13:00:00.0000",3.31,85,,,
"2024-12-11 12:50:00.0000",3.29,85.28,,,
"2024-12-11 12:40:00.0000",3.08,86.3,,,
"2024-12-11 12:30:00.0000",3.22,85.92,,,
"2024-12-11 12:20:00.0000",3.2,86.76,,,
"2024-12-11 12:10:00.0000",3.08,87.42,,,
"2024-12-11 12:00:00.0000",3.08,87.05,,,
"2024-12-11 11:50:00.0000",3.05,87.06,,,
"2024-12-11 11:40:00.0000",2.99,87.07,,,
"2024-12-11 11:30:00.0000",2.83,88,,,
"2024-12-11 11:20:00.0000",3,86.82,,,
"2024-12-11 11:10:00.0000",2.96,87.37,,,
"2024-12-11 11:00:00.0000",2.83,87.08,,,
"2024-12-11 10:50:00.0000",2.86,87.54,,,
"2024-12-11 10:40:00.0000",2.78,87.61,,,
"2024-12-11 10:30:00.0000",2.7,87.66,,,
"2024-12-11 10:20:00.0000",2.47,89.33,,,
"2024-12-11 10:10:00.0000",2.64,88.16,,,
"2024-12-11 10:00:00.0000",2.7,87.67,,,
"2024-12-11 09:50:00.0000",2.62,87.96,,,
"2024-12-11 09:40:00.0000",2.66,87.64,,,
"2024-12-11 09:30:00.0000",2.58,87.97,,,
"2024-12-11 09:20:00.0000",2.55,88.46,,,
"2024-12-11 09:10:00.0000",2.24,89.65,,,
"2024-12-11 09:00:00.0000",2.42,88.64,,,
"2024-12-11 08:50:00.0000",2.43,88.98,,,
"2024-12-11 08:40:00.0000",2.37,89.25,,,
"2024-12-11 08:30:00.0000",2.43,89.25,,,
"2024-12-11 08:20:00.0000",2.34,89.2,,,
"2024-12-11 08:10:00.0000",2.35,89.72,,,
"2024-12-11 08:00:00.0000",2.09,90.87,,,
"2024-12-11 07:50:00.0000",2.29,89.49,,,
"2024-12-11 07:40:00.0000",2.28,89.3,,,
"2024-12-11 07:30:00.0000",2.21,89.52,,,
"2024-12-11 07:20:00.0000",2.23,89.51,,,
"2024-12-11 07:10:00.0000",2.2,89.5,,,
"2024-12-11 07:00:00.0000",2.21,89.4,,,
"2024-12-11 06:50:00.0000",1.96,90.33,,,
"2024-12-11 06:40:00.0000",2.14,89.4,,,
"2024-12-11 06:30:00.0000",2.22,89.36,,,
"2024-12-11 06:20:00.0000",2.17,89.36,,,
"2024-12-11 06:10:00.0000",2.21,89.79,,,
"2024-12-11 06:00:00.0000",2.19,89.62,,,
"2024-12-11 05:50:00.0000",2.16,89.45,,,
"2024-12-11 05:40:00.0000",1.99,90.66,,,
"2024-12-11 05:30:00.0000",2.21,88.84,,,
"2024-12-11 05:20:00.0000",2.21,88.69,,,
"2024-12-11 05:10:00.0000",2.17,89.01,,,
"2024-12-11 05:00:00.0000",2.21,88.69,,,
"2024-12-11 04:50:00.0000",2.19,88.67,,,
"2024-12-11 04:40:00.0000",2.2,88.89,,,
"2024-12-11 04:30:00.0000",2.02,90.54,,,
"2024-12-11 04:20:00.0000",2.21,89.32,,,
"2024-12-11 04:10:00.0000",2.3,89.38,,,
"2024-12-11 04:00:00.0000",2.27,89.39,,,
"2024-12-11 03:50:00.0000",2.29,89.02,,,
"2024-12-11 03:40:00.0000",2.25,88.76,,,
"2024-12-11 03:30:00.0000",2.27,88.9,,,
"2024-12-11 03:20:00.0000",2.04,89.89,,,
"2024-12-11 03:10:00.0000",2.25,88.47,,,
"2024-12-11 03:00:00.0000",2.29,87.95,,,
"2024-12-11 02:50:00.0000",2.26,88.26,,,
"2024-12-11 02:40:00.0000",2.29,88.2,,,
"2024-12-11 02:30:00.0000",2.25,88.45,,,
"2024-12-11 02:20:00.0000",2.27,87.88,,,
"2024-12-11 02:10:00.0000",2.05,89.01,,,
"2024-12-11 02:00:00.0000",2.26,87.96,,,
"2024-12-11 01:50:00.0000",2.29,87.98,,,
"2024-12-11 01:40:00.0000",2.21,88.65,,,
"2024-12-11 01:30:00.0000",2.27,88.73,,,
"2024-12-11 01:20:00.0000",2.21,88.86,,,
"2024-12-11 01:10:00.0000",2.21,89.13,,,
"2024-12-11 01:00:00.0000",1.95,90,,,
"2024-12-11 00:50:00.0000",2.08,89.21,,,
"2024-12-11 00:40:00.0000",2.08,89.72,,,
"2024-12-11 00:30:00.0000",2.01,90.14,,,
"2024-12-11 00:20:00.0000",1.97,90.23,,,
"2024-12-11 00:10:00.0000",1.81,91.13,,,
"2024-12-11 00:00:00.0000",1.66,91.93,,,
"2024-12-10 23:50:00.0000",1.34,93.12,,,
"2024-12-10 23:40:00.0000",1.53,91.49,,,
"2024-12-10 23:30:00.0000",1.69,90.95,,,
"2024-12-10 23:20:00.0000",1.75,91,,,
"2024-12-10 23:10:00.0000",1.84,91.21,,,
"2024-12-10 23:00:00.0000",1.77,91.54,,,
"2024-12-10 22:50:00.0000",1.77,91.85,,,
"2024-12-10 22:40:00.0000",1.52,93.01,,,
"2024-12-10 22:30:00.0000",1.65,92.21,,,
"2024-12-10 22:20:00.0000",1.63,92.37,,,
"2024-12-10 22:10:00.0000",1.49,92.85,,,
"2024-12-10 22:00:00.0000",1.48,92.89,,,
"2024-12-10 21:50:00.0000",1.39,93.05,,,
"2024-12-10 21:40:00.0000",1.32,93.31,,,
"2024-12-10 21:30:00.0000",1.02,94.39,,,
"2024-12-10 21:20:00.0000",1.18,93.18,,,
"2024-12-10 21:10:00.0000",1.18,93.08,,,
"2024-12-10 21:00:00.0000",1.05,93.07,,,
"2024-12-10 20:50:00.0000",1.12,92.18,,,
"2024-12-10 20:40:00.0000",1.22,91.65,,,
"2024-12-10 20:30:00.0000",1.29,91.94,,,
"2024-12-10 20:20:00.0000",1.08,93.16,,,
"2024-12-10 20:10:00.0000",1.31,91.53,,,
"2024-12-10 20:00:00.0000",1.46,91.02,,,
"2024-12-10 19:50:00.0000",1.52,90.47,,,
"2024-12-10 19:40:00.0000",1.6,90.56,,,
"2024-12-10 19:30:00.0000",1.6,90.79,,,
"2024-12-10 19:20:00.0000",1.6,90.77,,,
"2024-12-10 19:10:00.0000",1.37,90.96,,,
"2024-12-10 19:00:00.0000",1.61,88.94,,,
"2024-12-10 18:50:00.0000",1.78,87.86,,,
"2024-12-10 18:40:00.0000",1.9,86.98,,,
"2024-12-10 18:30:00.0000",2.06,86.68,,,
"2024-12-10 18:20:00.0000",2.14,85.75,,,
"2024-12-10 18:10:00.0000",2.22,85.87,,,
"2024-12-10 18:00:00.0000",2.1,86.4,,,
"2024-12-10 17:50:00.0000",2.33,85.34,,,
"2024-12-10 17:40:00.0000",2.45,85.04,,,
"2024-12-10 17:30:00.0000",2.48,85.06,,,
"2024-12-10 17:20:00.0000",2.59,84.6,,,
"2024-12-10 17:10:00.0000",2.62,84.05,,,
"2024-12-10 17:00:00.0000",2.69,83.35,,,
"2024-12-10 16:50:00.0000",2.66,83.14,,,
"2024-12-10 16:40:00.0000",3.1,80.75,,,
"2024-12-10 16:30:00.0000",3.22,80.22,,,
"2024-12-10 16:20:00.0000",3.22,80.32,,,
"2024-12-10 16:10:00.0000",3.31,80.49,,,
"2024-12-10 16:00:00.0000",3.31,80.34,,,
"2024-12-10 15:50:00.0000",3.36,80.7,,,
"2024-12-10 15:40:00.0000",3.26,81.03,,,
"2024-12-10 15:30:00.0000",3.59,79.31,,,
"2024-12-10 15:20:00.0000",3.71,78.75,,,
"2024-12-10 15:10:00.0000",3.78,78.52,,,
"2024-12-10 15:00:00.0000",3.85,77.79,,,
"2024-12-10 14:50:00.0000",3.98,76.75,,,
"2024-12-10 14:40:00.0000",4.12,76.19,,,
"2024-12-10 14:30:00.0000",4.21,75.95,,,
"2024-12-10 14:20:00.0000",4.52,73.01,,,
"2024-12-10 14:10:00.0000",5.26,71.02,,,
"2024-12-10 14:00:00.0000",4.9,72.84,,,
"2024-12-10 13:50:00.0000",4.48,74.13,,,
"2024-12-10 13:40:00.0000",4.58,73.25,,,
"2024-12-10 13:30:00.0000",4.69,72.28,,,
"2024-12-10 13:20:00.0000",4.82,72.83,,,
"2024-12-10 13:10:00.0000",4.63,73.58,,,
"2024-12-10 13:00:00.0000",5.06,72.54,,,
"2024-12-10 12:50:00.0000",5.47,71.38,,,
"2024-12-10 12:40:00.0000",5.18,73.01,,,
"2024-12-10 12:30:00.0000",4.15,76.24,,,
"2024-12-10 12:20:00.0000",4.15,76.88,,,
"2024-12-10 12:10:00.0000",3.93,78.15,,,
"2024-12-10 12:00:00.0000",4.01,78.25,,,
"2024-12-10 11:50:00.0000",3.73,79.92,,,
"2024-12-10 11:40:00.0000",3.51,80.53,,,
"2024-12-10 11:30:00.0000",3.51,80.41,,,
"2024-12-10 11:20:00.0000",3.54,79.86,,,
"2024-12-10 11:10:00.0000",3.72,80.06,,,
"2024-12-10 11:00:00.0000",3.52,80.85,,,
"2024-12-10 10:50:00.0000",3.73,80.12,,,
"2024-12-10 10:40:00.0000",3.69,80.44,,,
"2024-12-10 10:30:00.0000",3.61,81.24,,,
"2024-12-10 10:20:00.0000",3.58,81.65,,,
"2024-12-10 10:10:00.0000",3.45,82.35,,,
"2024-12-10 10:00:00.0000",3.43,82.43,,,
"2024-12-10 09:50:00.0000",3.13,84.03,,,
"2024-12-10 09:40:00.0000",3.2,83.5,,,
"2024-12-10 09:30:00.0000",3.06,83.79,,,
"2024-12-10 09:20:00.0000",3.02,84.26,,,
"2024-12-10 09:10:00.0000",2.97,84.45,,,
"2024-12-10 09:00:00.0000",2.83,84.91,,,
"2024-12-10 08:50:00.0000",2.75,85.57,,,
"2024-12-10 08:40:00.0000",2.44,86.97,,,
"2024-12-10 08:30:00.0000",2.58,86.04,,,
"2024-12-10 08:20:00.0000",2.64,86.02,,,
"2024-12-10 08:10:00.0000",2.61,86.1,,,
"2024-12-10 08:00:00.0000",2.63,85.89,,,
"2024-12-10 07:50:00.0000",2.57,86.05,,,
"2024-12-10 07:40:00.0000",2.62,86.03,,,
"2024-12-10 07:30:00.0000",2.45,87.08,,,
"2024-12-10 07:20:00.0000",2.63,86.37,,,
"2024-12-10 07:10:00.0000",2.64,86.73,,,
"2024-12-10 07:00:00.0000",2.52,87.2,,,
"2024-12-10 06:50:00.0000",2.53,87.34,,,
"2024-12-10 06:40:00.0000",2.58,87.66,,,
"2024-12-10 06:30:00.0000",2.56,88.12,,,
"2024-12-10 06:20:00.0000",2.38,89.05,,,
"2024-12-10 06:10:00.0000",2.61,87.47,,,
"2024-12-10 06:00:00.0000",2.76,86.47,,,
"2024-12-10 05:50:00.0000",2.81,85.92,,,
"2024-12-10 05:40:00.0000",2.93,85.32,,,
"2024-12-10 05:30:00.0000",2.93,85.02,,,
"2024-12-10 05:20:00.0000",2.93,85.26,,,
"2024-12-10 05:10:00.0000",2.71,86.12,,,
"2024-12-10 05:00:00.0000",2.9,85,,,
"2024-12-10 04:50:00.0000",3.02,84.7,,,
"2024-12-10 04:40:00.0000",3.03,84.56,,,
"2024-12-10 04:30:00.0000",3.07,84.35,,,
"2024-12-10 04:20:00.0000",3.08,84.26,,,
"2024-12-10 04:10:00.0000",3.11,84.36,,,
"2024-12-10 04:00:00.0000",2.95,86.16,,,
"2024-12-10 03:50:00.0000",3.21,85.05,,,
"2024-12-10 03:40:00.0000",3.25,85.03,,,
"2024-12-10 03:30:00.0000",3.25,85.12,,,
"2024-12-10 03:20:00.0000",3.34,84.4,,,
"2024-12-10 03:10:00.0000",3.34,83.53,,,
"2024-12-10 03:00:00.0000",3.36,84.94,,,
"2024-12-10 02:50:00.0000",3.13,85.51,,,
"2024-12-10 02:40:00.0000",3.28,83.98,,,
"2024-12-10 02:30:00.0000",3.33,83.19,,,
"2024-12-10 02:20:00.0000",3.35,82.9,,,
"2024-12-10 02:10:00.0000",3.43,82.74,,,
"2024-12-10 02:00:00.0000",3.46,83.56,,,
"2024-12-10 01:50:00.0000",3.49,83.71,,,
"2024-12-10 01:40:00.0000",3.3,84.81,,,
"2024-12-10 01:30:00.0000",3.53,83.98,,,
"2024-12-10 01:20:00.0000",3.63,84.12,,,
"2024-12-10 01:10:00.0000",3.63,84.12,,,
"2024-12-10 01:00:00.0000",3.72,84.26,,,
"2024-12-10 00:50:00.0000",3.67,84.42,,,
"2024-12-10 00:40:00.0000",3.72,85.24,,,
"2024-12-10 00:30:00.0000",3.52,86.07,,,
"2024-12-10 00:20:00.0000",3.71,85.04,,,
"2024-12-10 00:10:00.0000",3.79,84.81,,,
"2024-12-10 00:00:00.0000",3.79,85.12,,,
"2024-12-09 23:50:00.0000",3.85,85.58,,,
"2024-12-09 23:40:00.0000",3.78,85.77,,,
"2024-12-09 23:30:00.0000",3.77,86.3,,,
"2024-12-09 23:20:00.0000",3.54,87.79,,,
"2024-12-09 23:10:00.0000",3.74,87.16,,,
"2024-12-09 23:00:00.0000",3.77,88.09,,,
"2024-12-09 22:50:00.0000",3.73,88.67,,,
"2024-12-09 22:40:00.0000",3.74,89.32,,,
"2024-12-09 22:30:00.0000",3.7,90.01,,,
"2024-12-09 22:20:00.0000",3.66,90.58,,,
"2024-12-09 22:10:00.0000",3.43,91.55,,,
"2024-12-09 22:00:00.0000",3.55,90.81,,,
"2024-12-09 21:50:00.0000",3.55,91.19,,,
"2024-12-09 21:40:00.0000",3.37,91.76,,,
"2024-12-09 21:30:00.0000",3.31,91.54,,,
"2024-12-09 21:20:00.0000",3.35,91.45,,,
"2024-12-09 21:10:00.0000",3.31,92.28,,,
"2024-12-09 21:00:00.0000",2.95,94.41,,,
"2024-12-09 20:50:00.0000",2.99,94.39,,,
"2024-12-09 20:40:00.0000",2.88,95.01,,,
"2024-12-09 20:30:00.0000",2.82,95.81,,,
"2024-12-09 20:20:00.0000",2.73,96.57,,,
"2024-12-09 20:10:00.0000",2.48,97.99,,,
"2024-12-09 20:00:00.0000",2.17,99.23,,,
"2024-12-09 19:50:00.0000",1.86,99.94,,,
"2024-12-09 19:40:00.0000",2.06,99.1,,,
"2024-12-09 19:30:00.0000",2.13,99.14,,,
"2024-12-09 19:20:00.0000",2.1,98.91,,,
"2024-12-09 19:10:00.0000",2.25,98.28,,,
"2024-12-09 19:00:00.0000",2.4,97.9,,,
"2024-12-09 18:50:00.0000",2.55,97.45,,,
"2024-12-09 18:40:00.0000",2.51,97.66,,,
"2024-12-09 18:30:00.0000",2.78,95.7,,,
"2024-12-09 18:20:00.0000",2.95,94.81,,,
"2024-12-09 18:10:00.0000",2.99,93.56,,,
"2024-12-09 18:00:00.0000",3.25,92.33,,,
"2024-12-09 17:50:00.0000",3.42,91.19,,,
"2024-12-09 17:40:00.0000",3.65,90.24,,,
"2024-12-09 17:30:00.0000",3.62,89.94,,,
"2024-12-09 17:20:00.0000",4.08,87.52,,,
"2024-12-09 17:10:00.0000",4.25,86.75,,,
"2024-12-09 17:00:00.0000",4.19,86.48,,,
"2024-12-09 16:50:00.0000",4.37,85.75,,,
"2024-12-09 16:40:00.0000",4.33,85.97,,,
"2024-12-09 16:30:00.0000",4.41,86.55,,,
"2024-12-09 16:20:00.0000",4.5,86.59,,,
"2024-12-09 16:10:00.0000",4.79,85.48,,,
"2024-12-09 16:00:00.0000",4.83,84.9,,,
"2024-12-09 15:50:00.0000",4.82,83.77,,,
"2024-12-09 15:40:00.0000",4.88,83.68,,,
"2024-12-09 15:30:00.0000",4.91,87.65,,,
"2024-12-09 15:20:00.0000",5.1,86.94,,,
"2024-12-09 15:10:00.0000",5.04,88.47,,,
"2024-12-09 15:00:00.0000",5.48,86.25,,,
"2024-12-09 14:50:00.0000",5.89,83.26,,,
"2024-12-09 14:40:00.0000",6.56,81.03,,,
"2024-12-09 14:30:00.0000",7.72,76.74,,,
"2024-12-09 14:20:00.0000",8.25,76.47,,,
"2024-12-09 14:10:00.0000",8.17,75.72,,,
"2024-12-09 14:00:00.0000",7.6,77.21,,,
"2024-12-09 13:50:00.0000",7.26,77.14,,,
"2024-12-09 13:40:00.0000",7.44,77.31,,,
"2024-12-09 13:30:00.0000",6.68,80.17,,,
"2024-12-09 13:20:00.0000",6.05,83.03,,,
"2024-12-09 13:10:00.0000",5.81,84.97,,,
"2024-12-09 13:00:00.0000",5.62,85.73,,,
"2024-12-09 12:50:00.0000",5.44,87.76,,,
"2024-12-09 12:40:00.0000",5.56,87.66,,,
"2024-12-09 12:30:00.0000",5.61,88.19,,,
"2024-12-09 12:20:00.0000",5.62,88.98,,,
"2024-12-09 12:10:00.0000",5.66,89.21,,,
"2024-12-09 12:00:00.0000",5.51,90.28,,,
"2024-12-09 11:50:00.0000",5.28,90.64,,,
"2024-12-09 11:40:00.0000",4.66,92.05,,,
"2024-12-09 11:30:00.0000",4.23,92.82,,,
"2024-12-09 11:20:00.0000",3.93,93.89,,,
"2024-12-09 11:10:00.0000",3.66,94.81,,,
"2024-12-09 11:00:00.0000",3.55,95.7,,,
"2024-12-09 10:50:00.0000",3.35,96.67,,,
"2024-12-09 10:40:00.0000",3.2,97.42,,,
"2024-12-09 10:30:00.0000",2.9,98.81,,,
"2024-12-09 10:20:00.0000",2.99,98.27,,,
"2024-12-09 10:10:00.0000",2.99,98.32,,,
"2024-12-09 10:00:00.0000",2.91,98.64,,,
"2024-12-09 09:50:00.0000",2.92,98.61,,,
"2024-12-09 09:40:00.0000",2.78,98.62,,,
"2024-12-09 09:30:00.0000",2.68,98.76,,,
"2024-12-09 09:20:00.0000",2.41,99.77,,,
"2024-12-09 09:10:00.0000",2.5,98.86,,,
"2024-12-09 09:00:00.0000",2.62,98.06,,,
"2024-12-09 08:50:00.0000",2.74,96.91,,,
"2024-12-09 08:40:00.0000",2.95,96.03,,,
"2024-12-09 08:30:00.0000",3.03,95.65,,,
"2024-12-09 08:20:00.0000",3,96.09,,,
"2024-12-09 08:10:00.0000",2.74,98.19,,,
"2024-12-09 08:00:00.0000",2.97,97.96,,,
"2024-12-09 07:50:00.0000",3.12,99.08,,,
"2024-12-09 07:40:00.0000",2.93,100,,,
"2024-12-09 07:30:00.0000",2.86,100,,,
"2024-12-09 07:20:00.0000",2.78,100,,,
"2024-12-09 07:10:00.0000",2.74,100,,,
"2024-12-09 07:00:00.0000",2.57,100,,,
"2024-12-09 06:50:00.0000",2.98,100,,,
"2024-12-09 06:40:00.0000",2.97,100,,,
"2024-12-09 06:30:00.0000",2.89,100,,,
"2024-12-09 06:20:00.0000",2.86,100,,,
"2024-12-09 06:10:00.0000",2.73,100,,,
"2024-12-09 06:00:00.0000",2.59,100,,,
"2024-12-09 05:50:00.0000",2.22,100,,,
"2024-12-09 05:40:00.0000",2.29,100,,,
"2024-12-09 05:30:00.0000",2.23,100,,,
"2024-12-09 05:20:00.0000",2.1,100,,,
"2024-12-09 05:10:00.0000",2.13,100,,,
"2024-12-09 05:00:00.0000",2.35,100,,,
"2024-12-09 04:50:00.0000",2.53,100,,,
"2024-12-09 04:40:00.0000",2.35,100,,,
"2024-12-09 04:30:00.0000",2.26,100,,,
"2024-12-09 04:20:00.0000",2.23,100,,,
"2024-12-09 04:10:00.0000",2.15,100,,,
"2024-12-09 04:00:00.0000",2.19,100,,,
"2024-12-09 03:50:00.0000",2,100,,,
"2024-12-09 03:40:00.0000",2.03,100,,,
"2024-12-09 03:30:00.0000",1.97,100,,,
"2024-12-09 03:20:00.0000",2.3,100,,,
"2024-12-09 03:10:00.0000",2.47,100,,,
"2024-12-09 03:00:00.0000",2.51,100,,,
"2024-12-09 02:50:00.0000",2.63,100,,,
"2024-12-09 02:40:00.0000",2.68,100,,,
"2024-12-09 02:30:00.0000",2.72,100,,,
"2024-12-09 02:20:00.0000",2.45,100,,,
"2024-12-09 02:10:00.0000",2.51,100,,,
"2024-12-09 02:00:00.0000",2.6,100,,,
"2024-12-09 01:50:00.0000",2.64,100,,,
"2024-12-09 01:40:00.0000",2.74,100,,,
"2024-12-09 01:30:00.0000",2.53,100,,,
"2024-12-09 01:20:00.0000",2.41,100,,,
"2024-12-09 01:10:00.0000",2.19,100,,,
"2024-12-09 01:00:00.0000",2.33,100,,,
"2024-12-09 00:50:00.0000",2.1,100,,,
"2024-12-09 00:40:00.0000",1.8,100,,,
"2024-12-09 00:30:00.0000",1.77,100,,,
"2024-12-09 00:20:00.0000",1.54,100,,,
"2024-12-09 00:10:00.0000",1.38,100,,,
"2024-12-09 00:00:00.0000",1.44,100,,,
"2024-12-08 23:50:00.0000",1.93,100,,,
"2024-12-08 23:40:00.0000",2.23,100,,,
"2024-12-08 23:30:00.0000",2.42,100,,,
"2024-12-08 23:20:00.0000",2.64,100,,,
"2024-12-08 23:10:00.0000",2.86,100,,,
"2024-12-08 23:00:00.0000",3.07,100,,,
"2024-12-08 22:50:00.0000",3.07,100,,,
"2024-12-08 22:40:00.0000",3.46,100,,,
"2024-12-08 22:30:00.0000",3.51,100,,,
"2024-12-08 22:20:00.0000",3.65,100,,,
"2024-12-08 22:10:00.0000",3.82,100,,,
"2024-12-08 22:00:00.0000",3.87,100,,,
"2024-12-08 21:50:00.0000",3.85,100,,,
"2024-12-08 21:40:00.0000",3.71,100,,,
"2024-12-08 21:30:00.0000",3.91,99.19,,,
"2024-12-08 21:20:00.0000",3.9,98.81,,,
"2024-12-08 21:10:00.0000",3.78,99.1,,,
"2024-12-08 21:00:00.0000",3.68,99.47,,,
"2024-12-08 20:50:00.0000",3.54,99.84,,,
"2024-12-08 20:40:00.0000",3.54,99.94,,,
"2024-12-08 20:30:00.0000",3.31,100,,,
"2024-12-08 20:20:00.0000",3.58,99.54,,,
"2024-12-08 20:10:00.0000",3.74,99.34,,,
"2024-12-08 20:00:00.0000",3.66,99.78,,,
"2024-12-08 19:50:00.0000",3.7,99.18,,,
"2024-12-08 19:40:00.0000",3.86,98.49,,,
"2024-12-08 19:30:00.0000",3.85,99.6,,,
"2024-12-08 19:20:00.0000",3.48,100,,,
"2024-12-08 19:10:00.0000",3.47,100,,,
"2024-12-08 19:00:00.0000",3.44,99.93,,,
"2024-12-08 18:50:00.0000",3.47,99.39,,,
"2024-12-08 18:40:00.0000",3.64,98.44,,,
"2024-12-08 18:30:00.0000",3.78,98.21,,,
"2024-12-08 18:20:00.0000",3.82,98.38,,,
"2024-12-08 18:10:00.0000",3.72,98.96,,,
"2024-12-08 18:00:00.0000",3.92,98.46,,,
"2024-12-08 17:50:00.0000",3.9,98.84,,,
"2024-12-08 17:40:00.0000",3.86,98.9,,,
"2024-12-08 17:30:00.0000",4.04,97.86,,,
"2024-12-08 17:20:00.0000",4.36,96.82,,,
"2024-12-08 17:10:00.0000",4.38,96.18,,,
"2024-12-08 17:00:00.0000",4.22,96.53,,,
"2024-12-08 16:50:00.0000",4.44,94.65,,,
"2024-12-08 16:40:00.0000",4.56,93.25,,,
"2024-12-08 16:30:00.0000",4.53,92.04,,,
"2024-12-08 16:20:00.0000",4.53,92.46,,,
"2024-12-08 16:10:00.0000",4.45,93.16,,,
"2024-12-08 16:00:00.0000",4.44,93.08,,,
"2024-12-08 15:50:00.0000",4.27,92.65,,,
"2024-12-08 15:40:00.0000",4.47,90.94,,,
"2024-12-08 15:30:00.0000",4.53,90.12,,,
"2024-12-08 15:20:00.0000",4.5,89.23,,,
"2024-12-08 15:10:00.0000",4.63,88.61,,,
"2024-12-08 15:00:00.0000",4.66,88.1,,,
"2024-12-08 14:50:00.0000",4.64,87.75,,,
"2024-12-08 14:40:00.0000",4.4,88.05,,,
"2024-12-08 14:30:00.0000",4.53,87.08,,,
"2024-12-08 14:20:00.0000",4.52,86.74,,,
"2024-12-08 14:10:00.0000",4.4,86.88,,,
"2024-12-08 14:00:00.0000",4.31,86.77,,,
"2024-12-08 13:50:00.0000",4.17,86.93,,,
"2024-12-08 13:40:00.0000",4.11,86.74,,,
"2024-12-08 13:30:00.0000",3.88,87.44,,,
"2024-12-08 13:20:00.0000",3.99,86.19,,,
"2024-12-08 13:10:00.0000",4.03,85.65,,,
"2024-12-08 13:00:00.0000",3.98,85.15,,,
"2024-12-08 12:50:00.0000",3.99,84.65,,,
"2024-12-08 12:40:00.0000",3.9,84.62,,,
"2024-12-08 12:30:00.0000",3.88,85.02,,,
"2024-12-08 12:20:00.0000",3.66,85.63,,,
"2024-12-08 12:10:00.0000",3.82,84.69,,,
"2024-12-08 12:00:00.0000",3.8,85.12,,,
"2024-12-08 11:50:00.0000",3.76,85.35,,,
"2024-12-08 11:40:00.0000",3.74,85.46,,,
"2024-12-08 11:30:00.0000",3.67,85.44,,,
"2024-12-08 11:20:00.0000",3.61,85.44,,,
"2024-12-08 11:10:00.0000",3.4,86.55,,,
"2024-12-08 11:00:00.0000",3.48,85.99,,,
"2024-12-08 10:50:00.0000",3.41,86.62,,,
"2024-12-08 10:40:00.0000",3.21,88.16,,,
"2024-12-08 10:30:00.0000",3.02,89.08,,,
"2024-12-08 10:20:00.0000",2.76,89.97,,,
"2024-12-08 10:10:00.0000",2.64,89.89,,,
"2024-12-08 10:00:00.0000",2.39,90.7,,,
"2024-12-08 09:50:00.0000",2.5,89.6,,,
"2024-12-08 09:40:00.0000",2.44,89.7,,,
"2024-12-08 09:30:00.0000",2.31,89.89,,,
"2024-12-08 09:20:00.0000",2.26,89.57,,,
"2024-12-08 09:10:00.0000",2.17,89.97,,,
"2024-12-08 09:00:00.0000",2.21,89.83,,,
"2024-12-08 08:50:00.0000",2.05,89.74,,,
"2024-12-08 08:40:00.0000",2.29,88.02,,,
"2024-12-08 08:30:00.0000",2.19,87.73,,,
"2024-12-08 08:20:00.0000",2.06,87.21,,,
"2024-12-08 08:10:00.0000",2.03,86.4,,,
"2024-12-08 08:00:00.0000",1.99,85.87,,,
"2024-12-08 07:50:00.0000",2.05,84.84,,,
"2024-12-08 07:40:00.0000",1.99,84.75,,,
"2024-12-08 07:30:00.0000",2.09,83.67,,,
"2024-12-08 07:20:00.0000",2.09,83.55,,,
"2024-12-08 07:10:00.0000",2.06,83.29,,,
"2024-12-08 07:00:00.0000",2.1,83.07,,,
"2024-12-08 06:50:00.0000",2.02,83.21,,,
"2024-12-08 06:40:00.0000",2.13,82.36,,,
"2024-12-08 06:30:00.0000",1.96,83.02,,,
"2024-12-08 06:20:00.0000",2.14,82.27,,,
"2024-12-08 06:10:00.0000",2.25,82.17,,,
"2024-12-08 06:00:00.0000",2.3,82.01,,,
"2024-12-08 05:50:00.0000",2.4,81.89,,,
"2024-12-08 05:40:00.0000",2.49,81.71,,,
"2024-12-08 05:30:00.0000",2.62,81.51,,,
"2024-12-08 05:20:00.0000",2.56,82.54,,,
"2024-12-08 05:10:00.0000",2.88,82.67,,,
"2024-12-08 05:00:00.0000",3,83.75,,,
"2024-12-08 04:50:00.0000",2.92,84.01,,,
"2024-12-08 04:40:00.0000",2.97,84.8,,,
"2024-12-08 04:30:00.0000",2.94,85.02,,,
"2024-12-08 04:20:00.0000",2.98,85.42,,,
"2024-12-08 04:10:00.0000",2.91,85.79,,,
"2024-12-08 04:00:00.0000",3.14,85.93,,,
"2024-12-08 03:50:00.0000",3.26,87.36,,,
"2024-12-08 03:40:00.0000",3.35,87.4,,,
"2024-12-08 03:30:00.0000",3.53,86.81,,,
"2024-12-08 03:20:00.0000",3.51,86.5,,,
"2024-12-08 03:10:00.0000",3.57,87.1,,,
"2024-12-08 03:00:00.0000",3.37,89.08,,,
"2024-12-08 02:50:00.0000",3.6,89.11,,,
"2024-12-08 02:40:00.0000",3.68,89.47,,,
"2024-12-08 02:30:00.0000",3.7,89.49,,,
"2024-12-08 02:20:00.0000",3.83,88.63,,,
"2024-12-08 02:10:00.0000",3.86,89.04,,,
"2024-12-08 02:00:00.0000",3.87,89.27,,,
"2024-12-08 01:50:00.0000",3.78,89.71,,,
"2024-12-08 01:40:00.0000",4.04,88.58,,,
"2024-12-08 01:30:00.0000",4.07,88.5,,,
"2024-12-08 01:20:00.0000",4.02,89.45,,,
"2024-12-08 01:10:00.0000",4.07,89.42,,,
"2024-12-08 01:00:00.0000",4.04,90.13,,,
"2024-12-08 00:50:00.0000",4.04,90.36,,,
"2024-12-08 00:40:00.0000",3.85,91.69,,,
"2024-12-08 00:30:00.0000",4.06,90.74,,,
"2024-12-08 00:20:00.0000",4.05,91.34,,,
"2024-12-08 00:10:00.0000",4.05,91.8,,,
"2024-12-08 00:00:00.0000",4.08,92.06,,,
"2024-12-07 23:50:00.0000",4.02,92.39,,,
"2024-12-07 23:40:00.0000",4,92.46,,,
"2024-12-07 23:30:00.0000",3.8,93.77,,,
"2024-12-07 23:20:00.0000",3.94,92.85,,,
"2024-12-07 23:10:00.0000",3.98,93.01,,,
"2024-12-07 23:00:00.0000",3.95,92.79,,,
"2024-12-07 22:50:00.0000",4.03,92.12,,,
"2024-12-07 22:40:00.0000",4.01,92.28,,,
"2024-12-07 22:30:00.0000",4.04,92.88,,,
"2024-12-07 22:20:00.0000",3.83,94.28,,,
"2024-12-07 22:10:00.0000",4.02,93.62,,,
"2024-12-07 22:00:00.0000",4.06,92.97,,,
"2024-12-07 21:50:00.0000",4.07,92.47,,,
"2024-12-07 21:40:00.0000",4.15,92.04,,,
"2024-12-07 21:30:00.0000",4.21,91.32,,,
"2024-12-07 21:20:00.0000",4.4,90.38,,,
"2024-12-07 21:10:00.0000",4.32,89.31,,,
"2024-12-07 21:00:00.0000",4.54,89.7,,,
"2024-12-07 20:50:00.0000",4.59,90.64,,,
"2024-12-07 20:40:00.0000",4.62,89.82,,,
"2024-12-07 20:30:00.0000",4.68,90.44,,,
"2024-12-07 20:20:00.0000",4.69,90.71,,,
"2024-12-07 20:10:00.0000",4.71,89.5,,,
"2024-12-07 20:00:00.0000",4.53,90.13,,,
"2024-12-07 19:50:00.0000",4.75,88.27,,,
"2024-12-07 19:40:00.0000",4.81,88.31,,,
"2024-12-07 19:30:00.0000",4.78,88.19,,,
"2024-12-07 19:20:00.0000",4.85,87.74,,,
"2024-12-07 19:10:00.0000",4.85,85.54,,,
"2024-12-07 19:00:00.0000",4.81,87.73,,,
"2024-12-07 18:50:00.0000",4.64,91.2,,,
"2024-12-07 18:40:00.0000",4.83,89.91,,,
"2024-12-07 18:30:00.0000",4.87,89.71,,,
"2024-12-07 18:20:00.0000",4.84,89.53,,,
"2024-12-07 18:10:00.0000",4.86,91.67,,,
"2024-12-07 18:00:00.0000",4.86,92.25,,,
"2024-12-07 17:50:00.0000",4.87,93.11,,,
"2024-12-07 17:40:00.0000",4.74,93.13,,,
"2024-12-07 17:30:00.0000",4.88,89.93,,,
"2024-12-07 17:20:00.0000",4.92,91,,,
"2024-12-07 17:10:00.0000",4.86,91.63,,,
"2024-12-07 17:00:00.0000",4.89,91.35,,,
"2024-12-07 16:50:00.0000",4.8,92.37,,,
"2024-12-07 16:40:00.0000",4.84,93.56,,,
"2024-12-07 16:30:00.0000",4.65,93.73,,,
"2024-12-07 16:20:00.0000",4.8,94.6,,,
"2024-12-07 16:10:00.0000",4.77,94.8,,,
"2024-12-07 16:00:00.0000",4.61,96.12,,,
"2024-12-07 15:50:00.0000",4.42,97.99,,,
"2024-12-07 15:40:00.0000",4.25,99.67,,,
"2024-12-07 15:30:00.0000",4.21,100,,,
"2024-12-07 15:20:00.0000",4.08,99.91,,,
"2024-12-07 15:10:00.0000",4.23,99.48,,,
"2024-12-07 15:00:00.0000",4.33,98.81,,,
"2024-12-07 14:50:00.0000",4.49,99.22,,,
"2024-12-07 14:40:00.0000",4.63,98.21,,,
"2024-12-07 14:30:00.0000",4.61,98.38,,,
"2024-12-07 14:20:00.0000",4.54,99.04,,,
"2024-12-07 14:10:00.0000",4.28,99.89,,,
"2024-12-07 14:00:00.0000",4.43,99.18,,,
"2024-12-07 13:50:00.0000",4.52,98.5,,,
"2024-12-07 13:40:00.0000",4.5,97.26,,,
"2024-12-07 13:30:00.0000",4.48,96,,,
"2024-12-07 13:20:00.0000",4.29,96.73,,,
"2024-12-07 13:10:00.0000",4.16,98.35,,,
"2024-12-07 13:00:00.0000",3.97,98.79,,,
"2024-12-07 12:50:00.0000",4.11,98.37,,,
"2024-12-07 12:40:00.0000",3.98,98.67,,,
"2024-12-07 12:30:00.0000",3.85,99.7,,,
"2024-12-07 12:20:00.0000",3.82,100,,,
"2024-12-07 12:10:00.0000",3.8,100,,,
"2024-12-07 12:00:00.0000",3.93,98.97,,,
"2024-12-07 11:50:00.0000",3.62,100,,,
"2024-12-07 11:40:00.0000",3.66,99.94,,,
"2024-12-07 11:30:00.0000",3.5,100,,,
"2024-12-07 11:20:00.0000",3.23,100,,,
"2024-12-07 11:10:00.0000",3.11,100,,,
"2024-12-07 11:00:00.0000",2.91,100,,,
"2024-12-07 10:50:00.0000",2.75,100,,,
"2024-12-07 10:40:00.0000",2.46,100,,,
"2024-12-07 10:30:00.0000",2.77,100,,,
"2024-12-07 10:20:00.0000",2.89,100,,,
"2024-12-07 10:10:00.0000",2.84,100,,,
"2024-12-07 10:00:00.0000",3,100,,,
"2024-12-07 09:50:00.0000",3.08,100,,,
"2024-12-07 09:40:00.0000",3.13,100,,,
"2024-12-07 09:30:00.0000",2.98,100,,,
"2024-12-07 09:20:00.0000",3.25,100,,,
"2024-12-07 09:10:00.0000",3.34,100,,,
"2024-12-07 09:00:00.0000",3.39,100,,,
"2024-12-07 08:50:00.0000",3.39,100,,,
"2024-12-07 08:40:00.0000",3.31,100,,,
"2024-12-07 08:30:00.0000",3.35,100,,,
"2024-12-07 08:20:00.0000",3.15,100,,,
"2024-12-07 08:10:00.0000",3.39,100,,,
"2024-12-07 08:00:00.0000",3.42,100,,,
"2024-12-07 07:50:00.0000",3.47,100,,,
"2024-12-07 07:40:00.0000",3.57,100,,,
"2024-12-07 07:30:00.0000",3.59,100,,,
"2024-12-07 07:20:00.0000",3.61,100,,,
"2024-12-07 07:10:00.0000",3.41,100,,,
"2024-12-07 07:00:00.0000",3.58,100,,,
"2024-12-07 06:50:00.0000",3.71,100,,,
"2024-12-07 06:40:00.0000",3.8,100,,,
"2024-12-07 06:30:00.0000",4,100,,,
"2024-12-07 06:20:00.0000",4.18,100,,,
"2024-12-07 06:10:00.0000",4.31,100,,,
"2024-12-07 06:00:00.0000",4.29,100,,,
"2024-12-07 05:50:00.0000",4.74,100,,,
"2024-12-07 05:40:00.0000",5,100,,,
"2024-12-07 05:30:00.0000",5.48,100,,,
"2024-12-07 05:20:00.0000",6.25,100,,,
"2024-12-07 05:10:00.0000",5.86,100,,,
"2024-12-07 05:00:00.0000",5.73,100,,,
"2024-12-07 04:50:00.0000",5.42,100,,,
"2024-12-07 04:40:00.0000",5.56,100,,,
"2024-12-07 04:30:00.0000",5.57,100,,,
"2024-12-07 04:20:00.0000",5.54,100,,,
"2024-12-07 04:10:00.0000",5.66,100,,,
"2024-12-07 04:00:00.0000",5.68,100,,,
"2024-12-07 03:50:00.0000",5.79,100,,,
"2024-12-07 03:40:00.0000",5.84,100,,,
"2024-12-07 03:30:00.0000",6.34,100,,,
"2024-12-07 03:20:00.0000",6.56,99.94,,,
"2024-12-07 03:10:00.0000",6.65,98.54,,,
"2024-12-07 03:00:00.0000",6.7,98.01,,,
"2024-12-07 02:50:00.0000",6.67,97.78,,,
"2024-12-07 02:40:00.0000",6.7,97.71,,,
"2024-12-07 02:30:00.0000",6.59,97.66,,,
"2024-12-07 02:20:00.0000",7.02,97.55,,,
"2024-12-07 02:10:00.0000",7.17,98.22,,,
"2024-12-07 02:00:00.0000",7.13,97.99,,,
"2024-12-07 01:50:00.0000",7.22,98.13,,,
"2024-12-07 01:40:00.0000",7.22,98.07,,,
"2024-12-07 01:30:00.0000",7.34,97.92,,,
"2024-12-07 01:20:00.0000",7.3,98.74,,,
"2024-12-07 01:10:00.0000",7.56,97.32,,,
"2024-12-07 01:00:00.0000",7.7,96.96,,,
"2024-12-07 00:50:00.0000",7.81,96.86,,,
"2024-12-07 00:40:00.0000",7.9,96.85,,,
"2024-12-07 00:30:00.0000",7.91,97.36,,,
"2024-12-07 00:20:00.0000",7.96,97.82,,,
"2024-12-07 00:10:00.0000",7.81,100,,,
"2024-12-07 00:00:00.0000",8.1,100,,,
"2024-12-06 23:50:00.0000",8.14,100,,,
"2024-12-06 23:40:00.0000",7.72,100,,,
"2024-12-06 23:30:00.0000",7.22,100,,,
"2024-12-06 23:20:00.0000",7.16,100,,,
"2024-12-06 23:10:00.0000",7.18,100,,,
"2024-12-06 23:00:00.0000",6.9,100,,,
"2024-12-06 22:50:00.0000",7,100,,,
"2024-12-06 22:40:00.0000",6.94,100,,,
"2024-12-06 22:30:00.0000",6.85,100,,,
"2024-12-06 22:20:00.0000",6.75,100,,,
"2024-12-06 22:10:00.0000",6.53,100,,,
"2024-12-06 22:00:00.0000",6.33,100,,,
"2024-12-06 21:50:00.0000",5.97,100,,,
"2024-12-06 21:40:00.0000",6.01,100,,,
"2024-12-06 21:30:00.0000",5.97,100,,,
"2024-12-06 21:20:00.0000",5.87,100,,,
"2024-12-06 21:10:00.0000",5.9,100,,,
"2024-12-06 21:00:00.0000",5.83,100,,,
"2024-12-06 20:50:00.0000",5.72,100,,,
"2024-12-06 20:40:00.0000",5.36,100,,,
"2024-12-06 20:30:00.0000",5.37,100,,,
"2024-12-06 20:20:00.0000",5.23,100,,,
"2024-12-06 20:10:00.0000",4.98,100,,,
"2024-12-06 20:00:00.0000",4.84,100,,,
"2024-12-06 19:50:00.0000",4.55,100,,,
"2024-12-06 19:40:00.0000",4,100,,,
"2024-12-06 17:00:00.0000",3.43,100,,,
"2024-12-06 16:50:00.0000",3.56,100,,,
"2024-12-06 16:40:00.0000",3.69,100,,,
"2024-12-06 16:30:00.0000",3.76,100,,,
"2024-12-06 16:20:00.0000",3.77,100,,,
"2024-12-06 16:10:00.0000",3.86,100,,,
"2024-12-06 16:00:00.0000",3.72,100,,,
"2024-12-06 15:50:00.0000",4.01,100,,,
"2024-12-06 15:40:00.0000",4.21,100,,,
"2024-12-06 15:30:00.0000",4.28,100,,,
"2024-12-06 15:20:00.0000",4.43,100,,,
"2024-12-06 15:10:00.0000",4.49,100,,,
"2024-12-06 15:00:00.0000",4.67,98.98,,,
"2024-12-06 14:50:00.0000",4.64,97.62,,,
"2024-12-06 14:40:00.0000",4.89,95.32,,,
"2024-12-06 14:30:00.0000",5.03,93.92,,,
"2024-12-06 14:20:00.0000",5.09,93.55,,,
"2024-12-06 14:10:00.0000",5.15,93.29,,,
"2024-12-06 14:00:00.0000",5.11,92.96,,,
"2024-12-06 13:50:00.0000",5.23,93.1,,,
"2024-12-06 13:40:00.0000",5.08,92.59,,,
"2024-12-06 13:30:00.0000",5.29,91.26,,,
"2024-12-06 13:20:00.0000",5.42,90.42,,,
"2024-12-06 13:10:00.0000",5.38,90.17,,,
"2024-12-06 13:00:00.0000",5.42,88.7,,,
"2024-12-06 12:50:00.0000",5.5,87.37,,,
"2024-12-06 12:40:00.0000",5.7,85.73,,,
"2024-12-06 12:30:00.0000",5.69,86.03,,,
"2024-12-06 12:20:00.0000",5.79,85.98,,,
"2024-12-06 12:10:00.0000",5.7,87.14,,,
"2024-12-06 12:00:00.0000",5.53,88.4,,,
"2024-12-06 11:50:00.0000",5.48,89.74,,,
"2024-12-06 11:40:00.0000",5.33,91.01,,,
"2024-12-06 11:30:00.0000",5.25,94.06,,,
"2024-12-06 11:20:00.0000",4.94,95.77,,,
"2024-12-06 11:10:00.0000",5.14,95.19,,,
"2024-12-06 11:00:00.0000",5.17,95.51,,,
"2024-12-06 10:50:00.0000",5.1,96.17,,,
"2024-12-06 10:40:00.0000",5.08,96.7,,,
"2024-12-06 10:30:00.0000",5.03,97.15,,,
"2024-12-06 10:20:00.0000",4.98,98.28,,,
"2024-12-06 10:10:00.0000",4.76,99.71,,,
"2024-12-06 10:00:00.0000",4.96,99.52,,,
"2024-12-06 09:50:00.0000",5.02,99.94,,,
"2024-12-06 09:40:00.0000",4.97,99.54,,,
"2024-12-06 09:30:00.0000",4.92,97.39,,,
"2024-12-06 09:20:00.0000",4.61,94.61,,,
"2024-12-06 09:10:00.0000",4.4,95.92,,,
"2024-12-06 09:00:00.0000",4.14,97.11,,,
"2024-12-06 08:50:00.0000",4.39,95.95,,,
"2024-12-06 08:40:00.0000",4.49,95.75,,,
"2024-12-06 08:30:00.0000",4.5,96.05,,,
"2024-12-06 08:20:00.0000",4.56,96.63,,,
"2024-12-06 08:10:00.0000",4.54,96.6,,,
"2024-12-06 08:00:00.0000",4.59,96.15,,,
"2024-12-06 07:50:00.0000",4.41,95.77,,,
"2024-12-06 07:40:00.0000",4.59,90.01,,,
"2024-12-06 07:30:00.0000",4.69,88.34,,,
"2024-12-06 07:20:00.0000",4.67,87.51,,,
"2024-12-06 07:10:00.0000",4.72,88.78,,,
"2024-12-06 07:00:00.0000",4.7,90.15,,,
"2024-12-06 06:50:00.0000",4.67,89.7,,,
"2024-12-06 06:40:00.0000",4.47,90.21,,,
"2024-12-06 06:30:00.0000",4.71,89.5,,,
"2024-12-06 06:20:00.0000",4.7,89.55,,,
"2024-12-06 06:10:00.0000",4.69,89.94,,,
"2024-12-06 06:00:00.0000",4.81,89.55,,,
"2024-12-06 05:50:00.0000",4.86,88.34,,,
"2024-12-06 05:40:00.0000",4.9,88.61,,,
"2024-12-06 05:30:00.0000",4.76,88.3,,,
"2024-12-06 05:20:00.0000",4.92,86.65,,,
"2024-12-06 05:10:00.0000",5.01,88.38,,,
"2024-12-06 05:00:00.0000",5.17,88.07,,,
"2024-12-06 04:50:00.0000",5.42,87.42,,,
"2024-12-06 04:40:00.0000",5.5,86.57,,,
"2024-12-06 04:30:00.0000",5.52,89.04,,,
"2024-12-06 04:20:00.0000",5.32,88.97,,,
"2024-12-06 04:10:00.0000",5.33,87.63,,,
"2024-12-06 04:00:00.0000",5.35,86.93,,,
"2024-12-06 03:50:00.0000",5.34,88.41,,,
"2024-12-06 03:40:00.0000",5.29,87.68,,,
"2024-12-06 03:30:00.0000",5.32,87.51,,,
"2024-12-06 03:20:00.0000",5.49,86.13,,,
"2024-12-06 03:10:00.0000",5.54,86.9,,,
"2024-12-06 03:00:00.0000",5.8,84.87,,,
"2024-12-06 02:50:00.0000",5.89,83.33,,,
"2024-12-06 02:40:00.0000",5.79,82.78,,,
"2024-12-06 02:30:00.0000",5.73,82.76,,,
"2024-12-06 02:20:00.0000",5.74,82.73,,,
"2024-12-06 02:10:00.0000",5.6,83.53,,,
"2024-12-06 02:00:00.0000",5.38,84.94,,,
"2024-12-06 01:50:00.0000",5.41,85.36,,,
"2024-12-06 01:40:00.0000",5.39,86.37,,,
"2024-12-06 01:30:00.0000",5.33,88.77,,,
"2024-12-06 01:20:00.0000",5.36,88.43,,,
"2024-12-06 01:10:00.0000",5.26,89.8,,,
"2024-12-06 01:00:00.0000",5.3,89.43,,,
"2024-12-06 00:50:00.0000",5.27,89.78,,,
"2024-12-06 00:40:00.0000",5.53,88.94,,,
"2024-12-06 00:30:00.0000",5.72,86.94,,,
"2024-12-06 00:20:00.0000",5.66,85.42,,,
"2024-12-06 00:10:00.0000",5.8,84.84,,,
"2024-12-06 00:00:00.0000",5.6,86.27,,,
"2024-12-05 23:50:00.0000",5.39,90.76,,,
"2024-12-05 23:40:00.0000",5.28,94.3,,,
"2024-12-05 23:30:00.0000",5.58,92.7,,,
"2024-12-05 23:20:00.0000",5.5,96.58,,,
"2024-12-05 23:10:00.0000",5.35,97.31,,,
"2024-12-05 23:00:00.0000",5.35,97.13,,,
"2024-12-05 22:50:00.0000",5.34,97.95,,,
"2024-12-05 22:40:00.0000",5.48,95.59,,,
"2024-12-05 22:30:00.0000",5.2,97.3,,,
"2024-12-05 22:20:00.0000",5.31,99.58,,,
"2024-12-05 22:10:00.0000",5.37,97.97,,,
"2024-12-05 22:00:00.0000",5.26,99.54,,,
"2024-12-05 21:50:00.0000",5.18,100,,,
"2024-12-05 21:40:00.0000",5.1,100,,,
"2024-12-05 21:30:00.0000",5.02,100,,,
"2024-12-05 21:20:00.0000",4.76,100,,,
"2024-12-05 21:10:00.0000",4.76,100,,,
"2024-12-05 21:00:00.0000",4.93,100,,,
"2024-12-05 20:50:00.0000",4.87,99.11,,,
"2024-12-05 20:40:00.0000",5.13,98.56,,,
"2024-12-05 20:30:00.0000",5.12,96.12,,,
"2024-12-05 20:20:00.0000",5.13,97.27,,,
"2024-12-05 20:10:00.0000",5.31,96.66,,,
"2024-12-05 20:00:00.0000",5.55,95.33,,,
"2024-12-05 19:50:00.0000",5.77,92.95,,,
"2024-12-05 19:40:00.0000",5.85,92.88,,,
"2024-12-05 19:30:00.0000",6.04,94.03,,,
"2024-12-05 19:20:00.0000",6.11,94.19,,,
"2024-12-05 19:10:00.0000",6.27,95.67,,,
"2024-12-05 19:00:00.0000",6.14,95.26,,,
"2024-12-05 18:50:00.0000",6.38,94.77,,,
"2024-12-05 18:40:00.0000",6.41,98.41,,,
"2024-12-05 18:30:00.0000",6.67,100,,,
"2024-12-05 18:20:00.0000",6.79,99.78,,,
"2024-12-05 18:10:00.0000",6.7,100,,,
"2024-12-05 18:00:00.0000",6.59,100,,,
"2024-12-05 17:50:00.0000",6.16,100,,,
"2024-12-05 17:40:00.0000",6.26,100,,,
"2024-12-05 17:30:00.0000",6.37,100,,,
"2024-12-05 17:20:00.0000",6.21,100,,,
"2024-12-05 17:10:00.0000",6.11,100,,,
"2024-12-05 17:00:00.0000",6.12,100,,,
"2024-12-05 16:50:00.0000",6.17,100,,,
"2024-12-05 16:40:00.0000",6.09,100,,,
"2024-12-05 16:30:00.0000",6.39,100,,,
"2024-12-05 16:20:00.0000",6.66,100,,,
"2024-12-05 16:10:00.0000",7.28,100,,,
"2024-12-05 16:00:00.0000",8.07,100,,,
"2024-12-05 15:50:00.0000",8.01,100,,,
"2024-12-05 15:40:00.0000",8.04,100,,,
"2024-12-05 15:30:00.0000",7.81,100,,,
"2024-12-05 15:20:00.0000",7.99,100,,,
"2024-12-05 15:10:00.0000",7.98,100,,,
"2024-12-05 15:00:00.0000",7.86,100,,,
"2024-12-05 14:50:00.0000",7.79,100,,,
"2024-12-05 14:40:00.0000",7.67,100,,,
"2024-12-05 14:30:00.0000",7.57,100,,,
"2024-12-05 14:20:00.0000",7.34,100,,,
"2024-12-05 14:10:00.0000",7.51,100,,,
"2024-12-05 14:00:00.0000",7.56,100,,,
"2024-12-05 13:50:00.0000",7.48,100,,,
"2024-12-05 13:40:00.0000",7.51,100,,,
"2024-12-05 13:30:00.0000",7.49,100,,,
"2024-12-05 13:20:00.0000",7.5,100,,,
"2024-12-05 13:10:00.0000",7.32,100,,,
"2024-12-05 13:00:00.0000",7.59,100,,,
"2024-12-05 12:50:00.0000",7.81,100,,,
"2024-12-05 12:40:00.0000",7.85,100,,,
"2024-12-05 12:30:00.0000",7.92,100,,,
"2024-12-05 12:20:00.0000",7.89,100,,,
"2024-12-05 12:10:00.0000",7.78,100,,,
"2024-12-05 12:00:00.0000",7.52,100,,,
"2024-12-05 11:50:00.0000",7.64,100,,,
"2024-12-05 11:40:00.0000",7.59,100,,,
"2024-12-05 11:30:00.0000",7.47,100,,,
"2024-12-05 11:20:00.0000",7.45,100,,,
"2024-12-05 11:10:00.0000",7.41,100,,,
"2024-12-05 11:00:00.0000",7.45,100,,,
"2024-12-05 10:50:00.0000",7.26,100,,,
"2024-12-05 10:40:00.0000",7.46,100,,,
"2024-12-05 10:30:00.0000",7.47,100,,,
"2024-12-05 10:20:00.0000",7.44,100,,,
"2024-12-05 10:10:00.0000",7.5,100,,,
"2024-12-05 10:00:00.0000",7.49,100,,,
"2024-12-05 09:50:00.0000",7.36,100,,,
"2024-12-05 09:40:00.0000",6.99,100,,,
"2024-12-05 09:30:00.0000",6.98,100,,,
"2024-12-05 09:20:00.0000",6.89,100,,,
"2024-12-05 09:10:00.0000",6.78,100,,,
"2024-12-05 09:00:00.0000",6.79,100,,,
"2024-12-05 08:50:00.0000",6.78,100,,,
"2024-12-05 08:40:00.0000",6.8,100,,,
"2024-12-05 08:30:00.0000",6.6,100,,,
"2024-12-05 08:20:00.0000",6.64,100,,,
"2024-12-05 08:10:00.0000",6.62,100,,,
"2024-12-05 08:00:00.0000",6.67,100,,,
"2024-12-05 07:50:00.0000",6.7,100,,,
"2024-12-05 07:40:00.0000",6.75,100,,,
"2024-12-05 07:30:00.0000",6.81,100,,,
"2024-12-05 07:20:00.0000",6.76,100,,,
"2024-12-05 07:10:00.0000",7.05,100,,,
"2024-12-05 07:00:00.0000",7.25,100,,,
"2024-12-05 06:50:00.0000",7.41,100,,,
"2024-12-05 06:40:00.0000",7.64,100,,,
"2024-12-05 06:30:00.0000",7.7,100,,,
"2024-12-05 06:20:00.0000",7.58,100,,,
"2024-12-05 06:10:00.0000",7.21,100,,,
"2024-12-05 06:00:00.0000",7.5,100,,,
"2024-12-05 05:50:00.0000",7.75,100,,,
"2024-12-05 05:40:00.0000",7.89,100,,,
"2024-12-05 05:30:00.0000",8.08,100,,,
"2024-12-05 05:20:00.0000",8.17,100,,,
"2024-12-05 05:10:00.0000",8.35,100,,,
"2024-12-05 05:00:00.0000",8.3,100,,,
"2024-12-05 04:50:00.0000",8.56,100,,,
"2024-12-05 04:40:00.0000",8.49,100,,,
"2024-12-05 04:30:00.0000",8.29,100,,,
"2024-12-05 04:20:00.0000",8.36,100,,,
"2024-12-05 04:10:00.0000",8.31,100,,,
"2024-12-05 04:00:00.0000",8.25,100,,,
"2024-12-05 03:50:00.0000",8,100,,,
"2024-12-05 03:40:00.0000",8.14,100,,,
"2024-12-05 03:30:00.0000",8.15,100,,,
"2024-12-05 03:20:00.0000",8.11,100,,,
"2024-12-05 03:10:00.0000",8.14,100,,,
"2024-12-05 03:00:00.0000",8.08,100,,,
"2024-12-05 02:50:00.0000",8.06,100,,,
"2024-12-05 02:40:00.0000",7.85,100,,,
"2024-12-05 02:30:00.0000",8.05,100,,,
"2024-12-05 02:20:00.0000",8.07,100,,,
"2024-12-05 02:10:00.0000",7.99,100,,,
"2024-12-05 02:00:00.0000",7.94,100,,,
"2024-12-05 01:50:00.0000",7.83,100,,,
"2024-12-05 01:40:00.0000",7.76,100,,,
"2024-12-05 01:30:00.0000",7.47,100,,,
"2024-12-05 01:20:00.0000",7.62,100,,,
"2024-12-05 01:10:00.0000",7.62,100,,,
"2024-12-05 01:00:00.0000",7.54,100,,,
"2024-12-05 00:50:00.0000",7.49,100,,,
"2024-12-05 00:40:00.0000",7.39,100,,,
"2024-12-05 00:30:00.0000",7.31,100,,,
"2024-12-05 00:20:00.0000",7.1,100,,,
"2024-12-05 00:10:00.0000",7.2,100,,,
"2024-12-05 00:00:00.0000",7.15,100,,,
"2024-12-04 23:50:00.0000",7.08,100,,,
"2024-12-04 23:40:00.0000",7.1,100,,,
"2024-12-04 23:30:00.0000",7.06,100,,,
"2024-12-04 23:20:00.0000",7.05,100,,,
"2024-12-04 23:10:00.0000",6.9,100,,,
"2024-12-04 23:00:00.0000",6.99,100,,,
"2024-12-04 22:50:00.0000",6.92,100,,,
"2024-12-04 22:40:00.0000",6.74,100,,,
"2024-12-04 22:30:00.0000",6.56,100,,,
"2024-12-04 22:20:00.0000",6.37,100,,,
"2024-12-04 22:10:00.0000",6.27,100,,,
"2024-12-04 22:00:00.0000",6.07,100,,,
"2024-12-04 21:50:00.0000",6.17,100,,,
"2024-12-04 21:40:00.0000",6.11,100,,,
"2024-12-04 21:30:00.0000",6,100,,,
"2024-12-04 21:20:00.0000",6,100,,,
"2024-12-04 21:10:00.0000",5.98,100,,,
"2024-12-04 21:00:00.0000",5.91,100,,,
"2024-12-04 20:50:00.0000",5.67,100,,,
"2024-12-04 20:40:00.0000",5.81,100,,,
"2024-12-04 20:30:00.0000",5.81,100,,,
"2024-12-04 20:20:00.0000",5.77,100,,,
"2024-12-04 20:10:00.0000",5.75,100,,,
"2024-12-04 20:00:00.0000",5.65,100,,,
"2024-12-04 19:50:00.0000",5.58,100,,,
"2024-12-04 19:40:00.0000",5.35,100,,,
"2024-12-04 19:30:00.0000",5.47,100,,,
"2024-12-04 19:20:00.0000",5.46,100,,,
"2024-12-04 19:10:00.0000",5.46,100,,,
"2024-12-04 19:00:00.0000",5.51,100,,,
"2024-12-04 18:50:00.0000",5.43,100,,,
"2024-12-04 18:40:00.0000",5.43,100,,,
"2024-12-04 18:30:00.0000",5.23,100,,,
"2024-12-04 18:20:00.0000",5.35,100,,,
"2024-12-04 18:10:00.0000",5.35,100,,,
"2024-12-04 18:00:00.0000",5.24,100,,,
"2024-12-04 17:50:00.0000",5.22,100,,,
"2024-12-04 17:40:00.0000",5.2,100,,,
"2024-12-04 17:30:00.0000",5.22,100,,,
"2024-12-04 17:20:00.0000",5.04,100,,,
"2024-12-04 17:10:00.0000",5.23,100,,,
"2024-12-04 17:00:00.0000",5.23,100,,,
"2024-12-04 16:50:00.0000",5.19,100,,,
"2024-12-04 16:40:00.0000",5.18,100,,,
"2024-12-04 16:30:00.0000",5.12,100,,,
"2024-12-04 16:20:00.0000",5.06,100,,,
"2024-12-04 16:10:00.0000",4.77,100,,,
"2024-12-04 16:00:00.0000",4.92,100,,,
"2024-12-04 15:50:00.0000",4.81,100,,,
"2024-12-04 15:40:00.0000",4.71,100,,,
"2024-12-04 15:30:00.0000",4.68,100,,,
"2024-12-04 15:20:00.0000",4.55,100,,,
"2024-12-04 15:10:00.0000",4.44,100,,,
"2024-12-04 15:00:00.0000",4.17,100,,,
"2024-12-04 14:50:00.0000",4.3,100,,,
"2024-12-04 14:40:00.0000",4.26,100,,,
"2024-12-04 14:30:00.0000",4.21,100,,,
"2024-12-04 14:20:00.0000",4.24,100,,,
"2024-12-04 14:10:00.0000",4.33,100,,,
"2024-12-04 14:00:00.0000",4.36,100,,,
"2024-12-04 13:50:00.0000",4.23,100,,,
"2024-12-04 13:40:00.0000",4.48,100,,,
"2024-12-04 13:30:00.0000",4.43,100,,,
"2024-12-04 13:20:00.0000",4.33,100,,,
"2024-12-04 13:10:00.0000",4.31,100,,,
"2024-12-04 13:00:00.0000",4.28,100,,,
"2024-12-04 12:50:00.0000",4.35,100,,,
"2024-12-04 12:40:00.0000",4.25,100,,,
"2024-12-04 12:30:00.0000",4.39,100,,,
"2024-12-04 12:20:00.0000",4.32,100,,,
"2024-12-04 12:10:00.0000",4.21,100,,,
"2024-12-04 12:00:00.0000",4.07,100,,,
"2024-12-04 11:50:00.0000",3.66,100,,,
"2024-12-04 11:40:00.0000",3.74,100,,,
"2024-12-04 11:30:00.0000",3.55,100,,,
"2024-12-04 11:20:00.0000",3.66,100,,,
"2024-12-04 11:10:00.0000",3.65,100,,,
"2024-12-04 11:00:00.0000",3.46,100,,,
"2024-12-04 10:50:00.0000",3.53,100,,,
"2024-12-04 10:40:00.0000",3.41,100,,,
"2024-12-04 10:30:00.0000",3.3,100,,,
"2024-12-04 10:20:00.0000",2.91,100,,,
"2024-12-04 10:10:00.0000",2.92,100,,,
"2024-12-04 10:00:00.0000",2.74,100,,,
"2024-12-04 09:50:00.0000",2.55,100,,,
"2024-12-04 09:40:00.0000",2.5,100,,,
"2024-12-04 09:30:00.0000",2.35,100,,,
"2024-12-04 09:20:00.0000",2.43,100,,,
"2024-12-04 09:10:00.0000",2.14,100,,,
"2024-12-04 09:00:00.0000",2.24,100,,,
"2024-12-04 08:50:00.0000",2.12,100,,,
"2024-12-04 08:40:00.0000",2.03,100,,,
"2024-12-04 08:30:00.0000",2.02,100,,,
"2024-12-04 08:20:00.0000",2.07,100,,,
"2024-12-04 08:10:00.0000",2.1,100,,,
"2024-12-04 08:00:00.0000",1.87,100,,,
"2024-12-04 07:50:00.0000",2.02,100,,,
"2024-12-04 07:40:00.0000",2.05,100,,,
"2024-12-04 07:30:00.0000",2.05,100,,,
"2024-12-04 07:20:00.0000",2.2,100,,,
"2024-12-04 07:10:00.0000",2.24,100,,,
"2024-12-04 07:00:00.0000",2.43,100,,,
"2024-12-04 06:50:00.0000",2.29,100,,,
"2024-12-04 06:40:00.0000",2.6,100,,,
"2024-12-04 06:30:00.0000",2.84,100,,,
"2024-12-04 06:20:00.0000",2.88,100,,,
"2024-12-04 06:10:00.0000",2.92,100,,,
"2024-12-04 06:00:00.0000",2.8,100,,,
"2024-12-04 05:50:00.0000",2.47,100,,,
"2024-12-04 05:40:00.0000",2.32,100,,,
"2024-12-04 05:30:00.0000",2.63,100,,,
"2024-12-04 05:20:00.0000",2.74,100,,,
"2024-12-04 05:10:00.0000",2.9,100,,,
"2024-12-04 05:00:00.0000",3.07,100,,,
"2024-12-04 04:50:00.0000",3.1,100,,,
"2024-12-04 04:40:00.0000",3.19,100,,,
"2024-12-04 04:30:00.0000",3.05,100,,,
"2024-12-04 04:20:00.0000",3.15,100,,,
"2024-12-04 04:10:00.0000",3.29,100,,,
"2024-12-04 04:00:00.0000",3.51,100,,,
"2024-12-04 03:50:00.0000",3.75,100,,,
"2024-12-04 03:40:00.0000",4.09,100,,,
"2024-12-04 03:30:00.0000",4.47,100,,,
"2024-12-04 03:20:00.0000",4.62,100,,,
"2024-12-04 03:10:00.0000",4.92,100,,,
"2024-12-04 03:00:00.0000",4.88,100,,,
"2024-12-04 02:50:00.0000",4.73,100,,,
"2024-12-04 02:40:00.0000",4.56,100,,,
"2024-12-04 02:30:00.0000",4.32,100,,,
"2024-12-04 02:20:00.0000",4.34,100,,,
"2024-12-04 02:10:00.0000",4.1,100,,,
"2024-12-04 02:00:00.0000",4.13,100,,,
"2024-12-04 01:50:00.0000",4.02,100,,,
"2024-12-04 01:40:00.0000",3.78,100,,,
"2024-12-04 01:30:00.0000",3.72,100,,,
"2024-12-04 01:20:00.0000",3.6,100,,,
"2024-12-04 01:10:00.0000",3.47,100,,,
"2024-12-04 01:00:00.0000",3.23,100,,,
"2024-12-04 00:50:00.0000",3.37,100,,,
"2024-12-04 00:40:00.0000",3.27,100,,,
"2024-12-04 00:30:00.0000",3.04,100,,,
"2024-12-04 00:20:00.0000",2.9,100,,,
"2024-12-04 00:10:00.0000",2.83,100,,,
"2024-12-04 00:00:00.0000",2.78,100,,,
"2024-12-03 23:50:00.0000",2.59,100,,,
"2024-12-03 23:40:00.0000",2.76,100,,,
"2024-12-03 23:30:00.0000",2.85,100,,,
"2024-12-03 23:20:00.0000",2.76,100,,,
"2024-12-03 23:10:00.0000",2.74,100,,,
"2024-12-03 23:00:00.0000",2.7,100,,,
"2024-12-03 22:50:00.0000",2.67,100,,,
"2024-12-03 22:40:00.0000",2.4,100,,,
"2024-12-03 22:30:00.0000",2.57,100,,,
"2024-12-03 22:20:00.0000",2.59,100,,,
"2024-12-03 22:10:00.0000",2.55,100,,,
"2024-12-03 22:00:00.0000",2.6,100,,,
"2024-12-03 21:50:00.0000",2.62,100,,,
"2024-12-03 21:40:00.0000",2.7,100,,,
"2024-12-03 21:30:00.0000",2.54,100,,,
"2024-12-03 21:20:00.0000",2.68,100,,,
"2024-12-03 21:10:00.0000",2.64,100,,,
"2024-12-03 21:00:00.0000",2.59,100,,,
"2024-12-03 20:50:00.0000",2.59,100,,,
"2024-12-03 20:40:00.0000",2.52,100,,,
"2024-12-03 20:30:00.0000",2.51,100,,,
"2024-12-03 20:20:00.0000",2.27,100,,,
"2024-12-03 20:10:00.0000",2.38,100,,,
"2024-12-03 20:00:00.0000",2.35,100,,,
"2024-12-03 19:50:00.0000",2.17,100,,,
"2024-12-03 19:40:00.0000",2.05,100,,,
"2024-12-03 19:30:00.0000",2,100,,,
"2024-12-03 19:20:00.0000",2.01,100,,,
"2024-12-03 19:10:00.0000",1.87,100,,,
"2024-12-03 19:00:00.0000",2.13,100,,,
"2024-12-03 18:50:00.0000",2.25,100,,,
"2024-12-03 18:40:00.0000",2.25,100,,,
"2024-12-03 18:30:00.0000",2.32,100,,,
"2024-12-03 18:20:00.0000",2.31,100,,,
"2024-12-03 18:10:00.0000",2.32,100,,,
"2024-12-03 18:00:00.0000",2.12,100,,,
"2024-12-03 17:50:00.0000",2.36,100,,,
"2024-12-03 17:40:00.0000",2.48,100,,,
"2024-12-03 17:30:00.0000",2.53,100,,,
"2024-12-03 17:20:00.0000",2.59,100,,,
"2024-12-03 17:10:00.0000",2.6,100,,,
"2024-12-03 17:00:00.0000",2.65,100,,,
"2024-12-03 16:50:00.0000",2.52,100,,,
"2024-12-03 16:40:00.0000",2.82,100,,,
"2024-12-03 16:30:00.0000",2.98,100,,,
"2024-12-03 16:20:00.0000",3.03,100,,,
"2024-12-03 16:10:00.0000",3.1,100,,,
"2024-12-03 16:00:00.0000",3.07,100,,,
"2024-12-03 15:50:00.0000",3.1,100,,,
"2024-12-03 15:40:00.0000",2.93,100,,,
"2024-12-03 15:30:00.0000",3.21,100,,,
"2024-12-03 15:20:00.0000",3.28,100,,,
"2024-12-03 15:10:00.0000",3.34,100,,,
"2024-12-03 15:00:00.0000",3.38,100,,,
"2024-12-03 14:50:00.0000",3.42,100,,,
"2024-12-03 14:40:00.0000",3.42,100,,,
"2024-12-03 14:30:00.0000",3.23,100,,,
"2024-12-03 14:20:00.0000",3.39,100,,,
"2024-12-03 14:10:00.0000",3.4,100,,,
"2024-12-03 14:00:00.0000",3.34,100,,,
"2024-12-03 13:50:00.0000",3.56,100,,,
"2024-12-03 13:40:00.0000",3.91,99.91,,,
"2024-12-03 13:30:00.0000",3.97,99.8,,,
"2024-12-03 13:20:00.0000",3.86,100,,,
"2024-12-03 13:10:00.0000",3.79,100,,,
"2024-12-03 13:00:00.0000",3.5,100,,,
"2024-12-03 12:50:00.0000",3.33,100,,,
"2024-12-03 12:40:00.0000",3.09,100,,,
"2024-12-03 12:30:00.0000",2.99,100,,,
"2024-12-03 12:20:00.0000",3.17,100,,,
"2024-12-03 12:10:00.0000",3.21,100,,,
"2024-12-03 12:00:00.0000",3.42,100,,,
"2024-12-03 11:50:00.0000",3.57,99.91,,,
"2024-12-03 11:40:00.0000",3.39,100,,,
"2024-12-03 11:30:00.0000",3.28,100,,,
"2024-12-03 11:20:00.0000",2.8,100,,,
"2024-12-03 11:10:00.0000",2.31,100,,,
"2024-12-03 11:00:00.0000",1.81,100,,,
"2024-12-03 10:50:00.0000",1.78,100,,,
"2024-12-03 10:40:00.0000",1.72,100,,,
"2024-12-03 10:30:00.0000",1.31,100,,,
"2024-12-03 10:20:00.0000",1.07,100,,,
"2024-12-03 10:10:00.0000",0.92,100,,,
"2024-12-03 10:00:00.0000",0.71,100,,,
"2024-12-03 09:50:00.0000",0.42,100,,,
"2024-12-03 09:40:00.0000",0.46,100,,,
"2024-12-03 09:30:00.0000",0.23,100,,,
"2024-12-03 09:20:00.0000",0,100,,,
"2024-12-03 09:10:00.0000",0,100,,,
"2024-12-03 09:00:00.0000",0,100,,,
"2024-12-03 08:50:00.0000",0,100,,,
"2024-12-03 08:40:00.0000",0,100,,,
"2024-12-03 08:30:00.0000",0,100,,,
"2024-12-03 08:20:00.0000",0,100,,,
"2024-12-03 08:10:00.0000",0,100,,,
"2024-12-03 08:00:00.0000",0,100,,,
"2024-12-03 07:50:00.0000",0.09,100,,,
"2024-12-03 07:40:00.0000",0.24,100,,,
"2024-12-03 07:30:00.0000",0.19,100,,,
"2024-12-03 07:20:00.0000",0.48,100,,,
"2024-12-03 07:10:00.0000",0.62,100,,,
"2024-12-03 07:00:00.0000",0.63,100,,,
"2024-12-03 06:50:00.0000",0.65,100,,,
"2024-12-03 06:40:00.0000",0.61,100,,,
"2024-12-03 06:30:00.0000",0.6,100,,,
"2024-12-03 06:20:00.0000",0.4,100,,,
"2024-12-03 06:10:00.0000",0.55,100,,,
"2024-12-03 06:00:00.0000",0.56,100,,,
"2024-12-03 05:50:00.0000",0.51,100,,,
"2024-12-03 05:40:00.0000",0.51,100,,,
"2024-12-03 05:30:00.0000",0.49,100,,,
"2024-12-03 05:20:00.0000",0.49,100,,,
"2024-12-03 05:10:00.0000",0.35,100,,,
"2024-12-03 05:00:00.0000",0.6,100,,,
"2024-12-03 04:50:00.0000",0.75,100,,,
"2024-12-03 04:40:00.0000",0.78,100,,,
"2024-12-03 04:30:00.0000",0.93,100,,,
"2024-12-03 04:20:00.0000",1.04,100,,,
"2024-12-03 04:10:00.0000",1.25,100,,,
"2024-12-03 04:00:00.0000",1.23,100,,,
"2024-12-03 03:50:00.0000",1.6,99.93,,,
"2024-12-03 03:40:00.0000",1.69,99.33,,,
"2024-12-03 03:30:00.0000",1.63,99.8,,,
"2024-12-03 03:20:00.0000",1.65,99.84,,,
"2024-12-03 03:10:00.0000",1.56,99.88,,,
"2024-12-03 03:00:00.0000",1.4,99.93,,,
"2024-12-03 02:50:00.0000",1.02,100,,,
"2024-12-03 02:40:00.0000",1.12,100,,,
"2024-12-03 02:30:00.0000",1.13,100,,,
"2024-12-03 02:20:00.0000",1.11,100,,,
"2024-12-03 02:10:00.0000",1.12,100,,,
"2024-12-03 02:00:00.0000",1.11,100,,,
"2024-12-03 01:50:00.0000",1,100,,,
"2024-12-03 01:40:00.0000",0.75,100,,,
"2024-12-03 01:30:00.0000",0.91,100,,,
"2024-12-03 01:20:00.0000",0.97,100,,,
"2024-12-03 01:10:00.0000",0.98,100,,,
"2024-12-03 01:00:00.0000",0.98,100,,,
"2024-12-03 00:50:00.0000",1,100,,,
"2024-12-03 00:40:00.0000",0.98,100,,,
"2024-12-03 00:30:00.0000",0.74,100,,,
"2024-12-03 00:20:00.0000",0.92,100,,,
"2024-12-03 00:10:00.0000",0.92,100,,,
"2024-12-03 00:00:00.0000",0.87,100,,,
"2024-12-02 23:50:00.0000",0.81,100,,,
"2024-12-02 23:40:00.0000",0.8,100,,,
"2024-12-02 23:30:00.0000",0.86,100,,,
"2024-12-02 23:20:00.0000",0.66,100,,,
"2024-12-02 23:10:00.0000",0.79,100,,,
"2024-12-02 23:00:00.0000",0.73,100,,,
"2024-12-02 22:50:00.0000",0.53,100,,,
"2024-12-02 22:40:00.0000",0.43,100,,,
"2024-12-02 22:30:00.0000",0.22,100,,,
"2024-12-02 22:20:00.0000",0.05,100,,,
"2024-12-02 22:10:00.0000",0,100,,,
"2024-12-02 22:00:00.0000",0,100,,,
"2024-12-02 21:50:00.0000",0.31,100,,,
"2024-12-02 21:40:00.0000",0.47,100,,,
"2024-12-02 21:30:00.0000",0.63,100,,,
"2024-12-02 21:20:00.0000",0.61,100,,,
"2024-12-02 21:10:00.0000",0.69,100,,,
"2024-12-02 21:00:00.0000",0.66,100,,,
"2024-12-02 20:50:00.0000",1.08,100,,,
"2024-12-02 20:40:00.0000",1.39,100,,,
"2024-12-02 20:30:00.0000",1.64,100,,,
"2024-12-02 20:20:00.0000",1.99,100,,,
"2024-12-02 20:10:00.0000",2.12,100,,,
"2024-12-02 20:00:00.0000",2.01,100,,,
"2024-12-02 19:50:00.0000",1.67,100,,,
"2024-12-02 19:40:00.0000",1.81,100,,,
"2024-12-02 19:30:00.0000",1.79,100,,,
"2024-12-02 19:20:00.0000",1.84,100,,,
"2024-12-02 19:10:00.0000",2.21,100,,,
"2024-12-02 19:00:00.0000",2.46,100,,,
"2024-12-02 18:50:00.0000",2.74,100,,,
"2024-12-02 18:40:00.0000",2.73,100,,,
"2024-12-02 18:30:00.0000",3.07,100,,,
"2024-12-02 18:20:00.0000",3.17,100,,,
"2024-12-02 18:10:00.0000",3.21,100,,,
"2024-12-02 18:00:00.0000",3.32,100,,,
"2024-12-02 17:50:00.0000",3.38,100,,,
"2024-12-02 17:40:00.0000",3.37,100,,,
"2024-12-02 17:30:00.0000",3.23,100,,,
"2024-12-02 17:20:00.0000",3.49,100,,,
"2024-12-02 17:10:00.0000",3.65,100,,,
"2024-12-02 17:00:00.0000",3.72,100,,,
"2024-12-02 16:50:00.0000",3.89,100,,,
"2024-12-02 16:40:00.0000",3.89,100,,,
"2024-12-02 16:30:00.0000",3.94,100,,,
"2024-12-02 16:20:00.0000",3.84,100,,,
"2024-12-02 16:10:00.0000",4.09,100,,,
"2024-12-02 16:00:00.0000",4.17,100,,,
"2024-12-02 15:50:00.0000",4.17,100,,,
"2024-12-02 15:40:00.0000",4.26,100,,,
"2024-12-02 15:30:00.0000",4.29,100,,,
"2024-12-02 15:20:00.0000",4.32,100,,,
"2024-12-02 15:10:00.0000",4.2,100,,,
"2024-12-02 15:00:00.0000",4.42,100,,,
"2024-12-02 14:50:00.0000",4.49,100,,,
"2024-12-02 14:40:00.0000",4.49,100,,,
"2024-12-02 14:30:00.0000",4.58,100,,,
"2024-12-02 14:20:00.0000",4.68,100,,,
"2024-12-02 14:10:00.0000",4.83,100,,,
"2024-12-02 14:00:00.0000",4.71,100,,,
"2024-12-02 13:50:00.0000",5.02,100,,,
"2024-12-02 13:40:00.0000",5.29,100,,,
"2024-12-02 13:30:00.0000",5.52,100,,,
"2024-12-02 13:20:00.0000",5.6,100,,,
"2024-12-02 13:10:00.0000",5.69,100,,,
"2024-12-02 13:00:00.0000",5.72,100,,,
"2024-12-02 12:50:00.0000",5.63,100,,,
"2024-12-02 12:40:00.0000",5.76,100,,,
"2024-12-02 12:30:00.0000",5.75,100,,,
"2024-12-02 12:20:00.0000",5.67,100,,,
"2024-12-02 12:10:00.0000",5.93,100,,,
"2024-12-02 12:00:00.0000",5.8,100,,,
"2024-12-02 11:50:00.0000",5.74,100,,,
"2024-12-02 11:40:00.0000",5.49,100,,,
"2024-12-02 11:30:00.0000",5.64,100,,,
"2024-12-02 11:20:00.0000",5.64,100,,,
"2024-12-02 11:10:00.0000",5.52,100,,,
"2024-12-02 11:00:00.0000",5.61,100,,,
"2024-12-02 10:50:00.0000",5.59,100,,,
"2024-12-02 10:40:00.0000",5.58,100,,,
"2024-12-02 10:30:00.0000",5.35,100,,,
"2024-12-02 10:20:00.0000",5.48,100,,,
"2024-12-02 10:10:00.0000",5.58,100,,,
"2024-12-02 10:00:00.0000",5.41,100,,,
"2024-12-02 09:50:00.0000",5.36,100,,,
"2024-12-02 09:40:00.0000",5.28,100,,,
"2024-12-02 09:30:00.0000",5.38,100,,,
"2024-12-02 09:20:00.0000",5.21,100,,,
"2024-12-02 09:10:00.0000",5.52,100,,,
"2024-12-02 09:00:00.0000",5.63,100,,,
"2024-12-02 08:50:00.0000",5.69,100,,,
"2024-12-02 08:40:00.0000",5.72,100,,,
"2024-12-02 08:30:00.0000",5.73,100,,,
"2024-12-02 08:20:00.0000",5.74,100,,,
"2024-12-02 08:10:00.0000",5.55,100,,,
"2024-12-02 08:00:00.0000",5.66,100,,,
"2024-12-02 07:50:00.0000",5.59,100,,,
"2024-12-02 07:40:00.0000",5.5,100,,,
"2024-12-02 07:30:00.0000",5.45,100,,,
"2024-12-02 07:20:00.0000",5.39,100,,,
"2024-12-02 07:10:00.0000",5.43,100,,,
"2024-12-02 07:00:00.0000",5.31,100,,,
"2024-12-02 06:50:00.0000",5.56,100,,,
"2024-12-02 06:40:00.0000",5.58,100,,,
"2024-12-02 06:30:00.0000",5.53,100,,,
"2024-12-02 06:20:00.0000",5.55,100,,,
"2024-12-02 06:10:00.0000",5.49,100,,,
"2024-12-02 06:00:00.0000",5.69,100,,,
"2024-12-02 05:50:00.0000",5.73,100,,,
"2024-12-02 05:40:00.0000",6.13,100,,,
"2024-12-02 05:30:00.0000",6.34,100,,,
"2024-12-02 05:20:00.0000",6.37,100,,,
"2024-12-02 05:10:00.0000",6.37,100,,,
"2024-12-02 05:00:00.0000",6.29,100,,,
"2024-12-02 04:50:00.0000",6.27,100,,,
"2024-12-02 04:40:00.0000",6.04,100,,,
"2024-12-02 04:30:00.0000",6.14,100,,,
"2024-12-02 04:20:00.0000",6.1,100,,,
"2024-12-02 04:10:00.0000",5.89,100,,,
"2024-12-02 04:00:00.0000",5.76,100,,,
"2024-12-02 03:50:00.0000",5.59,100,,,
"2024-12-02 03:40:00.0000",5.62,100,,,
"2024-12-02 03:30:00.0000",5.53,100,,,
"2024-12-02 03:20:00.0000",5.96,100,,,
"2024-12-02 03:10:00.0000",6.09,100,,,
"2024-12-02 03:00:00.0000",6.04,100,,,
"2024-12-02 02:50:00.0000",6.11,100,,,
"2024-12-02 02:40:00.0000",6.1,100,,,
"2024-12-02 02:30:00.0000",6.17,100,,,
"2024-12-02 02:20:00.0000",6.01,100,,,
"2024-12-02 02:10:00.0000",6.2,100,,,
"2024-12-02 02:00:00.0000",6.24,100,,,
"2024-12-02 01:50:00.0000",6.21,100,,,
"2024-12-02 01:40:00.0000",6.31,100,,,
"2024-12-02 01:30:00.0000",6.43,100,,,
"2024-12-02 01:20:00.0000",6.48,100,,,
"2024-12-02 01:10:00.0000",6.24,100,,,
"2024-12-02 01:00:00.0000",6.35,100,,,
"2024-12-02 00:50:00.0000",6.65,100,,,
"2024-12-02 00:40:00.0000",6.9,100,,,
"2024-12-02 00:30:00.0000",7,100,,,
"2024-12-02 00:20:00.0000",6.94,100,,,
"2024-12-02 00:10:00.0000",6.9,100,,,
"2024-12-02 00:00:00.0000",6.68,100,,,
"2024-12-01 23:50:00.0000",6.94,100,,,
"2024-12-01 23:40:00.0000",7.15,100,,,
"2024-12-01 23:30:00.0000",7.25,100,,,
"2024-12-01 23:20:00.0000",7.43,100,,,
"2024-12-01 23:10:00.0000",7.46,100,,,
"2024-12-01 23:00:00.0000",7.48,100,,,
"2024-12-01 22:50:00.0000",7.38,100,,,
"2024-12-01 22:40:00.0000",7.73,100,,,
"2024-12-01 22:30:00.0000",7.94,100,,,
"2024-12-01 22:20:00.0000",7.88,100,,,
"2024-12-01 22:10:00.0000",7.86,100,,,
"2024-12-01 22:00:00.0000",7.85,100,,,
"2024-12-01 21:50:00.0000",7.89,100,,,
"2024-12-01 21:40:00.0000",7.86,100,,,
"2024-12-01 21:30:00.0000",8.25,100,,,
"2024-12-01 21:20:00.0000",8.31,100,,,
"2024-12-01 21:10:00.0000",8.23,100,,,
"2024-12-01 21:00:00.0000",8.22,100,,,
"2024-12-01 20:50:00.0000",8.15,100,,,
"2024-12-01 20:40:00.0000",8.13,100,,,
"2024-12-01 20:30:00.0000",8.02,100,,,
"2024-12-01 20:20:00.0000",8.3,100,,,
"2024-12-01 20:10:00.0000",8.29,100,,,
"2024-12-01 20:00:00.0000",8.18,100,,,
"2024-12-01 19:50:00.0000",8.19,100,,,
"2024-12-01 19:40:00.0000",8.29,100,,,
"2024-12-01 19:30:00.0000",8.55,100,,,
"2024-12-01 19:20:00.0000",8.44,100,,,
"2024-12-01 19:10:00.0000",8.64,100,,,
"2024-12-01 19:00:00.0000",8.64,100,,,
"2024-12-01 18:50:00.0000",8.69,100,,,
"2024-12-01 18:40:00.0000",8.78,100,,,
"2024-12-01 18:30:00.0000",8.8,100,,,
"2024-12-01 18:20:00.0000",8.75,100,,,
"2024-12-01 18:10:00.0000",8.53,100,,,
"2024-12-01 18:00:00.0000",8.7,100,,,
"2024-12-01 17:50:00.0000",8.71,100,,,
"2024-12-01 17:40:00.0000",8.76,100,,,
"2024-12-01 17:30:00.0000",8.72,100,,,
"2024-12-01 17:20:00.0000",8.64,100,,,
"2024-12-01 17:10:00.0000",8.66,100,,,
"2024-12-01 17:00:00.0000",8.63,100,,,
"2024-12-01 16:50:00.0000",8.99,100,,,
"2024-12-01 16:40:00.0000",9.14,100,,,
"2024-12-01 16:30:00.0000",9.21,100,,,
"2024-12-01 16:20:00.0000",9.21,100,,,
"2024-12-01 16:10:00.0000",9.23,100,,,
"2024-12-01 16:00:00.0000",9.31,100,,,
"2024-12-01 15:50:00.0000",9.17,100,,,
"2024-12-01 15:40:00.0000",9.42,100,,,
"2024-12-01 15:30:00.0000",9.6,100,,,
"2024-12-01 15:20:00.0000",9.82,100,,,
"2024-12-01 15:10:00.0000",10.27,100,,,
"2024-12-01 15:00:00.0000",10.65,97.88,,,
"2024-12-01 14:50:00.0000",10.75,97.07,,,
"2024-12-01 14:40:00.0000",10.68,96.88,,,
"2024-12-01 14:30:00.0000",11.03,94.59,,,
"2024-12-01 14:20:00.0000",11.17,93.32,,,
"2024-12-01 14:10:00.0000",11.45,92.11,,,
"2024-12-01 14:00:00.0000",12.04,89.44,,,
"2024-12-01 13:50:00.0000",12.61,88.88,,,
"2024-12-01 13:40:00.0000",11.24,94.61,,,
"2024-12-01 13:30:00.0000",10.89,97,,,
"2024-12-01 13:20:00.0000",11.27,94.02,,,
"2024-12-01 13:10:00.0000",11.82,93.6,,,
"2024-12-01 13:00:00.0000",12.37,88.29,,,
"2024-12-01 12:50:00.0000",14.29,81.2,,,
"2024-12-01 12:40:00.0000",16.91,73.34,,,
"2024-12-01 12:30:00.0000",16.59,79.07,,,
"2024-12-01 12:20:00.0000",14.51,91.76,,,
"2024-12-01 12:10:00.0000",11.68,100,,,
"2024-12-01 12:00:00.0000",9.44,100,,,
"2024-12-01 11:50:00.0000",9.13,100,,,
"2024-12-01 11:40:00.0000",9.12,100,,,
"2024-12-01 11:30:00.0000",8.97,100,,,
"2024-12-01 11:20:00.0000",8.83,100,,,
"2024-12-01 11:10:00.0000",8.5,100,,,
"2024-12-01 11:00:00.0000",8.63,100,,,
"2024-12-01 10:50:00.0000",8.59,100,,,
"2024-12-01 10:40:00.0000",8.45,100,,,
"2024-12-01 10:30:00.0000",8.42,100,,,
"2024-12-01 10:20:00.0000",8.36,100,,,
"2024-12-01 10:10:00.0000",8.34,100,,,
"2024-12-01 10:00:00.0000",8.16,100,,,
"2024-12-01 09:50:00.0000",8.37,100,,,
"2024-12-01 09:40:00.0000",8.46,100,,,
"2024-12-01 09:30:00.0000",8.44,100,,,
"2024-12-01 09:20:00.0000",8.59,100,,,
"2024-12-01 09:10:00.0000",8.66,100,,,
"2024-12-01 09:00:00.0000",8.59,100,,,
"2024-12-01 08:50:00.0000",8.38,100,,,
"2024-12-01 08:40:00.0000",8.55,100,,,
"2024-12-01 08:30:00.0000",8.61,100,,,
"2024-12-01 08:20:00.0000",8.61,100,,,
"2024-12-01 08:10:00.0000",8.72,100,,,
"2024-12-01 08:00:00.0000",8.71,100,,,
"2024-12-01 07:50:00.0000",8.79,100,,,
"2024-12-01 07:40:00.0000",8.61,100,,,
"2024-12-01 07:30:00.0000",8.78,100,,,
"2024-12-01 07:20:00.0000",8.87,100,,,
"2024-12-01 07:10:00.0000",8.87,100,,,
"2024-12-01 07:00:00.0000",8.93,100,,,
"2024-12-01 06:50:00.0000",8.94,100,,,
"2024-12-01 06:40:00.0000",8.99,100,,,
"2024-12-01 06:30:00.0000",8.82,100,,,
"2024-12-01 06:20:00.0000",8.94,100,,,
"2024-12-01 06:10:00.0000",8.91,100,,,
"2024-12-01 06:00:00.0000",8.8,100,,,
"2024-12-01 05:50:00.0000",8.79,100,,,
"2024-12-01 05:40:00.0000",8.77,100,,,
"2024-12-01 05:30:00.0000",8.77,100,,,
"2024-12-01 05:20:00.0000",8.59,100,,,
"2024-12-01 05:10:00.0000",8.85,100,,,
"2024-12-01 05:00:00.0000",8.93,100,,,
"2024-12-01 04:50:00.0000",8.95,100,,,
"2024-12-01 04:40:00.0000",8.98,100,,,
"2024-12-01 04:30:00.0000",8.99,100,,,
"2024-12-01 04:20:00.0000",9.05,100,,,
"2024-12-01 04:10:00.0000",8.97,100,,,
"2024-12-01 04:00:00.0000",9.3,100,,,
"2024-12-01 03:50:00.0000",9.55,100,,,
"2024-12-01 03:40:00.0000",9.6,100,,,
"2024-12-01 03:30:00.0000",9.66,100,,,
"2024-12-01 03:20:00.0000",9.61,100,,,
"2024-12-01 03:10:00.0000",9.54,100,,,
"2024-12-01 03:00:00.0000",9.26,100,,,
"2024-12-01 02:50:00.0000",9.37,100,,,
"2024-12-01 02:40:00.0000",9.39,100,,,
"2024-12-01 02:30:00.0000",9.39,100,,,
"2024-12-01 02:20:00.0000",9.46,100,,,
"2024-12-01 02:10:00.0000",9.47,100,,,
"2024-12-01 02:00:00.0000",9.54,100,,,
"2024-12-01 01:50:00.0000",9.42,100,,,
"2024-12-01 01:40:00.0000",9.6,100,,,
"2024-12-01 01:30:00.0000",9.62,100,,,
"2024-12-01 01:20:00.0000",9.6,100,,,
"2024-12-01 01:10:00.0000",9.64,100,,,
"2024-12-01 01:00:00.0000",9.61,100,,,
"2024-12-01 00:50:00.0000",9.6,100,,,
"2024-12-01 00:40:00.0000",9.35,100,,,
"2024-12-01 00:30:00.0000",9.42,100,,,
"2024-12-01 00:20:00.0000",9.4,100,,,
"2024-12-01 00:10:00.0000",9.41,100,,,
"2024-12-01 00:00:00.0000",9.49,100,,,
"2024-11-30 23:50:00.0000",9.38,100,,,
"2024-11-30 23:40:00.0000",9.24,100,,,
"2024-11-30 23:30:00.0000",9.07,100,,,
"2024-11-30 23:20:00.0000",9.31,100,,,
"2024-11-30 23:10:00.0000",9.32,100,,,
"2024-11-30 23:00:00.0000",9.19,100,,,
"2024-11-30 22:50:00.0000",9.2,100,,,
"2024-11-30 22:40:00.0000",9.19,100,,,
"2024-11-30 22:30:00.0000",9.21,100,,,
"2024-11-30 22:20:00.0000",8.92,100,,,
"2024-11-30 22:10:00.0000",9.05,100,,,
"2024-11-30 22:00:00.0000",9.23,100,,,
"2024-11-30 21:50:00.0000",9.33,100,,,
"2024-11-30 21:40:00.0000",9.53,100,,,
"2024-11-30 21:30:00.0000",9.57,100,,,
"2024-11-30 21:20:00.0000",9.61,100,,,
"2024-11-30 21:10:00.0000",9.58,100,,,
"2024-11-30 21:00:00.0000",9.93,100,,,
"2024-11-30 20:50:00.0000",10.08,100,,,
"2024-11-30 20:40:00.0000",9.99,100,,,
"2024-11-30 20:30:00.0000",9.93,100,,,
"2024-11-30 20:20:00.0000",9.83,100,,,
"2024-11-30 20:10:00.0000",9.8,100,,,
"2024-11-30 20:00:00.0000",9.62,100,,,
"2024-11-30 19:50:00.0000",9.83,100,,,
"2024-11-30 19:40:00.0000",9.9,100,,,
"2024-11-30 19:30:00.0000",9.92,100,,,
"2024-11-30 19:20:00.0000",10.07,100,,,
"2024-11-30 19:10:00.0000",10.15,100,,,
"2024-11-30 19:00:00.0000",10.15,100,,,
"2024-11-30 18:50:00.0000",9.9,100,,,
"2024-11-30 18:40:00.0000",9.99,100,,,
"2024-11-30 18:30:00.0000",9.93,100,,,
"2024-11-30 18:20:00.0000",9.85,100,,,
"2024-11-30 18:10:00.0000",9.96,100,,,
"2024-11-30 18:00:00.0000",10.08,100,,,
"2024-11-30 17:50:00.0000",10.3,100,,,
"2024-11-30 17:40:00.0000",10.21,100,,,
"2024-11-30 17:30:00.0000",10.44,100,,,
"2024-11-30 17:20:00.0000",10.55,100,,,
"2024-11-30 17:10:00.0000",10.65,100,,,
"2024-11-30 17:00:00.0000",10.75,100,,,
"2024-11-30 16:50:00.0000",10.71,100,,,
"2024-11-30 16:40:00.0000",10.69,100,,,
"2024-11-30 16:30:00.0000",10.58,100,,,
"2024-11-30 16:20:00.0000",10.74,100,,,
"2024-11-30 16:10:00.0000",10.84,100,,,
"2024-11-30 16:00:00.0000",10.84,100,,,
"2024-11-30 15:50:00.0000",10.93,100,,,
"2024-11-30 15:40:00.0000",10.95,99.99,,,
"2024-11-30 15:30:00.0000",10.98,99.9,,,
"2024-11-30 15:20:00.0000",10.84,100,,,
"2024-11-30 15:10:00.0000",11.08,99.12,,,
"2024-11-30 15:00:00.0000",11.26,98.97,,,
"2024-11-30 14:50:00.0000",11.22,99.16,,,
"2024-11-30 14:40:00.0000",11.31,98.6,,,
"2024-11-30 14:30:00.0000",11.38,98.43,,,
"2024-11-30 14:20:00.0000",11.53,98.25,,,
"2024-11-30 14:10:00.0000",11.56,98.46,,,
"2024-11-30 14:00:00.0000",12.07,96.33,,,
"2024-11-30 13:50:00.0000",12.39,94.82,,,
"2024-11-30 13:40:00.0000",12.9,92.58,,,
"2024-11-30 13:30:00.0000",13.35,89.87,,,
"2024-11-30 13:20:00.0000",14.48,86.11,,,
"2024-11-30 13:10:00.0000",14.31,87.19,,,
"2024-11-30 13:00:00.0000",14.59,86.23,,,
"2024-11-30 12:50:00.0000",14.65,87.67,,,
"2024-11-30 12:40:00.0000",13.26,94.15,,,
"2024-11-30 12:30:00.0000",12.32,97.5,,,
"2024-11-30 12:20:00.0000",11.46,100,,,
"2024-11-30 12:10:00.0000",10.95,100,,,
"2024-11-30 12:00:00.0000",10.58,100,,,
"2024-11-30 11:50:00.0000",10.32,100,,,
"2024-11-30 11:40:00.0000",10.39,100,,,
"2024-11-30 11:30:00.0000",10.21,100,,,
"2024-11-30 11:20:00.0000",9.8,100,,,
"2024-11-30 11:10:00.0000",9.56,100,,,
"2024-11-30 11:00:00.0000",9.42,100,,,
"2024-11-30 10:50:00.0000",9.32,100,,,
"2024-11-30 10:40:00.0000",9.03,100,,,
"2024-11-30 10:30:00.0000",8.96,100,,,
"2024-11-30 10:20:00.0000",8.78,100,,,
"2024-11-30 10:10:00.0000",8.68,100,,,
"2024-11-30 10:00:00.0000",8.68,100,,,
"2024-11-30 09:50:00.0000",8.6,100,,,
"2024-11-30 09:40:00.0000",8.52,100,,,
"2024-11-30 09:30:00.0000",8,100,,,
"2024-11-30 09:20:00.0000",7.94,100,,,
"2024-11-30 09:10:00.0000",7.76,100,,,
"2024-11-30 09:00:00.0000",7.59,100,,,
"2024-11-30 08:50:00.0000",7.43,100,,,
"2024-11-30 08:40:00.0000",7.18,100,,,
"2024-11-30 08:30:00.0000",7.1,100,,,
"2024-11-30 08:20:00.0000",6.87,100,,,
"2024-11-30 08:10:00.0000",7.13,100,,,
"2024-11-30 08:00:00.0000",7.2,100,,,
"2024-11-30 07:50:00.0000",7.2,100,,,
"2024-11-30 07:40:00.0000",7.22,100,,,
"2024-11-30 07:30:00.0000",7.25,100,,,
"2024-11-30 07:20:00.0000",7.32,100,,,
"2024-11-30 07:10:00.0000",7.21,100,,,
"2024-11-30 07:00:00.0000",7.5,100,,,
"2024-11-30 06:50:00.0000",7.56,100,,,
"2024-11-30 06:40:00.0000",7.52,100,,,
"2024-11-30 06:30:00.0000",7.67,100,,,
"2024-11-30 06:20:00.0000",7.65,100,,,
"2024-11-30 06:10:00.0000",7.65,100,,,
"2024-11-30 06:00:00.0000",7.4,100,,,
"2024-11-30 05:50:00.0000",7.48,100,,,
"2024-11-30 05:40:00.0000",7.34,100,,,
"2024-11-30 05:30:00.0000",7.17,100,,,
"2024-11-30 05:20:00.0000",7.12,100,,,
"2024-11-30 05:10:00.0000",7.02,100,,,
"2024-11-30 05:00:00.0000",6.95,100,,,
"2024-11-30 04:50:00.0000",6.79,100,,,
"2024-11-30 04:40:00.0000",6.94,100,,,
"2024-11-30 04:30:00.0000",6.91,100,,,
"2024-11-30 04:20:00.0000",6.88,100,,,
"2024-11-30 04:10:00.0000",6.89,100,,,
"2024-11-30 04:00:00.0000",6.83,100,,,
"2024-11-30 03:50:00.0000",6.78,100,,,
"2024-11-30 03:40:00.0000",6.54,100,,,
"2024-11-30 03:30:00.0000",6.7,100,,,
"2024-11-30 03:20:00.0000",6.71,100,,,
"2024-11-30 03:10:00.0000",6.64,100,,,
"2024-11-30 03:00:00.0000",6.63,100,,,
"2024-11-30 02:50:00.0000",6.64,100,,,
"2024-11-30 02:40:00.0000",6.61,100,,,
"2024-11-30 02:30:00.0000",6.42,100,,,
"2024-11-30 02:20:00.0000",6.61,100,,,
"2024-11-30 02:10:00.0000",6.65,100,,,
"2024-11-30 02:00:00.0000",6.52,100,,,
"2024-11-30 01:50:00.0000",6.52,100,,,
"2024-11-30 01:40:00.0000",6.47,100,,,
"2024-11-30 01:30:00.0000",6.49,100,,,
"2024-11-30 01:20:00.0000",6.25,100,,,
"2024-11-30 01:10:00.0000",6.34,100,,,
"2024-11-30 01:00:00.0000",6.17,100,,,
"2024-11-30 00:50:00.0000",6.03,100,,,
"2024-11-30 00:40:00.0000",5.97,100,,,
"2024-11-30 00:30:00.0000",5.76,100,,,
"2024-11-30 00:20:00.0000",5.65,100,,,
"2024-11-30 00:10:00.0000",5.41,100,,,
"2024-11-30 00:00:00.0000",5.54,100,,,
"2024-11-29 23:50:00.0000",5.52,100,,,
"2024-11-29 23:40:00.0000",5.41,100,,,
"2024-11-29 23:30:00.0000",5.42,100,,,
"2024-11-29 23:20:00.0000",5.42,100,,,
"2024-11-29 23:10:00.0000",5.49,100,,,
"2024-11-29 23:00:00.0000",5.4,100,,,
"2024-11-29 22:50:00.0000",5.72,100,,,
"2024-11-29 22:40:00.0000",5.83,100,,,
"2024-11-29 22:30:00.0000",5.64,100,,,
"2024-11-29 22:20:00.0000",5.49,100,,,
"2024-11-29 22:10:00.0000",5.46,100,,,
"2024-11-29 22:00:00.0000",5.53,100,,,
"2024-11-29 21:50:00.0000",5.46,100,,,
"2024-11-29 21:40:00.0000",5.81,100,,,
"2024-11-29 21:30:00.0000",5.93,100,,,
"2024-11-29 21:20:00.0000",5.92,100,,,
"2024-11-29 21:10:00.0000",5.87,100,,,
"2024-11-29 21:00:00.0000",5.91,100,,,
"2024-11-29 20:50:00.0000",6.05,100,,,
"2024-11-29 20:40:00.0000",5.97,100,,,
"2024-11-29 20:30:00.0000",6.15,100,,,
"2024-11-29 20:20:00.0000",6.21,100,,,
"2024-11-29 20:10:00.0000",6.21,100,,,
"2024-11-29 20:00:00.0000",6.32,100,,,
"2024-11-29 19:50:00.0000",6.34,100,,,
"2024-11-29 19:40:00.0000",6.31,100,,,
"2024-11-29 19:30:00.0000",6.13,100,,,
"2024-11-29 19:20:00.0000",6.28,100,,,
"2024-11-29 19:10:00.0000",6.29,100,,,
"2024-11-29 19:00:00.0000",6.21,100,,,
"2024-11-29 18:50:00.0000",6.23,100,,,
"2024-11-29 18:40:00.0000",6.25,100,,,
"2024-11-29 18:30:00.0000",6.24,100,,,
"2024-11-29 18:20:00.0000",6.06,100,,,
"2024-11-29 18:10:00.0000",6.25,100,,,
"2024-11-29 18:00:00.0000",6.29,100,,,
"2024-11-29 17:50:00.0000",6.29,100,,,
"2024-11-29 17:40:00.0000",6.32,100,,,
"2024-11-29 17:30:00.0000",6.3,100,,,
"2024-11-29 17:20:00.0000",6.31,100,,,
"2024-11-29 17:10:00.0000",6.11,100,,,
"2024-11-29 17:00:00.0000",6.43,100,,,
"2024-11-29 16:50:00.0000",6.61,100,,,
"2024-11-29 16:40:00.0000",6.6,100,,,
"2024-11-29 16:30:00.0000",6.6,100,,,
"2024-11-29 16:20:00.0000",6.59,100,,,
"2024-11-29 16:10:00.0000",6.54,100,,,
"2024-11-29 16:00:00.0000",6.31,100,,,
"2024-11-29 15:50:00.0000",6.41,100,,,
"2024-11-29 15:40:00.0000",6.37,100,,,
"2024-11-29 15:30:00.0000",6.28,100,,,
"2024-11-29 15:20:00.0000",6.24,100,,,
"2024-11-29 15:10:00.0000",6.22,100,,,
"2024-11-29 15:00:00.0000",6.16,100,,,
"2024-11-29 14:50:00.0000",5.94,100,,,
"2024-11-29 14:40:00.0000",6.15,100,,,
"2024-11-29 14:30:00.0000",6.16,100,,,
"2024-11-29 14:20:00.0000",6.13,99.76,,,
"2024-11-29 14:10:00.0000",6.21,98.92,,,
"2024-11-29 14:00:00.0000",6.17,98.39,,,
"2024-11-29 13:50:00.0000",6.21,98.04,,,
"2024-11-29 13:40:00.0000",5.98,98.23,,,
"2024-11-29 13:30:00.0000",5.98,97.43,,,
"2024-11-29 13:20:00.0000",6.16,96.51,,,
"2024-11-29 13:10:00.0000",6.11,96.14,,,
"2024-11-29 13:00:00.0000",6.2,95.41,,,
"2024-11-29 12:50:00.0000",6.32,95.08,,,
"2024-11-29 12:40:00.0000",6.37,94.43,,,
"2024-11-29 12:30:00.0000",6.33,94.4,,,
"2024-11-29 12:20:00.0000",6.69,93.03,,,
"2024-11-29 12:10:00.0000",6.25,94.85,,,
"2024-11-29 12:00:00.0000",5.99,95.49,,,
"2024-11-29 11:50:00.0000",5.92,95.21,,,
"2024-11-29 11:40:00.0000",5.98,94.34,,,
"2024-11-29 11:30:00.0000",6.1,94,,,
"2024-11-29 11:20:00.0000",5.77,95.01,,,
"2024-11-29 11:10:00.0000",6.05,93.64,,,
"2024-11-29 11:00:00.0000",6.16,93.75,,,
"2024-11-29 10:50:00.0000",5.91,94.57,,,
"2024-11-29 10:40:00.0000",5.72,95.73,,,
"2024-11-29 10:30:00.0000",5.48,96.62,,,
"2024-11-29 10:20:00.0000",5.25,97.56,,,
"2024-11-29 10:10:00.0000",4.98,98.89,,,
"2024-11-29 10:00:00.0000",4.99,98.7,,,
"2024-11-29 09:50:00.0000",4.83,99.54,,,
"2024-11-29 09:40:00.0000",4.6,100,,,
"2024-11-29 09:30:00.0000",4.49,100,,,
"2024-11-29 09:20:00.0000",4.31,100,,,
"2024-11-29 09:10:00.0000",4.14,100,,,
"2024-11-29 09:00:00.0000",3.76,100,,,
"2024-11-29 08:50:00.0000",3.8,100,,,
"2024-11-29 08:40:00.0000",3.81,100,,,
"2024-11-29 08:30:00.0000",3.88,100,,,
"2024-11-29 08:20:00.0000",3.98,100,,,
"2024-11-29 08:10:00.0000",3.94,100,,,
"2024-11-29 08:00:00.0000",3.96,100,,,
"2024-11-29 07:50:00.0000",3.79,100,,,
"2024-11-29 07:40:00.0000",4.02,100,,,
"2024-11-29 07:30:00.0000",4.02,100,,,
"2024-11-29 07:20:00.0000",3.95,100,,,
"2024-11-29 07:10:00.0000",3.92,100,,,
"2024-11-29 07:00:00.0000",3.85,100,,,
"2024-11-29 06:50:00.0000",3.82,100,,,
"2024-11-29 06:40:00.0000",3.64,100,,,
"2024-11-29 06:30:00.0000",3.85,100,,,
"2024-11-29 06:20:00.0000",3.93,100,,,
"2024-11-29 06:10:00.0000",3.94,100,,,
"2024-11-29 06:00:00.0000",3.96,100,,,
"2024-11-29 05:50:00.0000",3.88,100,,,
"2024-11-29 05:40:00.0000",3.78,100,,,
"2024-11-29 05:30:00.0000",3.54,100,,,
"2024-11-29 05:20:00.0000",3.74,100,,,
"2024-11-29 05:10:00.0000",3.82,100,,,
"2024-11-29 05:00:00.0000",3.74,100,,,
"2024-11-29 04:50:00.0000",3.73,100,,,
"2024-11-29 04:40:00.0000",3.69,100,,,
"2024-11-29 04:30:00.0000",3.67,100,,,
"2024-11-29 04:20:00.0000",3.45,100,,,
"2024-11-29 04:10:00.0000",3.63,100,,,
"2024-11-29 04:00:00.0000",3.7,100,,,
"2024-11-29 03:50:00.0000",3.75,100,,,
"2024-11-29 03:40:00.0000",3.77,100,,,
"2024-11-29 03:30:00.0000",3.76,100,,,
"2024-11-29 03:20:00.0000",3.76,100,,,
"2024-11-29 03:10:00.0000",3.57,100,,,
"2024-11-29 03:00:00.0000",3.72,100,,,
"2024-11-29 02:50:00.0000",3.75,100,,,
"2024-11-29 02:40:00.0000",3.78,100,,,
"2024-11-29 02:30:00.0000",3.78,100,,,
"2024-11-29 02:20:00.0000",3.77,99.92,,,
"2024-11-29 02:10:00.0000",3.8,99.76,,,
"2024-11-29 02:00:00.0000",3.54,100,,,
"2024-11-29 01:50:00.0000",3.7,99.77,,,
"2024-11-29 01:40:00.0000",3.72,99.46,,,
"2024-11-29 01:30:00.0000",3.61,99.6,,,
"2024-11-29 01:20:00.0000",3.55,99.54,,,
"2024-11-29 01:10:00.0000",3.45,99.6,,,
"2024-11-29 01:00:00.0000",3.36,99.65,,,
"2024-11-29 00:50:00.0000",3.12,100,,,
"2024-11-29 00:40:00.0000",3.22,99.55,,,
"2024-11-29 00:30:00.0000",3.25,99.23,,,
"2024-11-29 00:20:00.0000",3.19,99.2,,,
"2024-11-29 00:10:00.0000",3.19,99.25,,,
"2024-11-29 00:00:00.0000",3.13,99.58,,,
"2024-11-28 23:50:00.0000",2.98,99.8,,,
"2024-11-28 23:40:00.0000",2.76,100,,,
"2024-11-28 23:30:00.0000",2.91,99.73,,,
"2024-11-28 23:20:00.0000",2.88,99.54,,,
"2024-11-28 23:10:00.0000",2.9,99.68,,,
"2024-11-28 23:00:00.0000",3.03,98.72,,,
"2024-11-28 22:50:00.0000",3.01,97.82,,,
"2024-11-28 22:40:00.0000",3.03,97.52,,,
"2024-11-28 22:30:00.0000",2.81,98.41,,,
"2024-11-28 22:20:00.0000",2.94,97.38,,,
"2024-11-28 22:10:00.0000",2.95,97.1,,,
"2024-11-28 22:00:00.0000",2.89,97.15,,,
"2024-11-28 21:50:00.0000",2.83,96.92,,,
"2024-11-28 21:40:00.0000",2.74,96.88,,,
"2024-11-28 21:30:00.0000",2.7,96.69,,,
"2024-11-28 21:20:00.0000",2.5,97.2,,,
"2024-11-28 21:10:00.0000",2.6,95.87,,,
"2024-11-28 21:00:00.0000",2.56,95.48,,,
"2024-11-28 20:50:00.0000",2.45,95.58,,,
"2024-11-28 20:40:00.0000",2.38,95.28,,,
"2024-11-28 20:30:00.0000",2.31,95.28,,,
"2024-11-28 20:20:00.0000",2.3,95.16,,,
"2024-11-28 20:10:00.0000",2.17,95.48,,,
"2024-11-28 20:00:00.0000",2.39,94.15,,,
"2024-11-28 19:50:00.0000",2.4,93.97,,,
"2024-11-28 19:40:00.0000",2.33,94.46,,,
"2024-11-28 19:30:00.0000",2.33,94.77,,,
"2024-11-28 19:20:00.0000",2.23,95.41,,,
"2024-11-28 19:10:00.0000",2.2,96.3,,,
"2024-11-28 19:00:00.0000",2.01,97.6,,,
"2024-11-28 18:50:00.0000",2.17,97.09,,,
"2024-11-28 18:40:00.0000",2.2,97.15,,,
"2024-11-28 18:30:00.0000",2.11,98.04,,,
"2024-11-28 18:20:00.0000",2.1,98.72,,,
"2024-11-28 18:10:00.0000",2.02,99.85,,,
"2024-11-28 18:00:00.0000",1.88,100,,,
"2024-11-28 17:50:00.0000",1.59,100,,,
"2024-11-28 17:40:00.0000",1.7,100,,,
"2024-11-28 17:30:00.0000",1.73,100,,,
"2024-11-28 17:20:00.0000",1.66,100,,,
"2024-11-28 17:10:00.0000",1.69,100,,,
"2024-11-28 17:00:00.0000",1.6,100,,,
"2024-11-28 16:50:00.0000",1.53,100,,,
"2024-11-28 16:40:00.0000",1.33,100,,,
"2024-11-28 16:30:00.0000",1.49,100,,,
"2024-11-28 16:20:00.0000",1.37,100,,,
"2024-11-28 16:10:00.0000",1.27,100,,,
"2024-11-28 16:00:00.0000",1.32,100,,,
"2024-11-28 15:50:00.0000",1.28,100,,,
"2024-11-28 15:40:00.0000",1.37,100,,,
"2024-11-28 15:30:00.0000",1.24,100,,,
"2024-11-28 15:20:00.0000",1.51,100,,,
"2024-11-28 15:10:00.0000",1.62,100,,,
"2024-11-28 15:00:00.0000",1.73,100,,,
"2024-11-28 14:50:00.0000",1.82,100,,,
"2024-11-28 14:40:00.0000",1.92,100,,,
"2024-11-28 14:30:00.0000",2.27,98.86,,,
"2024-11-28 14:20:00.0000",2.43,98.52,,,
"2024-11-28 14:10:00.0000",2.62,96.99,,,
"2024-11-28 14:00:00.0000",3.18,94.43,,,
"2024-11-28 13:50:00.0000",3.57,93.26,,,
"2024-11-28 13:40:00.0000",2.72,97.77,,,
"2024-11-28 13:30:00.0000",2.01,98.99,,,
"2024-11-28 13:20:00.0000",2.41,96.74,,,
"2024-11-28 13:10:00.0000",2.79,95.04,,,
"2024-11-28 13:00:00.0000",3.21,92.91,,,
"2024-11-28 12:50:00.0000",3.72,91.36,,,
"2024-11-28 12:40:00.0000",3.75,92.58,,,
"2024-11-28 12:30:00.0000",3.01,97.34,,,
"2024-11-28 12:20:00.0000",2.02,100,,,
"2024-11-28 12:10:00.0000",1.06,100,,,
"2024-11-28 12:00:00.0000",0.37,100,,,
"2024-11-28 11:50:00.0000",0.34,100,,,
"2024-11-28 11:40:00.0000",0.24,100,,,
"2024-11-28 11:30:00.0000",0.06,100,,,
"2024-11-28 11:20:00.0000",0,100,,,
"2024-11-28 11:10:00.0000",0,100,,,
"2024-11-28 11:00:00.0000",0,100,,,
"2024-11-28 10:50:00.0000",0,100,,,
"2024-11-28 10:40:00.0000",0,100,,,
"2024-11-28 10:30:00.0000",0,100,,,
"2024-11-28 10:20:00.0000",0,100,,,
"2024-11-28 10:10:00.0000",0,100,,,
"2024-11-28 10:00:00.0000",0,100,,,
"2024-11-28 09:50:00.0000",0,100,,,
"2024-11-28 09:40:00.0000",0,100,,,
"2024-11-28 09:30:00.0000",0,100,,,
"2024-11-28 09:20:00.0000",0,100,,,
"2024-11-28 09:10:00.0000",0,100,,,
"2024-11-28 09:00:00.0000",0,100,,,
"2024-11-28 08:50:00.0000",0,100,,,
"2024-11-28 08:40:00.0000",0,100,,,
"2024-11-28 08:30:00.0000",0,100,,,
"2024-11-28 08:20:00.0000",0,100,,,
"2024-11-28 08:10:00.0000",0,100,,,
"2024-11-28 08:00:00.0000",0,100,,,
"2024-11-28 07:50:00.0000",0,100,,,
"2024-11-28 07:40:00.0000",0,100,,,
"2024-11-28 07:30:00.0000",0,100,,,
"2024-11-28 07:20:00.0000",0,100,,,
"2024-11-28 07:10:00.0000",0,100,,,
"2024-11-28 07:00:00.0000",0,100,,,
"2024-11-28 06:50:00.0000",0,100,,,
"2024-11-28 06:40:00.0000",0,100,,,
"2024-11-28 06:30:00.0000",0,100,,,
"2024-11-28 06:20:00.0000",0,100,,,
"2024-11-28 06:10:00.0000",0,100,,,
"2024-11-28 06:00:00.0000",0,100,,,
"2024-11-28 05:50:00.0000",0,100,,,
"2024-11-28 05:40:00.0000",0,100,,,
"2024-11-28 05:30:00.0000",0,100,,,
"2024-11-28 05:20:00.0000",0,100,,,
"2024-11-28 05:10:00.0000",0,100,,,
"2024-11-28 05:00:00.0000",0,100,,,
"2024-11-28 04:50:00.0000",0,100,,,
"2024-11-28 04:40:00.0000",0,100,,,
"2024-11-28 04:30:00.0000",0,100,,,
"2024-11-28 04:20:00.0000",0,100,,,
"2024-11-28 04:10:00.0000",0,100,,,
"2024-11-28 04:00:00.0000",0,100,,,
"2024-11-28 03:50:00.0000",0,100,,,
"2024-11-28 03:40:00.0000",0,100,,,
"2024-11-28 03:30:00.0000",0,100,,,
"2024-11-28 03:20:00.0000",0,100,,,
"2024-11-28 03:10:00.0000",0,100,,,
"2024-11-28 03:00:00.0000",0,100,,,
"2024-11-28 02:50:00.0000",0,100,,,
"2024-11-28 02:40:00.0000",0,100,,,
"2024-11-28 02:30:00.0000",0,100,,,
"2024-11-28 02:20:00.0000",0,100,,,
"2024-11-28 02:10:00.0000",0,100,,,
"2024-11-28 02:00:00.0000",0,100,,,
"2024-11-28 01:50:00.0000",0,100,,,
"2024-11-28 01:40:00.0000",0,100,,,
"2024-11-28 01:30:00.0000",0,100,,,
"2024-11-28 01:20:00.0000",0,100,,,
"2024-11-28 01:10:00.0000",0,100,,,
"2024-11-28 01:00:00.0000",0,100,,,
"2024-11-28 00:50:00.0000",0,100,,,
"2024-11-28 00:40:00.0000",0,100,,,
"2024-11-28 00:30:00.0000",0,100,,,
"2024-11-28 00:20:00.0000",0,100,,,
"2024-11-28 00:10:00.0000",0,100,,,
"2024-11-28 00:00:00.0000",0,100,,,
"2024-11-27 23:50:00.0000",0,100,,,
"2024-11-27 23:40:00.0000",0,100,,,
"2024-11-27 23:30:00.0000",0,100,,,
"2024-11-27 23:20:00.0000",0,100,,,
"2024-11-27 23:10:00.0000",0,100,,,
"2024-11-27 23:00:00.0000",0,100,,,
"2024-11-27 22:50:00.0000",0,100,,,
"2024-11-27 22:40:00.0000",0,100,,,
"2024-11-27 22:30:00.0000",0,100,,,
"2024-11-27 22:20:00.0000",0,100,,,
"2024-11-27 22:10:00.0000",0,100,,,
"2024-11-27 22:00:00.0000",0,100,,,
"2024-11-27 21:50:00.0000",0,100,,,
"2024-11-27 21:40:00.0000",0,100,,,
"2024-11-27 21:30:00.0000",0,100,,,
"2024-11-27 21:20:00.0000",0,100,,,
"2024-11-27 21:10:00.0000",0,100,,,
"2024-11-27 21:00:00.0000",0,100,,,
"2024-11-27 20:50:00.0000",0,100,,,
"2024-11-27 20:40:00.0000",0,100,,,
"2024-11-27 20:30:00.0000",0,100,,,
"2024-11-27 20:20:00.0000",0,100,,,
"2024-11-27 20:10:00.0000",0,100,,,
"2024-11-27 20:00:00.0000",0,100,,,
"2024-11-27 19:50:00.0000",0,100,,,
"2024-11-27 19:40:00.0000",0,100,,,
"2024-11-27 19:30:00.0000",0,100,,,
"2024-11-27 19:20:00.0000",0,100,,,
"2024-11-27 19:10:00.0000",0,100,,,
"2024-11-27 19:00:00.0000",0.03,100,,,
"2024-11-27 18:50:00.0000",0.08,100,,,
"2024-11-27 18:40:00.0000",0.22,100,,,
"2024-11-27 18:30:00.0000",0.18,100,,,
"2024-11-27 18:20:00.0000",0.58,100,,,
"2024-11-27 18:10:00.0000",0.79,99.85,,,
"2024-11-27 18:00:00.0000",0.93,99.03,,,
"2024-11-27 17:50:00.0000",1.06,98.27,,,
"2024-11-27 17:40:00.0000",1.1,97.7,,,
"2024-11-27 17:30:00.0000",1.12,98.15,,,
"2024-11-27 17:20:00.0000",0.98,99.19,,,
"2024-11-27 17:10:00.0000",1.04,98.31,,,
"2024-11-27 17:00:00.0000",0.92,98.36,,,
"2024-11-27 16:50:00.0000",0.87,98.25,,,
"2024-11-27 16:40:00.0000",0.98,97.73,,,
"2024-11-27 16:30:00.0000",1.07,96.79,,,
"2024-11-27 16:20:00.0000",1.22,95.38,,,
"2024-11-27 16:10:00.0000",1.34,94.5,,,
"2024-11-27 16:00:00.0000",1.82,92.84,,,
"2024-11-27 15:50:00.0000",2.19,92.71,,,
"2024-11-27 15:40:00.0000",2.37,92.88,,,
"2024-11-27 15:30:00.0000",2.63,92.26,,,
"2024-11-27 15:20:00.0000",2.88,90.68,,,
"2024-11-27 15:10:00.0000",3.14,90.29,,,
"2024-11-27 15:00:00.0000",3.33,90.62,,,
"2024-11-27 14:50:00.0000",4.12,86.86,,,
"2024-11-27 14:40:00.0000",5.02,83.09,,,
"2024-11-27 14:30:00.0000",6.41,74.6,,,
"2024-11-27 14:20:00.0000",8.76,68.19,,,
"2024-11-27 14:10:00.0000",9.45,67.53,,,
"2024-11-27 14:00:00.0000",10.52,64.05,,,
"2024-11-27 13:50:00.0000",10.72,62.05,,,
"2024-11-27 13:40:00.0000",11.64,57.91,,,
"2024-11-27 13:30:00.0000",12.22,57.21,,,
"2024-11-27 13:20:00.0000",12.71,57.41,,,
"2024-11-27 13:10:00.0000",12.77,58.84,,,
"2024-11-27 13:00:00.0000",12.46,60.32,,,
"2024-11-27 12:50:00.0000",12.06,61.82,,,
"2024-11-27 12:40:00.0000",11.58,64.37,,,
"2024-11-27 12:30:00.0000",11.2,65.67,,,
"2024-11-27 12:20:00.0000",9.68,73.11,,,
"2024-11-27 12:10:00.0000",6.68,87.62,,,
"2024-11-27 12:00:00.0000",2.52,100,,,
"2024-11-27 11:50:00.0000",2.12,100,,,
"2024-11-27 11:40:00.0000",1.93,100,,,
"2024-11-27 11:30:00.0000",1.65,100,,,
"2024-11-27 11:20:00.0000",1.71,100,,,
"2024-11-27 11:10:00.0000",1.6,100,,,
"2024-11-27 11:00:00.0000",1.41,100,,,
"2024-11-27 10:50:00.0000",1.27,100,,,
"2024-11-27 10:40:00.0000",1.04,100,,,
"2024-11-27 10:30:00.0000",0.8,100,,,
"2024-11-27 10:20:00.0000",0.46,100,,,
"2024-11-27 10:10:00.0000",0.55,100,,,
"2024-11-27 10:00:00.0000",0.23,100,,,
"2024-11-27 09:50:00.0000",0,100,,,
"2024-11-27 09:40:00.0000",0,100,,,
"2024-11-27 09:30:00.0000",0,100,,,
"2024-11-27 09:20:00.0000",0,100,,,
"2024-11-27 09:10:00.0000",0,100,,,
"2024-11-27 09:00:00.0000",0,100,,,
"2024-11-27 08:50:00.0000",0,100,,,
"2024-11-27 08:40:00.0000",0,100,,,
"2024-11-27 08:30:00.0000",0,100,,,
"2024-11-27 08:20:00.0000",0,100,,,
"2024-11-27 08:10:00.0000",0,100,,,
"2024-11-27 08:00:00.0000",0,100,,,
"2024-11-27 07:50:00.0000",0,100,,,
"2024-11-27 07:40:00.0000",0.31,100,,,
"2024-11-27 07:30:00.0000",0.65,100,,,
"2024-11-27 07:20:00.0000",0.9,100,,,
"2024-11-27 07:10:00.0000",0.86,100,,,
"2024-11-27 07:00:00.0000",0.92,100,,,
"2024-11-27 06:50:00.0000",0.96,100,,,
"2024-11-27 06:40:00.0000",1.31,100,,,
"2024-11-27 06:30:00.0000",1.48,100,,,
"2024-11-27 06:20:00.0000",1.5,100,,,
"2024-11-27 06:10:00.0000",1.55,100,,,
"2024-11-27 06:00:00.0000",1.55,100,,,
"2024-11-27 05:50:00.0000",1.63,100,,,
"2024-11-27 05:40:00.0000",1.47,100,,,
"2024-11-27 05:30:00.0000",1.74,100,,,
"2024-11-27 05:20:00.0000",1.78,100,,,
"2024-11-27 05:10:00.0000",1.77,100,,,
"2024-11-27 05:00:00.0000",1.8,100,,,
"2024-11-27 04:50:00.0000",1.74,100,,,
"2024-11-27 04:40:00.0000",1.68,100,,,
"2024-11-27 04:30:00.0000",1.47,100,,,
"2024-11-27 04:20:00.0000",1.68,100,,,
"2024-11-27 04:10:00.0000",1.74,100,,,
"2024-11-27 04:00:00.0000",1.73,100,,,
"2024-11-27 03:50:00.0000",1.77,100,,,
"2024-11-27 03:40:00.0000",1.74,100,,,
"2024-11-27 03:30:00.0000",1.8,100,,,
"2024-11-27 03:20:00.0000",1.67,100,,,
"2024-11-27 03:10:00.0000",1.88,100,,,
"2024-11-27 03:00:00.0000",1.84,100,,,
"2024-11-27 02:50:00.0000",1.71,100,,,
"2024-11-27 02:40:00.0000",1.59,100,,,
"2024-11-27 02:30:00.0000",1.41,100,,,
"2024-11-27 02:20:00.0000",1.26,100,,,
"2024-11-27 02:10:00.0000",0.91,100,,,
"2024-11-27 02:00:00.0000",0.97,100,,,
"2024-11-27 01:50:00.0000",0.88,100,,,
"2024-11-27 01:40:00.0000",0.67,100,,,
"2024-11-27 01:30:00.0000",0.63,100,,,
"2024-11-27 01:20:00.0000",0.53,100,,,
"2024-11-27 01:10:00.0000",0.45,100,,,
"2024-11-27 01:00:00.0000",0.24,100,,,
"2024-11-27 00:50:00.0000",0.42,100,,,
"2024-11-27 00:40:00.0000",0.46,100,,,
"2024-11-27 00:30:00.0000",0.46,100,,,
"2024-11-27 00:20:00.0000",0.53,100,,,
"2024-11-27 00:10:00.0000",0.46,100,,,
"2024-11-27 00:00:00.0000",0.41,100,,,
"2024-11-26 23:50:00.0000",0.19,100,,,
"2024-11-26 23:40:00.0000",0.41,100,,,
"2024-11-26 23:30:00.0000",0.48,100,,,
"2024-11-26 23:20:00.0000",0.47,100,,,
"2024-11-26 23:10:00.0000",0.56,100,,,
"2024-11-26 23:00:00.0000",0.5,100,,,
"2024-11-26 22:50:00.0000",0.55,100,,,
"2024-11-26 22:40:00.0000",0.37,100,,,
"2024-11-26 22:30:00.0000",0.64,100,,,
"2024-11-26 22:20:00.0000",0.83,100,,,
"2024-11-26 22:10:00.0000",1,100,,,
"2024-11-26 22:00:00.0000",1.14,100,,,
"2024-11-26 21:50:00.0000",1.11,100,,,
"2024-11-26 21:40:00.0000",1.14,100,,,
"2024-11-26 21:30:00.0000",1.05,100,,,
"2024-11-26 21:20:00.0000",1.46,100,,,
"2024-11-26 21:10:00.0000",1.58,100,,,
"2024-11-26 21:00:00.0000",1.46,100,,,
"2024-11-26 20:50:00.0000",1.46,100,,,
"2024-11-26 20:40:00.0000",1.39,100,,,
"2024-11-26 20:30:00.0000",1.32,100,,,
"2024-11-26 20:20:00.0000",1.19,100,,,
"2024-11-26 20:10:00.0000",1.29,100,,,
"2024-11-26 20:00:00.0000",1.31,100,,,
"2024-11-26 19:50:00.0000",1.45,100,,,
"2024-11-26 19:40:00.0000",1.6,100,,,
"2024-11-26 19:30:00.0000",1.57,100,,,
"2024-11-26 19:20:00.0000",1.52,100,,,
"2024-11-26 19:10:00.0000",1.36,100,,,
"2024-11-26 19:00:00.0000",1.65,100,,,
"2024-11-26 18:50:00.0000",1.74,100,,,
"2024-11-26 18:40:00.0000",1.89,100,,,
"2024-11-26 18:30:00.0000",2.11,100,,,
"2024-11-26 18:20:00.0000",2.27,98.98,,,
"2024-11-26 18:10:00.0000",2.35,98.19,,,
"2024-11-26 18:00:00.0000",2.11,98.34,,,
"2024-11-26 17:50:00.0000",2.16,95.79,,,
"2024-11-26 17:40:00.0000",1.86,94.97,,,
"2024-11-26 17:30:00.0000",1.97,93.61,,,
"2024-11-26 17:20:00.0000",2.25,92.22,,,
"2024-11-26 17:10:00.0000",2.48,91.89,,,
"2024-11-26 17:00:00.0000",2.64,91.79,,,
"2024-11-26 16:50:00.0000",2.57,92.68,,,
"2024-11-26 16:40:00.0000",2.87,90.29,,,
"2024-11-26 16:30:00.0000",3.17,88.32,,,
"2024-11-26 16:20:00.0000",3.4,87.44,,,
"2024-11-26 16:10:00.0000",3.77,85.88,,,
"2024-11-26 16:00:00.0000",4.02,84.49,,,
"2024-11-26 15:50:00.0000",4.3,82.71,,,
"2024-11-26 15:40:00.0000",4.43,82.48,,,
"2024-11-26 15:30:00.0000",4.86,79.22,,,
"2024-11-26 15:20:00.0000",5.17,77.76,,,
"2024-11-26 15:10:00.0000",5.37,77.08,,,
"2024-11-26 15:00:00.0000",5.64,75.81,,,
"2024-11-26 14:50:00.0000",6.1,74.19,,,
"2024-11-26 14:40:00.0000",6.82,71.6,,,
"2024-11-26 14:30:00.0000",7.8,68.05,,,
"2024-11-26 14:20:00.0000",9.51,63.12,,,
"2024-11-26 14:10:00.0000",10.07,62.88,,,
"2024-11-26 14:00:00.0000",9.4,62.96,,,
"2024-11-26 13:50:00.0000",11.15,58.04,,,
"2024-11-26 13:40:00.0000",12.24,56.64,,,
"2024-11-26 13:30:00.0000",12.93,56,,,
"2024-11-26 13:20:00.0000",12.48,57.25,,,
"2024-11-26 13:10:00.0000",12.65,57.14,,,
"2024-11-26 13:00:00.0000",13.77,56.25,,,
"2024-11-26 12:50:00.0000",12.86,58.42,,,
"2024-11-26 12:40:00.0000",13.22,58.57,,,
"2024-11-26 12:30:00.0000",12.72,61.78,,,
"2024-11-26 12:20:00.0000",11.63,67.21,,,
"2024-11-26 12:10:00.0000",9,80.43,,,
"2024-11-26 12:00:00.0000",5,91.04,,,
"2024-11-26 11:50:00.0000",4.72,91.27,,,
"2024-11-26 11:40:00.0000",4.55,91.93,,,
"2024-11-26 11:30:00.0000",4.43,92.45,,,
"2024-11-26 11:20:00.0000",4.23,93.27,,,
"2024-11-26 11:10:00.0000",4.04,94.42,,,
"2024-11-26 11:00:00.0000",3.64,97.28,,,
"2024-11-26 10:50:00.0000",3.68,96.93,,,
"2024-11-26 10:40:00.0000",3.62,97.13,,,
"2024-11-26 10:30:00.0000",3.47,98.03,,,
"2024-11-26 10:20:00.0000",3.36,99.23,,,
"2024-11-26 10:10:00.0000",3.05,100,,,
"2024-11-26 10:00:00.0000",2.83,100,,,
"2024-11-26 09:50:00.0000",2.53,100,,,
"2024-11-26 09:40:00.0000",2.48,100,,,
"2024-11-26 09:30:00.0000",2.29,100,,,
"2024-11-26 09:20:00.0000",1.95,100,,,
"2024-11-26 09:10:00.0000",1.89,100,,,
"2024-11-26 09:00:00.0000",1.85,100,,,
"2024-11-26 08:50:00.0000",1.81,100,,,
"2024-11-26 08:40:00.0000",1.38,100,,,
"2024-11-26 08:30:00.0000",1.35,100,,,
"2024-11-26 08:20:00.0000",1.26,100,,,
"2024-11-26 08:10:00.0000",1.24,100,,,
"2024-11-26 08:00:00.0000",1.27,100,,,
"2024-11-26 07:50:00.0000",1.25,100,,,
"2024-11-26 07:40:00.0000",1.38,100,,,
"2024-11-26 07:30:00.0000",1.24,100,,,
"2024-11-26 07:20:00.0000",1.5,100,,,
"2024-11-26 07:10:00.0000",1.56,100,,,
"2024-11-26 07:00:00.0000",1.57,100,,,
"2024-11-26 06:50:00.0000",1.54,100,,,
"2024-11-26 06:40:00.0000",1.36,100,,,
"2024-11-26 06:30:00.0000",1.25,100,,,
"2024-11-26 06:20:00.0000",1.08,100,,,
"2024-11-26 06:10:00.0000",1.4,100,,,
"2024-11-26 06:00:00.0000",1.47,100,,,
"2024-11-26 05:50:00.0000",1.42,100,,,
"2024-11-26 05:40:00.0000",1.5,100,,,
"2024-11-26 05:30:00.0000",1.49,100,,,
"2024-11-26 05:20:00.0000",1.42,100,,,
"2024-11-26 05:10:00.0000",1.22,100,,,
"2024-11-26 05:00:00.0000",1.53,100,,,
"2024-11-26 04:50:00.0000",1.61,100,,,
"2024-11-26 04:40:00.0000",1.61,100,,,
"2024-11-26 04:30:00.0000",1.63,100,,,
"2024-11-26 04:20:00.0000",1.48,100,,,
"2024-11-26 04:10:00.0000",1.47,100,,,
"2024-11-26 04:00:00.0000",1.29,100,,,
"2024-11-26 03:50:00.0000",1.59,100,,,
"2024-11-26 03:40:00.0000",1.7,100,,,
"2024-11-26 03:30:00.0000",1.67,100,,,
"2024-11-26 03:20:00.0000",1.72,100,,,
"2024-11-26 03:10:00.0000",1.72,100,,,
"2024-11-26 03:00:00.0000",1.51,100,,,
"2024-11-26 02:50:00.0000",1.23,100,,,
"2024-11-26 02:40:00.0000",1.47,100,,,
"2024-11-26 02:30:00.0000",1.63,100,,,
"2024-11-26 02:20:00.0000",1.75,100,,,
"2024-11-26 02:10:00.0000",1.87,100,,,
"2024-11-26 02:00:00.0000",1.87,100,,,
"2024-11-26 01:50:00.0000",1.83,100,,,
"2024-11-26 01:40:00.0000",1.63,100,,,
"2024-11-26 01:30:00.0000",1.95,100,,,
"2024-11-26 01:20:00.0000",2.06,100,,,
"2024-11-26 01:10:00.0000",1.87,100,,,
"2024-11-26 01:00:00.0000",2.02,100,,,
"2024-11-26 00:50:00.0000",1.97,100,,,
"2024-11-26 00:40:00.0000",2.09,100,,,
"2024-11-26 00:30:00.0000",2,100,,,
"2024-11-26 00:20:00.0000",2.15,100,,,
"2024-11-26 00:10:00.0000",2.22,100,,,
"2024-11-26 00:00:00.0000",2.26,100,,,
"2024-11-25 23:50:00.0000",2.29,100,,,
"2024-11-25 23:40:00.0000",2.26,100,,,
"2024-11-25 23:30:00.0000",2.2,100,,,
"2024-11-25 23:20:00.0000",2.07,100,,,
"2024-11-25 23:10:00.0000",2.44,100,,,
"2024-11-25 23:00:00.0000",2.62,100,,,
"2024-11-25 22:50:00.0000",2.64,99.99,,,
"2024-11-25 22:40:00.0000",2.77,99.75,,,
"2024-11-25 22:30:00.0000",2.84,99.38,,,
"2024-11-25 22:20:00.0000",2.88,99.48,,,
"2024-11-25 22:10:00.0000",2.69,100,,,
"2024-11-25 22:00:00.0000",2.72,100,,,
"2024-11-25 21:50:00.0000",2.66,100,,,
"2024-11-25 21:40:00.0000",2.61,99.97,,,
"2024-11-25 21:30:00.0000",2.79,99.08,,,
"2024-11-25 21:20:00.0000",2.91,98.67,,,
"2024-11-25 21:10:00.0000",2.95,98.44,,,
"2024-11-25 21:00:00.0000",2.83,98.86,,,
"2024-11-25 20:50:00.0000",3.04,96.82,,,
"2024-11-25 20:40:00.0000",3.22,95.97,,,
"2024-11-25 20:30:00.0000",3.35,95.49,,,
"2024-11-25 20:20:00.0000",3.47,95.57,,,
"2024-11-25 20:10:00.0000",3.53,95.22,,,
"2024-11-25 20:00:00.0000",3.61,94.57,,,
"2024-11-25 19:50:00.0000",3.41,95.34,,,
"2024-11-25 19:40:00.0000",3.51,94.75,,,
"2024-11-25 19:30:00.0000",3.47,95.21,,,
"2024-11-25 19:20:00.0000",3.4,95.4,,,
"2024-11-25 19:10:00.0000",3.51,94.92,,,
"2024-11-25 19:00:00.0000",3.54,94.48,,,
"2024-11-25 18:50:00.0000",3.55,93.8,,,
"2024-11-25 18:40:00.0000",3.35,93.93,,,
"2024-11-25 18:30:00.0000",3.59,92.78,,,
"2024-11-25 18:20:00.0000",3.72,92.73,,,
"2024-11-25 18:10:00.0000",3.76,92.68,,,
"2024-11-25 18:00:00.0000",3.85,92.7,,,
"2024-11-25 17:50:00.0000",3.91,92.78,,,
"2024-11-25 17:40:00.0000",3.99,93.21,,,
"2024-11-25 17:30:00.0000",3.87,94.09,,,
"2024-11-25 17:20:00.0000",4.26,92.45,,,
"2024-11-25 17:10:00.0000",4.44,92.64,,,
"2024-11-25 17:00:00.0000",4.43,92.5,,,
"2024-11-25 16:50:00.0000",4.68,91.44,,,
"2024-11-25 16:40:00.0000",4.98,90.31,,,
"2024-11-25 16:30:00.0000",5.18,89.5,,,
"2024-11-25 16:20:00.0000",5.07,88.67,,,
"2024-11-25 16:10:00.0000",5.48,85.46,,,
"2024-11-25 16:00:00.0000",5.77,83.06,,,
"2024-11-25 15:50:00.0000",5.83,81.69,,,
"2024-11-25 15:40:00.0000",5.86,80.57,,,
"2024-11-25 15:30:00.0000",5.82,79.66,,,
"2024-11-25 15:20:00.0000",5.77,78.92,,,
"2024-11-25 15:10:00.0000",5.72,78.74,,,
"2024-11-25 15:00:00.0000",6.13,76.91,,,
"2024-11-25 14:50:00.0000",6.48,76.91,,,
"2024-11-25 14:40:00.0000",7.02,75.29,,,
"2024-11-25 14:30:00.0000",7.86,72.81,,,
"2024-11-25 14:20:00.0000",8.96,69.79,,,
"2024-11-25 14:10:00.0000",9.74,68.4,,,
"2024-11-25 14:00:00.0000",9.26,69.44,,,
"2024-11-25 13:50:00.0000",9.66,68.4,,,
"2024-11-25 13:40:00.0000",9.66,69.45,,,
"2024-11-25 13:30:00.0000",9.57,70.97,,,
"2024-11-25 13:20:00.0000",8.84,72.66,,,
"2024-11-25 13:10:00.0000",8.41,73.69,,,
"2024-11-25 13:00:00.0000",9.07,71.88,,,
"2024-11-25 12:50:00.0000",9.57,69.2,,,
"2024-11-25 12:40:00.0000",11.55,63.62,,,
"2024-11-25 12:30:00.0000",10.99,65.22,,,
"2024-11-25 12:20:00.0000",10.19,68.36,,,
"2024-11-25 12:10:00.0000",9.19,73.79,,,
"2024-11-25 12:00:00.0000",6.74,79.84,,,
"2024-11-25 11:50:00.0000",6.61,79.14,,,
"2024-11-25 11:40:00.0000",6.58,78.77,,,
"2024-11-25 11:30:00.0000",6.83,78.48,,,
"2024-11-25 11:20:00.0000",6.92,78.71,,,
"2024-11-25 11:10:00.0000",7.02,80.29,,,
"2024-11-25 11:00:00.0000",7.18,81.76,,,
"2024-11-25 10:50:00.0000",6.79,84.36,,,
"2024-11-25 10:40:00.0000",6.31,86.76,,,
"2024-11-25 10:30:00.0000",5.51,90.69,,,
"2024-11-25 10:20:00.0000",5.46,90.91,,,
"2024-11-25 10:10:00.0000",5.43,92,,,
"2024-11-25 10:00:00.0000",5.35,91.43,,,
"2024-11-25 09:50:00.0000",5.29,91.25,,,
"2024-11-25 09:40:00.0000",5.11,91.55,,,
"2024-11-25 09:30:00.0000",4.95,92.56,,,
"2024-11-25 09:20:00.0000",4.66,94,,,
"2024-11-25 09:10:00.0000",4.7,94.04,,,
"2024-11-25 09:00:00.0000",4.67,94.64,,,
"2024-11-25 08:50:00.0000",4.48,95.92,,,
"2024-11-25 08:40:00.0000",4.42,97.11,,,
"2024-11-25 08:30:00.0000",4.26,98.03,,,
"2024-11-25 08:20:00.0000",4.02,99.08,,,
"2024-11-25 08:10:00.0000",3.78,99.81,,,
"2024-11-25 08:00:00.0000",4.08,98.3,,,
"2024-11-25 07:50:00.0000",4.11,97.94,,,
"2024-11-25 07:40:00.0000",4.1,98.03,,,
"2024-11-25 07:30:00.0000",4.1,98.11,,,
"2024-11-25 07:20:00.0000",4.04,98.59,,,
"2024-11-25 07:10:00.0000",4,98.94,,,
"2024-11-25 07:00:00.0000",3.8,99.97,,,
"2024-11-25 06:50:00.0000",4.08,99.43,,,
"2024-11-25 06:40:00.0000",4.16,99.16,,,
"2024-11-25 06:30:00.0000",4.18,99.51,,,
"2024-11-25 06:20:00.0000",4.24,99.4,,,
"2024-11-25 06:10:00.0000",4.28,99.55,,,
"2024-11-25 06:00:00.0000",4.3,99.62,,,
"2024-11-25 05:50:00.0000",4.13,100,,,
"2024-11-25 05:40:00.0000",4.34,99.96,,,
"2024-11-25 05:30:00.0000",4.46,99.66,,,
"2024-11-25 05:20:00.0000",4.55,99.01,,,
"2024-11-25 05:10:00.0000",4.72,99.11,,,
"2024-11-25 05:00:00.0000",4.85,98.5,,,
"2024-11-25 04:50:00.0000",5.01,97.14,,,
"2024-11-25 04:40:00.0000",4.86,98.26,,,
"2024-11-25 04:30:00.0000",5.03,98.46,,,
"2024-11-25 04:20:00.0000",5.13,99.91,,,
"2024-11-25 04:10:00.0000",5.15,100,,,
"2024-11-25 04:00:00.0000",5.3,100,,,
"2024-11-25 03:50:00.0000",5.38,100,,,
"2024-11-25 03:40:00.0000",5.5,100,,,
"2024-11-25 03:30:00.0000",5.33,100,,,
"2024-11-25 03:20:00.0000",5.67,100,,,
"2024-11-25 03:10:00.0000",5.88,100,,,
"2024-11-25 03:00:00.0000",6.07,100,,,
"2024-11-25 02:50:00.0000",6.31,100,,,
"2024-11-25 02:40:00.0000",6.42,100,,,
"2024-11-25 02:30:00.0000",6.33,99.98,,,
"2024-11-25 02:20:00.0000",6.08,100,,,
"2024-11-25 02:10:00.0000",6.25,99.3,,,
"2024-11-25 02:00:00.0000",6.36,98.82,,,
"2024-11-25 01:50:00.0000",6.32,98.75,,,
"2024-11-25 01:40:00.0000",6.29,98.24,,,
"2024-11-25 01:30:00.0000",6.25,97.57,,,
"2024-11-25 01:20:00.0000",6.3,98.67,,,
"2024-11-25 01:10:00.0000",6.28,99.42,,,
"2024-11-25 01:00:00.0000",6.71,95.27,,,
"2024-11-25 00:50:00.0000",6.98,93.6,,,
"2024-11-25 00:40:00.0000",7.19,93.83,,,
"2024-11-25 00:30:00.0000",7.43,93.37,,,
"2024-11-25 00:20:00.0000",7.68,91.19,,,
"2024-11-25 00:10:00.0000",7.59,89.62,,,
"2024-11-25 00:00:00.0000",7.3,90.65,,,
"2024-11-24 23:50:00.0000",7.51,89.31,,,
"2024-11-24 23:40:00.0000",7.61,88.95,,,
"2024-11-24 23:30:00.0000",7.65,88.27,,,
"2024-11-24 23:20:00.0000",7.77,87.33,,,
"2024-11-24 23:10:00.0000",7.76,87.33,,,
"2024-11-24 23:00:00.0000",7.77,86.59,,,
"2024-11-24 22:50:00.0000",7.71,86.75,,,
"2024-11-24 22:40:00.0000",7.91,85.54,,,
"2024-11-24 22:30:00.0000",7.94,85.29,,,
"2024-11-24 22:20:00.0000",7.94,85.07,,,
"2024-11-24 22:10:00.0000",7.99,84.75,,,
"2024-11-24 22:00:00.0000",7.96,84.64,,,
"2024-11-24 21:50:00.0000",8.02,84.18,,,
"2024-11-24 21:40:00.0000",7.84,85.05,,,
"2024-11-24 21:30:00.0000",7.96,84.09,,,
"2024-11-24 21:20:00.0000",8.02,82.85,,,
"2024-11-24 21:10:00.0000",8.04,83.27,,,
"2024-11-24 21:00:00.0000",7.99,84.1,,,
"2024-11-24 20:50:00.0000",7.87,86.05,,,
"2024-11-24 20:40:00.0000",7.92,86.85,,,
"2024-11-24 20:30:00.0000",7.55,89,,,
"2024-11-24 20:20:00.0000",7.74,88.05,,,
"2024-11-24 20:10:00.0000",7.72,87.83,,,
"2024-11-24 20:00:00.0000",7.81,87.02,,,
"2024-11-24 19:50:00.0000",7.96,85.8,,,
"2024-11-24 19:40:00.0000",7.98,85.96,,,
"2024-11-24 19:30:00.0000",8.03,86.98,,,
"2024-11-24 19:20:00.0000",7.81,87.9,,,
"2024-11-24 19:10:00.0000",8.07,86.72,,,
"2024-11-24 19:00:00.0000",8.21,85.94,,,
"2024-11-24 18:50:00.0000",8.21,85.54,,,
"2024-11-24 18:40:00.0000",8.36,84.52,,,
"2024-11-24 18:30:00.0000",8.42,84.04,,,
"2024-11-24 18:20:00.0000",8.47,83.37,,,
"2024-11-24 18:10:00.0000",8.32,83.84,,,
"2024-11-24 18:00:00.0000",8.52,83.68,,,
"2024-11-24 17:50:00.0000",8.43,85.06,,,
"2024-11-24 17:40:00.0000",8.35,85.74,,,
"2024-11-24 17:30:00.0000",8.42,85.31,,,
"2024-11-24 17:20:00.0000",8.44,85.23,,,
"2024-11-24 17:10:00.0000",8.35,86.53,,,
"2024-11-24 17:00:00.0000",8.17,87.69,,,
"2024-11-24 16:50:00.0000",8.33,88.23,,,
"2024-11-24 16:40:00.0000",8.39,88.82,,,
"2024-11-24 16:30:00.0000",8.36,88.65,,,
"2024-11-24 16:20:00.0000",8.46,87.08,,,
"2024-11-24 16:10:00.0000",8.57,85.15,,,
"2024-11-24 16:00:00.0000",8.72,83.74,,,
"2024-11-24 15:50:00.0000",8.61,83.82,,,
"2024-11-24 15:40:00.0000",8.83,82.69,,,
"2024-11-24 15:30:00.0000",8.97,82.52,,,
"2024-11-24 15:20:00.0000",8.99,82.64,,,
"2024-11-24 15:10:00.0000",9.19,82.73,,,
"2024-11-24 15:00:00.0000",9.25,82.97,,,
"2024-11-24 14:50:00.0000",9.33,84.39,,,
"2024-11-24 14:40:00.0000",9.29,84.94,,,
"2024-11-24 14:30:00.0000",9.59,83.38,,,
"2024-11-24 14:20:00.0000",9.9,82.37,,,
"2024-11-24 14:10:00.0000",10.34,81.71,,,
"2024-11-24 14:00:00.0000",10.25,81.49,,,
"2024-11-24 13:50:00.0000",10.38,80.89,,,
"2024-11-24 13:40:00.0000",10.4,82.11,,,
"2024-11-24 13:30:00.0000",9.23,86.25,,,
"2024-11-24 13:20:00.0000",9.3,84.5,,,
"2024-11-24 13:10:00.0000",9.27,85.79,,,
"2024-11-24 13:00:00.0000",9.23,89.43,,,
"2024-11-24 12:50:00.0000",8.93,95.29,,,
"2024-11-24 12:40:00.0000",8.74,99.33,,,
"2024-11-24 12:30:00.0000",9.01,98.92,,,
"2024-11-24 12:20:00.0000",9.11,97.52,,,
"2024-11-24 12:10:00.0000",9.18,98.27,,,
"2024-11-24 12:00:00.0000",9.04,97.86,,,
"2024-11-24 11:50:00.0000",9,95.88,,,
"2024-11-24 11:40:00.0000",9.02,94.3,,,
"2024-11-24 11:30:00.0000",8.89,93.84,,,
"2024-11-24 11:20:00.0000",8.83,93.57,,,
"2024-11-24 11:10:00.0000",8.66,96.98,,,
"2024-11-24 11:00:00.0000",8.77,97.94,,,
"2024-11-24 10:50:00.0000",8.76,100,,,
"2024-11-24 10:40:00.0000",8.72,100,,,
"2024-11-24 10:30:00.0000",8.8,99.97,,,
"2024-11-24 10:20:00.0000",8.9,100,,,
"2024-11-24 10:10:00.0000",9.07,100,,,
"2024-11-24 10:00:00.0000",8.95,100,,,
"2024-11-24 09:50:00.0000",9.17,100,,,
"2024-11-24 09:40:00.0000",9.23,100,,,
"2024-11-24 09:30:00.0000",9.26,100,,,
"2024-11-24 09:20:00.0000",9.32,100,,,
"2024-11-24 09:10:00.0000",9.29,100,,,
"2024-11-24 09:00:00.0000",9.35,100,,,
"2024-11-24 08:50:00.0000",9.22,100,,,
"2024-11-24 08:40:00.0000",9.4,100,,,
"2024-11-24 08:30:00.0000",9.43,100,,,
"2024-11-24 08:20:00.0000",9.59,100,,,
"2024-11-24 08:10:00.0000",9.74,100,,,
"2024-11-24 08:00:00.0000",9.85,100,,,
"2024-11-24 07:50:00.0000",9.96,100,,,
"2024-11-24 07:40:00.0000",9.84,100,,,
"2024-11-24 07:30:00.0000",10.07,100,,,
"2024-11-24 07:20:00.0000",10.23,100,,,
"2024-11-24 07:10:00.0000",10.33,100,,,
"2024-11-24 07:00:00.0000",10.55,100,,,
"2024-11-24 06:50:00.0000",10.61,100,,,
"2024-11-24 06:40:00.0000",10.73,100,,,
"2024-11-24 06:30:00.0000",10.57,100,,,
"2024-11-24 06:20:00.0000",10.9,100,,,
"2024-11-24 06:10:00.0000",11.11,100,,,
"2024-11-24 06:00:00.0000",11.16,100,,,
"2024-11-24 05:50:00.0000",11.18,100,,,
"2024-11-24 05:40:00.0000",11.23,100,,,
"2024-11-24 05:30:00.0000",11.33,100,,,
"2024-11-24 05:20:00.0000",11.22,100,,,
"2024-11-24 05:10:00.0000",11.41,100,,,
"2024-11-24 05:00:00.0000",11.35,100,,,
"2024-11-24 04:50:00.0000",11.2,100,,,
"2024-11-24 04:40:00.0000",11.13,100,,,
"2024-11-24 04:30:00.0000",11.09,100,,,
"2024-11-24 04:20:00.0000",11.07,100,,,
"2024-11-24 04:10:00.0000",10.94,100,,,
"2024-11-24 04:00:00.0000",11.3,100,,,
"2024-11-24 03:50:00.0000",11.47,100,,,
"2024-11-24 03:40:00.0000",11.51,100,,,
"2024-11-24 03:30:00.0000",11.45,100,,,
"2024-11-24 03:20:00.0000",11.35,100,,,
"2024-11-24 03:10:00.0000",11.43,100,,,
"2024-11-24 03:00:00.0000",11.35,100,,,
"2024-11-24 02:50:00.0000",11.63,100,,,
"2024-11-24 02:40:00.0000",11.7,100,,,
"2024-11-24 02:30:00.0000",11.79,100,,,
"2024-11-24 02:20:00.0000",11.97,100,,,
"2024-11-24 02:10:00.0000",11.94,100,,,
"2024-11-24 02:00:00.0000",11.97,100,,,
"2024-11-24 01:50:00.0000",11.82,100,,,
"2024-11-24 01:40:00.0000",11.93,100,,,
"2024-11-24 01:30:00.0000",11.88,100,,,
"2024-11-24 01:20:00.0000",11.79,100,,,
"2024-11-24 01:10:00.0000",11.84,100,,,
"2024-11-24 01:00:00.0000",11.87,100,,,
"2024-11-24 00:50:00.0000",11.9,100,,,
"2024-11-24 00:40:00.0000",11.67,100,,,
"2024-11-24 00:30:00.0000",11.78,100,,,
"2024-11-24 00:20:00.0000",11.74,100,,,
"2024-11-24 00:10:00.0000",11.66,100,,,
"2024-11-24 00:00:00.0000",11.75,100,,,
"2024-11-23 23:50:00.0000",11.76,100,,,
"2024-11-23 23:40:00.0000",11.81,100,,,
"2024-11-23 23:30:00.0000",11.65,100,,,
"2024-11-23 23:20:00.0000",11.84,100,,,
"2024-11-23 23:10:00.0000",11.88,100,,,
"2024-11-23 23:00:00.0000",11.89,100,,,
"2024-11-23 22:50:00.0000",11.78,100,,,
"2024-11-23 22:40:00.0000",11.76,100,,,
"2024-11-23 22:30:00.0000",11.83,100,,,
"2024-11-23 22:20:00.0000",11.66,100,,,
"2024-11-23 22:10:00.0000",11.86,100,,,
"2024-11-23 22:00:00.0000",11.92,100,,,
"2024-11-23 21:50:00.0000",11.95,100,,,
"2024-11-23 21:40:00.0000",12.04,100,,,
"2024-11-23 21:30:00.0000",12.06,100,,,
"2024-11-23 21:20:00.0000",12.03,100,,,
"2024-11-23 21:10:00.0000",11.89,100,,,
"2024-11-23 21:00:00.0000",12.12,100,,,
"2024-11-23 20:50:00.0000",12.04,100,,,
"2024-11-23 20:40:00.0000",11.78,100,,,
"2024-11-23 20:30:00.0000",11.69,100,,,
"2024-11-23 20:20:00.0000",11.52,100,,,
"2024-11-23 20:10:00.0000",11.34,100,,,
"2024-11-23 20:00:00.0000",11.01,100,,,
"2024-11-23 19:50:00.0000",10.98,100,,,
"2024-11-23 19:40:00.0000",10.68,100,,,
"2024-11-23 19:30:00.0000",10.54,100,,,
"2024-11-23 19:20:00.0000",10.54,100,,,
"2024-11-23 19:10:00.0000",10.59,100,,,
"2024-11-23 19:00:00.0000",10.71,100,,,
"2024-11-23 18:50:00.0000",10.69,100,,,
"2024-11-23 18:40:00.0000",11.09,100,,,
"2024-11-23 18:30:00.0000",11.35,100,,,
"2024-11-23 18:20:00.0000",11.45,100,,,
"2024-11-23 18:10:00.0000",11.41,100,,,
"2024-11-23 18:00:00.0000",11.21,100,,,
"2024-11-23 17:50:00.0000",11.24,100,,,
"2024-11-23 17:40:00.0000",11.16,100,,,
"2024-11-23 17:30:00.0000",11.2,100,,,
"2024-11-23 17:20:00.0000",10.87,100,,,
"2024-11-23 17:10:00.0000",10.72,100,,,
"2024-11-23 17:00:00.0000",10.63,100,,,
"2024-11-23 16:50:00.0000",10.39,100,,,
"2024-11-23 16:40:00.0000",10.25,100,,,
"2024-11-23 16:30:00.0000",9.9,100,,,
"2024-11-23 16:20:00.0000",10.04,100,,,
"2024-11-23 16:10:00.0000",10.07,100,,,
"2024-11-23 16:00:00.0000",9.99,100,,,
"2024-11-23 15:50:00.0000",9.94,100,,,
"2024-11-23 15:40:00.0000",9.8,100,,,
"2024-11-23 15:30:00.0000",9.67,100,,,
"2024-11-23 15:20:00.0000",9.33,100,,,
"2024-11-23 15:10:00.0000",9.43,100,,,
"2024-11-23 15:00:00.0000",9.36,100,,,
"2024-11-23 14:50:00.0000",9.19,100,,,
"2024-11-23 14:40:00.0000",9.09,100,,,
"2024-11-23 14:30:00.0000",8.9,100,,,
"2024-11-23 14:20:00.0000",8.74,100,,,
"2024-11-23 14:10:00.0000",8.38,100,,,
"2024-11-23 14:00:00.0000",8.42,100,,,
"2024-11-23 13:50:00.0000",8.29,100,,,
"2024-11-23 13:40:00.0000",8.04,100,,,
"2024-11-23 13:30:00.0000",7.84,100,,,
"2024-11-23 13:20:00.0000",7.63,100,,,
"2024-11-23 13:10:00.0000",7.52,100,,,
"2024-11-23 13:00:00.0000",7.24,100,,,
"2024-11-23 12:50:00.0000",7.33,100,,,
"2024-11-23 12:40:00.0000",7.24,100,,,
"2024-11-23 12:30:00.0000",7.11,100,,,
"2024-11-23 12:20:00.0000",7.08,100,,,
"2024-11-23 12:10:00.0000",6.91,100,,,
"2024-11-23 12:00:00.0000",6.76,100,,,
"2024-11-23 11:50:00.0000",6.37,100,,,
"2024-11-23 11:40:00.0000",6.31,100,,,
"2024-11-23 11:30:00.0000",6.09,100,,,
"2024-11-23 11:20:00.0000",5.9,100,,,
"2024-11-23 11:10:00.0000",5.8,100,,,
"2024-11-23 11:00:00.0000",5.53,100,,,
"2024-11-23 10:50:00.0000",5.34,100,,,
"2024-11-23 10:40:00.0000",4.92,100,,,
"2024-11-23 10:30:00.0000",4.87,100,,,
"2024-11-23 10:20:00.0000",4.71,100,,,
"2024-11-23 10:10:00.0000",4.37,100,,,
"2024-11-23 10:00:00.0000",4.14,100,,,
"2024-11-23 09:50:00.0000",3.79,100,,,
"2024-11-23 09:40:00.0000",3.54,100,,,
"2024-11-23 09:30:00.0000",3.15,100,,,
"2024-11-23 09:20:00.0000",3.12,100,,,
"2024-11-23 09:10:00.0000",3,100,,,
"2024-11-23 09:00:00.0000",2.82,100,,,
"2024-11-23 08:50:00.0000",2.7,100,,,
"2024-11-23 08:40:00.0000",2.51,100,,,
"2024-11-23 08:30:00.0000",2.35,100,,,
"2024-11-23 08:20:00.0000",1.9,100,,,
"2024-11-23 08:10:00.0000",1.73,100,,,
"2024-11-23 08:00:00.0000",1.4,100,,,
"2024-11-23 07:50:00.0000",1.14,100,,,
"2024-11-23 07:40:00.0000",0.98,100,,,
"2024-11-23 07:30:00.0000",0.72,100,,,
"2024-11-23 07:20:00.0000",0.44,100,,,
"2024-11-23 07:10:00.0000",0,100,,,
"2024-11-23 07:00:00.0000",0,100,,,
"2024-11-23 06:50:00.0000",0,100,,,
"2024-11-23 06:40:00.0000",0,100,,,
"2024-11-23 06:30:00.0000",0,100,,,
"2024-11-23 06:20:00.0000",0,100,,,
"2024-11-23 06:10:00.0000",0,100,,,
"2024-11-23 06:00:00.0000",0,100,,,
"2024-11-23 05:50:00.0000",0,100,,,
"2024-11-23 05:40:00.0000",0,100,,,
"2024-11-23 05:30:00.0000",0,100,,,
"2024-11-23 05:20:00.0000",0,100,,,
"2024-11-23 05:10:00.0000",0,100,,,
"2024-11-23 05:00:00.0000",0,100,,,
"2024-11-23 04:50:00.0000",0,100,,,
"2024-11-23 04:40:00.0000",0,100,,,
"2024-11-23 04:30:00.0000",0,100,,,
"2024-11-23 04:20:00.0000",0,100,,,
"2024-11-23 04:10:00.0000",0,100,,,
"2024-11-23 04:00:00.0000",0,100,,,
"2024-11-23 03:50:00.0000",0,100,,,
"2024-11-23 03:40:00.0000",0,100,,,
"2024-11-23 03:30:00.0000",0,100,,,
"2024-11-23 03:20:00.0000",0,100,,,
"2024-11-23 03:10:00.0000",0,100,,,
"2024-11-23 03:00:00.0000",0.06,100,,,
"2024-11-23 02:50:00.0000",0,100,,,
"2024-11-23 02:40:00.0000",0,100,,,
"2024-11-23 02:30:00.0000",0,100,,,
"2024-11-23 02:20:00.0000",0,100,,,
"2024-11-23 02:10:00.0000",0.05,100,,,
"2024-11-23 02:00:00.0000",0.02,100,,,
"2024-11-23 01:50:00.0000",0.04,100,,,
"2024-11-23 01:40:00.0000",0,100,,,
"2024-11-23 01:30:00.0000",0,100,,,
"2024-11-23 01:20:00.0000",0,100,,,
"2024-11-23 01:10:00.0000",0,100,,,
"2024-11-23 01:00:00.0000",0,100,,,
"2024-11-23 00:50:00.0000",0,100,,,
"2024-11-23 00:40:00.0000",0,100,,,
"2024-11-23 00:30:00.0000",0,100,,,
"2024-11-23 00:20:00.0000",0,100,,,
"2024-11-23 00:10:00.0000",0,100,,,
"2024-11-23 00:00:00.0000",0,100,,,
"2024-11-22 23:50:00.0000",0,100,,,
"2024-11-22 23:40:00.0000",0,100,,,
"2024-11-22 23:30:00.0000",0,100,,,
"2024-11-22 23:20:00.0000",0,100,,,
"2024-11-22 23:10:00.0000",0,100,,,
"2024-11-22 23:00:00.0000",0,100,,,
"2024-11-22 22:50:00.0000",0.02,100,,,
"2024-11-22 22:40:00.0000",0.14,100,,,
"2024-11-22 22:30:00.0000",0.14,100,,,
"2024-11-22 22:20:00.0000",0.18,100,,,
"2024-11-22 22:10:00.0000",0.12,100,,,
"2024-11-22 22:00:00.0000",0.12,100,,,
"2024-11-22 21:50:00.0000",0.02,100,,,
"2024-11-22 21:40:00.0000",0.31,100,,,
"2024-11-22 21:30:00.0000",0.52,100,,,
"2024-11-22 21:20:00.0000",0.64,100,,,
"2024-11-22 21:10:00.0000",0.89,100,,,
"2024-11-22 21:00:00.0000",1.08,100,,,
"2024-11-22 20:50:00.0000",1.22,100,,,
"2024-11-22 20:40:00.0000",1.02,100,,,
"2024-11-22 20:30:00.0000",1.08,100,,,
"2024-11-22 20:20:00.0000",0.81,100,,,
"2024-11-22 20:10:00.0000",0.56,100,,,
"2024-11-22 20:00:00.0000",0.64,100,,,
"2024-11-22 19:50:00.0000",0.64,100,,,
"2024-11-22 19:40:00.0000",0.65,100,,,
"2024-11-22 19:30:00.0000",0.44,100,,,
"2024-11-22 19:20:00.0000",0.62,100,,,
"2024-11-22 19:10:00.0000",0.61,100,,,
"2024-11-22 19:00:00.0000",0.44,100,,,
"2024-11-22 18:50:00.0000",0.57,100,,,
"2024-11-22 18:40:00.0000",0.64,100,,,
"2024-11-22 18:30:00.0000",0.65,100,,,
"2024-11-22 18:20:00.0000",0.46,100,,,
"2024-11-22 18:10:00.0000",0.6,100,,,
"2024-11-22 18:00:00.0000",0.79,100,,,
"2024-11-22 17:50:00.0000",0.85,100,,,
"2024-11-22 17:40:00.0000",0.95,100,,,
"2024-11-22 17:30:00.0000",1.06,100,,,
"2024-11-22 17:20:00.0000",1.21,100,,,
"2024-11-22 17:10:00.0000",1.11,100,,,
"2024-11-22 17:00:00.0000",1.4,100,,,
"2024-11-22 16:50:00.0000",1.46,100,,,
"2024-11-22 16:40:00.0000",1.56,100,,,
"2024-11-22 16:30:00.0000",1.64,100,,,
"2024-11-22 16:20:00.0000",1.56,100,,,
"2024-11-22 16:10:00.0000",1.56,100,,,
"2024-11-22 16:00:00.0000",1.48,100,,,
"2024-11-22 15:50:00.0000",1.73,100,,,
"2024-11-22 15:40:00.0000",1.86,100,,,
"2024-11-22 15:30:00.0000",1.94,100,,,
"2024-11-22 15:20:00.0000",2.24,99.25,,,
"2024-11-22 15:10:00.0000",2.49,100,,,
"2024-11-22 15:00:00.0000",2.59,98.13,,,
"2024-11-22 14:50:00.0000",2.76,95.84,,,
"2024-11-22 14:40:00.0000",2.86,93.55,,,
"2024-11-22 14:30:00.0000",2.99,91.75,,,
"2024-11-22 14:20:00.0000",3.25,88.5,,,
"2024-11-22 14:10:00.0000",3.93,85.87,,,
"2024-11-22 14:00:00.0000",4.43,85.21,,,
"2024-11-22 13:50:00.0000",3.55,88.14,,,
"2024-11-22 13:40:00.0000",3.58,84.5,,,
"2024-11-22 13:30:00.0000",4.94,81.18,,,
"2024-11-22 13:20:00.0000",5.7,79.67,,,
"2024-11-22 13:10:00.0000",6.9,74.44,,,
"2024-11-22 13:00:00.0000",9.43,66.41,,,
"2024-11-22 12:50:00.0000",9.95,66.11,,,
"2024-11-22 12:40:00.0000",10.12,68.4,,,
"2024-11-22 12:30:00.0000",7.79,74.79,,,
"2024-11-22 12:20:00.0000",7.14,74.49,,,
"2024-11-22 12:10:00.0000",7.16,78.25,,,
"2024-11-22 12:00:00.0000",4.09,88.28,,,
"2024-11-22 11:50:00.0000",3.57,90.78,,,
"2024-11-22 11:40:00.0000",3.26,91.99,,,
"2024-11-22 11:30:00.0000",3.32,90.44,,,
"2024-11-22 11:20:00.0000",3.41,89.12,,,
"2024-11-22 11:10:00.0000",3.93,86.76,,,
"2024-11-22 11:00:00.0000",4.2,83.7,,,
"2024-11-22 10:50:00.0000",4.29,84.34,,,
"2024-11-22 10:40:00.0000",4.35,85.78,,,
"2024-11-22 10:30:00.0000",4.07,87.45,,,
"2024-11-22 10:20:00.0000",4,88,,,
"2024-11-22 10:10:00.0000",3.89,89.9,,,
"2024-11-22 10:00:00.0000",3.92,91.35,,,
"2024-11-22 09:50:00.0000",3.86,90.75,,,
"2024-11-22 09:40:00.0000",3.64,91.12,,,
"2024-11-22 09:30:00.0000",3.51,90.96,,,
"2024-11-22 09:20:00.0000",3.42,90.53,,,
"2024-11-22 09:10:00.0000",3.47,85.02,,,
"2024-11-22 09:00:00.0000",3.32,92.87,,,
"2024-11-22 08:50:00.0000",3.46,89.89,,,
"2024-11-22 08:40:00.0000",3.43,92.69,,,
"2024-11-22 08:30:00.0000",3.3,92.65,,,
"2024-11-22 08:20:00.0000",3.25,92.43,,,
"2024-11-22 08:10:00.0000",3.16,92.02,,,
"2024-11-22 08:00:00.0000",3.16,92.21,,,
"2024-11-22 07:50:00.0000",2.93,94.45,,,
"2024-11-22 07:40:00.0000",3.06,92.66,,,
"2024-11-22 07:30:00.0000",3.14,92.85,,,
"2024-11-22 07:20:00.0000",3.02,92.33,,,
"2024-11-22 07:10:00.0000",3.12,92.27,,,
"2024-11-22 07:00:00.0000",3.17,92.94,,,
"2024-11-22 06:50:00.0000",3.16,92.99,,,
"2024-11-22 06:40:00.0000",2.99,95.85,,,
"2024-11-22 06:30:00.0000",2.99,93.9,,,
"2024-11-22 06:20:00.0000",2.86,88.82,,,
"2024-11-22 06:10:00.0000",2.74,90.46,,,
"2024-11-22 06:00:00.0000",2.75,87.56,,,
"2024-11-22 05:50:00.0000",2.99,91.02,,,
"2024-11-22 05:40:00.0000",2.98,96.17,,,
"2024-11-22 05:30:00.0000",2.59,97.46,,,
"2024-11-22 05:20:00.0000",2.53,92.16,,,
"2024-11-22 05:10:00.0000",2.73,91.27,,,
"2024-11-22 05:00:00.0000",2.8,94.39,,,
"2024-11-22 04:50:00.0000",2.75,95.77,,,
"2024-11-22 04:40:00.0000",2.6,97.62,,,
"2024-11-22 04:30:00.0000",2.78,96.36,,,
"2024-11-22 04:20:00.0000",2.65,99.05,,,
"2024-11-22 04:10:00.0000",2.99,96.14,,,
"2024-11-22 04:00:00.0000",2.97,96.47,,,
"2024-11-22 03:50:00.0000",2.78,97.64,,,
"2024-11-22 03:40:00.0000",2.73,96.34,,,
"2024-11-22 03:30:00.0000",2.67,97.78,,,
"2024-11-22 03:20:00.0000",2.63,97.83,,,
"2024-11-22 03:10:00.0000",2.4,97.47,,,
"2024-11-22 03:00:00.0000",2.63,96.98,,,
"2024-11-22 02:50:00.0000",2.69,95.11,,,
"2024-11-22 02:40:00.0000",2.7,95.24,,,
"2024-11-22 02:30:00.0000",2.64,97.91,,,
"2024-11-22 02:20:00.0000",2.53,97.59,,,
"2024-11-22 02:10:00.0000",2.19,98.49,,,
"2024-11-22 02:00:00.0000",1.69,100,,,
"2024-11-22 01:50:00.0000",1.84,99.99,,,
"2024-11-22 01:40:00.0000",1.72,100,,,
"2024-11-22 01:30:00.0000",1.56,100,,,
"2024-11-22 01:20:00.0000",1.69,100,,,
"2024-11-22 01:10:00.0000",1.66,100,,,
"2024-11-22 01:00:00.0000",1.76,100,,,
"2024-11-22 00:50:00.0000",1.56,100,,,
"2024-11-22 00:40:00.0000",1.71,99.62,,,
"2024-11-22 00:30:00.0000",1.76,99.26,,,
"2024-11-22 00:20:00.0000",1.73,98.37,,,
"2024-11-22 00:10:00.0000",1.53,98.37,,,
"2024-11-22 00:00:00.0000",0.76,100,,,
"2024-11-21 23:50:00.0000",0.69,100,,,
"2024-11-21 23:40:00.0000",1.36,99.42,,,
"2024-11-21 23:30:00.0000",1.2,97.23,,,
"2024-11-21 23:20:00.0000",0.63,100,,,
"2024-11-21 23:10:00.0000",0.19,100,,,
"2024-11-21 23:00:00.0000",0.19,100,,,
"2024-11-21 22:50:00.0000",0.43,100,,,
"2024-11-21 22:40:00.0000",1.04,98.79,,,
"2024-11-21 22:30:00.0000",0.93,96.77,,,
"2024-11-21 22:20:00.0000",1.33,91.72,,,
"2024-11-21 22:10:00.0000",1.48,92.73,,,
"2024-11-21 22:00:00.0000",1.58,90.01,,,
"2024-11-21 21:50:00.0000",1.52,88.76,,,
"2024-11-21 21:40:00.0000",1.48,88.62,,,
"2024-11-21 21:30:00.0000",1.7,83.93,,,
"2024-11-21 21:20:00.0000",1.65,86.04,,,
"2024-11-21 21:10:00.0000",1.84,82.4,,,
"2024-11-21 21:00:00.0000",1.87,80.21,,,
"2024-11-21 20:50:00.0000",1.86,79.81,,,
"2024-11-21 20:40:00.0000",2,74.59,,,
"2024-11-21 20:30:00.0000",1.95,74.14,,,
"2024-11-21 20:20:00.0000",2,70.25,,,
"2024-11-21 20:10:00.0000",1.95,73.44,,,
"2024-11-21 20:00:00.0000",2.26,77.41,,,
"2024-11-21 19:50:00.0000",2.18,77.41,,,
"2024-11-21 19:40:00.0000",2.19,79.28,,,
"2024-11-21 19:30:00.0000",2.1,85.73,,,
"2024-11-21 19:20:00.0000",1.96,86.45,,,
"2024-11-21 19:10:00.0000",1.84,88.97,,,
"2024-11-21 19:00:00.0000",1.5,92.64,,,
"2024-11-21 18:50:00.0000",1.36,93.49,,,
"2024-11-21 18:40:00.0000",1.08,94.67,,,
"2024-11-21 18:30:00.0000",0.94,97.34,,,
"2024-11-21 18:20:00.0000",0.73,100,,,
"2024-11-21 18:10:00.0000",0.08,100,,,
"2024-11-21 18:00:00.0000",0,100,,,
"2024-11-21 17:50:00.0000",0,100,,,
"2024-11-21 17:40:00.0000",0.2,100,,,
"2024-11-21 17:30:00.0000",0.8,100,,,
"2024-11-21 17:20:00.0000",0.98,100,,,
"2024-11-21 17:10:00.0000",1.25,100,,,
"2024-11-21 17:00:00.0000",1.46,98.42,,,
"2024-11-21 16:50:00.0000",1.8,94.68,,,
"2024-11-21 16:40:00.0000",1.7,88.81,,,
"2024-11-21 16:30:00.0000",1.76,85.97,,,
"2024-11-21 16:20:00.0000",1.58,86.28,,,
"2024-11-21 16:10:00.0000",0.76,94.83,,,
"2024-11-21 16:00:00.0000",0.5,94.41,,,
"2024-11-21 15:50:00.0000",0.52,92.78,,,
"2024-11-21 15:40:00.0000",0.71,90.97,,,
"2024-11-21 15:30:00.0000",0.64,89.35,,,
"2024-11-21 15:20:00.0000",1.02,86.06,,,
"2024-11-21 15:10:00.0000",1.3,87.27,,,
"2024-11-21 15:00:00.0000",1.56,89.53,,,
"2024-11-21 14:50:00.0000",1.8,87.42,,,
"2024-11-21 14:40:00.0000",2.01,85.56,,,
"2024-11-21 14:30:00.0000",2.32,84.35,,,
"2024-11-21 14:20:00.0000",2.57,82,,,
"2024-11-21 14:10:00.0000",3.47,76.53,,,
"2024-11-21 14:00:00.0000",4.18,71.88,,,
"2024-11-21 13:50:00.0000",4.95,69.16,,,
"2024-11-21 13:40:00.0000",5.96,65.19,,,
"2024-11-21 13:30:00.0000",6.85,62.74,,,
"2024-11-21 13:20:00.0000",7.62,62.09,,,
"2024-11-21 13:10:00.0000",9.14,59.74,,,
"2024-11-21 13:00:00.0000",10.13,59.66,,,
"2024-11-21 12:50:00.0000",9.48,62.12,,,
"2024-11-21 12:40:00.0000",9.19,63.73,,,
"2024-11-21 12:30:00.0000",8.15,68.95,,,
"2024-11-21 12:20:00.0000",6.45,75.69,,,
"2024-11-21 12:10:00.0000",4.43,85.99,,,
"2024-11-21 12:00:00.0000",1.23,98.72,,,
"2024-11-21 11:50:00.0000",0.94,98.64,,,
"2024-11-21 11:40:00.0000",0.64,98.13,,,
"2024-11-21 11:30:00.0000",0.59,95.08,,,
"2024-11-21 11:20:00.0000",0.79,94.8,,,
"2024-11-21 11:10:00.0000",0.63,95.5,,,
"2024-11-21 11:00:00.0000",0.21,98.35,,,
"2024-11-21 10:50:00.0000",0,100,,,
"2024-11-21 10:40:00.0000",0,100,,,
"2024-11-21 10:30:00.0000",0,100,,,
"2024-11-21 10:20:00.0000",0,100,,,
"2024-11-21 10:10:00.0000",0,100,,,
"2024-11-21 10:00:00.0000",0,100,,,
"2024-11-21 09:50:00.0000",0,100,,,
"2024-11-21 09:40:00.0000",0,100,,,
"2024-11-21 09:30:00.0000",0,100,,,
"2024-11-21 09:20:00.0000",0,100,,,
"2024-11-21 09:10:00.0000",0,100,,,
"2024-11-21 09:00:00.0000",0,100,,,
"2024-11-21 08:50:00.0000",0,100,,,
"2024-11-21 08:40:00.0000",0,100,,,
"2024-11-21 08:30:00.0000",0,100,,,
"2024-11-21 08:20:00.0000",0,100,,,
"2024-11-21 08:10:00.0000",0,100,,,
"2024-11-21 08:00:00.0000",0,100,,,
"2024-11-21 07:50:00.0000",0,100,,,
"2024-11-21 07:40:00.0000",0,100,,,
"2024-11-21 07:30:00.0000",0,100,,,
"2024-11-21 07:20:00.0000",0,100,,,
"2024-11-21 07:10:00.0000",0,100,,,
"2024-11-21 07:00:00.0000",0,100,,,
"2024-11-21 06:50:00.0000",0,100,,,
"2024-11-21 06:40:00.0000",0,100,,,
"2024-11-21 06:30:00.0000",0,100,,,
"2024-11-21 06:20:00.0000",0,100,,,
"2024-11-21 06:10:00.0000",0,100,,,
"2024-11-21 06:00:00.0000",0,100,,,
"2024-11-21 05:50:00.0000",0,100,,,
"2024-11-21 05:40:00.0000",0,100,,,
"2024-11-21 05:30:00.0000",0,100,,,
"2024-11-21 05:20:00.0000",0,100,,,
"2024-11-21 05:10:00.0000",0,100,,,
"2024-11-21 05:00:00.0000",0,100,,,
"2024-11-21 04:50:00.0000",0,100,,,
"2024-11-21 04:40:00.0000",0,100,,,
"2024-11-21 04:30:00.0000",0,100,,,
"2024-11-21 04:20:00.0000",0,100,,,
"2024-11-21 04:10:00.0000",0,100,,,
"2024-11-21 04:00:00.0000",0,100,,,
"2024-11-21 03:50:00.0000",0,100,,,
"2024-11-21 03:40:00.0000",0,100,,,
"2024-11-21 03:30:00.0000",0,100,,,
"2024-11-21 03:20:00.0000",0,100,,,
"2024-11-21 03:10:00.0000",0,100,,,
"2024-11-21 03:00:00.0000",0,100,,,
"2024-11-21 02:50:00.0000",0,100,,,
"2024-11-21 02:40:00.0000",0,100,,,
"2024-11-21 02:30:00.0000",0,99.8,,,
"2024-11-21 02:20:00.0000",0,98.23,,,
"2024-11-21 02:10:00.0000",0,96.08,,,
"2024-11-21 02:00:00.0000",0,94.63,,,
"2024-11-21 01:50:00.0000",0,92.36,,,
"2024-11-21 01:40:00.0000",0,91.77,,,
"2024-11-21 01:30:00.0000",0,91.13,,,
"2024-11-21 01:20:00.0000",0,90.51,,,
"2024-11-21 01:10:00.0000",0,91.42,,,
"2024-11-21 01:00:00.0000",0,93.41,,,
"2024-11-21 00:50:00.0000",0,92.86,,,
"2024-11-21 00:40:00.0000",0,91.39,,,
"2024-11-21 00:30:00.0000",0,90.22,,,
"2024-11-21 00:20:00.0000",0,90.29,,,
"2024-11-21 00:10:00.0000",0,88.71,,,
"2024-11-21 00:00:00.0000",0,89.59,,,
"2024-11-20 23:50:00.0000",0.09,91.71,,,
"2024-11-20 23:40:00.0000",0.2,94.86,,,
"2024-11-20 23:30:00.0000",0.18,95.38,,,
"2024-11-20 23:20:00.0000",0.09,95.48,,,
"2024-11-20 23:10:00.0000",0.05,94.63,,,
"2024-11-20 23:00:00.0000",0.5,91.79,,,
"2024-11-20 22:50:00.0000",0.74,90.16,,,
"2024-11-20 22:40:00.0000",0.88,88.64,,,
"2024-11-20 22:30:00.0000",1.01,87,,,
"2024-11-20 22:20:00.0000",1.04,85.39,,,
"2024-11-20 22:10:00.0000",1.22,86.11,,,
"2024-11-20 22:00:00.0000",1.14,87.19,,,
"2024-11-20 21:50:00.0000",1.27,79.82,,,
"2024-11-20 21:40:00.0000",1.32,79.87,,,
"2024-11-20 21:30:00.0000",1.42,79.1,,,
"2024-11-20 21:20:00.0000",1.55,77.35,,,
"2024-11-20 21:10:00.0000",1.57,79.9,,,
"2024-11-20 21:00:00.0000",1.47,79.39,,,
"2024-11-20 20:50:00.0000",1.38,79.33,,,
"2024-11-20 20:40:00.0000",1.54,76.77,,,
"2024-11-20 20:30:00.0000",1.59,77.72,,,
"2024-11-20 20:20:00.0000",1.66,75.04,,,
"2024-11-20 20:10:00.0000",1.79,73.98,,,
"2024-11-20 20:00:00.0000",1.84,73.51,,,
"2024-11-20 19:50:00.0000",1.88,76.72,,,
"2024-11-20 19:40:00.0000",1.52,80.97,,,
"2024-11-20 19:30:00.0000",1.68,79.91,,,
"2024-11-20 19:20:00.0000",1.66,77.97,,,
"2024-11-20 19:10:00.0000",1.56,78.75,,,
"2024-11-20 19:00:00.0000",1.54,81.31,,,
"2024-11-20 18:50:00.0000",1.46,79.33,,,
"2024-11-20 18:40:00.0000",1.41,81.28,,,
"2024-11-20 18:30:00.0000",1.1,83.16,,,
"2024-11-20 18:20:00.0000",1.3,79.83,,,
"2024-11-20 18:10:00.0000",1.49,78.17,,,
"2024-11-20 18:00:00.0000",1.66,77.27,,,
"2024-11-20 17:50:00.0000",1.71,75.03,,,
"2024-11-20 17:40:00.0000",1.6,74.58,,,
"2024-11-20 17:30:00.0000",1.54,74.93,,,
"2024-11-20 17:20:00.0000",1.16,74.85,,,
"2024-11-20 17:10:00.0000",1.15,81.2,,,
"2024-11-20 17:00:00.0000",1.08,80.99,,,
"2024-11-20 16:50:00.0000",0.59,82.8,,,
"2024-11-20 16:40:00.0000",0.41,82.18,,,
"2024-11-20 16:30:00.0000",0.38,82.11,,,
"2024-11-20 16:20:00.0000",0.3,83.85,,,
"2024-11-20 16:10:00.0000",0.23,86.03,,,
"2024-11-20 16:00:00.0000",0.79,82.63,,,
"2024-11-20 15:50:00.0000",1.23,80.2,,,
"2024-11-20 15:40:00.0000",1.53,78.35,,,
"2024-11-20 15:30:00.0000",1.8,76.44,,,
"2024-11-20 15:20:00.0000",1.77,75.73,,,
"2024-11-20 15:10:00.0000",1.73,74.62,,,
"2024-11-20 15:00:00.0000",1.59,74.85,,,
"2024-11-20 14:50:00.0000",1.98,70.81,,,
"2024-11-20 14:40:00.0000",2.46,72.23,,,
"2024-11-20 14:30:00.0000",3.14,71.05,,,
"2024-11-20 14:20:00.0000",4.31,65.74,,,
"2024-11-20 14:10:00.0000",5.62,62.76,,,
"2024-11-20 14:00:00.0000",5.63,62.48,,,
"2024-11-20 13:50:00.0000",5.53,63.04,,,
"2024-11-20 13:40:00.0000",4.97,64.48,,,
"2024-11-20 13:30:00.0000",5.64,62.85,,,
"2024-11-20 13:20:00.0000",4.96,62.7,,,
"2024-11-20 13:10:00.0000",6.18,61.34,,,
"2024-11-20 13:00:00.0000",8.07,59.06,,,
"2024-11-20 12:50:00.0000",8.42,55.74,,,
"2024-11-20 12:40:00.0000",8.53,59.8,,,
"2024-11-20 12:30:00.0000",7.55,63.18,,,
"2024-11-20 12:20:00.0000",6.1,68.38,,,
"2024-11-20 12:10:00.0000",4.4,76.61,,,
"2024-11-20 12:00:00.0000",1.35,88.34,,,
"2024-11-20 11:50:00.0000",0.56,91.5,,,
"2024-11-20 11:40:00.0000",0.43,92.58,,,
"2024-11-20 11:30:00.0000",0.09,93.77,,,
"2024-11-20 11:20:00.0000",0.28,93.27,,,
"2024-11-20 11:10:00.0000",0.26,93.62,,,
"2024-11-20 11:00:00.0000",0.14,94.69,,,
"2024-11-20 10:50:00.0000",0.05,94.27,,,
"2024-11-20 10:40:00.0000",0,95.57,,,
"2024-11-20 10:30:00.0000",0,96.38,,,
"2024-11-20 10:20:00.0000",0,98.95,,,
"2024-11-20 10:10:00.0000",0,98.03,,,
"2024-11-20 10:00:00.0000",0,98.48,,,
"2024-11-20 09:50:00.0000",0,99.06,,,
"2024-11-20 09:40:00.0000",0,99.49,,,
"2024-11-20 09:30:00.0000",0,100,,,
"2024-11-20 09:20:00.0000",0,100,,,
"2024-11-20 09:10:00.0000",0,100,,,
"2024-11-20 09:00:00.0000",0,100,,,
"2024-11-20 08:50:00.0000",0,100,,,
"2024-11-20 08:40:00.0000",0,100,,,
"2024-11-20 08:30:00.0000",0,100,,,
"2024-11-20 08:20:00.0000",0,100,,,
"2024-11-20 08:10:00.0000",0,100,,,
"2024-11-20 08:00:00.0000",0,100,,,
"2024-11-20 07:50:00.0000",0,100,,,
"2024-11-20 07:40:00.0000",0,100,,,
"2024-11-20 07:30:00.0000",0,100,,,
"2024-11-20 07:20:00.0000",0,100,,,
"2024-11-20 07:10:00.0000",0,100,,,
"2024-11-20 07:00:00.0000",0,100,,,
"2024-11-20 06:50:00.0000",0,100,,,
"2024-11-20 06:40:00.0000",0,100,,,
"2024-11-20 06:30:00.0000",0,100,,,
"2024-11-20 06:20:00.0000",0,100,,,
"2024-11-20 06:10:00.0000",0,100,,,
"2024-11-20 06:00:00.0000",0,100,,,
"2024-11-20 05:50:00.0000",0,100,,,
"2024-11-20 05:40:00.0000",0,100,,,
"2024-11-20 05:30:00.0000",0,100,,,
"2024-11-20 05:20:00.0000",0,100,,,
"2024-11-20 05:10:00.0000",0,100,,,
"2024-11-20 05:00:00.0000",0,100,,,
"2024-11-20 04:50:00.0000",0,100,,,
"2024-11-20 04:40:00.0000",0,100,,,
"2024-11-20 04:30:00.0000",0,100,,,
"2024-11-20 04:20:00.0000",0,100,,,
"2024-11-20 04:10:00.0000",0,100,,,
"2024-11-20 04:00:00.0000",0,100,,,
"2024-11-20 03:50:00.0000",0,100,,,
"2024-11-20 03:40:00.0000",0,100,,,
"2024-11-20 03:30:00.0000",0,100,,,
"2024-11-20 03:20:00.0000",0,100,,,
"2024-11-20 03:10:00.0000",0,100,,,
"2024-11-20 03:00:00.0000",0,100,,,
"2024-11-20 02:50:00.0000",0,100,,,
"2024-11-20 02:40:00.0000",0,100,,,
"2024-11-20 02:30:00.0000",0,95.48,,,
"2024-11-20 02:20:00.0000",0,92.33,,,
"2024-11-20 02:10:00.0000",0,92.49,,,
"2024-11-20 02:00:00.0000",0,92.29,,,
"2024-11-20 01:50:00.0000",0,92.25,,,
"2024-11-20 01:40:00.0000",0,91.71,,,
"2024-11-20 01:30:00.0000",0,92.85,,,
"2024-11-20 01:20:00.0000",0,96.08,,,
"2024-11-20 01:10:00.0000",0,96.93,,,
"2024-11-20 01:00:00.0000",0,99.57,,,
"2024-11-20 00:50:00.0000",0,98.97,,,
"2024-11-20 00:40:00.0000",0,99.05,,,
"2024-11-20 00:30:00.0000",0,100,,,
"2024-11-20 00:20:00.0000",0,100,,,
"2024-11-20 00:10:00.0000",0,100,,,
"2024-11-20 00:00:00.0000",0,100,,,
"2024-11-19 23:50:00.0000",0,100,,,
"2024-11-19 23:40:00.0000",0,100,,,
"2024-11-19 23:30:00.0000",0,100,,,
"2024-11-19 23:20:00.0000",0,100,,,
"2024-11-19 23:10:00.0000",0,100,,,
"2024-11-19 23:00:00.0000",0,100,,,
"2024-11-19 22:50:00.0000",0,98.72,,,
"2024-11-19 22:40:00.0000",0,100,,,
"2024-11-19 22:30:00.0000",0,99.89,,,
"2024-11-19 22:20:00.0000",0,99.63,,,
"2024-11-19 22:10:00.0000",0,100,,,
"2024-11-19 22:00:00.0000",0,100,,,
"2024-11-19 21:50:00.0000",0,100,,,
"2024-11-19 21:40:00.0000",0,100,,,
"2024-11-19 21:30:00.0000",0,100,,,
"2024-11-19 21:20:00.0000",0,99.94,,,
"2024-11-19 21:10:00.0000",0,99.51,,,
"2024-11-19 21:00:00.0000",0,98.48,,,
"2024-11-19 20:50:00.0000",0,98.2,,,
"2024-11-19 20:40:00.0000",0,98.6,,,
"2024-11-19 20:30:00.0000",0,98.46,,,
"2024-11-19 20:20:00.0000",0,98.97,,,
"2024-11-19 20:10:00.0000",0,97.36,,,
"2024-11-19 20:00:00.0000",0,97.48,,,
"2024-11-19 19:50:00.0000",0,98.01,,,
"2024-11-19 19:40:00.0000",0,99.94,,,
"2024-11-19 19:30:00.0000",0,98.52,,,
"2024-11-19 19:20:00.0000",0,97.04,,,
"2024-11-19 19:10:00.0000",0,96.36,,,
"2024-11-19 19:00:00.0000",0,94.27,,,
"2024-11-19 18:50:00.0000",0,93.91,,,
"2024-11-19 18:40:00.0000",0,93.49,,,
"2024-11-19 18:30:00.0000",0,94.9,,,
"2024-11-19 18:20:00.0000",0,98.83,,,
"2024-11-19 18:10:00.0000",0,100,,,
"2024-11-19 18:00:00.0000",0,100,,,
"2024-11-19 17:50:00.0000",0,100,,,
"2024-11-19 17:40:00.0000",0,100,,,
"2024-11-19 17:30:00.0000",0,100,,,
"2024-11-19 17:20:00.0000",0,100,,,
"2024-11-19 17:10:00.0000",0,100,,,
"2024-11-19 17:00:00.0000",0,100,,,
"2024-11-19 16:50:00.0000",0,100,,,
"2024-11-19 16:40:00.0000",0,100,,,
"2024-11-19 16:30:00.0000",0,100,,,
"2024-11-19 16:20:00.0000",0,100,,,
"2024-11-19 16:10:00.0000",0,100,,,
"2024-11-19 16:00:00.0000",0,100,,,
"2024-11-19 15:50:00.0000",0,100,,,
"2024-11-19 15:40:00.0000",0,100,,,
"2024-11-19 15:30:00.0000",0,100,,,
"2024-11-19 15:20:00.0000",0,100,,,
"2024-11-19 15:10:00.0000",0.2,100,,,
"2024-11-19 15:00:00.0000",0.36,99.99,,,
"2024-11-19 14:50:00.0000",0.47,100,,,
"2024-11-19 14:40:00.0000",0.55,99.87,,,
"2024-11-19 14:30:00.0000",0.43,100,,,
"2024-11-19 14:20:00.0000",0.64,99.85,,,
"2024-11-19 14:10:00.0000",0.65,99.92,,,
"2024-11-19 14:00:00.0000",0.63,100,,,
"2024-11-19 13:50:00.0000",0.72,100,,,
"2024-11-19 13:40:00.0000",0.75,100,,,
"2024-11-19 13:30:00.0000",0.63,100,,,
"2024-11-19 13:20:00.0000",0.36,100,,,
"2024-11-19 13:10:00.0000",0.5,100,,,
"2024-11-19 13:00:00.0000",0.47,100,,,
"2024-11-19 12:50:00.0000",0.34,100,,,
"2024-11-19 12:40:00.0000",0.36,100,,,
"2024-11-19 12:30:00.0000",0.29,100,,,
"2024-11-19 12:20:00.0000",0.28,100,,,
"2024-11-19 12:10:00.0000",0,100,,,
"2024-11-19 12:00:00.0000",0,100,,,
"2024-11-19 11:50:00.0000",0,100,,,
"2024-11-19 11:40:00.0000",0,100,,,
"2024-11-19 11:30:00.0000",0,100,,,
"2024-11-19 11:20:00.0000",0,100,,,
"2024-11-19 11:10:00.0000",0,100,,,
"2024-11-19 11:00:00.0000",0,100,,,
"2024-11-19 10:50:00.0000",0,100,,,
"2024-11-19 10:40:00.0000",0,100,,,
"2024-11-19 10:30:00.0000",0,100,,,
"2024-11-19 10:20:00.0000",0,100,,,
"2024-11-19 10:10:00.0000",0,100,,,
"2024-11-19 10:00:00.0000",0,100,,,
"2024-11-19 09:50:00.0000",0,100,,,
"2024-11-19 09:40:00.0000",0,100,,,
"2024-11-19 09:30:00.0000",0,100,,,
"2024-11-19 09:20:00.0000",0,100,,,
"2024-11-19 09:10:00.0000",0,100,,,
"2024-11-19 09:00:00.0000",0,100,,,
"2024-11-19 08:50:00.0000",0,100,,,
"2024-11-19 08:40:00.0000",0,100,,,
"2024-11-19 08:30:00.0000",0,100,,,
"2024-11-19 08:20:00.0000",0,100,,,
"2024-11-19 08:10:00.0000",0,100,,,
"2024-11-19 08:00:00.0000",0,100,,,
"2024-11-19 07:50:00.0000",0,100,,,
"2024-11-19 07:40:00.0000",0,100,,,
"2024-11-19 07:30:00.0000",0,100,,,
"2024-11-19 07:20:00.0000",0,100,,,
"2024-11-19 07:10:00.0000",0,100,,,
"2024-11-19 07:00:00.0000",0,100,,,
"2024-11-19 06:50:00.0000",0,100,,,
"2024-11-19 06:40:00.0000",0,100,,,
"2024-11-19 06:30:00.0000",0,100,,,
"2024-11-19 06:20:00.0000",0,100,,,
"2024-11-19 06:10:00.0000",0,100,,,
"2024-11-19 06:00:00.0000",0,100,,,
"2024-11-19 05:50:00.0000",0,100,,,
"2024-11-19 05:40:00.0000",0,100,,,
"2024-11-19 05:30:00.0000",0,100,,,
"2024-11-19 05:20:00.0000",0,100,,,
"2024-11-19 05:10:00.0000",0,100,,,
"2024-11-19 05:00:00.0000",0,100,,,
"2024-11-19 04:50:00.0000",0,100,,,
"2024-11-19 04:40:00.0000",0,100,,,
"2024-11-19 04:30:00.0000",0,100,,,
"2024-11-19 04:20:00.0000",0,100,,,
"2024-11-19 04:10:00.0000",0,100,,,
"2024-11-19 04:00:00.0000",0,100,,,
"2024-11-19 03:50:00.0000",0,100,,,
"2024-11-19 03:40:00.0000",0,100,,,
"2024-11-19 03:30:00.0000",0,100,,,
"2024-11-19 03:20:00.0000",0,100,,,
"2024-11-19 03:10:00.0000",0,100,,,
"2024-11-19 03:00:00.0000",0,100,,,
"2024-11-19 02:50:00.0000",0,100,,,
"2024-11-19 02:40:00.0000",0,100,,,
"2024-11-19 02:30:00.0000",0,100,,,
"2024-11-19 02:20:00.0000",0,100,,,
"2024-11-19 02:10:00.0000",0,100,,,
"2024-11-19 02:00:00.0000",0,100,,,
"2024-11-19 01:50:00.0000",0,100,,,
"2024-11-19 01:40:00.0000",0,100,,,
"2024-11-19 01:30:00.0000",0,100,,,
"2024-11-19 01:20:00.0000",0,100,,,
"2024-11-19 01:10:00.0000",0,100,,,
"2024-11-19 01:00:00.0000",0,100,,,
"2024-11-19 00:50:00.0000",0,100,,,
"2024-11-19 00:40:00.0000",0,100,,,
"2024-11-19 00:30:00.0000",0,100,,,
"2024-11-19 00:20:00.0000",0,100,,,
"2024-11-19 00:10:00.0000",0,100,,,
"2024-11-19 00:00:00.0000",0,100,,,
"2024-11-18 23:50:00.0000",0,100,,,
"2024-11-18 23:40:00.0000",0,100,,,
"2024-11-18 23:30:00.0000",0,100,,,
"2024-11-18 23:20:00.0000",0,100,,,
"2024-11-18 23:10:00.0000",0,100,,,
"2024-11-18 23:00:00.0000",0,100,,,
"2024-11-18 22:50:00.0000",0,100,,,
"2024-11-18 22:40:00.0000",0,100,,,
"2024-11-18 22:30:00.0000",0,100,,,
"2024-11-18 22:20:00.0000",0,100,,,
"2024-11-18 22:10:00.0000",0,100,,,
"2024-11-18 22:00:00.0000",0,100,,,
"2024-11-18 21:50:00.0000",0,100,,,
"2024-11-18 21:40:00.0000",0,100,,,
"2024-11-18 21:30:00.0000",0,100,,,
"2024-11-18 21:20:00.0000",0,100,,,
"2024-11-18 21:10:00.0000",0,100,,,
"2024-11-18 21:00:00.0000",0,100,,,
"2024-11-18 20:50:00.0000",0,100,,,
"2024-11-18 20:40:00.0000",0,100,,,
"2024-11-18 20:30:00.0000",0,100,,,
"2024-11-18 20:20:00.0000",0,100,,,
"2024-11-18 20:10:00.0000",0,100,,,
"2024-11-18 20:00:00.0000",0,100,,,
"2024-11-18 19:50:00.0000",0,100,,,
"2024-11-18 19:40:00.0000",0,100,,,
"2024-11-18 19:30:00.0000",0,100,,,
"2024-11-18 19:20:00.0000",0,100,,,
"2024-11-18 19:10:00.0000",0,100,,,
"2024-11-18 19:00:00.0000",0,100,,,
"2024-11-18 18:50:00.0000",0,100,,,
"2024-11-18 18:40:00.0000",0,100,,,
"2024-11-18 18:30:00.0000",0,100,,,
"2024-11-18 18:20:00.0000",0.08,100,,,
"2024-11-18 18:10:00.0000",0.27,100,,,
"2024-11-18 18:00:00.0000",0.63,100,,,
"2024-11-18 17:50:00.0000",0.91,100,,,
"2024-11-18 17:40:00.0000",1.01,100,,,
"2024-11-18 17:30:00.0000",1.08,100,,,
"2024-11-18 17:20:00.0000",1.46,100,,,
"2024-11-18 17:10:00.0000",1.66,100,,,
"2024-11-18 17:00:00.0000",1.71,100,,,
"2024-11-18 16:50:00.0000",1.82,100,,,
"2024-11-18 16:40:00.0000",1.83,100,,,
"2024-11-18 16:30:00.0000",1.96,100,,,
"2024-11-18 16:20:00.0000",1.84,100,,,
"2024-11-18 16:10:00.0000",2.06,100,,,
"2024-11-18 16:00:00.0000",2.14,100,,,
"2024-11-18 15:50:00.0000",2.1,100,,,
"2024-11-18 15:40:00.0000",2.14,100,,,
"2024-11-18 15:30:00.0000",2.02,100,,,
"2024-11-18 15:20:00.0000",2.06,100,,,
"2024-11-18 15:10:00.0000",1.77,100,,,
"2024-11-18 15:00:00.0000",1.98,100,,,
"2024-11-18 14:50:00.0000",2.06,100,,,
"2024-11-18 14:40:00.0000",2.11,100,,,
"2024-11-18 14:30:00.0000",2.2,100,,,
"2024-11-18 14:20:00.0000",2.18,100,,,
"2024-11-18 14:10:00.0000",2.17,100,,,
"2024-11-18 14:00:00.0000",2.1,100,,,
"2024-11-18 13:50:00.0000",2.43,100,,,
"2024-11-18 13:40:00.0000",2.58,99.3,,,
"2024-11-18 13:30:00.0000",2.48,98.21,,,
"2024-11-18 13:20:00.0000",2.64,97.27,,,
"2024-11-18 13:10:00.0000",2.68,97.49,,,
"2024-11-18 13:00:00.0000",2.63,96.74,,,
"2024-11-18 12:50:00.0000",2.44,97.24,,,
"2024-11-18 12:40:00.0000",2.53,95.81,,,
"2024-11-18 12:30:00.0000",2.53,95.1,,,
"2024-11-18 12:20:00.0000",2.42,96.53,,,
"2024-11-18 12:10:00.0000",2.38,95.19,,,
"2024-11-18 12:00:00.0000",2.32,94.65,,,
"2024-11-18 11:50:00.0000",2.33,93.58,,,
"2024-11-18 11:40:00.0000",2.22,91.99,,,
"2024-11-18 11:30:00.0000",2.5,88.44,,,
"2024-11-18 11:20:00.0000",2.7,87.76,,,
"2024-11-18 11:10:00.0000",2.55,92.1,,,
"2024-11-18 11:00:00.0000",2.39,94.95,,,
"2024-11-18 10:50:00.0000",2.4,94.97,,,
"2024-11-18 10:40:00.0000",2.58,96.36,,,
"2024-11-18 10:30:00.0000",2.3,97.62,,,
"2024-11-18 10:20:00.0000",2.19,98.15,,,
"2024-11-18 10:10:00.0000",2.02,100,,,
"2024-11-18 10:00:00.0000",1.82,100,,,
"2024-11-18 09:50:00.0000",1.59,100,,,
"2024-11-18 09:40:00.0000",1.34,100,,,
"2024-11-18 09:30:00.0000",1.26,100,,,
"2024-11-18 09:20:00.0000",1,100,,,
"2024-11-18 09:10:00.0000",1.04,100,,,
"2024-11-18 09:00:00.0000",0.88,100,,,
"2024-11-18 08:50:00.0000",0.7,100,,,
"2024-11-18 08:40:00.0000",0.61,100,,,
"2024-11-18 08:30:00.0000",0.4,100,,,
"2024-11-18 08:20:00.0000",0.17,100,,,
"2024-11-18 08:10:00.0000",0,100,,,
"2024-11-18 08:00:00.0000",0,100,,,
"2024-11-18 07:50:00.0000",0,100,,,
"2024-11-18 07:40:00.0000",0,100,,,
"2024-11-18 07:30:00.0000",0,100,,,
"2024-11-18 07:20:00.0000",0,100,,,
"2024-11-18 07:10:00.0000",0,100,,,
"2024-11-18 07:00:00.0000",0,100,,,
"2024-11-18 06:50:00.0000",0,100,,,
"2024-11-18 06:40:00.0000",0,100,,,
"2024-11-18 06:30:00.0000",0,100,,,
"2024-11-18 06:20:00.0000",0,100,,,
"2024-11-18 06:10:00.0000",0,100,,,
"2024-11-18 06:00:00.0000",0,100,,,
"2024-11-18 05:50:00.0000",0,100,,,
"2024-11-18 05:40:00.0000",0.14,100,,,
"2024-11-18 05:30:00.0000",0.46,100,,,
"2024-11-18 05:20:00.0000",0.68,100,,,
"2024-11-18 05:10:00.0000",0.99,100,,,
"2024-11-18 05:00:00.0000",1.04,100,,,
"2024-11-18 04:50:00.0000",0.99,100,,,
"2024-11-18 04:40:00.0000",1,100,,,
"2024-11-18 04:30:00.0000",1.42,100,,,
"2024-11-18 04:20:00.0000",1.59,100,,,
"2024-11-18 04:10:00.0000",1.51,100,,,
"2024-11-18 04:00:00.0000",1.45,100,,,
"2024-11-18 03:50:00.0000",1.16,100,,,
"2024-11-18 03:40:00.0000",1.02,100,,,
"2024-11-18 03:30:00.0000",0.97,100,,,
"2024-11-18 03:20:00.0000",1.4,100,,,
"2024-11-18 03:10:00.0000",1.69,100,,,
"2024-11-18 03:00:00.0000",1.87,100,,,
"2024-11-18 02:50:00.0000",2.19,100,,,
"2024-11-18 02:40:00.0000",2.5,100,,,
"2024-11-18 02:30:00.0000",2.76,100,,,
"2024-11-18 02:20:00.0000",2.92,100,,,
"2024-11-18 02:10:00.0000",3.39,100,,,
"2024-11-18 02:00:00.0000",3.59,100,,,
"2024-11-18 01:50:00.0000",3.71,100,,,
"2024-11-18 01:40:00.0000",3.89,100,,,
"2024-11-18 01:30:00.0000",3.97,100,,,
"2024-11-18 01:20:00.0000",4.08,100,,,
"2024-11-18 01:10:00.0000",4.01,100,,,
"2024-11-18 01:00:00.0000",4.29,100,,,
"2024-11-18 00:50:00.0000",4.38,100,,,
"2024-11-18 00:40:00.0000",4.33,100,,,
"2024-11-18 00:30:00.0000",4.26,100,,,
"2024-11-18 00:20:00.0000",4.1,100,,,
"2024-11-18 00:10:00.0000",3.99,100,,,
"2024-11-18 00:00:00.0000",3.57,100,,,
"2024-11-17 23:50:00.0000",3.42,100,,,
"2024-11-17 23:40:00.0000",3.33,100,,,
"2024-11-17 23:30:00.0000",3.27,100,,,
"2024-11-17 23:20:00.0000",3.33,100,,,
"2024-11-17 23:10:00.0000",3.35,100,,,
"2024-11-17 23:00:00.0000",3.35,100,,,
"2024-11-17 22:50:00.0000",3.1,100,,,
"2024-11-17 22:40:00.0000",3.18,100,,,
"2024-11-17 22:30:00.0000",3.12,100,,,
"2024-11-17 22:20:00.0000",2.99,100,,,
"2024-11-17 22:10:00.0000",2.98,100,,,
"2024-11-17 22:00:00.0000",2.92,100,,,
"2024-11-17 21:50:00.0000",2.88,100,,,
"2024-11-17 21:40:00.0000",2.74,100,,,
"2024-11-17 21:30:00.0000",3.05,100,,,
"2024-11-17 21:20:00.0000",3.12,100,,,
"2024-11-17 21:10:00.0000",2.99,100,,,
"2024-11-17 21:00:00.0000",2.82,100,,,
"2024-11-17 20:50:00.0000",2.53,100,,,
"2024-11-17 20:40:00.0000",2.3,100,,,
"2024-11-17 20:30:00.0000",2.12,100,,,
"2024-11-17 20:20:00.0000",2.45,100,,,
"2024-11-17 20:10:00.0000",2.66,100,,,
"2024-11-17 20:00:00.0000",2.78,100,,,
"2024-11-17 19:50:00.0000",3,100,,,
"2024-11-17 19:40:00.0000",3.01,100,,,
"2024-11-17 19:30:00.0000",2.95,100,,,
"2024-11-17 19:20:00.0000",2.63,100,,,
"2024-11-17 19:10:00.0000",2.68,100,,,
"2024-11-17 19:00:00.0000",2.58,100,,,
"2024-11-17 18:50:00.0000",2.51,100,,,
"2024-11-17 18:40:00.0000",2.62,100,,,
"2024-11-17 18:30:00.0000",2.73,100,,,
"2024-11-17 18:20:00.0000",2.69,100,,,
"2024-11-17 18:10:00.0000",2.38,100,,,
"2024-11-17 18:00:00.0000",2.49,100,,,
"2024-11-17 17:50:00.0000",2.6,100,,,
"2024-11-17 17:40:00.0000",2.78,100,,,
"2024-11-17 17:30:00.0000",3.06,100,,,
"2024-11-17 17:20:00.0000",3.4,100,,,
"2024-11-17 17:10:00.0000",3.85,100,,,
"2024-11-17 17:00:00.0000",4.07,100,,,
"2024-11-17 16:50:00.0000",4.87,100,,,
"2024-11-17 16:40:00.0000",5.42,100,,,
"2024-11-17 16:30:00.0000",5.43,100,,,
"2024-11-17 16:20:00.0000",5.4,100,,,
"2024-11-17 16:10:00.0000",5.23,100,,,
"2024-11-17 16:00:00.0000",5.13,100,,,
"2024-11-17 15:50:00.0000",4.94,100,,,
"2024-11-17 15:40:00.0000",5.11,100,,,
"2024-11-17 15:30:00.0000",5.13,100,,,
"2024-11-17 15:20:00.0000",5.25,100,,,
"2024-11-17 15:10:00.0000",5.46,100,,,
"2024-11-17 15:00:00.0000",5.35,100,,,
"2024-11-17 14:50:00.0000",5.3,100,,,
"2024-11-17 14:40:00.0000",5.1,100,,,
"2024-11-17 14:30:00.0000",5.31,100,,,
"2024-11-17 14:20:00.0000",5.52,100,,,
"2024-11-17 14:10:00.0000",5.57,100,,,
"2024-11-17 14:00:00.0000",5.69,100,,,
"2024-11-17 13:50:00.0000",5.57,100,,,
"2024-11-17 13:40:00.0000",5.31,100,,,
"2024-11-17 13:30:00.0000",4.83,100,,,
"2024-11-17 13:20:00.0000",4.78,100,,,
"2024-11-17 13:10:00.0000",4.72,100,,,
"2024-11-17 13:00:00.0000",4.66,100,,,
"2024-11-17 12:50:00.0000",4.77,100,,,
"2024-11-17 12:40:00.0000",4.99,100,,,
"2024-11-17 12:30:00.0000",5.26,100,,,
"2024-11-17 12:20:00.0000",5.35,99.82,,,
"2024-11-17 12:10:00.0000",5.77,96.09,,,
"2024-11-17 12:00:00.0000",6.29,94.03,,,
"2024-11-17 11:50:00.0000",6.71,88.5,,,
"2024-11-17 11:40:00.0000",6.79,91.94,,,
"2024-11-17 11:30:00.0000",6.77,91.25,,,
"2024-11-17 11:20:00.0000",7.01,88.49,,,
"2024-11-17 11:10:00.0000",6.67,89.33,,,
"2024-11-17 11:00:00.0000",6.51,88.59,,,
"2024-11-17 10:50:00.0000",6.5,87.17,,,
"2024-11-17 10:40:00.0000",6.63,86.82,,,
"2024-11-17 10:30:00.0000",6.48,86.94,,,
"2024-11-17 10:20:00.0000",6.18,88.57,,,
"2024-11-17 10:10:00.0000",6.2,87.68,,,
"2024-11-17 10:00:00.0000",5.94,86.05,,,
"2024-11-17 09:50:00.0000",5.85,86.48,,,
"2024-11-17 09:40:00.0000",5.95,87.71,,,
"2024-11-17 09:30:00.0000",5.84,87.19,,,
"2024-11-17 09:20:00.0000",6.04,89.24,,,
"2024-11-17 09:10:00.0000",5.95,88.14,,,
"2024-11-17 09:00:00.0000",5.85,89.37,,,
"2024-11-17 08:50:00.0000",5.49,89.85,,,
"2024-11-17 08:40:00.0000",5.43,90.65,,,
"2024-11-17 08:30:00.0000",5.14,91.19,,,
"2024-11-17 08:20:00.0000",4.77,94.11,,,
"2024-11-17 08:10:00.0000",4.31,98.93,,,
"2024-11-17 08:00:00.0000",3.71,100,,,
"2024-11-17 07:50:00.0000",3.42,100,,,
"2024-11-17 07:40:00.0000",2.88,100,,,
"2024-11-17 07:30:00.0000",2.88,100,,,
"2024-11-17 07:20:00.0000",2.76,100,,,
"2024-11-17 07:10:00.0000",2.67,100,,,
"2024-11-17 07:00:00.0000",2.78,100,,,
"2024-11-17 06:50:00.0000",2.94,100,,,
"2024-11-17 06:40:00.0000",3.25,99.22,,,
"2024-11-17 06:30:00.0000",3.57,97.06,,,
"2024-11-17 06:20:00.0000",4.39,93.26,,,
"2024-11-17 06:10:00.0000",5.05,90.02,,,
"2024-11-17 06:00:00.0000",5.34,90.15,,,
"2024-11-17 05:50:00.0000",4.99,95.4,,,
"2024-11-17 05:40:00.0000",4.54,99.66,,,
"2024-11-17 05:30:00.0000",4.28,100,,,
"2024-11-17 05:20:00.0000",3.78,100,,,
"2024-11-17 05:10:00.0000",3.72,100,,,
"2024-11-17 05:00:00.0000",3.89,99.98,,,
"2024-11-17 04:50:00.0000",4.03,97.62,,,
"2024-11-17 04:40:00.0000",4.48,95.19,,,
"2024-11-17 04:30:00.0000",4.9,93.2,,,
"2024-11-17 04:20:00.0000",5.23,91.27,,,
"2024-11-17 04:10:00.0000",5.05,89.62,,,
"2024-11-17 04:00:00.0000",5.14,92.94,,,
"2024-11-17 03:50:00.0000",5.02,94.46,,,
"2024-11-17 03:40:00.0000",4.76,94.3,,,
"2024-11-17 03:30:00.0000",4.48,94.6,,,
"2024-11-17 03:20:00.0000",3.96,96.96,,,
"2024-11-17 03:10:00.0000",3.89,98.12,,,
"2024-11-17 03:00:00.0000",3.81,99.31,,,
"2024-11-17 02:50:00.0000",4.18,98.22,,,
"2024-11-17 02:40:00.0000",4.69,96.98,,,
"2024-11-17 02:30:00.0000",5.02,95.74,,,
"2024-11-17 02:20:00.0000",4.94,96.94,,,
"2024-11-17 02:10:00.0000",4.78,97.77,,,
"2024-11-17 02:00:00.0000",4.92,97.36,,,
"2024-11-17 01:50:00.0000",4.98,97.29,,,
"2024-11-17 01:40:00.0000",5.58,94.71,,,
"2024-11-17 01:30:00.0000",5.85,92.26,,,
"2024-11-17 01:20:00.0000",5.59,97.58,,,
"2024-11-17 01:10:00.0000",5.54,98.45,,,
"2024-11-17 01:00:00.0000",5.53,97.7,,,
"2024-11-17 00:50:00.0000",5.53,97.89,,,
"2024-11-17 00:40:00.0000",5.43,97.18,,,
"2024-11-17 00:30:00.0000",5.63,95.77,,,
"2024-11-17 00:20:00.0000",5.75,95.19,,,
"2024-11-17 00:10:00.0000",5.87,96.38,,,
"2024-11-17 00:00:00.0000",6.27,92.25,,,
"2024-11-16 23:50:00.0000",6.24,89.24,,,
"2024-11-16 23:40:00.0000",6.2,91.33,,,
"2024-11-16 23:30:00.0000",6.02,92.62,,,
"2024-11-16 23:20:00.0000",6.25,90.16,,,
"2024-11-16 23:10:00.0000",6.3,92.7,,,
"2024-11-16 23:00:00.0000",6.31,91.09,,,
"2024-11-16 22:50:00.0000",6.33,90.83,,,
"2024-11-16 22:40:00.0000",6.35,91.7,,,
"2024-11-16 22:30:00.0000",6.32,91.18,,,
"2024-11-16 22:20:00.0000",6.17,92.63,,,
"2024-11-16 22:10:00.0000",6.39,91.58,,,
"2024-11-16 22:00:00.0000",6.37,93.35,,,
"2024-11-16 21:50:00.0000",6.29,94.23,,,
"2024-11-16 21:40:00.0000",6.19,95.62,,,
"2024-11-16 21:30:00.0000",6.17,95.24,,,
"2024-11-16 21:20:00.0000",6.23,94.29,,,
"2024-11-16 21:10:00.0000",5.93,94.88,,,
"2024-11-16 21:00:00.0000",6.26,92.32,,,
"2024-11-16 20:50:00.0000",6.75,93.98,,,
"2024-11-16 20:40:00.0000",6.72,92.06,,,
"2024-11-16 20:30:00.0000",6.67,91.59,,,
"2024-11-16 20:20:00.0000",6.64,92.08,,,
"2024-11-16 20:10:00.0000",6.59,93.26,,,
"2024-11-16 20:00:00.0000",6.33,92.38,,,
"2024-11-16 19:50:00.0000",6.44,92.73,,,
"2024-11-16 19:40:00.0000",6.29,93.9,,,
"2024-11-16 19:30:00.0000",6.17,95.66,,,
"2024-11-16 19:20:00.0000",6.24,95.82,,,
"2024-11-16 19:10:00.0000",6.16,94.49,,,
"2024-11-16 19:00:00.0000",6.2,95.76,,,
"2024-11-16 18:50:00.0000",6.36,96,,,
"2024-11-16 18:40:00.0000",6.47,89.9,,,
"2024-11-16 18:30:00.0000",6.41,88.38,,,
"2024-11-16 18:20:00.0000",6.36,90.75,,,
"2024-11-16 18:10:00.0000",6.42,89.95,,,
"2024-11-16 18:00:00.0000",6.59,88.57,,,
"2024-11-16 17:50:00.0000",6.75,87.59,,,
"2024-11-16 17:40:00.0000",6.46,90.98,,,
"2024-11-16 17:30:00.0000",6.62,90.95,,,
"2024-11-16 17:20:00.0000",6.59,90.06,,,
"2024-11-16 17:10:00.0000",6.7,89.57,,,
"2024-11-16 17:00:00.0000",6.91,87.72,,,
"2024-11-16 16:50:00.0000",7.07,86.57,,,
"2024-11-16 16:40:00.0000",7.17,85.95,,,
"2024-11-16 16:30:00.0000",6.96,87.43,,,
"2024-11-16 16:20:00.0000",7.1,88.62,,,
"2024-11-16 16:10:00.0000",7.14,86.62,,,
"2024-11-16 16:00:00.0000",7.14,86.13,,,
"2024-11-16 15:50:00.0000",7.35,85.22,,,
"2024-11-16 15:40:00.0000",7.44,83.94,,,
"2024-11-16 15:30:00.0000",7.51,84.14,,,
"2024-11-16 15:20:00.0000",7.41,80.92,,,
"2024-11-16 15:10:00.0000",7.69,80.52,,,
"2024-11-16 15:00:00.0000",7.83,81.07,,,
"2024-11-16 14:50:00.0000",7.7,80.28,,,
"2024-11-16 14:40:00.0000",7.64,81.32,,,
"2024-11-16 14:30:00.0000",7.54,83.23,,,
"2024-11-16 14:20:00.0000",7.59,86.54,,,
"2024-11-16 14:10:00.0000",7.54,85.49,,,
"2024-11-16 14:00:00.0000",7.93,82.31,,,
"2024-11-16 13:50:00.0000",8.07,83.94,,,
"2024-11-16 13:40:00.0000",8.03,87.16,,,
"2024-11-16 13:30:00.0000",8.23,85.64,,,
"2024-11-16 13:20:00.0000",8.36,85.03,,,
"2024-11-16 13:10:00.0000",8.55,88.93,,,
"2024-11-16 13:00:00.0000",8.36,91.93,,,
"2024-11-16 12:50:00.0000",8.69,92.63,,,
"2024-11-16 12:40:00.0000",8.78,92.38,,,
"2024-11-16 12:30:00.0000",8.59,95.74,,,
"2024-11-16 12:20:00.0000",8.24,97.25,,,
"2024-11-16 12:10:00.0000",7.91,100,,,
"2024-11-16 12:00:00.0000",7.66,100,,,
"2024-11-16 11:50:00.0000",7.26,100,,,
"2024-11-16 11:40:00.0000",7.3,100,,,
"2024-11-16 11:30:00.0000",7.13,100,,,
"2024-11-16 11:20:00.0000",6.99,100,,,
"2024-11-16 11:10:00.0000",7.06,100,,,
"2024-11-16 11:00:00.0000",7.02,100,,,
"2024-11-16 10:50:00.0000",7.03,100,,,
"2024-11-16 10:40:00.0000",6.59,100,,,
"2024-11-16 10:30:00.0000",6.77,100,,,
"2024-11-16 10:20:00.0000",7,100,,,
"2024-11-16 10:10:00.0000",6.87,100,,,
"2024-11-16 10:00:00.0000",6.92,100,,,
"2024-11-16 09:50:00.0000",6.93,100,,,
"2024-11-16 09:40:00.0000",7.01,100,,,
"2024-11-16 09:30:00.0000",6.78,100,,,
"2024-11-16 09:20:00.0000",7.1,100,,,
"2024-11-16 09:10:00.0000",7.21,100,,,
"2024-11-16 09:00:00.0000",7.27,100,,,
"2024-11-16 08:50:00.0000",7.62,100,,,
"2024-11-16 08:40:00.0000",7.88,100,,,
"2024-11-16 08:30:00.0000",8.07,100,,,
"2024-11-16 08:20:00.0000",7.99,100,,,
"2024-11-16 08:10:00.0000",8.21,100,,,
"2024-11-16 08:00:00.0000",8.34,100,,,
"2024-11-16 07:50:00.0000",8.55,100,,,
"2024-11-16 07:40:00.0000",8.53,100,,,
"2024-11-16 07:30:00.0000",8.47,100,,,
"2024-11-16 07:20:00.0000",8.42,100,,,
"2024-11-16 07:10:00.0000",8.21,100,,,
"2024-11-16 07:00:00.0000",8.35,100,,,
"2024-11-16 06:50:00.0000",8.43,100,,,
"2024-11-16 06:40:00.0000",8.37,100,,,
"2024-11-16 06:30:00.0000",8.39,100,,,
"2024-11-16 06:20:00.0000",8.37,100,,,
"2024-11-16 06:10:00.0000",8.32,100,,,
"2024-11-16 06:00:00.0000",8.13,100,,,
"2024-11-16 05:50:00.0000",8.29,100,,,
"2024-11-16 05:40:00.0000",8.32,100,,,
"2024-11-16 05:30:00.0000",8.3,100,,,
"2024-11-16 05:20:00.0000",8.29,100,,,
"2024-11-16 05:10:00.0000",8.24,100,,,
"2024-11-16 05:00:00.0000",8.25,100,,,
"2024-11-16 04:50:00.0000",8.09,100,,,
"2024-11-16 04:40:00.0000",8.32,100,,,
"2024-11-16 04:30:00.0000",8.35,100,,,
"2024-11-16 04:20:00.0000",8.29,100,,,
"2024-11-16 04:10:00.0000",8.32,100,,,
"2024-11-16 04:00:00.0000",8.23,100,,,
"2024-11-16 03:50:00.0000",8.24,100,,,
"2024-11-16 03:40:00.0000",8.03,100,,,
"2024-11-16 03:30:00.0000",8.2,100,,,
"2024-11-16 03:20:00.0000",8.18,100,,,
"2024-11-16 03:10:00.0000",8.04,100,,,
"2024-11-16 03:00:00.0000",7.96,100,,,
"2024-11-16 02:50:00.0000",7.85,100,,,
"2024-11-16 02:40:00.0000",7.77,100,,,
"2024-11-16 02:30:00.0000",7.57,100,,,
"2024-11-16 02:20:00.0000",7.73,100,,,
"2024-11-16 02:10:00.0000",7.7,100,,,
"2024-11-16 02:00:00.0000",7.67,100,,,
"2024-11-16 01:50:00.0000",7.71,100,,,
"2024-11-16 01:40:00.0000",7.77,100,,,
"2024-11-16 01:30:00.0000",7.93,100,,,
"2024-11-16 01:20:00.0000",7.93,100,,,
"2024-11-16 01:10:00.0000",8.26,100,,,
"2024-11-16 01:00:00.0000",8.34,100,,,
"2024-11-16 00:50:00.0000",8.28,100,,,
"2024-11-16 00:40:00.0000",8.28,100,,,
"2024-11-16 00:30:00.0000",8.2,100,,,
"2024-11-16 00:20:00.0000",8.13,100,,,
"2024-11-16 00:10:00.0000",7.9,100,,,
"2024-11-16 00:00:00.0000",8.01,100,,,
"2024-11-15 23:50:00.0000",8.16,100,,,
"2024-11-15 23:40:00.0000",8.18,100,,,
"2024-11-15 23:30:00.0000",8.18,100,,,
"2024-11-15 23:20:00.0000",8.19,100,,,
"2024-11-15 23:10:00.0000",8.2,100,,,
"2024-11-15 23:00:00.0000",8.05,100,,,
"2024-11-15 22:50:00.0000",8.22,100,,,
"2024-11-15 22:40:00.0000",8.27,99.99,,,
"2024-11-15 22:30:00.0000",8.28,98.53,,,
"2024-11-15 22:20:00.0000",8.3,97.72,,,
"2024-11-15 22:10:00.0000",8.26,97.24,,,
"2024-11-15 22:00:00.0000",8.22,97.03,,,
"2024-11-15 21:50:00.0000",7.97,97.67,,,
"2024-11-15 21:40:00.0000",8.13,96.26,,,
"2024-11-15 21:30:00.0000",8.16,95.95,,,
"2024-11-15 21:20:00.0000",8.08,95.57,,,
"2024-11-15 21:10:00.0000",8.12,95.24,,,
"2024-11-15 21:00:00.0000",8.05,95.22,,,
"2024-11-15 20:50:00.0000",7.99,95.71,,,
"2024-11-15 20:40:00.0000",7.73,96.62,,,
"2024-11-15 20:30:00.0000",7.99,94.83,,,
"2024-11-15 20:20:00.0000",8.34,93.51,,,
"2024-11-15 20:10:00.0000",8.38,93.31,,,
"2024-11-15 20:00:00.0000",8.55,92.9,,,
"2024-11-15 19:50:00.0000",8.61,92.99,,,
"2024-11-15 19:40:00.0000",8.71,93.36,,,
"2024-11-15 19:30:00.0000",8.6,93.66,,,
"2024-11-15 19:20:00.0000",8.82,92.72,,,
"2024-11-15 19:10:00.0000",8.9,92.64,,,
"2024-11-15 19:00:00.0000",8.88,92.81,,,
"2024-11-15 18:50:00.0000",8.94,93.34,,,
"2024-11-15 18:40:00.0000",8.95,93.33,,,
"2024-11-15 18:30:00.0000",8.95,93.31,,,
"2024-11-15 18:20:00.0000",8.78,94.25,,,
"2024-11-15 18:10:00.0000",8.97,92.92,,,
"2024-11-15 18:00:00.0000",9.09,92.6,,,
"2024-11-15 17:50:00.0000",9.11,93.36,,,
"2024-11-15 17:40:00.0000",9.27,93.98,,,
"2024-11-15 17:30:00.0000",9.33,93.93,,,
"2024-11-15 17:20:00.0000",9.37,94.53,,,
"2024-11-15 17:10:00.0000",9.21,95.98,,,
"2024-11-15 17:00:00.0000",9.47,95.69,,,
"2024-11-15 16:50:00.0000",9.58,95.36,,,
"2024-11-15 16:40:00.0000",9.58,95.18,,,
"2024-11-15 16:30:00.0000",9.67,94.52,,,
"2024-11-15 16:20:00.0000",9.7,93.94,,,
"2024-11-15 16:10:00.0000",9.81,93.51,,,
"2024-11-15 16:00:00.0000",9.74,92.78,,,
"2024-11-15 15:50:00.0000",9.99,89.48,,,
"2024-11-15 15:40:00.0000",10.16,89.56,,,
"2024-11-15 15:30:00.0000",10.25,90.79,,,
"2024-11-15 15:20:00.0000",10.55,90.32,,,
"2024-11-15 15:10:00.0000",10.65,89.82,,,
"2024-11-15 15:00:00.0000",10.82,89.74,,,
"2024-11-15 14:50:00.0000",10.78,90.37,,,
"2024-11-15 14:40:00.0000",11.11,89.22,,,
"2024-11-15 14:30:00.0000",11.08,89.27,,,
"2024-11-15 14:20:00.0000",10.98,90.04,,,
"2024-11-15 14:10:00.0000",11.03,90.5,,,
"2024-11-15 14:00:00.0000",10.91,90.34,,,
"2024-11-15 13:50:00.0000",11.06,89.87,,,
"2024-11-15 13:40:00.0000",10.97,90.54,,,
"2024-11-15 13:30:00.0000",11.27,90.73,,,
"2024-11-15 13:20:00.0000",10.86,93.02,,,
"2024-11-15 13:10:00.0000",10.48,97.09,,,
"2024-11-15 13:00:00.0000",10.68,96.73,,,
"2024-11-15 12:50:00.0000",10.74,97.43,,,
"2024-11-15 12:40:00.0000",10.81,96.83,,,
"2024-11-15 12:30:00.0000",10.57,98.48,,,
"2024-11-15 12:20:00.0000",10.68,97.51,,,
"2024-11-15 12:10:00.0000",10.62,98.09,,,
"2024-11-15 12:00:00.0000",10.51,98.07,,,
"2024-11-15 11:50:00.0000",10.33,99.16,,,
"2024-11-15 11:40:00.0000",10.19,99.8,,,
"2024-11-15 11:30:00.0000",9.56,100,,,
"2024-11-15 11:20:00.0000",9,100,,,
"2024-11-15 11:10:00.0000",9.01,100,,,
"2024-11-15 11:00:00.0000",8.82,100,,,
"2024-11-15 10:50:00.0000",8.59,100,,,
"2024-11-15 10:40:00.0000",8.33,100,,,
"2024-11-15 10:30:00.0000",8,100,,,
"2024-11-15 10:20:00.0000",7.91,100,,,
"2024-11-15 10:10:00.0000",7.41,100,,,
"2024-11-15 10:00:00.0000",7.25,100,,,
"2024-11-15 09:50:00.0000",7.09,100,,,
"2024-11-15 09:40:00.0000",6.92,100,,,
"2024-11-15 09:30:00.0000",6.78,100,,,
"2024-11-15 09:20:00.0000",6.63,100,,,
"2024-11-15 09:10:00.0000",6.46,100,,,
"2024-11-15 09:00:00.0000",6.04,100,,,
"2024-11-15 08:50:00.0000",6.07,100,,,
"2024-11-15 08:40:00.0000",5.94,100,,,
"2024-11-15 08:30:00.0000",5.79,100,,,
"2024-11-15 08:20:00.0000",5.7,100,,,
"2024-11-15 08:10:00.0000",5.59,100,,,
"2024-11-15 08:00:00.0000",5.49,100,,,
"2024-11-15 07:50:00.0000",5.18,100,,,
"2024-11-15 07:40:00.0000",5.3,100,,,
"2024-11-15 07:30:00.0000",5.32,100,,,
"2024-11-15 07:20:00.0000",5.32,100,,,
"2024-11-15 07:10:00.0000",5.41,100,,,
"2024-11-15 07:00:00.0000",5.51,100,,,
"2024-11-15 06:50:00.0000",5.53,100,,,
"2024-11-15 06:40:00.0000",5.38,100,,,
"2024-11-15 06:30:00.0000",5.57,100,,,
"2024-11-15 06:20:00.0000",5.64,100,,,
"2024-11-15 06:10:00.0000",5.62,100,,,
"2024-11-15 06:00:00.0000",5.75,100,,,
"2024-11-15 05:50:00.0000",5.8,100,,,
"2024-11-15 05:40:00.0000",5.75,100,,,
"2024-11-15 05:30:00.0000",5.54,100,,,
"2024-11-15 05:20:00.0000",5.75,100,,,
"2024-11-15 05:10:00.0000",5.76,100,,,
"2024-11-15 05:00:00.0000",5.73,100,,,
"2024-11-15 04:50:00.0000",5.75,100,,,
"2024-11-15 04:40:00.0000",5.72,100,,,
"2024-11-15 04:30:00.0000",5.72,100,,,
"2024-11-15 04:20:00.0000",5.5,100,,,
"2024-11-15 04:10:00.0000",5.71,100,,,
"2024-11-15 04:00:00.0000",5.72,100,,,
"2024-11-15 03:50:00.0000",5.73,100,,,
"2024-11-15 03:40:00.0000",5.76,100,,,
"2024-11-15 03:30:00.0000",5.73,100,,,
"2024-11-15 03:20:00.0000",5.72,100,,,
"2024-11-15 03:10:00.0000",5.54,100,,,
"2024-11-15 03:00:00.0000",5.75,100,,,
"2024-11-15 02:50:00.0000",5.78,100,,,
"2024-11-15 02:40:00.0000",5.75,100,,,
"2024-11-15 02:30:00.0000",5.77,100,,,
"2024-11-15 02:20:00.0000",5.77,100,,,
"2024-11-15 02:10:00.0000",5.76,100,,,
"2024-11-15 02:00:00.0000",5.57,100,,,
"2024-11-15 01:50:00.0000",5.77,100,,,
"2024-11-15 01:40:00.0000",5.86,100,,,
"2024-11-15 01:30:00.0000",5.81,100,,,
"2024-11-15 01:20:00.0000",5.89,100,,,
"2024-11-15 01:10:00.0000",5.93,100,,,
"2024-11-15 01:00:00.0000",5.98,100,,,
"2024-11-15 00:50:00.0000",5.82,100,,,
"2024-11-15 00:40:00.0000",6.02,100,,,
"2024-11-15 00:30:00.0000",6.1,100,,,
"2024-11-15 00:20:00.0000",6.07,100,,,
"2024-11-15 00:10:00.0000",6.09,100,,,
"2024-11-15 00:00:00.0000",6.08,100,,,
"2024-11-14 23:50:00.0000",6.08,100,,,
"2024-11-14 23:40:00.0000",5.84,100,,,
"2024-11-14 23:30:00.0000",6.01,100,,,
"2024-11-14 23:20:00.0000",6,100,,,
"2024-11-14 23:10:00.0000",5.9,100,,,
"2024-11-14 23:00:00.0000",5.85,100,,,
"2024-11-14 22:50:00.0000",5.77,100,,,
"2024-11-14 22:40:00.0000",5.67,100,,,
"2024-11-14 22:30:00.0000",5.41,100,,,
"2024-11-14 22:20:00.0000",5.55,100,,,
"2024-11-14 22:10:00.0000",5.52,100,,,
"2024-11-14 22:00:00.0000",5.46,100,,,
"2024-11-14 21:50:00.0000",5.5,100,,,
"2024-11-14 21:40:00.0000",5.52,100,,,
"2024-11-14 21:30:00.0000",5.56,100,,,
"2024-11-14 21:20:00.0000",5.35,100,,,
"2024-11-14 21:10:00.0000",5.47,100,,,
"2024-11-14 21:00:00.0000",5.37,100,,,
"2024-11-14 20:50:00.0000",5.13,100,,,
"2024-11-14 20:40:00.0000",4.88,100,,,
"2024-11-14 20:30:00.0000",4.52,100,,,
"2024-11-14 20:20:00.0000",4.25,100,,,
"2024-11-14 20:10:00.0000",4.07,100,,,
"2024-11-14 20:00:00.0000",4.4,100,,,
"2024-11-14 19:50:00.0000",4.49,100,,,
"2024-11-14 19:40:00.0000",4.55,100,,,
"2024-11-14 19:30:00.0000",4.72,100,,,
"2024-11-14 19:20:00.0000",4.78,100,,,
"2024-11-14 19:10:00.0000",4.98,100,,,
"2024-11-14 19:00:00.0000",5.06,100,,,
"2024-11-14 18:50:00.0000",5.5,100,,,
"2024-11-14 18:40:00.0000",5.64,100,,,
"2024-11-14 18:30:00.0000",5.54,100,,,
"2024-11-14 18:20:00.0000",5.52,100,,,
"2024-11-14 18:10:00.0000",5.73,100,,,
"2024-11-14 18:00:00.0000",5.89,100,,,
"2024-11-14 17:50:00.0000",5.93,100,,,
"2024-11-14 17:40:00.0000",6.26,100,,,
"2024-11-14 17:30:00.0000",6.45,100,,,
"2024-11-14 17:20:00.0000",6.5,100,,,
"2024-11-14 17:10:00.0000",6.74,100,,,
"2024-11-14 17:00:00.0000",6.86,100,,,
"2024-11-14 16:50:00.0000",7.04,100,,,
"2024-11-14 16:40:00.0000",6.97,100,,,
"2024-11-14 16:30:00.0000",7.2,100,,,
"2024-11-14 16:20:00.0000",7.33,100,,,
"2024-11-14 16:10:00.0000",7.49,100,,,
"2024-11-14 16:00:00.0000",7.76,100,,,
"2024-11-14 15:50:00.0000",7.9,100,,,
"2024-11-14 15:40:00.0000",8.04,100,,,
"2024-11-14 15:30:00.0000",8.01,100,,,
"2024-11-14 15:20:00.0000",8.39,99.98,,,
"2024-11-14 15:10:00.0000",8.71,98.77,,,
"2024-11-14 15:00:00.0000",8.87,97.66,,,
"2024-11-14 14:50:00.0000",9.27,97.02,,,
"2024-11-14 14:40:00.0000",9.64,96.09,,,
"2024-11-14 14:30:00.0000",9.88,95.45,,,
"2024-11-14 14:20:00.0000",9.74,96.09,,,
"2024-11-14 14:10:00.0000",10.05,94.67,,,
"2024-11-14 14:00:00.0000",10.28,93.22,,,
"2024-11-14 13:50:00.0000",10.71,91.01,,,
"2024-11-14 13:40:00.0000",11.69,86.62,,,
"2024-11-14 13:30:00.0000",12.82,85.06,,,
"2024-11-14 13:20:00.0000",12.46,86.5,,,
"2024-11-14 13:10:00.0000",11.98,89.44,,,
"2024-11-14 13:00:00.0000",12.7,86.88,,,
"2024-11-14 12:50:00.0000",12.16,89.74,,,
"2024-11-14 12:40:00.0000",11.4,93.93,,,
"2024-11-14 12:30:00.0000",11.56,93.35,,,
"2024-11-14 12:20:00.0000",11.15,97.13,,,
"2024-11-14 12:10:00.0000",9.41,100,,,
"2024-11-14 12:00:00.0000",9.46,100,,,
"2024-11-14 11:50:00.0000",9.62,100,,,
"2024-11-14 11:40:00.0000",9.19,100,,,
"2024-11-14 11:30:00.0000",8.85,100,,,
"2024-11-14 11:20:00.0000",8.71,100,,,
"2024-11-14 11:10:00.0000",8.44,100,,,
"2024-11-14 11:00:00.0000",8.32,100,,,
"2024-11-14 10:50:00.0000",8.11,100,,,
"2024-11-14 10:40:00.0000",8.25,100,,,
"2024-11-14 10:30:00.0000",8.08,100,,,
"2024-11-14 10:20:00.0000",7.96,100,,,
"2024-11-14 10:10:00.0000",7.96,100,,,
"2024-11-14 10:00:00.0000",7.69,100,,,
"2024-11-14 09:50:00.0000",7.61,100,,,
"2024-11-14 09:40:00.0000",7.31,100,,,
"2024-11-14 09:30:00.0000",7.61,100,,,
"2024-11-14 09:20:00.0000",7.71,100,,,
"2024-11-14 09:10:00.0000",7.63,100,,,
"2024-11-14 09:00:00.0000",7.52,100,,,
"2024-11-14 08:50:00.0000",7.36,100,,,
"2024-11-14 08:40:00.0000",7.2,100,,,
"2024-11-14 08:30:00.0000",6.91,100,,,
"2024-11-14 08:20:00.0000",7.13,100,,,
"2024-11-14 08:10:00.0000",7.09,100,,,
"2024-11-14 08:00:00.0000",7.08,100,,,
"2024-11-14 07:50:00.0000",7.19,100,,,
"2024-11-14 07:40:00.0000",7.24,100,,,
"2024-11-14 07:30:00.0000",7.18,100,,,
"2024-11-14 07:20:00.0000",6.92,100,,,
"2024-11-14 07:10:00.0000",7.13,100,,,
"2024-11-14 07:00:00.0000",7.16,100,,,
"2024-11-14 06:50:00.0000",7.18,100,,,
"2024-11-14 06:40:00.0000",7.28,100,,,
"2024-11-14 06:30:00.0000",7.38,100,,,
"2024-11-14 06:20:00.0000",7.44,100,,,
"2024-11-14 06:10:00.0000",7.3,100,,,
"2024-11-14 06:00:00.0000",7.59,100,,,
"2024-11-14 05:50:00.0000",7.76,100,,,
"2024-11-14 05:40:00.0000",7.81,100,,,
"2024-11-14 05:30:00.0000",7.93,100,,,
"2024-11-14 05:20:00.0000",7.9,100,,,
"2024-11-14 05:10:00.0000",7.9,100,,,
"2024-11-14 05:00:00.0000",7.78,100,,,
"2024-11-14 04:50:00.0000",8.03,100,,,
"2024-11-14 04:40:00.0000",8.09,100,,,
"2024-11-14 04:30:00.0000",8.08,100,,,
"2024-11-14 04:20:00.0000",8.19,100,,,
"2024-11-14 04:10:00.0000",8.31,100,,,
"2024-11-14 04:00:00.0000",8.4,100,,,
"2024-11-14 03:50:00.0000",8.31,100,,,
"2024-11-14 03:40:00.0000",8.59,100,,,
"2024-11-14 03:30:00.0000",8.67,100,,,
"2024-11-14 03:20:00.0000",8.7,100,,,
"2024-11-14 03:10:00.0000",8.82,100,,,
"2024-11-14 03:00:00.0000",8.83,100,,,
"2024-11-14 02:50:00.0000",8.94,100,,,
"2024-11-14 02:40:00.0000",8.76,100,,,
"2024-11-14 02:30:00.0000",8.97,100,,,
"2024-11-14 02:20:00.0000",9,100,,,
"2024-11-14 02:10:00.0000",9.06,100,,,
"2024-11-14 02:00:00.0000",9.08,100,,,
"2024-11-14 01:50:00.0000",9.06,100,,,
"2024-11-14 01:40:00.0000",9.02,100,,,
"2024-11-14 01:30:00.0000",8.82,100,,,
"2024-11-14 01:20:00.0000",9.01,100,,,
"2024-11-14 01:10:00.0000",9.1,100,,,
"2024-11-14 01:00:00.0000",9.06,100,,,
"2024-11-14 00:50:00.0000",9.14,100,,,
"2024-11-14 00:40:00.0000",9.13,100,,,
"2024-11-14 00:30:00.0000",9.15,100,,,
"2024-11-14 00:20:00.0000",8.92,100,,,
"2024-11-14 00:10:00.0000",9.1,100,,,
"2024-11-14 00:00:00.0000",9.15,100,,,
"2024-11-13 23:50:00.0000",9.11,100,,,
"2024-11-13 23:40:00.0000",9.19,100,,,
"2024-11-13 23:30:00.0000",9.17,100,,,
"2024-11-13 23:20:00.0000",9.15,100,,,
"2024-11-13 23:10:00.0000",8.92,100,,,
"2024-11-13 23:00:00.0000",9.05,100,,,
"2024-11-13 22:50:00.0000",9.07,100,,,
"2024-11-13 22:40:00.0000",9.03,100,,,
"2024-11-13 22:30:00.0000",9.05,100,,,
"2024-11-13 22:20:00.0000",9.04,100,,,
"2024-11-13 22:10:00.0000",8.97,100,,,
"2024-11-13 22:00:00.0000",8.76,100,,,
"2024-11-13 21:50:00.0000",8.94,100,,,
"2024-11-13 21:40:00.0000",8.97,100,,,
"2024-11-13 21:30:00.0000",8.91,100,,,
"2024-11-13 21:20:00.0000",8.92,100,,,
"2024-11-13 21:10:00.0000",8.85,100,,,
"2024-11-13 21:00:00.0000",8.77,100,,,
"2024-11-13 20:50:00.0000",8.51,100,,,
"2024-11-13 20:40:00.0000",8.66,100,,,
"2024-11-13 20:30:00.0000",8.65,100,,,
"2024-11-13 20:20:00.0000",8.56,100,,,
"2024-11-13 20:10:00.0000",8.55,100,,,
"2024-11-13 20:00:00.0000",8.47,100,,,
"2024-11-13 19:50:00.0000",8.46,100,,,
"2024-11-13 19:40:00.0000",8.21,100,,,
"2024-11-13 19:30:00.0000",8.36,100,,,
"2024-11-13 19:20:00.0000",8.38,100,,,
"2024-11-13 19:10:00.0000",8.32,100,,,
"2024-11-13 19:00:00.0000",8.32,100,,,
"2024-11-13 18:50:00.0000",8.29,100,,,
"2024-11-13 18:40:00.0000",8.26,100,,,
"2024-11-13 18:30:00.0000",8.02,100,,,
"2024-11-13 18:20:00.0000",8.19,100,,,
"2024-11-13 18:10:00.0000",8.21,100,,,
"2024-11-13 18:00:00.0000",8.12,100,,,
"2024-11-13 17:50:00.0000",8.15,100,,,
"2024-11-13 17:40:00.0000",8.08,100,,,
"2024-11-13 17:30:00.0000",8.01,100,,,
"2024-11-13 17:20:00.0000",7.79,100,,,
"2024-11-13 17:10:00.0000",7.97,100,,,
"2024-11-13 17:00:00.0000",7.97,100,,,
"2024-11-13 16:50:00.0000",7.96,100,,,
"2024-11-13 16:40:00.0000",8.02,100,,,
"2024-11-13 16:30:00.0000",7.96,100,,,
"2024-11-13 16:20:00.0000",7.92,100,,,
"2024-11-13 16:10:00.0000",7.68,100,,,
"2024-11-13 16:00:00.0000",7.88,100,,,
"2024-11-13 15:50:00.0000",7.95,100,,,
"2024-11-13 15:40:00.0000",7.93,100,,,
"2024-11-13 15:30:00.0000",7.99,100,,,
"2024-11-13 15:20:00.0000",8.04,100,,,
"2024-11-13 15:10:00.0000",8.15,100,,,
"2024-11-13 15:00:00.0000",8.08,100,,,
"2024-11-13 14:50:00.0000",8.5,100,,,
"2024-11-13 14:40:00.0000",8.67,100,,,
"2024-11-13 14:30:00.0000",8.76,100,,,
"2024-11-13 14:20:00.0000",9.15,97.58,,,
"2024-11-13 14:10:00.0000",9.26,97.75,,,
"2024-11-13 14:00:00.0000",9.66,96.38,,,
"2024-11-13 13:50:00.0000",9.77,95.02,,,
"2024-11-13 13:40:00.0000",10.35,91.76,,,
"2024-11-13 13:30:00.0000",10.87,88.86,,,
"2024-11-13 13:20:00.0000",11.6,85.05,,,
"2024-11-13 13:10:00.0000",12.52,81.73,,,
"2024-11-13 13:00:00.0000",11.89,84.42,,,
"2024-11-13 12:50:00.0000",12.27,82.6,,,
"2024-11-13 12:40:00.0000",12.08,85.18,,,
"2024-11-13 12:30:00.0000",11.52,87.49,,,
"2024-11-13 12:20:00.0000",10.93,90.29,,,
"2024-11-13 12:10:00.0000",10.03,93.68,,,
"2024-11-13 12:00:00.0000",10.06,93.2,,,
"2024-11-13 11:50:00.0000",10.07,93.06,,,
"2024-11-13 11:40:00.0000",10.06,93.69,,,
"2024-11-13 11:30:00.0000",9.67,95.29,,,
"2024-11-13 11:20:00.0000",9.34,96.53,,,
"2024-11-13 11:10:00.0000",8.67,100,,,
"2024-11-13 11:00:00.0000",8.09,100,,,
"2024-11-13 10:50:00.0000",7.96,100,,,
"2024-11-13 10:40:00.0000",7.8,100,,,
"2024-11-13 10:30:00.0000",7.71,100,,,
"2024-11-13 10:20:00.0000",7.24,100,,,
"2024-11-13 10:10:00.0000",7.29,100,,,
"2024-11-13 10:00:00.0000",7.33,100,,,
"2024-11-13 09:50:00.0000",7.24,100,,,
"2024-11-13 09:40:00.0000",7,100,,,
"2024-11-13 09:30:00.0000",6.41,100,,,
"2024-11-13 09:20:00.0000",6.01,100,,,
"2024-11-13 09:10:00.0000",5.5,100,,,
"2024-11-13 09:00:00.0000",5.29,100,,,
"2024-11-13 08:50:00.0000",4.76,100,,,
"2024-11-13 08:40:00.0000",4.11,100,,,
"2024-11-13 08:30:00.0000",3.61,100,,,
"2024-11-13 08:20:00.0000",3.03,100,,,
"2024-11-13 08:10:00.0000",2.68,100,,,
"2024-11-13 08:00:00.0000",2.33,100,,,
"2024-11-13 07:50:00.0000",2.49,100,,,
"2024-11-13 07:40:00.0000",2.55,100,,,
"2024-11-13 07:30:00.0000",2.62,100,,,
"2024-11-13 07:20:00.0000",2.72,100,,,
"2024-11-13 07:10:00.0000",2.63,100,,,
"2024-11-13 07:00:00.0000",2.68,100,,,
"2024-11-13 06:50:00.0000",2.49,100,,,
"2024-11-13 06:40:00.0000",2.7,100,,,
"2024-11-13 06:30:00.0000",2.77,100,,,
"2024-11-13 06:20:00.0000",2.61,100,,,
"2024-11-13 06:10:00.0000",2.52,100,,,
"2024-11-13 06:00:00.0000",2.28,100,,,
"2024-11-13 05:50:00.0000",2.1,100,,,
"2024-11-13 05:40:00.0000",1.87,100,,,
"2024-11-13 05:30:00.0000",2.11,100,,,
"2024-11-13 05:20:00.0000",2.17,100,,,
"2024-11-13 05:10:00.0000",2.02,100,,,
"2024-11-13 05:00:00.0000",1.97,100,,,
"2024-11-13 04:50:00.0000",1.97,100,,,
"2024-11-13 04:40:00.0000",1.97,100,,,
"2024-11-13 04:30:00.0000",1.73,100,,,
"2024-11-13 04:20:00.0000",1.94,100,,,
"2024-11-13 04:10:00.0000",1.98,100,,,
"2024-11-13 04:00:00.0000",1.83,100,,,
"2024-11-13 03:50:00.0000",1.74,100,,,
"2024-11-13 03:40:00.0000",1.67,100,,,
"2024-11-13 03:30:00.0000",1.67,100,,,
"2024-11-13 03:20:00.0000",1.4,100,,,
"2024-11-13 03:10:00.0000",1.63,100,,,
"2024-11-13 03:00:00.0000",1.7,100,,,
"2024-11-13 02:50:00.0000",1.72,100,,,
"2024-11-13 02:40:00.0000",1.81,100,,,
"2024-11-13 02:30:00.0000",1.77,100,,,
"2024-11-13 02:20:00.0000",1.85,100,,,
"2024-11-13 02:10:00.0000",1.7,100,,,
"2024-11-13 02:00:00.0000",2.03,100,,,
"2024-11-13 01:50:00.0000",2.21,100,,,
"2024-11-13 01:40:00.0000",2.28,100,,,
"2024-11-13 01:30:00.0000",2.31,100,,,
"2024-11-13 01:20:00.0000",2.21,100,,,
"2024-11-13 01:10:00.0000",2.18,100,,,
"2024-11-13 01:00:00.0000",1.99,100,,,
"2024-11-13 00:50:00.0000",2.21,100,,,
"2024-11-13 00:40:00.0000",2.26,100,,,
"2024-11-13 00:30:00.0000",2.2,100,,,
"2024-11-13 00:20:00.0000",2.31,100,,,
"2024-11-13 00:10:00.0000",2.37,100,,,
"2024-11-13 00:00:00.0000",2.45,100,,,
"2024-11-12 23:50:00.0000",2.29,100,,,
"2024-11-12 23:40:00.0000",2.58,100,,,
"2024-11-12 23:30:00.0000",2.71,100,,,
"2024-11-12 23:20:00.0000",2.72,100,,,
"2024-11-12 23:10:00.0000",2.84,100,,,
"2024-11-12 23:00:00.0000",2.98,100,,,
"2024-11-12 22:50:00.0000",3.1,100,,,
"2024-11-12 22:40:00.0000",2.97,100,,,
"2024-11-12 22:30:00.0000",3.21,100,,,
"2024-11-12 22:20:00.0000",3.26,100,,,
"2024-11-12 22:10:00.0000",3.12,100,,,
"2024-11-12 22:00:00.0000",3.25,100,,,
"2024-11-12 21:50:00.0000",3.34,100,,,
"2024-11-12 21:40:00.0000",3.47,100,,,
"2024-11-12 21:30:00.0000",3.48,100,,,
"2024-11-12 21:20:00.0000",3.91,100,,,
"2024-11-12 21:10:00.0000",4.18,100,,,
"2024-11-12 21:00:00.0000",4.25,100,,,
"2024-11-12 20:50:00.0000",4.37,100,,,
"2024-11-12 20:40:00.0000",4.35,100,,,
"2024-11-12 20:30:00.0000",4.36,100,,,
"2024-11-12 20:20:00.0000",4.17,100,,,
"2024-11-12 20:10:00.0000",4.43,100,,,
"2024-11-12 20:00:00.0000",4.52,100,,,
"2024-11-12 19:50:00.0000",4.54,100,,,
"2024-11-12 19:40:00.0000",4.57,100,,,
"2024-11-12 19:30:00.0000",4.44,100,,,
"2024-11-12 19:20:00.0000",4.33,100,,,
"2024-11-12 19:10:00.0000",4.05,100,,,
"2024-11-12 19:00:00.0000",4.12,100,,,
"2024-11-12 18:50:00.0000",4,100,,,
"2024-11-12 18:40:00.0000",4.02,100,,,
"2024-11-12 18:30:00.0000",4.21,100,,,
"2024-11-12 18:20:00.0000",4.27,100,,,
"2024-11-12 18:10:00.0000",4.31,100,,,
"2024-11-12 18:00:00.0000",4.2,100,,,
"2024-11-12 17:50:00.0000",4.47,100,,,
"2024-11-12 17:40:00.0000",4.55,100,,,
"2024-11-12 17:30:00.0000",4.7,98.92,,,
"2024-11-12 17:20:00.0000",5.02,97.29,,,
"2024-11-12 17:10:00.0000",5.32,95.02,,,
"2024-11-12 17:00:00.0000",5.62,94.41,,,
"2024-11-12 16:50:00.0000",5.73,94.21,,,
"2024-11-12 16:40:00.0000",6.27,92.15,,,
"2024-11-12 16:30:00.0000",6.76,90.31,,,
"2024-11-12 16:20:00.0000",7.09,88.94,,,
"2024-11-12 16:10:00.0000",7.42,86.96,,,
"2024-11-12 16:00:00.0000",7.7,85.36,,,
"2024-11-12 15:50:00.0000",7.97,84.4,,,
"2024-11-12 15:40:00.0000",8.09,83.39,,,
"2024-11-12 15:30:00.0000",8.75,80.68,,,
"2024-11-12 15:20:00.0000",8.91,80.12,,,
"2024-11-12 15:10:00.0000",8.86,80.87,,,
"2024-11-12 15:00:00.0000",8.97,80.41,,,
"2024-11-12 14:50:00.0000",9.21,78.83,,,
"2024-11-12 14:40:00.0000",9.74,76.54,,,
"2024-11-12 14:30:00.0000",10.03,75.36,,,
"2024-11-12 14:20:00.0000",10.75,72.06,,,
"2024-11-12 14:10:00.0000",11.37,69.78,,,
"2024-11-12 14:00:00.0000",11.18,69.99,,,
"2024-11-12 13:50:00.0000",11.04,69.77,,,
"2024-11-12 13:40:00.0000",11.24,68.67,,,
"2024-11-12 13:30:00.0000",11.54,68.31,,,
"2024-11-12 13:20:00.0000",11.5,68.65,,,
"2024-11-12 13:10:00.0000",12.05,65.89,,,
"2024-11-12 13:00:00.0000",12.95,63.59,,,
"2024-11-12 12:50:00.0000",13.89,61.3,,,
"2024-11-12 12:40:00.0000",13.29,63.12,,,
"2024-11-12 12:30:00.0000",13.78,60.92,,,
"2024-11-12 12:20:00.0000",13.79,62.84,,,
"2024-11-12 12:10:00.0000",12.31,67.51,,,
"2024-11-12 12:00:00.0000",11.08,72.04,,,
"2024-11-12 11:50:00.0000",10.14,78.05,,,
"2024-11-12 11:40:00.0000",9.28,79.84,,,
"2024-11-12 11:30:00.0000",9.06,81.27,,,
"2024-11-12 11:20:00.0000",8.63,81.21,,,
"2024-11-12 11:10:00.0000",8.37,82.19,,,
"2024-11-12 11:00:00.0000",7.87,84.19,,,
"2024-11-12 10:50:00.0000",7.85,85.06,,,
"2024-11-12 10:40:00.0000",7.57,86.64,,,
"2024-11-12 10:30:00.0000",7.07,88.53,,,
"2024-11-12 10:20:00.0000",6.63,90.64,,,
"2024-11-12 10:10:00.0000",6.08,91.67,,,
"2024-11-12 10:00:00.0000",5.69,92.25,,,
"2024-11-12 09:50:00.0000",5.21,95.19,,,
"2024-11-12 09:40:00.0000",4.94,98.24,,,
"2024-11-12 09:30:00.0000",4.55,100,,,
"2024-11-12 09:20:00.0000",4.06,100,,,
"2024-11-12 09:10:00.0000",3.62,100,,,
"2024-11-12 09:00:00.0000",3.17,100,,,
"2024-11-12 08:50:00.0000",2.77,100,,,
"2024-11-12 08:40:00.0000",2.34,100,,,
"2024-11-12 08:30:00.0000",2.39,100,,,
"2024-11-12 08:20:00.0000",2.27,100,,,
"2024-11-12 08:10:00.0000",2.11,100,,,
"2024-11-12 08:00:00.0000",2.05,100,,,
"2024-11-12 07:50:00.0000",1.97,100,,,
"2024-11-12 07:40:00.0000",1.91,100,,,
"2024-11-12 07:30:00.0000",1.7,100,,,
"2024-11-12 07:20:00.0000",1.91,100,,,
"2024-11-12 07:10:00.0000",1.94,100,,,
"2024-11-12 07:00:00.0000",1.88,100,,,
"2024-11-12 06:50:00.0000",1.91,100,,,
"2024-11-12 06:40:00.0000",1.87,100,,,
"2024-11-12 06:30:00.0000",1.87,100,,,
"2024-11-12 06:20:00.0000",1.74,100,,,
"2024-11-12 06:10:00.0000",1.99,100,,,
"2024-11-12 06:00:00.0000",2,100,,,
"2024-11-12 05:50:00.0000",1.84,100,,,
"2024-11-12 05:40:00.0000",1.73,100,,,
"2024-11-12 05:30:00.0000",1.66,100,,,
"2024-11-12 05:20:00.0000",1.64,100,,,
"2024-11-12 05:10:00.0000",1.41,100,,,
"2024-11-12 05:00:00.0000",1.62,100,,,
"2024-11-12 04:50:00.0000",1.54,100,,,
"2024-11-12 04:40:00.0000",1.27,100,,,
"2024-11-12 04:30:00.0000",1.13,100,,,
"2024-11-12 04:20:00.0000",1.19,100,,,
"2024-11-12 04:10:00.0000",1.25,100,,,
"2024-11-12 04:00:00.0000",1.15,100,,,
"2024-11-12 03:50:00.0000",1.5,100,,,
"2024-11-12 03:40:00.0000",1.7,100,,,
"2024-11-12 03:30:00.0000",1.88,100,,,
"2024-11-12 03:20:00.0000",2.08,100,,,
"2024-11-12 03:10:00.0000",2.06,100,,,
"2024-11-12 03:00:00.0000",2.05,100,,,
"2024-11-12 02:50:00.0000",1.86,100,,,
"2024-11-12 02:40:00.0000",2.2,100,,,
"2024-11-12 02:30:00.0000",2.35,100,,,
"2024-11-12 02:20:00.0000",2.4,100,,,
"2024-11-12 02:10:00.0000",2.55,100,,,
"2024-11-12 02:00:00.0000",2.61,100,,,
"2024-11-12 01:50:00.0000",2.66,100,,,
"2024-11-12 01:40:00.0000",2.59,100,,,
"2024-11-12 01:30:00.0000",2.91,100,,,
"2024-11-12 01:20:00.0000",3,100,,,
"2024-11-12 01:10:00.0000",2.92,100,,,
"2024-11-12 01:00:00.0000",2.94,100,,,
"2024-11-12 00:50:00.0000",2.88,100,,,
"2024-11-12 00:40:00.0000",2.87,100,,,
"2024-11-12 00:30:00.0000",2.68,100,,,
"2024-11-12 00:20:00.0000",2.92,100,,,
"2024-11-12 00:10:00.0000",3.03,100,,,
"2024-11-12 00:00:00.0000",3.04,100,,,
"2024-11-11 23:50:00.0000",3.08,100,,,
"2024-11-11 23:40:00.0000",2.98,100,,,
"2024-11-11 23:30:00.0000",2.87,100,,,
"2024-11-11 23:20:00.0000",2.64,100,,,
"2024-11-11 23:10:00.0000",2.94,100,,,
"2024-11-11 23:00:00.0000",3.14,100,,,
"2024-11-11 22:50:00.0000",3.22,100,,,
"2024-11-11 22:40:00.0000",3.38,100,,,
"2024-11-11 22:30:00.0000",3.51,100,,,
"2024-11-11 22:20:00.0000",3.64,100,,,
"2024-11-11 22:10:00.0000",3.72,100,,,
"2024-11-11 22:00:00.0000",4.25,100,,,
"2024-11-11 21:50:00.0000",4.62,100,,,
"2024-11-11 21:40:00.0000",4.85,100,,,
"2024-11-11 21:30:00.0000",5.15,100,,,
"2024-11-11 21:20:00.0000",5.36,100,,,
"2024-11-11 21:10:00.0000",5.52,100,,,
"2024-11-11 21:00:00.0000",5.42,100,,,
"2024-11-11 20:50:00.0000",5.66,100,,,
"2024-11-11 20:40:00.0000",5.7,100,,,
"2024-11-11 20:30:00.0000",5.59,100,,,
"2024-11-11 20:20:00.0000",5.57,100,,,
"2024-11-11 20:10:00.0000",5.51,100,,,
"2024-11-11 20:00:00.0000",5.46,100,,,
"2024-11-11 19:50:00.0000",5.29,100,,,
"2024-11-11 19:40:00.0000",5.51,100,,,
"2024-11-11 19:30:00.0000",5.55,100,,,
"2024-11-11 19:20:00.0000",5.5,100,,,
"2024-11-11 19:10:00.0000",5.46,100,,,
"2024-11-11 19:00:00.0000",5.39,100,,,
"2024-11-11 18:50:00.0000",5.28,100,,,
"2024-11-11 18:40:00.0000",4.92,100,,,
"2024-11-11 18:30:00.0000",4.91,100,,,
"2024-11-11 18:20:00.0000",4.79,100,,,
"2024-11-11 18:10:00.0000",4.71,100,,,
"2024-11-11 18:00:00.0000",4.92,100,,,
"2024-11-11 17:50:00.0000",5.03,100,,,
"2024-11-11 17:40:00.0000",5.1,100,,,
"2024-11-11 17:30:00.0000",5.02,100,,,
"2024-11-11 17:20:00.0000",5.35,100,,,
"2024-11-11 17:10:00.0000",5.57,100,,,
"2024-11-11 17:00:00.0000",5.76,100,,,
"2024-11-11 16:50:00.0000",6.03,100,,,
"2024-11-11 16:40:00.0000",6.25,99.14,,,
"2024-11-11 16:30:00.0000",6.52,98.16,,,
"2024-11-11 16:20:00.0000",6.61,97.72,,,
"2024-11-11 16:10:00.0000",7.1,95.36,,,
"2024-11-11 16:00:00.0000",7.36,93.74,,,
"2024-11-11 15:50:00.0000",7.61,92.78,,,
"2024-11-11 15:40:00.0000",7.93,91.83,,,
"2024-11-11 15:30:00.0000",8.17,91.47,,,
"2024-11-11 15:20:00.0000",8.54,90.61,,,
"2024-11-11 15:10:00.0000",8.69,89.32,,,
"2024-11-11 15:00:00.0000",9.33,85.67,,,
"2024-11-11 14:50:00.0000",9.57,84.07,,,
"2024-11-11 14:40:00.0000",9.71,82.47,,,
"2024-11-11 14:30:00.0000",10.31,78.81,,,
"2024-11-11 14:20:00.0000",11.06,75.29,,,
"2024-11-11 14:10:00.0000",12.28,69.96,,,
"2024-11-11 14:00:00.0000",13.95,63.02,,,
"2024-11-11 13:50:00.0000",16.44,56.93,,,
"2024-11-11 13:40:00.0000",16.38,56.3,,,
"2024-11-11 13:30:00.0000",16.6,55.2,,,
"2024-11-11 13:20:00.0000",16.91,57.45,,,
"2024-11-11 13:10:00.0000",16.75,58.53,,,
"2024-11-11 13:00:00.0000",16.57,58.76,,,
"2024-11-11 12:50:00.0000",16.45,58.02,,,
"2024-11-11 12:40:00.0000",17.05,55.16,,,
"2024-11-11 12:30:00.0000",16.57,56.54,,,
"2024-11-11 12:20:00.0000",15.8,59.63,,,
"2024-11-11 12:10:00.0000",14.44,63.37,,,
"2024-11-11 12:00:00.0000",13.36,69.54,,,
"2024-11-11 11:50:00.0000",11.96,77.8,,,
"2024-11-11 11:40:00.0000",10,88.79,,,
"2024-11-11 11:30:00.0000",9.42,93.3,,,
"2024-11-11 11:20:00.0000",9.14,93.28,,,
"2024-11-11 11:10:00.0000",9.28,94.07,,,
"2024-11-11 11:00:00.0000",9.56,92.62,,,
"2024-11-11 10:50:00.0000",9.73,93.32,,,
"2024-11-11 10:40:00.0000",9.59,94.41,,,
"2024-11-11 10:30:00.0000",9.19,96.41,,,
"2024-11-11 10:20:00.0000",9.1,97.76,,,
"2024-11-11 10:10:00.0000",8.76,99.85,,,
"2024-11-11 10:00:00.0000",8.26,100,,,
"2024-11-11 09:50:00.0000",8.04,100,,,
"2024-11-11 09:40:00.0000",7.82,100,,,
"2024-11-11 09:30:00.0000",7.56,100,,,
"2024-11-11 09:20:00.0000",7.15,100,,,
"2024-11-11 09:10:00.0000",7.14,100,,,
"2024-11-11 09:00:00.0000",6.85,100,,,
"2024-11-11 08:50:00.0000",6.36,100,,,
"2024-11-11 08:40:00.0000",6.12,100,,,
"2024-11-11 08:30:00.0000",5.97,100,,,
"2024-11-11 08:20:00.0000",5.76,100,,,
"2024-11-11 08:10:00.0000",5.47,100,,,
"2024-11-11 08:00:00.0000",5.64,100,,,
"2024-11-11 07:50:00.0000",5.71,100,,,
"2024-11-11 07:40:00.0000",5.69,100,,,
"2024-11-11 07:30:00.0000",5.75,100,,,
"2024-11-11 07:20:00.0000",5.78,100,,,
"2024-11-11 07:10:00.0000",5.75,100,,,
"2024-11-11 07:00:00.0000",5.49,100,,,
"2024-11-11 06:50:00.0000",5.73,100,,,
"2024-11-11 06:40:00.0000",5.86,100,,,
"2024-11-11 06:30:00.0000",5.9,100,,,
"2024-11-11 06:20:00.0000",5.88,100,,,
"2024-11-11 06:10:00.0000",5.87,100,,,
"2024-11-11 06:00:00.0000",6.15,100,,,
"2024-11-11 05:50:00.0000",6.05,100,,,
"2024-11-11 05:40:00.0000",6.44,100,,,
"2024-11-11 05:30:00.0000",6.64,100,,,
"2024-11-11 05:20:00.0000",6.75,100,,,
"2024-11-11 05:10:00.0000",6.92,100,,,
"2024-11-11 05:00:00.0000",6.98,100,,,
"2024-11-11 04:50:00.0000",7.02,100,,,
"2024-11-11 04:40:00.0000",6.72,100,,,
"2024-11-11 04:30:00.0000",6.77,100,,,
"2024-11-11 04:20:00.0000",6.89,100,,,
"2024-11-11 04:10:00.0000",7.09,100,,,
"2024-11-11 04:00:00.0000",7.24,100,,,
"2024-11-11 03:50:00.0000",7.38,100,,,
"2024-11-11 03:40:00.0000",7.34,100,,,
"2024-11-11 03:30:00.0000",7.07,100,,,
"2024-11-11 03:20:00.0000",7.18,100,,,
"2024-11-11 03:10:00.0000",7.12,100,,,
"2024-11-11 03:00:00.0000",7.03,100,,,
"2024-11-11 02:50:00.0000",7.23,100,,,
"2024-11-11 02:40:00.0000",7.29,100,,,
"2024-11-11 02:30:00.0000",7.39,100,,,
"2024-11-11 02:20:00.0000",7.29,100,,,
"2024-11-11 02:10:00.0000",7.5,100,,,
"2024-11-11 02:00:00.0000",7.59,100,,,
"2024-11-11 01:50:00.0000",7.68,100,,,
"2024-11-11 01:40:00.0000",7.8,100,,,
"2024-11-11 01:30:00.0000",7.79,100,,,
"2024-11-11 01:20:00.0000",7.76,100,,,
"2024-11-11 01:10:00.0000",7.52,100,,,
"2024-11-11 01:00:00.0000",7.65,100,,,
"2024-11-11 00:50:00.0000",7.67,100,,,
"2024-11-11 00:40:00.0000",7.65,100,,,
"2024-11-11 00:30:00.0000",7.7,100,,,
"2024-11-11 00:20:00.0000",7.64,100,,,
"2024-11-11 00:10:00.0000",7.63,100,,,
"2024-11-11 00:00:00.0000",7.44,100,,,
"2024-11-10 23:50:00.0000",7.62,100,,,
"2024-11-10 23:40:00.0000",7.67,100,,,
"2024-11-10 23:30:00.0000",7.63,100,,,
"2024-11-10 23:20:00.0000",7.57,100,,,
"2024-11-10 23:10:00.0000",7.32,100,,,
"2024-11-10 23:00:00.0000",7.13,100,,,
"2024-11-10 22:50:00.0000",6.78,100,,,
"2024-11-10 22:40:00.0000",6.97,100,,,
"2024-11-10 22:30:00.0000",7.1,100,,,
"2024-11-10 22:20:00.0000",7.15,100,,,
"2024-11-10 22:10:00.0000",7.21,100,,,
"2024-11-10 22:00:00.0000",7.19,100,,,
"2024-11-10 21:50:00.0000",7.2,100,,,
"2024-11-10 21:40:00.0000",6.99,100,,,
"2024-11-10 21:30:00.0000",7.25,100,,,
"2024-11-10 21:20:00.0000",7.26,100,,,
"2024-11-10 21:10:00.0000",7.23,100,,,
"2024-11-10 21:00:00.0000",7.27,100,,,
"2024-11-10 20:50:00.0000",7.19,100,,,
"2024-11-10 20:40:00.0000",7.11,100,,,
"2024-11-10 20:30:00.0000",7.01,100,,,
"2024-11-10 20:20:00.0000",7.35,100,,,
"2024-11-10 20:10:00.0000",7.68,100,,,
"2024-11-10 20:00:00.0000",7.97,100,,,
"2024-11-10 19:50:00.0000",8.19,100,,,
"2024-11-10 19:40:00.0000",8.2,100,,,
"2024-11-10 19:30:00.0000",8.14,100,,,
"2024-11-10 19:20:00.0000",7.94,100,,,
"2024-11-10 19:10:00.0000",8.28,100,,,
"2024-11-10 19:00:00.0000",8.64,100,,,
"2024-11-10 18:50:00.0000",8.77,100,,,
"2024-11-10 18:40:00.0000",8.86,100,,,
"2024-11-10 18:30:00.0000",8.87,100,,,
"2024-11-10 18:20:00.0000",8.95,100,,,
"2024-11-10 18:10:00.0000",8.87,100,,,
"2024-11-10 18:00:00.0000",9.23,100,,,
"2024-11-10 17:50:00.0000",9.65,100,,,
"2024-11-10 17:40:00.0000",9.99,100,,,
"2024-11-10 17:30:00.0000",10.01,100,,,
"2024-11-10 17:20:00.0000",9.96,100,,,
"2024-11-10 17:10:00.0000",9.95,100,,,
"2024-11-10 17:00:00.0000",9.85,100,,,
"2024-11-10 16:50:00.0000",10.17,100,,,
"2024-11-10 16:40:00.0000",10.25,100,,,
"2024-11-10 16:30:00.0000",10.23,100,,,
"2024-11-10 16:20:00.0000",10.28,100,,,
"2024-11-10 16:10:00.0000",10.28,100,,,
"2024-11-10 16:00:00.0000",10.2,100,,,
"2024-11-10 15:50:00.0000",9.96,100,,,
"2024-11-10 15:40:00.0000",10.14,100,,,
"2024-11-10 15:30:00.0000",10.2,100,,,
"2024-11-10 15:20:00.0000",10.12,100,,,
"2024-11-10 15:10:00.0000",10.11,100,,,
"2024-11-10 15:00:00.0000",10.09,100,,,
"2024-11-10 14:50:00.0000",10.15,100,,,
"2024-11-10 14:40:00.0000",9.99,100,,,
"2024-11-10 14:30:00.0000",10.25,100,,,
"2024-11-10 14:20:00.0000",10.29,100,,,
"2024-11-10 14:10:00.0000",10.18,100,,,
"2024-11-10 14:00:00.0000",10.24,100,,,
"2024-11-10 13:50:00.0000",10.19,100,,,
"2024-11-10 13:40:00.0000",10.01,100,,,
"2024-11-10 13:30:00.0000",9.64,100,,,
"2024-11-10 13:20:00.0000",9.88,100,,,
"2024-11-10 13:10:00.0000",10.01,100,,,
"2024-11-10 13:00:00.0000",10.07,100,,,
"2024-11-10 12:50:00.0000",10.29,100,,,
"2024-11-10 12:40:00.0000",10.44,100,,,
"2024-11-10 12:30:00.0000",10.44,100,,,
"2024-11-10 12:20:00.0000",10.2,100,,,
"2024-11-10 12:10:00.0000",10.5,100,,,
"2024-11-10 12:00:00.0000",10.55,100,,,
"2024-11-10 11:50:00.0000",10.32,100,,,
"2024-11-10 11:40:00.0000",10.11,100,,,
"2024-11-10 11:30:00.0000",9.87,100,,,
"2024-11-10 11:20:00.0000",9.85,100,,,
"2024-11-10 11:10:00.0000",9.44,100,,,
"2024-11-10 11:00:00.0000",9.6,100,,,
"2024-11-10 10:50:00.0000",9.15,100,,,
"2024-11-10 10:40:00.0000",8.71,100,,,
"2024-11-10 10:30:00.0000",8.6,100,,,
"2024-11-10 10:20:00.0000",8.5,100,,,
"2024-11-10 10:10:00.0000",8.54,100,,,
"2024-11-10 10:00:00.0000",8.17,100,,,
"2024-11-10 09:50:00.0000",8.14,100,,,
"2024-11-10 09:40:00.0000",7.74,100,,,
"2024-11-10 09:30:00.0000",7.25,100,,,
"2024-11-10 09:20:00.0000",7.09,100,,,
"2024-11-10 09:10:00.0000",7.01,100,,,
"2024-11-10 09:00:00.0000",6.94,100,,,
"2024-11-10 08:50:00.0000",6.45,100,,,
"2024-11-10 08:40:00.0000",6.31,100,,,
"2024-11-10 08:30:00.0000",6.07,100,,,
"2024-11-10 08:20:00.0000",5.92,100,,,
"2024-11-10 08:10:00.0000",5.89,100,,,
"2024-11-10 08:00:00.0000",5.8,100,,,
"2024-11-10 07:50:00.0000",5.7,100,,,
"2024-11-10 07:40:00.0000",5.43,100,,,
"2024-11-10 07:30:00.0000",5.52,100,,,
"2024-11-10 07:20:00.0000",5.55,100,,,
"2024-11-10 07:10:00.0000",5.52,100,,,
"2024-11-10 07:00:00.0000",5.55,100,,,
"2024-11-10 06:50:00.0000",5.44,100,,,
"2024-11-10 06:40:00.0000",5.47,100,,,
"2024-11-10 06:30:00.0000",5.33,100,,,
"2024-11-10 06:20:00.0000",5.49,100,,,
"2024-11-10 06:10:00.0000",5.47,100,,,
"2024-11-10 06:00:00.0000",5.4,100,,,
"2024-11-10 05:50:00.0000",5.37,100,,,
"2024-11-10 05:40:00.0000",5.3,100,,,
"2024-11-10 05:30:00.0000",5.24,100,,,
"2024-11-10 05:20:00.0000",5.02,100,,,
"2024-11-10 05:10:00.0000",5.2,100,,,
"2024-11-10 05:00:00.0000",5.35,100,,,
"2024-11-10 04:50:00.0000",5.23,100,,,
"2024-11-10 04:40:00.0000",5.27,100,,,
"2024-11-10 04:30:00.0000",5.18,100,,,
"2024-11-10 04:20:00.0000",5.13,100,,,
"2024-11-10 04:10:00.0000",4.83,100,,,
"2024-11-10 04:00:00.0000",5.04,100,,,
"2024-11-10 03:50:00.0000",5.1,100,,,
"2024-11-10 03:40:00.0000",5.04,100,,,
"2024-11-10 03:30:00.0000",5.06,100,,,
"2024-11-10 03:20:00.0000",5.03,100,,,
"2024-11-10 03:10:00.0000",5.05,100,,,
"2024-11-10 03:00:00.0000",4.95,100,,,
"2024-11-10 02:50:00.0000",5.16,100,,,
"2024-11-10 02:40:00.0000",5.13,100,,,
"2024-11-10 02:30:00.0000",5.13,100,,,
"2024-11-10 02:20:00.0000",5.11,100,,,
"2024-11-10 02:10:00.0000",5.03,100,,,
"2024-11-10 02:00:00.0000",5.05,100,,,
"2024-11-10 01:50:00.0000",4.85,100,,,
"2024-11-10 01:40:00.0000",5.04,99.96,,,
"2024-11-10 01:30:00.0000",5.06,99.92,,,
"2024-11-10 01:20:00.0000",4.94,100,,,
"2024-11-10 01:10:00.0000",4.91,100,,,
"2024-11-10 01:00:00.0000",4.83,100,,,
"2024-11-10 00:50:00.0000",4.86,100,,,
"2024-11-10 00:40:00.0000",4.6,100,,,
"2024-11-10 00:30:00.0000",4.75,99.99,,,
"2024-11-10 00:20:00.0000",4.84,99.76,,,
"2024-11-10 00:10:00.0000",4.83,99.71,,,
"2024-11-10 00:00:00.0000",4.81,99.58,,,
"2024-11-09 23:50:00.0000",4.85,99.32,,,
"2024-11-09 23:40:00.0000",4.86,99.4,,,
"2024-11-09 23:30:00.0000",4.58,99.96,,,
"2024-11-09 23:20:00.0000",4.75,99.09,,,
"2024-11-09 23:10:00.0000",4.81,98.67,,,
"2024-11-09 23:00:00.0000",4.81,98.45,,,
"2024-11-09 22:50:00.0000",4.84,98.31,,,
"2024-11-09 22:40:00.0000",4.7,98.42,,,
"2024-11-09 22:30:00.0000",4.68,98.25,,,
"2024-11-09 22:20:00.0000",4.58,98.5,,,
"2024-11-09 22:10:00.0000",4.75,97.32,,,
"2024-11-09 22:00:00.0000",4.82,97.06,,,
"2024-11-09 21:50:00.0000",4.84,96.98,,,
"2024-11-09 21:40:00.0000",4.83,97.21,,,
"2024-11-09 21:30:00.0000",4.71,97.44,,,
"2024-11-09 21:20:00.0000",4.64,97.37,,,
"2024-11-09 21:10:00.0000",4.51,97.83,,,
"2024-11-09 21:00:00.0000",4.73,96.42,,,
"2024-11-09 20:50:00.0000",4.76,96.18,,,
"2024-11-09 20:40:00.0000",4.75,96.05,,,
"2024-11-09 20:30:00.0000",4.82,95.59,,,
"2024-11-09 20:20:00.0000",4.74,96.06,,,
"2024-11-09 20:10:00.0000",4.72,96.3,,,
"2024-11-09 20:00:00.0000",4.47,97.19,,,
"2024-11-09 19:50:00.0000",4.65,96.24,,,
"2024-11-09 19:40:00.0000",4.67,96.37,,,
"2024-11-09 19:30:00.0000",4.63,96.35,,,
"2024-11-09 19:20:00.0000",4.7,96.21,,,
"2024-11-09 19:10:00.0000",4.71,96.33,,,
"2024-11-09 19:00:00.0000",4.71,96.47,,,
"2024-11-09 18:50:00.0000",4.45,97.21,,,
"2024-11-09 18:40:00.0000",4.7,96.31,,,
"2024-11-09 18:30:00.0000",4.68,96.51,,,
"2024-11-09 18:20:00.0000",4.67,96.52,,,
"2024-11-09 18:10:00.0000",4.7,96.61,,,
"2024-11-09 18:00:00.0000",4.69,96.75,,,
"2024-11-09 17:50:00.0000",4.6,97.11,,,
"2024-11-09 17:40:00.0000",4.41,98.04,,,
"2024-11-09 17:30:00.0000",4.65,96.79,,,
"2024-11-09 17:20:00.0000",4.8,96.71,,,
"2024-11-09 17:10:00.0000",4.75,96.85,,,
"2024-11-09 17:00:00.0000",4.86,96.59,,,
"2024-11-09 16:50:00.0000",4.9,96.63,,,
"2024-11-09 16:40:00.0000",4.83,96.99,,,
"2024-11-09 16:30:00.0000",4.74,97.7,,,
"2024-11-09 16:20:00.0000",4.98,96.54,,,
"2024-11-09 16:10:00.0000",4.98,96.58,,,
"2024-11-09 16:00:00.0000",4.97,96.52,,,
"2024-11-09 15:50:00.0000",5.1,96.08,,,
"2024-11-09 15:40:00.0000",5.11,95.98,,,
"2024-11-09 15:30:00.0000",5.23,95.43,,,
"2024-11-09 15:20:00.0000",5.2,95.44,,,
"2024-11-09 15:10:00.0000",5.37,94.78,,,
"2024-11-09 15:00:00.0000",5.39,94.29,,,
"2024-11-09 14:50:00.0000",5.27,94.17,,,
"2024-11-09 14:40:00.0000",5.53,93.46,,,
"2024-11-09 14:30:00.0000",5.49,93.53,,,
"2024-11-09 14:20:00.0000",5.46,93.5,,,
"2024-11-09 14:10:00.0000",5.25,94.07,,,
"2024-11-09 14:00:00.0000",5.46,93.24,,,
"2024-11-09 13:50:00.0000",5.5,93.2,,,
"2024-11-09 13:40:00.0000",5.33,92.71,,,
"2024-11-09 13:30:00.0000",5.48,92.39,,,
"2024-11-09 13:20:00.0000",5.56,92.66,,,
"2024-11-09 13:10:00.0000",5.55,92.46,,,
"2024-11-09 13:00:00.0000",5.28,93.32,,,
"2024-11-09 12:50:00.0000",5.42,92.77,,,
"2024-11-09 12:40:00.0000",5.38,92.31,,,
"2024-11-09 12:30:00.0000",5.61,91.82,,,
"2024-11-09 12:20:00.0000",5.4,92.53,,,
"2024-11-09 12:10:00.0000",5.43,92.55,,,
"2024-11-09 12:00:00.0000",5.3,92.73,,,
"2024-11-09 11:50:00.0000",5.05,93.5,,,
"2024-11-09 11:40:00.0000",5.29,92.37,,,
"2024-11-09 11:30:00.0000",5.21,92.39,,,
"2024-11-09 11:20:00.0000",5.11,92.44,,,
"2024-11-09 11:10:00.0000",5.09,92.24,,,
"2024-11-09 11:00:00.0000",5.06,92.17,,,
"2024-11-09 10:50:00.0000",5.26,91.92,,,
"2024-11-09 10:40:00.0000",4.96,93.33,,,
"2024-11-09 10:30:00.0000",5.09,92.53,,,
"2024-11-09 10:20:00.0000",5.17,92.4,,,
"2024-11-09 10:10:00.0000",5.06,92.63,,,
"2024-11-09 10:00:00.0000",5.02,92.9,,,
"2024-11-09 09:50:00.0000",4.98,93.3,,,
"2024-11-09 09:40:00.0000",4.86,94.01,,,
"2024-11-09 09:30:00.0000",4.61,95.14,,,
"2024-11-09 09:20:00.0000",4.73,94.5,,,
"2024-11-09 09:10:00.0000",4.71,94.36,,,
"2024-11-09 09:00:00.0000",4.69,94.84,,,
"2024-11-09 08:50:00.0000",4.69,94.99,,,
"2024-11-09 08:40:00.0000",4.61,95.44,,,
"2024-11-09 08:30:00.0000",4.53,95.9,,,
"2024-11-09 08:20:00.0000",4.26,97.39,,,
"2024-11-09 08:10:00.0000",4.42,96.65,,,
"2024-11-09 08:00:00.0000",4.47,96.33,,,
"2024-11-09 07:50:00.0000",4.43,96.62,,,
"2024-11-09 07:40:00.0000",4.43,96.96,,,
"2024-11-09 07:30:00.0000",4.37,96.93,,,
"2024-11-09 07:20:00.0000",4.37,97.45,,,
"2024-11-09 07:10:00.0000",4.16,98.24,,,
"2024-11-09 07:00:00.0000",4.4,97,,,
"2024-11-09 06:50:00.0000",4.43,96.9,,,
"2024-11-09 06:40:00.0000",4.45,96.94,,,
"2024-11-09 06:30:00.0000",4.48,97.08,,,
"2024-11-09 06:20:00.0000",4.41,97.27,,,
"2024-11-09 06:10:00.0000",4.41,97.16,,,
"2024-11-09 06:00:00.0000",4.25,97.91,,,
"2024-11-09 05:50:00.0000",4.48,96.89,,,
"2024-11-09 05:40:00.0000",4.5,97.03,,,
"2024-11-09 05:30:00.0000",4.45,97.22,,,
"2024-11-09 05:20:00.0000",4.48,96.74,,,
"2024-11-09 05:10:00.0000",4.43,97.16,,,
"2024-11-09 05:00:00.0000",4.45,97.41,,,
"2024-11-09 04:50:00.0000",4.29,97.61,,,
"2024-11-09 04:40:00.0000",4.53,96.71,,,
"2024-11-09 04:30:00.0000",4.55,96.43,,,
"2024-11-09 04:20:00.0000",4.57,96.83,,,
"2024-11-09 04:10:00.0000",4.59,96.92,,,
"2024-11-09 04:00:00.0000",4.55,96.94,,,
"2024-11-09 03:50:00.0000",4.59,96.92,,,
"2024-11-09 03:40:00.0000",4.36,97.96,,,
"2024-11-09 03:30:00.0000",4.59,96.73,,,
"2024-11-09 03:20:00.0000",4.67,96.49,,,
"2024-11-09 03:10:00.0000",4.64,96.62,,,
"2024-11-09 03:00:00.0000",4.69,96.38,,,
"2024-11-09 02:50:00.0000",4.63,96.24,,,
"2024-11-09 02:40:00.0000",4.63,95.95,,,
"2024-11-09 02:30:00.0000",4.47,96.46,,,
"2024-11-09 02:20:00.0000",4.7,95.64,,,
"2024-11-09 02:10:00.0000",4.76,95.34,,,
"2024-11-09 02:00:00.0000",4.75,95.67,,,
"2024-11-09 01:50:00.0000",4.77,95.71,,,
"2024-11-09 01:40:00.0000",4.67,95.96,,,
"2024-11-09 01:30:00.0000",4.74,96.19,,,
"2024-11-09 01:20:00.0000",4.55,97.53,,,
"2024-11-09 01:10:00.0000",4.82,96.23,,,
"2024-11-09 01:00:00.0000",4.83,96.42,,,
"2024-11-09 00:50:00.0000",4.88,97.2,,,
"2024-11-09 00:40:00.0000",4.95,96.82,,,
"2024-11-09 00:30:00.0000",4.92,96.81,,,
"2024-11-09 00:20:00.0000",4.92,96.62,,,
"2024-11-09 00:10:00.0000",4.81,97.04,,,
"2024-11-09 00:00:00.0000",5,96,,,
"2024-11-08 23:50:00.0000",5.04,95.96,,,
"2024-11-08 23:40:00.0000",4.98,96.4,,,
"2024-11-08 23:30:00.0000",4.94,96,,,
"2024-11-08 23:20:00.0000",4.94,96.11,,,
"2024-11-08 23:10:00.0000",5.07,95.93,,,
"2024-11-08 23:00:00.0000",4.83,96.81,,,
"2024-11-08 22:50:00.0000",4.99,96.02,,,
"2024-11-08 22:40:00.0000",5.07,95.92,,,
"2024-11-08 22:30:00.0000",5.02,95.94,,,
"2024-11-08 22:20:00.0000",5.01,95.84,,,
"2024-11-08 22:10:00.0000",5.11,95.57,,,
"2024-11-08 22:00:00.0000",5.04,95.58,,,
"2024-11-08 21:50:00.0000",4.9,96.55,,,
"2024-11-08 21:40:00.0000",5.06,95.68,,,
"2024-11-08 21:30:00.0000",5.16,95.84,,,
"2024-11-08 21:20:00.0000",5.11,95.65,,,
"2024-11-08 21:10:00.0000",5.21,95.53,,,
"2024-11-08 21:00:00.0000",5.29,95.45,,,
"2024-11-08 20:50:00.0000",5.34,96.54,,,
"2024-11-08 20:40:00.0000",5.15,97.42,,,
"2024-11-08 20:30:00.0000",5.36,96.54,,,
"2024-11-08 20:20:00.0000",5.42,96.12,,,
"2024-11-08 20:10:00.0000",5.39,96.12,,,
"2024-11-08 20:00:00.0000",5.51,96.53,,,
"2024-11-08 19:50:00.0000",5.42,96.53,,,
"2024-11-08 19:40:00.0000",5.43,96.58,,,
"2024-11-08 19:30:00.0000",5.13,97.33,,,
"2024-11-08 19:20:00.0000",5.36,96.28,,,
"2024-11-08 19:10:00.0000",5.37,96.07,,,
"2024-11-08 19:00:00.0000",5.36,96.13,,,
"2024-11-08 18:50:00.0000",5.48,95.97,,,
"2024-11-08 18:40:00.0000",5.47,96.2,,,
"2024-11-08 18:30:00.0000",5.5,96,,,
"2024-11-08 18:20:00.0000",5.32,97.09,,,
"2024-11-08 18:10:00.0000",5.57,96.19,,,
"2024-11-08 18:00:00.0000",5.64,96.01,,,
"2024-11-08 17:50:00.0000",5.72,95.98,,,
"2024-11-08 17:40:00.0000",5.8,96.43,,,
"2024-11-08 17:30:00.0000",5.7,96.35,,,
"2024-11-08 17:20:00.0000",5.71,96.05,,,
"2024-11-08 17:10:00.0000",5.56,97.32,,,
"2024-11-08 17:00:00.0000",5.71,96.11,,,
"2024-11-08 16:50:00.0000",5.78,95.94,,,
"2024-11-08 16:40:00.0000",5.67,96.02,,,
"2024-11-08 16:30:00.0000",5.69,95.78,,,
"2024-11-08 16:20:00.0000",5.69,95.32,,,
"2024-11-08 16:10:00.0000",5.79,95.42,,,
"2024-11-08 16:00:00.0000",5.66,96.49,,,
"2024-11-08 15:50:00.0000",5.82,95.85,,,
"2024-11-08 15:40:00.0000",5.84,95.23,,,
"2024-11-08 15:30:00.0000",5.96,95.12,,,
"2024-11-08 15:20:00.0000",6.08,94.79,,,
"2024-11-08 15:10:00.0000",6.11,94.85,,,
"2024-11-08 15:00:00.0000",6.12,95.76,,,
"2024-11-08 14:50:00.0000",5.99,96.34,,,
"2024-11-08 14:40:00.0000",6.24,95.38,,,
"2024-11-08 14:30:00.0000",6.35,95.01,,,
"2024-11-08 14:20:00.0000",6.35,94.45,,,
"2024-11-08 14:10:00.0000",6.33,94.78,,,
"2024-11-08 14:00:00.0000",6.17,94.78,,,
"2024-11-08 13:50:00.0000",6.37,94.96,,,
"2024-11-08 13:40:00.0000",6.28,95.38,,,
"2024-11-08 13:30:00.0000",6.49,94.49,,,
"2024-11-08 13:20:00.0000",6.76,94.72,,,
"2024-11-08 13:10:00.0000",6.73,94.5,,,
"2024-11-08 13:00:00.0000",6.91,95.13,,,
"2024-11-08 12:50:00.0000",6.86,95.66,,,
"2024-11-08 12:40:00.0000",6.62,96.64,,,
"2024-11-08 12:30:00.0000",6.4,98.35,,,
"2024-11-08 12:20:00.0000",6.6,97.78,,,
"2024-11-08 12:10:00.0000",6.74,98.27,,,
"2024-11-08 12:00:00.0000",6.68,99.34,,,
"2024-11-08 11:50:00.0000",6.59,100,,,
"2024-11-08 11:40:00.0000",6.64,100,,,
"2024-11-08 11:30:00.0000",6.74,100,,,
"2024-11-08 11:20:00.0000",6.75,100,,,
"2024-11-08 11:10:00.0000",7.06,100,,,
"2024-11-08 11:00:00.0000",7.11,100,,,
"2024-11-08 10:50:00.0000",7.11,100,,,
"2024-11-08 10:40:00.0000",7.35,100,,,
"2024-11-08 10:30:00.0000",7.45,100,,,
"2024-11-08 10:20:00.0000",7.58,100,,,
"2024-11-08 10:10:00.0000",7.41,100,,,
"2024-11-08 10:00:00.0000",7.6,100,,,
"2024-11-08 09:50:00.0000",7.64,100,,,
"2024-11-08 09:40:00.0000",7.64,100,,,
"2024-11-08 09:30:00.0000",7.6,100,,,
"2024-11-08 09:20:00.0000",7.5,100,,,
"2024-11-08 09:10:00.0000",7.49,100,,,
"2024-11-08 09:00:00.0000",7.23,100,,,
"2024-11-08 08:50:00.0000",7.34,100,,,
"2024-11-08 08:40:00.0000",7.28,100,,,
"2024-11-08 08:30:00.0000",7.23,100,,,
"2024-11-08 08:20:00.0000",7.26,100,,,
"2024-11-08 08:10:00.0000",7.17,100,,,
"2024-11-08 08:00:00.0000",7.15,100,,,
"2024-11-08 07:50:00.0000",6.98,100,,,
"2024-11-08 07:40:00.0000",7.14,100,,,
"2024-11-08 07:30:00.0000",7.1,100,,,
"2024-11-08 07:20:00.0000",6.99,100,,,
"2024-11-08 07:10:00.0000",7,100,,,
"2024-11-08 07:00:00.0000",6.88,100,,,
"2024-11-08 06:50:00.0000",6.88,100,,,
"2024-11-08 06:40:00.0000",6.69,100,,,
"2024-11-08 06:30:00.0000",6.88,100,,,
"2024-11-08 06:20:00.0000",6.95,100,,,
"2024-11-08 06:10:00.0000",6.89,100,,,
"2024-11-08 06:00:00.0000",6.93,100,,,
"2024-11-08 05:50:00.0000",6.9,100,,,
"2024-11-08 05:40:00.0000",6.88,100,,,
"2024-11-08 05:30:00.0000",6.64,100,,,
"2024-11-08 05:20:00.0000",6.8,100,,,
"2024-11-08 05:10:00.0000",6.81,100,,,
"2024-11-08 05:00:00.0000",6.71,100,,,
"2024-11-08 04:50:00.0000",6.75,100,,,
"2024-11-08 04:40:00.0000",6.7,100,,,
"2024-11-08 04:30:00.0000",6.77,100,,,
"2024-11-08 04:20:00.0000",6.54,100,,,
"2024-11-08 04:10:00.0000",6.69,100,,,
"2024-11-08 04:00:00.0000",6.74,100,,,
"2024-11-08 03:50:00.0000",6.81,100,,,
"2024-11-08 03:40:00.0000",6.84,100,,,
"2024-11-08 03:30:00.0000",6.82,100,,,
"2024-11-08 03:20:00.0000",6.99,100,,,
"2024-11-08 03:10:00.0000",6.85,100,,,
"2024-11-08 03:00:00.0000",7.04,100,,,
"2024-11-08 02:50:00.0000",7.16,100,,,
"2024-11-08 02:40:00.0000",7.19,100,,,
"2024-11-08 02:30:00.0000",7.3,100,,,
"2024-11-08 02:20:00.0000",7.38,100,,,
"2024-11-08 02:10:00.0000",7.43,100,,,
"2024-11-08 02:00:00.0000",7.42,100,,,
"2024-11-08 01:50:00.0000",7.71,100,,,
"2024-11-08 01:40:00.0000",7.69,100,,,
"2024-11-08 01:30:00.0000",7.71,100,,,
"2024-11-08 01:20:00.0000",7.8,100,,,
"2024-11-08 01:10:00.0000",7.88,100,,,
"2024-11-08 01:00:00.0000",7.9,100,,,
"2024-11-08 00:50:00.0000",7.76,100,,,
"2024-11-08 00:40:00.0000",8.02,100,,,
"2024-11-08 00:30:00.0000",8.08,100,,,
"2024-11-08 00:20:00.0000",8.05,100,,,
"2024-11-08 00:10:00.0000",8.23,100,,,
"2024-11-08 00:00:00.0000",8.26,100,,,
"2024-11-07 23:50:00.0000",8.26,100,,,
"2024-11-07 23:40:00.0000",8.12,100,,,
"2024-11-07 23:30:00.0000",8.28,100,,,
"2024-11-07 23:20:00.0000",8.31,100,,,
"2024-11-07 23:10:00.0000",8.33,100,,,
"2024-11-07 23:00:00.0000",8.35,100,,,
"2024-11-07 22:50:00.0000",8.32,100,,,
"2024-11-07 22:40:00.0000",8.3,100,,,
"2024-11-07 22:30:00.0000",8.11,100,,,
"2024-11-07 22:20:00.0000",8.22,100,,,
"2024-11-07 22:10:00.0000",8.27,100,,,
"2024-11-07 22:00:00.0000",8.24,100,,,
"2024-11-07 21:50:00.0000",8.28,100,,,
"2024-11-07 21:40:00.0000",8.33,100,,,
"2024-11-07 21:30:00.0000",8.35,100,,,
"2024-11-07 21:20:00.0000",8.17,100,,,
"2024-11-07 21:10:00.0000",8.41,100,,,
"2024-11-07 21:00:00.0000",8.48,100,,,
"2024-11-07 20:50:00.0000",8.4,100,,,
"2024-11-07 20:40:00.0000",8.44,100,,,
"2024-11-07 20:30:00.0000",8.42,100,,,
"2024-11-07 20:20:00.0000",8.43,100,,,
"2024-11-07 20:10:00.0000",8.27,100,,,
"2024-11-07 20:00:00.0000",8.41,100,,,
"2024-11-07 19:50:00.0000",8.44,100,,,
"2024-11-07 19:40:00.0000",8.4,100,,,
"2024-11-07 19:30:00.0000",8.4,100,,,
"2024-11-07 19:20:00.0000",8.36,100,,,
"2024-11-07 19:10:00.0000",8.29,100,,,
"2024-11-07 19:00:00.0000",8.06,100,,,
"2024-11-07 18:50:00.0000",8.17,100,,,
"2024-11-07 18:40:00.0000",8.19,100,,,
"2024-11-07 18:30:00.0000",8.1,100,,,
"2024-11-07 18:20:00.0000",8.17,100,,,
"2024-11-07 18:10:00.0000",8.16,100,,,
"2024-11-07 18:00:00.0000",8.14,100,,,
"2024-11-07 17:50:00.0000",8.02,100,,,
"2024-11-07 17:40:00.0000",8.24,100,,,
"2024-11-07 17:30:00.0000",8.27,100,,,
"2024-11-07 17:20:00.0000",8.32,100,,,
"2024-11-07 17:10:00.0000",8.42,100,,,
"2024-11-07 17:00:00.0000",8.45,100,,,
"2024-11-07 16:50:00.0000",8.62,100,,,
"2024-11-07 16:40:00.0000",8.39,100,,,
"2024-11-07 16:30:00.0000",8.53,100,,,
"2024-11-07 16:20:00.0000",8.56,100,,,
"2024-11-07 16:10:00.0000",8.51,100,,,
"2024-11-07 16:00:00.0000",8.62,100,,,
"2024-11-07 15:50:00.0000",8.68,100,,,
"2024-11-07 15:40:00.0000",8.71,100,,,
"2024-11-07 15:30:00.0000",8.51,100,,,
"2024-11-07 15:20:00.0000",8.71,100,,,
"2024-11-07 15:10:00.0000",8.87,100,,,
"2024-11-07 15:00:00.0000",8.95,100,,,
"2024-11-07 14:50:00.0000",9.01,100,,,
"2024-11-07 14:40:00.0000",9.04,100,,,
"2024-11-07 14:30:00.0000",9.14,100,,,
"2024-11-07 14:20:00.0000",9.03,100,,,
"2024-11-07 14:10:00.0000",9.16,99.97,,,
"2024-11-07 14:00:00.0000",9.23,99.95,,,
"2024-11-07 13:50:00.0000",9.34,99.91,,,
"2024-11-07 13:40:00.0000",9.41,99.64,,,
"2024-11-07 13:30:00.0000",9.31,99.81,,,
"2024-11-07 13:20:00.0000",9.28,99.81,,,
"2024-11-07 13:10:00.0000",9.07,100,,,
"2024-11-07 13:00:00.0000",9.24,99.96,,,
"2024-11-07 12:50:00.0000",9.13,100,,,
"2024-11-07 12:40:00.0000",9.05,100,,,
"2024-11-07 12:30:00.0000",9.07,100,,,
"2024-11-07 12:20:00.0000",9.1,100,,,
"2024-11-07 12:10:00.0000",9.08,100,,,
"2024-11-07 12:00:00.0000",8.69,100,,,
"2024-11-07 11:50:00.0000",8.89,100,,,
"2024-11-07 11:40:00.0000",8.94,100,,,
"2024-11-07 11:30:00.0000",8.7,100,,,
"2024-11-07 11:20:00.0000",8.68,100,,,
"2024-11-07 11:10:00.0000",8.56,100,,,
"2024-11-07 11:00:00.0000",8.62,100,,,
"2024-11-07 10:50:00.0000",8.47,100,,,
"2024-11-07 10:40:00.0000",8.61,100,,,
"2024-11-07 10:30:00.0000",8.61,100,,,
"2024-11-07 10:20:00.0000",8.5,100,,,
"2024-11-07 10:10:00.0000",8.52,100,,,
"2024-11-07 10:00:00.0000",8.51,100,,,
"2024-11-07 09:50:00.0000",8.42,100,,,
"2024-11-07 09:40:00.0000",8.22,100,,,
"2024-11-07 09:30:00.0000",8.32,100,,,
"2024-11-07 09:20:00.0000",8.27,100,,,
"2024-11-07 09:10:00.0000",8.14,100,,,
"2024-11-07 09:00:00.0000",8.07,100,,,
"2024-11-07 08:50:00.0000",7.96,100,,,
"2024-11-07 08:40:00.0000",7.94,100,,,
"2024-11-07 08:30:00.0000",7.64,100,,,
"2024-11-07 08:20:00.0000",7.73,100,,,
"2024-11-07 08:10:00.0000",7.71,100,,,
"2024-11-07 08:00:00.0000",7.57,100,,,
"2024-11-07 07:50:00.0000",7.5,100,,,
"2024-11-07 07:40:00.0000",7.37,100,,,
"2024-11-07 07:30:00.0000",7.35,100,,,
"2024-11-07 07:20:00.0000",7.14,100,,,
"2024-11-07 07:10:00.0000",7.3,100,,,
"2024-11-07 07:00:00.0000",7.29,100,,,
"2024-11-07 06:50:00.0000",7.25,100,,,
"2024-11-07 06:40:00.0000",7.36,100,,,
"2024-11-07 06:30:00.0000",7.31,100,,,
"2024-11-07 06:20:00.0000",7.41,100,,,
"2024-11-07 06:10:00.0000",7.15,100,,,
"2024-11-07 06:00:00.0000",7.3,100,,,
"2024-11-07 05:50:00.0000",7.35,100,,,
"2024-11-07 05:40:00.0000",7.28,100,,,
"2024-11-07 05:30:00.0000",7.31,100,,,
"2024-11-07 05:20:00.0000",7.26,100,,,
"2024-11-07 05:10:00.0000",7.23,100,,,
"2024-11-07 05:00:00.0000",7.19,100,,,
"2024-11-07 04:50:00.0000",7.52,100,,,
"2024-11-07 04:40:00.0000",7.7,100,,,
"2024-11-07 04:30:00.0000",7.74,100,,,
"2024-11-07 04:20:00.0000",7.86,100,,,
"2024-11-07 04:10:00.0000",7.91,100,,,
"2024-11-07 04:00:00.0000",7.97,100,,,
"2024-11-07 03:50:00.0000",7.81,100,,,
"2024-11-07 03:40:00.0000",8.06,100,,,
"2024-11-07 03:30:00.0000",8.12,100,,,
"2024-11-07 03:20:00.0000",8.19,100,,,
"2024-11-07 03:10:00.0000",8.29,100,,,
"2024-11-07 03:00:00.0000",8.34,100,,,
"2024-11-07 02:50:00.0000",8.48,100,,,
"2024-11-07 02:40:00.0000",8.32,100,,,
"2024-11-07 02:30:00.0000",8.51,100,,,
"2024-11-07 02:20:00.0000",8.64,100,,,
"2024-11-07 02:10:00.0000",8.7,100,,,
"2024-11-07 02:00:00.0000",8.71,100,,,
"2024-11-07 01:50:00.0000",8.68,100,,,
"2024-11-07 01:40:00.0000",8.77,100,,,
"2024-11-07 01:30:00.0000",8.66,100,,,
"2024-11-07 01:20:00.0000",8.86,100,,,
"2024-11-07 01:10:00.0000",8.95,100,,,
"2024-11-07 01:00:00.0000",8.94,100,,,
"2024-11-07 00:50:00.0000",8.97,100,,,
"2024-11-07 00:40:00.0000",9.01,100,,,
"2024-11-07 00:30:00.0000",9.05,100,,,
"2024-11-07 00:20:00.0000",8.83,100,,,
"2024-11-07 00:10:00.0000",9.01,100,,,
"2024-11-07 00:00:00.0000",9.06,100,,,
"2024-11-06 23:50:00.0000",9.03,100,,,
"2024-11-06 23:40:00.0000",9.12,100,,,
"2024-11-06 23:30:00.0000",9.13,100,,,
"2024-11-06 23:20:00.0000",9.17,100,,,
"2024-11-06 23:10:00.0000",8.97,100,,,
"2024-11-06 23:00:00.0000",9.2,100,,,
"2024-11-06 22:50:00.0000",9.31,100,,,
"2024-11-06 22:40:00.0000",9.3,100,,,
"2024-11-06 22:30:00.0000",9.33,100,,,
"2024-11-06 22:20:00.0000",9.34,100,,,
"2024-11-06 22:10:00.0000",9.37,100,,,
"2024-11-06 22:00:00.0000",9.13,100,,,
"2024-11-06 21:50:00.0000",9.34,100,,,
"2024-11-06 21:40:00.0000",9.43,100,,,
"2024-11-06 21:30:00.0000",9.49,100,,,
"2024-11-06 21:20:00.0000",9.53,100,,,
"2024-11-06 21:10:00.0000",9.58,100,,,
"2024-11-06 21:00:00.0000",9.56,100,,,
"2024-11-06 20:50:00.0000",9.48,100,,,
"2024-11-06 20:40:00.0000",9.69,100,,,
"2024-11-06 20:30:00.0000",9.75,100,,,
"2024-11-06 20:20:00.0000",9.74,100,,,
"2024-11-06 20:10:00.0000",9.94,100,,,
"2024-11-06 20:00:00.0000",10.01,100,,,
"2024-11-06 19:50:00.0000",10.1,100,,,
"2024-11-06 19:40:00.0000",9.95,100,,,
"2024-11-06 19:30:00.0000",10.19,100,,,
"2024-11-06 19:20:00.0000",10.23,100,,,
"2024-11-06 19:10:00.0000",10.2,100,,,
"2024-11-06 19:00:00.0000",10.21,100,,,
"2024-11-06 18:50:00.0000",10.16,100,,,
"2024-11-06 18:40:00.0000",10.09,100,,,
"2024-11-06 18:30:00.0000",9.86,100,,,
"2024-11-06 18:20:00.0000",10,100,,,
"2024-11-06 18:10:00.0000",10,100,,,
"2024-11-06 18:00:00.0000",9.91,100,,,
"2024-11-06 17:50:00.0000",10.18,100,,,
"2024-11-06 17:40:00.0000",10.28,100,,,
"2024-11-06 17:30:00.0000",10.45,100,,,
"2024-11-06 17:20:00.0000",10.36,100,,,
"2024-11-06 17:10:00.0000",10.67,100,,,
"2024-11-06 17:00:00.0000",10.74,100,,,
"2024-11-06 16:50:00.0000",10.8,100,,,
"2024-11-06 16:40:00.0000",10.92,100,,,
"2024-11-06 16:30:00.0000",11.01,100,,,
"2024-11-06 16:20:00.0000",11.06,100,,,
"2024-11-06 16:10:00.0000",10.96,100,,,
"2024-11-06 16:00:00.0000",11.18,100,,,
"2024-11-06 15:50:00.0000",11.33,100,,,
"2024-11-06 15:40:00.0000",11.4,100,,,
"2024-11-06 15:30:00.0000",11.54,100,,,
"2024-11-06 15:20:00.0000",11.5,100,,,
"2024-11-06 15:10:00.0000",11.64,99.85,,,
"2024-11-06 15:00:00.0000",11.55,99.95,,,
"2024-11-06 14:50:00.0000",11.94,98.22,,,
"2024-11-06 14:40:00.0000",12.19,97.29,,,
"2024-11-06 14:30:00.0000",12.23,96.68,,,
"2024-11-06 14:20:00.0000",12.47,95.56,,,
"2024-11-06 14:10:00.0000",12.53,94.99,,,
"2024-11-06 14:00:00.0000",12.61,94.23,,,
"2024-11-06 13:50:00.0000",12.85,93.01,,,
"2024-11-06 13:40:00.0000",13.4,89.99,,,
"2024-11-06 13:30:00.0000",14.34,86.42,,,
"2024-11-06 13:20:00.0000",14.66,85.62,,,
"2024-11-06 13:10:00.0000",13.38,92.3,,,
"2024-11-06 13:00:00.0000",12.46,95.35,,,
"2024-11-06 12:50:00.0000",12.7,94.69,,,
"2024-11-06 12:40:00.0000",12.24,96.9,,,
"2024-11-06 12:30:00.0000",12.19,96.67,,,
"2024-11-06 12:20:00.0000",12.25,96.26,,,
"2024-11-06 12:10:00.0000",12.19,96.61,,,
"2024-11-06 12:00:00.0000",12.15,96.7,,,
"2024-11-06 11:50:00.0000",12.04,97.3,,,
"2024-11-06 11:40:00.0000",11.84,98.32,,,
"2024-11-06 11:30:00.0000",11.4,99.55,,,
"2024-11-06 11:20:00.0000",11.63,98.42,,,
"2024-11-06 11:10:00.0000",11.68,97.84,,,
"2024-11-06 11:00:00.0000",11.59,98.44,,,
"2024-11-06 10:50:00.0000",11.54,98.98,,,
"2024-11-06 10:40:00.0000",11.27,100,,,
"2024-11-06 10:30:00.0000",10.74,100,,,
"2024-11-06 10:20:00.0000",10.37,100,,,
"2024-11-06 10:10:00.0000",10.3,100,,,
"2024-11-06 10:00:00.0000",10.24,100,,,
"2024-11-06 09:50:00.0000",10.16,100,,,
"2024-11-06 09:40:00.0000",9.98,100,,,
"2024-11-06 09:30:00.0000",9.68,100,,,
"2024-11-06 09:20:00.0000",9.52,100,,,
"2024-11-06 09:10:00.0000",9.14,100,,,
"2024-11-06 09:00:00.0000",9.21,100,,,
"2024-11-06 08:50:00.0000",9.18,100,,,
"2024-11-06 08:40:00.0000",9.13,100,,,
"2024-11-06 08:30:00.0000",9.1,100,,,
"2024-11-06 08:20:00.0000",8.94,100,,,
"2024-11-06 08:10:00.0000",8.74,100,,,
"2024-11-06 08:00:00.0000",8.35,100,,,
"2024-11-06 07:50:00.0000",8.42,100,,,
"2024-11-06 07:40:00.0000",8.27,100,,,
"2024-11-06 07:30:00.0000",8.25,100,,,
"2024-11-06 07:20:00.0000",8.45,100,,,
"2024-11-06 07:10:00.0000",8.58,100,,,
"2024-11-06 07:00:00.0000",8.81,100,,,
"2024-11-06 06:50:00.0000",8.54,100,,,
"2024-11-06 06:40:00.0000",8.75,100,,,
"2024-11-06 06:30:00.0000",8.87,100,,,
"2024-11-06 06:20:00.0000",8.77,100,,,
"2024-11-06 06:10:00.0000",8.79,100,,,
"2024-11-06 06:00:00.0000",8.76,100,,,
"2024-11-06 05:50:00.0000",8.76,100,,,
"2024-11-06 05:40:00.0000",8.55,100,,,
"2024-11-06 05:30:00.0000",8.75,100,,,
"2024-11-06 05:20:00.0000",8.8,100,,,
"2024-11-06 05:10:00.0000",8.68,100,,,
"2024-11-06 05:00:00.0000",8.79,100,,,
"2024-11-06 04:50:00.0000",8.8,100,,,
"2024-11-06 04:40:00.0000",8.79,100,,,
"2024-11-06 04:30:00.0000",8.59,100,,,
"2024-11-06 04:20:00.0000",8.77,100,,,
"2024-11-06 04:10:00.0000",8.8,100,,,
"2024-11-06 04:00:00.0000",8.72,100,,,
"2024-11-06 03:50:00.0000",8.76,100,,,
"2024-11-06 03:40:00.0000",8.7,100,,,
"2024-11-06 03:30:00.0000",8.66,100,,,
"2024-11-06 03:20:00.0000",8.45,100,,,
"2024-11-06 03:10:00.0000",8.64,100,,,
"2024-11-06 03:00:00.0000",8.67,100,,,
"2024-11-06 02:50:00.0000",8.59,100,,,
"2024-11-06 02:40:00.0000",8.6,100,,,
"2024-11-06 02:30:00.0000",8.63,100,,,
"2024-11-06 02:20:00.0000",8.64,100,,,
"2024-11-06 02:10:00.0000",8.44,100,,,
"2024-11-06 02:00:00.0000",8.6,100,,,
"2024-11-06 01:50:00.0000",8.65,100,,,
"2024-11-06 01:40:00.0000",8.56,100,,,
"2024-11-06 01:30:00.0000",8.56,100,,,
"2024-11-06 01:20:00.0000",8.54,100,,,
"2024-11-06 01:10:00.0000",8.51,100,,,
"2024-11-06 01:00:00.0000",8.22,100,,,
"2024-11-06 00:50:00.0000",8.37,100,,,
"2024-11-06 00:40:00.0000",8.46,100,,,
"2024-11-06 00:30:00.0000",8.37,100,,,
"2024-11-06 00:20:00.0000",8.47,100,,,
"2024-11-06 00:10:00.0000",8.47,100,,,
"2024-11-06 00:00:00.0000",8.41,100,,,
"2024-11-05 23:50:00.0000",8.28,100,,,
"2024-11-05 23:40:00.0000",8.44,100,,,
"2024-11-05 23:30:00.0000",8.44,100,,,
"2024-11-05 23:20:00.0000",8.38,100,,,
"2024-11-05 23:10:00.0000",8.44,100,,,
"2024-11-05 23:00:00.0000",8.42,100,,,
"2024-11-05 22:50:00.0000",8.39,100,,,
"2024-11-05 22:40:00.0000",8.18,100,,,
"2024-11-05 22:30:00.0000",8.34,100,,,
"2024-11-05 22:20:00.0000",8.33,100,,,
"2024-11-05 22:10:00.0000",8.43,100,,,
"2024-11-05 22:00:00.0000",8.46,100,,,
"2024-11-05 21:50:00.0000",8.44,100,,,
"2024-11-05 21:40:00.0000",8.42,100,,,
"2024-11-05 21:30:00.0000",8.27,100,,,
"2024-11-05 21:20:00.0000",8.46,100,,,
"2024-11-05 21:10:00.0000",8.51,100,,,
"2024-11-05 21:00:00.0000",8.41,100,,,
"2024-11-05 20:50:00.0000",8.42,100,,,
"2024-11-05 20:40:00.0000",8.44,100,,,
"2024-11-05 20:30:00.0000",8.48,100,,,
"2024-11-05 20:20:00.0000",8.27,100,,,
"2024-11-05 20:10:00.0000",8.48,100,,,
"2024-11-05 20:00:00.0000",8.51,100,,,
"2024-11-05 19:50:00.0000",8.57,100,,,
"2024-11-05 19:40:00.0000",8.59,100,,,
"2024-11-05 19:30:00.0000",8.51,100,,,
"2024-11-05 19:20:00.0000",8.47,100,,,
"2024-11-05 19:10:00.0000",8.28,100,,,
"2024-11-05 19:00:00.0000",8.5,100,,,
"2024-11-05 18:50:00.0000",8.56,100,,,
"2024-11-05 18:40:00.0000",8.56,100,,,
"2024-11-05 18:30:00.0000",8.58,100,,,
"2024-11-05 18:20:00.0000",8.57,100,,,
"2024-11-05 18:10:00.0000",8.53,100,,,
"2024-11-05 18:00:00.0000",8.33,100,,,
"2024-11-05 17:50:00.0000",8.49,100,,,
"2024-11-05 17:40:00.0000",8.53,100,,,
"2024-11-05 17:30:00.0000",8.41,100,,,
"2024-11-05 17:20:00.0000",8.46,100,,,
"2024-11-05 17:10:00.0000",8.43,100,,,
"2024-11-05 17:00:00.0000",8.43,100,,,
"2024-11-05 16:50:00.0000",8.2,100,,,
"2024-11-05 16:40:00.0000",8.36,100,,,
"2024-11-05 16:30:00.0000",8.45,100,,,
"2024-11-05 16:20:00.0000",8.44,100,,,
"2024-11-05 16:10:00.0000",8.54,100,,,
"2024-11-05 16:00:00.0000",8.58,100,,,
"2024-11-05 15:50:00.0000",8.65,100,,,
"2024-11-05 15:40:00.0000",8.58,100,,,
"2024-11-05 15:30:00.0000",8.72,100,,,
"2024-11-05 15:20:00.0000",8.78,100,,,
"2024-11-05 15:10:00.0000",8.76,100,,,
"2024-11-05 15:00:00.0000",8.83,100,,,
"2024-11-05 14:50:00.0000",8.87,100,,,
"2024-11-05 14:40:00.0000",8.87,100,,,
"2024-11-05 14:30:00.0000",8.83,100,,,
"2024-11-05 14:20:00.0000",9.05,100,,,
"2024-11-05 14:10:00.0000",9.23,100,,,
"2024-11-05 14:00:00.0000",9.45,100,,,
"2024-11-05 13:50:00.0000",9.72,100,,,
"2024-11-05 13:40:00.0000",9.85,98.93,,,
"2024-11-05 13:30:00.0000",10.1,97.59,,,
"2024-11-05 13:20:00.0000",9.98,97.8,,,
"2024-11-05 13:10:00.0000",10.2,96.48,,,
"2024-11-05 13:00:00.0000",10.25,96.09,,,
"2024-11-05 12:50:00.0000",10.19,96.02,,,
"2024-11-05 12:40:00.0000",10.2,95.58,,,
"2024-11-05 12:30:00.0000",10.14,95.5,,,
"2024-11-05 12:20:00.0000",10.28,95.14,,,
"2024-11-05 12:10:00.0000",10.08,96.34,,,
"2024-11-05 12:00:00.0000",10.2,95.65,,,
"2024-11-05 11:50:00.0000",10.1,95.92,,,
"2024-11-05 11:40:00.0000",9.84,97.32,,,
"2024-11-05 11:30:00.0000",9.61,98.14,,,
"2024-11-05 11:20:00.0000",9.48,98.48,,,
"2024-11-05 11:10:00.0000",9.3,99.24,,,
"2024-11-05 11:00:00.0000",8.99,99.95,,,
"2024-11-05 10:50:00.0000",9.14,99.31,,,
"2024-11-05 10:40:00.0000",8.95,99.83,,,
"2024-11-05 10:30:00.0000",8.75,99.95,,,
"2024-11-05 10:20:00.0000",8.72,100,,,
"2024-11-05 10:10:00.0000",8.42,100,,,
"2024-11-05 10:00:00.0000",8.18,100,,,
"2024-11-05 09:50:00.0000",7.85,100,,,
"2024-11-05 09:40:00.0000",7.95,100,,,
"2024-11-05 09:30:00.0000",7.98,100,,,
"2024-11-05 09:20:00.0000",7.8,100,,,
"2024-11-05 09:10:00.0000",7.8,100,,,
"2024-11-05 09:00:00.0000",7.74,100,,,
"2024-11-05 08:50:00.0000",7.73,100,,,
"2024-11-05 08:40:00.0000",7.49,100,,,
"2024-11-05 08:30:00.0000",7.65,100,,,
"2024-11-05 08:20:00.0000",7.61,100,,,
"2024-11-05 08:10:00.0000",7.52,100,,,
"2024-11-05 08:00:00.0000",7.47,100,,,
"2024-11-05 07:50:00.0000",7.41,100,,,
"2024-11-05 07:40:00.0000",7.37,100,,,
"2024-11-05 07:30:00.0000",7.14,100,,,
"2024-11-05 07:20:00.0000",7.3,100,,,
"2024-11-05 07:10:00.0000",7.32,100,,,
"2024-11-05 07:00:00.0000",7.23,100,,,
"2024-11-05 06:50:00.0000",7.24,100,,,
"2024-11-05 06:40:00.0000",7.17,100,,,
"2024-11-05 06:30:00.0000",7.16,100,,,
"2024-11-05 06:20:00.0000",6.92,100,,,
"2024-11-05 06:10:00.0000",7.1,100,,,
"2024-11-05 06:00:00.0000",7.1,100,,,
"2024-11-05 05:50:00.0000",7.04,100,,,
"2024-11-05 05:40:00.0000",7.08,100,,,
"2024-11-05 05:30:00.0000",7.03,100,,,
"2024-11-05 05:20:00.0000",7,100,,,
"2024-11-05 05:10:00.0000",6.78,100,,,
"2024-11-05 05:00:00.0000",6.96,100,,,
"2024-11-05 04:50:00.0000",6.98,100,,,
"2024-11-05 04:40:00.0000",6.91,100,,,
"2024-11-05 04:30:00.0000",6.91,100,,,
"2024-11-05 04:20:00.0000",6.86,100,,,
"2024-11-05 04:10:00.0000",6.86,100,,,
"2024-11-05 04:00:00.0000",6.68,100,,,
"2024-11-05 03:50:00.0000",6.91,100,,,
"2024-11-05 03:40:00.0000",7.01,100,,,
"2024-11-05 03:30:00.0000",6.99,100,,,
"2024-11-05 03:20:00.0000",7,100,,,
"2024-11-05 03:10:00.0000",7,100,,,
"2024-11-05 03:00:00.0000",6.99,100,,,
"2024-11-05 02:50:00.0000",6.79,100,,,
"2024-11-05 02:40:00.0000",7.01,100,,,
"2024-11-05 02:30:00.0000",7.07,100,,,
"2024-11-05 02:20:00.0000",7.02,100,,,
"2024-11-05 02:10:00.0000",7.08,100,,,
"2024-11-05 02:00:00.0000",7.14,100,,,
"2024-11-05 01:50:00.0000",7.19,100,,,
"2024-11-05 01:40:00.0000",7.02,100,,,
"2024-11-05 01:30:00.0000",7.2,100,,,
"2024-11-05 01:20:00.0000",7.41,100,,,
"2024-11-05 01:10:00.0000",7.42,100,,,
"2024-11-05 01:00:00.0000",7.45,100,,,
"2024-11-05 00:50:00.0000",7.45,100,,,
"2024-11-05 00:40:00.0000",7.41,100,,,
"2024-11-05 00:30:00.0000",7.23,100,,,
"2024-11-05 00:20:00.0000",7.46,100,,,
"2024-11-05 00:10:00.0000",7.5,100,,,
"2024-11-05 00:00:00.0000",7.46,100,,,
"2024-11-04 23:50:00.0000",7.5,99.96,,,
"2024-11-04 23:40:00.0000",7.54,99.69,,,
"2024-11-04 23:30:00.0000",7.5,99.69,,,
"2024-11-04 23:20:00.0000",7.26,99.99,,,
"2024-11-04 23:10:00.0000",7.46,99.18,,,
"2024-11-04 23:00:00.0000",7.57,98.69,,,
"2024-11-04 22:50:00.0000",7.58,98.44,,,
"2024-11-04 22:40:00.0000",7.62,98.18,,,
"2024-11-04 22:30:00.0000",7.6,98.08,,,
"2024-11-04 22:20:00.0000",7.58,98.22,,,
"2024-11-04 22:10:00.0000",7.35,98.79,,,
"2024-11-04 22:00:00.0000",7.54,97.74,,,
"2024-11-04 21:50:00.0000",7.6,97.44,,,
"2024-11-04 21:40:00.0000",7.6,97.38,,,
"2024-11-04 21:30:00.0000",7.62,97.34,,,
"2024-11-04 21:20:00.0000",7.61,97.13,,,
"2024-11-04 21:10:00.0000",7.61,97.28,,,
"2024-11-04 21:00:00.0000",7.43,97.88,,,
"2024-11-04 20:50:00.0000",7.67,96.68,,,
"2024-11-04 20:40:00.0000",7.75,96.43,,,
"2024-11-04 20:30:00.0000",7.73,96.32,,,
"2024-11-04 20:20:00.0000",7.78,96.31,,,
"2024-11-04 20:10:00.0000",7.75,96.42,,,
"2024-11-04 20:00:00.0000",7.66,96.66,,,
"2024-11-04 19:50:00.0000",7.49,97.41,,,
"2024-11-04 19:40:00.0000",7.71,96.76,,,
"2024-11-04 19:30:00.0000",7.71,96.68,,,
"2024-11-04 19:20:00.0000",7.68,96.45,,,
"2024-11-04 19:10:00.0000",7.72,96.18,,,
"2024-11-04 19:00:00.0000",7.68,96.16,,,
"2024-11-04 18:50:00.0000",7.67,96.37,,,
"2024-11-04 18:40:00.0000",7.48,96.79,,,
"2024-11-04 18:30:00.0000",7.68,95.62,,,
"2024-11-04 18:20:00.0000",7.78,95.31,,,
"2024-11-04 18:10:00.0000",7.7,95.28,,,
"2024-11-04 18:00:00.0000",7.79,95.65,,,
"2024-11-04 17:50:00.0000",7.77,95.43,,,
"2024-11-04 17:40:00.0000",7.76,95.64,,,
"2024-11-04 17:30:00.0000",7.58,95.88,,,
"2024-11-04 17:20:00.0000",7.79,94.45,,,
"2024-11-04 17:10:00.0000",7.87,94.36,,,
"2024-11-04 17:00:00.0000",7.84,94.24,,,
"2024-11-04 16:50:00.0000",7.92,94.26,,,
"2024-11-04 16:40:00.0000",7.9,94.21,,,
"2024-11-04 16:30:00.0000",7.91,93.97,,,
"2024-11-04 16:20:00.0000",7.77,94.21,,,
"2024-11-04 16:10:00.0000",8.03,92.62,,,
"2024-11-04 16:00:00.0000",8.11,92.16,,,
"2024-11-04 15:50:00.0000",8.02,92.06,,,
"2024-11-04 15:40:00.0000",8.08,92.47,,,
"2024-11-04 15:30:00.0000",8.08,91.85,,,
"2024-11-04 15:20:00.0000",8.15,92.8,,,
"2024-11-04 15:10:00.0000",7.93,93.96,,,
"2024-11-04 15:00:00.0000",8.22,92.61,,,
"2024-11-04 14:50:00.0000",8.34,92.4,,,
"2024-11-04 14:40:00.0000",8.28,92.44,,,
"2024-11-04 14:30:00.0000",8.41,91.77,,,
"2024-11-04 14:20:00.0000",8.41,91.21,,,
"2024-11-04 14:10:00.0000",8.47,91.37,,,
"2024-11-04 14:00:00.0000",8.27,91.84,,,
"2024-11-04 13:50:00.0000",8.58,88.97,,,
"2024-11-04 13:40:00.0000",8.68,89.14,,,
"2024-11-04 13:30:00.0000",8.57,89.77,,,
"2024-11-04 13:20:00.0000",8.62,89.87,,,
"2024-11-04 13:10:00.0000",8.57,90.48,,,
"2024-11-04 13:00:00.0000",8.63,90.73,,,
"2024-11-04 12:50:00.0000",8.43,91.57,,,
"2024-11-04 12:40:00.0000",8.61,92.65,,,
"2024-11-04 12:30:00.0000",8.58,93.72,,,
"2024-11-04 12:20:00.0000",8.53,93.93,,,
"2024-11-04 12:10:00.0000",8.6,94.63,,,
"2024-11-04 12:00:00.0000",8.51,95.02,,,
"2024-11-04 11:50:00.0000",8.43,95.08,,,
"2024-11-04 11:40:00.0000",8.17,96.21,,,
"2024-11-04 11:30:00.0000",8.28,95.33,,,
"2024-11-04 11:20:00.0000",8.33,95.52,,,
"2024-11-04 11:10:00.0000",8.27,95.47,,,
"2024-11-04 11:00:00.0000",8.27,95.92,,,
"2024-11-04 10:50:00.0000",8.18,96.03,,,
"2024-11-04 10:40:00.0000",8.11,97.08,,,
"2024-11-04 10:30:00.0000",7.84,98.11,,,
"2024-11-04 10:20:00.0000",8,97.67,,,
"2024-11-04 10:10:00.0000",8.02,97.65,,,
"2024-11-04 10:00:00.0000",7.97,98.55,,,
"2024-11-04 09:50:00.0000",7.95,98.86,,,
"2024-11-04 09:40:00.0000",7.84,99.32,,,
"2024-11-04 09:30:00.0000",7.76,99.86,,,
"2024-11-04 09:20:00.0000",7.49,100,,,
"2024-11-04 09:10:00.0000",7.64,100,,,
"2024-11-04 09:00:00.0000",7.66,100,,,
"2024-11-04 08:50:00.0000",7.56,100,,,
"2024-11-04 08:40:00.0000",7.53,100,,,
"2024-11-04 08:30:00.0000",7.4,100,,,
"2024-11-04 08:20:00.0000",7.35,100,,,
"2024-11-04 08:10:00.0000",7.07,100,,,
"2024-11-04 08:00:00.0000",7.22,100,,,
"2024-11-04 07:50:00.0000",7.29,100,,,
"2024-11-04 07:40:00.0000",7.2,100,,,
"2024-11-04 07:30:00.0000",7.23,100,,,
"2024-11-04 07:20:00.0000",7.17,100,,,
"2024-11-04 07:10:00.0000",7.15,100,,,
"2024-11-04 07:00:00.0000",6.93,100,,,
"2024-11-04 06:50:00.0000",7.16,100,,,
"2024-11-04 06:40:00.0000",7.23,100,,,
"2024-11-04 06:30:00.0000",7.21,100,,,
"2024-11-04 06:20:00.0000",7.26,99.97,,,
"2024-11-04 06:10:00.0000",7.2,99.98,,,
"2024-11-04 06:00:00.0000",7.18,100,,,
"2024-11-04 05:50:00.0000",6.97,100,,,
"2024-11-04 05:40:00.0000",7.13,99.89,,,
"2024-11-04 05:30:00.0000",7.2,99.71,,,
"2024-11-04 05:20:00.0000",7.21,99.68,,,
"2024-11-04 05:10:00.0000",7.28,99.75,,,
"2024-11-04 05:00:00.0000",7.22,99.83,,,
"2024-11-04 04:50:00.0000",7.24,99.73,,,
"2024-11-04 04:40:00.0000",7.06,100,,,
"2024-11-04 04:30:00.0000",7.26,99.18,,,
"2024-11-04 04:20:00.0000",7.33,98.88,,,
"2024-11-04 04:10:00.0000",7.28,98.77,,,
"2024-11-04 04:00:00.0000",7.32,98.9,,,
"2024-11-04 03:50:00.0000",7.33,98.66,,,
"2024-11-04 03:40:00.0000",7.33,98.73,,,
"2024-11-04 03:30:00.0000",7.14,99.19,,,
"2024-11-04 03:20:00.0000",7.36,97.95,,,
"2024-11-04 03:10:00.0000",7.43,97.74,,,
"2024-11-04 03:00:00.0000",7.38,97.87,,,
"2024-11-04 02:50:00.0000",7.43,97.74,,,
"2024-11-04 02:40:00.0000",7.41,97.74,,,
"2024-11-04 02:30:00.0000",7.39,97.99,,,
"2024-11-04 02:20:00.0000",7.21,98.64,,,
"2024-11-04 02:10:00.0000",7.43,97.52,,,
"2024-11-04 02:00:00.0000",7.49,97.15,,,
"2024-11-04 01:50:00.0000",7.45,97.54,,,
"2024-11-04 01:40:00.0000",7.43,97.35,,,
"2024-11-04 01:30:00.0000",7.39,97.51,,,
"2024-11-04 01:20:00.0000",7.39,97.81,,,
"2024-11-04 01:10:00.0000",7.15,98.42,,,
"2024-11-04 01:00:00.0000",7.36,97.48,,,
"2024-11-04 00:50:00.0000",7.42,97.45,,,
"2024-11-04 00:40:00.0000",7.41,97.4,,,
"2024-11-04 00:30:00.0000",7.46,97.4,,,
"2024-11-04 00:20:00.0000",7.43,97.29,,,
"2024-11-04 00:10:00.0000",7.34,97.04,,,
"2024-11-04 00:00:00.0000",7.21,97.67,,,
"2024-11-03 23:50:00.0000",7.38,97.23,,,
"2024-11-03 23:40:00.0000",7.43,96.78,,,
"2024-11-03 23:30:00.0000",7.39,96.77,,,
"2024-11-03 23:20:00.0000",7.54,96.34,,,
"2024-11-03 23:10:00.0000",7.5,96.61,,,
"2024-11-03 23:00:00.0000",7.48,96.72,,,
"2024-11-03 22:50:00.0000",7.33,97.39,,,
"2024-11-03 22:40:00.0000",7.51,96.91,,,
"2024-11-03 22:30:00.0000",7.57,96.52,,,
"2024-11-03 22:20:00.0000",7.52,96.51,,,
"2024-11-03 22:10:00.0000",7.54,96.23,,,
"2024-11-03 22:00:00.0000",7.5,96.01,,,
"2024-11-03 21:50:00.0000",7.5,96.2,,,
"2024-11-03 21:40:00.0000",7.26,96.77,,,
"2024-11-03 21:30:00.0000",7.42,96.3,,,
"2024-11-03 21:20:00.0000",7.52,96.26,,,
"2024-11-03 21:10:00.0000",7.49,96.67,,,
"2024-11-03 21:00:00.0000",7.52,96.8,,,
"2024-11-03 20:50:00.0000",7.46,97.07,,,
"2024-11-03 20:40:00.0000",7.5,98.03,,,
"2024-11-03 20:30:00.0000",7.27,98.95,,,
"2024-11-03 20:20:00.0000",7.46,98,,,
"2024-11-03 20:10:00.0000",7.57,98.24,,,
"2024-11-03 20:00:00.0000",7.55,98.92,,,
"2024-11-03 19:50:00.0000",7.64,98.57,,,
"2024-11-03 19:40:00.0000",7.56,98.71,,,
"2024-11-03 19:30:00.0000",7.53,99.3,,,
"2024-11-03 19:20:00.0000",7.42,99.95,,,
"2024-11-03 19:10:00.0000",7.5,99.53,,,
"2024-11-03 19:00:00.0000",7.56,99.86,,,
"2024-11-03 18:50:00.0000",7.57,100,,,
"2024-11-03 18:40:00.0000",7.65,100,,,
"2024-11-03 18:30:00.0000",7.61,100,,,
"2024-11-03 18:20:00.0000",7.65,100,,,
"2024-11-03 18:10:00.0000",7.43,100,,,
"2024-11-03 18:00:00.0000",7.64,100,,,
"2024-11-03 17:50:00.0000",7.63,100,,,
"2024-11-03 17:40:00.0000",7.58,100,,,
"2024-11-03 17:30:00.0000",7.61,100,,,
"2024-11-03 17:20:00.0000",7.6,100,,,
"2024-11-03 17:10:00.0000",7.6,100,,,
"2024-11-03 17:00:00.0000",7.45,100,,,
"2024-11-03 16:50:00.0000",7.71,100,,,
"2024-11-03 16:40:00.0000",7.83,100,,,
"2024-11-03 16:30:00.0000",7.97,100,,,
"2024-11-03 16:20:00.0000",8.16,100,,,
"2024-11-03 16:10:00.0000",8.18,100,,,
"2024-11-03 16:00:00.0000",8.22,100,,,
"2024-11-03 15:50:00.0000",8.05,100,,,
"2024-11-03 15:40:00.0000",8.31,100,,,
"2024-11-03 15:30:00.0000",8.44,100,,,
"2024-11-03 15:20:00.0000",8.57,100,,,
"2024-11-03 15:10:00.0000",8.74,100,,,
"2024-11-03 15:00:00.0000",8.83,100,,,
"2024-11-03 14:50:00.0000",8.89,99.75,,,
"2024-11-03 14:40:00.0000",8.71,100,,,
"2024-11-03 14:30:00.0000",9,99.18,,,
"2024-11-03 14:20:00.0000",9.14,98.29,,,
"2024-11-03 14:10:00.0000",9.19,97.82,,,
"2024-11-03 14:00:00.0000",9.27,97.92,,,
"2024-11-03 13:50:00.0000",9.22,98.49,,,
"2024-11-03 13:40:00.0000",9.19,99.39,,,
"2024-11-03 13:30:00.0000",8.96,99.97,,,
"2024-11-03 13:20:00.0000",9.3,98.93,,,
"2024-11-03 13:10:00.0000",9.34,98.49,,,
"2024-11-03 13:00:00.0000",9.34,98.68,,,
"2024-11-03 12:50:00.0000",9.41,98.92,,,
"2024-11-03 12:40:00.0000",9.47,98.83,,,
"2024-11-03 12:30:00.0000",9.45,99.82,,,
"2024-11-03 12:20:00.0000",9.17,100,,,
"2024-11-03 12:10:00.0000",9.4,99.94,,,
"2024-11-03 12:00:00.0000",9.43,99.95,,,
"2024-11-03 11:50:00.0000",9.31,100,,,
"2024-11-03 11:40:00.0000",9.28,100,,,
"2024-11-03 11:30:00.0000",9.18,100,,,
"2024-11-03 11:20:00.0000",9.21,100,,,
"2024-11-03 11:10:00.0000",8.98,100,,,
"2024-11-03 11:00:00.0000",9.11,100,,,
"2024-11-03 10:50:00.0000",9.09,100,,,
"2024-11-03 10:40:00.0000",8.96,100,,,
"2024-11-03 10:30:00.0000",8.88,100,,,
"2024-11-03 10:20:00.0000",8.85,100,,,
"2024-11-03 10:10:00.0000",8.89,100,,,
"2024-11-03 10:00:00.0000",8.7,100,,,
"2024-11-03 09:50:00.0000",8.9,100,,,
"2024-11-03 09:40:00.0000",8.94,100,,,
"2024-11-03 09:30:00.0000",8.88,100,,,
"2024-11-03 09:20:00.0000",8.85,100,,,
"2024-11-03 09:10:00.0000",8.77,100,,,
"2024-11-03 09:00:00.0000",8.79,100,,,
"2024-11-03 08:50:00.0000",8.52,100,,,
"2024-11-03 08:40:00.0000",8.71,100,,,
"2024-11-03 08:30:00.0000",8.72,100,,,
"2024-11-03 08:20:00.0000",8.58,100,,,
"2024-11-03 08:10:00.0000",8.59,100,,,
"2024-11-03 08:00:00.0000",8.54,100,,,
"2024-11-03 07:50:00.0000",8.53,100,,,
"2024-11-03 07:40:00.0000",8.29,100,,,
"2024-11-03 07:30:00.0000",8.51,100,,,
"2024-11-03 07:20:00.0000",8.56,100,,,
"2024-11-03 07:10:00.0000",8.55,100,,,
"2024-11-03 07:00:00.0000",8.61,100,,,
"2024-11-03 06:50:00.0000",8.61,100,,,
"2024-11-03 06:40:00.0000",8.65,100,,,
"2024-11-03 06:30:00.0000",8.49,100,,,
"2024-11-03 06:20:00.0000",8.62,100,,,
"2024-11-03 06:10:00.0000",8.67,100,,,
"2024-11-03 06:00:00.0000",8.66,100,,,
"2024-11-03 05:50:00.0000",8.71,100,,,
"2024-11-03 05:40:00.0000",8.7,100,,,
"2024-11-03 05:30:00.0000",8.72,100,,,
"2024-11-03 05:20:00.0000",8.56,100,,,
"2024-11-03 05:10:00.0000",8.81,100,,,
"2024-11-03 05:00:00.0000",8.9,100,,,
"2024-11-03 04:50:00.0000",8.92,100,,,
"2024-11-03 04:40:00.0000",8.98,100,,,
"2024-11-03 04:30:00.0000",8.97,100,,,
"2024-11-03 04:20:00.0000",8.97,100,,,
"2024-11-03 04:10:00.0000",8.8,100,,,
"2024-11-03 04:00:00.0000",9.05,100,,,
"2024-11-03 03:50:00.0000",9.18,100,,,
"2024-11-03 03:40:00.0000",9.26,100,,,
"2024-11-03 03:30:00.0000",9.35,100,,,
"2024-11-03 03:20:00.0000",9.36,100,,,
"2024-11-03 03:10:00.0000",9.42,100,,,
"2024-11-03 03:00:00.0000",9.26,100,,,
"2024-11-03 02:50:00.0000",9.46,100,,,
"2024-11-03 02:40:00.0000",9.56,100,,,
"2024-11-03 02:30:00.0000",9.56,100,,,
"2024-11-03 02:20:00.0000",9.62,100,,,
"2024-11-03 02:10:00.0000",9.66,100,,,
"2024-11-03 02:00:00.0000",9.68,100,,,
"2024-11-03 01:50:00.0000",9.5,100,,,
"2024-11-03 01:40:00.0000",9.65,100,,,
"2024-11-03 01:30:00.0000",9.68,100,,,
"2024-11-03 01:20:00.0000",9.64,100,,,
"2024-11-03 01:10:00.0000",9.67,100,,,
"2024-11-03 01:00:00.0000",9.63,100,,,
"2024-11-03 00:50:00.0000",9.61,100,,,
"2024-11-03 00:40:00.0000",9.42,100,,,
"2024-11-03 00:30:00.0000",9.64,100,,,
"2024-11-03 00:20:00.0000",9.66,100,,,
"2024-11-03 00:10:00.0000",9.66,100,,,
"2024-11-03 00:00:00.0000",9.69,100,,,
"2024-11-02 23:50:00.0000",9.65,100,,,
"2024-11-02 23:40:00.0000",9.68,100,,,
"2024-11-02 23:30:00.0000",9.48,100,,,
"2024-11-02 23:20:00.0000",9.68,99.72,,,
"2024-11-02 23:10:00.0000",9.72,99.51,,,
"2024-11-02 23:00:00.0000",9.68,99.7,,,
"2024-11-02 22:50:00.0000",9.74,99.51,,,
"2024-11-02 22:40:00.0000",9.69,99.49,,,
"2024-11-02 22:30:00.0000",9.64,99.82,,,
"2024-11-02 22:20:00.0000",9.41,100,,,
"2024-11-02 22:10:00.0000",9.59,100,,,
"2024-11-02 22:00:00.0000",9.64,100,,,
"2024-11-02 21:50:00.0000",9.59,100,,,
"2024-11-02 21:40:00.0000",9.65,100,,,
"2024-11-02 21:30:00.0000",9.55,100,,,
"2024-11-02 21:20:00.0000",9.53,100,,,
"2024-11-02 21:10:00.0000",9.32,100,,,
"2024-11-02 21:00:00.0000",9.54,99.86,,,
"2024-11-02 20:50:00.0000",9.57,99.8,,,
"2024-11-02 20:40:00.0000",9.47,99.89,,,
"2024-11-02 20:30:00.0000",9.5,99.7,,,
"2024-11-02 20:20:00.0000",9.46,99.47,,,
"2024-11-02 20:10:00.0000",9.44,99.32,,,
"2024-11-02 20:00:00.0000",9.24,99.55,,,
"2024-11-02 19:50:00.0000",9.46,98.04,,,
"2024-11-02 19:40:00.0000",9.49,97.38,,,
"2024-11-02 19:30:00.0000",9.39,97.3,,,
"2024-11-02 19:20:00.0000",9.4,96.96,,,
"2024-11-02 19:10:00.0000",9.37,97.09,,,
"2024-11-02 19:00:00.0000",9.34,97.52,,,
"2024-11-02 18:50:00.0000",9.13,98.5,,,
"2024-11-02 18:40:00.0000",9.31,97.5,,,
"2024-11-02 18:30:00.0000",9.37,97.57,,,
"2024-11-02 18:20:00.0000",9.33,97.59,,,
"2024-11-02 18:10:00.0000",9.39,97.38,,,
"2024-11-02 18:00:00.0000",9.37,97.45,,,
"2024-11-02 17:50:00.0000",9.32,97.06,,,
"2024-11-02 17:40:00.0000",9.21,98.16,,,
"2024-11-02 17:30:00.0000",9.39,96.96,,,
"2024-11-02 17:20:00.0000",9.47,96.75,,,
"2024-11-02 17:10:00.0000",9.42,97.81,,,
"2024-11-02 17:00:00.0000",9.5,97.74,,,
"2024-11-02 16:50:00.0000",9.46,97.61,,,
"2024-11-02 16:40:00.0000",9.43,97.51,,,
"2024-11-02 16:30:00.0000",9.3,98.72,,,
"2024-11-02 16:20:00.0000",9.54,97.56,,,
"2024-11-02 16:10:00.0000",9.59,97.79,,,
"2024-11-02 16:00:00.0000",9.6,97.47,,,
"2024-11-02 15:50:00.0000",9.67,97.5,,,
"2024-11-02 15:40:00.0000",9.72,98.22,,,
"2024-11-02 15:30:00.0000",9.73,98.66,,,
"2024-11-02 15:20:00.0000",9.61,100,,,
"2024-11-02 15:10:00.0000",9.82,100,,,
"2024-11-02 15:00:00.0000",9.83,100,,,
"2024-11-02 14:50:00.0000",9.86,100,,,
"2024-11-02 14:40:00.0000",9.9,100,,,
"2024-11-02 14:30:00.0000",9.87,100,,,
"2024-11-02 14:20:00.0000",9.92,100,,,
"2024-11-02 14:10:00.0000",9.66,100,,,
"2024-11-02 14:00:00.0000",9.94,100,,,
"2024-11-02 13:50:00.0000",10,100,,,
"2024-11-02 13:40:00.0000",10.03,99.97,,,
"2024-11-02 13:30:00.0000",10.09,99.39,,,
"2024-11-02 13:20:00.0000",10.02,99.14,,,
"2024-11-02 13:10:00.0000",10.03,99.4,,,
"2024-11-02 13:00:00.0000",9.79,100,,,
"2024-11-02 12:50:00.0000",9.98,99.76,,,
"2024-11-02 12:40:00.0000",10.03,99.08,,,
"2024-11-02 12:30:00.0000",10.04,99.24,,,
"2024-11-02 12:20:00.0000",10.2,99.59,,,
"2024-11-02 12:10:00.0000",10.13,99.61,,,
"2024-11-02 12:00:00.0000",10.11,99.49,,,
"2024-11-02 11:50:00.0000",9.8,100,,,
"2024-11-02 11:40:00.0000",9.84,100,,,
"2024-11-02 11:30:00.0000",9.93,100,,,
"2024-11-02 11:20:00.0000",9.84,100,,,
"2024-11-02 11:10:00.0000",9.94,100,,,
"2024-11-02 11:00:00.0000",9.96,100,,,
"2024-11-02 10:50:00.0000",10.09,100,,,
"2024-11-02 10:40:00.0000",9.85,100,,,
"2024-11-02 10:30:00.0000",9.92,100,,,
"2024-11-02 10:20:00.0000",9.92,100,,,
"2024-11-02 10:10:00.0000",9.68,100,,,
"2024-11-02 10:00:00.0000",9.69,100,,,
"2024-11-02 09:50:00.0000",9.61,100,,,
"2024-11-02 09:40:00.0000",9.66,100,,,
"2024-11-02 09:30:00.0000",9.4,100,,,
"2024-11-02 09:20:00.0000",9.52,100,,,
"2024-11-02 09:10:00.0000",9.54,100,,,
"2024-11-02 09:00:00.0000",9.46,100,,,
"2024-11-02 08:50:00.0000",9.5,100,,,
"2024-11-02 08:40:00.0000",9.45,100,,,
"2024-11-02 08:30:00.0000",9.34,100,,,
"2024-11-02 08:20:00.0000",8.97,100,,,
"2024-11-02 08:10:00.0000",9.04,100,,,
"2024-11-02 08:00:00.0000",8.97,100,,,
"2024-11-02 07:50:00.0000",8.91,100,,,
"2024-11-02 07:40:00.0000",8.89,100,,,
"2024-11-02 07:30:00.0000",8.75,100,,,
"2024-11-02 07:20:00.0000",8.68,100,,,
"2024-11-02 07:10:00.0000",8.43,100,,,
"2024-11-02 07:00:00.0000",8.58,100,,,
"2024-11-02 06:50:00.0000",8.58,100,,,
"2024-11-02 06:40:00.0000",8.46,100,,,
"2024-11-02 06:30:00.0000",8.51,100,,,
"2024-11-02 06:20:00.0000",8.46,100,,,
"2024-11-02 06:10:00.0000",8.42,100,,,
"2024-11-02 06:00:00.0000",8.2,100,,,
"2024-11-02 05:50:00.0000",8.41,100,,,
"2024-11-02 05:40:00.0000",8.49,100,,,
"2024-11-02 05:30:00.0000",8.43,100,,,
"2024-11-02 05:20:00.0000",8.4,100,,,
"2024-11-02 05:10:00.0000",8.33,100,,,
"2024-11-02 05:00:00.0000",8.31,100,,,
"2024-11-02 04:50:00.0000",8.09,100,,,
"2024-11-02 04:40:00.0000",8.22,100,,,
"2024-11-02 04:30:00.0000",8.25,100,,,
"2024-11-02 04:20:00.0000",8.26,100,,,
"2024-11-02 04:10:00.0000",8.3,100,,,
"2024-11-02 04:00:00.0000",8.25,100,,,
"2024-11-02 03:50:00.0000",8.3,100,,,
"2024-11-02 03:40:00.0000",8.11,100,,,
"2024-11-02 03:30:00.0000",8.29,100,,,
"2024-11-02 03:20:00.0000",8.35,100,,,
"2024-11-02 03:10:00.0000",8.29,100,,,
"2024-11-02 03:00:00.0000",8.37,100,,,
"2024-11-02 02:50:00.0000",8.37,100,,,
"2024-11-02 02:40:00.0000",8.31,100,,,
"2024-11-02 02:30:00.0000",8.05,100,,,
"2024-11-02 02:20:00.0000",8.2,100,,,
"2024-11-02 02:10:00.0000",8.21,100,,,
"2024-11-02 02:00:00.0000",8.15,100,,,
"2024-11-02 01:50:00.0000",8.16,100,,,
"2024-11-02 01:40:00.0000",8.12,100,,,
"2024-11-02 01:30:00.0000",8.07,100,,,
"2024-11-02 01:20:00.0000",7.84,100,,,
"2024-11-02 01:10:00.0000",7.94,100,,,
"2024-11-02 01:00:00.0000",7.84,100,,,
"2024-11-02 00:50:00.0000",7.66,100,,,
"2024-11-02 00:40:00.0000",7.55,100,,,
"2024-11-02 00:30:00.0000",7.43,100,,,
"2024-11-02 00:20:00.0000",7.28,100,,,
"2024-11-02 00:10:00.0000",6.86,100,,,
"2024-11-02 00:00:00.0000",6.92,100,,,
"2024-11-01 23:50:00.0000",6.88,100,,,
"2024-11-01 23:40:00.0000",6.81,100,,,
"2024-11-01 23:30:00.0000",6.73,100,,,
"2024-11-01 23:20:00.0000",6.76,100,,,
"2024-11-01 23:10:00.0000",6.94,100,,,
"2024-11-01 23:00:00.0000",6.98,100,,,
"2024-11-01 22:50:00.0000",7.42,100,,,
"2024-11-01 22:40:00.0000",7.73,100,,,
"2024-11-01 22:30:00.0000",7.97,100,,,
"2024-11-01 22:20:00.0000",8.44,100,,,
"2024-11-01 22:10:00.0000",8.77,100,,,
"2024-11-01 22:00:00.0000",8.95,100,,,
"2024-11-01 21:50:00.0000",8.83,100,,,
"2024-11-01 21:40:00.0000",9.05,100,,,
"2024-11-01 21:30:00.0000",9.09,100,,,
"2024-11-01 21:20:00.0000",9.09,100,,,
"2024-11-01 21:10:00.0000",9.21,100,,,
"2024-11-01 21:00:00.0000",9.25,100,,,
"2024-11-01 20:50:00.0000",9.29,100,,,
"2024-11-01 20:40:00.0000",9.1,100,,,
"2024-11-01 20:30:00.0000",9.29,100,,,
"2024-11-01 20:20:00.0000",9.35,100,,,
"2024-11-01 20:10:00.0000",9.33,100,,,
"2024-11-01 20:00:00.0000",9.38,100,,,
"2024-11-01 19:50:00.0000",9.41,100,,,
"2024-11-01 19:40:00.0000",9.44,100,,,
"2024-11-01 19:30:00.0000",9.3,100,,,
"2024-11-01 19:20:00.0000",9.57,100,,,
"2024-11-01 19:10:00.0000",9.68,100,,,
"2024-11-01 19:00:00.0000",9.69,100,,,
"2024-11-01 18:50:00.0000",9.71,99.86,,,
"2024-11-01 18:40:00.0000",9.65,99.98,,,
"2024-11-01 18:30:00.0000",9.6,100,,,
"2024-11-01 18:20:00.0000",9.38,100,,,
"2024-11-01 18:10:00.0000",9.59,100,,,
"2024-11-01 18:00:00.0000",9.62,100,,,
"2024-11-01 17:50:00.0000",9.61,100,,,
"2024-11-01 17:40:00.0000",9.67,99.99,,,
"2024-11-01 17:30:00.0000",9.66,99.96,,,
"2024-11-01 17:20:00.0000",9.66,99.94,,,
"2024-11-01 17:10:00.0000",9.49,100,,,
"2024-11-01 17:00:00.0000",9.7,99.79,,,
"2024-11-01 16:50:00.0000",9.8,99.71,,,
"2024-11-01 16:40:00.0000",9.8,99.98,,,
"2024-11-01 16:30:00.0000",9.87,99.96,,,
"2024-11-01 16:20:00.0000",9.92,99.92,,,
"2024-11-01 16:10:00.0000",9.95,100,,,
"2024-11-01 16:00:00.0000",9.77,100,,,
"2024-11-01 15:50:00.0000",9.92,100,,,
"2024-11-01 15:40:00.0000",10.03,100,,,
"2024-11-01 15:30:00.0000",9.91,100,,,
"2024-11-01 15:20:00.0000",9.97,100,,,
"2024-11-01 15:10:00.0000",10.07,99.73,,,
"2024-11-01 15:00:00.0000",10.08,99.16,,,
"2024-11-01 14:50:00.0000",9.93,98.95,,,
"2024-11-01 14:40:00.0000",10.18,97.78,,,
"2024-11-01 14:30:00.0000",10.21,96.82,,,
"2024-11-01 14:20:00.0000",10.21,96.51,,,
"2024-11-01 14:10:00.0000",10.21,97.97,,,
"2024-11-01 14:00:00.0000",10.13,98.74,,,
"2024-11-01 13:50:00.0000",10.01,99.96,,,
"2024-11-01 13:40:00.0000",9.85,100,,,
"2024-11-01 13:30:00.0000",10.01,100,,,
"2024-11-01 13:20:00.0000",10.18,99.93,,,
"2024-11-01 13:10:00.0000",10.17,100,,,
"2024-11-01 13:00:00.0000",10.09,100,,,
"2024-11-01 12:50:00.0000",9.97,100,,,
"2024-11-01 12:40:00.0000",9.94,99.94,,,
"2024-11-01 12:30:00.0000",9.73,99.91,,,
"2024-11-01 12:20:00.0000",9.89,99.69,,,
"2024-11-01 12:10:00.0000",9.96,99.39,,,
"2024-11-01 12:00:00.0000",9.92,99.3,,,
"2024-11-01 11:50:00.0000",10.05,98.9,,,
"2024-11-01 11:40:00.0000",10.08,98.32,,,
"2024-11-01 11:30:00.0000",10.13,97.51,,,
"2024-11-01 11:20:00.0000",9.9,98.56,,,
"2024-11-01 11:10:00.0000",9.99,97.61,,,
"2024-11-01 11:00:00.0000",9.92,98.02,,,
"2024-11-01 10:50:00.0000",9.81,98.33,,,
"2024-11-01 10:40:00.0000",9.78,97.72,,,
"2024-11-01 10:30:00.0000",9.71,98.58,,,
"2024-11-01 10:20:00.0000",9.65,97.96,,,
"2024-11-01 10:10:00.0000",9.39,98.21,,,
"2024-11-01 10:00:00.0000",9.61,97.33,,,
"2024-11-01 09:50:00.0000",9.58,97.39,,,
"2024-11-01 09:40:00.0000",9.49,97.18,,,
"2024-11-01 09:30:00.0000",9.45,96.87,,,
"2024-11-01 09:20:00.0000",9.4,97.23,,,
"2024-11-01 09:10:00.0000",9.33,97.15,,,
"2024-11-01 09:00:00.0000",9.09,98.45,,,
"2024-11-01 08:50:00.0000",9.2,97.75,,,
"2024-11-01 08:40:00.0000",9.19,96.76,,,
"2024-11-01 08:30:00.0000",9.02,97.73,,,
"2024-11-01 08:20:00.0000",9.04,98.67,,,
"2024-11-01 08:10:00.0000",8.93,99.34,,,
"2024-11-01 08:00:00.0000",8.9,100,,,
"2024-11-01 07:50:00.0000",8.74,100,,,
"2024-11-01 07:40:00.0000",8.95,100,,,
"2024-11-01 07:30:00.0000",8.99,100,,,
"2024-11-01 07:20:00.0000",8.97,100,,,
"2024-11-01 07:10:00.0000",8.98,100,,,
"2024-11-01 07:00:00.0000",8.97,100,,,
"2024-11-01 06:50:00.0000",8.93,100,,,
"2024-11-01 06:40:00.0000",8.7,100,,,
"2024-11-01 06:30:00.0000",8.87,100,,,
"2024-11-01 06:20:00.0000",8.93,100,,,
"2024-11-01 06:10:00.0000",8.87,100,,,
"2024-11-01 06:00:00.0000",8.97,100,,,
"2024-11-01 05:50:00.0000",8.89,100,,,
"2024-11-01 05:40:00.0000",8.93,100,,,
"2024-11-01 05:30:00.0000",8.75,100,,,
"2024-11-01 05:20:00.0000",8.93,100,,,
"2024-11-01 05:10:00.0000",9.01,100,,,
"2024-11-01 05:00:00.0000",8.99,100,,,
"2024-11-01 04:50:00.0000",9.01,99.97,,,
"2024-11-01 04:40:00.0000",8.97,100,,,
"2024-11-01 04:30:00.0000",8.99,100,,,
"2024-11-01 04:20:00.0000",8.84,100,,,
"2024-11-01 04:10:00.0000",9.04,99.31,,,
"2024-11-01 04:00:00.0000",9.1,99.13,,,
"2024-11-01 03:50:00.0000",9.04,99.7,,,
"2024-11-01 03:40:00.0000",9.11,99.41,,,
"2024-11-01 03:30:00.0000",9.07,99.63,,,
"2024-11-01 03:20:00.0000",9.05,99.96,,,
"2024-11-01 03:10:00.0000",8.86,100,,,
"2024-11-01 03:00:00.0000",9.09,99.95,,,
"2024-11-01 02:50:00.0000",9.12,99.78,,,
"2024-11-01 02:40:00.0000",9.13,99.97,,,
"2024-11-01 02:30:00.0000",9.17,99.72,,,
"2024-11-01 02:20:00.0000",9.16,99.48,,,
"2024-11-01 02:10:00.0000",9.15,99.89,,,
"2024-11-01 02:00:00.0000",8.97,100,,,
"2024-11-01 01:50:00.0000",9.17,100,,,
"2024-11-01 01:40:00.0000",9.25,100,,,
"2024-11-01 01:30:00.0000",9.21,100,,,
"2024-11-01 01:20:00.0000",9.24,100,,,
"2024-11-01 01:10:00.0000",9.25,100,,,
"2024-11-01 01:00:00.0000",9.23,100,,,
"2024-11-01 00:50:00.0000",8.99,100,,,
"2024-11-01 00:40:00.0000",9.14,100,,,
"2024-11-01 00:30:00.0000",9.24,100,,,
"2024-11-01 00:20:00.0000",9.18,100,,,
"2024-11-01 00:10:00.0000",9.2,100,,,
"2024-11-01 00:00:00.0000",9.17,100,,,
"2024-10-31 23:50:00.0000",9.2,100,,,
"2024-10-31 23:40:00.0000",9.1,100,,,
"2024-10-31 23:30:00.0000",9.32,100,,,
"2024-10-31 23:20:00.0000",9.42,100,,,
"2024-10-31 23:10:00.0000",9.4,100,,,
"2024-10-31 23:00:00.0000",9.47,100,,,
"2024-10-31 22:50:00.0000",9.43,100,,,
"2024-10-31 22:40:00.0000",9.42,100,,,
"2024-10-31 22:30:00.0000",9.23,100,,,
"2024-10-31 22:20:00.0000",9.42,100,,,
"2024-10-31 22:10:00.0000",9.48,100,,,
"2024-10-31 22:00:00.0000",9.43,100,,,
"2024-10-31 21:50:00.0000",9.48,100,,,
"2024-10-31 21:40:00.0000",9.43,100,,,
"2024-10-31 21:30:00.0000",9.39,100,,,
"2024-10-31 21:20:00.0000",9.27,100,,,
"2024-10-31 21:10:00.0000",9.45,100,,,
"2024-10-31 21:00:00.0000",9.48,100,,,
"2024-10-31 20:50:00.0000",9.45,100,,,
"2024-10-31 20:40:00.0000",9.52,100,,,
"2024-10-31 20:30:00.0000",9.48,100,,,
"2024-10-31 20:20:00.0000",9.46,100,,,
"2024-10-31 20:10:00.0000",9.29,100,,,
"2024-10-31 20:00:00.0000",9.52,100,,,
"2024-10-31 19:50:00.0000",9.57,100,,,
"2024-10-31 19:40:00.0000",9.52,100,,,
"2024-10-31 19:30:00.0000",9.52,100,,,
"2024-10-31 19:20:00.0000",9.47,100,,,
"2024-10-31 19:10:00.0000",9.45,100,,,
"2024-10-31 19:00:00.0000",9.23,100,,,
"2024-10-31 18:50:00.0000",9.42,100,,,
"2024-10-31 18:40:00.0000",9.44,100,,,
"2024-10-31 18:30:00.0000",9.4,100,,,
"2024-10-31 18:20:00.0000",9.49,100,,,
"2024-10-31 18:10:00.0000",9.49,100,,,
"2024-10-31 18:00:00.0000",9.52,100,,,
"2024-10-31 17:50:00.0000",9.32,100,,,
"2024-10-31 17:40:00.0000",9.53,100,,,
"2024-10-31 17:30:00.0000",9.57,100,,,
"2024-10-31 17:20:00.0000",9.58,100,,,
"2024-10-31 17:10:00.0000",9.64,100,,,
"2024-10-31 17:00:00.0000",9.7,100,,,
"2024-10-31 16:50:00.0000",9.79,100,,,
"2024-10-31 16:40:00.0000",9.74,100,,,
"2024-10-31 16:30:00.0000",10.01,100,,,
"2024-10-31 16:20:00.0000",10.3,100,,,
"2024-10-31 16:10:00.0000",10.32,100,,,
"2024-10-31 16:00:00.0000",10.46,100,,,
"2024-10-31 15:50:00.0000",10.44,100,,,
"2024-10-31 15:40:00.0000",10.42,100,,,
"2024-10-31 15:30:00.0000",10.24,100,,,
"2024-10-31 15:20:00.0000",10.59,100,,,
"2024-10-31 15:10:00.0000",10.72,99.95,,,
"2024-10-31 15:00:00.0000",10.78,99.97,,,
"2024-10-31 14:50:00.0000",10.74,100,,,
"2024-10-31 14:40:00.0000",10.66,100,,,
"2024-10-31 14:30:00.0000",10.65,100,,,
"2024-10-31 14:20:00.0000",10.45,100,,,
"2024-10-31 14:10:00.0000",10.6,100,,,
"2024-10-31 14:00:00.0000",10.54,100,,,
"2024-10-31 13:50:00.0000",10.37,100,,,
"2024-10-31 13:40:00.0000",10.35,100,,,
"2024-10-31 13:30:00.0000",10.25,100,,,
"2024-10-31 13:20:00.0000",10.21,100,,,
"2024-10-31 13:10:00.0000",9.98,100,,,
"2024-10-31 13:00:00.0000",10.1,100,,,
"2024-10-31 12:50:00.0000",10.04,100,,,
"2024-10-31 12:40:00.0000",9.89,100,,,
"2024-10-31 12:30:00.0000",9.94,100,,,
"2024-10-31 12:20:00.0000",9.82,100,,,
"2024-10-31 12:10:00.0000",9.7,100,,,
"2024-10-31 12:00:00.0000",9.45,100,,,
"2024-10-31 11:50:00.0000",9.64,100,,,
"2024-10-31 11:40:00.0000",9.66,100,,,
"2024-10-31 11:30:00.0000",9.63,100,,,
"2024-10-31 11:20:00.0000",9.64,100,,,
"2024-10-31 11:10:00.0000",9.5,100,,,
"2024-10-31 11:00:00.0000",9.41,100,,,
"2024-10-31 10:50:00.0000",9.12,100,,,
"2024-10-31 10:40:00.0000",9.24,100,,,
"2024-10-31 10:30:00.0000",9.25,100,,,
"2024-10-31 10:20:00.0000",9.14,100,,,
"2024-10-31 10:10:00.0000",9.09,100,,,
"2024-10-31 10:00:00.0000",8.96,100,,,
"2024-10-31 09:50:00.0000",8.86,100,,,
"2024-10-31 09:40:00.0000",8.6,100,,,
"2024-10-31 09:30:00.0000",8.74,100,,,
"2024-10-31 09:20:00.0000",8.73,100,,,
"2024-10-31 09:10:00.0000",8.66,100,,,
"2024-10-31 09:00:00.0000",8.64,100,,,
"2024-10-31 08:50:00.0000",8.5,100,,,
"2024-10-31 08:40:00.0000",8.5,100,,,
"2024-10-31 08:30:00.0000",8.29,100,,,
"2024-10-31 08:20:00.0000",8.5,100,,,
"2024-10-31 08:10:00.0000",8.47,100,,,
"2024-10-31 08:00:00.0000",8.44,100,,,
"2024-10-31 07:50:00.0000",8.44,100,,,
"2024-10-31 07:40:00.0000",8.38,100,,,
"2024-10-31 07:30:00.0000",8.33,100,,,
"2024-10-31 07:20:00.0000",8.08,100,,,
"2024-10-31 07:10:00.0000",8.26,100,,,
"2024-10-31 07:00:00.0000",8.28,100,,,
"2024-10-31 06:50:00.0000",8.2,100,,,
"2024-10-31 06:40:00.0000",8.2,100,,,
"2024-10-31 06:30:00.0000",8.16,100,,,
"2024-10-31 06:20:00.0000",8.17,100,,,
"2024-10-31 06:10:00.0000",7.98,100,,,
"2024-10-31 06:00:00.0000",8.16,100,,,
"2024-10-31 05:50:00.0000",8.23,100,,,
"2024-10-31 05:40:00.0000",8.19,100,,,
"2024-10-31 05:30:00.0000",8.21,100,,,
"2024-10-31 05:20:00.0000",8.17,100,,,
"2024-10-31 05:10:00.0000",8.16,100,,,
"2024-10-31 05:00:00.0000",7.95,100,,,
"2024-10-31 04:50:00.0000",8.12,100,,,
"2024-10-31 04:40:00.0000",8.15,100,,,
"2024-10-31 04:30:00.0000",8.14,100,,,
"2024-10-31 04:20:00.0000",8.15,100,,,
"2024-10-31 04:10:00.0000",8.09,100,,,
"2024-10-31 04:00:00.0000",8.08,100,,,
"2024-10-31 03:50:00.0000",7.9,100,,,
"2024-10-31 03:40:00.0000",8.12,100,,,
"2024-10-31 03:30:00.0000",8.16,100,,,
"2024-10-31 03:20:00.0000",8.09,100,,,
"2024-10-31 03:10:00.0000",8.14,100,,,
"2024-10-31 03:00:00.0000",8.12,100,,,
"2024-10-31 02:50:00.0000",8.09,100,,,
"2024-10-31 02:40:00.0000",7.87,100,,,
"2024-10-31 02:30:00.0000",8.04,100,,,
"2024-10-31 02:20:00.0000",8.1,100,,,
"2024-10-31 02:10:00.0000",8.03,100,,,
"2024-10-31 02:00:00.0000",8.06,100,,,
"2024-10-31 01:50:00.0000",7.99,100,,,
"2024-10-31 01:40:00.0000",8.04,100,,,
"2024-10-31 01:30:00.0000",7.87,100,,,
"2024-10-31 01:20:00.0000",8.1,100,,,
"2024-10-31 01:10:00.0000",8.17,100,,,
"2024-10-31 01:00:00.0000",8.17,100,,,
"2024-10-31 00:50:00.0000",8.22,100,,,
"2024-10-31 00:40:00.0000",8.18,100,,,
"2024-10-31 00:30:00.0000",8.11,100,,,
"2024-10-31 00:20:00.0000",7.87,100,,,
"2024-10-31 00:10:00.0000",8.07,100,,,
"2024-10-31 00:00:00.0000",8.08,100,,,
"2024-10-30 23:50:00.0000",8.02,100,,,
"2024-10-30 23:40:00.0000",8.09,100,,,
"2024-10-30 23:30:00.0000",8.11,100,,,
"2024-10-30 23:20:00.0000",8.12,100,,,
"2024-10-30 23:10:00.0000",8,100,,,
"2024-10-30 23:00:00.0000",8.22,100,,,
"2024-10-30 22:50:00.0000",8.25,100,,,
"2024-10-30 22:40:00.0000",8.16,100,,,
"2024-10-30 22:30:00.0000",8.28,100,,,
"2024-10-30 22:20:00.0000",8.41,100,,,
"2024-10-30 22:10:00.0000",8.54,100,,,
"2024-10-30 22:00:00.0000",8.44,100,,,
"2024-10-30 21:50:00.0000",8.74,100,,,
"2024-10-30 21:40:00.0000",8.88,100,,,
"2024-10-30 21:30:00.0000",8.91,100,,,
"2024-10-30 21:20:00.0000",9.01,100,,,
"2024-10-30 21:10:00.0000",9.03,100,,,
"2024-10-30 21:00:00.0000",9.05,100,,,
"2024-10-30 20:50:00.0000",8.91,100,,,
"2024-10-30 20:40:00.0000",9.19,100,,,
"2024-10-30 20:30:00.0000",9.3,100,,,
"2024-10-30 20:20:00.0000",9.26,100,,,
"2024-10-30 20:10:00.0000",9.29,100,,,
"2024-10-30 20:00:00.0000",9.3,100,,,
"2024-10-30 19:50:00.0000",9.27,100,,,
"2024-10-30 19:40:00.0000",9.09,100,,,
"2024-10-30 19:30:00.0000",9.31,100,,,
"2024-10-30 19:20:00.0000",9.43,100,,,
"2024-10-30 19:10:00.0000",9.39,100,,,
"2024-10-30 19:00:00.0000",9.41,100,,,
"2024-10-30 18:50:00.0000",9.43,100,,,
"2024-10-30 18:40:00.0000",9.45,100,,,
"2024-10-30 18:30:00.0000",9.25,100,,,
"2024-10-30 18:20:00.0000",9.5,100,,,
"2024-10-30 18:10:00.0000",9.55,100,,,
"2024-10-30 18:00:00.0000",9.52,100,,,
"2024-10-30 17:50:00.0000",9.6,100,,,
"2024-10-30 17:40:00.0000",9.55,100,,,
"2024-10-30 17:30:00.0000",9.53,100,,,
"2024-10-30 17:20:00.0000",9.36,100,,,
"2024-10-30 17:10:00.0000",9.58,100,,,
"2024-10-30 17:00:00.0000",9.71,100,,,
"2024-10-30 16:50:00.0000",9.75,100,,,
"2024-10-30 16:40:00.0000",9.82,100,,,
"2024-10-30 16:30:00.0000",9.83,100,,,
"2024-10-30 16:20:00.0000",9.9,100,,,
"2024-10-30 16:10:00.0000",9.78,100,,,
"2024-10-30 16:00:00.0000",10.09,100,,,
"2024-10-30 15:50:00.0000",10.25,100,,,
"2024-10-30 15:40:00.0000",10.24,100,,,
"2024-10-30 15:30:00.0000",10.35,100,,,
"2024-10-30 15:20:00.0000",10.28,100,,,
"2024-10-30 15:10:00.0000",10.25,100,,,
"2024-10-30 15:00:00.0000",10.09,100,,,
"2024-10-30 14:50:00.0000",10.44,100,,,
"2024-10-30 14:40:00.0000",10.6,100,,,
"2024-10-30 14:30:00.0000",10.65,100,,,
"2024-10-30 14:20:00.0000",10.78,99.96,,,
"2024-10-30 14:10:00.0000",10.83,99.9,,,
"2024-10-30 14:00:00.0000",10.76,99.69,,,
"2024-10-30 13:50:00.0000",10.63,100,,,
"2024-10-30 13:40:00.0000",10.86,99.37,,,
"2024-10-30 13:30:00.0000",10.94,99.49,,,
"2024-10-30 13:20:00.0000",10.91,99.52,,,
"2024-10-30 13:10:00.0000",10.96,99.83,,,
"2024-10-30 13:00:00.0000",10.97,99.93,,,
"2024-10-30 12:50:00.0000",10.91,100,,,
"2024-10-30 12:40:00.0000",10.7,100,,,
"2024-10-30 12:30:00.0000",10.82,99.98,,,
"2024-10-30 12:20:00.0000",10.82,100,,,
"2024-10-30 12:10:00.0000",10.73,100,,,
"2024-10-30 12:00:00.0000",10.69,100,,,
"2024-10-30 11:50:00.0000",10.55,100,,,
"2024-10-30 11:40:00.0000",10.38,100,,,
"2024-10-30 11:30:00.0000",10.08,100,,,
"2024-10-30 11:20:00.0000",10.27,100,,,
"2024-10-30 11:10:00.0000",10.21,100,,,
"2024-10-30 11:00:00.0000",10.08,100,,,
"2024-10-30 10:50:00.0000",10.02,100,,,
"2024-10-30 10:40:00.0000",9.94,100,,,
"2024-10-30 10:30:00.0000",9.9,100,,,
"2024-10-30 10:20:00.0000",9.64,100,,,
"2024-10-30 10:10:00.0000",9.68,100,,,
"2024-10-30 10:00:00.0000",9.65,100,,,
"2024-10-30 09:50:00.0000",9.46,100,,,
"2024-10-30 09:40:00.0000",9.39,100,,,
"2024-10-30 09:30:00.0000",9.31,100,,,
"2024-10-30 09:20:00.0000",9.29,100,,,
"2024-10-30 09:10:00.0000",9.07,100,,,
"2024-10-30 09:00:00.0000",9.23,100,,,
"2024-10-30 08:50:00.0000",9.22,100,,,
"2024-10-30 08:40:00.0000",9.15,100,,,
"2024-10-30 08:30:00.0000",9.13,100,,,
"2024-10-30 08:20:00.0000",9.09,100,,,
"2024-10-30 08:10:00.0000",8.71,100,,,
"2024-10-30 08:00:00.0000",8.37,100,,,
"2024-10-30 07:50:00.0000",8.57,100,,,
"2024-10-30 07:40:00.0000",8.58,100,,,
"2024-10-30 07:30:00.0000",8.48,100,,,
"2024-10-30 07:20:00.0000",8.45,100,,,
"2024-10-30 07:10:00.0000",8.35,100,,,
"2024-10-30 07:00:00.0000",8.35,100,,,
"2024-10-30 06:50:00.0000",8.16,100,,,
"2024-10-30 06:40:00.0000",8.35,100,,,
"2024-10-30 06:30:00.0000",8.4,100,,,
"2024-10-30 06:20:00.0000",8.39,100,,,
"2024-10-30 06:10:00.0000",8.4,100,,,
"2024-10-30 06:00:00.0000",8.41,100,,,
"2024-10-30 05:50:00.0000",8.43,100,,,
"2024-10-30 05:40:00.0000",8.23,100,,,
"2024-10-30 05:30:00.0000",8.49,100,,,
"2024-10-30 05:20:00.0000",8.54,100,,,
"2024-10-30 05:10:00.0000",8.51,100,,,
"2024-10-30 05:00:00.0000",8.53,100,,,
"2024-10-30 04:50:00.0000",8.52,100,,,
"2024-10-30 04:40:00.0000",8.53,100,,,
"2024-10-30 04:30:00.0000",8.37,100,,,
"2024-10-30 04:20:00.0000",8.56,100,,,
"2024-10-30 04:10:00.0000",8.63,100,,,
"2024-10-30 04:00:00.0000",8.64,100,,,
"2024-10-30 03:50:00.0000",8.7,100,,,
"2024-10-30 03:40:00.0000",8.72,100,,,
"2024-10-30 03:30:00.0000",8.76,100,,,
"2024-10-30 03:20:00.0000",8.61,100,,,
"2024-10-30 03:10:00.0000",8.82,100,,,
"2024-10-30 03:00:00.0000",8.9,100,,,
"2024-10-30 02:50:00.0000",8.86,100,,,
"2024-10-30 02:40:00.0000",8.9,100,,,
"2024-10-30 02:30:00.0000",8.85,100,,,
"2024-10-30 02:20:00.0000",8.79,100,,,
"2024-10-30 02:10:00.0000",8.6,100,,,
"2024-10-30 02:00:00.0000",8.81,100,,,
"2024-10-30 01:50:00.0000",8.87,100,,,
"2024-10-30 01:40:00.0000",8.87,100,,,
"2024-10-30 01:30:00.0000",8.93,100,,,
"2024-10-30 01:20:00.0000",8.92,100,,,
"2024-10-30 01:10:00.0000",8.95,100,,,
"2024-10-30 01:00:00.0000",8.8,100,,,
"2024-10-30 00:50:00.0000",8.99,100,,,
"2024-10-30 00:40:00.0000",9.02,100,,,
"2024-10-30 00:30:00.0000",8.98,100,,,
"2024-10-30 00:20:00.0000",9.05,100,,,
"2024-10-30 00:10:00.0000",9.04,100,,,
"2024-10-30 00:00:00.0000",9.02,100,,,
"2024-10-29 23:50:00.0000",8.91,100,,,
"2024-10-29 23:40:00.0000",9.1,100,,,
"2024-10-29 23:30:00.0000",9.15,100,,,
"2024-10-29 23:20:00.0000",9.08,100,,,
"2024-10-29 23:10:00.0000",9.14,100,,,
"2024-10-29 23:00:00.0000",9.12,100,,,
"2024-10-29 22:50:00.0000",9.1,100,,,
"2024-10-29 22:40:00.0000",8.9,100,,,
"2024-10-29 22:30:00.0000",9.07,100,,,
"2024-10-29 22:20:00.0000",9.1,100,,,
"2024-10-29 22:10:00.0000",9.08,100,,,
"2024-10-29 22:00:00.0000",9.11,100,,,
"2024-10-29 21:50:00.0000",9.06,100,,,
"2024-10-29 21:40:00.0000",9.02,100,,,
"2024-10-29 21:30:00.0000",8.79,100,,,
"2024-10-29 21:20:00.0000",8.98,100,,,
"2024-10-29 21:10:00.0000",9.01,100,,,
"2024-10-29 21:00:00.0000",9.01,100,,,
"2024-10-29 20:50:00.0000",9.03,100,,,
"2024-10-29 20:40:00.0000",9,100,,,
"2024-10-29 20:30:00.0000",9.03,100,,,
"2024-10-29 20:20:00.0000",8.84,100,,,
"2024-10-29 20:10:00.0000",9.06,100,,,
"2024-10-29 20:00:00.0000",9.09,100,,,
"2024-10-29 19:50:00.0000",9,100,,,
"2024-10-29 19:40:00.0000",9,100,,,
"2024-10-29 19:30:00.0000",8.96,100,,,
"2024-10-29 19:20:00.0000",8.92,100,,,
"2024-10-29 19:10:00.0000",8.68,100,,,
"2024-10-29 19:00:00.0000",8.87,100,,,
"2024-10-29 18:50:00.0000",8.91,100,,,
"2024-10-29 18:40:00.0000",8.86,100,,,
"2024-10-29 18:30:00.0000",8.91,100,,,
"2024-10-29 18:20:00.0000",8.95,100,,,
"2024-10-29 18:10:00.0000",8.93,100,,,
"2024-10-29 18:00:00.0000",8.71,100,,,
"2024-10-29 17:50:00.0000",8.94,100,,,
"2024-10-29 17:40:00.0000",9.06,100,,,
"2024-10-29 17:30:00.0000",9.07,100,,,
"2024-10-29 17:20:00.0000",9.2,100,,,
"2024-10-29 17:10:00.0000",9.28,100,,,
"2024-10-29 17:00:00.0000",9.34,100,,,
"2024-10-29 16:50:00.0000",9.19,100,,,
"2024-10-29 16:40:00.0000",9.44,100,,,
"2024-10-29 16:30:00.0000",9.57,100,,,
"2024-10-29 16:20:00.0000",9.79,100,,,
"2024-10-29 16:10:00.0000",9.99,100,,,
"2024-10-29 16:00:00.0000",10.2,100,,,
"2024-10-29 15:50:00.0000",10.36,100,,,
"2024-10-29 15:40:00.0000",10.32,100,,,
"2024-10-29 15:30:00.0000",10.63,100,,,
"2024-10-29 15:20:00.0000",10.85,100,,,
"2024-10-29 15:10:00.0000",11.01,100,,,
"2024-10-29 15:00:00.0000",11.43,100,,,
"2024-10-29 14:50:00.0000",11.56,100,,,
"2024-10-29 14:40:00.0000",11.64,100,,,
"2024-10-29 14:30:00.0000",11.59,100,,,
"2024-10-29 14:20:00.0000",11.89,100,,,
"2024-10-29 14:10:00.0000",12.36,99.32,,,
"2024-10-29 14:00:00.0000",12.11,100,,,
"2024-10-29 13:50:00.0000",11.56,100,,,
"2024-10-29 13:40:00.0000",11.5,100,,,
"2024-10-29 13:30:00.0000",11.56,100,,,
"2024-10-29 13:20:00.0000",10.95,100,,,
"2024-10-29 13:10:00.0000",11.02,100,,,
"2024-10-29 13:00:00.0000",11,100,,,
"2024-10-29 12:50:00.0000",10.96,100,,,
"2024-10-29 12:40:00.0000",10.91,100,,,
"2024-10-29 12:30:00.0000",10.94,100,,,
"2024-10-29 12:20:00.0000",10.86,100,,,
"2024-10-29 12:10:00.0000",10.47,100,,,
"2024-10-29 12:00:00.0000",10.44,100,,,
"2024-10-29 11:50:00.0000",10.31,100,,,
"2024-10-29 11:40:00.0000",10.12,100,,,
"2024-10-29 11:30:00.0000",10.16,100,,,
"2024-10-29 11:20:00.0000",10.15,100,,,
"2024-10-29 11:10:00.0000",10.04,100,,,
"2024-10-29 11:00:00.0000",9.96,100,,,
"2024-10-29 10:50:00.0000",10.25,100,,,
"2024-10-29 10:40:00.0000",10.44,100,,,
"2024-10-29 10:30:00.0000",10.57,100,,,
"2024-10-29 10:20:00.0000",10.69,100,,,
"2024-10-29 10:10:00.0000",10.64,100,,,
"2024-10-29 10:00:00.0000",10.63,100,,,
"2024-10-29 09:50:00.0000",10.48,100,,,
"2024-10-29 09:40:00.0000",10.79,100,,,
"2024-10-29 09:30:00.0000",10.9,100,,,
"2024-10-29 09:20:00.0000",10.68,100,,,
"2024-10-29 09:10:00.0000",10.58,100,,,
"2024-10-29 09:00:00.0000",10.43,100,,,
"2024-10-29 08:50:00.0000",10.37,100,,,
"2024-10-29 08:40:00.0000",10.14,100,,,
"2024-10-29 08:30:00.0000",10.35,100,,,
"2024-10-29 08:20:00.0000",10.26,100,,,
"2024-10-29 08:10:00.0000",10.19,100,,,
"2024-10-29 08:00:00.0000",10.1,100,,,
"2024-10-29 07:50:00.0000",10.02,100,,,
"2024-10-29 07:40:00.0000",9.97,100,,,
"2024-10-29 07:30:00.0000",9.75,100,,,
"2024-10-29 07:20:00.0000",9.94,100,,,
"2024-10-29 07:10:00.0000",9.95,100,,,
"2024-10-29 07:00:00.0000",9.95,100,,,
"2024-10-29 06:50:00.0000",10,100,,,
"2024-10-29 06:40:00.0000",10.06,100,,,
"2024-10-29 06:30:00.0000",10.05,100,,,
"2024-10-29 06:20:00.0000",9.83,100,,,
"2024-10-29 06:10:00.0000",10.03,100,,,
"2024-10-29 06:00:00.0000",10.07,100,,,
"2024-10-29 05:50:00.0000",10.05,100,,,
"2024-10-29 05:40:00.0000",10.1,100,,,
"2024-10-29 05:30:00.0000",10.04,100,,,
"2024-10-29 05:20:00.0000",10.04,100,,,
"2024-10-29 05:10:00.0000",9.81,100,,,
"2024-10-29 05:00:00.0000",9.99,100,,,
"2024-10-29 04:50:00.0000",10.06,100,,,
"2024-10-29 04:40:00.0000",9.99,100,,,
"2024-10-29 04:30:00.0000",10.05,100,,,
"2024-10-29 04:20:00.0000",10.01,100,,,
"2024-10-29 04:10:00.0000",9.96,100,,,
"2024-10-29 04:00:00.0000",9.78,100,,,
"2024-10-29 03:50:00.0000",9.98,100,,,
"2024-10-29 03:40:00.0000",9.99,100,,,
"2024-10-29 03:30:00.0000",9.95,100,,,
"2024-10-29 03:20:00.0000",9.95,100,,,
"2024-10-29 03:10:00.0000",9.91,100,,,
"2024-10-29 03:00:00.0000",9.9,100,,,
"2024-10-29 02:50:00.0000",9.72,100,,,
"2024-10-29 02:40:00.0000",9.88,100,,,
"2024-10-29 02:30:00.0000",9.95,100,,,
"2024-10-29 02:20:00.0000",9.95,100,,,
"2024-10-29 02:10:00.0000",10.01,100,,,
"2024-10-29 02:00:00.0000",10.04,100,,,
"2024-10-29 01:50:00.0000",10.07,100,,,
"2024-10-29 01:40:00.0000",9.89,100,,,
"2024-10-29 01:30:00.0000",10.06,100,,,
"2024-10-29 01:20:00.0000",10.12,100,,,
"2024-10-29 01:10:00.0000",10.11,100,,,
"2024-10-29 01:00:00.0000",10.21,100,,,
"2024-10-29 00:50:00.0000",10.21,100,,,
"2024-10-29 00:40:00.0000",10.16,100,,,
"2024-10-29 00:30:00.0000",10,100,,,
"2024-10-29 00:20:00.0000",10.21,100,,,
"2024-10-29 00:10:00.0000",10.26,100,,,
"2024-10-29 00:00:00.0000",10.2,100,,,
"2024-10-28 23:50:00.0000",10.23,100,,,
"2024-10-28 23:40:00.0000",10.22,100,,,
"2024-10-28 23:30:00.0000",10.21,100,,,
"2024-10-28 23:20:00.0000",10.06,100,,,
"2024-10-28 23:10:00.0000",10.27,100,,,
"2024-10-28 23:00:00.0000",10.31,100,,,
"2024-10-28 22:50:00.0000",10.26,100,,,
"2024-10-28 22:40:00.0000",10.25,100,,,
"2024-10-28 22:30:00.0000",10.27,100,,,
"2024-10-28 22:20:00.0000",10.26,100,,,
"2024-10-28 22:10:00.0000",10.06,100,,,
"2024-10-28 22:00:00.0000",10.27,100,,,
"2024-10-28 21:50:00.0000",10.32,100,,,
"2024-10-28 21:40:00.0000",10.37,100,,,
"2024-10-28 21:30:00.0000",10.42,100,,,
"2024-10-28 21:20:00.0000",10.5,100,,,
"2024-10-28 21:10:00.0000",10.56,100,,,
"2024-10-28 21:00:00.0000",10.41,100,,,
"2024-10-28 20:50:00.0000",10.65,100,,,
"2024-10-28 20:40:00.0000",10.75,100,,,
"2024-10-28 20:30:00.0000",10.72,100,,,
"2024-10-28 20:20:00.0000",10.78,100,,,
"2024-10-28 20:10:00.0000",10.75,100,,,
"2024-10-28 20:00:00.0000",10.79,100,,,
"2024-10-28 19:50:00.0000",10.62,100,,,
"2024-10-28 19:40:00.0000",10.86,100,,,
"2024-10-28 19:30:00.0000",10.91,100,,,
"2024-10-28 19:20:00.0000",10.88,100,,,
"2024-10-28 19:10:00.0000",10.96,100,,,
"2024-10-28 19:00:00.0000",10.94,100,,,
"2024-10-28 18:50:00.0000",10.9,100,,,
"2024-10-28 18:40:00.0000",10.74,100,,,
"2024-10-28 18:30:00.0000",10.98,100,,,
"2024-10-28 18:20:00.0000",10.97,100,,,
"2024-10-28 18:10:00.0000",10.9,100,,,
"2024-10-28 18:00:00.0000",10.85,100,,,
"2024-10-28 17:50:00.0000",10.82,100,,,
"2024-10-28 17:40:00.0000",10.87,100,,,
"2024-10-28 17:30:00.0000",10.84,100,,,
"2024-10-28 17:20:00.0000",11.13,100,,,
"2024-10-28 17:10:00.0000",11.27,100,,,
"2024-10-28 17:00:00.0000",11.35,100,,,
"2024-10-28 16:50:00.0000",11.52,100,,,
"2024-10-28 16:40:00.0000",11.66,100,,,
"2024-10-28 16:30:00.0000",11.8,100,,,
"2024-10-28 16:20:00.0000",11.81,100,,,
"2024-10-28 16:10:00.0000",12.24,100,,,
"2024-10-28 16:00:00.0000",12.61,100,,,
"2024-10-28 15:50:00.0000",12.82,100,,,
"2024-10-28 15:40:00.0000",12.92,100,,,
"2024-10-28 15:30:00.0000",13.01,100,,,
"2024-10-28 15:20:00.0000",13.06,100,,,
"2024-10-28 15:10:00.0000",12.83,100,,,
"2024-10-28 15:00:00.0000",13.07,100,,,
"2024-10-28 14:50:00.0000",13.32,100,,,
"2024-10-28 14:40:00.0000",13.48,100,,,
"2024-10-28 14:30:00.0000",13.43,100,,,
"2024-10-28 14:20:00.0000",13.18,100,,,
"2024-10-28 14:10:00.0000",12.86,100,,,
"2024-10-28 14:00:00.0000",12.41,100,,,
"2024-10-28 13:50:00.0000",12.48,100,,,
"2024-10-28 13:40:00.0000",12.54,100,,,
"2024-10-28 13:30:00.0000",12.65,100,,,
"2024-10-28 13:20:00.0000",12.92,100,,,
"2024-10-28 13:10:00.0000",13.03,100,,,
"2024-10-28 13:00:00.0000",13.08,100,,,
"2024-10-28 12:50:00.0000",12.96,100,,,
"2024-10-28 12:40:00.0000",13.45,100,,,
"2024-10-28 12:30:00.0000",13.7,99.59,,,
"2024-10-28 12:20:00.0000",14.22,96.78,,,
"2024-10-28 12:10:00.0000",15.16,92.27,,,
"2024-10-28 12:00:00.0000",16.39,86.78,,,
"2024-10-28 11:50:00.0000",18.11,80.03,,,
"2024-10-28 11:40:00.0000",19.8,81.15,,,
"2024-10-28 11:30:00.0000",16.7,95.57,,,
"2024-10-28 11:20:00.0000",13.49,100,,,
"2024-10-28 11:10:00.0000",13.09,100,,,
"2024-10-28 11:00:00.0000",13.17,100,,,
"2024-10-28 10:50:00.0000",13.16,100,,,
"2024-10-28 10:40:00.0000",13.29,100,,,
"2024-10-28 10:30:00.0000",13.08,100,,,
"2024-10-28 10:20:00.0000",13.31,100,,,
"2024-10-28 10:10:00.0000",13.35,100,,,
"2024-10-28 10:00:00.0000",13.15,100,,,
"2024-10-28 09:50:00.0000",12.93,100,,,
"2024-10-28 09:40:00.0000",12.83,100,,,
"2024-10-28 09:30:00.0000",12.73,100,,,
"2024-10-28 09:20:00.0000",12.45,100,,,
"2024-10-28 09:10:00.0000",12.61,100,,,
"2024-10-28 09:00:00.0000",12.52,100,,,
"2024-10-28 08:50:00.0000",12.4,100,,,
"2024-10-28 08:40:00.0000",12.23,100,,,
"2024-10-28 08:30:00.0000",11.86,100,,,
"2024-10-28 08:20:00.0000",11.65,100,,,
"2024-10-28 08:10:00.0000",11.32,100,,,
"2024-10-28 08:00:00.0000",11.38,100,,,
"2024-10-28 07:50:00.0000",11.39,100,,,
"2024-10-28 07:40:00.0000",11.26,100,,,
"2024-10-28 07:30:00.0000",11.23,100,,,
"2024-10-28 07:20:00.0000",11.23,100,,,
"2024-10-28 07:10:00.0000",11.26,100,,,
"2024-10-28 07:00:00.0000",11.12,100,,,
"2024-10-28 06:50:00.0000",11.5,100,,,
"2024-10-28 06:40:00.0000",11.61,100,,,
"2024-10-28 06:30:00.0000",11.56,100,,,
"2024-10-28 06:20:00.0000",11.64,100,,,
"2024-10-28 06:10:00.0000",11.68,100,,,
"2024-10-28 06:00:00.0000",11.65,100,,,
"2024-10-28 05:50:00.0000",11.35,100,,,
"2024-10-28 05:40:00.0000",11.43,100,,,
"2024-10-28 05:30:00.0000",11.4,100,,,
"2024-10-28 05:20:00.0000",11.35,100,,,
"2024-10-28 05:10:00.0000",11.42,100,,,
"2024-10-28 05:00:00.0000",11.4,100,,,
"2024-10-28 04:50:00.0000",11.53,100,,,
"2024-10-28 04:40:00.0000",11.35,100,,,
"2024-10-28 04:30:00.0000",11.57,100,,,
"2024-10-28 04:20:00.0000",11.61,100,,,
"2024-10-28 04:10:00.0000",11.56,100,,,
"2024-10-28 04:00:00.0000",11.58,100,,,
"2024-10-28 03:50:00.0000",11.56,100,,,
"2024-10-28 03:40:00.0000",11.53,100,,,
"2024-10-28 03:30:00.0000",11.3,100,,,
"2024-10-28 03:20:00.0000",11.46,100,,,
"2024-10-28 03:10:00.0000",11.43,100,,,
"2024-10-28 03:00:00.0000",11.42,100,,,
"2024-10-28 02:50:00.0000",11.46,100,,,
"2024-10-28 02:40:00.0000",11.37,100,,,
"2024-10-28 02:30:00.0000",11.36,100,,,
"2024-10-28 02:20:00.0000",11.15,100,,,
"2024-10-28 02:10:00.0000",11.27,100,,,
"2024-10-28 02:00:00.0000",11.22,100,,,
"2024-10-28 01:50:00.0000",11.13,100,,,
"2024-10-28 01:40:00.0000",11.08,100,,,
"2024-10-28 01:30:00.0000",10.95,100,,,
"2024-10-28 01:20:00.0000",10.87,100,,,
"2024-10-28 01:10:00.0000",10.54,100,,,
"2024-10-28 01:00:00.0000",10.52,100,,,
"2024-10-28 00:50:00.0000",10.35,100,,,
"2024-10-28 00:40:00.0000",10.07,100,,,
"2024-10-28 00:30:00.0000",9.89,100,,,
"2024-10-28 00:20:00.0000",9.5,100,,,
"2024-10-28 00:10:00.0000",8.96,100,,,
"2024-10-28 00:00:00.0000",8.37,100,,,
"2024-10-27 23:50:00.0000",8.34,100,,,
"2024-10-27 23:40:00.0000",8.13,100,,,
"2024-10-27 23:30:00.0000",7.76,100,,,
"2024-10-27 23:20:00.0000",7.54,100,,,
"2024-10-27 23:10:00.0000",7.39,100,,,
"2024-10-27 23:00:00.0000",7.3,100,,,
"2024-10-27 22:50:00.0000",7.01,100,,,
"2024-10-27 22:40:00.0000",7.08,100,,,
"2024-10-27 22:30:00.0000",7,100,,,
"2024-10-27 22:20:00.0000",6.92,100,,,
"2024-10-27 22:10:00.0000",6.9,100,,,
"2024-10-27 22:00:00.0000",6.85,100,,,
"2024-10-27 21:50:00.0000",6.93,100,,,
"2024-10-27 21:40:00.0000",6.75,100,,,
"2024-10-27 21:30:00.0000",6.92,100,,,
"2024-10-27 21:20:00.0000",6.94,100,,,
"2024-10-27 21:10:00.0000",6.85,100,,,
"2024-10-27 21:00:00.0000",6.8,100,,,
"2024-10-27 20:50:00.0000",6.72,100,,,
"2024-10-27 20:40:00.0000",6.72,100,,,
"2024-10-27 20:30:00.0000",6.47,100,,,
"2024-10-27 20:20:00.0000",6.63,100,,,
"2024-10-27 20:10:00.0000",6.62,100,,,
"2024-10-27 20:00:00.0000",6.54,100,,,
"2024-10-27 19:50:00.0000",6.55,100,,,
"2024-10-27 19:40:00.0000",6.49,100,,,
"2024-10-27 19:30:00.0000",6.41,100,,,
"2024-10-27 19:20:00.0000",6.2,100,,,
"2024-10-27 19:10:00.0000",6.32,100,,,
"2024-10-27 19:00:00.0000",6.35,100,,,
"2024-10-27 18:50:00.0000",6.27,100,,,
"2024-10-27 18:40:00.0000",6.37,100,,,
"2024-10-27 18:30:00.0000",6.38,100,,,
"2024-10-27 18:20:00.0000",6.4,100,,,
"2024-10-27 18:10:00.0000",6.26,100,,,
"2024-10-27 18:00:00.0000",6.46,100,,,
"2024-10-27 17:50:00.0000",6.52,100,,,
"2024-10-27 17:40:00.0000",6.55,99.92,,,
"2024-10-27 17:30:00.0000",6.69,98.42,,,
"2024-10-27 17:20:00.0000",6.8,97.02,,,
"2024-10-27 17:10:00.0000",6.9,95.32,,,
"2024-10-27 17:00:00.0000",6.8,95.09,,,
"2024-10-27 16:50:00.0000",7.21,92.17,,,
"2024-10-27 16:40:00.0000",7.54,88.87,,,
"2024-10-27 16:30:00.0000",7.63,88.56,,,
"2024-10-27 16:20:00.0000",7.76,87.33,,,
"2024-10-27 16:10:00.0000",7.96,86.83,,,
"2024-10-27 16:00:00.0000",8.35,83.64,,,
"2024-10-27 15:50:00.0000",8.71,81.17,,,
"2024-10-27 15:40:00.0000",9.19,76.75,,,
"2024-10-27 15:30:00.0000",9.3,74.64,,,
"2024-10-27 15:20:00.0000",9.32,74.24,,,
"2024-10-27 15:10:00.0000",9.59,73.3,,,
"2024-10-27 15:00:00.0000",9.62,72.43,,,
"2024-10-27 14:50:00.0000",9.51,72.88,,,
"2024-10-27 14:40:00.0000",9.31,72.66,,,
"2024-10-27 14:30:00.0000",9.66,70.87,,,
"2024-10-27 14:20:00.0000",9.93,68.89,,,
"2024-10-27 14:10:00.0000",10.11,68.52,,,
"2024-10-27 14:00:00.0000",10.17,68.57,,,
"2024-10-27 13:50:00.0000",10.23,67.62,,,
"2024-10-27 13:40:00.0000",10.57,66.02,,,
"2024-10-27 13:30:00.0000",10.48,65.78,,,
"2024-10-27 13:20:00.0000",10.87,63.86,,,
"2024-10-27 13:10:00.0000",10.82,62.96,,,
"2024-10-27 13:00:00.0000",10.57,63.44,,,
"2024-10-27 12:50:00.0000",10.93,62.93,,,
"2024-10-27 12:40:00.0000",11.13,61.3,,,
"2024-10-27 12:30:00.0000",11.45,59.91,,,
"2024-10-27 12:20:00.0000",12.4,56.41,,,
"2024-10-27 12:10:00.0000",13.69,51.56,,,
"2024-10-27 12:00:00.0000",15.2,48.02,,,
"2024-10-27 11:50:00.0000",16.36,46.5,,,
"2024-10-27 11:40:00.0000",16.68,46.13,,,
"2024-10-27 11:30:00.0000",15.87,49.71,,,
"2024-10-27 11:20:00.0000",14.54,53.44,,,
"2024-10-27 11:10:00.0000",13.94,56.21,,,
"2024-10-27 11:00:00.0000",12.39,60.16,,,
"2024-10-27 10:50:00.0000",11.88,61.41,,,
"2024-10-27 10:40:00.0000",14.25,56.94,,,
"2024-10-27 10:30:00.0000",14.4,58.82,,,
"2024-10-27 10:20:00.0000",13.16,62.17,,,
"2024-10-27 10:10:00.0000",12.4,66.71,,,
"2024-10-27 10:00:00.0000",10.15,76.69,,,
"2024-10-27 09:50:00.0000",7.84,85.88,,,
"2024-10-27 09:40:00.0000",6.95,87.73,,,
"2024-10-27 09:30:00.0000",6.84,87.68,,,
"2024-10-27 09:20:00.0000",6.82,87.69,,,
"2024-10-27 09:10:00.0000",7.01,88.13,,,
"2024-10-27 09:00:00.0000",7.37,86.93,,,
"2024-10-27 08:50:00.0000",7.84,86.27,,,
"2024-10-27 08:40:00.0000",7.55,89.09,,,
"2024-10-27 08:30:00.0000",6.61,92.31,,,
"2024-10-27 08:20:00.0000",6.12,94.95,,,
"2024-10-27 08:10:00.0000",5.73,97.22,,,
"2024-10-27 08:00:00.0000",4.83,100,,,
"2024-10-27 07:50:00.0000",4.49,100,,,
"2024-10-27 07:40:00.0000",4.18,100,,,
"2024-10-27 07:30:00.0000",4.35,100,,,
"2024-10-27 07:20:00.0000",4.34,100,,,
"2024-10-27 07:10:00.0000",4.19,100,,,
"2024-10-27 07:00:00.0000",4.04,100,,,
"2024-10-27 06:50:00.0000",3.84,100,,,
"2024-10-27 06:40:00.0000",3.75,100,,,
"2024-10-27 06:30:00.0000",3.71,100,,,
"2024-10-27 06:20:00.0000",4.1,99.63,,,
"2024-10-27 06:10:00.0000",4.36,99.03,,,
"2024-10-27 06:00:00.0000",4.56,98.54,,,
"2024-10-27 05:50:00.0000",4.6,98.08,,,
"2024-10-27 05:40:00.0000",4.68,97.39,,,
"2024-10-27 05:30:00.0000",4.86,96.8,,,
"2024-10-27 05:20:00.0000",4.9,97.29,,,
"2024-10-27 05:10:00.0000",5.17,95.32,,,
"2024-10-27 05:00:00.0000",5.35,94.77,,,
"2024-10-27 04:50:00.0000",5.44,93.79,,,
"2024-10-27 04:40:00.0000",5.57,93.62,,,
"2024-10-27 04:30:00.0000",5.66,94.68,,,
"2024-10-27 04:20:00.0000",5.77,93.98,,,
"2024-10-27 04:10:00.0000",5.63,94.74,,,
"2024-10-27 04:00:00.0000",6,94.44,,,
"2024-10-27 03:50:00.0000",6.19,93.52,,,
"2024-10-27 03:40:00.0000",6.24,94.25,,,
"2024-10-27 03:30:00.0000",6.37,94.39,,,
"2024-10-27 03:20:00.0000",6.45,96.37,,,
"2024-10-27 03:10:00.0000",6.5,96.72,,,
"2024-10-27 03:00:00.0000",6.32,97.08,,,
"2024-10-27 02:50:00.0000",6.46,96.01,,,
"2024-10-27 02:40:00.0000",6.53,96.55,,,
"2024-10-27 02:30:00.0000",6.51,96.32,,,
"2024-10-27 02:20:00.0000",6.65,96.73,,,
"2024-10-27 02:10:00.0000",6.7,96.67,,,
"2024-10-27 02:00:00.0000",6.73,97.2,,,
"2024-10-27 01:50:00.0000",6.52,95.97,,,
"2024-10-27 01:40:00.0000",6.83,94.91,,,
"2024-10-27 01:30:00.0000",7.04,95.45,,,
"2024-10-27 01:20:00.0000",7.16,96.13,,,
"2024-10-27 01:10:00.0000",7.33,96.63,,,
"2024-10-27 01:00:00.0000",7.47,95.41,,,
"2024-10-27 00:50:00.0000",7.71,96.63,,,
"2024-10-27 00:40:00.0000",7.66,98.42,,,
"2024-10-27 00:30:00.0000",7.89,98.99,,,
"2024-10-27 00:20:00.0000",7.91,100,,,
"2024-10-27 00:10:00.0000",7.71,100,,,
"2024-10-27 00:00:00.0000",7.49,100,,,
"2024-10-26 23:50:00.0000",7.35,100,,,
"2024-10-26 23:40:00.0000",7.3,100,,,
"2024-10-26 23:30:00.0000",7.08,100,,,
"2024-10-26 23:20:00.0000",7.29,100,,,
"2024-10-26 23:10:00.0000",7.33,100,,,
"2024-10-26 23:00:00.0000",7.3,100,,,
"2024-10-26 22:50:00.0000",7.38,100,,,
"2024-10-26 22:40:00.0000",7.43,100,,,
"2024-10-26 22:30:00.0000",7.52,100,,,
"2024-10-26 22:20:00.0000",7.49,100,,,
"2024-10-26 22:10:00.0000",7.96,100,,,
"2024-10-26 22:00:00.0000",8.45,100,,,
"2024-10-26 21:50:00.0000",8.86,100,,,
"2024-10-26 21:40:00.0000",8.95,100,,,
"2024-10-26 21:30:00.0000",9.02,100,,,
"2024-10-26 21:20:00.0000",9.21,100,,,
"2024-10-26 21:10:00.0000",9.05,100,,,
"2024-10-26 21:00:00.0000",9.33,99.39,,,
"2024-10-26 20:50:00.0000",9.44,97.21,,,
"2024-10-26 20:40:00.0000",9.45,96.33,,,
"2024-10-26 20:30:00.0000",9.64,95.5,,,
"2024-10-26 20:20:00.0000",9.82,93.92,,,
"2024-10-26 20:10:00.0000",10.04,90.99,,,
"2024-10-26 20:00:00.0000",9.86,91.24,,,
"2024-10-26 19:50:00.0000",10.09,89.54,,,
"2024-10-26 19:40:00.0000",10.1,89.03,,,
"2024-10-26 19:30:00.0000",10.05,88.85,,,
"2024-10-26 19:20:00.0000",9.92,89.41,,,
"2024-10-26 19:10:00.0000",9.64,90.32,,,
"2024-10-26 19:00:00.0000",9.59,90.02,,,
"2024-10-26 18:50:00.0000",9.54,89.53,,,
"2024-10-26 18:40:00.0000",9.72,88.39,,,
"2024-10-26 18:30:00.0000",9.5,88.55,,,
"2024-10-26 18:20:00.0000",9.36,88.16,,,
"2024-10-26 18:10:00.0000",9.38,87.48,,,
"2024-10-26 18:00:00.0000",9.43,86.93,,,
"2024-10-26 17:50:00.0000",9.52,86.13,,,
"2024-10-26 17:40:00.0000",9.42,85.79,,,
"2024-10-26 17:30:00.0000",9.74,83.95,,,
"2024-10-26 17:20:00.0000",10,83.05,,,
"2024-10-26 17:10:00.0000",10.18,81.6,,,
"2024-10-26 17:00:00.0000",10.47,80.3,,,
"2024-10-26 16:50:00.0000",10.65,79.1,,,
"2024-10-26 16:40:00.0000",10.96,77.55,,,
"2024-10-26 16:30:00.0000",11.19,75.67,,,
"2024-10-26 16:20:00.0000",11.71,72.14,,,
"2024-10-26 16:10:00.0000",11.93,70.56,,,
"2024-10-26 16:00:00.0000",12.15,69.38,,,
"2024-10-26 15:50:00.0000",12.36,69.23,,,
"2024-10-26 15:40:00.0000",12.53,69.36,,,
"2024-10-26 15:30:00.0000",12.65,68.56,,,
"2024-10-26 15:20:00.0000",12.43,68.87,,,
"2024-10-26 15:10:00.0000",12.57,68.03,,,
"2024-10-26 15:00:00.0000",12.6,70.49,,,
"2024-10-26 14:50:00.0000",12.68,70.46,,,
"2024-10-26 14:40:00.0000",13,71.65,,,
"2024-10-26 14:30:00.0000",13.63,68.85,,,
"2024-10-26 14:20:00.0000",14.34,67.86,,,
"2024-10-26 14:10:00.0000",14.9,66.49,,,
"2024-10-26 14:00:00.0000",15.77,63.79,,,
"2024-10-26 13:50:00.0000",17.18,58.85,,,
"2024-10-26 13:40:00.0000",17.18,59.21,,,
"2024-10-26 13:30:00.0000",16.77,59.19,,,
"2024-10-26 13:20:00.0000",18.17,54.24,,,
"2024-10-26 13:10:00.0000",20.83,46.56,,,
"2024-10-26 13:00:00.0000",23.49,42.3,,,
"2024-10-26 12:50:00.0000",23.57,41.66,,,
"2024-10-26 12:40:00.0000",23.41,42.22,,,
"2024-10-26 12:30:00.0000",23.11,42.74,,,
"2024-10-26 12:20:00.0000",23.34,43.08,,,
"2024-10-26 12:10:00.0000",22.45,44.2,,,
"2024-10-26 12:00:00.0000",22.5,46.14,,,
"2024-10-26 11:50:00.0000",21.26,48.38,,,
"2024-10-26 11:40:00.0000",21.62,47.54,,,
"2024-10-26 11:30:00.0000",20.96,50.13,,,
"2024-10-26 11:20:00.0000",19.43,55.92,,,
"2024-10-26 11:10:00.0000",17.37,61.54,,,
"2024-10-26 11:00:00.0000",17.02,63.64,,,
"2024-10-26 10:50:00.0000",15.72,68.03,,,
"2024-10-26 10:40:00.0000",16.59,64.94,,,
"2024-10-26 10:30:00.0000",17.2,66.33,,,
"2024-10-26 10:20:00.0000",15.42,73.23,,,
"2024-10-26 10:10:00.0000",13.88,80.27,,,
"2024-10-26 10:00:00.0000",11.92,92.6,,,
"2024-10-26 09:50:00.0000",8.79,100,,,
"2024-10-26 09:40:00.0000",7.69,100,,,
"2024-10-26 09:30:00.0000",7.2,100,,,
"2024-10-26 09:20:00.0000",7.37,100,,,
"2024-10-26 09:10:00.0000",7.57,100,,,
"2024-10-26 09:00:00.0000",7.81,100,,,
"2024-10-26 08:50:00.0000",8.33,100,,,
"2024-10-26 08:40:00.0000",7.9,100,,,
"2024-10-26 08:30:00.0000",7.02,100,,,
"2024-10-26 08:20:00.0000",6.24,100,,,
"2024-10-26 08:10:00.0000",6.08,100,,,
"2024-10-26 08:00:00.0000",5.8,100,,,
"2024-10-26 07:50:00.0000",5.77,100,,,
"2024-10-26 07:40:00.0000",5.81,100,,,
"2024-10-26 07:30:00.0000",5.78,100,,,
"2024-10-26 07:20:00.0000",5.84,100,,,
"2024-10-26 07:10:00.0000",5.7,100,,,
"2024-10-26 07:00:00.0000",5.96,100,,,
"2024-10-26 06:50:00.0000",5.99,100,,,
"2024-10-26 06:40:00.0000",6.01,100,,,
"2024-10-26 06:30:00.0000",6.16,100,,,
"2024-10-26 06:20:00.0000",6.08,100,,,
"2024-10-26 06:10:00.0000",6.03,100,,,
"2024-10-26 06:00:00.0000",5.83,100,,,
"2024-10-26 05:50:00.0000",6.1,100,,,
"2024-10-26 05:40:00.0000",6.21,100,,,
"2024-10-26 05:30:00.0000",6.22,100,,,
"2024-10-26 05:20:00.0000",6.32,100,,,
"2024-10-26 05:10:00.0000",6.4,100,,,
"2024-10-26 05:00:00.0000",6.48,100,,,
"2024-10-26 04:50:00.0000",6.25,100,,,
"2024-10-26 04:40:00.0000",6.4,100,,,
"2024-10-26 04:30:00.0000",6.4,100,,,
"2024-10-26 04:20:00.0000",6.37,100,,,
"2024-10-26 04:10:00.0000",6.44,100,,,
"2024-10-26 04:00:00.0000",6.46,100,,,
"2024-10-26 03:50:00.0000",6.45,100,,,
"2024-10-26 03:40:00.0000",6.21,100,,,
"2024-10-26 03:30:00.0000",6.39,100,,,
"2024-10-26 03:20:00.0000",6.42,100,,,
"2024-10-26 03:10:00.0000",6.42,100,,,
"2024-10-26 03:00:00.0000",6.57,100,,,
"2024-10-26 02:50:00.0000",6.66,100,,,
"2024-10-26 02:40:00.0000",6.74,100,,,
"2024-10-26 02:30:00.0000",6.59,100,,,
"2024-10-26 02:20:00.0000",6.93,100,,,
"2024-10-26 02:10:00.0000",7.06,100,,,
"2024-10-26 02:00:00.0000",7.21,100,,,
"2024-10-26 01:50:00.0000",7.42,100,,,
"2024-10-26 01:40:00.0000",7.45,100,,,
"2024-10-26 01:30:00.0000",7.44,100,,,
"2024-10-26 01:20:00.0000",7.26,100,,,
"2024-10-26 01:10:00.0000",7.54,100,,,
"2024-10-26 01:00:00.0000",7.65,100,,,
"2024-10-26 00:50:00.0000",7.7,100,,,
"2024-10-26 00:40:00.0000",7.81,100,,,
"2024-10-26 00:30:00.0000",7.87,100,,,
"2024-10-26 00:20:00.0000",7.87,100,,,
"2024-10-26 00:10:00.0000",7.7,100,,,
"2024-10-26 00:00:00.0000",7.99,100,,,
"2024-10-25 23:50:00.0000",8.11,100,,,
"2024-10-25 23:40:00.0000",8.16,100,,,
"2024-10-25 23:30:00.0000",8.28,100,,,
"2024-10-25 23:20:00.0000",8.35,100,,,
"2024-10-25 23:10:00.0000",8.45,100,,,
"2024-10-25 23:00:00.0000",8.38,100,,,
"2024-10-25 22:50:00.0000",8.76,100,,,
"2024-10-25 22:40:00.0000",8.94,100,,,
"2024-10-25 22:30:00.0000",9.06,100,,,
"2024-10-25 22:20:00.0000",9.19,100,,,
"2024-10-25 22:10:00.0000",9.3,100,,,
"2024-10-25 22:00:00.0000",9.36,100,,,
"2024-10-25 21:50:00.0000",9.17,100,,,
"2024-10-25 21:40:00.0000",9.43,100,,,
"2024-10-25 21:30:00.0000",9.56,100,,,
"2024-10-25 21:20:00.0000",9.62,100,,,
"2024-10-25 21:10:00.0000",9.78,100,,,
"2024-10-25 21:00:00.0000",9.91,100,,,
"2024-10-25 20:50:00.0000",10.17,100,,,
"2024-10-25 20:40:00.0000",10.21,100,,,
"2024-10-25 20:30:00.0000",10.67,100,,,
"2024-10-25 20:20:00.0000",10.93,100,,,
"2024-10-25 20:10:00.0000",11.05,100,,,
"2024-10-25 20:00:00.0000",11.22,100,,,
"2024-10-25 19:50:00.0000",11.3,100,,,
"2024-10-25 19:40:00.0000",11.4,99.94,,,
"2024-10-25 19:30:00.0000",11.33,99.8,,,
"2024-10-25 19:20:00.0000",11.63,97.9,,,
"2024-10-25 19:10:00.0000",11.89,95.99,,,
"2024-10-25 19:00:00.0000",11.94,95.32,,,
"2024-10-25 18:50:00.0000",12.03,94.45,,,
"2024-10-25 18:40:00.0000",11.97,94.16,,,
"2024-10-25 18:30:00.0000",12.02,93.6,,,
"2024-10-25 18:20:00.0000",11.88,94.08,,,
"2024-10-25 18:10:00.0000",12.11,92.29,,,
"2024-10-25 18:00:00.0000",12.16,91.6,,,
"2024-10-25 17:50:00.0000",12.27,91.61,,,
"2024-10-25 17:40:00.0000",12.35,91.39,,,
"2024-10-25 17:30:00.0000",12.51,90.61,,,
"2024-10-25 17:20:00.0000",12.59,89.83,,,
"2024-10-25 17:10:00.0000",12.47,89.82,,,
"2024-10-25 17:00:00.0000",12.78,88.11,,,
"2024-10-25 16:50:00.0000",12.95,87.7,,,
"2024-10-25 16:40:00.0000",13.06,88.22,,,
"2024-10-25 16:30:00.0000",13.28,88.4,,,
"2024-10-25 16:20:00.0000",13.37,87.75,,,
"2024-10-25 16:10:00.0000",13.44,88.13,,,
"2024-10-25 16:00:00.0000",13.3,90.57,,,
"2024-10-25 15:50:00.0000",13.73,93.27,,,
"2024-10-25 15:40:00.0000",14.02,95.27,,,
"2024-10-25 15:30:00.0000",14.09,94.45,,,
"2024-10-25 15:20:00.0000",14.37,92.86,,,
"2024-10-25 15:10:00.0000",14.32,92.62,,,
"2024-10-25 15:00:00.0000",14.46,91.52,,,
"2024-10-25 14:50:00.0000",14.7,89.82,,,
"2024-10-25 14:40:00.0000",15.26,86.71,,,
"2024-10-25 14:30:00.0000",15.5,85.54,,,
"2024-10-25 14:20:00.0000",16.1,82.56,,,
"2024-10-25 14:10:00.0000",16.8,79.93,,,
"2024-10-25 14:00:00.0000",17.48,76.83,,,
"2024-10-25 13:50:00.0000",17.34,78.6,,,
"2024-10-25 13:40:00.0000",15.68,84.93,,,
"2024-10-25 13:30:00.0000",16.07,83.62,,,
"2024-10-25 13:20:00.0000",15.84,85.98,,,
"2024-10-25 13:10:00.0000",15.28,88.45,,,
"2024-10-25 13:00:00.0000",14.89,90.9,,,
"2024-10-25 12:50:00.0000",14.99,90.63,,,
"2024-10-25 12:40:00.0000",15.38,88.79,,,
"2024-10-25 12:30:00.0000",15.53,88.14,,,
"2024-10-25 12:20:00.0000",15.5,88.73,,,
"2024-10-25 12:10:00.0000",14.79,91.83,,,
"2024-10-25 12:00:00.0000",14.54,92.67,,,
"2024-10-25 11:50:00.0000",14.54,92.78,,,
"2024-10-25 11:40:00.0000",14.35,93.27,,,
"2024-10-25 11:30:00.0000",14.39,92.87,,,
"2024-10-25 11:20:00.0000",14.47,92.03,,,
"2024-10-25 11:10:00.0000",15.23,88.7,,,
"2024-10-25 11:00:00.0000",15.63,87.91,,,
"2024-10-25 10:50:00.0000",15.46,88.18,,,
"2024-10-25 10:40:00.0000",15.25,90.9,,,
"2024-10-25 10:30:00.0000",14.19,96.51,,,
"2024-10-25 10:20:00.0000",13.09,100,,,
"2024-10-25 10:10:00.0000",12.68,100,,,
"2024-10-25 10:00:00.0000",12.68,100,,,
"2024-10-25 09:50:00.0000",12.35,100,,,
"2024-10-25 09:40:00.0000",11.98,100,,,
"2024-10-25 09:30:00.0000",11.84,100,,,
"2024-10-25 09:20:00.0000",11.74,100,,,
"2024-10-25 09:10:00.0000",11.77,100,,,
"2024-10-25 09:00:00.0000",11.59,100,,,
"2024-10-25 08:50:00.0000",11.72,100,,,
"2024-10-25 08:40:00.0000",11.62,100,,,
"2024-10-25 08:30:00.0000",11.42,100,,,
"2024-10-25 08:20:00.0000",11.41,100,,,
"2024-10-25 08:10:00.0000",11.33,100,,,
"2024-10-25 08:00:00.0000",11.21,100,,,
"2024-10-25 07:50:00.0000",10.93,100,,,
"2024-10-25 07:40:00.0000",11.11,100,,,
"2024-10-25 07:30:00.0000",11.05,100,,,
"2024-10-25 07:20:00.0000",10.97,100,,,
"2024-10-25 07:10:00.0000",10.9,100,,,
"2024-10-25 07:00:00.0000",10.71,100,,,
"2024-10-25 06:50:00.0000",10.62,100,,,
"2024-10-25 06:40:00.0000",10.39,100,,,
"2024-10-25 06:30:00.0000",10.6,100,,,
"2024-10-25 06:20:00.0000",10.66,100,,,
"2024-10-25 06:10:00.0000",10.67,100,,,
"2024-10-25 06:00:00.0000",10.81,100,,,
"2024-10-25 05:50:00.0000",10.91,100,,,
"2024-10-25 05:40:00.0000",11.02,100,,,
"2024-10-25 05:30:00.0000",10.8,100,,,
"2024-10-25 05:20:00.0000",10.96,100,,,
"2024-10-25 05:10:00.0000",10.98,100,,,
"2024-10-25 05:00:00.0000",10.96,100,,,
"2024-10-25 04:50:00.0000",11,100,,,
"2024-10-25 04:40:00.0000",10.97,100,,,
"2024-10-25 04:30:00.0000",10.9,100,,,
"2024-10-25 04:20:00.0000",10.7,100,,,
"2024-10-25 04:10:00.0000",10.92,100,,,
"2024-10-25 04:00:00.0000",11,100,,,
"2024-10-25 03:50:00.0000",11.01,100,,,
"2024-10-25 03:40:00.0000",11.09,100,,,
"2024-10-25 03:30:00.0000",11.11,100,,,
"2024-10-25 03:20:00.0000",11.1,100,,,
"2024-10-25 03:10:00.0000",10.87,100,,,
"2024-10-25 03:00:00.0000",11.14,100,,,
"2024-10-25 02:50:00.0000",11.21,100,,,
"2024-10-25 02:40:00.0000",11.22,100,,,
"2024-10-25 02:30:00.0000",11.23,100,,,
"2024-10-25 02:20:00.0000",11.18,100,,,
"2024-10-25 02:10:00.0000",11.19,100,,,
"2024-10-25 02:00:00.0000",11.05,100,,,
"2024-10-25 01:50:00.0000",11.21,100,,,
"2024-10-25 01:40:00.0000",11.22,100,,,
"2024-10-25 01:30:00.0000",11.18,100,,,
"2024-10-25 01:20:00.0000",11.18,100,,,
"2024-10-25 01:10:00.0000",11.14,100,,,
"2024-10-25 01:00:00.0000",11.14,100,,,
"2024-10-25 00:50:00.0000",10.99,100,,,
"2024-10-25 00:40:00.0000",11.23,100,,,
"2024-10-25 00:30:00.0000",11.23,100,,,
"2024-10-25 00:20:00.0000",11.16,100,,,
"2024-10-25 00:10:00.0000",11.18,100,,,
"2024-10-25 00:00:00.0000",11.13,100,,,
"2024-10-24 23:50:00.0000",11.03,100,,,
"2024-10-24 23:40:00.0000",10.72,100,,,
"2024-10-24 23:30:00.0000",10.78,100,,,
"2024-10-24 23:20:00.0000",10.7,100,,,
"2024-10-24 23:10:00.0000",10.58,100,,,
"2024-10-24 23:00:00.0000",10.52,100,,,
"2024-10-24 22:50:00.0000",10.44,100,,,
"2024-10-24 22:40:00.0000",10.27,100,,,
"2024-10-24 22:30:00.0000",9.94,100,,,
"2024-10-24 22:20:00.0000",10.02,100,,,
"2024-10-24 22:10:00.0000",9.95,100,,,
"2024-10-24 22:00:00.0000",9.89,100,,,
"2024-10-24 21:50:00.0000",9.97,100,,,
"2024-10-24 21:40:00.0000",9.98,100,,,
"2024-10-24 21:30:00.0000",9.92,100,,,
"2024-10-24 21:20:00.0000",9.63,100,,,
"2024-10-24 21:10:00.0000",9.85,100,,,
"2024-10-24 21:00:00.0000",10.05,100,,,
"2024-10-24 20:50:00.0000",10.17,100,,,
"2024-10-24 20:40:00.0000",10.43,100,,,
"2024-10-24 20:30:00.0000",10.61,100,,,
"2024-10-24 20:20:00.0000",10.83,100,,,
"2024-10-24 20:10:00.0000",10.8,100,,,
"2024-10-24 20:00:00.0000",11.07,99.92,,,
"2024-10-24 19:50:00.0000",11.2,99.79,,,
"2024-10-24 19:40:00.0000",11.06,99.94,,,
"2024-10-24 19:30:00.0000",11.08,99.91,,,
"2024-10-24 19:20:00.0000",11.08,99.87,,,
"2024-10-24 19:10:00.0000",10.98,99.96,,,
"2024-10-24 19:00:00.0000",10.86,100,,,
"2024-10-24 18:50:00.0000",11.1,99.78,,,
"2024-10-24 18:40:00.0000",11.08,99.94,,,
"2024-10-24 18:30:00.0000",10.88,100,,,
"2024-10-24 18:20:00.0000",10.78,100,,,
"2024-10-24 18:10:00.0000",10.65,100,,,
"2024-10-24 18:00:00.0000",10.62,100,,,
"2024-10-24 17:50:00.0000",10.41,100,,,
"2024-10-24 17:40:00.0000",10.55,100,,,
"2024-10-24 17:30:00.0000",10.65,100,,,
"2024-10-24 17:20:00.0000",10.68,100,,,
"2024-10-24 17:10:00.0000",10.84,99.57,,,
"2024-10-24 17:00:00.0000",10.93,98.64,,,
"2024-10-24 16:50:00.0000",11.14,97.34,,,
"2024-10-24 16:40:00.0000",11.25,96.55,,,
"2024-10-24 16:30:00.0000",11.67,94.34,,,
"2024-10-24 16:20:00.0000",11.78,93.58,,,
"2024-10-24 16:10:00.0000",11.77,93.09,,,
"2024-10-24 16:00:00.0000",11.81,92.66,,,
"2024-10-24 15:50:00.0000",11.9,91.95,,,
"2024-10-24 15:40:00.0000",11.88,91.72,,,
"2024-10-24 15:30:00.0000",11.62,92.41,,,
"2024-10-24 15:20:00.0000",11.79,91.06,,,
"2024-10-24 15:10:00.0000",11.88,90.19,,,
"2024-10-24 15:00:00.0000",11.92,89.8,,,
"2024-10-24 14:50:00.0000",11.98,89.25,,,
"2024-10-24 14:40:00.0000",11.85,89.69,,,
"2024-10-24 14:30:00.0000",11.8,89.57,,,
"2024-10-24 14:20:00.0000",11.7,89.75,,,
"2024-10-24 14:10:00.0000",11.92,88.11,,,
"2024-10-24 14:00:00.0000",12.17,86.53,,,
"2024-10-24 13:50:00.0000",12.43,84.45,,,
"2024-10-24 13:40:00.0000",13.06,81.1,,,
"2024-10-24 13:30:00.0000",14.09,76.34,,,
"2024-10-24 13:20:00.0000",15.46,70.38,,,
"2024-10-24 13:10:00.0000",17.42,63.42,,,
"2024-10-24 13:00:00.0000",18.87,59.6,,,
"2024-10-24 12:50:00.0000",17.4,64.61,,,
"2024-10-24 12:40:00.0000",16.09,69.11,,,
"2024-10-24 12:30:00.0000",14.98,72.69,,,
"2024-10-24 12:20:00.0000",15.28,71.49,,,
"2024-10-24 12:10:00.0000",15.87,69.92,,,
"2024-10-24 12:00:00.0000",15.99,69.79,,,
"2024-10-24 11:50:00.0000",15.7,69.99,,,
"2024-10-24 11:40:00.0000",16.92,65.95,,,
"2024-10-24 11:30:00.0000",17.07,65.58,,,
"2024-10-24 11:20:00.0000",16.2,68.63,,,
"2024-10-24 11:10:00.0000",15.79,70.15,,,
"2024-10-24 11:00:00.0000",15.69,71.75,,,
"2024-10-24 10:50:00.0000",15.1,74.01,,,
"2024-10-24 10:40:00.0000",14.83,75.14,,,
"2024-10-24 10:30:00.0000",14.24,80.02,,,
"2024-10-15 12:50:00.0000",20.77,52.51,,,
"2024-10-15 12:40:00.0000",21.21,51.62,,,
"2024-10-15 12:30:00.0000",21.35,53.48,,,

