"Date & Time",Temperature,Humidity,PM1.0,PM2.5,PM10
"2025-01-01 00:25:13.0000",7.98,85.72,-1.4098648859776536e31,-6.408638469534527e29,-4.6824811977152995e29
"2025-01-01 00:55:06.0000",7.55,86.1,-1.4098648859776536e31,-6.408638469534527e29,-4.6824811977152995e29
"2025-01-01 01:25:00.0000",7.6,86.27,-1.4098648859776536e31,-6.408638469534527e29,-4.6824811977152995e29
"2025-01-01 01:54:53.0000",7.72,86.44,-1.4098648859776536e31,-6.408638469534527e29,-4.6824811977152995e29
"2025-01-01 02:24:47.0000",9.17,86.39,-1.4098648859776536e31,-6.408638469534527e29,-4.6824811977152995e29
"2025-01-01 02:54:41.0000",7.9,85.97,-1.4098648859776536e31,-6.408638469534527e29,-4.6824811977152995e29
"2025-01-01 03:24:32.0000",6.5,87.27,-1.4098648859776536e31,-6.408638469534527e29,-4.6824811977152995e29
"2025-01-01 03:54:26.0000",6.31,87.65,-1.4098648859776536e31,-6.408638469534527e29,-4.6824811977152995e29
"2025-01-01 04:24:19.0000",6.12,87.6,-1.4098648859776536e31,-6.408638469534527e29,-4.6824811977152995e29
"2025-01-01 04:54:13.0000",5.91,87.7,-1.4098648859776536e31,-6.408638469534527e29,-4.6824811977152995e29
"2025-01-01 05:24:06.0000",5.57,87.78,-1.4098648859776536e31,-6.408638469534527e29,-4.6824811977152995e29
"2025-01-01 05:54:00.0000",5.5,87.94,-1.4098648859776536e31,-6.408638469534527e29,-4.6824811977152995e29
"2025-01-01 06:23:53.0000",5.08,88.04,-1.4098648859776536e31,-6.408638469534527e29,-4.6824811977152995e29
"2025-01-01 06:53:46.0000",4.87,88.24,-1.4098648859776536e31,-6.408638469534527e29,-4.6824811977152995e29
"2025-01-01 07:23:37.0000",4.92,88.12,-1.4098648859776536e31,-6.408638469534527e29,-4.6824811977152995e29
"2025-01-01 07:53:31.0000",5.29,87.77,-1.4098648859776536e31,-6.408638469534527e29,-4.6824811977152995e29
"2025-01-01 08:23:25.0000",5.56,87.61,-1.4098648859776536e31,-6.408638469534527e29,-4.6824811977152995e29
"2025-01-01 08:53:19.0000",5.92,87.5,-1.4098648859776536e31,-6.408638469534527e29,-4.6824811977152995e29
"2025-01-01 09:23:13.0000",6.2,87.43,-1.4098648859776536e31,-6.408638469534527e29,-4.6824811977152995e29
"2025-01-01 09:53:06.0000",6.33,87.65,-1.4098648859776536e31,-6.408638469534527e29,-4.6824811977152995e29
"2025-01-01 10:23:00.0000",6.45,87.54,-1.4098648859776536e31,-6.408638469534527e29,-4.6824811977152995e29
"2025-01-01 10:52:52.0000",6.18,87.54,-1.4098648859776536e31,-6.408638469534527e29,-4.6824811977152995e29
"2025-01-01 11:22:46.0000",6.13,87.91,-1.4098648859776536e31,-6.408638469534527e29,-4.6824811977152995e29
"2025-01-01 11:52:39.0000",6.49,88.12,-1.4098648859776536e31,-6.408638469534527e29,-4.6824811977152995e29
"2025-01-01 12:22:33.0000",6.83,88.36,-1.4098648859776536e31,-6.408638469534527e29,-4.6824811977152995e29
"2025-01-01 12:52:26.0000",6.46,87.5,-1.4098648859776536e31,-6.408638469534527e29,-4.6824811977152995e29
"2025-01-01 13:22:21.0000",6.78,87.36,-1.4098648859776536e31,-6.408638469534527e29,-4.6824811977152995e29
"2025-01-01 14:52:03.0000",6.61,87.58,-1.4098648859776536e31,-6.408638469534527e29,-4.6824811977152995e29
"2025-01-01 15:21:58.0000",6.13,85.94,-1.4098648859776536e31,-6.408638469534527e29,-4.6824811977152995e29
"2025-01-01 15:51:50.0000",5.32,86.59,-1.4098648859776536e31,-6.408638469534527e29,-4.6824811977152995e29
"2025-01-01 16:21:44.0000",5.4,87.15,-1.4098648859776536e31,-6.408638469534527e29,-4.6824811977152995e29
"2025-01-01 16:51:38.0000",5.9,87.16,-1.4098648859776536e31,-6.408638469534527e29,-4.6824811977152995e29
"2025-01-01 17:21:31.0000",6.07,85.52,-1.4098648859776536e31,-6.408638469534527e29,-4.6824811977152995e29
"2025-01-01 17:51:24.0000",5.47,84.77,-1.4098648859776536e31,-6.408638469534527e29,-4.6824811977152995e29
"2025-01-01 18:21:18.0000",5.37,84.97,-1.4098648859776536e31,-6.408638469534527e29,-4.6824811977152995e29
"2025-01-01 19:50:53.0000",3.21,86.82,-1.4098648859776536e31,-6.408638469534527e29,-4.6824811977152995e29
"2025-01-01 20:50:40.0000",2.62,86.6,-1.4098648859776536e31,-6.408638469534527e29,-4.6824811977152995e29
"2025-01-01 21:20:32.0000",2.61,87.08,-1.4098648859776536e31,-6.408638469534527e29,-4.6824811977152995e29
"2025-01-01 21:50:25.0000",2.45,86.58,-1.4098648859776536e31,-6.408638469534527e29,-4.6824811977152995e29
"2025-01-01 22:20:19.0000",1.95,86.63,-1.4098648859776536e31,-6.408638469534527e29,-4.6824811977152995e29
"2025-01-01 22:50:11.0000",1.4,86.59,-1.4098648859776536e31,-6.408638469534527e29,-4.6824811977152995e29
"2025-01-01 23:20:04.0000",1.07,86.53,-1.4098648859776536e31,-6.408638469534527e29,-4.6824811977152995e29
"2025-01-01 23:49:55.0000",0.78,86.45,-1.4098648859776536e31,-6.408638469534527e29,-4.6824811977152995e29
"2025-01-02 00:19:50.0000",0.5,86.46,-1.4098648859776536e31,-6.408638469534527e29,-4.6824811977152995e29
"2025-01-02 01:19:37.0000",0.01,86.18,-1.4098648859776536e31,-6.408638469534527e29,-4.6824811977152995e29
"2025-01-02 01:49:31.0000",-0.38,86.22,-1.4098648859776536e31,-6.408638469534527e29,-4.6824811977152995e29
"2025-01-02 02:19:24.0000",-0.6,86.46,-1.4098648859776536e31,-6.408638469534527e29,-4.6824811977152995e29
"2025-01-02 03:19:10.0000",-0.33,86.13,-1.4098648859776536e31,-6.408638469534527e29,-4.6824811977152995e29
"2025-01-02 03:49:04.0000",-0.65,86.17,-1.4098648859776536e31,-6.408638469534527e29,-4.6824811977152995e29
"2025-01-02 04:48:50.0000",-1.14,85.95,-1.4098648859776536e31,-6.408638469534527e29,-4.6824811977152995e29
"2025-01-02 05:18:41.0000",-1.38,85.99,-1.4098648859776536e31,-6.408638469534527e29,-4.6824811977152995e29
"2025-01-02 05:48:34.0000",-1.51,86.04,-1.4098648859776536e31,-6.408638469534527e29,-4.6824811977152995e29
"2025-01-02 06:18:26.0000",-1.56,86.1,-1.4098648859776536e31,-6.408638469534527e29,-4.6824811977152995e29
"2025-01-02 06:48:20.0000",-1.47,86.04,-1.4098648859776536e31,-6.408638469534527e29,-4.6824811977152995e29
"2025-01-02 07:18:15.0000",-1.46,86.03,-1.4098648859776536e31,-6.408638469534527e29,-4.6824811977152995e29
"2025-01-02 07:48:09.0000",-1.44,85.95,-1.4098648859776536e31,-6.408638469534527e29,-4.6824811977152995e29
"2025-01-02 08:18:05.0000",-0.72,85.9,-1.4098648859776536e31,-6.408638469534527e29,-4.6824811977152995e29
"2025-01-02 08:47:59.0000",-0.41,85.69,-1.4098648859776536e31,-6.408638469534527e29,-4.6824811977152995e29
"2025-01-02 09:17:51.0000",-0.39,85.63,-1.4098648859776536e31,-6.408638469534527e29,-4.6824811977152995e29
"2025-01-02 09:47:44.0000",-0.03,85.5,-1.4098648859776536e31,-6.408638469534527e29,-4.6824811977152995e29
"2025-01-02 10:17:38.0000",0.4,85.2,-1.4098648859776536e31,-6.408638469534527e29,-4.6824811977152995e29
"2025-01-02 10:47:31.0000",0.86,84.66,-1.4098648859776536e31,-6.408638469534527e29,-4.6824811977152995e29
"2025-01-02 11:17:26.0000",2.37,86.91,1.930006980895996,2.688360753662883,7.727776730705363
"2025-01-02 12:17:24.0000",7.87,80.74,-1.4098648859776536e31,-6.408638469534527e29,-4.6824811977152995e29
"2025-01-02 12:47:21.0000",10.14,77.7,7.785794258117676,7.162032991116239,12.268091212911145
"2025-01-02 13:17:06.0000",4.93,81.75,1.3043429851531982,2.947778832941937,9.749434650495916
"2025-01-02 14:16:48.0000",2.71,82.42,2.166905403137207,2.920686554616396,9.077595615934065
"2025-01-02 14:46:40.0000",3.02,81.74,39.92360305786133,29.39894899835603,23.557008712249996
"2025-01-02 15:16:33.0000",3.26,79.67,0.8369386196136475,2.5489192582417917,9.472138900578686
"2025-01-02 15:46:26.0000",2.89,79.5,31.34735679626465,23.697662218065183,20.40572881644654
"2025-01-02 16:46:13.0000",1.81,79.69,1.454611897468567,2.364910596886951,7.672097120987814
"2025-01-02 17:16:05.0000",1.12,79.72,1.888118863105774,2.643869005130909,7.650011459993688
"2025-01-02 17:45:57.0000",0.34,79.92,1.6441423892974854,2.4199636319244826,8.05191059929314
"2025-01-02 18:15:49.0000",0.01,80.31,2.292593479156494,2.7672141991056987,7.645156049864318
"2025-01-02 18:45:41.0000",-0.05,80.25,7.279987335205078,6.257580350099151,10.292888082414745
"2025-01-02 19:15:36.0000",-0.12,80.31,9.503585815429688,7.64903401671066,9.888802090657148
"2025-01-02 19:45:29.0000",-0.53,80.25,56.23193359375,40.92420389785601,29.292650724442986
"2025-01-02 20:15:22.0000",-0.93,80.18,-1.4098648859776536e31,-6.408638469534527e29,-4.6824811977152995e29
"2025-01-02 20:45:14.0000",-1.19,80.25,-1.4098648859776536e31,-6.408638469534527e29,-4.6824811977152995e29
"2025-01-02 21:45:02.0000",-1.11,80.55,1.7587162256240845,2.1682892880387925,6.236524361872398
"2025-01-02 22:14:58.0000",-0.68,80.34,2.440561056137085,2.633548742161412,7.495167103272207
"2025-01-02 22:44:53.0000",-0.36,80.23,1.720249056816101,2.375425472692274,7.785042342669396
"2025-01-02 23:14:48.0000",1.08,79.43,1.0148594379425049,2.2404138251063115,9.004260938545997
"2025-01-02 23:44:41.0000",1.86,78.36,0.9436635375022888,2.5463634332751854,8.90785761944623
"2025-01-03 00:14:34.0000",1.72,77.9,9.883783340454102,8.811815230618997,13.333050210534696
"2025-01-03 00:44:25.0000",1.36,78.24,0.8268407583236694,2.587240406031305,9.558464091445005
"2025-01-03 01:14:18.0000",1.79,76.64,0.7169257402420044,2.5820720094468173,9.125206942906894
"2025-01-03 01:44:12.0000",2.1,75.99,0.5762367248535156,2.509079807324381,9.155727670550352
"2025-01-03 02:14:07.0000",2.27,75.39,0.5412521958351135,2.485621630037525,9.43366136953168
"2025-01-03 02:44:00.0000",2.29,75.27,0.6975930333137512,2.5849428556057052,8.671770040278423
"2025-01-03 03:13:53.0000",2.74,75.13,52.23075485229492,38.397089799088235,30.19293939820798
"2025-01-03 03:43:47.0000",2.87,74.96,0.9220655560493469,2.552364881986064,8.683921105540959
"2025-01-03 04:43:34.0000",3.43,75.96,1.1956605911254883,2.827123366996458,10.335037812814546
"2025-01-03 05:43:21.0000",4.11,73.25,1.0522220134735107,3.0286459994981247,10.660598948917919
"2025-01-03 06:13:14.0000",4.2,73.24,0.895034670829773,2.6985627406288266,8.824068124573888
"2025-01-03 06:43:08.0000",4.17,74.08,0.8352974653244019,2.64973870519809,9.084727087195558
"2025-01-03 07:42:57.0000",4.31,74.95,1.4048857688903809,3.0091413387077743,11.62873788849062
"2025-01-03 08:12:50.0000",4.22,75.27,1.3128634691238403,2.8266959217597134,11.37600816222938
"2025-01-03 08:42:44.0000",4.43,75.65,1.2941293716430664,3.012303262401199,9.728685602022695
"2025-01-03 09:12:39.0000",4.64,75.6,1.3203365802764893,2.9021905603985703,11.26426785109143
"2025-01-03 09:42:30.0000",3.8,76.67,1.568686842918396,2.984826907948947,11.01662878333926
"2025-01-03 10:12:24.0000",4,77.55,-1.4098648859776536e31,-6.408638469534527e29,-4.6824811977152995e29
"2025-01-03 10:42:18.0000",4.51,78.42,-1.4098648859776536e31,-6.408638469534527e29,-4.6824811977152995e29
"2025-01-03 11:12:12.0000",4.55,78.66,-1.4098648859776536e31,-6.408638469534527e29,-4.6824811977152995e29
"2025-01-03 11:42:05.0000",4.64,79.91,-1.4098648859776536e31,-6.408638469534527e29,-4.6824811977152995e29
"2025-01-03 12:11:58.0000",4.87,80.3,-1.4098648859776536e31,-6.408638469534527e29,-4.6824811977152995e29
"2025-01-03 12:41:51.0000",4.59,80.23,-1.4098648859776536e31,-6.408638469534527e29,-4.6824811977152995e29
"2025-01-03 13:11:44.0000",4.66,80.82,-1.4098648859776536e31,-6.408638469534527e29,-4.6824811977152995e29
"2025-01-03 13:41:37.0000",4.51,81.71,-1.4098648859776536e31,-6.408638469534527e29,-4.6824811977152995e29
"2025-01-03 14:11:29.0000",4.54,81.85,-1.4098648859776536e31,-6.408638469534527e29,-4.6824811977152995e29
"2025-01-03 14:41:24.0000",5.05,82.13,-1.4098648859776536e31,-6.408638469534527e29,-4.6824811977152995e29
"2025-01-03 15:11:18.0000",5.21,81.69,2.682741165161133,3.2702474408705093,7.537412177336632
"2025-01-03 15:41:11.0000",5.06,81.57,-1.4098648859776536e31,-6.408638469534527e29,-4.6824811977152995e29
"2025-01-03 16:11:04.0000",4.55,81.82,1.1502618789672852,2.2468075457258174,6.805564123641029
"2025-01-03 16:40:57.0000",4.38,82.05,-1.4098648859776536e31,-6.408638469534527e29,-4.6824811977152995e29
"2025-01-03 17:10:48.0000",3.92,82.04,-1.4098648859776536e31,-6.408638469534527e29,-4.6824811977152995e29
"2025-01-03 17:40:42.0000",4.17,82.09,-1.4098648859776536e31,-6.408638469534527e29,-4.6824811977152995e29
"2025-01-03 18:10:35.0000",4.41,82.21,-1.4098648859776536e31,-6.408638469534527e29,-4.6824811977152995e29
"2025-01-03 19:10:20.0000",4.09,82.13,-1.4098648859776536e31,-6.408638469534527e29,-4.6824811977152995e29
"2025-01-03 19:40:12.0000",3.66,82.44,-1.4098648859776536e31,-6.408638469534527e29,-4.6824811977152995e29
"2025-01-03 20:10:05.0000",3.14,82.75,-1.4098648859776536e31,-6.408638469534527e29,-4.6824811977152995e29
"2025-01-03 20:40:00.0000",3.19,83,-1.4098648859776536e31,-6.408638469534527e29,-4.6824811977152995e29
"2025-01-03 21:09:54.0000",3.23,83.17,-1.4098648859776536e31,-6.408638469534527e29,-4.6824811977152995e29
"2025-01-03 21:39:46.0000",3.37,83.09,-1.4098648859776536e31,-6.408638469534527e29,-4.6824811977152995e29
"2025-01-03 22:09:40.0000",3.32,83.09,-1.4098648859776536e31,-6.408638469534527e29,-4.6824811977152995e29
"2025-01-03 23:09:27.0000",3.27,82.95,-1.4098648859776536e31,-6.408638469534527e29,-4.6824811977152995e29
"2025-01-03 23:39:19.0000",3.14,83.08,-1.4098648859776536e31,-6.408638469534527e29,-4.6824811977152995e29
"2025-01-04 00:09:13.0000",3.09,83.19,-1.4098648859776536e31,-6.408638469534527e29,-4.6824811977152995e29
"2025-01-04 01:38:53.0000",2.84,83.48,-1.4098648859776536e31,-6.408638469534527e29,-4.6824811977152995e29
"2025-01-04 02:08:46.0000",2.89,83.53,-1.4098648859776536e31,-6.408638469534527e29,-4.6824811977152995e29
"2025-01-04 02:38:40.0000",2.96,83.46,-1.4098648859776536e31,-6.408638469534527e29,-4.6824811977152995e29
"2025-01-04 03:08:32.0000",2.96,83.56,-1.4098648859776536e31,-6.408638469534527e29,-4.6824811977152995e29
"2025-01-04 03:38:26.0000",2.98,83.47,-1.4098648859776536e31,-6.408638469534527e29,-4.6824811977152995e29
"2025-01-04 04:08:18.0000",2.62,83.62,-1.4098648859776536e31,-6.408638469534527e29,-4.6824811977152995e29
"2025-01-04 04:38:11.0000",2.54,83.67,-1.4098648859776536e31,-6.408638469534527e29,-4.6824811977152995e29
"2025-01-04 05:08:04.0000",2.68,83.63,-1.4098648859776536e31,-6.408638469534527e29,-4.6824811977152995e29
"2025-01-04 05:37:59.0000",2.52,83.47,-1.4098648859776536e31,-6.408638469534527e29,-4.6824811977152995e29
"2025-01-04 06:07:52.0000",2.31,83.59,-1.4098648859776536e31,-6.408638469534527e29,-4.6824811977152995e29
"2025-01-04 06:37:44.0000",2.15,83.75,-1.4098648859776536e31,-6.408638469534527e29,-4.6824811977152995e29
"2025-01-04 07:07:38.0000",2.15,83.71,-1.4098648859776536e31,-6.408638469534527e29,-4.6824811977152995e29
"2025-01-04 07:37:31.0000",2.23,83.78,-1.4098648859776536e31,-6.408638469534527e29,-4.6824811977152995e29
"2025-01-04 08:07:25.0000",2.19,83.82,-1.4098648859776536e31,-6.408638469534527e29,-4.6824811977152995e29
"2025-01-04 08:37:19.0000",2.15,83.77,-1.4098648859776536e31,-6.408638469534527e29,-4.6824811977152995e29
"2025-01-04 09:07:12.0000",2.07,83.91,-1.4098648859776536e31,-6.408638469534527e29,-4.6824811977152995e29
"2025-01-04 09:37:05.0000",2.04,83.95,-1.4098648859776536e31,-6.408638469534527e29,-4.6824811977152995e29
"2025-01-04 10:06:58.0000",2.01,84.05,-1.4098648859776536e31,-6.408638469534527e29,-4.6824811977152995e29
"2025-01-04 10:36:51.0000",2,83.94,-1.4098648859776536e31,-6.408638469534527e29,-4.6824811977152995e29
"2025-01-04 11:06:47.0000",2.21,84.11,-1.4098648859776536e31,-6.408638469534527e29,-4.6824811977152995e29
"2025-01-04 11:36:41.0000",2.46,84.02,-1.4098648859776536e31,-6.408638469534527e29,-4.6824811977152995e29
"2025-01-04 12:36:27.0000",2.77,83.68,-1.4098648859776536e31,-6.408638469534527e29,-4.6824811977152995e29
"2025-01-04 13:36:15.0000",2.54,83.63,-1.4098648859776536e31,-6.408638469534527e29,-4.6824811977152995e29
"2025-01-04 14:06:10.0000",2.6,83.72,-1.4098648859776536e31,-6.408638469534527e29,-4.6824811977152995e29
"2025-01-04 14:36:03.0000",2.4,83.51,-1.4098648859776536e31,-6.408638469534527e29,-4.6824811977152995e29
"2025-01-04 15:05:57.0000",2.31,83.53,-1.4098648859776536e31,-6.408638469534527e29,-4.6824811977152995e29
"2025-01-04 15:35:51.0000",2.19,83.41,-1.4098648859776536e31,-6.408638469534527e29,-4.6824811977152995e29
"2025-01-04 16:05:45.0000",1.9,83.38,-1.4098648859776536e31,-6.408638469534527e29,-4.6824811977152995e29
"2025-01-04 16:35:37.0000",1.62,83.43,-1.4098648859776536e31,-6.408638469534527e29,-4.6824811977152995e29
"2025-01-04 17:05:29.0000",1.54,83.39,-1.4098648859776536e31,-6.408638469534527e29,-4.6824811977152995e29
"2025-01-04 17:35:22.0000",1.49,83.37,-1.4098648859776536e31,-6.408638469534527e29,-4.6824811977152995e29
"2025-01-04 18:05:16.0000",1.46,83.22,-1.4098648859776536e31,-6.408638469534527e29,-4.6824811977152995e29
"2025-01-04 19:05:04.0000",1.55,83.13,-1.4098648859776536e31,-6.408638469534527e29,-4.6824811977152995e29
"2025-01-04 19:34:57.0000",1.46,83.15,-1.4098648859776536e31,-6.408638469534527e29,-4.6824811977152995e29
"2025-01-04 20:04:50.0000",1.35,83.14,-1.4098648859776536e31,-6.408638469534527e29,-4.6824811977152995e29
"2025-01-04 20:34:44.0000",1.42,83.21,-1.4098648859776536e31,-6.408638469534527e29,-4.6824811977152995e29
"2025-01-04 21:04:37.0000",1.48,82.9,-1.4098648859776536e31,-6.408638469534527e29,-4.6824811977152995e29
"2025-01-04 21:34:29.0000",0.98,83.25,-1.4098648859776536e31,-6.408638469534527e29,-4.6824811977152995e29
"2025-01-04 22:34:12.0000",0.22,84.03,-1.4098648859776536e31,-6.408638469534527e29,-4.6824811977152995e29
"2025-01-04 23:33:56.0000",-0.36,84.62,-1.4098648859776536e31,-6.408638469534527e29,-4.6824811977152995e29
"2025-01-05 00:03:51.0000",-0.61,84.83,-1.4098648859776536e31,-6.408638469534527e29,-4.6824811977152995e29
"2025-01-05 00:33:43.0000",-0.67,85.53,-1.4098648859776536e31,-6.408638469534527e29,-4.6824811977152995e29
"2025-01-05 01:03:38.0000",-0.57,85.99,-1.4098648859776536e31,-6.408638469534527e29,-4.6824811977152995e29
"2025-01-05 01:33:31.0000",-0.78,86.41,-1.4098648859776536e31,-6.408638469534527e29,-4.6824811977152995e29
"2025-01-05 02:03:24.0000",-0.88,86.82,-1.4098648859776536e31,-6.408638469534527e29,-4.6824811977152995e29
"2025-01-05 03:03:10.0000",-0.82,87.8,-1.4098648859776536e31,-6.408638469534527e29,-4.6824811977152995e29
"2025-01-05 03:33:04.0000",-0.77,87.6,-1.4098648859776536e31,-6.408638469534527e29,-4.6824811977152995e29
"2025-01-05 04:02:58.0000",-0.97,87.98,-1.4098648859776536e31,-6.408638469534527e29,-4.6824811977152995e29
"2025-01-05 04:32:51.0000",-0.97,88.18,-1.4098648859776536e31,-6.408638469534527e29,-4.6824811977152995e29
"2025-01-05 05:02:45.0000",-1.01,88.43,-1.4098648859776536e31,-6.408638469534527e29,-4.6824811977152995e29
"2025-01-05 05:32:38.0000",-1.07,88.67,-1.4098648859776536e31,-6.408638469534527e29,-4.6824811977152995e29
"2025-01-05 06:02:31.0000",-1.13,88.9,-1.4098648859776536e31,-6.408638469534527e29,-4.6824811977152995e29
"2025-01-05 06:32:23.0000",-1.09,89.04,-1.4098648859776536e31,-6.408638469534527e29,-4.6824811977152995e29
"2025-01-05 07:02:15.0000",-1.09,89.16,-1.4098648859776536e31,-6.408638469534527e29,-4.6824811977152995e29
"2025-01-05 07:32:09.0000",-1.05,89.25,-1.4098648859776536e31,-6.408638469534527e29,-4.6824811977152995e29
"2025-01-05 08:02:03.0000",-1,89.39,-1.4098648859776536e31,-6.408638469534527e29,-4.6824811977152995e29
"2025-01-05 08:31:58.0000",-0.9,89.59,-1.4098648859776536e31,-6.408638469534527e29,-4.6824811977152995e29
"2025-01-05 09:01:51.0000",-0.78,89.78,-1.4098648859776536e31,-6.408638469534527e29,-4.6824811977152995e29
"2025-01-05 09:31:44.0000",-0.66,89.77,-1.4098648859776536e31,-6.408638469534527e29,-4.6824811977152995e29
"2025-01-05 10:01:37.0000",-0.46,89.8,-1.4098648859776536e31,-6.408638469534527e29,-4.6824811977152995e29
"2025-01-05 10:31:31.0000",-0.28,89.86,-1.4098648859776536e31,-6.408638469534527e29,-4.6824811977152995e29
"2025-01-05 11:01:25.0000",-0.01,89.97,-1.4098648859776536e31,-6.408638469534527e29,-4.6824811977152995e29
"2025-01-05 11:31:20.0000",0.19,89.91,-1.4098648859776536e31,-6.408638469534527e29,-4.6824811977152995e29
"2025-01-05 12:01:13.0000",0.22,89.83,-1.4098648859776536e31,-6.408638469534527e29,-4.6824811977152995e29
"2025-01-05 12:31:07.0000",0.43,90.02,-1.4098648859776536e31,-6.408638469534527e29,-4.6824811977152995e29
"2025-01-05 13:01:00.0000",0.42,90,-1.4098648859776536e31,-6.408638469534527e29,-4.6824811977152995e29
"2025-01-05 13:30:53.0000",0.43,89.91,-1.4098648859776536e31,-6.408638469534527e29,-4.6824811977152995e29
"2025-01-05 14:00:47.0000",0.36,89.97,-1.4098648859776536e31,-6.408638469534527e29,-4.6824811977152995e29
"2025-01-05 15:00:34.0000",0.38,89.91,-1.4098648859776536e31,-6.408638469534527e29,-4.6824811977152995e29
"2025-01-05 15:30:26.0000",0.49,89.85,-1.4098648859776536e31,-6.408638469534527e29,-4.6824811977152995e29
"2025-01-05 16:00:20.0000",0.56,89.81,-1.4098648859776536e31,-6.408638469534527e29,-4.6824811977152995e29
"2025-01-05 16:30:12.0000",0.64,89.8,-1.4098648859776536e31,-6.408638469534527e29,-4.6824811977152995e29
"2025-01-05 17:00:06.0000",0.71,89.8,-1.4098648859776536e31,-6.408638469534527e29,-4.6824811977152995e29
"2025-01-05 17:30:00.0000",0.76,89.79,-1.4098648859776536e31,-6.408638469534527e29,-4.6824811977152995e29
"2025-01-05 17:59:55.0000",0.8,89.8,-1.4098648859776536e31,-6.408638469534527e29,-4.6824811977152995e29
"2025-01-05 18:29:47.0000",0.82,89.75,-1.4098648859776536e31,-6.408638469534527e29,-4.6824811977152995e29
"2025-01-05 18:59:39.0000",0.84,89.75,-1.4098648859776536e31,-6.408638469534527e29,-4.6824811977152995e29
"2025-01-05 19:59:26.0000",0.87,89.86,-1.4098648859776536e31,-6.408638469534527e29,-4.6824811977152995e29
"2025-01-05 20:29:20.0000",0.99,89.85,-1.4098648859776536e31,-6.408638469534527e29,-4.6824811977152995e29
"2025-01-05 21:29:06.0000",1.13,89.86,-1.4098648859776536e31,-6.408638469534527e29,-4.6824811977152995e29
"2025-01-05 21:58:59.0000",1,89.79,-1.4098648859776536e31,-6.408638469534527e29,-4.6824811977152995e29
"2025-01-05 22:28:54.0000",0.86,89.87,-1.4098648859776536e31,-6.408638469534527e29,-4.6824811977152995e29
"2025-01-05 22:58:47.0000",0.85,89.95,-1.4098648859776536e31,-6.408638469534527e29,-4.6824811977152995e29
"2025-01-05 23:28:41.0000",0.86,89.92,-1.4098648859776536e31,-6.408638469534527e29,-4.6824811977152995e29
"2025-01-05 23:58:33.0000",0.84,89.96,-1.4098648859776536e31,-6.408638469534527e29,-4.6824811977152995e29
"2025-01-06 00:28:26.0000",0.59,89.88,-1.4098648859776536e31,-6.408638469534527e29,-4.6824811977152995e29
"2025-01-06 00:58:18.0000",0.22,89.97,-1.4098648859776536e31,-6.408638469534527e29,-4.6824811977152995e29
"2025-01-06 01:28:12.0000",-0.21,90.07,-1.4098648859776536e31,-6.408638469534527e29,-4.6824811977152995e29
"2025-01-06 01:58:05.0000",-0.47,90.13,-1.4098648859776536e31,-6.408638469534527e29,-4.6824811977152995e29
"2025-01-06 02:27:56.0000",-0.65,90.18,-1.4098648859776536e31,-6.408638469534527e29,-4.6824811977152995e29
"2025-01-06 03:27:44.0000",-0.87,90.15,-1.4098648859776536e31,-6.408638469534527e29,-4.6824811977152995e29
"2025-01-06 03:57:39.0000",-0.78,90.17,-1.4098648859776536e31,-6.408638469534527e29,-4.6824811977152995e29
"2025-01-06 04:27:32.0000",-0.61,90.33,-1.4098648859776536e31,-6.408638469534527e29,-4.6824811977152995e29
"2025-01-06 04:57:26.0000",-0.17,90.31,-1.4098648859776536e31,-6.408638469534527e29,-4.6824811977152995e29
"2025-01-06 05:27:21.0000",0.33,90.34,-1.4098648859776536e31,-6.408638469534527e29,-4.6824811977152995e29
"2025-01-06 05:57:15.0000",0.7,90.34,-1.4098648859776536e31,-6.408638469534527e29,-4.6824811977152995e29
"2025-01-06 06:27:10.0000",0.91,90.43,-1.4098648859776536e31,-6.408638469534527e29,-4.6824811977152995e29
"2025-01-06 06:57:05.0000",1.12,90.48,-1.4098648859776536e31,-6.408638469534527e29,-4.6824811977152995e29
"2025-01-06 07:26:59.0000",1.51,90.35,-1.4098648859776536e31,-6.408638469534527e29,-4.6824811977152995e29
"2025-01-06 07:56:54.0000",1.77,90.25,-1.4098648859776536e31,-6.408638469534527e29,-4.6824811977152995e29
"2025-01-06 08:26:49.0000",2.26,90.19,-1.4098648859776536e31,-6.408638469534527e29,-4.6824811977152995e29
"2025-01-06 08:56:44.0000",2.7,90.07,-1.4098648859776536e31,-6.408638469534527e29,-4.6824811977152995e29
"2025-01-06 09:26:39.0000",2.95,91.1,-1.4098648859776536e31,-6.408638469534527e29,-4.6824811977152995e29
"2025-01-06 09:56:33.0000",3.4,87.66,-1.4098648859776536e31,-6.408638469534527e29,-4.6824811977152995e29
"2025-01-06 10:26:26.0000",3.45,86.82,-1.4098648859776536e31,-6.408638469534527e29,-4.6824811977152995e29
"2025-01-06 12:26:01.0000",5.38,84.01,-1.4098648859776536e31,-6.408638469534527e29,-4.6824811977152995e29
"2025-01-06 13:25:52.0000",5.09,81.09,1.5726474523544312,2.7510990783297578,8.517131212342628
"2025-01-06 13:55:46.0000",4.79,80.94,2.1356358528137207,2.97879080450947,8.425983150067395
"2025-01-06 14:25:39.0000",5.24,80.34,0.6263236999511719,2.0537513349973358,7.820657982569089
"2025-01-06 14:55:32.0000",4.95,81.22,1.4009075164794922,2.683056349757746,11.500448606862156
"2025-01-06 15:25:26.0000",4.86,81.58,-1.4098648859776536e31,-6.408638469534527e29,-4.6824811977152995e29
"2025-01-06 15:55:19.0000",4.14,82.13,-1.4098648859776536e31,-6.408638469534527e29,-4.6824811977152995e29
"2025-01-06 16:25:11.0000",4.19,82.59,-1.4098648859776536e31,-6.408638469534527e29,-4.6824811977152995e29
"2025-01-06 16:55:06.0000",4.27,82.5,-1.4098648859776536e31,-6.408638469534527e29,-4.6824811977152995e29
"2025-01-06 17:24:59.0000",4.2,82.44,-1.4098648859776536e31,-6.408638469534527e29,-4.6824811977152995e29
"2025-01-06 17:54:52.0000",4.5,82.51,-1.4098648859776536e31,-6.408638469534527e29,-4.6824811977152995e29
"2025-01-06 18:24:46.0000",4.58,81.78,-1.4098648859776536e31,-6.408638469534527e29,-4.6824811977152995e29
"2025-01-06 18:54:38.0000",4.65,80.8,-1.4098648859776536e31,-6.408638469534527e29,-4.6824811977152995e29
"2025-01-06 19:24:31.0000",4.45,79.43,2.182626247406006,3.5784765666465947,11.154848295981362
"2025-01-06 20:54:10.0000",3.56,80.19,-1.4098648859776536e31,-6.408638469534527e29,-4.6824811977152995e29
"2025-01-06 21:24:03.0000",3.2,79.3,1.851625919342041,3.6421071288729587,11.13100015471944
"2025-01-06 21:53:58.0000",3.19,78.59,1.8058116436004639,3.3988134358643505,11.379669091249102
"2025-01-06 22:53:40.0000",1.06,80.21,-1.4098648859776536e31,-6.408638469534527e29,-4.6824811977152995e29
"2025-01-06 23:23:32.0000",0.28,80.96,-1.4098648859776536e31,-6.408638469534527e29,-4.6824811977152995e29
"2025-01-06 23:53:26.0000",0.49,81.37,-1.4098648859776536e31,-6.408638469534527e29,-4.6824811977152995e29
"2025-01-07 00:23:16.0000",-0.54,81.67,-1.4098648859776536e31,-6.408638469534527e29,-4.6824811977152995e29
"2025-01-07 01:23:02.0000",-0.98,82.47,-1.4098648859776536e31,-6.408638469534527e29,-4.6824811977152995e29
"2025-01-07 01:52:55.0000",-0.94,82.65,-1.4098648859776536e31,-6.408638469534527e29,-4.6824811977152995e29
"2025-01-07 02:22:48.0000",-0.74,82.78,-1.4098648859776536e31,-6.408638469534527e29,-4.6824811977152995e29
"2025-01-07 02:52:43.0000",-0.55,83.08,-1.4098648859776536e31,-6.408638469534527e29,-4.6824811977152995e29
"2025-01-07 03:22:37.0000",-0.33,83.44,-1.4098648859776536e31,-6.408638469534527e29,-4.6824811977152995e29
"2025-01-07 03:52:32.0000",0.02,83.69,-1.4098648859776536e31,-6.408638469534527e29,-4.6824811977152995e29
"2025-01-07 04:22:26.0000",0.15,83.88,-1.4098648859776536e31,-6.408638469534527e29,-4.6824811977152995e29
"2025-01-07 04:52:19.0000",0.34,84.06,-1.4098648859776536e31,-6.408638469534527e29,-4.6824811977152995e29
"2025-01-07 05:22:14.0000",0.37,84,-1.4098648859776536e31,-6.408638469534527e29,-4.6824811977152995e29
"2025-01-07 06:22:01.0000",0.15,84.77,-1.4098648859776536e31,-6.408638469534527e29,-4.6824811977152995e29
"2025-01-07 06:51:54.0000",0.39,84.85,-1.4098648859776536e31,-6.408638469534527e29,-4.6824811977152995e29
"2025-01-07 07:21:47.0000",0.17,85.1,-1.4098648859776536e31,-6.408638469534527e29,-4.6824811977152995e29
"2025-01-07 07:51:41.0000",0.32,85.1,-1.4098648859776536e31,-6.408638469534527e29,-4.6824811977152995e29
"2025-01-07 08:21:34.0000",0.35,85.4,-1.4098648859776536e31,-6.408638469534527e29,-4.6824811977152995e29
"2025-01-07 08:51:29.0000",1.16,85.28,-1.4098648859776536e31,-6.408638469534527e29,-4.6824811977152995e29
"2025-01-07 09:21:23.0000",1.24,85.38,-1.4098648859776536e31,-6.408638469534527e29,-4.6824811977152995e29
"2025-01-07 09:51:17.0000",1,85.34,-1.4098648859776536e31,-6.408638469534527e29,-4.6824811977152995e29
"2025-01-07 10:21:11.0000",0.95,85.51,-1.4098648859776536e31,-6.408638469534527e29,-4.6824811977152995e29
"2025-01-07 10:51:05.0000",2.1,85.05,-1.4098648859776536e31,-6.408638469534527e29,-4.6824811977152995e29
"2025-01-07 11:50:49.0000",1.69,85.83,-1.4098648859776536e31,-6.408638469534527e29,-4.6824811977152995e29
"2025-01-07 12:20:42.0000",2.33,85.94,-1.4098648859776536e31,-6.408638469534527e29,-4.6824811977152995e29
"2025-01-07 12:50:36.0000",2.59,85.88,-1.4098648859776536e31,-6.408638469534527e29,-4.6824811977152995e29
"2025-01-07 13:20:29.0000",2.7,85.65,-1.4098648859776536e31,-6.408638469534527e29,-4.6824811977152995e29
"2025-01-07 13:50:23.0000",2.74,85.9,-1.4098648859776536e31,-6.408638469534527e29,-4.6824811977152995e29
"2025-01-07 14:20:16.0000",2.45,85.6,-1.4098648859776536e31,-6.408638469534527e29,-4.6824811977152995e29
"2025-01-07 14:50:08.0000",2.51,86.3,-1.4098648859776536e31,-6.408638469534527e29,-4.6824811977152995e29
"2025-01-07 15:20:03.0000",3.07,85.98,-1.4098648859776536e31,-6.408638469534527e29,-4.6824811977152995e29
"2025-01-07 15:49:53.0000",1.71,86.4,-1.4098648859776536e31,-6.408638469534527e29,-4.6824811977152995e29
"2025-01-07 16:19:46.0000",2.03,86.86,-1.4098648859776536e31,-6.408638469534527e29,-4.6824811977152995e29
"2025-01-07 17:19:34.0000",2.75,86.43,-1.4098648859776536e31,-6.408638469534527e29,-4.6824811977152995e29
"2025-01-07 17:49:27.0000",2.81,86.14,-1.4098648859776536e31,-6.408638469534527e29,-4.6824811977152995e29
"2025-01-07 18:19:21.0000",2.72,85.39,-1.4098648859776536e31,-6.408638469534527e29,-4.6824811977152995e29
"2025-01-07 18:49:15.0000",2.67,85.81,-1.4098648859776536e31,-6.408638469534527e29,-4.6824811977152995e29
"2025-01-07 19:19:10.0000",3.27,84.88,-1.4098648859776536e31,-6.408638469534527e29,-4.6824811977152995e29
"2025-01-07 19:49:03.0000",3.3,84.47,-1.4098648859776536e31,-6.408638469534527e29,-4.6824811977152995e29
"2025-01-07 20:18:56.0000",3.57,84.04,-1.4098648859776536e31,-6.408638469534527e29,-4.6824811977152995e29
"2025-01-07 20:48:49.0000",3.42,82.39,-1.4098648859776536e31,-6.408638469534527e29,-4.6824811977152995e29
"2025-01-07 21:18:42.0000",2.67,83.18,-1.4098648859776536e31,-6.408638469534527e29,-4.6824811977152995e29
"2025-01-07 22:18:26.0000",2.48,84.43,-1.4098648859776536e31,-6.408638469534527e29,-4.6824811977152995e29
"2025-01-07 22:48:20.0000",2.63,84.59,-1.4098648859776536e31,-6.408638469534527e29,-4.6824811977152995e29
"2025-01-07 23:18:13.0000",2.31,85.11,-1.4098648859776536e31,-6.408638469534527e29,-4.6824811977152995e29
"2025-01-07 23:48:05.0000",1.98,84.89,-1.4098648859776536e31,-6.408638469534527e29,-4.6824811977152995e29
"2025-01-08 00:17:59.0000",1.79,84.86,-1.4098648859776536e31,-6.408638469534527e29,-4.6824811977152995e29
"2025-01-08 00:47:52.0000",1.5,85.25,-1.4098648859776536e31,-6.408638469534527e29,-4.6824811977152995e29
"2025-01-08 01:17:48.0000",1.97,85.13,-1.4098648859776536e31,-6.408638469534527e29,-4.6824811977152995e29
"2025-01-08 01:47:41.0000",2.53,84.39,-1.4098648859776536e31,-6.408638469534527e29,-4.6824811977152995e29
"2025-01-08 02:17:37.0000",2.65,83.44,-1.4098648859776536e31,-6.408638469534527e29,-4.6824811977152995e29
"2025-01-08 03:17:21.0000",2.26,83.78,-1.4098648859776536e31,-6.408638469534527e29,-4.6824811977152995e29
"2025-01-08 04:17:08.0000",2.11,84.14,-1.4098648859776536e31,-6.408638469534527e29,-4.6824811977152995e29
"2025-01-08 04:47:02.0000",2.16,83.87,-1.4098648859776536e31,-6.408638469534527e29,-4.6824811977152995e29
"2025-01-08 05:16:56.0000",1.64,83.7,-1.4098648859776536e31,-6.408638469534527e29,-4.6824811977152995e29
"2025-01-08 06:16:43.0000",1.32,83.71,-1.4098648859776536e31,-6.408638469534527e29,-4.6824811977152995e29
"2025-01-08 06:46:35.0000",1.12,83.96,-1.4098648859776536e31,-6.408638469534527e29,-4.6824811977152995e29
"2025-01-08 07:16:29.0000",0.63,83.93,-1.4098648859776536e31,-6.408638469534527e29,-4.6824811977152995e29
"2025-01-08 08:16:15.0000",0.14,84.43,-1.4098648859776536e31,-6.408638469534527e29,-4.6824811977152995e29
"2025-01-08 08:46:09.0000",-0.3,84.59,-1.4098648859776536e31,-6.408638469534527e29,-4.6824811977152995e29
"2025-01-08 09:16:02.0000",-0.03,84.94,-1.4098648859776536e31,-6.408638469534527e29,-4.6824811977152995e29
"2025-01-08 09:45:56.0000",0.5,84.6,-1.4098648859776536e31,-6.408638469534527e29,-4.6824811977152995e29
"2025-01-08 10:15:50.0000",1.03,84.62,-1.4098648859776536e31,-6.408638469534527e29,-4.6824811977152995e29
"2025-01-08 10:45:45.0000",1.37,84.65,-1.4098648859776536e31,-6.408638469534527e29,-4.6824811977152995e29
"2025-01-08 11:15:38.0000",1.58,84.64,-1.4098648859776536e31,-6.408638469534527e29,-4.6824811977152995e29
"2025-01-08 11:45:31.0000",1.35,84.81,-1.4098648859776536e31,-6.408638469534527e29,-4.6824811977152995e29
"2025-01-08 12:15:25.0000",1.27,84.76,-1.4098648859776536e31,-6.408638469534527e29,-4.6824811977152995e29
"2025-01-08 12:45:18.0000",0.93,85.13,-1.4098648859776536e31,-6.408638469534527e29,-4.6824811977152995e29
"2025-01-08 13:15:13.0000",0.98,85.07,-1.4098648859776536e31,-6.408638469534527e29,-4.6824811977152995e29
"2025-01-08 13:45:06.0000",0.57,85.19,-1.4098648859776536e31,-6.408638469534527e29,-4.6824811977152995e29
"2025-01-08 14:14:59.0000",0.62,85.08,-1.4098648859776536e31,-6.408638469534527e29,-4.6824811977152995e29
"2025-01-08 15:14:46.0000",-0.07,85.16,-1.4098648859776536e31,-6.408638469534527e29,-4.6824811977152995e29
"2025-01-08 15:44:38.0000",-0.44,85.27,-1.4098648859776536e31,-6.408638469534527e29,-4.6824811977152995e29
"2025-01-08 16:14:30.0000",-0.72,85.22,-1.4098648859776536e31,-6.408638469534527e29,-4.6824811977152995e29
"2025-01-08 16:44:23.0000",-0.63,85.42,-1.4098648859776536e31,-6.408638469534527e29,-4.6824811977152995e29
"2025-01-08 17:14:15.0000",-0.81,85.21,-1.4098648859776536e31,-6.408638469534527e29,-4.6824811977152995e29
"2025-01-08 17:44:08.0000",-1.09,85.22,-1.4098648859776536e31,-6.408638469534527e29,-4.6824811977152995e29
"2025-01-08 18:14:01.0000",-1.32,85.4,-1.4098648859776536e31,-6.408638469534527e29,-4.6824811977152995e29
"2025-01-08 19:13:48.0000",-1.46,85.52,-1.4098648859776536e31,-6.408638469534527e29,-4.6824811977152995e29
"2025-01-08 19:43:43.0000",-1.73,85.35,-1.4098648859776536e31,-6.408638469534527e29,-4.6824811977152995e29
"2025-01-08 20:13:36.0000",-2.08,85.48,-1.4098648859776536e31,-6.408638469534527e29,-4.6824811977152995e29
"2025-01-08 20:43:29.0000",-2.5,85.3,-1.4098648859776536e31,-6.408638469534527e29,-4.6824811977152995e29
"2025-01-08 21:13:21.0000",-2.91,85.66,-1.4098648859776536e31,-6.408638469534527e29,-4.6824811977152995e29
"2025-01-08 21:43:15.0000",-3.1,85.57,-1.4098648859776536e31,-6.408638469534527e29,-4.6824811977152995e29
"2025-01-08 22:13:08.0000",-3.36,85.58,-1.4098648859776536e31,-6.408638469534527e29,-4.6824811977152995e29
"2025-01-08 22:43:02.0000",-3.6,85.61,-1.4098648859776536e31,-6.408638469534527e29,-4.6824811977152995e29
"2025-01-08 23:12:55.0000",-3.71,85.84,-1.4098648859776536e31,-6.408638469534527e29,-4.6824811977152995e29
"2025-01-08 23:42:47.0000",-3.92,85.58,-1.4098648859776536e31,-6.408638469534527e29,-4.6824811977152995e29
"2025-01-09 00:12:40.0000",-3.8,85.7,-1.4098648859776536e31,-6.408638469534527e29,-4.6824811977152995e29
"2025-01-09 00:42:34.0000",-3.87,85.93,-1.4098648859776536e31,-6.408638469534527e29,-4.6824811977152995e29
"2025-01-09 01:12:29.0000",-3.91,85.92,-1.4098648859776536e31,-6.408638469534527e29,-4.6824811977152995e29
"2025-01-09 01:42:21.0000",-4.13,85.92,-1.4098648859776536e31,-6.408638469534527e29,-4.6824811977152995e29
"2025-01-09 02:12:14.0000",-4.35,86.08,-1.4098648859776536e31,-6.408638469534527e29,-4.6824811977152995e29
"2025-01-09 02:42:08.0000",-4.21,86.03,-1.4098648859776536e31,-6.408638469534527e29,-4.6824811977152995e29
"2025-01-09 03:12:01.0000",-4.34,85.86,-1.4098648859776536e31,-6.408638469534527e29,-4.6824811977152995e29
"2025-01-09 03:41:55.0000",-4.4,85.92,-1.4098648859776536e31,-6.408638469534527e29,-4.6824811977152995e29
"2025-01-09 04:11:49.0000",-4.26,86.27,-1.4098648859776536e31,-6.408638469534527e29,-4.6824811977152995e29
"2025-01-09 04:41:42.0000",-3.99,86,-1.4098648859776536e31,-6.408638469534527e29,-4.6824811977152995e29
"2025-01-09 05:41:32.0000",-2.47,85.56,-1.4098648859776536e31,-6.408638469534527e29,-4.6824811977152995e29
"2025-01-09 06:11:27.0000",-1.67,85.84,-1.4098648859776536e31,-6.408638469534527e29,-4.6824811977152995e29
"2025-01-09 06:41:22.0000",-1.1,85.5,-1.4098648859776536e31,-6.408638469534527e29,-4.6824811977152995e29
"2025-01-09 07:11:17.0000",-0.81,85.82,-1.4098648859776536e31,-6.408638469534527e29,-4.6824811977152995e29
"2025-01-09 07:41:11.0000",-0.45,86.53,-1.4098648859776536e31,-6.408638469534527e29,-4.6824811977152995e29
"2025-01-09 08:11:04.0000",-0.4,86.33,-1.4098648859776536e31,-6.408638469534527e29,-4.6824811977152995e29
"2025-01-09 08:40:59.0000",-0.27,86.59,-1.4098648859776536e31,-6.408638469534527e29,-4.6824811977152995e29
"2025-01-09 09:10:54.0000",0.14,86.53,-1.4098648859776536e31,-6.408638469534527e29,-4.6824811977152995e29
"2025-01-09 09:40:47.0000",0.26,86.61,-1.4098648859776536e31,-6.408638469534527e29,-4.6824811977152995e29
"2025-01-09 10:10:43.0000",1.12,86.41,-1.4098648859776536e31,-6.408638469534527e29,-4.6824811977152995e29
"2025-01-09 11:10:31.0000",3.48,89.17,-1.4098648859776536e31,-6.408638469534527e29,-4.6824811977152995e29
"2025-01-09 11:40:39.0000",8.84,80.36,-1.4098648859776536e31,-6.408638469534527e29,-4.6824811977152995e29
"2025-01-09 12:40:29.0000",10.09,78.75,0.6856981515884399,2.4189207681645537,9.785062038099472
"2025-01-09 13:10:19.0000",6.28,78.88,0.8175683617591858,2.814885749937186,9.137868541915001
"2025-01-09 13:40:07.0000",4.1,81.74,2.5195841789245605,3.7772669777132672,11.097582450863909
"2025-01-09 14:10:00.0000",3.9,80.97,1.3515251874923706,2.7812532796781877,8.662758550881126
"2025-01-09 14:39:54.0000",3.26,80.15,1.5156232118606567,2.8107980254551705,9.50403222554564
"2025-01-09 15:09:44.0000",2.5,80.82,1.7074512243270874,2.6932271424562853,8.140002392919197
"2025-01-09 15:39:37.0000",1.6,81.65,-1.4098648859776536e31,-6.408638469534527e29,-4.6824811977152995e29
"2025-01-09 16:39:22.0000",0.84,82.04,-1.4098648859776536e31,-6.408638469534527e29,-4.6824811977152995e29
"2025-01-09 17:09:14.0000",0.18,82.07,-1.4098648859776536e31,-6.408638469534527e29,-4.6824811977152995e29
"2025-01-09 17:39:08.0000",-0.11,82.41,-1.4098648859776536e31,-6.408638469534527e29,-4.6824811977152995e29
"2025-01-09 18:38:55.0000",0.03,82.31,-1.4098648859776536e31,-6.408638469534527e29,-4.6824811977152995e29
"2025-01-09 19:38:44.0000",-0.19,82.12,-1.4098648859776536e31,-6.408638469534527e29,-4.6824811977152995e29
"2025-01-09 20:08:37.0000",-0.74,82.41,-1.4098648859776536e31,-6.408638469534527e29,-4.6824811977152995e29
"2025-01-09 20:38:29.0000",-0.76,82.38,-1.4098648859776536e31,-6.408638469534527e29,-4.6824811977152995e29
"2025-01-09 21:08:23.0000",-0.98,82.38,-1.4098648859776536e31,-6.408638469534527e29,-4.6824811977152995e29
"2025-01-09 21:38:16.0000",-1.36,82.25,-1.4098648859776536e31,-6.408638469534527e29,-4.6824811977152995e29
"2025-01-09 22:38:03.0000",-1.7,82.93,-1.4098648859776536e31,-6.408638469534527e29,-4.6824811977152995e29
"2025-01-09 23:07:58.0000",-1.02,82.95,-1.4098648859776536e31,-6.408638469534527e29,-4.6824811977152995e29
"2025-01-09 23:37:53.0000",-1.12,82.53,-1.4098648859776536e31,-6.408638469534527e29,-4.6824811977152995e29
"2025-01-10 00:07:47.0000",-1.28,83.32,-1.4098648859776536e31,-6.408638469534527e29,-4.6824811977152995e29
"2025-01-10 00:37:40.0000",-1.63,83.08,-1.4098648859776536e31,-6.408638469534527e29,-4.6824811977152995e29
"2025-01-10 01:07:33.0000",-2.07,83.21,-1.4098648859776536e31,-6.408638469534527e29,-4.6824811977152995e29
"2025-01-10 01:37:26.0000",-2.92,83.34,-1.4098648859776536e31,-6.408638469534527e29,-4.6824811977152995e29
"2025-01-10 02:37:12.0000",-3.47,83.91,-1.4098648859776536e31,-6.408638469534527e29,-4.6824811977152995e29
"2025-01-10 03:37:00.0000",-3.32,83.55,-1.4098648859776536e31,-6.408638469534527e29,-4.6824811977152995e29
"2025-01-10 04:06:54.0000",-3.42,83.84,-1.4098648859776536e31,-6.408638469534527e29,-4.6824811977152995e29
"2025-01-10 04:36:46.0000",-3.91,83.61,-1.4098648859776536e31,-6.408638469534527e29,-4.6824811977152995e29
"2025-01-10 05:06:38.0000",-4.6,83.85,-1.4098648859776536e31,-6.408638469534527e29,-4.6824811977152995e29
"2025-01-10 05:36:32.0000",-4.44,84.44,-1.4098648859776536e31,-6.408638469534527e29,-4.6824811977152995e29
"2025-01-10 06:06:24.0000",-4.68,84.06,-1.4098648859776536e31,-6.408638469534527e29,-4.6824811977152995e29
"2025-01-10 06:36:19.0000",-4.81,83.99,-1.4098648859776536e31,-6.408638469534527e29,-4.6824811977152995e29
"2025-01-10 07:06:11.0000",-5.16,84.25,-1.4098648859776536e31,-6.408638469534527e29,-4.6824811977152995e29
"2025-01-10 07:36:03.0000",-5.23,84.69,-1.4098648859776536e31,-6.408638469534527e29,-4.6824811977152995e29
"2025-01-10 08:05:58.0000",-4.79,84.77,-1.4098648859776536e31,-6.408638469534527e29,-4.6824811977152995e29
"2025-01-10 08:35:53.0000",-4.29,84.82,-1.4098648859776536e31,-6.408638469534527e29,-4.6824811977152995e29
"2025-01-10 09:05:48.0000",-3.59,84.56,-1.4098648859776536e31,-6.408638469534527e29,-4.6824811977152995e29
"2025-01-10 09:35:43.0000",-2.96,84.73,-1.4098648859776536e31,-6.408638469534527e29,-4.6824811977152995e29
"2025-01-10 10:05:38.0000",-2.15,84.46,-1.4098648859776536e31,-6.408638469534527e29,-4.6824811977152995e29
"2025-01-10 11:35:31.0000",4.41,81.29,-1.4098648859776536e31,-6.408638469534527e29,-4.6824811977152995e29
"2025-01-10 12:35:18.0000",5.4,82.41,-1.4098648859776536e31,-6.408638469534527e29,-4.6824811977152995e29
"2025-01-10 13:05:15.0000",4.1,82.39,-1.4098648859776536e31,-6.408638469534527e29,-4.6824811977152995e29
"2025-01-10 13:35:03.0000",1.63,85.2,18.050064086914062,11.198472211606664,11.958256442334868
"2025-01-10 14:04:55.0000",0.96,84.43,-1.4098648859776536e31,-6.408638469534527e29,-4.6824811977152995e29
"2025-01-10 14:34:47.0000",0.64,83.88,-1.4098648859776536e31,-6.408638469534527e29,-4.6824811977152995e29
"2025-01-10 15:04:38.0000",0.58,83.53,-1.4098648859776536e31,-6.408638469534527e29,-4.6824811977152995e29
"2025-01-10 16:04:24.0000",-0.32,82.89,-1.4098648859776536e31,-6.408638469534527e29,-4.6824811977152995e29
"2025-01-10 16:34:17.0000",-0.68,82.99,-1.4098648859776536e31,-6.408638469534527e29,-4.6824811977152995e29
"2025-01-10 17:34:03.0000",-1.17,83.04,-1.4098648859776536e31,-6.408638469534527e29,-4.6824811977152995e29
"2025-01-10 18:03:58.0000",-1.23,83.02,-1.4098648859776536e31,-6.408638469534527e29,-4.6824811977152995e29
"2025-01-10 18:33:50.0000",-1.36,82.85,-1.4098648859776536e31,-6.408638469534527e29,-4.6824811977152995e29
"2025-01-10 19:03:45.0000",-1.47,83.02,-1.4098648859776536e31,-6.408638469534527e29,-4.6824811977152995e29
"2025-01-10 19:33:39.0000",-1.41,82.92,-1.4098648859776536e31,-6.408638469534527e29,-4.6824811977152995e29
"2025-01-10 20:03:33.0000",-1.58,83.02,-1.4098648859776536e31,-6.408638469534527e29,-4.6824811977152995e29
"2025-01-10 20:33:28.0000",-1.57,82.93,-1.4098648859776536e31,-6.408638469534527e29,-4.6824811977152995e29
"2025-01-10 21:03:19.0000",-1.96,82.82,-1.4098648859776536e31,-6.408638469534527e29,-4.6824811977152995e29
"2025-01-10 21:33:11.0000",-2.05,83.51,-1.4098648859776536e31,-6.408638469534527e29,-4.6824811977152995e29
"2025-01-10 22:32:58.0000",-2.07,83.04,-1.4098648859776536e31,-6.408638469534527e29,-4.6824811977152995e29
"2025-01-10 23:02:49.0000",-2.04,83.56,-1.4098648859776536e31,-6.408638469534527e29,-4.6824811977152995e29
"2025-01-10 23:32:44.0000",-1.81,83.43,-1.4098648859776536e31,-6.408638469534527e29,-4.6824811977152995e29
"2025-01-11 00:02:36.0000",-2,83.32,-1.4098648859776536e31,-6.408638469534527e29,-4.6824811977152995e29
"2025-01-11 00:32:30.0000",-1.93,83.74,-1.4098648859776536e31,-6.408638469534527e29,-4.6824811977152995e29
"2025-01-11 01:02:23.0000",-1.99,83.69,-1.4098648859776536e31,-6.408638469534527e29,-4.6824811977152995e29
"2025-01-11 01:32:16.0000",-2.42,83.91,-1.4098648859776536e31,-6.408638469534527e29,-4.6824811977152995e29
"2025-01-11 02:02:10.0000",-2.76,83.96,-1.4098648859776536e31,-6.408638469534527e29,-4.6824811977152995e29
"2025-01-11 02:32:03.0000",-3.1,84.14,-1.4098648859776536e31,-6.408638469534527e29,-4.6824811977152995e29
"2025-01-11 03:01:55.0000",-3.19,84.27,-1.4098648859776536e31,-6.408638469534527e29,-4.6824811977152995e29
"2025-01-11 03:31:49.0000",-3.01,84.32,-1.4098648859776536e31,-6.408638469534527e29,-4.6824811977152995e29
"2025-01-11 04:01:42.0000",-3.15,84.37,-1.4098648859776536e31,-6.408638469534527e29,-4.6824811977152995e29
"2025-01-11 05:01:31.0000",-2.42,84.82,-1.4098648859776536e31,-6.408638469534527e29,-4.6824811977152995e29
"2025-01-11 05:31:27.0000",-1.76,84.57,-1.4098648859776536e31,-6.408638469534527e29,-4.6824811977152995e29
"2025-01-11 06:01:21.0000",-1.5,84.63,-1.4098648859776536e31,-6.408638469534527e29,-4.6824811977152995e29
"2025-01-11 06:31:15.0000",-1.6,84.49,-1.4098648859776536e31,-6.408638469534527e29,-4.6824811977152995e29
"2025-01-11 07:31:02.0000",-1.77,84.65,-1.4098648859776536e31,-6.408638469534527e29,-4.6824811977152995e29
"2025-01-11 09:00:40.0000",-2.45,85.26,-1.4098648859776536e31,-6.408638469534527e29,-4.6824811977152995e29
"2025-01-11 09:30:33.0000",-1.62,85.37,-1.4098648859776536e31,-6.408638469534527e29,-4.6824811977152995e29
"2025-01-11 10:00:29.0000",-0.86,84.98,-1.4098648859776536e31,-6.408638469534527e29,-4.6824811977152995e29
"2025-01-11 10:30:24.0000",-0.11,84.87,-1.4098648859776536e31,-6.408638469534527e29,-4.6824811977152995e29
"2025-01-11 11:00:18.0000",0.76,85.14,-1.4098648859776536e31,-6.408638469534527e29,-4.6824811977152995e29
"2025-01-11 11:30:11.0000",0.86,84.93,-1.4098648859776536e31,-6.408638469534527e29,-4.6824811977152995e29
"2025-01-11 12:00:04.0000",0.66,84.9,-1.4098648859776536e31,-6.408638469534527e29,-4.6824811977152995e29
"2025-01-11 12:29:59.0000",0.84,85.08,-1.4098648859776536e31,-6.408638469534527e29,-4.6824811977152995e29
"2025-01-11 12:59:53.0000",1.18,85.19,-1.4098648859776536e31,-6.408638469534527e29,-4.6824811977152995e29
"2025-01-11 13:29:48.0000",1.3,85.02,-1.4098648859776536e31,-6.408638469534527e29,-4.6824811977152995e29
"2025-01-11 13:59:41.0000",1.07,84.97,-1.4098648859776536e31,-6.408638469534527e29,-4.6824811977152995e29
"2025-01-11 14:29:36.0000",1.13,85.03,-1.4098648859776536e31,-6.408638469534527e29,-4.6824811977152995e29
"2025-01-11 14:59:31.0000",1.16,85.04,-1.4098648859776536e31,-6.408638469534527e29,-4.6824811977152995e29
"2025-01-11 15:29:26.0000",1.26,85.03,-1.4098648859776536e31,-6.408638469534527e29,-4.6824811977152995e29
"2025-01-11 15:59:19.0000",1.37,84.98,-1.4098648859776536e31,-6.408638469534527e29,-4.6824811977152995e29
"2025-01-11 16:29:13.0000",1.25,84.75,-1.4098648859776536e31,-6.408638469534527e29,-4.6824811977152995e29
"2025-01-11 16:59:05.0000",1.21,84.95,-1.4098648859776536e31,-6.408638469534527e29,-4.6824811977152995e29
"2025-01-11 17:28:59.0000",1.16,85.16,-1.4098648859776536e31,-6.408638469534527e29,-4.6824811977152995e29
"2025-01-11 17:58:52.0000",1.11,85.06,-1.4098648859776536e31,-6.408638469534527e29,-4.6824811977152995e29
"2025-01-11 18:58:38.0000",1.01,85.27,-1.4098648859776536e31,-6.408638469534527e29,-4.6824811977152995e29
"2025-01-11 19:28:31.0000",1.14,85.16,-1.4098648859776536e31,-6.408638469534527e29,-4.6824811977152995e29
"2025-01-11 20:28:18.0000",1.07,85.27,-1.4098648859776536e31,-6.408638469534527e29,-4.6824811977152995e29
"2025-01-11 20:58:12.0000",1.25,85.29,-1.4098648859776536e31,-6.408638469534527e29,-4.6824811977152995e29
"2025-01-11 21:28:06.0000",1.36,85.12,-1.4098648859776536e31,-6.408638469534527e29,-4.6824811977152995e29
"2025-01-11 21:58:01.0000",1.34,85.18,-1.4098648859776536e31,-6.408638469534527e29,-4.6824811977152995e29
"2025-01-11 22:27:55.0000",1.31,85.15,-1.4098648859776536e31,-6.408638469534527e29,-4.6824811977152995e29
"2025-01-11 22:57:48.0000",1.22,85.3,-1.4098648859776536e31,-6.408638469534527e29,-4.6824811977152995e29
"2025-01-11 23:27:43.0000",1.28,85.16,-1.4098648859776536e31,-6.408638469534527e29,-4.6824811977152995e29
"2025-01-11 23:57:36.0000",1.19,85.24,-1.4098648859776536e31,-6.408638469534527e29,-4.6824811977152995e29
"2025-01-12 00:27:28.0000",1.1,85.25,-1.4098648859776536e31,-6.408638469534527e29,-4.6824811977152995e29
"2025-01-12 00:57:22.0000",0.96,85.44,-1.4098648859776536e31,-6.408638469534527e29,-4.6824811977152995e29
"2025-01-12 01:27:15.0000",0.72,85.64,-1.4098648859776536e31,-6.408638469534527e29,-4.6824811977152995e29
"2025-01-12 01:57:09.0000",0.69,85.75,-1.4098648859776536e31,-6.408638469534527e29,-4.6824811977152995e29
"2025-01-12 02:56:55.0000",0.78,85.79,-1.4098648859776536e31,-6.408638469534527e29,-4.6824811977152995e29
"2025-01-12 03:26:49.0000",0.77,85.83,-1.4098648859776536e31,-6.408638469534527e29,-4.6824811977152995e29
"2025-01-12 03:56:44.0000",0.84,85.97,-1.4098648859776536e31,-6.408638469534527e29,-4.6824811977152995e29
"2025-01-12 04:26:39.0000",0.87,85.93,-1.4098648859776536e31,-6.408638469534527e29,-4.6824811977152995e29
"2025-01-12 04:56:34.0000",0.86,85.92,-1.4098648859776536e31,-6.408638469534527e29,-4.6824811977152995e29
"2025-01-12 05:26:27.0000",0.86,85.97,-1.4098648859776536e31,-6.408638469534527e29,-4.6824811977152995e29
"2025-01-12 05:56:19.0000",0.64,85.86,-1.4098648859776536e31,-6.408638469534527e29,-4.6824811977152995e29
"2025-01-12 06:26:11.0000",0.14,85.91,-1.4098648859776536e31,-6.408638469534527e29,-4.6824811977152995e29
"2025-01-12 06:56:03.0000",-0.15,86.06,-1.4098648859776536e31,-6.408638469534527e29,-4.6824811977152995e29
"2025-01-12 07:55:49.0000",-0.48,86.09,-1.4098648859776536e31,-6.408638469534527e29,-4.6824811977152995e29
"2025-01-12 08:25:42.0000",-0.55,86.26,-1.4098648859776536e31,-6.408638469534527e29,-4.6824811977152995e29
"2025-01-12 09:25:30.0000",-0.01,86.49,-1.4098648859776536e31,-6.408638469534527e29,-4.6824811977152995e29
"2025-01-12 09:55:24.0000",0.37,86.43,-1.4098648859776536e31,-6.408638469534527e29,-4.6824811977152995e29
"2025-01-12 10:25:21.0000",1.85,85.38,-1.4098648859776536e31,-6.408638469534527e29,-4.6824811977152995e29
"2025-01-12 10:55:15.0000",1.92,86.59,-1.4098648859776536e31,-6.408638469534527e29,-4.6824811977152995e29
"2025-01-12 11:25:16.0000",6.24,83.79,-1.4098648859776536e31,-6.408638469534527e29,-4.6824811977152995e29
"2025-01-12 11:55:10.0000",7.03,83.48,-1.4098648859776536e31,-6.408638469534527e29,-4.6824811977152995e29
"2025-01-12 12:25:02.0000",5.95,84.96,-1.4098648859776536e31,-6.408638469534527e29,-4.6824811977152995e29
"2025-01-12 12:54:57.0000",6.43,83.64,-1.4098648859776536e31,-6.408638469534527e29,-4.6824811977152995e29
"2025-01-12 13:24:45.0000",4.34,85.31,-1.4098648859776536e31,-6.408638469534527e29,-4.6824811977152995e29
"2025-01-12 13:54:38.0000",4.08,85.78,-1.4098648859776536e31,-6.408638469534527e29,-4.6824811977152995e29
"2025-01-12 14:24:32.0000",4.18,85.43,-1.4098648859776536e31,-6.408638469534527e29,-4.6824811977152995e29
"2025-01-12 14:54:25.0000",4.16,85.06,-1.4098648859776536e31,-6.408638469534527e29,-4.6824811977152995e29
"2025-01-12 15:24:19.0000",4.44,85.06,-1.4098648859776536e31,-6.408638469534527e29,-4.6824811977152995e29
"2025-01-12 16:24:07.0000",3.89,85.03,-1.4098648859776536e31,-6.408638469534527e29,-4.6824811977152995e29
"2025-01-12 17:53:47.0000",3.23,85.31,-1.4098648859776536e31,-6.408638469534527e29,-4.6824811977152995e29
"2025-01-12 18:23:39.0000",3.24,85.44,-1.4098648859776536e31,-6.408638469534527e29,-4.6824811977152995e29
"2025-01-12 18:53:33.0000",2.97,85.41,-1.4098648859776536e31,-6.408638469534527e29,-4.6824811977152995e29
"2025-01-12 19:23:26.0000",2.69,85.75,-1.4098648859776536e31,-6.408638469534527e29,-4.6824811977152995e29
"2025-01-12 19:53:20.0000",2.82,85.84,-1.4098648859776536e31,-6.408638469534527e29,-4.6824811977152995e29
"2025-01-12 20:23:14.0000",2.91,85.75,-1.4098648859776536e31,-6.408638469534527e29,-4.6824811977152995e29
"2025-01-12 20:53:07.0000",2.95,85.72,-1.4098648859776536e31,-6.408638469534527e29,-4.6824811977152995e29
"2025-01-12 21:23:01.0000",3.05,85.83,-1.4098648859776536e31,-6.408638469534527e29,-4.6824811977152995e29
"2025-01-12 22:52:39.0000",2.92,85.89,-1.4098648859776536e31,-6.408638469534527e29,-4.6824811977152995e29
"2025-01-12 23:22:33.0000",3.09,85.93,-1.4098648859776536e31,-6.408638469534527e29,-4.6824811977152995e29
"2025-01-12 23:52:26.0000",2.99,86.13,-1.4098648859776536e31,-6.408638469534527e29,-4.6824811977152995e29
"2025-01-13 00:22:19.0000",3,86.02,-1.4098648859776536e31,-6.408638469534527e29,-4.6824811977152995e29
"2025-01-13 00:52:11.0000",2.97,86.26,-1.4098648859776536e31,-6.408638469534527e29,-4.6824811977152995e29
"2025-01-13 01:22:05.0000",3.04,86.17,-1.4098648859776536e31,-6.408638469534527e29,-4.6824811977152995e29
"2025-01-13 01:52:00.0000",3.24,86.16,-1.4098648859776536e31,-6.408638469534527e29,-4.6824811977152995e29
"2025-01-13 02:21:54.0000",3.6,86.2,-1.4098648859776536e31,-6.408638469534527e29,-4.6824811977152995e29
"2025-01-13 02:51:48.0000",3.83,85.89,-1.4098648859776536e31,-6.408638469534527e29,-4.6824811977152995e29
"2025-01-13 03:51:35.0000",3.93,85.73,-1.4098648859776536e31,-6.408638469534527e29,-4.6824811977152995e29
"2025-01-13 04:21:28.0000",3.99,85.63,-1.4098648859776536e31,-6.408638469534527e29,-4.6824811977152995e29
"2025-01-13 04:51:21.0000",3.97,85.49,-1.4098648859776536e31,-6.408638469534527e29,-4.6824811977152995e29
"2025-01-13 05:21:15.0000",4.08,85.37,-1.4098648859776536e31,-6.408638469534527e29,-4.6824811977152995e29
"2025-01-13 05:51:09.0000",4.11,85.22,-1.4098648859776536e31,-6.408638469534527e29,-4.6824811977152995e29
"2025-01-13 06:21:03.0000",4.15,84.99,-1.4098648859776536e31,-6.408638469534527e29,-4.6824811977152995e29
"2025-01-13 06:50:56.0000",4.35,84.84,-1.4098648859776536e31,-6.408638469534527e29,-4.6824811977152995e29
"2025-01-13 07:20:50.0000",4.28,84.61,-1.4098648859776536e31,-6.408638469534527e29,-4.6824811977152995e29
"2025-01-13 07:50:44.0000",4.17,84.49,-1.4098648859776536e31,-6.408638469534527e29,-4.6824811977152995e29
"2025-01-13 08:20:39.0000",4.28,84.46,-1.4098648859776536e31,-6.408638469534527e29,-4.6824811977152995e29
"2025-01-13 08:50:32.0000",4.31,84.21,-1.4098648859776536e31,-6.408638469534527e29,-4.6824811977152995e29
"2025-01-13 09:20:24.0000",4.4,84.06,-1.4098648859776536e31,-6.408638469534527e29,-4.6824811977152995e29
"2025-01-13 10:20:14.0000",4.81,83.84,-1.4098648859776536e31,-6.408638469534527e29,-4.6824811977152995e29
"2025-01-13 10:50:07.0000",5,83.65,-1.4098648859776536e31,-6.408638469534527e29,-4.6824811977152995e29
"2025-01-13 11:49:56.0000",5.22,83.65,-1.4098648859776536e31,-6.408638469534527e29,-4.6824811977152995e29
"2025-01-13 12:19:51.0000",5.57,83.54,-1.4098648859776536e31,-6.408638469534527e29,-4.6824811977152995e29
"2025-01-13 12:49:44.0000",5.86,83.45,3.8020107746124268,3.206031046765771,8.314079104242742
"2025-01-13 13:19:38.0000",5.86,83.51,-1.4098648859776536e31,-6.408638469534527e29,-4.6824811977152995e29
"2025-01-13 14:19:27.0000",6.48,83.35,-1.4098648859776536e31,-6.408638469534527e29,-4.6824811977152995e29
"2025-01-13 14:49:20.0000",6.8,83.26,-1.4098648859776536e31,-6.408638469534527e29,-4.6824811977152995e29
"2025-01-13 15:19:14.0000",6.51,83.33,-1.4098648859776536e31,-6.408638469534527e29,-4.6824811977152995e29
"2025-01-13 15:49:08.0000",6.45,83.47,-1.4098648859776536e31,-6.408638469534527e29,-4.6824811977152995e29
"2025-01-13 16:19:02.0000",6.92,83.47,-1.4098648859776536e31,-6.408638469534527e29,-4.6824811977152995e29
"2025-01-13 16:48:57.0000",7.4,83.26,-1.4098648859776536e31,-6.408638469534527e29,-4.6824811977152995e29
"2025-01-13 17:18:51.0000",7.89,82.81,-1.4098648859776536e31,-6.408638469534527e29,-4.6824811977152995e29
"2025-01-13 17:48:44.0000",7.49,82.81,-1.4098648859776536e31,-6.408638469534527e29,-4.6824811977152995e29
"2025-01-13 18:18:36.0000",7.51,83.24,5.474491119384766,4.462798065960987,7.1102599367250905
"2025-01-13 18:48:29.0000",7.16,83.38,-1.4098648859776536e31,-6.408638469534527e29,-4.6824811977152995e29
"2025-01-13 19:18:21.0000",7.01,83.47,-1.4098648859776536e31,-6.408638469534527e29,-4.6824811977152995e29
"2025-01-13 19:48:16.0000",7.09,83.57,-1.4098648859776536e31,-6.408638469534527e29,-4.6824811977152995e29
"2025-01-13 21:17:57.0000",7.47,84.07,-1.4098648859776536e31,-6.408638469534527e29,-4.6824811977152995e29
"2025-01-13 21:47:53.0000",7.77,83.99,-1.4098648859776536e31,-6.408638469534527e29,-4.6824811977152995e29
"2025-01-13 22:47:40.0000",7.93,84.46,-1.4098648859776536e31,-6.408638469534527e29,-4.6824811977152995e29
"2025-01-13 23:17:35.0000",8.97,83.8,-1.4098648859776536e31,-6.408638469534527e29,-4.6824811977152995e29
"2025-01-13 23:47:29.0000",9,83.59,-1.4098648859776536e31,-6.408638469534527e29,-4.6824811977152995e29
"2025-01-14 00:17:22.0000",9.07,83.68,-1.4098648859776536e31,-6.408638469534527e29,-4.6824811977152995e29
"2025-01-14 00:47:15.0000",9.1,83.69,-1.4098648859776536e31,-6.408638469534527e29,-4.6824811977152995e29
"2025-01-14 01:17:09.0000",9.41,83.65,0.41819828748703003,1.274524451766283,4.772791164646044
"2025-01-14 01:47:03.0000",9.49,83.52,0.4446317255496979,1.3960655057825024,5.369299540089611
"2025-01-14 02:16:56.0000",9.24,83.37,-1.4098648859776536e31,-6.408638469534527e29,-4.6824811977152995e29
"2025-01-14 02:46:48.0000",9.02,83.86,-1.4098648859776536e31,-6.408638469534527e29,-4.6824811977152995e29
"2025-01-14 03:16:40.0000",9.05,83.62,0.41662997007369995,1.3407578349301101,5.08253105414471
"2025-01-14 03:46:33.0000",9.34,83.72,-1.4098648859776536e31,-6.408638469534527e29,-4.6824811977152995e29
"2025-01-14 04:46:20.0000",9.6,83.47,-1.4098648859776536e31,-6.408638469534527e29,-4.6824811977152995e29
"2025-01-14 05:16:14.0000",9.43,83.55,-1.4098648859776536e31,-6.408638469534527e29,-4.6824811977152995e29
"2025-01-14 05:46:07.0000",9.16,83.67,-1.4098648859776536e31,-6.408638469534527e29,-4.6824811977152995e29
"2025-01-14 06:16:00.0000",9.05,83.83,-1.4098648859776536e31,-6.408638469534527e29,-4.6824811977152995e29
"2025-01-14 06:45:54.0000",8.94,83.93,-1.4098648859776536e31,-6.408638469534527e29,-4.6824811977152995e29
"2025-01-14 07:15:48.0000",9.11,83.98,-1.4098648859776536e31,-6.408638469534527e29,-4.6824811977152995e29
"2025-01-14 08:15:35.0000",9.14,84.19,-1.4098648859776536e31,-6.408638469534527e29,-4.6824811977152995e29
"2025-01-14 08:45:28.0000",9.48,84.06,-1.4098648859776536e31,-6.408638469534527e29,-4.6824811977152995e29
"2025-01-14 09:15:22.0000",9.61,84.01,-1.4098648859776536e31,-6.408638469534527e29,-4.6824811977152995e29
"2025-01-14 09:45:16.0000",9.83,84.14,-1.4098648859776536e31,-6.408638469534527e29,-4.6824811977152995e29
"2025-01-14 10:15:11.0000",9.89,84.08,-1.4098648859776536e31,-6.408638469534527e29,-4.6824811977152995e29
"2025-01-14 11:14:58.0000",9.76,84.43,-1.4098648859776536e31,-6.408638469534527e29,-4.6824811977152995e29
"2025-01-14 11:44:53.0000",9.97,84.37,-1.4098648859776536e31,-6.408638469534527e29,-4.6824811977152995e29
"2025-01-14 12:14:47.0000",10.19,84.41,-1.4098648859776536e31,-6.408638469534527e29,-4.6824811977152995e29
"2025-01-14 12:44:42.0000",10.31,84.43,-1.4098648859776536e31,-6.408638469534527e29,-4.6824811977152995e29
"2025-01-14 13:14:36.0000",10.19,84.49,-1.4098648859776536e31,-6.408638469534527e29,-4.6824811977152995e29
"2025-01-14 13:44:29.0000",9.82,84.79,-1.4098648859776536e31,-6.408638469534527e29,-4.6824811977152995e29
"2025-01-14 14:44:15.0000",9.33,85.31,-1.4098648859776536e31,-6.408638469534527e29,-4.6824811977152995e29
"2025-01-14 15:14:09.0000",9.22,85.35,-1.4098648859776536e31,-6.408638469534527e29,-4.6824811977152995e29
"2025-01-14 15:44:04.0000",9.13,85.43,-1.4098648859776536e31,-6.408638469534527e29,-4.6824811977152995e29
"2025-01-14 16:13:57.0000",8.94,85.59,-1.4098648859776536e31,-6.408638469534527e29,-4.6824811977152995e29
"2025-01-14 16:43:50.0000",8.85,85.75,-1.4098648859776536e31,-6.408638469534527e29,-4.6824811977152995e29
"2025-01-14 17:43:38.0000",8.89,86.02,-1.4098648859776536e31,-6.408638469534527e29,-4.6824811977152995e29
"2025-01-14 18:43:26.0000",8.62,86.07,-1.4098648859776536e31,-6.408638469534527e29,-4.6824811977152995e29
"2025-01-14 19:43:13.0000",8.15,86.51,-1.4098648859776536e31,-6.408638469534527e29,-4.6824811977152995e29
"2025-01-14 20:13:05.0000",7.86,86.7,-1.4098648859776536e31,-6.408638469534527e29,-4.6824811977152995e29
"2025-01-14 20:42:59.0000",7.89,86.78,-1.4098648859776536e31,-6.408638469534527e29,-4.6824811977152995e29
"2025-01-14 21:12:54.0000",7.76,86.82,-1.4098648859776536e31,-6.408638469534527e29,-4.6824811977152995e29
"2025-01-14 22:42:34.0000",7.74,87.11,-1.4098648859776536e31,-6.408638469534527e29,-4.6824811977152995e29
"2025-01-14 23:12:29.0000",7.87,87.04,-1.4098648859776536e31,-6.408638469534527e29,-4.6824811977152995e29
"2025-01-14 23:42:21.0000",7.76,87.15,-1.4098648859776536e31,-6.408638469534527e29,-4.6824811977152995e29
"2025-01-15 00:12:15.0000",7.98,87.2,-1.4098648859776536e31,-6.408638469534527e29,-4.6824811977152995e29
"2025-01-15 00:42:08.0000",7.89,87.16,-1.4098648859776536e31,-6.408638469534527e29,-4.6824811977152995e29
"2025-01-15 01:12:00.0000",7.35,87.17,-1.4098648859776536e31,-6.408638469534527e29,-4.6824811977152995e29
"2025-01-15 01:41:53.0000",6.81,87.52,-1.4098648859776536e31,-6.408638469534527e29,-4.6824811977152995e29
"2025-01-15 02:11:45.0000",6.51,87.9,-1.4098648859776536e31,-6.408638469534527e29,-4.6824811977152995e29
"2025-01-15 02:41:38.0000",6.73,87.85,-1.4098648859776536e31,-6.408638469534527e29,-4.6824811977152995e29
"2025-01-15 03:11:32.0000",6.76,87.92,-1.4098648859776536e31,-6.408638469534527e29,-4.6824811977152995e29
"2025-01-15 04:11:21.0000",7.01,88.01,-1.4098648859776536e31,-6.408638469534527e29,-4.6824811977152995e29
"2025-01-15 05:11:07.0000",6.7,87.76,-1.4098648859776536e31,-6.408638469534527e29,-4.6824811977152995e29
"2025-01-15 05:41:00.0000",6.25,88.05,-1.4098648859776536e31,-6.408638469534527e29,-4.6824811977152995e29
"2025-01-15 06:10:53.0000",5.89,88.21,-1.4098648859776536e31,-6.408638469534527e29,-4.6824811977152995e29
"2025-01-15 06:40:46.0000",5.74,88.22,-1.4098648859776536e31,-6.408638469534527e29,-4.6824811977152995e29
"2025-01-15 07:10:41.0000",5.85,88.47,-1.4098648859776536e31,-6.408638469534527e29,-4.6824811977152995e29
"2025-01-15 07:40:35.0000",5.54,88.31,-1.4098648859776536e31,-6.408638469534527e29,-4.6824811977152995e29
"2025-01-15 08:40:20.0000",5.16,88.49,-1.4098648859776536e31,-6.408638469534527e29,-4.6824811977152995e29
"2025-01-15 09:40:08.0000",5.51,88.39,-1.4098648859776536e31,-6.408638469534527e29,-4.6824811977152995e29
"2025-01-15 10:10:03.0000",6.91,89.73,-1.4098648859776536e31,-6.408638469534527e29,-4.6824811977152995e29
"2025-01-15 11:09:58.0000",12.69,83.42,-1.4098648859776536e31,-6.408638469534527e29,-4.6824811977152995e29
"2025-01-15 11:40:02.0000",17.46,77.07,-1.4098648859776536e31,-6.408638469534527e29,-4.6824811977152995e29
"2025-01-15 12:09:58.0000",17.71,75.36,3.6144819259643555,3.329902587197836,8.378410739048618
"2025-01-15 12:39:48.0000",17.45,75.39,3.9418466091156006,4.358027510233703,11.5844554484352
"2025-01-15 13:09:38.0000",13.38,78.25,4.977598667144775,4.944262704737404,10.970122401309805
"2025-01-15 13:39:24.0000",10.47,83.03,7.387772560119629,5.552941390443883,10.08013230989462
"2025-01-15 14:09:14.0000",9.11,85.03,4.728051662445068,3.6259579547135297,7.134078839610141
"2025-01-15 14:39:07.0000",8.68,85.11,6.616076946258545,4.547472901118942,8.184020081496593
"2025-01-15 15:08:59.0000",8.32,84.92,-1.4098648859776536e31,-6.408638469534527e29,-4.6824811977152995e29
"2025-01-15 15:38:53.0000",8.03,84.99,-1.4098648859776536e31,-6.408638469534527e29,-4.6824811977152995e29
"2025-01-15 16:08:44.0000",7.71,85.13,-1.4098648859776536e31,-6.408638469534527e29,-4.6824811977152995e29
"2025-01-15 16:38:38.0000",7.17,85.31,-1.4098648859776536e31,-6.408638469534527e29,-4.6824811977152995e29
"2025-01-15 17:08:30.0000",6.55,85.21,-1.4098648859776536e31,-6.408638469534527e29,-4.6824811977152995e29
"2025-01-15 17:38:22.0000",6.31,85.23,-1.4098648859776536e31,-6.408638469534527e29,-4.6824811977152995e29
"2025-01-15 18:38:07.0000",6.01,85.27,-1.4098648859776536e31,-6.408638469534527e29,-4.6824811977152995e29
"2025-01-15 19:08:02.0000",5.58,85.14,-1.4098648859776536e31,-6.408638469534527e29,-4.6824811977152995e29
"2025-01-15 19:37:55.0000",5.49,85.39,-1.4098648859776536e31,-6.408638469534527e29,-4.6824811977152995e29
"2025-01-15 20:07:49.0000",5.4,85.15,-1.4098648859776536e31,-6.408638469534527e29,-4.6824811977152995e29
"2025-01-15 20:37:42.0000",5.32,85.32,-1.4098648859776536e31,-6.408638469534527e29,-4.6824811977152995e29
"2025-01-15 21:07:34.0000",5.1,85.27,-1.4098648859776536e31,-6.408638469534527e29,-4.6824811977152995e29
"2025-01-15 21:37:27.0000",4.85,85.27,-1.4098648859776536e31,-6.408638469534527e29,-4.6824811977152995e29
"2025-01-15 22:07:21.0000",4.64,85.26,-1.4098648859776536e31,-6.408638469534527e29,-4.6824811977152995e29
"2025-01-15 22:37:14.0000",4.39,85.34,-1.4098648859776536e31,-6.408638469534527e29,-4.6824811977152995e29
"2025-01-15 23:07:06.0000",3.86,85.54,-1.4098648859776536e31,-6.408638469534527e29,-4.6824811977152995e29
"2025-01-15 23:37:00.0000",3.66,85.55,-1.4098648859776536e31,-6.408638469534527e29,-4.6824811977152995e29
"2025-01-16 00:06:53.0000",3.55,85.53,-1.4098648859776536e31,-6.408638469534527e29,-4.6824811977152995e29
"2025-01-16 00:36:46.0000",3.4,85.37,-1.4098648859776536e31,-6.408638469534527e29,-4.6824811977152995e29
"2025-01-16 01:06:40.0000",3.27,85.4,-1.4098648859776536e31,-6.408638469534527e29,-4.6824811977152995e29
"2025-01-16 01:36:33.0000",3.2,85.25,-1.4098648859776536e31,-6.408638469534527e29,-4.6824811977152995e29
"2025-01-16 02:06:28.0000",3.17,85.1,-1.4098648859776536e31,-6.408638469534527e29,-4.6824811977152995e29
"2025-01-16 03:06:16.0000",2.61,85.36,-1.4098648859776536e31,-6.408638469534527e29,-4.6824811977152995e29
"2025-01-16 03:36:09.0000",2.29,85.28,-1.4098648859776536e31,-6.408638469534527e29,-4.6824811977152995e29
"2025-01-16 04:06:03.0000",2.49,84.99,-1.4098648859776536e31,-6.408638469534527e29,-4.6824811977152995e29
"2025-01-16 04:35:56.0000",2.41,85.01,-1.4098648859776536e31,-6.408638469534527e29,-4.6824811977152995e29
"2025-01-16 05:05:50.0000",2.2,84.73,-1.4098648859776536e31,-6.408638469534527e29,-4.6824811977152995e29
"2025-01-16 05:35:43.0000",1.97,84.6,-1.4098648859776536e31,-6.408638469534527e29,-4.6824811977152995e29
"2025-01-16 06:05:36.0000",1.94,84.49,-1.4098648859776536e31,-6.408638469534527e29,-4.6824811977152995e29
"2025-01-16 07:05:25.0000",1.67,84.3,-1.4098648859776536e31,-6.408638469534527e29,-4.6824811977152995e29
"2025-01-16 07:35:18.0000",1.58,84.17,-1.4098648859776536e31,-6.408638469534527e29,-4.6824811977152995e29
"2025-01-16 08:05:11.0000",1.42,84.17,-1.4098648859776536e31,-6.408638469534527e29,-4.6824811977152995e29
"2025-01-16 08:35:05.0000",1.48,84.1,-1.4098648859776536e31,-6.408638469534527e29,-4.6824811977152995e29
"2025-01-16 09:04:59.0000",1.69,83.81,-1.4098648859776536e31,-6.408638469534527e29,-4.6824811977152995e29
"2025-01-16 09:34:53.0000",2.32,82.93,-1.4098648859776536e31,-6.408638469534527e29,-4.6824811977152995e29
"2025-01-16 10:34:48.0000",4.22,81.83,-1.4098648859776536e31,-6.408638469534527e29,-4.6824811977152995e29
"2025-01-16 11:04:46.0000",9.14,81.99,4.390446662902832,2.9020680150262756,6.817974418077477
"2025-01-16 11:34:50.0000",12.86,75.45,2.898460865020752,2.600734434720315,7.131445399009516
"2025-01-16 12:04:41.0000",12.28,77.78,3.151731252670288,2.9790621423451946,9.557532655678147
"2025-01-16 12:34:35.0000",13.17,78.56,2.8129124641418457,2.788089929931823,7.250775052769782
"2025-01-16 13:04:26.0000",10.4,77.15,4.168142795562744,3.627213048427294,9.8304683781787
"2025-01-16 13:34:14.0000",8.12,77.08,-1.4098648859776536e31,-6.408638469534527e29,-4.6824811977152995e29
"2025-01-16 14:04:07.0000",7.61,76.57,56.0156364440918,40.18125695018126,29.540176386017738
"2025-01-16 14:33:59.0000",7.52,76.11,3.9880943298339844,3.517269322990079,9.903456099171441
"2025-01-16 15:03:52.0000",7.34,75.5,3.555450916290283,3.4017476251626175,9.153913723720361
"2025-01-16 15:33:46.0000",7.03,75.08,4.120478630065918,3.758206847499279,9.430092891460033
"2025-01-16 16:03:39.0000",6.83,75.03,3.789407730102539,3.4022350251858073,8.302817904000648
"2025-01-16 16:33:32.0000",6.51,74.74,5.146249294281006,4.205133214521368,12.339797762627258
"2025-01-16 17:03:23.0000",6.03,74.83,5.211421966552734,4.070454987383215,8.768263283932052
"2025-01-16 17:33:16.0000",5.62,74.99,6.261083602905273,4.4666468399377255,9.579872623024016
"2025-01-16 18:03:10.0000",5.17,75.18,6.567489147186279,4.496363882905094,9.129114039062044
"2025-01-16 18:33:01.0000",4.83,75.46,7.730671405792236,4.955174933198466,8.545490388028934
"2025-01-16 19:32:48.0000",4.14,75.88,9.007904052734375,5.721537422186246,9.54720340307619
"2025-01-16 20:02:40.0000",3.88,76.12,10.585328102111816,6.154767654437862,9.313658154682756
"2025-01-16 20:32:34.0000",3.42,76.4,-1.4098648859776536e31,-6.408638469534527e29,-4.6824811977152995e29
"2025-01-16 21:02:26.0000",2.97,76.83,11.439640998840332,6.4812393532406976,9.637942454759028
"2025-01-16 21:32:17.0000",2.56,77.36,24.918798446655273,15.36917631797187,14.244449361944772
"2025-01-16 22:32:01.0000",2.11,78.41,23.78193473815918,12.208103069813168,14.222740145894154
"2025-01-16 23:01:55.0000",2.3,78.85,27.761438369750977,14.194999918246184,17.12058046828229
"2025-01-16 23:31:50.0000",2.35,79.34,-1.4098648859776536e31,-6.408638469534527e29,-4.6824811977152995e29
"2025-01-17 00:01:45.0000",2.52,79.8,25.47618293762207,12.34132524065135,14.014406670376934
"2025-01-17 00:31:39.0000",2.72,79.83,17.25481414794922,8.3881154576751,9.684926668220848
"2025-01-17 01:01:32.0000",2.49,79.93,18.541961669921875,8.853826623139902,10.08084248312386
"2025-01-17 01:31:25.0000",2.46,80.1,17.360414505004883,8.569372828767365,10.271572097188084
"2025-01-17 02:01:18.0000",2.17,80.23,-1.4098648859776536e31,-6.408638469534527e29,-4.6824811977152995e29
"2025-01-17 02:31:12.0000",2.32,80.53,18.55789566040039,9.773796877070277,10.69621629959925
"2025-01-17 03:01:04.0000",2.55,80.7,-1.4098648859776536e31,-6.408638469534527e29,-4.6824811977152995e29
"2025-01-17 03:30:56.0000",2.79,80.44,13.862434387207031,6.9864410572259885,8.58762058849825
"2025-01-17 04:00:49.0000",2.3,80.58,15.871408462524414,7.721520574704171,9.290814489473096
"2025-01-17 05:00:36.0000",2.1,81.32,-1.4098648859776536e31,-6.408638469534527e29,-4.6824811977152995e29
"2025-01-17 05:30:27.0000",2.15,81.21,18.101015090942383,8.645739534649367,9.904448818268209
"2025-01-17 06:00:23.0000",2.37,81.39,-1.4098648859776536e31,-6.408638469534527e29,-4.6824811977152995e29
"2025-01-17 06:30:17.0000",2.3,81.54,-1.4098648859776536e31,-6.408638469534527e29,-4.6824811977152995e29
"2025-01-17 07:00:11.0000",2.39,81.74,31.72980308532715,16.465936008755254,14.409728720326903
"2025-01-17 07:30:04.0000",2.68,81.9,-1.4098648859776536e31,-6.408638469534527e29,-4.6824811977152995e29
"2025-01-17 07:59:58.0000",2.51,81.8,-1.4098648859776536e31,-6.408638469534527e29,-4.6824811977152995e29
"2025-01-17 08:29:53.0000",2.81,82.24,-1.4098648859776536e31,-6.408638469534527e29,-4.6824811977152995e29
"2025-01-17 08:59:47.0000",3.37,82.31,20.733741760253906,9.27111764096717,10.069660706969511
"2025-01-17 09:29:43.0000",4.4,81.81,16.853904724121094,7.870653946151848,9.333703202967543
"2025-01-17 09:59:39.0000",5.16,81.94,14.41710376739502,7.0043494769094234,8.131464090266036
"2025-01-17 10:29:34.0000",6.1,81.5,-1.4098648859776536e31,-6.408638469534527e29,-4.6824811977152995e29
"2025-01-17 10:59:27.0000",6.43,82.6,-1.4098648859776536e31,-6.408638469534527e29,-4.6824811977152995e29
"2025-01-17 11:29:25.0000",8.32,82.16,8.281147956848145,4.377984758868999,7.21105026371956
"2025-01-17 11:59:22.0000",10.4,81.19,6.437451362609863,4.141085974899731,7.117091018072785
"2025-01-17 12:29:16.0000",10.67,81.38,5.620439529418945,3.8131500082156986,7.030740648367713
"2025-01-17 12:59:11.0000",10.43,79.78,6.9939680099487305,5.066187721794468,8.35192113904311
"2025-01-17 13:29:02.0000",8.98,80.06,5.867241859436035,4.226496665874352,7.59334365539293
"2025-01-17 13:58:54.0000",8.55,80.23,5.895564079284668,4.265933784074692,8.331264455500152
"2025-01-17 14:28:48.0000",8.42,80.21,-1.4098648859776536e31,-6.408638469534527e29,-4.6824811977152995e29
"2025-01-17 14:58:42.0000",8.59,80.17,4.413919448852539,3.9025693511504937,8.141052011937221
"2025-01-17 15:28:35.0000",8.14,79.98,-1.4098648859776536e31,-6.408638469534527e29,-4.6824811977152995e29
"2025-01-17 15:58:30.0000",8.13,80.13,-1.4098648859776536e31,-6.408638469534527e29,-4.6824811977152995e29
"2025-01-17 16:28:24.0000",7.89,80.23,6.0150322914123535,4.208930539169986,8.189309994030378
"2025-01-17 16:58:18.0000",7.78,80.43,6.081333637237549,4.2772233831116395,8.531261327839227
"2025-01-17 17:28:11.0000",7.81,80.49,5.255683898925781,4.10655896523885,8.327622530776264
"2025-01-17 17:58:02.0000",7.78,80.51,-1.4098648859776536e31,-6.408638469534527e29,-4.6824811977152995e29
"2025-01-17 18:27:57.0000",7.73,80.49,4.994475364685059,3.9916408094986617,7.96215294208091
"2025-01-17 19:27:43.0000",7.34,80.63,7.7805094718933105,5.101810497100211,9.599332151464901
"2025-01-17 19:57:35.0000",6.73,80.66,-1.4098648859776536e31,-6.408638469534527e29,-4.6824811977152995e29
"2025-01-17 20:27:28.0000",5.98,80.96,14.073854446411133,7.696342294143802,10.666187158822522
"2025-01-17 20:57:22.0000",5.27,81.3,9.908308982849121,5.688383403305436,8.528508817524411
"2025-01-17 21:27:13.0000",4.8,81.57,13.76544189453125,7.57050835322039,10.14594823787078
"2025-01-17 21:57:05.0000",4.46,81.92,19.530864715576172,9.96715724266642,11.977816748716442
"2025-01-17 22:26:57.0000",4.19,82.2,22.266725540161133,11.227245050091508,12.249737134091585
"2025-01-17 23:26:42.0000",3.7,82.59,22.45540428161621,10.819874709808168,12.833796835797072
"2025-01-17 23:56:36.0000",3.43,82.79,-1.4098648859776536e31,-6.408638469534527e29,-4.6824811977152995e29
"2025-01-18 00:26:30.0000",3.35,82.97,-1.4098648859776536e31,-6.408638469534527e29,-4.6824811977152995e29
"2025-01-18 00:56:23.0000",3.28,82.93,23.5871639251709,11.564982253393902,12.400781521009964
"2025-01-18 01:26:17.0000",3.15,83.19,26.05195426940918,13.202504643447554,14.321304885499446
"2025-01-18 01:56:10.0000",3.03,83.41,22.019832611083984,10.690504811790086,12.414890378833778
"2025-01-18 02:26:02.0000",3,83.52,20.663284301757812,10.056564422411142,11.026351324085063
"2025-01-18 03:25:48.0000",2.8,83.48,20.863122940063477,11.389415578404504,12.01125738011034
"2025-01-18 03:55:39.0000",2.47,83.8,-1.4098648859776536e31,-6.408638469534527e29,-4.6824811977152995e29
"2025-01-18 04:25:32.0000",2.45,83.87,-1.4098648859776536e31,-6.408638469534527e29,-4.6824811977152995e29
"2025-01-18 04:55:25.0000",2.14,83.95,-1.4098648859776536e31,-6.408638469534527e29,-4.6824811977152995e29
"2025-01-18 05:25:19.0000",2.7,84.18,10.73874282836914,5.740706029312106,9.30456292735449
"2025-01-18 05:55:13.0000",2.85,83.9,-1.4098648859776536e31,-6.408638469534527e29,-4.6824811977152995e29
"2025-01-18 06:25:07.0000",2.36,83.68,-1.4098648859776536e31,-6.408638469534527e29,-4.6824811977152995e29
"2025-01-18 06:54:59.0000",1.93,83.83,-1.4098648859776536e31,-6.408638469534527e29,-4.6824811977152995e29
"2025-01-18 07:24:53.0000",1.63,83.94,-1.4098648859776536e31,-6.408638469534527e29,-4.6824811977152995e29
"2025-01-18 08:24:39.0000",1.22,83.94,-1.4098648859776536e31,-6.408638469534527e29,-4.6824811977152995e29
"2025-01-18 08:54:32.0000",0.97,84.07,-1.4098648859776536e31,-6.408638469534527e29,-4.6824811977152995e29
"2025-01-18 09:24:25.0000",1.26,84.29,-1.4098648859776536e31,-6.408638469534527e29,-4.6824811977152995e29
"2025-01-18 09:54:18.0000",1.67,83.98,-1.4098648859776536e31,-6.408638469534527e29,-4.6824811977152995e29
"2025-01-18 10:54:06.0000",2.45,83.83,-1.4098648859776536e31,-6.408638469534527e29,-4.6824811977152995e29
"2025-01-18 11:53:55.0000",2.9,83.62,-1.4098648859776536e31,-6.408638469534527e29,-4.6824811977152995e29
"2025-01-18 12:23:49.0000",2.8,83.57,-1.4098648859776536e31,-6.408638469534527e29,-4.6824811977152995e29
"2025-01-18 12:53:43.0000",2.93,83.62,-1.4098648859776536e31,-6.408638469534527e29,-4.6824811977152995e29
"2025-01-18 13:23:38.0000",3.27,83.33,-1.4098648859776536e31,-6.408638469534527e29,-4.6824811977152995e29
"2025-01-18 13:53:32.0000",3.4,83.33,-1.4098648859776536e31,-6.408638469534527e29,-4.6824811977152995e29
"2025-01-18 14:23:28.0000",3.51,83.02,-1.4098648859776536e31,-6.408638469534527e29,-4.6824811977152995e29
"2025-01-18 14:53:22.0000",3.48,82.93,-1.4098648859776536e31,-6.408638469534527e29,-4.6824811977152995e29
"2025-01-18 15:23:14.0000",3.32,82.99,-1.4098648859776536e31,-6.408638469534527e29,-4.6824811977152995e29
"2025-01-18 15:53:06.0000",3.14,82.99,-1.4098648859776536e31,-6.408638469534527e29,-4.6824811977152995e29
"2025-01-18 16:23:00.0000",3.04,82.9,-1.4098648859776536e31,-6.408638469534527e29,-4.6824811977152995e29
"2025-01-18 16:52:52.0000",2.84,82.93,-1.4098648859776536e31,-6.408638469534527e29,-4.6824811977152995e29
"2025-01-18 17:52:40.0000",2.54,82.87,-1.4098648859776536e31,-6.408638469534527e29,-4.6824811977152995e29
"2025-01-18 18:22:34.0000",2.48,82.85,-1.4098648859776536e31,-6.408638469534527e29,-4.6824811977152995e29
"2025-01-18 18:52:29.0000",2.36,82.74,-1.4098648859776536e31,-6.408638469534527e29,-4.6824811977152995e29
"2025-01-18 19:52:15.0000",2.04,82.76,23.863351821899414,10.65117116984951,12.054654310494271
"2025-01-18 20:22:07.0000",1.68,82.92,-1.4098648859776536e31,-6.408638469534527e29,-4.6824811977152995e29
"2025-01-18 20:52:01.0000",1.48,82.89,64.82424926757812,32.919920949307006,22.51432524402816
"2025-01-18 21:21:53.0000",1.29,82.91,39.305938720703125,18.081852348756705,15.569020092183688
"2025-01-18 21:51:46.0000",1.21,82.94,44.46282958984375,18.52660316507365,15.437835578879204
"2025-01-18 22:21:40.0000",1.1,82.93,50.614776611328125,21.84911036980396,17.56357314183978
"2025-01-18 22:51:31.0000",1.01,83.03,50.286075592041016,22.542266006923818,17.86232791898586
"2025-01-18 23:21:25.0000",0.97,83,89.3199691772461,47.792883777072994,32.46471115236969
"2025-01-18 23:51:18.0000",0.83,83,-1.4098648859776536e31,-6.408638469534527e29,-4.6824811977152995e29
"2025-01-19 00:21:11.0000",0.73,83.05,47.502410888671875,21.52037944008441,21.077096974220467
"2025-01-19 00:51:04.0000",0.66,83.2,-1.4098648859776536e31,-6.408638469534527e29,-4.6824811977152995e29
"2025-01-19 01:20:58.0000",0.66,83.19,-1.4098648859776536e31,-6.408638469534527e29,-4.6824811977152995e29
"2025-01-19 01:50:53.0000",0.57,83.17,-1.4098648859776536e31,-6.408638469534527e29,-4.6824811977152995e29
"2025-01-19 02:20:46.0000",0.43,83.26,-1.4098648859776536e31,-6.408638469534527e29,-4.6824811977152995e29
"2025-01-19 02:50:38.0000",0.32,83.27,-1.4098648859776536e31,-6.408638469534527e29,-4.6824811977152995e29
"2025-01-19 03:20:32.0000",0.24,83.34,-1.4098648859776536e31,-6.408638469534527e29,-4.6824811977152995e29
"2025-01-19 04:20:19.0000",-0.08,83.41,-1.4098648859776536e31,-6.408638469534527e29,-4.6824811977152995e29
"2025-01-19 04:50:13.0000",-0.13,83.43,-1.4098648859776536e31,-6.408638469534527e29,-4.6824811977152995e29
"2025-01-19 05:20:08.0000",-0.22,83.36,-1.4098648859776536e31,-6.408638469534527e29,-4.6824811977152995e29
"2025-01-19 05:50:01.0000",-0.36,83.39,-1.4098648859776536e31,-6.408638469534527e29,-4.6824811977152995e29
"2025-01-19 06:19:54.0000",-0.41,83.45,-1.4098648859776536e31,-6.408638469534527e29,-4.6824811977152995e29
"2025-01-19 07:19:42.0000",-0.46,83.36,-1.4098648859776536e31,-6.408638469534527e29,-4.6824811977152995e29
"2025-01-19 07:49:35.0000",-0.59,83.44,-1.4098648859776536e31,-6.408638469534527e29,-4.6824811977152995e29
"2025-01-19 08:19:28.0000",-0.59,83.7,-1.4098648859776536e31,-6.408638469534527e29,-4.6824811977152995e29
"2025-01-19 08:49:22.0000",-0.43,83.69,-1.4098648859776536e31,-6.408638469534527e29,-4.6824811977152995e29
"2025-01-19 09:19:15.0000",-0.18,83.72,-1.4098648859776536e31,-6.408638469534527e29,-4.6824811977152995e29
"2025-01-19 09:49:07.0000",0.09,83.7,-1.4098648859776536e31,-6.408638469534527e29,-4.6824811977152995e29
"2025-01-19 10:19:02.0000",0.43,83.73,-1.4098648859776536e31,-6.408638469534527e29,-4.6824811977152995e29
"2025-01-19 11:48:47.0000",2.26,83.31,-1.4098648859776536e31,-6.408638469534527e29,-4.6824811977152995e29
"2025-01-19 12:48:35.0000",2.4,83.49,-1.4098648859776536e31,-6.408638469534527e29,-4.6824811977152995e29
"2025-01-19 13:48:23.0000",2.78,83.34,-1.4098648859776536e31,-6.408638469534527e29,-4.6824811977152995e29
"2025-01-19 14:18:16.0000",2.82,83.19,-1.4098648859776536e31,-6.408638469534527e29,-4.6824811977152995e29
"2025-01-19 14:48:08.0000",2.76,83.06,-1.4098648859776536e31,-6.408638469534527e29,-4.6824811977152995e29
"2025-01-19 15:18:01.0000",2.6,82.97,-1.4098648859776536e31,-6.408638469534527e29,-4.6824811977152995e29
"2025-01-19 15:47:53.0000",2.54,82.97,-1.4098648859776536e31,-6.408638469534527e29,-4.6824811977152995e29
"2025-01-19 16:17:47.0000",2.56,82.95,-1.4098648859776536e31,-6.408638469534527e29,-4.6824811977152995e29
"2025-01-19 16:47:40.0000",2.61,82.87,-1.4098648859776536e31,-6.408638469534527e29,-4.6824811977152995e29
"2025-01-19 17:17:33.0000",2.58,82.85,15.692769050598145,7.662881169513344,9.865118937945379
"2025-01-19 18:17:18.0000",2.55,82.87,14.388468742370605,7.121413304362504,9.254359959084672
"2025-01-19 18:47:12.0000",2.58,82.82,13.119184494018555,6.660179934984528,8.81984296165821
"2025-01-19 19:17:04.0000",2.66,82.78,14.683576583862305,7.166843898572899,8.550290791369498
"2025-01-19 19:46:58.0000",2.65,82.76,14.202631950378418,7.416779106046904,9.616984756490616
"2025-01-19 20:16:50.0000",2.73,82.74,-1.4098648859776536e31,-6.408638469534527e29,-4.6824811977152995e29
"2025-01-19 20:46:44.0000",2.78,82.7,12.667465209960938,6.785234830916915,9.222415689828555
"2025-01-19 21:16:39.0000",2.83,82.61,-1.4098648859776536e31,-6.408638469534527e29,-4.6824811977152995e29
"2025-01-19 21:46:33.0000",2.91,82.6,9.23570442199707,5.170255899834071,7.5437720223582705
"2025-01-19 23:16:11.0000",2.77,82.26,9.57239055633545,5.556032313853242,8.030381052833357
"2025-01-19 23:46:06.0000",2.78,82.12,9.913846969604492,5.6134748501897995,8.14494932338046
"2025-01-20 00:16:00.0000",2.84,81.95,9.39504623413086,5.20820212036218,8.47084994771343
"2025-01-20 00:45:53.0000",2.78,81.88,11.879115104675293,6.357075522350454,8.497366863946052
"2025-01-20 01:15:47.0000",2.81,81.79,13.738685607910156,7.3290743262526705,9.115804156980856
"2025-01-20 02:15:34.0000",2.7,81.69,-1.4098648859776536e31,-6.408638469534527e29,-4.6824811977152995e29
"2025-01-20 02:45:27.0000",2.62,81.7,15.302961349487305,7.773942249213414,10.453827762141142
"2025-01-20 03:15:20.0000",2.7,81.66,15.918381690979004,8.264373535878507,10.414087561582923
"2025-01-20 03:45:14.0000",2.74,81.59,13.803075790405273,7.333570674191615,10.169363834897537
"2025-01-20 04:15:07.0000",2.8,81.5,-1.4098648859776536e31,-6.408638469534527e29,-4.6824811977152995e29
"2025-01-20 04:45:00.0000",2.77,81.44,17.064735412597656,8.451214758888838,10.71514771223481
"2025-01-20 05:14:53.0000",2.45,81.33,23.839786529541016,13.265660399551953,14.253609210568888
"2025-01-20 05:44:47.0000",2.45,81.67,18.452709197998047,9.369388892330877,12.005283000049886
"2025-01-20 06:14:40.0000",2.59,81.59,16.02928352355957,8.337283449508012,11.119279264224799
"2025-01-20 06:44:34.0000",2.7,81.47,15.415771484375,7.867546337115702,10.54952637628593
"2025-01-20 08:14:15.0000",2.31,81.89,17.927316665649414,9.288224018745758,12.213814969410183
"2025-01-20 08:44:07.0000",2.57,82.07,-1.4098648859776536e31,-6.408638469534527e29,-4.6824811977152995e29
"2025-01-20 09:14:01.0000",2.8,82.03,-1.4098648859776536e31,-6.408638469534527e29,-4.6824811977152995e29
"2025-01-20 09:43:53.0000",2.69,82.27,20.387653350830078,10.309930320740277,12.838385916363203
"2025-01-20 10:13:47.0000",3.08,82.53,19.794876098632812,9.966473050899834,12.82822272372184
"2025-01-20 11:13:35.0000",3.58,82.38,17.98021125793457,9.24965866872948,11.670399071898132
"2025-01-20 11:43:29.0000",3.83,82.17,-1.4098648859776536e31,-6.408638469534527e29,-4.6824811977152995e29
"2025-01-20 12:13:22.0000",3.84,82.32,22.84205436706543,12.221649789304461,15.071081092808312
"2025-01-20 12:43:16.0000",3.98,82.4,19.10696029663086,10.035307024789754,12.743090418175678
"2025-01-20 13:13:08.0000",3.61,82.91,-1.4098648859776536e31,-6.408638469534527e29,-4.6824811977152995e29
"2025-01-20 13:43:03.0000",3.8,83.01,20.4939022064209,10.843424106554917,13.634810434418082
"2025-01-20 14:12:58.0000",4.01,82.93,19.907943725585938,10.364936472294877,13.735022267214482
"2025-01-20 14:42:50.0000",4.05,83.11,-1.4098648859776536e31,-6.408638469534527e29,-4.6824811977152995e29
"2025-01-20 15:12:44.0000",4.15,83.11,23.688255310058594,12.556245971839877,15.712414021015825
"2025-01-20 15:42:37.0000",4.06,83.35,23.60079002380371,13.162676082395468,16.822002812625367
"2025-01-20 16:12:30.0000",3.97,83.62,27.75253677368164,15.940856294256516,20.62604723584984
"2025-01-20 17:12:19.0000",3.99,83.92,-1.4098648859776536e31,-6.408638469534527e29,-4.6824811977152995e29
"2025-01-20 17:42:12.0000",4.05,84.07,-1.4098648859776536e31,-6.408638469534527e29,-4.6824811977152995e29
"2025-01-20 18:12:02.0000",4.23,84.12,-1.4098648859776536e31,-6.408638469534527e29,-4.6824811977152995e29
"2025-01-20 18:41:55.0000",4.35,84.19,-1.4098648859776536e31,-6.408638469534527e29,-4.6824811977152995e29
"2025-01-20 19:11:48.0000",4.48,84.31,-1.4098648859776536e31,-6.408638469534527e29,-4.6824811977152995e29
"2025-01-20 19:41:42.0000",4.64,84.46,-1.4098648859776536e31,-6.408638469534527e29,-4.6824811977152995e29
"2025-01-20 20:11:37.0000",4.86,84.45,-1.4098648859776536e31,-6.408638469534527e29,-4.6824811977152995e29
"2025-01-20 20:41:30.0000",4.83,84.68,-1.4098648859776536e31,-6.408638469534527e29,-4.6824811977152995e29
"2025-01-20 21:11:22.0000",4.79,84.82,-1.4098648859776536e31,-6.408638469534527e29,-4.6824811977152995e29
"2025-01-20 21:41:16.0000",4.84,84.92,-1.4098648859776536e31,-6.408638469534527e29,-4.6824811977152995e29
"2025-01-20 22:11:11.0000",4.89,85,-1.4098648859776536e31,-6.408638469534527e29,-4.6824811977152995e29
"2025-01-20 22:41:04.0000",4.94,85.03,-1.4098648859776536e31,-6.408638469534527e29,-4.6824811977152995e29
"2025-01-20 23:40:51.0000",4.93,85.24,-1.4098648859776536e31,-6.408638469534527e29,-4.6824811977152995e29
"2025-01-21 00:10:46.0000",4.85,85.32,-1.4098648859776536e31,-6.408638469534527e29,-4.6824811977152995e29
"2025-01-21 00:40:39.0000",4.81,85.43,-1.4098648859776536e31,-6.408638469534527e29,-4.6824811977152995e29
"2025-01-21 01:10:33.0000",4.84,85.52,-1.4098648859776536e31,-6.408638469534527e29,-4.6824811977152995e29
"2025-01-21 01:40:26.0000",4.76,85.58,-1.4098648859776536e31,-6.408638469534527e29,-4.6824811977152995e29
"2025-01-21 02:40:10.0000",4.59,85.72,-1.4098648859776536e31,-6.408638469534527e29,-4.6824811977152995e29
"2025-01-21 03:10:05.0000",4.54,85.84,-1.4098648859776536e31,-6.408638469534527e29,-4.6824811977152995e29
"2025-01-21 03:39:57.0000",4.57,85.9,-1.4098648859776536e31,-6.408638469534527e29,-4.6824811977152995e29
"2025-01-21 04:09:53.0000",4.58,85.87,-1.4098648859776536e31,-6.408638469534527e29,-4.6824811977152995e29
"2025-01-21 04:39:47.0000",4.47,85.92,-1.4098648859776536e31,-6.408638469534527e29,-4.6824811977152995e29
"2025-01-21 05:39:33.0000",4.33,86.06,-1.4098648859776536e31,-6.408638469534527e29,-4.6824811977152995e29
"2025-01-21 06:09:26.0000",4.29,86.16,-1.4098648859776536e31,-6.408638469534527e29,-4.6824811977152995e29
"2025-01-21 06:39:20.0000",4.34,86.2,-1.4098648859776536e31,-6.408638469534527e29,-4.6824811977152995e29
"2025-01-21 07:09:13.0000",4.43,86.27,-1.4098648859776536e31,-6.408638469534527e29,-4.6824811977152995e29
"2025-01-21 07:39:07.0000",4.58,86.29,-1.4098648859776536e31,-6.408638469534527e29,-4.6824811977152995e29
"2025-01-21 08:09:01.0000",4.6,86.35,-1.4098648859776536e31,-6.408638469534527e29,-4.6824811977152995e29
"2025-01-21 08:38:54.0000",4.64,86.39,-1.4098648859776536e31,-6.408638469534527e29,-4.6824811977152995e29
"2025-01-21 09:08:47.0000",4.78,86.43,-1.4098648859776536e31,-6.408638469534527e29,-4.6824811977152995e29
"2025-01-21 09:38:39.0000",5.03,86.45,-1.4098648859776536e31,-6.408638469534527e29,-4.6824811977152995e29
"2025-01-21 10:08:32.0000",5.1,86.43,-1.4098648859776536e31,-6.408638469534527e29,-4.6824811977152995e29
"2025-01-21 11:08:20.0000",4.93,86.73,-1.4098648859776536e31,-6.408638469534527e29,-4.6824811977152995e29
"2025-01-21 12:08:10.0000",5.28,86.42,-1.4098648859776536e31,-6.408638469534527e29,-4.6824811977152995e29
"2025-01-21 12:38:05.0000",5.36,86.47,-1.4098648859776536e31,-6.408638469534527e29,-4.6824811977152995e29
"2025-01-21 13:07:58.0000",5.47,86.47,-1.4098648859776536e31,-6.408638469534527e29,-4.6824811977152995e29
"2025-01-21 13:37:53.0000",5.59,86.47,-1.4098648859776536e31,-6.408638469534527e29,-4.6824811977152995e29
"2025-01-21 14:07:46.0000",5.33,86.54,-1.4098648859776536e31,-6.408638469534527e29,-4.6824811977152995e29
"2025-01-21 14:37:38.0000",5.16,86.86,-1.4098648859776536e31,-6.408638469534527e29,-4.6824811977152995e29
"2025-01-21 15:07:32.0000",5.09,87.04,-1.4098648859776536e31,-6.408638469534527e29,-4.6824811977152995e29
"2025-01-21 16:07:20.0000",4.98,87.13,-1.4098648859776536e31,-6.408638469534527e29,-4.6824811977152995e29
"2025-01-21 16:37:15.0000",4.9,87.29,-1.4098648859776536e31,-6.408638469534527e29,-4.6824811977152995e29
"2025-01-21 18:36:50.0000",4.82,87.72,-1.4098648859776536e31,-6.408638469534527e29,-4.6824811977152995e29
"2025-01-21 19:06:44.0000",4.91,87.62,-1.4098648859776536e31,-6.408638469534527e29,-4.6824811977152995e29
"2025-01-21 19:36:39.0000",4.89,87.65,-1.4098648859776536e31,-6.408638469534527e29,-4.6824811977152995e29
"2025-01-21 20:06:32.0000",4.83,87.77,-1.4098648859776536e31,-6.408638469534527e29,-4.6824811977152995e29
"2025-01-21 20:36:24.0000",4.77,87.84,-1.4098648859776536e31,-6.408638469534527e29,-4.6824811977152995e29
"2025-01-21 21:06:18.0000",4.63,87.88,-1.4098648859776536e31,-6.408638469534527e29,-4.6824811977152995e29
"2025-01-21 21:36:11.0000",4.49,88.02,-1.4098648859776536e31,-6.408638469534527e29,-4.6824811977152995e29
"2025-01-21 22:35:57.0000",4.25,88.1,-1.4098648859776536e31,-6.408638469534527e29,-4.6824811977152995e29
"2025-01-21 23:05:50.0000",4.24,88.23,-1.4098648859776536e31,-6.408638469534527e29,-4.6824811977152995e29
"2025-01-22 00:05:38.0000",3.85,88.07,-1.4098648859776536e31,-6.408638469534527e29,-4.6824811977152995e29
"2025-01-22 01:05:24.0000",3.12,88.4,-1.4098648859776536e31,-6.408638469534527e29,-4.6824811977152995e29
"2025-01-22 01:35:17.0000",2.91,88.47,-1.4098648859776536e31,-6.408638469534527e29,-4.6824811977152995e29
"2025-01-22 02:05:10.0000",2.67,88.44,-1.4098648859776536e31,-6.408638469534527e29,-4.6824811977152995e29
"2025-01-22 02:35:01.0000",2.42,88.5,-1.4098648859776536e31,-6.408638469534527e29,-4.6824811977152995e29
"2025-01-22 03:04:55.0000",2.45,88.67,-1.4098648859776536e31,-6.408638469534527e29,-4.6824811977152995e29
"2025-01-22 03:34:49.0000",2.98,88.71,-1.4098648859776536e31,-6.408638469534527e29,-4.6824811977152995e29
"2025-01-22 04:04:43.0000",2.95,88.4,-1.4098648859776536e31,-6.408638469534527e29,-4.6824811977152995e29
"2025-01-22 04:34:36.0000",2.65,88.59,-1.4098648859776536e31,-6.408638469534527e29,-4.6824811977152995e29
"2025-01-22 05:04:28.0000",2.65,88.48,-1.4098648859776536e31,-6.408638469534527e29,-4.6824811977152995e29
"2025-01-22 06:04:14.0000",1.82,88.43,-1.4098648859776536e31,-6.408638469534527e29,-4.6824811977152995e29
"2025-01-22 06:34:07.0000",1.66,88.99,-1.4098648859776536e31,-6.408638469534527e29,-4.6824811977152995e29
"2025-01-22 07:04:02.0000",2.04,88.99,-1.4098648859776536e31,-6.408638469534527e29,-4.6824811977152995e29
"2025-01-22 07:33:55.0000",2.08,88.82,-1.4098648859776536e31,-6.408638469534527e29,-4.6824811977152995e29
"2025-01-22 08:03:47.0000",1.57,88.72,-1.4098648859776536e31,-6.408638469534527e29,-4.6824811977152995e29
"2025-01-22 08:33:41.0000",1.22,89.21,-1.4098648859776536e31,-6.408638469534527e29,-4.6824811977152995e29
"2025-01-22 09:33:28.0000",1.73,89.24,-1.4098648859776536e31,-6.408638469534527e29,-4.6824811977152995e29
"2025-01-22 10:03:21.0000",2.07,89.25,-1.4098648859776536e31,-6.408638469534527e29,-4.6824811977152995e29
"2025-01-22 10:33:15.0000",2.65,89.38,-1.4098648859776536e31,-6.408638469534527e29,-4.6824811977152995e29
"2025-01-22 11:03:08.0000",3.39,89.14,-1.4098648859776536e31,-6.408638469534527e29,-4.6824811977152995e29
"2025-01-22 11:33:02.0000",3.36,88.91,-1.4098648859776536e31,-6.408638469534527e29,-4.6824811977152995e29
"2025-01-22 12:02:56.0000",3.48,89.2,-1.4098648859776536e31,-6.408638469534527e29,-4.6824811977152995e29
"2025-01-22 12:32:48.0000",3.8,89.21,-1.4098648859776536e31,-6.408638469534527e29,-4.6824811977152995e29
"2025-01-22 13:02:41.0000",3.82,89.34,-1.4098648859776536e31,-6.408638469534527e29,-4.6824811977152995e29
"2025-01-22 13:32:35.0000",4.14,89.3,-1.4098648859776536e31,-6.408638469534527e29,-4.6824811977152995e29
"2025-01-22 14:02:30.0000",4.66,89.52,-1.4098648859776536e31,-6.408638469534527e29,-4.6824811977152995e29
"2025-01-22 14:32:24.0000",4.84,89.32,-1.4098648859776536e31,-6.408638469534527e29,-4.6824811977152995e29
"2025-01-22 15:02:19.0000",4.89,89.52,-1.4098648859776536e31,-6.408638469534527e29,-4.6824811977152995e29
"2025-01-22 15:32:13.0000",4.93,89.32,-1.4098648859776536e31,-6.408638469534527e29,-4.6824811977152995e29
"2025-01-22 16:31:59.0000",4.68,89.29,-1.4098648859776536e31,-6.408638469534527e29,-4.6824811977152995e29
"2025-01-22 17:01:52.0000",4.59,89.12,-1.4098648859776536e31,-6.408638469534527e29,-4.6824811977152995e29
"2025-01-22 17:31:45.0000",4.25,89.38,-1.4098648859776536e31,-6.408638469534527e29,-4.6824811977152995e29
"2025-01-22 18:01:37.0000",3.89,89.41,-1.4098648859776536e31,-6.408638469534527e29,-4.6824811977152995e29
"2025-01-22 18:31:29.0000",3.94,89.53,-1.4098648859776536e31,-6.408638469534527e29,-4.6824811977152995e29
"2025-01-22 19:01:24.0000",3.9,89.23,-1.4098648859776536e31,-6.408638469534527e29,-4.6824811977152995e29
"2025-01-22 19:31:16.0000",3.79,89.33,-1.4098648859776536e31,-6.408638469534527e29,-4.6824811977152995e29
"2025-01-22 20:01:09.0000",4.02,89.21,-1.4098648859776536e31,-6.408638469534527e29,-4.6824811977152995e29
"2025-01-22 20:31:04.0000",3.85,89.09,-1.4098648859776536e31,-6.408638469534527e29,-4.6824811977152995e29
"2025-01-22 21:00:56.0000",3.47,89.55,-1.4098648859776536e31,-6.408638469534527e29,-4.6824811977152995e29
"2025-01-22 21:30:50.0000",3.46,89.74,-1.4098648859776536e31,-6.408638469534527e29,-4.6824811977152995e29
"2025-01-22 22:00:44.0000",3.37,89.55,-1.4098648859776536e31,-6.408638469534527e29,-4.6824811977152995e29
"2025-01-22 22:30:38.0000",3.46,89.65,-1.4098648859776536e31,-6.408638469534527e29,-4.6824811977152995e29
"2025-01-22 23:00:33.0000",3.54,89.43,-1.4098648859776536e31,-6.408638469534527e29,-4.6824811977152995e29
"2025-01-22 23:30:27.0000",3.6,89.55,-1.4098648859776536e31,-6.408638469534527e29,-4.6824811977152995e29
"2025-01-23 00:00:19.0000",3.77,89.33,-1.4098648859776536e31,-6.408638469534527e29,-4.6824811977152995e29
"2025-01-23 00:30:15.0000",3.61,89.36,-1.4098648859776536e31,-6.408638469534527e29,-4.6824811977152995e29
"2025-01-23 01:00:08.0000",3.56,89.48,-1.4098648859776536e31,-6.408638469534527e29,-4.6824811977152995e29
"2025-01-23 01:30:00.0000",3.48,89.46,-1.4098648859776536e31,-6.408638469534527e29,-4.6824811977152995e29
"2025-01-23 01:59:54.0000",3.53,89.42,-1.4098648859776536e31,-6.408638469534527e29,-4.6824811977152995e29
"2025-01-23 02:59:42.0000",3.33,89.16,-1.4098648859776536e31,-6.408638469534527e29,-4.6824811977152995e29
"2025-01-23 03:29:37.0000",3.46,89.52,-1.4098648859776536e31,-6.408638469534527e29,-4.6824811977152995e29
"2025-01-23 03:59:31.0000",3.52,89.2,-1.4098648859776536e31,-6.408638469534527e29,-4.6824811977152995e29
"2025-01-23 04:29:25.0000",3.43,89.25,-1.4098648859776536e31,-6.408638469534527e29,-4.6824811977152995e29
"2025-01-23 04:59:18.0000",3.37,88.99,-1.4098648859776536e31,-6.408638469534527e29,-4.6824811977152995e29
"2025-01-23 05:29:09.0000",3.18,88.8,-1.4098648859776536e31,-6.408638469534527e29,-4.6824811977152995e29
"2025-01-23 05:59:02.0000",2.67,89.2,-1.4098648859776536e31,-6.408638469534527e29,-4.6824811977152995e29
"2025-01-23 06:28:56.0000",2.38,89.04,-1.4098648859776536e31,-6.408638469534527e29,-4.6824811977152995e29
"2025-01-23 06:58:51.0000",2.43,89.22,-1.4098648859776536e31,-6.408638469534527e29,-4.6824811977152995e29
"2025-01-23 07:28:44.0000",2.49,89.17,-1.4098648859776536e31,-6.408638469534527e29,-4.6824811977152995e29
"2025-01-23 07:58:37.0000",2.65,89.2,-1.4098648859776536e31,-6.408638469534527e29,-4.6824811977152995e29
"2025-01-23 08:28:32.0000",2.75,88.99,-1.4098648859776536e31,-6.408638469534527e29,-4.6824811977152995e29
"2025-01-23 09:58:15.0000",3.52,89.14,-1.4098648859776536e31,-6.408638469534527e29,-4.6824811977152995e29
"2025-01-23 10:28:09.0000",3.53,88.96,-1.4098648859776536e31,-6.408638469534527e29,-4.6824811977152995e29
"2025-01-23 11:27:56.0000",3.88,88.94,-1.4098648859776536e31,-6.408638469534527e29,-4.6824811977152995e29
"2025-01-23 11:57:49.0000",3.74,89.45,-1.4098648859776536e31,-6.408638469534527e29,-4.6824811977152995e29
"2025-01-23 12:27:43.0000",3.88,89.53,-1.4098648859776536e31,-6.408638469534527e29,-4.6824811977152995e29
"2025-01-23 13:27:30.0000",4.67,89.51,-1.4098648859776536e31,-6.408638469534527e29,-4.6824811977152995e29
"2025-01-23 13:57:26.0000",5.89,89.27,-1.4098648859776536e31,-6.408638469534527e29,-4.6824811977152995e29
"2025-01-23 14:27:22.0000",6.4,88.48,-1.4098648859776536e31,-6.408638469534527e29,-4.6824811977152995e29
"2025-01-23 14:57:15.0000",5.67,88.17,-1.4098648859776536e31,-6.408638469534527e29,-4.6824811977152995e29
"2025-01-23 15:27:08.0000",5.03,89.3,-1.4098648859776536e31,-6.408638469534527e29,-4.6824811977152995e29
"2025-01-23 15:57:01.0000",5.42,89.32,-1.4098648859776536e31,-6.408638469534527e29,-4.6824811977152995e29
"2025-01-23 16:26:55.0000",5.52,89.04,-1.4098648859776536e31,-6.408638469534527e29,-4.6824811977152995e29
"2025-01-23 16:56:49.0000",5.57,88.94,-1.4098648859776536e31,-6.408638469534527e29,-4.6824811977152995e29
"2025-01-23 17:26:43.0000",5.77,88.56,-1.4098648859776536e31,-6.408638469534527e29,-4.6824811977152995e29
"2025-01-23 17:56:35.0000",5.63,87.85,-1.4098648859776536e31,-6.408638469534527e29,-4.6824811977152995e29
"2025-01-23 18:26:27.0000",5.17,87.93,-1.4098648859776536e31,-6.408638469534527e29,-4.6824811977152995e29
"2025-01-23 19:26:12.0000",4.58,87.91,-1.4098648859776536e31,-6.408638469534527e29,-4.6824811977152995e29
"2025-01-23 19:56:05.0000",4.35,87.89,-1.4098648859776536e31,-6.408638469534527e29,-4.6824811977152995e29
"2025-01-23 20:25:58.0000",4.31,87.85,-1.4098648859776536e31,-6.408638469534527e29,-4.6824811977152995e29
"2025-01-23 21:25:47.0000",4.54,87.6,-1.4098648859776536e31,-6.408638469534527e29,-4.6824811977152995e29
"2025-01-23 21:55:42.0000",5.09,86.79,-1.4098648859776536e31,-6.408638469534527e29,-4.6824811977152995e29
"2025-01-23 22:25:36.0000",4.83,86.58,-1.4098648859776536e31,-6.408638469534527e29,-4.6824811977152995e29
"2025-01-23 22:55:28.0000",4.73,86.5,-1.4098648859776536e31,-6.408638469534527e29,-4.6824811977152995e29
"2025-01-23 23:25:21.0000",4.51,86.24,-1.4098648859776536e31,-6.408638469534527e29,-4.6824811977152995e29
"2025-01-23 23:55:14.0000",4.43,86.18,-1.4098648859776536e31,-6.408638469534527e29,-4.6824811977152995e29
"2025-01-24 00:25:06.0000",4.25,85.81,-1.4098648859776536e31,-6.408638469534527e29,-4.6824811977152995e29
"2025-01-24 00:54:58.0000",3.49,86.42,-1.4098648859776536e31,-6.408638469534527e29,-4.6824811977152995e29
"2025-01-24 01:24:51.0000",3.45,87.2,-1.4098648859776536e31,-6.408638469534527e29,-4.6824811977152995e29
"2025-01-24 01:54:45.0000",3.57,87.49,-1.4098648859776536e31,-6.408638469534527e29,-4.6824811977152995e29
"2025-01-24 02:54:34.0000",4.46,88.11,-1.4098648859776536e31,-6.408638469534527e29,-4.6824811977152995e29
"2025-01-24 03:54:23.0000",6.3,88.83,-1.4098648859776536e31,-6.408638469534527e29,-4.6824811977152995e29
"2025-01-24 04:24:19.0000",7.22,89.17,-1.4098648859776536e31,-6.408638469534527e29,-4.6824811977152995e29
"2025-01-24 04:54:15.0000",7.88,89.67,-1.4098648859776536e31,-6.408638469534527e29,-4.6824811977152995e29
"2025-01-24 05:24:09.0000",8.13,89.5,-1.4098648859776536e31,-6.408638469534527e29,-4.6824811977152995e29
"2025-01-24 05:54:04.0000",8.5,86.96,-1.4098648859776536e31,-6.408638469534527e29,-4.6824811977152995e29
"2025-01-24 06:53:51.0000",8.03,81.09,6.307851791381836,8.029850983446018,19.919426492585334
"2025-01-24 07:23:44.0000",7.98,77.15,7.587759971618652,9.696773967023162,24.049050251946664
"2025-01-24 07:53:38.0000",7.72,76.22,9.49231243133545,11.393600993521945,28.406354350209924
"2025-01-24 08:23:32.0000",7.48,74,10.35888671875,12.683354557871363,34.91930137551312
"2025-01-24 08:53:24.0000",7.6,68.42,7.404223918914795,10.188686317574936,30.467948440262493
"2025-01-24 09:23:19.0000",7.78,65.91,7.921604633331299,9.959907643455598,25.179261848572178
"2025-01-24 09:53:12.0000",7.95,59.97,4.9625325202941895,7.809746598896411,23.177046289768303
"2025-01-24 10:23:06.0000",9.08,59.15,4.1661224365234375,7.013832223844735,19.766259472347926
"2025-01-24 10:53:01.0000",9.83,57.5,6.013533592224121,8.8582647081061,24.66179146252077
"2025-01-24 11:22:56.0000",11.37,55.34,4.806152820587158,7.670078838042793,24.01491871754231
"2025-01-24 12:22:45.0000",11.16,50.1,3.7505693435668945,6.724949114054883,19.995980725699688
"2025-01-24 12:52:39.0000",11.14,47.64,3.918848752975464,7.339435874044491,23.349222305017843
"2025-01-24 13:52:22.0000",8.3,49.19,3.329472541809082,6.663867877045125,22.593913353623673
"2025-01-24 14:22:14.0000",7.96,49.7,3.374502658843994,6.826974420662418,19.76849991609863
"2025-01-24 14:52:07.0000",7.71,49.25,3.9318456649780273,7.026834363323833,19.779671745574415
"2025-01-24 15:21:59.0000",7.4,52.32,3.6750998497009277,6.388555328623331,19.1046444322997
"2025-01-24 15:51:52.0000",7.08,52.65,3.443122625350952,6.3143418181808455,18.931487866195518
"2025-01-24 16:21:43.0000",6.69,54.14,4.248090744018555,6.759337238253002,18.559681099108744
"2025-01-24 16:51:37.0000",6.39,55.51,4.778393745422363,7.256189663985462,22.872167627374612
"2025-01-24 17:21:30.0000",6.08,56.94,4.829281330108643,7.388383043765682,20.56195101830584
"2025-01-24 17:51:23.0000",5.93,58.12,4.682071208953857,7.240164508856746,19.029575745571726
"2025-01-24 18:21:16.0000",5.77,59.4,5.23629903793335,7.476565855665788,21.765999291529496
"2025-01-24 18:51:10.0000",5.86,60.71,4.504148006439209,6.296420467280866,18.23010599593239
"2025-01-24 19:21:02.0000",5.81,61.34,2.9584920406341553,5.129134345458763,14.388487362443435
"2025-01-24 20:20:48.0000",5.6,63.79,3.574028491973877,5.244492751458271,14.860119125442573
"2025-01-24 20:50:42.0000",4.89,65.48,4.23907470703125,5.552374184228001,14.315152867873929
"2025-01-24 21:20:33.0000",4.47,66.73,3.7033629417419434,4.98826034734935,13.3887201779684
"2025-01-24 21:50:27.0000",4.73,67.1,41.776554107666016,30.96950723999136,27.593293971086094
"2025-01-24 22:50:13.0000",4.37,68.09,1.851969599723816,3.412020941957565,10.559762548611097
"2025-01-24 23:20:06.0000",4.04,68.54,1.536611557006836,3.201780823141981,9.66973400365817
"2025-01-24 23:49:59.0000",3.88,68.3,2.596266984939575,4.073359255139602,11.678872625559697
"2025-01-25 00:19:51.0000",3.48,68.31,1.8855210542678833,3.921397905924529,12.050909518629751
"2025-01-25 00:49:45.0000",3.28,68.63,2.185739040374756,3.9398049063656826,10.881848640517136
"2025-01-25 01:19:39.0000",3.05,68.79,2.088460683822632,4.005853183427207,12.432568515639389
"2025-01-25 01:49:32.0000",2.64,69.19,1.9616743326187134,3.8295116449140982,12.561922635157515
"2025-01-25 02:19:25.0000",2.53,69.54,1.6965631246566772,3.54446877884855,10.668646675262247
"2025-01-25 02:49:17.0000",2.48,69.66,1.600163221359253,3.459514649619357,10.99297516189003
"2025-01-25 03:19:12.0000",2.26,69.82,1.5305993556976318,3.322331836467381,9.813089980836635
"2025-01-25 04:18:58.0000",1.83,70.23,1.508020281791687,3.298772388805793,11.267696279737844
"2025-01-25 04:48:51.0000",1.51,70.56,1.5817673206329346,3.459636566570003,10.580868117844933
"2025-01-25 05:18:44.0000",1.37,70.87,1.277442455291748,3.0289347181651856,9.564598392552316
"2025-01-25 06:18:31.0000",1.49,71.24,1.1994692087173462,2.965479294518324,9.196077435129027
"2025-01-25 06:48:24.0000",1.65,71.25,12.784482955932617,10.79769393027555,13.724141824570324
"2025-01-25 07:18:17.0000",1.54,71.42,30.310409545898438,23.129893520112535,20.932183846104582
"2025-01-25 07:48:10.0000",1.21,71.59,1.2800943851470947,2.953579972668011,9.881024807185295
"2025-01-25 08:18:04.0000",1.51,71.93,29.778972625732422,22.947150928626854,21.82516011669911
"2025-01-25 08:47:58.0000",1.77,71.98,26.631685256958008,20.606333699593762,19.640641137140786
"2025-01-25 09:17:51.0000",1.95,72.17,2.4948554039001465,3.7244948959082524,11.41836447813152
"2025-01-25 10:17:48.0000",7.02,70.93,2.5156664848327637,3.567220958700304,9.274907197027995
"2025-01-25 10:47:41.0000",8.82,70.63,2.164386749267578,3.484766066490722,9.97355698397499
"2025-01-25 11:17:42.0000",12.61,68.97,2.0716891288757324,3.736694040694215,13.515276685835715
"2025-01-25 11:47:38.0000",13.61,67.23,2.0366485118865967,3.6400241310358687,10.968223068747227
"2025-01-25 12:17:29.0000",11.81,65.01,1.9591273069381714,4.1622863168445585,13.310520158599404
"2025-01-25 13:17:12.0000",8.04,61.64,1.446381688117981,4.25255449906124,13.34244818372585
"2025-01-25 13:47:02.0000",6.57,62.91,2.0178210735321045,3.861765870179445,13.016094052565848
"2025-01-25 14:16:55.0000",6.01,63.08,1.5959081649780273,3.8148155102927412,13.33751936778198
"2025-01-25 14:46:48.0000",6.24,63.56,2.385091543197632,4.060035135604252,12.249193791011793
"2025-01-25 15:16:42.0000",5.97,63.16,1.6201744079589844,3.494480601999246,12.206544576482914
"2025-01-25 16:16:26.0000",5.29,62.87,2.542529821395874,4.110869710970916,13.243560738952219
"2025-01-25 16:46:20.0000",4.91,63.42,3.4766693115234375,4.582550861115203,11.677896770118139
"2025-01-25 17:46:06.0000",4.56,64.33,3.75475811958313,4.834821950423211,13.688785408925156
"2025-01-25 19:15:44.0000",4.08,66.33,8.426981925964355,7.174828825561587,15.70441497117519
"2025-01-25 20:45:22.0000",3.13,68.3,6.0000715255737305,5.528157334882691,13.324443282986028
"2025-01-25 21:15:16.0000",3.27,69.02,4.979733467102051,4.908176444658003,11.551566361330567
"2025-01-25 21:45:08.0000",3.06,69.41,5.099186420440674,4.845672593270452,10.989059880391613
"2025-01-25 22:15:01.0000",2.85,69.98,58.86643981933594,40.942629727659344,31.443550668642093
"2025-01-25 22:44:55.0000",3.04,70.4,57.042823791503906,40.79704013918626,33.088428217049334
"2025-01-25 23:14:48.0000",2.92,70.64,55.0297737121582,39.812042378735,30.815024242971113
"2025-01-25 23:44:40.0000",2.84,71.54,3.0480659008026123,3.8811003996881563,11.76498129621916
"2025-01-26 00:44:26.0000",2.73,72.48,2.331423044204712,3.5369496894536523,9.950253295454097
"2025-01-26 01:44:11.0000",2.34,73.68,2.956967830657959,3.8194172905314936,10.238135782627813
"2025-01-26 02:14:04.0000",2.53,74.1,2.209469795227051,3.176757364154519,9.57221384234856
"2025-01-26 03:13:51.0000",2.18,75.1,3.6667280197143555,4.265541329968222,10.143709518573816
"2025-01-26 03:43:46.0000",2.16,75.23,4.271492004394531,4.753244381102861,10.208393961294396
"2025-01-26 04:13:38.0000",1.59,75.98,2.478747844696045,3.370801117874544,9.018037445980916
"2025-01-26 04:43:30.0000",1.33,76.34,2.765970230102539,3.500999761630193,8.856689037079429
"2025-01-26 05:13:24.0000",1.2,76.67,2.336081027984619,3.1587438367051375,8.607313595943378
"2025-01-26 05:43:19.0000",1.3,76.89,2.3354334831237793,3.289298857390496,9.011808785146371
"2025-01-26 06:13:12.0000",1.18,77.24,2.2720847129821777,3.0313391006953623,8.454101222545995
"2025-01-26 06:43:04.0000",1.17,77.55,2.622992992401123,3.4327833717710643,9.464864662500839
"2025-01-26 07:12:56.0000",1.24,77.94,2.7763400077819824,3.5274737304335733,8.763564532549255
"2025-01-26 07:42:50.0000",1.25,78.17,2.955148458480835,3.5722573472818433,8.701143104816587
"2025-01-26 08:12:44.0000",1.44,78.4,4.977596282958984,4.344892694209988,9.908222300941935
"2025-01-26 08:42:38.0000",1.9,78.96,-1.4098648859776536e31,-6.408638469534527e29,-4.6824811977152995e29
"2025-01-26 09:12:33.0000",2.7,78.98,-1.4098648859776536e31,-6.408638469534527e29,-4.6824811977152995e29
"2025-01-26 09:42:28.0000",3.28,79.08,5.819101333618164,4.582400435919474,8.896381172746532
"2025-01-26 10:12:22.0000",3.71,79.38,2.999755620956421,3.443792164513269,9.064918262411833
"2025-01-26 10:42:15.0000",4.14,79.52,2.7022290229797363,3.6460951806237976,9.282110283110677
"2025-01-26 11:12:11.0000",4.51,79.33,-1.4098648859776536e31,-6.408638469534527e29,-4.6824811977152995e29
"2025-01-26 12:11:59.0000",4.32,79.52,2.1475143432617188,3.2444843302695126,8.929795601761834
"2025-01-26 13:11:47.0000",4.91,79.81,4.347695827484131,4.455739922714359,8.539035104042663
"2025-01-26 13:41:39.0000",4.76,81.41,1.523367166519165,2.5146268459193566,6.870273522911217
"2025-01-26 14:11:34.0000",5.33,80.75,1.5057264566421509,2.3288013968231844,6.661005640429963
"2025-01-26 14:41:27.0000",4.97,80.48,1.129806637763977,2.151268586999153,6.581841565072274
"2025-01-26 15:11:20.0000",4.4,81.44,1.4063997268676758,2.1037617336949355,6.128699500215779
"2025-01-26 15:41:12.0000",4.01,82.42,1.151286005973816,1.907805348771925,6.2491663637534
"2025-01-26 16:11:06.0000",3.95,82.85,0.8977598547935486,1.7145315543635136,5.665524294576851
"2025-01-26 16:41:01.0000",4.26,82.58,2.248065710067749,2.201123819214667,5.738796688604871
"2025-01-26 17:10:54.0000",4.59,82.52,1.4415414333343506,1.9486472173866631,5.578313500758397
"2025-01-26 17:40:49.0000",5.01,82.63,2.048037528991699,2.203277337270839,5.706043590105475
"2025-01-26 18:10:41.0000",5.24,82.43,-1.4098648859776536e31,-6.408638469534527e29,-4.6824811977152995e29
"2025-01-26 18:40:35.0000",5.18,82.68,2.497889518737793,2.4682214087564978,7.118573827462371
"2025-01-26 19:10:30.0000",5.62,82.76,-1.4098648859776536e31,-6.408638469534527e29,-4.6824811977152995e29
"2025-01-26 19:40:24.0000",5.39,82.66,3.931901216506958,3.5008592971423886,7.335781877957185
"2025-01-26 20:10:18.0000",5.29,82.83,1.986492395401001,2.4858803323602077,6.688363762445353
"2025-01-26 20:40:10.0000",5.22,82.88,2.8266263008117676,2.9808309807649787,7.505239618103467
"2025-01-26 21:10:03.0000",5.19,83.14,3.536086082458496,3.5951555432775653,8.080036032316066
"2025-01-26 21:39:58.0000",5.63,83.2,4.06695032119751,4.292735102808877,10.113832628740253
"2025-01-26 22:39:46.0000",5.96,82.68,4.195862293243408,4.638534581487301,11.23225828231175
"2025-01-26 23:09:39.0000",5.25,83.82,4.439182281494141,5.567438738904758,12.645719294724186
"2025-01-26 23:39:29.0000",5.17,84.25,4.6587958335876465,6.010456900188938,15.19079947044279
"2025-01-27 00:09:24.0000",5.3,84.34,4.590387344360352,5.725837300227669,12.963589229245974
"2025-01-27 00:39:19.0000",5.45,84.61,3.114912509918213,4.166605822581999,11.1785190826307
"2025-01-27 01:09:11.0000",4.88,85.1,0.9489860534667969,1.8324907246379982,6.110027868139111
"2025-01-27 01:39:02.0000",3.86,85.93,-1.4098648859776536e31,-6.408638469534527e29,-4.6824811977152995e29
"2025-01-27 02:08:55.0000",3.6,85.89,0.3240109980106354,1.0956996600500797,4.5391125282390625
"2025-01-27 02:38:48.0000",3.53,85.47,0.33615514636039734,1.0514917312980763,4.302315651712481
"2025-01-27 03:08:41.0000",3.3,85.4,-1.4098648859776536e31,-6.408638469534527e29,-4.6824811977152995e29
"2025-01-27 04:08:28.0000",2.69,85.66,0.9376527667045593,1.4998472283215214,4.756442165010304
"2025-01-27 04:38:22.0000",2.67,85.71,0.9286731481552124,1.3839289236699532,4.711790109195527
"2025-01-27 05:08:15.0000",2.58,85.58,0.6626707315444946,1.3466477847560505,4.97183810318356
"2025-01-27 06:08:03.0000",2.9,85.72,1.076887845993042,1.8075518960474222,5.8460395352297105
"2025-01-27 06:37:55.0000",3.28,85.49,1.5612397193908691,2.1967960147570205,7.200752402437889
"2025-01-27 07:37:44.0000",3.25,85.49,-1.4098648859776536e31,-6.408638469534527e29,-4.6824811977152995e29
"2025-01-27 08:07:37.0000",3.37,85.43,3.4075686931610107,4.084887404494939,10.85273503970265
"2025-01-27 08:37:31.0000",3.07,85.67,2.976170301437378,4.055092209131561,10.247195404344156
"2025-01-27 09:07:25.0000",3.28,86.11,2.998699903488159,3.7902359897338833,10.801068212432346
"2025-01-27 09:37:18.0000",3.92,85.52,3.2456870079040527,4.057419341203436,9.818971293336727
"2025-01-27 10:07:12.0000",4.47,85.29,-1.4098648859776536e31,-6.408638469534527e29,-4.6824811977152995e29
"2025-01-27 10:37:05.0000",4.99,85.08,3.9846949577331543,4.691847533360486,10.553734678129166
"2025-01-27 11:07:00.0000",5.98,84.98,3.77598237991333,4.707381834501375,10.380990949515386
"2025-01-27 12:06:51.0000",6.76,82.63,4.214786529541016,5.242515383258223,12.769248134503009
"2025-01-27 12:36:48.0000",9.28,81.44,4.494668006896973,5.4464868672912266,11.973890537020138
"2025-01-27 13:06:41.0000",7.77,78,4.842799186706543,6.094460541888951,14.93773754316668
"2025-01-27 13:36:34.0000",7.27,78,12.597570419311523,11.766219961091021,18.213981005712444
"2025-01-27 14:06:26.0000",6.6,77.75,5.4264936447143555,7.008131491933033,17.363148938331104
"2025-01-27 14:36:19.0000",6.35,78.79,6.423468589782715,6.804386685069501,13.628886275985085
"2025-01-27 15:06:11.0000",6.39,78.97,4.303767681121826,5.146716278600792,12.152929287776933
"2025-01-27 16:05:56.0000",6.43,79.14,4.4268269538879395,5.524210663493281,12.65652464606772
"2025-01-27 16:35:48.0000",6.54,78.99,4.079864978790283,4.9510795852843925,12.139902195937896
"2025-01-27 17:35:33.0000",6.3,78.35,3.546546697616577,4.426131969382717,12.258689040403699
"2025-01-27 18:05:28.0000",6.33,78.37,3.4661271572113037,4.364405886705691,10.523774297142156
"2025-01-27 19:05:14.0000",6,78.43,4.440945148468018,5.00899775693051,12.498148127198816
"2025-01-27 20:34:53.0000",5.91,78.77,3.2028515338897705,4.18639473185388,9.98463245129291
"2025-01-27 21:04:47.0000",5.81,78.9,3.199408531188965,3.9568304354210095,10.089322035958897
"2025-01-27 22:34:24.0000",5.36,79.69,4.299171447753906,4.101395546466229,9.00045138374374
"2025-01-27 23:04:16.0000",5.52,80.01,2.5281238555908203,3.4070069207979277,8.905773168328759
"2025-01-27 23:34:10.0000",5.56,80.21,2.7380387783050537,3.7839152305905186,9.168306992209704
"2025-01-28 00:33:57.0000",6.02,80.63,-1.4098648859776536e31,-6.408638469534527e29,-4.6824811977152995e29
"2025-01-28 01:03:50.0000",5.61,81.55,5.096637725830078,6.524605386471687,16.272921278196364
"2025-01-28 01:33:44.0000",5.88,81.96,5.725247383117676,6.5306316424904685,13.477748683710212
"2025-01-28 02:03:38.0000",6.15,82.07,3.771669864654541,5.0803442185231775,12.385028328784195
"2025-01-28 03:03:24.0000",6.18,82.21,3.102705478668213,4.363892316848716,10.440549712256194
"2025-01-28 03:33:18.0000",6.14,82.32,-1.4098648859776536e31,-6.408638469534527e29,-4.6824811977152995e29
"2025-01-28 04:03:10.0000",6.07,82.63,6.191166877746582,6.518214054180221,11.858411856102938
"2025-01-28 04:33:02.0000",6.02,82.94,3.1474385261535645,4.176181114324017,10.43275075989792
"2025-01-28 05:02:56.0000",6.13,82.91,-1.4098648859776536e31,-6.408638469534527e29,-4.6824811977152995e29
"2025-01-28 05:32:50.0000",6.27,83.17,2.3091847896575928,3.3140962389527995,8.341196381306895
"2025-01-28 06:02:42.0000",6.4,83.12,2.1220057010650635,3.0057799005285517,7.773625224582537
"2025-01-28 06:32:35.0000",6.29,83.18,2.3425772190093994,3.2934882464564312,8.712893180101545
"2025-01-28 07:32:22.0000",5.81,83.41,3.5391383171081543,4.0790897944142,8.481409720362638
"2025-01-28 08:32:10.0000",5.97,83.67,-1.4098648859776536e31,-6.408638469534527e29,-4.6824811977152995e29
"2025-01-28 09:02:04.0000",6.38,83.63,2.3449273109436035,2.8223305220315034,8.338368112217937
"2025-01-28 09:31:58.0000",6.49,83.55,4.251621246337891,3.811208523917524,9.565282125766046
"2025-01-28 10:01:48.0000",6.4,83.65,9.77645492553711,6.213464763118405,9.606601718359453
"2025-01-28 10:31:42.0000",6.34,83.83,8.609153747558594,5.226321783924583,8.814837904079363
"2025-01-28 11:01:35.0000",6.32,84.04,-1.4098648859776536e31,-6.408638469534527e29,-4.6824811977152995e29
"2025-01-28 11:31:29.0000",6.41,84.55,4.861684799194336,3.3993362965984537,6.9853029113551655
"2025-01-28 12:01:25.0000",7.51,84.52,3.6134912967681885,2.7403722827624253,5.909545380199345
"2025-01-28 12:31:22.0000",8.22,83.77,-1.4098648859776536e31,-6.408638469534527e29,-4.6824811977152995e29
"2025-01-28 13:01:14.0000",7.78,84.11,1.6394151449203491,1.790635980459487,5.138336418786888
"2025-01-28 13:31:08.0000",7.64,83.55,1.554375171661377,2.1613463471911962,6.154096398915323
"2025-01-28 14:00:59.0000",6.39,83.54,1.0434974431991577,1.7870911118586825,6.354709131959805
"2025-01-28 14:30:50.0000",5.79,84.74,4.6740946769714355,4.657874240366806,9.661697798720574
"2025-01-28 15:00:44.0000",5.8,85.23,8.877574920654297,7.1053972233079286,9.06241435304549
"2025-01-28 15:30:36.0000",5.71,85.91,8.49499225616455,6.94251003103117,9.763897956014322
"2025-01-28 16:00:28.0000",5.71,86.21,-1.4098648859776536e31,-6.408638469534527e29,-4.6824811977152995e29
"2025-01-28 16:30:22.0000",5.7,86.64,-1.4098648859776536e31,-6.408638469534527e29,-4.6824811977152995e29
"2025-01-28 17:00:15.0000",5.52,86.59,2.6445183753967285,3.478295553898551,8.990342332582866
"2025-01-28 17:30:07.0000",5.43,86.41,2.373392343521118,3.180343341762497,8.492672241334436
"2025-01-28 18:00:00.0000",5.41,86.05,2.764596462249756,3.0427202328140894,8.77035333496971
"2025-01-28 18:29:53.0000",5.47,85.88,-1.4098648859776536e31,-6.408638469534527e29,-4.6824811977152995e29
"2025-01-28 18:59:47.0000",5.74,85.38,-1.4098648859776536e31,-6.408638469534527e29,-4.6824811977152995e29
"2025-01-28 19:29:42.0000",5.79,85.26,1.2655022144317627,2.1362314837990644,6.77277522390675
"2025-01-28 20:29:31.0000",6.07,84.7,2.1510426998138428,3.0881950334012735,8.172496881799852
"2025-01-28 20:59:24.0000",6.02,84.38,-1.4098648859776536e31,-6.408638469534527e29,-4.6824811977152995e29
"2025-01-28 21:29:19.0000",5.9,84.47,-1.4098648859776536e31,-6.408638469534527e29,-4.6824811977152995e29
"2025-01-28 21:59:11.0000",5.83,84.71,1.4385048151016235,2.2942921383214268,7.8961982773410915
"2025-01-28 22:29:03.0000",5.46,84.57,2.373108386993408,2.846041637216306,7.896418827632456
"2025-01-28 22:58:58.0000",5.56,85.07,-1.4098648859776536e31,-6.408638469534527e29,-4.6824811977152995e29
"2025-01-28 23:28:52.0000",6,85.1,-1.4098648859776536e31,-6.408638469534527e29,-4.6824811977152995e29
"2025-01-28 23:58:48.0000",6.13,85.14,3.441596508026123,4.416533321538443,9.799093769601678
"2025-01-29 00:28:41.0000",6.13,85.15,-1.4098648859776536e31,-6.408638469534527e29,-4.6824811977152995e29
"2025-01-29 00:58:36.0000",6.18,85.51,3.081275701522827,4.07293644219159,10.30576773430603
"2025-01-29 01:28:30.0000",6.16,85.47,-1.4098648859776536e31,-6.408638469534527e29,-4.6824811977152995e29
"2025-01-29 01:58:23.0000",6.03,85.54,3.171680212020874,4.084234186863588,10.160680305635804
"2025-01-29 02:28:15.0000",6.14,85.62,3.210127830505371,4.318374759548015,10.683816913117266
"2025-01-29 02:58:09.0000",5.73,85.47,2.8599770069122314,4.045480387032118,10.043022698671862
"2025-01-29 03:28:01.0000",5.39,85.64,3.028949499130249,3.999851480750047,11.755761313126444
"2025-01-29 03:57:53.0000",5.14,85.89,-1.4098648859776536e31,-6.408638469534527e29,-4.6824811977152995e29
"2025-01-29 04:27:47.0000",5.32,85.81,3.2253530025482178,4.428347323807644,12.399992273465855
"2025-01-29 04:57:40.0000",5.35,85.83,-1.4098648859776536e31,-6.408638469534527e29,-4.6824811977152995e29
"2025-01-29 05:57:27.0000",4.85,85.97,2.4346976280212402,3.4203071775833984,11.564320596734223
"2025-01-29 06:27:20.0000",4.57,85.97,2.361525774002075,3.276300653280202,11.504891202257186
"2025-01-29 06:57:13.0000",4.35,86.02,-1.4098648859776536e31,-6.408638469534527e29,-4.6824811977152995e29
"2025-01-29 07:27:07.0000",4.6,86.49,-1.4098648859776536e31,-6.408638469534527e29,-4.6824811977152995e29
"2025-01-29 07:57:02.0000",4.93,86.18,2.9613139629364014,3.7004512269006615,10.1373650922427
"2025-01-29 08:26:55.0000",5.07,86.34,-1.4098648859776536e31,-6.408638469534527e29,-4.6824811977152995e29
"2025-01-29 08:56:50.0000",5.3,86.64,-1.4098648859776536e31,-6.408638469534527e29,-4.6824811977152995e29
"2025-01-29 09:26:42.0000",5.81,86.37,1.824802041053772,2.5577665752785617,8.080466521496776
"2025-01-29 09:56:36.0000",6.28,86.01,2.1332027912139893,3.124898185791268,8.86151934064622
"2025-01-29 10:26:33.0000",10.41,82.64,-1.4098648859776536e31,-6.408638469534527e29,-4.6824811977152995e29
"2025-01-29 10:56:28.0000",11.52,81.92,1.9810680150985718,3.5189526170786167,11.131322175463248
"2025-01-29 11:26:21.0000",9.73,81.04,1.700223445892334,3.5475832653341586,11.756680916857125
"2025-01-29 11:56:13.0000",11.07,78.81,2.7777798175811768,4.232281313348499,14.170103415950724
"2025-01-29 12:26:07.0000",10.53,72.69,1.6644718647003174,3.950207374238339,12.512790719944912
"2025-01-29 12:56:00.0000",10.54,66.55,1.3068406581878662,4.016134416398292,12.932229846666159
"2025-01-29 13:25:47.0000",7.12,68.76,1.7781407833099365,4.025242550917328,14.584972341495721
"2025-01-29 13:55:39.0000",6.36,70.5,1.6404539346694946,3.6594914577458897,12.347832143842295
"2025-01-29 14:25:32.0000",5.98,71.24,1.7327454090118408,3.7855465305094587,12.238813182398983
"2025-01-29 15:25:18.0000",5.53,71.73,1.3455350399017334,3.2587090091996433,11.4472644413901
"2025-01-29 15:55:11.0000",5.13,72.4,1.721631646156311,3.4284511691805677,11.25911937889495
"2025-01-29 16:25:03.0000",4.69,73.55,2.742732286453247,3.9856982994388623,12.867514589611726
"2025-01-29 16:54:56.0000",4.32,74.47,2.7049355506896973,3.634457252596301,11.849028501268716
"2025-01-29 17:24:49.0000",4.01,75.08,1.9534715414047241,3.226496603476103,10.838092600810104
"2025-01-29 17:54:43.0000",3.97,75.41,1.9098825454711914,3.129639263941587,9.743411157404731
"2025-01-29 18:24:36.0000",3.93,75.52,1.695019006729126,2.8428235585119763,9.093825786390966
"2025-01-29 18:54:28.0000",4,75.75,5.937422275543213,4.683443725940256,10.868316799462496
"2025-01-29 19:54:15.0000",4.05,76.04,1.7925175428390503,2.9943200720517336,10.08502819568219
"2025-01-29 20:24:06.0000",3.9,76.41,16.115999221801758,12.95043798142397,14.134132482130818
"2025-01-29 20:54:00.0000",4.03,76.81,1.0858854055404663,2.219290542482664,7.689075038424035
"2025-01-29 21:23:54.0000",4.1,76.8,1.266050100326538,2.7251064274349446,9.130190815891185
"2025-01-29 21:53:47.0000",4.01,76.47,2.372910976409912,3.51561385762902,9.355498338982008
"2025-01-29 22:23:40.0000",3.74,76.65,1.5936729907989502,3.000946057824075,9.290564466309341
"2025-01-29 22:53:33.0000",3.79,76.8,1.642698049545288,3.1735560896146096,9.487911015015497
"2025-01-29 23:23:26.0000",3.95,77.45,2.338183641433716,3.922054758277559,11.156326694797565
"2025-01-29 23:53:18.0000",3.83,77.9,-1.4098648859776536e31,-6.408638469534527e29,-4.6824811977152995e29
"2025-01-30 00:23:11.0000",3.39,77.88,2.365414619445801,3.6441698975470427,11.2919279754454
"2025-01-30 00:53:04.0000",3.49,77.98,1.682042121887207,3.1337543813416278,9.31086308410998
"2025-01-30 01:22:58.0000",3.44,77.66,-1.4098648859776536e31,-6.408638469534527e29,-4.6824811977152995e29
"2025-01-30 01:52:51.0000",2.88,77.61,-1.4098648859776536e31,-6.408638469534527e29,-4.6824811977152995e29
"2025-01-30 02:22:44.0000",2.48,78.25,-1.4098648859776536e31,-6.408638469534527e29,-4.6824811977152995e29
"2025-01-30 02:52:38.0000",2.95,78.49,1.7053015232086182,3.0542964900107292,8.324961942435204
"2025-01-30 03:22:30.0000",3.56,78.86,1.7273445129394531,3.0631988027060992,9.708241287115383
"2025-01-30 03:52:24.0000",3.55,79.17,11.846966743469238,10.19372872530662,13.13109480608681
"2025-01-30 04:22:18.0000",3.37,78.75,14.804352760314941,12.280918886177155,14.332458419102597
"2025-01-30 04:52:12.0000",3.02,78.89,1.5172768831253052,2.9167916746061424,9.249143411689705
"2025-01-30 05:22:05.0000",2.77,79.18,1.5656663179397583,3.0921162871602035,10.337424694887742
"2025-01-30 05:51:57.0000",2.79,79.43,-1.4098648859776536e31,-6.408638469534527e29,-4.6824811977152995e29
"2025-01-30 06:21:52.0000",3.46,80.19,1.8231436014175415,2.945647296948415,8.999573201858421
"2025-01-30 06:51:46.0000",3.46,80.17,3.3715100288391113,4.156767234824605,9.411700121684593
"2025-01-30 07:21:39.0000",3.53,80.66,-1.4098648859776536e31,-6.408638469534527e29,-4.6824811977152995e29
"2025-01-30 07:51:33.0000",3.57,79.98,7.758860111236572,7.239274298159805,10.953676679502243
"2025-01-30 08:21:25.0000",3.59,80.41,7.671172618865967,6.953028451495709,11.90159302742556
"2025-01-30 09:21:15.0000",4.93,79.95,3.800751209259033,4.090445577129896,9.243944614561453
"2025-01-30 09:51:09.0000",5.73,79.45,1.487481713294983,2.6357401340996627,8.676905769735159
"2025-01-30 10:21:03.0000",6.36,79.45,1.182538390159607,2.513964975568786,8.07325144549508
"2025-01-30 11:21:00.0000",11.25,75.42,1.5862476825714111,3.4062724505903192,11.947478891915528
"2025-01-30 12:20:39.0000",6.6,76.9,1.3005802631378174,2.896015349358939,10.232948475076844
"2025-01-30 12:50:32.0000",6.73,76.95,1.255274772644043,2.7913687851523745,9.318377232992795
"2025-01-30 13:20:23.0000",5.86,77.4,1.1269700527191162,2.5911627753696322,8.945464858509645
"2025-01-30 13:50:18.0000",6.06,77.37,1.6944879293441772,3.0215279487214413,9.181704359635045
"2025-01-30 14:20:09.0000",5.97,77.46,1.8348265886306763,2.7559339861889147,8.690382545464004
"2025-01-30 14:50:03.0000",5.76,77.85,1.566190481185913,2.8679133637509557,9.181480239981564
"2025-01-30 15:19:54.0000",5.7,77.77,1.280378818511963,2.6562316020758003,9.293009329406761
"2025-01-30 15:49:50.0000",5.91,77.28,1.5335525274276733,2.963333296614005,10.231884281321877
"2025-01-30 16:49:35.0000",4.75,77.91,3.2494540214538574,4.218846220713545,10.95469705094478
"2025-01-30 17:19:27.0000",4.26,78.43,2.638077735900879,3.5437145116870394,11.812874154641804
"2025-01-30 17:49:21.0000",3.96,78.56,9.753904342651367,8.287109933879918,12.354636737930123
"2025-01-30 18:19:12.0000",3.62,78.76,4.020209789276123,4.105843186054232,9.355785758108357
"2025-01-30 18:49:05.0000",3.58,79.02,2.9774017333984375,3.3222452464155734,9.811776559411362
"2025-01-30 19:18:56.0000",3.51,78.89,4.009007930755615,3.799227780263127,9.368273235911616
"2025-01-30 19:48:49.0000",3.27,79.03,7.6863250732421875,6.5849605875182515,9.608634819710298
"2025-01-30 20:18:43.0000",3.03,79.28,6.114928245544434,5.247362991711476,9.270329391519969
"2025-01-30 20:48:36.0000",3.1,79.39,3.701934576034546,3.749955081847759,9.273246416079495
"2025-01-30 21:18:31.0000",3.34,79.41,2.686338186264038,3.1333859916831273,8.460208372878046
"2025-01-30 21:48:25.0000",3.26,79.39,3.5090649127960205,3.629274090401306,9.755620258346644
"2025-01-30 22:18:17.0000",3.42,79.42,7.2922821044921875,6.22605604712721,10.068080892654551
"2025-01-30 22:48:09.0000",3.32,79.34,10.13250732421875,8.1627486404885,10.394918349721012
"2025-01-30 23:18:03.0000",3.3,79.5,10.588114738464355,8.759042129677036,10.616848137093196
"2025-01-30 23:47:56.0000",3.28,79.38,2.2289626598358154,2.9856046213180307,9.341864965714066
"2025-01-31 00:17:48.0000",2.74,80.13,2.2349770069122314,3.0000313180062856,8.208516573912004
"2025-01-31 00:47:41.0000",2.55,80.63,2.2338576316833496,2.9909051813979732,8.407203157182073
"2025-01-31 01:17:34.0000",2.64,80.9,3.3760714530944824,3.810255946611939,9.436590625722916
"2025-01-31 01:47:27.0000",2.71,81.17,2.034359931945801,2.8886490178673503,8.485937143363772
"2025-01-31 02:47:14.0000",3.15,81.57,2.0644285678863525,2.698939827482681,6.725501974411424
"2025-01-31 03:47:01.0000",3.44,82.14,3.946483612060547,3.6411808314476426,7.416550053510783
"2025-01-31 04:16:56.0000",3.72,82.44,-1.4098648859776536e31,-6.408638469534527e29,-4.6824811977152995e29
"2025-01-31 04:46:50.0000",4.58,82.55,2.8293871879577637,4.005092271350435,12.830936976760217
"2025-01-31 05:16:45.0000",5.81,83.06,4.577159881591797,5.716591390456991,13.645620574780493
"2025-01-31 05:46:40.0000",6.12,83.5,5.048090934753418,6.045282122235898,14.246308430517642
"2025-01-31 06:16:35.0000",6.23,83.53,5.92473030090332,7.1920655405374365,17.831825279759336
"2025-01-31 06:46:28.0000",6.37,84.97,4.681874752044678,5.609009027755751,14.088912781241893
"2025-01-31 07:16:22.0000",6.42,84.45,6.60598611831665,7.921837983743255,18.855169225626206
"2025-01-31 07:46:14.0000",6.39,84.3,-1.4098648859776536e31,-6.408638469534527e29,-4.6824811977152995e29
"2025-01-31 08:45:59.0000",6.47,84.52,-1.4098648859776536e31,-6.408638469534527e29,-4.6824811977152995e29
"2025-01-31 09:15:54.0000",6.64,84.42,-1.4098648859776536e31,-6.408638469534527e29,-4.6824811977152995e29
"2025-01-31 09:45:48.0000",6.47,84.21,7.8983049392700195,9.488040921558575,23.41403636897963
"2025-01-31 10:15:41.0000",6.5,84.34,8.975162506103516,10.982013704067713,26.48582177804852
"2025-01-31 10:45:34.0000",6.89,84.38,-1.4098648859776536e31,-6.408638469534527e29,-4.6824811977152995e29
"2025-01-31 11:15:26.0000",7.04,83.13,6.321491241455078,8.216103088086449,18.558143708442806
"2025-01-31 11:45:20.0000",7.3,83.55,-1.4098648859776536e31,-6.408638469534527e29,-4.6824811977152995e29
"2025-01-31 12:45:08.0000",7.16,81.76,-1.4098648859776536e31,-6.408638469534527e29,-4.6824811977152995e29
"2025-01-31 13:15:02.0000",7.19,81.98,-1.4098648859776536e31,-6.408638469534527e29,-4.6824811977152995e29
"2025-01-31 13:44:55.0000",7.15,81.48,-1.4098648859776536e31,-6.408638469534527e29,-4.6824811977152995e29
"2025-01-31 14:14:47.0000",6.8,81.86,-1.4098648859776536e31,-6.408638469534527e29,-4.6824811977152995e29
"2025-01-31 14:44:41.0000",7.01,82.04,-1.4098648859776536e31,-6.408638469534527e29,-4.6824811977152995e29
"2025-01-31 15:14:35.0000",6.85,81.91,-1.4098648859776536e31,-6.408638469534527e29,-4.6824811977152995e29
"2025-01-31 15:44:28.0000",6.88,81.99,-1.4098648859776536e31,-6.408638469534527e29,-4.6824811977152995e29
"2025-01-31 16:14:19.0000",6.63,82,-1.4098648859776536e31,-6.408638469534527e29,-4.6824811977152995e29
"2025-01-31 17:14:06.0000",5.38,82.15,-1.4098648859776536e31,-6.408638469534527e29,-4.6824811977152995e29
"2025-01-31 17:43:59.0000",4.7,82.43,-1.4098648859776536e31,-6.408638469534527e29,-4.6824811977152995e29
"2025-01-31 18:13:52.0000",4.29,82.64,-1.4098648859776536e31,-6.408638469534527e29,-4.6824811977152995e29
"2025-01-31 18:43:43.0000",3.75,82.69,-1.4098648859776536e31,-6.408638469534527e29,-4.6824811977152995e29
"2025-01-31 19:13:35.0000",3.64,82.82,-1.4098648859776536e31,-6.408638469534527e29,-4.6824811977152995e29
"2025-01-31 19:43:27.0000",3.24,82.85,-1.4098648859776536e31,-6.408638469534527e29,-4.6824811977152995e29
"2025-01-31 20:43:13.0000",3.87,83.08,-1.4098648859776536e31,-6.408638469534527e29,-4.6824811977152995e29
"2025-01-31 21:42:59.0000",4.64,83.03,-1.4098648859776536e31,-6.408638469534527e29,-4.6824811977152995e29
"2025-01-31 22:12:54.0000",5.13,83.08,-1.4098648859776536e31,-6.408638469534527e29,-4.6824811977152995e29
"2025-01-31 22:42:47.0000",5.1,83.15,-1.4098648859776536e31,-6.408638469534527e29,-4.6824811977152995e29
"2025-01-31 23:12:40.0000",5,83.32,-1.4098648859776536e31,-6.408638469534527e29,-4.6824811977152995e29
"2025-01-31 23:42:35.0000",5.14,83.35,-1.4098648859776536e31,-6.408638469534527e29,-4.6824811977152995e29
"2025-02-01 00:12:29.0000",5.09,83.41,-1.4098648859776536e31,-6.408638469534527e29,-4.6824811977152995e29
"2025-02-01 00:42:22.0000",4.97,83.52,-1.4098648859776536e31,-6.408638469534527e29,-4.6824811977152995e29
"2025-02-01 01:12:17.0000",5.06,83.6,-1.4098648859776536e31,-6.408638469534527e29,-4.6824811977152995e29
"2025-02-01 02:12:04.0000",4.87,83.6,-1.4098648859776536e31,-6.408638469534527e29,-4.6824811977152995e29
"2025-02-01 02:41:58.0000",4.61,83.76,-1.4098648859776536e31,-6.408638469534527e29,-4.6824811977152995e29
"2025-02-01 04:11:38.0000",3.7,84,-1.4098648859776536e31,-6.408638469534527e29,-4.6824811977152995e29
"2025-02-01 04:41:31.0000",3.37,84.22,-1.4098648859776536e31,-6.408638469534527e29,-4.6824811977152995e29
"2025-02-01 05:11:25.0000",2.95,84.27,-1.4098648859776536e31,-6.408638469534527e29,-4.6824811977152995e29
"2025-02-01 06:11:12.0000",2.8,84.53,-1.4098648859776536e31,-6.408638469534527e29,-4.6824811977152995e29
"2025-02-01 06:41:05.0000",2.72,84.62,-1.4098648859776536e31,-6.408638469534527e29,-4.6824811977152995e29
"2025-02-01 07:10:57.0000",2.73,84.75,-1.4098648859776536e31,-6.408638469534527e29,-4.6824811977152995e29
"2025-02-01 07:40:51.0000",2.75,84.67,-1.4098648859776536e31,-6.408638469534527e29,-4.6824811977152995e29
"2025-02-01 08:10:46.0000",2.81,84.63,-1.4098648859776536e31,-6.408638469534527e29,-4.6824811977152995e29
"2025-02-01 09:10:33.0000",3.24,84.67,-1.4098648859776536e31,-6.408638469534527e29,-4.6824811977152995e29
"2025-02-01 09:40:28.0000",6.52,83.31,-1.4098648859776536e31,-6.408638469534527e29,-4.6824811977152995e29
"2025-02-01 11:40:15.0000",10.44,80.01,3.7326698303222656,3.8641920255491375,9.478257166015547
"2025-02-01 12:40:00.0000",10.06,76.49,21.441699981689453,15.596730734159927,15.307705813241178
"2025-02-01 14:09:34.0000",6.69,74.74,11.166403770446777,7.292360277146149,11.71724256861404
"2025-02-01 15:09:21.0000",6.44,74.97,12.047062873840332,7.407732588478959,10.401997481938832
"2025-02-01 15:39:12.0000",6.17,75.05,-1.4098648859776536e31,-6.408638469534527e29,-4.6824811977152995e29
"2025-02-01 16:38:56.0000",5.47,75.34,7.342090129852295,5.0741021490708285,9.301936132362473
"2025-02-01 17:38:41.0000",4.83,75.86,21.338998794555664,14.488806266000054,14.280115502349915
"2025-02-01 18:08:32.0000",4.58,76.08,10.482000350952148,6.253495678880309,10.198444997509737
"2025-02-01 18:38:26.0000",4.69,76.29,8.808536529541016,5.480880932070252,8.79288720462402
"2025-02-01 19:38:13.0000",4.73,76.44,-1.4098648859776536e31,-6.408638469534527e29,-4.6824811977152995e29
"2025-02-01 20:38:00.0000",4.56,76.54,7.69692850112915,5.5471250123347176,9.240300291636649
"2025-02-01 21:07:53.0000",4.45,76.65,13.207277297973633,9.38385663230776,11.15525110367741
"2025-02-01 21:37:47.0000",4.49,76.82,4.191020965576172,3.414546439544554,7.197042813214877
"2025-02-01 22:07:39.0000",4.5,76.85,9.59135913848877,7.232565406337862,10.373244542699721
"2025-02-01 22:37:33.0000",4.46,76.91,9.71957015991211,7.4042803999371145,10.522960541567338
"2025-02-01 23:07:26.0000",4.53,77.08,21.595382690429688,12.62284986668392,12.239158600726027
"2025-02-01 23:37:20.0000",4.74,77.09,5.375760555267334,4.171910628604022,7.931524636171484
"2025-02-02 00:07:14.0000",4.71,77.18,-1.4098648859776536e31,-6.408638469534527e29,-4.6824811977152995e29
"2025-02-02 00:37:07.0000",4.8,77.2,6.270603656768799,4.554164839990889,8.837158793225985
"2025-02-02 01:07:01.0000",4.8,77.46,8.549964904785156,5.322813304030505,8.485638626412639
"2025-02-02 01:36:54.0000",4.93,77.92,59.727020263671875,41.138354354075275,28.537185212598207
"2025-02-02 02:06:48.0000",5.14,78,8.962328910827637,6.294275880851886,9.192826697206874
"2025-02-02 03:06:34.0000",5.14,78.21,6.47733211517334,4.692546411031598,8.515085334228536
"2025-02-02 03:36:26.0000",5.03,78.35,6.35883903503418,4.604930569537196,7.968312505993225
"2025-02-02 04:06:19.0000",4.91,78.41,-1.4098648859776536e31,-6.408638469534527e29,-4.6824811977152995e29
"2025-02-02 04:36:12.0000",4.73,78.52,-1.4098648859776536e31,-6.408638469534527e29,-4.6824811977152995e29
"2025-02-02 05:06:05.0000",4.51,78.58,5.1409993171691895,3.7811647474239116,7.420483312609293
"2025-02-02 05:35:57.0000",4.56,78.8,-1.4098648859776536e31,-6.408638469534527e29,-4.6824811977152995e29
"2025-02-02 06:05:51.0000",4.42,78.7,-1.4098648859776536e31,-6.408638469534527e29,-4.6824811977152995e29
"2025-02-02 07:05:36.0000",4.02,78.86,-1.4098648859776536e31,-6.408638469534527e29,-4.6824811977152995e29
"2025-02-02 07:35:31.0000",3.92,79.01,5.254138946533203,3.6450515229574,6.999965271329023
"2025-02-02 08:35:18.0000",4,79.23,-1.4098648859776536e31,-6.408638469534527e29,-4.6824811977152995e29
"2025-02-02 09:05:11.0000",4.45,79,3.114645481109619,2.7963418825021833,6.667166546996432
"2025-02-02 10:05:05.0000",7.85,76.88,2.547122001647949,2.508192435616683,6.519606802631668
"2025-02-02 10:34:57.0000",7.7,77.05,2.8161165714263916,2.790349054740483,7.370768159455695
"2025-02-02 11:04:52.0000",8.53,74.99,2.2115159034729004,2.6811379596443916,8.111278584420011
"2025-02-02 11:34:41.0000",6.74,76.02,2.66312575340271,2.9409405471161447,7.579513009999739
"2025-02-02 12:34:27.0000",6.41,76.43,3.255443811416626,3.1335983281168405,7.600408335890859
"2025-02-02 13:04:21.0000",7.53,75.58,2.969111680984497,3.08230604644341,8.036269911198776
"2025-02-02 13:34:14.0000",7.55,75.54,3.223515272140503,3.1620341479066583,8.458491464972587
"2025-02-02 14:34:02.0000",6.97,75.57,3.7348239421844482,3.5010271759080376,8.13113877020637
"2025-02-02 15:03:54.0000",5.75,76.51,5.462669372558594,4.127609923190452,9.715190273894997
"2025-02-02 15:33:46.0000",5.82,77.17,5.9228925704956055,4.306073371228804,8.714902234456144
"2025-02-02 16:03:39.0000",5.78,77.45,4.687475204467773,3.7861041291024096,8.765202140685373
"2025-02-02 16:33:33.0000",5.82,77.76,-1.4098648859776536e31,-6.408638469534527e29,-4.6824811977152995e29
"2025-02-02 17:33:18.0000",5.44,78.67,13.510921478271484,7.714364508993675,10.601825189802842
"2025-02-02 18:03:12.0000",5.56,78.96,-1.4098648859776536e31,-6.408638469534527e29,-4.6824811977152995e29
"2025-02-02 18:33:06.0000",5.66,79.11,-1.4098648859776536e31,-6.408638469534527e29,-4.6824811977152995e29
"2025-02-02 19:03:00.0000",5.84,79.25,-1.4098648859776536e31,-6.408638469534527e29,-4.6824811977152995e29
"2025-02-02 19:32:55.0000",6.02,79.33,7.854266166687012,5.011607363786582,8.647601028486367
"2025-02-02 20:32:42.0000",5.96,79.55,-1.4098648859776536e31,-6.408638469534527e29,-4.6824811977152995e29
"2025-02-02 21:02:34.0000",5.94,79.86,-1.4098648859776536e31,-6.408638469534527e29,-4.6824811977152995e29
"2025-02-02 22:32:14.0000",5,80.31,-1.4098648859776536e31,-6.408638469534527e29,-4.6824811977152995e29
"2025-02-02 23:02:07.0000",5.3,80.58,5.614652156829834,3.9279643470247265,7.1471145247991466
"2025-02-02 23:32:01.0000",5.37,80.62,-1.4098648859776536e31,-6.408638469534527e29,-4.6824811977152995e29
"2025-02-03 00:01:53.0000",5.36,80.62,25.805309295654297,12.698173101194538,13.928874567211235
"2025-02-03 00:31:46.0000",5.37,80.7,5.7968034744262695,4.072801754725334,7.094799056307675
"2025-02-03 01:01:41.0000",5.42,80.76,-1.4098648859776536e31,-6.408638469534527e29,-4.6824811977152995e29
"2025-02-03 01:31:34.0000",5.54,80.8,5.977413177490234,4.025851906177514,7.715159050506413
"2025-02-03 02:01:26.0000",5.48,80.85,6.281682014465332,4.050630333036219,6.816418423360461
"2025-02-03 02:31:17.0000",5.64,81,-1.4098648859776536e31,-6.408638469534527e29,-4.6824811977152995e29
"2025-02-03 03:01:12.0000",5.65,81.32,-1.4098648859776536e31,-6.408638469534527e29,-4.6824811977152995e29
"2025-02-03 03:31:05.0000",6.03,81.25,5.7420549392700195,3.8399036763440644,7.216000174535893
"2025-02-03 04:00:58.0000",5.42,81.63,-1.4098648859776536e31,-6.408638469534527e29,-4.6824811977152995e29
"2025-02-03 04:30:49.0000",4.95,82.06,-1.4098648859776536e31,-6.408638469534527e29,-4.6824811977152995e29
"2025-02-03 05:00:41.0000",4.6,82.46,-1.4098648859776536e31,-6.408638469534527e29,-4.6824811977152995e29
"2025-02-03 05:30:36.0000",4.38,82.48,-1.4098648859776536e31,-6.408638469534527e29,-4.6824811977152995e29
"2025-02-03 06:00:28.0000",4.25,82.74,-1.4098648859776536e31,-6.408638469534527e29,-4.6824811977152995e29
"2025-02-03 06:30:23.0000",4.19,82.83,-1.4098648859776536e31,-6.408638469534527e29,-4.6824811977152995e29
"2025-02-03 07:00:15.0000",4.13,82.95,-1.4098648859776536e31,-6.408638469534527e29,-4.6824811977152995e29
"2025-02-03 07:30:08.0000",4.48,83.28,-1.4098648859776536e31,-6.408638469534527e29,-4.6824811977152995e29
"2025-02-03 08:00:02.0000",4.4,83.28,-1.4098648859776536e31,-6.408638469534527e29,-4.6824811977152995e29
"2025-02-03 08:29:55.0000",4.44,83.58,-1.4098648859776536e31,-6.408638469534527e29,-4.6824811977152995e29
"2025-02-03 08:59:49.0000",5.01,83.67,-1.4098648859776536e31,-6.408638469534527e29,-4.6824811977152995e29
"2025-02-03 09:29:45.0000",6.12,83.46,-1.4098648859776536e31,-6.408638469534527e29,-4.6824811977152995e29
"2025-02-03 09:59:44.0000",9.65,80.59,-1.4098648859776536e31,-6.408638469534527e29,-4.6824811977152995e29
"2025-02-03 10:59:30.0000",11.36,80.99,-1.4098648859776536e31,-6.408638469534527e29,-4.6824811977152995e29
"2025-02-03 11:29:27.0000",12.76,78.81,1.0780940055847168,1.7957556665009857,6.047922655851854
"2025-02-03 11:59:17.0000",9.66,76.35,0.7367256283760071,1.9230805726838838,6.887355760766025
"2025-02-03 12:59:01.0000",9.82,76.21,-1.4098648859776536e31,-6.408638469534527e29,-4.6824811977152995e29
"2025-02-03 13:28:54.0000",10.02,76.13,-1.4098648859776536e31,-6.408638469534527e29,-4.6824811977152995e29
"2025-02-03 13:58:48.0000",10.41,74.99,-1.4098648859776536e31,-6.408638469534527e29,-4.6824811977152995e29
"2025-02-03 14:28:41.0000",10.2,74.25,1.5649163722991943,3.1539767662712017,9.577940343727482
"2025-02-03 14:58:34.0000",9.92,74.33,5.006892681121826,5.307375910450604,10.53258096647345
"2025-02-03 17:27:57.0000",8.77,74.65,1.9541987180709839,3.1584289404266177,10.704203679459887
"2025-02-03 17:57:49.0000",8.33,75.02,-1.4098648859776536e31,-6.408638469534527e29,-4.6824811977152995e29
"2025-02-03 18:57:35.0000",8.17,75.61,4.6039934158325195,4.480290881204127,10.916458701214
"2025-02-03 19:27:28.0000",8.14,75.96,3.7011311054229736,4.346356885086278,11.050941301433484
"2025-02-03 19:57:22.0000",8.5,75.71,4.000537872314453,4.47539533093532,11.097365902792392
"2025-02-03 20:27:15.0000",8.67,75.71,7.326079368591309,7.07101574559018,12.758330492698558
"2025-02-03 20:57:08.0000",8.49,75.69,-1.4098648859776536e31,-6.408638469534527e29,-4.6824811977152995e29
"2025-02-03 21:27:02.0000",8.54,75.91,2.067202091217041,3.615748970444884,10.434262103444718
"2025-02-03 21:56:56.0000",8.72,75.92,-1.4098648859776536e31,-6.408638469534527e29,-4.6824811977152995e29
"2025-02-03 22:26:50.0000",8.46,75.82,2.130707263946533,3.640751194054998,10.689059308052347
"2025-02-03 22:56:44.0000",8.36,76.16,2.103018283843994,3.640807394444169,10.843501673734702
"2025-02-03 23:26:36.0000",8.43,76.17,2.158618688583374,3.794828464999422,11.57499499829402
"2025-02-03 23:56:29.0000",8.08,76.37,3.244955539703369,4.167912651896629,10.317207356447286
"2025-02-04 00:26:22.0000",7.78,76.74,2.5109081268310547,3.7250201385619075,10.687792594859607
"2025-02-04 00:56:15.0000",7.92,76.81,-1.4098648859776536e31,-6.408638469534527e29,-4.6824811977152995e29
"2025-02-04 01:26:08.0000",8.02,77.13,-1.4098648859776536e31,-6.408638469534527e29,-4.6824811977152995e29
"2025-02-04 01:56:03.0000",8.5,77.03,1.0149790048599243,2.3966844998950645,7.931849500410426
"2025-02-04 02:25:57.0000",8.78,76.96,1.3886964321136475,2.796885098527273,9.507992721619102
"2025-02-04 02:55:51.0000",8.87,76.97,1.081170916557312,2.426302398307969,7.369549127944519
"2025-02-04 03:25:47.0000",9.02,76.89,1.0120717287063599,2.4712257770958597,7.529589025700747
"2025-02-04 04:25:35.0000",9.26,76.31,1.165366768836975,2.6432150411789186,8.258802401611335
"2025-02-04 05:25:22.0000",9.34,75.46,8.466567039489746,7.786573685895413,10.868693503666629
"2025-02-04 05:55:15.0000",9.35,75.32,-1.4098648859776536e31,-6.408638469534527e29,-4.6824811977152995e29
"2025-02-04 06:25:09.0000",9.3,75.05,-1.4098648859776536e31,-6.408638469534527e29,-4.6824811977152995e29
"2025-02-04 06:55:03.0000",9.1,75.17,2.5203287601470947,3.780060770368944,9.912503956469703
"2025-02-04 07:54:50.0000",9.01,75.25,-1.4098648859776536e31,-6.408638469534527e29,-4.6824811977152995e29
"2025-02-04 08:24:45.0000",9.12,75.37,-1.4098648859776536e31,-6.408638469534527e29,-4.6824811977152995e29
"2025-02-04 08:54:40.0000",9.81,74.72,1.5198001861572266,3.0374815590446884,8.932213441486782
"2025-02-04 09:24:34.0000",9.65,74.45,-1.4098648859776536e31,-6.408638469534527e29,-4.6824811977152995e29
"2025-02-04 09:54:26.0000",9.47,74.78,1.435228943824768,3.1543599271563543,9.743964907626975
"2025-02-04 10:24:18.0000",9.4,75.05,1.5297983884811401,3.0712845945263507,9.657923682302307
"2025-02-04 11:24:04.0000",8.38,77.77,1.2087068557739258,2.541481721798537,7.674208261487018
"2025-02-04 11:53:56.0000",8.68,78.63,1.2586348056793213,2.1727180562537676,6.712660450260995
"2025-02-04 12:23:51.0000",9.24,78.63,1.180197834968567,2.1221156042045757,6.4598538605227045
"2025-02-04 12:53:46.0000",8.16,78.5,1.5987342596054077,3.033575419955981,13.444839411040395
"2025-02-04 13:23:35.0000",7.16,80.22,-1.4098648859776536e31,-6.408638469534527e29,-4.6824811977152995e29
"2025-02-04 14:23:25.0000",8.73,78.77,-1.4098648859776536e31,-6.408638469534527e29,-4.6824811977152995e29
"2025-02-04 14:53:19.0000",8.99,78.42,-1.4098648859776536e31,-6.408638469534527e29,-4.6824811977152995e29
"2025-02-04 15:23:14.0000",9.46,77.6,1.499145269393921,2.5819805795773236,7.830630077760866
"2025-02-04 15:53:06.0000",9.22,77.14,2.689192533493042,4.100522544838145,10.683278462769639
"2025-02-04 16:22:57.0000",9.1,76.77,-1.4098648859776536e31,-6.408638469534527e29,-4.6824811977152995e29
"2025-02-04 16:52:49.0000",8.33,76.78,4.060003757476807,5.603973614476984,14.568592453759686
"2025-02-04 17:22:40.0000",8.01,76.27,3.734557867050171,5.263722793003631,13.165023462323127
"2025-02-04 17:52:32.0000",7.67,76.57,18.658126831054688,15.818085706951551,19.380949841089915
"2025-02-04 18:22:26.0000",7.24,76.58,-1.4098648859776536e31,-6.408638469534527e29,-4.6824811977152995e29
"2025-02-04 18:52:18.0000",6.91,76.65,3.7031075954437256,4.721979545205994,12.330876565833861
"2025-02-04 19:22:11.0000",6.88,76.62,2.992126941680908,3.901520331464384,11.45655031525867
"2025-02-04 19:52:04.0000",6.85,76.34,11.615221977233887,10.03170328595442,13.220437294669987
"2025-02-04 20:21:57.0000",6.83,76.04,53.967586517333984,39.438100473279455,29.72066180377811
"2025-02-04 20:51:51.0000",6.62,75.7,1.249402403831482,2.5721015079772243,8.27561457605806
"2025-02-04 21:21:44.0000",6.42,75.29,1.5834619998931885,3.1055267910596323,10.750904420007833
"2025-02-04 21:51:38.0000",6.02,75.65,20.8282413482666,16.486774448919174,16.576515369782978
"2025-02-04 22:51:25.0000",5.38,76.03,1.1645194292068481,2.587473393428623,8.778380389665605
"2025-02-04 23:21:19.0000",5.17,76.03,1.3619585037231445,2.7580860201265045,8.526272499646595
"2025-02-04 23:51:11.0000",4.89,76.28,35.73945236206055,26.99004796601781,22.318212858367033
"2025-02-05 00:21:03.0000",4.72,76.31,1.1446295976638794,2.559008724163281,8.028643768347907
"2025-02-05 00:50:56.0000",4.64,76.44,0.9113079309463501,2.2523767137519384,7.647549611774089
"2025-02-05 01:20:49.0000",4.42,76.27,47.90610122680664,35.03455081303439,25.870882391062374
"2025-02-05 01:50:42.0000",3.98,76.34,-1.4098648859776536e31,-6.408638469534527e29,-4.6824811977152995e29
"2025-02-05 02:20:34.0000",3.91,76.48,1.088024377822876,2.4108791879096763,7.776246581881393
"2025-02-05 02:50:27.0000",3.78,76.55,1.2964922189712524,2.6694843289231738,8.374782812885524
"2025-02-05 03:20:20.0000",4.02,76.68,-1.4098648859776536e31,-6.408638469534527e29,-4.6824811977152995e29
"2025-02-05 04:20:07.0000",3.93,76.67,1.3126972913742065,2.7469995134831615,8.358245658225389
"2025-02-05 04:50:02.0000",4.13,76.67,2.7343125343322754,3.757508807257354,9.136057406814057
"2025-02-05 05:19:55.0000",3.99,76.59,2.4363691806793213,3.631501305674706,9.622048022653516
"2025-02-05 05:49:47.0000",3.64,77.44,1.252097725868225,2.5634091668089285,8.642841629177632
"2025-02-05 06:19:42.0000",4.39,77.36,1.4683518409729004,2.7202649151577107,9.14647319410106
"2025-02-05 06:49:38.0000",4.39,76.92,1.436044454574585,2.7882607048293626,10.013822515714295
"2025-02-05 07:19:30.0000",4.08,77.03,2.563176155090332,3.573349764053362,9.077813532522953
"2025-02-05 07:49:24.0000",4.12,77.25,2.0951883792877197,3.2641401488133495,9.608699535850766
"2025-02-05 08:19:18.0000",4.46,77.15,-1.4098648859776536e31,-6.408638469534527e29,-4.6824811977152995e29
"2025-02-05 08:49:12.0000",4.6,77.18,3.849377155303955,4.681648167434227,12.00674656309988
"2025-02-05 09:19:05.0000",5.11,77.53,2.0011496543884277,3.2431796230539436,9.139438411943761
"2025-02-05 09:49:07.0000",9.7,74.89,2.3206064701080322,3.307950222242794,9.470370903210377
"2025-02-05 10:48:55.0000",8.85,73.89,2.0366573333740234,3.854492838984454,11.955208510705603
"2025-02-05 11:48:41.0000",8.88,73.5,2.0206003189086914,3.968267123339702,12.189370754828285
"2025-02-05 12:18:32.0000",8.23,73.48,2.2214715480804443,4.11812026228875,12.326112399476473
"2025-02-05 12:48:25.0000",8.15,73.02,1.9044102430343628,3.7987820899761107,12.213943043425205
"2025-02-05 13:18:17.0000",7.71,73.43,2.095574140548706,3.97445638949029,12.879452589919243
"2025-02-05 13:48:08.0000",7.57,73.12,36.840301513671875,28.027519962069096,27.00828298916641
"2025-02-05 14:18:02.0000",7.38,73.17,1.9869952201843262,3.8120357024524676,11.737678591958295
"2025-02-05 14:47:55.0000",6.89,73.34,1.9075655937194824,3.6796741165322104,11.566492844101681
"2025-02-05 15:17:47.0000",6.52,73.7,1.8592268228530884,3.474097102447956,11.617556015192495
"2025-02-05 16:17:36.0000",6.01,74.37,2.079862594604492,3.6792254199395584,10.482944838983022
"2025-02-05 16:47:28.0000",5.53,74.59,2.838808298110962,4.0755664069882185,11.982078806684946
"2025-02-05 17:17:21.0000",5.12,74.88,2.2247273921966553,3.697508951415138,11.74752833181279
"2025-02-05 17:47:15.0000",4.67,75.29,3.5724897384643555,4.944375890121075,12.851541779439017
"2025-02-05 20:16:39.0000",3.91,76.47,3.748755693435669,4.411220573713362,13.198655374381804
"2025-02-05 20:46:32.0000",3.86,76.58,-1.4098648859776536e31,-6.408638469534527e29,-4.6824811977152995e29
"2025-02-05 21:16:25.0000",3.57,76.8,4.953671932220459,4.914666697530025,11.056826289706965
"2025-02-05 21:46:19.0000",3.18,77,-1.4098648859776536e31,-6.408638469534527e29,-4.6824811977152995e29
"2025-02-05 22:16:11.0000",2.58,77.37,5.055647850036621,5.196198133465814,12.749804338055052
"2025-02-05 22:46:05.0000",2.27,77.44,-1.4098648859776536e31,-6.408638469534527e29,-4.6824811977152995e29
"2025-02-05 23:15:56.0000",1.82,77.7,-1.4098648859776536e31,-6.408638469534527e29,-4.6824811977152995e29
"2025-02-05 23:45:50.0000",1.4,77.8,5.349442958831787,5.112104205231849,12.28653562521091
"2025-02-06 00:15:44.0000",1.1,78.15,-1.4098648859776536e31,-6.408638469534527e29,-4.6824811977152995e29
"2025-02-06 00:45:37.0000",0.79,78.23,5.010165214538574,4.9460523888251196,13.040430940738283
"2025-02-06 01:15:31.0000",0.7,78.61,-1.4098648859776536e31,-6.408638469534527e29,-4.6824811977152995e29
"2025-02-06 01:45:24.0000",0.45,78.65,-1.4098648859776536e31,-6.408638469534527e29,-4.6824811977152995e29
"2025-02-06 02:15:18.0000",0.33,78.64,8.611576080322266,6.460492155675321,12.786627769201925
"2025-02-06 02:45:12.0000",0.64,78.85,-1.4098648859776536e31,-6.408638469534527e29,-4.6824811977152995e29
"2025-02-06 03:15:06.0000",0.51,78.97,-1.4098648859776536e31,-6.408638469534527e29,-4.6824811977152995e29
"2025-02-06 03:44:59.0000",0.54,79.1,-1.4098648859776536e31,-6.408638469534527e29,-4.6824811977152995e29
"2025-02-06 04:14:51.0000",0.04,79.25,-1.4098648859776536e31,-6.408638469534527e29,-4.6824811977152995e29
"2025-02-06 04:44:47.0000",0.29,79.58,-1.4098648859776536e31,-6.408638469534527e29,-4.6824811977152995e29
"2025-02-06 05:14:39.0000",-0.3,79.62,-1.4098648859776536e31,-6.408638469534527e29,-4.6824811977152995e29
"2025-02-06 05:44:32.0000",-0.74,79.89,-1.4098648859776536e31,-6.408638469534527e29,-4.6824811977152995e29
"2025-02-06 06:14:24.0000",-0.91,80.07,-1.4098648859776536e31,-6.408638469534527e29,-4.6824811977152995e29
"2025-02-06 07:14:13.0000",-0.3,80.35,-1.4098648859776536e31,-6.408638469534527e29,-4.6824811977152995e29
"2025-02-06 07:44:06.0000",-0.25,80.61,-1.4098648859776536e31,-6.408638469534527e29,-4.6824811977152995e29
"2025-02-06 08:14:00.0000",-0.42,80.75,-1.4098648859776536e31,-6.408638469534527e29,-4.6824811977152995e29
"2025-02-06 08:43:53.0000",-0.48,80.93,-1.4098648859776536e31,-6.408638469534527e29,-4.6824811977152995e29
"2025-02-06 09:13:47.0000",0.05,81.05,-1.4098648859776536e31,-6.408638469534527e29,-4.6824811977152995e29
"2025-02-06 09:43:45.0000",4.89,78.38,11.021830558776855,7.067126362790434,10.79017421481359
"2025-02-06 10:13:47.0000",7.58,77.19,-1.4098648859776536e31,-6.408638469534527e29,-4.6824811977152995e29
"2025-02-06 10:43:40.0000",6.15,81.22,7.477585315704346,4.998067402817951,8.957890323214434
"2025-02-06 11:13:45.0000",11.74,75.36,7.944143295288086,5.109049820515413,10.055019592110709
"2025-02-06 11:43:41.0000",12.84,73.66,-1.4098648859776536e31,-6.408638469534527e29,-4.6824811977152995e29
"2025-02-06 12:13:35.0000",12.99,73.44,6.747104644775391,5.264212574808782,11.534042299734127
"2025-02-06 12:43:29.0000",13.77,73.73,6.1116180419921875,5.170500532618869,12.109802478259592
"2025-02-06 13:13:17.0000",8.77,73.93,4.4679975509643555,4.438134601705553,11.33752767167232
"2025-02-06 13:43:06.0000",6.73,75.2,2.7927608489990234,3.459472615962349,10.804781942547828
"2025-02-06 14:12:58.0000",6.39,74.08,2.4109959602355957,3.6346396008494373,10.41674843583315
"2025-02-06 14:42:51.0000",6.31,73.81,11.923759460449219,9.97120992153153,15.288708513981625
"2025-02-06 15:12:44.0000",6.35,73.25,23.79795265197754,18.283848332949194,18.673036613420518
"2025-02-06 15:42:38.0000",6.36,72.94,3.8096351623535156,4.574845430186302,11.972238898299615
"2025-02-06 16:12:32.0000",6.49,72.59,2.696028232574463,3.822659429233683,11.366220684407578
"2025-02-06 16:42:26.0000",6.4,72.23,2.26220703125,3.5265917570357095,10.648268382822133
"2025-02-06 17:12:18.0000",5.95,72.22,2.510629653930664,3.635411410017163,11.90739303375992
"2025-02-06 18:12:02.0000",5.03,72.64,3.020083427429199,3.770738181868398,11.99929060330371
"2025-02-06 19:11:46.0000",3.88,73.02,6.315590858459473,5.4724578988509265,11.585304349099156
"2025-02-06 20:11:31.0000",2.9,73.91,28.987403869628906,19.655656538989906,21.432932374096776
"2025-02-06 20:41:24.0000",2.55,74.17,13.546896934509277,8.331260060200115,13.907019576949626
"2025-02-06 21:11:15.0000",1.84,74.42,15.391735076904297,9.045170097645059,14.14134843997143
"2025-02-06 21:41:07.0000",1.53,75.05,17.00395965576172,9.617589789922478,13.476628975629438
"2025-02-06 22:40:52.0000",0.51,75.69,19.625139236450195,10.463714700051813,14.74961480729787
"2025-02-06 23:40:39.0000",0.31,76.03,52.266170501708984,33.41451970944815,26.497755220249516
"2025-02-07 00:10:30.0000",-0.05,76.29,18.925920486450195,10.666513868239392,15.07793128112013
"2025-02-07 00:40:24.0000",0.42,76.65,-1.4098648859776536e31,-6.408638469534527e29,-4.6824811977152995e29
"2025-02-07 01:10:21.0000",0.94,76.14,6.346092224121094,4.893727135937675,10.37264926510872
"2025-02-07 01:40:12.0000",0.88,76.37,7.008464813232422,5.1879963914680145,9.555568385782557
"2025-02-07 02:10:04.0000",0.21,76.61,60.489994049072266,41.877290277136986,30.508620880386122
"2025-02-07 02:39:57.0000",0.14,77.26,-1.4098648859776536e31,-6.408638469534527e29,-4.6824811977152995e29
"2025-02-07 03:09:52.0000",0.35,77.04,59.35917663574219,41.7537012302864,30.814993886346127
"2025-02-07 04:09:37.0000",-0.03,77.62,3.8412134647369385,4.185305642909866,10.037082681283815
"2025-02-07 05:09:26.0000",1.33,77.29,1.7886756658554077,3.1185666218691344,9.716016190182895
"2025-02-07 05:39:19.0000",1.32,77.54,-1.4098648859776536e31,-6.408638469534527e29,-4.6824811977152995e29
"2025-02-07 06:09:13.0000",1.28,77.49,-1.4098648859776536e31,-6.408638469534527e29,-4.6824811977152995e29
"2025-02-07 07:08:59.0000",1.85,77.62,2.0752336978912354,3.3502691983727355,9.772480523779215
"2025-02-07 07:38:53.0000",2.06,77.74,2.1891160011291504,3.5479764557198328,10.635509508932657
"2025-02-07 08:08:47.0000",2.33,77.74,-1.4098648859776536e31,-6.408638469534527e29,-4.6824811977152995e29
"2025-02-07 08:38:42.0000",2.82,77.52,2.4152729511260986,3.5621325831680557,9.62602035035547
"2025-02-07 09:08:36.0000",3.14,77.48,2.6862645149230957,3.8503622405921223,10.473625409646353
"2025-02-07 09:38:30.0000",4.22,77.58,2.465803623199463,3.602928078646336,9.443498878333104
"2025-02-07 10:08:27.0000",5.57,75.6,3.1036534309387207,4.328572399963734,10.67907817637826
"2025-02-07 10:38:20.0000",4.63,76.31,3.3844664096832275,4.417756282079208,11.476213799934142
"2025-02-07 12:08:01.0000",5.15,74.19,2.708051919937134,4.210735192168808,11.561107736379533
"2025-02-07 12:37:53.0000",5.05,73.8,3.2846641540527344,4.463906968826258,13.339752682338379
"2025-02-07 13:07:47.0000",5.11,73.36,2.699683904647827,4.252520474599071,12.65669264935171
"2025-02-07 13:37:41.0000",5.13,72.58,2.9288227558135986,4.425122533184798,12.14873681181034
"2025-02-07 14:07:35.0000",5.13,71.54,2.9824929237365723,4.3086810056975935,11.46462220386794
"2025-02-07 15:07:22.0000",4.96,71.03,2.8395907878875732,4.30680924545303,12.01662549389858
"2025-02-07 15:37:15.0000",4.85,70.42,2.7285890579223633,4.213193083410731,12.744937607964111
"2025-02-07 16:37:01.0000",4.37,70.16,2.897369623184204,4.581793982992897,12.918120892587972
"2025-02-07 17:06:54.0000",4.14,70.12,3.289630174636841,4.690960903896086,13.596487653893771
"2025-02-07 17:36:46.0000",4.12,69.86,2.939646005630493,4.4532886144503365,11.956717132043098
"2025-02-07 18:06:39.0000",4.03,70.11,2.746539354324341,4.447204054591416,14.425864925341164
"2025-02-07 18:36:32.0000",3.95,70.27,2.9998278617858887,4.825347205970099,13.785002393737685
"2025-02-07 19:06:27.0000",3.91,70.39,2.8181796073913574,4.438700065863609,14.569694778846246
"2025-02-07 19:36:20.0000",3.84,70.14,2.4471402168273926,4.0567061867018674,12.536846810407486
"2025-02-07 20:06:13.0000",3.72,70.09,10.045307159423828,9.395726561753103,16.153026305197766
"2025-02-07 20:36:06.0000",3.59,70.39,2.897970676422119,4.530278365833826,13.56789974366079
"2025-02-07 21:05:59.0000",3.52,70.69,2.774384021759033,4.388297284709822,12.9751385226205
"2025-02-07 21:35:53.0000",3.41,70.94,24.3389835357666,19.547271303632623,22.633434375434287
"2025-02-07 22:05:45.0000",3.13,71.38,3.518209218978882,5.056974170998357,13.771844177568052
"2025-02-07 22:35:38.0000",3.22,71.62,3.093857526779175,4.746763977893791,14.71598316673715
"2025-02-07 23:35:27.0000",3.02,72.04,55.30801773071289,40.6088191546385,31.838383453176153
"2025-02-08 00:05:19.0000",2.87,72.17,43.89772033691406,32.84138432766653,28.189324660668568
"2025-02-08 00:35:11.0000",2.2,72.99,3.321154832839966,4.742393650434767,12.50860184569119
"2025-02-08 01:05:02.0000",1.83,73.83,7.416153907775879,7.489639628626855,13.894224452046787
"2025-02-08 02:34:43.0000",1.94,74.08,4.644171714782715,4.486868143448105,11.798990504690375
"2025-02-08 03:04:35.0000",1.75,74.27,5.450091361999512,4.811542807986817,11.07795125687822
"2025-02-08 03:34:28.0000",1.62,74.4,8.454133033752441,5.941737988386932,11.112707523586105
"2025-02-08 04:04:22.0000",1.5,74.65,60.68180465698242,41.835741007920255,31.091833584782016
"2025-02-08 04:34:16.0000",1.5,74.82,8.02198600769043,5.649729297449306,10.748419941096792
"2025-02-08 05:04:08.0000",1.53,74.88,58.97846221923828,40.331569900077135,29.730885909167426
"2025-02-08 05:34:02.0000",1.43,75.01,24.89063835144043,16.968542773927744,16.339255398767747
"2025-02-08 06:03:54.0000",1.48,75.1,7.622104644775391,5.2341645975742495,9.357925520738009
"2025-02-08 06:33:46.0000",1.57,75.31,54.81551742553711,38.14298023487891,27.669789983805895
"2025-02-08 07:33:33.0000",1.62,75.43,59.44975280761719,41.46578309124523,30.209946830592145
"2025-02-08 08:33:19.0000",1.64,75.64,59.896484375,41.59425181953438,30.413234263846554
"2025-02-08 09:03:13.0000",1.94,75.86,9.858284950256348,6.190502969811828,10.204504182309481
"2025-02-08 10:02:59.0000",2.55,75.94,13.786535263061523,8.497106363576691,12.813186194799936
"2025-02-08 10:32:52.0000",2.88,75.94,12.687395095825195,7.499450771577097,11.19489522866265
"2025-02-08 11:02:46.0000",3.11,75.97,17.930540084838867,10.875050152795168,12.400784067046995
"2025-02-08 11:32:40.0000",3.35,75.98,13.34963321685791,7.775545967446276,11.808211069291932
"2025-02-08 12:02:32.0000",3.54,76.03,-1.4098648859776536e31,-6.408638469534527e29,-4.6824811977152995e29
"2025-02-08 12:32:24.0000",3.6,75.99,21.892993927001953,13.606790431491255,15.0212635505469
"2025-02-08 13:02:17.0000",3.71,76.02,-1.4098648859776536e31,-6.408638469534527e29,-4.6824811977152995e29
"2025-02-08 13:32:10.0000",3.86,75.98,14.625874519348145,7.85194300918583,13.777036692463517
"2025-02-08 14:02:02.0000",3.9,76.01,18.3098087310791,10.08309301780596,14.7703715344457
"2025-02-08 14:31:55.0000",3.99,76,15.900092124938965,8.557286839387721,12.761130761028335
"2025-02-08 15:01:48.0000",4.05,76.03,-1.4098648859776536e31,-6.408638469534527e29,-4.6824811977152995e29
"2025-02-08 15:31:41.0000",4.01,76.02,35.625797271728516,21.461141899136717,19.6081003279315
"2025-02-08 16:01:34.0000",3.96,76.11,27.599016189575195,15.76972604322712,18.047421748848375
"2025-02-08 16:31:28.0000",3.93,76.15,30.878211975097656,18.024660093836047,18.026471342712355
"2025-02-08 17:01:22.0000",3.91,76.24,-1.4098648859776536e31,-6.408638469534527e29,-4.6824811977152995e29
"2025-02-08 18:01:07.0000",3.82,76.37,24.339628219604492,13.349251964663267,17.1468900605174
"2025-02-08 19:00:53.0000",3.28,77.04,25.60782814025879,12.712338020397148,15.019977073165558
"2025-02-08 19:30:46.0000",3.08,77.4,28.18636131286621,13.449463631303,15.702957843336529
"2025-02-08 20:00:38.0000",3.02,77.44,32.148502349853516,16.389149562969124,17.323598497681193
"2025-02-08 21:00:26.0000",3,77.7,26.041067123413086,12.94510662310696,15.540190824848143
"2025-02-08 22:00:12.0000",2.91,78.03,27.24750518798828,13.325610463476975,15.07374106950163
"2025-02-08 22:30:04.0000",2.96,78.18,26.67622947692871,13.127144391114486,14.931848906050181
"2025-02-08 22:59:58.0000",3,78.3,26.17007827758789,13.035566225607507,15.458866904855958
"2025-02-08 23:29:51.0000",3.09,78.45,-1.4098648859776536e31,-6.408638469534527e29,-4.6824811977152995e29
"2025-02-08 23:59:44.0000",3.11,78.5,-1.4098648859776536e31,-6.408638469534527e29,-4.6824811977152995e29
"2025-02-09 00:29:37.0000",3.07,78.63,25.706411361694336,12.703522098033437,15.232347317527955
"2025-02-09 00:59:31.0000",3.1,78.82,-1.4098648859776536e31,-6.408638469534527e29,-4.6824811977152995e29
"2025-02-09 01:29:25.0000",3.09,78.96,-1.4098648859776536e31,-6.408638469534527e29,-4.6824811977152995e29
"2025-02-09 01:59:19.0000",3.06,79.08,23.32341766357422,11.353183352138588,13.63009545919072
"2025-02-09 02:29:12.0000",3.1,79.23,-1.4098648859776536e31,-6.408638469534527e29,-4.6824811977152995e29
"2025-02-09 02:59:04.0000",3.11,79.32,27.97661018371582,14.88077717572059,14.218856996704464
"2025-02-09 03:28:58.0000",3.1,79.52,-1.4098648859776536e31,-6.408638469534527e29,-4.6824811977152995e29
"2025-02-09 03:58:53.0000",3.13,79.74,44.56785202026367,25.988298241176768,21.897937525110454
"2025-02-09 04:58:39.0000",3.23,79.97,-1.4098648859776536e31,-6.408638469534527e29,-4.6824811977152995e29
"2025-02-09 05:28:33.0000",3.33,80,33.28726577758789,19.20311626638605,16.92478370489164
"2025-02-09 05:58:26.0000",3.05,80.16,15.28042984008789,7.922791567080097,9.882400326122907
"2025-02-09 06:58:15.0000",3.54,80.43,-1.4098648859776536e31,-6.408638469534527e29,-4.6824811977152995e29
"2025-02-09 07:28:09.0000",3.71,80.44,-1.4098648859776536e31,-6.408638469534527e29,-4.6824811977152995e29
"2025-02-09 08:27:56.0000",4.57,80.56,31.81208038330078,17.70638017339364,20.14361484075933
"2025-02-09 08:57:51.0000",4.81,80.82,28.463987350463867,15.41052095901745,18.871915064602863
"2025-02-09 09:27:45.0000",5.04,80.87,51.82162094116211,31.196764917137326,27.658690117838013
"2025-02-09 09:57:37.0000",5.2,81.01,-1.4098648859776536e31,-6.408638469534527e29,-4.6824811977152995e29
"2025-02-09 10:57:25.0000",5.68,80.88,27.445701599121094,13.728595859043285,16.293612926337797
"2025-02-09 11:27:17.0000",5.83,80.81,-1.4098648859776536e31,-6.408638469534527e29,-4.6824811977152995e29
"2025-02-09 11:57:12.0000",5.99,80.55,25.054302215576172,12.47762815274018,15.87976492061571
"2025-02-09 12:27:04.0000",6.17,80.52,20.0076961517334,10.367217892789519,13.089096485486106
"2025-02-09 12:56:59.0000",6.31,80.37,21.77287483215332,11.39969584505333,14.649482051212944
"2025-02-09 13:26:54.0000",6.6,80.14,29.682353973388672,16.85736741935977,18.6382593011589
"2025-02-09 13:56:47.0000",6.52,80.03,-1.4098648859776536e31,-6.408638469534527e29,-4.6824811977152995e29
"2025-02-09 15:26:24.0000",6.23,79.79,31.376853942871094,18.40574910121576,17.46085297375972
"2025-02-09 16:26:11.0000",5.88,79.72,-1.4098648859776536e31,-6.408638469534527e29,-4.6824811977152995e29
"2025-02-09 16:56:04.0000",5.73,79.68,16.899890899658203,9.32274203950133,13.551136041185456
"2025-02-09 17:25:58.0000",5.7,79.53,-1.4098648859776536e31,-6.408638469534527e29,-4.6824811977152995e29
"2025-02-09 17:55:51.0000",5.55,79.44,-1.4098648859776536e31,-6.408638469534527e29,-4.6824811977152995e29
"2025-02-09 18:55:36.0000",5.29,79.31,14.3927001953125,7.594566986274887,11.55923863191427
"2025-02-09 19:25:28.0000",5.3,78.87,-1.4098648859776536e31,-6.408638469534527e29,-4.6824811977152995e29
"2025-02-09 19:55:20.0000",5.27,78.66,16.06267738342285,8.465771570103103,11.794020311737619
"2025-02-09 20:55:07.0000",5.31,78.26,13.952625274658203,7.666407870942011,12.129263770773065
"2025-02-09 21:25:00.0000",5.34,78.01,12.215950012207031,6.868483358738183,10.788642224248534
"2025-02-09 21:54:53.0000",5.3,77.72,12.363399505615234,7.176872272062306,10.241705962144906
"2025-02-09 22:24:47.0000",5.26,77.62,-1.4098648859776536e31,-6.408638469534527e29,-4.6824811977152995e29
"2025-02-09 22:54:41.0000",5.16,77.55,12.61733341217041,7.3289476967510385,11.47793603179521
"2025-02-09 23:24:34.0000",5,77.53,63.00597381591797,42.28479731174213,30.19436601519098
"2025-02-09 23:54:27.0000",4.76,77.57,12.534218788146973,7.767517656337778,10.455893791976129
"2025-02-10 00:24:21.0000",4.56,77.63,6.671065330505371,4.385533081744358,7.566960373008889
"2025-02-10 01:24:06.0000",4.18,77.8,10.370681762695312,5.930179447268475,8.934914345056178
"2025-02-10 01:53:58.0000",4.15,77.72,9.427947044372559,5.605508150465234,9.094053455443293
"2025-02-10 02:23:52.0000",4.1,77.68,7.917356967926025,4.947240689209541,8.622329679264077
"2025-02-10 02:53:46.0000",3.96,77.57,5.907866954803467,3.8593161236214977,7.376332220369365
"2025-02-10 03:23:36.0000",3.74,77.61,6.224696636199951,4.192573880983337,7.899869950622574
"2025-02-10 03:53:31.0000",3.68,77.6,7.0269646644592285,4.532901619885864,7.939205681768954
"2025-02-10 04:23:23.0000",3.63,77.66,6.968409061431885,4.317671699285338,7.676591228751625
"2025-02-10 04:53:15.0000",3.65,77.65,-1.4098648859776536e31,-6.408638469534527e29,-4.6824811977152995e29
"2025-02-10 05:23:10.0000",3.61,77.77,7.200790882110596,4.504711688427649,8.243625323450072
"2025-02-10 05:53:03.0000",3.61,77.91,10.332756042480469,5.959151205898056,9.641986623080976
"2025-02-10 06:22:57.0000",3.64,78.16,10.639020919799805,6.345411313113591,10.087058229911
"2025-02-10 06:52:51.0000",3.64,78.21,5.777285099029541,3.958729268628354,7.684336094117967
"2025-02-10 07:22:45.0000",3.61,78.37,8.37735652923584,5.36258441771397,9.393300874215772
"2025-02-10 07:52:37.0000",3.8,78.31,11.182165145874023,6.954347809556719,11.830581628603976
"2025-02-10 08:22:30.0000",3.71,78.29,9.561800003051758,6.028529100090341,9.974364213626734
"2025-02-10 08:52:22.0000",3.56,78.51,9.064448356628418,5.474251807474804,10.108188703125037
"2025-02-10 09:22:16.0000",3.68,78.52,9.186059951782227,5.556963055690167,8.959896895368074
"2025-02-10 10:22:04.0000",4.12,78.15,23.66827964782715,16.59498721338402,15.196175263789607
"2025-02-10 10:51:59.0000",4.43,77.8,6.376739978790283,4.497294220648052,8.983109566990208
"2025-02-10 11:21:53.0000",4.56,77.57,58.2838020324707,40.889053321877725,28.851163080373716
"2025-02-10 11:51:46.0000",4.51,77.13,-1.4098648859776536e31,-6.408638469534527e29,-4.6824811977152995e29
"2025-02-10 12:21:38.0000",4.55,77.16,4.700122356414795,3.667427115391547,7.518328164416281
"2025-02-10 12:51:31.0000",4.61,76.94,8.110505104064941,6.348937184999915,9.857190094947805
"2025-02-10 13:21:23.0000",4.84,76.64,15.313996315002441,11.423210514091867,12.723752740876693
"2025-02-10 13:51:19.0000",4.82,76.12,2.374594211578369,2.621401077023917,7.080672717984258
"2025-02-10 14:51:03.0000",4.49,76.15,5.311542987823486,4.347346739334055,8.521644056181493
"2025-02-10 15:20:57.0000",4.41,76.27,11.816788673400879,8.998032179299937,12.60311389749247
"2025-02-10 16:20:43.0000",4.48,76.24,2.4946439266204834,2.6451746287503046,7.103765683892258
"2025-02-10 16:50:38.0000",4.39,76.22,1.9823408126831055,2.46086931871002,6.779727843109725
"2025-02-10 17:20:30.0000",4.31,76.25,2.1240813732147217,2.5424489658775102,8.153289601643621
"2025-02-10 18:20:17.0000",4.05,76.34,3.6241486072540283,3.0568925068484067,7.075563942353855
"2025-02-10 18:50:09.0000",3.81,76.48,5.324889183044434,4.268725180437977,8.82493162924607
"2025-02-10 19:20:02.0000",3.64,76.75,6.590479850769043,4.838886961851902,9.637338936400576
"2025-02-10 19:49:55.0000",3.4,77.05,8.847953796386719,6.397348629121173,12.504057069555298
"2025-02-10 20:19:48.0000",3.06,77.41,-1.4098648859776536e31,-6.408638469534527e29,-4.6824811977152995e29
"2025-02-10 20:49:41.0000",2.82,77.77,-1.4098648859776536e31,-6.408638469534527e29,-4.6824811977152995e29
"2025-02-10 21:19:34.0000",2.78,77.98,-1.4098648859776536e31,-6.408638469534527e29,-4.6824811977152995e29
"2025-02-10 21:49:27.0000",2.77,78.19,11.117242813110352,7.579367113162248,13.491928714689985
"2025-02-10 22:49:14.0000",2.72,78.64,12.079339981079102,8.267640919680288,13.696392872356784
"2025-02-10 23:19:08.0000",2.74,78.84,11.067612648010254,7.037301030395404,11.57136520824038
"2025-02-10 23:49:01.0000",2.68,78.99,-1.4098648859776536e31,-6.408638469534527e29,-4.6824811977152995e29
"2025-02-11 00:18:56.0000",2.55,79.19,-1.4098648859776536e31,-6.408638469534527e29,-4.6824811977152995e29
"2025-02-11 00:48:49.0000",2.48,79.31,-1.4098648859776536e31,-6.408638469534527e29,-4.6824811977152995e29
"2025-02-11 01:48:36.0000",2.62,79.4,-1.4098648859776536e31,-6.408638469534527e29,-4.6824811977152995e29
"2025-02-11 02:18:30.0000",2.68,79.42,-1.4098648859776536e31,-6.408638469534527e29,-4.6824811977152995e29
"2025-02-11 02:48:23.0000",2.61,79.49,-1.4098648859776536e31,-6.408638469534527e29,-4.6824811977152995e29
"2025-02-11 04:18:04.0000",2.72,79.67,-1.4098648859776536e31,-6.408638469534527e29,-4.6824811977152995e29
"2025-02-11 04:47:57.0000",2.78,79.74,-1.4098648859776536e31,-6.408638469534527e29,-4.6824811977152995e29
"2025-02-11 05:17:51.0000",2.92,79.8,-1.4098648859776536e31,-6.408638469534527e29,-4.6824811977152995e29
"2025-02-11 05:47:46.0000",3.1,79.79,-1.4098648859776536e31,-6.408638469534527e29,-4.6824811977152995e29
"2025-02-11 06:17:40.0000",3.15,79.81,-1.4098648859776536e31,-6.408638469534527e29,-4.6824811977152995e29
"2025-02-11 06:47:33.0000",3.18,79.86,-1.4098648859776536e31,-6.408638469534527e29,-4.6824811977152995e29
"2025-02-11 07:17:28.0000",3.3,79.91,-1.4098648859776536e31,-6.408638469534527e29,-4.6824811977152995e29
"2025-02-11 07:47:22.0000",3.5,79.9,-1.4098648859776536e31,-6.408638469534527e29,-4.6824811977152995e29
"2025-02-11 08:17:14.0000",3.65,79.87,-1.4098648859776536e31,-6.408638469534527e29,-4.6824811977152995e29
"2025-02-11 08:47:08.0000",3.78,79.81,-1.4098648859776536e31,-6.408638469534527e29,-4.6824811977152995e29
"2025-02-11 09:17:03.0000",3.91,79.79,-1.4098648859776536e31,-6.408638469534527e29,-4.6824811977152995e29
"2025-02-11 09:46:56.0000",4.04,79.8,-1.4098648859776536e31,-6.408638469534527e29,-4.6824811977152995e29
"2025-02-11 10:16:49.0000",4.24,79.83,-1.4098648859776536e31,-6.408638469534527e29,-4.6824811977152995e29
"2025-02-11 10:46:43.0000",4.36,79.69,16.062795639038086,9.400865354525092,14.159089101002822
"2025-02-11 11:16:36.0000",4.46,79.74,-1.4098648859776536e31,-6.408638469534527e29,-4.6824811977152995e29
"2025-02-11 11:46:30.0000",4.53,79.67,-1.4098648859776536e31,-6.408638469534527e29,-4.6824811977152995e29
"2025-02-11 12:16:23.0000",4.56,79.64,21.078630447387695,13.221543961078352,16.563316542281672
"2025-02-11 12:46:18.0000",4.61,79.67,-1.4098648859776536e31,-6.408638469534527e29,-4.6824811977152995e29
"2025-02-11 13:16:13.0000",4.68,79.6,-1.4098648859776536e31,-6.408638469534527e29,-4.6824811977152995e29
"2025-02-11 14:15:59.0000",4.65,79.57,-1.4098648859776536e31,-6.408638469534527e29,-4.6824811977152995e29
"2025-02-11 14:45:52.0000",4.65,79.49,62.38722610473633,43.16732795398935,32.46591706991181
"2025-02-11 15:15:43.0000",4.02,80.22,-1.4098648859776536e31,-6.408638469534527e29,-4.6824811977152995e29
"2025-02-11 15:45:38.0000",4.17,80.1,-1.4098648859776536e31,-6.408638469534527e29,-4.6824811977152995e29
"2025-02-11 16:15:31.0000",3.98,80.23,-1.4098648859776536e31,-6.408638469534527e29,-4.6824811977152995e29
"2025-02-11 16:45:26.0000",4.06,80.22,-1.4098648859776536e31,-6.408638469534527e29,-4.6824811977152995e29
"2025-02-11 17:15:20.0000",3.81,80.26,-1.4098648859776536e31,-6.408638469534527e29,-4.6824811977152995e29
"2025-02-11 17:45:15.0000",3.48,80.65,-1.4098648859776536e31,-6.408638469534527e29,-4.6824811977152995e29
"2025-02-11 18:15:09.0000",3.55,80.82,-1.4098648859776536e31,-6.408638469534527e29,-4.6824811977152995e29
"2025-02-11 18:45:03.0000",3.75,80.68,-1.4098648859776536e31,-6.408638469534527e29,-4.6824811977152995e29
"2025-02-11 19:44:50.0000",3.8,80.61,-1.4098648859776536e31,-6.408638469534527e29,-4.6824811977152995e29
"2025-02-11 20:44:38.0000",3.62,80.59,-1.4098648859776536e31,-6.408638469534527e29,-4.6824811977152995e29
"2025-02-11 21:14:33.0000",3.59,80.64,-1.4098648859776536e31,-6.408638469534527e29,-4.6824811977152995e29
"2025-02-11 21:44:27.0000",3.55,80.61,-1.4098648859776536e31,-6.408638469534527e29,-4.6824811977152995e29
"2025-02-11 22:44:14.0000",3.36,80.67,-1.4098648859776536e31,-6.408638469534527e29,-4.6824811977152995e29
"2025-02-11 23:14:09.0000",3.42,80.81,-1.4098648859776536e31,-6.408638469534527e29,-4.6824811977152995e29
"2025-02-12 00:13:56.0000",3.37,80.88,-1.4098648859776536e31,-6.408638469534527e29,-4.6824811977152995e29
"2025-02-12 00:43:49.0000",3.33,80.96,-1.4098648859776536e31,-6.408638469534527e29,-4.6824811977152995e29
"2025-02-12 01:13:42.0000",3,80.98,-1.4098648859776536e31,-6.408638469534527e29,-4.6824811977152995e29
"2025-02-12 01:43:35.0000",2.37,81.25,-1.4098648859776536e31,-6.408638469534527e29,-4.6824811977152995e29
"2025-02-12 02:43:19.0000",2.58,81.42,-1.4098648859776536e31,-6.408638469534527e29,-4.6824811977152995e29
"2025-02-12 03:13:12.0000",2.75,81.46,-1.4098648859776536e31,-6.408638469534527e29,-4.6824811977152995e29
"2025-02-12 03:43:07.0000",2.8,81.43,-1.4098648859776536e31,-6.408638469534527e29,-4.6824811977152995e29
"2025-02-12 04:13:00.0000",3.06,81.46,-1.4098648859776536e31,-6.408638469534527e29,-4.6824811977152995e29
"2025-02-12 04:42:55.0000",3.05,81.41,-1.4098648859776536e31,-6.408638469534527e29,-4.6824811977152995e29
"2025-02-12 05:42:40.0000",2.98,81.5,-1.4098648859776536e31,-6.408638469534527e29,-4.6824811977152995e29
"2025-02-12 06:42:29.0000",2.87,81.62,-1.4098648859776536e31,-6.408638469534527e29,-4.6824811977152995e29
"2025-02-12 07:12:22.0000",2.89,81.68,-1.4098648859776536e31,-6.408638469534527e29,-4.6824811977152995e29
"2025-02-12 08:12:08.0000",2.89,81.8,-1.4098648859776536e31,-6.408638469534527e29,-4.6824811977152995e29
"2025-02-12 08:42:02.0000",2.73,82.18,-1.4098648859776536e31,-6.408638469534527e29,-4.6824811977152995e29
"2025-02-12 09:11:56.0000",2.85,82.27,-1.4098648859776536e31,-6.408638469534527e29,-4.6824811977152995e29
"2025-02-12 10:11:44.0000",3.45,82.02,-1.4098648859776536e31,-6.408638469534527e29,-4.6824811977152995e29
"2025-02-12 10:41:38.0000",3.66,81.98,-1.4098648859776536e31,-6.408638469534527e29,-4.6824811977152995e29
"2025-02-12 11:41:28.0000",4.44,81.85,-1.4098648859776536e31,-6.408638469534527e29,-4.6824811977152995e29
"2025-02-12 12:11:22.0000",5.08,81.65,-1.4098648859776536e31,-6.408638469534527e29,-4.6824811977152995e29
"2025-02-12 12:41:16.0000",5.09,81.3,-1.4098648859776536e31,-6.408638469534527e29,-4.6824811977152995e29
"2025-02-12 13:11:10.0000",5.32,81.3,-1.4098648859776536e31,-6.408638469534527e29,-4.6824811977152995e29
"2025-02-12 13:41:04.0000",5.6,81.04,39.58325958251953,25.436363339277726,20.49581883617516
"2025-02-12 14:10:56.0000",5.5,80.73,16.06032943725586,8.58205866542052,12.20872990941389
"2025-02-12 14:40:49.0000",5.42,80.47,-1.4098648859776536e31,-6.408638469534527e29,-4.6824811977152995e29
"2025-02-12 15:10:44.0000",5.38,80.2,64.5031967163086,42.66464397151414,31.297935292212067
"2025-02-12 15:40:35.0000",5.13,79.97,-1.4098648859776536e31,-6.408638469534527e29,-4.6824811977152995e29
"2025-02-12 16:10:26.0000",4.92,79.9,45.42859649658203,29.340063294464272,25.228390943334738
"2025-02-12 16:40:19.0000",4.85,79.86,61.87022399902344,41.14571321961486,31.82181341461424
"2025-02-12 17:10:12.0000",4.53,79.67,-1.4098648859776536e31,-6.408638469534527e29,-4.6824811977152995e29
"2025-02-12 17:40:04.0000",4.3,79.73,-1.4098648859776536e31,-6.408638469534527e29,-4.6824811977152995e29
"2025-02-12 18:09:59.0000",4.23,79.65,16.54043960571289,9.396410136831314,14.66000287013371
"2025-02-12 18:39:52.0000",4.15,79.56,11.800829887390137,6.937381971121123,12.312609259053708
"2025-02-12 19:09:47.0000",4.2,79.42,9.608016014099121,5.999585597436975,10.076202367571755
"2025-02-12 19:39:41.0000",4.01,79.26,-1.4098648859776536e31,-6.408638469534527e29,-4.6824811977152995e29
"2025-02-12 20:09:34.0000",3.65,79.55,42.87499237060547,27.587542009618854,23.543440295534914
"2025-02-12 20:39:29.0000",3.63,79.57,46.878211975097656,30.210048348421,23.971572269844
"2025-02-12 21:09:22.0000",3.64,79.62,-1.4098648859776536e31,-6.408638469534527e29,-4.6824811977152995e29
"2025-02-12 21:39:15.0000",3.48,79.62,-1.4098648859776536e31,-6.408638469534527e29,-4.6824811977152995e29
"2025-02-12 22:09:09.0000",3.37,79.72,18.752883911132812,10.055049567533331,12.223850004768135
"2025-02-12 22:39:01.0000",3.35,79.79,-1.4098648859776536e31,-6.408638469534527e29,-4.6824811977152995e29
"2025-02-12 23:08:54.0000",3.43,79.85,51.30614471435547,33.20817562639555,25.4541190303888
"2025-02-12 23:38:48.0000",3.41,79.84,44.73910140991211,28.49456978171912,22.823528120527676
"2025-02-13 00:08:42.0000",3.3,79.9,-1.4098648859776536e31,-6.408638469534527e29,-4.6824811977152995e29
"2025-02-13 00:38:36.0000",3.3,79.85,16.18524742126465,8.698079648587964,11.748692539364923
"2025-02-13 01:08:30.0000",3.27,79.76,-1.4098648859776536e31,-6.408638469534527e29,-4.6824811977152995e29
"2025-02-13 01:38:25.0000",3.28,79.61,15.032767295837402,8.538208843362147,14.732427092066995
"2025-02-13 02:08:19.0000",3.15,79.54,64.28780364990234,43.020459598559015,31.16304614348004
"2025-02-13 02:38:11.0000",3.05,79.54,36.145057678222656,23.433659095643673,20.461565894747018
"2025-02-13 03:08:05.0000",2.99,79.47,16.763259887695312,10.712408239396758,13.78751500261935
"2025-02-13 03:37:59.0000",2.96,79.08,16.86050796508789,11.11657363556681,14.387732539507866
"2025-02-13 04:37:46.0000",2.62,78.46,32.87237548828125,22.818837156258923,20.148339621845896
"2025-02-13 05:07:38.0000",2.22,77.98,8.85318660736084,6.172479586973624,11.55230842484343
"2025-02-13 05:37:31.0000",2.06,77.39,-1.4098648859776536e31,-6.408638469534527e29,-4.6824811977152995e29
"2025-02-13 06:07:27.0000",2.28,76.74,-1.4098648859776536e31,-6.408638469534527e29,-4.6824811977152995e29
"2025-02-13 06:37:21.0000",2.43,76.62,7.60683012008667,5.523814623932115,12.283122988842932
"2025-02-13 08:07:03.0000",2.34,76.23,36.08322525024414,26.537790696519966,24.148956424036236
"2025-02-13 08:36:55.0000",2.38,76.02,55.64521789550781,40.57594860763811,32.412112763666656
"2025-02-13 09:06:49.0000",2.53,75.86,56.01344299316406,40.107685101812606,29.61790457403755
"2025-02-13 09:36:42.0000",2.68,75.71,3.23861026763916,3.606339522868695,9.550645978434305
"2025-02-13 10:06:36.0000",2.87,75.41,3.411877393722534,3.728832595748638,10.28508942431423
"2025-02-13 11:36:18.0000",3.42,74.28,3.2986810207366943,3.592275121419001,10.039437227362642
"2025-02-13 12:06:10.0000",3.44,74.16,3.4336681365966797,3.8815189529991,10.350132717496464
"2025-02-13 12:36:03.0000",3.37,73.94,56.00018310546875,40.297072563956235,30.247080821921827
"2025-02-13 13:05:56.0000",3.42,73.57,2.9264323711395264,3.4848705204951838,9.877165288481475
"2025-02-13 14:05:43.0000",3.48,72.71,2.798353672027588,3.443756608058756,9.439762414005344
"2025-02-13 14:35:36.0000",3.43,72.43,3.7790489196777344,4.068580511630926,11.683197532782328
"2025-02-13 15:05:30.0000",3.4,72.13,3.421797275543213,3.6240604139767605,9.380688363839125
"2025-02-13 16:05:15.0000",3.27,71.51,56.35700607299805,40.12458015878438,30.83353913246554
"2025-02-13 16:35:07.0000",3.15,71.31,56.401756286621094,40.01001089772568,30.699877879374494
"2025-02-13 17:05:00.0000",2.95,71.09,58.466583251953125,40.67364821063916,31.348021589821023
"2025-02-13 17:34:54.0000",2.78,70.78,4.393641948699951,4.161126789339667,9.992425127455968
"2025-02-13 18:04:45.0000",2.7,70.53,5.581547260284424,5.009391224897519,10.553584870290422
"2025-02-13 19:34:26.0000",2.51,70.28,8.972467422485352,7.005894864927287,12.195280350418304
"2025-02-13 20:04:19.0000",2.47,70.21,10.33113956451416,8.045880456847462,12.11020682425433
"2025-02-13 20:34:11.0000",2.39,70.19,11.08320140838623,8.588015320013273,13.492419856777728
"2025-02-13 21:04:05.0000",2.27,70.18,14.437073707580566,10.917803978765905,14.038289329249013
"2025-02-13 22:03:52.0000",2.11,69.68,24.333003997802734,17.8235151373915,19.01481071799727
"2025-02-13 22:33:45.0000",2.13,69.55,19.704965591430664,14.198981751781183,16.08264956296205
"2025-02-13 23:03:40.0000",2.16,69.33,9.680611610412598,7.605941556926193,12.053857107101859
"2025-02-13 23:33:33.0000",2.16,69.17,6.693701267242432,5.595481791834264,11.215813655250658
"2025-02-14 00:03:28.0000",2.17,69.11,9.772109031677246,7.039528061025188,11.889768614911592
"2025-02-14 00:33:18.0000",2.15,69.12,8.58084774017334,6.007865654433836,11.46808773936111
"2025-02-14 01:03:13.0000",2.07,69.19,8.66042423248291,6.256041293816578,11.811531137690075
"2025-02-14 01:33:06.0000",1.81,68.77,25.42913055419922,17.927253355080314,18.80931236280262
"2025-02-14 02:02:58.0000",1.57,68.56,7.667128562927246,5.495728338702706,11.05072185760909
"2025-02-14 02:32:52.0000",1.38,68.27,8.670999526977539,5.936353128975839,11.280045246556792
"2025-02-14 03:02:45.0000",1.1,68.32,9.961102485656738,6.814544535065306,12.237375417636839
"2025-02-14 03:32:36.0000",0.83,68.45,26.1629638671875,17.9233917675756,18.707251123526554
"2025-02-14 04:32:22.0000",0.22,68.83,59.66181182861328,41.3622431464047,32.585004599900515
"2025-02-14 05:02:15.0000",0.08,69.08,60.96052932739258,41.92564709851638,33.751509436144914
"2025-02-14 05:32:07.0000",0.13,69.33,60.153873443603516,41.455869128568196,32.43499166088619
"2025-02-14 06:31:55.0000",0.22,69.45,59.17350387573242,41.1708698339953,32.0192786072379
"2025-02-14 07:01:50.0000",0.36,69.48,59.48264694213867,41.22391008833444,32.17735742166345
"2025-02-14 07:31:43.0000",0.69,69.35,36.4034538269043,25.44431462877704,23.915970862788168
"2025-02-14 08:01:38.0000",0.99,69.31,21.410045623779297,15.635408969494119,17.83656669407418
"2025-02-14 08:31:31.0000",1.31,69.01,6.131486415863037,5.090523160500099,10.582776665443017
"2025-02-14 09:31:17.0000",1.96,68.58,6.939509868621826,5.699782691922627,12.01586117308454
"2025-02-14 10:01:11.0000",2.29,68.31,5.353949546813965,4.809288577667011,10.690962790798958
"2025-02-14 10:31:06.0000",3.48,68.32,9.924772262573242,7.620216087851056,12.181457181227628
"2025-02-14 11:01:05.0000",7.15,66.5,28.209087371826172,20.04519709435004,19.399245338392305
"2025-02-14 11:30:55.0000",4.64,65.68,7.246120452880859,5.5313847767971795,11.392612795593976
"2025-02-14 12:00:48.0000",4.14,65.79,8.795957565307617,6.250546109670835,11.534538394476728
"2025-02-14 12:30:41.0000",4.07,66.04,61.377174377441406,41.59480031065856,34.015145643538254
"2025-02-14 13:00:34.0000",4.26,65.85,61.849449157714844,41.62669410983607,34.82556331574755
"2025-02-14 13:30:28.0000",4.62,65.53,11.663045883178711,7.502976567716408,14.871883027139038
"2025-02-14 14:00:23.0000",4.18,65.76,50.84127426147461,33.06586973589006,29.934736344281077
"2025-02-14 15:00:09.0000",4,66.19,66.2840576171875,43.3657484375556,36.945783930741975
"2025-02-14 15:30:01.0000",3.94,66.31,14.248038291931152,8.350955422098744,14.174663813994105
"2025-02-14 15:59:55.0000",3.63,66.45,15.969246864318848,8.934683218922698,13.941630952395116
"2025-02-14 16:59:40.0000",2.84,67.61,67.75960540771484,43.165049966112875,33.75612340564512
"2025-02-14 17:29:32.0000",2.66,68.31,25.810388565063477,12.936964695805646,16.97156195658847
"2025-02-14 17:59:26.0000",2.83,68.81,27.88150405883789,14.237437775271367,18.590269813018153
"2025-02-14 18:29:20.0000",2.85,69.16,29.941221237182617,14.748271007238797,18.994159620322066
"2025-02-14 18:59:13.0000",2.75,69.54,28.22153663635254,14.018275145962502,18.027373068507444
"2025-02-14 19:29:07.0000",2.49,69.97,83.10640716552734,48.560290916607876,38.04643297149278
"2025-02-14 19:58:59.0000",2.38,70.45,31.110759735107422,15.579068247135657,20.265915736941878
"2025-02-14 20:28:52.0000",2.19,70.77,31.033370971679688,15.900112244563157,20.45220142378086
"2025-02-14 20:58:45.0000",2.23,71.13,31.55890464782715,16.249492141783072,21.046760005955512
"2025-02-14 21:28:37.0000",2.3,71.34,30.84230613708496,15.603397987234507,20.213188367264173
"2025-02-14 21:58:30.0000",2.39,71.6,28.116140365600586,14.589962647520618,18.830312976636556
"2025-02-14 22:28:23.0000",2.46,71.78,30.385042190551758,15.88935940238352,21.583336272834593
"2025-02-14 22:58:16.0000",2.47,71.95,26.091150283813477,13.691282888863883,17.661337237382458
"2025-02-14 23:28:10.0000",2.58,72.13,24.78224754333496,13.348089369252449,17.427303262432012
"2025-02-14 23:58:04.0000",2.65,72.2,26.397104263305664,14.068433178608782,18.260070914216634
"2025-02-15 00:27:58.0000",2.69,72.33,24.193157196044922,12.80461175348566,16.68528598626098
"2025-02-15 00:57:52.0000",2.59,72.42,22.891403198242188,12.547771078339753,17.329039598866387
"2025-02-15 01:27:46.0000",2.6,72.59,24.310161590576172,13.265455934500835,18.293342262913928
"2025-02-15 01:57:39.0000",2.56,72.75,32.842933654785156,17.731529656242103,22.69728379180437
"2025-02-15 02:27:33.0000",2.54,72.82,25.475360870361328,13.972839613861028,19.004442940706326
"2025-02-15 02:57:25.0000",2.4,73.04,27.496339797973633,15.42290765086187,21.49094608296144
"2025-02-15 03:27:19.0000",2.42,73.28,26.41270637512207,14.901987196713865,20.778478158523438
"2025-02-15 03:57:12.0000",2.45,73.36,24.685436248779297,13.84973714785839,19.3509805655618
"2025-02-15 04:27:06.0000",2.45,73.45,25.969505310058594,14.593796911394666,19.423175834302242
"2025-02-15 04:57:00.0000",2.41,73.59,27.874473571777344,15.539115917736924,21.302472260277707
"2025-02-15 05:26:53.0000",2.4,73.73,29.422212600708008,16.76947328886496,22.828587148525774
"2025-02-15 05:56:47.0000",2.32,73.9,29.975725173950195,17.35720518786763,25.041521743809277
"2025-02-15 06:26:41.0000",2.27,74.06,31.468647003173828,18.12552696339406,24.597666706976362
"2025-02-15 07:26:27.0000",2.18,74.53,36.315635681152344,21.84404851052364,29.880485730612435
"2025-02-15 07:56:21.0000",2.23,74.86,92.82437133789062,57.432355277085,50.40030759512598
"2025-02-15 08:26:13.0000",2.25,75.14,46.3519401550293,29.15982467464066,41.80146544777091
"2025-02-15 09:26:00.0000",2.45,75.79,50.74355697631836,32.69757144097603,44.98905710419805
"2025-02-15 09:55:55.0000",2.6,76.04,49.781410217285156,32.15501655522674,46.53210555882164
"2025-02-15 10:25:49.0000",2.93,76.31,47.534847259521484,30.16830889161449,42.601299810045184
"2025-02-15 10:55:43.0000",3.13,76.45,47.8299560546875,30.65793717241825,43.71489588711073
"2025-02-15 11:25:36.0000",3.22,76.68,46.82119369506836,29.700774197046176,41.61501811002269
"2025-02-15 11:55:31.0000",3.36,76.92,65.74617767333984,42.17698187698002,46.716629855249515
"2025-02-15 12:25:24.0000",3.55,77.13,40.52980041503906,24.44972111694805,33.03181235872484
"2025-02-15 12:55:18.0000",3.69,77.44,33.657012939453125,19.532554013573062,26.452255549960302
"2025-02-15 13:55:04.0000",4.11,78.08,33.25152587890625,18.93980804531929,20.595500359973133
"2025-02-15 14:24:59.0000",4.34,78.14,40.51164245605469,25.231066788659657,22.055887960666464
"2025-02-15 15:24:44.0000",4.27,78.25,12.63042163848877,7.3379549726260835,10.861258162646022
"2025-02-15 15:54:37.0000",4.33,78.39,10.234321594238281,5.971653041746184,9.332686802280124
"2025-02-15 16:24:31.0000",4.45,78.35,22.138469696044922,11.919630725926872,12.386458657118881
"2025-02-15 16:54:24.0000",4.42,78.45,-1.4098648859776536e31,-6.408638469534527e29,-4.6824811977152995e29
"2025-02-15 17:24:17.0000",4.24,78.59,15.512195587158203,8.183496202521711,11.040594375827594
"2025-02-15 17:54:10.0000",4.1,78.82,19.10100746154785,10.231504757422966,12.910537504107129
"2025-02-15 18:24:04.0000",3.97,79.04,-1.4098648859776536e31,-6.408638469534527e29,-4.6824811977152995e29
"2025-02-15 18:53:57.0000",3.88,79.21,-1.4098648859776536e31,-6.408638469534527e29,-4.6824811977152995e29
"2025-02-15 19:53:44.0000",3.82,79.43,-1.4098648859776536e31,-6.408638469534527e29,-4.6824811977152995e29
"2025-02-15 20:23:37.0000",3.55,79.87,26.748567581176758,13.173236876312936,15.463400186780405
"2025-02-15 20:53:31.0000",3.39,80.29,-1.4098648859776536e31,-6.408638469534527e29,-4.6824811977152995e29
"2025-02-15 21:23:25.0000",3.38,80.49,49.427310943603516,28.193972427523587,25.22222804953179
"2025-02-15 22:23:12.0000",3.3,81,-1.4098648859776536e31,-6.408638469534527e29,-4.6824811977152995e29
"2025-02-15 22:53:06.0000",3.27,81.14,-1.4098648859776536e31,-6.408638469534527e29,-4.6824811977152995e29
"2025-02-15 23:23:00.0000",3.23,81.31,-1.4098648859776536e31,-6.408638469534527e29,-4.6824811977152995e29
"2025-02-15 23:52:53.0000",3.16,81.6,-1.4098648859776536e31,-6.408638469534527e29,-4.6824811977152995e29
"2025-02-16 00:22:46.0000",3.09,81.78,-1.4098648859776536e31,-6.408638469534527e29,-4.6824811977152995e29
"2025-02-16 00:52:39.0000",2.99,82.05,-1.4098648859776536e31,-6.408638469534527e29,-4.6824811977152995e29
"2025-02-16 01:22:34.0000",2.97,82.17,-1.4098648859776536e31,-6.408638469534527e29,-4.6824811977152995e29
"2025-02-16 02:52:14.0000",2.67,83.37,-1.4098648859776536e31,-6.408638469534527e29,-4.6824811977152995e29
"2025-02-16 03:22:08.0000",2.68,83.37,-1.4098648859776536e31,-6.408638469534527e29,-4.6824811977152995e29
"2025-02-16 03:52:01.0000",2.62,83.36,-1.4098648859776536e31,-6.408638469534527e29,-4.6824811977152995e29
"2025-02-16 04:21:55.0000",2.44,83.8,-1.4098648859776536e31,-6.408638469534527e29,-4.6824811977152995e29
"2025-02-16 04:51:47.0000",2.3,84.11,-1.4098648859776536e31,-6.408638469534527e29,-4.6824811977152995e29
"2025-02-16 05:21:40.0000",2.11,84.41,-1.4098648859776536e31,-6.408638469534527e29,-4.6824811977152995e29
"2025-02-16 06:21:26.0000",1.8,85,-1.4098648859776536e31,-6.408638469534527e29,-4.6824811977152995e29
"2025-02-16 06:51:20.0000",1.64,85.23,-1.4098648859776536e31,-6.408638469534527e29,-4.6824811977152995e29
"2025-02-16 07:21:14.0000",1.53,85.46,-1.4098648859776536e31,-6.408638469534527e29,-4.6824811977152995e29
"2025-02-16 07:51:08.0000",1.42,85.35,-1.4098648859776536e31,-6.408638469534527e29,-4.6824811977152995e29
"2025-02-16 08:21:00.0000",1.67,85.26,-1.4098648859776536e31,-6.408638469534527e29,-4.6824811977152995e29
"2025-02-16 08:50:54.0000",1.94,84.96,-1.4098648859776536e31,-6.408638469534527e29,-4.6824811977152995e29
"2025-02-16 09:20:48.0000",2.21,84.88,-1.4098648859776536e31,-6.408638469534527e29,-4.6824811977152995e29
"2025-02-16 09:50:43.0000",2.64,84.72,-1.4098648859776536e31,-6.408638469534527e29,-4.6824811977152995e29
"2025-02-16 10:20:38.0000",3.47,84.27,-1.4098648859776536e31,-6.408638469534527e29,-4.6824811977152995e29
"2025-02-16 10:50:34.0000",3.44,83.87,-1.4098648859776536e31,-6.408638469534527e29,-4.6824811977152995e29
"2025-02-16 11:20:28.0000",3.61,83.67,-1.4098648859776536e31,-6.408638469534527e29,-4.6824811977152995e29
"2025-02-16 11:50:20.0000",3.61,83.46,-1.4098648859776536e31,-6.408638469534527e29,-4.6824811977152995e29
"2025-02-16 12:20:15.0000",3.59,82.96,-1.4098648859776536e31,-6.408638469534527e29,-4.6824811977152995e29
"2025-02-16 13:20:03.0000",4.02,82.29,-1.4098648859776536e31,-6.408638469534527e29,-4.6824811977152995e29
"2025-02-16 14:19:50.0000",4.42,81.21,-1.4098648859776536e31,-6.408638469534527e29,-4.6824811977152995e29
"2025-02-16 14:49:43.0000",3.92,81.14,-1.4098648859776536e31,-6.408638469534527e29,-4.6824811977152995e29
"2025-02-16 15:19:37.0000",3.75,80.82,-1.4098648859776536e31,-6.408638469534527e29,-4.6824811977152995e29
"2025-02-16 15:49:31.0000",3.75,80.51,-1.4098648859776536e31,-6.408638469534527e29,-4.6824811977152995e29
"2025-02-16 16:19:26.0000",3.84,80.11,-1.4098648859776536e31,-6.408638469534527e29,-4.6824811977152995e29
"2025-02-16 16:49:20.0000",3.7,79.79,-1.4098648859776536e31,-6.408638469534527e29,-4.6824811977152995e29
"2025-02-16 17:19:12.0000",3.58,79.62,-1.4098648859776536e31,-6.408638469534527e29,-4.6824811977152995e29
"2025-02-16 18:18:59.0000",3.14,79.12,-1.4098648859776536e31,-6.408638469534527e29,-4.6824811977152995e29
"2025-02-16 19:18:45.0000",2.88,78.52,-1.4098648859776536e31,-6.408638469534527e29,-4.6824811977152995e29
"2025-02-16 19:48:39.0000",2.82,78.35,-1.4098648859776536e31,-6.408638469534527e29,-4.6824811977152995e29
"2025-02-16 20:18:34.0000",2.77,78.12,-1.4098648859776536e31,-6.408638469534527e29,-4.6824811977152995e29
"2025-02-16 20:48:28.0000",2.45,77.66,-1.4098648859776536e31,-6.408638469534527e29,-4.6824811977152995e29
"2025-02-16 21:48:16.0000",2.38,77.36,-1.4098648859776536e31,-6.408638469534527e29,-4.6824811977152995e29
"2025-02-16 22:18:11.0000",2.34,77.26,-1.4098648859776536e31,-6.408638469534527e29,-4.6824811977152995e29
"2025-02-16 22:48:04.0000",2.21,77.03,-1.4098648859776536e31,-6.408638469534527e29,-4.6824811977152995e29
"2025-02-16 23:17:58.0000",1.93,76.87,-1.4098648859776536e31,-6.408638469534527e29,-4.6824811977152995e29
"2025-02-16 23:47:52.0000",1.65,76.6,-1.4098648859776536e31,-6.408638469534527e29,-4.6824811977152995e29
"2025-02-17 00:17:46.0000",1.44,76.4,-1.4098648859776536e31,-6.408638469534527e29,-4.6824811977152995e29
"2025-02-17 01:17:34.0000",1.15,75.99,-1.4098648859776536e31,-6.408638469534527e29,-4.6824811977152995e29
"2025-02-17 01:47:26.0000",0.99,75.83,-1.4098648859776536e31,-6.408638469534527e29,-4.6824811977152995e29
"2025-02-17 02:17:19.0000",0.84,75.68,-1.4098648859776536e31,-6.408638469534527e29,-4.6824811977152995e29
"2025-02-17 02:47:13.0000",0.74,75.57,-1.4098648859776536e31,-6.408638469534527e29,-4.6824811977152995e29
"2025-02-17 03:17:07.0000",0.69,75.65,-1.4098648859776536e31,-6.408638469534527e29,-4.6824811977152995e29
"2025-02-17 04:16:55.0000",0.77,75.62,-1.4098648859776536e31,-6.408638469534527e29,-4.6824811977152995e29
"2025-02-17 05:16:44.0000",0.94,75.52,-1.4098648859776536e31,-6.408638469534527e29,-4.6824811977152995e29
"2025-02-17 06:46:25.0000",0.89,75.64,-1.4098648859776536e31,-6.408638469534527e29,-4.6824811977152995e29
"2025-02-17 07:16:18.0000",0.84,75.74,-1.4098648859776536e31,-6.408638469534527e29,-4.6824811977152995e29
"2025-02-17 07:46:11.0000",0.95,75.79,-1.4098648859776536e31,-6.408638469534527e29,-4.6824811977152995e29
"2025-02-17 08:16:05.0000",1.14,75.55,-1.4098648859776536e31,-6.408638469534527e29,-4.6824811977152995e29
"2025-02-17 09:15:54.0000",1.44,75.11,-1.4098648859776536e31,-6.408638469534527e29,-4.6824811977152995e29
"2025-02-17 10:15:41.0000",1.95,74.61,-1.4098648859776536e31,-6.408638469534527e29,-4.6824811977152995e29
"2025-02-17 10:45:35.0000",2.38,74.19,-1.4098648859776536e31,-6.408638469534527e29,-4.6824811977152995e29
"2025-02-17 11:15:31.0000",3.22,73.68,-1.4098648859776536e31,-6.408638469534527e29,-4.6824811977152995e29
"2025-02-17 11:45:24.0000",3.37,73.54,-1.4098648859776536e31,-6.408638469534527e29,-4.6824811977152995e29
"2025-02-17 12:15:19.0000",3.55,73.26,-1.4098648859776536e31,-6.408638469534527e29,-4.6824811977152995e29
"2025-02-17 12:45:14.0000",4.03,72.92,14.230998992919922,7.701034135838136,12.069134643648583
"2025-02-17 13:15:09.0000",3.98,72.3,14.254570007324219,7.80261630189799,12.501638979047714
"2025-02-17 13:45:02.0000",3.94,72.19,15.479708671569824,8.554987583442452,12.252159529739815
"2025-02-17 14:14:56.0000",4.04,71.9,15.834315299987793,8.942311024490067,13.109971752915781
"2025-02-17 14:44:48.0000",4,71.7,15.111639022827148,8.527599329749156,13.750229759824006
"2025-02-17 15:14:43.0000",4.2,71.23,14.52379035949707,8.34871639756763,12.88829231546003
"2025-02-17 15:44:35.0000",4.33,71.36,12.578783988952637,7.394784314743787,11.980567633501117
"2025-02-17 16:14:29.0000",4.54,70.4,12.555757522583008,7.570408513592893,12.686836277673489
"2025-02-17 16:44:23.0000",4.11,70.26,13.067975044250488,7.579521293729838,12.204717726574527
"2025-02-17 17:14:16.0000",3.8,70.19,12.801158905029297,7.536986318576517,12.31943672182611
"2025-02-17 18:14:03.0000",3.21,70.38,12.927031517028809,7.664857281273416,12.854836688918917
"2025-02-17 18:43:57.0000",3,70.71,13.563443183898926,7.770098668977159,12.801379811584965
"2025-02-17 19:13:49.0000",2.82,71,13.23445987701416,7.50128999550803,11.508447833389935
"2025-02-17 19:43:42.0000",2.58,71.36,13.345423698425293,7.725568290857159,13.250208858908497
"2025-02-17 20:43:26.0000",2.3,71.91,11.283267974853516,6.798082445226803,10.821235752166547
"2025-02-17 21:13:18.0000",2.17,72.03,9.195072174072266,5.948787880849814,11.434565147350385
"2025-02-17 21:43:10.0000",2.05,72.14,63.46992874145508,41.89908629988759,30.887456170963624
"2025-02-17 22:42:57.0000",1.62,72.14,5.807243824005127,4.5257813865780285,9.19399728024174
"2025-02-17 23:12:48.0000",1.41,72.21,5.239455699920654,4.1522125745114185,8.708216620738048
"2025-02-17 23:42:39.0000",1.17,72.28,5.31227970123291,4.222682745806673,8.80811472986134
"2025-02-18 00:42:23.0000",0.78,72.34,5.732353687286377,4.309716643825127,9.384123107825621
"2025-02-18 01:12:17.0000",0.61,72.37,5.574814796447754,4.374655596876792,8.634333001609791
"2025-02-18 01:42:11.0000",0.38,72.38,6.016796588897705,4.435614397965476,9.13912380785418
"2025-02-18 02:12:03.0000",0.23,72.46,23.276399612426758,16.097650742972437,15.885715396152532
"2025-02-18 02:41:56.0000",-0.07,72.49,6.575168609619141,4.6983306429574,8.889528427182354
"2025-02-18 03:11:47.0000",-0.4,72.62,7.061487674713135,4.680818315480969,9.557500371213491
"2025-02-18 03:41:41.0000",-0.4,72.9,8.115930557250977,5.156355124430506,9.019289894912799
"2025-02-18 04:11:34.0000",-0.32,73.03,62.34621810913086,41.75957205906759,30.910865013293403
"2025-02-18 04:41:27.0000",-0.15,73.12,62.881038665771484,41.957178708004186,30.67793737070315
"2025-02-18 05:41:14.0000",0.03,73.21,64.30046844482422,42.57311524667043,31.55992788266718
"2025-02-18 06:11:08.0000",0.19,73.24,64.51329803466797,42.73215937195681,31.330119378934846
"2025-02-18 06:41:03.0000",0.35,73.34,60.72869110107422,39.63822377160669,29.782475263945177
"2025-02-18 07:40:49.0000",0.69,73.42,18.635318756103516,9.762947252293893,12.759757434760386
"2025-02-18 08:10:42.0000",0.9,73.42,20.275827407836914,10.29591855092558,13.089694096804818
"2025-02-18 08:40:34.0000",1.27,73.31,19.48456573486328,10.109602370357898,12.801353363505187
"2025-02-18 09:10:30.0000",1.97,72.43,18.036165237426758,8.906930679415781,12.165385577072707
"2025-02-18 09:40:26.0000",3.64,71.13,17.490758895874023,8.889010075491205,12.722371873142787
"2025-02-18 10:10:17.0000",3,70.04,16.94059944152832,9.060895508261803,12.634109646640006
"2025-02-18 10:40:12.0000",3.89,69.55,19.399911880493164,10.04334570616169,13.474300821408498
"2025-02-18 11:10:11.0000",5.94,66.84,18.242111206054688,9.4761003568269,13.70638791021658
"2025-02-18 11:40:01.0000",4.53,66.72,46.69187545776367,27.96650832267332,25.562835629796893
"2025-02-18 12:09:57.0000",6.62,66.51,73.28370666503906,44.76719086114252,35.33278432825355
"2025-02-18 12:39:53.0000",7.11,63.77,19.426441192626953,10.341235151057546,15.982078630307946
"2025-02-18 13:09:43.0000",5.45,63.14,18.35296630859375,10.184176241452857,15.648653951519297
"2025-02-18 13:39:34.0000",5.21,63.85,19.907032012939453,10.456541006583219,15.150210909386656
"2025-02-18 14:39:20.0000",5.13,63.36,17.50782012939453,9.67268801423056,15.872700366935227
"2025-02-18 15:09:13.0000",4.99,63.4,17.418426513671875,9.48328097640046,14.282821563870913
"2025-02-18 16:09:00.0000",4.87,63.29,17.936983108520508,9.838224544964275,15.68163180243623
"2025-02-18 16:38:54.0000",4.75,63.44,17.096881866455078,9.506410948805426,15.070537483857196
"2025-02-18 17:08:47.0000",4.56,63.42,17.05202865600586,9.660910882701126,15.77585066364884
"2025-02-18 18:08:32.0000",3.96,63.93,21.076047897338867,11.158527271321324,17.840369516890675
"2025-02-18 18:38:25.0000",3.66,64.53,22.530899047851562,11.721353491208703,17.978450877875822
"2025-02-18 19:08:17.0000",3.47,65.22,23.64590072631836,12.006184464658078,17.627613468506794
"2025-02-18 19:38:08.0000",3.34,65.92,24.819589614868164,12.50847913091018,16.95881913018636
"2025-02-18 20:08:01.0000",3.25,66.53,24.439823150634766,11.888584627431303,16.03626166700429
"2025-02-18 20:37:55.0000",3.24,67.06,23.011051177978516,11.68378435712174,15.507039098001522
"2025-02-18 21:37:42.0000",2.97,67.6,21.046876907348633,10.828149577396426,15.040289853533688
"2025-02-18 22:07:34.0000",2.78,67.88,21.017494201660156,10.934165896598765,16.174777227692076
"2025-02-18 22:37:26.0000",2.59,68.23,17.91879653930664,9.677828851724486,14.196020625717873
"2025-02-18 23:07:20.0000",2.33,68.35,16.76594352722168,9.187827416222362,13.762150925226338
"2025-02-18 23:37:13.0000",2.07,68.37,16.75270652770996,9.041737293156624,13.712467181832494
"2025-02-19 00:07:07.0000",1.81,68.52,19.3563289642334,9.974038615103174,14.428099777579574
"2025-02-19 00:36:59.0000",1.68,68.83,22.189048767089844,11.31761019852144,16.052249331588293
"2025-02-19 01:06:52.0000",1.61,69,23.86790657043457,12.063123913236415,16.414506402862344
"2025-02-19 02:06:40.0000",1.41,69.83,26.501068115234375,13.279360736415493,17.283369664129395
"2025-02-19 02:36:34.0000",1.48,70.08,26.370962142944336,13.055166605061439,16.524203028828072
"2025-02-19 03:36:21.0000",1.29,70.59,31.26639175415039,16.378901272772566,18.93238368305401
"2025-02-19 04:06:14.0000",1.25,70.8,26.6157169342041,13.268495616280756,16.851827348047962
"2025-02-19 05:06:02.0000",1.32,71.44,28.44570541381836,14.494201858986784,19.541369795221453
"2025-02-19 05:35:54.0000",1.34,71.62,27.68572235107422,13.737468061757038,16.461407742486458
"2025-02-19 06:05:47.0000",1.38,71.78,27.886394500732422,13.537652221552095,16.33171100381208
"2025-02-19 06:35:40.0000",1.58,71.86,27.509092330932617,14.106253757263,18.22964222975921
"2025-02-19 07:05:35.0000",1.66,71.84,27.496671676635742,13.588422547284413,16.50721117289677
"2025-02-19 07:35:28.0000",1.6,71.89,27.182693481445312,13.726620462346093,17.269066904815187
"2025-02-19 08:05:22.0000",1.66,72.01,28.178173065185547,14.080150041793972,18.287972283127708
"2025-02-19 08:35:17.0000",1.81,72.19,29.58426284790039,14.323137360704418,17.621622525654196
"2025-02-19 09:05:10.0000",2.1,72.27,27.076095581054688,13.571220441570178,17.4583227614715
"2025-02-19 09:35:02.0000",2.46,72.14,30.657934188842773,15.732116308625356,17.904730426227058
"2025-02-19 10:04:56.0000",2.06,72.28,81.09939575195312,47.213445767021696,35.19532301062541
"2025-02-19 10:34:49.0000",1.92,73.5,28.48245620727539,13.898715992445227,17.521355691558536
"2025-02-19 11:04:42.0000",1.83,74.15,28.574668884277344,14.224366995578993,16.997898046118756
"2025-02-19 11:34:36.0000",2.15,74.41,28.991884231567383,13.66011496756436,16.44078810159312
"2025-02-19 12:04:29.0000",2.38,74.92,36.155696868896484,18.018699395380803,18.993322930789653
"2025-02-19 12:34:24.0000",3.62,74.87,57.299339294433594,31.96466361884965,27.341650912708946
"2025-02-19 13:04:22.0000",5.35,74.33,26.550945281982422,13.223818407494731,16.859479465895493
"2025-02-19 13:34:14.0000",4.9,74.9,25.87323760986328,12.661588780708659,16.83950307319258
"2025-02-19 14:04:09.0000",5.19,74.98,26.252655029296875,13.133139377466787,15.306492862339956
"2025-02-19 15:03:56.0000",5.35,74.88,81.22698211669922,47.429751688746755,35.09232388864989
"2025-02-19 15:33:49.0000",5.4,74.96,78.36555480957031,46.51727255427145,33.547837677909925
"2025-02-19 16:03:43.0000",5.34,74.95,79.5596694946289,46.581838977755496,33.25351052110028
"2025-02-19 17:03:29.0000",5.05,75.55,29.367395401000977,14.592620091182704,17.179832314482766
"2025-02-19 17:33:22.0000",5.2,75.73,70.61759185791016,40.88169427305713,32.86176790536651
"2025-02-19 18:03:15.0000",5.24,76,71.92230224609375,43.494387356303676,34.0830210217087
"2025-02-19 19:32:56.0000",6.21,77.46,36.907325744628906,18.629376213028316,21.84762563272291
"2025-02-19 20:32:45.0000",5.99,78.47,42.337772369384766,21.04623851687158,24.39648675668619
"2025-02-19 21:02:39.0000",6.02,79.09,63.12498474121094,36.220646635221954,31.824584443642813
"2025-02-19 21:32:33.0000",6.23,79.35,-1.4098648859776536e31,-6.408638469534527e29,-4.6824811977152995e29
"2025-02-19 22:02:27.0000",6.57,79.62,55.4083251953125,30.877504202476807,27.85110530190013
"2025-02-19 22:32:21.0000",7.13,79.92,29.10487937927246,14.36171119748236,16.058341386285232
"2025-02-19 23:02:16.0000",7.3,79.8,28.2239933013916,14.379465785714826,17.15847771399258
"2025-02-19 23:32:09.0000",7.1,80.55,23.90533447265625,12.365602378305876,15.685469497645176
"2025-02-20 00:02:03.0000",7.51,80.66,-1.4098648859776536e31,-6.408638469534527e29,-4.6824811977152995e29
"2025-02-20 00:31:58.0000",7.87,80.84,25.198335647583008,16.536487588950987,15.535036188472638
"2025-02-20 01:01:53.0000",8.03,80.93,-1.4098648859776536e31,-6.408638469534527e29,-4.6824811977152995e29
"2025-02-20 01:31:45.0000",8.28,81,5.067749500274658,3.613870741263409,7.411301402971615
"2025-02-20 02:01:39.0000",8.43,81.12,10.776585578918457,7.842252013955761,9.495516514063093
"2025-02-20 02:31:34.0000",8.68,81.35,3.115776300430298,2.803921263428707,6.221358787837678
"2025-02-20 03:31:20.0000",9.05,81.77,2.2878336906433105,2.34551509639518,5.759665760158871
"2025-02-20 04:01:14.0000",9.31,81.94,1.4606798887252808,1.7960087019818747,5.3201781775339745
"2025-02-20 04:31:08.0000",9.49,81.89,2.306027412414551,2.188276212879315,5.605847052179193
"2025-02-20 06:00:49.0000",9.65,82.17,-1.4098648859776536e31,-6.408638469534527e29,-4.6824811977152995e29
"2025-02-20 06:30:42.0000",9.53,82.85,-1.4098648859776536e31,-6.408638469534527e29,-4.6824811977152995e29
"2025-02-20 07:00:36.0000",9.81,82.95,2.5861332416534424,2.1987584233644206,5.433184733282263
"2025-02-20 07:30:29.0000",10.15,83.28,0.9742594361305237,1.5371956706254013,5.11846129926423
"2025-02-20 08:00:22.0000",10.75,83.89,-1.4098648859776536e31,-6.408638469534527e29,-4.6824811977152995e29
"2025-02-20 09:59:58.0000",11.09,85.13,0.7732350826263428,1.3879487033510471,5.046348850817
"2025-02-20 10:29:53.0000",11.94,85.81,0.46202215552330017,1.1523323362818056,4.322506914033542
"2025-02-20 10:59:48.0000",12.27,85.64,0.653359591960907,1.3597685944748128,4.645242677226655
"2025-02-20 11:59:34.0000",12.52,84.8,0.6077174544334412,1.5145650843086194,6.717550680292407
"2025-02-20 12:29:25.0000",10.82,86.28,1.031999945640564,1.818583475473549,6.347751906702409
"2025-02-20 13:29:12.0000",11.89,85.51,3.165130615234375,3.0170248202013044,5.497492785847313
"2025-02-20 13:59:07.0000",12.66,84.8,0.8123784065246582,1.4646747189230795,4.8823864858021295
"2025-02-20 14:29:01.0000",13.46,83.76,-1.4098648859776536e31,-6.408638469534527e29,-4.6824811977152995e29
"2025-02-20 14:58:57.0000",13.83,81.93,3.306385040283203,4.573578089379267,12.325427763791502
"2025-02-20 15:28:49.0000",13.4,81.11,4.756283760070801,6.223200709950817,15.013249402790256
"2025-02-20 15:58:41.0000",12.79,80.54,-1.4098648859776536e31,-6.408638469534527e29,-4.6824811977152995e29
"2025-02-20 16:28:34.0000",12.41,80.42,4.672647953033447,6.178523689563747,14.808835165359993
"2025-02-20 16:58:26.0000",12.12,79.67,5.25454568862915,6.817872045132151,17.705115509974206
"2025-02-20 17:28:19.0000",11.49,79.79,5.57115364074707,7.119648917119333,16.99692667129517
"2025-02-20 18:28:05.0000",10.59,79.58,7.0566301345825195,8.81256773691782,19.541807545722925
"2025-02-20 18:57:59.0000",10.57,79.61,-1.4098648859776536e31,-6.408638469534527e29,-4.6824811977152995e29
"2025-02-20 19:27:52.0000",10.54,79.28,8.353625297546387,9.760713074255293,21.853964868935147
"2025-02-20 19:57:45.0000",10.24,79.05,10.066400527954102,10.478033292888204,21.961037914944676
"2025-02-20 20:27:38.0000",10.55,79.16,7.265588283538818,8.917941078154207,20.475653225907788
"2025-02-20 20:57:30.0000",10.44,78.57,6.424867630004883,8.016319874888001,18.393863562989146
"2025-02-20 21:27:22.0000",9.82,79.15,7.042783737182617,8.48211263508065,18.29865379310393
"2025-02-20 22:27:09.0000",9.48,79.08,6.828425407409668,7.937392518517175,19.002186758224862
"2025-02-20 23:56:48.0000",9.18,79.85,6.6736555099487305,8.741154463724508,19.71388924821178
"2025-02-21 00:26:41.0000",9.21,80.01,7.464354991912842,8.91116165988502,19.462272254853847
"2025-02-21 01:26:30.0000",9.38,80.25,6.3212738037109375,8.0769833173272,17.9494323725921
"2025-02-21 01:56:23.0000",9.46,80.37,6.737441062927246,8.277221596107855,18.866736120797672
"2025-02-21 02:26:16.0000",9.29,80.57,-1.4098648859776536e31,-6.408638469534527e29,-4.6824811977152995e29
"2025-02-21 02:56:09.0000",9.17,80.9,5.845484733581543,7.592007733200334,17.561291336739753
"2025-02-21 03:26:03.0000",9.39,81.36,4.995940208435059,6.470918419934844,13.858525248837028
"2025-02-21 03:55:56.0000",9.72,81.62,3.8135297298431396,4.950629260747896,11.362405590934575
"2025-02-21 04:25:52.0000",10.36,81.69,1.7218842506408691,2.6910008089054833,8.694320470624527
"2025-02-21 04:55:46.0000",10.27,81.76,1.0879077911376953,2.0211151957723215,6.062426406253084
"2025-02-21 05:55:35.0000",10.82,82.24,-1.4098648859776536e31,-6.408638469534527e29,-4.6824811977152995e29
"2025-02-21 06:25:29.0000",10.79,82.91,0.46972182393074036,1.4305616845818314,5.317456349868503
"2025-02-21 06:55:22.0000",11.09,83.29,0.27849870920181274,1.2288982169901412,4.768145201373532
"2025-02-21 07:25:16.0000",11.49,83.31,-1.4098648859776536e31,-6.408638469534527e29,-4.6824811977152995e29
"2025-02-21 07:55:08.0000",11.25,83.79,0.3730791509151459,1.2651612762099735,4.782987812201218
"2025-02-21 08:25:03.0000",11.57,84.28,0.5659366846084595,1.5080205618130624,5.560695714629477
"2025-02-21 08:54:58.0000",12.37,84.16,0.9052789807319641,1.6903545609227233,5.980786013733513
"2025-02-21 09:24:51.0000",13.11,82.28,-1.4098648859776536e31,-6.408638469534527e29,-4.6824811977152995e29
"2025-02-21 09:54:47.0000",13.26,80.45,1.8258785009384155,2.6703632891465845,7.795484931226634
"2025-02-21 10:24:40.0000",13.72,78.75,1.9971038103103638,2.8986147699008673,8.263760175696035
"2025-02-21 10:54:34.0000",13.69,77.96,1.791494369506836,2.8103820338708125,8.394506515360568
"2025-02-21 11:24:28.0000",13.47,77.39,1.7220441102981567,2.933698607129279,8.528680340516539
"2025-02-21 12:24:15.0000",13.59,77.11,2.0091006755828857,3.043449439797455,8.454768679354535
"2025-02-21 13:24:02.0000",13.35,76.38,-1.4098648859776536e31,-6.408638469534527e29,-4.6824811977152995e29
"2025-02-21 13:53:56.0000",13.41,77.27,-1.4098648859776536e31,-6.408638469534527e29,-4.6824811977152995e29
"2025-02-21 14:23:50.0000",12.95,77.51,-1.4098648859776536e31,-6.408638469534527e29,-4.6824811977152995e29
"2025-02-21 14:53:42.0000",12.18,79.66,1.8739522695541382,2.5747918595589643,7.0184126693477635
"2025-02-21 15:23:35.0000",12.4,80.26,1.7157248258590698,2.3856443831849594,6.661319776134447
"2025-02-21 15:53:27.0000",12.67,80.19,2.533917188644409,3.3041042867259995,8.82579332739641
"2025-02-21 16:23:22.0000",13.7,79.03,-1.4098648859776536e31,-6.408638469534527e29,-4.6824811977152995e29
"2025-02-21 16:53:16.0000",13.46,78.42,-1.4098648859776536e31,-6.408638469534527e29,-4.6824811977152995e29
"2025-02-21 17:23:09.0000",12.86,78.08,3.2647292613983154,4.0471601099169465,10.65164046495139
"2025-02-21 17:53:02.0000",12.5,77.7,3.6075568199157715,4.252150094069226,10.738909283473442
"2025-02-21 18:22:55.0000",11.48,77.72,3.1796696186065674,3.858251902706598,10.243578598106005
"2025-02-21 18:52:47.0000",10.83,78.49,2.922534942626953,3.739874371137622,9.12315074877288
"2025-02-21 19:22:39.0000",10.42,78.59,3.7132174968719482,4.060555392585415,9.538088496095597
"2025-02-21 19:52:31.0000",10.2,78.46,-1.4098648859776536e31,-6.408638469534527e29,-4.6824811977152995e29
"2025-02-21 20:22:25.0000",10.04,78.14,2.65649151802063,3.4637942954574417,8.912349321245072
"2025-02-21 20:52:17.0000",9.58,77.99,5.617830753326416,4.875793090689259,10.989065686370157
"2025-02-21 21:22:10.0000",9.42,78.26,3.028282642364502,3.9485928905421446,9.729247714092143
"2025-02-21 21:52:03.0000",9.55,78.01,2.69290828704834,3.997164746014301,11.22413293722985
"2025-02-21 22:21:57.0000",9.41,77.74,2.885451316833496,3.9559171965536724,10.185267052808594
"2025-02-21 22:51:51.0000",9.72,77.42,-1.4098648859776536e31,-6.408638469534527e29,-4.6824811977152995e29
"2025-02-21 23:21:44.0000",9.17,77.37,3.0024075508117676,4.2922211704456394,11.263316898677768
"2025-02-21 23:51:37.0000",8.99,77.62,2.7314844131469727,4.106013382400077,11.649995088679669
"2025-02-22 00:21:29.0000",8.84,77.85,-1.4098648859776536e31,-6.408638469534527e29,-4.6824811977152995e29
"2025-02-22 01:21:14.0000",7.73,78.46,3.0231993198394775,4.306203672282388,11.875349001241496
"2025-02-22 01:51:04.0000",7.51,78.97,3.13397216796875,4.569290942083761,13.074353444342792
"2025-02-22 02:20:57.0000",7.28,79.09,-1.4098648859776536e31,-6.408638469534527e29,-4.6824811977152995e29
"2025-02-22 02:50:48.0000",7.07,79.44,3.1660354137420654,4.524220895467686,11.7643837574547
"2025-02-22 03:50:36.0000",7.02,79.95,3.715968608856201,5.125206711045941,12.994731986597616
"2025-02-22 04:20:30.0000",6.79,80.29,3.9500749111175537,5.313735986937306,12.591205165328995
"2025-02-22 04:50:24.0000",6.54,80.44,-1.4098648859776536e31,-6.408638469534527e29,-4.6824811977152995e29
"2025-02-22 05:20:17.0000",6.3,80.59,3.400717258453369,4.8953481824780205,12.427473915965463
"2025-02-22 05:50:11.0000",6.43,80.84,-1.4098648859776536e31,-6.408638469534527e29,-4.6824811977152995e29
"2025-02-22 06:20:05.0000",6.3,81.33,-1.4098648859776536e31,-6.408638469534527e29,-4.6824811977152995e29
"2025-02-22 06:49:59.0000",6.45,81.31,3.4180219173431396,4.869091710179967,12.31204557089905
"2025-02-22 07:19:52.0000",6.61,81.43,3.3697118759155273,4.62668552021005,12.103195172321138
"2025-02-22 07:49:44.0000",6.54,81.57,-1.4098648859776536e31,-6.408638469534527e29,-4.6824811977152995e29
"2025-02-22 08:19:39.0000",6.86,82.29,3.2564914226531982,4.436924668916708,11.438879909425856
"2025-02-22 08:49:36.0000",9.99,79.71,3.7686774730682373,4.384296209988584,10.188407593327389
"2025-02-22 09:49:31.0000",14.1,77.32,3.7092463970184326,4.777588836818431,11.087114673495163
"2025-02-22 10:19:26.0000",14.65,77.6,-1.4098648859776536e31,-6.408638469534527e29,-4.6824811977152995e29
"2025-02-22 10:49:21.0000",14.51,75.59,3.0977444648742676,4.861710912948939,12.637529785352964
"2025-02-22 11:19:13.0000",15.17,74.14,9.207344055175781,9.049096990919814,20.03188777336911
"2025-02-22 11:49:03.0000",12.37,72.59,5.514238357543945,7.056487485157274,16.78799508479606
"2025-02-22 12:19:01.0000",14.3,72.98,4.591275215148926,5.73346144393574,16.299792032501625
"2025-02-22 12:49:01.0000",17.95,69.87,2.9323506355285645,4.895493801733621,12.856554402946358
"2025-02-22 13:48:42.0000",12.53,65.26,2.656747341156006,5.327784967358322,15.977804368938843
"2025-02-22 14:18:33.0000",12.15,66.32,2.9555892944335938,5.322184480104589,15.294544106469298
"2025-02-22 14:48:27.0000",11.68,66.39,2.542435884475708,5.202027342074475,15.549493175172815
"2025-02-22 15:18:21.0000",11.25,65.97,2.5097737312316895,5.099649467707054,16.013613429075193
"2025-02-22 15:48:13.0000",11.08,66.15,3.1450111865997314,5.474319443827992,17.489734296406127
"2025-02-22 16:18:06.0000",10.62,66.6,4.545301914215088,5.529778983970633,14.024777267224314
"2025-02-22 16:47:58.0000",10.26,67.9,4.832902908325195,5.917446851810048,16.094175273838403
"2025-02-22 17:17:51.0000",9.98,68.43,4.619276523590088,6.081151607326579,15.834949675393661
"2025-02-22 18:47:32.0000",8.94,70.48,5.543962001800537,6.49707454238626,15.249166597995908
"2025-02-22 19:17:26.0000",8.65,71.1,5.696882247924805,6.323343011308956,14.933430932557604
"2025-02-22 19:47:17.0000",8.29,71.71,5.826426029205322,6.533663411134148,15.553806279281805
"2025-02-22 20:17:11.0000",8.04,72.07,5.153416633605957,5.804113509699154,14.885005338512853
"2025-02-22 21:46:51.0000",7.61,73.25,3.6821982860565186,5.122347836779316,14.300527400692186
"2025-02-22 22:16:44.0000",7.72,73.38,5.011868476867676,5.708235635449086,14.209156724088254
"2025-02-22 23:16:32.0000",7,73.97,4.776273250579834,5.815836460366972,13.897098108822373
"2025-02-22 23:46:25.0000",6.8,74.64,4.619329452514648,5.779417147140169,14.063803568936349
"2025-02-23 00:16:19.0000",6.28,75.09,5.735396862030029,6.558937872622296,15.47507004323559
"2025-02-23 00:46:13.0000",5.9,75.66,5.0117645263671875,5.885850713225564,13.968486238480523
"2025-02-23 01:16:06.0000",5.89,75.84,5.016727447509766,5.843100937848631,13.90170006130076
"2025-02-23 01:46:00.0000",6.04,76.13,4.152530193328857,5.565188687554084,16.027811594755548
"2025-02-23 02:15:54.0000",6.05,76.55,4.590089321136475,5.849720539100546,16.35051795872433
"2025-02-23 02:45:47.0000",6.13,76.91,4.096028804779053,5.497014851407509,14.686454654460217
"2025-02-23 03:15:43.0000",6.17,77.18,4.0864338874816895,5.531138870395042,12.745231367958484
"2025-02-23 03:45:34.0000",6.05,77.57,4.05597448348999,5.3544753164758045,13.472348477800203
"2025-02-23 04:15:28.0000",6.11,77.91,3.5317835807800293,5.020143031006105,12.910046475168544
"2025-02-23 05:15:16.0000",6.75,78.19,3.2070209980010986,4.583961409556347,12.84863416887598
"2025-02-23 05:45:10.0000",6.91,78.41,3.224144220352173,4.587708038045129,11.461477172728337
"2025-02-23 06:15:04.0000",7.06,78.47,3.195213556289673,4.419489804905446,10.69704029552382
"2025-02-23 06:44:58.0000",7.39,78.59,2.6618080139160156,4.130682869920434,10.830396811437883
"2025-02-23 07:14:52.0000",7.84,78.46,2.650292158126831,4.049947142336593,11.48000869958733
"2025-02-23 07:44:48.0000",7.96,78.41,2.5714807510375977,4.046620989348727,10.433666332007805
"2025-02-23 08:14:40.0000",8.05,78.4,2.4033448696136475,3.8603330893327557,11.287572677782117
"2025-02-23 08:44:33.0000",8.27,78.32,2.242438793182373,3.717271958703732,10.299626796316256
"2025-02-23 09:14:26.0000",8.66,77.99,2.062822103500366,3.467062952569058,9.526851221561445
"2025-02-23 09:44:21.0000",8.9,77.38,2.2616827487945557,3.8576366594939278,10.653040671699403
"2025-02-23 10:14:16.0000",9.18,76.89,2.379540205001831,3.9343904662512603,10.25680355077923
"2025-02-23 10:44:10.0000",9.58,75.42,2.112658739089966,3.656978798703348,10.41523583111373
"2025-02-23 11:14:05.0000",9.81,73.71,1.730008840560913,3.3144999245116096,9.45475610290996
"2025-02-23 11:43:57.0000",8.99,75,2.2541275024414062,3.6368519321532027,10.370669966220262
"2025-02-23 12:13:49.0000",9.48,76.01,2.2251131534576416,3.7047410558429408,9.774794194321691
"2025-02-23 12:43:45.0000",9.7,76.29,1.4583771228790283,2.7661826487428667,7.994010856443638
"2025-02-23 13:13:38.0000",9.24,78,1.1305631399154663,2.4191577736609946,7.278792434233997
"2025-02-23 13:43:31.0000",9.16,78.83,0.9992669224739075,2.156182888375176,7.03137634147902
"2025-02-23 15:13:11.0000",8.92,81.04,1.0536423921585083,1.8957653973175959,6.262433346653786
"2025-02-23 15:43:06.0000",9.33,81.58,0.6949924826622009,1.5021874846446472,5.526630668051341
"2025-02-23 16:13:01.0000",9.63,81.35,1.578958511352539,2.0390291164047882,5.857834940851805
"2025-02-23 16:42:55.0000",9.51,81.7,1.588138222694397,2.064260715666591,6.363575107086994
"2025-02-23 17:12:49.0000",9.74,82.32,1.1102145910263062,1.7345617470736838,5.706242406683036
"2025-02-23 17:42:43.0000",10.16,82.17,-1.4098648859776536e31,-6.408638469534527e29,-4.6824811977152995e29
"2025-02-23 18:12:38.0000",10.39,82.33,1.3799551725387573,1.8498229916544784,5.4213535489148335
"2025-02-23 18:42:33.0000",10.26,82.66,-1.4098648859776536e31,-6.408638469534527e29,-4.6824811977152995e29
"2025-02-23 19:12:27.0000",10.12,83.1,-1.4098648859776536e31,-6.408638469534527e29,-4.6824811977152995e29
"2025-02-23 20:12:15.0000",10.5,82.77,1.3341184854507446,2.2328474063499155,6.256905008181796
"2025-02-23 20:42:08.0000",10.46,82.51,-1.4098648859776536e31,-6.408638469534527e29,-4.6824811977152995e29
"2025-02-23 21:12:02.0000",10.28,82.51,1.4981715679168701,2.1150588543185647,6.318832188631847
"2025-02-23 21:41:54.0000",10.08,82.4,1.1192799806594849,2.0105646600333515,6.437891576642539
"2025-02-23 22:11:47.0000",9.94,82.29,1.1671888828277588,2.0000794422050685,6.2514014963824085
"2025-02-23 22:41:41.0000",10.04,82.17,0.9709289073944092,1.9493161895930875,6.195748291349918
"2025-02-23 23:11:35.0000",10.04,82.1,1.1285758018493652,2.104189195372483,6.524861782631286
"2025-02-23 23:41:29.0000",9.9,81.69,1.9038399457931519,3.003775484225602,8.073890851528981
"2025-02-24 00:11:22.0000",10.08,81.85,2.6810646057128906,3.8546694202284497,9.69343244811933
"2025-02-24 00:41:15.0000",10.19,81.45,3.5527684688568115,4.73827805212132,11.997813323819376
"2025-02-24 01:11:09.0000",10.11,81.04,3.1643340587615967,4.582690394364155,11.228062961737486
"2025-02-24 01:41:01.0000",9.97,80.94,3.268348217010498,4.752964439636145,11.484409299849297
"2025-02-24 02:40:48.0000",9.43,80.8,2.957214117050171,4.328774442685855,11.763701999956613
"2025-02-24 03:10:40.0000",9.18,80.86,2.569223403930664,3.8830439683546776,11.029178323186825
"2025-02-24 03:40:33.0000",8.94,81.23,3.2323060035705566,4.954458540955888,13.088002757967928
"2025-02-24 04:10:27.0000",8.76,81.14,3.4089231491088867,5.0668148497091705,12.768188296756922
"2025-02-24 05:10:12.0000",8.14,81.64,3.1322412490844727,4.621766334995971,11.988803848721524
"2025-02-24 07:09:46.0000",8.82,81.34,5.79273796081543,7.419049150212445,17.692519838717086
"2025-02-24 07:39:40.0000",8.84,81.48,4.71450662612915,6.088339853512453,14.898938166631154
"2025-02-24 08:39:28.0000",9.49,80.9,3.7745869159698486,5.072256303393468,12.313560253943516
"2025-02-24 09:09:22.0000",9.79,80.33,2.978921413421631,4.23920070975749,10.359341474942697
"2025-02-24 09:39:16.0000",9.92,80.06,2.3449389934539795,3.6346480127487872,10.307873623683903
"2025-02-24 10:39:04.0000",11.93,81.18,2.5704095363616943,3.7110410721525895,10.42128152893468
"2025-02-24 11:09:08.0000",16.06,74.93,2.709456205368042,4.300838360310054,12.192037866590427
"2025-02-24 11:38:54.0000",11.31,75.27,3.3866829872131348,5.345093036908514,15.704923793549234
"2025-02-24 12:08:44.0000",13.34,78.68,2.6672019958496094,4.202210517818682,11.252493213679244
"2025-02-24 12:38:45.0000",16.88,74.37,3.338371753692627,5.046067161488802,14.469638169488558
"2025-02-24 13:08:39.0000",13.82,70.56,3.271162271499634,5.805697808134887,16.97911891871842
"2025-02-24 13:38:28.0000",11.85,71.1,3.31301212310791,5.830158389562825,17.783935822518146
"2025-02-24 14:38:13.0000",11.62,68.45,2.2579634189605713,4.414091650565299,15.065944831032528
"2025-02-24 15:08:07.0000",11.61,67.11,2.9055800437927246,5.111950798879552,15.391975020196295
"2025-02-24 15:38:00.0000",11.08,66.66,3.520082473754883,5.848628210919935,17.357932963290136
"2025-02-24 16:07:51.0000",10.7,67.06,3.587188959121704,5.891237330028151,16.898822059960693
"2025-02-24 16:37:45.0000",10.29,67.45,3.814873456954956,5.7274736136549595,19.450063150394996
"2025-02-24 17:07:38.0000",9.89,67.67,4.072132587432861,6.3509327949876,17.766365277919558
"2025-02-24 18:07:25.0000",9.27,68.33,4.183337211608887,6.459687467583779,17.844741124780228
"2025-02-24 19:07:10.0000",8.66,69.32,2.6928551197052,4.569862957340682,14.136519977575444
"2025-02-24 19:37:02.0000",7.56,70.47,1.6693105697631836,3.517957734124178,10.275306892338113
"2025-02-24 20:06:52.0000",6.46,72.02,0.8649908900260925,2.307243010521464,7.6809888040166
"2025-02-24 21:06:37.0000",6.07,73.13,1.2403517961502075,2.716235031245143,8.672003341989326
"2025-02-24 21:36:31.0000",6.16,73.47,1.2427828311920166,2.751709604208181,9.513057980824438
"2025-02-24 22:06:25.0000",6.04,73.78,1.6338590383529663,3.0403838372772256,9.123774616993098
"2025-02-24 22:36:19.0000",6.24,74.05,1.4930665493011475,3.046315847181752,9.208916324269724
"2025-02-24 23:06:13.0000",6.07,74.02,54.35788345336914,39.90371367957606,29.672895987557165
"2025-02-24 23:36:06.0000",5.99,74.44,1.5164849758148193,3.0890276225772832,9.680214415273838
"2025-02-25 00:06:01.0000",6.35,74.45,1.384958267211914,2.8648111763923123,8.73773535596275
"2025-02-25 00:35:56.0000",6.3,74.43,1.4583436250686646,3.1129990993514345,10.438546559611325
"2025-02-25 01:05:48.0000",5.89,74.41,1.5087748765945435,3.101086835179887,11.529107687134678
"2025-02-25 01:35:41.0000",5.59,74.9,1.5149441957473755,3.126385297322835,10.108518966334975
"2025-02-25 02:05:33.0000",5.25,74.85,2.0824809074401855,3.4989485740215334,10.632431292831859
"2025-02-25 02:35:26.0000",5.07,75.31,1.5565297603607178,2.8788572004711606,9.622320135352894
"2025-02-25 03:05:18.0000",4.84,75.07,1.3077592849731445,2.806413739308858,8.5181096552625
"2025-02-25 03:35:12.0000",4.8,75.1,1.4848849773406982,3.0371749610806056,9.706200481879529
"2025-02-25 04:05:03.0000",4.24,75.25,1.562371850013733,3.025386008736742,9.488710611994234
"2025-02-25 04:34:56.0000",4.27,75.36,1.3607488870620728,2.8138057558605807,8.99388212866749
"2025-02-25 05:04:48.0000",4.05,75.39,1.7536890506744385,3.3197783673459793,10.536730365211632
"2025-02-25 05:34:40.0000",3.69,75.7,1.5454344749450684,3.120293979976744,9.06451108541473
"2025-02-25 06:04:34.0000",3.72,75.95,1.6618382930755615,3.0696771770688103,9.078331834235902
"2025-02-25 06:34:26.0000",3.49,76.03,1.5897905826568604,2.975546208812338,8.850902757770012
"2025-02-25 07:34:15.0000",4.71,76.13,1.7244317531585693,3.120629908033901,10.005104091074605
"2025-02-25 08:04:08.0000",4.96,76.15,1.9516854286193848,3.4926569541510197,11.044088961389482
"2025-02-25 08:34:02.0000",5.24,76.4,2.1759426593780518,3.4631191718802556,11.164468785349355
"2025-02-25 09:04:00.0000",8.7,75.38,1.7492140531539917,2.7818858425869917,9.282040491940391
"2025-02-25 09:34:00.0000",12.89,72.03,2.0823113918304443,3.1725422420473874,11.365371241680537
"2025-02-25 10:03:52.0000",11.54,73.23,53.112483978271484,39.2766936572344,32.806702240888434
"2025-02-25 10:33:48.0000",14.03,70.52,2.6779944896698,4.208810028473046,13.167237294456962
"2025-02-25 11:03:43.0000",14.09,63.61,1.9799367189407349,4.630212874653405,16.389539665215157
"2025-02-25 12:03:33.0000",14.42,59.87,2.406435489654541,5.264818668913304,18.726581634202187
"2025-02-25 12:33:27.0000",14,57.79,2.7962448596954346,5.468177772250797,17.266606031537943
"2025-02-25 13:03:16.0000",11.08,59.39,2.454667091369629,5.36196878470688,16.708955903440202
"2025-02-25 13:33:05.0000",9.54,61.9,2.630594253540039,5.316366263803411,17.275326240622196
"2025-02-25 14:03:00.0000",9.53,63.05,2.5012898445129395,4.878621409478858,15.983856371035163
"2025-02-25 14:32:53.0000",9,63.74,2.8707833290100098,5.089724379769831,16.275677149063696
"2025-02-25 15:02:44.0000",8.62,64.37,2.375680923461914,4.6206534686192535,14.048020910475454
"2025-02-25 15:32:37.0000",8.04,65.55,2.2471888065338135,4.427967358293059,14.322749668951943
"2025-02-25 16:02:29.0000",7.73,66.65,3.015087604522705,5.1274496561500476,15.339870998704148
"2025-02-25 16:32:23.0000",7.57,67.27,19.7811222076416,16.533133376749962,20.83001693583431
"2025-02-25 17:02:18.0000",7.47,67.18,2.4103763103485107,4.658203938684823,15.223889141178796
"2025-02-25 17:32:11.0000",6.96,67.53,3.1367759704589844,4.936377589422811,14.013375350412844
"2025-02-25 18:02:03.0000",6.62,68.08,6.9418158531188965,7.5232316484442165,15.94562780898165
"2025-02-25 18:31:55.0000",6.25,68.42,35.91917419433594,27.225486593002078,28.64994107195767
"2025-02-25 19:01:48.0000",6.06,68.61,34.02570724487305,25.566022164423227,25.727993733936657
"2025-02-25 19:31:43.0000",6.5,68.55,4.026175498962402,4.544423911755681,12.345727316099977
"2025-02-25 20:01:35.0000",5.81,68.51,3.735974073410034,4.620156345184065,12.372563636133554
"2025-02-25 20:31:26.0000",5.77,69.24,3.2822518348693848,4.219927522538485,11.604912266056079
"2025-02-25 21:01:20.0000",5.89,69.39,58.451988220214844,41.0444836772203,33.05368423985369
"2025-02-25 21:31:11.0000",5.85,69.69,55.712772369384766,40.27514322685849,31.47625020378814
"2025-02-25 22:01:04.0000",5.66,69.88,2.636643171310425,3.9854348161315873,11.222826145125373
"2025-02-25 22:30:56.0000",5.21,70.34,19.05792236328125,15.355788463596255,17.8399812471354
"2025-02-25 23:30:42.0000",4.7,71.29,2.0782816410064697,3.546595834844762,10.415788963437771
"2025-02-26 00:00:35.0000",4.62,71.62,2.474194049835205,3.845748101947,9.872911399090242
"2025-02-26 00:30:27.0000",4.22,72,1.738357424736023,3.174495913939006,9.619866734707184
"2025-02-26 01:00:21.0000",3.98,72.31,2.004575729370117,3.310851618046356,11.004041956130628
"2025-02-26 02:00:05.0000",3.52,72.88,1.9034504890441895,3.2209057808961985,10.223505274726538
"2025-02-26 02:30:00.0000",3.69,73.24,2.1381142139434814,3.326283656102537,10.160674121652045
"2025-02-26 02:59:53.0000",3.87,73.34,1.5638350248336792,3.0136641534768436,9.305915380951316
"2025-02-26 03:29:45.0000",3.78,73.55,1.294692039489746,2.7703751675289645,9.397767474688248
"2025-02-26 03:59:37.0000",3.8,73.68,1.424513339996338,2.916408402572769,8.875584365572472
"2025-02-26 04:29:30.0000",3.81,73.95,1.5072481632232666,3.0121794851556363,8.716726604394262
"2025-02-26 04:59:24.0000",3.84,74.24,1.9867631196975708,3.335145395001989,9.523392179412163
"2025-02-26 05:29:16.0000",3.43,74.92,4.235404968261719,5.1128170310394845,11.918015408002788
"2025-02-26 05:59:07.0000",3.38,75.81,18.123193740844727,14.80446610180121,16.198077808416144
"2025-02-26 06:58:56.0000",4.2,76.61,2.1777219772338867,3.3077203424280883,8.547458896729463
"2025-02-26 07:28:49.0000",4.29,77.18,1.1951026916503906,2.4364600668886327,7.167977394865114
"2025-02-26 07:58:43.0000",4.33,77.3,1.0887105464935303,2.1453023911152522,6.880074462120496
"2025-02-26 08:28:37.0000",5.4,78.29,1.540401816368103,2.432732155135408,7.0801258626321735
"2025-02-26 08:58:38.0000",9.02,74.94,1.6030856370925903,2.4497305938720335,6.876283928345563
"2025-02-26 09:58:32.0000",12.63,72.44,1.505882740020752,2.681430031892352,8.830515641133424
"2025-02-26 10:28:27.0000",12.1,71.14,1.987057089805603,3.126133290114386,10.123219330121698
"2025-02-26 10:58:20.0000",14.36,70.12,2.0560717582702637,3.756927053534833,16.04857039288047
"2025-02-26 11:28:07.0000",12.57,69.54,1.3397839069366455,3.7793011045284164,11.997570276862477
"2025-02-26 11:58:03.0000",13.64,65.68,1.267569899559021,3.8037399706518635,12.569087495854045
"2025-02-26 12:27:59.0000",15.19,62.35,1.1838431358337402,3.833238334483088,13.192802662902421
"2025-02-26 12:57:49.0000",12.71,59.81,1.6203452348709106,4.466287334659819,13.743414979370579
"2025-02-26 13:27:36.0000",9.64,60.73,1.223189115524292,3.88473346360751,12.50198674179772
"2025-02-26 13:57:28.0000",8.85,61.97,1.183966040611267,3.603220410374537,12.379551072665587
"2025-02-26 14:27:20.0000",8.73,62.74,1.5919175148010254,3.735494330445927,11.882041941678223
"2025-02-26 14:57:13.0000",8.49,63.45,1.0965311527252197,3.1010344971336856,10.593014942185176
"2025-02-26 15:27:02.0000",7.34,65.25,1.5956437587738037,3.542127084478559,11.09318360015893
"2025-02-26 15:56:55.0000",7.02,66.13,1.5988801717758179,3.437568340040629,10.870382890016288
"2025-02-26 16:26:48.0000",6.75,66.93,1.7976206541061401,3.4243818062953735,10.62310086463142
"2025-02-26 16:56:40.0000",6.47,68.34,2.2996394634246826,3.884590836458662,12.05002188343485
"2025-02-26 17:56:28.0000",6.16,70.25,3.6488277912139893,4.49662904589235,10.938553556436752
"2025-02-26 18:56:13.0000",5.72,70.95,1.7191710472106934,3.1841029678127377,9.403082671148605
"2025-02-26 19:26:07.0000",5.77,71.9,1.5834202766418457,2.972321572620125,10.323651101294322
"2025-02-26 19:56:00.0000",5.7,71.73,1.835250973701477,3.369817297551206,9.420374132374915
"2025-02-26 20:25:52.0000",5.58,72.32,1.1988623142242432,2.504120038445235,7.6420533312961325
"2025-02-26 20:55:44.0000",4.94,74.09,1.3118090629577637,2.097720948458512,5.718952131031972
"2025-02-26 21:25:36.0000",4.25,74.15,0.9254943132400513,1.9266393672972113,7.0669360459794195
"2025-02-26 22:25:26.0000",5.22,77.19,-1.4098648859776536e31,-6.408638469534527e29,-4.6824811977152995e29
"2025-02-26 22:55:20.0000",5.14,77.86,-1.4098648859776536e31,-6.408638469534527e29,-4.6824811977152995e29
"2025-02-27 00:25:01.0000",4.68,81.39,-1.4098648859776536e31,-6.408638469534527e29,-4.6824811977152995e29
"2025-02-27 00:54:55.0000",4.85,81.91,-1.4098648859776536e31,-6.408638469534527e29,-4.6824811977152995e29
"2025-02-27 01:24:49.0000",4.95,82.04,-1.4098648859776536e31,-6.408638469534527e29,-4.6824811977152995e29
"2025-02-27 01:54:42.0000",4.77,80.48,-1.4098648859776536e31,-6.408638469534527e29,-4.6824811977152995e29
"2025-02-27 02:24:33.0000",3.93,80.06,-1.4098648859776536e31,-6.408638469534527e29,-4.6824811977152995e29
"2025-02-27 02:54:27.0000",3.74,80.36,-1.4098648859776536e31,-6.408638469534527e29,-4.6824811977152995e29
"2025-02-27 03:24:20.0000",4,81.41,-1.4098648859776536e31,-6.408638469534527e29,-4.6824811977152995e29
"2025-02-27 03:54:14.0000",4,80.81,-1.4098648859776536e31,-6.408638469534527e29,-4.6824811977152995e29
"2025-02-27 04:24:08.0000",3.7,80.46,-1.4098648859776536e31,-6.408638469534527e29,-4.6824811977152995e29
"2025-02-27 04:54:02.0000",3.38,80.37,-1.4098648859776536e31,-6.408638469534527e29,-4.6824811977152995e29
"2025-02-27 05:23:54.0000",2.88,80.3,-1.4098648859776536e31,-6.408638469534527e29,-4.6824811977152995e29
"2025-02-27 05:53:49.0000",2.99,80.68,-1.4098648859776536e31,-6.408638469534527e29,-4.6824811977152995e29
"2025-02-27 06:23:43.0000",3.39,81.4,-1.4098648859776536e31,-6.408638469534527e29,-4.6824811977152995e29
"2025-02-27 07:23:31.0000",3.41,81.5,-1.4098648859776536e31,-6.408638469534527e29,-4.6824811977152995e29
"2025-02-27 08:23:20.0000",5.17,82.13,1.6329396963119507,2.306549369425023,6.648539982752315
"2025-02-27 09:23:20.0000",11.01,72.74,1.4662619829177856,3.3635395348955153,10.862869954230813
"2025-02-27 10:53:03.0000",12.84,63.02,1.832351565361023,4.3304520525948105,13.844129349004485
"2025-02-27 11:22:58.0000",13.07,61.99,2.36541485786438,5.10646320406917,16.372927010034264
"2025-02-27 11:52:51.0000",13.26,60.63,3.0601282119750977,5.2786351466495685,15.431088182766693
"2025-02-27 12:52:38.0000",12.19,59.56,1.9365657567977905,4.654271750810252,16.223248222647
"2025-02-27 13:22:22.0000",8.42,64.64,2.5088353157043457,4.4298116100954195,15.406162716675636
"2025-02-27 13:52:14.0000",7.56,67.57,2.422926187515259,4.3226106078103195,13.147938525072794
"2025-02-27 14:22:08.0000",7.16,69.71,2.208927869796753,3.9408692774005134,13.836483127206153
"2025-02-27 14:52:00.0000",6.96,70.71,-1.4098648859776536e31,-6.408638469534527e29,-4.6824811977152995e29
"2025-02-27 15:51:48.0000",7.14,72.72,1.758764386177063,3.3867389250553046,10.951291800084697
"2025-02-27 16:51:33.0000",6.38,72.62,1.6978429555892944,3.1099510478759163,9.999099774386066
"2025-02-27 17:21:25.0000",6.03,72.97,-1.4098648859776536e31,-6.408638469534527e29,-4.6824811977152995e29
"2025-02-27 17:51:18.0000",5.56,72.99,-1.4098648859776536e31,-6.408638469534527e29,-4.6824811977152995e29
"2025-02-27 18:21:10.0000",5.15,73.15,-1.4098648859776536e31,-6.408638469534527e29,-4.6824811977152995e29
"2025-02-27 18:51:04.0000",5.1,73.43,2.4712772369384766,3.4099292216130617,10.529237667393774
"2025-02-27 19:20:55.0000",4.67,73.79,-1.4098648859776536e31,-6.408638469534527e29,-4.6824811977152995e29
"2025-02-27 19:50:48.0000",4.52,74.05,-1.4098648859776536e31,-6.408638469534527e29,-4.6824811977152995e29
"2025-02-27 20:20:41.0000",4.57,74.26,-1.4098648859776536e31,-6.408638469534527e29,-4.6824811977152995e29
"2025-02-27 20:50:37.0000",4.66,74.68,-1.4098648859776536e31,-6.408638469534527e29,-4.6824811977152995e29
"2025-02-27 21:20:31.0000",4.2,74.54,-1.4098648859776536e31,-6.408638469534527e29,-4.6824811977152995e29
"2025-02-27 21:50:23.0000",4.05,75.15,-1.4098648859776536e31,-6.408638469534527e29,-4.6824811977152995e29
"2025-02-27 22:50:12.0000",3.74,75.62,-1.4098648859776536e31,-6.408638469534527e29,-4.6824811977152995e29
"2025-02-27 23:20:08.0000",4.3,75.74,3.6488664150238037,4.23949689627895,11.620895829028365
"2025-02-28 00:19:55.0000",4.09,76.28,-1.4098648859776536e31,-6.408638469534527e29,-4.6824811977152995e29
"2025-02-28 00:49:47.0000",3.75,76.26,-1.4098648859776536e31,-6.408638469534527e29,-4.6824811977152995e29
"2025-02-28 01:19:41.0000",3.53,76.6,-1.4098648859776536e31,-6.408638469534527e29,-4.6824811977152995e29
"2025-02-28 01:49:33.0000",2.92,76.73,-1.4098648859776536e31,-6.408638469534527e29,-4.6824811977152995e29
"2025-02-28 02:19:27.0000",2.66,76.72,-1.4098648859776536e31,-6.408638469534527e29,-4.6824811977152995e29
"2025-02-28 02:49:21.0000",2.64,77.02,-1.4098648859776536e31,-6.408638469534527e29,-4.6824811977152995e29
"2025-02-28 03:19:15.0000",2.46,76.82,-1.4098648859776536e31,-6.408638469534527e29,-4.6824811977152995e29
"2025-02-28 03:49:08.0000",2.21,77.09,-1.4098648859776536e31,-6.408638469534527e29,-4.6824811977152995e29
"2025-02-28 04:19:01.0000",1.91,77.21,-1.4098648859776536e31,-6.408638469534527e29,-4.6824811977152995e29
"2025-02-28 04:48:53.0000",1.5,77.36,-1.4098648859776536e31,-6.408638469534527e29,-4.6824811977152995e29
"2025-02-28 05:48:39.0000",1.12,77.84,-1.4098648859776536e31,-6.408638469534527e29,-4.6824811977152995e29
"2025-02-28 06:18:33.0000",1.03,78.04,-1.4098648859776536e31,-6.408638469534527e29,-4.6824811977152995e29
"2025-02-28 06:48:26.0000",0.98,78.29,-1.4098648859776536e31,-6.408638469534527e29,-4.6824811977152995e29
"2025-02-28 07:18:20.0000",1.64,78.39,-1.4098648859776536e31,-6.408638469534527e29,-4.6824811977152995e29
"2025-02-28 07:48:13.0000",1.66,78.35,-1.4098648859776536e31,-6.408638469534527e29,-4.6824811977152995e29
"2025-02-28 08:48:09.0000",7.19,74.84,5.447311878204346,3.937171515269668,7.849653741626855
"2025-02-28 09:18:07.0000",9.71,74.45,-1.4098648859776536e31,-6.408638469534527e29,-4.6824811977152995e29
"2025-02-28 09:48:04.0000",12.08,73.16,3.414748430252075,3.2656938247567084,7.698239414386632
"2025-02-28 10:17:59.0000",12.03,72.97,3.2956955432891846,3.527051735999718,9.824953644023317
"2025-02-28 10:47:52.0000",9.91,73.05,4.378457546234131,4.095268639571664,9.672761118160757
"2025-02-28 11:17:43.0000",9.09,74.23,4.063618183135986,4.2048608477957465,12.131338865330395
"2025-02-28 12:17:45.0000",15.83,69.73,2.8225395679473877,3.637978875090917,10.131972474354388
"2025-02-28 13:17:26.0000",10.97,67.83,4.0109968185424805,4.784568608053012,13.032907577388022
"2025-02-28 13:47:16.0000",9.7,68.43,57.16501998901367,40.40766966680159,32.53941645427185
"2025-02-28 14:17:07.0000",9.3,68.26,3.8061912059783936,4.539191609957845,13.675875464711206
"2025-02-28 14:47:00.0000",8.76,68.37,29.451000213623047,22.129596912912092,21.868490807187506
"2025-02-28 15:16:52.0000",8.75,68.44,35.259883880615234,24.31608590486012,23.794017056024053
"2025-02-28 15:46:46.0000",8.33,68.74,8.226318359375,6.500758032582124,15.67447591132849
"2025-02-28 16:16:39.0000",8.22,69.05,10.921409606933594,7.439149025399104,14.71448145596371
"2025-02-28 16:46:32.0000",8.38,69.27,7.425169944763184,5.8248189929020775,14.07518258869019
"2025-02-28 17:46:20.0000",7.48,69.04,22.220739364624023,16.48576987343693,18.848731297533874
"2025-02-28 18:16:12.0000",6.94,69.29,57.64030838012695,40.744995290132266,33.795874568398126
"2025-02-28 18:46:04.0000",6.47,69.44,58.751869201660156,41.189758891092204,33.67698577504268
"2025-02-28 19:15:56.0000",5.89,69.64,61.60914993286133,42.82551920572107,37.52102914346763
"2025-02-28 19:45:49.0000",5.88,69.94,57.66749954223633,40.33710215200789,31.13231391186169
"2025-02-28 20:15:44.0000",6.19,69.78,12.09871768951416,9.41032077964812,16.59849472198435
"2025-02-28 20:45:37.0000",5.54,69.69,61.60009002685547,41.90269381015138,33.931885801034895
"2025-02-28 21:15:31.0000",5.45,70.06,59.92888259887695,41.11030145034645,31.706590951513817
"2025-02-28 22:15:15.0000",4.71,70.62,63.21038818359375,42.25600631016465,33.22208959368879
"2025-02-28 22:45:09.0000",4.38,70.82,62.50253677368164,42.60208535611436,33.79674819257721
"2025-02-28 23:15:02.0000",4.14,70.83,9.418846130371094,6.769702470587629,12.892171254438164
"2025-02-28 23:44:53.0000",4.07,71.08,61.39860916137695,41.74752785831156,33.00592146813966
"2025-03-01 00:14:46.0000",3.82,71.05,7.316189289093018,5.7624311819948835,11.836366306577192
"2025-03-01 00:44:38.0000",3.43,71.36,8.58813762664795,6.091926518730184,12.077572109342789
"2025-03-01 01:14:30.0000",3.4,71.49,9.436506271362305,6.605277456402351,12.774187055727976
"2025-03-01 01:44:23.0000",3.19,71.59,61.79206085205078,41.947500537314326,32.328571682411365
"2025-03-01 02:14:14.0000",3,72.05,-1.4098648859776536e31,-6.408638469534527e29,-4.6824811977152995e29
"2025-03-01 02:44:07.0000",2.26,72.31,-1.4098648859776536e31,-6.408638469534527e29,-4.6824811977152995e29
"2025-03-01 03:14:00.0000",2.05,72.65,55.72504806518555,38.08946390578741,31.093528666457964
"2025-03-01 03:43:52.0000",1.75,72.86,46.07648468017578,31.584998635198986,27.048155284085443
"2025-03-01 04:13:45.0000",1.66,73.07,-1.4098648859776536e31,-6.408638469534527e29,-4.6824811977152995e29
"2025-03-01 05:13:30.0000",1.3,73.32,10.977410316467285,6.843304698579864,11.593535233746355
"2025-03-01 06:13:15.0000",1.26,73.73,7.791111469268799,5.441344360405927,11.123939956874487
"2025-03-01 06:43:09.0000",1.07,73.95,8.331313133239746,5.860790555302626,11.085495386711994
"2025-03-01 07:42:57.0000",1.3,74.53,7.087935924530029,4.969739603570542,9.402400008573506
"2025-03-01 08:12:50.0000",1.77,74.67,-1.4098648859776536e31,-6.408638469534527e29,-4.6824811977152995e29
"2025-03-01 08:42:46.0000",3.58,73.84,-1.4098648859776536e31,-6.408638469534527e29,-4.6824811977152995e29
"2025-03-01 09:12:45.0000",6.78,72.19,4.316776752471924,3.729353956554011,8.269228600689148
"2025-03-01 09:42:41.0000",9,71.37,4.56027889251709,3.870720326271236,9.253622281956655
"2025-03-01 10:12:34.0000",10.01,71.8,3.3081424236297607,3.407393467075443,10.56321475177721
"2025-03-01 10:42:34.0000",14.07,68.74,2.9133927822113037,3.3656812800169242,9.82202954928776
"2025-03-01 11:12:30.0000",15.25,68.12,1.9289178848266602,3.4883688153775188,10.59465637881892
"2025-03-01 11:42:25.0000",16.08,66.43,3.15214204788208,4.140420735096153,12.395755488963976
"2025-03-01 12:42:10.0000",15.2,61.59,0.795473575592041,3.4772879232537863,10.984767195705054
"2025-03-01 13:11:59.0000",11.56,59.1,0.9449801445007324,3.7035262540802134,12.254620000820314
"2025-03-01 14:11:42.0000",9.5,60.09,1.159780740737915,3.6479131185614597,11.364700147104005
"2025-03-01 15:41:21.0000",8.5,60,0.8251066207885742,3.4719488596511345,11.418235433668869
"2025-03-01 16:11:13.0000",8.35,58.95,0.9048085808753967,3.6145640146963856,12.85368601325148
"2025-03-01 16:41:07.0000",8.08,59.04,1.020643949508667,3.5794394840404804,11.63769723241684
"2025-03-01 17:11:01.0000",7.55,59.31,0.973953127861023,3.4114350267213354,10.597429856973736
"2025-03-01 17:40:54.0000",7.15,60.19,1.6167969703674316,3.698830566817032,11.808706087023266
"2025-03-01 18:10:48.0000",6.71,60.78,1.3730871677398682,3.4848379089608468,11.13627326698678
"2025-03-01 18:40:40.0000",6.31,61.36,1.7703378200531006,3.71010997395218,11.720840005151873
"2025-03-01 19:10:34.0000",6.18,61.72,2.1409547328948975,3.746739350558296,12.37213001595404
"2025-03-01 19:40:26.0000",5.95,62.13,2.427454948425293,4.188578647859618,14.008438989905677
"2025-03-01 20:10:17.0000",6.09,62.55,5.010157108306885,5.136723508310133,12.775676953162531
"2025-03-01 20:40:11.0000",6.09,63.05,10.467788696289062,7.651363123184819,15.343327431070591
"2025-03-01 21:10:05.0000",6.45,62.81,5.247530460357666,5.14888687732355,12.46728989719812
"2025-03-01 22:09:51.0000",6.02,63.5,4.072635173797607,4.63806124942488,12.952151848370944
"2025-03-01 22:39:44.0000",6.08,63.61,23.376220703125,13.494598436093073,21.071433023900482
"2025-03-01 23:09:35.0000",6.2,63.7,5.938302516937256,5.7126590904056105,17.571707998105605
"2025-03-01 23:39:29.0000",5.82,63.82,4.675673961639404,5.049032302715367,11.92332871854395
"2025-03-02 00:09:21.0000",5.24,64.14,4.948863506317139,5.0149843730835455,12.417341382236389
"2025-03-02 00:39:15.0000",5.09,64.49,5.945697784423828,5.489615699575044,12.643462735278552
"2025-03-02 01:39:02.0000",4.96,65.39,7.35896110534668,5.678512613040886,13.129200678304583
"2025-03-02 02:08:56.0000",4.98,65.9,6.01544189453125,5.247245959783543,12.1910099495245
"2025-03-02 02:38:49.0000",4.95,66.05,5.393022060394287,5.087102038345466,12.151850660762248
"2025-03-02 03:08:41.0000",4.58,66.41,5.495903968811035,5.045981611389451,12.166593827185846
"2025-03-02 03:38:34.0000",4.38,66.69,5.273959636688232,5.112365893163625,11.747171964901197
"2025-03-02 04:08:28.0000",4.27,67.02,6.0491943359375,5.351911670917774,12.20349378459907
"2025-03-02 04:38:22.0000",4.58,66.97,4.256502151489258,4.300900128917341,10.495024262411453
"2025-03-02 05:08:15.0000",4.38,67.02,4.212727069854736,4.423014640447321,10.632188880211409
"2025-03-02 05:38:08.0000",3.98,67.42,4.329117298126221,4.1570323153523985,10.184549724773868
"2025-03-02 06:08:03.0000",3.91,67.68,4.883150577545166,4.581029858210649,10.94893635061458
"2025-03-02 06:37:56.0000",3.96,67.9,3.6472866535186768,3.993196209795893,10.201009427344088
"2025-03-02 07:07:50.0000",4.17,67.86,3.1103272438049316,3.6910669939013254,10.240353728092717
"2025-03-02 07:37:43.0000",3.89,67.97,3.4968535900115967,4.028791474675757,9.99328877830624
"2025-03-02 08:07:36.0000",3.88,68.04,3.3734657764434814,3.8619356340497784,10.731337938846638
"2025-03-02 08:37:27.0000",3.91,68.24,3.1864075660705566,3.904355995906168,11.710574785613222
"2025-03-02 09:07:20.0000",4.3,68.15,2.9774158000946045,3.7103090490274893,12.36110624934954
"2025-03-02 09:37:16.0000",4.77,68.07,2.6947379112243652,3.6819430533566146,12.30911040500921
"2025-03-02 10:07:11.0000",5.1,68.05,3.55659818649292,4.113972580340522,12.904810157910878
"2025-03-02 10:37:05.0000",5.49,68.16,3.7820894718170166,4.068955952387331,10.434006791417081
"2025-03-02 11:06:59.0000",6.23,67.87,3.5288875102996826,3.9783731839031575,10.58450998843584
"2025-03-02 11:36:54.0000",6.93,67.67,5.3069844245910645,4.877736517700224,11.877084147080678
"2025-03-02 12:06:50.0000",7.71,67.43,3.95827317237854,4.279674750161897,11.414859154282906
"2025-03-02 13:06:41.0000",9.79,66.15,2.064018964767456,3.3078410936955254,9.820890545730737
"2025-03-02 13:36:37.0000",10.79,65.62,1.7471083402633667,3.2152862896008623,10.10375125075555
"2025-03-02 14:06:32.0000",11.24,65.06,0.8648343086242676,2.6495488406402403,8.49923387961017
"2025-03-02 14:36:27.0000",11.24,64.9,1.088080644607544,2.901099174020421,11.438834051457222
"2025-03-02 15:36:13.0000",10.48,64.45,2.1389260292053223,3.5873184176982704,10.291782398538821
"2025-03-02 16:06:06.0000",9.94,64.28,1.820129156112671,3.4135486900116483,10.19133974728121
"2025-03-02 16:35:58.0000",9.57,64.34,1.2334191799163818,3.115731669080209,9.500259083520008
"2025-03-02 17:05:52.0000",9.27,64.26,1.6471149921417236,3.3301968174993886,11.288073855362784
"2025-03-02 17:35:45.0000",8.74,64.55,1.6630414724349976,3.292403635020055,9.741516385851883
"2025-03-02 18:05:36.0000",7.92,64.82,1.7673355340957642,3.4602684420905314,10.816213035571801
"2025-03-02 18:35:29.0000",7.63,65.19,2.234499216079712,3.5505081330723005,10.149065941207235
"2025-03-02 19:05:23.0000",7.34,65.36,2.450669288635254,3.671180826218264,10.253995958438763
"2025-03-02 19:35:15.0000",6.96,65.62,2.4342737197875977,3.6331153972714834,10.022172531350252
"2025-03-02 20:05:09.0000",6.52,65.76,2.5510404109954834,3.636052136677253,9.800293343761492
"2025-03-02 20:35:02.0000",6.04,66.2,2.3200602531433105,3.495137902853109,9.867908533352612
"2025-03-02 21:04:54.0000",5.86,66.52,2.012502908706665,3.339976705064579,9.620001649551876
"2025-03-02 21:34:48.0000",5.69,66.67,2.0348854064941406,3.2920243094510973,9.754097682300346
"2025-03-02 22:04:41.0000",5.51,66.87,1.5143150091171265,3.0436824863694656,9.438815008226292
"2025-03-02 22:34:35.0000",5.33,67.11,1.417958378791809,2.934526670964636,9.159087778554744
"2025-03-02 23:04:27.0000",5.45,67.42,1.7856049537658691,3.1649057577952213,9.509033864264165
"2025-03-02 23:34:20.0000",5.73,67.47,1.6499474048614502,3.248168276872809,9.719979141913264
"2025-03-03 00:04:15.0000",6.04,67.36,1.9150340557098389,3.261366540417516,9.754631630891673
"2025-03-03 00:34:09.0000",6.06,67.5,1.6271202564239502,3.041488906206865,9.42528344419126
"2025-03-03 01:04:03.0000",6.02,67.61,2.2068846225738525,3.3309045880368413,10.511540221634963
"2025-03-03 01:33:55.0000",5.77,67.99,2.4254581928253174,3.3623865877270998,9.615765894842035
"2025-03-03 02:03:50.0000",5.9,68.19,1.975866675376892,3.16327428572573,8.981091159642494
"2025-03-03 02:33:44.0000",6.03,68.45,1.7211248874664307,3.1116659268271016,9.25348208432272
"2025-03-03 03:03:38.0000",6.12,68.58,1.8906170129776,3.2670639786033826,9.723119940650745
"2025-03-03 03:33:31.0000",6.03,68.81,2.1958959102630615,3.298413951775251,9.455786192647512
"2025-03-03 04:03:25.0000",5.86,69.1,1.8153048753738403,3.117794848137562,9.329708873358301
"2025-03-03 04:33:19.0000",5.66,69.53,1.6748360395431519,2.9713557677715725,9.011394468064609
"2025-03-03 05:03:12.0000",5.68,69.85,1.649586796760559,2.974261052223552,9.34670235272887
"2025-03-03 05:33:04.0000",5.33,70.06,1.689092993736267,2.984112543653965,9.376437256806405
"2025-03-03 06:02:57.0000",5.6,70.49,8.364721298217773,7.511095608400046,11.65401229877007
"2025-03-03 06:32:52.0000",6.03,70.65,54.897911071777344,39.72889227417423,30.302149341297095
"2025-03-03 07:32:40.0000",6.14,71.21,54.83131790161133,39.87078882829988,30.194386718611895
"2025-03-03 08:02:34.0000",6.38,71.46,1.7638468742370605,2.9708488586391333,10.29173953424142
"2025-03-03 08:32:29.0000",6.88,71.35,1.8089748620986938,3.07474494069393,9.591883423378516
"2025-03-03 09:02:25.0000",7.57,71.06,2.024113416671753,3.2907518623446896,9.373062616392403
"2025-03-03 09:32:20.0000",8.12,70.91,1.6595855951309204,3.0418217415160838,9.247792415392441
"2025-03-03 10:02:14.0000",9.19,70.59,2.131448268890381,3.458525844548482,11.70263010073028
"2025-03-03 11:32:02.0000",13.9,64.88,0.7851758599281311,3.3488682380186687,11.638458862136938
"2025-03-03 12:31:51.0000",14.33,62.85,0.842178225517273,3.5067085083533454,11.283324580303926
"2025-03-03 13:01:44.0000",13.41,61.67,1.549041748046875,3.9630459466941015,12.86509211241709
"2025-03-03 13:31:36.0000",12.66,61.17,0.8122276067733765,3.4930975113311558,11.371731931359152
"2025-03-03 14:01:29.0000",12.09,61.49,0.9140381813049316,3.504060365032005,11.948846189133253
"2025-03-03 14:31:21.0000",11.48,61.35,0.8500280380249023,3.328648619989475,12.279871209927398
"2025-03-03 15:01:13.0000",11.06,61.83,0.8896404504776001,3.290544742605203,10.933951475367419
"2025-03-03 15:31:08.0000",11.03,62.12,0.845400333404541,3.242380934065655,11.422608310327504
"2025-03-03 16:01:01.0000",10.91,62.31,1.2158697843551636,3.6124981617422813,12.523900692207505
"2025-03-03 16:30:54.0000",10.47,62.65,1.290700078010559,3.5486024935504417,12.640673922540515
"2025-03-03 18:30:24.0000",8.47,64.74,1.6830558776855469,3.620647158290034,13.753138331821207
"2025-03-03 19:00:16.0000",7.71,65.32,1.9524295330047607,3.6543740098186426,13.297378251030338
"2025-03-03 19:30:09.0000",7.13,65.96,2.463209629058838,3.8958258572003834,11.10291607479001
"2025-03-03 20:29:53.0000",6.45,67.1,3.3206677436828613,3.9662647926841705,11.105207927388607
"2025-03-03 20:59:48.0000",6.86,67.39,3.345174551010132,4.143033137632164,12.67373057236442
"2025-03-03 21:29:40.0000",6.82,67.61,4.191494464874268,4.367000648852203,10.361778655801542
"2025-03-03 21:59:35.0000",6.73,68.02,4.227967739105225,4.5112376286910045,12.203441183068035
"2025-03-03 22:29:29.0000",6.5,68.47,4.075680255889893,4.276696810712676,12.111995773588047
"2025-03-03 22:59:21.0000",6.46,68.83,3.0404577255249023,3.693425418777495,10.20318366349624
"2025-03-03 23:29:16.0000",6.84,68.89,2.338474988937378,3.3011229435269356,9.093364373006176
"2025-03-03 23:59:10.0000",7.1,68.88,55.319976806640625,39.90753656541395,31.728046183162117
"2025-03-04 00:29:03.0000",7.08,68.88,2.4449357986450195,3.285856559207717,10.795457186682881
"2025-03-04 00:58:57.0000",6.95,68.97,55.19533920288086,39.903771703580034,32.37560945844341
"2025-03-04 01:28:48.0000",6.81,69.15,55.11838150024414,39.79227831415443,31.15401976759374
"2025-03-04 01:58:41.0000",6.59,69.24,1.5876386165618896,3.002125600763444,9.898180121180866
"2025-03-04 02:28:34.0000",6.31,69.43,54.39226531982422,39.70255106766649,31.36090223068307
"2025-03-04 02:58:25.0000",5.82,69.67,2.1809027194976807,3.284703015471609,9.800780951181391
"2025-03-04 03:28:18.0000",5.11,69.88,1.9019602537155151,3.148518583538145,9.443532989504925
"2025-03-04 03:58:10.0000",4.54,70.33,9.00681209564209,7.910924432354098,11.827670955883828
"2025-03-04 04:28:01.0000",4.7,70.48,55.406070709228516,39.85128907182313,30.930651080563933
"2025-03-04 04:57:54.0000",4.47,70.56,57.35689926147461,40.4387203604121,31.441874293732464
"2025-03-04 05:27:45.0000",3.81,71.24,44.52397537231445,31.81986703808453,25.8289853909054
"2025-03-04 05:57:37.0000",3.37,71.68,56.1929817199707,40.093406377980315,31.16353873994823
"2025-03-04 06:27:30.0000",3.3,71.83,56.621124267578125,40.246176128254355,30.181974009212688
"2025-03-04 06:57:22.0000",3.05,72.08,55.50779724121094,40.08846806182797,29.977729081956134
"2025-03-04 07:27:17.0000",3.63,72,3.0575265884399414,3.502871873303151,9.036785327452838
"2025-03-04 07:57:12.0000",4.09,72.02,1.8101247549057007,2.674127081610224,8.840123562384578
"2025-03-04 08:27:05.0000",6.36,71.83,2.2851362228393555,2.8327065355704737,8.120980112446471
"2025-03-04 08:57:08.0000",9.42,68.52,1.8709752559661865,2.7455573113705882,8.823969618763783
"2025-03-04 09:27:02.0000",9.96,68.56,2.414365291595459,3.3020712643346433,10.213111954515679
"2025-03-04 09:56:53.0000",10.38,68.14,14.436461448669434,11.62068570961417,14.754581535804748
"2025-03-04 10:26:49.0000",10.38,66.72,1.9822070598602295,3.149579543635986,9.324273097407344
"2025-03-04 11:26:39.0000",13.64,64.58,2.1466941833496094,3.3262161460640822,9.827280896416536
"2025-03-04 11:56:32.0000",13.27,64.52,1.8427852392196655,3.4049155720487776,11.452151449257578
"2025-03-04 12:26:26.0000",13.81,61.35,1.3700454235076904,3.663556323663557,11.211310372519108
"2025-03-04 12:56:16.0000",11.39,59.02,1.685787558555603,3.9303295853580416,12.096762210154658
"2025-03-04 13:55:58.0000",9.65,61.93,1.4286878108978271,3.426018636538086,11.056447983661783
"2025-03-04 14:55:44.0000",9.92,61.22,1.0672595500946045,3.4911764036508965,11.311680238586975
"2025-03-04 15:25:35.0000",9.78,59.72,1.0235159397125244,3.472488395291402,12.637382218008346
"2025-03-04 15:55:28.0000",9.74,60.38,1.8596816062927246,3.7162017745288383,11.730596786997099
"2025-03-04 16:25:21.0000",9.29,60.44,1.0700303316116333,3.248844833043911,10.959923981168568
"2025-03-04 16:55:13.0000",8.79,60.56,1.172598958015442,3.3443574160202862,11.326206363681452
"2025-03-04 17:25:05.0000",8.32,60.76,1.0701862573623657,3.1590720921297666,11.352498210734003
"2025-03-04 18:54:41.0000",6.9,60.82,8.343015670776367,6.672261953250466,15.016300815323877
"2025-03-04 19:24:33.0000",6.67,60.79,6.029021739959717,5.54968128563483,12.195925013679217
"2025-03-04 19:54:27.0000",6.43,60.83,4.756418704986572,4.853286687874989,12.308477821834865
"2025-03-04 20:24:21.0000",6.1,61.05,5.08082914352417,4.804827356624086,12.416075533196157
"2025-03-04 20:54:12.0000",6.01,61.42,4.565822601318359,4.8350350930044135,11.948419284349395
"2025-03-04 21:54:01.0000",5.89,61.49,3.63131046295166,4.390642577296623,12.07623765786132
"2025-03-04 22:23:52.0000",5.77,61.78,3.32409930229187,4.116428316199692,11.510475481425518
"2025-03-04 22:53:46.0000",5.59,62,5.254372596740723,5.020035158193655,12.586119445245899
"2025-03-04 23:23:36.0000",4.82,62.62,5.396907806396484,5.103773097848734,13.95193897184017
"2025-03-04 23:53:31.0000",5.11,63.1,4.460466384887695,4.648338323283614,12.775833180357727
"2025-03-05 00:23:26.0000",5,63.42,2.6059703826904297,3.734806884682507,10.129406981855613
"2025-03-05 00:53:18.0000",4.88,63.86,4.48567533493042,4.564072793475238,11.542492889946043
"2025-03-05 01:23:11.0000",4.49,64.48,4.722194671630859,4.688353136535564,10.562867190089838
"2025-03-05 01:53:05.0000",4.31,65.07,3.83731746673584,4.111022741334417,10.237612520074663
"2025-03-05 02:22:59.0000",4.63,65.51,2.3840832710266113,3.416778672693314,9.552354627668215
"2025-03-05 02:52:54.0000",4.76,65.76,2.5133752822875977,3.6869060486548033,10.507435863222119
"2025-03-05 03:22:47.0000",4.6,66.33,2.3454763889312744,3.4795950233438964,10.634638961391577
"2025-03-05 03:52:39.0000",4.92,66.62,1.5669639110565186,3.0241815954856968,9.089097826671502
"2025-03-05 04:22:35.0000",5.5,66.48,1.4942820072174072,3.1403363820338557,10.164641026488217
"2025-03-05 04:52:27.0000",4.74,66.72,2.1151282787323,3.3099092162347223,9.067921932858042
"2025-03-05 05:22:21.0000",4.37,67.23,2.728083848953247,3.7295295585536037,10.258339183106012
"2025-03-05 05:52:14.0000",3.98,67.71,2.887969493865967,3.6145649453387,9.525074579279675
"2025-03-05 06:22:05.0000",3.55,68.04,3.150503158569336,3.729955279540787,9.941690918578857
"2025-03-05 06:51:58.0000",3.32,68.39,3.660134792327881,3.9072659374352066,9.251360908394636
"2025-03-05 07:21:51.0000",3.04,68.68,4.360357761383057,4.325945977654757,10.196635314975193
"2025-03-05 07:51:45.0000",3.5,68.97,3.8244423866271973,3.8220825449796534,9.979464071900647
"2025-03-05 08:21:41.0000",4.51,68.79,4.050852298736572,4.106964025672383,9.537121548753309
"2025-03-05 09:21:32.0000",7.7,67.88,3.2846901416778564,3.9175372243270665,10.131341419434207
"2025-03-05 09:51:32.0000",12.08,65.66,2.231600761413574,3.1839143828242755,10.822624490079578
"2025-03-05 10:21:32.0000",15.93,62.48,2.7122488021850586,3.7723446391188005,11.16629330919294
"2025-03-05 10:51:26.0000",16.05,61.93,1.603648066520691,3.398774662435142,10.24866632836338
"2025-03-05 11:21:20.0000",15.93,60.64,2.19368052482605,3.8547274163533274,12.142660916751208
"2025-03-05 11:51:15.0000",15.46,58.08,2.2682015895843506,4.187070952779164,15.34094885296687
"2025-03-05 12:21:12.0000",17.96,56.61,2.174985885620117,3.941196951051149,11.553460226190792
"2025-03-05 12:51:03.0000",16.82,53.19,2.290464162826538,4.320960827914094,12.762710850465018
"2025-03-05 13:20:50.0000",13.52,53.26,1.8629462718963623,4.112544849800823,12.857579481636458
"2025-03-05 13:50:41.0000",13.19,52.83,1.326650857925415,3.8260029053676834,11.76495106256071
"2025-03-05 14:20:35.0000",12.9,51.33,1.6287591457366943,4.211087955528863,12.163763329404768
"2025-03-05 14:50:28.0000",12.77,50.41,1.6716105937957764,4.202619108149003,12.407454092534643
"2025-03-05 15:20:22.0000",12.8,49.4,2.895165205001831,4.897787149928472,14.061340271736515
"2025-03-05 15:50:16.0000",12.78,49.11,1.5834990739822388,4.347211874920351,13.479125181191586
"2025-03-05 16:20:09.0000",12.54,49.53,1.4916776418685913,4.307354882869196,13.121513250610613
"2025-03-05 16:50:02.0000",12.26,49.5,2.0083673000335693,4.556779339726478,15.00442003173819
"2025-03-05 17:49:46.0000",11,49.83,2.955524206161499,4.874847676384568,13.580195412161755
"2025-03-05 18:19:38.0000",10.33,50.28,2.951380968093872,4.816135597082065,13.225787037336834
"2025-03-05 18:49:31.0000",10.31,50.16,3.9320662021636963,5.019976601667108,14.100405160735699
"2025-03-05 19:19:25.0000",10.24,49.71,5.019378662109375,5.5160448596895,13.252935083051208
"2025-03-05 19:49:20.0000",10.06,49.72,5.602325439453125,5.892016272905813,14.327915983119519
"2025-03-05 20:19:13.0000",9.5,49.66,7.325094699859619,6.618030709982744,15.468040683855932
"2025-03-05 20:49:05.0000",9.18,50.18,8.483863830566406,6.9364924991056025,15.117681230252812
"2025-03-05 21:18:58.0000",8.62,50.56,9.223058700561523,7.303292774499585,15.356137207225334
"2025-03-05 21:48:50.0000",8.34,51.32,9.705641746520996,7.337797847004629,15.884900604913216
"2025-03-05 22:18:42.0000",8.23,51.78,11.647677421569824,8.369484567442974,15.943618853866209
"2025-03-05 22:48:34.0000",8.06,51.96,13.237317085266113,9.354842086111342,18.831487073244542
"2025-03-05 23:18:27.0000",7.54,52.87,13.080559730529785,8.97479721270048,17.89956043439911
"2025-03-05 23:48:22.0000",7.83,53.24,12.829081535339355,8.958513003199851,16.87059363720271
"2025-03-06 00:18:13.0000",7.05,53.74,12.562541961669922,8.439311964337364,16.617386731027686
"2025-03-06 00:48:06.0000",6.6,54.6,14.566442489624023,9.337927598944786,17.213801101344256
"2025-03-06 01:17:59.0000",6.37,55.01,15.357521057128906,9.664492305949862,17.472297830979873
"2025-03-06 01:47:49.0000",5.83,55.99,16.90079116821289,10.598343740313876,18.045457583505826
"2025-03-06 02:47:34.0000",5.3,57.53,18.271997451782227,10.985291706947711,19.403175024736743
"2025-03-06 03:17:28.0000",5.26,57.95,20.091466903686523,11.596347228078573,18.171108630410856
"2025-03-06 03:47:22.0000",5.09,58.7,23.120323181152344,13.034576348707569,20.10005897896796
"2025-03-06 04:17:14.0000",5.09,59.2,21.85938262939453,12.715222042981459,20.02049051418877
"2025-03-06 04:47:08.0000",5.02,59.7,21.61359405517578,12.25072162026585,18.91505438611119
"2025-03-06 05:17:02.0000",5.11,60.09,20.8634033203125,11.94323959980465,19.129542185614927
"2025-03-06 05:46:55.0000",5.4,60.44,22.01042366027832,12.427252065437756,18.438383946025994
"2025-03-06 06:16:48.0000",5.37,60.81,23.1889705657959,12.90561669667683,20.67166160642018
"2025-03-06 06:46:42.0000",5.43,61.12,24.60301399230957,13.551896821113615,19.840986842345604
"2025-03-06 07:46:30.0000",5.5,61.98,26.92862319946289,15.13251602250919,22.18609199636163
"2025-03-06 08:16:24.0000",6.15,62.29,21.642776489257812,12.78619145136145,20.35930487489978
"2025-03-06 09:16:22.0000",12.44,58.13,17.850984573364258,10.820477587914283,18.130342324271876
"2025-03-06 09:46:19.0000",14,56.75,16.708147048950195,10.538479437782913,18.02580717421372
"2025-03-06 10:16:17.0000",15.62,55.65,14.84102725982666,10.079847930336758,19.437701984826038
"2025-03-06 10:46:11.0000",16.79,55.05,14.959285736083984,10.131325942634339,17.585392841640054
"2025-03-06 11:46:00.0000",17.24,53.5,15.744062423706055,10.574518876115498,20.109876992836234
"2025-03-06 12:15:55.0000",17.32,52.33,14.612421035766602,10.391272984858192,20.550299521856907
"2025-03-06 12:45:49.0000",17.41,51.4,13.550053596496582,9.835402489262753,18.7794919811862
"2025-03-06 13:15:38.0000",14.91,52.03,12.696075439453125,9.363171320702724,19.21477156953585
"2025-03-06 13:45:30.0000",14.61,52.87,11.633264541625977,8.893646914580085,17.55307040266869
"2025-03-06 14:15:24.0000",15.01,52.36,10.366340637207031,8.41842643308658,18.019024775262196
"2025-03-06 14:45:18.0000",14.88,52.49,9.728449821472168,7.792298535849483,18.442318396379054
"2025-03-06 15:15:12.0000",15.22,51.96,9.099270820617676,7.610996339186706,19.138830907761246
"2025-03-06 15:45:06.0000",15.53,51.62,8.229418754577637,6.93408722734859,15.883993017402357
"2025-03-06 16:44:52.0000",14.46,51.6,7.348647594451904,6.815383854274289,16.940034642086733
"2025-03-06 17:14:45.0000",13.65,52.1,7.975199222564697,7.11592753475338,17.629800899309465
"2025-03-06 17:44:36.0000",12.58,53.73,8.501049041748047,7.4220905645480055,16.47607586480148
"2025-03-06 18:44:21.0000",12.01,56.87,11.105673789978027,8.308372830481868,15.918486732367596
"2025-03-06 19:14:13.0000",11.85,58.02,9.756425857543945,7.631427054914221,16.840421091427963
"2025-03-06 19:44:06.0000",11.63,59.45,9.163888931274414,7.244411805613026,15.315601383934624
"2025-03-06 20:13:59.0000",11.4,61,9.133220672607422,7.345958416086127,14.764741745490921
"2025-03-06 20:43:52.0000",11.28,62.14,9.285856246948242,7.239747538977201,15.613025149574245
"2025-03-06 21:13:45.0000",11.09,62.87,10.301386833190918,7.83652805109373,17.320275237425953
"2025-03-06 21:43:39.0000",10.14,64.04,9.681602478027344,7.601891791415756,16.810037873867085
"2025-03-06 22:13:31.0000",9.88,65.29,9.34430980682373,7.391249779389798,16.11396327250056
"2025-03-06 23:13:17.0000",9.8,66.76,10.963210105895996,7.803249797772674,15.152426722499323
"2025-03-06 23:43:09.0000",9.61,67.3,11.012433052062988,7.751157169985303,14.680025268309556
"2025-03-07 00:13:03.0000",9.55,67.76,12.351226806640625,8.2913925843944,16.07184744817891
"2025-03-07 00:42:55.0000",9.6,68.13,29.093639373779297,19.13845964820596,20.6959323272143
"2025-03-07 01:42:44.0000",9.56,69.15,12.097415924072266,8.069791987968724,14.321429201585826
"2025-03-07 02:12:36.0000",9.54,69.44,11.845291137695312,7.289455766958806,12.172787344409338
"2025-03-07 02:42:31.0000",9.52,69.81,11.39020824432373,7.16779052765977,14.279530620115072
"2025-03-07 03:12:25.0000",9.51,70.08,11.014161109924316,7.090906133529686,12.425855717498537
"2025-03-07 03:42:18.0000",9.53,70.39,9.999866485595703,6.504743853546078,12.122325956532809
"2025-03-07 04:12:12.0000",9.67,70.64,9.392870903015137,6.664682607230819,12.62437517538313
"2025-03-07 04:42:07.0000",9.71,70.86,9.471237182617188,6.305955532765785,11.505832426219065
"2025-03-07 05:12:01.0000",9.61,71.17,9.661969184875488,6.345621972178224,11.372183834977703
"2025-03-07 05:41:54.0000",9.44,71.52,11.536213874816895,7.092843493187971,12.147567227781225
"2025-03-07 06:11:46.0000",9.04,72.43,14.534554481506348,8.314851473805293,12.402042999170414
"2025-03-07 07:41:26.0000",8.71,74.11,22.937673568725586,11.69854245444533,15.125404442438178
"2025-03-07 09:11:07.0000",8.91,74.95,17.070920944213867,9.841389466107465,15.994822625122481
"2025-03-07 09:41:01.0000",9.36,75.41,14.619651794433594,8.894647066472437,14.289525482576726
"2025-03-07 10:10:55.0000",10.5,75.4,10.428668022155762,7.128085712143787,13.588255922951614
"2025-03-07 10:40:48.0000",11.38,75.42,8.800569534301758,6.791763980203834,12.637389396022726
"2025-03-07 11:10:43.0000",11.9,75.44,7.999827861785889,6.521773425092278,13.184807433066128
"2025-03-07 11:40:37.0000",12.17,75.14,6.601215362548828,5.733085881430775,14.276179773052712
"2025-03-07 12:10:31.0000",12.63,74.77,5.484814643859863,5.02575191273728,10.685969074756443
"2025-03-07 12:40:24.0000",13.21,74.43,5.366641044616699,5.23329036591242,12.153090829978577
"2025-03-07 13:10:19.0000",13.17,73.28,4.587978839874268,4.902186991068336,12.33371378444329
"2025-03-07 14:10:04.0000",13.13,72.69,5.757778167724609,5.513820452623455,12.616541362880719
"2025-03-07 15:09:50.0000",13.29,71.47,5.5694708824157715,5.527754941021264,11.70824969940935
"2025-03-07 16:09:36.0000",13.31,71.12,5.880887508392334,5.650789358760966,15.040857464513245
"2025-03-07 17:09:22.0000",13.26,70.88,7.260796070098877,6.346459729735549,12.95443426789701
"2025-03-07 17:39:14.0000",13.11,70.99,7.806199073791504,6.647414932891408,14.404252041948515
"2025-03-07 18:39:03.0000",13.08,71.15,7.777284145355225,6.6151694798898335,14.062762452979483
"2025-03-07 19:08:57.0000",13.38,70.86,6.811604976654053,6.1540370499260355,14.629106362625683
"2025-03-07 20:08:43.0000",13.01,70.99,7.465858459472656,6.244701229968869,13.688142838259987
"2025-03-07 20:38:36.0000",12.7,71.22,7.168972492218018,6.031416625228112,12.828312332035503
"2025-03-07 21:08:28.0000",12.37,71.46,6.532081127166748,5.602814423697731,11.898160177035544
"2025-03-07 21:38:20.0000",11.78,71.84,7.09389591217041,5.716153067064057,12.83208951987318
"2025-03-07 22:08:12.0000",11.42,72.17,6.740772724151611,5.456472236195062,12.202543825523334
"2025-03-07 22:38:05.0000",11.49,72.29,7.676325798034668,5.876679777747865,12.42236133035477
"2025-03-07 23:07:57.0000",11.49,72.31,7.034316062927246,5.561422815257344,11.081758470119361
"2025-03-07 23:37:51.0000",11.47,72.33,7.368245601654053,5.844643187053685,12.966416277575895
"2025-03-08 00:07:44.0000",11.25,72.35,8.583907127380371,6.334101163565174,12.528445687054564
"2025-03-08 00:37:38.0000",10.9,72.55,8.653037071228027,6.346174541207772,13.910084301756418
"2025-03-08 01:07:32.0000",10.87,72.78,8.483624458312988,6.045192828061752,11.36253709354769
"2025-03-08 01:37:25.0000",11.02,72.8,8.629337310791016,6.243445674109093,11.611816842856333
"2025-03-08 02:07:19.0000",10.97,72.8,8.662821769714355,6.0146104294142235,11.791424830549232
"2025-03-08 02:37:13.0000",10.98,72.8,8.646049499511719,5.832226827570146,11.08919164903996
"2025-03-08 03:36:56.0000",10.03,73.6,9.722016334533691,6.1605286845962,10.798035771820116
"2025-03-08 04:06:48.0000",9.68,73.82,10.044292449951172,6.256964299624932,11.012757038503286
"2025-03-08 04:36:41.0000",9.43,73.89,9.96898365020752,6.17949001329446,10.507664722392589
"2025-03-08 05:06:36.0000",9.53,73.88,10.416153907775879,6.290952859002712,10.970653911475587
"2025-03-08 05:36:29.0000",9.18,74.02,12.135336875915527,7.034142802314891,12.56215371178611
"2025-03-08 06:06:22.0000",9.29,74.13,12.614120483398438,7.073878309383332,11.898607149783528
"2025-03-08 06:36:15.0000",9.18,74.16,13.604631423950195,7.462660845080709,11.888501700067987
"2025-03-08 07:06:07.0000",9.14,74.36,14.848020553588867,8.042305005719072,13.278378558773664
"2025-03-08 08:35:48.0000",10.41,73.54,12.04232120513916,6.9704970731372855,11.01733807789822
"2025-03-08 09:05:43.0000",12.72,72.52,9.769622802734375,6.25840385791192,11.714687062074487
"2025-03-08 09:35:40.0000",14.84,69.9,7.976135730743408,5.607728869157915,12.054052807128393
"2025-03-08 10:35:34.0000",19.71,66.03,5.869670391082764,5.1168100767251365,11.226812253286353
"2025-03-08 11:35:24.0000",20.1,58.81,4.317211151123047,5.063022845923166,12.90715016817596
"2025-03-08 12:05:18.0000",20.04,55.44,3.2411203384399414,4.816114308239452,13.476506852210502
"2025-03-08 12:35:09.0000",20.37,51.88,3.510941743850708,5.222588839580518,16.561217701572065
"2025-03-08 13:05:02.0000",18.79,50.63,3.438077211380005,5.398329615226057,13.905322653093894
"2025-03-08 14:04:44.0000",16.94,50.37,4.255211353302002,5.418270538963869,14.257584504437268
"2025-03-08 14:34:38.0000",17.02,50.15,4.247750282287598,5.546313559925166,15.625729007786601
"2025-03-08 15:04:30.0000",16.83,50.09,5.519256114959717,6.160183989617916,16.858855131221702
"2025-03-08 16:04:16.0000",16.61,50.94,8.60395622253418,7.309727152544937,17.417699951104776
"2025-03-08 16:34:08.0000",16.23,51.21,12.75448989868164,10.4720390450476,20.841371403333333
"2025-03-08 17:04:00.0000",15.85,51.66,10.276606559753418,7.775980707701678,15.929541085711952
"2025-03-08 17:33:53.0000",15.32,52.17,10.312085151672363,7.815236650657623,18.58804347754552
"2025-03-08 18:03:45.0000",14.66,53.05,10.734819412231445,8.156630450079117,15.945641062666859
"2025-03-08 18:33:37.0000",14.24,53.86,10.47815990447998,7.886235134372127,16.249542648807026
"2025-03-08 19:03:29.0000",13.76,54.44,10.373183250427246,7.781293090839828,16.567082868604594
"2025-03-08 20:03:15.0000",12.86,55.59,9.658411979675293,7.56910948470176,15.393548553533893
"2025-03-08 20:33:07.0000",12.61,56.09,10.042020797729492,7.439560470631477,15.132834364959406
"2025-03-08 21:03:01.0000",12.29,56.51,9.164419174194336,7.1999677674406755,15.351626594207504
"2025-03-08 21:32:54.0000",12.02,56.98,9.346311569213867,7.040021174881684,15.176419562581907
"2025-03-08 22:32:40.0000",11.75,57.76,8.325592994689941,6.606877250853719,13.430942442212555
"2025-03-08 23:02:34.0000",11.6,58.03,8.638540267944336,6.707091342466735,14.267368021001472
"2025-03-09 00:02:17.0000",10.39,59.23,9.041145324707031,6.662611714266627,14.452289233890136
"2025-03-09 00:32:11.0000",10.36,59.64,10.300369262695312,7.051883601497007,13.674284988828147
"2025-03-09 01:02:01.0000",10.04,59.91,11.708419799804688,7.549976155850645,14.853424849336047
"2025-03-09 01:31:53.0000",9.67,60.41,13.174720764160156,8.31961304240628,15.77205337441362
"2025-03-09 03:01:31.0000",8.89,61.14,15.148159980773926,8.820988554781726,16.475579814869214
"2025-03-09 04:01:20.0000",8.57,61.65,18.23661994934082,10.339004041295434,17.63044700776729
"2025-03-09 04:31:12.0000",8.36,62.05,18.733776092529297,10.699382776069472,17.484689531633506
"2025-03-09 05:30:57.0000",8.16,62.56,21.434350967407227,11.886706208754118,18.616188682217032
"2025-03-09 06:00:51.0000",7.89,62.64,23.224132537841797,12.714066889287936,19.21047243673173
"2025-03-09 06:30:43.0000",7.93,62.9,28.06116485595703,14.977305927430072,21.487528437768532
"2025-03-09 07:00:38.0000",7.94,62.84,30.347827911376953,16.078530584469444,22.086332945881704
"2025-03-09 08:00:25.0000",8.77,62.45,30.502025604248047,15.896164879295377,23.27408281317508
"2025-03-09 08:30:22.0000",11.36,61.43,28.581327438354492,15.003068256338208,21.961074752609864
"2025-03-09 09:00:25.0000",15.92,57.05,26.89094352722168,14.311597742397764,19.285591961906515
"2025-03-09 09:30:20.0000",17.22,55.63,24.805313110351562,13.415631880958536,18.043006248125096
"2025-03-09 10:00:18.0000",19.29,54.79,25.117013931274414,13.393757338657721,18.467667452749264
"2025-03-09 10:30:13.0000",20.42,52.98,20.95530891418457,11.851190338289259,18.64233012432438
"2025-03-09 11:00:09.0000",20.59,50.96,20.618141174316406,11.945105161836512,19.424553972146796
"2025-03-09 11:59:55.0000",21.47,46.75,17.927886962890625,11.432966976162245,20.785272916518146
"2025-03-09 12:29:50.0000",21.49,44.8,18.302431106567383,11.672424736470502,24.17411783255578
"2025-03-09 12:59:42.0000",19.73,43.95,17.078811645507812,11.166421206662493,20.176100612644323
"2025-03-09 13:29:33.0000",18.38,44.45,12.88723373413086,9.319131098328166,19.063171061064264
"2025-03-09 13:59:26.0000",18.33,43.45,11.903328895568848,8.824160594729808,17.3703364066549
"2025-03-09 14:29:19.0000",18.3,42.79,10.41408920288086,8.34741471237212,17.792537340952137
"2025-03-09 14:59:13.0000",17.76,42.8,10.17793083190918,8.283036334305175,19.69212812939455
"2025-03-09 15:29:05.0000",17.45,42.73,10.168691635131836,8.1638093231683,17.07729228491187
"2025-03-09 15:58:56.0000",17.25,42.74,11.032581329345703,8.544016972648622,21.275689843636293
"2025-03-09 16:28:48.0000",17.01,42.83,12.227837562561035,9.092782737196433,18.629208467107475
"2025-03-09 16:58:40.0000",16.47,43.47,15.98894214630127,10.763567024493437,20.83776797035069
"2025-03-09 17:28:31.0000",15.8,44.34,17.60013771057129,11.64318256917832,22.39226532917368
"2025-03-09 17:58:22.0000",15.05,45.44,18.443124771118164,11.97496131073683,22.38391760273237
"2025-03-09 18:58:06.0000",13.52,47.38,21.37459373474121,13.147016082636613,22.53884625117715
"2025-03-09 19:27:57.0000",12.93,48.23,24.187402725219727,14.496266975880003,25.363912777891414
"2025-03-09 19:57:50.0000",12.41,49.44,25.969932556152344,15.27079926197869,24.439593996127414
"2025-03-09 20:27:43.0000",12.37,50.43,29.645570755004883,16.77277485596217,25.007908630503188
"2025-03-09 20:57:35.0000",11.95,51.45,29.901914596557617,16.943150658977345,25.231279943461676
"2025-03-09 21:27:27.0000",11.7,52.17,31.947355270385742,17.981548147697755,27.92499757923856
"2025-03-09 23:56:50.0000",9.13,54.34,35.13412857055664,18.7094752695534,29.159993515600853
"2025-03-10 00:26:43.0000",8.45,54.8,33.735103607177734,18.219193044511066,27.72069216439662
"2025-03-10 00:56:36.0000",8.2,55.3,33.968788146972656,18.626815426123027,27.86884679650377
"2025-03-10 01:26:28.0000",8.17,55.43,34.37587356567383,18.831645916964362,27.736217084934164
"2025-03-10 01:56:21.0000",7.88,55.88,33.73104476928711,18.999536238730435,28.759751195636152
"2025-03-10 02:26:14.0000",7.14,56.38,33.921531677246094,19.09434775284957,29.768364906953085
"2025-03-10 02:56:05.0000",6.45,57.05,35.442893981933594,19.776919745154878,29.260170916429516
"2025-03-10 03:26:00.0000",6.22,57.52,34.83000564575195,19.779070789297794,30.039580697055936
"2025-03-10 03:55:56.0000",6.66,57.51,33.608070373535156,18.983983408663015,28.322577834087998
"2025-03-10 04:25:49.0000",7,57.68,33.86970901489258,18.898726116585593,27.6071782632146
"2025-03-10 04:55:42.0000",6.67,57.78,33.12202835083008,19.023077605389783,28.90241306145802
"2025-03-10 05:25:34.0000",6.57,58.14,35.55508804321289,20.552584971222128,35.751895675621995
"2025-03-10 05:55:28.0000",6.67,58.45,34.48306655883789,19.723982925028547,29.357815912552958
"2025-03-10 06:25:23.0000",6.85,58.6,33.20148468017578,18.948200326022963,27.57637195858817
"2025-03-10 06:55:15.0000",6.93,58.74,33.871639251708984,18.798629308146324,27.52107427535676
"2025-03-10 07:25:09.0000",7.16,58.8,34.14676284790039,18.967320025980097,28.5995720570169
"2025-03-10 07:55:04.0000",7.45,58.96,36.911502838134766,20.55814392084715,30.78824695224317
"2025-03-10 08:24:58.0000",9.61,58.44,30.46592140197754,16.883836744035406,25.780115200677304
"2025-03-10 08:55:00.0000",14.88,54.45,26.55703353881836,15.2312213748233,23.369697704535685
"2025-03-10 09:24:59.0000",15.83,52.56,25.92784881591797,15.249946187594347,24.025993467321364
"2025-03-10 09:54:51.0000",15.96,52.59,24.8994140625,15.03688664076954,23.9349910451157
"2025-03-10 10:24:46.0000",17.85,50.24,22.003442764282227,13.417959616448538,22.089512261380946
"2025-03-10 10:54:43.0000",19.79,48.19,21.040647506713867,12.750346745328589,26.517096414639017
"2025-03-10 11:24:36.0000",18.84,47.33,20.292156219482422,12.484025675764666,22.888051465684423
"2025-03-10 12:24:24.0000",21.17,45.76,20.130901336669922,12.242575277215847,21.33593676203864
"2025-03-10 12:54:18.0000",19.56,44.29,21.043804168701172,12.877023328140439,24.06943690256486
"2025-03-10 13:24:05.0000",16.32,45.64,20.884395599365234,12.62059446791423,23.744450329898203
"2025-03-10 13:53:54.0000",14.78,46.32,23.92826271057129,14.15840641561629,23.641736127820963
"2025-03-10 14:23:46.0000",14.02,47.47,27.02022361755371,15.504151485616587,25.058075032571374
"2025-03-10 14:53:39.0000",12.91,48.77,32.61583709716797,17.894435463278487,26.61271043168348
"2025-03-10 15:23:31.0000",12.2,50.22,33.821285247802734,19.420337837264796,32.12709986170581
"2025-03-10 15:53:23.0000",11.36,51.82,36.47617721557617,20.801566356893563,32.41241739574286
"2025-03-10 16:23:15.0000",10.51,53.65,26.760271072387695,16.51285284292822,28.296705345045243
"2025-03-10 16:53:07.0000",9.54,55.11,18.023792266845703,12.586593259567538,24.970168200604146
"2025-03-10 17:22:58.0000",8.8,56.75,15.464791297912598,11.63716939761056,22.31716990226726
"2025-03-10 17:52:49.0000",8.17,57.53,14.601129531860352,11.11908150391908,22.119423441604837
"2025-03-10 18:22:41.0000",7.75,58.2,13.397164344787598,10.680640139078461,21.704236475595614
"2025-03-10 18:52:34.0000",7.73,58.41,11.588238716125488,9.977735868340723,21.6751076562777
"2025-03-10 19:22:26.0000",7.52,58.7,8.196639060974121,7.855886130030442,16.8626972369398
"2025-03-10 19:52:20.0000",7.16,59.43,6.62624979019165,7.228611130473467,17.30852196592707
"2025-03-10 20:52:05.0000",6.4,60.2,4.054887771606445,6.039507322837171,16.425674309150047
"2025-03-10 21:21:57.0000",5.68,60.83,3.651685953140259,5.94199598343865,17.266947785458786
"2025-03-10 21:51:51.0000",5.33,61.14,3.5301413536071777,5.7617346036545545,16.003413015098882
"2025-03-10 22:21:44.0000",5.11,61.35,3.785322904586792,5.594099909988687,15.776884896624704
"2025-03-10 23:21:28.0000",4.47,61.24,2.857621192932129,5.328608304607344,15.488883120795586
"2025-03-11 00:21:17.0000",3.96,61.51,3.0334787368774414,5.526650591405193,16.964850418719507
"2025-03-11 00:51:10.0000",3.84,61.64,2.8570961952209473,5.211339296358268,16.068383709996994
"2025-03-11 01:21:03.0000",3.71,61.97,2.975034475326538,5.284930328666057,15.418923980032146
"2025-03-11 02:20:49.0000",3.94,62.19,2.9234871864318848,5.462219642667555,17.829303945698918
"2025-03-11 02:50:40.0000",3.98,62.2,3.1350367069244385,5.5288758050865265,16.401913536833163
"2025-03-11 03:20:32.0000",3.98,62.31,2.6602272987365723,4.918294703123073,14.417165022903827
"2025-03-11 03:50:27.0000",4.02,62.33,2.9244205951690674,5.305495348835971,15.458218814607086
"2025-03-11 04:50:13.0000",3.12,62.9,2.324709892272949,4.51194770746764,13.470698161115985
"2025-03-11 05:20:06.0000",2.68,63.18,2.2862608432769775,4.574690453234549,14.635859890746291
"2025-03-11 05:50:00.0000",2.15,63.5,2.153400182723999,4.517928831968106,13.208184469429709
"2025-03-11 06:19:52.0000",1.71,63.75,2.158968687057495,4.420089237263207,13.140921242796562
"2025-03-11 06:49:44.0000",1.52,63.86,2.2260305881500244,4.363980576765001,13.34564002242081
"2025-03-11 07:19:37.0000",1.51,64.04,2.0677709579467773,4.2619776023760165,13.32994625467558
"2025-03-11 07:49:31.0000",1.95,64.15,2.1794776916503906,4.17591682340505,12.730586012173223
"2025-03-11 08:19:26.0000",3.03,64.19,1.9190443754196167,3.9207699315409426,13.327684717030374
"2025-03-11 08:49:28.0000",9.28,59.35,1.700451135635376,3.62418130938535,11.579491726737944
"2025-03-11 09:19:26.0000",11.3,57.03,1.5671963691711426,3.9480779935278174,12.786900887855683
"2025-03-11 10:19:16.0000",13.67,53.6,1.4880414009094238,4.203590445826086,14.275037639115205
"2025-03-11 10:49:11.0000",13.3,52.76,1.4650990962982178,4.164124997653082,14.748241540262127
"2025-03-11 11:18:58.0000",10.83,53.03,1.5320557355880737,4.610649950048099,15.136839548148942
"2025-03-11 11:48:48.0000",10.29,53.94,1.3470525741577148,4.3237949997177525,14.270113998463145
"2025-03-11 12:18:45.0000",11.74,52.37,1.3125792741775513,4.45974623679272,15.977049471100644
"2025-03-11 12:48:39.0000",10.43,50.77,1.119875192642212,4.377847579768667,15.361342535599446
"2025-03-11 13:18:28.0000",8.61,51.28,1.278668999671936,4.32877628275621,14.227305831789467
"2025-03-11 13:48:22.0000",8.31,51.8,0.9600568413734436,3.8977090963550687,12.69408918888669
"2025-03-11 15:18:01.0000",6.5,54.36,0.6120774149894714,3.2544386679464594,10.884989483216422
"2025-03-11 15:47:51.0000",5.79,57.05,0.6656043529510498,3.0965541533368968,10.477316651959537
"2025-03-11 16:17:45.0000",5.79,57.96,0.7363882064819336,3.191959591299162,10.480759618743194
"2025-03-11 16:47:38.0000",5.74,58.19,0.7693051099777222,3.157629687126723,11.498477688936697
"2025-03-11 18:17:17.0000",4.65,60.39,4.2555317878723145,4.570765148240948,12.333240808905979
"2025-03-11 18:47:10.0000",4.4,61.01,2.1382439136505127,3.3806731906976366,10.858251414710946
"2025-03-11 19:17:02.0000",4.29,61.56,1.2837568521499634,2.9915527437416816,9.543994455574044
"2025-03-11 19:46:55.0000",4.37,62.08,3.584408760070801,3.7893276362473656,10.213138308194985
"2025-03-11 20:46:44.0000",4.33,62.43,0.8176441788673401,2.7676073321972527,10.19368273038051
"2025-03-11 21:16:36.0000",4.25,62.48,0.8858822584152222,2.7186050191182334,9.498111628784066
"2025-03-11 22:16:23.0000",4.01,63.1,1.6857688426971436,3.3754373389513197,11.004191689608977
"2025-03-11 22:46:16.0000",3.91,63.39,1.5857915878295898,3.302031243914862,10.907764646882116
"2025-03-11 23:16:07.0000",3.74,63.64,1.269717812538147,3.112170714784783,10.210409987574803
"2025-03-11 23:46:01.0000",4.48,65.2,0.7864863872528076,2.327353006061494,7.989372908346742
"2025-03-12 00:45:49.0000",4.89,66.13,1.2275140285491943,2.6690946229466883,9.112731582849989
"2025-03-12 01:15:42.0000",4.55,66.66,0.8816896080970764,2.3696401766010986,8.317721703444155
"2025-03-12 01:45:36.0000",4.87,66.8,19.37777328491211,15.571793254906861,16.997546301477374
"2025-03-12 02:45:23.0000",4.45,68.61,0.3433310091495514,1.422733970641409,6.539162860304861
"2025-03-12 03:15:17.0000",4.31,69.08,0.4356635808944702,1.6037196607363278,5.841503546904235
"2025-03-12 03:45:10.0000",3.38,69.2,0.3458264172077179,1.8420310594280251,6.768191587240271
"2025-03-12 04:15:03.0000",3.09,69.61,0.4637328088283539,1.8480948316522594,6.719941433948007
"2025-03-12 05:14:48.0000",3.36,69.54,0.8549348711967468,2.2232446541703608,7.774500758727265
"2025-03-12 06:14:35.0000",2.43,70.07,0.93436199426651,2.32012193715189,7.494450626143424
"2025-03-12 06:44:27.0000",1.92,70.31,0.8841505646705627,2.380330668933919,8.021417277737905
"2025-03-12 07:14:20.0000",1.79,70.32,0.8378331065177917,2.222911692728946,7.505935955149956
"2025-03-12 07:44:14.0000",2.19,70.15,1.1692235469818115,2.6098302085822125,8.496217506437246
"2025-03-12 08:14:07.0000",2.98,69.6,1.0242490768432617,2.555541635194865,8.665688968367094
"2025-03-12 08:44:09.0000",8.84,64.8,0.9623719453811646,2.4379270699299522,8.029078940459994
"2025-03-12 09:14:09.0000",8.83,62.63,0.9308191537857056,2.849188655678269,9.54641750660347
"2025-03-12 09:43:58.0000",7.34,62.96,0.564774215221405,3.0530551197684748,10.465355833877528
"2025-03-12 10:13:49.0000",7.29,61.05,0.7297433018684387,3.267292418955079,11.640137370620662
"2025-03-12 10:43:40.0000",5.64,61.85,0.8973656296730042,3.1191609515334373,9.794788206155179
"2025-03-12 11:13:34.0000",6.64,60.02,0.3752909302711487,2.742501091403769,9.565313369672637
"2025-03-12 12:13:19.0000",7.47,62.15,1.0634764432907104,3.296544817783283,10.230708885822672
"2025-03-12 12:43:15.0000",6.8,60.85,0.9799332022666931,3.3224866867061937,11.767837155965493
"2025-03-12 13:13:07.0000",7.08,62.12,0.5216622352600098,2.729665413631008,9.216599401566436
"2025-03-12 14:12:55.0000",7.71,58.8,1.6635663509368896,3.7403754897581005,13.01977933664725
"2025-03-12 14:42:49.0000",7.51,58.94,1.1217683553695679,3.2929426941803555,11.238922027564318
"2025-03-12 15:42:35.0000",7,59.83,0.49974673986434937,2.8648980079842747,9.800796571480673
"2025-03-12 16:42:20.0000",6.02,61.64,0.605424702167511,2.5757111672484423,9.870723160753323
"2025-03-12 17:42:05.0000",5.51,62.78,0.5493436455726624,2.584603609108798,8.651391716840111
"2025-03-12 18:12:00.0000",5.33,63.12,0.8742438554763794,2.796014974599277,9.250618869346624
"2025-03-12 19:11:46.0000",4.55,63.75,0.8846290707588196,2.8567036169518913,9.185377392398417
"2025-03-12 19:41:38.0000",4.11,64.29,25.012300491333008,19.141098138461103,18.57225679354134
"2025-03-12 20:11:32.0000",3.71,64.68,1.4950776100158691,3.02982972146627,9.762129056409343
"2025-03-12 20:41:24.0000",3.39,65.12,1.3832306861877441,3.0065370428563423,9.165984408963078
"2025-03-12 21:11:16.0000",3.18,65.48,54.95212936401367,39.657901576815455,31.64181718872682
"2025-03-12 21:41:08.0000",2.76,65.9,55.59497833251953,39.635140362789755,31.21359985227841
"2025-03-12 22:11:00.0000",2.46,66.47,1.7904458045959473,2.6745212026107903,7.91334024140179
"2025-03-12 22:40:52.0000",2.52,66.8,1.7223141193389893,2.434858658432159,7.3599724493197165
"2025-03-12 23:10:46.0000",2.46,67.03,1.8650081157684326,3.0414620522141473,9.552267443342496
"2025-03-12 23:40:39.0000",2.55,67.23,1.7956657409667969,3.041134150221112,9.949569937576088
"2025-03-13 00:40:25.0000",2.28,67.52,1.059770941734314,2.584087782768013,7.929382847885364
"2025-03-13 01:40:11.0000",1.94,67.43,0.8092250227928162,2.6134432735759976,9.121046810254876
"2025-03-13 02:10:05.0000",2,67.43,0.6240031719207764,2.4528643959209533,8.04859217959515
"2025-03-13 02:39:59.0000",1.69,67.17,0.722245991230011,2.591642469378486,9.181656784887707
"2025-03-13 03:09:53.0000",1.5,67.36,0.7146518230438232,2.5424294335347484,8.405415920180944
"2025-03-13 03:39:47.0000",1.6,67.22,0.8582639694213867,2.5570683102473786,8.066053647751488
"2025-03-13 04:09:38.0000",1.28,67.24,0.8650659918785095,2.531779957381423,8.406229311227886
"2025-03-13 05:09:25.0000",2.17,67.17,0.5956154465675354,2.3651400052288505,8.186191628593985
"2025-03-13 05:39:20.0000",1.8,67.12,0.6215731501579285,2.3586192597466455,7.927654572335317
"2025-03-13 06:09:13.0000",1.94,67.16,0.9227805733680725,2.6593157532141194,8.42994584394791
"2025-03-13 06:39:06.0000",1.74,67.34,0.7904348969459534,2.4849314473041866,8.934497472325237
"2025-03-13 07:09:01.0000",1.91,67.51,0.8658201098442078,2.340605725163955,8.297915597252603
"2025-03-13 07:38:55.0000",2.56,67.55,0.9007458686828613,2.5410127354436307,9.488378533332327
"2025-03-13 08:08:51.0000",3.23,67.09,0.9671098589897156,2.748362845562049,9.910801179783274
"2025-03-13 08:38:47.0000",3.86,66.61,0.7892298698425293,2.705824659790504,9.85232489532672
"2025-03-13 09:08:48.0000",8.93,62.88,0.8882718682289124,2.7373994079115844,9.046018258154616
"2025-03-13 09:38:45.0000",8.24,60.76,1.10032320022583,3.015649647069154,10.703752764857278
"2025-03-13 10:08:38.0000",8.04,60.05,0.9063208103179932,3.1788634177830226,12.701800376594218
"2025-03-13 10:38:30.0000",10.22,59.32,0.7878981828689575,3.414245239233922,11.025314151073909
"2025-03-13 11:38:20.0000",10.4,54.48,0.6755917072296143,3.4622781445104613,11.390810103007647
"2025-03-13 12:08:09.0000",8.32,56.93,0.6694671511650085,3.315772289273937,10.536393624792167
"2025-03-13 12:38:06.0000",9.29,55.19,0.6822084784507751,3.4339552440896113,12.052114357184248
"2025-03-13 13:07:56.0000",8.12,55.64,1.1648072004318237,3.508373525775644,11.462537585947613
"2025-03-13 13:37:47.0000",6.75,56.87,0.8462642431259155,3.3414526159852116,10.796673363150665
"2025-03-13 14:37:34.0000",6.3,58.78,0.773741602897644,3.168665490466507,11.10954682873672
"2025-03-13 15:07:27.0000",6.27,58.89,0.8003023266792297,3.126990572420471,11.296247405320953
"2025-03-13 15:37:20.0000",5.66,59.59,0.761256217956543,3.009743889032912,9.909302253221695
"2025-03-13 16:07:13.0000",5.29,60.53,0.673896312713623,2.8874009341798446,9.872294779094105
"2025-03-13 16:37:06.0000",5.17,61.45,1.0189862251281738,2.85884472473213,9.373519852120667
"2025-03-13 17:06:57.0000",5.48,61.89,0.6803129315376282,2.726542200377631,8.897723464229486
"2025-03-13 17:36:52.0000",5.29,61.97,2.62699031829834,3.6663228271852395,11.432944922152526
"2025-03-13 18:06:46.0000",5.09,62.32,0.8130508065223694,2.805506215110077,9.077557178134592
"2025-03-13 18:36:38.0000",4.92,62.79,0.6928808689117432,2.6777131408591317,10.509346621104635
"2025-03-13 19:06:31.0000",4.71,62.87,0.6032162308692932,2.725282876489082,9.165116601647885
"2025-03-13 20:06:15.0000",3.95,63.4,1.69773268699646,3.041720351403513,9.020711553465837
"2025-03-13 21:06:02.0000",3.69,63.69,1.8880716562271118,3.3863427069874614,11.38172876374307
"2025-03-13 21:35:57.0000",4.15,63.79,1.4475101232528687,2.896828833404685,9.709071540514042
"2025-03-13 22:05:52.0000",4.37,63.73,1.3060803413391113,2.8306608962876774,10.176717670717524
"2025-03-13 22:35:44.0000",4.44,63.94,0.7839530110359192,2.500493191142267,8.329721361521198
"2025-03-13 23:05:36.0000",4.31,64.05,1.0835466384887695,2.7268465339064254,8.981077626264913
"2025-03-14 00:05:21.0000",4.47,64.32,53.70444107055664,39.18961773579154,30.64179624294544
"2025-03-14 00:35:14.0000",4.48,64.46,1.0541229248046875,2.6637143135634744,8.50406129453068
"2025-03-14 01:05:08.0000",4.59,64.71,1.957399845123291,3.365902565498201,9.138260526058545
"2025-03-14 01:35:02.0000",4.59,64.8,2.071129322052002,3.4499440464275337,9.060721707090853
"2025-03-14 02:04:55.0000",4.34,65.16,1.100342035293579,2.5026705448613162,8.486857477416464
"2025-03-14 02:34:47.0000",4.14,65.62,1.1225237846374512,2.5201891142734967,8.275373860859041
"2025-03-14 03:04:42.0000",4.08,65.67,1.0496621131896973,2.644953955321441,9.560215600388025
"2025-03-14 03:34:35.0000",4.04,65.8,30.761001586914062,23.165425999778154,20.80184366584207
"2025-03-14 04:04:28.0000",3.97,65.86,53.826480865478516,39.17816962700745,30.300120456229344
"2025-03-14 04:34:23.0000",3.84,65.98,53.82194900512695,39.14270311456382,30.88417192215032
"2025-03-14 05:04:16.0000",3.79,66.02,0.7127802968025208,2.4618013720293543,8.510720127141504
"2025-03-14 05:34:10.0000",3.87,66.11,0.8892118334770203,2.578553564037402,8.711809969784683
"2025-03-14 07:03:49.0000",3.77,66.43,4.910784721374512,4.394317411297822,10.662335190253437
"2025-03-14 07:33:44.0000",3.91,66.66,6.616278648376465,5.367768536747645,11.584473748124244
"2025-03-14 08:03:38.0000",4.26,66.55,7.234419822692871,5.55464117644439,12.317642062840934
"2025-03-14 08:33:32.0000",4.29,66.58,7.894290447235107,5.682420349328749,12.081373972874822
"2025-03-14 09:03:27.0000",4.6,66.63,7.467415809631348,5.4987964944201435,12.444591045175171
"2025-03-14 10:03:15.0000",7.07,65.7,3.5387165546417236,3.8372118121792727,10.264544408736489
"2025-03-14 10:33:15.0000",12.53,62.23,3.0587496757507324,3.2984763405300352,8.568203565909164
"2025-03-14 11:03:13.0000",15.29,59.33,1.7856390476226807,3.337073586093971,9.489257346244962
"2025-03-14 11:33:11.0000",14.41,54.95,1.2719199657440186,3.8106614745007366,12.803723762081994
"2025-03-14 12:32:44.0000",8.18,56.73,0.9540291428565979,3.407418953644143,11.401133373825692
"2025-03-14 13:02:36.0000",7.76,56.64,0.7480636239051819,3.2705701662212667,10.768327044248835
"2025-03-14 13:32:29.0000",8.02,56.64,0.8363958597183228,3.2675847059375998,10.36073189062651
"2025-03-14 14:02:24.0000",8.47,56.56,0.6255226731300354,3.2052249694445556,10.436072296901386
"2025-03-14 14:32:19.0000",8.54,56.28,0.6454567909240723,3.140661731546751,10.318660515674088
"2025-03-14 15:02:13.0000",8.87,56.23,1.0914490222930908,3.4345717251495556,12.339046258537817
"2025-03-14 16:02:00.0000",8.81,55.5,1.1046702861785889,3.702655203010333,11.324465278812086
"2025-03-14 17:01:43.0000",7.62,56.14,1.5380620956420898,3.6278490201532794,12.082789663469974
"2025-03-14 17:31:36.0000",7,56.86,1.52200186252594,3.660707768453126,11.408945394354772
"2025-03-14 18:01:27.0000",6.33,57.41,1.97832453250885,3.8763976807806904,12.634581776247554
"2025-03-14 18:31:20.0000",5.77,57.97,1.5199345350265503,3.5459535658828663,13.432899289837296
"2025-03-14 19:01:13.0000",5.43,58.62,1.8427802324295044,3.7337592294133906,11.662851130558082
"2025-03-14 20:00:59.0000",5.02,59.88,2.814288377761841,3.8660346712350333,10.545127065064326
"2025-03-14 20:30:51.0000",4.61,60.32,2.7421491146087646,3.980354297953148,11.84716110222609
"2025-03-14 21:00:44.0000",4.37,60.81,1.2449896335601807,3.1630771368037767,9.539233305907016
"2025-03-14 21:30:36.0000",4.01,61.06,1.4189684391021729,3.3409655673364784,10.364150807913065
"2025-03-14 22:00:29.0000",3.38,61.47,1.82442045211792,3.3928131761390543,10.434502168087965
"2025-03-14 22:30:21.0000",2.98,61.87,2.067477226257324,3.5080329897087363,10.035157015383161
"2025-03-14 23:30:07.0000",2.08,62.69,2.152520179748535,3.6731534899077958,11.248267779312773
"2025-03-15 00:00:01.0000",1.94,63.03,3.293954372406006,4.132051547723198,12.39339241025636
"2025-03-15 00:29:51.0000",1.33,63.39,4.06439208984375,4.40906259628173,12.768300941394477
"2025-03-15 00:59:45.0000",1.05,63.89,4.485140800476074,4.640787251637223,11.851787934299907
"2025-03-15 01:29:39.0000",0.92,64.15,5.0328216552734375,4.897835236026014,11.936245076606953
"2025-03-15 02:29:22.0000",0.52,64.73,5.428976058959961,4.817391437339948,10.669056448684774
"2025-03-15 02:59:15.0000",0.12,65.26,4.805941104888916,4.497653651345476,10.931664263732216
"2025-03-15 03:29:09.0000",0.24,65.51,5.803130626678467,4.8100463670278515,10.362623005222616
"2025-03-15 03:59:03.0000",0.23,65.72,6.291282653808594,4.931600107094188,9.935510649015011
"2025-03-15 04:28:57.0000",0.17,66.04,5.1607489585876465,4.434212881454968,10.68965619065092
"2025-03-15 04:58:49.0000",0.18,66.32,4.453692436218262,4.153703021370416,10.153531722130488
"2025-03-15 05:28:42.0000",0.18,66.55,2.6800169944763184,3.261210116007014,9.045119671600043
"2025-03-15 06:28:29.0000",0.48,66.92,1.9065946340560913,3.064754527219287,9.131909734981825
"2025-03-15 06:58:22.0000",0.38,67.22,2.4138262271881104,3.162766645527103,9.823440596632866
"2025-03-15 07:28:15.0000",0.85,67.43,3.8798975944519043,3.925802900624358,9.75002152924431
"2025-03-15 07:58:10.0000",2.04,66.95,3.715991497039795,3.7784287746463456,10.366936206184661
"2025-03-15 08:28:08.0000",5.69,65.66,3.0868639945983887,4.0228527846270055,14.819025346272456
"2025-03-15 08:58:16.0000",11.82,61.28,1.2679961919784546,2.6748287146211696,10.246638468377451
"2025-03-15 09:28:13.0000",13.69,60.93,1.0801517963409424,2.8099020571242868,9.1364753802562
"2025-03-15 10:28:04.0000",12.6,57.2,0.8772417306900024,3.228073720876217,11.23497282530285
"2025-03-15 10:57:51.0000",9.96,59.91,1.3308881521224976,3.6794609061951755,12.635781133662636
"2025-03-15 11:57:34.0000",7.58,57.35,1.8489763736724854,3.7838212800213555,11.642489782313074
"2025-03-15 12:27:28.0000",8.18,58.07,1.3867579698562622,3.5304813139419733,10.473211114748455
"2025-03-15 12:57:19.0000",7.54,58.63,1.425495982170105,3.3965927719763322,10.286757828165381
"2025-03-15 13:27:11.0000",7.24,60.38,1.9753891229629517,3.6812113469217387,12.188922092366727
"2025-03-15 13:57:05.0000",6.99,59.9,0.7816165089607239,3.082791082101886,10.340300204419238
"2025-03-15 14:26:58.0000",7.08,60.6,0.7731171250343323,2.894220804710493,10.011657732508473
"2025-03-15 14:56:50.0000",6.6,60.84,0.5810896158218384,3.0084490962543393,10.995806150883567
"2025-03-15 15:26:46.0000",6.54,60.93,0.6675956845283508,3.0107156265994144,11.201712121130143
"2025-03-15 15:56:38.0000",6.51,62.13,0.7317779660224915,2.7008279168768814,8.914904928202947
"2025-03-15 16:26:32.0000",6.09,62.12,0.6347143650054932,2.7371743951250314,9.580730537036057
"2025-03-15 16:56:26.0000",6.3,62.8,0.688453197479248,2.786662156961029,9.403604531671544
"2025-03-15 17:26:20.0000",5.99,63.51,0.5996752977371216,2.5278778556058388,9.444877138799749
"2025-03-15 17:56:13.0000",5.88,64.21,0.879250168800354,2.7392466788636334,9.115503036706027
"2025-03-15 18:26:07.0000",5.77,64.45,5.911144733428955,6.069445471497991,10.937024558203088
"2025-03-15 19:25:53.0000",5.69,64.43,1.4538242816925049,3.016875449860965,9.675154973172285
"2025-03-15 19:55:46.0000",5.7,64.44,0.9934816360473633,2.754562650877889,8.625736405755214
"2025-03-15 20:25:40.0000",5.67,64.46,1.9040298461914062,3.1216283937868843,10.226843859734394
"2025-03-15 20:55:34.0000",5.69,64.51,1.2378278970718384,2.9746407712225498,9.815919059821766
"2025-03-15 21:25:26.0000",5.65,64.7,15.982817649841309,13.087568331013292,16.258007284343407
"2025-03-15 21:55:18.0000",5.64,64.85,21.937772750854492,17.225836919267483,18.823238117002802
"2025-03-15 22:25:11.0000",5.65,65.08,13.875951766967773,11.527026047587686,14.919586407637594
"2025-03-15 22:55:05.0000",5.66,65.23,15.273797035217285,12.468716002789998,15.321839268163533
"2025-03-15 23:24:57.0000",5.52,65.62,1.2904316186904907,2.842214105009897,8.938298442400889
"2025-03-15 23:54:49.0000",4.82,66.05,2.697199583053589,3.7804272556303635,10.17482180211693
"2025-03-16 00:24:42.0000",3.97,66.71,2.5245654582977295,3.270399860098884,11.028082129292791
"2025-03-16 00:54:34.0000",3.46,67.21,3.091038942337036,3.811523056497763,12.03826956721605
"2025-03-16 01:24:27.0000",3.12,67.62,4.693586826324463,4.59354033158516,11.068558583286103
"2025-03-16 01:54:20.0000",2.76,67.8,20.75381851196289,15.60846886042612,16.93338408269487
"2025-03-16 02:24:14.0000",2.73,68.22,28.60780906677246,21.09855526786934,19.891848445543456
"2025-03-16 02:54:07.0000",2.92,67.96,56.23445129394531,40.09699600963248,31.172698247285552
"2025-03-16 03:23:59.0000",2.67,68.18,57.39788818359375,40.35248918039428,31.879456503080526
"2025-03-16 03:53:51.0000",2.47,68.6,5.655975341796875,4.5344589341286845,10.637027833603746
"2025-03-16 04:53:41.0000",2.24,68.63,8.468338012695312,5.869346316545198,11.99785173514329
"2025-03-16 05:53:26.0000",1.25,69.31,63.5644416809082,41.95861162407038,32.18598938369748
"2025-03-16 06:23:18.0000",0.95,69.55,10.77713680267334,6.630466635907976,12.140753724319422
"2025-03-16 06:53:11.0000",0.9,69.82,65.05310821533203,42.49846805216967,32.66487233482408
"2025-03-16 07:23:06.0000",1.45,69.9,12.669832229614258,7.467498191060991,11.791026276312472
"2025-03-16 07:53:02.0000",2.6,69.33,11.15042781829834,6.720021238414052,11.70259012885757
"2025-03-16 08:53:01.0000",11.89,64.34,7.43052864074707,4.730492891365328,9.240194735141102
"2025-03-16 09:23:01.0000",15.04,63.09,4.894297122955322,4.122147361264077,9.714558302743654
"2025-03-16 09:52:49.0000",11.42,63.64,3.648345947265625,3.9180668506323455,9.779504766862981
"2025-03-16 10:22:47.0000",14,62.67,2.751551628112793,3.498898048776205,9.721595507745118
"2025-03-16 10:52:45.0000",16.75,59.3,1.0448194742202759,2.834588297335175,9.826161956534667
"2025-03-16 11:22:32.0000",11.58,59.13,1.0318907499313354,3.133773247945615,9.929647288857227
"2025-03-16 11:52:20.0000",9.8,59.91,1.251953363418579,3.228934164103698,10.072385788528946
"2025-03-16 12:22:12.0000",9.11,59.5,1.96543288230896,3.7466738276274936,11.169845170163663
"2025-03-16 12:52:05.0000",8.23,60.56,2.4670400619506836,3.7066717620216054,10.76214418408189
"2025-03-16 13:51:54.0000",8.55,60.31,1.991734504699707,3.5637906235327232,10.23256447667745
"2025-03-16 14:21:48.0000",8.35,60.97,2.0419812202453613,3.4306556714934255,10.252746177233567
"2025-03-16 14:51:39.0000",7.89,61.84,1.676032543182373,3.0506650929351204,9.24090049480818
"2025-03-16 15:21:33.0000",8.08,62.64,1.9024144411087036,3.1603616766585976,9.043238535852664
"2025-03-16 15:51:28.0000",7.82,63,1.9135316610336304,2.9893298735141323,9.832213924954964
"2025-03-16 16:21:20.0000",7.81,63.46,2.135958433151245,3.24069107515217,10.375077416250765
"2025-03-16 17:21:09.0000",8.68,63.16,1.4299547672271729,2.959170287954439,9.267737016768438
"2025-03-16 17:51:02.0000",8.62,62.89,1.7399426698684692,3.0738618727528992,8.937771878404174
"2025-03-16 18:50:48.0000",8.12,62.98,1.5376180410385132,3.0622310037174496,9.74757898387045
"2025-03-16 19:20:40.0000",7.86,63.17,2.048543691635132,3.2082984332498214,9.476211381356759
"2025-03-16 19:50:33.0000",7.52,63.64,2.8688156604766846,3.782727943528275,9.959417309417319
"2025-03-16 20:20:26.0000",7.21,64,1.6458145380020142,3.227384267033899,10.063656943278508
"2025-03-16 20:50:19.0000",6.93,64.29,1.216018557548523,3.011740125392438,9.959833148272532
"2025-03-16 21:20:13.0000",6.76,64.57,1.3069403171539307,2.9580593145356744,10.47067820231228
"2025-03-16 22:49:51.0000",6.26,65.05,1.0873712301254272,3.029466608655211,9.601742848777242
"2025-03-16 23:19:45.0000",6.13,65.12,1.2176209688186646,3.1384092447152923,9.940772408683957
"2025-03-16 23:49:39.0000",5.94,65.2,1.2277425527572632,3.1108790917624214,9.951244365809798
"2025-03-17 00:49:28.0000",6.26,64.74,1.241356611251831,3.287655572170179,10.573721846007697
"2025-03-17 01:19:21.0000",6.13,64.66,1.3313744068145752,3.3766976175981234,10.33553056105481
"2025-03-17 01:49:13.0000",6.15,64.55,1.422468900680542,3.495023314308142,10.448535076317448
"2025-03-17 02:19:08.0000",6.03,64.49,1.3990477323532104,3.522067038648873,11.203357055190342
"2025-03-17 03:18:53.0000",5.77,64.54,1.3530958890914917,3.6272650003263647,11.128375773009909
"2025-03-17 03:48:47.0000",5.6,64.52,1.648445725440979,3.7971273852606515,11.446510581892719
"2025-03-17 04:18:40.0000",5.52,64.41,1.7036205530166626,3.948061444559821,11.674036433053836
"2025-03-17 04:48:33.0000",5.4,64.34,1.5596593618392944,3.804829537445239,11.46361033251001
"2025-03-17 05:18:26.0000",5.25,64.42,1.1967477798461914,3.426473158143906,11.206425708820692
"2025-03-17 05:48:20.0000",5.01,64.6,0.8421622514724731,2.9313321624822297,10.83084652935437
"2025-03-17 06:18:12.0000",4.74,64.99,0.7363018989562988,2.7367009749187545,9.366324274895414
"2025-03-17 06:48:04.0000",4.59,65.37,1.1148005723953247,2.8367895311581925,8.575289366974577
"2025-03-17 07:17:55.0000",4.59,65.55,0.9750421643257141,2.6795214866517827,8.331753099947107
"2025-03-17 07:47:49.0000",4.75,65.79,1.2165104150772095,2.7416711334153363,8.468675643958443
"2025-03-17 08:17:43.0000",4.99,65.89,1.3932898044586182,3.028484037773857,10.067881449213548
"2025-03-17 09:17:31.0000",5.32,65.8,1.8687244653701782,3.3424990552052223,9.612710120946986
"2025-03-17 09:47:24.0000",5.72,65.55,1.1350302696228027,2.8613271373192086,8.96241156801864
"2025-03-17 10:17:16.0000",5.57,65.16,1.2764695882797241,3.16281172455218,9.872347032727422
"2025-03-17 10:47:10.0000",5.59,64.76,1.8406665325164795,3.9395334881244404,12.352752330694612
"2025-03-17 11:17:05.0000",6.01,64.18,2.386708974838257,4.443678428143635,14.529901549296762
"2025-03-17 11:46:58.0000",6.36,63.41,3.668473958969116,5.02624858565029,16.708529358086295
"2025-03-17 12:46:45.0000",7.04,62.33,3.002460241317749,5.044381091330663,14.796835812091938
"2025-03-17 13:16:38.0000",7.54,61.27,3.1958844661712646,5.009633163517401,14.357447956731129
"2025-03-17 13:46:32.0000",7.36,60.6,2.7303333282470703,4.966817353752243,14.129552791899506
"2025-03-17 14:16:25.0000",7.39,60.29,3.131298780441284,5.202644514497069,14.806897248907802
"2025-03-17 15:16:12.0000",7.55,59.58,3.9405879974365234,5.4347527009635375,15.066841705631786
"2025-03-17 16:15:58.0000",7.14,58.88,2.901460886001587,5.106780956745366,14.86197314363272
"2025-03-17 16:45:53.0000",7.09,58.96,2.6339521408081055,4.896645466281012,13.97838528387701
"2025-03-17 17:15:46.0000",6.94,59.05,2.864368438720703,5.034298352877943,15.260003429069855
"2025-03-17 17:45:39.0000",6.72,59.04,3.6359262466430664,5.084417984811225,13.641115445734922
"2025-03-17 18:15:32.0000",6.61,59.24,3.213284969329834,5.090313478430176,14.925957489113124
"2025-03-17 18:45:24.0000",6.63,59.34,3.442044258117676,5.181266668665212,14.393397002171467
"2025-03-17 19:45:10.0000",6.31,59.62,3.380793571472168,5.069393099227933,14.649175461685966
"2025-03-17 20:15:04.0000",6.52,59.78,3.570563793182373,5.352102719343846,14.748750847523725
"2025-03-17 20:44:57.0000",6.47,60.09,3.0801281929016113,4.728897046359156,13.705003780949584
"2025-03-17 21:14:49.0000",6.15,60.66,3.167956590652466,4.684950252151743,12.70730911758979
"2025-03-17 21:44:42.0000",5.35,61.73,3.585191249847412,4.962809047590587,13.940848529204557
"2025-03-17 22:44:24.0000",3.78,63.62,3.615933418273926,4.871431253671588,13.176568336640306
"2025-03-17 23:14:16.0000",3.36,64.29,4.141901969909668,4.731184291254058,11.396248944042217
"2025-03-17 23:44:08.0000",3.01,64.91,4.008229732513428,4.6735835632411105,13.236093761127009
"2025-03-18 00:14:02.0000",2.64,65.42,4.413408279418945,4.74399879497552,11.624296337354764
"2025-03-18 00:43:57.0000",2.82,65.96,4.904650688171387,5.027148886943641,11.666175278233874
"2025-03-18 01:13:51.0000",2.75,66.27,57.55666732788086,40.598057866603455,32.33202691248477
"2025-03-18 01:43:43.0000",2.54,66.87,4.131290435791016,4.415945015410339,11.170253842213764
"2025-03-18 02:13:37.0000",2.2,67.42,4.213131904602051,4.168290245814589,10.186107102823373
"2025-03-18 02:43:29.0000",1.86,67.75,5.2668137550354,4.649991575125123,10.389578346092064
"2025-03-18 03:13:22.0000",1.58,68.12,6.32741117477417,5.359265076051564,11.537950410409938
"2025-03-18 03:43:17.0000",1.47,68.57,5.769021987915039,4.7645350178316885,10.61478375575215
"2025-03-18 04:13:08.0000",1.34,69.22,5.890183448791504,4.922900211780459,10.63326189679757
"2025-03-18 04:43:03.0000",1.27,69.61,6.994470596313477,5.554618248478069,11.586518421082458
"2025-03-18 05:12:56.0000",1.27,69.92,6.967206954956055,5.6587777490524775,12.511251392290704
"2025-03-18 05:42:50.0000",1.34,70.25,6.7588372230529785,5.491817090790807,11.138951857325567
"2025-03-18 06:12:43.0000",1.12,70.29,7.706202507019043,6.047595637643431,12.208376624389695
"2025-03-18 06:42:35.0000",1.05,70.48,7.885031223297119,6.245724264867041,12.318607285470986
"2025-03-18 07:12:30.0000",1.18,70.7,9.099141120910645,6.565016286388492,13.495703305998738
"2025-03-18 08:12:19.0000",2.92,70.14,7.353128910064697,5.614560942169696,11.468033970853732
"2025-03-18 08:42:18.0000",7.3,66.76,5.742292404174805,4.822648058415096,10.752718228750641
"2025-03-18 09:12:18.0000",9.95,63.91,4.778689384460449,4.560875739424666,12.327801757877166
"2025-03-18 09:42:13.0000",11.28,60.96,3.727046012878418,4.097448083400474,10.924514838095664
"2025-03-18 10:12:09.0000",12.31,58.44,3.552921772003174,4.42265272107006,12.23981498069663
"2025-03-18 10:42:04.0000",13.13,56.24,3.3312346935272217,4.669956736639812,14.370617493406252
"2025-03-18 11:11:59.0000",13.81,54.18,4.586987018585205,4.988644224553182,12.892878688413187
"2025-03-18 11:41:54.0000",14.11,51.23,4.2435431480407715,5.411815218142385,15.791789319227291
"2025-03-18 12:41:43.0000",15.02,47.35,3.2235023975372314,5.231099550203549,15.407178670234735
"2025-03-18 13:11:30.0000",11.17,46.22,3.502751588821411,5.427468080252937,15.151057150288718
"2025-03-18 13:41:22.0000",10.74,46.46,2.870469093322754,5.03117777134056,14.736929948620617
"2025-03-18 14:41:11.0000",10.74,45.57,3.327270746231079,5.304326953676565,16.075091944907477
"2025-03-18 15:11:04.0000",10.67,45.57,3.1547610759735107,5.221254891563638,16.079824875000398
"2025-03-18 17:10:38.0000",10.57,44.81,3.310621976852417,5.250583193183991,15.62822634865919
"2025-03-18 18:10:23.0000",9.73,45.41,3.7808356285095215,5.359780897500577,15.61825616164716
"2025-03-18 18:40:14.0000",9.05,46.25,4.87587308883667,5.760640401047054,15.76479882465218
"2025-03-18 19:10:05.0000",8.37,47.13,5.019861698150635,5.924653658323923,15.800633299076063
"2025-03-18 19:39:57.0000",7.81,47.95,5.099989414215088,5.83756764205269,15.483416376748476
"2025-03-18 20:09:50.0000",7.32,48.79,5.269272327423096,5.855459883495494,16.780689912137657
"2025-03-18 20:39:41.0000",6.78,49.58,5.083424091339111,5.780758519442936,14.838594986611483
"2025-03-18 21:09:34.0000",6.2,50.42,5.266290187835693,5.943953903005682,16.669327171270048
"2025-03-18 22:39:10.0000",4.69,52.54,5.232842922210693,5.538488634989154,13.825040353473044
"2025-03-18 23:38:56.0000",3.76,53.9,5.196143627166748,5.641632987121745,14.591127213127617
"2025-03-19 01:38:26.0000",2.36,55.82,6.136863708496094,5.97878888234222,15.02991540509383
"2025-03-19 02:08:19.0000",2.12,56.33,6.0487895011901855,5.869882248762305,14.550811364695694
"2025-03-19 02:38:12.0000",1.83,56.57,6.42390251159668,5.924141785154683,16.294722153292778
"2025-03-19 03:08:04.0000",1.63,57.03,6.103240013122559,5.707292381333006,14.843767987446567
"2025-03-19 03:37:58.0000",1.48,57.31,6.701468467712402,5.909333311276882,15.465816622674385
"2025-03-19 04:07:50.0000",1.31,57.71,7.209830284118652,6.117436007536981,15.299710886706155
"2025-03-19 04:37:41.0000",1.05,58.02,8.162110328674316,6.550140770994129,14.80816156236953
"2025-03-19 05:07:36.0000",1.16,58.48,8.851020812988281,6.8984693049325,15.154951374535612
"2025-03-19 05:37:29.0000",1.06,58.75,8.952282905578613,6.696614527810605,14.293775413878537
"2025-03-19 06:07:22.0000",0.93,59.2,11.546092987060547,8.380852114744414,17.21959152926694
"2025-03-19 06:37:15.0000",0.89,59.67,25.65854263305664,16.967215349131365,21.558663749249803
"2025-03-19 07:07:08.0000",1.03,60.12,11.702455520629883,7.965576200060733,17.193685912003634
"2025-03-19 08:06:59.0000",2.77,59.71,12.508936882019043,8.121714572189351,15.076627536556716
"2025-03-19 09:06:52.0000",6.85,56.82,13.574798583984375,8.600345525659147,16.170176644126634
"2025-03-19 09:36:48.0000",10.24,56.08,13.585460662841797,8.408828129432893,17.74131451632532
"2025-03-19 10:36:44.0000",12.67,53.05,11.748658180236816,8.250649185741953,18.09650712867492
"2025-03-19 11:06:41.0000",13.69,51.55,10.865707397460938,8.205159321236696,17.535013302529332
"2025-03-19 11:36:36.0000",15.86,49.99,10.445758819580078,8.082449685970472,17.57392539331425
"2025-03-19 12:06:30.0000",16.21,48.52,11.105575561523438,8.59852640102101,18.024620793378478
"2025-03-19 13:36:03.0000",12.06,48.33,14.304503440856934,9.621904746359263,17.914029007008512
"2025-03-19 14:35:49.0000",12.48,48.02,14.126288414001465,9.700144586736641,18.35795179644606
"2025-03-19 15:05:43.0000",12.74,47.78,14.588468551635742,9.709790110673216,17.722800339506005
"2025-03-19 15:35:34.0000",12.4,48.29,15.754915237426758,9.972527961145095,18.171713807788574
"2025-03-19 16:05:28.0000",12.54,48.55,14.291297912597656,9.51306866895821,17.741320381073848
"2025-03-19 16:35:21.0000",12.73,48.66,15.333989143371582,10.006481514325355,20.318246039856206
"2025-03-19 17:05:13.0000",12.7,48.74,15.315438270568848,9.996117355022797,18.898600639233138
"2025-03-19 17:35:07.0000",12.53,48.91,15.966068267822266,10.073958465259874,18.97642758498148
"2025-03-19 18:04:59.0000",12.32,49.22,17.50346565246582,10.748229980382181,19.87999632195876
"2025-03-19 18:34:49.0000",10.86,50.56,19.84717559814453,11.53870441709939,19.967443669845565
"2025-03-19 19:04:40.0000",9.77,51.9,21.09774398803711,11.70579696423178,21.150708382438758
"2025-03-19 19:34:29.0000",8.8,52.72,19.23643684387207,11.010657484487139,19.606427680629523
"2025-03-19 20:34:16.0000",8.17,54.67,24.410627365112305,12.70706021773363,21.655273926278106
"2025-03-19 22:03:53.0000",6.54,56.57,29.67728614807129,14.775588580367279,23.708002253114376
"2025-03-19 22:33:44.0000",6.07,57,30.342348098754883,15.267031912345388,23.697792061783986
"2025-03-19 23:33:32.0000",5.84,57.41,31.746835708618164,16.289986934034975,27.29841330358292
"2025-03-20 00:03:25.0000",5.93,58.29,35.25367736816406,17.360494982692263,24.114881216333814
"2025-03-20 00:33:19.0000",5.36,58.79,34.142417907714844,16.811348269338385,24.733928180129926
"2025-03-20 01:03:12.0000",5.36,59.4,34.26405715942383,17.475621538684976,25.397571710604698
"2025-03-20 01:33:05.0000",5.39,59.69,31.814247131347656,16.391377212486166,25.41450502372721
"2025-03-20 02:02:58.0000",5.22,60.08,32.11524200439453,16.462104896497237,25.28344932843025
"2025-03-20 03:02:46.0000",6.41,60.36,33.02910614013672,15.962090080680778,22.716239625640046
"2025-03-20 03:32:41.0000",6.49,60.5,35.34298324584961,17.079698219030814,22.43168594733408
"2025-03-20 04:02:35.0000",6.23,60.65,38.680999755859375,18.573205697030687,24.609119008185502
"2025-03-20 04:32:26.0000",5.81,61.16,36.02879333496094,18.11905461177271,24.682850999064183
"2025-03-20 05:02:21.0000",5.89,61.2,34.99456024169922,17.201612495096093,22.752347960729438
"2025-03-20 05:32:14.0000",5.71,61.46,33.424434661865234,17.429456056753594,26.50690778024342
"2025-03-20 06:02:08.0000",5.32,61.82,31.979265213012695,15.848930396036891,22.11722748712272
"2025-03-20 06:32:00.0000",5.09,62.15,29.516202926635742,15.852103469073871,24.429616021462063
"2025-03-20 07:31:49.0000",6.21,61.95,27.045780181884766,13.835676802173495,20.492736973271885
"2025-03-20 08:01:43.0000",7.37,61.33,26.93281364440918,14.093508398528785,21.9703119856688
"2025-03-20 08:31:41.0000",11.84,59.18,26.43796157836914,13.215284493472364,18.731724740694265
"2025-03-20 09:31:40.0000",17.56,54.45,27.05276870727539,13.699327709485859,19.659034997053894
"2025-03-20 10:01:37.0000",18.64,52.62,25.410655975341797,13.471489717154403,21.15640726484351
"2025-03-20 10:31:33.0000",19.01,51.64,25.986621856689453,13.654544391061599,20.963551228827956
"2025-03-20 11:31:19.0000",19.6,49.91,23.892152786254883,13.447283766178016,23.05622651286759
"2025-03-20 12:31:05.0000",17.32,49.26,15.658011436462402,10.455625632629378,19.640494747283977
"2025-03-20 13:00:56.0000",16.6,49.55,11.49694538116455,8.572404801783255,17.877670903891676
"2025-03-20 14:00:42.0000",16.48,50.3,7.38442850112915,6.5543391623425995,14.200098212042535
"2025-03-20 14:30:36.0000",16.52,50.69,6.164214134216309,6.185227033227943,15.507425787307573
"2025-03-20 15:00:29.0000",16.54,51.05,6.781137943267822,6.443472106843209,17.04831479354507
"2025-03-20 15:30:21.0000",16.57,51.49,7.857235908508301,6.884926430037654,15.665552355858804
"2025-03-20 16:30:09.0000",16.55,52.06,7.704524040222168,7.197161433997711,18.12686141813871
"2025-03-20 17:00:02.0000",16.45,52.31,6.0397186279296875,6.183623690565684,15.734913411006179
"2025-03-20 17:59:47.0000",15.77,53.1,7.799375057220459,7.210356542369259,16.159242532133884
"2025-03-20 18:29:39.0000",15.24,53.64,6.068852424621582,6.309114425994045,15.794988827787371
"2025-03-20 18:59:31.0000",14.56,54.24,7.324526309967041,6.8160994324162205,15.750347177541343
"2025-03-20 19:59:17.0000",13.52,55.57,7.316286563873291,6.743393873344269,16.237465007367046
"2025-03-20 20:29:11.0000",13.11,56.23,5.895725727081299,5.878134867960763,16.02870509596211
"2025-03-20 20:59:04.0000",12.64,56.91,5.996438980102539,6.026451098457858,15.580798764446866
"2025-03-20 21:28:57.0000",12.27,57.55,6.263874530792236,6.193713461222435,14.208815508288968
"2025-03-20 21:58:50.0000",12.03,58.16,6.565724849700928,6.100192470184483,13.719265041586835
"2025-03-20 22:28:42.0000",11.74,58.81,7.573346138000488,6.524688088904935,14.364590468436544
"2025-03-20 22:58:35.0000",11.55,59.66,11.02422046661377,7.920199913276824,14.96924809303509
"2025-03-20 23:28:28.0000",11.49,60.13,14.424296379089355,9.387830955886297,16.765318372474592
"2025-03-20 23:58:21.0000",11.35,60.51,15.061924934387207,9.569454049866156,15.656068651418611
"2025-03-21 00:58:04.0000",10.76,61.32,14.662646293640137,9.37070799141676,16.474699756776808
"2025-03-21 01:27:57.0000",10.45,61.85,14.515284538269043,9.141118634600664,16.849490487485074
"2025-03-21 01:57:50.0000",10.37,62.16,12.584299087524414,8.074583965220604,14.706610630666832
"2025-03-21 02:27:43.0000",10.51,62.17,11.711091995239258,7.889660894308514,14.977911075286455
"2025-03-21 02:57:36.0000",10.39,62.49,11.599449157714844,7.603289409844893,14.110214614464839
"2025-03-21 03:27:28.0000",10.21,62.6,11.065544128417969,7.497261389454941,15.52653780985043
"2025-03-21 03:57:21.0000",10.23,62.82,11.107065200805664,7.456779547205706,14.067977230806509
"2025-03-21 04:57:07.0000",10.06,63.04,11.377256393432617,7.486355660877266,13.362395428814157
"2025-03-21 05:27:00.0000",10.42,63.06,12.238419532775879,7.99313693431309,14.313468966274302
"2025-03-21 05:56:54.0000",10.44,63.16,13.64810562133789,8.516301290605247,15.460879077984366
"2025-03-21 06:26:48.0000",10.48,63.17,14.314553260803223,9.052789117881522,16.111608606370268
"2025-03-21 06:56:41.0000",10.21,63.67,16.288297653198242,9.749751226621202,15.622386158347846
"2025-03-21 07:26:32.0000",10.44,63.97,16.55891227722168,10.066160272856855,17.56747763351904
"2025-03-21 07:56:27.0000",10.77,63.97,16.111637115478516,9.783583303034188,17.25221522813417
"2025-03-21 08:56:19.0000",14.66,60.8,13.42280101776123,8.65151348089392,15.825382522443107
"2025-03-21 09:26:17.0000",17.32,57.73,12.281838417053223,8.184711552248306,16.328893368796084
"2025-03-21 09:56:11.0000",17.63,54.79,12.03931999206543,8.532215821568588,16.47479860193817
"2025-03-21 10:26:02.0000",16.56,54.45,13.53369426727295,9.223602978945532,16.95615313302393
"2025-03-21 11:25:48.0000",16.3,54.13,8.110124588012695,6.9925425754158175,16.117595377088037
"2025-03-21 11:55:44.0000",16.67,53.26,8.200484275817871,7.259764891938619,17.311727522478247
"2025-03-21 12:25:36.0000",16.07,52.91,6.679152965545654,6.4191411950804245,14.527855589136369
"2025-03-21 12:55:29.0000",16.23,52.33,5.866916179656982,6.079675053253381,16.518858493397335
"2025-03-21 13:25:24.0000",16.54,51.54,5.902027606964111,6.128887451175683,14.490166995366184
"2025-03-21 13:55:18.0000",16.47,51.2,6.390441417694092,6.604158977542486,17.554060206690913
"2025-03-21 14:55:03.0000",16.78,50.63,6.543284893035889,6.607078929660728,15.864201404166216
"2025-03-21 15:24:57.0000",16.67,50.39,7.209625720977783,7.012208022610843,17.127627956766375
"2025-03-21 15:54:50.0000",16.49,50.6,6.98539924621582,6.759966478540499,15.54484243333181
"2025-03-21 16:24:44.0000",16.5,50.74,6.010794162750244,6.3527619286463395,17.251718579141233
"2025-03-21 17:24:29.0000",15.95,51.25,8.19608211517334,7.463697543563929,18.289367226326547
"2025-03-21 17:54:22.0000",15.4,51.9,9.301806449890137,7.822897695078119,17.476080495399945
"2025-03-21 18:24:15.0000",14.94,52.56,9.950307846069336,8.083949782147641,18.03417799074879
"2025-03-21 18:54:09.0000",14.63,53.17,10.864891052246094,8.519821327355773,18.158507081808292
"2025-03-21 19:24:01.0000",14.04,54.04,13.173186302185059,9.567892833731008,19.723783258139107
"2025-03-21 19:53:53.0000",13.59,54.87,13.2485990524292,9.938265727672684,21.46842797055091
"2025-03-21 20:23:46.0000",13.22,55.53,12.301897048950195,9.212032850496094,18.191235827765617
"2025-03-21 20:53:39.0000",13.07,56.11,11.358905792236328,8.875103533082184,20.861878241046703
"2025-03-21 21:53:26.0000",11.99,58.69,12.543889045715332,9.419689315067794,18.92768602995056
"2025-03-21 22:23:18.0000",11.65,59.3,14.010976791381836,9.853441985812415,20.544122142314368
"2025-03-21 22:53:11.0000",10.99,61.7,11.188490867614746,8.42496320680348,17.803827140626247
"2025-03-21 23:23:04.0000",10.74,63.42,14.949578285217285,10.007067427356954,19.51320793338981
"2025-03-21 23:52:55.0000",10.92,64.37,14.267468452453613,9.6072617614561,18.54296519248124
"2025-03-22 00:22:49.0000",11.06,64.93,15.200227737426758,10.115217910925395,18.431740202498926
"2025-03-22 00:52:43.0000",10.95,65.4,16.526594161987305,10.574309735376753,19.556781854060574
"2025-03-22 01:52:29.0000",11.1,66.21,19.43682289123535,13.272767626829173,18.793915766916196
"2025-03-22 02:22:23.0000",10.98,66.79,12.743894577026367,9.23165651975289,18.13281965892481
"2025-03-22 02:52:16.0000",11.09,67.22,12.01600456237793,8.603147918840603,16.813344069651293
"2025-03-22 03:22:10.0000",10.79,67.98,11.548530578613281,8.08306770143805,15.01960842169904
"2025-03-22 03:52:03.0000",10.48,68.61,12.617136001586914,8.60865279373816,16.715081316102886
"2025-03-22 04:21:57.0000",10.25,69.15,13.194847106933594,8.553431479817867,15.024821026129542
"2025-03-22 04:51:49.0000",10.09,69.95,13.699881553649902,8.499714609901657,14.298959857040057
"2025-03-22 05:51:37.0000",9.77,70.79,16.52920913696289,9.559258327228152,16.691444377654935
"2025-03-22 06:21:31.0000",9.43,71.14,16.90674591064453,9.993098763610588,17.845321597789244
"2025-03-22 07:21:17.0000",10.38,71.7,12.325413703918457,7.826052480389706,13.053841394137184
"2025-03-22 07:51:10.0000",11.04,71.59,9.126338005065918,6.747591763259903,12.209344984940335
"2025-03-22 08:21:05.0000",12.98,70.43,7.4905266761779785,5.968396634465657,11.982079990528344
"2025-03-22 08:51:04.0000",15.22,68.01,8.070123672485352,6.428261510911324,12.712585291869962
"2025-03-22 09:20:54.0000",13.38,68.64,10.005087852478027,7.273141512551228,14.28132138104575
"2025-03-22 09:50:47.0000",13.86,69.34,10.674568176269531,7.958961432214962,14.774587974909318
"2025-03-22 10:20:43.0000",16.56,67.07,7.784197807312012,6.3914791690092345,13.21346707234258
"2025-03-22 10:50:40.0000",18.6,65.7,5.43153715133667,5.458940764545196,11.9567913197838
"2025-03-22 11:20:37.0000",19.6,62.88,4.4764862060546875,5.107043232335462,12.69875752270508
"2025-03-22 11:50:31.0000",20.1,61.63,3.6077985763549805,4.74629698841339,12.91527805915779
"2025-03-22 12:20:25.0000",20.07,60.11,3.846724271774292,5.0728603291581775,13.634556243810092
"2025-03-22 13:20:11.0000",17.89,58.99,3.591142416000366,5.027473723065373,13.074414279102344
"2025-03-22 13:50:04.0000",17.72,58.84,5.728139877319336,5.984968522302033,13.846109685923745
"2025-03-22 14:19:56.0000",17.44,58.62,3.707149028778076,4.96983933675138,13.295406974315314
"2025-03-22 14:49:49.0000",17.29,58.52,3.9432730674743652,5.23638536797769,13.222589181856124
"2025-03-22 15:19:42.0000",17.19,58.41,3.143256187438965,4.706373230758074,12.313295377973727
"2025-03-22 16:19:28.0000",16.52,58.69,2.6232340335845947,4.6236043486942195,12.548058054379341
"2025-03-22 16:49:19.0000",15.21,59.91,6.03201961517334,5.934943519328334,13.11224060795515
"2025-03-22 17:19:12.0000",14.16,61.59,8.148042678833008,6.774629913845663,14.33423599411532
"2025-03-22 17:49:05.0000",13.9,62.11,7.554260730743408,6.31848412318485,12.732442606964614
"2025-03-22 18:18:58.0000",13.91,62.31,7.078381538391113,6.250559515209488,13.367382657786855
"2025-03-22 18:48:49.0000",13.67,62.67,6.990698337554932,6.173305518206206,13.69777321821416
"2025-03-22 19:18:43.0000",13.78,62.36,3.5548160076141357,4.50605323140917,11.422950384120231
"2025-03-22 19:48:34.0000",12.68,63.93,2.53664231300354,3.6819175302533917,9.942841883372848
"2025-03-22 20:18:26.0000",12.28,64.54,6.169163227081299,5.321707840183877,11.283641732796534
"2025-03-22 20:48:21.0000",12.06,65.1,12.07291316986084,7.648341050581161,12.200662459065589
"2025-03-22 21:18:14.0000",11.9,65.58,9.868593215942383,6.570965390413192,11.491701681811733
"2025-03-22 21:48:07.0000",11.73,65.96,7.467127799987793,5.41618103125867,11.440520333679224
"2025-03-22 22:18:00.0000",11.66,66.23,8.299356460571289,5.74238394408882,10.574871724994082
"2025-03-22 22:47:52.0000",11.33,67.12,10.366511344909668,6.644935730147909,11.386715430484397
"2025-03-22 23:17:46.0000",10.7,69.49,11.599228858947754,6.532997243038546,9.413788122414717
"2025-03-22 23:47:39.0000",10.31,70.83,10.19400405883789,5.306623086130669,7.674192108367491
"2025-03-23 00:17:32.0000",9.96,72.5,10.350629806518555,5.281812704521933,6.962494018461909
"2025-03-23 00:47:24.0000",8.57,74.48,20.6013240814209,11.115842512740016,16.191615397828457
"2025-03-23 01:17:16.0000",7.95,74.58,5.695019721984863,4.562853151447127,12.043893638696039
"2025-03-23 01:47:08.0000",7.79,74.31,4.152336120605469,3.6470324518230184,8.736756849756834
"2025-03-23 02:17:03.0000",7.65,74.38,4.824718952178955,4.451171139935812,9.757076143573508
"2025-03-23 02:46:57.0000",7.59,74.74,4.532520294189453,3.938469443815899,9.67198797722793
"2025-03-23 03:16:50.0000",7.78,75.09,1.444157361984253,1.8721833982515586,6.304174599060032
"2025-03-23 03:46:44.0000",8.09,75.12,4.0589494705200195,3.3003253596723865,8.314706149534244
"2025-03-23 04:16:38.0000",8.34,75.07,8.005484580993652,5.874873762427865,11.037559473948818
"2025-03-23 05:16:25.0000",7.72,75.83,10.724984169006348,6.737710771238751,11.945788922877888
"2025-03-23 05:46:17.0000",7.79,76.16,9.195077896118164,5.997770952557222,13.87479613595918
"2025-03-23 06:16:12.0000",7.75,76.41,5.0548481941223145,3.7725156716200563,9.431195905051847
"2025-03-23 06:46:06.0000",8.22,76.54,2.5009841918945312,2.273442146016912,5.913536957853064
"2025-03-23 07:16:01.0000",8.42,76.71,14.003181457519531,7.749260906003998,11.967127396067365
"2025-03-23 07:45:54.0000",8.66,76.94,-1.4098648859776536e31,-6.408638469534527e29,-4.6824811977152995e29
"2025-03-23 08:15:49.0000",9.15,76.79,3.6299147605895996,2.793081346410327,6.634170809594422
"2025-03-23 08:45:41.0000",9.01,76.93,11.787247657775879,6.372655293819981,9.548670413886056
"2025-03-23 09:45:30.0000",9.64,76.23,-1.4098648859776536e31,-6.408638469534527e29,-4.6824811977152995e29
"2025-03-23 10:15:24.0000",9.63,76.05,14.771513938903809,8.133271875715888,11.339277023310807
"2025-03-23 10:45:16.0000",9.5,76.18,-1.4098648859776536e31,-6.408638469534527e29,-4.6824811977152995e29
"2025-03-23 11:15:11.0000",10.2,75.86,14.279844284057617,8.930611182252537,12.878199976590356
"2025-03-23 11:45:06.0000",10.32,75.31,12.380952835083008,8.415480170914256,14.106482887015405
"2025-03-23 13:14:47.0000",11.04,74.58,13.129839897155762,9.714769712632862,16.817500796849192
"2025-03-23 13:44:39.0000",11.38,74.53,13.307199478149414,9.721041179253266,18.31767904724191
"2025-03-23 14:14:34.0000",11.68,73.68,13.492378234863281,9.72201993007131,16.614178709860468
"2025-03-23 14:44:27.0000",11.38,73.42,15.82652759552002,10.986402580662835,17.85994561696031
"2025-03-23 16:14:06.0000",10.08,73.95,16.23430061340332,10.953892960894605,17.491279412091515
"2025-03-23 17:13:53.0000",9.85,74.55,20.057344436645508,12.636840835200013,20.832232670335166
"2025-03-23 17:43:44.0000",9.29,75.13,16.8324031829834,11.199786724595386,18.720763207860223
"2025-03-23 18:13:38.0000",9.04,75.13,15.42029857635498,10.954515670354077,18.315230391786713
"2025-03-23 18:43:30.0000",8.77,75.36,-1.4098648859776536e31,-6.408638469534527e29,-4.6824811977152995e29
"2025-03-23 19:13:23.0000",8.74,75.06,-1.4098648859776536e31,-6.408638469534527e29,-4.6824811977152995e29
"2025-03-23 19:43:16.0000",9.21,74.86,13.062311172485352,9.039274171601548,17.02479350354833
"2025-03-23 20:13:12.0000",9.33,74.11,-1.4098648859776536e31,-6.408638469534527e29,-4.6824811977152995e29
"2025-03-23 20:43:05.0000",8.39,74.06,13.994672775268555,9.635744892594161,17.149812043686975
"2025-03-23 21:12:56.0000",7.54,74.25,14.183210372924805,9.654906597550864,16.53346479531243
"2025-03-23 21:42:49.0000",6.86,74.36,15.751298904418945,10.45636831458896,17.889468883216786
"2025-03-23 22:12:40.0000",6.2,74.5,16.263147354125977,10.396226618539904,16.862020021293837
"2025-03-23 22:42:35.0000",5.82,74.61,17.700986862182617,11.347636889721887,19.19117776291876
"2025-03-23 23:12:28.0000",5.46,74.55,27.17892074584961,17.031829377669734,22.737016006709137
"2025-03-23 23:42:22.0000",5.15,74.7,21.203250885009766,12.435471548766486,19.399379660640886
"2025-03-24 00:12:16.0000",5.1,74.52,-1.4098648859776536e31,-6.408638469534527e29,-4.6824811977152995e29
"2025-03-24 01:12:00.0000",4,75.07,24.43562126159668,14.054536089715349,20.24910534666676
"2025-03-24 01:41:54.0000",3.77,75.26,24.45927619934082,13.856658675730783,21.790281718095247
"2025-03-24 02:41:40.0000",3.77,75.23,-1.4098648859776536e31,-6.408638469534527e29,-4.6824811977152995e29
"2025-03-24 03:11:34.0000",3.43,75.3,26.297855377197266,14.43273096504072,21.079607584307123
"2025-03-24 03:41:27.0000",3.08,75.48,39.334754943847656,22.036602164126638,23.76346345288806
"2025-03-24 05:11:07.0000",2.62,75.79,-1.4098648859776536e31,-6.408638469534527e29,-4.6824811977152995e29
"2025-03-24 05:41:00.0000",2.51,75.96,-1.4098648859776536e31,-6.408638469534527e29,-4.6824811977152995e29
"2025-03-24 06:40:47.0000",2.61,76.24,-1.4098648859776536e31,-6.408638469534527e29,-4.6824811977152995e29
"2025-03-24 07:10:43.0000",3.48,75.94,31.876501083374023,16.140390347478235,21.099631890433002
"2025-03-24 07:40:44.0000",4.86,75.27,16.86647605895996,9.648820966452789,14.319293292801184
"2025-03-24 08:10:39.0000",5.97,74.84,-1.4098648859776536e31,-6.408638469534527e29,-4.6824811977152995e29
"2025-03-24 08:40:37.0000",9.88,72.21,12.354290962219238,7.481930757759347,13.587186847940089
"2025-03-24 09:10:36.0000",13.19,69.82,11.621838569641113,7.596354827302551,12.598005082612097
"2025-03-24 10:10:28.0000",16.19,66.63,12.671055793762207,9.007751777139081,15.619742528174832
"2025-03-24 10:40:22.0000",17.22,65.06,12.829375267028809,9.187287193157536,16.30318488907184
"2025-03-24 11:10:18.0000",17.37,60.55,16.729740142822266,11.930287535058415,22.627067077609816
"2025-03-24 12:10:03.0000",16.32,55.63,20.101478576660156,13.372222456677433,23.10076196371775
"2025-03-24 12:39:56.0000",15.34,54.05,17.920011520385742,12.79214035618048,23.21205316539203
"2025-03-24 13:09:41.0000",11.06,56.57,17.513832092285156,11.518037076832591,20.770780676843984
"2025-03-24 14:09:27.0000",9.91,59.81,15.949151039123535,10.793808329734706,19.40158550022669
"2025-03-24 14:39:21.0000",9.87,60.1,13.17403507232666,9.18082863112095,17.70529191130143
"2025-03-24 15:09:15.0000",9.62,61.31,13.98399543762207,9.362467468865733,16.560482280203907
"2025-03-24 15:39:09.0000",9.64,62.17,13.436089515686035,9.568588218124335,18.766473574184914
"2025-03-24 16:38:56.0000",9.32,63.6,17.116199493408203,10.955509687337301,19.12427990110907
"2025-03-24 17:08:49.0000",8.73,66.2,17.17966651916504,10.658728888819109,18.248916373823633
"2025-03-24 17:38:41.0000",8.36,67.02,12.0629243850708,8.632000773658227,17.271813281119524
"2025-03-24 18:08:33.0000",8.16,67.33,7.434602737426758,6.375460789891738,12.553656546415812
"2025-03-24 18:38:26.0000",7.67,67.86,8.598104476928711,6.9408612402790615,14.424516486163842
"2025-03-24 19:38:11.0000",7.07,68.81,5.112101078033447,5.154765653181942,12.447691324268916
"2025-03-24 20:08:05.0000",6.85,69.43,6.581022262573242,6.334353053517709,12.26670895880145
"2025-03-24 20:37:59.0000",6.75,69.69,4.294857501983643,4.839993528757189,14.299895138149104
"2025-03-24 21:37:46.0000",6.65,70.24,2.756774425506592,3.4870572263236146,8.988538720958399
"2025-03-24 22:07:41.0000",6.56,70.35,3.2115204334259033,3.7427833170508653,9.939089493180786
"2025-03-24 22:37:34.0000",6.33,70.54,3.274556875228882,3.9158523818679147,10.843667530377846
"2025-03-24 23:07:27.0000",6.21,70.93,3.0059735774993896,3.6153007884500936,9.673326654384748
"2025-03-25 00:07:15.0000",6.7,70.9,3.9906134605407715,3.879624420791654,10.32530882243956
"2025-03-25 00:37:08.0000",7.14,70.9,4.703490734100342,4.267473505372087,10.593025429637084
"2025-03-25 01:07:01.0000",7.51,70.74,4.486382007598877,4.14580253999314,9.13589264048527
"2025-03-25 01:36:53.0000",7.86,70.71,3.8787472248077393,3.819388655782468,9.502339575534675
"2025-03-25 02:06:48.0000",8.19,70.54,24.171245574951172,18.42263701214029,18.753013625122065
"2025-03-25 02:36:41.0000",8.37,70.5,43.82546615600586,32.15721867760215,26.725755346111995
"2025-03-25 03:36:27.0000",8.39,70.75,2.905886650085449,3.8475597486186044,9.971755735000766
"2025-03-25 04:06:21.0000",8.37,71.36,6.916118144989014,6.529700666264221,11.518166373667196
"2025-03-25 04:36:14.0000",8.39,72.09,6.747384548187256,6.2395749610509945,12.893430246965854
"2025-03-25 05:06:08.0000",8.49,72.62,6.300069808959961,5.728276910487013,10.715147469328622
"2025-03-25 05:36:01.0000",8.41,73.41,-1.4098648859776536e31,-6.408638469534527e29,-4.6824811977152995e29
"2025-03-25 06:05:54.0000",8.26,73.62,25.238666534423828,18.248863900011205,17.0873978679937
"2025-03-25 06:35:48.0000",8.09,74.89,-1.4098648859776536e31,-6.408638469534527e29,-4.6824811977152995e29
"2025-03-25 07:05:43.0000",8.02,74.81,-1.4098648859776536e31,-6.408638469534527e29,-4.6824811977152995e29
"2025-03-25 08:05:31.0000",8.13,75.7,-1.4098648859776536e31,-6.408638469534527e29,-4.6824811977152995e29
"2025-03-25 08:35:25.0000",8.32,76.85,-1.4098648859776536e31,-6.408638469534527e29,-4.6824811977152995e29
"2025-03-25 09:05:17.0000",8.6,79.72,-1.4098648859776536e31,-6.408638469534527e29,-4.6824811977152995e29
"2025-03-25 09:35:11.0000",8.76,79.76,5.556568622589111,3.1254443756083146,6.633767008948292
"2025-03-25 10:05:04.0000",8.92,78.77,-1.4098648859776536e31,-6.408638469534527e29,-4.6824811977152995e29
"2025-03-25 10:34:59.0000",9.13,78.82,-1.4098648859776536e31,-6.408638469534527e29,-4.6824811977152995e29
"2025-03-25 11:04:55.0000",10.89,78.68,-1.4098648859776536e31,-6.408638469534527e29,-4.6824811977152995e29
"2025-03-25 11:34:51.0000",11.39,78.75,-1.4098648859776536e31,-6.408638469534527e29,-4.6824811977152995e29
"2025-03-25 12:04:45.0000",11.2,77.68,1.579269289970398,2.951155491628719,8.518524612488132
"2025-03-25 12:34:37.0000",11.05,76.33,-1.4098648859776536e31,-6.408638469534527e29,-4.6824811977152995e29
"2025-03-25 13:04:32.0000",11.65,74,1.7849963903427124,3.543319972838141,10.898187237308823
"2025-03-25 13:34:25.0000",11.56,72.52,1.8369941711425781,3.819603768165163,11.438547700944437
"2025-03-25 14:34:10.0000",11.89,70.79,1.3404114246368408,3.3547629174515827,10.628684051480432
"2025-03-25 15:04:04.0000",11.31,70.62,1.41715669631958,3.3325749803881553,9.939575373545173
"2025-03-25 15:33:57.0000",10.86,70.74,1.6448184251785278,3.5885152728204037,11.031342483279126
"2025-03-25 16:03:49.0000",10.55,70.88,1.1194310188293457,3.1019652360064094,10.259973547201282
"2025-03-25 16:33:42.0000",10.16,70.41,13.273802757263184,11.230986578792034,15.013973566639333
"2025-03-25 17:33:29.0000",10.12,69.71,14.898536682128906,12.564146415351514,16.014061729551305
"2025-03-25 18:03:20.0000",9.26,70.08,17.009235382080078,14.055450589721424,16.952135127309738
"2025-03-25 18:33:12.0000",8.54,70.75,54.201019287109375,39.89025599068717,32.52255791855236
"2025-03-25 19:03:06.0000",8.19,70.99,18.518632888793945,14.92350531788709,15.824217765483041
"2025-03-25 19:32:57.0000",7.6,71.38,1.611627459526062,3.104775875758122,9.625577042110724
"2025-03-25 20:02:49.0000",7.2,71.81,1.8339011669158936,3.3338556459086597,12.971933718527005
"2025-03-25 20:32:41.0000",6.94,72.08,1.5937438011169434,2.969835951636741,9.404775149977139
"2025-03-25 21:02:34.0000",6.81,72.15,1.5422905683517456,3.0032486466636095,9.826484866026505
"2025-03-25 21:32:27.0000",6.55,72.4,1.9252804517745972,3.1544333316201105,9.035328831134585
"2025-03-25 22:02:21.0000",6.48,72.61,1.9423987865447998,2.9269763376508195,8.575547291972692
"2025-03-25 22:32:14.0000",6.25,72.94,2.036785125732422,3.2359372888678175,10.376841169140425
"2025-03-25 23:02:06.0000",6.01,73.23,4.683578014373779,5.009254868739963,10.644513251408778
"2025-03-25 23:32:00.0000",5.77,73.64,2.668811559677124,3.610446270265719,11.178511753222033
"2025-03-26 00:01:54.0000",5.75,73.94,2.2542881965637207,3.36989650615008,9.852112872491698
"2025-03-26 00:31:48.0000",6,74.25,2.4454479217529297,2.8736158090258104,7.814868518865139
"2025-03-26 01:01:37.0000",5.49,74.56,12.149145126342773,9.843516372848498,12.35801164384841
"2025-03-26 01:31:31.0000",5.82,74.8,2.514202833175659,3.0889293423626665,8.342640904689716
"2025-03-26 02:31:17.0000",5.41,75.09,2.6740188598632812,3.206941593129478,8.614382709708915
"2025-03-26 03:01:11.0000",5.61,75.18,2.6194305419921875,3.2661803161512966,9.081995134934678
"2025-03-26 03:31:04.0000",5.84,75.22,2.2790303230285645,3.185533790757716,9.076816770421248
"2025-03-26 04:00:58.0000",6.25,75.02,2.3249592781066895,3.128118445596532,9.185469247801326
"2025-03-26 04:30:52.0000",6.44,75.02,2.1190316677093506,2.8913254951819565,8.187129116646808
"2025-03-26 05:00:45.0000",6.8,74.99,2.856343984603882,3.3856975260007514,9.275866044049543
"2025-03-26 05:30:39.0000",6.74,74.94,3.819666624069214,3.7077954425213706,8.947672972697148
"2025-03-26 06:00:33.0000",6.47,75.13,10.41992473602295,8.306054537973068,11.650907772878744
"2025-03-26 07:00:19.0000",6.63,75.33,17.763776779174805,13.074705525952414,15.574506540422446
"2025-03-26 08:30:02.0000",9.53,73.83,4.9578752517700195,4.279710564255143,9.452185542624111
"2025-03-26 09:00:02.0000",12.24,72.15,3.3101210594177246,3.4403966958045773,9.062213110366288
"2025-03-26 09:29:56.0000",12.54,70.29,2.8063442707061768,3.6859940262842064,9.615543596646011
"2025-03-26 09:59:46.0000",11.8,71.28,2.1929376125335693,3.2472861125956842,8.893159122669076
"2025-03-26 10:29:40.0000",11.9,70.39,2.223416566848755,3.6160863202703757,11.65175031348928
"2025-03-26 10:59:36.0000",15.07,69.4,1.7684472799301147,3.036718069067933,8.828819234701227
"2025-03-26 11:29:36.0000",18.61,66.06,5.994684219360352,5.559276503927579,12.419790702450022
"2025-03-26 11:59:28.0000",18.18,64.12,2.008924961090088,4.2841481632320955,12.148673933180769
"2025-03-26 12:29:22.0000",18.75,60.41,2.604360342025757,5.0309071368275475,15.031157872826887
"2025-03-26 12:59:10.0000",14.08,56.81,2.588209867477417,4.693127793778849,12.687441574334171
"2025-03-26 13:29:00.0000",12.4,58.86,2.781193733215332,4.559507624956272,12.444312642428752
"2025-03-26 13:58:52.0000",11.92,59.92,2.5347580909729004,4.36101766594989,12.726523762569773
"2025-03-26 14:28:46.0000",11.26,60.58,2.520689010620117,4.2522747077860465,11.853571382043063
"2025-03-26 14:58:37.0000",10.76,61.87,3.1017005443573,4.615622633779175,12.353020018879189
"2025-03-26 15:28:30.0000",10.83,62.66,3.3901984691619873,4.504823470850894,12.231594929196927
"2025-03-26 15:58:24.0000",11.28,62.81,2.028728723526001,3.6196928079131037,9.905142703239191
"2025-03-26 16:28:18.0000",11.25,63.04,1.6186903715133667,3.2924568293727288,9.93153199515896
"2025-03-26 16:58:12.0000",10.98,63.38,1.384251594543457,3.081673361545314,9.32767341252164
"2025-03-26 17:28:03.0000",10.72,63.86,1.7642186880111694,3.3106611032832785,11.115383624050208
"2025-03-26 18:57:41.0000",9.31,65.32,1.5289133787155151,3.078540080220931,9.720229578140799
"2025-03-26 19:27:33.0000",9.09,65.72,2.084357261657715,3.1908649466693895,8.728550989873359
"2025-03-26 19:57:26.0000",8.96,66.03,2.722550630569458,3.4192785859389305,9.50602532557461
"2025-03-26 20:27:18.0000",8.5,66.47,3.4766416549682617,3.6338129928618623,8.754028762251835
"2025-03-26 21:27:05.0000",8.15,67.22,2.8262484073638916,3.290623478150846,8.457120995115703
"2025-03-26 21:56:57.0000",7.89,67.81,2.5776331424713135,2.975765818496053,8.593264831213446
"2025-03-26 22:26:48.0000",7.53,68.22,2.1624972820281982,2.8962305160908413,8.059793575919521
"2025-03-26 22:56:41.0000",7.21,68.61,2.083298444747925,2.853518710698933,7.890727759012965
"2025-03-26 23:26:35.0000",7.48,69.26,1.9291083812713623,2.6980142896119457,7.879904227087376
"2025-03-27 00:26:22.0000",7.69,70.05,3.829392671585083,3.7532803579444303,8.8954846897505
"2025-03-27 00:56:16.0000",7.97,70.21,3.3786966800689697,3.370329167850281,8.252603502810658
"2025-03-27 01:56:04.0000",8.54,70.59,16.422866821289062,12.682872755590816,13.609438678716208
"2025-03-27 02:25:57.0000",8.4,70.59,15.452320098876953,12.177925990757188,12.940193262327103
"2025-03-27 02:55:50.0000",7.86,71.07,1.208794355392456,2.252839679051452,7.22838873396107
"2025-03-27 03:25:44.0000",7.94,71.59,1.9304835796356201,2.732868004794303,7.726301780775843
"2025-03-27 03:55:37.0000",8.06,71.7,1.5695416927337646,2.569999640881793,7.569997491704098
"2025-03-27 04:25:29.0000",7.56,72.12,4.027280330657959,3.3342629325803226,7.875269018153344
"2025-03-27 04:55:22.0000",7.04,72.81,3.48903226852417,3.1390179212656557,7.446884740426945
"2025-03-27 05:25:15.0000",6.89,73.16,2.4496753215789795,2.694669448283797,7.085041200040648
"2025-03-27 05:55:08.0000",6.89,73.51,2.2486114501953125,2.4741773327275087,6.87206907336546
"2025-03-27 06:25:02.0000",7.02,73.95,1.3326137065887451,2.1263943113319246,6.685598087105424
"2025-03-27 07:24:50.0000",8.15,74.42,0.9048769474029541,1.8460277757938814,6.557302680505224
"2025-03-27 07:54:45.0000",8.85,74.05,1.124517560005188,2.0584630804047817,6.60408557518258
"2025-03-27 08:24:41.0000",10.77,73.4,3.2780940532684326,3.432501347022046,8.59649106270567
"2025-03-27 08:54:40.0000",14.64,70.31,0.4745393395423889,1.764934934688411,6.560605742856528
"2025-03-27 09:24:39.0000",17.74,67.94,0.2573177218437195,1.7337280170162532,7.009797784063767
"2025-03-27 09:54:37.0000",19.13,65.4,0.3072727620601654,2.0167290745564026,7.407446960844252
"2025-03-27 10:24:27.0000",17.85,64.82,0.38444972038269043,2.29424051692076,8.327521538547366
"2025-03-27 10:54:24.0000",19.93,61.37,0.6049906015396118,2.643738581151969,8.650714260787577
"2025-03-27 11:24:18.0000",21.31,59.4,0.2686499357223511,2.8040867041305755,10.129041077407784
"2025-03-27 11:54:12.0000",21.8,56.27,0.39162567257881165,3.002317594963282,10.506355735843359
"2025-03-27 12:53:58.0000",19.09,52.88,0.40450137853622437,3.2632620562880272,11.204284752327418
"2025-03-27 13:23:46.0000",16.4,54.75,1.3338158130645752,3.654967027428489,11.406600905366162
"2025-03-27 13:53:38.0000",15.99,55.16,0.656766951084137,3.2564426084565703,10.549837302125233
"2025-03-27 14:23:30.0000",15.36,55.93,0.8582726120948792,3.274087735078719,10.630662439283187
"2025-03-27 14:53:22.0000",15.15,57.14,0.8835881352424622,3.1665630448315083,10.559523334398678
"2025-03-27 15:23:15.0000",14.99,57.84,0.6623003482818604,3.04151641935329,10.290871566344475
"2025-03-27 16:22:58.0000",13.67,60.43,0.9453150629997253,3.000820624543027,9.217897221522765
"2025-03-27 16:52:50.0000",13.15,61.62,0.7549120783805847,2.724275084680727,8.675622062027399
"2025-03-27 17:22:43.0000",12.87,62.83,0.6752038598060608,2.6728297914977346,9.057557850629456
"2025-03-27 17:52:37.0000",12.63,63.72,0.98862224817276,2.8257359962077735,8.674278182465832
"2025-03-27 18:22:30.0000",12.31,64.64,1.2408396005630493,2.9124983332250114,8.676317416549162
"2025-03-27 19:22:16.0000",12.16,65.43,0.9949147701263428,2.6801066536452156,8.21166228070418
"2025-03-27 19:52:10.0000",12.06,65.56,1.5840257406234741,3.0206744441875624,8.573479834641946
"2025-03-27 20:22:05.0000",11.78,66.08,0.9586246609687805,2.646533510998248,8.216370798949466
"2025-03-27 20:51:56.0000",11.41,66.58,0.9246404767036438,2.5267087709685034,7.94811162547902
"2025-03-27 21:21:48.0000",11.23,67.13,0.9111860990524292,2.536992543263453,8.097731595470341
"2025-03-27 21:51:41.0000",11.08,67.62,1.2937194108963013,2.545636134543617,8.597113106550538
"2025-03-27 22:21:33.0000",11.02,68,0.39514222741127014,2.0289453832975517,7.174637100229622
"2025-03-27 22:51:26.0000",10.92,69.17,0.3237974941730499,1.842473628734365,6.914474238250931
"2025-03-27 23:21:20.0000",10.84,69.56,0.22344444692134857,1.7526921521615015,6.525090882088678
"2025-03-27 23:51:12.0000",10.64,70.07,0.34901225566864014,1.9065415775133774,7.128809096376882
"2025-03-28 00:21:05.0000",10.33,70.4,0.4725533425807953,1.946636815221714,6.902971665697538
"2025-03-28 00:50:58.0000",10.14,70.11,1.0830239057540894,2.6748014289907354,8.140959964512573
"2025-03-28 01:20:51.0000",9.91,69.65,0.8533660173416138,2.6410492951300437,8.529051476604703
"2025-03-28 01:50:43.0000",9.2,69.98,0.8661482334136963,2.5179394528419596,8.336072124964684
"2025-03-28 02:20:35.0000",8.27,71.88,1.1088944673538208,2.31328469177247,7.203375436395174
"2025-03-28 02:50:27.0000",7.67,72.68,2.318049192428589,3.787241881681833,10.91247895949703
"2025-03-28 03:20:20.0000",7.99,72.8,-1.4098648859776536e31,-6.408638469534527e29,-4.6824811977152995e29
"2025-03-28 03:50:13.0000",8.35,73.91,3.322478771209717,4.5435186279590445,13.084432137784997
"2025-03-28 04:20:06.0000",7.77,73.45,3.5254406929016113,4.982686425557423,13.486170730559767
"2025-03-28 04:49:59.0000",7.43,73.66,-1.4098648859776536e31,-6.408638469534527e29,-4.6824811977152995e29
"2025-03-28 05:19:52.0000",7.26,73.77,3.6478426456451416,5.400440211143253,15.120925195800996
"2025-03-28 05:49:46.0000",7.53,74.02,2.2837390899658203,3.9063879472791596,10.665167091703603
"2025-03-28 06:49:35.0000",8.05,73.43,3.225325345993042,4.987387935418312,13.189828640387512
"2025-03-28 07:19:28.0000",7.76,74.33,2.776228427886963,4.408638455169828,11.631150492585608
"2025-03-28 07:49:20.0000",8.25,73.34,-1.4098648859776536e31,-6.408638469534527e29,-4.6824811977152995e29
"2025-03-28 08:19:16.0000",9.32,71.93,2.397578001022339,4.27990705862172,13.587387571555093
"2025-03-28 08:49:14.0000",12.07,67.05,2.403134822845459,4.458462538357086,14.181982739394327
"2025-03-28 09:19:09.0000",13.22,62.42,2.770409107208252,5.392689550780679,15.654939547498287
"2025-03-28 09:49:06.0000",15.48,60.84,2.4106264114379883,4.882279892654862,17.197282981708707
"2025-03-28 10:19:01.0000",15.33,58.36,2.9286012649536133,5.347945201636253,15.78019910656665
"2025-03-28 10:48:53.0000",14.88,55.64,3.4384193420410156,5.947029531808198,18.550618041803837
"2025-03-28 11:18:51.0000",15.38,51.04,2.9588053226470947,6.3844763852511015,18.23090759139293
"2025-03-28 12:18:36.0000",14.7,49.04,2.9067254066467285,6.2588356736392825,19.15259271893877
"2025-03-28 12:48:31.0000",13.37,48.71,3.0454447269439697,6.490167810661991,21.805358775443647
"2025-03-28 13:18:18.0000",10.84,51.24,2.5137038230895996,5.728409258293105,18.155406015467737
"2025-03-28 13:48:12.0000",10.35,52.09,2.8256754875183105,5.881120258518978,17.752455885603382
"2025-03-28 14:18:06.0000",10.53,53.25,2.4690237045288086,5.393096754439572,16.91020955196706
"2025-03-28 14:47:58.0000",9.76,54.86,2.9096016883850098,5.783907994724349,17.65986323486723
"2025-03-28 15:17:50.0000",9.59,56.57,2.6163277626037598,5.26989266803517,14.562322615743835
"2025-03-28 15:47:43.0000",9.24,57.42,2.414242744445801,5.126438047097975,16.010678755802232
"2025-03-28 16:47:28.0000",8.06,61.62,1.2914799451828003,3.563287128965973,11.971825985020459
"2025-03-28 17:17:20.0000",7.76,62.16,1.235921859741211,3.467112346891517,13.14455997447769
"2025-03-28 17:47:14.0000",7.45,63.56,0.9590775966644287,3.004994223624133,10.485729667108442
"2025-03-28 18:17:07.0000",7.07,64.28,1.632373571395874,3.620978815679256,10.448145527219646
"2025-03-28 18:47:00.0000",6.82,66.01,1.751474380493164,3.38648222809429,10.820541144900835
"2025-03-28 19:46:49.0000",6.87,66.36,18.1326961517334,14.903584137265332,17.471523998338622
"2025-03-28 21:16:31.0000",6.84,68.09,3.0913941860198975,4.699983367552331,13.210484844256882
"2025-03-28 21:46:23.0000",6.98,68.8,2.2181711196899414,4.202340084841667,12.127910143813335
"2025-03-28 22:16:17.0000",6.85,68.25,2.5181450843811035,4.3561068259383715,14.509185592342535
"2025-03-28 23:16:02.0000",6.45,69.41,2.3546478748321533,4.002923345879792,11.56645508104179
"2025-03-28 23:45:55.0000",6.37,69.55,3.0013957023620605,4.797791548451478,14.329407520194618
"2025-03-29 00:15:49.0000",6.48,70.71,-1.4098648859776536e31,-6.408638469534527e29,-4.6824811977152995e29
"2025-03-29 01:15:37.0000",6.3,70.36,3.4738047122955322,5.329593138757786,15.124418017796694
"2025-03-29 01:45:31.0000",6.3,70.81,3.5372960567474365,5.421823910449248,15.598844946713486
"2025-03-29 02:15:23.0000",6.1,70.85,3.4177403450012207,5.2091772920073005,16.108240198980244
"2025-03-29 02:45:17.0000",5.87,71.04,-1.4098648859776536e31,-6.408638469534527e29,-4.6824811977152995e29
"2025-03-29 03:15:11.0000",5.83,71.15,43.50674057006836,31.384013753453228,26.768962060878554
"2025-03-29 03:45:04.0000",5.51,71.39,3.5917789936065674,5.190724591662807,13.819408619386492
"2025-03-29 04:14:57.0000",5.45,71.52,3.5419392585754395,4.983899599656831,15.244438248116285
"2025-03-29 04:44:50.0000",5.34,71.57,3.4880080223083496,5.050421901987578,14.622998528991658
"2025-03-29 05:14:44.0000",5.25,71.71,-1.4098648859776536e31,-6.408638469534527e29,-4.6824811977152995e29
"2025-03-29 05:44:38.0000",5.23,71.81,3.354310989379883,4.9348794468738575,14.041280229576094
"2025-03-29 06:44:25.0000",5.92,71.36,3.037099838256836,4.563431183757709,12.72374807783336
"2025-03-29 07:14:17.0000",6.4,70.91,2.682797431945801,4.2970923855009175,13.247107709960108
"2025-03-29 08:14:06.0000",6.82,70.43,18.99501609802246,15.865688243431329,19.238744335015525
"2025-03-29 08:44:00.0000",7.72,70.13,2.680997848510742,4.353322185526818,12.765111782070504
"2025-03-29 09:13:53.0000",8.5,69.21,2.872464418411255,4.661795484994045,12.087781277218859
"2025-03-29 09:43:50.0000",9.47,67.97,5.608486175537109,6.5185716542361245,13.16365493887687
"2025-03-29 10:13:46.0000",10.67,66.07,3.0594394207000732,4.9239754545848635,15.001001633166705
"2025-03-29 11:13:33.0000",10.37,64.94,3.612208366394043,5.173224726918953,13.619511835727371
"2025-03-29 11:43:27.0000",11.11,63.7,2.888838052749634,4.865459973097941,13.865014397508626
"2025-03-29 12:43:15.0000",12.61,61.1,2.738236904144287,4.982450327698939,14.072778844059771
"2025-03-29 13:13:09.0000",12.17,60.65,2.3005497455596924,4.808598368537005,14.399054456501485
"2025-03-29 13:43:01.0000",11.19,59.69,2.37310528755188,4.569477864517645,13.595324528510293
"2025-03-29 14:12:52.0000",10.25,60.23,3.0350422859191895,5.118371422966595,15.053688827529301
"2025-03-29 14:42:45.0000",10.4,61.09,2.9551007747650146,4.917305642215567,12.868793851782815
"2025-03-29 15:12:38.0000",9.75,62.18,6.881085395812988,7.401206876004009,14.406806866977428
"2025-03-29 16:12:22.0000",9.79,64.39,38.31175994873047,28.535145700750387,27.085996779136075
"2025-03-29 16:42:15.0000",9.17,66.27,48.25026321411133,35.09733782693247,29.36964190195686
"2025-03-29 17:12:09.0000",9.91,66.94,38.54608917236328,28.154257096704505,24.059800288176298
"2025-03-29 18:11:56.0000",10.68,67.3,1.844333529472351,2.933245444271111,8.521668445927954
"2025-03-29 18:41:49.0000",10.8,67.66,1.187809705734253,2.473556509364619,7.659703686512901
"2025-03-29 19:41:36.0000",10.85,68,0.952386736869812,2.306990380639618,7.506829936979032
"2025-03-29 20:11:29.0000",10.99,69.28,1.826149344444275,2.5752481206302873,7.424307256689572
"2025-03-29 20:41:22.0000",11.02,68.92,1.5753774642944336,2.7213540836680012,8.152061385632912
"2025-03-29 21:11:17.0000",10.81,71,1.1128344535827637,2.1272956499930484,6.6631987943865365
"2025-03-29 21:41:10.0000",10.18,73.58,3.188729763031006,3.757409289422151,8.743511181076972
"2025-03-29 22:40:55.0000",9.67,74.39,3.1168100833892822,4.2341260306482935,11.370977842811978
"2025-03-29 23:10:48.0000",9.23,75.22,-1.4098648859776536e31,-6.408638469534527e29,-4.6824811977152995e29
"2025-03-29 23:40:39.0000",8.98,75.41,-1.4098648859776536e31,-6.408638469534527e29,-4.6824811977152995e29
"2025-03-30 00:10:33.0000",8.8,76.19,-1.4098648859776536e31,-6.408638469534527e29,-4.6824811977152995e29
"2025-03-30 00:40:26.0000",8.71,76.87,14.47066879272461,13.878277187458714,23.483274644172795
"2025-03-30 01:10:18.0000",8.54,76.58,7.613508701324463,8.467263293165646,15.768653326563049
"2025-03-30 01:40:12.0000",8.16,75.98,12.246664047241211,13.59540224124563,28.471104578278705
"2025-03-30 02:10:04.0000",8.03,76.38,10.696676254272461,12.528354829264677,25.309173657640955
"2025-03-30 02:39:57.0000",7.97,77.06,-1.4098648859776536e31,-6.408638469534527e29,-4.6824811977152995e29
"2025-03-30 03:09:50.0000",7.84,77.08,-1.4098648859776536e31,-6.408638469534527e29,-4.6824811977152995e29
"2025-03-30 04:09:36.0000",7.96,77.13,-1.4098648859776536e31,-6.408638469534527e29,-4.6824811977152995e29
"2025-03-30 04:39:29.0000",7.72,77.46,-1.4098648859776536e31,-6.408638469534527e29,-4.6824811977152995e29
"2025-03-30 05:09:22.0000",7.67,77.06,-1.4098648859776536e31,-6.408638469534527e29,-4.6824811977152995e29
"2025-03-30 05:39:17.0000",7.66,77.49,-1.4098648859776536e31,-6.408638469534527e29,-4.6824811977152995e29
"2025-03-30 06:39:06.0000",8.01,77.47,-1.4098648859776536e31,-6.408638469534527e29,-4.6824811977152995e29
"2025-03-30 07:08:59.0000",8.44,77.08,-1.4098648859776536e31,-6.408638469534527e29,-4.6824811977152995e29
"2025-03-30 07:38:53.0000",8.84,76.54,8.098511695861816,10.289444507406627,24.541547025266894
"2025-03-30 08:08:47.0000",9.67,75.7,31.46272087097168,26.4262513362306,34.24191493413008
"2025-03-30 08:38:42.0000",10.59,74.1,49.9421501159668,38.83924571929291,36.492406656176776
"2025-03-30 09:08:41.0000",14.03,68.12,6.207184791564941,8.49107582753504,23.850914235881234
"2025-03-30 09:38:38.0000",15.66,62.2,6.534465789794922,9.398117170990483,26.630942923779383
"2025-03-30 10:08:32.0000",15.65,60.27,4.913419723510742,7.96625457366382,22.960322713612108
"2025-03-30 10:38:27.0000",16.92,58.59,5.649404525756836,8.893801919239793,26.534686192202955
"2025-03-30 11:08:21.0000",16.23,57.87,4.101848125457764,7.250264288504295,20.154428641000333
"2025-03-30 11:38:15.0000",16.63,55.51,4.459133148193359,7.685982033650255,24.02432386400202
"2025-03-30 12:08:11.0000",16.64,53.19,3.7429840564727783,7.16226001438898,21.017986903880892
"2025-03-30 12:38:01.0000",14.63,54.89,5.053544521331787,8.763289295586553,25.840541109803247
"2025-03-30 14:37:26.0000",11.26,61.66,4.240232467651367,7.136974901252857,22.7275807385852
"2025-03-30 15:07:19.0000",11.12,62.19,3.9097084999084473,6.63919769987049,21.411498704521126
"2025-03-30 15:37:11.0000",10.84,63.28,3.7789254188537598,6.408155921536422,17.724653173046484
"2025-03-30 16:07:03.0000",10.66,64.21,4.161031723022461,6.552289004918853,21.470528752228535
"2025-03-30 16:36:56.0000",10.48,64.82,10.565709114074707,10.931497242746422,21.90086330518976
"2025-03-30 17:06:49.0000",10.25,64.75,21.614883422851562,18.186400323696365,23.552831943831016
"2025-03-30 17:36:43.0000",10.03,65.19,24.002412796020508,20.010819483676993,26.59772188235314
"2025-03-30 18:06:37.0000",9.83,65.34,38.61009979248047,30.23738818124602,33.0927022360108
"2025-03-30 18:36:29.0000",9.25,66.05,38.06787109375,29.899502189745814,33.228356118757034
"2025-03-30 19:06:22.0000",8.73,66.61,4.404235363006592,6.619873738784177,19.27519624707193
"2025-03-30 19:36:16.0000",8.45,67.03,4.529744625091553,6.482075196269386,19.236953869288854
"2025-03-30 20:06:08.0000",8.28,67.32,3.681603193283081,5.646238888545676,16.737023847244487
"2025-03-30 20:36:02.0000",8.41,67.85,3.745835781097412,5.829902341356063,16.01290103915039
"2025-03-30 21:05:56.0000",8.07,67.88,4.290676116943359,6.607755442448626,19.078090646529066
"2025-03-30 21:35:48.0000",7.79,68,4.195777416229248,6.454083351464109,19.89711223590146
"2025-03-30 22:05:42.0000",7.56,68.28,3.923436164855957,6.143112525001343,16.663124567986507
"2025-03-30 22:35:34.0000",7.6,68.58,3.736490488052368,5.844662857849957,17.04336327268641
"2025-03-30 23:05:26.0000",7.48,68.58,3.878408908843994,5.982958255085925,18.023174464969777
"2025-03-31 00:05:13.0000",7.14,69.24,3.6997509002685547,5.735443425445216,18.892475038780706
"2025-03-31 00:35:07.0000",7.25,69.52,4.01503324508667,5.9682254700921575,17.93689521405819
"2025-03-31 01:05:01.0000",6.95,69.71,3.605611801147461,5.488272930212245,15.931871680222372
"2025-03-31 01:34:53.0000",6.7,70.14,3.916569948196411,5.935041505272588,20.005572012122457
"2025-03-31 02:04:46.0000",6.68,70.33,4.317505359649658,5.965354867196352,16.821142434141677
"2025-03-31 02:34:40.0000",6.61,70.65,3.8221733570098877,5.612865955074929,17.204494203734704
"2025-03-31 03:04:33.0000",7.01,70.73,4.180286884307861,5.903616927008384,15.545559619409714
"2025-03-31 04:04:23.0000",6.89,70.96,3.988074779510498,5.724406665935323,16.021055763330644
"2025-03-31 04:34:16.0000",6.87,71.1,4.7509589195251465,6.2085350672366895,17.074155672525706
"2025-03-31 05:34:03.0000",7.18,71.18,3.726360559463501,5.531561903618027,14.90292457671931
"2025-03-31 06:03:56.0000",6.94,71.27,3.8677337169647217,5.244414087310241,14.606949953897722
"2025-03-31 07:03:41.0000",7.08,71.57,3.87636137008667,5.228310157228285,14.340823130964448
"2025-03-31 07:33:37.0000",7.51,71.52,3.7841334342956543,4.979443093235593,13.655366861916876
"2025-03-31 08:33:25.0000",8.87,70.77,3.9032998085021973,5.113093513216138,14.067186196487597
"2025-03-31 09:03:18.0000",9.32,70.46,3.982628583908081,5.342269442034157,14.901062179576227
"2025-03-31 09:33:13.0000",10.11,70.04,6.3385772705078125,6.987886420961695,15.389708777321394
"2025-03-31 10:03:10.0000",11.71,68.92,3.8214285373687744,5.31055100433827,16.84732567688679
"2025-03-31 10:33:05.0000",12.49,67.92,3.610891342163086,5.210767869152383,13.168699624096718
"2025-03-31 11:03:01.0000",13.05,67.01,4.1458306312561035,5.660376379118297,16.150736730540004
"2025-03-31 11:32:55.0000",13.92,66.13,3.507434129714966,5.2926905650515925,14.189829111612998
"2025-03-31 12:02:49.0000",14.25,65.34,3.4921891689300537,5.6014648372046905,16.220059884411718
"2025-03-31 12:32:43.0000",15.06,64.24,3.556574821472168,5.8022699166260665,17.193426717540568
"2025-03-31 13:02:39.0000",15.69,63.1,3.409404993057251,5.703465246053941,15.702979090381193
"2025-03-31 13:32:35.0000",16.7,61.39,3.5358870029449463,6.086222188787373,16.767241049257287
"2025-03-31 14:02:27.0000",16.61,60.61,3.1249923706054688,5.897938065747793,18.51531329894057
"2025-03-31 14:32:21.0000",16.2,60.25,3.317272663116455,5.802639808583042,17.341681742402866
"2025-03-31 15:02:16.0000",15.93,59.73,3.2859654426574707,6.223408996922368,21.034986656418727
"2025-03-31 15:32:09.0000",15.99,59.54,3.942249298095703,6.355621908992607,17.77015760933725
"2025-03-31 16:02:01.0000",15.94,59.27,3.653268814086914,6.15622295890014,19.214785479465203
"2025-03-31 16:31:54.0000",15.84,59.16,3.63326358795166,6.270493729354031,18.446392075009815
"2025-03-31 17:01:48.0000",15.77,59.1,3.3205766677856445,6.143145388035338,17.38264164560115
"2025-03-31 17:31:41.0000",15.6,59.15,3.218003988265991,5.928843816094367,18.12103169274732
"2025-03-31 18:01:33.0000",15.39,59.18,2.9553298950195312,5.750480868535077,16.622983057872823
"2025-03-31 18:31:26.0000",14.93,59.16,2.643278121948242,5.134245202811357,15.557463018632596
"2025-03-31 19:01:18.0000",14.5,59.37,3.1729788780212402,5.740964818416055,19.25251620397421
"2025-03-31 19:31:11.0000",14.16,59.55,3.8493540287017822,6.262222211502427,19.7758424742684
"2025-03-31 20:01:04.0000",13.4,60.07,4.669471263885498,6.709678738203023,21.20404525218398
"2025-03-31 21:00:50.0000",12.79,60.86,3.90273118019104,6.333156684635776,17.999612536642775
"2025-03-31 21:30:44.0000",12.46,61.15,4.7519850730896,6.580595540307828,18.342473505113915
"2025-03-31 22:00:35.0000",12.13,61.28,3.7356958389282227,5.777799307341355,17.13084842356172
"2025-03-31 22:30:29.0000",11.92,61.2,3.1002094745635986,5.125602540388351,16.69015456311777
"2025-03-31 23:00:23.0000",11.58,61.09,3.6077167987823486,5.529407228286411,15.200815972610197
"2025-03-31 23:30:15.0000",11.13,61.23,3.909425735473633,5.916974896701872,16.874759849217735

