"Date & Time",Temperature,Humidity,PM1.0,PM2.5,PM10
"2024-10-01 00:28:54.0000",9.08,106.91,-1.4098648859776536e31,-1.4098648859776536e31,-1.4098648859776536e31
"2024-10-01 00:58:48.0000",9.18,106.76,-1.4098648859776536e31,-1.4098648859776536e31,-1.4098648859776536e31
"2024-10-01 01:28:41.0000",9.27,106.5,-1.4098648859776536e31,-1.4098648859776536e31,-1.4098648859776536e31
"2024-10-01 01:58:36.0000",9.3,106.56,-1.4098648859776536e31,-1.4098648859776536e31,-1.4098648859776536e31
"2024-10-01 02:58:24.0000",9.47,106.67,-1.4098648859776536e31,-1.4098648859776536e31,-1.4098648859776536e31
"2024-10-01 03:28:17.0000",9.51,106.57,-1.4098648859776536e31,-1.4098648859776536e31,-1.4098648859776536e31
"2024-10-01 03:58:10.0000",9.45,106.68,-1.4098648859776536e31,-1.4098648859776536e31,-1.4098648859776536e31
"2024-10-01 04:28:03.0000",9.48,106.72,-1.4098648859776536e31,-1.4098648859776536e31,-1.4098648859776536e31
"2024-10-01 05:27:49.0000",9.47,106.76,-1.4098648859776536e31,-1.4098648859776536e31,-1.4098648859776536e31
"2024-10-01 05:57:43.0000",9.63,106.91,-1.4098648859776536e31,-1.4098648859776536e31,-1.4098648859776536e31
"2024-10-01 06:27:37.0000",9.86,107.2,-1.4098648859776536e31,-1.4098648859776536e31,-1.4098648859776536e31
"2024-10-01 06:57:28.0000",10.04,107.89,-1.4098648859776536e31,-1.4098648859776536e31,-1.4098648859776536e31
"2024-10-01 07:27:21.0000",10.25,108.29,-1.4098648859776536e31,-1.4098648859776536e31,-1.4098648859776536e31
"2024-10-01 07:57:14.0000",10.26,108.06,-1.4098648859776536e31,-1.4098648859776536e31,-1.4098648859776536e31
"2024-10-01 08:27:09.0000",10.54,107.96,-1.4098648859776536e31,-1.4098648859776536e31,-1.4098648859776536e31
"2024-10-01 08:57:02.0000",10.46,107.32,-1.4098648859776536e31,-1.4098648859776536e31,-1.4098648859776536e31
"2024-10-01 09:26:56.0000",10.78,107.24,-1.4098648859776536e31,-1.4098648859776536e31,-1.4098648859776536e31
"2024-10-01 10:26:46.0000",12.22,103.92,2.6597869396209717,13.994292259216309,48.90132141113281
"2024-10-01 12:56:17.0000",13.78,81.48,2.177208662033081,10.321220397949219,33.550086975097656
"2024-10-01 14:25:58.0000",13.77,79.36,2.643650770187378,12.410218238830566,43.96965789794922
"2024-10-01 14:55:49.0000",13.19,80.48,2.913778305053711,15.023430824279785,43.8756103515625
"2024-10-01 15:25:42.0000",13.19,81.75,2.096632719039917,8.976190567016602,25.73759651184082
"2024-10-01 16:25:28.0000",12.58,83.22,1.157672643661499,4.204794406890869,8.776516914367676
"2024-10-01 16:55:19.0000",12.32,84.15,1.4658374786376953,3.8861985206604004,10.438264846801758
"2024-10-01 17:55:04.0000",11.52,86.6,-1.4098648859776536e31,-1.4098648859776536e31,-1.4098648859776536e31
"2024-10-01 18:54:49.0000",10.8,87.97,3.028334379196167,12.544586181640625,36.10154342651367
"2024-10-01 19:24:41.0000",10.74,88.54,3.246882915496826,15.169524192810059,41.11934280395508
"2024-10-01 20:24:26.0000",10.44,88.81,3.092705726623535,13.16163158416748,37.94528579711914
"2024-10-01 21:24:14.0000",10.65,89.25,1.879649043083191,8.939666748046875,27.090864181518555
"2024-10-01 22:24:00.0000",10.53,89.98,1.7338563203811646,7.252456188201904,16.019556045532227
"2024-10-01 22:53:53.0000",10.48,89.97,1.2709940671920776,5.293150424957275,19.886795043945312
"2024-10-01 23:23:45.0000",10.41,90.2,1.290551781654358,5.608980178833008,34.22074890136719
"2024-10-02 00:23:31.0000",10,92.29,1.1966272592544556,5.471675395965576,15.791315078735352
"2024-10-02 00:53:23.0000",10.25,93.67,1.1929233074188232,4.232019424438477,9.110825538635254
"2024-10-02 01:23:17.0000",10.41,93.58,1.331624150276184,6.021772861480713,17.237707138061523
"2024-10-02 01:53:10.0000",10.46,93.03,1.2818174362182617,6.024168968200684,14.391056060791016
"2024-10-02 03:22:50.0000",10.56,93.19,2.3330307006835938,12.288167953491211,35.3929328918457
"2024-10-02 03:52:42.0000",10.39,93.23,-1.4098648859776536e31,-1.4098648859776536e31,-1.4098648859776536e31
"2024-10-02 05:22:21.0000",9.59,94.02,2.3135879039764404,14.426194190979004,47.36470413208008
"2024-10-02 05:52:15.0000",9.88,94,2.4887235164642334,15.822978019714355,57.22736740112305
"2024-10-02 06:22:08.0000",10.18,93.6,2.329569101333618,14.747591972351074,58.838985443115234
"2024-10-02 07:21:55.0000",10.53,93.58,2.4074652194976807,14.064519882202148,47.723365783691406
"2024-10-02 09:21:29.0000",12.45,84.67,19.10840606689453,30.62015151977539,61.8677864074707
"2024-10-02 09:51:24.0000",12.96,76.28,1.0090482234954834,5.3585405349731445,20.168582916259766
"2024-10-02 11:21:05.0000",13.79,69.21,1.317431926727295,6.610137939453125,22.694242477416992
"2024-10-02 11:51:05.0000",17.41,58.33,1.7578437328338623,7.909539699554443,26.363548278808594
"2024-10-02 13:50:33.0000",16.22,55.24,1.4368901252746582,6.625630855560303,34.686485290527344
"2024-10-02 14:20:27.0000",14.88,57.17,1.3445173501968384,6.962174892425537,27.426319122314453
"2024-10-02 15:50:02.0000",13.44,56.98,1.4077759981155396,6.938648700714111,23.18366241455078
"2024-10-02 17:19:39.0000",12.25,63.33,1.890917181968689,8.370025634765625,29.1058349609375
"2024-10-02 18:49:15.0000",10.42,67.69,1.9148776531219482,8.74904727935791,45.8665771484375
"2024-10-02 19:19:06.0000",9.65,69.22,2.8841915130615234,10.22296142578125,33.86725997924805
"2024-10-02 20:18:50.0000",8.46,71.51,4.168553352355957,12.658072471618652,37.575138092041016
"2024-10-02 23:47:56.0000",6.21,77.59,56.035186767578125,61.10819625854492,80.77751159667969
"2024-10-03 01:17:33.0000",5.92,79.16,3.7553136348724365,12.625967979431152,61.54057312011719
"2024-10-03 02:17:19.0000",5.45,80.93,3.9134907722473145,13.90674877166748,67.45770263671875
"2024-10-03 03:46:56.0000",5.9,82.29,2.748966932296753,10.510652542114258,36.19737243652344
"2024-10-03 04:16:49.0000",6.44,82.7,2.7696852684020996,12.906291007995605,37.90804672241211
"2024-10-03 05:16:34.0000",6.19,83.74,3.5798513889312744,11.162851333618164,59.35737609863281
"2024-10-03 07:16:10.0000",10.39,87.54,1.5135767459869385,7.481603145599365,20.83721351623535
"2024-10-03 08:46:02.0000",16.5,72.3,15.888054847717285,21.337116241455078,42.87804412841797
"2024-10-03 10:15:46.0000",18.55,61.84,1.1184399127960205,5.603582382202148,21.989463806152344
"2024-10-03 11:15:34.0000",18.66,58.64,1.0837432146072388,4.745728492736816,17.231489181518555
"2024-10-03 11:45:23.0000",16.27,58.98,1.0288331508636475,5.191168308258057,23.007694244384766
"2024-10-03 12:45:08.0000",14.72,62.74,0.9998583793640137,3.7489984035491943,12.913469314575195
"2024-10-03 14:14:48.0000",14.88,62.72,0.9144643545150757,3.9008235931396484,9.901288986206055
"2024-10-03 14:44:41.0000",14.87,62.56,1.2426214218139648,5.171028137207031,22.713998794555664
"2024-10-03 16:44:13.0000",13.28,64.64,1.0790143013000488,5.859366416931152,28.197404861450195
"2024-10-03 17:43:56.0000",12.03,67.24,1.5842690467834473,6.197639465332031,30.4088191986084
"2024-10-03 21:12:59.0000",10.26,73.31,5.838244438171387,13.26964282989502,45.88490295410156
"2024-10-03 21:42:51.0000",9.55,74.53,2.9201102256774902,8.775219917297363,29.802759170532227
"2024-10-03 22:12:43.0000",9.03,75.71,2.925428628921509,8.337923049926758,25.1463680267334
"2024-10-03 23:12:26.0000",8.65,77.45,2.184812307357788,6.478490352630615,27.580848693847656
"2024-10-04 00:12:12.0000",8.25,78.53,10.101888656616211,14.2501802444458,32.08711624145508
"2024-10-04 01:11:56.0000",7.6,80.21,4.548844814300537,10.60258674621582,31.207929611206055
"2024-10-04 02:41:32.0000",7,83.78,4.712159156799316,11.402156829833984,37.42882537841797
"2024-10-04 03:11:24.0000",6.91,84.59,59.556034088134766,66.95551300048828,86.36180114746094
"2024-10-04 03:41:16.0000",6.73,85.83,-1.4098648859776536e31,-1.4098648859776536e31,-1.4098648859776536e31
"2024-10-04 04:41:00.0000",6.23,87.23,14.829161643981934,24.554243087768555,48.58479690551758
"2024-10-04 07:10:27.0000",7.45,91.69,9.66893482208252,17.385684967041016,33.46685028076172
"2024-10-04 08:10:16.0000",9.68,89.06,6.127465724945068,11.684311866760254,24.040740966796875
"2024-10-04 11:39:38.0000",16.05,63,2.446488618850708,5.538266181945801,14.204248428344727
"2024-10-04 15:38:43.0000",14.44,65.9,1.735835075378418,5.078257083892822,18.299528121948242
"2024-10-04 16:38:28.0000",13.99,67.05,1.7109438180923462,4.9151787757873535,10.739203453063965
"2024-10-04 17:08:20.0000",13.35,68.19,1.904984951019287,5.194662570953369,17.73272705078125
"2024-10-04 17:38:12.0000",12.98,69.54,2.3482930660247803,6.874080657958984,16.9769344329834
"2024-10-04 18:37:57.0000",12.14,72.06,8.99866008758545,12.762149810791016,36.55861282348633
"2024-10-04 19:07:49.0000",11.86,73.71,13.57071304321289,17.309162139892578,27.797819137573242
"2024-10-04 20:07:33.0000",11.2,76.09,5.423679828643799,10.947032928466797,26.32010269165039
"2024-10-04 21:07:18.0000",10.74,78.23,4.537478923797607,8.17343807220459,25.07796287536621
"2024-10-04 21:37:10.0000",10.49,79.02,58.06666946411133,62.22277069091797,84.1146011352539
"2024-10-04 22:07:04.0000",10.38,79.6,6.451543807983398,10.837955474853516,22.421566009521484
"2024-10-04 23:06:47.0000",9.85,81.11,8.078215599060059,11.00312614440918,16.269590377807617
"2024-10-04 23:36:39.0000",9.52,82.56,7.601799011230469,10.600655555725098,18.013357162475586
"2024-10-05 00:36:24.0000",9.53,83.01,8.385384559631348,11.963318824768066,19.380023956298828
"2024-10-05 01:36:10.0000",9.32,84.26,9.076154708862305,12.78735637664795,19.55147361755371
"2024-10-05 02:06:02.0000",9.17,85.3,22.29152488708496,26.186447143554688,40.006927490234375
"2024-10-05 02:35:55.0000",8.97,85.51,10.865564346313477,15.288454055786133,25.81871795654297
"2024-10-05 05:05:19.0000",7.64,89.39,20.164152145385742,26.615278244018555,38.78656768798828
"2024-10-05 07:04:54.0000",9.04,90.36,12.561972618103027,17.56214714050293,26.937654495239258
"2024-10-05 08:04:47.0000",12.24,79,10.502049446105957,14.318821907043457,18.400484085083008
"2024-10-05 09:04:33.0000",13.55,73.54,27.42293357849121,31.037521362304688,37.38729476928711
"2024-10-05 09:34:30.0000",15.98,71.13,6.343923568725586,9.6408052444458,19.956253051757812
"2024-10-05 11:04:13.0000",17.17,60.26,5.130965709686279,7.64958381652832,19.402923583984375
"2024-10-05 11:34:06.0000",17.13,61.17,4.398431777954102,7.536185264587402,25.60650062561035
"2024-10-05 13:03:47.0000",17.47,57.02,4.397048473358154,7.846779823303223,20.95768928527832
"2024-10-05 14:33:22.0000",15.38,59.47,3.2373526096343994,6.8278279304504395,22.746129989624023
"2024-10-05 15:03:11.0000",14.35,62.33,2.900191068649292,5.872845649719238,14.812053680419922
"2024-10-05 15:33:05.0000",14.94,62.19,2.3252086639404297,4.709607124328613,17.620988845825195
"2024-10-05 16:32:47.0000",13.99,63.64,1.7258049249649048,3.3667244911193848,14.632120132446289
"2024-10-05 17:02:40.0000",13.71,64.99,1.6358227729797363,3.2533156871795654,12.92449951171875
"2024-10-05 17:32:32.0000",13.18,66.07,1.8885055780410767,3.7284138202667236,9.814255714416504
"2024-10-05 19:32:02.0000",11.78,71,2.544239044189453,5.310399532318115,12.865232467651367
"2024-10-05 20:31:47.0000",11.67,71.26,1.5730820894241333,3.371140480041504,11.114898681640625
"2024-10-05 21:31:30.0000",11.09,72.58,1.9334659576416016,3.6860311031341553,13.813461303710938
"2024-10-05 22:31:14.0000",11.07,74.71,2.120103359222412,3.962336540222168,8.015711784362793
"2024-10-05 23:31:00.0000",11.04,76.05,2.035337209701538,4.118617534637451,14.755605697631836
"2024-10-06 00:00:53.0000",10.94,77.64,2.1135990619659424,4.19653844833374,17.20624351501465
"2024-10-06 00:30:45.0000",10.8,77.35,2.3547866344451904,4.662346839904785,9.766792297363281
"2024-10-06 01:30:28.0000",9.72,82.8,4.336301803588867,8.132845878601074,17.55902862548828
"2024-10-06 02:30:14.0000",9.51,85.37,4.604925155639648,8.812849998474121,18.134706497192383
"2024-10-06 03:00:06.0000",9.44,86.91,-1.4098648859776536e31,-1.4098648859776536e31,-1.4098648859776536e31
"2024-10-06 03:30:00.0000",9.42,89.36,5.9010396003723145,9.65978717803955,14.92091178894043
"2024-10-06 04:29:47.0000",9.98,88.81,-1.4098648859776536e31,-1.4098648859776536e31,-1.4098648859776536e31
"2024-10-06 04:59:42.0000",10.2,88.8,2.561641216278076,6.046408653259277,14.455697059631348
"2024-10-06 05:29:36.0000",10.26,88.54,2.276719570159912,5.731656551361084,14.768767356872559
"2024-10-06 06:29:21.0000",9.91,88.7,2.9079980850219727,6.291542053222656,21.783645629882812
"2024-10-06 06:59:12.0000",9.79,90.46,3.2177093029022217,7.544716835021973,20.62652015686035
"2024-10-06 07:29:05.0000",10.37,92.14,3.1009793281555176,7.6039323806762695,25.071950912475586
"2024-10-06 09:28:36.0000",11.11,95.29,4.074443340301514,9.008435249328613,21.354385375976562
"2024-10-06 09:58:30.0000",11.65,93.98,3.215364933013916,8.53016471862793,31.428255081176758
"2024-10-06 10:28:25.0000",13.89,92.71,2.5581459999084473,7.548440933227539,19.89228057861328
"2024-10-06 10:58:19.0000",12.87,89.5,13.55505657196045,18.25395965576172,33.672019958496094
"2024-10-06 11:28:11.0000",12.62,89.15,2.7293646335601807,6.705779552459717,17.588571548461914
"2024-10-06 12:27:57.0000",12.64,88.11,2.753990650177002,8.512154579162598,27.13240623474121
"2024-10-06 12:57:49.0000",12.6,88.12,2.9240798950195312,6.859722137451172,14.005778312683105
"2024-10-06 13:27:44.0000",12.9,88.14,3.7241690158843994,7.951534748077393,21.89125633239746
"2024-10-06 13:57:37.0000",12.87,87.78,3.597588300704956,7.728706359863281,16.26249885559082
"2024-10-06 15:57:06.0000",12.06,89.19,5.444421768188477,11.32963752746582,23.005077362060547
"2024-10-06 16:26:59.0000",12.01,89.68,7.324168682098389,11.578142166137695,24.138635635375977
"2024-10-06 16:56:52.0000",11.51,91.03,13.30923080444336,20.567184448242188,40.38434600830078
"2024-10-06 17:26:43.0000",11.33,91.66,13.420618057250977,19.712080001831055,29.973045349121094
"2024-10-06 17:56:37.0000",11.09,92.3,19.620420455932617,29.830610275268555,46.79840087890625
"2024-10-06 18:26:29.0000",10.93,92.97,40.3361701965332,52.16401672363281,74.91761016845703
"2024-10-06 18:56:21.0000",10.91,93.66,-1.4098648859776536e31,-1.4098648859776536e31,-1.4098648859776536e31
"2024-10-06 23:25:14.0000",9.84,97.15,-1.4098648859776536e31,-1.4098648859776536e31,-1.4098648859776536e31
"2024-10-06 23:55:06.0000",9.03,98.64,2.06878399848938,15.901559829711914,45.30033874511719
"2024-10-07 00:24:58.0000",8.64,98.87,2.1927361488342285,17.71674156188965,61.86143112182617
"2024-10-07 00:54:50.0000",8.43,98.85,2.022465467453003,14.918157577514648,46.30823516845703
"2024-10-07 01:24:43.0000",8.5,98.94,1.8337277173995972,12.741446495056152,44.11447525024414
"2024-10-07 02:54:20.0000",8.21,99.36,2.8337767124176025,15.935948371887207,53.01742935180664
"2024-10-07 03:24:14.0000",8.35,99.48,-1.4098648859776536e31,-1.4098648859776536e31,-1.4098648859776536e31
"2024-10-07 03:54:07.0000",8.48,99.11,3.278332233428955,13.050396919250488,40.88088607788086
"2024-10-07 04:23:59.0000",8.82,99.5,3.2229084968566895,15.746688842773438,46.65447235107422
"2024-10-07 04:53:54.0000",8.99,99.46,-1.4098648859776536e31,-1.4098648859776536e31,-1.4098648859776536e31
"2024-10-07 05:53:38.0000",9.02,99.83,-1.4098648859776536e31,-1.4098648859776536e31,-1.4098648859776536e31
"2024-10-07 06:53:23.0000",9.12,100.55,-1.4098648859776536e31,-1.4098648859776536e31,-1.4098648859776536e31
"2024-10-07 08:23:11.0000",11.88,98.06,-1.4098648859776536e31,-1.4098648859776536e31,-1.4098648859776536e31
"2024-10-07 10:22:44.0000",13.84,98.19,-1.4098648859776536e31,-1.4098648859776536e31,-1.4098648859776536e31
"2024-10-07 11:22:29.0000",14.93,95.49,2.4228897094726562,11.075560569763184,30.109392166137695
"2024-10-07 11:52:28.0000",19.09,87.32,2.0081863403320312,9.329011917114258,20.850133895874023
"2024-10-07 13:22:07.0000",20.03,78.03,2.47114634513855,10.00993537902832,21.02362823486328
"2024-10-07 14:21:47.0000",17.04,73.6,2.002995729446411,10.585866928100586,30.323589324951172
"2024-10-07 14:51:39.0000",16.96,75.54,2.116708278656006,10.779838562011719,27.039562225341797
"2024-10-07 16:21:16.0000",15.84,74.1,2.2688236236572266,12.050132751464844,38.132789611816406
"2024-10-07 16:51:07.0000",15.24,73.95,2.17966890335083,11.294517517089844,32.77635955810547
"2024-10-07 17:20:58.0000",14.35,75.12,2.632206678390503,10.855623245239258,21.193191528320312
"2024-10-07 18:20:41.0000",13.19,77.18,3.049227714538574,13.409608840942383,42.17425537109375
"2024-10-07 20:50:03.0000",11.9,81.03,3.0848374366760254,13.574594497680664,42.78825378417969
"2024-10-07 22:19:43.0000",11.43,83.76,1.5722684860229492,7.385828971862793,18.44059944152832
"2024-10-07 22:49:36.0000",11.11,84.52,1.5971183776855469,7.082242012023926,22.996971130371094
"2024-10-07 23:19:27.0000",10.74,86.05,1.8361151218414307,8.367826461791992,19.8326416015625
"2024-10-07 23:49:19.0000",10.66,87.72,-1.4098648859776536e31,-1.4098648859776536e31,-1.4098648859776536e31
"2024-10-08 00:49:04.0000",10.78,89.16,-1.4098648859776536e31,-1.4098648859776536e31,-1.4098648859776536e31
"2024-10-08 01:18:58.0000",10.68,89.83,4.085297584533691,17.894695281982422,58.77621078491211
"2024-10-08 01:48:50.0000",10.67,91.28,-1.4098648859776536e31,-1.4098648859776536e31,-1.4098648859776536e31
"2024-10-08 02:48:38.0000",10.65,94.83,-1.4098648859776536e31,-1.4098648859776536e31,-1.4098648859776536e31
"2024-10-08 03:18:30.0000",10.75,95.3,-1.4098648859776536e31,-1.4098648859776536e31,-1.4098648859776536e31
"2024-10-08 03:48:24.0000",10.74,96.08,-1.4098648859776536e31,-1.4098648859776536e31,-1.4098648859776536e31
"2024-10-08 04:18:17.0000",10.89,96.75,-1.4098648859776536e31,-1.4098648859776536e31,-1.4098648859776536e31
"2024-10-08 07:17:40.0000",11.13,98.95,-1.4098648859776536e31,-1.4098648859776536e31,-1.4098648859776536e31
"2024-10-08 07:47:32.0000",11.25,99.09,-1.4098648859776536e31,-1.4098648859776536e31,-1.4098648859776536e31
"2024-10-08 08:17:27.0000",11.43,99.68,-1.4098648859776536e31,-1.4098648859776536e31,-1.4098648859776536e31
"2024-10-08 08:47:19.0000",11.34,100.42,-1.4098648859776536e31,-1.4098648859776536e31,-1.4098648859776536e31
"2024-10-08 09:47:05.0000",11.31,100.79,-1.4098648859776536e31,-1.4098648859776536e31,-1.4098648859776536e31
"2024-10-08 10:16:59.0000",11.23,100.91,-1.4098648859776536e31,-1.4098648859776536e31,-1.4098648859776536e31
"2024-10-08 10:46:53.0000",12.3,102.22,-1.4098648859776536e31,-1.4098648859776536e31,-1.4098648859776536e31
"2024-10-08 11:46:50.0000",17.73,91.07,1.103794813156128,4.261249542236328,11.53831672668457
"2024-10-08 14:16:05.0000",12.38,91.85,1.6323553323745728,7.50101375579834,16.14424705505371
"2024-10-08 14:45:58.0000",12.84,93.45,1.950480580329895,7.302192211151123,13.152481079101562
"2024-10-08 15:45:46.0000",13.65,92.56,2.087657928466797,9.778380393981934,18.46950340270996
"2024-10-08 16:15:39.0000",13.41,92.28,2.3283960819244385,12.103348731994629,24.729352951049805
"2024-10-08 22:14:13.0000",10.66,97.01,-1.4098648859776536e31,-1.4098648859776536e31,-1.4098648859776536e31
"2024-10-08 22:44:06.0000",10.1,97.85,-1.4098648859776536e31,-1.4098648859776536e31,-1.4098648859776536e31
"2024-10-08 23:13:59.0000",9.89,98.44,-1.4098648859776536e31,-1.4098648859776536e31,-1.4098648859776536e31
"2024-10-09 00:13:45.0000",9.41,98.57,-1.4098648859776536e31,-1.4098648859776536e31,-1.4098648859776536e31
"2024-10-09 02:13:17.0000",8.87,100.03,-1.4098648859776536e31,-1.4098648859776536e31,-1.4098648859776536e31
"2024-10-09 02:43:12.0000",9.29,100.28,-1.4098648859776536e31,-1.4098648859776536e31,-1.4098648859776536e31
"2024-10-09 03:13:07.0000",9.66,100.12,-1.4098648859776536e31,-1.4098648859776536e31,-1.4098648859776536e31
"2024-10-09 04:42:46.0000",9.68,101.63,-1.4098648859776536e31,-1.4098648859776536e31,-1.4098648859776536e31
"2024-10-09 05:42:34.0000",9.9,103.18,-1.4098648859776536e31,-1.4098648859776536e31,-1.4098648859776536e31
"2024-10-09 07:12:14.0000",9.98,104.91,-1.4098648859776536e31,-1.4098648859776536e31,-1.4098648859776536e31
"2024-10-09 08:12:02.0000",10.58,105.61,-1.4098648859776536e31,-1.4098648859776536e31,-1.4098648859776536e31
"2024-10-09 08:41:56.0000",10.75,105.28,-1.4098648859776536e31,-1.4098648859776536e31,-1.4098648859776536e31
"2024-10-09 09:11:47.0000",10.45,105.11,-1.4098648859776536e31,-1.4098648859776536e31,-1.4098648859776536e31
"2024-10-09 10:41:26.0000",10.14,105.37,-1.4098648859776536e31,-1.4098648859776536e31,-1.4098648859776536e31
"2024-10-09 11:41:17.0000",10.99,105.29,-1.4098648859776536e31,-1.4098648859776536e31,-1.4098648859776536e31
"2024-10-09 12:41:03.0000",10.76,104.46,-1.4098648859776536e31,-1.4098648859776536e31,-1.4098648859776536e31
"2024-10-09 13:10:55.0000",10.51,105.08,-1.4098648859776536e31,-1.4098648859776536e31,-1.4098648859776536e31
"2024-10-09 14:10:44.0000",10.96,105.55,-1.4098648859776536e31,-1.4098648859776536e31,-1.4098648859776536e31
"2024-10-09 17:10:01.0000",10.35,95.96,0.26617634296417236,0.7430223822593689,2.4136204719543457
"2024-10-09 22:08:45.0000",8.51,92.89,0.6343260407447815,3.06402325630188,12.136577606201172
"2024-10-09 22:38:36.0000",7.88,93.51,0.6245933175086975,3.396731376647949,9.622961044311523
"2024-10-10 00:08:12.0000",6.81,94.12,1.568482518196106,8.754849433898926,31.92538070678711
"2024-10-10 01:07:55.0000",6.28,95.62,1.8962252140045166,12.35960578918457,27.613630294799805
"2024-10-10 02:37:34.0000",6.03,96.65,2.1651251316070557,13.739636421203613,41.07152557373047
"2024-10-10 03:07:27.0000",5.98,96.3,-1.4098648859776536e31,-1.4098648859776536e31,-1.4098648859776536e31
"2024-10-10 03:37:19.0000",5.77,95.7,1.9322267770767212,11.140509605407715,44.51948165893555
"2024-10-10 04:07:14.0000",5.55,95.12,-1.4098648859776536e31,-1.4098648859776536e31,-1.4098648859776536e31
"2024-10-10 04:37:05.0000",5.09,94.62,1.9459388256072998,12.97384262084961,40.01412582397461
"2024-10-10 06:36:34.0000",3.63,93.96,2.57175874710083,9.722146987915039,24.35420799255371
"2024-10-10 07:36:26.0000",8.59,86.95,1.4899846315383911,7.465569019317627,22.36881446838379
"2024-10-10 08:06:18.0000",7.19,88.49,54.13551330566406,60.21319580078125,79.30184173583984
"2024-10-10 10:06:09.0000",15.49,70.06,1.2181861400604248,6.524372577667236,19.614643096923828
"2024-10-10 10:36:03.0000",16.04,66.41,1.206479787826538,6.158214569091797,17.872236251831055
"2024-10-10 11:35:53.0000",17.45,64.31,1.1217260360717773,4.920859336853027,22.772268295288086
"2024-10-10 12:05:43.0000",15.83,60.97,0.9383719563484192,4.109360694885254,16.20423698425293
"2024-10-10 13:05:25.0000",14.47,61.15,0.991642951965332,4.821802139282227,19.003849029541016
"2024-10-10 13:35:17.0000",12.41,59.45,1.040267825126648,5.638874530792236,23.929412841796875
"2024-10-10 14:05:05.0000",11.1,60.48,1.2385045289993286,5.971094608306885,20.31875228881836
"2024-10-10 14:34:57.0000",10.47,61.09,1.1949152946472168,5.85323429107666,29.886255264282227
"2024-10-10 16:04:29.0000",7.51,63.35,0.8934347629547119,5.8104753494262695,19.17998504638672
"2024-10-10 16:34:21.0000",7,64,0.977326512336731,5.503453254699707,38.85406494140625
"2024-10-10 17:04:13.0000",6.38,64.94,1.0772929191589355,5.734563827514648,21.213088989257812
"2024-10-10 19:03:37.0000",4.85,68.26,1.8541706800460815,7.292083740234375,42.238807678222656
"2024-10-10 21:33:01.0000",4.95,70.01,1.098303198814392,3.803887128829956,13.689740180969238
"2024-10-10 22:32:45.0000",4.49,70.68,1.2457696199417114,4.396918296813965,20.71718978881836
"2024-10-10 23:32:31.0000",5.42,71.55,1.2073651552200317,5.854597091674805,18.482336044311523
"2024-10-11 00:02:24.0000",5.03,71.49,1.0072418451309204,4.630194187164307,22.016948699951172
"2024-10-11 01:02:08.0000",4.62,73.32,1.0095436573028564,5.649313449859619,33.9267463684082
"2024-10-11 01:32:01.0000",4.67,73.51,0.8693619966506958,5.489025115966797,32.415000915527344
"2024-10-11 02:01:54.0000",5,74.64,0.8097699880599976,4.46787691116333,12.950407981872559
"2024-10-11 03:01:40.0000",5.19,75.17,1.6078470945358276,5.439065456390381,17.38749122619629
"2024-10-11 03:31:32.0000",4.69,75.63,0.8742709159851074,4.1548004150390625,18.870920181274414
"2024-10-11 04:01:23.0000",4.29,76.42,53.897132873535156,56.923980712890625,62.60420227050781
"2024-10-11 04:31:15.0000",4.14,76.89,0.8137258291244507,5.105876445770264,17.89633560180664
"2024-10-11 05:31:05.0000",5.07,77.61,0.9768552780151367,4.885324001312256,17.388206481933594
"2024-10-11 06:00:57.0000",4.25,78.25,1.6640256643295288,5.68855094909668,22.32879066467285
"2024-10-11 06:30:49.0000",3.91,79.29,1.026527762413025,4.539095401763916,21.01488494873047
"2024-10-11 10:00:26.0000",18.62,69.24,0.7094709873199463,2.897045850753784,9.270325660705566
"2024-10-11 11:00:17.0000",17.86,64.23,0.7501258850097656,3.7251815795898438,13.507500648498535
"2024-10-11 11:29:59.0000",13.53,67.73,0.5151684880256653,2.2300167083740234,16.299152374267578
"2024-10-11 12:29:44.0000",16.45,66.26,0.6863884925842285,2.6833338737487793,6.300442695617676
"2024-10-11 12:59:43.0000",18.66,63.9,0.3989012837409973,2.5984625816345215,18.10993766784668
"2024-10-11 13:59:27.0000",16.92,63.21,0.5551816821098328,2.649448871612549,15.310696601867676
"2024-10-11 14:59:02.0000",12.02,63.47,0.41210511326789856,2.243314266204834,28.782752990722656
"2024-10-11 15:58:45.0000",10.43,64.36,0.6298465132713318,3.4431161880493164,17.37717056274414
"2024-10-11 16:28:37.0000",9.63,64.57,0.4569292664527893,2.71431565284729,24.77030372619629
"2024-10-11 17:28:19.0000",7.62,66.2,0.6819337010383606,2.696551561355591,11.154131889343262
"2024-10-11 17:58:10.0000",6.63,67.16,0.8410568237304688,3.5374042987823486,23.009214401245117
"2024-10-11 18:57:54.0000",6.79,68.29,5.251347541809082,9.102566719055176,16.069948196411133
"2024-10-11 20:57:22.0000",5.78,70.1,2.2469584941864014,5.18812894821167,14.605080604553223
"2024-10-11 22:56:54.0000",6.17,71.74,2.487121820449829,5.45115327835083,16.746623992919922
"2024-10-11 23:56:39.0000",5.51,73.14,4.907594680786133,9.22082233428955,18.730318069458008
"2024-10-12 00:56:26.0000",5.89,72.97,6.197751522064209,10.580613136291504,24.892831802368164
"2024-10-12 01:26:18.0000",5.85,73.85,55.96553421020508,59.955108642578125,72.6734619140625
"2024-10-12 01:56:11.0000",5.98,73.8,56.81378173828125,60.98540115356445,68.52961730957031
"2024-10-12 02:55:54.0000",5.39,75.35,3.294588565826416,7.082823753356934,22.59573745727539
"2024-10-12 03:55:39.0000",5.4,76.16,3.366173028945923,7.8032002449035645,19.43669891357422
"2024-10-12 05:25:17.0000",5.21,77.91,4.259560585021973,8.973857879638672,25.347684860229492
"2024-10-12 06:25:03.0000",5.15,78.62,5.003159046173096,9.265050888061523,18.776451110839844
"2024-10-12 07:24:49.0000",5.27,79.75,7.008852481842041,13.022384643554688,26.604368209838867
"2024-10-12 07:54:43.0000",5.69,79.84,4.7435302734375,9.331694602966309,20.306774139404297
"2024-10-12 08:24:36.0000",5.9,80.09,4.433131217956543,8.914304733276367,20.160018920898438
"2024-10-12 10:24:23.0000",16.31,74.4,5.408296585083008,9.42683219909668,18.0384521484375
"2024-10-12 11:24:16.0000",18.69,72.25,0.6523762345314026,2.9304206371307373,14.690337181091309
"2024-10-12 14:23:20.0000",11.86,67.35,0.8181400299072266,4.410322666168213,20.552764892578125
"2024-10-12 15:22:59.0000",9.57,68.96,0.8664171695709229,5.196600914001465,37.963233947753906
"2024-10-12 16:22:41.0000",8.11,71.19,1.2282007932662964,7.8994035720825195,38.55862808227539
"2024-10-12 16:52:34.0000",8.57,71.04,1.519779920578003,9.056307792663574,42.90478515625
"2024-10-12 18:52:05.0000",8.04,67.86,1.7839598655700684,10.126077651977539,55.10335159301758
"2024-10-12 19:21:58.0000",7.95,67.19,2.151301860809326,12.048125267028809,46.08075714111328
"2024-10-12 20:21:43.0000",7.8,67.99,1.7027262449264526,9.712023735046387,48.8958625793457
"2024-10-12 21:21:29.0000",8,69.4,2.488293170928955,15.171747207641602,58.371856689453125
"2024-10-12 22:21:15.0000",7.96,71.01,54.340206146240234,61.85521697998047,92.94194030761719
"2024-10-12 22:51:06.0000",7.64,73.19,2.665661096572876,15.867372512817383,50.181461334228516
"2024-10-13 02:20:11.0000",7.01,71.05,1.5366591215133667,9.88870906829834,37.15721893310547
"2024-10-13 02:50:02.0000",6.94,70.85,1.4377377033233643,8.687886238098145,42.68949890136719
"2024-10-13 03:19:54.0000",6.72,70.59,1.8883734941482544,11.570423126220703,59.44355392456055
"2024-10-13 03:49:46.0000",6.52,70.36,9.296666145324707,16.462060928344727,37.513153076171875
"2024-10-13 04:49:30.0000",5.82,69.35,1.3548526763916016,8.425925254821777,30.86773109436035
"2024-10-13 05:49:14.0000",5.05,70.09,1.4830402135849,8.647724151611328,34.64741516113281
"2024-10-13 06:19:06.0000",5.02,70.46,1.3932075500488281,7.872311592102051,42.15866470336914
"2024-10-13 06:48:59.0000",5.08,70.37,1.3553049564361572,8.128902435302734,32.92428207397461
"2024-10-13 07:48:46.0000",5.88,70.56,54.073360443115234,59.567413330078125,86.290283203125
"2024-10-13 08:48:35.0000",8.67,68.5,1.543711543083191,8.07609748840332,31.6193790435791
"2024-10-13 09:48:20.0000",8.06,69.63,1.8505386114120483,10.599976539611816,46.635223388671875
"2024-10-13 10:18:17.0000",10.72,68.13,1.6315122842788696,7.8764262199401855,35.02703857421875
"2024-10-13 10:48:11.0000",11.29,67.71,1.8668601512908936,9.672557830810547,37.770957946777344
"2024-10-13 11:18:04.0000",11.55,67.62,1.488001823425293,7.205426216125488,30.107301712036133
"2024-10-13 11:47:57.0000",11.2,67.47,1.7139583826065063,7.385568618774414,22.213857650756836
"2024-10-13 12:17:52.0000",11.59,66.9,1.4415644407272339,7.362789154052734,24.73292350769043
"2024-10-13 14:47:12.0000",10.16,66.17,1.8717646598815918,6.779862403869629,26.876317977905273
"2024-10-13 15:17:04.0000",9.67,66.48,1.7686601877212524,8.293739318847656,30.59848976135254
"2024-10-13 17:46:24.0000",7.95,68.91,2.9297287464141846,9.836341857910156,22.404563903808594
"2024-10-13 18:16:15.0000",7.63,69.42,4.725996017456055,12.658424377441406,32.115840911865234
"2024-10-13 18:46:07.0000",7.33,70.04,3.2825770378112793,10.955750465393066,41.6828498840332
"2024-10-13 21:15:30.0000",6.77,72.56,4.128701686859131,13.600435256958008,38.919776916503906
"2024-10-13 22:45:05.0000",6.54,74.28,4.543557167053223,14.259483337402344,49.94650650024414
"2024-10-14 00:14:42.0000",6.43,75.86,3.7112438678741455,13.932539939880371,45.41960144042969
"2024-10-14 00:44:35.0000",6.3,76.13,4.898870468139648,15.906033515930176,36.936317443847656
"2024-10-14 02:14:11.0000",6.07,78.42,3.8625102043151855,12.91002082824707,33.35873031616211
"2024-10-14 02:44:06.0000",6.38,79.07,2.694565534591675,10.39957332611084,25.999935150146484
"2024-10-14 04:43:33.0000",5.74,80.21,2.3420159816741943,10.020658493041992,20.223894119262695
"2024-10-14 05:13:26.0000",5.56,80.36,1.8746322393417358,7.62517786026001,17.92994499206543
"2024-10-14 05:43:18.0000",5.54,80.09,1.7731775045394897,7.323470592498779,20.79610824584961
"2024-10-14 07:12:56.0000",5.92,78.6,1.1631580591201782,4.040656089782715,13.343852996826172
"2024-10-14 12:11:51.0000",10.62,71.69,1.7914674282073975,5.1428728103637695,15.866701126098633
"2024-10-14 13:41:29.0000",11,70.63,1.8451160192489624,5.722740650177002,16.783897399902344
"2024-10-14 14:41:15.0000",11.06,70.87,2.3460657596588135,5.493916988372803,10.598213195800781
"2024-10-14 15:11:08.0000",11.03,71.5,2.600383996963501,6.347075939178467,17.813535690307617
"2024-10-14 18:10:22.0000",9.76,74.63,5.202583312988281,11.016728401184082,22.306032180786133
"2024-10-14 18:40:14.0000",9.48,75.15,5.773270130157471,12.364348411560059,27.979524612426758
"2024-10-14 20:39:42.0000",8.99,78.39,8.554299354553223,14.897209167480469,34.07910919189453
"2024-10-14 22:39:12.0000",9.18,81.8,15.231071472167969,24.07234764099121,47.144657135009766
"2024-10-15 01:08:36.0000",9.41,84.82,37.946956634521484,42.02914047241211,49.01389694213867
"2024-10-15 03:37:58.0000",9.05,86.1,16.69261932373047,25.10087776184082,41.53197479248047
"2024-10-15 04:07:51.0000",9.01,86.17,15.03696060180664,22.599334716796875,41.41908645629883
"2024-10-15 04:37:43.0000",8.89,86.52,58.9840202331543,66.06531524658203,74.43403625488281
"2024-10-15 05:37:29.0000",8.79,87.2,19.338356018066406,28.743410110473633,41.500701904296875
"2024-10-15 06:37:13.0000",8.31,88.26,56.60051345825195,76.48064422607422,95.09052276611328
"2024-10-15 09:06:38.0000",9.62,92.49,39.54072570800781,70.10601043701172,97.90890502929688
"2024-10-15 09:36:31.0000",9.93,93.21,27.497425079345703,43.970584869384766,56.91122817993164
"2024-10-15 10:06:24.0000",10.2,93.46,23.129772186279297,36.863380432128906,55.42058563232422
"2024-10-15 12:35:55.0000",13.28,87.87,13.196913719177246,19.146291732788086,30.549928665161133
"2024-10-15 16:34:55.0000",12.2,96.72,25.4339599609375,41.07994842529297,53.03601837158203
"2024-10-15 17:04:49.0000",12.42,97.27,25.915021896362305,43.133758544921875,51.644981384277344
"2024-10-15 20:04:06.0000",12.83,97.39,17.550670623779297,29.991483688354492,43.445518493652344
"2024-10-15 21:03:51.0000",12.67,97.37,17.3781795501709,28.77103614807129,41.17157745361328
"2024-10-15 23:03:21.0000",11.73,98.47,18.039487838745117,30.434844970703125,43.53279495239258
"2024-10-15 23:33:13.0000",11.43,100.22,-1.4098648859776536e31,-1.4098648859776536e31,-1.4098648859776536e31
"2024-10-16 00:03:05.0000",11.19,101.51,-1.4098648859776536e31,-1.4098648859776536e31,-1.4098648859776536e31
"2024-10-16 03:32:20.0000",12.5,108.37,-1.4098648859776536e31,-1.4098648859776536e31,-1.4098648859776536e31
"2024-10-16 04:32:06.0000",12.94,107.45,-1.4098648859776536e31,-1.4098648859776536e31,-1.4098648859776536e31
"2024-10-16 06:31:42.0000",13.79,108.86,-1.4098648859776536e31,-1.4098648859776536e31,-1.4098648859776536e31
"2024-10-16 07:01:34.0000",13.95,109.25,-1.4098648859776536e31,-1.4098648859776536e31,-1.4098648859776536e31
"2024-10-16 07:31:28.0000",14.06,108.94,-1.4098648859776536e31,-1.4098648859776536e31,-1.4098648859776536e31
"2024-10-16 08:01:22.0000",14.07,109.2,-1.4098648859776536e31,-1.4098648859776536e31,-1.4098648859776536e31
"2024-10-16 08:31:15.0000",14.08,109.36,-1.4098648859776536e31,-1.4098648859776536e31,-1.4098648859776536e31
"2024-10-16 09:31:00.0000",13.73,108.93,-1.4098648859776536e31,-1.4098648859776536e31,-1.4098648859776536e31
"2024-10-16 11:00:41.0000",14.25,109.16,-1.4098648859776536e31,-1.4098648859776536e31,-1.4098648859776536e31
"2024-10-16 11:30:35.0000",14.32,108.97,-1.4098648859776536e31,-1.4098648859776536e31,-1.4098648859776536e31
"2024-10-16 12:00:28.0000",14.1,108.74,-1.4098648859776536e31,-1.4098648859776536e31,-1.4098648859776536e31
"2024-10-16 12:30:21.0000",13.95,108.93,-1.4098648859776536e31,-1.4098648859776536e31,-1.4098648859776536e31
"2024-10-16 13:30:08.0000",13.73,109.13,-1.4098648859776536e31,-1.4098648859776536e31,-1.4098648859776536e31
"2024-10-16 14:00:01.0000",13.74,109.22,-1.4098648859776536e31,-1.4098648859776536e31,-1.4098648859776536e31
"2024-10-16 14:29:55.0000",13.85,109.31,-1.4098648859776536e31,-1.4098648859776536e31,-1.4098648859776536e31
"2024-10-16 21:28:26.0000",13.94,110.28,-1.4098648859776536e31,-1.4098648859776536e31,-1.4098648859776536e31
"2024-10-16 22:28:12.0000",13.93,110.78,-1.4098648859776536e31,-1.4098648859776536e31,-1.4098648859776536e31
"2024-10-16 22:58:06.0000",13.81,110.36,-1.4098648859776536e31,-1.4098648859776536e31,-1.4098648859776536e31
"2024-10-16 23:27:58.0000",13.59,110.57,-1.4098648859776536e31,-1.4098648859776536e31,-1.4098648859776536e31
"2024-10-16 23:57:52.0000",13.48,110.83,-1.4098648859776536e31,-1.4098648859776536e31,-1.4098648859776536e31
"2024-10-17 00:57:37.0000",13.49,111.18,-1.4098648859776536e31,-1.4098648859776536e31,-1.4098648859776536e31
"2024-10-17 01:57:22.0000",12.28,110.53,-1.4098648859776536e31,-1.4098648859776536e31,-1.4098648859776536e31
"2024-10-17 02:27:13.0000",11.53,111.78,-1.4098648859776536e31,-1.4098648859776536e31,-1.4098648859776536e31
"2024-10-17 02:57:05.0000",10.98,111.74,-1.4098648859776536e31,-1.4098648859776536e31,-1.4098648859776536e31
"2024-10-17 03:26:57.0000",10.51,111.71,-1.4098648859776536e31,-1.4098648859776536e31,-1.4098648859776536e31
"2024-10-17 03:56:51.0000",10.46,112.26,-1.4098648859776536e31,-1.4098648859776536e31,-1.4098648859776536e31
"2024-10-17 04:26:43.0000",10.15,111.2,-1.4098648859776536e31,-1.4098648859776536e31,-1.4098648859776536e31
"2024-10-17 05:26:30.0000",9.55,110.81,-1.4098648859776536e31,-1.4098648859776536e31,-1.4098648859776536e31
"2024-10-17 05:56:23.0000",9.34,112.66,-1.4098648859776536e31,-1.4098648859776536e31,-1.4098648859776536e31
"2024-10-17 06:56:08.0000",8.72,112.21,-1.4098648859776536e31,-1.4098648859776536e31,-1.4098648859776536e31
"2024-10-17 07:26:04.0000",10.88,111.25,-1.4098648859776536e31,-1.4098648859776536e31,-1.4098648859776536e31
"2024-10-17 09:25:43.0000",15.47,105.45,-1.4098648859776536e31,-1.4098648859776536e31,-1.4098648859776536e31
"2024-10-17 10:25:32.0000",15.68,97.64,2.0596158504486084,11.134121894836426,26.557085037231445
"2024-10-17 10:55:23.0000",14.14,95.2,2.4263718128204346,13.08458137512207,30.677749633789062
"2024-10-17 11:55:19.0000",18.53,88.34,12.595062255859375,22.67049217224121,38.753047943115234
"2024-10-17 13:25:02.0000",19.84,82.6,1.6055076122283936,8.904986381530762,19.188217163085938
"2024-10-17 13:54:48.0000",18.18,85.4,1.440492033958435,5.950777053833008,18.548965454101562
"2024-10-17 14:24:42.0000",17.41,81.21,1.884590983390808,7.861745357513428,23.40837287902832
"2024-10-17 14:54:35.0000",17.2,79.97,1.516011357307434,8.230978012084961,33.28404235839844
"2024-10-17 15:24:26.0000",16.91,80.18,1.6159193515777588,8.461603164672852,19.864482879638672
"2024-10-17 18:23:32.0000",11.75,84.36,1.4082715511322021,7.069543361663818,16.034353256225586
"2024-10-17 19:23:15.0000",10.95,86.1,3.490689516067505,13.846545219421387,37.84435272216797
"2024-10-17 23:52:09.0000",9.21,90.99,3.167048215866089,18.138097763061523,52.646400451660156
"2024-10-18 01:21:47.0000",9.28,92.48,3.0635786056518555,17.404970169067383,53.54558181762695
"2024-10-18 01:51:37.0000",8.54,92.58,5.5213751792907715,20.4084529876709,55.874027252197266
"2024-10-18 03:51:07.0000",7.86,94.57,-1.4098648859776536e31,-1.4098648859776536e31,-1.4098648859776536e31
"2024-10-18 04:50:52.0000",7.46,95.77,5.042011737823486,21.76422119140625,52.704124450683594
"2024-10-18 05:20:44.0000",7.33,96.35,5.573211193084717,22.001174926757812,70.6663589477539
"2024-10-18 07:50:15.0000",11.12,97.31,2.2305727005004883,12.741924285888672,60.38497543334961
"2024-10-18 09:49:54.0000",14.43,82.26,1.5444037914276123,8.154647827148438,23.161094665527344
"2024-10-18 10:19:50.0000",14.82,79.33,1.3821784257888794,7.030124187469482,23.804040908813477
"2024-10-18 12:19:18.0000",14.45,73.28,1.4038249254226685,8.927075386047363,35.61075973510742
"2024-10-18 12:49:09.0000",14.13,75.04,1.52194344997406,7.93941068649292,19.254413604736328
"2024-10-18 13:19:01.0000",13.67,76.13,1.638064980506897,9.410612106323242,30.75906753540039
"2024-10-18 14:48:36.0000",12.78,82.17,9.030938148498535,14.74576473236084,27.327428817749023
"2024-10-18 16:18:16.0000",12.8,82.67,35.51679229736328,40.10034942626953,47.8923454284668
"2024-10-18 16:48:09.0000",12.81,84.68,16.0211124420166,19.891212463378906,27.35690689086914
"2024-10-18 18:47:37.0000",12.16,92,1.7862012386322021,7.280360698699951,12.924635887145996
"2024-10-18 20:47:08.0000",12.36,93.54,2.8704380989074707,13.914562225341797,33.76507568359375
"2024-10-18 21:17:00.0000",12.19,97.27,2.6549019813537598,10.622648239135742,26.928604125976562
"2024-10-18 21:46:53.0000",12.22,99.76,3.0448904037475586,9.590449333190918,22.43064308166504
"2024-10-18 23:16:30.0000",11.23,99.87,1.434018850326538,8.45105266571045,27.872413635253906
"2024-10-19 00:16:15.0000",11.01,99.7,-1.4098648859776536e31,-1.4098648859776536e31,-1.4098648859776536e31
"2024-10-19 00:46:08.0000",11.01,99.68,7.365568161010742,16.166330337524414,24.516220092773438
"2024-10-19 01:16:00.0000",10.97,99.88,-1.4098648859776536e31,-1.4098648859776536e31,-1.4098648859776536e31
"2024-10-19 01:45:54.0000",11,100.04,9.00252914428711,17.067142486572266,27.40607452392578
"2024-10-19 02:45:39.0000",10.92,100.52,2.532717704772949,6.045285701751709,18.10607147216797
"2024-10-19 03:15:31.0000",10.97,100.85,4.885241985321045,8.858267784118652,19.32363510131836
"2024-10-19 04:15:15.0000",11,101.25,3.9560859203338623,7.861523628234863,13.069096565246582
"2024-10-19 08:14:18.0000",10.67,103.34,4.794767379760742,35.35976791381836,157.0919952392578
"2024-10-19 10:44:06.0000",23.53,79.36,3.1176769733428955,16.27971839904785,37.90378189086914
"2024-10-19 11:13:59.0000",23.87,78.16,3.3897480964660645,16.25237464904785,42.87257766723633
"2024-10-19 12:43:35.0000",22.12,84.38,3.5530714988708496,17.812191009521484,55.79152297973633
"2024-10-19 13:13:27.0000",21.17,83.44,3.5334694385528564,17.686561584472656,52.46924591064453
"2024-10-19 13:43:17.0000",19.83,83.18,3.640634059906006,17.63486099243164,43.38207244873047
"2024-10-19 14:42:57.0000",16.22,83.37,3.647745370864868,18.110719680786133,63.8134651184082
"2024-10-19 15:42:35.0000",13.24,81.67,2.5805728435516357,13.998703002929688,42.26384735107422
"2024-10-19 16:12:25.0000",12.79,81.17,2.7475383281707764,16.365875244140625,49.25299835205078
"2024-10-19 16:42:17.0000",11.6,81.17,2.684199333190918,16.576000213623047,52.03562545776367
"2024-10-19 19:41:29.0000",10.49,83.62,3.6025919914245605,17.895870208740234,41.42947769165039
"2024-10-19 20:11:21.0000",10.19,83.39,5.015199661254883,20.360061645507812,52.98371505737305
"2024-10-19 20:41:14.0000",9.99,84.03,16.784582138061523,32.14681625366211,60.88040542602539
"2024-10-19 21:11:07.0000",9.84,84.28,5.532215595245361,22.072874069213867,59.297447204589844
"2024-10-19 23:10:35.0000",9.33,87.4,3.71944260597229,19.001649856567383,45.44074630737305
"2024-10-20 02:09:53.0000",9.63,92.49,4.031749725341797,22.70189666748047,65.27570343017578
"2024-10-20 02:39:46.0000",9.64,95.25,7.995703220367432,18.4710693359375,37.0850830078125
"2024-10-20 04:09:26.0000",10.07,95.11,4.029876232147217,22.381393432617188,50.57223892211914
"2024-10-20 04:39:18.0000",10.09,95.99,3.9336462020874023,25.819534301757812,68.41925048828125
"2024-10-20 05:09:12.0000",10.39,96.19,3.797389268875122,22.68423080444336,56.97138595581055
"2024-10-20 08:08:31.0000",11.46,97.21,1.9304484128952026,10.788554191589355,22.141223907470703
"2024-10-20 08:38:25.0000",11.94,98.55,2.11108660697937,11.074052810668945,22.98114585876465
"2024-10-20 09:08:17.0000",11.86,101.37,1.7803794145584106,8.640534400939941,18.01991844177246
"2024-10-20 09:38:11.0000",12.37,101.28,1.4010287523269653,7.2270827293396,13.01573371887207
"2024-10-20 10:08:04.0000",12.36,100.22,-1.4098648859776536e31,-1.4098648859776536e31,-1.4098648859776536e31
"2024-10-20 10:38:00.0000",12.27,100.7,1.0445917844772339,4.636653423309326,13.483551025390625
"2024-10-20 11:07:53.0000",14.03,101.94,1.786142110824585,10.460871696472168,24.038761138916016
"2024-10-20 11:37:54.0000",18.11,93.02,3.563689708709717,21.501625061035156,58.247772216796875
"2024-10-20 12:07:53.0000",20.71,85.25,4.619056701660156,21.82941436767578,47.080039978027344
"2024-10-20 13:07:39.0000",20.14,69.98,3.95330548286438,17.885923385620117,44.63700866699219
"2024-10-20 16:06:46.0000",14.42,64.59,5.447856903076172,30.845611572265625,87.80962371826172
"2024-10-20 16:36:37.0000",13.83,65,5.894972801208496,31.984407424926758,78.92256164550781
"2024-10-20 19:06:00.0000",12.64,68.25,6.669562816619873,36.99518966674805,97.51472473144531
"2024-10-20 19:35:53.0000",12.54,68.32,6.689809322357178,36.926509857177734,118.79244232177734
"2024-10-20 20:35:40.0000",12.61,68.72,7.61374568939209,40.95050048828125,115.81576538085938
"2024-10-20 21:05:31.0000",12.16,70.27,40.60244369506836,71.87601470947266,121.90946197509766
"2024-10-20 21:35:23.0000",11.8,72.09,24.897275924682617,57.32606506347656,118.08594512939453
"2024-10-20 22:05:15.0000",11.44,73.43,30.81696319580078,62.72919845581055,106.65200805664062
"2024-10-20 23:05:01.0000",11.21,75.83,11.02528190612793,35.825008392333984,83.9950180053711
"2024-10-21 00:04:47.0000",11.28,76.49,30.0136775970459,48.688133239746094,94.15895080566406
"2024-10-21 01:34:25.0000",11.54,77.08,3.604654550552368,17.67621612548828,50.44284439086914
"2024-10-21 02:34:10.0000",10.93,77.74,5.335697650909424,17.600711822509766,48.85184097290039
"2024-10-21 03:04:01.0000",10.76,78.29,28.547569274902344,40.1202392578125,65.74408721923828
"2024-10-21 03:33:55.0000",11.11,78.38,5.724677085876465,17.4935245513916,40.91982650756836
"2024-10-21 04:03:49.0000",11.26,78.02,13.78297233581543,21.66785430908203,40.19484329223633
"2024-10-21 04:33:42.0000",10.98,78.02,3.765535593032837,11.432807922363281,33.209800720214844
"2024-10-21 05:03:33.0000",10.23,78.61,1.6944974660873413,10.121310234069824,22.272846221923828
"2024-10-21 05:33:26.0000",10.24,78.84,1.7643128633499146,10.187193870544434,36.69662857055664
"2024-10-21 07:32:55.0000",9.65,79.57,3.0677430629730225,20.215137481689453,74.70791625976562
"2024-10-21 08:02:50.0000",10.01,79.63,3.1482369899749756,17.924753189086914,59.25344467163086
"2024-10-21 10:02:30.0000",13.59,76.39,2.9278810024261475,15.33328914642334,44.39134216308594
"2024-10-21 11:02:20.0000",16.05,75.88,3.5821986198425293,16.37496566772461,41.12408447265625
"2024-10-21 11:32:21.0000",19.05,70.87,3.450840473175049,15.992613792419434,48.02521896362305
"2024-10-21 12:02:14.0000",20.54,69.37,3.4479897022247314,15.78264045715332,42.05380630493164
"2024-10-21 12:32:10.0000",21.45,66.29,2.6685712337493896,12.15566635131836,32.833065032958984
"2024-10-21 13:31:50.0000",18.38,67.17,2.5719187259674072,13.55215835571289,46.16155242919922
"2024-10-21 14:31:34.0000",17.42,65.43,2.075233221054077,11.141624450683594,35.651676177978516
"2024-10-21 15:01:24.0000",15.88,65.28,2.496328592300415,14.013168334960938,35.117855072021484
"2024-10-21 16:01:05.0000",13.24,65.82,2.378507375717163,12.648374557495117,54.924503326416016
"2024-10-21 16:30:57.0000",12.46,66.68,2.713937520980835,13.97641372680664,36.65964889526367
"2024-10-21 18:00:30.0000",10.48,70.22,2.9553492069244385,17.10306739807129,45.7852897644043
"2024-10-21 18:30:21.0000",9.83,71.1,3.2946298122406006,18.15912437438965,52.165679931640625
"2024-10-21 20:59:45.0000",10.04,74.4,3.069929361343384,20.148710250854492,75.05604553222656
"2024-10-22 00:28:55.0000",10.07,77.7,2.5937533378601074,17.720829010009766,63.48488235473633
"2024-10-22 01:28:42.0000",10.45,77.81,2.5126895904541016,17.271265029907227,47.354679107666016
"2024-10-22 01:58:33.0000",9.85,79.08,2.2872140407562256,15.789606094360352,59.1827507019043
"2024-10-22 02:28:27.0000",10.17,79.46,2.1013429164886475,15.19916820526123,43.0345458984375
"2024-10-22 02:58:19.0000",10.4,79.69,1.8127285242080688,11.615238189697266,34.046321868896484
"2024-10-22 03:28:12.0000",10.47,79.79,54.16790771484375,59.68539047241211,70.84768676757812
"2024-10-22 03:58:04.0000",9.89,80.66,1.7719770669937134,12.001903533935547,34.43851852416992
"2024-10-22 04:57:48.0000",9.12,81.81,1.3367449045181274,9.039809226989746,23.597518920898438
"2024-10-22 06:27:27.0000",8.52,83.22,2.616734266281128,11.488860130310059,44.41505432128906
"2024-10-22 06:57:20.0000",8.47,83.74,1.858696699142456,13.677769660949707,41.74162673950195
"2024-10-22 09:57:03.0000",19.26,75.94,2.374336004257202,12.48791790008545,44.407493591308594
"2024-10-22 11:26:43.0000",21.43,74.52,1.886731505393982,10.24824047088623,40.85283660888672
"2024-10-22 12:26:29.0000",18.49,70.78,1.7154802083969116,9.301374435424805,20.516664505004883
"2024-10-22 12:56:17.0000",17.71,71.94,8.166189193725586,25.965084075927734,174.61734008789062
"2024-10-22 13:26:09.0000",16.36,70.79,1.7264875173568726,9.918095588684082,32.08163070678711
"2024-10-22 13:56:00.0000",15.33,71.44,1.9265260696411133,10.375510215759277,46.23924255371094
"2024-10-22 14:25:55.0000",16.59,72.47,1.4597411155700684,7.94636869430542,29.6325626373291
"2024-10-22 15:55:27.0000",12.57,73.28,2.1834750175476074,12.101401329040527,61.575347900390625
"2024-10-22 16:25:18.0000",11.84,73.84,1.8418830633163452,10.215585708618164,35.05203628540039
"2024-10-22 17:25:00.0000",9.68,76.17,2.2988879680633545,11.7244291305542,35.92120361328125
"2024-10-22 17:54:51.0000",9.27,77.03,2.231090545654297,11.458527565002441,41.094573974609375
"2024-10-22 19:24:28.0000",9.08,78.76,57.4521484375,66.31864166259766,89.04126739501953
"2024-10-22 19:54:20.0000",9.19,79.09,53.34609603881836,61.25906753540039,80.52375030517578
"2024-10-22 20:24:12.0000",9.33,79.57,3.5969252586364746,13.212203025817871,36.2967414855957
"2024-10-22 22:53:34.0000",9.12,81.88,5.248203277587891,15.236124992370605,37.53289031982422
"2024-10-23 00:23:10.0000",8.96,83.17,3.5653090476989746,9.829792976379395,26.27951431274414
"2024-10-23 00:53:02.0000",9.11,83.11,3.656318426132202,10.072671890258789,26.8236026763916
"2024-10-23 01:22:54.0000",8.9,83.4,4.758570194244385,11.720203399658203,24.631925582885742
"2024-10-23 01:52:47.0000",8.86,83.74,2.985548973083496,9.213410377502441,20.985919952392578
"2024-10-23 02:22:40.0000",8.91,84.09,2.5580406188964844,8.694808959960938,27.251495361328125
"2024-10-23 02:52:31.0000",8.91,84.22,3.224790334701538,9.961600303649902,31.23444938659668
"2024-10-23 04:22:08.0000",8.14,86.49,3.475449323654175,13.937047004699707,37.21686935424805
"2024-10-23 04:52:01.0000",8.13,86.87,3.3197877407073975,14.867488861083984,38.201053619384766
"2024-10-23 05:21:52.0000",8.07,87.93,3.8699793815612793,14.227445602416992,37.39998245239258
"2024-10-23 06:21:38.0000",7.77,89.12,3.4435031414031982,16.19603729248047,64.42671966552734
"2024-10-23 07:21:23.0000",8.16,89.41,4.881954193115234,18.21941566467285,49.33821105957031
"2024-10-23 08:51:03.0000",9.76,89.3,46.39419937133789,58.281436920166016,83.090087890625
"2024-10-23 11:20:45.0000",19.07,74.3,2.8773891925811768,7.435896396636963,18.838598251342773
"2024-10-23 11:50:34.0000",17.39,71.83,1.8785324096679688,10.552289962768555,31.53717041015625
"2024-10-23 13:20:15.0000",18.04,66.93,1.6410112380981445,8.417433738708496,31.16728401184082
"2024-10-23 13:50:01.0000",15.27,69.38,1.3962308168411255,6.855770111083984,24.7913818359375
"2024-10-23 14:19:55.0000",14.94,70.07,1.5298641920089722,7.9483184814453125,21.570955276489258
"2024-10-23 14:49:47.0000",14.52,70.46,1.422916054725647,6.041561126708984,19.98214340209961
"2024-10-23 15:49:31.0000",13.83,70.19,1.3417681455612183,6.060183525085449,21.91843032836914
"2024-10-23 16:49:14.0000",12.34,71.41,1.425845742225647,6.684596538543701,17.63078498840332
"2024-10-23 18:48:44.0000",11.16,75.58,2.732337474822998,9.032983779907227,18.743539810180664
"2024-10-23 19:18:36.0000",11.07,77.47,2.9013922214508057,11.630820274353027,33.09027099609375
"2024-10-23 19:48:28.0000",10.65,79.24,3.0063514709472656,10.069670677185059,25.823041915893555
"2024-10-23 20:48:13.0000",10.37,82.3,8.473753929138184,17.14341163635254,39.58706283569336
"2024-10-23 22:17:50.0000",10.08,88.29,3.094174861907959,12.536393165588379,26.24017906188965
"2024-10-23 22:47:43.0000",10.04,90.44,3.4222142696380615,13.158549308776855,35.26517868041992
"2024-10-23 23:17:36.0000",9.96,92.48,3.287653684616089,10.298081398010254,23.697065353393555
"2024-10-23 23:47:29.0000",10.05,93.34,2.6136362552642822,10.735973358154297,34.18442916870117
"2024-10-24 00:47:14.0000",9.88,94.11,2.59502911567688,9.96227741241455,25.895530700683594
"2024-10-24 01:17:06.0000",9.61,94.96,2.2024450302124023,7.148181915283203,13.232885360717773
"2024-10-24 01:46:58.0000",9.45,94.74,2.5802881717681885,11.045811653137207,31.83037757873535
"2024-10-24 02:16:51.0000",9.52,94.12,2.855119466781616,12.702573776245117,31.952119827270508
"2024-10-24 03:16:36.0000",9.28,95.46,3.0885438919067383,11.107593536376953,22.103778839111328
"2024-10-24 03:46:29.0000",9.33,96.14,3.6758220195770264,11.741607666015625,27.449472427368164
"2024-10-24 04:16:22.0000",9.33,96.9,4.837056636810303,14.46945858001709,27.36384391784668
"2024-10-24 04:46:15.0000",9.34,97.46,4.882678031921387,12.659893035888672,23.55059814453125
"2024-10-24 05:16:08.0000",9.23,97.5,-1.4098648859776536e31,-1.4098648859776536e31,-1.4098648859776536e31
"2024-10-24 07:15:42.0000",9.22,98.95,7.775359630584717,19.732877731323242,47.97954177856445
"2024-10-24 08:45:31.0000",14.8,84.12,3.9512927532196045,9.79034423828125,23.616851806640625
"2024-10-24 09:15:26.0000",16.08,80.11,20.895061492919922,27.072669982910156,44.432552337646484
"2024-10-24 10:15:13.0000",16.73,67.56,2.310729742050171,6.385711193084717,13.877059936523438
"2024-10-24 12:44:35.0000",16.76,68.02,9.32868480682373,13.414770126342773,23.933982849121094
"2024-10-24 13:14:28.0000",14.77,69.44,2.47438645362854,7.281682968139648,23.03195571899414
"2024-10-24 14:44:03.0000",13.11,78.06,2.713179111480713,7.301957130432129,20.512344360351562
"2024-10-24 15:13:57.0000",13.17,78.47,3.213905096054077,7.862488269805908,29.9050350189209
"2024-10-24 15:43:50.0000",13.11,78.67,2.905766487121582,7.733668327331543,21.540616989135742
"2024-10-24 16:13:41.0000",13.11,79.34,4.004940509796143,9.432438850402832,17.60523223876953
"2024-10-24 18:13:12.0000",12.16,85.67,5.8540825843811035,11.024247169494629,23.877845764160156
"2024-10-24 18:43:04.0000",12.63,86.97,4.388926982879639,9.26455020904541,23.770139694213867
"2024-10-24 19:12:57.0000",12.31,86.07,5.082636833190918,10.641818046569824,45.55073165893555
"2024-10-24 19:42:49.0000",12.33,86.59,7.645900249481201,12.42246150970459,32.964752197265625
"2024-10-24 20:12:42.0000",12.22,86.33,14.108344078063965,19.026582717895508,36.86732864379883
"2024-10-24 20:42:34.0000",11.57,87.18,15.648645401000977,20.359729766845703,46.61014938354492
"2024-10-24 21:42:19.0000",11.77,88.33,10.614404678344727,15.921956062316895,35.70191192626953
"2024-10-24 22:42:04.0000",11.87,89.11,10.600757598876953,16.69291114807129,35.099365234375
"2024-10-24 23:11:57.0000",12.15,89.67,16.517473220825195,23.730525970458984,39.0357780456543
"2024-10-24 23:41:51.0000",12.41,90.18,18.562068939208984,25.684484481811523,41.39704513549805
"2024-10-25 00:41:36.0000",12.53,91.09,13.389652252197266,20.8422908782959,35.087162017822266
"2024-10-25 01:11:28.0000",12.58,92.2,12.307684898376465,19.917156219482422,39.96644592285156
"2024-10-25 01:41:22.0000",12.69,93.26,13.407022476196289,21.683298110961914,41.403785705566406
"2024-10-25 02:11:15.0000",12.64,93.4,-1.4098648859776536e31,-1.4098648859776536e31,-1.4098648859776536e31
"2024-10-25 02:41:08.0000",12.75,95.03,13.990152359008789,23.12959098815918,52.58573532104492
"2024-10-25 03:11:00.0000",12.62,93.83,16.288217544555664,27.261356353759766,52.58913040161133
"2024-10-25 03:40:54.0000",12.48,94.77,18.834758758544922,31.464834213256836,63.98665237426758
"2024-10-25 04:10:48.0000",12.49,95.65,-1.4098648859776536e31,-1.4098648859776536e31,-1.4098648859776536e31
"2024-10-25 05:40:28.0000",12.76,96.4,22.36800765991211,37.138336181640625,61.684940338134766
"2024-10-25 06:40:12.0000",12.37,97.86,22.399076461791992,33.38936233520508,49.52691650390625
"2024-10-25 09:09:40.0000",13.74,97.96,17.04515266418457,25.67626953125,45.04390335083008
"2024-10-25 09:39:31.0000",13.54,98.27,16.171194076538086,24.23274803161621,36.86708450317383
"2024-10-25 11:39:11.0000",15.65,88.97,9.545902252197266,13.758082389831543,28.46299171447754
"2024-10-25 12:39:00.0000",17.3,84.77,7.5162739753723145,11.753965377807617,21.212387084960938
"2024-10-25 13:08:49.0000",16.82,89.42,6.593438148498535,9.430158615112305,16.124528884887695
"2024-10-25 13:38:47.0000",18.28,83.09,5.737502574920654,8.529974937438965,20.293336868286133
"2024-10-25 15:08:20.0000",15.61,85.24,8.140580177307129,12.50483226776123,22.746578216552734
"2024-10-25 17:07:48.0000",14.11,85.63,2.1939079761505127,6.045307159423828,13.031942367553711
"2024-10-25 18:37:25.0000",13.41,85.66,6.051266193389893,11.6494722366333,23.509721755981445
"2024-10-25 20:07:02.0000",12.55,87.02,55.672359466552734,59.86940383911133,68.87262725830078
"2024-10-25 21:06:45.0000",11.31,88.91,5.314399719238281,15.515557289123535,35.020538330078125
"2024-10-25 22:06:30.0000",10.74,90.35,10.020931243896484,23.179039001464844,55.69888687133789
"2024-10-25 23:36:05.0000",9.74,92.2,20.85369873046875,39.31963348388672,75.88015747070312
"2024-10-26 00:05:57.0000",9.5,92.72,23.85968017578125,44.20145034790039,77.30801391601562
"2024-10-26 00:35:51.0000",9.33,93.14,28.988346099853516,53.186065673828125,87.753173828125
"2024-10-26 01:35:36.0000",8.9,94.14,21.342845916748047,39.12532424926758,77.5756607055664
"2024-10-26 02:35:20.0000",8.31,95.04,-1.4098648859776536e31,-1.4098648859776536e31,-1.4098648859776536e31
"2024-10-26 03:05:13.0000",8.08,95.07,4.794558525085449,15.311684608459473,46.11707305908203
"2024-10-26 03:35:06.0000",8.21,94.79,4.0522589683532715,13.128118515014648,30.4166259765625
"2024-10-26 04:34:50.0000",7.95,94.97,4.5705461502075195,14.866641998291016,36.93449783325195
"2024-10-26 05:04:43.0000",8.07,94.69,4.976377010345459,15.657700538635254,44.85881805419922
"2024-10-26 05:34:37.0000",8.03,94.68,4.2866926193237305,17.217529296875,47.91316223144531
"2024-10-26 06:04:30.0000",7.88,94.76,4.857852935791016,18.54081916809082,58.104854583740234
"2024-10-26 07:04:14.0000",7.48,95.18,5.743177890777588,19.647024154663086,43.49306869506836
"2024-10-26 07:34:07.0000",7.29,95.52,6.139545440673828,21.467384338378906,62.24528503417969
"2024-10-26 08:04:00.0000",7.46,95.91,11.06032657623291,27.20110321044922,71.31228637695312
"2024-10-26 11:03:34.0000",19.73,79.03,2.4723410606384277,11.78122615814209,38.934669494628906
"2024-10-26 12:33:11.0000",19.8,73.66,2.437042474746704,10.207596778869629,20.971635818481445
"2024-10-26 13:32:50.0000",15.81,72.16,2.992372989654541,11.988317489624023,33.86362838745117
"2024-10-26 15:32:19.0000",14.11,72.8,1.332127332687378,7.645720958709717,22.91295623779297
"2024-10-26 16:32:01.0000",12.78,72.49,1.9159048795700073,8.417656898498535,31.639049530029297
"2024-10-26 17:01:52.0000",12.01,73.37,2.3915820121765137,10.320759773254395,37.32121658325195
"2024-10-26 18:01:36.0000",11.08,74.66,55.663272857666016,61.569766998291016,71.53339385986328
"2024-10-26 20:01:09.0000",11.77,76.24,9.443124771118164,20.293901443481445,53.115928649902344
"2024-10-26 21:30:45.0000",10.49,79.42,38.768348693847656,48.86034393310547,80.08032989501953
"2024-10-27 00:00:06.0000",8.49,85.21,1.9970917701721191,14.609651565551758,52.52904510498047
"2024-10-27 00:59:51.0000",8.03,86.59,2.18009614944458,15.18795108795166,51.678890228271484
"2024-10-27 01:29:42.0000",7.49,87.36,2.067824363708496,14.8076810836792,62.67866516113281
"2024-10-27 01:59:36.0000",7.28,87.97,2.0029311180114746,12.888492584228516,46.44853591918945
"2024-10-27 02:59:21.0000",7.16,88.26,2.39943790435791,14.988717079162598,64.73546600341797
"2024-10-27 03:29:13.0000",7.09,88.19,2.297476291656494,14.053567886352539,60.74004364013672
"2024-10-27 03:59:05.0000",6.72,88.9,2.4670345783233643,16.275371551513672,58.309898376464844
"2024-10-27 04:28:58.0000",6.66,88.99,2.5538253784179688,15.74211597442627,62.55827713012695
"2024-10-27 05:58:35.0000",5.78,90.39,2.439387321472168,16.671276092529297,64.45555877685547
"2024-10-27 06:28:27.0000",5.56,90.34,2.401186227798462,15.756531715393066,61.769107818603516
"2024-10-27 07:58:09.0000",8.98,91.16,2.3872623443603516,13.33690071105957,50.5399055480957
"2024-10-27 08:28:11.0000",11.57,85.7,2.243255853652954,12.89179801940918,45.9587287902832
"2024-10-27 08:58:06.0000",14.58,85.04,2.3644871711730957,11.97127914428711,32.623451232910156
"2024-10-27 10:27:56.0000",20.35,75.04,2.1000914573669434,9.133467674255371,24.59042739868164
"2024-10-27 12:57:08.0000",13.12,68.15,2.0604560375213623,10.286044120788574,28.545886993408203
"2024-10-27 13:27:00.0000",12.72,67.78,1.939160943031311,8.242865562438965,29.61904525756836
"2024-10-27 13:56:51.0000",12.3,67.7,7.357778072357178,15.04757308959961,33.80061721801758
"2024-10-27 14:56:36.0000",11.41,68.13,2.0206868648529053,9.797318458557129,29.005023956298828
"2024-10-27 15:56:18.0000",10.51,68.67,2.3396241664886475,10.86316967010498,30.63747215270996
"2024-10-27 16:55:59.0000",8.74,71.94,2.2446930408477783,13.914341926574707,34.290077209472656
"2024-10-27 18:25:35.0000",7.64,77.37,2.700566053390503,14.580772399902344,42.518646240234375
"2024-10-27 18:55:28.0000",7.6,79.1,4.625370025634766,18.909696578979492,50.368377685546875
"2024-10-27 19:55:15.0000",7.77,84.18,4.465039253234863,23.19291877746582,68.158447265625
"2024-10-27 21:24:55.0000",8.28,87.2,3.6368629932403564,16.076847076416016,41.45340347290039
"2024-10-27 21:54:48.0000",8.28,87.7,3.2907423973083496,14.78585147857666,45.803260803222656
"2024-10-27 22:54:33.0000",8.61,89.35,2.7779576778411865,15.051312446594238,42.4837646484375
"2024-10-27 23:24:25.0000",8.83,89.94,2.549607992172241,13.011556625366211,44.907657623291016
"2024-10-28 00:24:15.0000",10.81,90.98,3.086312770843506,4.766312599182129,13.664870262145996
"2024-10-28 01:53:56.0000",12.33,92.75,10.255440711975098,11.179902076721191,13.541886329650879
"2024-10-28 02:23:50.0000",12.6,92.93,0.2696637809276581,1.7375257015228271,9.170154571533203
"2024-10-28 03:23:34.0000",12.86,92.99,0.15623220801353455,0.7761695384979248,3.9067153930664062
"2024-10-28 03:53:28.0000",13.02,93.22,0.10029233992099762,0.374703586101532,2.9003849029541016
"2024-10-28 04:23:21.0000",13.02,93.31,0.054155025631189346,0.2378566563129425,1.7485730648040771
"2024-10-28 04:53:13.0000",12.84,93.57,0.06532911211252213,0.2030995786190033,1.9305661916732788
"2024-10-28 05:23:06.0000",12.85,94.11,0.0805152952671051,0.48902809619903564,2.1045687198638916
"2024-10-28 06:22:52.0000",13.2,94.37,0.12115158140659332,0.4380665123462677,4.908578395843506
"2024-10-28 06:52:44.0000",12.9,94.31,0.22567498683929443,1.1518752574920654,5.120089054107666
"2024-10-28 09:22:09.0000",13.47,95.6,0.27164265513420105,0.971448540687561,3.649087905883789
"2024-10-28 10:51:49.0000",14,96.48,60.26210021972656,92.44996643066406,104.13038635253906
"2024-10-28 12:51:25.0000",14.22,97.02,1.3456971645355225,7.982780933380127,20.275493621826172
"2024-10-28 13:21:16.0000",14.26,97.77,1.8716151714324951,11.005847930908203,34.63747024536133
"2024-10-28 14:50:54.0000",14.13,97.2,1.0796164274215698,6.857679843902588,19.217369079589844
"2024-10-28 16:50:23.0000",12.76,97.76,1.24686861038208,5.855957508087158,17.38700294494629
"2024-10-28 17:20:15.0000",12.38,98,1.5186091661453247,5.387324333190918,30.964252471923828
"2024-10-28 18:49:57.0000",12.23,98.02,9.77934455871582,17.41779136657715,36.48801803588867
"2024-10-28 20:49:30.0000",11.94,98.4,7.388097763061523,14.860560417175293,31.715085983276367
"2024-10-28 22:49:00.0000",11.53,98.76,4.716502666473389,12.006875991821289,44.58460998535156
"2024-10-28 23:48:47.0000",11.46,99.01,1.833796501159668,6.033225059509277,29.68403434753418
"2024-10-29 00:48:32.0000",11.43,99.25,3.7149453163146973,8.360157012939453,24.150407791137695
"2024-10-29 01:48:17.0000",11.41,99.36,4.101103782653809,7.552587032318115,20.089162826538086
"2024-10-29 04:47:36.0000",11.44,99.95,5.968991279602051,10.973630905151367,37.933963775634766
"2024-10-29 05:17:28.0000",11.44,100,9.231451034545898,15.964707374572754,53.938751220703125
"2024-10-29 05:47:20.0000",11.44,100.2,13.274458885192871,22.142845153808594,49.612144470214844
"2024-10-29 06:47:05.0000",11.44,100.3,24.408506393432617,41.118408203125,72.57376861572266
"2024-10-29 07:16:58.0000",11.33,100.6,13.582822799682617,22.483808517456055,43.81867980957031
"2024-10-29 08:46:37.0000",12.07,101.42,6.171972751617432,36.2541389465332,389.663818359375
"2024-10-29 09:16:30.0000",12.08,100.66,5.737305641174316,19.59711456298828,194.114013671875
"2024-10-29 10:16:15.0000",12.14,101.64,3.752756118774414,6.62778902053833,17.908246994018555
"2024-10-29 10:46:08.0000",11.99,101.61,3.228233814239502,4.2009172439575195,12.295319557189941
"2024-10-29 11:45:52.0000",11.82,102.54,3.782010078430176,6.165719032287598,15.695775985717773
"2024-10-29 15:44:55.0000",11.94,102.66,-1.4098648859776536e31,-1.4098648859776536e31,-1.4098648859776536e31
"2024-10-29 18:14:18.0000",10.22,102.5,-1.4098648859776536e31,-1.4098648859776536e31,-1.4098648859776536e31
"2024-10-29 19:14:05.0000",10.28,102.26,1.7122949361801147,4.051168441772461,13.059582710266113
"2024-10-29 19:43:57.0000",10.28,102.26,3.4133517742156982,6.073698997497559,21.523588180541992
"2024-10-29 20:13:50.0000",10.36,102.24,1.3707599639892578,2.880606174468994,10.031472206115723
"2024-10-29 20:43:43.0000",10.35,102.16,1.1975675821304321,3.1206507682800293,9.783889770507812
"2024-10-29 21:43:29.0000",10.36,101.98,1.9018551111221313,3.556948184967041,15.626688003540039
"2024-10-29 22:43:17.0000",10.46,101.62,2.365340232849121,4.213181018829346,9.250653266906738
"2024-10-29 23:43:02.0000",10.48,101.32,1.8283313512802124,3.3192226886749268,12.986631393432617
"2024-10-30 01:12:38.0000",10.24,101.06,3.3110406398773193,5.114362716674805,13.584929466247559
"2024-10-30 02:42:15.0000",10.08,100.99,4.876107215881348,6.360899448394775,9.147726058959961
"2024-10-30 03:12:08.0000",10.04,100.98,5.574590682983398,7.2264227867126465,14.6514253616333
"2024-10-30 03:42:01.0000",10.09,100.93,5.759013652801514,8.392498970031738,13.04634952545166
"2024-10-30 04:11:54.0000",10,100.9,6.34460973739624,9.36016845703125,20.48064613342285
"2024-10-30 04:41:47.0000",9.91,100.94,-1.4098648859776536e31,-1.4098648859776536e31,-1.4098648859776536e31
"2024-10-30 08:40:51.0000",10.43,100.82,6.03895902633667,8.885607719421387,25.733888626098633
"2024-10-30 09:40:38.0000",10.88,100.48,6.481534481048584,9.205291748046875,32.40685272216797
"2024-10-30 10:10:31.0000",11.17,100.51,6.252291679382324,9.194610595703125,18.37473487854004
"2024-10-30 10:40:24.0000",11.43,100.03,-1.4098648859776536e31,-1.4098648859776536e31,-1.4098648859776536e31
"2024-10-30 12:39:57.0000",12.24,98.93,5.765158176422119,8.578332901000977,31.921096801757812
"2024-10-30 14:39:29.0000",12.22,98.1,7.0298333168029785,10.98996639251709,25.388938903808594
"2024-10-30 15:39:13.0000",11.79,97.95,9.810833930969238,14.828716278076172,27.635223388671875
"2024-10-30 16:38:57.0000",10.99,98.16,-1.4098648859776536e31,-1.4098648859776536e31,-1.4098648859776536e31
"2024-10-30 17:38:42.0000",10.74,98.34,8.697749137878418,11.967864036560059,17.21348762512207
"2024-10-30 18:38:29.0000",10.72,98.19,7.678021430969238,10.202546119689941,14.076030731201172
"2024-10-30 20:37:58.0000",10.54,98.21,14.198366165161133,20.09780502319336,27.38068389892578
"2024-10-30 21:07:51.0000",10.49,98.16,-1.4098648859776536e31,-1.4098648859776536e31,-1.4098648859776536e31
"2024-10-30 22:07:39.0000",10.04,98.32,22.057964324951172,36.7920036315918,44.08121871948242
"2024-10-30 23:37:16.0000",9.49,98.71,13.828414916992188,22.332937240600586,32.47365188598633
"2024-10-31 00:37:01.0000",9.46,98.84,8.01684856414795,9.564803123474121,15.0764741897583
"2024-10-31 02:36:32.0000",9.4,99.21,14.139735221862793,21.89894676208496,28.758535385131836
"2024-10-31 04:06:10.0000",9.42,99.56,12.688912391662598,18.263277053833008,25.789196014404297
"2024-10-31 04:36:02.0000",9.38,99.73,15.803267478942871,22.926942825317383,28.9075927734375
"2024-10-31 05:05:54.0000",9.38,99.86,8.854143142700195,12.123835563659668,17.44004249572754
"2024-10-31 05:35:47.0000",9.39,99.91,6.859736442565918,9.875419616699219,13.235767364501953
"2024-10-31 06:05:41.0000",9.39,100.04,7.217252731323242,9.863369941711426,17.69031524658203
"2024-10-31 07:35:21.0000",9.56,100.19,4.994909763336182,7.301879405975342,30.880125045776367
"2024-10-31 08:35:06.0000",9.75,100.41,8.101163864135742,11.324285507202148,21.231250762939453
"2024-10-31 09:04:59.0000",9.96,100.63,7.871275424957275,12.094130516052246,17.149272918701172
"2024-10-31 10:34:37.0000",10.67,100.59,5.797194004058838,8.238855361938477,14.005496978759766
"2024-10-31 11:04:31.0000",10.88,100.61,-1.4098648859776536e31,-1.4098648859776536e31,-1.4098648859776536e31
"2024-10-31 11:34:26.0000",11.22,100.47,-1.4098648859776536e31,-1.4098648859776536e31,-1.4098648859776536e31
"2024-10-31 14:03:49.0000",11.8,99.61,4.185580730438232,6.079579830169678,10.444849967956543
"2024-10-31 15:33:27.0000",11.82,98.8,4.456972599029541,7.517573833465576,17.961416244506836
"2024-10-31 18:02:47.0000",10.8,98.79,13.516935348510742,19.437421798706055,26.621402740478516
"2024-10-31 18:32:39.0000",10.77,98.82,12.192320823669434,17.90634536743164,25.20198631286621
"2024-10-31 19:32:25.0000",10.73,98.87,9.865039825439453,14.525422096252441,26.402198791503906
"2024-10-31 20:02:17.0000",10.76,98.88,8.870429039001465,13.664335250854492,30.659408569335938
"2024-10-31 20:32:10.0000",10.76,98.85,11.110243797302246,15.983200073242188,26.8325252532959
"2024-10-31 21:31:56.0000",10.68,98.86,9.750642776489258,14.134729385375977,20.379234313964844
"2024-10-31 22:31:41.0000",10.65,98.66,-1.4098648859776536e31,-1.4098648859776536e31,-1.4098648859776536e31
"2024-10-31 23:31:28.0000",10.57,98.51,10.050067901611328,14.107783317565918,25.876733779907227
"2024-11-01 00:01:21.0000",10.48,98.38,7.4864020347595215,9.895207405090332,14.519346237182617
"2024-11-01 00:31:14.0000",10.46,98.28,7.108163356781006,10.106225967407227,20.57843589782715
"2024-11-01 02:00:51.0000",10.43,97.98,5.852488994598389,8.286539077758789,14.46237564086914
"2024-11-01 05:00:08.0000",10.34,96.99,4.085357666015625,7.105495929718018,26.01038360595703
"2024-11-01 06:29:45.0000",10.31,96.81,11.047163009643555,16.82344627380371,37.94944381713867
"2024-11-01 06:59:37.0000",10.33,96.87,-1.4098648859776536e31,-1.4098648859776536e31,-1.4098648859776536e31
"2024-11-01 08:59:09.0000",10.76,96.22,1.7584306001663208,5.786746501922607,22.364259719848633
"2024-11-01 09:58:56.0000",11.09,95.73,2.12530517578125,7.034594535827637,34.83270263671875
"2024-11-01 11:58:26.0000",11.57,94.93,2.6606338024139404,6.778350830078125,24.614177703857422
"2024-11-01 12:58:09.0000",11.64,94.99,3.233149766921997,7.718601226806641,26.03831672668457
"2024-11-01 13:28:02.0000",11.65,94.83,3.5918309688568115,8.066655158996582,27.836170196533203
"2024-11-01 13:57:54.0000",11.72,95.05,1.6678375005722046,4.695060729980469,30.492401123046875
"2024-11-01 14:27:48.0000",11.74,94.38,1.3350400924682617,3.556183099746704,7.870044708251953
"2024-11-01 15:57:24.0000",11.21,94.5,1.4076037406921387,3.9663028717041016,11.024202346801758
"2024-11-01 16:27:17.0000",11.05,94.58,1.8120841979980469,3.309906005859375,9.332674980163574
"2024-11-01 17:27:02.0000",10.77,94.44,2.9673941135406494,4.97271203994751,11.38943862915039
"2024-11-01 17:56:55.0000",10.78,94.52,1.0502734184265137,2.4170429706573486,10.897327423095703
"2024-11-01 20:56:10.0000",10.25,95.13,4.780915260314941,8.171682357788086,20.52003288269043
"2024-11-01 21:55:55.0000",10.03,95.42,5.112532615661621,8.033899307250977,15.525260925292969
"2024-11-01 23:55:22.0000",8.25,96.76,-1.4098648859776536e31,-1.4098648859776536e31,-1.4098648859776536e31
"2024-11-02 00:25:15.0000",8.69,97.6,-1.4098648859776536e31,-1.4098648859776536e31,-1.4098648859776536e31
"2024-11-02 01:25:03.0000",9.02,97.43,42.45488357543945,50.990840911865234,60.93500518798828
"2024-11-02 02:24:49.0000",9.07,98.11,5.972217559814453,10.051616668701172,15.828680992126465
"2024-11-02 03:24:35.0000",9.26,98.25,49.68619918823242,60.32332992553711,67.79383087158203
"2024-11-02 04:24:20.0000",9.21,98.49,24.68767547607422,41.26644515991211,50.135135650634766
"2024-11-02 06:23:56.0000",9.45,98.98,25.602596282958984,41.89512252807617,57.127750396728516
"2024-11-02 07:23:43.0000",9.67,99.13,20.338733673095703,32.65480041503906,47.268455505371094
"2024-11-02 07:53:36.0000",9.81,99.18,16.894702911376953,26.994619369506836,40.11227798461914
"2024-11-02 08:23:30.0000",10.32,99.6,7.146182537078857,10.988597869873047,20.39911651611328
"2024-11-02 08:53:23.0000",10.57,99.41,5.6939263343811035,9.220516204833984,19.617177963256836
"2024-11-02 09:53:09.0000",11.01,98.86,6.458827495574951,9.450554847717285,17.785972595214844
"2024-11-02 10:23:03.0000",11.19,98.69,9.11047077178955,13.815263748168945,24.386962890625
"2024-11-02 10:52:56.0000",11.23,98.56,8.24095630645752,11.975113868713379,21.029508590698242
"2024-11-02 12:52:27.0000",11.25,96.95,-1.4098648859776536e31,-1.4098648859776536e31,-1.4098648859776536e31
"2024-11-02 13:22:20.0000",11.23,96.49,3.80255126953125,5.262104034423828,12.679462432861328
"2024-11-02 15:21:53.0000",11.02,96.31,12.216185569763184,16.06223487854004,25.584978103637695
"2024-11-02 16:21:40.0000",10.9,95.82,5.627892971038818,7.870256423950195,12.527959823608398
"2024-11-02 18:21:10.0000",10.71,95.27,10.068589210510254,13.528722763061523,17.42896270751953
"2024-11-02 18:51:04.0000",10.67,95.2,10.532471656799316,14.896920204162598,23.67142677307129
"2024-11-02 19:20:57.0000",10.7,95.05,13.872307777404785,17.991294860839844,27.608041763305664
"2024-11-02 19:50:50.0000",10.73,94.91,15.324633598327637,21.73818588256836,41.69535446166992
"2024-11-02 20:20:43.0000",10.68,94.85,17.18894386291504,22.894304275512695,27.55682373046875
"2024-11-02 21:50:23.0000",10.77,94.88,16.86285400390625,23.3725643157959,30.671937942504883
"2024-11-02 23:20:00.0000",10.85,94.98,12.52608871459961,17.30847930908203,30.33255386352539
"2024-11-02 23:49:52.0000",10.72,94.79,17.862394332885742,25.501230239868164,31.81406021118164
"2024-11-03 00:19:44.0000",10.59,95.01,18.324079513549805,26.109844207763672,36.51998519897461
"2024-11-03 01:19:27.0000",10.47,95.21,18.222856521606445,25.695037841796875,33.29965591430664
"2024-11-03 02:19:13.0000",10.42,95.45,22.172313690185547,32.83143997192383,44.63098907470703
"2024-11-03 02:49:05.0000",10.46,95.52,20.865211486816406,30.762348175048828,37.53596496582031
"2024-11-03 03:48:49.0000",10.31,95.67,29.15545654296875,46.4305419921875,59.15953063964844
"2024-11-03 05:18:27.0000",9.91,96.87,56.5799560546875,107.16770935058594,133.5447235107422
"2024-11-03 06:48:03.0000",9.69,97.91,33.146480560302734,57.40645217895508,75.56375122070312
"2024-11-03 07:17:54.0000",9.64,98.25,28.39554786682129,46.14976119995117,65.35322570800781
"2024-11-03 07:47:46.0000",9.6,98.46,24.93987464904785,40.99817657470703,55.37612533569336
"2024-11-03 08:17:40.0000",9.64,98.65,18.318016052246094,28.693803787231445,42.26787567138672
"2024-11-03 08:47:32.0000",9.7,98.82,16.56183624267578,25.97612953186035,36.477787017822266
"2024-11-03 09:47:19.0000",9.98,98.98,12.343631744384766,18.41710662841797,28.67342758178711
"2024-11-03 10:47:03.0000",10.1,98.64,8.291521072387695,11.441632270812988,14.986737251281738
"2024-11-03 13:46:17.0000",10.32,97.01,11.214680671691895,16.530393600463867,23.729984283447266
"2024-11-03 14:16:10.0000",10.3,96.77,10.969246864318848,15.673707962036133,19.648170471191406
"2024-11-03 16:15:38.0000",9.1,96.95,60.78925323486328,67.99610900878906,76.48033905029297
"2024-11-03 17:15:23.0000",8.51,97.35,15.560733795166016,24.379863739013672,44.961944580078125
"2024-11-03 17:45:16.0000",8.61,97.59,12.020179748535156,18.814603805541992,27.522605895996094
"2024-11-03 18:15:09.0000",8.64,97.37,14.50036907196045,23.5170955657959,36.821983337402344
"2024-11-03 18:45:00.0000",8.66,97.11,14.764488220214844,22.995546340942383,41.256072998046875
"2024-11-03 19:44:46.0000",8.67,96.71,16.296627044677734,28.82569694519043,44.001949310302734
"2024-11-03 20:14:38.0000",8.64,96.5,-1.4098648859776536e31,-1.4098648859776536e31,-1.4098648859776536e31
"2024-11-03 20:44:31.0000",8.64,96.12,19.57994842529297,33.77845764160156,58.020851135253906
"2024-11-03 21:44:18.0000",8.68,95.22,16.184650421142578,26.963136672973633,42.816951751708984
"2024-11-03 22:14:09.0000",8.7,94.74,18.04576873779297,33.812625885009766,58.80698776245117
"2024-11-04 00:13:40.0000",8.57,94.22,43.306270599365234,58.07805633544922,79.59666442871094
"2024-11-04 00:43:34.0000",8.52,94.13,22.122041702270508,36.426387786865234,62.77910614013672
"2024-11-04 01:43:18.0000",8.55,94.17,73.96208953857422,85.307373046875,95.5407485961914
"2024-11-04 02:13:10.0000",8.55,94.08,15.82387638092041,26.968828201293945,49.116050720214844
"2024-11-04 03:12:55.0000",8.5,93.93,14.47019100189209,24.15854835510254,48.932838439941406
"2024-11-04 04:12:39.0000",8.33,93.97,17.29128646850586,30.14875602722168,58.9300651550293
"2024-11-04 05:42:19.0000",8.35,94.12,22.46078872680664,39.26042175292969,71.43229675292969
"2024-11-04 06:12:11.0000",8.4,94.18,23.5117244720459,39.01889419555664,66.27200317382812
"2024-11-04 07:11:56.0000",8.43,94.19,26.22906494140625,43.07952880859375,73.3541030883789
"2024-11-04 07:41:49.0000",8.45,94.26,25.830310821533203,42.00764465332031,71.79702758789062
"2024-11-04 08:11:42.0000",8.49,94.42,25.979461669921875,42.172061920166016,78.78103637695312
"2024-11-04 08:41:35.0000",8.59,94.46,26.33250617980957,41.179080963134766,64.18128967285156
"2024-11-04 11:10:58.0000",9.3,93.63,60.00769805908203,74.3084487915039,93.86196899414062
"2024-11-04 11:40:51.0000",9.42,93.35,56.950923919677734,71.56929779052734,83.62442779541016
"2024-11-04 12:10:44.0000",9.56,92.98,62.03508758544922,77.00228881835938,95.6260757446289
"2024-11-04 14:40:10.0000",9.45,91.45,56.917518615722656,67.6888198852539,74.12655639648438
"2024-11-04 15:39:52.0000",9.19,91.18,24.231504440307617,32.94600296020508,47.63188171386719
"2024-11-04 16:39:37.0000",8.99,91.08,32.75079345703125,44.68810272216797,58.91805648803711
"2024-11-04 17:09:28.0000",8.93,91.1,39.3111572265625,55.1331672668457,67.56124877929688
"2024-11-04 18:09:12.0000",8.88,91.07,49.04912185668945,67.12110900878906,95.5776596069336
"2024-11-04 19:38:49.0000",8.85,91.14,43.64064407348633,59.56367111206055,73.97325134277344
"2024-11-04 20:08:41.0000",8.83,91.21,43.682533264160156,60.10264587402344,87.01728820800781
"2024-11-04 20:38:35.0000",8.8,91.26,46.17366027832031,62.71882247924805,78.21238708496094
"2024-11-05 00:07:47.0000",8.63,91.78,45.601497650146484,65.61040496826172,84.48433685302734
"2024-11-05 02:07:19.0000",8.1,92.81,54.50843048095703,96.88334655761719,136.9673309326172
"2024-11-05 02:37:11.0000",8,93.22,83.68218231201172,135.3571319580078,176.66773986816406
"2024-11-05 03:07:02.0000",7.93,93.55,94.37491607666016,154.54188537597656,204.98175048828125
"2024-11-05 03:36:54.0000",7.98,93.96,68.26321411132812,136.94325256347656,172.45265197753906
"2024-11-05 04:36:39.0000",8.13,94.41,-1.4098648859776536e31,-1.4098648859776536e31,-1.4098648859776536e31
"2024-11-05 05:06:33.0000",8.22,94.59,41.816429138183594,80.55880737304688,107.86158752441406
"2024-11-05 06:36:10.0000",8.26,94.79,26.11530876159668,44.5758056640625,56.062007904052734
"2024-11-05 07:06:02.0000",8.31,94.85,21.34614372253418,36.46735763549805,46.20132064819336
"2024-11-05 07:35:54.0000",8.51,94.87,10.447461128234863,17.137914657592773,22.55380630493164
"2024-11-05 08:05:48.0000",8.63,94.77,14.841082572937012,24.98253631591797,37.35673904418945
"2024-11-05 11:35:02.0000",10.95,93.73,15.54574966430664,26.148601531982422,45.93085479736328
"2024-11-05 14:04:27.0000",10.62,93.25,32.47233200073242,60.02922058105469,89.05281066894531
"2024-11-05 14:34:19.0000",10.01,94.08,35.21055603027344,66.83354949951172,102.12823486328125
"2024-11-05 15:04:09.0000",9.84,94.64,43.12552261352539,88.87548828125,134.99827575683594
"2024-11-05 16:33:47.0000",9.55,96.05,103.11046600341797,179.3743133544922,223.34312438964844
"2024-11-05 17:03:40.0000",9.53,96.51,60.162353515625,132.76943969726562,171.90625
"2024-11-05 17:33:33.0000",9.57,97,111.0262222290039,187.46029663085938,217.3863067626953
"2024-11-05 18:03:26.0000",9.66,97.4,82.67340850830078,148.07147216796875,179.2570037841797
"2024-11-05 18:33:20.0000",9.8,97.68,-1.4098648859776536e31,-1.4098648859776536e31,-1.4098648859776536e31
"2024-11-05 21:02:45.0000",9.69,100.96,118.0740737915039,168.2122344970703,183.54019165039062
"2024-11-05 21:32:39.0000",9.8,100.87,-1.4098648859776536e31,-1.4098648859776536e31,-1.4098648859776536e31
"2024-11-05 22:32:26.0000",9.66,101.03,82.92169189453125,148.54986572265625,172.60130310058594
"2024-11-05 23:02:19.0000",9.7,101.46,77.52711486816406,129.70285034179688,151.7593994140625
"2024-11-06 00:31:58.0000",9.75,101.84,44.948665618896484,81.68714904785156,96.2052001953125
"2024-11-06 01:01:51.0000",9.77,102.19,43.58750534057617,76.01847076416016,85.9564208984375
"2024-11-06 01:31:45.0000",9.91,102.17,42.059757232666016,73.84004974365234,86.91178131103516
"2024-11-06 02:01:37.0000",9.92,102.12,40.36873245239258,69.6196517944336,84.54789733886719
"2024-11-06 02:31:30.0000",9.93,102.05,43.2581672668457,74.4793472290039,84.61247253417969
"2024-11-06 03:01:22.0000",9.93,102.17,32.601173400878906,56.86799240112305,71.63105773925781
"2024-11-06 03:31:14.0000",9.98,102.13,30.653200149536133,54.050228118896484,77.55103302001953
"2024-11-06 04:01:07.0000",10.04,102.18,-1.4098648859776536e31,-1.4098648859776536e31,-1.4098648859776536e31
"2024-11-06 04:30:59.0000",10.12,102.1,28.437206268310547,47.9367561340332,54.248050689697266
"2024-11-06 05:30:46.0000",10.04,102.29,25.862911224365234,43.30311584472656,48.257789611816406
"2024-11-06 06:00:39.0000",10.11,102.42,25.422138214111328,42.242862701416016,51.88500213623047
"2024-11-06 06:30:32.0000",10.14,102.35,26.287256240844727,44.5312614440918,54.9787712097168
"2024-11-06 07:00:26.0000",10.09,102.31,24.892704010009766,41.669857025146484,47.60340881347656
"2024-11-06 08:00:12.0000",10.33,103.71,23.463897705078125,40.909400939941406,51.19608688354492
"2024-11-06 08:30:07.0000",10.74,101.82,23.97638702392578,40.29219436645508,51.372413635253906
"2024-11-06 09:00:00.0000",10.59,102.58,26.961294174194336,39.47446823120117,51.101985931396484
"2024-11-06 09:29:53.0000",11.08,102.67,17.47011947631836,28.57170295715332,34.999568939208984
"2024-11-06 10:59:36.0000",13.43,99.48,13.168060302734375,21.01570701599121,38.76484298706055
"2024-11-06 11:29:30.0000",13.39,96.64,11.030633926391602,17.71274757385254,35.89065933227539
"2024-11-06 12:29:17.0000",13.37,95.68,9.826478004455566,14.874216079711914,19.49725914001465
"2024-11-06 13:29:06.0000",14.67,93.84,10.295599937438965,15.651400566101074,34.74823760986328
"2024-11-06 13:58:57.0000",13.67,95.07,12.54970932006836,19.38397979736328,24.95854377746582
"2024-11-06 14:28:48.0000",13.21,95.22,13.537745475769043,20.92415428161621,28.317407608032227
"2024-11-06 14:58:40.0000",12.97,95.34,14.5537691116333,22.045785903930664,34.301963806152344
"2024-11-06 15:58:24.0000",12.5,95.78,12.921462059020996,19.995996475219727,38.86186599731445
"2024-11-06 17:57:52.0000",11.06,97.06,13.676706314086914,21.098386764526367,31.333904266357422
"2024-11-06 18:27:45.0000",11.11,97.84,14.179218292236328,21.823652267456055,29.198184967041016
"2024-11-06 19:27:33.0000",11.41,98.07,9.946605682373047,15.69774341583252,25.964868545532227
"2024-11-06 20:57:12.0000",10.82,99.02,33.044212341308594,44.58856964111328,57.28996276855469
"2024-11-06 21:27:04.0000",10.75,99.17,16.962736129760742,22.9742431640625,26.676918029785156
"2024-11-06 22:26:50.0000",10.55,99.96,19.508045196533203,26.246925354003906,32.90082931518555
"2024-11-06 23:26:37.0000",10.43,100.17,19.4769344329834,27.388080596923828,36.93354797363281
"2024-11-06 23:56:30.0000",10.35,100.44,32.742515563964844,41.561973571777344,49.452762603759766
"2024-11-07 00:26:22.0000",10.31,100.94,-1.4098648859776536e31,-1.4098648859776536e31,-1.4098648859776536e31
"2024-11-07 02:55:42.0000",9.48,102.04,-1.4098648859776536e31,-1.4098648859776536e31,-1.4098648859776536e31
"2024-11-07 03:25:34.0000",9.33,102.43,43.28681564331055,73.2297134399414,84.01367950439453
"2024-11-07 04:25:21.0000",8.84,102.64,26.842975616455078,47.5500373840332,67.2898178100586
"2024-11-07 04:55:13.0000",8.4,102.96,-1.4098648859776536e31,-1.4098648859776536e31,-1.4098648859776536e31
"2024-11-07 06:24:54.0000",8.48,105.13,-1.4098648859776536e31,-1.4098648859776536e31,-1.4098648859776536e31
"2024-11-07 06:54:47.0000",8.48,105.82,-1.4098648859776536e31,-1.4098648859776536e31,-1.4098648859776536e31
"2024-11-07 07:54:34.0000",8.6,106.44,-1.4098648859776536e31,-1.4098648859776536e31,-1.4098648859776536e31
"2024-11-07 08:54:21.0000",9.24,105.6,8.632408142089844,13.178897857666016,18.422025680541992
"2024-11-07 10:24:02.0000",9.79,101.64,6.544713497161865,9.92434024810791,20.45871925354004
"2024-11-07 10:53:55.0000",9.84,100.89,5.010071754455566,7.128067970275879,9.855019569396973
"2024-11-07 11:53:40.0000",10.03,99.11,4.879222393035889,7.670158386230469,12.797685623168945
"2024-11-07 12:23:33.0000",10.17,98.92,-1.4098648859776536e31,-1.4098648859776536e31,-1.4098648859776536e31
"2024-11-07 12:53:26.0000",10.4,96.71,2.852768898010254,5.465389728546143,11.103510856628418
"2024-11-07 13:53:11.0000",10.39,95.65,3.8405919075012207,6.541901111602783,11.842426300048828
"2024-11-07 15:52:43.0000",10,98.86,8.344517707824707,13.251757621765137,21.8548526763916
"2024-11-07 16:22:35.0000",9.91,99.82,10.908173561096191,16.28757095336914,29.863271713256836
"2024-11-07 16:52:28.0000",9.78,99.88,11.180728912353516,16.25434684753418,23.246843338012695
"2024-11-07 18:22:06.0000",9.44,101.6,25.43819808959961,38.569881439208984,50.785850524902344
"2024-11-07 18:51:58.0000",9.54,101.72,21.371431350708008,32.95214080810547,42.94990158081055
"2024-11-07 19:21:50.0000",9.65,101,-1.4098648859776536e31,-1.4098648859776536e31,-1.4098648859776536e31
"2024-11-07 19:51:43.0000",9.74,100.43,20.227466583251953,30.710853576660156,42.76206970214844
"2024-11-07 20:51:27.0000",9.75,100.29,27.37270164489746,42.85466384887695,66.07080078125
"2024-11-07 21:21:19.0000",9.67,100.06,-1.4098648859776536e31,-1.4098648859776536e31,-1.4098648859776536e31
"2024-11-07 22:21:04.0000",9.53,99.82,34.578670501708984,51.50365447998047,59.46658706665039
"2024-11-07 22:50:58.0000",9.58,99.48,36.06705856323242,53.38420867919922,65.06803894042969
"2024-11-07 23:20:49.0000",9.59,98.74,-1.4098648859776536e31,-1.4098648859776536e31,-1.4098648859776536e31
"2024-11-08 00:20:36.0000",9.42,97.8,85.94368743896484,112.62153625488281,129.43455505371094
"2024-11-08 00:50:28.0000",9.29,97.74,56.222496032714844,87.27978515625,105.9342041015625
"2024-11-08 01:50:13.0000",9.02,97.96,-1.4098648859776536e31,-1.4098648859776536e31,-1.4098648859776536e31
"2024-11-08 02:49:58.0000",8.55,98.2,-1.4098648859776536e31,-1.4098648859776536e31,-1.4098648859776536e31
"2024-11-08 03:19:52.0000",8.19,98.49,31.26186752319336,58.992000579833984,67.50936889648438
"2024-11-08 03:49:44.0000",8.04,98.93,34.30231857299805,70.28512573242188,84.75769805908203
"2024-11-08 04:19:36.0000",7.94,99.47,-1.4098648859776536e31,-1.4098648859776536e31,-1.4098648859776536e31
"2024-11-08 04:49:29.0000",7.84,100.1,29.26407241821289,62.213565826416016,75.05747985839844
"2024-11-08 05:49:15.0000",7.99,100.03,-1.4098648859776536e31,-1.4098648859776536e31,-1.4098648859776536e31
"2024-11-08 06:19:09.0000",8.01,99.96,27.01660919189453,57.218997955322266,70.842529296875
"2024-11-08 07:48:49.0000",8.18,100.16,13.904356956481934,27.010168075561523,39.183170318603516
"2024-11-08 09:48:25.0000",8.63,99.5,16.83472442626953,33.567771911621094,54.89750289916992
"2024-11-08 11:18:01.0000",7.68,99.7,41.78102111816406,87.91837310791016,114.44522857666016
"2024-11-08 11:47:53.0000",7.57,99.59,40.02998352050781,78.13580322265625,111.03158569335938
"2024-11-08 12:47:38.0000",7.75,98.39,-1.4098648859776536e31,-1.4098648859776536e31,-1.4098648859776536e31
"2024-11-08 13:47:23.0000",7.48,96.41,36.200347900390625,56.796836853027344,77.015625
"2024-11-08 16:16:48.0000",6.93,95.39,-1.4098648859776536e31,-1.4098648859776536e31,-1.4098648859776536e31
"2024-11-08 17:16:34.0000",6.76,94.75,85.79215240478516,104.59965515136719,109.94209289550781
"2024-11-08 22:15:22.0000",6.23,94.06,44.17345428466797,68.91202545166016,82.03760528564453
"2024-11-09 01:44:30.0000",5.92,93.73,96.63058471679688,122.08993530273438,132.5376739501953
"2024-11-09 03:14:06.0000",5.72,93.47,46.43386459350586,72.07196807861328,87.44773864746094
"2024-11-09 03:43:59.0000",5.65,93.44,103.93865966796875,133.2460479736328,143.83364868164062
"2024-11-09 04:13:52.0000",5.63,93.44,97.59444427490234,123.25691986083984,137.09095764160156
"2024-11-09 04:43:45.0000",5.52,93.37,102.95219421386719,131.04681396484375,140.15525817871094
"2024-11-09 06:13:23.0000",5.46,93.38,100.13394165039062,129.36251831054688,136.95704650878906
"2024-11-09 06:43:16.0000",5.51,93.49,105.27082061767578,140.4031982421875,152.65989685058594
"2024-11-09 07:13:09.0000",5.47,93.41,101.1246566772461,132.447509765625,146.62281799316406
"2024-11-09 07:43:02.0000",5.5,93.34,95.28777313232422,121.87487030029297,127.90408325195312
"2024-11-09 08:12:55.0000",5.55,93.3,77.37584686279297,110.65775299072266,129.7477264404297
"2024-11-09 08:42:48.0000",5.63,93.22,101.30492401123047,133.14300537109375,142.36126708984375
"2024-11-09 09:12:41.0000",5.72,93.2,46.72174072265625,77.50747680664062,91.52877807617188
"2024-11-09 10:12:27.0000",5.96,92.82,45.21644973754883,76.0522689819336,90.25287628173828
"2024-11-09 10:42:21.0000",6.03,92.21,51.57395935058594,86.65350341796875,101.4842758178711
"2024-11-09 11:12:14.0000",6.13,92.22,50.87961196899414,85.2914810180664,98.9408950805664
"2024-11-09 14:41:29.0000",6.44,90.8,65.6878890991211,103.52327728271484,117.06927490234375
"2024-11-09 15:11:22.0000",6.4,90.98,93.38087463378906,127.65387725830078,137.4484405517578
"2024-11-09 15:41:15.0000",6.24,91.12,43.735816955566406,85.46369934082031,101.87116241455078
"2024-11-09 16:11:07.0000",6.07,91.29,45.48591613769531,89.41323852539062,106.54552459716797
"2024-11-09 17:10:53.0000",5.81,91.55,45.6324577331543,87.19552612304688,105.36365509033203
"2024-11-09 17:40:46.0000",5.7,91.62,90.47364807128906,123.65817260742188,136.7456817626953
"2024-11-09 18:40:33.0000",5.83,91.63,55.61385726928711,100.03751373291016,116.4899673461914
"2024-11-09 19:10:27.0000",5.86,91.6,50.52460861206055,95.12548065185547,109.01400756835938
"2024-11-09 20:10:11.0000",5.75,91.63,102.80076599121094,147.9434356689453,160.76138305664062
"2024-11-09 20:40:02.0000",5.84,91.73,44.65885925292969,87.38995361328125,114.70183563232422
"2024-11-09 21:09:56.0000",5.8,91.77,97.0577392578125,139.00839233398438,149.61915588378906
"2024-11-09 22:39:33.0000",5.83,91.95,49.744911193847656,95.45511627197266,116.82598876953125
"2024-11-09 23:39:20.0000",5.83,92.17,51.96190643310547,96.58930206298828,115.9266357421875
"2024-11-10 00:39:04.0000",5.87,92.41,53.78038024902344,98.80099487304688,111.49774169921875
"2024-11-10 01:08:58.0000",5.9,92.51,57.8224983215332,104.3193588256836,132.82305908203125
"2024-11-10 01:38:51.0000",5.92,92.65,54.972251892089844,100.74870300292969,122.78169250488281
"2024-11-10 02:08:44.0000",5.94,92.73,54.082984924316406,99.73186492919922,118.78047180175781
"2024-11-10 03:08:30.0000",5.97,92.86,56.31764602661133,105.2376480102539,134.2600555419922
"2024-11-10 03:38:22.0000",5.95,93.23,53.79399108886719,100.53092193603516,115.84307861328125
"2024-11-10 04:08:15.0000",6,93.41,55.676822662353516,105.40641784667969,131.35841369628906
"2024-11-10 05:37:54.0000",6.23,94,50.900001525878906,103.10868835449219,127.35157775878906
"2024-11-10 06:07:48.0000",6.35,94.19,-1.4098648859776536e31,-1.4098648859776536e31,-1.4098648859776536e31
"2024-11-10 06:37:41.0000",6.29,94.02,54.997066497802734,122.72692108154297,150.4131622314453
"2024-11-10 07:37:27.0000",6.35,95,53.5536994934082,125.11943054199219,160.6382598876953
"2024-11-10 11:36:43.0000",11.08,95.53,15.069478034973145,26.096818923950195,38.06784439086914
"2024-11-10 12:36:28.0000",10.96,95.56,17.688491821289062,33.77311325073242,41.36765670776367
"2024-11-10 15:05:56.0000",11.21,98.1,13.516875267028809,28.29827308654785,49.77954864501953
"2024-11-10 16:05:43.0000",11.26,98.64,-1.4098648859776536e31,-1.4098648859776536e31,-1.4098648859776536e31
"2024-11-10 17:05:28.0000",11.08,99.42,4.902724742889404,14.066670417785645,53.749732971191406
"2024-11-10 17:35:21.0000",11.15,99.86,8.582246780395508,22.469173431396484,94.94377136230469
"2024-11-10 18:05:13.0000",10.21,100.47,-1.4098648859776536e31,-1.4098648859776536e31,-1.4098648859776536e31
"2024-11-10 18:35:06.0000",9.89,101.28,-1.4098648859776536e31,-1.4098648859776536e31,-1.4098648859776536e31
"2024-11-10 19:04:57.0000",9.25,100.85,-1.4098648859776536e31,-1.4098648859776536e31,-1.4098648859776536e31
"2024-11-10 20:34:33.0000",7.74,102.38,-1.4098648859776536e31,-1.4098648859776536e31,-1.4098648859776536e31
"2024-11-10 21:04:26.0000",7.88,102.71,-1.4098648859776536e31,-1.4098648859776536e31,-1.4098648859776536e31
"2024-11-10 23:03:59.0000",8.47,102.92,-1.4098648859776536e31,-1.4098648859776536e31,-1.4098648859776536e31
"2024-11-10 23:33:54.0000",8.61,102.62,-1.4098648859776536e31,-1.4098648859776536e31,-1.4098648859776536e31
"2024-11-11 00:03:47.0000",8.52,102.6,-1.4098648859776536e31,-1.4098648859776536e31,-1.4098648859776536e31
"2024-11-11 00:33:40.0000",8.35,102.87,-1.4098648859776536e31,-1.4098648859776536e31,-1.4098648859776536e31
"2024-11-11 01:33:26.0000",8.46,103.29,-1.4098648859776536e31,-1.4098648859776536e31,-1.4098648859776536e31
"2024-11-11 02:03:19.0000",8.22,103.46,-1.4098648859776536e31,-1.4098648859776536e31,-1.4098648859776536e31
"2024-11-11 02:33:13.0000",8.09,103.73,-1.4098648859776536e31,-1.4098648859776536e31,-1.4098648859776536e31
"2024-11-11 03:03:05.0000",7.7,104.18,-1.4098648859776536e31,-1.4098648859776536e31,-1.4098648859776536e31
"2024-11-11 03:33:00.0000",7.82,104.4,-1.4098648859776536e31,-1.4098648859776536e31,-1.4098648859776536e31
"2024-11-11 04:32:46.0000",7.64,104.58,-1.4098648859776536e31,-1.4098648859776536e31,-1.4098648859776536e31
"2024-11-11 05:02:40.0000",7.68,104.74,-1.4098648859776536e31,-1.4098648859776536e31,-1.4098648859776536e31
"2024-11-11 05:32:34.0000",7.56,104.57,-1.4098648859776536e31,-1.4098648859776536e31,-1.4098648859776536e31
"2024-11-11 06:02:26.0000",7.24,104.63,-1.4098648859776536e31,-1.4098648859776536e31,-1.4098648859776536e31
"2024-11-11 07:02:11.0000",6.8,104.74,-1.4098648859776536e31,-1.4098648859776536e31,-1.4098648859776536e31
"2024-11-11 09:31:37.0000",8.89,103.95,-1.4098648859776536e31,-1.4098648859776536e31,-1.4098648859776536e31
"2024-11-11 10:31:31.0000",13.71,98.74,-1.4098648859776536e31,-1.4098648859776536e31,-1.4098648859776536e31
"2024-11-11 11:01:25.0000",12.45,99.62,5.173476696014404,24.70462989807129,64.01482391357422
"2024-11-11 11:31:20.0000",16.11,96.4,3.3444464206695557,17.934249877929688,54.60633850097656
"2024-11-11 14:00:37.0000",11.27,86.49,3.205057144165039,18.89790916442871,58.27323913574219
"2024-11-11 15:00:19.0000",9.58,87.34,3.493211030960083,25.458526611328125,76.12787628173828
"2024-11-11 16:59:45.0000",7.35,90.7,-1.4098648859776536e31,-1.4098648859776536e31,-1.4098648859776536e31
"2024-11-11 19:59:05.0000",7.29,93.44,4.9431610107421875,25.93954086303711,102.80980682373047
"2024-11-11 20:58:51.0000",7,93.85,-1.4098648859776536e31,-1.4098648859776536e31,-1.4098648859776536e31
"2024-11-11 21:28:44.0000",6.93,94.02,5.409052848815918,28.128646850585938,91.93537139892578
"2024-11-11 21:58:35.0000",6.43,94.45,-1.4098648859776536e31,-1.4098648859776536e31,-1.4098648859776536e31
"2024-11-11 22:28:26.0000",5.82,95.08,8.101346015930176,36.039276123046875,115.62779998779297
"2024-11-11 23:58:02.0000",5.13,95.91,6.902780532836914,27.918529510498047,79.1202163696289
"2024-11-12 00:57:47.0000",4.87,96.41,4.325155735015869,21.146623611450195,57.92578125
"2024-11-12 01:27:41.0000",4.81,96.42,4.47140645980835,20.839750289916992,70.74301147460938
"2024-11-12 01:57:35.0000",4.85,96.27,3.9401071071624756,20.013822555541992,57.047550201416016
"2024-11-12 02:27:28.0000",5.07,96.56,2.7706639766693115,13.264596939086914,47.66511535644531
"2024-11-12 03:27:16.0000",5,95.21,2.989722967147827,14.321290016174316,42.38055419921875
"2024-11-12 04:27:01.0000",4.29,95.44,-1.4098648859776536e31,-1.4098648859776536e31,-1.4098648859776536e31
"2024-11-12 04:56:53.0000",3.88,95.19,3.801668167114258,18.816600799560547,59.29780960083008
"2024-11-12 06:56:25.0000",4.7,95.74,3.479964256286621,16.55377197265625,53.41964340209961
"2024-11-12 07:56:09.0000",5.25,96.36,2.4674088954925537,13.27885627746582,37.12104034423828
"2024-11-12 08:55:55.0000",6,94.52,4.175256729125977,13.636943817138672,31.03274154663086
"2024-11-12 10:25:40.0000",10.4,92.34,3.1418778896331787,13.424836158752441,37.15986251831055
"2024-11-12 10:55:38.0000",13.57,90.8,3.1448092460632324,11.934572219848633,35.34892654418945
"2024-11-12 11:25:35.0000",14.36,88.09,5.478428840637207,26.509187698364258,64.24468994140625
"2024-11-12 11:55:27.0000",14.67,88.27,2.779324531555176,12.963069915771484,35.920841217041016
"2024-11-12 12:55:13.0000",14.18,84.55,3.6001405715942383,15.9642972946167,42.906890869140625
"2024-11-12 13:25:02.0000",12.12,85.47,3.200618028640747,17.29307746887207,61.360408782958984
"2024-11-12 14:54:35.0000",9.56,84.48,5.916110992431641,18.8420467376709,58.133426666259766
"2024-11-12 15:54:19.0000",8.83,84.21,3.881037950515747,16.505447387695312,44.275543212890625
"2024-11-12 16:24:09.0000",7.87,84.48,4.119478702545166,17.320405960083008,68.11082458496094
"2024-11-12 16:53:59.0000",7.21,85.28,13.20133113861084,27.11724853515625,61.05373001098633
"2024-11-12 17:23:50.0000",6.75,86.18,21.536603927612305,36.39600372314453,67.56718444824219
"2024-11-12 17:53:43.0000",6.57,86.6,34.72585678100586,53.176387786865234,104.25729370117188
"2024-11-12 19:23:21.0000",5.83,88.4,8.130393981933594,24.708858489990234,75.14153289794922
"2024-11-12 20:23:05.0000",5.43,88.82,61.5127067565918,79.25141906738281,111.77766418457031
"2024-11-12 21:22:51.0000",5.53,89.58,6.472071170806885,21.85209846496582,89.74222564697266
"2024-11-12 21:52:44.0000",5.41,89.53,20.600221633911133,36.251617431640625,87.82334899902344
"2024-11-12 22:52:30.0000",5.43,89.59,24.539541244506836,39.21974182128906,77.0136947631836
"2024-11-13 00:22:08.0000",4.95,90.79,8.442336082458496,26.396116256713867,77.37783813476562
"2024-11-13 01:21:55.0000",4.56,90.92,-1.4098648859776536e31,-1.4098648859776536e31,-1.4098648859776536e31
"2024-11-13 02:51:32.0000",4.21,92.12,12.635726928710938,36.796722412109375,105.32442474365234
"2024-11-13 03:21:27.0000",4.28,92.77,15.376839637756348,44.3804931640625,146.45266723632812
"2024-11-13 04:21:14.0000",4.64,93.07,17.64021873474121,50.04890823364258,199.56935119628906
"2024-11-13 04:51:07.0000",4.67,93.36,14.6242094039917,49.94047546386719,320.6648864746094
"2024-11-13 05:21:00.0000",4.55,93.88,11.013221740722656,39.081504821777344,142.22171020507812
"2024-11-13 07:50:25.0000",4.68,95.42,7.4346160888671875,29.210275650024414,113.90911865234375
"2024-11-13 08:20:21.0000",7.29,95.81,5.478119373321533,21.853092193603516,86.39984130859375
"2024-11-13 08:50:20.0000",11.2,92.61,4.289706707000732,17.45826530456543,53.76117706298828
"2024-11-13 09:20:16.0000",11.96,92.93,4.250787258148193,17.919775009155273,62.867401123046875
"2024-11-13 10:19:56.0000",9.93,94.29,3.7830376625061035,17.69610023498535,49.62155532836914
"2024-11-13 10:49:49.0000",10.19,93.97,3.4738881587982178,14.659985542297363,44.099735260009766
"2024-11-13 12:49:30.0000",14.04,90.81,3.873528242111206,15.203377723693848,43.10593795776367
"2024-11-13 13:19:20.0000",13.24,90.67,2.4217984676361084,14.000858306884766,37.339107513427734
"2024-11-13 15:18:43.0000",9.43,92.25,47.81623458862305,54.910888671875,78.7025375366211
"2024-11-13 16:18:28.0000",9.27,93.41,-1.4098648859776536e31,-1.4098648859776536e31,-1.4098648859776536e31
"2024-11-13 18:17:57.0000",9.59,95.74,27.74419403076172,48.54563522338867,78.51475524902344
"2024-11-13 20:47:24.0000",10.08,98.61,-1.4098648859776536e31,-1.4098648859776536e31,-1.4098648859776536e31
"2024-11-13 21:47:11.0000",10.31,99.68,-1.4098648859776536e31,-1.4098648859776536e31,-1.4098648859776536e31
"2024-11-13 22:17:02.0000",10.39,100.05,-1.4098648859776536e31,-1.4098648859776536e31,-1.4098648859776536e31
"2024-11-13 23:16:51.0000",10.61,101.07,-1.4098648859776536e31,-1.4098648859776536e31,-1.4098648859776536e31
"2024-11-14 00:46:31.0000",10.66,101.79,-1.4098648859776536e31,-1.4098648859776536e31,-1.4098648859776536e31
"2024-11-14 01:16:25.0000",10.6,102.01,-1.4098648859776536e31,-1.4098648859776536e31,-1.4098648859776536e31
"2024-11-14 01:46:19.0000",10.56,102.3,-1.4098648859776536e31,-1.4098648859776536e31,-1.4098648859776536e31
"2024-11-14 02:16:12.0000",10.46,102.59,-1.4098648859776536e31,-1.4098648859776536e31,-1.4098648859776536e31
"2024-11-14 02:46:05.0000",10.25,103.04,-1.4098648859776536e31,-1.4098648859776536e31,-1.4098648859776536e31
"2024-11-14 03:15:58.0000",9.97,103.4,-1.4098648859776536e31,-1.4098648859776536e31,-1.4098648859776536e31
"2024-11-14 03:45:50.0000",9.54,103.69,-1.4098648859776536e31,-1.4098648859776536e31,-1.4098648859776536e31
"2024-11-14 04:15:44.0000",9.43,104.05,-1.4098648859776536e31,-1.4098648859776536e31,-1.4098648859776536e31
"2024-11-14 05:45:23.0000",8.87,104.29,-1.4098648859776536e31,-1.4098648859776536e31,-1.4098648859776536e31
"2024-11-14 06:45:07.0000",8.43,104.74,-1.4098648859776536e31,-1.4098648859776536e31,-1.4098648859776536e31
"2024-11-14 07:44:54.0000",8.28,104.98,-1.4098648859776536e31,-1.4098648859776536e31,-1.4098648859776536e31
"2024-11-14 10:44:17.0000",10.72,104.75,-1.4098648859776536e31,-1.4098648859776536e31,-1.4098648859776536e31
"2024-11-14 11:44:13.0000",13.73,100.72,-1.4098648859776536e31,-1.4098648859776536e31,-1.4098648859776536e31
"2024-11-14 12:14:06.0000",11.82,101.75,-1.4098648859776536e31,-1.4098648859776536e31,-1.4098648859776536e31
"2024-11-14 13:13:51.0000",11.71,105.13,-1.4098648859776536e31,-1.4098648859776536e31,-1.4098648859776536e31
"2024-11-14 13:43:44.0000",12.02,104.36,-1.4098648859776536e31,-1.4098648859776536e31,-1.4098648859776536e31
"2024-11-14 14:43:28.0000",11.32,105.45,-1.4098648859776536e31,-1.4098648859776536e31,-1.4098648859776536e31
"2024-11-14 15:13:19.0000",9.81,104.37,-1.4098648859776536e31,-1.4098648859776536e31,-1.4098648859776536e31
"2024-11-14 16:13:03.0000",8.93,107.73,24.31593132019043,29.811328887939453,37.67695617675781
"2024-11-14 16:42:57.0000",8.88,105.59,39.000728607177734,46.51015853881836,52.564266204833984
"2024-11-14 17:12:48.0000",7.84,105.16,27.001605987548828,36.13459396362305,56.23932647705078
"2024-11-14 17:42:39.0000",7.5,105.5,30.056364059448242,40.22169876098633,74.4781265258789
"2024-11-14 18:12:32.0000",7.24,105.78,36.248416900634766,49.11569595336914,62.67136001586914
"2024-11-14 18:42:25.0000",7.11,105.54,30.18276023864746,41.407161712646484,55.25734329223633
"2024-11-14 20:12:03.0000",6.53,105.55,-1.4098648859776536e31,-1.4098648859776536e31,-1.4098648859776536e31
"2024-11-14 21:11:49.0000",6.53,105.72,-1.4098648859776536e31,-1.4098648859776536e31,-1.4098648859776536e31
"2024-11-14 23:11:18.0000",6.58,105.44,-1.4098648859776536e31,-1.4098648859776536e31,-1.4098648859776536e31
"2024-11-15 00:40:57.0000",7.24,105.31,-1.4098648859776536e31,-1.4098648859776536e31,-1.4098648859776536e31
"2024-11-15 02:10:36.0000",6.98,105.05,-1.4098648859776536e31,-1.4098648859776536e31,-1.4098648859776536e31
"2024-11-15 02:40:29.0000",6.9,105.18,-1.4098648859776536e31,-1.4098648859776536e31,-1.4098648859776536e31
"2024-11-15 03:10:21.0000",6.92,105.13,20.056997299194336,31.862411499023438,49.10396194458008
"2024-11-15 03:40:15.0000",6.9,105.17,-1.4098648859776536e31,-1.4098648859776536e31,-1.4098648859776536e31
"2024-11-15 04:40:00.0000",6.83,105.28,-1.4098648859776536e31,-1.4098648859776536e31,-1.4098648859776536e31
"2024-11-15 05:09:53.0000",6.85,105.4,18.223918914794922,35.6814079284668,49.753517150878906
"2024-11-15 05:39:46.0000",6.94,105.54,18.93842315673828,38.670249938964844,49.26121139526367
"2024-11-15 06:39:33.0000",6.85,105.45,-1.4098648859776536e31,-1.4098648859776536e31,-1.4098648859776536e31
"2024-11-15 07:09:26.0000",6.74,105.53,54.37806701660156,141.74305725097656,307.8804931640625
"2024-11-15 07:39:19.0000",6.71,105.67,41.5301628112793,93.65423583984375,117.87378692626953
"2024-11-15 08:09:12.0000",6.83,106.07,37.17137908935547,84.37406921386719,110.14501953125
"2024-11-15 08:39:06.0000",7.26,106.42,18.956087112426758,34.27327346801758,51.995460510253906
"2024-11-15 10:38:43.0000",10.05,104.56,-1.4098648859776536e31,-1.4098648859776536e31,-1.4098648859776536e31
"2024-11-15 11:08:39.0000",11.51,103.12,4.891326904296875,7.354099273681641,15.570819854736328
"2024-11-15 11:38:32.0000",11.77,103.57,5.975865840911865,9.860437393188477,25.55797004699707
"2024-11-15 12:08:25.0000",11.81,104.85,3.3996264934539795,6.3066534996032715,13.507701873779297
"2024-11-15 13:38:05.0000",12.5,103.26,0.4903132915496826,1.3301174640655518,12.755818367004395
"2024-11-15 15:37:35.0000",11.65,101.34,1.117825984954834,2.5418128967285156,13.234136581420898
"2024-11-15 16:07:27.0000",11.18,100.96,0.6708946824073792,1.7858340740203857,5.019648551940918
"2024-11-15 17:07:10.0000",10.62,100.56,-1.4098648859776536e31,-1.4098648859776536e31,-1.4098648859776536e31
"2024-11-15 18:06:55.0000",10.19,99.92,1.2715339660644531,2.7861275672912598,13.153716087341309
"2024-11-15 18:36:48.0000",10.12,99.73,1.3829518556594849,3.7926206588745117,12.437806129455566
"2024-11-15 19:06:39.0000",10.07,99.42,1.2036033868789673,2.9537155628204346,14.766630172729492
"2024-11-15 19:36:33.0000",10.01,99.07,1.3253819942474365,3.588395833969116,14.529467582702637
"2024-11-15 20:36:17.0000",9.24,98.59,1.5114481449127197,3.114819049835205,10.999893188476562
"2024-11-15 21:36:05.0000",9.51,98.26,1.9720872640609741,3.8071694374084473,7.042893409729004
"2024-11-15 23:05:43.0000",9.28,97.85,0.9633122682571411,2.547734498977661,13.960221290588379
"2024-11-15 23:35:36.0000",9.14,98.14,0.7871278524398804,2.3279061317443848,17.182056427001953
"2024-11-16 00:05:29.0000",8.99,98.51,0.8622027635574341,2.6281731128692627,19.85094451904297
"2024-11-16 00:35:21.0000",9.13,98.75,-1.4098648859776536e31,-1.4098648859776536e31,-1.4098648859776536e31
"2024-11-16 01:05:14.0000",9.22,98.75,0.8747039437294006,2.5903687477111816,9.9074068069458
"2024-11-16 01:35:07.0000",8.9,98.96,1.0859060287475586,3.713108539581299,17.54302406311035
"2024-11-16 02:04:59.0000",8.8,99.49,40.77504348754883,42.97365188598633,55.238121032714844
"2024-11-16 02:34:51.0000",9.03,100.04,28.738950729370117,32.8719367980957,59.23905563354492
"2024-11-16 03:34:36.0000",9.43,100.74,3.174907922744751,16.017240524291992,93.16044616699219
"2024-11-16 04:04:30.0000",9.44,100.97,1.6681325435638428,11.827407836914062,54.3874397277832
"2024-11-16 05:34:10.0000",9.45,101.8,1.2408560514450073,9.150938034057617,39.67808151245117
"2024-11-16 06:04:02.0000",9.46,102.06,1.41300368309021,9.006635665893555,45.64117431640625
"2024-11-16 06:33:54.0000",9.48,102.26,1.4383578300476074,10.128072738647461,48.17963409423828
"2024-11-16 07:03:46.0000",9.46,102.33,0.8113930225372314,7.253568172454834,35.100303649902344
"2024-11-16 08:03:32.0000",9.46,102.7,-1.4098648859776536e31,-1.4098648859776536e31,-1.4098648859776536e31
"2024-11-16 09:03:17.0000",8.11,103.65,-1.4098648859776536e31,-1.4098648859776536e31,-1.4098648859776536e31
"2024-11-16 09:33:09.0000",7.93,104.1,-1.4098648859776536e31,-1.4098648859776536e31,-1.4098648859776536e31
"2024-11-16 11:02:50.0000",8.18,104.61,-1.4098648859776536e31,-1.4098648859776536e31,-1.4098648859776536e31
"2024-11-16 11:32:43.0000",7.96,105.12,-1.4098648859776536e31,-1.4098648859776536e31,-1.4098648859776536e31
"2024-11-16 12:02:35.0000",8.67,105.89,-1.4098648859776536e31,-1.4098648859776536e31,-1.4098648859776536e31
"2024-11-16 12:32:31.0000",9.5,104.61,-1.4098648859776536e31,-1.4098648859776536e31,-1.4098648859776536e31
"2024-11-16 13:02:24.0000",9.35,104.1,-1.4098648859776536e31,-1.4098648859776536e31,-1.4098648859776536e31
"2024-11-16 15:01:56.0000",9.12,102.32,2.7397539615631104,15.995800971984863,57.29130554199219
"2024-11-16 16:31:32.0000",8.41,99.5,3.6407155990600586,20.953025817871094,48.57740020751953
"2024-11-16 17:31:16.0000",7.77,97.75,8.31501293182373,23.63799476623535,72.89922332763672
"2024-11-16 18:01:09.0000",7.73,96.51,4.100338935852051,20.281513214111328,97.82701110839844
"2024-11-16 19:30:46.0000",7.66,95.93,25.77589225769043,37.870182037353516,71.62515258789062
"2024-11-16 20:30:32.0000",7.96,94.46,12.89101505279541,23.382474899291992,61.11488342285156
"2024-11-16 21:00:25.0000",7.57,92.98,27.83426284790039,37.50522232055664,62.94692611694336
"2024-11-16 22:30:01.0000",6.92,96.46,2.1498191356658936,12.17687702178955,42.10376739501953
"2024-11-16 22:59:53.0000",6.99,96.82,2.51785945892334,15.44976806640625,63.23748016357422
"2024-11-16 23:29:45.0000",7.16,96.8,2.017070770263672,12.20410442352295,32.653350830078125
"2024-11-16 23:59:39.0000",7.25,96.69,29.01232147216797,39.39409255981445,64.19402313232422
"2024-11-17 00:29:30.0000",6.59,96.96,1.5308157205581665,10.032654762268066,48.41593551635742
"2024-11-17 00:59:22.0000",6.42,97.29,1.721308946609497,10.368937492370605,58.54961013793945
"2024-11-17 01:29:16.0000",6.45,97.79,1.76702082157135,10.039076805114746,42.1947135925293
"2024-11-17 01:59:07.0000",5.84,96.25,1.1366151571273804,9.370967864990234,55.2302360534668
"2024-11-17 02:29:01.0000",5.94,97.48,1.2194311618804932,7.7683000564575195,30.47284507751465
"2024-11-17 02:58:52.0000",4.91,96.3,40.5235710144043,45.29066848754883,64.66423034667969
"2024-11-17 03:58:40.0000",6.04,96.92,1.513929843902588,10.107394218444824,44.36986541748047
"2024-11-17 04:28:34.0000",5.4,94.41,1.2268345355987549,8.512242317199707,22.930980682373047
"2024-11-17 04:58:24.0000",4.46,96.01,1.0780612230300903,8.738658905029297,40.840721130371094
"2024-11-17 06:28:03.0000",4.55,93.33,23.52879524230957,30.652698516845703,65.7236099243164
"2024-11-17 06:57:54.0000",3.65,95.39,50.539886474609375,56.986732482910156,94.82535552978516
"2024-11-17 07:27:46.0000",3.69,96.51,1.5350676774978638,9.836298942565918,35.114646911621094
"2024-11-17 08:27:36.0000",6.27,95.49,-1.4098648859776536e31,-1.4098648859776536e31,-1.4098648859776536e31
"2024-11-17 09:27:25.0000",7.49,92.68,53.98664474487305,58.93037414550781,72.94149017333984
"2024-11-17 09:57:19.0000",10.21,95.65,1.211053729057312,6.619194984436035,26.321300506591797
"2024-11-17 10:57:04.0000",7.64,89.93,1.0084501504898071,6.505575180053711,20.132631301879883
"2024-11-17 11:56:49.0000",8.26,91.23,1.4913489818572998,6.915760040283203,32.54867172241211
"2024-11-17 12:26:39.0000",6.67,91.76,53.882328033447266,57.1439208984375,69.46195220947266
"2024-11-17 14:26:09.0000",6.23,94.92,-1.4098648859776536e31,-1.4098648859776536e31,-1.4098648859776536e31
"2024-11-17 15:55:47.0000",6.11,96.4,-1.4098648859776536e31,-1.4098648859776536e31,-1.4098648859776536e31
"2024-11-17 17:25:24.0000",3.84,97.93,4.727555274963379,7.530570030212402,12.38985824584961
"2024-11-17 17:55:16.0000",3.47,98.53,1.412015676498413,2.0635597705841064,5.344911575317383
"2024-11-17 19:24:54.0000",3.67,98.64,53.33404541015625,53.96674728393555,56.08534240722656
"2024-11-17 19:54:47.0000",3.82,98.47,2.513221263885498,4.081717491149902,12.59602165222168
"2024-11-17 20:54:32.0000",3.73,100.23,4.484131336212158,6.388542175292969,9.659509658813477
"2024-11-17 21:54:18.0000",3.93,99.86,1.323341965675354,1.6763755083084106,3.80288028717041
"2024-11-17 22:54:05.0000",4.35,100.1,-1.4098648859776536e31,-1.4098648859776536e31,-1.4098648859776536e31
"2024-11-17 23:53:51.0000",4.36,101.38,0.24750980734825134,1.1702388525009155,3.5958070755004883
"2024-11-18 00:23:44.0000",4.57,101,0.6667315363883972,4.466152667999268,18.003376007080078
"2024-11-18 00:53:37.0000",4.71,101.17,0.2961782217025757,1.2059859037399292,6.681282997131348
"2024-11-18 01:23:29.0000",4.48,100.82,0.13286009430885315,0.5072300434112549,2.4705300331115723
"2024-11-18 01:53:20.0000",4.09,100.92,0.713100254535675,2.589024543762207,5.780995845794678
"2024-11-18 03:22:55.0000",2.74,101.76,-1.4098648859776536e31,-1.4098648859776536e31,-1.4098648859776536e31
"2024-11-18 04:22:42.0000",2.55,101.3,2.0671234130859375,3.3845129013061523,6.460744857788086
"2024-11-18 05:22:24.0000",1.37,102.02,59.29302978515625,62.298709869384766,64.59204864501953
"2024-11-18 05:52:15.0000",0.85,102.35,12.628938674926758,18.44359016418457,24.45425033569336
"2024-11-18 06:22:06.0000",0.53,103.05,73.23912048339844,84.07785034179688,90.2154312133789
"2024-11-18 06:51:58.0000",0.16,102.16,68.1184310913086,77.06670379638672,81.96994018554688
"2024-11-18 07:21:49.0000",0.31,103.54,3.396514415740967,5.085628509521484,7.707244873046875
"2024-11-18 07:51:42.0000",0.7,103.67,65.18083953857422,72.63654327392578,76.98786163330078
"2024-11-18 09:51:18.0000",2.39,103.23,9.321808815002441,14.250828742980957,23.805753707885742
"2024-11-18 10:51:09.0000",3.84,99.38,5.866561412811279,9.86880874633789,19.655357360839844
"2024-11-18 13:20:31.0000",3.68,101.74,-1.4098648859776536e31,-1.4098648859776536e31,-1.4098648859776536e31
"2024-11-18 15:49:57.0000",3.18,101.58,-1.4098648859776536e31,-1.4098648859776536e31,-1.4098648859776536e31
"2024-11-18 16:19:51.0000",3.07,101.11,12.919063568115234,18.510250091552734,22.102638244628906
"2024-11-18 16:49:43.0000",2.75,101.03,14.71674633026123,21.231149673461914,28.248010635375977
"2024-11-18 18:49:09.0000",0.68,101.88,8.978187561035156,15.973159790039062,23.300586700439453
"2024-11-18 19:48:52.0000",-0.03,103.92,-1.4098648859776536e31,-1.4098648859776536e31,-1.4098648859776536e31
"2024-11-19 00:47:39.0000",-1.42,104.92,-1.4098648859776536e31,-1.4098648859776536e31,-1.4098648859776536e31
"2024-11-19 02:17:19.0000",-1.47,105.24,-1.4098648859776536e31,-1.4098648859776536e31,-1.4098648859776536e31
"2024-11-19 03:17:05.0000",-1.53,104.96,-1.4098648859776536e31,-1.4098648859776536e31,-1.4098648859776536e31
"2024-11-19 03:46:57.0000",-1.57,104.95,-1.4098648859776536e31,-1.4098648859776536e31,-1.4098648859776536e31
"2024-11-19 04:16:50.0000",-1.58,105.06,-1.4098648859776536e31,-1.4098648859776536e31,-1.4098648859776536e31
"2024-11-19 04:46:43.0000",-1.51,105.22,-1.4098648859776536e31,-1.4098648859776536e31,-1.4098648859776536e31
"2024-11-19 05:16:38.0000",-1.44,105.15,-1.4098648859776536e31,-1.4098648859776536e31,-1.4098648859776536e31
"2024-11-19 05:46:30.0000",-1.4,105.19,-1.4098648859776536e31,-1.4098648859776536e31,-1.4098648859776536e31
"2024-11-19 06:16:22.0000",-1.38,105.29,-1.4098648859776536e31,-1.4098648859776536e31,-1.4098648859776536e31
"2024-11-19 06:46:17.0000",-1.39,105.25,-1.4098648859776536e31,-1.4098648859776536e31,-1.4098648859776536e31
"2024-11-19 07:46:00.0000",-1.4,105.12,-1.4098648859776536e31,-1.4098648859776536e31,-1.4098648859776536e31
"2024-11-19 08:45:46.0000",-1.37,105.41,-1.4098648859776536e31,-1.4098648859776536e31,-1.4098648859776536e31
"2024-11-19 09:15:39.0000",-1.31,105.64,-1.4098648859776536e31,-1.4098648859776536e31,-1.4098648859776536e31
"2024-11-19 09:45:31.0000",-1.16,105.92,-1.4098648859776536e31,-1.4098648859776536e31,-1.4098648859776536e31
"2024-11-19 10:15:24.0000",-0.94,106.05,-1.4098648859776536e31,-1.4098648859776536e31,-1.4098648859776536e31
"2024-11-19 11:45:05.0000",-0.29,106.68,-1.4098648859776536e31,-1.4098648859776536e31,-1.4098648859776536e31
"2024-11-19 12:44:51.0000",0.18,106.01,-1.4098648859776536e31,-1.4098648859776536e31,-1.4098648859776536e31
"2024-11-19 13:14:46.0000",0.81,106.47,-1.4098648859776536e31,-1.4098648859776536e31,-1.4098648859776536e31
"2024-11-19 13:44:41.0000",1.28,107.02,-1.4098648859776536e31,-1.4098648859776536e31,-1.4098648859776536e31
"2024-11-19 14:44:29.0000",1.32,107.15,-1.4098648859776536e31,-1.4098648859776536e31,-1.4098648859776536e31
"2024-11-19 15:14:22.0000",0.79,105.94,-1.4098648859776536e31,-1.4098648859776536e31,-1.4098648859776536e31
"2024-11-19 15:44:16.0000",0.21,106.4,-1.4098648859776536e31,-1.4098648859776536e31,-1.4098648859776536e31
"2024-11-19 16:14:09.0000",0.07,107.08,-1.4098648859776536e31,-1.4098648859776536e31,-1.4098648859776536e31
"2024-11-19 17:43:48.0000",0.23,106.62,-1.4098648859776536e31,-1.4098648859776536e31,-1.4098648859776536e31
"2024-11-19 18:13:40.0000",0.12,106.83,-1.4098648859776536e31,-1.4098648859776536e31,-1.4098648859776536e31
"2024-11-19 19:13:27.0000",0.29,106.11,54.07392883300781,56.71565628051758,67.41152954101562
"2024-11-19 20:13:12.0000",0.07,102.71,54.05873107910156,57.6094856262207,66.24784088134766
"2024-11-19 23:42:19.0000",-0.2,98.35,54.70796203613281,58.88086700439453,68.36731719970703
"2024-11-20 00:12:11.0000",-0.17,98.85,56.628116607666016,59.826995849609375,70.44789123535156
"2024-11-20 00:42:03.0000",-0.44,97.74,27.77203369140625,31.17463493347168,44.131526947021484
"2024-11-20 02:11:44.0000",0.5,96.94,53.523834228515625,55.67530822753906,61.9918327331543
"2024-11-20 02:41:37.0000",-0.23,95.19,54.07966995239258,56.64247512817383,71.5123062133789
"2024-11-20 03:11:28.0000",-0.72,96.51,53.658206939697266,57.14040756225586,66.83453369140625
"2024-11-20 03:41:20.0000",-0.82,97.38,1.6601864099502563,5.668731689453125,19.875322341918945
"2024-11-20 04:11:13.0000",-0.75,98.21,1.4145222902297974,5.728592872619629,24.830453872680664
"2024-11-20 06:40:35.0000",-1.83,100.28,0.5876953601837158,3.0594913959503174,14.177255630493164
"2024-11-20 07:40:22.0000",-1.04,100.38,-1.4098648859776536e31,-1.4098648859776536e31,-1.4098648859776536e31
"2024-11-20 08:40:16.0000",3.94,94.66,-1.4098648859776536e31,-1.4098648859776536e31,-1.4098648859776536e31
"2024-11-20 09:10:04.0000",1.88,98.58,0.9790675044059753,4.3932576179504395,13.212261199951172
"2024-11-20 09:39:57.0000",2.05,99.48,1.036986231803894,4.182883262634277,18.48129653930664
"2024-11-20 10:39:57.0000",8.86,87.26,6.037639617919922,7.963303565979004,18.037939071655273
"2024-11-20 11:09:51.0000",9.46,84.54,0.7144436240196228,3.104410171508789,14.85119915008545
"2024-11-20 12:09:37.0000",9.41,83.73,0.8106482028961182,4.564942836761475,19.760358810424805
"2024-11-20 12:39:31.0000",9.69,85.45,0.9316456317901611,4.578649520874023,18.525522232055664
"2024-11-20 13:09:22.0000",8.13,84.02,1.223336100578308,6.702772617340088,22.605220794677734
"2024-11-20 14:09:02.0000",6.33,88.09,1.2604342699050903,6.284284591674805,24.486474990844727
"2024-11-20 15:08:40.0000",2.98,85.63,1.2027969360351562,7.179103374481201,32.94688415527344
"2024-11-20 18:07:52.0000",1.65,84.1,1.2790886163711548,4.739947319030762,14.729453086853027
"2024-11-20 18:37:43.0000",1.77,84.51,0.9618144035339355,5.293131351470947,19.961061477661133
"2024-11-20 19:07:37.0000",2.09,83.93,0.9199844002723694,5.629138469696045,24.240774154663086
"2024-11-20 20:07:22.0000",2.46,81.95,1.0833724737167358,5.477558612823486,30.8199520111084
"2024-11-20 20:37:15.0000",1.85,82.63,1.0431524515151978,4.924867630004883,29.14141845703125
"2024-11-20 22:06:54.0000",2.27,82.34,1.1485164165496826,6.472788333892822,22.989093780517578
"2024-11-21 00:06:19.0000",0.17,84.66,53.93861389160156,56.22420120239258,63.382259368896484
"2024-11-21 00:36:13.0000",0.25,84.49,0.7908825874328613,3.8607029914855957,19.003582000732422
"2024-11-21 01:06:04.0000",-0.13,84.79,0.8544625043869019,4.728496074676514,22.921627044677734
"2024-11-21 01:35:56.0000",-0.5,84.61,7.566101551055908,10.909933090209961,23.318523406982422
"2024-11-21 02:05:48.0000",-1.03,84.59,2.0928616523742676,6.893345832824707,26.920795440673828
"2024-11-21 02:35:39.0000",-1.36,85.82,1.354576587677002,6.061233997344971,37.186683654785156
"2024-11-21 03:05:31.0000",-1.61,86.07,55.624271392822266,57.634361267089844,64.42872619628906
"2024-11-21 03:35:24.0000",-1.7,86.55,4.188609600067139,9.952291488647461,42.83313751220703
"2024-11-21 05:04:59.0000",-2.11,88.02,-1.4098648859776536e31,-1.4098648859776536e31,-1.4098648859776536e31
"2024-11-21 06:04:44.0000",-2.27,88.66,47.58237075805664,53.143890380859375,64.78189086914062
"2024-11-21 06:34:36.0000",-2.49,89.1,26.547691345214844,31.56629180908203,40.12709045410156
"2024-11-21 08:34:06.0000",-0.96,93.23,6.324828624725342,10.93719482421875,20.121444702148438
"2024-11-21 09:04:09.0000",3.66,88.01,2.960293769836426,7.170535087585449,17.193498611450195
"2024-11-21 10:03:59.0000",6.14,85.37,3.809366464614868,10.540395736694336,60.760013580322266
"2024-11-21 10:33:53.0000",8.59,86.33,3.851969003677368,8.63536548614502,23.507265090942383
"2024-11-21 11:03:48.0000",7.63,84.38,8.58877182006836,27.98904800415039,50.50118637084961
"2024-11-21 11:33:34.0000",4.21,86.37,56.46856689453125,60.093528747558594,66.41797637939453
"2024-11-21 13:03:25.0000",11.2,82.48,0.9335103034973145,3.0916085243225098,14.056037902832031
"2024-11-21 15:02:38.0000",3.51,84.14,1.2993698120117188,4.895278453826904,17.504880905151367
"2024-11-21 16:02:19.0000",1.9,84.21,1.5470227003097534,7.884857177734375,40.37031936645508
"2024-11-21 17:31:59.0000",1.85,85.35,53.743804931640625,57.13380432128906,76.95152282714844
"2024-11-21 18:31:43.0000",1.62,88.1,0.9560011625289917,5.756933212280273,24.276493072509766
"2024-11-21 19:01:36.0000",2.3,88.85,1.528225302696228,8.597917556762695,30.012340545654297
"2024-11-21 20:31:17.0000",3.11,82.24,2.175096273422241,10.689423561096191,50.09601593017578
"2024-11-21 21:31:04.0000",2.83,81.23,1.2607024908065796,6.283939838409424,26.88028907775879
"2024-11-21 22:00:55.0000",2.53,82.65,13.680232048034668,22.727075576782227,73.15223693847656
"2024-11-21 23:00:37.0000",1.52,85.73,27.21798324584961,37.831504821777344,78.47435760498047
"2024-11-21 23:30:29.0000",1.84,87.42,-1.4098648859776536e31,-1.4098648859776536e31,-1.4098648859776536e31
"2024-11-22 00:00:23.0000",1.54,89.49,14.831428527832031,26.277557373046875,82.32655334472656
"2024-11-22 00:30:17.0000",2.34,90.92,2.769960880279541,16.796184539794922,51.158531188964844
"2024-11-22 01:00:10.0000",2.55,92.31,-1.4098648859776536e31,-1.4098648859776536e31,-1.4098648859776536e31
"2024-11-22 01:30:04.0000",2.67,93.01,-1.4098648859776536e31,-1.4098648859776536e31,-1.4098648859776536e31
"2024-11-22 02:29:49.0000",2.76,94.57,-1.4098648859776536e31,-1.4098648859776536e31,-1.4098648859776536e31
"2024-11-22 03:29:37.0000",3.68,95.32,-1.4098648859776536e31,-1.4098648859776536e31,-1.4098648859776536e31
"2024-11-22 03:59:32.0000",4.03,95.77,-1.4098648859776536e31,-1.4098648859776536e31,-1.4098648859776536e31
"2024-11-22 04:29:25.0000",3.48,95.45,-1.4098648859776536e31,-1.4098648859776536e31,-1.4098648859776536e31
"2024-11-22 04:59:17.0000",3.29,95.87,-1.4098648859776536e31,-1.4098648859776536e31,-1.4098648859776536e31
"2024-11-22 06:28:57.0000",3.08,94.69,1.5276710987091064,9.85213851928711,41.25233840942383
"2024-11-22 08:28:26.0000",3.28,96.19,-1.4098648859776536e31,-1.4098648859776536e31,-1.4098648859776536e31
"2024-11-22 12:57:35.0000",13.03,83.04,0.7203088998794556,4.746280670166016,16.821178436279297
"2024-11-22 13:27:18.0000",7.65,86.55,0.9652455449104309,5.860509395599365,24.969444274902344
"2024-11-22 13:57:05.0000",5.4,90.74,1.3716431856155396,3.2224199771881104,13.31236743927002
"2024-11-22 15:56:32.0000",3.15,87.5,1.4348899126052856,5.718269348144531,23.887676239013672
"2024-11-22 17:26:10.0000",2.21,88.64,33.78596878051758,39.601524353027344,58.302913665771484
"2024-11-22 18:25:54.0000",1.38,89.85,-1.4098648859776536e31,-1.4098648859776536e31,-1.4098648859776536e31
"2024-11-22 18:55:47.0000",1.2,89.72,-1.4098648859776536e31,-1.4098648859776536e31,-1.4098648859776536e31
"2024-11-22 19:25:41.0000",1.07,90.23,26.380786895751953,31.27318000793457,54.24091339111328
"2024-11-22 20:25:28.0000",1.92,91.08,1.9078922271728516,6.214334011077881,22.7738094329834
"2024-11-22 21:25:14.0000",1.8,90.75,9.62528133392334,14.550692558288574,29.79319953918457
"2024-11-22 21:55:06.0000",1.48,91.18,4.791832447052002,10.362655639648438,39.01307678222656
"2024-11-22 22:54:51.0000",1.25,91.49,23.2968807220459,29.97157859802246,41.79291915893555
"2024-11-22 23:24:44.0000",1.13,91.72,8.720029830932617,13.641100883483887,24.271621704101562
"2024-11-22 23:54:37.0000",1.03,91.78,17.426454544067383,22.13956069946289,37.04006576538086
"2024-11-23 00:54:22.0000",0.9,92.46,3.9659392833709717,9.336817741394043,20.12470817565918
"2024-11-23 01:24:14.0000",1.01,92.71,3.5154929161071777,7.634223937988281,17.31390380859375
"2024-11-23 01:54:08.0000",1.25,92.98,33.218379974365234,38.29502487182617,63.3861083984375
"2024-11-23 02:24:01.0000",1.39,92.31,19.537023544311523,23.81378173828125,32.20461654663086
"2024-11-23 02:53:52.0000",1.42,92.08,-1.4098648859776536e31,-1.4098648859776536e31,-1.4098648859776536e31
"2024-11-23 04:23:33.0000",0.89,97.5,11.005122184753418,19.550640106201172,28.704910278320312
"2024-11-23 04:53:25.0000",0.97,97.84,-1.4098648859776536e31,-1.4098648859776536e31,-1.4098648859776536e31
"2024-11-23 05:53:11.0000",0.34,100,-1.4098648859776536e31,-1.4098648859776536e31,-1.4098648859776536e31
"2024-11-23 06:23:04.0000",0.28,102.34,-1.4098648859776536e31,-1.4098648859776536e31,-1.4098648859776536e31
"2024-11-23 07:22:52.0000",1.4,104.06,-1.4098648859776536e31,-1.4098648859776536e31,-1.4098648859776536e31
"2024-11-23 10:22:19.0000",6.12,110.47,-1.4098648859776536e31,-1.4098648859776536e31,-1.4098648859776536e31
"2024-11-23 10:52:15.0000",6.8,110.67,-1.4098648859776536e31,-1.4098648859776536e31,-1.4098648859776536e31
"2024-11-23 11:22:09.0000",7.38,110.76,-1.4098648859776536e31,-1.4098648859776536e31,-1.4098648859776536e31
"2024-11-23 12:21:56.0000",8.39,111.09,-1.4098648859776536e31,-1.4098648859776536e31,-1.4098648859776536e31
"2024-11-23 13:21:43.0000",8.96,111.68,-1.4098648859776536e31,-1.4098648859776536e31,-1.4098648859776536e31
"2024-11-23 13:51:36.0000",9.53,111.82,-1.4098648859776536e31,-1.4098648859776536e31,-1.4098648859776536e31
"2024-11-23 16:50:59.0000",11.59,111.88,-1.4098648859776536e31,-1.4098648859776536e31,-1.4098648859776536e31
"2024-11-23 17:20:54.0000",12.08,111.72,-1.4098648859776536e31,-1.4098648859776536e31,-1.4098648859776536e31
"2024-11-23 17:50:48.0000",12.5,111.06,-1.4098648859776536e31,-1.4098648859776536e31,-1.4098648859776536e31
"2024-11-23 18:20:41.0000",12.74,111.55,-1.4098648859776536e31,-1.4098648859776536e31,-1.4098648859776536e31
"2024-11-23 18:50:35.0000",12.25,110.72,-1.4098648859776536e31,-1.4098648859776536e31,-1.4098648859776536e31
"2024-11-23 19:20:27.0000",11.93,111.47,-1.4098648859776536e31,-1.4098648859776536e31,-1.4098648859776536e31
"2024-11-23 20:20:16.0000",12.84,112.27,-1.4098648859776536e31,-1.4098648859776536e31,-1.4098648859776536e31
"2024-11-23 20:50:10.0000",13.35,112.01,-1.4098648859776536e31,-1.4098648859776536e31,-1.4098648859776536e31
"2024-11-23 21:20:05.0000",13.59,110.82,-1.4098648859776536e31,-1.4098648859776536e31,-1.4098648859776536e31
"2024-11-23 21:49:59.0000",13.57,109.98,2.802590847015381,12.33319091796875,22.33983039855957
"2024-11-23 22:19:53.0000",13.45,109.64,3.3971803188323975,15.584046363830566,31.704240798950195
"2024-11-23 23:49:32.0000",13.48,106.2,2.3049685955047607,9.190690040588379,15.511068344116211
"2024-11-24 01:19:11.0000",13.3,109.48,-1.4098648859776536e31,-1.4098648859776536e31,-1.4098648859776536e31
"2024-11-24 01:49:05.0000",13.43,109.5,-1.4098648859776536e31,-1.4098648859776536e31,-1.4098648859776536e31
"2024-11-24 02:18:57.0000",13.51,107.31,1.0332509279251099,3.719198226928711,6.036720275878906
"2024-11-24 03:18:44.0000",12.91,106.88,0.7151588201522827,3.0501708984375,6.724853038787842
"2024-11-24 03:48:38.0000",13,107.41,1.6064170598983765,6.246384620666504,18.8430233001709
"2024-11-24 06:18:00.0000",12.5,106.44,-1.4098648859776536e31,-1.4098648859776536e31,-1.4098648859776536e31
"2024-11-24 06:47:52.0000",11.91,106.46,1.542986273765564,3.5329997539520264,6.606100559234619
"2024-11-24 07:17:44.0000",11.32,106.87,0.6285960674285889,3.2619621753692627,9.129487037658691
"2024-11-24 07:47:34.0000",11.01,107.1,0.5747967958450317,4.051107406616211,9.3706636428833
"2024-11-24 09:17:11.0000",10.51,106.84,0.34091734886169434,2.2941300868988037,6.581538677215576
"2024-11-24 11:16:40.0000",10.39,103.46,0.9343467950820923,4.680254936218262,18.1279354095459
"2024-11-24 12:46:18.0000",10.08,102.57,1.462766408920288,8.028349876403809,25.329204559326172
"2024-11-24 14:45:47.0000",10.84,94.26,3.5517983436584473,19.75071144104004,59.90239334106445
"2024-11-24 15:15:38.0000",10.51,92.56,3.546009063720703,19.68376350402832,54.197227478027344
"2024-11-24 16:45:16.0000",9.75,91.03,8.247518539428711,22.764854431152344,62.796878814697266
"2024-11-24 18:14:57.0000",9.95,87.96,5.334602355957031,17.305404663085938,49.01541519165039
"2024-11-24 18:44:49.0000",9.7,87.89,7.458185195922852,19.300865173339844,42.1184196472168
"2024-11-24 19:14:40.0000",9.55,87.24,3.6168248653411865,16.904897689819336,48.55342102050781
"2024-11-24 19:44:32.0000",9.43,86.17,2.9639337062835693,15.000274658203125,43.865943908691406
"2024-11-24 20:14:24.0000",9.28,85.89,3.9105584621429443,19.868864059448242,54.45661163330078
"2024-11-24 20:44:17.0000",9.41,85.65,4.778572082519531,21.477201461791992,58.17002868652344
"2024-11-24 21:14:10.0000",9.46,85.42,4.894800662994385,24.07261848449707,72.5043716430664
"2024-11-24 22:43:47.0000",9.33,84.23,5.885427474975586,26.80801773071289,68.19743347167969
"2024-11-24 23:13:40.0000",9.18,83.77,5.4155778884887695,25.70737075805664,60.388153076171875
"2024-11-24 23:43:32.0000",9.01,84.18,5.8263773918151855,25.50654411315918,64.03132629394531
"2024-11-25 00:13:25.0000",9.08,84.59,5.542165756225586,25.846046447753906,72.29403686523438
"2024-11-25 00:43:17.0000",8.69,85.32,3.1267895698547363,12.792679786682129,33.3946533203125
"2024-11-25 01:13:10.0000",8.2,85.87,1.9500646591186523,8.300355911254883,25.241031646728516
"2024-11-25 02:12:55.0000",7.99,87.61,1.465165615081787,8.186654090881348,24.364337921142578
"2024-11-25 02:42:48.0000",7.98,88.06,1.5453205108642578,8.990937232971191,20.006000518798828
"2024-11-25 03:12:40.0000",7.18,88.99,2.003281354904175,11.263672828674316,29.475109100341797
"2024-11-25 03:42:32.0000",6.73,89.97,2.2918407917022705,12.18578052520752,38.192138671875
"2024-11-25 04:12:25.0000",6.41,90.52,2.2885138988494873,13.275003433227539,44.87506866455078
"2024-11-25 04:42:15.0000",5.92,91.02,28.204435348510742,41.37497329711914,70.42003631591797
"2024-11-25 05:12:08.0000",5.9,90.89,2.6372878551483154,15.245410919189453,55.47996139526367
"2024-11-25 05:41:59.0000",5.45,90.9,3.3229470252990723,16.455827713012695,52.464473724365234
"2024-11-25 06:11:52.0000",5.44,91.43,2.5951833724975586,15.969679832458496,42.860984802246094
"2024-11-25 07:41:28.0000",4.88,91.54,27.205142974853516,39.80765914916992,73.97563934326172
"2024-11-25 08:11:21.0000",4.79,91.68,3.2759947776794434,17.639192581176758,53.57698059082031
"2024-11-25 08:41:17.0000",6.57,92.32,55.25840377807617,67.21824645996094,106.59404754638672
"2024-11-25 09:11:16.0000",10.38,89.61,2.9120490550994873,14.514859199523926,36.4424934387207
"2024-11-25 09:41:13.0000",11.6,89.17,3.9354023933410645,14.517091751098633,32.46698760986328
"2024-11-25 10:11:14.0000",14.89,83.92,9.198193550109863,19.238847732543945,45.05171203613281
"2024-11-25 10:41:09.0000",15.48,81.51,2.394268751144409,13.777292251586914,30.833023071289062
"2024-11-25 11:10:57.0000",11.64,81.72,2.472386121749878,14.658614158630371,41.71406936645508
"2024-11-25 11:40:45.0000",10.84,87.72,1.330973505973816,6.5580058097839355,24.882837295532227
"2024-11-25 15:09:54.0000",8.01,78.5,44.345672607421875,53.058712005615234,84.73870849609375
"2024-11-25 16:09:37.0000",6.82,78.85,15.526086807250977,21.95889663696289,37.79939651489258
"2024-11-25 16:39:28.0000",6.45,79.3,1.8017445802688599,8.151248931884766,24.63833236694336
"2024-11-25 18:09:04.0000",5.1,80.88,56.70341873168945,60.03132629394531,68.65443420410156
"2024-11-25 18:38:56.0000",4.74,81.28,1.0575404167175293,5.037405967712402,21.335079193115234
"2024-11-25 19:08:50.0000",4.68,81.7,3.4628093242645264,7.270643711090088,15.794389724731445
"2024-11-25 19:38:42.0000",4.57,82.12,7.281776428222656,10.70508098602295,24.76197624206543
"2024-11-25 20:08:35.0000",4.56,82.55,1.5843561887741089,5.517152786254883,20.03252410888672
"2024-11-25 20:38:26.0000",4.33,82.97,1.5428684949874878,5.056471824645996,12.964695930480957
"2024-11-25 21:38:11.0000",4.15,83.63,2.15425181388855,6.0341410636901855,18.206586837768555
"2024-11-25 22:08:03.0000",4.09,84.63,2.347944498062134,7.030638694763184,22.35856056213379
"2024-11-25 23:07:50.0000",3.94,85.11,2.2407355308532715,8.493285179138184,19.57987403869629
"2024-11-26 01:07:18.0000",3.35,86.5,16.51906394958496,21.675716400146484,36.071128845214844
"2024-11-26 04:06:32.0000",2.97,87.82,8.775869369506836,14.477904319763184,40.92959976196289
"2024-11-26 05:06:18.0000",3.07,88.43,13.222440719604492,19.692934036254883,36.96987533569336
"2024-11-26 05:36:11.0000",3.28,88.78,20.14574432373047,26.207164764404297,44.78192138671875
"2024-11-26 06:06:03.0000",3.01,89.24,4.419711112976074,10.014446258544922,29.500385284423828
"2024-11-26 06:35:55.0000",3.43,89.93,14.896443367004395,22.364328384399414,57.59932327270508
"2024-11-26 07:35:42.0000",2.9,90.04,15.803522109985352,22.79811668395996,57.390689849853516
"2024-11-26 08:05:33.0000",2.77,90.71,2.204320192337036,10.475176811218262,40.278602600097656
"2024-11-26 08:35:30.0000",5.38,91.28,1.766357660293579,8.143342018127441,30.93551254272461
"2024-11-26 10:05:25.0000",13.72,82.91,1.8732510805130005,7.71541166305542,31.669044494628906
"2024-11-26 11:05:15.0000",16.04,79.78,1.648715615272522,6.966116428375244,32.596092224121094
"2024-11-26 11:35:08.0000",15.54,79.34,1.254941463470459,6.9673919677734375,28.778539657592773
"2024-11-26 12:34:53.0000",14.62,79.28,1.0584042072296143,5.958636283874512,16.23345184326172
"2024-11-26 13:04:45.0000",13.93,78.67,1.0489883422851562,5.268776893615723,29.230037689208984
"2024-11-26 13:34:37.0000",13.06,78.34,0.9317192435264587,4.646091938018799,32.50511932373047
"2024-11-26 14:04:27.0000",11.32,78.75,0.9351785182952881,4.379093647003174,15.520819664001465
"2024-11-26 14:34:19.0000",10.78,78.07,0.8250277042388916,5.318631172180176,26.12627410888672
"2024-11-26 15:33:57.0000",6.89,77.23,1.096265435218811,4.631069183349609,16.737585067749023
"2024-11-26 16:03:46.0000",5.59,77.42,1.5875767469406128,6.267845630645752,27.746505737304688
"2024-11-26 18:33:05.0000",3.73,79.37,4.249950885772705,10.334787368774414,32.94846725463867
"2024-11-26 20:02:41.0000",3.02,81.12,7.648116111755371,15.165735244750977,45.8567008972168
"2024-11-26 20:32:32.0000",2.44,81.77,68.4859619140625,80.44798278808594,100.8965835571289
"2024-11-26 23:01:50.0000",1.25,84.21,14.654154777526855,25.259218215942383,60.04448318481445
"2024-11-27 00:01:36.0000",1.16,85.16,18.998233795166016,30.178966522216797,54.98212432861328
"2024-11-27 00:31:28.0000",1.17,86.52,20.14173126220703,30.466096878051758,65.69102478027344
"2024-11-27 01:01:20.0000",1.07,88.48,19.206727981567383,29.352737426757812,48.05610275268555
"2024-11-27 01:31:13.0000",1.35,89.68,24.294170379638672,34.825096130371094,52.043968200683594
"2024-11-27 03:00:56.0000",2.63,90.82,5.069718837738037,9.443466186523438,24.09588623046875
"2024-11-27 03:30:47.0000",2.27,91.45,-1.4098648859776536e31,-1.4098648859776536e31,-1.4098648859776536e31
"2024-11-27 06:00:09.0000",2.58,92.74,-1.4098648859776536e31,-1.4098648859776536e31,-1.4098648859776536e31
"2024-11-27 06:30:03.0000",2.57,92.52,3.3386294841766357,8.335050582885742,34.884613037109375
"2024-11-27 07:29:47.0000",1.61,92.35,-1.4098648859776536e31,-1.4098648859776536e31,-1.4098648859776536e31
"2024-11-27 08:29:31.0000",0.59,93.26,63.855194091796875,77.16846466064453,87.51063537597656
"2024-11-27 08:59:24.0000",0.93,94.12,-1.4098648859776536e31,-1.4098648859776536e31,-1.4098648859776536e31
"2024-11-27 09:29:25.0000",5.29,90.75,17.734413146972656,31.67908477783203,60.925540924072266
"2024-11-27 09:59:23.0000",7.45,87.44,65.60653686523438,76.23867797851562,86.12060546875
"2024-11-27 10:59:17.0000",11.38,82.26,7.683923244476318,15.598843574523926,51.714134216308594
"2024-11-27 11:29:12.0000",12.51,80.63,5.049875259399414,10.193024635314941,28.004480361938477
"2024-11-27 11:59:06.0000",12.65,80.01,2.5925443172454834,7.986473083496094,25.623291015625
"2024-11-27 12:29:01.0000",12.87,79.76,13.135107040405273,18.061708450317383,30.278608322143555
"2024-11-27 12:58:53.0000",12.52,81.37,1.8419443368911743,6.417564868927002,21.289953231811523
"2024-11-27 13:28:44.0000",11.82,82.29,2.0092809200286865,7.58896541595459,21.355316162109375
"2024-11-27 14:28:26.0000",8.9,81.75,2.0606958866119385,7.254464626312256,32.8673095703125
"2024-11-27 14:58:14.0000",6.68,80.44,1.3855814933776855,6.009420394897461,20.417356491088867
"2024-11-27 16:27:43.0000",3.13,80.65,1.2708113193511963,4.373701095581055,9.703499794006348
"2024-11-27 16:57:35.0000",2.77,80.9,1.8255889415740967,5.3581366539001465,26.921043395996094
"2024-11-27 17:27:27.0000",2.92,81.79,55.20368194580078,58.443450927734375,69.07083129882812
"2024-11-27 17:57:17.0000",2.42,81.32,3.4621386528015137,7.0884175300598145,19.498489379882812
"2024-11-27 18:27:09.0000",2.11,82.1,3.649315357208252,6.7920708656311035,18.325105667114258
"2024-11-27 18:57:01.0000",1.65,82.24,15.706266403198242,18.541961669921875,27.063682556152344
"2024-11-27 21:56:17.0000",1.29,85.44,6.656095504760742,9.633879661560059,13.252897262573242
"2024-11-27 23:25:54.0000",1.64,85.82,15.165133476257324,17.235620498657227,22.65646743774414
"2024-11-28 00:25:39.0000",1.42,86.32,5.070141315460205,8.113630294799805,21.58877944946289
"2024-11-28 00:55:30.0000",0.64,86.53,6.489048480987549,9.74660873413086,21.176998138427734
"2024-11-28 01:25:22.0000",0.68,86.96,1.4692480564117432,4.147472381591797,14.00804328918457
"2024-11-28 02:54:58.0000",0.11,88.08,9.16684341430664,11.984642028808594,18.799100875854492
"2024-11-28 03:24:50.0000",0.26,87.95,12.396114349365234,16.429832458496094,22.84786605834961
"2024-11-28 03:54:44.0000",-0.18,87.9,15.265593528747559,23.29066276550293,32.356170654296875
"2024-11-28 04:54:24.0000",-1.24,89.11,25.550535202026367,35.41238784790039,45.68584060668945
"2024-11-28 05:24:16.0000",-1.34,89.6,43.44597244262695,58.51353073120117,67.7152099609375
"2024-11-28 06:24:00.0000",-1.89,89.86,90.78226470947266,110.79388427734375,118.56535339355469
"2024-11-28 07:23:45.0000",-1.94,90.35,69.59918212890625,101.04369354248047,124.99919891357422
"2024-11-28 08:23:31.0000",-1.41,92.27,104.81619262695312,127.6321792602539,134.8426971435547
"2024-11-28 08:53:26.0000",-1.24,90.73,-1.4098648859776536e31,-1.4098648859776536e31,-1.4098648859776536e31
"2024-11-28 09:23:19.0000",-0.8,91.99,91.43143463134766,109.71585083007812,120.83639526367188
"2024-11-28 10:23:10.0000",1.08,92.12,31.5125675201416,43.01667785644531,47.90031433105469
"2024-11-28 12:52:43.0000",4.59,88.56,7.128238677978516,12.793976783752441,21.60252571105957
"2024-11-28 13:22:34.0000",3.61,88.49,60.11088562011719,64.67433166503906,68.77046203613281
"2024-11-28 13:52:25.0000",4.18,89.81,7.475325584411621,12.451196670532227,22.245662689208984
"2024-11-28 15:51:55.0000",2.69,91.77,8.847578048706055,13.650960922241211,25.688980102539062
"2024-11-28 16:51:39.0000",2.86,93.71,11.292398452758789,18.208114624023438,33.19843673706055
"2024-11-28 17:21:31.0000",2.96,93.81,12.207226753234863,18.83660888671875,30.664003372192383
"2024-11-28 17:51:24.0000",3.01,93.42,11.529934883117676,17.016647338867188,33.164546966552734
"2024-11-28 18:51:08.0000",3.42,91.02,59.53984069824219,63.74760818481445,67.91759490966797
"2024-11-28 19:20:59.0000",3.81,86.42,34.97005081176758,38.68557357788086,42.31174087524414
"2024-11-28 19:50:52.0000",3.96,83.95,57.474937438964844,60.87015914916992,65.00578308105469
"2024-11-28 20:20:45.0000",3.95,83.23,49.60922622680664,53.207706451416016,58.84246063232422
"2024-11-28 20:50:38.0000",3.97,83.95,18.42249870300293,20.947328567504883,25.37969970703125
"2024-11-28 21:20:30.0000",4.12,85.09,5.433292388916016,7.957121849060059,15.225172996520996
"2024-11-28 22:20:16.0000",4.37,86.99,6.741691589355469,10.322325706481934,18.502893447875977
"2024-11-29 00:19:43.0000",4.58,90.32,9.941186904907227,14.94442081451416,27.302722930908203
"2024-11-29 01:19:30.0000",4.92,90.48,19.840211868286133,23.332368850708008,36.87945556640625
"2024-11-29 01:49:23.0000",5.06,90.56,7.73675537109375,12.940903663635254,21.12073516845703
"2024-11-29 02:19:16.0000",5.15,90.98,6.9953718185424805,11.969949722290039,17.49813461303711
"2024-11-29 02:49:10.0000",5.11,91.96,7.202322483062744,13.339088439941406,23.57778549194336
"2024-11-29 03:19:03.0000",5.12,92.28,6.214552402496338,11.183077812194824,19.400381088256836
"2024-11-29 03:48:57.0000",4.99,93.1,6.7306036949157715,11.9979248046875,21.884458541870117
"2024-11-29 05:18:37.0000",5.11,94.18,7.444480895996094,14.655790328979492,24.12620735168457
"2024-11-29 06:48:16.0000",5.43,94.87,6.853992462158203,14.058021545410156,27.010072708129883
"2024-11-29 07:18:09.0000",5.29,94.43,6.687665939331055,12.447072982788086,23.169986724853516
"2024-11-29 08:47:48.0000",4.91,94.75,7.931623458862305,17.733884811401367,41.39801788330078
"2024-11-29 09:47:39.0000",6.78,90.81,58.0937614440918,63.32822799682617,72.8903579711914
"2024-11-29 11:17:21.0000",8.97,79.08,5.2504682540893555,13.36870002746582,28.590198516845703
"2024-11-29 11:47:10.0000",7.88,83.03,3.137178659439087,9.214863777160645,29.85651206970215
"2024-11-29 12:17:03.0000",7.71,85.63,3.97477650642395,11.287081718444824,26.223857879638672
"2024-11-29 14:16:35.0000",7.67,89.48,3.6242406368255615,9.786401748657227,33.55132293701172
"2024-11-29 14:46:28.0000",7.66,92.03,3.222085952758789,9.795109748840332,27.184846878051758
"2024-11-29 15:16:20.0000",7.8,94.4,2.8187906742095947,7.789425373077393,16.460796356201172
"2024-11-29 15:46:13.0000",7.97,95.34,2.7338953018188477,7.852388381958008,24.198766708374023
"2024-11-29 17:45:45.0000",7.67,97.04,2.563053846359253,7.544130325317383,16.232221603393555
"2024-11-29 18:45:32.0000",7.68,99.14,21.112607955932617,27.293703079223633,44.316959381103516
"2024-11-29 20:15:09.0000",7.78,100.83,19.824684143066406,26.23385238647461,35.627052307128906
"2024-11-29 20:45:02.0000",7.53,100.69,-1.4098648859776536e31,-1.4098648859776536e31,-1.4098648859776536e31
"2024-11-29 21:44:47.0000",7.32,99.92,3.3231844902038574,9.322637557983398,20.453773498535156
"2024-11-29 22:14:40.0000",7.12,100.33,4.015447616577148,12.241667747497559,30.21367645263672
"2024-11-30 00:14:12.0000",7.27,103.3,-1.4098648859776536e31,-1.4098648859776536e31,-1.4098648859776536e31
"2024-11-30 00:44:05.0000",7.59,104.7,-1.4098648859776536e31,-1.4098648859776536e31,-1.4098648859776536e31
"2024-11-30 01:14:00.0000",7.99,105.56,-1.4098648859776536e31,-1.4098648859776536e31,-1.4098648859776536e31
"2024-11-30 01:43:53.0000",8.04,104.79,-1.4098648859776536e31,-1.4098648859776536e31,-1.4098648859776536e31
"2024-11-30 03:43:22.0000",8.12,104.8,-1.4098648859776536e31,-1.4098648859776536e31,-1.4098648859776536e31
"2024-11-30 04:13:16.0000",8.25,105.09,-1.4098648859776536e31,-1.4098648859776536e31,-1.4098648859776536e31
"2024-11-30 04:43:09.0000",8.35,105.31,-1.4098648859776536e31,-1.4098648859776536e31,-1.4098648859776536e31
"2024-11-30 05:13:02.0000",8.51,105.42,-1.4098648859776536e31,-1.4098648859776536e31,-1.4098648859776536e31
"2024-11-30 06:12:50.0000",9.39,106.79,-1.4098648859776536e31,-1.4098648859776536e31,-1.4098648859776536e31
"2024-11-30 08:12:20.0000",8.64,106.93,-1.4098648859776536e31,-1.4098648859776536e31,-1.4098648859776536e31
"2024-11-30 08:42:14.0000",8.93,107.24,-1.4098648859776536e31,-1.4098648859776536e31,-1.4098648859776536e31
"2024-11-30 09:42:09.0000",12.93,100.09,-1.4098648859776536e31,-1.4098648859776536e31,-1.4098648859776536e31
"2024-11-30 10:12:04.0000",14.33,99.79,2.260613441467285,9.101405143737793,21.350980758666992
"2024-11-30 10:41:56.0000",13.1,98.54,3.4570555686950684,11.00024127960205,20.321332931518555
"2024-11-30 11:41:42.0000",12.84,99.27,2.153709888458252,10.57901668548584,26.459503173828125
"2024-11-30 12:11:33.0000",12.62,100.67,1.5340615510940552,9.290018081665039,23.51479148864746
"2024-11-30 13:11:22.0000",13.66,97.52,-1.4098648859776536e31,-1.4098648859776536e31,-1.4098648859776536e31
"2024-11-30 14:11:08.0000",12.75,97.47,2.0635061264038086,7.29922342300415,14.568232536315918
"2024-11-30 14:41:00.0000",12.54,97.44,2.6033971309661865,7.446525573730469,14.119274139404297
"2024-11-30 15:10:53.0000",12.49,96.66,1.2007759809494019,6.7353949546813965,17.32992172241211
"2024-11-30 15:40:45.0000",12.44,96.85,1.5122219324111938,6.66173791885376,17.67079734802246
"2024-11-30 16:10:37.0000",12.36,96.74,1.428077220916748,6.45823860168457,17.50287437438965
"2024-11-30 16:40:30.0000",12.22,96.87,1.2672967910766602,4.9381422996521,10.529582977294922
"2024-11-30 17:10:23.0000",12.13,97.42,1.7134358882904053,7.122982025146484,17.422494888305664
"2024-11-30 18:10:08.0000",11.29,101.64,4.518261909484863,18.63438606262207,48.89789581298828
"2024-11-30 21:39:16.0000",11.17,105.3,3.812905788421631,17.417724609375,36.66200256347656
"2024-11-30 23:38:47.0000",11.06,106.16,4.73031759262085,20.756336212158203,48.59359359741211
"2024-12-01 00:08:39.0000",11.06,105.76,10.870280265808105,24.589168548583984,46.50634002685547
"2024-12-01 01:08:24.0000",11.31,105.85,4.688831329345703,19.45175552368164,42.838287353515625
"2024-12-01 01:38:17.0000",11.28,105.89,4.54974365234375,16.62676239013672,32.69926452636719
"2024-12-01 03:37:48.0000",11.3,106.17,5.809997081756592,16.480531692504883,27.482288360595703
"2024-12-01 05:07:24.0000",10.38,111.74,-1.4098648859776536e31,-1.4098648859776536e31,-1.4098648859776536e31
"2024-12-01 05:37:16.0000",10.25,112.96,-1.4098648859776536e31,-1.4098648859776536e31,-1.4098648859776536e31
"2024-12-01 06:07:09.0000",10.38,113.52,-1.4098648859776536e31,-1.4098648859776536e31,-1.4098648859776536e31
"2024-12-01 07:06:55.0000",10.27,112.14,-1.4098648859776536e31,-1.4098648859776536e31,-1.4098648859776536e31
"2024-12-01 07:36:49.0000",10.14,111.78,-1.4098648859776536e31,-1.4098648859776536e31,-1.4098648859776536e31
"2024-12-01 08:06:41.0000",9.96,111.66,-1.4098648859776536e31,-1.4098648859776536e31,-1.4098648859776536e31
"2024-12-01 08:36:34.0000",9.88,111.39,-1.4098648859776536e31,-1.4098648859776536e31,-1.4098648859776536e31
"2024-12-01 09:36:22.0000",11.12,111.94,-1.4098648859776536e31,-1.4098648859776536e31,-1.4098648859776536e31
"2024-12-01 10:06:22.0000",14.6,100.17,-1.4098648859776536e31,-1.4098648859776536e31,-1.4098648859776536e31
"2024-12-01 10:36:19.0000",15.71,95.13,0.4693394601345062,1.4602853059768677,3.3436238765716553
"2024-12-01 13:05:40.0000",12.96,104.7,1.6383700370788574,5.536195755004883,12.76555347442627
"2024-12-01 15:05:12.0000",12.18,100.74,1.3960868120193481,5.339512348175049,12.056081771850586
"2024-12-01 16:04:56.0000",10.51,101.12,-1.4098648859776536e31,-1.4098648859776536e31,-1.4098648859776536e31
"2024-12-01 16:34:49.0000",10.59,101.13,1.2072346210479736,6.754515647888184,21.874019622802734
"2024-12-01 19:34:05.0000",10.14,100.79,1.5033196210861206,6.250284671783447,16.7608699798584
"2024-12-01 21:33:35.0000",9.76,100.85,1.3583332300186157,3.6808598041534424,6.794773578643799
"2024-12-01 22:33:18.0000",9.08,101.56,1.7827084064483643,12.039887428283691,39.68287658691406
"2024-12-01 23:03:12.0000",8.78,101.32,1.5403939485549927,12.021682739257812,34.310768127441406
"2024-12-01 23:33:04.0000",8.53,101.11,1.680588722229004,12.141497611999512,32.78286361694336
"2024-12-02 02:32:20.0000",7.64,101.01,1.0257155895233154,6.6675872802734375,27.257896423339844
"2024-12-02 04:01:57.0000",7.07,101.81,1.0779258012771606,6.082136154174805,23.4726619720459
"2024-12-02 06:31:19.0000",6.84,104.01,3.044886589050293,24.222087860107422,95.60798645019531
"2024-12-02 07:31:04.0000",6.81,104.52,-1.4098648859776536e31,-1.4098648859776536e31,-1.4098648859776536e31
"2024-12-02 08:00:58.0000",6.74,104.81,-1.4098648859776536e31,-1.4098648859776536e31,-1.4098648859776536e31
"2024-12-02 08:30:51.0000",6.91,104.67,-1.4098648859776536e31,-1.4098648859776536e31,-1.4098648859776536e31
"2024-12-02 09:00:44.0000",7.08,104.86,-1.4098648859776536e31,-1.4098648859776536e31,-1.4098648859776536e31
"2024-12-02 10:00:29.0000",6.93,105.92,-1.4098648859776536e31,-1.4098648859776536e31,-1.4098648859776536e31
"2024-12-02 10:30:24.0000",7.08,105.54,-1.4098648859776536e31,-1.4098648859776536e31,-1.4098648859776536e31
"2024-12-02 11:30:10.0000",7.19,105.98,-1.4098648859776536e31,-1.4098648859776536e31,-1.4098648859776536e31
"2024-12-02 14:59:21.0000",5.45,105.66,-1.4098648859776536e31,-1.4098648859776536e31,-1.4098648859776536e31
"2024-12-02 16:28:58.0000",5,105.7,-1.4098648859776536e31,-1.4098648859776536e31,-1.4098648859776536e31
"2024-12-02 18:28:27.0000",3.88,106.01,-1.4098648859776536e31,-1.4098648859776536e31,-1.4098648859776536e31
"2024-12-02 18:58:20.0000",3.56,105.51,-1.4098648859776536e31,-1.4098648859776536e31,-1.4098648859776536e31
"2024-12-02 19:28:13.0000",3.05,106.07,-1.4098648859776536e31,-1.4098648859776536e31,-1.4098648859776536e31
"2024-12-02 19:58:07.0000",3.08,106.55,-1.4098648859776536e31,-1.4098648859776536e31,-1.4098648859776536e31
"2024-12-02 20:28:00.0000",2.76,105.26,-1.4098648859776536e31,-1.4098648859776536e31,-1.4098648859776536e31
"2024-12-02 20:57:53.0000",2.59,105.12,-1.4098648859776536e31,-1.4098648859776536e31,-1.4098648859776536e31
"2024-12-02 21:57:37.0000",2.29,105.49,-1.4098648859776536e31,-1.4098648859776536e31,-1.4098648859776536e31
"2024-12-02 22:27:30.0000",2.76,106.25,-1.4098648859776536e31,-1.4098648859776536e31,-1.4098648859776536e31
"2024-12-02 22:57:24.0000",2.83,105.22,-1.4098648859776536e31,-1.4098648859776536e31,-1.4098648859776536e31
"2024-12-02 23:57:10.0000",2.34,104.77,-1.4098648859776536e31,-1.4098648859776536e31,-1.4098648859776536e31
"2024-12-03 00:27:02.0000",2.46,105.45,-1.4098648859776536e31,-1.4098648859776536e31,-1.4098648859776536e31
"2024-12-03 00:56:57.0000",2.59,105.1,-1.4098648859776536e31,-1.4098648859776536e31,-1.4098648859776536e31
"2024-12-03 02:56:28.0000",2.66,106.03,2.235975980758667,7.148510932922363,17.218122482299805
"2024-12-03 04:55:57.0000",1.82,104.08,-1.4098648859776536e31,-1.4098648859776536e31,-1.4098648859776536e31
"2024-12-03 05:25:50.0000",1.66,103.79,2.3032190799713135,6.628495693206787,15.952459335327148
"2024-12-03 06:25:35.0000",1.68,103.65,2.897599697113037,6.109073638916016,12.731061935424805
"2024-12-03 07:55:10.0000",0.99,102.99,-1.4098648859776536e31,-1.4098648859776536e31,-1.4098648859776536e31
"2024-12-03 08:25:02.0000",0.49,103.69,-1.4098648859776536e31,-1.4098648859776536e31,-1.4098648859776536e31
"2024-12-03 09:54:42.0000",1.42,103.55,-1.4098648859776536e31,-1.4098648859776536e31,-1.4098648859776536e31
"2024-12-03 10:54:33.0000",3.32,103.43,17.793973922729492,28.518882751464844,43.79986572265625
"2024-12-03 11:24:27.0000",4.07,103.79,71.52284240722656,82.66716003417969,92.12970733642578
"2024-12-03 12:24:14.0000",5.07,101.74,14.392007827758789,23.127403259277344,32.29848098754883
"2024-12-03 12:54:06.0000",4.32,103.42,18.28508949279785,26.70382308959961,32.79496765136719
"2024-12-03 13:23:59.0000",4.92,102.5,17.73052215576172,27.70189666748047,41.05937576293945
"2024-12-03 13:53:52.0000",4.5,101.92,17.772186279296875,25.8842716217041,35.90163803100586
"2024-12-03 14:23:43.0000",4.18,103.2,22.79230499267578,33.472537994384766,46.69980239868164
"2024-12-03 14:53:37.0000",4.31,103.2,18.371999740600586,26.395069122314453,39.93304443359375
"2024-12-03 15:53:22.0000",4.14,102.93,9.629192352294922,14.598668098449707,25.316675186157227
"2024-12-03 16:23:16.0000",4.08,102.88,9.313634872436523,14.321684837341309,29.933698654174805
"2024-12-03 17:52:55.0000",3.54,103.81,7.256796836853027,11.775218963623047,28.15081024169922
"2024-12-03 18:22:49.0000",3.58,103.56,5.168248176574707,8.728926658630371,19.08298683166504
"2024-12-03 18:52:41.0000",3.51,103.25,3.2724521160125732,5.918988227844238,16.19890594482422
"2024-12-03 19:22:33.0000",3.26,103.43,3.473090171813965,6.983445167541504,20.389978408813477
"2024-12-03 20:22:21.0000",4.02,103.18,31.453269958496094,34.150699615478516,44.23347473144531
"2024-12-03 21:22:07.0000",4.22,102.28,-1.4098648859776536e31,-1.4098648859776536e31,-1.4098648859776536e31
"2024-12-03 21:51:59.0000",3.94,101.17,2.817878484725952,6.391216278076172,18.862367630004883
"2024-12-03 22:21:51.0000",3.76,101.72,21.46033477783203,25.038379669189453,31.554231643676758
"2024-12-04 01:21:10.0000",4.75,101.72,2.404003858566284,5.8426995277404785,16.120851516723633
"2024-12-04 02:50:50.0000",6.05,102.46,2.458327293395996,15.431863784790039,77.52151489257812
"2024-12-04 03:20:44.0000",5.51,101.91,2.398144006729126,18.249996185302734,73.82671356201172
"2024-12-04 03:50:34.0000",4.9,103.17,2.5180203914642334,21.040809631347656,101.24595642089844
"2024-12-04 04:50:19.0000",3.91,102.7,3.5648388862609863,19.615270614624023,105.73201751708984
"2024-12-04 05:50:04.0000",3.58,103.2,23.394649505615234,39.23404312133789,92.48411560058594
"2024-12-04 06:19:58.0000",3.84,104.39,6.783522129058838,21.651012420654297,89.13432312011719
"2024-12-04 06:49:49.0000",3.7,103.75,10.42996883392334,26.124547958374023,77.9825439453125
"2024-12-04 09:19:18.0000",7.35,99.81,4.729045867919922,11.231338500976562,37.10191345214844
"2024-12-04 10:19:02.0000",6.52,100.11,4.194333553314209,11.666702270507812,28.23627281188965
"2024-12-04 11:48:37.0000",5.22,102.65,6.721223831176758,13.604874610900879,28.785144805908203
"2024-12-04 12:18:31.0000",5.26,101.17,13.856412887573242,20.62750816345215,29.058801651000977
"2024-12-04 13:48:08.0000",5.43,103.47,12.555855751037598,16.830167770385742,20.49244499206543
"2024-12-04 14:47:54.0000",5.43,104.78,35.98298263549805,48.21773910522461,54.25975036621094
"2024-12-04 15:17:46.0000",5.65,106.45,-1.4098648859776536e31,-1.4098648859776536e31,-1.4098648859776536e31
"2024-12-04 16:47:27.0000",6.31,108.33,-1.4098648859776536e31,-1.4098648859776536e31,-1.4098648859776536e31
"2024-12-04 17:47:15.0000",6.51,110.36,-1.4098648859776536e31,-1.4098648859776536e31,-1.4098648859776536e31
"2024-12-04 19:16:56.0000",6.71,112.37,-1.4098648859776536e31,-1.4098648859776536e31,-1.4098648859776536e31
"2024-12-04 20:16:42.0000",7,112.69,-1.4098648859776536e31,-1.4098648859776536e31,-1.4098648859776536e31
"2024-12-04 21:16:30.0000",7.41,113.63,-1.4098648859776536e31,-1.4098648859776536e31,-1.4098648859776536e31
"2024-12-04 22:16:17.0000",7.8,114.48,-1.4098648859776536e31,-1.4098648859776536e31,-1.4098648859776536e31
"2024-12-04 23:46:00.0000",8.46,114.41,-1.4098648859776536e31,-1.4098648859776536e31,-1.4098648859776536e31
"2024-12-05 00:45:48.0000",8.8,114.6,-1.4098648859776536e31,-1.4098648859776536e31,-1.4098648859776536e31
"2024-12-05 01:15:41.0000",8.85,114.47,-1.4098648859776536e31,-1.4098648859776536e31,-1.4098648859776536e31
"2024-12-05 01:45:35.0000",9.11,115.41,-1.4098648859776536e31,-1.4098648859776536e31,-1.4098648859776536e31
"2024-12-05 02:15:29.0000",9.27,115.41,-1.4098648859776536e31,-1.4098648859776536e31,-1.4098648859776536e31
"2024-12-05 02:45:21.0000",9.36,115.25,-1.4098648859776536e31,-1.4098648859776536e31,-1.4098648859776536e31
"2024-12-05 03:15:15.0000",9.37,115.29,-1.4098648859776536e31,-1.4098648859776536e31,-1.4098648859776536e31
"2024-12-05 03:45:07.0000",9.41,115.26,-1.4098648859776536e31,-1.4098648859776536e31,-1.4098648859776536e31
"2024-12-05 04:15:01.0000",9.5,115.26,-1.4098648859776536e31,-1.4098648859776536e31,-1.4098648859776536e31
"2024-12-05 06:14:34.0000",8.33,115.61,-1.4098648859776536e31,-1.4098648859776536e31,-1.4098648859776536e31
"2024-12-05 06:44:27.0000",8.49,114.63,-1.4098648859776536e31,-1.4098648859776536e31,-1.4098648859776536e31
"2024-12-05 10:13:41.0000",8.46,114.21,-1.4098648859776536e31,-1.4098648859776536e31,-1.4098648859776536e31
"2024-12-05 10:43:33.0000",8.36,114.37,-1.4098648859776536e31,-1.4098648859776536e31,-1.4098648859776536e31
"2024-12-05 11:43:21.0000",8.66,114.91,-1.4098648859776536e31,-1.4098648859776536e31,-1.4098648859776536e31
"2024-12-05 12:43:08.0000",9.02,114.13,-1.4098648859776536e31,-1.4098648859776536e31,-1.4098648859776536e31
"2024-12-05 13:42:52.0000",8.53,114.64,-1.4098648859776536e31,-1.4098648859776536e31,-1.4098648859776536e31
"2024-12-05 15:42:28.0000",9.41,115.64,-1.4098648859776536e31,-1.4098648859776536e31,-1.4098648859776536e31
"2024-12-05 18:11:50.0000",7.55,115.83,-1.4098648859776536e31,-1.4098648859776536e31,-1.4098648859776536e31
"2024-12-05 18:41:43.0000",7.65,114.09,-1.4098648859776536e31,-1.4098648859776536e31,-1.4098648859776536e31
"2024-12-05 20:11:20.0000",6.46,112.15,-1.4098648859776536e31,-1.4098648859776536e31,-1.4098648859776536e31
"2024-12-05 20:41:14.0000",6.28,112.56,-1.4098648859776536e31,-1.4098648859776536e31,-1.4098648859776536e31
"2024-12-05 21:40:59.0000",6.31,114.2,-1.4098648859776536e31,-1.4098648859776536e31,-1.4098648859776536e31
"2024-12-05 22:10:52.0000",6.61,113.71,3.0626609325408936,17.578937530517578,58.070045471191406
"2024-12-05 22:40:45.0000",6.7,112.08,-1.4098648859776536e31,-1.4098648859776536e31,-1.4098648859776536e31
"2024-12-05 23:10:39.0000",6.76,108.87,49.26077651977539,69.23078918457031,139.09939575195312
"2024-12-05 23:40:31.0000",6.56,107.16,-1.4098648859776536e31,-1.4098648859776536e31,-1.4098648859776536e31
"2024-12-06 00:10:25.0000",7.01,104.14,4.580947399139404,24.623863220214844,61.9228401184082
"2024-12-06 00:40:18.0000",6.83,100.99,11.059816360473633,38.52104187011719,115.64763641357422
"2024-12-06 01:10:10.0000",6.45,100.86,28.417457580566406,54.56121063232422,105.52361297607422
"2024-12-06 01:40:02.0000",6.63,100.4,16.698307037353516,40.171730041503906,117.04724884033203
"2024-12-06 02:39:48.0000",7.12,97.29,6.158879280090332,33.816444396972656,119.33155059814453
"2024-12-06 03:09:41.0000",7.2,95.38,5.322364330291748,32.51276397705078,107.58617401123047
"2024-12-06 03:39:33.0000",6.73,96.38,8.251862525939941,30.116474151611328,87.89014434814453
"2024-12-06 04:09:24.0000",6.78,96.02,5.348544597625732,30.91585922241211,114.17237854003906
"2024-12-06 05:09:09.0000",6.24,94.95,4.68276309967041,26.230998992919922,101.0096206665039
"2024-12-06 05:39:00.0000",5.93,94.48,10.832062721252441,31.638059616088867,113.37054443359375
"2024-12-06 06:08:51.0000",5.72,94.02,7.800773620605469,26.111465454101562,87.9212646484375
"2024-12-06 07:08:37.0000",5.59,94.08,13.758838653564453,35.0129280090332,133.85789489746094
"2024-12-06 07:38:28.0000",5.43,94.12,21.797422409057617,40.028968811035156,82.24185180664062
"2024-12-06 08:08:21.0000",5.42,94.65,55.27827453613281,67.15731811523438,102.5800552368164
"2024-12-06 08:38:14.0000",5.63,95.41,3.620241403579712,23.41558265686035,109.75659942626953
"2024-12-06 09:38:06.0000",8.43,93.72,34.5422477722168,57.013999938964844,136.57437133789062
"2024-12-06 10:07:56.0000",6.92,94.88,55.48081588745117,66.92732238769531,105.6485366821289
"2024-12-06 11:37:33.0000",6.71,96.68,55.385215759277344,64.89132690429688,94.71064758300781
"2024-12-06 12:07:27.0000",7.05,96.17,55.347923278808594,63.761932373046875,81.18990325927734
"2024-12-06 13:07:12.0000",6.66,94.48,55.595279693603516,65.74024200439453,89.24779510498047
"2024-12-06 13:37:03.0000",6.47,94.6,6.8050537109375,18.82569122314453,45.63878631591797
"2024-12-06 16:06:25.0000",5,96.23,2.8901166915893555,14.643484115600586,37.0435676574707
"2024-12-06 16:36:17.0000",4.79,98.28,3.0942018032073975,17.001705169677734,43.171875
"2024-12-06 17:36:02.0000",4.54,104.61,3.3088698387145996,16.986040115356445,39.4764404296875
"2024-12-06 18:05:56.0000",4.95,105.06,-1.4098648859776536e31,-1.4098648859776536e31,-1.4098648859776536e31
"2024-12-06 18:35:50.0000",5.32,104.39,2.6936635971069336,12.94018268585205,29.753692626953125
"2024-12-06 19:05:43.0000",5.46,103.93,-1.4098648859776536e31,-1.4098648859776536e31,-1.4098648859776536e31
"2024-12-06 20:05:30.0000",6.31,108.51,-1.4098648859776536e31,-1.4098648859776536e31,-1.4098648859776536e31
"2024-12-06 21:35:13.0000",7.48,111.84,-1.4098648859776536e31,-1.4098648859776536e31,-1.4098648859776536e31
"2024-12-06 22:05:07.0000",7.93,113.63,-1.4098648859776536e31,-1.4098648859776536e31,-1.4098648859776536e31
"2024-12-06 23:04:53.0000",8.48,113.02,-1.4098648859776536e31,-1.4098648859776536e31,-1.4098648859776536e31
"2024-12-07 00:04:42.0000",9.42,109.66,-1.4098648859776536e31,-1.4098648859776536e31,-1.4098648859776536e31
"2024-12-07 00:34:34.0000",9.21,108.86,1.3773125410079956,7.756368160247803,16.097578048706055
"2024-12-07 02:34:04.0000",8.36,102.82,17.23294448852539,19.197193145751953,23.95330047607422
"2024-12-07 03:03:56.0000",8.26,102.45,30.240400314331055,31.864788055419922,33.733726501464844
"2024-12-07 04:03:38.0000",6.93,102.5,0.3677215576171875,2.453239917755127,13.071390151977539
"2024-12-07 04:33:30.0000",6.9,103.4,0.8274513483047485,3.0228073596954346,16.007326126098633
"2024-12-07 05:03:22.0000",7.03,103.98,4.314984321594238,9.983298301696777,36.552528381347656
"2024-12-07 05:33:14.0000",7.27,103.09,3.3256468772888184,29.035743713378906,110.23932647705078
"2024-12-07 06:03:04.0000",5.95,104.4,4.093640327453613,35.58436584472656,128.4213409423828
"2024-12-07 06:32:54.0000",5.15,105.25,5.208336353302002,41.73231506347656,184.88864135742188
"2024-12-07 07:02:46.0000",4.77,105.77,5.132265090942383,44.71903610229492,157.86717224121094
"2024-12-07 07:32:37.0000",4.53,105.87,3.458435535430908,26.473949432373047,94.25797271728516
"2024-12-07 08:02:29.0000",4.36,106.01,4.467498779296875,36.88987731933594,140.83602905273438
"2024-12-07 09:02:18.0000",4.39,106.45,-1.4098648859776536e31,-1.4098648859776536e31,-1.4098648859776536e31
"2024-12-07 09:32:10.0000",4.27,105.96,2.2744884490966797,17.414152145385742,68.01054382324219
"2024-12-07 10:02:03.0000",3.92,105.89,-1.4098648859776536e31,-1.4098648859776536e31,-1.4098648859776536e31
"2024-12-07 10:31:55.0000",3.71,106.68,2.3065273761749268,16.361576080322266,47.60240173339844
"2024-12-07 11:01:46.0000",3.64,107.22,-1.4098648859776536e31,-1.4098648859776536e31,-1.4098648859776536e31
"2024-12-07 13:31:12.0000",4.82,107.4,-1.4098648859776536e31,-1.4098648859776536e31,-1.4098648859776536e31
"2024-12-07 14:01:06.0000",4.99,106.95,-1.4098648859776536e31,-1.4098648859776536e31,-1.4098648859776536e31
"2024-12-07 15:00:50.0000",4.82,107.11,-1.4098648859776536e31,-1.4098648859776536e31,-1.4098648859776536e31
"2024-12-07 16:30:30.0000",5.6,107.34,-1.4098648859776536e31,-1.4098648859776536e31,-1.4098648859776536e31
"2024-12-07 18:00:11.0000",6.39,98.95,35.51598358154297,48.45927810668945,79.09668731689453
"2024-12-07 18:59:57.0000",6.3,87.81,3.270573854446411,18.43549156188965,52.52070236206055
"2024-12-07 19:29:51.0000",6.28,86,9.62469482421875,28.929489135742188,66.87287902832031
"2024-12-07 19:59:43.0000",6.19,86.98,3.982449531555176,20.487882614135742,69.54133605957031
"2024-12-07 20:59:28.0000",5.86,85.17,2.732893228530884,13.650171279907227,34.24158477783203
"2024-12-07 21:59:12.0000",5.46,87.35,47.628395080566406,53.895633697509766,71.70133972167969
"2024-12-07 22:58:59.0000",5.48,85.62,2.012192726135254,11.738303184509277,42.72500228881836
"2024-12-07 23:58:44.0000",5.55,84.87,23.109495162963867,31.604612350463867,47.1380615234375
"2024-12-08 00:28:38.0000",5.54,84.59,1.5588390827178955,8.6082763671875,38.114036560058594
"2024-12-08 00:58:29.0000",5.58,83.27,12.74890422821045,19.716432571411133,37.04795455932617
"2024-12-08 01:58:15.0000",5.37,81.4,2.2583396434783936,12.367197036743164,44.58427810668945
"2024-12-08 02:28:07.0000",5.17,81.48,46.216644287109375,52.10224151611328,72.69315338134766
"2024-12-08 02:58:01.0000",5.11,80.67,23.987831115722656,34.80948257446289,59.124446868896484
"2024-12-08 05:57:15.0000",3.84,72.98,0.9644916653633118,5.384694576263428,13.266438484191895
"2024-12-08 06:27:08.0000",3.62,73.24,0.7652296423912048,4.169856071472168,12.692547798156738
"2024-12-08 06:57:02.0000",3.6,73.85,0.8179761171340942,4.948564529418945,17.661218643188477
"2024-12-08 07:26:53.0000",3.63,73.45,53.67066192626953,57.103240966796875,65.8401107788086
"2024-12-08 07:56:45.0000",3.43,74.73,0.726487934589386,4.494509696960449,13.363865852355957
"2024-12-08 09:26:27.0000",6.32,72.4,0.38489818572998047,2.0154149532318115,6.681023597717285
"2024-12-08 11:26:00.0000",5.2,72.8,0.8689685463905334,4.821352481842041,12.765981674194336
"2024-12-08 12:25:45.0000",5.37,74.3,53.526268005371094,55.9420166015625,60.37666320800781
"2024-12-08 13:55:23.0000",5.67,76.97,1.5119620561599731,7.484020233154297,24.644771575927734
"2024-12-08 15:54:55.0000",5.96,81.67,1.0699410438537598,4.8918328285217285,25.607810974121094
"2024-12-08 16:24:48.0000",6.01,83.12,1.4165515899658203,7.8780317306518555,32.601627349853516
"2024-12-08 17:54:23.0000",5.28,85.64,18.206396102905273,24.44137191772461,45.432403564453125
"2024-12-08 18:24:15.0000",5.26,85.99,17.022052764892578,23.239225387573242,39.52907943725586
"2024-12-08 19:24:02.0000",5.53,87.78,15.628622055053711,21.337427139282227,30.37230110168457
"2024-12-08 19:53:53.0000",5.39,87.78,21.97396469116211,27.788251876831055,38.306331634521484
"2024-12-08 20:23:45.0000",4.84,87.74,12.156783103942871,16.491689682006836,33.66530990600586
"2024-12-08 21:23:31.0000",5.37,88.22,10.17551040649414,16.01917266845703,28.152034759521484
"2024-12-08 21:53:25.0000",5.22,88.66,13.687037467956543,19.53156280517578,34.84089279174805
"2024-12-08 23:23:03.0000",4.03,90,-1.4098648859776536e31,-1.4098648859776536e31,-1.4098648859776536e31
"2024-12-09 00:22:47.0000",3.83,91.96,54.85308074951172,64.67750549316406,87.91819763183594
"2024-12-09 00:52:40.0000",4.31,91.46,4.149648189544678,17.624591827392578,48.91785430908203
"2024-12-09 01:52:28.0000",4.38,91.16,1.6904659271240234,11.301226615905762,35.8941535949707
"2024-12-09 03:22:05.0000",3.97,95.16,24.165042877197266,31.741710662841797,52.338436126708984
"2024-12-09 04:21:53.0000",4.32,96.27,-1.4098648859776536e31,-1.4098648859776536e31,-1.4098648859776536e31
"2024-12-09 05:51:32.0000",4.41,96.68,1.8617628812789917,10.906590461730957,37.511009216308594
"2024-12-09 07:51:03.0000",4.71,94.72,1.709978461265564,10.025296211242676,39.30252456665039
"2024-12-09 08:50:49.0000",5.45,93.83,2.1348021030426025,10.567764282226562,35.021610260009766
"2024-12-09 09:20:45.0000",7.63,90.89,2.4986283779144287,11.17387580871582,32.39295959472656
"2024-12-09 10:20:38.0000",10.96,83.41,1.9036195278167725,9.152802467346191,28.686792373657227
"2024-12-09 10:50:31.0000",11.59,79.98,1.8924211263656616,9.409584999084473,48.15790939331055
"2024-12-09 12:49:53.0000",7.27,79.42,2.0249059200286865,11.594793319702148,33.09797668457031
"2024-12-09 13:19:45.0000",7.63,77.26,1.5728347301483154,8.713712692260742,26.809946060180664
"2024-12-09 15:19:16.0000",6.61,78.6,1.5485721826553345,8.236570358276367,34.12797164916992
"2024-12-09 15:49:08.0000",6.32,78.56,1.5153807401657104,8.551079750061035,30.933393478393555
"2024-12-09 17:18:44.0000",5.64,78.92,1.5594826936721802,8.27624225616455,24.3430118560791
"2024-12-09 22:17:27.0000",5.11,81.4,2.8070766925811768,10.221283912658691,30.58778190612793
"2024-12-09 22:47:20.0000",5.26,81.44,14.756816864013672,23.01463508605957,60.248878479003906
"2024-12-09 23:17:12.0000",5.33,80.69,1.4567272663116455,8.7186279296875,31.9249267578125
"2024-12-10 00:16:56.0000",5.14,80.35,6.580609321594238,14.060123443603516,39.42426300048828
"2024-12-10 01:16:40.0000",5.04,78.32,2.6215288639068604,10.010323524475098,33.017845153808594
"2024-12-10 02:16:27.0000",4.89,76.45,1.6535519361495972,9.498939514160156,33.4018669128418
"2024-12-10 02:46:20.0000",4.9,76.79,27.03110694885254,34.669124603271484,51.611549377441406
"2024-12-10 04:45:49.0000",4.54,77.25,1.8642046451568604,12.641141891479492,41.60306930541992
"2024-12-10 06:15:26.0000",4.27,77.75,2.040966510772705,13.378519058227539,48.69102096557617
"2024-12-10 06:45:19.0000",4.12,78.11,1.8892266750335693,12.41858196258545,50.768123626708984
"2024-12-10 10:44:22.0000",5.13,75.95,16.723493576049805,23.1127872467041,54.10694885253906
"2024-12-10 11:14:15.0000",5.85,75.31,29.96920394897461,37.53535461425781,57.74221420288086
"2024-12-10 11:44:15.0000",6.57,69.96,1.6208832263946533,9.358426094055176,33.51417541503906
"2024-12-10 12:14:06.0000",5.79,68.48,1.5514492988586426,8.470675468444824,34.970008850097656
"2024-12-10 14:13:35.0000",5.34,69.73,1.5157990455627441,7.806294918060303,34.729061126708984
"2024-12-10 14:43:27.0000",5.05,70.69,1.5773690938949585,7.968639850616455,29.181869506835938
"2024-12-10 16:13:01.0000",4.47,72.21,1.483542799949646,7.712024688720703,23.332199096679688
"2024-12-10 16:42:54.0000",4.27,72.53,1.5439988374710083,6.492482662200928,29.147022247314453
"2024-12-10 17:12:46.0000",3.96,73.33,1.6848212480545044,7.019005298614502,36.52228546142578
"2024-12-10 17:42:39.0000",3.85,73.69,1.597542643547058,5.547431468963623,24.625022888183594
"2024-12-10 18:12:32.0000",3.72,74.15,1.6987415552139282,6.707335948944092,20.772809982299805
"2024-12-10 18:42:22.0000",3.26,74.36,1.8998469114303589,7.428576946258545,24.39778709411621
"2024-12-10 19:12:14.0000",2.91,75.15,1.7689967155456543,6.8795247077941895,29.171064376831055
"2024-12-10 21:11:45.0000",2.85,76.74,2.672574043273926,6.588622093200684,18.16475486755371
"2024-12-10 21:41:39.0000",3.02,76.93,2.876372814178467,7.806480407714844,34.33966064453125
"2024-12-10 22:11:33.0000",3.09,77.28,2.082602024078369,7.116013050079346,32.12326431274414
"2024-12-10 22:41:25.0000",2.94,77.53,2.058103561401367,7.083751678466797,32.52788162231445
"2024-12-10 23:11:18.0000",3.06,77.78,38.8614616394043,45.98340606689453,68.43095397949219
"2024-12-10 23:41:10.0000",2.96,78.16,55.63666915893555,63.34330368041992,85.00166320800781
"2024-12-11 00:11:02.0000",3.17,78.36,1.835788369178772,9.169546127319336,28.139421463012695
"2024-12-11 00:40:54.0000",3.41,78.2,1.7320985794067383,8.4055814743042,28.7071533203125
"2024-12-11 01:10:45.0000",3.43,78.2,1.823667049407959,8.268204689025879,17.206422805786133
"2024-12-11 03:40:09.0000",3.45,78.92,1.483730673789978,7.681071758270264,28.394622802734375
"2024-12-11 04:10:02.0000",3.41,79.01,1.8265172243118286,9.787069320678711,31.60454750061035
"2024-12-11 04:39:55.0000",3.32,79.17,59.81124496459961,64.44129943847656,69.52305603027344
"2024-12-11 05:09:47.0000",3.32,79.31,47.233497619628906,53.85883712768555,66.93115997314453
"2024-12-11 05:39:41.0000",3.27,79.46,59.11448669433594,64.45372009277344,80.59400177001953
"2024-12-11 07:39:14.0000",3.38,79.74,59.6829833984375,64.81159973144531,73.17271423339844
"2024-12-11 08:09:07.0000",3.4,79.94,2.64648699760437,11.356389045715332,36.29558181762695
"2024-12-11 09:38:46.0000",3.69,79.89,55.725406646728516,60.383060455322266,70.9511947631836
"2024-12-11 10:38:33.0000",3.96,79.57,2.8166403770446777,11.311169624328613,34.28902816772461
"2024-12-11 11:08:26.0000",4.16,79.48,2.63669490814209,9.462143898010254,31.20058250427246
"2024-12-11 11:38:19.0000",4.23,79.67,2.861816167831421,10.034839630126953,33.312686920166016
"2024-12-11 12:08:11.0000",4.25,79.46,57.472591400146484,62.54697799682617,71.2396469116211
"2024-12-11 14:37:37.0000",4.42,78.71,5.298791408538818,11.96689510345459,29.978899002075195
"2024-12-11 15:07:30.0000",4.36,79,5.375410079956055,12.03043270111084,32.17155075073242
"2024-12-11 18:36:42.0000",4.15,80.03,5.997328758239746,12.725353240966797,32.06711959838867
"2024-12-11 20:06:20.0000",4.13,80.37,66.9762954711914,75.1379623413086,90.5871810913086
"2024-12-11 20:36:13.0000",4.11,80.47,10.628175735473633,19.746726989746094,44.610435485839844
"2024-12-11 21:06:06.0000",4.08,80.56,10.654661178588867,18.597515106201172,32.98573684692383
"2024-12-11 22:05:50.0000",3.97,80.69,15.5575590133667,24.977161407470703,53.04627990722656
"2024-12-11 22:35:43.0000",3.92,80.79,62.39167404174805,69.96028900146484,85.35687255859375
"2024-12-11 23:35:28.0000",3.64,81.22,16.67940902709961,25.306005477905273,53.654762268066406
"2024-12-12 00:05:20.0000",3.35,81.59,12.03436279296875,19.91104507446289,38.10315704345703
"2024-12-12 00:35:12.0000",3.23,82.09,13.128108024597168,22.49549102783203,41.28573989868164
"2024-12-12 01:05:05.0000",3.05,82.31,13.063042640686035,20.85991096496582,44.23601531982422
"2024-12-12 02:04:51.0000",3.13,82.8,13.112431526184082,21.224445343017578,34.6114616394043
"2024-12-12 02:34:44.0000",3.18,83.07,35.86704635620117,43.81254577636719,53.463985443115234
"2024-12-12 03:04:37.0000",3.2,83.23,17.970046997070312,25.290298461914062,41.7615852355957
"2024-12-12 04:34:13.0000",2.99,84.14,31.115234375,40.72969436645508,52.605812072753906
"2024-12-12 05:34:00.0000",3.3,84.71,20.466440200805664,30.092893600463867,52.06263732910156
"2024-12-12 07:03:40.0000",3.3,84.97,18.040325164794922,28.26285171508789,47.492496490478516
"2024-12-12 09:03:11.0000",3.26,86.21,45.624290466308594,67.29080963134766,115.28517150878906
"2024-12-12 09:33:03.0000",3.52,86.61,37.780555725097656,57.3739128112793,92.6683578491211
"2024-12-12 13:02:21.0000",6.15,87.75,63.699764251708984,69.59085083007812,85.47770690917969
"2024-12-12 14:02:07.0000",6.21,88.18,40.124691009521484,43.9869384765625,53.81916427612305
"2024-12-12 15:31:43.0000",6.14,89.04,51.408695220947266,55.55104064941406,62.520565032958984
"2024-12-12 16:01:35.0000",6.14,89.2,25.99661636352539,30.71234703063965,49.22903823852539
"2024-12-12 16:31:29.0000",6.1,89.35,33.14662551879883,38.187355041503906,47.91478729248047
"2024-12-12 18:30:59.0000",5.16,90.6,25.8499698638916,40.19135665893555,85.25566101074219
"2024-12-12 21:30:17.0000",4.84,94.82,36.04460906982422,46.045528411865234,48.73728942871094
"2024-12-12 22:59:53.0000",4.97,95.69,22.67730712890625,31.38779640197754,34.190860748291016
"2024-12-12 23:29:46.0000",5.05,95.69,24.713903427124023,35.434452056884766,41.079437255859375
"2024-12-12 23:59:39.0000",5.11,95.75,26.12802505493164,37.269386291503906,42.64104080200195
"2024-12-13 00:59:24.0000",5.03,96.31,-1.4098648859776536e31,-1.4098648859776536e31,-1.4098648859776536e31
"2024-12-13 01:59:09.0000",4.94,96.64,18.784530639648438,28.636032104492188,40.19971466064453
"2024-12-13 02:29:02.0000",4.91,96.53,20.941007614135742,33.04909896850586,43.36027526855469
"2024-12-13 02:58:54.0000",4.81,96.56,-1.4098648859776536e31,-1.4098648859776536e31,-1.4098648859776536e31
"2024-12-13 03:28:48.0000",4.72,96.76,22.7506160736084,35.588985443115234,42.176368713378906
"2024-12-13 03:58:40.0000",4.7,96.88,28.03306007385254,45.278629302978516,61.264747619628906
"2024-12-13 05:28:17.0000",4.54,97.43,24.394309997558594,38.69075393676758,52.00299072265625
"2024-12-13 05:58:07.0000",4.55,97.52,28.408523559570312,47.02520751953125,57.35778045654297
"2024-12-13 06:57:53.0000",4.44,97.58,44.21106719970703,68.48387145996094,92.07710266113281
"2024-12-13 07:27:46.0000",4.38,97.71,33.81267547607422,58.751976013183594,70.14043426513672
"2024-12-13 07:57:38.0000",4.39,97.84,37.45610809326172,72.04641723632812,90.0698471069336
"2024-12-13 08:57:24.0000",4.47,98.02,30.910717010498047,55.24150466918945,72.55381774902344
"2024-12-13 09:27:17.0000",4.56,98.08,33.6213264465332,60.29666519165039,71.0406494140625
"2024-12-13 09:57:11.0000",4.67,98.24,29.48424530029297,50.96882629394531,68.00762939453125
"2024-12-13 10:27:04.0000",4.86,98.56,23.8404483795166,38.93941116333008,54.004337310791016
"2024-12-13 10:56:58.0000",5.11,98.41,24.3197021484375,40.600311279296875,54.0701904296875
"2024-12-13 11:26:50.0000",5.19,98.29,16.301298141479492,24.292293548583984,41.656639099121094
"2024-12-13 11:56:44.0000",5.39,98.45,13.700570106506348,20.461807250976562,28.295625686645508
"2024-12-13 12:56:32.0000",5.62,98.16,11.913180351257324,17.89475440979004,26.761533737182617
"2024-12-13 13:26:24.0000",5.52,98.04,13.507938385009766,20.33797264099121,35.10014343261719
"2024-12-13 13:56:16.0000",5.47,97.92,15.320212364196777,23.803985595703125,48.99885940551758
"2024-12-13 14:26:10.0000",5.28,97.83,14.980195999145508,22.698671340942383,41.98297882080078
"2024-12-13 14:56:03.0000",5.01,97.79,-1.4098648859776536e31,-1.4098648859776536e31,-1.4098648859776536e31
"2024-12-13 16:25:42.0000",4.45,97.69,14.964847564697266,22.553600311279297,31.143692016601562
"2024-12-13 18:25:10.0000",4.24,97.79,19.58853530883789,30.25308609008789,50.91489791870117
"2024-12-13 19:54:50.0000",4.32,97.83,27.63935089111328,41.61888885498047,60.44020080566406
"2024-12-13 21:54:25.0000",4.1,98.76,15.766919136047363,25.35512924194336,34.75156784057617
"2024-12-13 22:24:18.0000",4.37,98.91,16.578916549682617,27.927696228027344,42.126224517822266
"2024-12-14 00:23:50.0000",4.55,99.7,-1.4098648859776536e31,-1.4098648859776536e31,-1.4098648859776536e31
"2024-12-14 00:53:44.0000",4.66,99.52,12.906508445739746,22.94247055053711,49.37277603149414
"2024-12-14 01:23:36.0000",4.71,99.71,11.105536460876465,19.69204330444336,47.2122917175293
"2024-12-14 02:23:22.0000",4.89,99.65,0.7453399896621704,5.484066486358643,21.852346420288086
"2024-12-14 02:53:14.0000",4.47,100.84,1.304702639579773,12.007497787475586,55.17007064819336
"2024-12-14 03:23:06.0000",4.73,100.74,1.0485244989395142,7.371838569641113,35.71996307373047
"2024-12-14 03:52:57.0000",4.16,100.95,0.8256677389144897,4.530568599700928,12.378310203552246
"2024-12-14 04:22:49.0000",4.2,100.91,1.0934948921203613,8.904077529907227,40.878170013427734
"2024-12-14 06:22:18.0000",3.54,101.35,0.6694265604019165,4.481353282928467,13.731528282165527
"2024-12-14 06:52:10.0000",3.01,101.33,0.8833578824996948,5.478194713592529,29.413572311401367
"2024-12-14 07:51:57.0000",4.04,102.29,-1.4098648859776536e31,-1.4098648859776536e31,-1.4098648859776536e31
"2024-12-14 08:21:50.0000",3.85,101.77,1.4420490264892578,9.42088794708252,28.323753356933594
"2024-12-14 09:21:40.0000",5.72,103.72,1.6467833518981934,9.917291641235352,36.956153869628906
"2024-12-14 09:51:36.0000",7.12,100.57,-1.4098648859776536e31,-1.4098648859776536e31,-1.4098648859776536e31
"2024-12-14 10:51:26.0000",7.27,100.88,1.966727614402771,11.827664375305176,49.100379943847656
"2024-12-14 12:21:11.0000",9.41,97.94,1.826884388923645,11.715476036071777,38.043121337890625
"2024-12-14 12:50:59.0000",7.48,98.58,2.355079174041748,11.185667991638184,38.88127517700195
"2024-12-14 13:20:50.0000",7.11,98.61,-1.4098648859776536e31,-1.4098648859776536e31,-1.4098648859776536e31
"2024-12-14 14:50:28.0000",6.43,98.64,3.969520330429077,16.00416374206543,59.05056381225586
"2024-12-14 15:50:13.0000",6.16,98.46,-1.4098648859776536e31,-1.4098648859776536e31,-1.4098648859776536e31
"2024-12-14 16:49:59.0000",6.24,98.41,2.2716400623321533,14.467976570129395,58.902671813964844
"2024-12-14 17:49:46.0000",6.38,98.25,2.0535025596618652,13.72337532043457,49.430450439453125
"2024-12-14 18:19:39.0000",6.31,98.3,1.9487522840499878,11.972936630249023,53.875221252441406
"2024-12-14 18:49:31.0000",6.22,98.33,2.160597324371338,14.26109790802002,62.171356201171875
"2024-12-14 19:19:23.0000",6.33,98.62,-1.4098648859776536e31,-1.4098648859776536e31,-1.4098648859776536e31
"2024-12-14 21:48:47.0000",6.81,99.16,-1.4098648859776536e31,-1.4098648859776536e31,-1.4098648859776536e31
"2024-12-14 22:48:33.0000",7,99.59,0.6196990609169006,2.4676356315612793,14.385869979858398
"2024-12-14 23:48:22.0000",7.91,99.55,1.1876335144042969,6.272523880004883,21.065723419189453
"2024-12-15 00:48:09.0000",7.8,100.05,3.063436508178711,13.779372215270996,55.94680404663086
"2024-12-15 01:18:01.0000",7.98,100.45,-1.4098648859776536e31,-1.4098648859776536e31,-1.4098648859776536e31
"2024-12-15 01:47:55.0000",8.19,100.74,3.649158239364624,15.928816795349121,67.88790130615234
"2024-12-15 02:17:46.0000",8.12,100.82,4.424644947052002,19.488563537597656,67.23313903808594
"2024-12-15 03:17:31.0000",8.22,101.67,4.381013870239258,11.821327209472656,36.98003387451172
"2024-12-15 03:47:24.0000",8.45,101.97,6.841868877410889,16.12347984313965,48.10018539428711
"2024-12-15 04:17:18.0000",8.64,102.28,12.057616233825684,25.02274513244629,64.7562255859375
"2024-12-15 04:47:12.0000",8.74,102.47,12.063157081604004,26.529510498046875,77.8837661743164
"2024-12-15 06:16:50.0000",8.83,103.24,-1.4098648859776536e31,-1.4098648859776536e31,-1.4098648859776536e31
"2024-12-15 06:46:44.0000",8.78,103.2,-1.4098648859776536e31,-1.4098648859776536e31,-1.4098648859776536e31
"2024-12-15 07:16:39.0000",8.84,103.49,-1.4098648859776536e31,-1.4098648859776536e31,-1.4098648859776536e31
"2024-12-15 07:46:32.0000",8.86,103.6,-1.4098648859776536e31,-1.4098648859776536e31,-1.4098648859776536e31
"2024-12-15 08:16:24.0000",8.81,104.02,-1.4098648859776536e31,-1.4098648859776536e31,-1.4098648859776536e31
"2024-12-15 08:46:18.0000",9.11,104.45,-1.4098648859776536e31,-1.4098648859776536e31,-1.4098648859776536e31
"2024-12-15 10:15:59.0000",9.82,104.36,-1.4098648859776536e31,-1.4098648859776536e31,-1.4098648859776536e31
"2024-12-15 10:45:53.0000",9.65,104.4,-1.4098648859776536e31,-1.4098648859776536e31,-1.4098648859776536e31
"2024-12-15 13:45:14.0000",9.94,104.28,1.399109959602356,8.638206481933594,26.858102798461914
"2024-12-15 14:45:00.0000",9.72,104.73,4.281586170196533,11.2169189453125,28.05316925048828
"2024-12-15 15:14:53.0000",9.46,104.23,1.5306822061538696,7.6345438957214355,42.57487869262695
"2024-12-15 16:14:35.0000",7.67,105,2.353853464126587,11.896450996398926,31.257339477539062
"2024-12-15 16:44:27.0000",8.14,105.87,-1.4098648859776536e31,-1.4098648859776536e31,-1.4098648859776536e31
"2024-12-15 17:14:20.0000",8.18,104.39,3.0031964778900146,8.30920696258545,21.985107421875
"2024-12-15 17:44:12.0000",7.98,104.41,3.4646685123443604,9.157103538513184,27.938358306884766
"2024-12-15 20:13:39.0000",9.9,104.02,0.8614585995674133,4.441043853759766,13.251524925231934
"2024-12-15 20:43:31.0000",10.21,103.65,0.7820661664009094,3.528179168701172,12.101957321166992
"2024-12-15 21:13:25.0000",10.14,103.43,0.7149822115898132,3.068678379058838,12.469585418701172
"2024-12-15 21:43:17.0000",9.98,103.21,0.9087841510772705,4.3268232345581055,16.010522842407227
"2024-12-15 22:13:10.0000",9.92,103.02,1.1306474208831787,6.157557487487793,20.39006805419922
"2024-12-15 23:42:48.0000",9.5,102.47,-1.4098648859776536e31,-1.4098648859776536e31,-1.4098648859776536e31
"2024-12-16 01:42:18.0000",9.24,101.33,0.9131025075912476,4.54472017288208,18.23560905456543
"2024-12-16 02:12:11.0000",8.77,100.75,1.0365898609161377,5.140960216522217,12.912858009338379
"2024-12-16 02:42:03.0000",8.88,101.06,0.9529220461845398,4.858585834503174,13.24458122253418
"2024-12-16 04:11:42.0000",8.68,100.12,0.8202658891677856,3.8473236560821533,14.512195587158203
"2024-12-16 05:11:28.0000",8.86,99.15,-1.4098648859776536e31,-1.4098648859776536e31,-1.4098648859776536e31
"2024-12-16 06:41:06.0000",8.65,98.36,1.4680640697479248,7.39793062210083,35.207420349121094
"2024-12-16 07:40:52.0000",8.77,98.04,1.0869486331939697,5.788702487945557,20.405654907226562
"2024-12-16 08:10:45.0000",9.01,97.55,0.9677197933197021,5.76426362991333,23.18751335144043
"2024-12-16 08:40:38.0000",9.33,96.68,1.1627610921859741,7.036342620849609,25.326934814453125
"2024-12-16 09:10:32.0000",9.52,95.89,1.025858998298645,6.358834266662598,31.32571029663086
"2024-12-16 09:40:25.0000",9.83,95.5,1.7292723655700684,7.035626411437988,23.03170394897461
"2024-12-16 10:10:20.0000",10.25,94.28,1.2861915826797485,6.122318744659424,26.323810577392578
"2024-12-16 12:39:41.0000",9.73,92.95,1.5554989576339722,7.641743183135986,25.425325393676758
"2024-12-16 13:39:26.0000",9.66,92.61,1.5048364400863647,7.77867317199707,23.56852912902832
"2024-12-16 14:09:19.0000",9.56,92.47,2.1204733848571777,9.890100479125977,28.349266052246094
"2024-12-16 15:38:59.0000",9.33,92.63,2.423680067062378,14.90233039855957,51.99397277832031
"2024-12-16 16:08:51.0000",9.24,92.65,2.3242688179016113,13.099127769470215,48.85287094116211
"2024-12-16 16:38:44.0000",8.87,92.43,2.0617902278900146,11.037656784057617,35.5476188659668
"2024-12-16 17:08:36.0000",8.3,92.36,1.5317143201828003,5.978306770324707,22.013961791992188
"2024-12-16 18:08:22.0000",8.03,91.99,1.5553065538406372,6.814865589141846,25.67283058166504
"2024-12-16 19:08:08.0000",8.69,92.28,1.8890697956085205,8.83592700958252,27.878787994384766
"2024-12-16 20:07:54.0000",8.85,92.41,2.2137622833251953,9.604683876037598,34.69849395751953
"2024-12-16 23:37:02.0000",8.34,93.26,2.3133492469787598,11.54542064666748,30.276304244995117
"2024-12-17 00:06:54.0000",8.08,93.65,2.166700839996338,9.721242904663086,30.758089065551758
"2024-12-17 00:36:45.0000",7.54,93.81,2.1012585163116455,10.24168586730957,31.573204040527344
"2024-12-17 01:06:37.0000",7.17,94.66,3.4958953857421875,8.834177017211914,27.482505798339844
"2024-12-17 01:36:29.0000",6.69,94.99,1.765459656715393,8.245317459106445,25.420337677001953
"2024-12-17 03:06:06.0000",6.11,96.01,2.230955123901367,8.543678283691406,24.521039962768555
"2024-12-17 03:36:00.0000",6.13,96.07,1.873203992843628,7.888854026794434,27.194730758666992
"2024-12-17 04:05:54.0000",6.09,96.1,2.486464023590088,8.855386734008789,19.204912185668945
"2024-12-17 05:35:34.0000",6.14,97.49,2.556267023086548,8.165472984313965,29.922815322875977
"2024-12-17 06:35:21.0000",6.43,97.7,2.654728651046753,8.121724128723145,23.3193302154541
"2024-12-17 07:35:07.0000",6.53,97.96,-1.4098648859776536e31,-1.4098648859776536e31,-1.4098648859776536e31
"2024-12-17 08:05:00.0000",6.88,98.39,2.4427380561828613,8.190583229064941,18.2878475189209
"2024-12-17 08:34:53.0000",6.83,98.03,3.0662291049957275,9.040733337402344,23.587865829467773
"2024-12-17 09:34:40.0000",7.03,100.78,-1.4098648859776536e31,-1.4098648859776536e31,-1.4098648859776536e31
"2024-12-17 10:04:35.0000",7.45,100.65,3.512514591217041,6.2488322257995605,16.900699615478516
"2024-12-17 11:04:20.0000",7.35,100.18,7.081884860992432,10.846781730651855,17.420284271240234
"2024-12-17 12:04:08.0000",7.83,101.16,6.389495849609375,9.393860816955566,13.925141334533691
"2024-12-17 13:03:54.0000",8.24,102.11,4.475978851318359,6.061346530914307,11.534806251525879
"2024-12-17 14:33:36.0000",9.31,101.07,2.0127663612365723,4.390674591064453,8.971951484680176
"2024-12-17 15:03:30.0000",9.58,96.94,1.4433510303497314,3.670090675354004,10.530522346496582
"2024-12-17 16:03:13.0000",8.86,96.22,1.9307036399841309,6.184265613555908,20.517473220825195
"2024-12-17 18:32:35.0000",8.2,94.74,3.645838737487793,8.123503684997559,18.483274459838867
"2024-12-17 19:32:20.0000",8.1,96.43,4.206013202667236,8.918268203735352,14.351287841796875
"2024-12-17 21:31:51.0000",8.59,98.91,4.447831630706787,10.901576042175293,20.406112670898438
"2024-12-17 22:31:37.0000",8.66,101.77,2.8622443675994873,5.492504596710205,9.774877548217773
"2024-12-17 23:01:29.0000",8.43,103.58,3.3542754650115967,6.262333869934082,10.339221000671387
"2024-12-18 00:31:07.0000",8.72,107.16,3.55936861038208,7.238290786743164,12.041900634765625
"2024-12-18 02:00:48.0000",9.48,110.06,-1.4098648859776536e31,-1.4098648859776536e31,-1.4098648859776536e31
"2024-12-18 02:30:42.0000",10.42,110.98,-1.4098648859776536e31,-1.4098648859776536e31,-1.4098648859776536e31
"2024-12-18 03:30:33.0000",12,104.59,-1.4098648859776536e31,-1.4098648859776536e31,-1.4098648859776536e31
"2024-12-18 04:00:26.0000",12.33,101.69,1.5926923751831055,4.3544087409973145,12.328177452087402
"2024-12-18 06:29:49.0000",12.39,94.4,0.39290592074394226,2.2668025493621826,5.073984146118164
"2024-12-18 07:59:27.0000",11.08,95.64,-1.4098648859776536e31,-1.4098648859776536e31,-1.4098648859776536e31
"2024-12-18 10:28:50.0000",12,99.52,-1.4098648859776536e31,-1.4098648859776536e31,-1.4098648859776536e31
"2024-12-18 10:58:40.0000",10.61,97.73,-1.4098648859776536e31,-1.4098648859776536e31,-1.4098648859776536e31
"2024-12-18 12:58:13.0000",9.87,96.85,2.9408209323883057,18.179351806640625,68.52261352539062
"2024-12-18 13:57:56.0000",8.88,96.69,1.6546921730041504,11.415095329284668,41.32508087158203
"2024-12-18 14:57:42.0000",8.79,97.12,2.084712028503418,11.646479606628418,27.391582489013672
"2024-12-18 15:27:34.0000",8.47,96.9,1.9804089069366455,14.055891036987305,58.67850112915039
"2024-12-18 15:57:26.0000",8.01,97.45,4.142388343811035,22.140357971191406,64.28034973144531
"2024-12-18 17:56:56.0000",7.43,99.32,-1.4098648859776536e31,-1.4098648859776536e31,-1.4098648859776536e31
"2024-12-18 18:56:42.0000",7,100.08,2.1902008056640625,19.589942932128906,67.26171875
"2024-12-18 19:26:33.0000",6.23,100.57,1.5245161056518555,10.183783531188965,42.73724365234375
"2024-12-18 19:56:24.0000",5.67,101.29,-1.4098648859776536e31,-1.4098648859776536e31,-1.4098648859776536e31
"2024-12-18 20:26:15.0000",5.46,101.57,1.4944846630096436,10.295111656188965,51.96615219116211
"2024-12-18 20:56:07.0000",5.28,101.64,1.5624502897262573,9.359938621520996,32.58445358276367
"2024-12-18 21:25:59.0000",5.06,101.83,-1.4098648859776536e31,-1.4098648859776536e31,-1.4098648859776536e31
"2024-12-18 22:25:46.0000",5.25,101.97,1.6145663261413574,11.00916862487793,41.078712463378906
"2024-12-18 22:55:38.0000",4.92,102.01,-1.4098648859776536e31,-1.4098648859776536e31,-1.4098648859776536e31
"2024-12-19 00:25:13.0000",3.76,103.13,1.2474191188812256,7.066969871520996,21.312793731689453
"2024-12-19 00:55:04.0000",3.52,103.31,1.328972578048706,2.9579017162323,9.003880500793457
"2024-12-19 01:24:58.0000",3.76,103.67,3.0715887546539307,6.853752613067627,15.501089096069336
"2024-12-19 02:24:43.0000",4.19,103.03,0.6256678700447083,5.071394920349121,25.01140785217285
"2024-12-19 03:54:19.0000",3.28,104.5,0.8053837418556213,6.211336612701416,26.691322326660156
"2024-12-19 04:24:12.0000",3.79,104.03,2.0973613262176514,6.553277969360352,18.998384475708008
"2024-12-19 05:23:54.0000",2.57,104.97,0.6137140393257141,3.763383150100708,14.952743530273438
"2024-12-19 05:53:47.0000",3.1,104.29,0.7784744501113892,4.995034217834473,24.613481521606445
"2024-12-19 07:53:21.0000",3.34,101.8,1.8576306104660034,11.704949378967285,38.58732986450195
"2024-12-19 08:23:14.0000",3.18,103.66,1.1068682670593262,7.807943820953369,29.367435455322266
"2024-12-19 08:53:05.0000",2.09,102.33,0.6275025010108948,6.171376705169678,48.739105224609375
"2024-12-19 11:22:36.0000",6.41,101.81,2.1404306888580322,13.644499778747559,52.028594970703125
"2024-12-19 12:22:25.0000",8.25,94.88,2.310379981994629,13.970512390136719,44.77947998046875
"2024-12-19 12:52:18.0000",8.26,98.57,15.49824333190918,28.20466423034668,66.21356964111328
"2024-12-19 13:22:10.0000",7.04,94.03,33.18085861206055,44.23112106323242,88.24607849121094
"2024-12-19 13:52:00.0000",6.45,95.35,3.149472951889038,18.294818878173828,75.44216918945312
"2024-12-19 15:21:36.0000",5.42,91.8,3.709925889968872,22.354995727539062,73.74150085449219
"2024-12-19 15:51:29.0000",5.71,92.52,5.662199974060059,23.24219512939453,70.35688018798828
"2024-12-19 16:21:21.0000",5.44,91.5,3.619290351867676,18.683521270751953,65.40941619873047
"2024-12-19 17:21:06.0000",4.75,91.04,3.938678741455078,22.940242767333984,91.14667510986328
"2024-12-19 18:20:54.0000",4.53,91.42,3.0699727535247803,22.043458938598633,76.3940200805664
"2024-12-19 18:50:47.0000",4.45,90.99,4.293679714202881,18.324398040771484,73.91866302490234
"2024-12-19 19:20:39.0000",4.2,92,13.667123794555664,27.603769302368164,72.8577651977539
"2024-12-19 21:20:11.0000",4.27,92.11,7.998075485229492,20.506420135498047,78.7164535522461
"2024-12-19 22:49:49.0000",3.32,93.18,2.650542974472046,18.899879455566406,97.93681335449219
"2024-12-19 23:49:37.0000",4.64,93.06,-1.4098648859776536e31,-1.4098648859776536e31,-1.4098648859776536e31
"2024-12-20 00:19:29.0000",4.67,92.55,3.038073778152466,19.859495162963867,89.90302276611328
"2024-12-20 01:19:16.0000",4.83,93.34,3.5671656131744385,22.0710391998291,95.76226806640625
"2024-12-20 02:48:53.0000",4.63,93.41,-1.4098648859776536e31,-1.4098648859776536e31,-1.4098648859776536e31
"2024-12-20 03:18:45.0000",4.11,93.44,19.238950729370117,32.52483367919922,89.39549255371094
"2024-12-20 03:48:37.0000",4.3,94.21,13.056726455688477,23.524192810058594,65.7800064086914
"2024-12-20 04:48:23.0000",4.3,93.75,15.614545822143555,22.096778869628906,39.61056900024414
"2024-12-20 05:18:14.0000",4.16,93.77,13.94880199432373,20.121768951416016,29.550338745117188
"2024-12-20 06:17:59.0000",3.6,93.74,12.426545143127441,18.457172393798828,29.683765411376953
"2024-12-20 07:17:46.0000",4.27,94.43,11.793222427368164,16.17110824584961,22.91779899597168
"2024-12-20 08:17:34.0000",5.15,94.17,0.9818280935287476,5.2176690101623535,20.52411651611328
"2024-12-20 09:47:14.0000",5.92,94.68,5.453670024871826,8.8237943649292,24.293407440185547
"2024-12-20 10:17:08.0000",6.65,94.42,0.9776868224143982,4.669946670532227,15.879433631896973
"2024-12-20 10:47:01.0000",7.13,94.85,1.7136200666427612,4.668591022491455,13.126604080200195
"2024-12-20 12:46:34.0000",7.52,93.83,1.3529950380325317,6.763514518737793,28.785860061645508
"2024-12-20 13:16:26.0000",7.55,94.75,1.3976479768753052,5.779728412628174,11.07165241241455
"2024-12-20 14:46:06.0000",7.06,96.4,2.7442147731781006,23.815196990966797,94.20332336425781
"2024-12-20 15:15:59.0000",7.47,96.34,2.925088405609131,22.346532821655273,60.11941909790039
"2024-12-20 16:15:46.0000",7.37,97.07,3.780413866043091,27.162837982177734,92.91145324707031
"2024-12-20 17:15:30.0000",7.06,97.98,3.7540977001190186,28.242515563964844,96.34015655517578
"2024-12-20 17:45:22.0000",6.81,97.92,3.492035150527954,24.366193771362305,69.98511505126953
"2024-12-20 19:14:59.0000",6.08,99.43,4.6922688484191895,35.01585006713867,140.75357055664062
"2024-12-20 20:14:45.0000",5.97,98.84,-1.4098648859776536e31,-1.4098648859776536e31,-1.4098648859776536e31
"2024-12-20 21:14:29.0000",5.52,99.5,-1.4098648859776536e31,-1.4098648859776536e31,-1.4098648859776536e31
"2024-12-20 22:44:07.0000",5.85,99.72,-1.4098648859776536e31,-1.4098648859776536e31,-1.4098648859776536e31
"2024-12-20 23:43:51.0000",5.62,100.27,3.617342710494995,27.926776885986328,104.07734680175781
"2024-12-21 00:13:44.0000",5.79,100.02,3.1106784343719482,21.099346160888672,77.31061553955078
"2024-12-21 01:43:21.0000",6.18,99.84,2.869619607925415,19.18079948425293,55.466068267822266
"2024-12-21 02:43:07.0000",5.45,99.04,2.3040499687194824,12.9749174118042,35.14771270751953
"2024-12-21 03:12:59.0000",5.87,99.92,2.5495684146881104,14.808708190917969,44.08673095703125
"2024-12-21 03:42:51.0000",6.24,99.31,-1.4098648859776536e31,-1.4098648859776536e31,-1.4098648859776536e31
"2024-12-21 04:12:45.0000",6.02,98.66,1.9076125621795654,11.425724029541016,43.402496337890625
"2024-12-21 05:12:31.0000",6.14,99.34,1.628656029701233,10.710905075073242,30.87287139892578
"2024-12-21 05:42:23.0000",6.38,99.38,-1.4098648859776536e31,-1.4098648859776536e31,-1.4098648859776536e31
"2024-12-21 06:12:15.0000",6.61,99.78,0.9656795263290405,4.77293586730957,10.839930534362793
"2024-12-21 07:12:02.0000",7.19,100.5,0.4403601586818695,2.0122430324554443,13.818535804748535
"2024-12-21 07:41:55.0000",7.92,100.24,-1.4098648859776536e31,-1.4098648859776536e31,-1.4098648859776536e31
"2024-12-21 09:11:36.0000",9.02,101.29,1.490155816078186,7.7143778800964355,23.785659790039062
"2024-12-21 10:11:23.0000",9.47,100.89,0.686252772808075,3.05838942527771,15.880062103271484
"2024-12-21 11:11:06.0000",8.18,101.84,5.486608982086182,40.18383026123047,117.22923278808594
"2024-12-21 11:41:00.0000",9.06,101.74,7.932704925537109,48.134525299072266,133.9520721435547
"2024-12-21 13:40:28.0000",7.96,100.79,8.992612838745117,52.53281021118164,146.7786865234375
"2024-12-21 14:10:19.0000",7.77,101.1,7.709741115570068,46.59658432006836,138.5472412109375
"2024-12-21 15:10:03.0000",7.54,100.34,17.591110229492188,54.66761016845703,152.07662963867188
"2024-12-21 15:39:55.0000",6.79,98.83,-1.4098648859776536e31,-1.4098648859776536e31,-1.4098648859776536e31
"2024-12-21 16:39:41.0000",6.55,98.9,5.756107330322266,30.356353759765625,93.12309265136719
"2024-12-21 18:39:12.0000",6.59,97.12,4.60999059677124,26.837810516357422,72.05653381347656
"2024-12-21 19:09:03.0000",5.75,96.13,5.661603927612305,29.199054718017578,110.27735900878906
"2024-12-21 19:38:53.0000",4.03,96.76,2.8339486122131348,18.030128479003906,71.83595275878906
"2024-12-21 20:38:38.0000",4.88,98.18,3.1353206634521484,18.13028335571289,61.63572311401367
"2024-12-21 21:08:30.0000",5.23,97.99,3.844942092895508,22.236427307128906,74.87260437011719
"2024-12-21 23:07:59.0000",4.76,98.51,3.856842279434204,24.74786376953125,78.38970184326172
"2024-12-21 23:37:51.0000",4.61,98.56,3.9581003189086914,24.178627014160156,68.4306411743164
"2024-12-22 00:37:36.0000",3.13,98.21,20.540096282958984,33.92058563232422,92.10137939453125
"2024-12-22 01:37:21.0000",3.4,99.48,-1.4098648859776536e31,-1.4098648859776536e31,-1.4098648859776536e31
"2024-12-22 03:36:55.0000",4.07,97,4.724887847900391,22.430770874023438,65.83731079101562
"2024-12-22 04:06:45.0000",2.22,96.73,9.72907829284668,29.75963592529297,107.6832504272461
"2024-12-22 04:36:36.0000",2.21,99.34,2.741490364074707,16.44303321838379,66.56642150878906
"2024-12-22 05:06:30.0000",3.04,99.13,-1.4098648859776536e31,-1.4098648859776536e31,-1.4098648859776536e31
"2024-12-22 05:36:23.0000",2.67,97.02,3.9719748497009277,25.208070755004883,97.9157485961914
"2024-12-22 06:06:15.0000",3.13,99.36,3.6413111686706543,23.54961585998535,77.26582336425781
"2024-12-22 07:35:53.0000",1.75,95.93,-1.4098648859776536e31,-1.4098648859776536e31,-1.4098648859776536e31
"2024-12-22 08:05:47.0000",2.27,98.47,2.8181004524230957,15.946623802185059,59.85674285888672
"2024-12-22 08:35:40.0000",2.73,99.41,3.5010693073272705,15.873015403747559,47.251426696777344
"2024-12-22 09:35:30.0000",3.8,98.85,3.12422513961792,17.56171417236328,54.35091781616211
"2024-12-22 11:35:02.0000",3.42,100.27,3.3968937397003174,22.484716415405273,99.79671478271484
"2024-12-22 12:34:51.0000",4.19,100.32,-1.4098648859776536e31,-1.4098648859776536e31,-1.4098648859776536e31
"2024-12-22 13:34:37.0000",4.08,101.3,6.274837493896484,40.728431701660156,136.0594482421875
"2024-12-22 14:34:20.0000",4.45,101.19,5.372274398803711,33.102535247802734,113.41044616699219
"2024-12-22 15:04:13.0000",5.28,101.44,7.718691825866699,46.5572509765625,149.3070831298828
"2024-12-22 16:04:01.0000",5.95,98.25,-1.4098648859776536e31,-1.4098648859776536e31,-1.4098648859776536e31
"2024-12-22 16:33:54.0000",5.78,96.6,11.163405418395996,61.9845085144043,198.42164611816406
"2024-12-22 17:03:46.0000",5.79,90.68,9.465165138244629,51.13184356689453,137.15380859375
"2024-12-22 18:33:23.0000",5.31,83.21,59.2575798034668,80.08352661132812,123.55900573730469
"2024-12-22 19:03:15.0000",5.27,82.61,9.483414649963379,54.25948715209961,214.93673706054688
"2024-12-22 21:02:46.0000",5.05,80.02,7.932165145874023,42.876827239990234,114.62474060058594
"2024-12-22 21:32:38.0000",4.9,80.51,6.441213130950928,35.16606521606445,123.02571868896484
"2024-12-22 22:02:31.0000",4.87,78.15,5.840763092041016,32.82561492919922,96.80895233154297
"2024-12-22 22:32:23.0000",4.93,77.26,6.104160308837891,32.912322998046875,86.63302612304688
"2024-12-22 23:02:16.0000",4.67,77.57,4.848849296569824,27.26133155822754,88.2787094116211
"2024-12-23 00:02:01.0000",4.71,75.74,5.111292362213135,23.88296890258789,76.11176300048828
"2024-12-23 01:01:47.0000",4.52,74.49,4.597692966461182,25.056957244873047,85.41780090332031
"2024-12-23 03:01:18.0000",4.09,76.56,6.169012069702148,39.30884552001953,177.8094024658203
"2024-12-23 03:31:09.0000",4.06,78.3,4.8917927742004395,33.46596908569336,129.29322814941406
"2024-12-23 06:00:32.0000",3.65,85.04,4.038113594055176,25.491907119750977,121.5627670288086
"2024-12-23 06:30:25.0000",3.55,85.94,-1.4098648859776536e31,-1.4098648859776536e31,-1.4098648859776536e31
"2024-12-23 07:00:21.0000",4.01,86.31,-1.4098648859776536e31,-1.4098648859776536e31,-1.4098648859776536e31
"2024-12-23 09:59:40.0000",5.68,87.63,3.4411556720733643,20.44139289855957,91.17805480957031
"2024-12-23 11:29:20.0000",5.94,88.61,3.60701584815979,24.065431594848633,82.05313110351562
"2024-12-23 11:59:14.0000",6.7,89.12,3.114784002304077,20.676326751708984,79.9493179321289
"2024-12-23 12:29:09.0000",6.32,88.35,2.6729819774627686,17.283227920532227,57.691558837890625
"2024-12-23 13:28:55.0000",6.03,89.12,1.9219990968704224,13.108914375305176,38.521873474121094
"2024-12-23 13:58:47.0000",5.99,89.51,1.9007779359817505,10.622361183166504,28.139554977416992
"2024-12-23 14:58:33.0000",6.38,89.44,1.906506061553955,7.679352283477783,19.433555603027344
"2024-12-23 16:28:10.0000",5.14,90.69,1.8397042751312256,6.752007961273193,20.664350509643555
"2024-12-23 16:58:03.0000",5.2,91.34,2.4873950481414795,6.60738468170166,16.842527389526367
"2024-12-23 17:27:55.0000",5.18,91.96,8.267077445983887,15.916733741760254,37.393943786621094
"2024-12-23 18:57:34.0000",6.01,93.65,-1.4098648859776536e31,-1.4098648859776536e31,-1.4098648859776536e31
"2024-12-23 19:57:22.0000",7.34,94.3,-1.4098648859776536e31,-1.4098648859776536e31,-1.4098648859776536e31
"2024-12-23 21:27:04.0000",8.35,96.46,-1.4098648859776536e31,-1.4098648859776536e31,-1.4098648859776536e31
"2024-12-23 21:56:59.0000",8.39,96.73,25.146684646606445,57.065547943115234,210.5478057861328
"2024-12-23 22:56:44.0000",8.87,98.41,23.51818084716797,46.58159255981445,109.495361328125
"2024-12-23 23:26:37.0000",9.07,98.79,29.220033645629883,60.172821044921875,148.74041748046875
"2024-12-24 00:56:16.0000",9.35,100.16,-1.4098648859776536e31,-1.4098648859776536e31,-1.4098648859776536e31
"2024-12-24 01:26:08.0000",9.29,100.36,33.937740325927734,81.56771850585938,228.93154907226562
"2024-12-24 01:56:02.0000",9.26,100.81,27.558382034301758,62.50751876831055,237.28878784179688
"2024-12-24 02:25:55.0000",9.31,101.34,24.20890235900879,51.07695770263672,163.38409423828125
"2024-12-24 02:55:49.0000",9.44,101.5,-1.4098648859776536e31,-1.4098648859776536e31,-1.4098648859776536e31
"2024-12-24 03:55:35.0000",9.72,102.76,14.806318283081055,26.018531799316406,64.9734878540039
"2024-12-24 04:25:28.0000",9.65,102.19,-1.4098648859776536e31,-1.4098648859776536e31,-1.4098648859776536e31
"2024-12-24 04:55:20.0000",9.33,103.01,-1.4098648859776536e31,-1.4098648859776536e31,-1.4098648859776536e31
"2024-12-24 06:54:52.0000",9.7,103.96,-1.4098648859776536e31,-1.4098648859776536e31,-1.4098648859776536e31
"2024-12-24 07:24:46.0000",9.95,104.26,-1.4098648859776536e31,-1.4098648859776536e31,-1.4098648859776536e31
"2024-12-24 07:54:38.0000",9.96,104.55,-1.4098648859776536e31,-1.4098648859776536e31,-1.4098648859776536e31
"2024-12-24 08:24:32.0000",10,104.47,-1.4098648859776536e31,-1.4098648859776536e31,-1.4098648859776536e31
"2024-12-24 08:54:24.0000",10.13,104.71,-1.4098648859776536e31,-1.4098648859776536e31,-1.4098648859776536e31
"2024-12-24 10:24:06.0000",10.72,104.87,-1.4098648859776536e31,-1.4098648859776536e31,-1.4098648859776536e31
"2024-12-24 10:54:02.0000",14.22,103.48,-1.4098648859776536e31,-1.4098648859776536e31,-1.4098648859776536e31
"2024-12-24 11:23:59.0000",16.46,102.94,-1.4098648859776536e31,-1.4098648859776536e31,-1.4098648859776536e31
"2024-12-24 12:23:45.0000",13.74,103.34,-1.4098648859776536e31,-1.4098648859776536e31,-1.4098648859776536e31
"2024-12-24 14:53:05.0000",10.95,102.92,1.4814841747283936,7.17812442779541,27.926860809326172
"2024-12-24 15:22:55.0000",9.45,103.51,2.0430703163146973,10.803741455078125,40.88700485229492
"2024-12-24 18:22:06.0000",7.25,103.67,-1.4098648859776536e31,-1.4098648859776536e31,-1.4098648859776536e31
"2024-12-24 19:21:53.0000",7.44,104.29,-1.4098648859776536e31,-1.4098648859776536e31,-1.4098648859776536e31
"2024-12-24 20:21:41.0000",6.92,103.94,16.341110229492188,26.604692459106445,39.17030715942383
"2024-12-24 21:21:25.0000",6.62,104.16,5.337414741516113,9.274401664733887,15.583050727844238
"2024-12-24 21:51:17.0000",6.42,104.72,5.608068943023682,8.587231636047363,12.678921699523926
"2024-12-24 22:21:09.0000",6.17,104.49,7.552995204925537,11.698326110839844,19.420692443847656
"2024-12-24 22:51:01.0000",6.01,104.5,10.276126861572266,16.622089385986328,21.71241569519043
"2024-12-24 23:20:53.0000",6.13,104.72,-1.4098648859776536e31,-1.4098648859776536e31,-1.4098648859776536e31
"2024-12-24 23:50:45.0000",5.8,104.57,-1.4098648859776536e31,-1.4098648859776536e31,-1.4098648859776536e31
"2024-12-25 00:20:37.0000",5.43,105.07,-1.4098648859776536e31,-1.4098648859776536e31,-1.4098648859776536e31
"2024-12-25 00:50:32.0000",5.61,104.87,-1.4098648859776536e31,-1.4098648859776536e31,-1.4098648859776536e31
"2024-12-25 01:20:24.0000",5.17,104.71,-1.4098648859776536e31,-1.4098648859776536e31,-1.4098648859776536e31
"2024-12-25 03:19:58.0000",4.85,105.25,-1.4098648859776536e31,-1.4098648859776536e31,-1.4098648859776536e31
"2024-12-25 04:49:38.0000",5.4,105.71,-1.4098648859776536e31,-1.4098648859776536e31,-1.4098648859776536e31
"2024-12-25 05:49:22.0000",4.83,106.5,-1.4098648859776536e31,-1.4098648859776536e31,-1.4098648859776536e31
"2024-12-25 07:19:04.0000",5.33,106.22,-1.4098648859776536e31,-1.4098648859776536e31,-1.4098648859776536e31
"2024-12-25 08:18:51.0000",5.37,106.41,-1.4098648859776536e31,-1.4098648859776536e31,-1.4098648859776536e31
"2024-12-25 08:48:43.0000",5.33,106.67,-1.4098648859776536e31,-1.4098648859776536e31,-1.4098648859776536e31
"2024-12-25 09:18:38.0000",5.75,107.01,-1.4098648859776536e31,-1.4098648859776536e31,-1.4098648859776536e31
"2024-12-25 09:48:33.0000",6.2,107.7,-1.4098648859776536e31,-1.4098648859776536e31,-1.4098648859776536e31
"2024-12-25 10:18:26.0000",6.78,107.42,-1.4098648859776536e31,-1.4098648859776536e31,-1.4098648859776536e31
"2024-12-25 11:18:11.0000",7.09,107.54,-1.4098648859776536e31,-1.4098648859776536e31,-1.4098648859776536e31
"2024-12-25 13:17:57.0000",14.59,92.27,0.6403525471687317,1.2539443969726562,2.938779592514038
"2024-12-25 13:47:43.0000",11.5,103.57,-1.4098648859776536e31,-1.4098648859776536e31,-1.4098648859776536e31
"2024-12-25 14:47:25.0000",9.76,103.89,-1.4098648859776536e31,-1.4098648859776536e31,-1.4098648859776536e31
"2024-12-25 15:17:14.0000",7.97,107.41,13.563003540039062,18.358806610107422,26.366952896118164
"2024-12-25 15:47:06.0000",7.3,108.67,13.852038383483887,18.837867736816406,22.170948028564453
"2024-12-25 16:46:49.0000",6.75,109.4,17.138572692871094,23.48259735107422,33.7324104309082
"2024-12-25 17:46:36.0000",6.8,108.94,33.86558151245117,42.8038444519043,46.841129302978516
"2024-12-25 18:46:21.0000",6.64,107.7,-1.4098648859776536e31,-1.4098648859776536e31,-1.4098648859776536e31
"2024-12-25 19:46:05.0000",5.84,107.38,-1.4098648859776536e31,-1.4098648859776536e31,-1.4098648859776536e31
"2024-12-25 21:15:44.0000",5.46,107.43,-1.4098648859776536e31,-1.4098648859776536e31,-1.4098648859776536e31
"2024-12-25 22:15:30.0000",4.9,107.7,-1.4098648859776536e31,-1.4098648859776536e31,-1.4098648859776536e31
"2024-12-25 22:45:24.0000",5.06,107.58,-1.4098648859776536e31,-1.4098648859776536e31,-1.4098648859776536e31
"2024-12-25 23:15:17.0000",5.18,107.48,-1.4098648859776536e31,-1.4098648859776536e31,-1.4098648859776536e31
"2024-12-25 23:45:11.0000",5.38,107.61,-1.4098648859776536e31,-1.4098648859776536e31,-1.4098648859776536e31
"2024-12-26 00:15:05.0000",5.19,106.68,-1.4098648859776536e31,-1.4098648859776536e31,-1.4098648859776536e31
"2024-12-26 00:44:56.0000",4.22,107.15,-1.4098648859776536e31,-1.4098648859776536e31,-1.4098648859776536e31
"2024-12-26 01:14:48.0000",3.82,107.78,-1.4098648859776536e31,-1.4098648859776536e31,-1.4098648859776536e31
"2024-12-26 02:14:34.0000",3.2,107.3,-1.4098648859776536e31,-1.4098648859776536e31,-1.4098648859776536e31
"2024-12-26 03:14:19.0000",2.6,107.25,-1.4098648859776536e31,-1.4098648859776536e31,-1.4098648859776536e31
"2024-12-26 03:44:12.0000",2.47,107.11,-1.4098648859776536e31,-1.4098648859776536e31,-1.4098648859776536e31
"2024-12-26 05:43:45.0000",2.78,107.88,-1.4098648859776536e31,-1.4098648859776536e31,-1.4098648859776536e31
"2024-12-26 06:43:30.0000",2.32,107.48,-1.4098648859776536e31,-1.4098648859776536e31,-1.4098648859776536e31
"2024-12-26 07:13:24.0000",2.29,107.87,-1.4098648859776536e31,-1.4098648859776536e31,-1.4098648859776536e31
"2024-12-26 07:43:19.0000",2.37,107.91,-1.4098648859776536e31,-1.4098648859776536e31,-1.4098648859776536e31
"2024-12-26 08:43:06.0000",2.81,108.78,-1.4098648859776536e31,-1.4098648859776536e31,-1.4098648859776536e31
"2024-12-26 09:13:00.0000",3.57,108.89,-1.4098648859776536e31,-1.4098648859776536e31,-1.4098648859776536e31
"2024-12-26 10:12:48.0000",4.45,108.28,-1.4098648859776536e31,-1.4098648859776536e31,-1.4098648859776536e31
"2024-12-26 10:42:40.0000",4.61,108.87,-1.4098648859776536e31,-1.4098648859776536e31,-1.4098648859776536e31
"2024-12-26 11:12:33.0000",4.98,108.81,-1.4098648859776536e31,-1.4098648859776536e31,-1.4098648859776536e31
"2024-12-26 11:42:26.0000",4.87,108.82,-1.4098648859776536e31,-1.4098648859776536e31,-1.4098648859776536e31
"2024-12-26 12:12:19.0000",4.93,109.33,-1.4098648859776536e31,-1.4098648859776536e31,-1.4098648859776536e31
"2024-12-26 12:42:13.0000",4.94,109.33,-1.4098648859776536e31,-1.4098648859776536e31,-1.4098648859776536e31
"2024-12-26 15:11:40.0000",4.56,109.86,-1.4098648859776536e31,-1.4098648859776536e31,-1.4098648859776536e31
"2024-12-26 15:41:33.0000",4.43,109.76,-1.4098648859776536e31,-1.4098648859776536e31,-1.4098648859776536e31
"2024-12-26 16:41:21.0000",4.14,109.69,-1.4098648859776536e31,-1.4098648859776536e31,-1.4098648859776536e31
"2024-12-26 17:11:15.0000",3.96,109.74,-1.4098648859776536e31,-1.4098648859776536e31,-1.4098648859776536e31
"2024-12-26 17:41:08.0000",3.81,109.91,-1.4098648859776536e31,-1.4098648859776536e31,-1.4098648859776536e31
"2024-12-26 18:40:57.0000",3.63,109.8,-1.4098648859776536e31,-1.4098648859776536e31,-1.4098648859776536e31
"2024-12-26 19:10:50.0000",3.7,110.21,-1.4098648859776536e31,-1.4098648859776536e31,-1.4098648859776536e31
"2024-12-26 21:10:21.0000",3.63,110.08,-1.4098648859776536e31,-1.4098648859776536e31,-1.4098648859776536e31
"2024-12-26 22:10:09.0000",3.58,110.49,-1.4098648859776536e31,-1.4098648859776536e31,-1.4098648859776536e31
"2024-12-26 23:09:55.0000",3.28,110.15,-1.4098648859776536e31,-1.4098648859776536e31,-1.4098648859776536e31
"2024-12-27 00:39:35.0000",3.16,110.45,-1.4098648859776536e31,-1.4098648859776536e31,-1.4098648859776536e31
"2024-12-27 02:09:16.0000",2.98,110.57,-1.4098648859776536e31,-1.4098648859776536e31,-1.4098648859776536e31
"2024-12-27 02:39:10.0000",2.85,110.53,-1.4098648859776536e31,-1.4098648859776536e31,-1.4098648859776536e31
"2024-12-27 05:08:33.0000",2.19,110.54,-1.4098648859776536e31,-1.4098648859776536e31,-1.4098648859776536e31
"2024-12-27 05:38:26.0000",1.86,110.53,-1.4098648859776536e31,-1.4098648859776536e31,-1.4098648859776536e31
"2024-12-27 07:08:03.0000",1.39,110.56,-1.4098648859776536e31,-1.4098648859776536e31,-1.4098648859776536e31
"2024-12-27 08:07:49.0000",1.07,110.64,-1.4098648859776536e31,-1.4098648859776536e31,-1.4098648859776536e31
"2024-12-27 08:37:42.0000",1.1,110.74,-1.4098648859776536e31,-1.4098648859776536e31,-1.4098648859776536e31
"2024-12-27 10:37:19.0000",1.8,111.75,-1.4098648859776536e31,-1.4098648859776536e31,-1.4098648859776536e31
"2024-12-27 11:37:05.0000",2.4,111.68,-1.4098648859776536e31,-1.4098648859776536e31,-1.4098648859776536e31
"2024-12-27 16:35:57.0000",2.3,111.69,-1.4098648859776536e31,-1.4098648859776536e31,-1.4098648859776536e31
"2024-12-27 17:05:50.0000",2.17,111.72,-1.4098648859776536e31,-1.4098648859776536e31,-1.4098648859776536e31
"2024-12-27 18:35:29.0000",1.81,111.69,-1.4098648859776536e31,-1.4098648859776536e31,-1.4098648859776536e31
"2024-12-27 19:05:22.0000",1.71,111.7,-1.4098648859776536e31,-1.4098648859776536e31,-1.4098648859776536e31
"2024-12-27 21:04:52.0000",1.66,112.02,-1.4098648859776536e31,-1.4098648859776536e31,-1.4098648859776536e31
"2024-12-27 22:34:34.0000",1.91,112.2,-1.4098648859776536e31,-1.4098648859776536e31,-1.4098648859776536e31
"2024-12-27 23:34:21.0000",1.91,112.09,-1.4098648859776536e31,-1.4098648859776536e31,-1.4098648859776536e31
"2024-12-28 01:04:02.0000",1.74,112.21,-1.4098648859776536e31,-1.4098648859776536e31,-1.4098648859776536e31
"2024-12-28 01:33:55.0000",1.72,112.28,-1.4098648859776536e31,-1.4098648859776536e31,-1.4098648859776536e31
"2024-12-28 02:33:41.0000",1.71,112.51,-1.4098648859776536e31,-1.4098648859776536e31,-1.4098648859776536e31
"2024-12-28 03:03:34.0000",1.91,112.88,-1.4098648859776536e31,-1.4098648859776536e31,-1.4098648859776536e31
"2024-12-28 03:33:27.0000",2.05,112.95,-1.4098648859776536e31,-1.4098648859776536e31,-1.4098648859776536e31
"2024-12-28 04:03:21.0000",2.2,112.98,-1.4098648859776536e31,-1.4098648859776536e31,-1.4098648859776536e31
"2024-12-28 05:03:10.0000",2.32,113.05,-1.4098648859776536e31,-1.4098648859776536e31,-1.4098648859776536e31
"2024-12-28 06:02:57.0000",2.69,113.57,-1.4098648859776536e31,-1.4098648859776536e31,-1.4098648859776536e31
"2024-12-28 07:32:38.0000",2.7,113.49,-1.4098648859776536e31,-1.4098648859776536e31,-1.4098648859776536e31
"2024-12-28 08:32:23.0000",2.95,113.65,-1.4098648859776536e31,-1.4098648859776536e31,-1.4098648859776536e31
"2024-12-28 09:32:11.0000",3.01,114.05,-1.4098648859776536e31,-1.4098648859776536e31,-1.4098648859776536e31
"2024-12-28 13:31:24.0000",5.87,114.54,-1.4098648859776536e31,-1.4098648859776536e31,-1.4098648859776536e31
"2024-12-28 14:01:19.0000",5.9,114.31,-1.4098648859776536e31,-1.4098648859776536e31,-1.4098648859776536e31
"2024-12-28 14:31:13.0000",5.93,114.21,-1.4098648859776536e31,-1.4098648859776536e31,-1.4098648859776536e31
"2024-12-28 16:00:53.0000",5.76,114.54,-1.4098648859776536e31,-1.4098648859776536e31,-1.4098648859776536e31
"2024-12-28 16:30:45.0000",5.71,114.66,-1.4098648859776536e31,-1.4098648859776536e31,-1.4098648859776536e31
"2024-12-28 17:00:38.0000",5.66,114.7,-1.4098648859776536e31,-1.4098648859776536e31,-1.4098648859776536e31
"2024-12-28 18:00:24.0000",4.7,114.65,-1.4098648859776536e31,-1.4098648859776536e31,-1.4098648859776536e31
"2024-12-28 19:59:59.0000",5.48,116.02,-1.4098648859776536e31,-1.4098648859776536e31,-1.4098648859776536e31
"2024-12-28 20:29:51.0000",5.56,115.9,-1.4098648859776536e31,-1.4098648859776536e31,-1.4098648859776536e31
"2024-12-29 00:58:51.0000",6.29,115.53,-1.4098648859776536e31,-1.4098648859776536e31,-1.4098648859776536e31
"2024-12-29 02:28:31.0000",6.51,115.35,-1.4098648859776536e31,-1.4098648859776536e31,-1.4098648859776536e31
"2024-12-29 03:28:19.0000",6.78,115.95,-1.4098648859776536e31,-1.4098648859776536e31,-1.4098648859776536e31
"2024-12-29 03:58:10.0000",6.77,115.54,-1.4098648859776536e31,-1.4098648859776536e31,-1.4098648859776536e31
"2024-12-29 05:27:50.0000",5.69,114.31,-1.4098648859776536e31,-1.4098648859776536e31,-1.4098648859776536e31
"2024-12-29 06:57:28.0000",4.82,115.36,-1.4098648859776536e31,-1.4098648859776536e31,-1.4098648859776536e31
"2024-12-29 08:27:06.0000",4.23,114.74,-1.4098648859776536e31,-1.4098648859776536e31,-1.4098648859776536e31
"2024-12-29 09:27:01.0000",7.25,111.26,-1.4098648859776536e31,-1.4098648859776536e31,-1.4098648859776536e31
"2024-12-29 09:56:54.0000",7.17,114.2,-1.4098648859776536e31,-1.4098648859776536e31,-1.4098648859776536e31
"2024-12-29 10:56:44.0000",8.27,113.83,-1.4098648859776536e31,-1.4098648859776536e31,-1.4098648859776536e31
"2024-12-29 12:56:19.0000",8.71,112.46,0.7725557684898376,3.95306658744812,9.449600219726562
"2024-12-29 14:25:55.0000",9.03,111.99,1.043462872505188,4.26716423034668,10.671134948730469
"2024-12-29 17:55:00.0000",7.05,110.75,26.24481201171875,35.770633697509766,64.58690643310547
"2024-12-29 19:24:41.0000",7.58,110.39,23.97014617919922,29.1807918548584,37.7981071472168
"2024-12-29 19:54:33.0000",7.51,110.55,35.50408935546875,40.82905578613281,62.9376220703125
"2024-12-29 20:24:25.0000",7.75,110.53,35.989341735839844,42.252132415771484,56.8343391418457
"2024-12-29 20:54:18.0000",7.86,110.02,-1.4098648859776536e31,-1.4098648859776536e31,-1.4098648859776536e31
"2024-12-29 21:54:05.0000",7.84,109.29,7.588199138641357,11.96724796295166,19.611093521118164
"2024-12-29 22:53:52.0000",7.99,108.57,7.1995697021484375,12.199467658996582,25.628082275390625
"2024-12-29 23:23:44.0000",8.07,107.95,1.0332164764404297,5.059954643249512,14.918657302856445
"2024-12-29 23:53:37.0000",8.04,107.39,1.0933985710144043,5.551628112792969,18.373140335083008
"2024-12-30 02:23:00.0000",7.07,104.93,1.8214446306228638,4.548830509185791,15.455681800842285
"2024-12-30 02:52:52.0000",6.68,103.97,1.2723067998886108,4.035562992095947,11.500210762023926
"2024-12-30 03:22:43.0000",6.01,104.8,1.1161065101623535,3.953339099884033,14.103038787841797
"2024-12-30 03:52:36.0000",6.09,104.77,0.8204742670059204,3.8049676418304443,10.660629272460938
"2024-12-30 04:22:27.0000",5.67,104.57,1.0433237552642822,5.785144805908203,18.315404891967773
"2024-12-30 04:52:18.0000",5.29,104.76,7.32815408706665,13.922362327575684,38.20988464355469
"2024-12-30 05:22:11.0000",4.92,104.43,-1.4098648859776536e31,-1.4098648859776536e31,-1.4098648859776536e31
"2024-12-30 05:52:03.0000",5.24,106.2,8.332921981811523,14.129510879516602,25.375288009643555
"2024-12-30 06:21:58.0000",6.27,105.82,33.405853271484375,35.058895111083984,38.30083465576172
"2024-12-30 07:21:46.0000",6.79,105.24,3.995319128036499,4.919777870178223,11.930140495300293
"2024-12-30 09:21:22.0000",10.71,100.85,1.2242388725280762,2.7777087688446045,6.544530868530273
"2024-12-30 10:21:18.0000",15.12,89.6,4.101251602172852,5.39420223236084,14.314911842346191
"2024-12-30 10:51:11.0000",14.79,84.09,0.37770119309425354,1.3030893802642822,7.365199565887451
"2024-12-30 11:20:59.0000",14.51,87.66,2.943770170211792,4.044892311096191,8.160895347595215
"2024-12-30 11:50:48.0000",11.42,84.37,0.6703047752380371,1.9284287691116333,5.980931758880615
"2024-12-30 12:20:38.0000",10.45,86.37,1.0967187881469727,2.2602920532226562,10.051323890686035
"2024-12-30 13:20:21.0000",9.78,87.28,1.2634313106536865,4.439469814300537,12.6193208694458
"2024-12-30 13:50:13.0000",9.27,87.77,1.8053977489471436,6.8981547355651855,21.432661056518555
"2024-12-30 14:49:56.0000",8.27,88.79,1.3239635229110718,8.028803825378418,34.297752380371094
"2024-12-30 15:19:47.0000",7.85,89.35,1.444425106048584,7.341209411621094,25.471067428588867
"2024-12-30 18:48:57.0000",7.88,93.26,4.063650608062744,5.404007911682129,10.019865036010742
"2024-12-30 19:48:43.0000",8.04,93.73,13.038451194763184,14.583740234375,18.471370697021484
"2024-12-30 20:48:29.0000",7.91,94.16,11.706693649291992,12.403372764587402,14.034130096435547
"2024-12-30 23:47:44.0000",7.44,95.99,8.978020668029785,9.610747337341309,19.015947341918945
"2024-12-31 00:47:31.0000",8.03,95.38,4.239758491516113,6.6546525955200195,13.695245742797852
"2024-12-31 01:47:16.0000",7.9,94.82,28.4757137298584,30.823925018310547,41.127418518066406
"2024-12-31 02:47:02.0000",8.47,94.26,5.732447147369385,7.760557651519775,13.474964141845703
"2024-12-31 04:16:38.0000",8.34,93.99,0.4430195689201355,1.359943151473999,3.36493182182312
"2024-12-31 04:46:31.0000",8.08,93.78,0.5937997698783875,2.0027358531951904,5.181174278259277
"2024-12-31 05:16:24.0000",8.26,93.76,1.1990560293197632,2.8324472904205322,9.951606750488281
"2024-12-31 05:46:18.0000",8.5,93.41,4.2371978759765625,6.012754440307617,10.182293891906738
"2024-12-31 06:16:12.0000",8.76,92.7,1.2321001291275024,2.567809820175171,9.84608268737793
"2024-12-31 08:15:43.0000",8.85,90.61,0.9818165898323059,4.947576999664307,11.845574378967285
"2024-12-31 08:45:37.0000",9.03,89.87,1.0283750295639038,5.125837326049805,19.5412540435791
"2024-12-31 09:45:21.0000",9.26,89.21,0.8756628632545471,4.731086730957031,19.82050895690918
"2024-12-31 10:15:13.0000",9.35,89,0.9969478845596313,5.463963508605957,19.655664443969727
"2024-12-31 10:45:07.0000",9.76,86.46,1.2659252882003784,6.316744804382324,29.042110443115234
"2024-12-31 11:44:53.0000",9.99,83.83,2.450746774673462,8.781780242919922,22.09098243713379
"2024-12-31 12:44:39.0000",9.89,85.79,1.9882057905197144,11.402422904968262,31.117441177368164
"2024-12-31 13:14:30.0000",9.57,88.17,1.9066317081451416,10.896051406860352,25.635757446289062
"2024-12-31 13:44:23.0000",9.48,89.7,1.5490010976791382,8.33247184753418,21.960844039916992
"2024-12-31 14:44:07.0000",9.2,93.55,1.058700680732727,5.606359481811523,15.104681015014648
"2024-12-31 16:13:49.0000",9.46,95.87,0.707822859287262,2.637589454650879,5.483254909515381
"2024-12-31 17:13:32.0000",9.33,97.57,0.3532780110836029,1.3637502193450928,6.103575229644775
"2024-12-31 18:43:09.0000",9.41,99.53,0.5435739159584045,2.5871334075927734,6.241240978240967
"2024-12-31 19:13:02.0000",9.15,99.63,17.361553192138672,32.3880729675293,92.8672866821289
"2024-12-31 20:42:39.0000",7.95,101.21,1.1690117120742798,7.233366012573242,33.52387237548828
"2024-12-31 21:42:24.0000",7.33,102.11,6.563819885253906,16.74089813232422,64.00106811523438
"2024-12-31 23:12:00.0000",7.17,102.71,-1.4098648859776536e31,-1.4098648859776536e31,-1.4098648859776536e31
"2024-12-31 23:41:52.0000",7.28,103.31,-1.4098648859776536e31,-1.4098648859776536e31,-1.4098648859776536e31

