{
"type": "FeatureCollection",
"name": "lur_lsoa_predictions",
"crs": { "type": "name", "properties": { "name": "urn:ogc:def:crs:OGC:1.3:CRS84" } },
"features": [
{ "type": "Feature", "properties": { "LSOA21CD": "E01006512", "LSOA21NM": "Liverpool 031A", "area_km2": 0.29734122069553792, "pm25_street_mean": 7.5594381513939082, "pm25_street_p25": 6.7953988498732194, "pm25_street_p75": 7.4047217622556998, "pm10_street_mean": 15.74071609478416, "pm10_street_p25": 14.381830748642294, "pm10_street_p75": 15.457109303695102, "n_streets": 22, "PM2.5_lsoa_pred": 10.020657556548622, "PM10_lsoa_pred": 19.81223250240005, "PM2.5_final": 7.5594381513939082, "PM10_final": 15.74071609478416, "score_pm25": "B" }, "geometry": { "type": "Polygon", "coordinates": [ [ [ -2.960810069655345, 53.4030540421899 ], [ -2.956529573887368, 53.397672307299828 ], [ -2.961396639488082, 53.396975240885261 ], [ -2.963332835584789, 53.396696609406675 ], [ -2.962303998058883, 53.399180134559828 ], [ -2.967203864722897, 53.400939393898412 ], [ -2.966728725101451, 53.403953447638344 ], [ -2.960810069655345, 53.4030540421899 ] ] ] } },
{ "type": "Feature", "properties": { "LSOA21CD": "E01006514", "LSOA21NM": "Liverpool 037A", "area_km2": 0.27110906664680662, "pm25_street_mean": 9.7607541309181318, "pm25_street_p25": 8.4367448340482412, "pm25_street_p75": 10.383623039670059, "pm10_street_mean": 19.336069911825088, "pm10_street_p25": 17.119148322417345, "pm10_street_p75": 20.402620471834499, "n_streets": 41, "PM2.5_lsoa_pred": 10.033661150308859, "PM10_lsoa_pred": 19.831912299811155, "PM2.5_final": 9.7607541309181318, "PM10_final": 19.336069911825088, "score_pm25": "B" }, "geometry": { "type": "Polygon", "coordinates": [ [ [ -2.967382076368513, 53.400927876830281 ], [ -2.966484723130073, 53.398498229679575 ], [ -2.968369361732968, 53.395950998412879 ], [ -2.971365404773834, 53.395287570491881 ], [ -2.976197649548444, 53.397718388343485 ], [ -2.970450823839442, 53.401538318459444 ], [ -2.967382076368513, 53.400927876830281 ] ] ] } },
{ "type": "Feature", "properties": { "LSOA21CD": "E01006518", "LSOA21NM": "Liverpool 044A", "area_km2": 0.20862115999412534, "pm25_street_mean": 9.4615337090173703, "pm25_street_p25": 8.9748459089794057, "pm25_street_p75": 9.573882444687996, "pm10_street_mean": 18.605331487378532, "pm10_street_p25": 17.839726702199204, "pm10_street_p75": 18.831747137432764, "n_streets": 33, "PM2.5_lsoa_pred": 10.064637155997509, "PM10_lsoa_pred": 19.878791764657404, "PM2.5_final": 9.4615337090173703, "PM10_final": 18.605331487378532, "score_pm25": "B" }, "geometry": { "type": "Polygon", "coordinates": [ [ [ -2.968854926472242, 53.392908753004491 ], [ -2.967227828405889, 53.391339859958883 ], [ -2.969773841007703, 53.389019425274256 ], [ -2.973833693771105, 53.3883201541246 ], [ -2.974722013422127, 53.391626983832246 ], [ -2.974318378248805, 53.393919016852728 ], [ -2.968854926472242, 53.392908753004491 ] ] ] } },
{ "type": "Feature", "properties": { "LSOA21CD": "E01006519", "LSOA21NM": "Liverpool 056A", "area_km2": 0.40183573668774403, "pm25_street_mean": 9.7441937238900955, "pm25_street_p25": 9.3693260901229358, "pm25_street_p75": 10.177530283156999, "pm10_street_mean": 19.475034998415655, "pm10_street_p25": 18.880136339410114, "pm10_street_p75": 20.233915637997224, "n_streets": 23, "PM2.5_lsoa_pred": 9.9688583701908815, "PM10_lsoa_pred": 19.733838981933605, "PM2.5_final": 9.7441937238900955, "PM10_final": 19.475034998415655, "score_pm25": "B" }, "geometry": { "type": "Polygon", "coordinates": [ [ [ -2.930033260945294, 53.369763486291816 ], [ -2.926218372505587, 53.367735462603868 ], [ -2.918142003922008, 53.369379210510658 ], [ -2.91847755912968, 53.367847700079743 ], [ -2.930426954266604, 53.362004958825004 ], [ -2.932855293131144, 53.371189856547495 ], [ -2.930033260945294, 53.369763486291816 ] ] ] } },
{ "type": "Feature", "properties": { "LSOA21CD": "E01006520", "LSOA21NM": "Liverpool 043A", "area_km2": 0.32190423458689771, "pm25_street_mean": 9.9918680087555902, "pm25_street_p25": 8.7519548114806831, "pm25_street_p75": 10.809874623793096, "pm10_street_mean": 19.838951567645978, "pm10_street_p25": 17.767663240794413, "pm10_street_p75": 20.972484296567266, "n_streets": 16, "PM2.5_lsoa_pred": 10.008481375607593, "PM10_lsoa_pred": 19.793804921642096, "PM2.5_final": 9.9918680087555902, "PM10_final": 19.838951567645978, "score_pm25": "B" }, "geometry": { "type": "Polygon", "coordinates": [ [ [ -2.942401844999313, 53.388174673614181 ], [ -2.950640911375279, 53.379624798054415 ], [ -2.952163815805153, 53.380201987243545 ], [ -2.956020927732287, 53.381665039411011 ], [ -2.955310844922678, 53.382172833361572 ], [ -2.94797135413138, 53.387025792810697 ], [ -2.942746232222756, 53.388695486887599 ], [ -2.942401844999313, 53.388174673614181 ] ] ] } },
{ "type": "Feature", "properties": { "LSOA21CD": "E01006521", "LSOA21NM": "Liverpool 052A", "area_km2": 0.58759535368904892, "pm25_street_mean": 11.68934063757483, "pm25_street_p25": 11.40905823840745, "pm25_street_p75": 12.108384646561346, "pm10_street_mean": 22.836184474169304, "pm10_street_p25": 22.324400176819417, "pm10_street_p75": 23.505928909372816, "n_streets": 20, "PM2.5_lsoa_pred": 9.8767750974236215, "PM10_lsoa_pred": 19.594479033720464, "PM2.5_final": 11.68934063757483, "PM10_final": 22.836184474169304, "score_pm25": "C" }, "geometry": { "type": "Polygon", "coordinates": [ [ [ -2.932225702644057, 53.374524360814803 ], [ -2.933945693685547, 53.372857936295979 ], [ -2.938951606339639, 53.370539308949375 ], [ -2.940072287099026, 53.375415932866424 ], [ -2.940732148381435, 53.375765796343323 ], [ -2.942102688871554, 53.380640729588627 ], [ -2.939312978071781, 53.383030389809456 ], [ -2.930313503666565, 53.377105264063196 ], [ -2.932225702644057, 53.374524360814803 ] ] ] } },
{ "type": "Feature", "properties": { "LSOA21CD": "E01006522", "LSOA21NM": "Liverpool 048A", "area_km2": 0.39962171548239622, "pm25_street_mean": 10.329389197358696, "pm25_street_p25": 9.7531747250453567, "pm25_street_p75": 11.015823018229524, "pm10_street_mean": 20.336424909475838, "pm10_street_p25": 19.431770854069217, "pm10_street_p75": 21.412673978766755, "n_streets": 24, "PM2.5_lsoa_pred": 9.9699558870885561, "PM10_lsoa_pred": 19.735499977393765, "PM2.5_final": 10.329389197358696, "PM10_final": 20.336424909475838, "score_pm25": "C" }, "geometry": { "type": "Polygon", "coordinates": [ [ [ -2.939864228218227, 53.387835147643571 ], [ -2.939312978071781, 53.383030389809456 ], [ -2.942102688871554, 53.380640729588627 ], [ -2.948380853204712, 53.378766781487684 ], [ -2.948680460516184, 53.378881296061152 ], [ -2.950640911375279, 53.379624798054415 ], [ -2.942401844999313, 53.388174673614181 ], [ -2.939864228218227, 53.387835147643571 ] ] ] } },
{ "type": "Feature", "properties": { "LSOA21CD": "E01006523", "LSOA21NM": "Liverpool 052B", "area_km2": 0.12400364761985577, "pm25_street_mean": 10.714411421361405, "pm25_street_p25": 10.583539456199182, "pm25_street_p75": 10.847980760951586, "pm10_street_mean": 21.062858766158765, "pm10_street_p25": 20.875704065522392, "pm10_street_p75": 21.274541226455618, "n_streets": 7, "PM2.5_lsoa_pred": 10.106583072976829, "PM10_lsoa_pred": 19.942273227058998, "PM2.5_final": 10.714411421361405, "PM10_final": 21.062858766158765, "score_pm25": "C" }, "geometry": { "type": "Polygon", "coordinates": [ [ [ -2.940732148381435, 53.375765796343323 ], [ -2.945353729743839, 53.377535609623287 ], [ -2.948380853204712, 53.378766781487684 ], [ -2.942102688871554, 53.380640729588627 ], [ -2.940732148381435, 53.375765796343323 ] ] ] } },
{ "type": "Feature", "properties": { "LSOA21CD": "E01006524", "LSOA21NM": "Liverpool 048B", "area_km2": 0.41742701568352658, "pm25_street_mean": 10.586008457402546, "pm25_street_p25": 9.9629946214429292, "pm25_street_p75": 11.11332768740246, "pm10_street_mean": 21.058790373089057, "pm10_street_p25": 20.034799075370493, "pm10_street_p75": 21.91920155805262, "n_streets": 23, "PM2.5_lsoa_pred": 9.9611295859710633, "PM10_lsoa_pred": 19.722142145621685, "PM2.5_final": 10.586008457402546, "PM10_final": 21.058790373089057, "score_pm25": "C" }, "geometry": { "type": "Polygon", "coordinates": [ [ [ -2.915367704232064, 53.379189786638101 ], [ -2.925709453714221, 53.374928548207457 ], [ -2.925188444166658, 53.378411807561548 ], [ -2.930498894765267, 53.3787128374383 ], [ -2.927636210861448, 53.381283852020346 ], [ -2.922739094768077, 53.381517323958356 ], [ -2.918665124703482, 53.383113857738167 ], [ -2.915367704232064, 53.379189786638101 ] ] ] } },
{ "type": "Feature", "properties": { "LSOA21CD": "E01006525", "LSOA21NM": "Liverpool 049A", "area_km2": 0.4591438104965796, "pm25_street_mean": 11.808990435443002, "pm25_street_p25": 11.042424687986344, "pm25_street_p75": 12.29523107128384, "pm10_street_mean": 23.102294758529041, "pm10_street_p25": 21.658802874113356, "pm10_street_p75": 23.983841914125179, "n_streets": 22, "PM2.5_lsoa_pred": 9.9404500698428659, "PM10_lsoa_pred": 19.690845513670059, "PM2.5_final": 11.808990435443002, "PM10_final": 23.102294758529041, "score_pm25": "C" }, "geometry": { "type": "Polygon", "coordinates": [ [ [ -2.912320865260289, 53.374347999861762 ], [ -2.914234326134674, 53.37326862712446 ], [ -2.918911403030987, 53.371830071694589 ], [ -2.925931783174552, 53.371916770756314 ], [ -2.925709453714221, 53.374928548207457 ], [ -2.915367704232064, 53.379189786638101 ], [ -2.912320865260289, 53.374347999861762 ] ] ] } },
{ "type": "Feature", "properties": { "LSOA21CD": "E01006526", "LSOA21NM": "Liverpool 048C", "area_km2": 0.43521050535350492, "pm25_street_mean": 10.454545279996424, "pm25_street_p25": 9.9893683900415695, "pm25_street_p75": 11.005230962041493, "pm10_street_mean": 20.826591093703929, "pm10_street_p25": 20.09069829363656, "pm10_street_p75": 21.685849235279008, "n_streets": 21, "PM2.5_lsoa_pred": 9.9523140965957655, "PM10_lsoa_pred": 19.708800676472126, "PM2.5_final": 10.454545279996424, "PM10_final": 20.826591093703929, "score_pm25": "C" }, "geometry": { "type": "Polygon", "coordinates": [ [ [ -2.927636210861448, 53.381283852020346 ], [ -2.930498894765267, 53.3787128374383 ], [ -2.925188444166658, 53.378411807561548 ], [ -2.925709453714221, 53.374928548207457 ], [ -2.929492924704991, 53.373385394031672 ], [ -2.932225702644057, 53.374524360814803 ], [ -2.930313503666565, 53.377105264063196 ], [ -2.939312978071781, 53.383030389809456 ], [ -2.939864228218227, 53.387835147643571 ], [ -2.931461125950978, 53.380376427184665 ], [ -2.927636210861448, 53.381283852020346 ] ] ] } },
{ "type": "Feature", "properties": { "LSOA21CD": "E01006527", "LSOA21NM": "Liverpool 053A", "area_km2": 0.33947621214249263, "pm25_street_mean": 11.221769198682141, "pm25_street_p25": 10.804652191203338, "pm25_street_p75": 11.411247871122491, "pm10_street_mean": 21.962277786360747, "pm10_street_p25": 21.240092764499828, "pm10_street_p75": 22.260522328054535, "n_streets": 31, "PM2.5_lsoa_pred": 9.9997707353272531, "PM10_lsoa_pred": 19.780622132391766, "PM2.5_final": 11.221769198682141, "PM10_final": 21.962277786360747, "score_pm25": "C" }, "geometry": { "type": "Polygon", "coordinates": [ [ [ -2.918911403030987, 53.371830071694589 ], [ -2.918142003922008, 53.369379210510658 ], [ -2.926218372505587, 53.367735462603868 ], [ -2.930033260945294, 53.369763486291816 ], [ -2.929492924704991, 53.373385394031672 ], [ -2.925709453714221, 53.374928548207457 ], [ -2.925931783174552, 53.371916770756314 ], [ -2.918911403030987, 53.371830071694589 ] ] ] } },
{ "type": "Feature", "properties": { "LSOA21CD": "E01006528", "LSOA21NM": "Liverpool 052C", "area_km2": 0.87202782144209345, "pm25_street_mean": 11.017660008627363, "pm25_street_p25": 10.59428127405471, "pm25_street_p75": 11.473454516821622, "pm10_street_mean": 21.704325646777903, "pm10_street_p25": 21.017214750100038, "pm10_street_p75": 22.373148925986516, "n_streets": 31, "PM2.5_lsoa_pred": 9.7357785076654473, "PM10_lsoa_pred": 19.381093074941703, "PM2.5_final": 11.017660008627363, "PM10_final": 21.704325646777903, "score_pm25": "C" }, "geometry": { "type": "Polygon", "coordinates": [ [ [ -2.933945693685547, 53.372857936295979 ], [ -2.932855293131144, 53.371189856547495 ], [ -2.930426954266604, 53.362004958825004 ], [ -2.931712417990489, 53.361208308411122 ], [ -2.944769572467899, 53.366761470035321 ], [ -2.945736016003777, 53.367173467559311 ], [ -2.948827864481221, 53.368304168194378 ], [ -2.94379977663761, 53.371581050100914 ], [ -2.940072287099026, 53.375415932866424 ], [ -2.938951606339639, 53.370539308949375 ], [ -2.933945693685547, 53.372857936295979 ] ] ] } },
{ "type": "Feature", "properties": { "LSOA21CD": "E01006529", "LSOA21NM": "Liverpool 048D", "area_km2": 0.094412159078417823, "pm25_street_mean": 12.490329873577464, "pm25_street_p25": 11.158125895233971, "pm25_street_p75": 11.636135321126405, "pm10_street_mean": 24.191071653397028, "pm10_street_p25": 21.884066319905155, "pm10_street_p75": 22.669720568025856, "n_streets": 12, "PM2.5_lsoa_pred": 10.121251929184318, "PM10_lsoa_pred": 19.964473252970201, "PM2.5_final": 12.490329873577464, "PM10_final": 24.191071653397028, "score_pm25": "C" }, "geometry": { "type": "Polygon", "coordinates": [ [ [ -2.929492924704991, 53.373385394031672 ], [ -2.930033260945294, 53.369763486291816 ], [ -2.932855293131144, 53.371189856547495 ], [ -2.933945693685547, 53.372857936295979 ], [ -2.932225702644057, 53.374524360814803 ], [ -2.929492924704991, 53.373385394031672 ] ] ] } },
{ "type": "Feature", "properties": { "LSOA21CD": "E01006530", "LSOA21NM": "Liverpool 055A", "area_km2": 0.22217599523632217, "pm25_street_mean": 9.4322799973934899, "pm25_street_p25": 8.9828833194530642, "pm25_street_p75": 9.8219818052886829, "pm10_street_mean": 18.955799948569975, "pm10_street_p25": 18.250560998748067, "pm10_street_p75": 19.55304829311217, "n_streets": 13, "PM2.5_lsoa_pred": 10.05791786140016, "PM10_lsoa_pred": 19.868622702253614, "PM2.5_final": 9.4322799973934899, "PM10_final": 18.955799948569975, "score_pm25": "B" }, "geometry": { "type": "Polygon", "coordinates": [ [ [ -2.852918147849623, 53.367571117540315 ], [ -2.853351420995468, 53.366663997882988 ], [ -2.863311457049679, 53.371298870756547 ], [ -2.863487960024683, 53.372084137159305 ], [ -2.860345364349621, 53.370991487340483 ], [ -2.85754094305783, 53.37176476784223 ], [ -2.852425487411297, 53.372209973954654 ], [ -2.852918147849623, 53.367571117540315 ] ] ] } },
{ "type": "Feature", "properties": { "LSOA21CD": "E01006531", "LSOA21NM": "Liverpool 055B", "area_km2": 0.34639623032621492, "pm25_street_mean": 8.372612901532932, "pm25_street_p25": 7.3504087627157384, "pm25_street_p75": 9.103336795125772, "pm10_street_mean": 17.181754329156494, "pm10_street_p25": 15.553191494298751, "pm10_street_p75": 18.402612486144555, "n_streets": 17, "PM2.5_lsoa_pred": 9.9963403992173241, "PM10_lsoa_pred": 19.775430619880673, "PM2.5_final": 8.372612901532932, "PM10_final": 17.181754329156494, "score_pm25": "B" }, "geometry": { "type": "Polygon", "coordinates": [ [ [ -2.853351420995468, 53.366663997882988 ], [ -2.853596097333631, 53.36492436540555 ], [ -2.853355854520967, 53.363274037626802 ], [ -2.862126795168221, 53.360175991814494 ], [ -2.86249154976436, 53.360778219457949 ], [ -2.858498045891929, 53.363152242416668 ], [ -2.863311457049679, 53.371298870756547 ], [ -2.853351420995468, 53.366663997882988 ] ] ] } },
{ "type": "Feature", "properties": { "LSOA21CD": "E01006532", "LSOA21NM": "Liverpool 047A", "area_km2": 0.7387895939717124, "pm25_street_mean": 11.783739357605304, "pm25_street_p25": 9.9627011502519416, "pm25_street_p75": 11.950204563137239, "pm10_street_mean": 23.18435819073234, "pm10_street_p25": 20.036172738943449, "pm10_street_p75": 23.46419814983869, "n_streets": 24, "PM2.5_lsoa_pred": 9.801826296960229, "PM10_lsoa_pred": 19.481050604893717, "PM2.5_final": 11.783739357605304, "PM10_final": 23.18435819073234, "score_pm25": "C" }, "geometry": { "type": "Polygon", "coordinates": [ [ [ -2.882891097190615, 53.37776959133592 ], [ -2.87630890931314, 53.373018307501468 ], [ -2.893031970228717, 53.374873171094713 ], [ -2.889833986008431, 53.37069587671278 ], [ -2.896694258096256, 53.370525622418789 ], [ -2.898756128216782, 53.372710226159946 ], [ -2.892188504846155, 53.377095263423691 ], [ -2.891418199412396, 53.383090350812168 ], [ -2.882891097190615, 53.37776959133592 ] ] ] } },
{ "type": "Feature", "properties": { "LSOA21CD": "E01006533", "LSOA21NM": "Liverpool 055C", "area_km2": 0.92345457234261652, "pm25_street_mean": 9.0440926475772088, "pm25_street_p25": 7.6083739735970362, "pm25_street_p75": 8.7180052824179732, "pm10_street_mean": 18.453124183212889, "pm10_street_p25": 15.973578872745792, "pm10_street_p75": 17.914266330632898, "n_streets": 43, "PM2.5_lsoa_pred": 9.7102856497065861, "PM10_lsoa_pred": 19.342511872751686, "PM2.5_final": 9.0440926475772088, "PM10_final": 18.453124183212889, "score_pm25": "B" }, "geometry": { "type": "Polygon", "coordinates": [ [ [ -2.863487960024683, 53.372084137159305 ], [ -2.863311457049679, 53.371298870756547 ], [ -2.858498045891929, 53.363152242416668 ], [ -2.86249154976436, 53.360778219457949 ], [ -2.871830757312969, 53.363497179110794 ], [ -2.873947061321984, 53.371384025311073 ], [ -2.869539959764173, 53.373346459339835 ], [ -2.863487960024683, 53.372084137159305 ] ] ] } },
{ "type": "Feature", "properties": { "LSOA21CD": "E01006534", "LSOA21NM": "Liverpool 054A", "area_km2": 0.21719186547389358, "pm25_street_mean": 10.107189856832099, "pm25_street_p25": 9.6303357921096051, "pm25_street_p75": 9.9037928840000919, "pm10_street_mean": 20.055511877427826, "pm10_street_p25": 19.216983765186544, "pm10_street_p75": 19.613094372766252, "n_streets": 17, "PM2.5_lsoa_pred": 10.060388554373315, "PM10_lsoa_pred": 19.87236187913604, "PM2.5_final": 10.107189856832099, "PM10_final": 20.055511877427826, "score_pm25": "C" }, "geometry": { "type": "Polygon", "coordinates": [ [ [ -2.89108424336196, 53.364469847319064 ], [ -2.898600224349076, 53.365577010202564 ], [ -2.896694258096256, 53.370525622418789 ], [ -2.889833986008431, 53.37069587671278 ], [ -2.89450309331141, 53.365943988469773 ], [ -2.89108424336196, 53.364469847319064 ] ] ] } },
{ "type": "Feature", "properties": { "LSOA21CD": "E01006535", "LSOA21NM": "Liverpool 054B", "area_km2": 1.892580357599378, "pm25_street_mean": 12.531302607988458, "pm25_street_p25": 9.4056346340870203, "pm25_street_p75": 15.42188455363975, "pm10_street_mean": 24.448041896477189, "pm10_street_p25": 18.792565665311525, "pm10_street_p75": 29.507580913434559, "n_streets": 36, "PM2.5_lsoa_pred": 9.2298783605972616, "PM10_lsoa_pred": 18.615457621533828, "PM2.5_final": 12.531302607988458, "PM10_final": 24.448041896477189, "score_pm25": "C" }, "geometry": { "type": "Polygon", "coordinates": [ [ [ -2.87630890931314, 53.373018307501468 ], [ -2.873947061321984, 53.371384025311073 ], [ -2.871830757312969, 53.363497179110794 ], [ -2.873720308095798, 53.357704230888885 ], [ -2.88655140474365, 53.358877677402482 ], [ -2.884291934940279, 53.362938057561585 ], [ -2.89108424336196, 53.364469847319064 ], [ -2.89450309331141, 53.365943988469773 ], [ -2.889833986008431, 53.37069587671278 ], [ -2.893031970228717, 53.374873171094713 ], [ -2.87630890931314, 53.373018307501468 ] ] ] } },
{ "type": "Feature", "properties": { "LSOA21CD": "E01006536", "LSOA21NM": "Liverpool 054C", "area_km2": 0.67604286895877064, "pm25_street_mean": 9.5105938683004609, "pm25_street_p25": 8.8526840741580841, "pm25_street_p75": 9.9984064126947452, "pm10_street_mean": 19.079265165791835, "pm10_street_p25": 17.860207021308661, "pm10_street_p75": 20.086651853745295, "n_streets": 40, "PM2.5_lsoa_pred": 9.8329306020179761, "PM10_lsoa_pred": 19.528124239570118, "PM2.5_final": 9.5105938683004609, "PM10_final": 19.079265165791835, "score_pm25": "B" }, "geometry": { "type": "Polygon", "coordinates": [ [ [ -2.89108424336196, 53.364469847319064 ], [ -2.884291934940279, 53.362938057561585 ], [ -2.88655140474365, 53.358877677402482 ], [ -2.873720308095798, 53.357704230888885 ], [ -2.875754625483811, 53.353174206349372 ], [ -2.891280176850374, 53.359624503074521 ], [ -2.899380895075681, 53.36451068691526 ], [ -2.898600224349076, 53.365577010202564 ], [ -2.89108424336196, 53.364469847319064 ] ] ] } },
{ "type": "Feature", "properties": { "LSOA21CD": "E01006537", "LSOA21NM": "Liverpool 055D", "area_km2": 1.1079888021364204, "pm25_street_mean": 7.689228120521852, "pm25_street_p25": 7.1686118719690004, "pm25_street_p75": 8.3107233485123242, "pm10_street_mean": 15.7925892195989, "pm10_street_p25": 14.987028111200914, "pm10_street_p75": 16.849334094460879, "n_streets": 40, "PM2.5_lsoa_pred": 9.6188098160926536, "PM10_lsoa_pred": 19.204071230362576, "PM2.5_final": 7.689228120521852, "PM10_final": 15.7925892195989, "score_pm25": "B" }, "geometry": { "type": "Polygon", "coordinates": [ [ [ -2.86249154976436, 53.360778219457949 ], [ -2.862126795168221, 53.360175991814494 ], [ -2.856063071068853, 53.359212048157815 ], [ -2.852385799315926, 53.353815177578888 ], [ -2.862825829097336, 53.353504660873732 ], [ -2.875754625483811, 53.353174206349372 ], [ -2.873720308095798, 53.357704230888885 ], [ -2.871830757312969, 53.363497179110794 ], [ -2.86249154976436, 53.360778219457949 ] ] ] } },
{ "type": "Feature", "properties": { "LSOA21CD": "E01006538", "LSOA21NM": "Liverpool 055E", "area_km2": 0.42059379397398566, "pm25_street_mean": 8.1009931924238163, "pm25_street_p25": 7.1871337908396544, "pm25_street_p75": 8.5765634999852658, "pm10_street_mean": 16.495462811144606, "pm10_street_p25": 15.04747013181991, "pm10_street_p75": 17.277086910820419, "n_streets": 27, "PM2.5_lsoa_pred": 9.9595597759454986, "PM10_lsoa_pred": 19.719766375980875, "PM2.5_final": 8.1009931924238163, "PM10_final": 16.495462811144606, "score_pm25": "B" }, "geometry": { "type": "Polygon", "coordinates": [ [ [ -2.847015971809916, 53.354802639857986 ], [ -2.846310856016087, 53.353990875444339 ], [ -2.852385799315926, 53.353815177578888 ], [ -2.856063071068853, 53.359212048157815 ], [ -2.862126795168221, 53.360175991814494 ], [ -2.853355854520967, 53.363274037626802 ], [ -2.847015971809916, 53.354802639857986 ] ] ] } },
{ "type": "Feature", "properties": { "LSOA21CD": "E01006539", "LSOA21NM": "Liverpool 047B", "area_km2": 0.87612514834059263, "pm25_street_mean": 13.142329872526952, "pm25_street_p25": 10.464765770103895, "pm25_street_p75": 13.087972393826785, "pm10_street_mean": 25.400574944975592, "pm10_street_p25": 20.692303929131445, "pm10_street_p75": 25.283443392290266, "n_streets": 28, "PM2.5_lsoa_pred": 9.7337474135207582, "PM10_lsoa_pred": 19.378019192288384, "PM2.5_final": 13.142329872526952, "PM10_final": 25.400574944975592, "score_pm25": "C" }, "geometry": { "type": "Polygon", "coordinates": [ [ [ -2.892681600700233, 53.383857386549103 ], [ -2.891418199412396, 53.383090350812168 ], [ -2.892188504846155, 53.377095263423691 ], [ -2.898756128216782, 53.372710226159946 ], [ -2.901266230986476, 53.375219769560431 ], [ -2.903525772202662, 53.377262268731208 ], [ -2.907920338021177, 53.382849998039234 ], [ -2.905943651266063, 53.383778273763966 ], [ -2.892681600700233, 53.383857386549103 ] ] ] } },
{ "type": "Feature", "properties": { "LSOA21CD": "E01006540", "LSOA21NM": "Liverpool 024A", "area_km2": 0.15257674515971897, "pm25_street_mean": 9.3545971076000001, "pm25_street_p25": 9.01779027009853, "pm25_street_p75": 9.693501077324914, "pm10_street_mean": 18.41476215812137, "pm10_street_p25": 17.748883994342489, "pm10_street_p75": 19.143810128541645, "n_streets": 20, "PM2.5_lsoa_pred": 10.092419045417758, "PM10_lsoa_pred": 19.920837214982075, "PM2.5_final": 9.3545971076000001, "PM10_final": 18.41476215812137, "score_pm25": "B" }, "geometry": { "type": "Polygon", "coordinates": [ [ [ -2.947790653707682, 53.42124713712122 ], [ -2.949885440982139, 53.422801809408739 ], [ -2.950371941462955, 53.423079775398037 ], [ -2.944468316450553, 53.425246573534281 ], [ -2.940485508692774, 53.422506589118392 ], [ -2.947790653707682, 53.42124713712122 ] ] ] } },
{ "type": "Feature", "properties": { "LSOA21CD": "E01006541", "LSOA21NM": "Liverpool 015A", "area_km2": 0.66552866198237959, "pm25_street_mean": 9.8719556236174455, "pm25_street_p25": 9.5883957944199949, "pm25_street_p75": 9.9253762708422588, "pm10_street_mean": 19.57398523332186, "pm10_street_p25": 19.151103542502845, "pm10_street_p75": 19.65878498100875, "n_streets": 11, "PM2.5_lsoa_pred": 9.8381426206718015, "PM10_lsoa_pred": 19.536012172175628, "PM2.5_final": 9.8719556236174455, "PM10_final": 19.57398523332186, "score_pm25": "B" }, "geometry": { "type": "Polygon", "coordinates": [ [ [ -2.95527413851813, 53.441250219022848 ], [ -2.950777655987979, 53.439685956473852 ], [ -2.94530815088206, 53.437529252679141 ], [ -2.950972416284606, 53.438741090887213 ], [ -2.948769949779359, 53.434342203426333 ], [ -2.952858328680777, 53.433235008290929 ], [ -2.954602655687687, 53.432725588700862 ], [ -2.963595368100126, 53.43785670410977 ], [ -2.961969898015457, 53.441211589982281 ], [ -2.960684463166074, 53.442753369373783 ], [ -2.95527413851813, 53.441250219022848 ] ] ] } },
{ "type": "Feature", "properties": { "LSOA21CD": "E01006542", "LSOA21NM": "Liverpool 018A", "area_km2": 0.49845939536788386, "pm25_street_mean": 13.343912666568784, "pm25_street_p25": 10.211577366007321, "pm25_street_p75": 15.790388268810172, "pm10_street_mean": 25.567726989221125, "pm10_street_p25": 20.047070084275941, "pm10_street_p75": 29.763517833707198, "n_streets": 21, "PM2.5_lsoa_pred": 9.9209608623167593, "PM10_lsoa_pred": 19.6613503092759, "PM2.5_final": 13.343912666568784, "PM10_final": 25.567726989221125, "score_pm25": "C" }, "geometry": { "type": "Polygon", "coordinates": [ [ [ -2.954602655687687, 53.432725588700862 ], [ -2.95386420740983, 53.431728898244813 ], [ -2.960799449619252, 53.429681794244807 ], [ -2.963488606980628, 53.431318214713954 ], [ -2.969019286695744, 53.433251329572556 ], [ -2.967459417361264, 53.437139027375714 ], [ -2.963595368100126, 53.43785670410977 ], [ -2.954602655687687, 53.432725588700862 ] ] ] } },
{ "type": "Feature", "properties": { "LSOA21CD": "E01006543", "LSOA21NM": "Liverpool 015B", "area_km2": 0.15516153316288575, "pm25_street_mean": 12.023009175088781, "pm25_street_p25": 10.435334251861494, "pm25_street_p75": 13.067811853597686, "pm10_street_mean": 23.222422395450359, "pm10_street_p25": 20.449211528217766, "pm10_street_p75": 25.036143167272773, "n_streets": 18, "PM2.5_lsoa_pred": 10.0911377349662, "PM10_lsoa_pred": 19.918898064115606, "PM2.5_final": 12.023009175088781, "PM10_final": 23.222422395450359, "score_pm25": "C" }, "geometry": { "type": "Polygon", "coordinates": [ [ [ -2.94530815088206, 53.437529252679141 ], [ -2.943643833548424, 53.436508337033573 ], [ -2.942029821099915, 53.435236098264909 ], [ -2.942648053448762, 53.435023654369175 ], [ -2.948769949779359, 53.434342203426333 ], [ -2.950972416284606, 53.438741090887213 ], [ -2.94530815088206, 53.437529252679141 ] ] ] } },
{ "type": "Feature", "properties": { "LSOA21CD": "E01006544", "LSOA21NM": "Liverpool 015C", "area_km2": 0.20991950092046802, "pm25_street_mean": 10.63102480640338, "pm25_street_p25": 10.460454526178642, "pm25_street_p75": 10.810726241812119, "pm10_street_mean": 20.58999690741657, "pm10_street_p25": 20.269571711680619, "pm10_street_p75": 20.883698962881837, "n_streets": 27, "PM2.5_lsoa_pred": 10.063993552809716, "PM10_lsoa_pred": 19.877817727742496, "PM2.5_final": 10.63102480640338, "PM10_final": 20.58999690741657, "score_pm25": "C" }, "geometry": { "type": "Polygon", "coordinates": [ [ [ -2.947649506778555, 53.43071396340774 ], [ -2.950149583149888, 53.429006310307074 ], [ -2.951131080065523, 53.429598197834004 ], [ -2.952858328680777, 53.433235008290929 ], [ -2.948769949779359, 53.434342203426333 ], [ -2.942648053448762, 53.435023654369175 ], [ -2.947649506778555, 53.43071396340774 ] ] ] } },
{ "type": "Feature", "properties": { "LSOA21CD": "E01006545", "LSOA21NM": "Liverpool 019A", "area_km2": 0.070229973756482544, "pm25_street_mean": 10.413947667218208, "pm25_street_p25": 10.094842312817777, "pm25_street_p75": 10.540070521777647, "pm10_street_mean": 20.24219196168303, "pm10_street_p25": 19.704301209790216, "pm10_street_p75": 20.336298428604827, "n_streets": 9, "PM2.5_lsoa_pred": 10.133239328830456, "PM10_lsoa_pred": 19.982615129813766, "PM2.5_final": 10.413947667218208, "PM10_final": 20.24219196168303, "score_pm25": "C" }, "geometry": { "type": "Polygon", "coordinates": [ [ [ -2.951131080065523, 53.429598197834004 ], [ -2.951517513907261, 53.429473432288091 ], [ -2.955373015093702, 53.429147407534224 ], [ -2.95386420740983, 53.431728898244813 ], [ -2.954602655687687, 53.432725588700862 ], [ -2.952858328680777, 53.433235008290929 ], [ -2.951131080065523, 53.429598197834004 ] ] ] } },
{ "type": "Feature", "properties": { "LSOA21CD": "E01006546", "LSOA21NM": "Liverpool 019B", "area_km2": 0.15454830749915235, "pm25_street_mean": 10.487323851541639, "pm25_street_p25": 10.133485528688237, "pm25_street_p75": 10.6252896085606, "pm10_street_mean": 20.290314399581469, "pm10_street_p25": 19.722458982899926, "pm10_street_p75": 20.442225714746481, "n_streets": 20, "PM2.5_lsoa_pred": 10.091441718291387, "PM10_lsoa_pred": 19.919358116187851, "PM2.5_final": 10.487323851541639, "PM10_final": 20.290314399581469, "score_pm25": "C" }, "geometry": { "type": "Polygon", "coordinates": [ [ [ -2.951517513907261, 53.429473432288091 ], [ -2.952096478831451, 53.427242772379962 ], [ -2.958496341716504, 53.427887444764892 ], [ -2.960799449619252, 53.429681794244807 ], [ -2.95386420740983, 53.431728898244813 ], [ -2.955373015093702, 53.429147407534224 ], [ -2.951517513907261, 53.429473432288091 ] ] ] } },
{ "type": "Feature", "properties": { "LSOA21CD": "E01006547", "LSOA21NM": "Liverpool 019C", "area_km2": 0.13670114510895823, "pm25_street_mean": 10.297586413560101, "pm25_street_p25": 10.126081224790351, "pm25_street_p75": 10.521117786058458, "pm10_street_mean": 19.861535960601429, "pm10_street_p25": 19.567519944813505, "pm10_street_p75": 20.230430959967617, "n_streets": 20, "PM2.5_lsoa_pred": 10.100288770998684, "PM10_lsoa_pred": 19.932747353669061, "PM2.5_final": 10.297586413560101, "PM10_final": 19.861535960601429, "score_pm25": "C" }, "geometry": { "type": "Polygon", "coordinates": [ [ [ -2.950149583149888, 53.429006310307074 ], [ -2.949006544783619, 53.427109211201262 ], [ -2.954226559702588, 53.42455609002333 ], [ -2.954481908573429, 53.424651335729934 ], [ -2.958496341716504, 53.427887444764892 ], [ -2.952096478831451, 53.427242772379962 ], [ -2.951517513907261, 53.429473432288091 ], [ -2.951131080065523, 53.429598197834004 ], [ -2.950149583149888, 53.429006310307074 ] ] ] } },
{ "type": "Feature", "properties": { "LSOA21CD": "E01006548", "LSOA21NM": "Liverpool 019D", "area_km2": 0.14198512658735049, "pm25_street_mean": 9.2818534344004018, "pm25_street_p25": 9.1667346777396759, "pm25_street_p75": 9.4211714561869258, "pm10_street_mean": 18.201961913107048, "pm10_street_p25": 17.842802633241529, "pm10_street_p75": 18.513626878307072, "n_streets": 25, "PM2.5_lsoa_pred": 10.097669437929277, "PM10_lsoa_pred": 19.928783223051894, "PM2.5_final": 9.2818534344004018, "PM10_final": 18.201961913107048, "score_pm25": "B" }, "geometry": { "type": "Polygon", "coordinates": [ [ [ -2.946970780642095, 53.426279865992711 ], [ -2.944540417166945, 53.425277104697912 ], [ -2.944468316450553, 53.425246573534281 ], [ -2.950371941462955, 53.423079775398037 ], [ -2.954226559702588, 53.42455609002333 ], [ -2.949006544783619, 53.427109211201262 ], [ -2.946970780642095, 53.426279865992711 ] ] ] } },
{ "type": "Feature", "properties": { "LSOA21CD": "E01006549", "LSOA21NM": "Liverpool 043B", "area_km2": 0.2320209460970519, "pm25_street_mean": 7.0451729798208378, "pm25_street_p25": 6.9430096373922385, "pm25_street_p75": 7.1178099524539942, "pm10_street_mean": 14.987491131233128, "pm10_street_p25": 14.834445144077533, "pm10_street_p75": 15.100039593065457, "n_streets": 15, "PM2.5_lsoa_pred": 10.05303760103936, "PM10_lsoa_pred": 19.861236856695466, "PM2.5_final": 7.0451729798208378, "PM10_final": 14.987491131233128, "score_pm25": "B" }, "geometry": { "type": "Polygon", "coordinates": [ [ [ -2.939973050034371, 53.39332650799804 ], [ -2.939055141726728, 53.392604381351752 ], [ -2.941222690731557, 53.389490122554065 ], [ -2.942746232222756, 53.388695486887599 ], [ -2.94797135413138, 53.387025792810697 ], [ -2.949400718535957, 53.390399752245408 ], [ -2.944987890338835, 53.389960991915849 ], [ -2.943643206169411, 53.393840354032626 ], [ -2.939973050034371, 53.39332650799804 ] ] ] } },
{ "type": "Feature", "properties": { "LSOA21CD": "E01006550", "LSOA21NM": "Liverpool 038A", "area_km2": 0.085616915263777654, "pm25_street_mean": 10.179477761152771, "pm25_street_p25": 9.8072261357503283, "pm25_street_p75": 10.276226463474154, "pm10_street_mean": 20.114069744563949, "pm10_street_p25": 19.457014353075817, "pm10_street_p75": 20.257218309889904, "n_streets": 8, "PM2.5_lsoa_pred": 10.125611837157386, "PM10_lsoa_pred": 19.971071590877639, "PM2.5_final": 10.179477761152771, "PM10_final": 20.114069744563949, "score_pm25": "C" }, "geometry": { "type": "Polygon", "coordinates": [ [ [ -2.924463649218429, 53.39001435047286 ], [ -2.928400267948078, 53.388082064734746 ], [ -2.930044988709789, 53.390303095136865 ], [ -2.931095110983291, 53.39087918726748 ], [ -2.926750883633452, 53.391565357718228 ], [ -2.924463649218429, 53.39001435047286 ] ] ] } },
{ "type": "Feature", "properties": { "LSOA21CD": "E01006551", "LSOA21NM": "Liverpool 048E", "area_km2": 0.74082408020046542, "pm25_street_mean": 9.2335650394256099, "pm25_street_p25": 8.378662555617252, "pm25_street_p75": 9.5816573837542656, "pm10_street_mean": 18.766138834450459, "pm10_street_p25": 17.473206894582074, "pm10_street_p75": 19.112899839514942, "n_streets": 16, "PM2.5_lsoa_pred": 9.8008177777063246, "PM10_lsoa_pred": 19.479524299553212, "PM2.5_final": 9.2335650394256099, "PM10_final": 18.766138834450459, "score_pm25": "B" }, "geometry": { "type": "Polygon", "coordinates": [ [ [ -2.928400267948078, 53.388082064734746 ], [ -2.925660187222252, 53.385291533401613 ], [ -2.922739094768077, 53.381517323958356 ], [ -2.927636210861448, 53.381283852020346 ], [ -2.931461125950978, 53.380376427184665 ], [ -2.939864228218227, 53.387835147643571 ], [ -2.942401844999313, 53.388174673614181 ], [ -2.942746232222756, 53.388695486887599 ], [ -2.941222690731557, 53.389490122554065 ], [ -2.930044988709789, 53.390303095136865 ], [ -2.928400267948078, 53.388082064734746 ] ] ] } },
{ "type": "Feature", "properties": { "LSOA21CD": "E01006552", "LSOA21NM": "Liverpool 039A", "area_km2": 0.1586474438589873, "pm25_street_mean": 8.5515446745612849, "pm25_street_p25": 7.7462616257551096, "pm25_street_p75": 9.0855890493998146, "pm10_street_mean": 17.315931059688612, "pm10_street_p25": 15.846131269427742, "pm10_street_p75": 18.177110651907441, "n_streets": 17, "PM2.5_lsoa_pred": 10.089409727174985, "PM10_lsoa_pred": 19.916282876046601, "PM2.5_final": 8.5515446745612849, "PM10_final": 17.315931059688612, "score_pm25": "B" }, "geometry": { "type": "Polygon", "coordinates": [ [ [ -2.943643206169411, 53.393840354032626 ], [ -2.944987890338835, 53.389960991915849 ], [ -2.949400718535957, 53.390399752245408 ], [ -2.949383195385964, 53.391542572899681 ], [ -2.949403564816606, 53.394784149058083 ], [ -2.943643206169411, 53.393840354032626 ] ] ] } },
{ "type": "Feature", "properties": { "LSOA21CD": "E01006553", "LSOA21NM": "Liverpool 042A", "area_km2": 0.13212132891693745, "pm25_street_mean": 12.453893247606112, "pm25_street_p25": 10.705500270765231, "pm25_street_p75": 13.099959470972001, "pm10_street_mean": 24.097564531028066, "pm10_street_p25": 21.053714523780478, "pm10_street_p75": 25.296937787961326, "n_streets": 12, "PM2.5_lsoa_pred": 10.102559040879951, "PM10_lsoa_pred": 19.936183207799516, "PM2.5_final": 12.453893247606112, "PM10_final": 24.097564531028066, "score_pm25": "C" }, "geometry": { "type": "Polygon", "coordinates": [ [ [ -2.921691680990064, 53.389869124721017 ], [ -2.917475894809825, 53.387854588485702 ], [ -2.922213351234424, 53.388988333252506 ], [ -2.925660187222252, 53.385291533401613 ], [ -2.928400267948078, 53.388082064734746 ], [ -2.924463649218429, 53.39001435047286 ], [ -2.923271621006746, 53.390057357469708 ], [ -2.921691680990064, 53.389869124721017 ] ] ] } },
{ "type": "Feature", "properties": { "LSOA21CD": "E01006554", "LSOA21NM": "Liverpool 048F", "area_km2": 0.13252984201501108, "pm25_street_mean": 8.2170911983534971, "pm25_street_p25": 7.3291949636641069, "pm25_street_p75": 9.136535018236442, "pm10_street_mean": 16.894976975165726, "pm10_street_p25": 15.482256780860158, "pm10_street_p75": 18.351385085929479, "n_streets": 10, "PM2.5_lsoa_pred": 10.10235653603177, "PM10_lsoa_pred": 19.935876734492179, "PM2.5_final": 8.2170911983534971, "PM10_final": 16.894976975165726, "score_pm25": "B" }, "geometry": { "type": "Polygon", "coordinates": [ [ [ -2.931095110983291, 53.39087918726748 ], [ -2.930044988709789, 53.390303095136865 ], [ -2.941222690731557, 53.389490122554065 ], [ -2.939055141726728, 53.392604381351752 ], [ -2.931095110983291, 53.39087918726748 ] ] ] } },
{ "type": "Feature", "properties": { "LSOA21CD": "E01006556", "LSOA21NM": "Liverpool 039B", "area_km2": 0.23217697155461256, "pm25_street_mean": 9.4914703944915555, "pm25_street_p25": 8.5725853054304011, "pm25_street_p75": 10.537727343677295, "pm10_street_mean": 18.802251258428797, "pm10_street_p25": 17.199010732392118, "pm10_street_p75": 20.598306659281199, "n_streets": 18, "PM2.5_lsoa_pred": 10.052960257346477, "PM10_lsoa_pred": 19.861119803807242, "PM2.5_final": 9.4914703944915555, "PM10_final": 18.802251258428797, "score_pm25": "B" }, "geometry": { "type": "Polygon", "coordinates": [ [ [ -2.94139550206917, 53.395937512512468 ], [ -2.938816761574985, 53.395199522232417 ], [ -2.937324511873251, 53.394689506251808 ], [ -2.939973050034371, 53.39332650799804 ], [ -2.943643206169411, 53.393840354032626 ], [ -2.949403564816606, 53.394784149058083 ], [ -2.949492156442817, 53.395252899728149 ], [ -2.94974913130432, 53.398539064325277 ], [ -2.94139550206917, 53.395937512512468 ] ] ] } },
{ "type": "Feature", "properties": { "LSOA21CD": "E01006557", "LSOA21NM": "Liverpool 038B", "area_km2": 0.1982663990387584, "pm25_street_mean": 9.8636022112381827, "pm25_street_p25": 9.6698873812336714, "pm25_street_p75": 10.055918441556344, "pm10_street_mean": 19.482236299596359, "pm10_street_p25": 19.091887649846186, "pm10_street_p75": 19.728647767377019, "n_streets": 13, "PM2.5_lsoa_pred": 10.06977013534407, "PM10_lsoa_pred": 19.8865600782112, "PM2.5_final": 9.8636022112381827, "PM10_final": 19.482236299596359, "score_pm25": "B" }, "geometry": { "type": "Polygon", "coordinates": [ [ [ -2.932061989277833, 53.394082002634178 ], [ -2.926750883633452, 53.391565357718228 ], [ -2.931095110983291, 53.39087918726748 ], [ -2.939055141726728, 53.392604381351752 ], [ -2.939973050034371, 53.39332650799804 ], [ -2.937324511873251, 53.394689506251808 ], [ -2.932061989277833, 53.394082002634178 ] ] ] } },
{ "type": "Feature", "properties": { "LSOA21CD": "E01006558", "LSOA21NM": "Liverpool 018B", "area_km2": 0.11849200049588936, "pm25_street_mean": 11.609259606758371, "pm25_street_p25": 10.839921830688676, "pm25_street_p75": 12.155184428147207, "pm10_street_mean": 22.416001864215172, "pm10_street_p25": 21.06503650421471, "pm10_street_p75": 23.286636125863112, "n_streets": 28, "PM2.5_lsoa_pred": 10.109315262640578, "PM10_lsoa_pred": 19.946408156222635, "PM2.5_final": 11.609259606758371, "PM10_final": 22.416001864215172, "score_pm25": "C" }, "geometry": { "type": "Polygon", "coordinates": [ [ [ -2.963488606980628, 53.431318214713954 ], [ -2.967270611230007, 53.429108149788121 ], [ -2.971235032139763, 53.431339919543561 ], [ -2.969019286695744, 53.433251329572556 ], [ -2.963488606980628, 53.431318214713954 ] ] ] } },
{ "type": "Feature", "properties": { "LSOA21CD": "E01006560", "LSOA21NM": "Liverpool 023A", "area_km2": 0.30604777299304037, "pm25_street_mean": 11.382809429805047, "pm25_street_p25": 10.261202630813083, "pm25_street_p75": 12.396495355497654, "pm10_street_mean": 22.097369862841092, "pm10_street_p25": 20.250054507084386, "pm10_street_p75": 23.749557425179034, "n_streets": 44, "PM2.5_lsoa_pred": 10.016341614025615, "PM10_lsoa_pred": 19.805700702341017, "PM2.5_final": 11.382809429805047, "PM10_final": 22.097369862841092, "score_pm25": "C" }, "geometry": { "type": "Polygon", "coordinates": [ [ [ -2.967270611230007, 53.429108149788121 ], [ -2.969571946446279, 53.427112775423616 ], [ -2.964184488525894, 53.425679238525902 ], [ -2.963799159139048, 53.424820815905804 ], [ -2.970746590662645, 53.42535662722856 ], [ -2.975585461411641, 53.427015209353975 ], [ -2.976037746285774, 53.430430725419157 ], [ -2.971235032139763, 53.431339919543561 ], [ -2.967270611230007, 53.429108149788121 ] ] ] } },
{ "type": "Feature", "properties": { "LSOA21CD": "E01006562", "LSOA21NM": "Liverpool 018E", "area_km2": 0.16883592475845291, "pm25_street_mean": 11.816440743229728, "pm25_street_p25": 10.600085132739256, "pm25_street_p75": 12.65846938057628, "pm10_street_mean": 22.585404325238947, "pm10_street_p25": 20.375360936875524, "pm10_street_p75": 24.1219429381621, "n_streets": 21, "PM2.5_lsoa_pred": 10.08435917484884, "PM10_lsoa_pred": 19.908639308550928, "PM2.5_final": 11.816440743229728, "PM10_final": 22.585404325238947, "score_pm25": "C" }, "geometry": { "type": "Polygon", "coordinates": [ [ [ -2.954481908573429, 53.424651335729934 ], [ -2.96194129286928, 53.423663757618932 ], [ -2.963799159139048, 53.424820815905804 ], [ -2.964184488525894, 53.425679238525902 ], [ -2.958496341716504, 53.427887444764892 ], [ -2.954481908573429, 53.424651335729934 ] ] ] } },
{ "type": "Feature", "properties": { "LSOA21CD": "E01006563", "LSOA21NM": "Liverpool 024B", "area_km2": 0.28843906375821349, "pm25_street_mean": 9.7474851339242541, "pm25_street_p25": 9.4311550237557658, "pm25_street_p75": 9.8108376666553845, "pm10_street_mean": 18.973788437608487, "pm10_street_p25": 18.278207116953038, "pm10_street_p75": 19.193101218758454, "n_streets": 48, "PM2.5_lsoa_pred": 10.025070462640429, "PM10_lsoa_pred": 19.818911048306838, "PM2.5_final": 9.7474851339242541, "PM10_final": 18.973788437608487, "score_pm25": "B" }, "geometry": { "type": "Polygon", "coordinates": [ [ [ -2.954226559702588, 53.42455609002333 ], [ -2.950371941462955, 53.423079775398037 ], [ -2.949885440982139, 53.422801809408739 ], [ -2.957174323820008, 53.420238280578388 ], [ -2.962957687907435, 53.419756561415433 ], [ -2.96194129286928, 53.423663757618932 ], [ -2.954481908573429, 53.424651335729934 ], [ -2.954226559702588, 53.42455609002333 ] ] ] } },
{ "type": "Feature", "properties": { "LSOA21CD": "E01006564", "LSOA21NM": "Liverpool 023B", "area_km2": 0.30233092846097936, "pm25_street_mean": 12.109697365569756, "pm25_street_p25": 10.005828285254152, "pm25_street_p75": 13.465266991847317, "pm10_street_mean": 23.440049365553346, "pm10_street_p25": 19.80563102037754, "pm10_street_p75": 25.867169179893089, "n_streets": 57, "PM2.5_lsoa_pred": 10.018184098492393, "PM10_lsoa_pred": 19.808489140807172, "PM2.5_final": 12.109697365569756, "PM10_final": 23.440049365553346, "score_pm25": "C" }, "geometry": { "type": "Polygon", "coordinates": [ [ [ -2.963799159139048, 53.424820815905804 ], [ -2.96194129286928, 53.423663757618932 ], [ -2.962957687907435, 53.419756561415433 ], [ -2.962980557453833, 53.419608653480132 ], [ -2.967095165794222, 53.417847334633869 ], [ -2.970746590662645, 53.42535662722856 ], [ -2.963799159139048, 53.424820815905804 ] ] ] } },
{ "type": "Feature", "properties": { "LSOA21CD": "E01006565", "LSOA21NM": "Liverpool 029A", "area_km2": 0.20925333922355285, "pm25_street_mean": 9.723865893042273, "pm25_street_p25": 8.5067799171927163, "pm25_street_p75": 10.853397659330565, "pm10_street_mean": 19.363855657114105, "pm10_street_p25": 17.371342731272343, "pm10_street_p75": 21.343239426594472, "n_streets": 22, "PM2.5_lsoa_pred": 10.064323777162212, "PM10_lsoa_pred": 19.878317493305552, "PM2.5_final": 9.723865893042273, "PM10_final": 19.363855657114105, "score_pm25": "B" }, "geometry": { "type": "Polygon", "coordinates": [ [ [ -2.905232355733022, 53.410865202002277 ], [ -2.909064456907409, 53.411109983265462 ], [ -2.907665510141284, 53.414803041075821 ], [ -2.90766804950616, 53.41486193835582 ], [ -2.903778577200939, 53.413445952169866 ], [ -2.900964261984398, 53.416214631480152 ], [ -2.897786066581765, 53.413959467292472 ], [ -2.905232355733022, 53.410865202002277 ] ] ] } },
{ "type": "Feature", "properties": { "LSOA21CD": "E01006566", "LSOA21NM": "Liverpool 032A", "area_km2": 0.17554520632780529, "pm25_street_mean": 8.9874628668703291, "pm25_street_p25": 8.7577672613702262, "pm25_street_p75": 9.0019158787552591, "pm10_street_mean": 18.05570707322374, "pm10_street_p25": 17.665635071346994, "pm10_street_p75": 18.066214840662624, "n_streets": 20, "PM2.5_lsoa_pred": 10.081033303409201, "PM10_lsoa_pred": 19.903605894146086, "PM2.5_final": 8.9874628668703291, "PM10_final": 18.05570707322374, "score_pm25": "B" }, "geometry": { "type": "Polygon", "coordinates": [ [ [ -2.905232355733022, 53.410865202002277 ], [ -2.903940082381087, 53.407820073759282 ], [ -2.909472005133615, 53.4078466971918 ], [ -2.914358929759597, 53.409470007801787 ], [ -2.91437156972072, 53.409738741210298 ], [ -2.909064456907409, 53.411109983265462 ], [ -2.905232355733022, 53.410865202002277 ] ] ] } },
{ "type": "Feature", "properties": { "LSOA21CD": "E01006567", "LSOA21NM": "Liverpool 026A", "area_km2": 0.65707064916053171, "pm25_street_mean": 9.1512414620898284, "pm25_street_p25": 8.0882329410625733, "pm25_street_p75": 10.075197615679498, "pm10_street_mean": 18.529147716552387, "pm10_street_p25": 16.721341158030867, "pm10_street_p75": 20.060720294687243, "n_streets": 19, "PM2.5_lsoa_pred": 9.8423353591922407, "PM10_lsoa_pred": 19.542357513794364, "PM2.5_final": 9.1512414620898284, "PM10_final": 18.529147716552387, "score_pm25": "B" }, "geometry": { "type": "Polygon", "coordinates": [ [ [ -2.888644013203951, 53.414028691699464 ], [ -2.892363713517536, 53.410954455530451 ], [ -2.901584617258648, 53.407269852529254 ], [ -2.903940082381087, 53.407820073759282 ], [ -2.905232355733022, 53.410865202002277 ], [ -2.897786066581765, 53.413959467292472 ], [ -2.900964261984398, 53.416214631480152 ], [ -2.9001408262736, 53.416860767961609 ], [ -2.893334490451395, 53.417535769530375 ], [ -2.888644013203951, 53.414028691699464 ] ] ] } },
{ "type": "Feature", "properties": { "LSOA21CD": "E01006568", "LSOA21NM": "Liverpool 026B", "area_km2": 0.31903556028203872, "pm25_street_mean": 12.260797624368211, "pm25_street_p25": 11.341308609294572, "pm25_street_p75": 13.114714538901357, "pm10_street_mean": 23.714693021998283, "pm10_street_p25": 22.085823044720858, "pm10_street_p75": 25.239365917623275, "n_streets": 27, "PM2.5_lsoa_pred": 10.009903411907834, "PM10_lsoa_pred": 19.7959570487245, "PM2.5_final": 12.260797624368211, "PM10_final": 23.714693021998283, "score_pm25": "C" }, "geometry": { "type": "Polygon", "coordinates": [ [ [ -2.878300630275766, 53.424627264074701 ], [ -2.877970387341095, 53.424466932194136 ], [ -2.884294606586518, 53.42033212288267 ], [ -2.884932812018175, 53.420403035415738 ], [ -2.890281225636304, 53.424235733727535 ], [ -2.890032903367994, 53.424800073854982 ], [ -2.886267068956898, 53.42696734577806 ], [ -2.878300630275766, 53.424627264074701 ] ] ] } },
{ "type": "Feature", "properties": { "LSOA21CD": "E01006569", "LSOA21NM": "Liverpool 029B", "area_km2": 0.39269840732454525, "pm25_street_mean": 10.182743837792017, "pm25_street_p25": 9.0018102826491759, "pm25_street_p75": 10.388053461135719, "pm10_street_mean": 20.115184902088327, "pm10_street_p25": 18.121128553902892, "pm10_street_p75": 20.251555432006761, "n_streets": 17, "PM2.5_lsoa_pred": 9.9733878540781671, "PM10_lsoa_pred": 19.740693958098056, "PM2.5_final": 10.182743837792017, "PM10_final": 20.115184902088327, "score_pm25": "C" }, "geometry": { "type": "Polygon", "coordinates": [ [ [ -2.9001408262736, 53.416860767961609 ], [ -2.900964261984398, 53.416214631480152 ], [ -2.903778577200939, 53.413445952169866 ], [ -2.90766804950616, 53.41486193835582 ], [ -2.907512447501989, 53.418021586530955 ], [ -2.907901345097682, 53.419243334374904 ], [ -2.899220724121042, 53.421481811851592 ], [ -2.895587532272557, 53.419996162222425 ], [ -2.9001408262736, 53.416860767961609 ] ] ] } },
{ "type": "Feature", "properties": { "LSOA21CD": "E01006570", "LSOA21NM": "Liverpool 026C", "area_km2": 0.41251286812458643, "pm25_street_mean": 10.289730069120633, "pm25_street_p25": 9.5486674179039834, "pm25_street_p75": 10.555067497868025, "pm10_street_mean": 20.416101779308235, "pm10_street_p25": 19.154423908238762, "pm10_street_p75": 20.810979706510185, "n_streets": 33, "PM2.5_lsoa_pred": 9.9635655879255953, "PM10_lsoa_pred": 19.725828820693376, "PM2.5_final": 10.289730069120633, "PM10_final": 20.416101779308235, "score_pm25": "C" }, "geometry": { "type": "Polygon", "coordinates": [ [ [ -2.884932812018175, 53.420403035415738 ], [ -2.893334490451395, 53.417535769530375 ], [ -2.9001408262736, 53.416860767961609 ], [ -2.895587532272557, 53.419996162222425 ], [ -2.899220724121042, 53.421481811851592 ], [ -2.898813612482501, 53.421593480460167 ], [ -2.890281225636304, 53.424235733727535 ], [ -2.884932812018175, 53.420403035415738 ] ] ] } },
{ "type": "Feature", "properties": { "LSOA21CD": "E01006571", "LSOA21NM": "Liverpool 026D", "area_km2": 0.46916323465976401, "pm25_street_mean": 11.469009215153427, "pm25_street_p25": 9.3030885628572619, "pm25_street_p75": 12.607573853451076, "pm10_street_mean": 22.456547299005152, "pm10_street_p25": 18.743700604523085, "pm10_street_p75": 24.43593608713396, "n_streets": 22, "PM2.5_lsoa_pred": 9.9354833209709472, "PM10_lsoa_pred": 19.683328775344219, "PM2.5_final": 11.469009215153427, "PM10_final": 22.456547299005152, "score_pm25": "C" }, "geometry": { "type": "Polygon", "coordinates": [ [ [ -2.884294606586518, 53.42033212288267 ], [ -2.876952725181184, 53.42000176259225 ], [ -2.876179158010567, 53.419442017481757 ], [ -2.880469069839618, 53.415755791836325 ], [ -2.880832910201012, 53.415918948552189 ], [ -2.888644013203951, 53.414028691699464 ], [ -2.893334490451395, 53.417535769530375 ], [ -2.884932812018175, 53.420403035415738 ], [ -2.884294606586518, 53.42033212288267 ] ] ] } },
{ "type": "Feature", "properties": { "LSOA21CD": "E01006572", "LSOA21NM": "Liverpool 025A", "area_km2": 0.16393754017297235, "pm25_street_mean": 10.83378708308843, "pm25_street_p25": 10.366290228101024, "pm25_street_p75": 11.370112377472747, "pm10_street_mean": 21.170039780484665, "pm10_street_p25": 20.413902466775482, "pm10_street_p75": 22.028627764445272, "n_streets": 12, "PM2.5_lsoa_pred": 10.086787362908147, "PM10_lsoa_pred": 19.912314157978273, "PM2.5_final": 10.83378708308843, "PM10_final": 21.170039780484665, "score_pm25": "C" }, "geometry": { "type": "Polygon", "coordinates": [ [ [ -2.870465292758346, 53.417551057550341 ], [ -2.875889204590064, 53.415796400726578 ], [ -2.876411171593599, 53.417854105672127 ], [ -2.875857504669807, 53.414002272507609 ], [ -2.880469069839618, 53.415755791836325 ], [ -2.876179158010567, 53.419442017481757 ], [ -2.870465292758346, 53.417551057550341 ] ] ] } },
{ "type": "Feature", "properties": { "LSOA21CD": "E01006573", "LSOA21NM": "Liverpool 029C", "area_km2": 0.11559084102218585, "pm25_street_mean": 10.818985179712767, "pm25_street_p25": 10.091948169630841, "pm25_street_p75": 11.376091768729868, "pm10_street_mean": 21.090039848319538, "pm10_street_p25": 19.804443150368197, "pm10_street_p75": 22.076009310247429, "n_streets": 15, "PM2.5_lsoa_pred": 10.110753402229101, "PM10_lsoa_pred": 19.948584654217949, "PM2.5_final": 10.818985179712767, "PM10_final": 21.090039848319538, "score_pm25": "C" }, "geometry": { "type": "Polygon", "coordinates": [ [ [ -2.909064456907409, 53.411109983265462 ], [ -2.91437156972072, 53.409738741210298 ], [ -2.914393085428671, 53.41019609203866 ], [ -2.911487968587191, 53.413731552693299 ], [ -2.907665510141284, 53.414803041075821 ], [ -2.909064456907409, 53.411109983265462 ] ] ] } },
{ "type": "Feature", "properties": { "LSOA21CD": "E01006574", "LSOA21NM": "Liverpool 025B", "area_km2": 0.18147461148359578, "pm25_street_mean": 10.667540875662917, "pm25_street_p25": 9.0755955764259202, "pm25_street_p75": 12.394842850728086, "pm10_street_mean": 21.119829616241596, "pm10_street_p25": 18.404644562445199, "pm10_street_p75": 24.004419996145526, "n_streets": 14, "PM2.5_lsoa_pred": 10.078094026072597, "PM10_lsoa_pred": 19.899157555972348, "PM2.5_final": 10.667540875662917, "PM10_final": 21.119829616241596, "score_pm25": "C" }, "geometry": { "type": "Polygon", "coordinates": [ [ [ -2.870465292758346, 53.417551057550341 ], [ -2.867464542077045, 53.416786573040106 ], [ -2.868714617399859, 53.415553176221081 ], [ -2.869406973105099, 53.414516552760333 ], [ -2.872303241788027, 53.412673159016613 ], [ -2.875086768457451, 53.41370109931804 ], [ -2.875857504669807, 53.414002272507609 ], [ -2.876411171593599, 53.417854105672127 ], [ -2.875889204590064, 53.415796400726578 ], [ -2.870465292758346, 53.417551057550341 ] ] ] } },
{ "type": "Feature", "properties": { "LSOA21CD": "E01006575", "LSOA21NM": "Liverpool 034A", "area_km2": 0.23220508064951825, "pm25_street_mean": 8.7355474511418425, "pm25_street_p25": 8.3858909277438425, "pm25_street_p75": 8.66630240107167, "pm10_street_mean": 17.607453003613124, "pm10_street_p25": 16.988822661921201, "pm10_street_p75": 17.480972075962299, "n_streets": 20, "PM2.5_lsoa_pred": 10.052946323330596, "PM10_lsoa_pred": 19.861098715897644, "PM2.5_final": 8.7355474511418425, "PM10_final": 17.607453003613124, "score_pm25": "B" }, "geometry": { "type": "Polygon", "coordinates": [ [ [ -2.903940082381087, 53.407820073759282 ], [ -2.901584617258648, 53.407269852529254 ], [ -2.900087245079913, 53.40648802803257 ], [ -2.899473981465378, 53.403628895591439 ], [ -2.899451622157814, 53.403454581087246 ], [ -2.906423662714779, 53.40259164539826 ], [ -2.908151921315204, 53.403925049200907 ], [ -2.904446424530152, 53.406123535669153 ], [ -2.909472005133615, 53.4078466971918 ], [ -2.903940082381087, 53.407820073759282 ] ] ] } },
{ "type": "Feature", "properties": { "LSOA21CD": "E01006576", "LSOA21NM": "Liverpool 034B", "area_km2": 0.36634096694120227, "pm25_street_mean": 7.9257749377278151, "pm25_street_p25": 7.1202065373769248, "pm25_street_p75": 8.5515667707657954, "pm10_street_mean": 16.257289473239407, "pm10_street_p25": 14.873616414913833, "pm10_street_p75": 17.343165735819802, "n_streets": 48, "PM2.5_lsoa_pred": 9.9864535537789205, "PM10_lsoa_pred": 19.760467747397094, "PM2.5_final": 7.9257749377278151, "PM10_final": 16.257289473239407, "score_pm25": "B" }, "geometry": { "type": "Polygon", "coordinates": [ [ [ -2.890040741100819, 53.405752055196039 ], [ -2.889718882192905, 53.405265631178374 ], [ -2.887711218088588, 53.401591240720713 ], [ -2.892702311536119, 53.402123080156365 ], [ -2.899473981465378, 53.403628895591439 ], [ -2.900087245079913, 53.40648802803257 ], [ -2.892661556754906, 53.408179757824698 ], [ -2.890040741100819, 53.405752055196039 ] ] ] } },
{ "type": "Feature", "properties": { "LSOA21CD": "E01006577", "LSOA21NM": "Liverpool 034C", "area_km2": 0.37044874191664806, "pm25_street_mean": 7.8532562511994923, "pm25_street_p25": 7.1784480579659231, "pm25_street_p75": 8.1518362030988847, "pm10_street_mean": 16.233231914358029, "pm10_street_p25": 15.144919666743057, "pm10_street_p75": 16.748594778129693, "n_streets": 21, "PM2.5_lsoa_pred": 9.984417280397027, "PM10_lsoa_pred": 19.757386026423017, "PM2.5_final": 7.8532562511994923, "PM10_final": 16.233231914358029, "score_pm25": "B" }, "geometry": { "type": "Polygon", "coordinates": [ [ [ -2.898029652981997, 53.400262362676088 ], [ -2.904689374818444, 53.396512242472156 ], [ -2.909892361965612, 53.397639668346962 ], [ -2.906423662714779, 53.40259164539826 ], [ -2.899451622157814, 53.403454581087246 ], [ -2.898029652981997, 53.400262362676088 ] ] ] } },
{ "type": "Feature", "properties": { "LSOA21CD": "E01006578", "LSOA21NM": "Liverpool 036A", "area_km2": 0.20567683594217956, "pm25_street_mean": 8.9368035270846207, "pm25_street_p25": 8.4880902406257359, "pm25_street_p75": 9.3843952784724145, "pm10_street_mean": 17.969844709201919, "pm10_street_p25": 17.189550965596123, "pm10_street_p75": 18.759438518165588, "n_streets": 17, "PM2.5_lsoa_pred": 10.066096692785791, "PM10_lsoa_pred": 19.881000645435829, "PM2.5_final": 8.9368035270846207, "PM10_final": 17.969844709201919, "score_pm25": "B" }, "geometry": { "type": "Polygon", "coordinates": [ [ [ -2.884750867076794, 53.401537048880456 ], [ -2.881010421503663, 53.39997175221356 ], [ -2.890621338684906, 53.39837015734436 ], [ -2.894047710662416, 53.398234939455968 ], [ -2.889257882633224, 53.399697848227433 ], [ -2.892702311536119, 53.402123080156365 ], [ -2.887711218088588, 53.401591240720713 ], [ -2.889718882192905, 53.405265631178374 ], [ -2.884750867076794, 53.401537048880456 ] ] ] } },
{ "type": "Feature", "properties": { "LSOA21CD": "E01006579", "LSOA21NM": "Liverpool 034D", "area_km2": 0.30427638694003639, "pm25_street_mean": 7.6277784099656225, "pm25_street_p25": 7.3446129317245186, "pm25_street_p75": 7.9366475485829726, "pm10_street_mean": 15.767719295409226, "pm10_street_p25": 15.299041784251864, "pm10_street_p75": 16.246633753125163, "n_streets": 18, "PM2.5_lsoa_pred": 10.017219711363067, "PM10_lsoa_pred": 19.807029625562315, "PM2.5_final": 7.6277784099656225, "PM10_final": 15.767719295409226, "score_pm25": "B" }, "geometry": { "type": "Polygon", "coordinates": [ [ [ -2.892702311536119, 53.402123080156365 ], [ -2.889257882633224, 53.399697848227433 ], [ -2.894047710662416, 53.398234939455968 ], [ -2.890621338684906, 53.39837015734436 ], [ -2.890566831074514, 53.397972482802487 ], [ -2.892939661489642, 53.395617198864514 ], [ -2.896132380798762, 53.396914475608462 ], [ -2.898029652981997, 53.400262362676088 ], [ -2.899451622157814, 53.403454581087246 ], [ -2.899473981465378, 53.403628895591439 ], [ -2.892702311536119, 53.402123080156365 ] ] ] } },
{ "type": "Feature", "properties": { "LSOA21CD": "E01006580", "LSOA21NM": "Liverpool 036B", "area_km2": 0.37589521188000297, "pm25_street_mean": 9.7381933987848583, "pm25_street_p25": 8.2663254693283683, "pm25_street_p75": 9.9883772769324342, "pm10_street_mean": 19.444044249948458, "pm10_street_p25": 16.883214113975761, "pm10_street_p75": 19.838990649572839, "n_streets": 27, "PM2.5_lsoa_pred": 9.9817173998344462, "PM10_lsoa_pred": 19.753299994247186, "PM2.5_final": 9.7381933987848583, "PM10_final": 19.444044249948458, "score_pm25": "B" }, "geometry": { "type": "Polygon", "coordinates": [ [ [ -2.87566082284841, 53.396592327273481 ], [ -2.880868175649294, 53.394655869026579 ], [ -2.890059682277231, 53.394552861283785 ], [ -2.886421589804097, 53.395300266631416 ], [ -2.890566831074514, 53.397972482802487 ], [ -2.890621338684906, 53.39837015734436 ], [ -2.881010421503663, 53.39997175221356 ], [ -2.87566082284841, 53.396592327273481 ] ] ] } },
{ "type": "Feature", "properties": { "LSOA21CD": "E01006581", "LSOA21NM": "Liverpool 036C", "area_km2": 0.22895393923718482, "pm25_street_mean": 8.2362686304147097, "pm25_street_p25": 8.0786344284625695, "pm25_street_p75": 8.5200371827208699, "pm10_street_mean": 16.804749817721774, "pm10_street_p25": 16.490456271164241, "pm10_street_p75": 17.308190484753428, "n_streets": 14, "PM2.5_lsoa_pred": 10.054557953168715, "PM10_lsoa_pred": 19.863537776152885, "PM2.5_final": 8.2362686304147097, "PM10_final": 16.804749817721774, "score_pm25": "B" }, "geometry": { "type": "Polygon", "coordinates": [ [ [ -2.890059682277231, 53.394552861283785 ], [ -2.889189009355555, 53.392526245925836 ], [ -2.895058374105993, 53.391936895649494 ], [ -2.896132380798762, 53.396914475608462 ], [ -2.892939661489642, 53.395617198864514 ], [ -2.890566831074514, 53.397972482802487 ], [ -2.886421589804097, 53.395300266631416 ], [ -2.890059682277231, 53.394552861283785 ] ] ] } },
{ "type": "Feature", "properties": { "LSOA21CD": "E01006582", "LSOA21NM": "Liverpool 041A", "area_km2": 0.53989873697630619, "pm25_street_mean": 7.6100990929578298, "pm25_street_p25": 7.2102806144168836, "pm25_street_p75": 7.8872916252451937, "pm10_street_mean": 15.844379865885859, "pm10_street_p25": 15.186494628154463, "pm10_street_p75": 16.287812500286627, "n_streets": 13, "PM2.5_lsoa_pred": 9.9004188830737831, "PM10_lsoa_pred": 19.630261827324002, "PM2.5_final": 7.6100990929578298, "PM10_final": 15.844379865885859, "score_pm25": "B" }, "geometry": { "type": "Polygon", "coordinates": [ [ [ -2.896132380798762, 53.396914475608462 ], [ -2.895058374105993, 53.391936895649494 ], [ -2.89470435447854, 53.389465547554728 ], [ -2.897145942301533, 53.390023650839289 ], [ -2.904846768906729, 53.392340744568266 ], [ -2.90654655707377, 53.393047443502063 ], [ -2.904689374818444, 53.396512242472156 ], [ -2.898029652981997, 53.400262362676088 ], [ -2.896132380798762, 53.396914475608462 ] ] ] } },
{ "type": "Feature", "properties": { "LSOA21CD": "E01006583", "LSOA21NM": "Liverpool 047C", "area_km2": 0.67702183369695568, "pm25_street_mean": 8.7459985950500876, "pm25_street_p25": 8.2928399618140247, "pm25_street_p75": 9.0325244182838027, "pm10_street_mean": 17.760698037340223, "pm10_street_p25": 17.10009767138407, "pm10_street_p75": 18.177697600441547, "n_streets": 13, "PM2.5_lsoa_pred": 9.8324453174417528, "PM10_lsoa_pred": 19.52738980397309, "PM2.5_final": 8.7459985950500876, "PM10_final": 17.760698037340223, "score_pm25": "B" }, "geometry": { "type": "Polygon", "coordinates": [ [ [ -2.878019937238076, 53.389628217893566 ], [ -2.886710639467944, 53.387865161099299 ], [ -2.89470435447854, 53.389465547554728 ], [ -2.895058374105993, 53.391936895649494 ], [ -2.889189009355555, 53.392526245925836 ], [ -2.890059682277231, 53.394552861283785 ], [ -2.880868175649294, 53.394655869026579 ], [ -2.874395091266053, 53.391477960389658 ], [ -2.878019937238076, 53.389628217893566 ] ] ] } },
{ "type": "Feature", "properties": { "LSOA21CD": "E01006584", "LSOA21NM": "Liverpool 034E", "area_km2": 0.22907257307054751, "pm25_street_mean": 7.0198103183769254, "pm25_street_p25": 6.7924112840481508, "pm25_street_p75": 6.9889710298223235, "pm10_street_mean": 14.844592796315622, "pm10_street_p25": 14.457796805603497, "pm10_street_p75": 14.867606756576947, "n_streets": 25, "PM2.5_lsoa_pred": 10.054499144952951, "PM10_lsoa_pred": 19.863448775081817, "PM2.5_final": 7.0198103183769254, "PM10_final": 14.844592796315622, "score_pm25": "B" }, "geometry": { "type": "Polygon", "coordinates": [ [ [ -2.883794492516297, 53.407836679460921 ], [ -2.881766425154459, 53.407991907944343 ], [ -2.881232649400373, 53.406976756167687 ], [ -2.890040741100819, 53.405752055196039 ], [ -2.892661556754906, 53.408179757824698 ], [ -2.900087245079913, 53.40648802803257 ], [ -2.901584617258648, 53.407269852529254 ], [ -2.892363713517536, 53.410954455530451 ], [ -2.890535292268586, 53.406896469177433 ], [ -2.883794492516297, 53.407836679460921 ] ] ] } },
{ "type": "Feature", "properties": { "LSOA21CD": "E01006637", "LSOA21NM": "Liverpool 017A", "area_km2": 0.22006991763733105, "pm25_street_mean": 13.13073070924621, "pm25_street_p25": 12.066821275191339, "pm25_street_p75": 13.432012520885829, "pm10_street_mean": 25.336658867514661, "pm10_street_p25": 23.395707091059663, "pm10_street_p75": 25.784689028885378, "n_streets": 19, "PM2.5_lsoa_pred": 10.058961869355967, "PM10_lsoa_pred": 19.870202716628462, "PM2.5_final": 13.13073070924621, "PM10_final": 25.336658867514661, "score_pm25": "C" }, "geometry": { "type": "Polygon", "coordinates": [ [ [ -2.867912139249442, 53.42967797460647 ], [ -2.866889974200832, 53.428247644956315 ], [ -2.870164424588435, 53.425138209423714 ], [ -2.872859663540033, 53.425469849638077 ], [ -2.872390144029705, 53.428581548456357 ], [ -2.878648581660796, 53.430571411340956 ], [ -2.878320482814134, 53.431297541669679 ], [ -2.878096785746679, 53.43139806383428 ], [ -2.867912139249442, 53.42967797460647 ] ] ] } },
{ "type": "Feature", "properties": { "LSOA21CD": "E01006638", "LSOA21NM": "Liverpool 017B", "area_km2": 0.24871317497347747, "pm25_street_mean": 14.061649232848362, "pm25_street_p25": 12.383965414824248, "pm25_street_p75": 14.72855610506349, "pm10_street_mean": 26.788242022912975, "pm10_street_p25": 23.887719659901787, "pm10_street_p75": 27.943616463342078, "n_streets": 16, "PM2.5_lsoa_pred": 10.044763062743392, "PM10_lsoa_pred": 19.848714069507743, "PM2.5_final": 14.061649232848362, "PM10_final": 26.788242022912975, "score_pm25": "C" }, "geometry": { "type": "Polygon", "coordinates": [ [ [ -2.872859663540033, 53.425469849638077 ], [ -2.876686293334167, 53.4221582570812 ], [ -2.877970387341095, 53.424466932194136 ], [ -2.878300630275766, 53.424627264074701 ], [ -2.878648581660796, 53.430571411340956 ], [ -2.872390144029705, 53.428581548456357 ], [ -2.872859663540033, 53.425469849638077 ] ] ] } },
{ "type": "Feature", "properties": { "LSOA21CD": "E01006639", "LSOA21NM": "Liverpool 017C", "area_km2": 0.40555037446231257, "pm25_street_mean": 11.596022843914819, "pm25_street_p25": 11.263645482420131, "pm25_street_p75": 11.990898000715921, "pm10_street_mean": 22.630036003644975, "pm10_street_p25": 22.095008965713305, "pm10_street_p75": 23.203972936575823, "n_streets": 19, "PM2.5_lsoa_pred": 9.9670169796402934, "PM10_lsoa_pred": 19.731052199013554, "PM2.5_final": 11.596022843914819, "PM10_final": 22.630036003644975, "score_pm25": "C" }, "geometry": { "type": "Polygon", "coordinates": [ [ [ -2.878320482814134, 53.431297541669679 ], [ -2.878648581660796, 53.430571411340956 ], [ -2.878300630275766, 53.424627264074701 ], [ -2.886267068956898, 53.42696734577806 ], [ -2.888260165815411, 53.432432230850289 ], [ -2.881816039686616, 53.431735646765453 ], [ -2.882719570634201, 53.433674105862146 ], [ -2.878320482814134, 53.431297541669679 ] ] ] } },
{ "type": "Feature", "properties": { "LSOA21CD": "E01006640", "LSOA21NM": "Liverpool 021F", "area_km2": 0.53855052140221538, "pm25_street_mean": 11.692819359592322, "pm25_street_p25": 10.409132728199546, "pm25_street_p75": 12.118063325875429, "pm10_street_mean": 22.817112005686226, "pm10_street_p25": 20.718840442004783, "pm10_street_p75": 23.457974950077556, "n_streets": 39, "PM2.5_lsoa_pred": 9.9010872097233644, "PM10_lsoa_pred": 19.63127328102755, "PM2.5_final": 11.692819359592322, "PM10_final": 22.817112005686226, "score_pm25": "C" }, "geometry": { "type": "Polygon", "coordinates": [ [ [ -2.888260165815411, 53.432432230850289 ], [ -2.886267068956898, 53.42696734577806 ], [ -2.890032903367994, 53.424800073854982 ], [ -2.895337006587348, 53.426999501527398 ], [ -2.898861841698076, 53.429935226304067 ], [ -2.892738422549129, 53.434135153315687 ], [ -2.890267827557866, 53.434815586747746 ], [ -2.888260165815411, 53.432432230850289 ] ] ] } },
{ "type": "Feature", "properties": { "LSOA21CD": "E01006641", "LSOA21NM": "Liverpool 025C", "area_km2": 0.17680900914328504, "pm25_street_mean": 12.935298098700091, "pm25_street_p25": 12.136944759872959, "pm25_street_p75": 13.97932952875005, "pm10_street_mean": 24.872515879239295, "pm10_street_p25": 23.319360313836409, "pm10_street_p75": 26.817272901542264, "n_streets": 28, "PM2.5_lsoa_pred": 10.0804068211777, "PM10_lsoa_pred": 19.902657768295271, "PM2.5_final": 12.935298098700091, "PM10_final": 24.872515879239295, "score_pm25": "C" }, "geometry": { "type": "Polygon", "coordinates": [ [ [ -2.870164424588435, 53.425138209423714 ], [ -2.868313236850449, 53.42387965135638 ], [ -2.868477078583202, 53.42199469055069 ], [ -2.876639809684888, 53.420203438189553 ], [ -2.872859663540033, 53.425469849638077 ], [ -2.870164424588435, 53.425138209423714 ] ] ] } },
{ "type": "Feature", "properties": { "LSOA21CD": "E01006642", "LSOA21NM": "Liverpool 025D", "area_km2": 0.16298949026204942, "pm25_street_mean": 13.573005536968031, "pm25_street_p25": 11.380918884411763, "pm25_street_p75": 15.259535324966393, "pm10_street_mean": 25.874766631357613, "pm10_street_p25": 22.087146473994995, "pm10_street_p75": 28.764467533946036, "n_streets": 11, "PM2.5_lsoa_pred": 10.087257322633267, "PM10_lsoa_pred": 19.913025400758713, "PM2.5_final": 13.573005536968031, "PM10_final": 25.874766631357613, "score_pm25": "C" }, "geometry": { "type": "Polygon", "coordinates": [ [ [ -2.876639809684888, 53.420203438189553 ], [ -2.876952725181184, 53.42000176259225 ], [ -2.884294606586518, 53.42033212288267 ], [ -2.877970387341095, 53.424466932194136 ], [ -2.876686293334167, 53.4221582570812 ], [ -2.872859663540033, 53.425469849638077 ], [ -2.876639809684888, 53.420203438189553 ] ] ] } },
{ "type": "Feature", "properties": { "LSOA21CD": "E01006643", "LSOA21NM": "Liverpool 025E", "area_km2": 0.19348660993930097, "pm25_street_mean": 11.544943048514066, "pm25_street_p25": 11.083486967946062, "pm25_street_p75": 12.058987652663575, "pm10_street_mean": 22.461427363277146, "pm10_street_p25": 21.687119136432784, "pm10_street_p75": 23.372725613065576, "n_streets": 17, "PM2.5_lsoa_pred": 10.072139534196848, "PM10_lsoa_pred": 19.89014595533629, "PM2.5_final": 11.544943048514066, "PM10_final": 22.461427363277146, "score_pm25": "C" }, "geometry": { "type": "Polygon", "coordinates": [ [ [ -2.868007568352811, 53.420524297361247 ], [ -2.867464542077045, 53.416786573040106 ], [ -2.870465292758346, 53.417551057550341 ], [ -2.876179158010567, 53.419442017481757 ], [ -2.876952725181184, 53.42000176259225 ], [ -2.876639809684888, 53.420203438189553 ], [ -2.868477078583202, 53.42199469055069 ], [ -2.868007568352811, 53.420524297361247 ] ] ] } },
{ "type": "Feature", "properties": { "LSOA21CD": "E01006644", "LSOA21NM": "Liverpool 017D", "area_km2": 0.44131471806597961, "pm25_street_mean": 14.714211975272326, "pm25_street_p25": 12.923970825565974, "pm25_street_p75": 16.126757318298093, "pm10_street_mean": 27.989744363763339, "pm10_street_p25": 24.87077298111338, "pm10_street_p75": 30.442265255211872, "n_streets": 44, "PM2.5_lsoa_pred": 9.949288165054206, "PM10_lsoa_pred": 19.704221194767626, "PM2.5_final": 14.714211975272326, "PM10_final": 27.989744363763339, "score_pm25": "C" }, "geometry": { "type": "Polygon", "coordinates": [ [ [ -2.873516868219828, 53.436182267163289 ], [ -2.880868438562096, 53.433687775405026 ], [ -2.878096785746679, 53.43139806383428 ], [ -2.878320482814134, 53.431297541669679 ], [ -2.882719570634201, 53.433674105862146 ], [ -2.881816039686616, 53.431735646765453 ], [ -2.888260165815411, 53.432432230850289 ], [ -2.890267827557866, 53.434815586747746 ], [ -2.879328281410224, 53.438850576914199 ], [ -2.873516868219828, 53.436182267163289 ] ] ] } },
{ "type": "Feature", "properties": { "LSOA21CD": "E01006645", "LSOA21NM": "Liverpool 017E", "area_km2": 0.30753472002262783, "pm25_street_mean": 14.965456927122013, "pm25_street_p25": 13.09057939721971, "pm25_street_p75": 15.835791159992004, "pm10_street_mean": 28.514571623067759, "pm10_street_p25": 25.191716976304225, "pm10_street_p75": 29.944003116327515, "n_streets": 32, "PM2.5_lsoa_pred": 10.015604516527643, "PM10_lsoa_pred": 19.804585169996667, "PM2.5_final": 14.965456927122013, "PM10_final": 28.514571623067759, "score_pm25": "C" }, "geometry": { "type": "Polygon", "coordinates": [ [ [ -2.867912139249442, 53.42967797460647 ], [ -2.878096785746679, 53.43139806383428 ], [ -2.880868438562096, 53.433687775405026 ], [ -2.873516868219828, 53.436182267163289 ], [ -2.873260953740225, 53.436394494881284 ], [ -2.867912139249442, 53.42967797460647 ] ] ] } },
{ "type": "Feature", "properties": { "LSOA21CD": "E01006646", "LSOA21NM": "Liverpool 023C", "area_km2": 0.75030486072111724, "pm25_street_mean": 11.456488425542965, "pm25_street_p25": 7.5481941332874101, "pm25_street_p75": 15.062356577670164, "pm10_street_mean": 22.551362169240139, "pm10_street_p25": 15.642592682506846, "pm10_street_p75": 28.830684889799159, "n_streets": 49, "PM2.5_lsoa_pred": 9.7961180409560953, "PM10_lsoa_pred": 19.472411660629277, "PM2.5_final": 11.456488425542965, "PM10_final": 22.551362169240139, "score_pm25": "C" }, "geometry": { "type": "Polygon", "coordinates": [ [ [ -2.970746590662645, 53.42535662722856 ], [ -2.967095165794222, 53.417847334633869 ], [ -2.962980557453833, 53.419608653480132 ], [ -2.964647912577413, 53.413114151880116 ], [ -2.967934684344516, 53.411751402325706 ], [ -2.968635274781536, 53.413717931650915 ], [ -2.973873011625526, 53.412488776008765 ], [ -2.972159700299882, 53.421141077663606 ], [ -2.978445308420656, 53.422547410099412 ], [ -2.97868364010587, 53.423671325655 ], [ -2.975585461411641, 53.427015209353975 ], [ -2.970746590662645, 53.42535662722856 ] ] ] } },
{ "type": "Feature", "properties": { "LSOA21CD": "E01006647", "LSOA21NM": "Liverpool 024C", "area_km2": 0.32959370738888499, "pm25_street_mean": 9.9551325724250415, "pm25_street_p25": 8.9972177264353483, "pm25_street_p75": 10.509098394984493, "pm10_street_mean": 19.552938509730339, "pm10_street_p25": 17.882503127180371, "pm10_street_p75": 20.556979773420224, "n_streets": 58, "PM2.5_lsoa_pred": 10.004669611603704, "PM10_lsoa_pred": 19.788036151503729, "PM2.5_final": 9.9551325724250415, "PM10_final": 19.552938509730339, "score_pm25": "B" }, "geometry": { "type": "Polygon", "coordinates": [ [ [ -2.955072628944264, 53.416666503332621 ], [ -2.956504066619956, 53.416124177918562 ], [ -2.962592642777035, 53.414134450552417 ], [ -2.964647912577413, 53.413114151880116 ], [ -2.962980557453833, 53.419608653480132 ], [ -2.962957687907435, 53.419756561415433 ], [ -2.957174323820008, 53.420238280578388 ], [ -2.952400250068326, 53.417826977043845 ], [ -2.955072628944264, 53.416666503332621 ] ] ] } },
{ "type": "Feature", "properties": { "LSOA21CD": "E01006648", "LSOA21NM": "Liverpool 023D", "area_km2": 0.57659755635363219, "pm25_street_mean": 10.604549258973078, "pm25_street_p25": 9.2373451759132408, "pm25_street_p75": 11.731204081675511, "pm10_street_mean": 21.222031247966612, "pm10_street_p25": 18.875236007437287, "pm10_street_p75": 23.208321378142248, "n_streets": 41, "PM2.5_lsoa_pred": 9.8822268376254172, "PM10_lsoa_pred": 19.602729763840735, "PM2.5_final": 10.604549258973078, "PM10_final": 21.222031247966612, "score_pm25": "C" }, "geometry": { "type": "Polygon", "coordinates": [ [ [ -2.973873011625526, 53.412488776008765 ], [ -2.976449946121247, 53.411362099762556 ], [ -2.982624062156534, 53.409627727134612 ], [ -2.985518222623825, 53.41270415060108 ], [ -2.98233762175727, 53.415001269631645 ], [ -2.976574356689179, 53.415991208480669 ], [ -2.978445308420656, 53.422547410099412 ], [ -2.972159700299882, 53.421141077663606 ], [ -2.973873011625526, 53.412488776008765 ] ] ] } },
{ "type": "Feature", "properties": { "LSOA21CD": "E01006651", "LSOA21NM": "Liverpool 001A", "area_km2": 0.26368297154645703, "pm25_street_mean": 8.3158705371201318, "pm25_street_p25": 7.9856049375765874, "pm25_street_p75": 8.4188738315915899, "pm10_street_mean": 17.132619402352677, "pm10_street_p25": 16.526177065595796, "pm10_street_p75": 17.238834196347632, "n_streets": 39, "PM2.5_lsoa_pred": 10.03734235482338, "PM10_lsoa_pred": 19.837483479625782, "PM2.5_final": 8.3158705371201318, "PM10_final": 17.132619402352677, "score_pm25": "B" }, "geometry": { "type": "Polygon", "coordinates": [ [ [ -2.930691522668624, 53.473514834060467 ], [ -2.930661176469403, 53.472340287582504 ], [ -2.93658723151352, 53.472085380415876 ], [ -2.938145672498802, 53.468719871033777 ], [ -2.939985120296454, 53.471556394036099 ], [ -2.945354629007569, 53.469550549214119 ], [ -2.946577790055544, 53.471216736521825 ], [ -2.947434044656326, 53.472470745575933 ], [ -2.936138503437184, 53.473715213383983 ], [ -2.930691522668624, 53.473514834060467 ] ] ] } },
{ "type": "Feature", "properties": { "LSOA21CD": "E01006652", "LSOA21NM": "Liverpool 002A", "area_km2": 0.20296511478014542, "pm25_street_mean": 7.751256379687308, "pm25_street_p25": 7.583521617700522, "pm25_street_p75": 8.0278548261641944, "pm10_street_mean": 15.912113518533797, "pm10_street_p25": 15.582803732262132, "pm10_street_p75": 16.379081859098001, "n_streets": 16, "PM2.5_lsoa_pred": 10.067440925528425, "PM10_lsoa_pred": 19.883035023665123, "PM2.5_final": 7.751256379687308, "PM10_final": 15.912113518533797, "score_pm25": "B" }, "geometry": { "type": "Polygon", "coordinates": [ [ [ -2.945354629007569, 53.469550549214119 ], [ -2.942084054136508, 53.466946621153845 ], [ -2.949009746216996, 53.464752463271068 ], [ -2.950494186997706, 53.468121174581597 ], [ -2.946577790055544, 53.471216736521825 ], [ -2.945354629007569, 53.469550549214119 ] ] ] } },
{ "type": "Feature", "properties": { "LSOA21CD": "E01006653", "LSOA21NM": "Liverpool 001B", "area_km2": 0.52340930477274283, "pm25_street_mean": 11.071256250403126, "pm25_street_p25": 8.7864295707727855, "pm25_street_p75": 13.299196037237046, "pm10_street_mean": 21.789675494082591, "pm10_street_p25": 17.90935967665801, "pm10_street_p75": 25.770931099795291, "n_streets": 52, "PM2.5_lsoa_pred": 9.90859289262381, "PM10_lsoa_pred": 19.642632473081399, "PM2.5_final": 11.071256250403126, "PM10_final": 21.789675494082591, "score_pm25": "C" }, "geometry": { "type": "Polygon", "coordinates": [ [ [ -2.918714172421553, 53.468576588768315 ], [ -2.921479622879034, 53.466563257082818 ], [ -2.922194125403524, 53.466150308173084 ], [ -2.928110301229285, 53.467199683929081 ], [ -2.930661176469403, 53.472340287582504 ], [ -2.930691522668624, 53.473514834060467 ], [ -2.92256833137211, 53.474982957657204 ], [ -2.918714172421553, 53.468576588768315 ] ] ] } },
{ "type": "Feature", "properties": { "LSOA21CD": "E01006654", "LSOA21NM": "Liverpool 005A", "area_km2": 0.68799136533912753, "pm25_street_mean": 7.643769909576327, "pm25_street_p25": 6.9458074801503553, "pm25_street_p75": 8.0934494036903999, "pm10_street_mean": 15.785109143886379, "pm10_street_p25": 14.601880017131659, "pm10_street_p75": 16.575720947736571, "n_streets": 43, "PM2.5_lsoa_pred": 9.8270075888835162, "PM10_lsoa_pred": 19.519160279245092, "PM2.5_final": 7.643769909576327, "PM10_final": 15.785109143886379, "score_pm25": "B" }, "geometry": { "type": "Polygon", "coordinates": [ [ [ -2.938145672498802, 53.468719871033777 ], [ -2.932737444586857, 53.467316597399055 ], [ -2.933902454803827, 53.464276407414651 ], [ -2.942879846443909, 53.464046574495065 ], [ -2.943691015100751, 53.460614800551483 ], [ -2.949739246420584, 53.459950663749197 ], [ -2.952215388131398, 53.462630364147685 ], [ -2.949009746216996, 53.464752463271068 ], [ -2.942084054136508, 53.466946621153845 ], [ -2.945354629007569, 53.469550549214119 ], [ -2.939985120296454, 53.471556394036099 ], [ -2.938145672498802, 53.468719871033777 ] ] ] } },
{ "type": "Feature", "properties": { "LSOA21CD": "E01006655", "LSOA21NM": "Liverpool 001C", "area_km2": 0.30863976411398386, "pm25_street_mean": 8.2943608844247212, "pm25_street_p25": 8.1518396790574652, "pm25_street_p75": 8.425303044752237, "pm10_street_mean": 17.017183861250555, "pm10_street_p25": 16.752864537453245, "pm10_street_p75": 17.24599595324753, "n_streets": 22, "PM2.5_lsoa_pred": 10.01505673290208, "PM10_lsoa_pred": 19.803756147576024, "PM2.5_final": 8.2943608844247212, "PM10_final": 17.017183861250555, "score_pm25": "B" }, "geometry": { "type": "Polygon", "coordinates": [ [ [ -2.922194125403524, 53.466150308173084 ], [ -2.929421188009826, 53.466352958235191 ], [ -2.932737444586857, 53.467316597399055 ], [ -2.938145672498802, 53.468719871033777 ], [ -2.93658723151352, 53.472085380415876 ], [ -2.930661176469403, 53.472340287582504 ], [ -2.928110301229285, 53.467199683929081 ], [ -2.922194125403524, 53.466150308173084 ] ] ] } },
{ "type": "Feature", "properties": { "LSOA21CD": "E01006656", "LSOA21NM": "Liverpool 002B", "area_km2": 0.2576616932999653, "pm25_street_mean": 6.8697828282048468, "pm25_street_p25": 6.549479813536462, "pm25_street_p75": 7.1853145077129321, "pm10_street_mean": 14.559503143845918, "pm10_street_p25": 14.035339175383346, "pm10_street_p75": 14.960178920702855, "n_streets": 25, "PM2.5_lsoa_pred": 10.040327174754268, "PM10_lsoa_pred": 19.842000742517222, "PM2.5_final": 6.8697828282048468, "PM10_final": 14.559503143845918, "score_pm25": "B" }, "geometry": { "type": "Polygon", "coordinates": [ [ [ -2.947434044656326, 53.472470745575933 ], [ -2.946577790055544, 53.471216736521825 ], [ -2.950494186997706, 53.468121174581597 ], [ -2.953694644825868, 53.467388462415798 ], [ -2.955931728360083, 53.467169699403733 ], [ -2.955089157598422, 53.472464980835184 ], [ -2.947434044656326, 53.472470745575933 ] ] ] } },
{ "type": "Feature", "properties": { "LSOA21CD": "E01006657", "LSOA21NM": "Liverpool 002C", "area_km2": 0.11176276693609884, "pm25_street_mean": 7.7814722958607678, "pm25_street_p25": 7.7344665998332172, "pm25_street_p75": 7.8975676515054802, "pm10_street_mean": 15.879784245991422, "pm10_street_p25": 15.812910657957861, "pm10_street_p75": 16.106866762584772, "n_streets": 13, "PM2.5_lsoa_pred": 10.112651024521464, "PM10_lsoa_pred": 19.951456538941901, "PM2.5_final": 7.7814722958607678, "PM10_final": 15.879784245991422, "score_pm25": "B" }, "geometry": { "type": "Polygon", "coordinates": [ [ [ -2.949009746216996, 53.464752463271068 ], [ -2.952215388131398, 53.462630364147685 ], [ -2.953694644825868, 53.467388462415798 ], [ -2.950494186997706, 53.468121174581597 ], [ -2.949009746216996, 53.464752463271068 ] ] ] } },
{ "type": "Feature", "properties": { "LSOA21CD": "E01006658", "LSOA21NM": "Liverpool 001D", "area_km2": 0.074249373528780763, "pm25_street_mean": 7.8215034901153961, "pm25_street_p25": 7.4421697724608338, "pm25_street_p75": 8.0943526798845085, "pm10_street_mean": 16.202510934195178, "pm10_street_p25": 15.603424848890466, "pm10_street_p75": 16.703112567889612, "n_streets": 13, "PM2.5_lsoa_pred": 10.13124686409798, "PM10_lsoa_pred": 19.979599709384086, "PM2.5_final": 7.8215034901153961, "PM10_final": 16.202510934195178, "score_pm25": "B" }, "geometry": { "type": "Polygon", "coordinates": [ [ [ -2.913897731831423, 53.46496852772848 ], [ -2.913811848389844, 53.464893840719604 ], [ -2.921479622879034, 53.466563257082818 ], [ -2.918714172421553, 53.468576588768315 ], [ -2.913897731831423, 53.46496852772848 ] ] ] } },
{ "type": "Feature", "properties": { "LSOA21CD": "E01006659", "LSOA21NM": "Liverpool 005B", "area_km2": 1.5972289045046673, "pm25_street_mean": 7.1956314725377579, "pm25_street_p25": 6.3395800360227819, "pm25_street_p75": 7.1649462042695511, "pm10_street_mean": 15.09820525555025, "pm10_street_p25": 13.714541952610201, "pm10_street_p75": 15.083388782697268, "n_streets": 22, "PM2.5_lsoa_pred": 9.3762876225055471, "PM10_lsoa_pred": 18.837035184366901, "PM2.5_final": 7.1956314725377579, "PM10_final": 15.09820525555025, "score_pm25": "B" }, "geometry": { "type": "Polygon", "coordinates": [ [ [ -2.929421188009826, 53.466352958235191 ], [ -2.921218910443561, 53.456350807673481 ], [ -2.925904846180442, 53.453821518121622 ], [ -2.934864003202791, 53.454539069734075 ], [ -2.939149577587335, 53.453742003367566 ], [ -2.948954567429328, 53.459290645867327 ], [ -2.949739246420584, 53.459950663749197 ], [ -2.943691015100751, 53.460614800551483 ], [ -2.942879846443909, 53.464046574495065 ], [ -2.933902454803827, 53.464276407414651 ], [ -2.932737444586857, 53.467316597399055 ], [ -2.929421188009826, 53.466352958235191 ] ] ] } },
{ "type": "Feature", "properties": { "LSOA21CD": "E01006660", "LSOA21NM": "Liverpool 001E", "area_km2": 0.99405431996864502, "pm25_street_mean": 9.449116088199311, "pm25_street_p25": 7.7958980187592264, "pm25_street_p75": 10.790913419585678, "pm10_street_mean": 19.03006139368027, "pm10_street_p25": 16.028469769844076, "pm10_street_p75": 21.468349629143084, "n_streets": 26, "PM2.5_lsoa_pred": 9.6752885070396655, "PM10_lsoa_pred": 19.28954677015377, "PM2.5_final": 9.449116088199311, "PM10_final": 19.03006139368027, "score_pm25": "B" }, "geometry": { "type": "Polygon", "coordinates": [ [ [ -2.913811848389844, 53.464893840719604 ], [ -2.913768733390782, 53.464856489528778 ], [ -2.910454704116376, 53.458445656888244 ], [ -2.919990341792529, 53.454579423004724 ], [ -2.925228068375946, 53.453302211317578 ], [ -2.925904846180442, 53.453821518121622 ], [ -2.921218910443561, 53.456350807673481 ], [ -2.929421188009826, 53.466352958235191 ], [ -2.922194125403524, 53.466150308173084 ], [ -2.921479622879034, 53.466563257082818 ], [ -2.913811848389844, 53.464893840719604 ] ] ] } },
{ "type": "Feature", "properties": { "LSOA21CD": "E01006661", "LSOA21NM": "Liverpool 004A", "area_km2": 0.35573464817870276, "pm25_street_mean": 8.1748285548401398, "pm25_street_p25": 7.8254366687509727, "pm25_street_p75": 8.5575212098927533, "pm10_street_mean": 16.640213067002676, "pm10_street_p25": 16.045417061380824, "pm10_street_p75": 17.243506829495065, "n_streets": 49, "PM2.5_lsoa_pred": 9.991711233351209, "PM10_lsoa_pred": 19.768424783793566, "PM2.5_final": 8.1748285548401398, "PM10_final": 16.640213067002676, "score_pm25": "B" }, "geometry": { "type": "Polygon", "coordinates": [ [ [ -2.891441265083034, 53.463099866260208 ], [ -2.888156336706688, 53.460644395410192 ], [ -2.893202623660259, 53.45595320961489 ], [ -2.896501113180376, 53.456969300518111 ], [ -2.898117106865496, 53.458136417809207 ], [ -2.897898097219054, 53.462139467551218 ], [ -2.89210176569157, 53.463263951205505 ], [ -2.891441265083034, 53.463099866260208 ] ] ] } },
{ "type": "Feature", "properties": { "LSOA21CD": "E01006662", "LSOA21NM": "Liverpool 004B", "area_km2": 0.94115413693277683, "pm25_street_mean": 9.7075468226832164, "pm25_street_p25": 8.5890268458820955, "pm25_street_p75": 10.479934860334492, "pm10_street_mean": 19.373016501155345, "pm10_street_p25": 17.313615294363373, "pm10_street_p75": 20.495739284402838, "n_streets": 57, "PM2.5_lsoa_pred": 9.7015117630011343, "PM10_lsoa_pred": 19.329233365590131, "PM2.5_final": 9.7075468226832164, "PM10_final": 19.373016501155345, "score_pm25": "B" }, "geometry": { "type": "Polygon", "coordinates": [ [ [ -2.898117106865496, 53.458136417809207 ], [ -2.896501113180376, 53.456969300518111 ], [ -2.896874107166123, 53.451341456611367 ], [ -2.901486285504592, 53.452170817944506 ], [ -2.907828498005147, 53.45116237073232 ], [ -2.909393546593035, 53.454184195444192 ], [ -2.91244838203147, 53.449554968656379 ], [ -2.913149481807602, 53.449207043968343 ], [ -2.917033324365954, 53.451840440813356 ], [ -2.919990341792529, 53.454579423004724 ], [ -2.910454704116376, 53.458445656888244 ], [ -2.91023225397805, 53.454672181920273 ], [ -2.906731217784196, 53.458187759472501 ], [ -2.898117106865496, 53.458136417809207 ] ] ] } },
{ "type": "Feature", "properties": { "LSOA21CD": "E01006663", "LSOA21NM": "Liverpool 004C", "area_km2": 1.0007875603510625, "pm25_street_mean": 7.1321520550305104, "pm25_street_p25": 5.5281874058093692, "pm25_street_p75": 7.6822355224312453, "pm10_street_mean": 14.99302886629336, "pm10_street_p25": 12.20021737682632, "pm10_street_p75": 16.053925865070678, "n_streets": 24, "PM2.5_lsoa_pred": 9.6719507589286895, "PM10_lsoa_pred": 19.284495381449659, "PM2.5_final": 7.1321520550305104, "PM10_final": 14.99302886629336, "score_pm25": "B" }, "geometry": { "type": "Polygon", "coordinates": [ [ [ -2.89210176569157, 53.463263951205505 ], [ -2.897898097219054, 53.462139467551218 ], [ -2.898117106865496, 53.458136417809207 ], [ -2.906731217784196, 53.458187759472501 ], [ -2.91023225397805, 53.454672181920273 ], [ -2.910454704116376, 53.458445656888244 ], [ -2.913768733390782, 53.464856489528778 ], [ -2.905087755911326, 53.465148108699587 ], [ -2.904628899049245, 53.468053531780164 ], [ -2.905872266193257, 53.470157047800768 ], [ -2.89210176569157, 53.463263951205505 ] ] ] } },
{ "type": "Feature", "properties": { "LSOA21CD": "E01006664", "LSOA21NM": "Liverpool 004D", "area_km2": 0.26225669870859575, "pm25_street_mean": 9.9442036964999296, "pm25_street_p25": 9.1660584357202808, "pm25_street_p75": 10.416500141165956, "pm10_street_mean": 19.619666282999972, "pm10_street_p25": 18.34851488041803, "pm10_street_p75": 20.348722592406595, "n_streets": 30, "PM2.5_lsoa_pred": 10.038049375395932, "PM10_lsoa_pred": 19.838553493184332, "PM2.5_final": 9.9442036964999296, "PM10_final": 19.619666282999972, "score_pm25": "B" }, "geometry": { "type": "Polygon", "coordinates": [ [ [ -2.901486285504592, 53.452170817944506 ], [ -2.898415194159709, 53.450049320696884 ], [ -2.901733841086753, 53.448672304647175 ], [ -2.91244838203147, 53.449554968656379 ], [ -2.909393546593035, 53.454184195444192 ], [ -2.907828498005147, 53.45116237073232 ], [ -2.901486285504592, 53.452170817944506 ] ] ] } },
{ "type": "Feature", "properties": { "LSOA21CD": "E01006665", "LSOA21NM": "Liverpool 007A", "area_km2": 0.76465271704744997, "pm25_street_mean": 9.3842572837466687, "pm25_street_p25": 9.0050799489194873, "pm25_street_p75": 9.8364526926687184, "pm10_street_mean": 18.823689858834566, "pm10_street_p25": 18.200875119297059, "pm10_street_p75": 19.556004244303505, "n_streets": 78, "PM2.5_lsoa_pred": 9.7890056362846654, "PM10_lsoa_pred": 19.461647660644324, "PM2.5_final": 9.3842572837466687, "PM10_final": 18.823689858834566, "score_pm25": "B" }, "geometry": { "type": "Polygon", "coordinates": [ [ [ -2.876841501535585, 53.455452344947638 ], [ -2.8841768859616, 53.454864622742214 ], [ -2.879303594636858, 53.452855111488851 ], [ -2.883228682324392, 53.45073747946482 ], [ -2.889229821306632, 53.4505687426131 ], [ -2.894440391179632, 53.450833952501405 ], [ -2.893202623660259, 53.45595320961489 ], [ -2.888156336706688, 53.460644395410192 ], [ -2.876841501535585, 53.455452344947638 ] ] ] } },
{ "type": "Feature", "properties": { "LSOA21CD": "E01006689", "LSOA21NM": "Liverpool 049D", "area_km2": 0.40756280583715593, "pm25_street_mean": 10.667193298076677, "pm25_street_p25": 10.466653428800445, "pm25_street_p75": 10.818374451490195, "pm10_street_mean": 21.128021740774201, "pm10_street_p25": 20.804836912993061, "pm10_street_p75": 21.394366808392817, "n_streets": 19, "PM2.5_lsoa_pred": 9.9660193932423091, "PM10_lsoa_pred": 19.729542439590553, "PM2.5_final": 10.667193298076677, "PM10_final": 21.128021740774201, "score_pm25": "C" }, "geometry": { "type": "Polygon", "coordinates": [ [ [ -2.903525772202662, 53.377262268731208 ], [ -2.912320865260289, 53.374347999861762 ], [ -2.915367704232064, 53.379189786638101 ], [ -2.911428929627377, 53.381255391629104 ], [ -2.907920338021177, 53.382849998039234 ], [ -2.903525772202662, 53.377262268731208 ] ] ] } },
{ "type": "Feature", "properties": { "LSOA21CD": "E01006690", "LSOA21NM": "Liverpool 028A", "area_km2": 0.72101160277006682, "pm25_street_mean": 9.1716032296707315, "pm25_street_p25": 7.9160979655899251, "pm25_street_p75": 9.0490719582503161, "pm10_street_mean": 18.271095176629057, "pm10_street_p25": 16.04797089934776, "pm10_street_p75": 18.034796472278693, "n_streets": 9, "PM2.5_lsoa_pred": 9.8106390606787475, "PM10_lsoa_pred": 19.494387949001062, "PM2.5_final": 9.1716032296707315, "PM10_final": 18.271095176629057, "score_pm25": "B" }, "geometry": { "type": "Polygon", "coordinates": [ [ [ -2.933139814092348, 53.404074809160065 ], [ -2.943809074702455, 53.403728722742414 ], [ -2.945344031296218, 53.408196670580992 ], [ -2.946136486455631, 53.412109561908302 ], [ -2.940547178295188, 53.41017235935626 ], [ -2.941041807555143, 53.412852849514266 ], [ -2.940124887364813, 53.413042517249927 ], [ -2.937670361154624, 53.413470476643695 ], [ -2.936058317490715, 53.409420437919714 ], [ -2.929478110890296, 53.409139253115804 ], [ -2.933139814092348, 53.404074809160065 ] ] ] } },
{ "type": "Feature", "properties": { "LSOA21CD": "E01006691", "LSOA21NM": "Liverpool 030A", "area_km2": 0.17618601018427182, "pm25_street_mean": 11.850822545658577, "pm25_street_p25": 9.4790370369513912, "pm25_street_p75": 13.789277231300725, "pm10_street_mean": 22.752890561682165, "pm10_street_p25": 18.657689681514455, "pm10_street_p75": 26.036044305511169, "n_streets": 34, "PM2.5_lsoa_pred": 10.080715649242716, "PM10_lsoa_pred": 19.903125152455868, "PM2.5_final": 11.850822545658577, "PM10_final": 22.752890561682165, "score_pm25": "C" }, "geometry": { "type": "Polygon", "coordinates": [ [ [ -2.946136486455631, 53.412109561908302 ], [ -2.945344031296218, 53.408196670580992 ], [ -2.954460574748627, 53.408744763007938 ], [ -2.954414291124128, 53.409844116300853 ], [ -2.947575632936402, 53.41212754166925 ], [ -2.946136486455631, 53.412109561908302 ] ] ] } },
{ "type": "Feature", "properties": { "LSOA21CD": "E01006692", "LSOA21NM": "Liverpool 028B", "area_km2": 0.57669175584716803, "pm25_street_mean": 7.6796675790757973, "pm25_street_p25": 7.2354075653475398, "pm25_street_p75": 7.7284953247356434, "pm10_street_mean": 15.875659419707972, "pm10_street_p25": 15.121038105170996, "pm10_street_p75": 15.936246181778456, "n_streets": 35, "PM2.5_lsoa_pred": 9.8821801418053141, "PM10_lsoa_pred": 19.60265909381701, "PM2.5_final": 7.6796675790757973, "PM10_final": 15.875659419707972, "score_pm25": "B" }, "geometry": { "type": "Polygon", "coordinates": [ [ [ -2.927950149209228, 53.411202366529494 ], [ -2.922744980357458, 53.406711156620823 ], [ -2.921862140516344, 53.405198253712193 ], [ -2.932055355381882, 53.404186461175478 ], [ -2.933139814092348, 53.404074809160065 ], [ -2.929478110890296, 53.409139253115804 ], [ -2.936058317490715, 53.409420437919714 ], [ -2.937670361154624, 53.413470476643695 ], [ -2.929784466225584, 53.414471708957947 ], [ -2.927950149209228, 53.411202366529494 ] ] ] } },
{ "type": "Feature", "properties": { "LSOA21CD": "E01006693", "LSOA21NM": "Liverpool 024D", "area_km2": 0.28262916574944452, "pm25_street_mean": 11.01321069289955, "pm25_street_p25": 9.176703050208463, "pm25_street_p75": 12.514453204279874, "pm10_street_mean": 21.25246951465531, "pm10_street_p25": 18.071895990459659, "pm10_street_p75": 23.91819338556958, "n_streets": 53, "PM2.5_lsoa_pred": 10.027950498849201, "PM10_lsoa_pred": 19.823269730235108, "PM2.5_final": 11.01321069289955, "PM10_final": 21.25246951465531, "score_pm25": "C" }, "geometry": { "type": "Polygon", "coordinates": [ [ [ -2.947790653707682, 53.42124713712122 ], [ -2.946286068322125, 53.417301676306323 ], [ -2.946266273110854, 53.417250177671605 ], [ -2.955072628944264, 53.416666503332621 ], [ -2.952400250068326, 53.417826977043845 ], [ -2.957174323820008, 53.420238280578388 ], [ -2.949885440982139, 53.422801809408739 ], [ -2.947790653707682, 53.42124713712122 ] ] ] } },
{ "type": "Feature", "properties": { "LSOA21CD": "E01006694", "LSOA21NM": "Liverpool 030B", "area_km2": 0.16446920895962286, "pm25_street_mean": 10.255260683241143, "pm25_street_p25": 10.103157844905045, "pm25_street_p75": 10.342023094806519, "pm10_street_mean": 19.779762409400025, "pm10_street_p25": 19.544161222948674, "pm10_street_p75": 19.9198558632852, "n_streets": 26, "PM2.5_lsoa_pred": 10.086523808306273, "PM10_lsoa_pred": 19.911915291229025, "PM2.5_final": 10.255260683241143, "PM10_final": 19.779762409400025, "score_pm25": "C" }, "geometry": { "type": "Polygon", "coordinates": [ [ [ -2.945729021846585, 53.414737546325554 ], [ -2.948891586029092, 53.414264140636121 ], [ -2.955914397119602, 53.415359550107418 ], [ -2.956504066619956, 53.416124177918562 ], [ -2.955072628944264, 53.416666503332621 ], [ -2.946266273110854, 53.417250177671605 ], [ -2.945729021846585, 53.414737546325554 ] ] ] } },
{ "type": "Feature", "properties": { "LSOA21CD": "E01006695", "LSOA21NM": "Liverpool 028C", "area_km2": 0.11377742871483953, "pm25_street_mean": 10.46194119743134, "pm25_street_p25": 10.06792465568979, "pm25_street_p75": 10.16626800031084, "pm10_street_mean": 20.284488023912459, "pm10_street_p25": 19.553210576089469, "pm10_street_p75": 19.756620973154885, "n_streets": 9, "PM2.5_lsoa_pred": 10.111652332485484, "PM10_lsoa_pred": 19.949945106232871, "PM2.5_final": 10.46194119743134, "PM10_final": 20.284488023912459, "score_pm25": "C" }, "geometry": { "type": "Polygon", "coordinates": [ [ [ -2.940124887364813, 53.413042517249927 ], [ -2.941041807555143, 53.412852849514266 ], [ -2.945729021846585, 53.414737546325554 ], [ -2.946266273110854, 53.417250177671605 ], [ -2.946286068322125, 53.417301676306323 ], [ -2.943494094478785, 53.417765513001072 ], [ -2.940124887364813, 53.413042517249927 ] ] ] } },
{ "type": "Feature", "properties": { "LSOA21CD": "E01006585", "LSOA21NM": "Liverpool 032B", "area_km2": 0.24616433197096713, "pm25_street_mean": 8.9618962928695538, "pm25_street_p25": 8.7184770148279362, "pm25_street_p75": 9.0942811811869575, "pm10_street_mean": 17.963425794296768, "pm10_street_p25": 17.537374650031893, "pm10_street_p75": 18.197007215861056, "n_streets": 20, "PM2.5_lsoa_pred": 10.046026554826494, "PM10_lsoa_pred": 19.850626253838048, "PM2.5_final": 8.9618962928695538, "PM10_final": 17.963425794296768, "score_pm25": "B" }, "geometry": { "type": "Polygon", "coordinates": [ [ [ -2.909472005133615, 53.4078466971918 ], [ -2.904446424530152, 53.406123535669153 ], [ -2.908151921315204, 53.403925049200907 ], [ -2.912947327406253, 53.40316982860444 ], [ -2.913628183946271, 53.405623878316462 ], [ -2.914358929759597, 53.409470007801787 ], [ -2.909472005133615, 53.4078466971918 ] ] ] } },
{ "type": "Feature", "properties": { "LSOA21CD": "E01006586", "LSOA21NM": "Liverpool 032C", "area_km2": 0.33572936804057968, "pm25_street_mean": 10.241806585518704, "pm25_street_p25": 8.8040267089278714, "pm25_street_p75": 11.473081728071527, "pm10_street_mean": 20.258429683216352, "pm10_street_p25": 17.779151142632728, "pm10_street_p75": 22.414958190770388, "n_streets": 54, "PM2.5_lsoa_pred": 10.001628090941043, "PM10_lsoa_pred": 19.783433077033202, "PM2.5_final": 10.241806585518704, "PM10_final": 20.258429683216352, "score_pm25": "C" }, "geometry": { "type": "Polygon", "coordinates": [ [ [ -2.906423662714779, 53.40259164539826 ], [ -2.909892361965612, 53.397639668346962 ], [ -2.916154904072865, 53.397192444499602 ], [ -2.920490875349259, 53.399885876509728 ], [ -2.914501924506568, 53.399602965467437 ], [ -2.912947327406253, 53.40316982860444 ], [ -2.908151921315204, 53.403925049200907 ], [ -2.906423662714779, 53.40259164539826 ] ] ] } },
{ "type": "Feature", "properties": { "LSOA21CD": "E01006587", "LSOA21NM": "Liverpool 032D", "area_km2": 0.32553025895534687, "pm25_street_mean": 9.848646428927271, "pm25_street_p25": 8.5354369371979946, "pm25_street_p75": 11.122990198383956, "pm10_street_mean": 19.411134477977278, "pm10_street_p25": 17.1568967339749, "pm10_street_p75": 21.557222811742832, "n_streets": 36, "PM2.5_lsoa_pred": 10.006683911786496, "PM10_lsoa_pred": 19.791084617970263, "PM2.5_final": 9.848646428927271, "PM10_final": 19.411134477977278, "score_pm25": "B" }, "geometry": { "type": "Polygon", "coordinates": [ [ [ -2.912947327406253, 53.40316982860444 ], [ -2.914501924506568, 53.399602965467437 ], [ -2.920490875349259, 53.399885876509728 ], [ -2.921589301288002, 53.400597950823752 ], [ -2.920883777199905, 53.402347078415303 ], [ -2.921862140516344, 53.405198253712193 ], [ -2.913628183946271, 53.405623878316462 ], [ -2.912947327406253, 53.40316982860444 ] ] ] } },
{ "type": "Feature", "properties": { "LSOA21CD": "E01006588", "LSOA21NM": "Liverpool 042C", "area_km2": 0.41189201657816638, "pm25_street_mean": 10.207468350477976, "pm25_street_p25": 9.5285813246174165, "pm25_street_p75": 10.302573961491531, "pm10_street_mean": 20.168663354914955, "pm10_street_p25": 19.011598732497202, "pm10_street_p75": 20.215414488724072, "n_streets": 21, "PM2.5_lsoa_pred": 9.9638733514924027, "PM10_lsoa_pred": 19.726294593829401, "PM2.5_final": 10.207468350477976, "PM10_final": 20.168663354914955, "score_pm25": "C" }, "geometry": { "type": "Polygon", "coordinates": [ [ [ -2.920490875349259, 53.399885876509728 ], [ -2.916154904072865, 53.397192444499602 ], [ -2.910673194418504, 53.393933949358484 ], [ -2.911640987589412, 53.391290738734035 ], [ -2.923006941091511, 53.394409117588701 ], [ -2.92293686897222, 53.395491903284658 ], [ -2.922212112823681, 53.399177219451403 ], [ -2.921589301288002, 53.400597950823752 ], [ -2.920490875349259, 53.399885876509728 ] ] ] } },
{ "type": "Feature", "properties": { "LSOA21CD": "E01006589", "LSOA21NM": "Liverpool 041B", "area_km2": 0.21812346362486867, "pm25_street_mean": 8.7434549088585491, "pm25_street_p25": 8.6010071645291646, "pm25_street_p75": 9.0490574870911669, "pm10_street_mean": 17.707099031357423, "pm10_street_p25": 17.45632765607359, "pm10_street_p75": 18.201969436432911, "n_streets": 19, "PM2.5_lsoa_pred": 10.059926749983156, "PM10_lsoa_pred": 19.871662978739007, "PM2.5_final": 8.7434549088585491, "PM10_final": 17.707099031357423, "score_pm25": "B" }, "geometry": { "type": "Polygon", "coordinates": [ [ [ -2.904689374818444, 53.396512242472156 ], [ -2.90654655707377, 53.393047443502063 ], [ -2.910673194418504, 53.393933949358484 ], [ -2.916154904072865, 53.397192444499602 ], [ -2.909892361965612, 53.397639668346962 ], [ -2.904689374818444, 53.396512242472156 ] ] ] } },
{ "type": "Feature", "properties": { "LSOA21CD": "E01006590", "LSOA21NM": "Liverpool 042D", "area_km2": 0.22983428712634701, "pm25_street_mean": 11.818086240876875, "pm25_street_p25": 11.025354270734898, "pm25_street_p75": 12.531608306872927, "pm10_street_mean": 22.877931264047803, "pm10_street_p25": 21.404248921861594, "pm10_street_p75": 23.953195279045985, "n_streets": 18, "PM2.5_lsoa_pred": 10.054121554148754, "PM10_lsoa_pred": 19.862877324552993, "PM2.5_final": 11.818086240876875, "PM10_final": 22.877931264047803, "score_pm25": "C" }, "geometry": { "type": "Polygon", "coordinates": [ [ [ -2.911640987589412, 53.391290738734035 ], [ -2.913320024177862, 53.388715364865021 ], [ -2.916923140902941, 53.391099525000818 ], [ -2.921691680990064, 53.389869124721017 ], [ -2.923271621006746, 53.390057357469708 ], [ -2.923006941091511, 53.394409117588701 ], [ -2.911640987589412, 53.391290738734035 ] ] ] } },
{ "type": "Feature", "properties": { "LSOA21CD": "E01006591", "LSOA21NM": "Liverpool 041C", "area_km2": 0.19817931845488393, "pm25_street_mean": 10.944360958528884, "pm25_street_p25": 10.685080456709771, "pm25_street_p75": 11.407578580366152, "pm10_street_mean": 21.257854147990233, "pm10_street_p25": 20.793634845954234, "pm10_street_p75": 22.053880755707485, "n_streets": 36, "PM2.5_lsoa_pred": 10.069813302235168, "PM10_lsoa_pred": 19.886625407510728, "PM2.5_final": 10.944360958528884, "PM10_final": 21.257854147990233, "score_pm25": "C" }, "geometry": { "type": "Polygon", "coordinates": [ [ [ -2.90654655707377, 53.393047443502063 ], [ -2.904846768906729, 53.392340744568266 ], [ -2.910135635216029, 53.390974078133453 ], [ -2.90857397882842, 53.386527877252796 ], [ -2.908731176180278, 53.38646720990522 ], [ -2.913163444044352, 53.386730815091006 ], [ -2.913320024177862, 53.388715364865021 ], [ -2.911640987589412, 53.391290738734035 ], [ -2.910673194418504, 53.393933949358484 ], [ -2.90654655707377, 53.393047443502063 ] ] ] } },
{ "type": "Feature", "properties": { "LSOA21CD": "E01006592", "LSOA21NM": "Liverpool 041D", "area_km2": 0.41281469045612307, "pm25_street_mean": 10.524461512304915, "pm25_street_p25": 9.2571048655739059, "pm25_street_p75": 11.02184953634039, "pm10_street_mean": 20.64187216610393, "pm10_street_p25": 18.522909623482715, "pm10_street_p75": 21.382463078174169, "n_streets": 26, "PM2.5_lsoa_pred": 9.9634159709715409, "PM10_lsoa_pred": 19.725602388570124, "PM2.5_final": 10.524461512304915, "PM10_final": 20.64187216610393, "score_pm25": "C" }, "geometry": { "type": "Polygon", "coordinates": [ [ [ -2.897145942301533, 53.390023650839289 ], [ -2.898922885200425, 53.386633954108767 ], [ -2.90857397882842, 53.386527877252796 ], [ -2.910135635216029, 53.390974078133453 ], [ -2.904846768906729, 53.392340744568266 ], [ -2.897145942301533, 53.390023650839289 ] ] ] } },
{ "type": "Feature", "properties": { "LSOA21CD": "E01006593", "LSOA21NM": "Liverpool 042E", "area_km2": 0.19815982545426208, "pm25_street_mean": 12.546457255889413, "pm25_street_p25": 11.473774627019896, "pm25_street_p75": 12.8415218246789, "pm10_street_mean": 24.02086164138699, "pm10_street_p25": 22.24447255910642, "pm10_street_p75": 24.431576920437152, "n_streets": 22, "PM2.5_lsoa_pred": 10.069822965149651, "PM10_lsoa_pred": 19.88664003148337, "PM2.5_final": 12.546457255889413, "PM10_final": 24.02086164138699, "score_pm25": "C" }, "geometry": { "type": "Polygon", "coordinates": [ [ [ -2.913320024177862, 53.388715364865021 ], [ -2.913163444044352, 53.386730815091006 ], [ -2.91742018924287, 53.385284008910816 ], [ -2.919872977250538, 53.384505998166354 ], [ -2.917475894809825, 53.387854588485702 ], [ -2.921691680990064, 53.389869124721017 ], [ -2.916923140902941, 53.391099525000818 ], [ -2.913320024177862, 53.388715364865021 ] ] ] } },
{ "type": "Feature", "properties": { "LSOA21CD": "E01006594", "LSOA21NM": "Liverpool 047D", "area_km2": 0.33756357610560933, "pm25_street_mean": 9.545741874343312, "pm25_street_p25": 9.3829712355825645, "pm25_street_p75": 9.6488947409949883, "pm10_street_mean": 19.045704184990463, "pm10_street_p25": 18.761559703173209, "pm10_street_p75": 19.232809198612458, "n_streets": 31, "PM2.5_lsoa_pred": 10.000718851977858, "PM10_lsoa_pred": 19.782057023695664, "PM2.5_final": 9.545741874343312, "PM10_final": 19.045704184990463, "score_pm25": "B" }, "geometry": { "type": "Polygon", "coordinates": [ [ [ -2.89470435447854, 53.389465547554728 ], [ -2.886710639467944, 53.387865161099299 ], [ -2.885436992197083, 53.38511136989721 ], [ -2.889954438085041, 53.384332636304741 ], [ -2.898922885200425, 53.386633954108767 ], [ -2.897145942301533, 53.390023650839289 ], [ -2.89470435447854, 53.389465547554728 ] ] ] } },
{ "type": "Feature", "properties": { "LSOA21CD": "E01006595", "LSOA21NM": "Liverpool 049B", "area_km2": 0.1651865849159542, "pm25_street_mean": 11.2819490506071, "pm25_street_p25": 11.230761000452745, "pm25_street_p75": 11.389427757348143, "pm10_street_mean": 22.02704421308621, "pm10_street_p25": 21.921004023849527, "pm10_street_p75": 22.185866972997886, "n_streets": 14, "PM2.5_lsoa_pred": 10.086168196430398, "PM10_lsoa_pred": 19.911377103878419, "PM2.5_final": 11.2819490506071, "PM10_final": 22.02704421308621, "score_pm25": "C" }, "geometry": { "type": "Polygon", "coordinates": [ [ [ -2.911428929627377, 53.381255391629104 ], [ -2.915367704232064, 53.379189786638101 ], [ -2.918665124703482, 53.383113857738167 ], [ -2.919872977250538, 53.384505998166354 ], [ -2.91742018924287, 53.385284008910816 ], [ -2.911428929627377, 53.381255391629104 ] ] ] } },
{ "type": "Feature", "properties": { "LSOA21CD": "E01006596", "LSOA21NM": "Liverpool 049C", "area_km2": 0.26462535389094627, "pm25_street_mean": 11.569682493318764, "pm25_street_p25": 11.244440334552625, "pm25_street_p75": 11.978779087417717, "pm10_street_mean": 22.434454732253059, "pm10_street_p25": 21.842545151940527, "pm10_street_p75": 23.191176884252336, "n_streets": 31, "PM2.5_lsoa_pred": 10.036875204578998, "PM10_lsoa_pred": 19.836776488747759, "PM2.5_final": 11.569682493318764, "PM10_final": 22.434454732253059, "score_pm25": "C" }, "geometry": { "type": "Polygon", "coordinates": [ [ [ -2.908731176180278, 53.38646720990522 ], [ -2.905943651266063, 53.383778273763966 ], [ -2.907920338021177, 53.382849998039234 ], [ -2.911428929627377, 53.381255391629104 ], [ -2.91742018924287, 53.385284008910816 ], [ -2.913163444044352, 53.386730815091006 ], [ -2.908731176180278, 53.38646720990522 ] ] ] } },
{ "type": "Feature", "properties": { "LSOA21CD": "E01006597", "LSOA21NM": "Liverpool 041E", "area_km2": 0.27848533921274277, "pm25_street_mean": 12.006423879926404, "pm25_street_p25": 10.360079352369127, "pm25_street_p75": 10.961546765044019, "pm10_street_mean": 23.26342147007502, "pm10_street_p25": 20.374410921319093, "pm10_street_p75": 21.28209430270217, "n_streets": 21, "PM2.5_lsoa_pred": 10.030004643422918, "PM10_lsoa_pred": 19.826378497688882, "PM2.5_final": 12.006423879926404, "PM10_final": 23.26342147007502, "score_pm25": "C" }, "geometry": { "type": "Polygon", "coordinates": [ [ [ -2.889954438085041, 53.384332636304741 ], [ -2.892681600700233, 53.383857386549103 ], [ -2.905943651266063, 53.383778273763966 ], [ -2.908731176180278, 53.38646720990522 ], [ -2.90857397882842, 53.386527877252796 ], [ -2.898922885200425, 53.386633954108767 ], [ -2.889954438085041, 53.384332636304741 ] ] ] } },
{ "type": "Feature", "properties": { "LSOA21CD": "E01006598", "LSOA21NM": "Liverpool 010A", "area_km2": 0.22770327897712195, "pm25_street_mean": 11.628762682227336, "pm25_street_p25": 11.212172288022515, "pm25_street_p75": 12.142990917690817, "pm10_street_mean": 22.267042140323397, "pm10_street_p25": 21.576213412018731, "pm10_street_p75": 23.06933062157556, "n_streets": 29, "PM2.5_lsoa_pred": 10.05517792047768, "PM10_lsoa_pred": 19.864476042240465, "PM2.5_final": 11.628762682227336, "PM10_final": 22.267042140323397, "score_pm25": "C" }, "geometry": { "type": "Polygon", "coordinates": [ [ [ -2.91216942700377, 53.446566422051255 ], [ -2.918578763653682, 53.443102667945446 ], [ -2.919578272517349, 53.442546585493758 ], [ -2.923163159072594, 53.444992482714099 ], [ -2.916217830818538, 53.447923684027579 ], [ -2.913563461338929, 53.4489855155282 ], [ -2.91216942700377, 53.446566422051255 ] ] ] } },
{ "type": "Feature", "properties": { "LSOA21CD": "E01006599", "LSOA21NM": "Liverpool 010B", "area_km2": 0.19293477438282222, "pm25_street_mean": 13.139845505008823, "pm25_street_p25": 12.352291851247454, "pm25_street_p75": 12.548089969072421, "pm10_street_mean": 24.889971391367592, "pm10_street_p25": 23.576609433898803, "pm10_street_p75": 23.917912552896272, "n_streets": 18, "PM2.5_lsoa_pred": 10.072413085708689, "PM10_lsoa_pred": 19.890559951531017, "PM2.5_final": 13.139845505008823, "PM10_final": 24.889971391367592, "score_pm25": "C" }, "geometry": { "type": "Polygon", "coordinates": [ [ [ -2.909699401739371, 53.440444145399702 ], [ -2.913560445718063, 53.438432445985264 ], [ -2.91360893453392, 53.438464030324432 ], [ -2.913027649341778, 53.442706464794391 ], [ -2.918578763653682, 53.443102667945446 ], [ -2.91216942700377, 53.446566422051255 ], [ -2.909699401739371, 53.440444145399702 ] ] ] } },
{ "type": "Feature", "properties": { "LSOA21CD": "E01006600", "LSOA21NM": "Liverpool 011A", "area_km2": 0.18563388841977407, "pm25_street_mean": 12.774318004421762, "pm25_street_p25": 11.177236638334485, "pm25_street_p75": 14.518256111428068, "pm10_street_mean": 24.481313781110611, "pm10_street_p25": 21.75993774940688, "pm10_street_p75": 27.426454874924779, "n_streets": 15, "PM2.5_lsoa_pred": 10.076032222550328, "PM10_lsoa_pred": 19.896037197372419, "PM2.5_final": 12.774318004421762, "PM10_final": 24.481313781110611, "score_pm25": "C" }, "geometry": { "type": "Polygon", "coordinates": [ [ [ -2.928209103388862, 53.440664070816048 ], [ -2.921162016933545, 53.438507383264714 ], [ -2.925374457492997, 53.437408595498837 ], [ -2.932958707956295, 53.436878712428701 ], [ -2.933266391881637, 53.440735452473916 ], [ -2.931444651424681, 53.438282948385442 ], [ -2.928209103388862, 53.440664070816048 ] ] ] } },
{ "type": "Feature", "properties": { "LSOA21CD": "E01006603", "LSOA21NM": "Liverpool 011B", "area_km2": 0.25255901594783553, "pm25_street_mean": 10.744061738804715, "pm25_street_p25": 10.050094404745693, "pm25_street_p75": 10.705623955931884, "pm10_street_mean": 21.057181569460653, "pm10_street_p25": 19.859802949687499, "pm10_street_p75": 20.961524475548423, "n_streets": 27, "PM2.5_lsoa_pred": 10.042856633191168, "PM10_lsoa_pred": 19.845828855769287, "PM2.5_final": 10.744061738804715, "PM10_final": 21.057181569460653, "score_pm25": "C" }, "geometry": { "type": "Polygon", "coordinates": [ [ [ -2.928209103388862, 53.440664070816048 ], [ -2.931444651424681, 53.438282948385442 ], [ -2.933266391881637, 53.440735452473916 ], [ -2.932958707956295, 53.436878712428701 ], [ -2.933030613976243, 53.436725340248529 ], [ -2.937493024480159, 53.436479790564135 ], [ -2.938158449423199, 53.440785922494214 ], [ -2.938170974677309, 53.440874723767045 ], [ -2.931692566904759, 53.44230574067025 ], [ -2.931517781878795, 53.442323931233716 ], [ -2.928209103388862, 53.440664070816048 ] ] ] } },
{ "type": "Feature", "properties": { "LSOA21CD": "E01006604", "LSOA21NM": "Liverpool 016A", "area_km2": 0.36572261047859778, "pm25_street_mean": 13.657448658120936, "pm25_street_p25": 11.080172353463901, "pm25_street_p75": 14.443951195251385, "pm10_street_mean": 26.000867818753608, "pm10_street_p25": 21.551702983704686, "pm10_street_p75": 27.389562556712413, "n_streets": 27, "PM2.5_lsoa_pred": 9.9867600805027195, "PM10_lsoa_pred": 19.760931648679822, "PM2.5_final": 13.657448658120936, "PM10_final": 26.000867818753608, "score_pm25": "C" }, "geometry": { "type": "Polygon", "coordinates": [ [ [ -2.91360893453392, 53.438464030324432 ], [ -2.913560445718063, 53.438432445985264 ], [ -2.917183553847389, 53.436661649442193 ], [ -2.923918769912425, 53.431807307918234 ], [ -2.927723014565597, 53.434623310692608 ], [ -2.925374457492997, 53.437408595498837 ], [ -2.921162016933545, 53.438507383264714 ], [ -2.919386316972266, 53.439932313952042 ], [ -2.91360893453392, 53.438464030324432 ] ] ] } },
{ "type": "Feature", "properties": { "LSOA21CD": "E01006605", "LSOA21NM": "Liverpool 016B", "area_km2": 0.32679782466912499, "pm25_street_mean": 11.172834779820915, "pm25_street_p25": 9.9454194107688423, "pm25_street_p75": 10.8591816256247, "pm10_street_mean": 21.734589276986132, "pm10_street_p25": 19.601677067548351, "pm10_street_p75": 21.198059312290994, "n_streets": 27, "PM2.5_lsoa_pred": 10.006055564241123, "PM10_lsoa_pred": 19.790133669130679, "PM2.5_final": 11.172834779820915, "PM10_final": 21.734589276986132, "score_pm25": "C" }, "geometry": { "type": "Polygon", "coordinates": [ [ [ -2.923918769912425, 53.431807307918234 ], [ -2.927205329440833, 53.428230488262372 ], [ -2.929323699018537, 53.430191424320817 ], [ -2.931019687121091, 53.431752233074064 ], [ -2.933030613976243, 53.436725340248529 ], [ -2.932958707956295, 53.436878712428701 ], [ -2.925374457492997, 53.437408595498837 ], [ -2.927723014565597, 53.434623310692608 ], [ -2.923918769912425, 53.431807307918234 ] ] ] } },
{ "type": "Feature", "properties": { "LSOA21CD": "E01006606", "LSOA21NM": "Liverpool 020A", "area_km2": 0.42588088674499425, "pm25_street_mean": 9.5246100375416898, "pm25_street_p25": 9.4077251436196203, "pm25_street_p75": 9.6574350133702715, "pm10_street_mean": 18.898593276308961, "pm10_street_p25": 18.711875293879842, "pm10_street_p75": 19.066699316297488, "n_streets": 27, "PM2.5_lsoa_pred": 9.9569389005709805, "PM10_lsoa_pred": 19.715799911220341, "PM2.5_final": 9.5246100375416898, "PM10_final": 18.898593276308961, "score_pm25": "B" }, "geometry": { "type": "Polygon", "coordinates": [ [ [ -2.931019687121091, 53.431752233074064 ], [ -2.936607082419086, 53.429507751680305 ], [ -2.937852660159623, 53.428779477544339 ], [ -2.942029821099915, 53.435236098264909 ], [ -2.943643833548424, 53.436508337033573 ], [ -2.937493024480159, 53.436479790564135 ], [ -2.933030613976243, 53.436725340248529 ], [ -2.931019687121091, 53.431752233074064 ] ] ] } },
{ "type": "Feature", "properties": { "LSOA21CD": "E01006607", "LSOA21NM": "Liverpool 008A", "area_km2": 0.14537853435398235, "pm25_street_mean": 9.3857209357088447, "pm25_street_p25": 8.9743735262671507, "pm25_street_p75": 9.7535030800579285, "pm10_street_mean": 18.600092078873526, "pm10_street_p25": 17.904068675671134, "pm10_street_p75": 19.216784228999892, "n_streets": 11, "PM2.5_lsoa_pred": 10.095987284950983, "PM10_lsoa_pred": 19.926237432216091, "PM2.5_final": 9.3857209357088447, "PM10_final": 18.600092078873526, "score_pm25": "B" }, "geometry": { "type": "Polygon", "coordinates": [ [ [ -2.945012574420935, 53.441808853235756 ], [ -2.945826410578275, 53.440813484285428 ], [ -2.950616177318304, 53.444964257714567 ], [ -2.945303608543714, 53.44754014688629 ], [ -2.945012574420935, 53.441808853235756 ] ] ] } },
{ "type": "Feature", "properties": { "LSOA21CD": "E01006608", "LSOA21NM": "Liverpool 009A", "area_km2": 0.29870414599301787, "pm25_street_mean": 10.874303891940173, "pm25_street_p25": 9.3720516725705565, "pm25_street_p75": 12.209414597199951, "pm10_street_mean": 21.263961699981579, "pm10_street_p25": 18.515374750684117, "pm10_street_p75": 23.717331711166729, "n_streets": 16, "PM2.5_lsoa_pred": 10.019981938112521, "PM10_lsoa_pred": 19.811210013217842, "PM2.5_final": 10.874303891940173, "PM10_final": 21.263961699981579, "score_pm25": "C" }, "geometry": { "type": "Polygon", "coordinates": [ [ [ -2.949021380747485, 53.450480422752705 ], [ -2.959028923978468, 53.448141973609779 ], [ -2.954704825902688, 53.444838437791482 ], [ -2.962770499219046, 53.444500040870857 ], [ -2.966036096552151, 53.447663356713285 ], [ -2.965967318405994, 53.447703635662045 ], [ -2.954150001521395, 53.450638277413759 ], [ -2.949021380747485, 53.450480422752705 ] ] ] } },
{ "type": "Feature", "properties": { "LSOA21CD": "E01006609", "LSOA21NM": "Liverpool 009B", "area_km2": 0.13009823660693784, "pm25_street_mean": 9.2730768431329924, "pm25_street_p25": 9.1601623330348012, "pm25_street_p75": 9.4260621522777974, "pm10_street_mean": 18.416081172540967, "pm10_street_p25": 18.24556481328047, "pm10_street_p75": 18.626471878349605, "n_streets": 20, "PM2.5_lsoa_pred": 10.103561912031509, "PM10_lsoa_pred": 19.937700965233038, "PM2.5_final": 9.2730768431329924, "PM10_final": 18.416081172540967, "score_pm25": "B" }, "geometry": { "type": "Polygon", "coordinates": [ [ [ -2.95527413851813, 53.441250219022848 ], [ -2.960684463166074, 53.442753369373783 ], [ -2.960779152743432, 53.442763899436535 ], [ -2.962770499219046, 53.444500040870857 ], [ -2.954704825902688, 53.444838437791482 ], [ -2.95527413851813, 53.441250219022848 ] ] ] } },
{ "type": "Feature", "properties": { "LSOA21CD": "E01006610", "LSOA21NM": "Liverpool 009C", "area_km2": 0.18330873827550356, "pm25_street_mean": 10.183288523634815, "pm25_street_p25": 9.7502546292526482, "pm25_street_p75": 10.591345595940876, "pm10_street_mean": 19.696061354821897, "pm10_street_p25": 19.049417594363973, "pm10_street_p75": 20.388086322705426, "n_streets": 24, "PM2.5_lsoa_pred": 10.077184827397474, "PM10_lsoa_pred": 19.897781563607257, "PM2.5_final": 10.183288523634815, "PM10_final": 19.696061354821897, "score_pm25": "C" }, "geometry": { "type": "Polygon", "coordinates": [ [ [ -2.962770499219046, 53.444500040870857 ], [ -2.960779152743432, 53.442763899436535 ], [ -2.967849986312062, 53.443084290716854 ], [ -2.970648388936223, 53.443086253595297 ], [ -2.97048295712283, 53.44338366429745 ], [ -2.967016366573453, 53.447584862056978 ], [ -2.966036096552151, 53.447663356713285 ], [ -2.962770499219046, 53.444500040870857 ] ] ] } },
{ "type": "Feature", "properties": { "LSOA21CD": "E01006611", "LSOA21NM": "Liverpool 012A", "area_km2": 0.062802837505440412, "pm25_street_mean": 11.264230315203426, "pm25_street_p25": 11.151845581937195, "pm25_street_p75": 11.404877263949816, "pm10_street_mean": 21.45526949270571, "pm10_street_p25": 21.256981770827004, "pm10_street_p75": 21.683578123724061, "n_streets": 9, "PM2.5_lsoa_pred": 10.136921049455879, "PM10_lsoa_pred": 19.988187090716927, "PM2.5_final": 11.264230315203426, "PM10_final": 21.45526949270571, "score_pm25": "C" }, "geometry": { "type": "Polygon", "coordinates": [ [ [ -2.967849986312062, 53.443084290716854 ], [ -2.967866260478109, 53.440045311019922 ], [ -2.967569709819014, 53.438601208250461 ], [ -2.970772447075599, 53.441521172536611 ], [ -2.970648388936223, 53.443086253595297 ], [ -2.967849986312062, 53.443084290716854 ] ] ] } },
{ "type": "Feature", "properties": { "LSOA21CD": "E01006612", "LSOA21NM": "Liverpool 008B", "area_km2": 0.24954039110911491, "pm25_street_mean": 11.872519734573078, "pm25_street_p25": 10.077031318001698, "pm25_street_p75": 11.843507533512115, "pm10_street_mean": 22.843881376794528, "pm10_street_p25": 19.707888104654018, "pm10_street_p75": 22.769300267178711, "n_streets": 13, "PM2.5_lsoa_pred": 10.044353001771665, "PM10_lsoa_pred": 19.848093478231316, "PM2.5_final": 11.872519734573078, "PM10_final": 22.843881376794528, "score_pm25": "C" }, "geometry": { "type": "Polygon", "coordinates": [ [ [ -2.942265427170475, 53.447848993821474 ], [ -2.939554190943222, 53.444267645443738 ], [ -2.938170974677309, 53.440874723767045 ], [ -2.938158449423199, 53.440785922494214 ], [ -2.945012574420935, 53.441808853235756 ], [ -2.945303608543714, 53.44754014688629 ], [ -2.942619501757791, 53.448240099621188 ], [ -2.942265427170475, 53.447848993821474 ] ] ] } },
{ "type": "Feature", "properties": { "LSOA21CD": "E01006613", "LSOA21NM": "Liverpool 009D", "area_km2": 0.62730555601832216, "pm25_street_mean": 10.987536910134478, "pm25_street_p25": 9.6891479329574537, "pm25_street_p75": 10.762957380293168, "pm10_street_mean": 21.473225958275663, "pm10_street_p25": 19.2424626087519, "pm10_street_p75": 21.002248248499196, "n_streets": 25, "PM2.5_lsoa_pred": 9.8570902732849941, "PM10_lsoa_pred": 19.564687780758838, "PM2.5_final": 10.987536910134478, "PM10_final": 21.473225958275663, "score_pm25": "C" }, "geometry": { "type": "Polygon", "coordinates": [ [ [ -2.943889697694835, 53.4493115597379 ], [ -2.942619501757791, 53.448240099621188 ], [ -2.945303608543714, 53.44754014688629 ], [ -2.950616177318304, 53.444964257714567 ], [ -2.945826410578275, 53.440813484285428 ], [ -2.950777655987979, 53.439685956473852 ], [ -2.95527413851813, 53.441250219022848 ], [ -2.954704825902688, 53.444838437791482 ], [ -2.959028923978468, 53.448141973609779 ], [ -2.949021380747485, 53.450480422752705 ], [ -2.943889697694835, 53.4493115597379 ] ] ] } },
{ "type": "Feature", "properties": { "LSOA21CD": "E01006614", "LSOA21NM": "Liverpool 012B", "area_km2": 0.10870811971714624, "pm25_street_mean": 10.296096702926976, "pm25_street_p25": 9.9367371267833668, "pm25_street_p75": 10.582481368352834, "pm10_street_mean": 19.968901098665693, "pm10_street_p25": 19.383931579765402, "pm10_street_p75": 20.370812250959915, "n_streets": 24, "PM2.5_lsoa_pred": 10.114165249828401, "PM10_lsoa_pred": 19.953748185991536, "PM2.5_final": 10.296096702926976, "PM10_final": 19.968901098665693, "score_pm25": "C" }, "geometry": { "type": "Polygon", "coordinates": [ [ [ -2.960779152743432, 53.442763899436535 ], [ -2.960684463166074, 53.442753369373783 ], [ -2.961969898015457, 53.441211589982281 ], [ -2.967866260478109, 53.440045311019922 ], [ -2.967849986312062, 53.443084290716854 ], [ -2.960779152743432, 53.442763899436535 ] ] ] } },
{ "type": "Feature", "properties": { "LSOA21CD": "E01006615", "LSOA21NM": "Liverpool 012C", "area_km2": 0.10856168591754158, "pm25_street_mean": 9.9916359244021979, "pm25_street_p25": 9.4015583998961816, "pm25_street_p75": 10.373528109138844, "pm10_street_mean": 19.646840900230341, "pm10_street_p25": 18.658205245814905, "pm10_street_p75": 20.147588296196865, "n_streets": 14, "PM2.5_lsoa_pred": 10.114237838821257, "PM10_lsoa_pred": 19.953858043058744, "PM2.5_final": 9.9916359244021979, "PM10_final": 19.646840900230341, "score_pm25": "B" }, "geometry": { "type": "Polygon", "coordinates": [ [ [ -2.963595368100126, 53.43785670410977 ], [ -2.967459417361264, 53.437139027375714 ], [ -2.967666685139359, 53.437691305216276 ], [ -2.967569709819014, 53.438601208250461 ], [ -2.967866260478109, 53.440045311019922 ], [ -2.961969898015457, 53.441211589982281 ], [ -2.963595368100126, 53.43785670410977 ] ] ] } },
{ "type": "Feature", "properties": { "LSOA21CD": "E01006616", "LSOA21NM": "Liverpool 015D", "area_km2": 0.32837727389612736, "pm25_street_mean": 11.059233980697641, "pm25_street_p25": 10.147758370319622, "pm25_street_p75": 12.020589918798322, "pm10_street_mean": 21.589609425775798, "pm10_street_p25": 19.967962608062916, "pm10_street_p75": 23.380373117580632, "n_streets": 21, "PM2.5_lsoa_pred": 10.005272612293117, "PM10_lsoa_pred": 19.788948740102327, "PM2.5_final": 11.059233980697641, "PM10_final": 21.589609425775798, "score_pm25": "C" }, "geometry": { "type": "Polygon", "coordinates": [ [ [ -2.938158449423199, 53.440785922494214 ], [ -2.937493024480159, 53.436479790564135 ], [ -2.943643833548424, 53.436508337033573 ], [ -2.94530815088206, 53.437529252679141 ], [ -2.950777655987979, 53.439685956473852 ], [ -2.945826410578275, 53.440813484285428 ], [ -2.945012574420935, 53.441808853235756 ], [ -2.938158449423199, 53.440785922494214 ] ] ] } },
{ "type": "Feature", "properties": { "LSOA21CD": "E01006617", "LSOA21NM": "Liverpool 021A", "area_km2": 0.40988077822180236, "pm25_street_mean": 10.759860677515261, "pm25_street_p25": 10.351873012102978, "pm25_street_p75": 11.150678202741688, "pm10_street_mean": 21.014418974456486, "pm10_street_p25": 20.31806997469284, "pm10_street_p75": 21.629257910755204, "n_streets": 57, "PM2.5_lsoa_pred": 9.9648703464968005, "PM10_lsoa_pred": 19.727803458230134, "PM2.5_final": 10.759860677515261, "PM10_final": 21.014418974456486, "score_pm25": "C" }, "geometry": { "type": "Polygon", "coordinates": [ [ [ -2.910962548850713, 53.433005068628319 ], [ -2.908719809446341, 53.432286319988265 ], [ -2.910934836752415, 53.427872176229677 ], [ -2.917471304699314, 53.426728871503826 ], [ -2.918213549287747, 53.427087322284684 ], [ -2.921806634680191, 53.429342769845498 ], [ -2.916579569343474, 53.433063453035082 ], [ -2.910962548850713, 53.433005068628319 ] ] ] } },
{ "type": "Feature", "properties": { "LSOA21CD": "E01006618", "LSOA21NM": "Liverpool 016C", "area_km2": 0.22618904093528802, "pm25_street_mean": 10.587686326501183, "pm25_street_p25": 9.0989083584862485, "pm25_street_p75": 11.831087968044287, "pm10_street_mean": 20.80567269627322, "pm10_street_p25": 18.205500695363387, "pm10_street_p75": 23.007730365440953, "n_streets": 18, "PM2.5_lsoa_pred": 10.055928546458135, "PM10_lsoa_pred": 19.865612048755224, "PM2.5_final": 10.587686326501183, "PM10_final": 20.80567269627322, "score_pm25": "C" }, "geometry": { "type": "Polygon", "coordinates": [ [ [ -2.918213549287747, 53.427087322284684 ], [ -2.924101038288036, 53.426876840524095 ], [ -2.927205329440833, 53.428230488262372 ], [ -2.923918769912425, 53.431807307918234 ], [ -2.916579569343474, 53.433063453035082 ], [ -2.921806634680191, 53.429342769845498 ], [ -2.918213549287747, 53.427087322284684 ] ] ] } },
{ "type": "Feature", "properties": { "LSOA21CD": "E01006619", "LSOA21NM": "Liverpool 021B", "area_km2": 0.3368292222468251, "pm25_street_mean": 11.80886908248922, "pm25_street_p25": 10.793975585867621, "pm25_street_p75": 11.572345263092878, "pm10_street_mean": 22.860427252834018, "pm10_street_p25": 21.107662480413424, "pm10_street_p75": 22.455896880763586, "n_streets": 25, "PM2.5_lsoa_pred": 10.00108288000385, "PM10_lsoa_pred": 19.782607948150517, "PM2.5_final": 11.80886908248922, "PM10_final": 22.860427252834018, "score_pm25": "C" }, "geometry": { "type": "Polygon", "coordinates": [ [ [ -2.900517938876456, 53.429403788821404 ], [ -2.9060995111814, 53.426527795192754 ], [ -2.910934836752415, 53.427872176229677 ], [ -2.908719809446341, 53.432286319988265 ], [ -2.903470834588952, 53.434394287582002 ], [ -2.900842623416256, 53.432237718876941 ], [ -2.904885638473786, 53.430438425919334 ], [ -2.900517938876456, 53.429403788821404 ] ] ] } },
{ "type": "Feature", "properties": { "LSOA21CD": "E01006620", "LSOA21NM": "Liverpool 021C", "area_km2": 0.22664310023919329, "pm25_street_mean": 11.370548505101766, "pm25_street_p25": 11.324683477547229, "pm25_street_p75": 11.434537053643121, "pm10_street_mean": 22.03991479714319, "pm10_street_p25": 21.928321907623133, "pm10_street_p75": 22.18099580923198, "n_streets": 16, "PM2.5_lsoa_pred": 10.055703463808801, "PM10_lsoa_pred": 19.865271405928222, "PM2.5_final": 11.370548505101766, "PM10_final": 22.03991479714319, "score_pm25": "C" }, "geometry": { "type": "Polygon", "coordinates": [ [ [ -2.895337006587348, 53.426999501527398 ], [ -2.901652051511067, 53.424283141544123 ], [ -2.9060995111814, 53.426527795192754 ], [ -2.900517938876456, 53.429403788821404 ], [ -2.898861841698076, 53.429935226304067 ], [ -2.895337006587348, 53.426999501527398 ] ] ] } },
{ "type": "Feature", "properties": { "LSOA21CD": "E01006621", "LSOA21NM": "Liverpool 021D", "area_km2": 0.67940008416035658, "pm25_street_mean": 10.237915489165204, "pm25_street_p25": 9.3766071339579522, "pm25_street_p75": 10.221878038653561, "pm10_street_mean": 20.202384945942988, "pm10_street_p25": 18.643970278449903, "pm10_street_p75": 20.138663861259033, "n_streets": 51, "PM2.5_lsoa_pred": 9.8312663901287802, "PM10_lsoa_pred": 19.525605600997395, "PM2.5_final": 10.237915489165204, "PM10_final": 20.202384945942988, "score_pm25": "C" }, "geometry": { "type": "Polygon", "coordinates": [ [ [ -2.9060995111814, 53.426527795192754 ], [ -2.901652051511067, 53.424283141544123 ], [ -2.898813612482501, 53.421593480460167 ], [ -2.899220724121042, 53.421481811851592 ], [ -2.907901345097682, 53.419243334374904 ], [ -2.914320523637889, 53.422316619366612 ], [ -2.915311459248241, 53.423701930744613 ], [ -2.917471304699314, 53.426728871503826 ], [ -2.910934836752415, 53.427872176229677 ], [ -2.9060995111814, 53.426527795192754 ] ] ] } },
{ "type": "Feature", "properties": { "LSOA21CD": "E01006622", "LSOA21NM": "Liverpool 021E", "area_km2": 0.24094112927420161, "pm25_street_mean": 10.826299328576571, "pm25_street_p25": 10.655548108643041, "pm25_street_p75": 10.931894841350934, "pm10_street_mean": 21.211581658043681, "pm10_street_p25": 20.97026521642815, "pm10_street_p75": 21.346682125736287, "n_streets": 16, "PM2.5_lsoa_pred": 10.048615759124012, "PM10_lsoa_pred": 19.854544787204333, "PM2.5_final": 10.826299328576571, "PM10_final": 21.211581658043681, "score_pm25": "C" }, "geometry": { "type": "Polygon", "coordinates": [ [ [ -2.890032903367994, 53.424800073854982 ], [ -2.890281225636304, 53.424235733727535 ], [ -2.898813612482501, 53.421593480460167 ], [ -2.901652051511067, 53.424283141544123 ], [ -2.895337006587348, 53.426999501527398 ], [ -2.890032903367994, 53.424800073854982 ] ] ] } },
{ "type": "Feature", "properties": { "LSOA21CD": "E01006623", "LSOA21NM": "Liverpool 013A", "area_km2": 0.48480054308111709, "pm25_street_mean": 13.586366059271022, "pm25_street_p25": 11.442401418428535, "pm25_street_p75": 14.934909118826345, "pm10_street_mean": 26.091918967983226, "pm10_street_p25": 22.319404407861395, "pm10_street_p75": 28.329358377518048, "n_streets": 45, "PM2.5_lsoa_pred": 9.9277317194121473, "PM10_lsoa_pred": 19.671597406993168, "PM2.5_final": 13.586366059271022, "PM10_final": 26.091918967983226, "score_pm25": "C" }, "geometry": { "type": "Polygon", "coordinates": [ [ [ -2.90699805015818, 53.437516214348406 ], [ -2.907845158062155, 53.441389416806487 ], [ -2.903703871047597, 53.443412367419953 ], [ -2.89919289500339, 53.445979036000828 ], [ -2.896079804233909, 53.441802530085717 ], [ -2.902889237522653, 53.435799896251822 ], [ -2.90699805015818, 53.437516214348406 ] ] ] } },
{ "type": "Feature", "properties": { "LSOA21CD": "E01006624", "LSOA21NM": "Liverpool 013B", "area_km2": 0.38213826040586851, "pm25_street_mean": 13.360164796114629, "pm25_street_p25": 12.345886340419751, "pm25_street_p75": 14.415573056180001, "pm10_street_mean": 25.680988431648313, "pm10_street_p25": 23.991525031253353, "pm10_street_p75": 27.501409505354253, "n_streets": 43, "PM2.5_lsoa_pred": 9.9786226457130347, "PM10_lsoa_pred": 19.748616355610856, "PM2.5_final": 13.360164796114629, "PM10_final": 25.680988431648313, "score_pm25": "C" }, "geometry": { "type": "Polygon", "coordinates": [ [ [ -2.887081203848412, 53.442598615085039 ], [ -2.879328281410224, 53.438850576914199 ], [ -2.890267827557866, 53.434815586747746 ], [ -2.892738422549129, 53.434135153315687 ], [ -2.896863976149316, 53.434260589112178 ], [ -2.888413474924671, 53.43873481209986 ], [ -2.888167942702156, 53.443290413397868 ], [ -2.887081203848412, 53.442598615085039 ] ] ] } },
{ "type": "Feature", "properties": { "LSOA21CD": "E01006625", "LSOA21NM": "Liverpool 016D", "area_km2": 0.23795112505328567, "pm25_street_mean": 12.657753171077772, "pm25_street_p25": 11.809714409501437, "pm25_street_p75": 12.93195568928331, "pm10_street_mean": 24.258717458077225, "pm10_street_p25": 22.793099974443127, "pm10_street_p75": 24.694252275068102, "n_streets": 23, "PM2.5_lsoa_pred": 10.050097940120583, "PM10_lsoa_pred": 19.856787938003794, "PM2.5_final": 12.657753171077772, "PM10_final": 24.258717458077225, "score_pm25": "C" }, "geometry": { "type": "Polygon", "coordinates": [ [ [ -2.90699805015818, 53.437516214348406 ], [ -2.909380808181192, 53.434888896514316 ], [ -2.917183553847389, 53.436661649442193 ], [ -2.913560445718063, 53.438432445985264 ], [ -2.909699401739371, 53.440444145399702 ], [ -2.907845158062155, 53.441389416806487 ], [ -2.90699805015818, 53.437516214348406 ] ] ] } },
{ "type": "Feature", "properties": { "LSOA21CD": "E01006626", "LSOA21NM": "Liverpool 016E", "area_km2": 0.23967522627980903, "pm25_street_mean": 11.489726174485192, "pm25_street_p25": 11.411048472893771, "pm25_street_p75": 11.705799969740225, "pm10_street_mean": 22.219946613580149, "pm10_street_p25": 22.073503740017959, "pm10_street_p75": 22.595007937353063, "n_streets": 26, "PM2.5_lsoa_pred": 10.04924328243942, "PM10_lsoa_pred": 19.855494488644233, "PM2.5_final": 11.489726174485192, "PM10_final": 22.219946613580149, "score_pm25": "C" }, "geometry": { "type": "Polygon", "coordinates": [ [ [ -2.909380808181192, 53.434888896514316 ], [ -2.910962548850713, 53.433005068628319 ], [ -2.916579569343474, 53.433063453035082 ], [ -2.923918769912425, 53.431807307918234 ], [ -2.917183553847389, 53.436661649442193 ], [ -2.909380808181192, 53.434888896514316 ] ] ] } },
{ "type": "Feature", "properties": { "LSOA21CD": "E01006627", "LSOA21NM": "Liverpool 013C", "area_km2": 1.1642581559804286, "pm25_street_mean": 14.351006454731518, "pm25_street_p25": 11.901304666081066, "pm25_street_p75": 15.774126178135887, "pm10_street_mean": 27.406331224271415, "pm10_street_p25": 23.123253420818994, "pm10_street_p75": 29.83312236651927, "n_streets": 28, "PM2.5_lsoa_pred": 9.5909164217042555, "PM10_lsoa_pred": 19.161857027059, "PM2.5_final": 14.351006454731518, "PM10_final": 27.406331224271415, "score_pm25": "C" }, "geometry": { "type": "Polygon", "coordinates": [ [ [ -2.892604314648237, 53.44487842385405 ], [ -2.888167942702156, 53.443290413397868 ], [ -2.888413474924671, 53.43873481209986 ], [ -2.896863976149316, 53.434260589112178 ], [ -2.892738422549129, 53.434135153315687 ], [ -2.898861841698076, 53.429935226304067 ], [ -2.900517938876456, 53.429403788821404 ], [ -2.904885638473786, 53.430438425919334 ], [ -2.900842623416256, 53.432237718876941 ], [ -2.903470834588952, 53.434394287582002 ], [ -2.908719809446341, 53.432286319988265 ], [ -2.910962548850713, 53.433005068628319 ], [ -2.909380808181192, 53.434888896514316 ], [ -2.90699805015818, 53.437516214348406 ], [ -2.902889237522653, 53.435799896251822 ], [ -2.896079804233909, 53.441802530085717 ], [ -2.89919289500339, 53.445979036000828 ], [ -2.89655646430555, 53.44764800599296 ], [ -2.892604314648237, 53.44487842385405 ] ] ] } },
{ "type": "Feature", "properties": { "LSOA21CD": "E01006628", "LSOA21NM": "Liverpool 052D", "area_km2": 0.51337775618963033, "pm25_street_mean": 11.735769098459034, "pm25_street_p25": 10.699626364250959, "pm25_street_p75": 12.279102546087099, "pm10_street_mean": 22.84890024791078, "pm10_street_p25": 21.046503970903633, "pm10_street_p75": 23.885444098751464, "n_streets": 43, "PM2.5_lsoa_pred": 9.9135656517162776, "PM10_lsoa_pred": 19.650158307348327, "PM2.5_final": 11.735769098459034, "PM10_final": 22.84890024791078, "score_pm25": "C" }, "geometry": { "type": "Polygon", "coordinates": [ [ [ -2.948380853204712, 53.378766781487684 ], [ -2.945353729743839, 53.377535609623287 ], [ -2.951284924063456, 53.375931677684072 ], [ -2.94379977663761, 53.371581050100914 ], [ -2.948827864481221, 53.368304168194378 ], [ -2.958442955560313, 53.371819543452965 ], [ -2.95781059415914, 53.374780154189843 ], [ -2.953679257806323, 53.373476354868849 ], [ -2.953096963431237, 53.375759050220495 ], [ -2.948680460516184, 53.378881296061152 ], [ -2.948380853204712, 53.378766781487684 ] ] ] } },
{ "type": "Feature", "properties": { "LSOA21CD": "E01006629", "LSOA21NM": "Liverpool 052E", "area_km2": 0.24580118797444722, "pm25_street_mean": 11.263044115774367, "pm25_street_p25": 11.148149565143683, "pm25_street_p75": 11.421280688479598, "pm10_street_mean": 21.915949786546122, "pm10_street_p25": 21.766875806148022, "pm10_street_p75": 22.157748770164641, "n_streets": 34, "PM2.5_lsoa_pred": 10.046206569666237, "PM10_lsoa_pred": 19.85089869049229, "PM2.5_final": 11.263044115774367, "PM10_final": 21.915949786546122, "score_pm25": "C" }, "geometry": { "type": "Polygon", "coordinates": [ [ [ -2.940732148381435, 53.375765796343323 ], [ -2.940072287099026, 53.375415932866424 ], [ -2.94379977663761, 53.371581050100914 ], [ -2.951284924063456, 53.375931677684072 ], [ -2.945353729743839, 53.377535609623287 ], [ -2.940732148381435, 53.375765796343323 ] ] ] } },
{ "type": "Feature", "properties": { "LSOA21CD": "E01006630", "LSOA21NM": "Liverpool 044B", "area_km2": 0.31924227713305353, "pm25_street_mean": 9.6986917133499499, "pm25_street_p25": 8.5500788066117828, "pm25_street_p75": 10.278270324194278, "pm10_street_mean": 19.162932039734496, "pm10_street_p25": 17.121917418734526, "pm10_street_p75": 20.124937021387812, "n_streets": 52, "PM2.5_lsoa_pred": 10.00980093988251, "PM10_lsoa_pred": 19.795801966311448, "PM2.5_final": 9.6986917133499499, "PM10_final": 19.162932039734496, "score_pm25": "B" }, "geometry": { "type": "Polygon", "coordinates": [ [ [ -2.967468493578092, 53.386313036471499 ], [ -2.971782618344199, 53.386788489068188 ], [ -2.969894206017285, 53.383097543499289 ], [ -2.97166382339879, 53.381138505808515 ], [ -2.979995495078112, 53.387325875048852 ], [ -2.973833693771105, 53.3883201541246 ], [ -2.969773841007703, 53.389019425274256 ], [ -2.967468493578092, 53.386313036471499 ] ] ] } },
{ "type": "Feature", "properties": { "LSOA21CD": "E01006632", "LSOA21NM": "Liverpool 044C", "area_km2": 0.18749734062028053, "pm25_street_mean": 9.7454089993665942, "pm25_street_p25": 8.7743461831965366, "pm25_street_p75": 10.376134114410524, "pm10_street_mean": 19.20295047763458, "pm10_street_p25": 17.461180786023302, "pm10_street_p75": 20.259050766774088, "n_streets": 32, "PM2.5_lsoa_pred": 10.075108486918021, "PM10_lsoa_pred": 19.894639204599002, "PM2.5_final": 9.7454089993665942, "PM10_final": 19.20295047763458, "score_pm25": "B" }, "geometry": { "type": "Polygon", "coordinates": [ [ [ -2.967468493578092, 53.386313036471499 ], [ -2.962007472241241, 53.383394331999838 ], [ -2.966433492874955, 53.381832412312981 ], [ -2.969894206017285, 53.383097543499289 ], [ -2.971782618344199, 53.386788489068188 ], [ -2.967468493578092, 53.386313036471499 ] ] ] } },
{ "type": "Feature", "properties": { "LSOA21CD": "E01006633", "LSOA21NM": "Liverpool 050B", "area_km2": 0.23277135922272091, "pm25_street_mean": 10.554108047615543, "pm25_street_p25": 9.3198709319089605, "pm25_street_p75": 10.498705810661743, "pm10_street_mean": 20.583897722022083, "pm10_street_p25": 18.472929154921445, "pm10_street_p75": 20.415343488898603, "n_streets": 47, "PM2.5_lsoa_pred": 10.052665612241931, "PM10_lsoa_pred": 19.860673884312018, "PM2.5_final": 10.554108047615543, "PM10_final": 20.583897722022083, "score_pm25": "C" }, "geometry": { "type": "Polygon", "coordinates": [ [ [ -2.959760803125744, 53.382209941637818 ], [ -2.960107839959053, 53.379125513814699 ], [ -2.963480005630483, 53.37650726202245 ], [ -2.967048033105931, 53.380229054561816 ], [ -2.966433492874955, 53.381832412312981 ], [ -2.962007472241241, 53.383394331999838 ], [ -2.959760803125744, 53.382209941637818 ] ] ] } },
{ "type": "Feature", "properties": { "LSOA21CD": "E01006666", "LSOA21NM": "Liverpool 007B", "area_km2": 0.21652043986611116, "pm25_street_mean": 10.188329506072174, "pm25_street_p25": 9.3088823929506805, "pm25_street_p75": 10.718021208533244, "pm10_street_mean": 20.16607259459769, "pm10_street_p25": 18.759413957426698, "pm10_street_p75": 20.965346709642962, "n_streets": 51, "PM2.5_lsoa_pred": 10.060721388109638, "PM10_lsoa_pred": 19.87286559377241, "PM2.5_final": 10.188329506072174, "PM10_final": 20.16607259459769, "score_pm25": "C" }, "geometry": { "type": "Polygon", "coordinates": [ [ [ -2.874146345581239, 53.453969293574282 ], [ -2.877154556416642, 53.450277891910375 ], [ -2.883228682324392, 53.45073747946482 ], [ -2.879303594636858, 53.452855111488851 ], [ -2.8841768859616, 53.454864622742214 ], [ -2.876841501535585, 53.455452344947638 ], [ -2.874146345581239, 53.453969293574282 ] ] ] } },
{ "type": "Feature", "properties": { "LSOA21CD": "E01006667", "LSOA21NM": "Liverpool 007C", "area_km2": 0.38125388867379156, "pm25_street_mean": 10.498563116431834, "pm25_street_p25": 9.2245389934419553, "pm25_street_p75": 10.913196772765428, "pm10_street_mean": 20.747550041397954, "pm10_street_p25": 18.57780419077087, "pm10_street_p75": 21.42056925307099, "n_streets": 42, "PM2.5_lsoa_pred": 9.9790610394002481, "PM10_lsoa_pred": 19.749279825964496, "PM2.5_final": 10.498563116431834, "PM10_final": 20.747550041397954, "score_pm25": "C" }, "geometry": { "type": "Polygon", "coordinates": [ [ [ -2.893202623660259, 53.45595320961489 ], [ -2.894440391179632, 53.450833952501405 ], [ -2.889229821306632, 53.4505687426131 ], [ -2.892604314648237, 53.44487842385405 ], [ -2.89655646430555, 53.44764800599296 ], [ -2.898415194159709, 53.450049320696884 ], [ -2.901486285504592, 53.452170817944506 ], [ -2.896874107166123, 53.451341456611367 ], [ -2.896501113180376, 53.456969300518111 ], [ -2.893202623660259, 53.45595320961489 ] ] ] } },
{ "type": "Feature", "properties": { "LSOA21CD": "E01006668", "LSOA21NM": "Liverpool 007D", "area_km2": 0.20733365756675001, "pm25_street_mean": 10.335690780562045, "pm25_street_p25": 10.131858292769405, "pm25_street_p75": 10.417737248876229, "pm10_street_mean": 20.532403542853636, "pm10_street_p25": 20.272173259546875, "pm10_street_p75": 20.690491773107524, "n_streets": 51, "PM2.5_lsoa_pred": 10.065275386411214, "PM10_lsoa_pred": 19.879757670350468, "PM2.5_final": 10.335690780562045, "PM10_final": 20.532403542853636, "score_pm25": "C" }, "geometry": { "type": "Polygon", "coordinates": [ [ [ -2.867872782175907, 53.449274362343978 ], [ -2.875996945379929, 53.446801569817907 ], [ -2.873333507161546, 53.449401603940814 ], [ -2.877154556416642, 53.450277891910375 ], [ -2.874146345581239, 53.453969293574282 ], [ -2.867872782175907, 53.449274362343978 ] ] ] } },
{ "type": "Feature", "properties": { "LSOA21CD": "E01006669", "LSOA21NM": "Liverpool 004E", "area_km2": 0.23464733148696995, "pm25_street_mean": 11.667756873126896, "pm25_street_p25": 10.523721515582949, "pm25_street_p75": 12.215724643607516, "pm10_street_mean": 22.653516948501959, "pm10_street_p25": 20.609740718383101, "pm10_street_p75": 23.676929545078103, "n_streets": 49, "PM2.5_lsoa_pred": 10.051735670263684, "PM10_lsoa_pred": 19.859266498778958, "PM2.5_final": 11.667756873126896, "PM10_final": 22.653516948501959, "score_pm25": "C" }, "geometry": { "type": "Polygon", "coordinates": [ [ [ -2.89655646430555, 53.44764800599296 ], [ -2.89919289500339, 53.445979036000828 ], [ -2.903703871047597, 53.443412367419953 ], [ -2.907646202791468, 53.444542813415453 ], [ -2.901733841086753, 53.448672304647175 ], [ -2.898415194159709, 53.450049320696884 ], [ -2.89655646430555, 53.44764800599296 ] ] ] } },
{ "type": "Feature", "properties": { "LSOA21CD": "E01006670", "LSOA21NM": "Liverpool 007E", "area_km2": 0.71252347288713369, "pm25_street_mean": 11.689604363992892, "pm25_street_p25": 10.262325973981689, "pm25_street_p75": 12.602213898558361, "pm10_street_mean": 22.814961706144807, "pm10_street_p25": 20.322844895914983, "pm10_street_p75": 24.267989397351954, "n_streets": 62, "PM2.5_lsoa_pred": 9.8148467285880141, "PM10_lsoa_pred": 19.500755884938954, "PM2.5_final": 11.689604363992892, "PM10_final": 22.814961706144807, "score_pm25": "C" }, "geometry": { "type": "Polygon", "coordinates": [ [ [ -2.877154556416642, 53.450277891910375 ], [ -2.873333507161546, 53.449401603940814 ], [ -2.875996945379929, 53.446801569817907 ], [ -2.887081203848412, 53.442598615085039 ], [ -2.888167942702156, 53.443290413397868 ], [ -2.892604314648237, 53.44487842385405 ], [ -2.889229821306632, 53.4505687426131 ], [ -2.883228682324392, 53.45073747946482 ], [ -2.877154556416642, 53.450277891910375 ] ] ] } },
{ "type": "Feature", "properties": { "LSOA21CD": "E01006671", "LSOA21NM": "Liverpool 013D", "area_km2": 0.89445102297978374, "pm25_street_mean": 14.029024203664743, "pm25_street_p25": 11.957105574241847, "pm25_street_p75": 16.219150890641728, "pm10_street_mean": 27.038277806129404, "pm10_street_p25": 23.400909028918072, "pm10_street_p75": 30.94725164399717, "n_streets": 36, "PM2.5_lsoa_pred": 9.7246630574032089, "PM10_lsoa_pred": 19.364270816931537, "PM2.5_final": 14.029024203664743, "PM10_final": 27.038277806129404, "score_pm25": "C" }, "geometry": { "type": "Polygon", "coordinates": [ [ [ -2.870123611118363, 53.441679501599921 ], [ -2.870572271808328, 53.439103071968958 ], [ -2.872447601416284, 53.436981211927126 ], [ -2.873260953740225, 53.436394494881284 ], [ -2.873516868219828, 53.436182267163289 ], [ -2.879328281410224, 53.438850576914199 ], [ -2.887081203848412, 53.442598615085039 ], [ -2.875996945379929, 53.446801569817907 ], [ -2.867872782175907, 53.449274362343978 ], [ -2.870123611118363, 53.441679501599921 ] ] ] } },
{ "type": "Feature", "properties": { "LSOA21CD": "E01006672", "LSOA21NM": "Liverpool 010E", "area_km2": 0.39510474855432748, "pm25_street_mean": 11.314869160084042, "pm25_street_p25": 10.364362215146999, "pm25_street_p75": 12.243259661502222, "pm10_street_mean": 21.950605705048282, "pm10_street_p25": 20.316843769506775, "pm10_street_p75": 23.511441757745047, "n_streets": 26, "PM2.5_lsoa_pred": 9.9721950018349812, "PM10_lsoa_pred": 19.738888680963129, "PM2.5_final": 11.314869160084042, "PM10_final": 21.950605705048282, "score_pm25": "C" }, "geometry": { "type": "Polygon", "coordinates": [ [ [ -2.901733841086753, 53.448672304647175 ], [ -2.907646202791468, 53.444542813415453 ], [ -2.903703871047597, 53.443412367419953 ], [ -2.907845158062155, 53.441389416806487 ], [ -2.909699401739371, 53.440444145399702 ], [ -2.91216942700377, 53.446566422051255 ], [ -2.913563461338929, 53.4489855155282 ], [ -2.913149481807602, 53.449207043968343 ], [ -2.91244838203147, 53.449554968656379 ], [ -2.901733841086753, 53.448672304647175 ] ] ] } },
{ "type": "Feature", "properties": { "LSOA21CD": "E01006673", "LSOA21NM": "Liverpool 037D", "area_km2": 0.26970221277850864, "pm25_street_mean": 10.538061621635217, "pm25_street_p25": 9.7831385757632106, "pm25_street_p75": 10.836424141271861, "pm10_street_mean": 20.524185627408258, "pm10_street_p25": 19.161129152625882, "pm10_street_p75": 21.055913105039458, "n_streets": 43, "PM2.5_lsoa_pred": 10.034358544665013, "PM10_lsoa_pred": 19.83296774493639, "PM2.5_final": 10.538061621635217, "PM10_final": 20.524185627408258, "score_pm25": "C" }, "geometry": { "type": "Polygon", "coordinates": [ [ [ -2.959309576868114, 53.392297618294272 ], [ -2.959824339579084, 53.391729248326619 ], [ -2.962247525058118, 53.390011880749334 ], [ -2.963550350941039, 53.39310254436672 ], [ -2.967227828405889, 53.391339859958883 ], [ -2.968854926472242, 53.392908753004491 ], [ -2.971365404773834, 53.395287570491881 ], [ -2.968369361732968, 53.395950998412879 ], [ -2.963332835584789, 53.396696609406675 ], [ -2.961396639488082, 53.396975240885261 ], [ -2.963686879423732, 53.394385610092009 ], [ -2.959309576868114, 53.392297618294272 ] ] ] } },
{ "type": "Feature", "properties": { "LSOA21CD": "E01006674", "LSOA21NM": "Liverpool 039C", "area_km2": 0.16777641765675835, "pm25_street_mean": 8.7141841070249892, "pm25_street_p25": 8.2717457441448552, "pm25_street_p75": 8.6421492223125576, "pm10_street_mean": 17.486398605990846, "pm10_street_p25": 16.710228032855895, "pm10_street_p75": 17.36809977749089, "n_streets": 17, "PM2.5_lsoa_pred": 10.084884385241816, "PM10_lsoa_pred": 19.909434168366033, "PM2.5_final": 8.7141841070249892, "PM10_final": 17.486398605990846, "score_pm25": "B" }, "geometry": { "type": "Polygon", "coordinates": [ [ [ -2.949403564816606, 53.394784149058083 ], [ -2.949383195385964, 53.391542572899681 ], [ -2.95535489510695, 53.390426797303704 ], [ -2.957076697127076, 53.392897220360688 ], [ -2.949492156442817, 53.395252899728149 ], [ -2.949403564816606, 53.394784149058083 ] ] ] } },
{ "type": "Feature", "properties": { "LSOA21CD": "E01006675", "LSOA21NM": "Liverpool 043C", "area_km2": 0.4902311282107516, "pm25_street_mean": 11.013205124750092, "pm25_street_p25": 9.9095213044127171, "pm25_street_p75": 12.342095313812171, "pm10_street_mean": 21.621012861756501, "pm10_street_p25": 19.558945871242088, "pm10_street_p75": 23.860216904687597, "n_streets": 38, "PM2.5_lsoa_pred": 9.9250397131523886, "PM10_lsoa_pred": 19.667523291883274, "PM2.5_final": 11.013205124750092, "PM10_final": 21.621012861756501, "score_pm25": "C" }, "geometry": { "type": "Polygon", "coordinates": [ [ [ -2.949383195385964, 53.391542572899681 ], [ -2.949400718535957, 53.390399752245408 ], [ -2.94797135413138, 53.387025792810697 ], [ -2.955310844922678, 53.382172833361572 ], [ -2.958988429706293, 53.387493980838101 ], [ -2.956313669627772, 53.38934238902123 ], [ -2.959824339579084, 53.391729248326619 ], [ -2.959309576868114, 53.392297618294272 ], [ -2.957076697127076, 53.392897220360688 ], [ -2.95535489510695, 53.390426797303704 ], [ -2.949383195385964, 53.391542572899681 ] ] ] } },
{ "type": "Feature", "properties": { "LSOA21CD": "E01006676", "LSOA21NM": "Liverpool 044D", "area_km2": 0.18983865113083345, "pm25_street_mean": 9.381471694386585, "pm25_street_p25": 8.7372794048000273, "pm25_street_p75": 9.6896192210995746, "pm10_street_mean": 18.536692463523273, "pm10_street_p25": 17.381374286061288, "pm10_street_p75": 19.044556538449463, "n_streets": 28, "PM2.5_lsoa_pred": 10.073947871183252, "PM10_lsoa_pred": 19.892882714589124, "PM2.5_final": 9.381471694386585, "PM10_final": 18.536692463523273, "score_pm25": "B" }, "geometry": { "type": "Polygon", "coordinates": [ [ [ -2.962247525058118, 53.390011880749334 ], [ -2.964363655947153, 53.388502629060383 ], [ -2.967468493578092, 53.386313036471499 ], [ -2.969773841007703, 53.389019425274256 ], [ -2.967227828405889, 53.391339859958883 ], [ -2.963550350941039, 53.39310254436672 ], [ -2.962247525058118, 53.390011880749334 ] ] ] } },
{ "type": "Feature", "properties": { "LSOA21CD": "E01006696", "LSOA21NM": "Liverpool 030C", "area_km2": 0.19843762491690514, "pm25_street_mean": 12.006756272272815, "pm25_street_p25": 10.259914385635565, "pm25_street_p75": 12.520821987843469, "pm10_street_mean": 22.832665242361976, "pm10_street_p25": 19.770539403402289, "pm10_street_p75": 23.717351314396677, "n_streets": 49, "PM2.5_lsoa_pred": 10.069685256620176, "PM10_lsoa_pred": 19.886431621715129, "PM2.5_final": 12.006756272272815, "PM10_final": 22.832665242361976, "score_pm25": "C" }, "geometry": { "type": "Polygon", "coordinates": [ [ [ -2.948891586029092, 53.414264140636121 ], [ -2.947575632936402, 53.41212754166925 ], [ -2.954414291124128, 53.409844116300853 ], [ -2.954386435862871, 53.410437624470283 ], [ -2.955914397119602, 53.415359550107418 ], [ -2.948891586029092, 53.414264140636121 ] ] ] } },
{ "type": "Feature", "properties": { "LSOA21CD": "E01006697", "LSOA21NM": "Liverpool 030D", "area_km2": 0.14155159791433417, "pm25_street_mean": 9.8786585997319367, "pm25_street_p25": 8.8037473329106426, "pm25_street_p75": 10.729821893652705, "pm10_street_mean": 19.261346129083616, "pm10_street_p25": 17.572358534317836, "pm10_street_p75": 20.568985937359535, "n_streets": 14, "PM2.5_lsoa_pred": 10.097884343298345, "PM10_lsoa_pred": 19.9291084634588, "PM2.5_final": 9.8786585997319367, "PM10_final": 19.261346129083616, "score_pm25": "B" }, "geometry": { "type": "Polygon", "coordinates": [ [ [ -2.941041807555143, 53.412852849514266 ], [ -2.940547178295188, 53.41017235935626 ], [ -2.946136486455631, 53.412109561908302 ], [ -2.947575632936402, 53.41212754166925 ], [ -2.948891586029092, 53.414264140636121 ], [ -2.945729021846585, 53.414737546325554 ], [ -2.941041807555143, 53.412852849514266 ] ] ] } },
{ "type": "Feature", "properties": { "LSOA21CD": "E01006698", "LSOA21NM": "Liverpool 012D", "area_km2": 0.17241033677885412, "pm25_street_mean": 10.056898107764356, "pm25_street_p25": 9.4391844142139849, "pm25_street_p75": 10.811084819218824, "pm10_street_mean": 19.597041921383664, "pm10_street_p25": 18.654541013851933, "pm10_street_p75": 20.742934967711726, "n_streets": 20, "PM2.5_lsoa_pred": 10.082587295888437, "PM10_lsoa_pred": 19.905957725319347, "PM2.5_final": 10.056898107764356, "PM10_final": 19.597041921383664, "score_pm25": "C" }, "geometry": { "type": "Polygon", "coordinates": [ [ [ -2.97048295712283, 53.44338366429745 ], [ -2.970648388936223, 53.443086253595297 ], [ -2.970772447075599, 53.441521172536611 ], [ -2.974688454084324, 53.440775209873721 ], [ -2.976954237846094, 53.44292553094126 ], [ -2.975985567867593, 53.444731462151729 ], [ -2.976135958671879, 53.445002529195094 ], [ -2.972762382485262, 53.446215146857028 ], [ -2.97048295712283, 53.44338366429745 ] ] ] } },
{ "type": "Feature", "properties": { "LSOA21CD": "E01006699", "LSOA21NM": "Liverpool 014A", "area_km2": 0.22187140661072408, "pm25_street_mean": 8.0956152943471693, "pm25_street_p25": 7.4647746572311835, "pm25_street_p75": 8.7010225172230058, "pm10_street_mean": 16.45954137328723, "pm10_street_p25": 15.439466985004536, "pm10_street_p75": 17.417998641970517, "n_streets": 29, "PM2.5_lsoa_pred": 10.058068849639399, "PM10_lsoa_pred": 19.868851209696594, "PM2.5_final": 8.0956152943471693, "PM10_final": 16.45954137328723, "score_pm25": "B" }, "geometry": { "type": "Polygon", "coordinates": [ [ [ -2.976954237846094, 53.44292553094126 ], [ -2.974688454084324, 53.440775209873721 ], [ -2.973921524554028, 53.439742227350514 ], [ -2.979396929529074, 53.437221003026842 ], [ -2.981935847536726, 53.438836156840274 ], [ -2.98106302769515, 53.44230513040435 ], [ -2.979311132415184, 53.443088127900729 ], [ -2.976954237846094, 53.44292553094126 ] ] ] } },
{ "type": "Feature", "properties": { "LSOA21CD": "E01006700", "LSOA21NM": "Liverpool 012E", "area_km2": 0.17725586806074123, "pm25_street_mean": 10.599864293824725, "pm25_street_p25": 10.458686701318227, "pm25_street_p75": 10.846412832707742, "pm10_street_mean": 20.541885052576362, "pm10_street_p25": 20.247566817442575, "pm10_street_p75": 20.928416304356048, "n_streets": 24, "PM2.5_lsoa_pred": 10.080185307846392, "PM10_lsoa_pred": 19.902322527317708, "PM2.5_final": 10.599864293824725, "PM10_final": 20.541885052576362, "score_pm25": "C" }, "geometry": { "type": "Polygon", "coordinates": [ [ [ -2.967569709819014, 53.438601208250461 ], [ -2.967666685139359, 53.437691305216276 ], [ -2.972567104002537, 53.43569077935939 ], [ -2.973921524554028, 53.439742227350514 ], [ -2.974688454084324, 53.440775209873721 ], [ -2.970772447075599, 53.441521172536611 ], [ -2.967569709819014, 53.438601208250461 ] ] ] } },
{ "type": "Feature", "properties": { "LSOA21CD": "E01006701", "LSOA21NM": "Liverpool 014B", "area_km2": 0.23433536010152578, "pm25_street_mean": 10.657885916222845, "pm25_street_p25": 9.7024249990537061, "pm25_street_p75": 10.758975804128795, "pm10_street_mean": 20.744921243920952, "pm10_street_p25": 19.050344138811433, "pm10_street_p75": 20.921590435217098, "n_streets": 38, "PM2.5_lsoa_pred": 10.051890318225631, "PM10_lsoa_pred": 19.859500544890921, "PM2.5_final": 10.657885916222845, "PM10_final": 20.744921243920952, "score_pm25": "C" }, "geometry": { "type": "Polygon", "coordinates": [ [ [ -2.972567104002537, 53.43569077935939 ], [ -2.976908116067114, 53.43253546617138 ], [ -2.978405413607823, 53.432317200152958 ], [ -2.979027592195183, 53.433322793191529 ], [ -2.979396929529074, 53.437221003026842 ], [ -2.973921524554028, 53.439742227350514 ], [ -2.972567104002537, 53.43569077935939 ] ] ] } },
{ "type": "Feature", "properties": { "LSOA21CD": "E01006702", "LSOA21NM": "Liverpool 014C", "area_km2": 0.15770768514346378, "pm25_street_mean": 9.9101847254862498, "pm25_street_p25": 8.3156884192201126, "pm25_street_p75": 9.7412481094016705, "pm10_street_mean": 19.58485798770911, "pm10_street_p25": 16.870541641550254, "pm10_street_p75": 19.16839226372085, "n_streets": 16, "PM2.5_lsoa_pred": 10.089875576854984, "PM10_lsoa_pred": 19.916987898634623, "PM2.5_final": 9.9101847254862498, "PM10_final": 19.58485798770911, "score_pm25": "B" }, "geometry": { "type": "Polygon", "coordinates": [ [ [ -2.979396929529074, 53.437221003026842 ], [ -2.979027592195183, 53.433322793191529 ], [ -2.984849049007641, 53.432885039164297 ], [ -2.981935847536726, 53.438836156840274 ], [ -2.979396929529074, 53.437221003026842 ] ] ] } },
{ "type": "Feature", "properties": { "LSOA21CD": "E01006703", "LSOA21NM": "Liverpool 014D", "area_km2": 0.24725382972338686, "pm25_street_mean": 10.908299691992172, "pm25_street_p25": 9.8663009290172212, "pm25_street_p75": 11.163872415743803, "pm10_street_mean": 21.234020867972415, "pm10_street_p25": 19.418105021389465, "pm10_street_p75": 21.688120678020759, "n_streets": 49, "PM2.5_lsoa_pred": 10.045486477707824, "PM10_lsoa_pred": 19.849808894538935, "PM2.5_final": 10.908299691992172, "PM10_final": 21.234020867972415, "score_pm25": "C" }, "geometry": { "type": "Polygon", "coordinates": [ [ [ -2.967459417361264, 53.437139027375714 ], [ -2.969019286695744, 53.433251329572556 ], [ -2.971235032139763, 53.431339919543561 ], [ -2.976037746285774, 53.430430725419157 ], [ -2.976908116067114, 53.43253546617138 ], [ -2.972567104002537, 53.43569077935939 ], [ -2.967666685139359, 53.437691305216276 ], [ -2.967459417361264, 53.437139027375714 ] ] ] } },
{ "type": "Feature", "properties": { "LSOA21CD": "E01006705", "LSOA21NM": "Liverpool 009E", "area_km2": 0.11848968523470632, "pm25_street_mean": 9.7800363446875398, "pm25_street_p25": 8.9270996579190331, "pm25_street_p75": 9.9175769302369154, "pm10_street_mean": 19.19758145778448, "pm10_street_p25": 17.721566842499627, "pm10_street_p75": 19.262913244337113, "n_streets": 33, "PM2.5_lsoa_pred": 10.109316410343348, "PM10_lsoa_pred": 19.94640989317001, "PM2.5_final": 9.7800363446875398, "PM10_final": 19.19758145778448, "score_pm25": "B" }, "geometry": { "type": "Polygon", "coordinates": [ [ [ -2.97048295712283, 53.44338366429745 ], [ -2.972762382485262, 53.446215146857028 ], [ -2.976135958671879, 53.445002529195094 ], [ -2.973377411126326, 53.447430940166079 ], [ -2.967016366573453, 53.447584862056978 ], [ -2.97048295712283, 53.44338366429745 ] ] ] } },
{ "type": "Feature", "properties": { "LSOA21CD": "E01006706", "LSOA21NM": "Liverpool 045A", "area_km2": 0.57974324791455334, "pm25_street_mean": 7.7151621920092008, "pm25_street_p25": 6.8321526467316378, "pm25_street_p75": 8.0351595496310182, "pm10_street_mean": 15.965276988800184, "pm10_street_p25": 14.508618790607827, "pm10_street_p75": 16.521744331970986, "n_streets": 33, "PM2.5_lsoa_pred": 9.8806674805448953, "PM10_lsoa_pred": 19.600369813814453, "PM2.5_final": 7.7151621920092008, "PM10_final": 15.965276988800184, "score_pm25": "B" }, "geometry": { "type": "Polygon", "coordinates": [ [ [ -2.832294787723854, 53.392864715502846 ], [ -2.83232160775328, 53.387948942823925 ], [ -2.840198387961591, 53.389615828841187 ], [ -2.847518501530961, 53.390497441605419 ], [ -2.841773319070976, 53.395282106105277 ], [ -2.833655853565359, 53.396160548131391 ], [ -2.832294787723854, 53.392864715502846 ] ] ] } },
{ "type": "Feature", "properties": { "LSOA21CD": "E01006707", "LSOA21NM": "Liverpool 045B", "area_km2": 0.58706664419546084, "pm25_street_mean": 9.6668685104100085, "pm25_street_p25": 7.8594223527541685, "pm25_street_p75": 10.683304372113458, "pm10_street_mean": 19.408277318403837, "pm10_street_p25": 16.240765307163294, "pm10_street_p75": 21.100263965883883, "n_streets": 39, "PM2.5_lsoa_pred": 9.8770371850683887, "PM10_lsoa_pred": 19.594875680358932, "PM2.5_final": 9.6668685104100085, "PM10_final": 19.408277318403837, "score_pm25": "B" }, "geometry": { "type": "Polygon", "coordinates": [ [ [ -2.83232160775328, 53.387948942823925 ], [ -2.824647503643551, 53.383447554631793 ], [ -2.833554512028829, 53.383875417946975 ], [ -2.833180740899151, 53.38147207946578 ], [ -2.844103045752213, 53.382004845177448 ], [ -2.844333865932688, 53.384777894659976 ], [ -2.837166356587502, 53.387381040511478 ], [ -2.840198387961591, 53.389615828841187 ], [ -2.83232160775328, 53.387948942823925 ] ] ] } },
{ "type": "Feature", "properties": { "LSOA21CD": "E01006708", "LSOA21NM": "Liverpool 045C", "area_km2": 1.2342120258999321, "pm25_street_mean": 9.4364472077679888, "pm25_street_p25": 8.3729669315654345, "pm25_street_p75": 10.087107843253349, "pm10_street_mean": 18.916279821387608, "pm10_street_p25": 17.049333264122911, "pm10_street_p75": 20.136832782214597, "n_streets": 51, "PM2.5_lsoa_pred": 9.5562394483722226, "PM10_lsoa_pred": 19.109376472637837, "PM2.5_final": 9.4364472077679888, "PM10_final": 18.916279821387608, "score_pm25": "B" }, "geometry": { "type": "Polygon", "coordinates": [ [ [ -2.833655853565359, 53.396160548131391 ], [ -2.841773319070976, 53.395282106105277 ], [ -2.847518501530961, 53.390497441605419 ], [ -2.840198387961591, 53.389615828841187 ], [ -2.837166356587502, 53.387381040511478 ], [ -2.844333865932688, 53.384777894659976 ], [ -2.844103045752213, 53.382004845177448 ], [ -2.853905498339512, 53.379843644479486 ], [ -2.855555944523579, 53.381291581399488 ], [ -2.856768842995885, 53.382326946960966 ], [ -2.85017365580119, 53.386390605123019 ], [ -2.854399863540662, 53.389532335024398 ], [ -2.84942593396466, 53.389600673167003 ], [ -2.847988279808366, 53.396952070591595 ], [ -2.837345581076422, 53.39985318389828 ], [ -2.833655853565359, 53.396160548131391 ] ] ] } },
{ "type": "Feature", "properties": { "LSOA21CD": "E01006709", "LSOA21NM": "Liverpool 040A", "area_km2": 0.2199606290650222, "pm25_street_mean": 10.012698092220983, "pm25_street_p25": 9.0423625937798189, "pm25_street_p75": 11.098672946210732, "pm10_street_mean": 19.904201508932058, "pm10_street_p25": 18.214579983664471, "pm10_street_p75": 21.776623423985757, "n_streets": 26, "PM2.5_lsoa_pred": 10.059016045013607, "PM10_lsoa_pred": 19.870284706729556, "PM2.5_final": 10.012698092220983, "PM10_final": 19.904201508932058, "score_pm25": "C" }, "geometry": { "type": "Polygon", "coordinates": [ [ [ -2.856768842995885, 53.382326946960966 ], [ -2.858989061241568, 53.384132297962076 ], [ -2.856498695944481, 53.387341322058163 ], [ -2.854399863540662, 53.389532335024398 ], [ -2.85017365580119, 53.386390605123019 ], [ -2.856768842995885, 53.382326946960966 ] ] ] } },
{ "type": "Feature", "properties": { "LSOA21CD": "E01006710", "LSOA21NM": "Liverpool 045D", "area_km2": 0.1896423554103219, "pm25_street_mean": 9.3844010277620349, "pm25_street_p25": 8.3886784464967992, "pm25_street_p75": 8.6972836965994933, "pm10_street_mean": 19.01691651880644, "pm10_street_p25": 17.285867789097182, "pm10_street_p75": 17.830294603151753, "n_streets": 33, "PM2.5_lsoa_pred": 10.074045177329049, "PM10_lsoa_pred": 19.893029978897086, "PM2.5_final": 9.3844010277620349, "PM10_final": 19.01691651880644, "score_pm25": "B" }, "geometry": { "type": "Polygon", "coordinates": [ [ [ -2.824647503643551, 53.383447554631793 ], [ -2.824222968731572, 53.380029905381974 ], [ -2.833180740899151, 53.38147207946578 ], [ -2.833554512028829, 53.383875417946975 ], [ -2.824647503643551, 53.383447554631793 ] ] ] } },
{ "type": "Feature", "properties": { "LSOA21CD": "E01006711", "LSOA21NM": "Liverpool 027A", "area_km2": 0.67790466286059281, "pm25_street_mean": 8.782276326548784, "pm25_street_p25": 8.2969308124266306, "pm25_street_p75": 9.2607644834905951, "pm10_street_mean": 17.327290861824604, "pm10_street_p25": 16.538701108813306, "pm10_street_p75": 18.000435536265382, "n_streets": 42, "PM2.5_lsoa_pred": 9.8320076884242393, "PM10_lsoa_pred": 19.526727490879903, "PM2.5_final": 8.782276326548784, "PM10_final": 17.327290861824604, "score_pm25": "B" }, "geometry": { "type": "Polygon", "coordinates": [ [ [ -2.923442171277028, 53.42033773405894 ], [ -2.916134040693944, 53.417512041153124 ], [ -2.916108843747773, 53.416431460324517 ], [ -2.920519205819442, 53.414341315730013 ], [ -2.927950149209228, 53.411202366529494 ], [ -2.929784466225584, 53.414471708957947 ], [ -2.932673183897223, 53.419530261095751 ], [ -2.925736124357472, 53.421079742106244 ], [ -2.923442171277028, 53.42033773405894 ] ] ] } },
{ "type": "Feature", "properties": { "LSOA21CD": "E01006712", "LSOA21NM": "Liverpool 029D", "area_km2": 0.10352663922434169, "pm25_street_mean": 11.083627953042399, "pm25_street_p25": 9.7908501772615111, "pm25_street_p75": 11.046927037844991, "pm10_street_mean": 21.37113454427648, "pm10_street_p25": 19.137234276515947, "pm10_street_p75": 21.298304532635022, "n_streets": 11, "PM2.5_lsoa_pred": 10.116733771928411, "PM10_lsoa_pred": 19.957635418667838, "PM2.5_final": 11.083627953042399, "PM10_final": 21.37113454427648, "score_pm25": "C" }, "geometry": { "type": "Polygon", "coordinates": [ [ [ -2.908228846333466, 53.417838636063486 ], [ -2.913990424546433, 53.415224752660492 ], [ -2.916108843747773, 53.416431460324517 ], [ -2.916134040693944, 53.417512041153124 ], [ -2.915566637604791, 53.418415790352348 ], [ -2.908228846333466, 53.417838636063486 ] ] ] } },
{ "type": "Feature", "properties": { "LSOA21CD": "E01006713", "LSOA21NM": "Liverpool 029E", "area_km2": 0.10949459175677517, "pm25_street_mean": 9.9930382427761284, "pm25_street_p25": 9.601293036092553, "pm25_street_p75": 9.967035289375989, "pm10_street_mean": 19.568852034805399, "pm10_street_p25": 18.90195672394821, "pm10_street_p75": 19.541582982809842, "n_streets": 16, "PM2.5_lsoa_pred": 10.113775386194323, "PM10_lsoa_pred": 19.953158161612272, "PM2.5_final": 9.9930382427761284, "PM10_final": 19.568852034805399, "score_pm25": "B" }, "geometry": { "type": "Polygon", "coordinates": [ [ [ -2.90766804950616, 53.41486193835582 ], [ -2.907665510141284, 53.414803041075821 ], [ -2.911487968587191, 53.413731552693299 ], [ -2.913990424546433, 53.415224752660492 ], [ -2.908228846333466, 53.417838636063486 ], [ -2.907512447501989, 53.418021586530955 ], [ -2.90766804950616, 53.41486193835582 ] ] ] } },
{ "type": "Feature", "properties": { "LSOA21CD": "E01006716", "LSOA21NM": "Liverpool 032E", "area_km2": 0.27830966560299292, "pm25_street_mean": 8.6234362191394034, "pm25_street_p25": 7.5203160493926449, "pm25_street_p75": 9.4278273522076184, "pm10_street_mean": 17.434179608967771, "pm10_street_p25": 15.53362827828628, "pm10_street_p75": 18.839433913093245, "n_streets": 46, "PM2.5_lsoa_pred": 10.030091726940778, "PM10_lsoa_pred": 19.826510290947031, "PM2.5_final": 8.6234362191394034, "PM10_final": 17.434179608967771, "score_pm25": "B" }, "geometry": { "type": "Polygon", "coordinates": [ [ [ -2.91437156972072, 53.409738741210298 ], [ -2.914358929759597, 53.409470007801787 ], [ -2.913628183946271, 53.405623878316462 ], [ -2.921862140516344, 53.405198253712193 ], [ -2.922744980357458, 53.406711156620823 ], [ -2.920894257729818, 53.41011365275628 ], [ -2.914393085428671, 53.41019609203866 ], [ -2.91437156972072, 53.409738741210298 ] ] ] } },
{ "type": "Feature", "properties": { "LSOA21CD": "E01006717", "LSOA21NM": "Liverpool 027D", "area_km2": 0.15608395909651315, "pm25_street_mean": 9.0028581746539267, "pm25_street_p25": 8.309016944411507, "pm25_street_p75": 9.6112970470975334, "pm10_street_mean": 17.902501055949713, "pm10_street_p25": 16.785886721561628, "pm10_street_p75": 18.871735285792461, "n_streets": 22, "PM2.5_lsoa_pred": 10.09068047735432, "PM10_lsoa_pred": 19.918206044868281, "PM2.5_final": 9.0028581746539267, "PM10_final": 17.902501055949713, "score_pm25": "B" }, "geometry": { "type": "Polygon", "coordinates": [ [ [ -2.914320523637889, 53.422316619366612 ], [ -2.91474114074989, 53.420704895903498 ], [ -2.923442171277028, 53.42033773405894 ], [ -2.925736124357472, 53.421079742106244 ], [ -2.915311459248241, 53.423701930744613 ], [ -2.914320523637889, 53.422316619366612 ] ] ] } },
{ "type": "Feature", "properties": { "LSOA21CD": "E01006718", "LSOA21NM": "Liverpool 027E", "area_km2": 0.10286706418241998, "pm25_street_mean": 9.7751871072377128, "pm25_street_p25": 9.4920051993216514, "pm25_street_p75": 10.249090656876444, "pm10_street_mean": 19.142825702330718, "pm10_street_p25": 18.624217163640235, "pm10_street_p75": 19.95873618257977, "n_streets": 16, "PM2.5_lsoa_pred": 10.117060731196933, "PM10_lsoa_pred": 19.958130242812981, "PM2.5_final": 9.7751871072377128, "PM10_final": 19.142825702330718, "score_pm25": "B" }, "geometry": { "type": "Polygon", "coordinates": [ [ [ -2.915566637604791, 53.418415790352348 ], [ -2.916134040693944, 53.417512041153124 ], [ -2.923442171277028, 53.42033773405894 ], [ -2.91474114074989, 53.420704895903498 ], [ -2.915566637604791, 53.418415790352348 ] ] ] } },
{ "type": "Feature", "properties": { "LSOA21CD": "E01006719", "LSOA21NM": "Liverpool 027F", "area_km2": 0.14768835737755295, "pm25_street_mean": 10.332858470851559, "pm25_street_p25": 9.5590736058104291, "pm25_street_p75": 10.207148426768869, "pm10_street_mean": 20.194168401314254, "pm10_street_p25": 18.821892127028114, "pm10_street_p75": 20.058908602314673, "n_streets": 18, "PM2.5_lsoa_pred": 10.094842277941618, "PM10_lsoa_pred": 19.92450456464163, "PM2.5_final": 10.332858470851559, "PM10_final": 20.194168401314254, "score_pm25": "C" }, "geometry": { "type": "Polygon", "coordinates": [ [ [ -2.907901345097682, 53.419243334374904 ], [ -2.907512447501989, 53.418021586530955 ], [ -2.908228846333466, 53.417838636063486 ], [ -2.915566637604791, 53.418415790352348 ], [ -2.91474114074989, 53.420704895903498 ], [ -2.914320523637889, 53.422316619366612 ], [ -2.907901345097682, 53.419243334374904 ] ] ] } },
{ "type": "Feature", "properties": { "LSOA21CD": "E01006721", "LSOA21NM": "Liverpool 038C", "area_km2": 0.18178418719898584, "pm25_street_mean": 10.671446629958886, "pm25_street_p25": 10.084246175363155, "pm25_street_p75": 10.52633277137949, "pm10_street_mean": 20.71135066987036, "pm10_street_p25": 19.64864788271662, "pm10_street_p75": 20.531674482370981, "n_streets": 34, "PM2.5_lsoa_pred": 10.077940565673062, "PM10_lsoa_pred": 19.898925307131826, "PM2.5_final": 10.671446629958886, "PM10_final": 20.71135066987036, "score_pm25": "C" }, "geometry": { "type": "Polygon", "coordinates": [ [ [ -2.922212112823681, 53.399177219451403 ], [ -2.92293686897222, 53.395491903284658 ], [ -2.926157455972278, 53.399139761261402 ], [ -2.929481271485569, 53.395244293838566 ], [ -2.93323057516904, 53.398047542528147 ], [ -2.929343930644474, 53.399411939458538 ], [ -2.925588267095059, 53.399864501270557 ], [ -2.922212112823681, 53.399177219451403 ] ] ] } },
{ "type": "Feature", "properties": { "LSOA21CD": "E01006722", "LSOA21NM": "Liverpool 038D", "area_km2": 0.07244085474037984, "pm25_street_mean": 9.4087088755529926, "pm25_street_p25": 9.3334670312664354, "pm25_street_p75": 9.437330508427987, "pm10_street_mean": 18.548147537839991, "pm10_street_p25": 18.425417321642911, "pm10_street_p75": 18.595532856091545, "n_streets": 6, "PM2.5_lsoa_pred": 10.132143368578262, "PM10_lsoa_pred": 19.980956490199866, "PM2.5_final": 9.4087088755529926, "PM10_final": 18.548147537839991, "score_pm25": "B" }, "geometry": { "type": "Polygon", "coordinates": [ [ [ -2.934479451944639, 53.397168160306165 ], [ -2.938816761574985, 53.395199522232417 ], [ -2.94139550206917, 53.395937512512468 ], [ -2.939001236033647, 53.397998161602615 ], [ -2.934479451944639, 53.397168160306165 ] ] ] } },
{ "type": "Feature", "properties": { "LSOA21CD": "E01006723", "LSOA21NM": "Liverpool 038E", "area_km2": 0.14160359445406254, "pm25_street_mean": 10.323397166950935, "pm25_street_p25": 10.2717901036314, "pm25_street_p75": 10.378256971063289, "pm10_street_mean": 20.018351584291555, "pm10_street_p25": 19.983809181770901, "pm10_street_p75": 20.099623506697611, "n_streets": 17, "PM2.5_lsoa_pred": 10.097858567989222, "PM10_lsoa_pred": 19.929069454791573, "PM2.5_final": 10.323397166950935, "PM10_final": 20.018351584291555, "score_pm25": "C" }, "geometry": { "type": "Polygon", "coordinates": [ [ [ -2.93323057516904, 53.398047542528147 ], [ -2.929481271485569, 53.395244293838566 ], [ -2.932061989277833, 53.394082002634178 ], [ -2.937324511873251, 53.394689506251808 ], [ -2.938816761574985, 53.395199522232417 ], [ -2.934479451944639, 53.397168160306165 ], [ -2.933695046219839, 53.398347780241146 ], [ -2.93323057516904, 53.398047542528147 ] ] ] } },
{ "type": "Feature", "properties": { "LSOA21CD": "E01006724", "LSOA21NM": "Liverpool 038F", "area_km2": 0.30865649596013034, "pm25_street_mean": 10.24675548318187, "pm25_street_p25": 9.7853474854128049, "pm25_street_p75": 10.152910716935393, "pm10_street_mean": 20.108671677155499, "pm10_street_p25": 19.301461312232572, "pm10_street_p75": 19.838539393231798, "n_streets": 10, "PM2.5_lsoa_pred": 10.015048438725028, "PM10_lsoa_pred": 19.803743595067303, "PM2.5_final": 10.24675548318187, "PM10_final": 20.108671677155499, "score_pm25": "C" }, "geometry": { "type": "Polygon", "coordinates": [ [ [ -2.92293686897222, 53.395491903284658 ], [ -2.923006941091511, 53.394409117588701 ], [ -2.923271621006746, 53.390057357469708 ], [ -2.924463649218429, 53.39001435047286 ], [ -2.926750883633452, 53.391565357718228 ], [ -2.932061989277833, 53.394082002634178 ], [ -2.929481271485569, 53.395244293838566 ], [ -2.926157455972278, 53.399139761261402 ], [ -2.92293686897222, 53.395491903284658 ] ] ] } },
{ "type": "Feature", "properties": { "LSOA21CD": "E01006725", "LSOA21NM": "Liverpool 035B", "area_km2": 0.26280812696366612, "pm25_street_mean": 8.8590907380003454, "pm25_street_p25": 8.4955003245065406, "pm25_street_p75": 9.1596335281074985, "pm10_street_mean": 17.745845072141297, "pm10_street_p25": 17.089423992743228, "pm10_street_p75": 18.331079827885226, "n_streets": 27, "PM2.5_lsoa_pred": 10.03777602578829, "PM10_lsoa_pred": 19.838139802553879, "PM2.5_final": 8.8590907380003454, "PM10_final": 17.745845072141297, "score_pm25": "B" }, "geometry": { "type": "Polygon", "coordinates": [ [ [ -2.920883777199905, 53.402347078415303 ], [ -2.925240935316681, 53.402784871744529 ], [ -2.925588267095059, 53.399864501270557 ], [ -2.929343930644474, 53.399411939458538 ], [ -2.929662473700412, 53.400588655960497 ], [ -2.932055355381882, 53.404186461175478 ], [ -2.921862140516344, 53.405198253712193 ], [ -2.920883777199905, 53.402347078415303 ] ] ] } },
{ "type": "Feature", "properties": { "LSOA21CD": "E01006726", "LSOA21NM": "Liverpool 035C", "area_km2": 0.075587803661407382, "pm25_street_mean": 10.005807244773244, "pm25_street_p25": 9.8398762895204932, "pm25_street_p75": 10.220354691413995, "pm10_street_mean": 19.397187103851948, "pm10_street_p25": 19.133644184314711, "pm10_street_p75": 19.728905437518804, "n_streets": 13, "PM2.5_lsoa_pred": 10.130583388209237, "PM10_lsoa_pred": 19.97859559688116, "PM2.5_final": 10.005807244773244, "PM10_final": 19.397187103851948, "score_pm25": "C" }, "geometry": { "type": "Polygon", "coordinates": [ [ [ -2.933695046219839, 53.398347780241146 ], [ -2.934479451944639, 53.397168160306165 ], [ -2.939001236033647, 53.397998161602615 ], [ -2.933065365998491, 53.401112251585481 ], [ -2.933695046219839, 53.398347780241146 ] ] ] } },
{ "type": "Feature", "properties": { "LSOA21CD": "E01006727", "LSOA21NM": "Liverpool 035D", "area_km2": 0.09091262611158242, "pm25_street_mean": 8.8627471582983244, "pm25_street_p25": 8.6840194200172167, "pm25_street_p75": 9.0798552961336547, "pm10_street_mean": 17.738300052558273, "pm10_street_p25": 17.447622783520384, "pm10_street_p75": 18.106107184626172, "n_streets": 15, "PM2.5_lsoa_pred": 10.122986689698713, "PM10_lsoa_pred": 19.967098660692834, "PM2.5_final": 8.8627471582983244, "PM10_final": 17.738300052558273, "score_pm25": "B" }, "geometry": { "type": "Polygon", "coordinates": [ [ [ -2.920883777199905, 53.402347078415303 ], [ -2.921589301288002, 53.400597950823752 ], [ -2.922212112823681, 53.399177219451403 ], [ -2.925588267095059, 53.399864501270557 ], [ -2.925240935316681, 53.402784871744529 ], [ -2.920883777199905, 53.402347078415303 ] ] ] } },
{ "type": "Feature", "properties": { "LSOA21CD": "E01006728", "LSOA21NM": "Liverpool 035E", "area_km2": 0.062869974246202748, "pm25_street_mean": 9.7814659904242021, "pm25_street_p25": 9.611621981348442, "pm25_street_p75": 10.082453972203403, "pm10_street_mean": 19.088051186817768, "pm10_street_p25": 18.800660131716175, "pm10_street_p75": 19.579407508295731, "n_streets": 12, "PM2.5_lsoa_pred": 10.136887768967298, "PM10_lsoa_pred": 19.988136723619562, "PM2.5_final": 9.7814659904242021, "PM10_final": 19.088051186817768, "score_pm25": "B" }, "geometry": { "type": "Polygon", "coordinates": [ [ [ -2.929662473700412, 53.400588655960497 ], [ -2.929343930644474, 53.399411939458538 ], [ -2.93323057516904, 53.398047542528147 ], [ -2.933695046219839, 53.398347780241146 ], [ -2.933065365998491, 53.401112251585481 ], [ -2.929662473700412, 53.400588655960497 ] ] ] } },
{ "type": "Feature", "properties": { "LSOA21CD": "E01006729", "LSOA21NM": "Liverpool 008C", "area_km2": 0.16728393278460338, "pm25_street_mean": 10.643182402989241, "pm25_street_p25": 8.7337290608748752, "pm25_street_p75": 11.892306180565585, "pm10_street_mean": 20.769447042235402, "pm10_street_p25": 17.471570978556539, "pm10_street_p75": 22.887839711094582, "n_streets": 12, "PM2.5_lsoa_pred": 10.085128515906749, "PM10_lsoa_pred": 19.909803638692186, "PM2.5_final": 10.643182402989241, "PM10_final": 20.769447042235402, "score_pm25": "C" }, "geometry": { "type": "Polygon", "coordinates": [ [ [ -2.933794429182944, 53.446930925338918 ], [ -2.939554190943222, 53.444267645443738 ], [ -2.942265427170475, 53.447848993821474 ], [ -2.935984696948914, 53.449225420070285 ], [ -2.933794429182944, 53.446930925338918 ] ] ] } },
{ "type": "Feature", "properties": { "LSOA21CD": "E01006730", "LSOA21NM": "Liverpool 011C", "area_km2": 0.20119163914329596, "pm25_street_mean": 9.5979596678156085, "pm25_street_p25": 9.4516179366422612, "pm25_street_p75": 9.6663927299296173, "pm10_street_mean": 18.97340686597844, "pm10_street_p25": 18.708758617523156, "pm10_street_p75": 19.114734933029791, "n_streets": 20, "PM2.5_lsoa_pred": 10.06832005869768, "PM10_lsoa_pred": 19.884365514526905, "PM2.5_final": 9.5979596678156085, "PM10_final": 18.97340686597844, "score_pm25": "B" }, "geometry": { "type": "Polygon", "coordinates": [ [ [ -2.925306464698735, 53.4471549188777 ], [ -2.928029782568001, 53.443434708749152 ], [ -2.931517781878795, 53.442323931233716 ], [ -2.931692566904759, 53.44230574067025 ], [ -2.933406897963617, 53.44652734489749 ], [ -2.932957830801362, 53.447610691017516 ], [ -2.925306464698735, 53.4471549188777 ] ] ] } },
{ "type": "Feature", "properties": { "LSOA21CD": "E01006731", "LSOA21NM": "Liverpool 011D", "area_km2": 0.17239475309271513, "pm25_street_mean": 10.768651736745655, "pm25_street_p25": 10.530658107756237, "pm25_street_p75": 11.110592710480924, "pm10_street_mean": 20.872381328946766, "pm10_street_p25": 20.475820246864789, "pm10_street_p75": 21.40436668639018, "n_streets": 10, "PM2.5_lsoa_pred": 10.082595020908787, "PM10_lsoa_pred": 19.905969416459374, "PM2.5_final": 10.768651736745655, "PM10_final": 20.872381328946766, "score_pm25": "C" }, "geometry": { "type": "Polygon", "coordinates": [ [ [ -2.916217830818538, 53.447923684027579 ], [ -2.923163159072594, 53.444992482714099 ], [ -2.928029782568001, 53.443434708749152 ], [ -2.925306464698735, 53.4471549188777 ], [ -2.926157154915169, 53.448068820264218 ], [ -2.92285225251676, 53.448275437917189 ], [ -2.916217830818538, 53.447923684027579 ] ] ] } },
{ "type": "Feature", "properties": { "LSOA21CD": "E01006732", "LSOA21NM": "Liverpool 011E", "area_km2": 0.21115264786631796, "pm25_street_mean": 10.149752323346972, "pm25_street_p25": 9.5943956060898881, "pm25_street_p75": 10.391708564755831, "pm10_street_mean": 19.935384449575142, "pm10_street_p25": 18.985961901741053, "pm10_street_p75": 20.359754132106271, "n_streets": 22, "PM2.5_lsoa_pred": 10.063382267060907, "PM10_lsoa_pred": 19.876892600433951, "PM2.5_final": 10.149752323346972, "PM10_final": 19.935384449575142, "score_pm25": "C" }, "geometry": { "type": "Polygon", "coordinates": [ [ [ -2.933406897963617, 53.44652734489749 ], [ -2.931692566904759, 53.44230574067025 ], [ -2.938170974677309, 53.440874723767045 ], [ -2.939554190943222, 53.444267645443738 ], [ -2.933794429182944, 53.446930925338918 ], [ -2.933406897963617, 53.44652734489749 ] ] ] } },
{ "type": "Feature", "properties": { "LSOA21CD": "E01006734", "LSOA21NM": "Liverpool 005C", "area_km2": 0.14376887597578805, "pm25_street_mean": 9.3165462808985602, "pm25_street_p25": 9.0271000368138701, "pm25_street_p75": 9.6870825823963553, "pm10_street_mean": 18.549116800681542, "pm10_street_p25": 18.09072659816416, "pm10_street_p75": 19.127875375676933, "n_streets": 10, "PM2.5_lsoa_pred": 10.09678521193799, "PM10_lsoa_pred": 19.927445024651128, "PM2.5_final": 9.3165462808985602, "PM10_final": 18.549116800681542, "score_pm25": "B" }, "geometry": { "type": "Polygon", "coordinates": [ [ [ -2.913149481807602, 53.449207043968343 ], [ -2.913563461338929, 53.4489855155282 ], [ -2.916217830818538, 53.447923684027579 ], [ -2.92285225251676, 53.448275437917189 ], [ -2.917033324365954, 53.451840440813356 ], [ -2.913149481807602, 53.449207043968343 ] ] ] } },
{ "type": "Feature", "properties": { "LSOA21CD": "E01006735", "LSOA21NM": "Liverpool 005D", "area_km2": 0.17181270759953932, "pm25_street_mean": 8.9843821238737185, "pm25_street_p25": 8.2073110960855118, "pm25_street_p75": 9.2408886410192039, "pm10_street_mean": 17.996642273282866, "pm10_street_p25": 16.707748575589903, "pm10_street_p75": 18.334358509177004, "n_streets": 15, "PM2.5_lsoa_pred": 10.082883547849015, "PM10_lsoa_pred": 19.906406076650086, "PM2.5_final": 8.9843821238737185, "PM10_final": 17.996642273282866, "score_pm25": "B" }, "geometry": { "type": "Polygon", "coordinates": [ [ [ -2.925904846180442, 53.453821518121622 ], [ -2.925228068375946, 53.453302211317578 ], [ -2.92785562699102, 53.450990901495729 ], [ -2.935597295243565, 53.450587314702496 ], [ -2.931984629917971, 53.451673382766224 ], [ -2.934864003202791, 53.454539069734075 ], [ -2.925904846180442, 53.453821518121622 ] ] ] } },
{ "type": "Feature", "properties": { "LSOA21CD": "E01006736", "LSOA21NM": "Liverpool 005E", "area_km2": 0.31237383908979061, "pm25_street_mean": 9.6552972422767152, "pm25_street_p25": 8.8055087332240376, "pm25_street_p75": 9.8727220635808877, "pm10_street_mean": 19.072194000905007, "pm10_street_p25": 17.677166613681287, "pm10_street_p75": 19.355539966212834, "n_streets": 21, "PM2.5_lsoa_pred": 10.013205707097434, "PM10_lsoa_pred": 19.800954782544952, "PM2.5_final": 9.6552972422767152, "PM10_final": 19.072194000905007, "score_pm25": "B" }, "geometry": { "type": "Polygon", "coordinates": [ [ [ -2.917033324365954, 53.451840440813356 ], [ -2.92285225251676, 53.448275437917189 ], [ -2.926157154915169, 53.448068820264218 ], [ -2.92785562699102, 53.450990901495729 ], [ -2.925228068375946, 53.453302211317578 ], [ -2.919990341792529, 53.454579423004724 ], [ -2.917033324365954, 53.451840440813356 ] ] ] } },
{ "type": "Feature", "properties": { "LSOA21CD": "E01006737", "LSOA21NM": "Liverpool 005F", "area_km2": 0.18977755982458258, "pm25_street_mean": 9.3079057280936723, "pm25_street_p25": 9.1431649730188269, "pm25_street_p75": 9.427544260834992, "pm10_street_mean": 18.433693048586683, "pm10_street_p25": 18.142047819197941, "pm10_street_p75": 18.628569058336829, "n_streets": 16, "PM2.5_lsoa_pred": 10.073978154877352, "PM10_lsoa_pred": 19.892928546301167, "PM2.5_final": 9.3079057280936723, "PM10_final": 18.433693048586683, "score_pm25": "B" }, "geometry": { "type": "Polygon", "coordinates": [ [ [ -2.926157154915169, 53.448068820264218 ], [ -2.925306464698735, 53.4471549188777 ], [ -2.932957830801362, 53.447610691017516 ], [ -2.935597295243565, 53.450587314702496 ], [ -2.92785562699102, 53.450990901495729 ], [ -2.926157154915169, 53.448068820264218 ] ] ] } },
{ "type": "Feature", "properties": { "LSOA21CD": "E01006738", "LSOA21NM": "Liverpool 058A", "area_km2": 0.15334992665277364, "pm25_street_mean": 7.1373734833824196, "pm25_street_p25": 6.4816517645485447, "pm25_street_p75": 7.3500963041692025, "pm10_street_mean": 14.795531879199089, "pm10_street_p25": 13.582601736005655, "pm10_street_p75": 15.23852973975165, "n_streets": 17, "PM2.5_lsoa_pred": 10.092035770067211, "PM10_lsoa_pred": 19.920257161391469, "PM2.5_final": 7.1373734833824196, "PM10_final": 14.795531879199089, "score_pm25": "B" }, "geometry": { "type": "Polygon", "coordinates": [ [ [ -2.888134714606439, 53.347565396844921 ], [ -2.893206866676951, 53.344068959018017 ], [ -2.896420950942965, 53.348721210724044 ], [ -2.892864777999694, 53.349018418040217 ], [ -2.888134714606439, 53.347565396844921 ] ] ] } },
{ "type": "Feature", "properties": { "LSOA21CD": "E01006739", "LSOA21NM": "Liverpool 058B", "area_km2": 5.411371718842255, "pm25_street_mean": 7.1436853022072579, "pm25_street_p25": 6.6482279897657577, "pm25_street_p75": 7.688117408582233, "pm10_street_mean": 14.920732013572808, "pm10_street_p25": 14.141682664036182, "pm10_street_p75": 15.817313739330315, "n_streets": 50, "PM2.5_lsoa_pred": 7.4855712288371352, "PM10_lsoa_pred": 15.975601931735529, "PM2.5_final": 7.1436853022072579, "PM10_final": 14.920732013572808, "score_pm25": "B" }, "geometry": { "type": "Polygon", "coordinates": [ [ [ -2.838774968852121, 53.338107555291835 ], [ -2.832268092480208, 53.337265042464317 ], [ -2.825679180925278, 53.331811689633156 ], [ -2.825756819793645, 53.331798195546845 ], [ -2.826661005162548, 53.331641042758093 ], [ -2.836410259234967, 53.32700224273205 ], [ -2.854972794288684, 53.327455823732727 ], [ -2.878158577790993, 53.334182799769025 ], [ -2.89560358421256, 53.34262476649829 ], [ -2.893206866676951, 53.344068959018017 ], [ -2.888134714606439, 53.347565396844921 ], [ -2.885467498816689, 53.349129891609245 ], [ -2.880094955635734, 53.342764555775751 ], [ -2.874326253622705, 53.346132657345557 ], [ -2.866744895059917, 53.345403576772725 ], [ -2.862825829097336, 53.353504660873732 ], [ -2.852385799315926, 53.353815177578888 ], [ -2.858474751256185, 53.336753096491165 ], [ -2.862474948882064, 53.336567510444318 ], [ -2.86151560963321, 53.330942947629232 ], [ -2.838774968852121, 53.338107555291835 ] ] ] } },
{ "type": "Feature", "properties": { "LSOA21CD": "E01006740", "LSOA21NM": "Liverpool 057A", "area_km2": 0.84832324598310693, "pm25_street_mean": 8.4642495891213354, "pm25_street_p25": 6.2771208019045703, "pm25_street_p75": 9.8358300185345122, "pm10_street_mean": 17.134400007666237, "pm10_street_p25": 13.28075538048288, "pm10_street_p75": 19.596651397936672, "n_streets": 29, "PM2.5_lsoa_pred": 9.7475291503673365, "PM10_lsoa_pred": 19.398876640937939, "PM2.5_final": 8.4642495891213354, "PM10_final": 17.134400007666237, "score_pm25": "B" }, "geometry": { "type": "Polygon", "coordinates": [ [ [ -2.892864777999694, 53.349018418040217 ], [ -2.896420950942965, 53.348721210724044 ], [ -2.893206866676951, 53.344068959018017 ], [ -2.89560358421256, 53.34262476649829 ], [ -2.9027196293255, 53.346066654724183 ], [ -2.909869461076313, 53.349523892837055 ], [ -2.910337784331914, 53.349811313591076 ], [ -2.910612686893302, 53.349980748400661 ], [ -2.906880982472793, 53.352245336437562 ], [ -2.893470524621854, 53.353047618106814 ], [ -2.888480833106677, 53.351893171087525 ], [ -2.892864777999694, 53.349018418040217 ] ] ] } },
{ "type": "Feature", "properties": { "LSOA21CD": "E01006741", "LSOA21NM": "Liverpool 058C", "area_km2": 1.4777720166191566, "pm25_street_mean": 9.2186743463018086, "pm25_street_p25": 7.3722636167979143, "pm25_street_p75": 10.157393244909922, "pm10_street_mean": 18.453297104270735, "pm10_street_p25": 15.262815898821145, "pm10_street_p75": 19.996005656418774, "n_streets": 23, "PM2.5_lsoa_pred": 9.4355038362804287, "PM10_lsoa_pred": 18.926653724597369, "PM2.5_final": 9.2186743463018086, "PM10_final": 18.453297104270735, "score_pm25": "B" }, "geometry": { "type": "Polygon", "coordinates": [ [ [ -2.840489019654281, 53.347385342726774 ], [ -2.849626377601622, 53.347680922675607 ], [ -2.851212713524945, 53.342400675902717 ], [ -2.852149231472858, 53.339241760440402 ], [ -2.841008847525604, 53.33812166141572 ], [ -2.838774968852121, 53.338107555291835 ], [ -2.86151560963321, 53.330942947629232 ], [ -2.862474948882064, 53.336567510444318 ], [ -2.858474751256185, 53.336753096491165 ], [ -2.852385799315926, 53.353815177578888 ], [ -2.846310856016087, 53.353990875444339 ], [ -2.840489019654281, 53.347385342726774 ] ] ] } },
{ "type": "Feature", "properties": { "LSOA21CD": "E01006742", "LSOA21NM": "Liverpool 057B", "area_km2": 0.33382727344568686, "pm25_street_mean": 9.2848936006750247, "pm25_street_p25": 8.7943498692203974, "pm25_street_p75": 9.5599856416551283, "pm10_street_mean": 18.554478366852702, "pm10_street_p25": 17.810717804116919, "pm10_street_p75": 18.962470748343843, "n_streets": 28, "PM2.5_lsoa_pred": 10.002570982072271, "PM10_lsoa_pred": 19.784860059972335, "PM2.5_final": 9.2848936006750247, "PM10_final": 18.554478366852702, "score_pm25": "B" }, "geometry": { "type": "Polygon", "coordinates": [ [ [ -2.891280176850374, 53.359624503074521 ], [ -2.893601155598515, 53.357161374974389 ], [ -2.902867992297909, 53.360930802613666 ], [ -2.900264390088217, 53.358189675895318 ], [ -2.905391241508837, 53.359653528304825 ], [ -2.903293468711183, 53.361220761947209 ], [ -2.900498524801931, 53.363188246993168 ], [ -2.899380895075681, 53.36451068691526 ], [ -2.891280176850374, 53.359624503074521 ] ] ] } },
{ "type": "Feature", "properties": { "LSOA21CD": "E01006743", "LSOA21NM": "Liverpool 058D", "area_km2": 1.862863662062276, "pm25_street_mean": 7.1444978394674354, "pm25_street_p25": 6.5946461497339621, "pm25_street_p75": 7.8895548883243114, "pm10_street_mean": 15.08726026902486, "pm10_street_p25": 14.153274369577288, "pm10_street_p75": 16.328699769491905, "n_streets": 50, "PM2.5_lsoa_pred": 9.2446092834159987, "PM10_lsoa_pred": 18.637751579811571, "PM2.5_final": 7.1444978394674354, "PM10_final": 15.08726026902486, "score_pm25": "B" }, "geometry": { "type": "Polygon", "coordinates": [ [ [ -2.875754625483811, 53.353174206349372 ], [ -2.862825829097336, 53.353504660873732 ], [ -2.866744895059917, 53.345403576772725 ], [ -2.874326253622705, 53.346132657345557 ], [ -2.880094955635734, 53.342764555775751 ], [ -2.885467498816689, 53.349129891609245 ], [ -2.888134714606439, 53.347565396844921 ], [ -2.892864777999694, 53.349018418040217 ], [ -2.888480833106677, 53.351893171087525 ], [ -2.893470524621854, 53.353047618106814 ], [ -2.893601155598515, 53.357161374974389 ], [ -2.891280176850374, 53.359624503074521 ], [ -2.875754625483811, 53.353174206349372 ] ] ] } },
{ "type": "Feature", "properties": { "LSOA21CD": "E01006677", "LSOA21NM": "Liverpool 043D", "area_km2": 0.12882631008175605, "pm25_street_mean": 9.4468118751372074, "pm25_street_p25": 8.8316529897515696, "pm25_street_p75": 9.8126679926757081, "pm10_street_mean": 18.763218643153241, "pm10_street_p25": 17.661543389316208, "pm10_street_p75": 19.369112600107961, "n_streets": 24, "PM2.5_lsoa_pred": 10.104192421283459, "PM10_lsoa_pred": 19.938655185625723, "PM2.5_final": 9.4468118751372074, "PM10_final": 18.763218643153241, "score_pm25": "B" }, "geometry": { "type": "Polygon", "coordinates": [ [ [ -2.958988429706293, 53.387493980838101 ], [ -2.964363655947153, 53.388502629060383 ], [ -2.962247525058118, 53.390011880749334 ], [ -2.959824339579084, 53.391729248326619 ], [ -2.956313669627772, 53.38934238902123 ], [ -2.958988429706293, 53.387493980838101 ] ] ] } },
{ "type": "Feature", "properties": { "LSOA21CD": "E01006678", "LSOA21NM": "Liverpool 044E", "area_km2": 0.31347307092491877, "pm25_street_mean": 9.9643111497494488, "pm25_street_p25": 9.0327002426428216, "pm25_street_p75": 10.136525194983957, "pm10_street_mean": 19.695742920108618, "pm10_street_p25": 18.043364977620893, "pm10_street_p75": 19.976808039454827, "n_streets": 44, "PM2.5_lsoa_pred": 10.012660804677077, "PM10_lsoa_pred": 19.80013012057541, "PM2.5_final": 9.9643111497494488, "PM10_final": 19.695742920108618, "score_pm25": "B" }, "geometry": { "type": "Polygon", "coordinates": [ [ [ -2.958988429706293, 53.387493980838101 ], [ -2.955310844922678, 53.382172833361572 ], [ -2.956020927732287, 53.381665039411011 ], [ -2.959760803125744, 53.382209941637818 ], [ -2.962007472241241, 53.383394331999838 ], [ -2.967468493578092, 53.386313036471499 ], [ -2.964363655947153, 53.388502629060383 ], [ -2.958988429706293, 53.387493980838101 ] ] ] } },
{ "type": "Feature", "properties": { "LSOA21CD": "E01006679", "LSOA21NM": "Liverpool 039D", "area_km2": 0.40449084411758435, "pm25_street_mean": 9.182964976266824, "pm25_street_p25": 8.2443123733405823, "pm25_street_p75": 10.307671891141183, "pm10_street_mean": 18.329307513900147, "pm10_street_p25": 16.685245644019389, "pm10_street_p75": 20.235057155801009, "n_streets": 61, "PM2.5_lsoa_pred": 9.9675422015551192, "PM10_lsoa_pred": 19.731847076265968, "PM2.5_final": 9.182964976266824, "PM10_final": 18.329307513900147, "score_pm25": "B" }, "geometry": { "type": "Polygon", "coordinates": [ [ [ -2.949492156442817, 53.395252899728149 ], [ -2.957076697127076, 53.392897220360688 ], [ -2.959309576868114, 53.392297618294272 ], [ -2.963686879423732, 53.394385610092009 ], [ -2.961396639488082, 53.396975240885261 ], [ -2.956529573887368, 53.397672307299828 ], [ -2.952709971616295, 53.398342882711098 ], [ -2.94974913130432, 53.398539064325277 ], [ -2.949492156442817, 53.395252899728149 ] ] ] } },
{ "type": "Feature", "properties": { "LSOA21CD": "E01006680", "LSOA21NM": "Liverpool 053B", "area_km2": 0.48907546549090747, "pm25_street_mean": 10.873059294257354, "pm25_street_p25": 10.427709449503494, "pm25_street_p75": 11.447087576551983, "pm10_street_mean": 21.446191895830854, "pm10_street_p25": 20.698649075946363, "pm10_street_p75": 22.429037117931134, "n_streets": 24, "PM2.5_lsoa_pred": 9.9256125890399272, "PM10_lsoa_pred": 19.668390289239262, "PM2.5_final": 10.873059294257354, "PM10_final": 21.446191895830854, "score_pm25": "C" }, "geometry": { "type": "Polygon", "coordinates": [ [ [ -2.901266230986476, 53.375219769560431 ], [ -2.902181319118103, 53.371025763206688 ], [ -2.911311444910486, 53.369014303492193 ], [ -2.914234326134674, 53.37326862712446 ], [ -2.912320865260289, 53.374347999861762 ], [ -2.903525772202662, 53.377262268731208 ], [ -2.901266230986476, 53.375219769560431 ] ] ] } },
{ "type": "Feature", "properties": { "LSOA21CD": "E01006681", "LSOA21NM": "Liverpool 054D", "area_km2": 0.34624636976711276, "pm25_street_mean": 10.386491991897671, "pm25_street_p25": 9.7811828738992794, "pm25_street_p75": 10.179354759387916, "pm10_street_mean": 20.52960598269744, "pm10_street_p25": 19.486659198998552, "pm10_street_p75": 20.25863858737624, "n_streets": 17, "PM2.5_lsoa_pred": 9.9964146868960118, "PM10_lsoa_pred": 19.77554304775974, "PM2.5_final": 10.386491991897671, "PM10_final": 20.52960598269744, "score_pm25": "C" }, "geometry": { "type": "Polygon", "coordinates": [ [ [ -2.898756128216782, 53.372710226159946 ], [ -2.896694258096256, 53.370525622418789 ], [ -2.898600224349076, 53.365577010202564 ], [ -2.899380895075681, 53.36451068691526 ], [ -2.900498524801931, 53.363188246993168 ], [ -2.903836156103364, 53.365305874793407 ], [ -2.902181319118103, 53.371025763206688 ], [ -2.901266230986476, 53.375219769560431 ], [ -2.898756128216782, 53.372710226159946 ] ] ] } },
{ "type": "Feature", "properties": { "LSOA21CD": "E01006682", "LSOA21NM": "Liverpool 053C", "area_km2": 0.2519738059731349, "pm25_street_mean": 10.462155440974801, "pm25_street_p25": 10.067628179308791, "pm25_street_p75": 10.217831883739459, "pm10_street_mean": 20.620132661157971, "pm10_street_p25": 19.9510217455238, "pm10_street_p75": 20.186460125403528, "n_streets": 20, "PM2.5_lsoa_pred": 10.043146728802887, "PM10_lsoa_pred": 19.846267890006569, "PM2.5_final": 10.462155440974801, "PM10_final": 20.620132661157971, "score_pm25": "C" }, "geometry": { "type": "Polygon", "coordinates": [ [ [ -2.911311444910486, 53.369014303492193 ], [ -2.911827961003331, 53.367771826833604 ], [ -2.916053603400794, 53.366523007920321 ], [ -2.91847755912968, 53.367847700079743 ], [ -2.918142003922008, 53.369379210510658 ], [ -2.918911403030987, 53.371830071694589 ], [ -2.914234326134674, 53.37326862712446 ], [ -2.911311444910486, 53.369014303492193 ] ] ] } },
{ "type": "Feature", "properties": { "LSOA21CD": "E01006683", "LSOA21NM": "Liverpool 053D", "area_km2": 0.23950197304449261, "pm25_street_mean": 10.121008358693421, "pm25_street_p25": 9.9373155396225439, "pm25_street_p75": 10.211952264509414, "pm10_street_mean": 19.97590034821248, "pm10_street_p25": 19.65344183745654, "pm10_street_p75": 20.118515836836721, "n_streets": 11, "PM2.5_lsoa_pred": 10.049329166148608, "PM10_lsoa_pred": 19.855624466097304, "PM2.5_final": 10.121008358693421, "PM10_final": 19.97590034821248, "score_pm25": "C" }, "geometry": { "type": "Polygon", "coordinates": [ [ [ -2.903836156103364, 53.365305874793407 ], [ -2.909748550026886, 53.366554344641571 ], [ -2.911827961003331, 53.367771826833604 ], [ -2.911311444910486, 53.369014303492193 ], [ -2.902181319118103, 53.371025763206688 ], [ -2.903836156103364, 53.365305874793407 ] ] ] } },
{ "type": "Feature", "properties": { "LSOA21CD": "E01006684", "LSOA21NM": "Liverpool 056B", "area_km2": 0.56339014280835309, "pm25_street_mean": 9.0730217513271807, "pm25_street_p25": 8.4822464114406202, "pm25_street_p75": 9.6550698893817852, "pm10_street_mean": 18.310757334715074, "pm10_street_p25": 17.370321566758481, "pm10_street_p75": 19.201406748275325, "n_streets": 43, "PM2.5_lsoa_pred": 9.8887739111157309, "PM10_lsoa_pred": 19.612638184720428, "PM2.5_final": 9.0730217513271807, "PM10_final": 18.310757334715074, "score_pm25": "B" }, "geometry": { "type": "Polygon", "coordinates": [ [ [ -2.916053603400794, 53.366523007920321 ], [ -2.917635964343007, 53.362222108908711 ], [ -2.923486849842954, 53.357708520124589 ], [ -2.931712417990489, 53.361208308411122 ], [ -2.930426954266604, 53.362004958825004 ], [ -2.91847755912968, 53.367847700079743 ], [ -2.916053603400794, 53.366523007920321 ] ] ] } },
{ "type": "Feature", "properties": { "LSOA21CD": "E01006685", "LSOA21NM": "Liverpool 056C", "area_km2": 0.28041048195166735, "pm25_street_mean": 9.8239905996460148, "pm25_street_p25": 9.5965703194546954, "pm25_street_p75": 9.8744807727867503, "pm10_street_mean": 19.397212796919764, "pm10_street_p25": 18.924217740198646, "pm10_street_p75": 19.504912776216866, "n_streets": 28, "PM2.5_lsoa_pred": 10.029050327049932, "PM10_lsoa_pred": 19.824934223649503, "PM2.5_final": 9.8239905996460148, "PM10_final": 19.397212796919764, "score_pm25": "B" }, "geometry": { "type": "Polygon", "coordinates": [ [ [ -2.909748550026886, 53.366554344641571 ], [ -2.909196476314295, 53.36301823319716 ], [ -2.912961070244107, 53.361400774537096 ], [ -2.917635964343007, 53.362222108908711 ], [ -2.916053603400794, 53.366523007920321 ], [ -2.911827961003331, 53.367771826833604 ], [ -2.909748550026886, 53.366554344641571 ] ] ] } },
{ "type": "Feature", "properties": { "LSOA21CD": "E01006686", "LSOA21NM": "Liverpool 053E", "area_km2": 0.206730188121276, "pm25_street_mean": 9.8093419750808959, "pm25_street_p25": 9.7404479474219361, "pm25_street_p75": 9.8833368272442126, "pm10_street_mean": 19.33057429430686, "pm10_street_p25": 19.198984477662986, "pm10_street_p75": 19.493750036782085, "n_streets": 14, "PM2.5_lsoa_pred": 10.065574533461856, "PM10_lsoa_pred": 19.880210403145828, "PM2.5_final": 9.8093419750808959, "PM10_final": 19.33057429430686, "score_pm25": "B" }, "geometry": { "type": "Polygon", "coordinates": [ [ [ -2.903836156103364, 53.365305874793407 ], [ -2.900498524801931, 53.363188246993168 ], [ -2.903293468711183, 53.361220761947209 ], [ -2.909196476314295, 53.36301823319716 ], [ -2.909748550026886, 53.366554344641571 ], [ -2.903836156103364, 53.365305874793407 ] ] ] } },
{ "type": "Feature", "properties": { "LSOA21CD": "E01006687", "LSOA21NM": "Liverpool 056D", "area_km2": 0.84751560326812847, "pm25_street_mean": 8.5944205407315586, "pm25_street_p25": 7.3475193442185862, "pm25_street_p75": 8.7673658357569266, "pm10_street_mean": 17.346976190974306, "pm10_street_p25": 15.25476813764822, "pm10_street_p75": 17.62842012823188, "n_streets": 66, "PM2.5_lsoa_pred": 9.7479295085594035, "PM10_lsoa_pred": 19.39948254790928, "PM2.5_final": 8.5944205407315586, "PM10_final": 17.346976190974306, "score_pm25": "B" }, "geometry": { "type": "Polygon", "coordinates": [ [ [ -2.912961070244107, 53.361400774537096 ], [ -2.916156806511403, 53.359137583021891 ], [ -2.905783317634309, 53.357348078197873 ], [ -2.902811171765805, 53.355932860449641 ], [ -2.906880982472793, 53.352245336437562 ], [ -2.910612686893302, 53.349980748400661 ], [ -2.922410895709447, 53.357250641529454 ], [ -2.923486849842954, 53.357708520124589 ], [ -2.917635964343007, 53.362222108908711 ], [ -2.912961070244107, 53.361400774537096 ] ] ] } },
{ "type": "Feature", "properties": { "LSOA21CD": "E01006688", "LSOA21NM": "Liverpool 056E", "area_km2": 0.29313738082549601, "pm25_street_mean": 9.2941663586907559, "pm25_street_p25": 8.9617575563239598, "pm25_street_p75": 9.5290188466094374, "pm10_street_mean": 18.42348722814117, "pm10_street_p25": 17.880102898368836, "pm10_street_p75": 18.7840819030666, "n_streets": 36, "PM2.5_lsoa_pred": 10.022741450452324, "PM10_lsoa_pred": 19.815386292852693, "PM2.5_final": 9.2941663586907559, "PM10_final": 18.42348722814117, "score_pm25": "B" }, "geometry": { "type": "Polygon", "coordinates": [ [ [ -2.903293468711183, 53.361220761947209 ], [ -2.905391241508837, 53.359653528304825 ], [ -2.905783317634309, 53.357348078197873 ], [ -2.916156806511403, 53.359137583021891 ], [ -2.912961070244107, 53.361400774537096 ], [ -2.909196476314295, 53.36301823319716 ], [ -2.903293468711183, 53.361220761947209 ] ] ] } },
{ "type": "Feature", "properties": { "LSOA21CD": "E01006744", "LSOA21NM": "Liverpool 057C", "area_km2": 0.13323578093109409, "pm25_street_mean": 8.2154355447563443, "pm25_street_p25": 7.7766929001961493, "pm25_street_p75": 8.6488310758959557, "pm10_street_mean": 16.658465328155934, "pm10_street_p25": 15.915998481528474, "pm10_street_p75": 17.341091227192084, "n_streets": 22, "PM2.5_lsoa_pred": 10.102006593634083, "PM10_lsoa_pred": 19.935347127399016, "PM2.5_final": 8.2154355447563443, "PM10_final": 16.658465328155934, "score_pm25": "B" }, "geometry": { "type": "Polygon", "coordinates": [ [ [ -2.900264390088217, 53.358189675895318 ], [ -2.896544506903102, 53.356272074375752 ], [ -2.902811171765805, 53.355932860449641 ], [ -2.905783317634309, 53.357348078197873 ], [ -2.905391241508837, 53.359653528304825 ], [ -2.900264390088217, 53.358189675895318 ] ] ] } },
{ "type": "Feature", "properties": { "LSOA21CD": "E01006745", "LSOA21NM": "Liverpool 057D", "area_km2": 0.38582719088779055, "pm25_street_mean": 6.9439801776757797, "pm25_street_p25": 6.3883360658314983, "pm25_street_p75": 7.253444649934135, "pm10_street_mean": 14.6454369705756, "pm10_street_p25": 13.796598094513415, "pm10_street_p75": 15.074369501232553, "n_streets": 18, "PM2.5_lsoa_pred": 9.9767939985761078, "PM10_lsoa_pred": 19.745848858728483, "PM2.5_final": 6.9439801776757797, "PM10_final": 14.6454369705756, "score_pm25": "B" }, "geometry": { "type": "Polygon", "coordinates": [ [ [ -2.893601155598515, 53.357161374974389 ], [ -2.893470524621854, 53.353047618106814 ], [ -2.906880982472793, 53.352245336437562 ], [ -2.902811171765805, 53.355932860449641 ], [ -2.896544506903102, 53.356272074375752 ], [ -2.900264390088217, 53.358189675895318 ], [ -2.902867992297909, 53.360930802613666 ], [ -2.893601155598515, 53.357161374974389 ] ] ] } },
{ "type": "Feature", "properties": { "LSOA21CD": "E01006746", "LSOA21NM": "Liverpool 030E", "area_km2": 0.20711810383477705, "pm25_street_mean": 10.922481661107181, "pm25_street_p25": 8.6956086370377328, "pm25_street_p75": 12.35525489613935, "pm10_street_mean": 21.155153515268047, "pm10_street_p25": 17.37305764213593, "pm10_street_p75": 23.567554680575647, "n_streets": 41, "PM2.5_lsoa_pred": 10.065382238984544, "PM10_lsoa_pred": 19.879919382338304, "PM2.5_final": 10.922481661107181, "PM10_final": 21.155153515268047, "score_pm25": "C" }, "geometry": { "type": "Polygon", "coordinates": [ [ [ -2.955914397119602, 53.415359550107418 ], [ -2.954386435862871, 53.410437624470283 ], [ -2.958606930576988, 53.410457473951091 ], [ -2.962592642777035, 53.414134450552417 ], [ -2.956504066619956, 53.416124177918562 ], [ -2.955914397119602, 53.415359550107418 ] ] ] } },
{ "type": "Feature", "properties": { "LSOA21CD": "E01006747", "LSOA21NM": "Liverpool 031B", "area_km2": 0.53242678290431367, "pm25_street_mean": 7.2080211170799338, "pm25_street_p25": 6.1788672959856124, "pm25_street_p75": 7.8928438491933353, "pm10_street_mean": 15.215736320176598, "pm10_street_p25": 13.615750908040685, "pm10_street_p75": 16.121027994900871, "n_streets": 63, "PM2.5_lsoa_pred": 9.9041228204312279, "PM10_lsoa_pred": 19.635867411300399, "PM2.5_final": 7.2080211170799338, "PM10_final": 15.215736320176598, "score_pm25": "B" }, "geometry": { "type": "Polygon", "coordinates": [ [ [ -2.958606930576988, 53.410457473951091 ], [ -2.961227204830224, 53.407421565976492 ], [ -2.962349883045968, 53.406220766598913 ], [ -2.973090126067157, 53.405510824680249 ], [ -2.97360265358598, 53.407771791067596 ], [ -2.974566758232736, 53.409228904416281 ], [ -2.968142868193297, 53.408723246510135 ], [ -2.967934684344516, 53.411751402325706 ], [ -2.964647912577413, 53.413114151880116 ], [ -2.962592642777035, 53.414134450552417 ], [ -2.958606930576988, 53.410457473951091 ] ] ] } },
{ "type": "Feature", "properties": { "LSOA21CD": "E01006748", "LSOA21NM": "Liverpool 031C", "area_km2": 0.14288457923712894, "pm25_street_mean": 10.500074552883477, "pm25_street_p25": 9.4698465399193221, "pm25_street_p75": 11.535805248955914, "pm10_street_mean": 20.656700709363466, "pm10_street_p25": 18.825941393141967, "pm10_street_p75": 22.595226299406065, "n_streets": 26, "PM2.5_lsoa_pred": 10.097223568450065, "PM10_lsoa_pred": 19.928108438743457, "PM2.5_final": 10.500074552883477, "PM10_final": 20.656700709363466, "score_pm25": "C" }, "geometry": { "type": "Polygon", "coordinates": [ [ [ -2.954386435862871, 53.410437624470283 ], [ -2.954414291124128, 53.409844116300853 ], [ -2.954460574748627, 53.408744763007938 ], [ -2.95650646836165, 53.406214096825899 ], [ -2.961227204830224, 53.407421565976492 ], [ -2.958606930576988, 53.410457473951091 ], [ -2.954386435862871, 53.410437624470283 ] ] ] } },
{ "type": "Feature", "properties": { "LSOA21CD": "E01006751", "LSOA21NM": "Liverpool 031F", "area_km2": 0.52093339868598998, "pm25_street_mean": 8.2702560597274655, "pm25_street_p25": 7.094605244634403, "pm25_street_p75": 8.6428949836942319, "pm10_street_mean": 16.94193422097732, "pm10_street_p25": 14.885115083271774, "pm10_street_p75": 17.51520674087099, "n_streets": 57, "PM2.5_lsoa_pred": 9.9098202290019355, "PM10_lsoa_pred": 19.644489938926778, "PM2.5_final": 8.2702560597274655, "PM10_final": 16.94193422097732, "score_pm25": "B" }, "geometry": { "type": "Polygon", "coordinates": [ [ [ -2.95650646836165, 53.406214096825899 ], [ -2.948665927250949, 53.403047372101376 ], [ -2.949530127775359, 53.400171755133861 ], [ -2.95417864661231, 53.401030415700461 ], [ -2.952709971616295, 53.398342882711098 ], [ -2.956529573887368, 53.397672307299828 ], [ -2.960810069655345, 53.4030540421899 ], [ -2.962349883045968, 53.406220766598913 ], [ -2.961227204830224, 53.407421565976492 ], [ -2.95650646836165, 53.406214096825899 ] ] ] } },
{ "type": "Feature", "properties": { "LSOA21CD": "E01006753", "LSOA21NM": "Liverpool 059A", "area_km2": 0.30550253870623872, "pm25_street_mean": 8.9223883203718906, "pm25_street_p25": 7.4023902496087191, "pm25_street_p75": 8.6284761849028015, "pm10_street_mean": 18.04297101364422, "pm10_street_p25": 15.433132597136789, "pm10_street_p75": 17.447203879453298, "n_streets": 19, "PM2.5_lsoa_pred": 10.016611893208809, "PM10_lsoa_pred": 19.806109746153659, "PM2.5_final": 8.9223883203718906, "PM10_final": 18.04297101364422, "score_pm25": "B" }, "geometry": { "type": "Polygon", "coordinates": [ [ [ -2.840951868641086, 53.338435381172076 ], [ -2.841008847525604, 53.33812166141572 ], [ -2.852149231472858, 53.339241760440402 ], [ -2.851212713524945, 53.342400675902717 ], [ -2.843853501635674, 53.343727336542578 ], [ -2.840951868641086, 53.338435381172076 ] ] ] } },
{ "type": "Feature", "properties": { "LSOA21CD": "E01006754", "LSOA21NM": "Liverpool 059B", "area_km2": 0.44863240514247621, "pm25_street_mean": 11.678460305320243, "pm25_street_p25": 9.5974808115345311, "pm25_street_p75": 12.483653268244643, "pm10_street_mean": 22.809695763287635, "pm10_street_p25": 19.16573387017619, "pm10_street_p75": 24.254017067301746, "n_streets": 22, "PM2.5_lsoa_pred": 9.9456606996988821, "PM10_lsoa_pred": 19.698731344452025, "PM2.5_final": 11.678460305320243, "PM10_final": 22.809695763287635, "score_pm25": "C" }, "geometry": { "type": "Polygon", "coordinates": [ [ [ -2.823270217495363, 53.338695917030343 ], [ -2.827014579064175, 53.343087816949804 ], [ -2.824665972112296, 53.345917603531802 ], [ -2.829336459839781, 53.346867193484869 ], [ -2.818438001724131, 53.34800365829097 ], [ -2.818779735227976, 53.33975612531551 ], [ -2.823270217495363, 53.338695917030343 ] ] ] } },
{ "type": "Feature", "properties": { "LSOA21CD": "E01006755", "LSOA21NM": "Liverpool 059C", "area_km2": 0.48731193976249515, "pm25_street_mean": 9.0745451321273389, "pm25_street_p25": 7.8608120453065631, "pm25_street_p75": 9.7287216510409174, "pm10_street_mean": 18.31005586437113, "pm10_street_p25": 16.281958597502918, "pm10_street_p75": 19.329442794613435, "n_streets": 20, "PM2.5_lsoa_pred": 9.9264867899200908, "PM10_lsoa_pred": 19.669713315514571, "PM2.5_final": 9.0745451321273389, "PM10_final": 18.31005586437113, "score_pm25": "B" }, "geometry": { "type": "Polygon", "coordinates": [ [ [ -2.840489019654281, 53.347385342726774 ], [ -2.839771160610404, 53.347265245269725 ], [ -2.833824689365524, 53.344723055912347 ], [ -2.83637191656037, 53.341554510713635 ], [ -2.829330486095494, 53.342826261380374 ], [ -2.83078863577778, 53.339430071554709 ], [ -2.837308956867473, 53.341072153896633 ], [ -2.840951868641086, 53.338435381172076 ], [ -2.843853501635674, 53.343727336542578 ], [ -2.841212304832719, 53.346396592477774 ], [ -2.849626377601622, 53.347680922675607 ], [ -2.840489019654281, 53.347385342726774 ] ] ] } },
{ "type": "Feature", "properties": { "LSOA21CD": "E01006756", "LSOA21NM": "Liverpool 059D", "area_km2": 0.31815970969066987, "pm25_street_mean": 10.357701908887368, "pm25_street_p25": 9.0836719896542011, "pm25_street_p75": 11.072814823043677, "pm10_street_mean": 20.52667827406286, "pm10_street_p25": 18.307649536494534, "pm10_street_p75": 21.852265597488479, "n_streets": 18, "PM2.5_lsoa_pred": 10.010337581563276, "PM10_lsoa_pred": 19.79661412637693, "PM2.5_final": 10.357701908887368, "PM10_final": 20.52667827406286, "score_pm25": "C" }, "geometry": { "type": "Polygon", "coordinates": [ [ [ -2.829503364858331, 53.346846365379712 ], [ -2.829336459839781, 53.346867193484869 ], [ -2.824665972112296, 53.345917603531802 ], [ -2.827014579064175, 53.343087816949804 ], [ -2.829330486095494, 53.342826261380374 ], [ -2.83637191656037, 53.341554510713635 ], [ -2.833824689365524, 53.344723055912347 ], [ -2.839771160610404, 53.347265245269725 ], [ -2.829503364858331, 53.346846365379712 ] ] ] } },
{ "type": "Feature", "properties": { "LSOA21CD": "E01006757", "LSOA21NM": "Liverpool 059E", "area_km2": 0.369765751748453, "pm25_street_mean": 10.012784804900662, "pm25_street_p25": 8.7061799817006822, "pm25_street_p75": 11.371691769367336, "pm10_street_mean": 19.948677759850671, "pm10_street_p25": 17.66901060766476, "pm10_street_p75": 22.091124160953569, "n_streets": 21, "PM2.5_lsoa_pred": 9.9847558468248145, "PM10_lsoa_pred": 19.757898416984574, "PM2.5_final": 10.012784804900662, "PM10_final": 19.948677759850671, "score_pm25": "C" }, "geometry": { "type": "Polygon", "coordinates": [ [ [ -2.823270217495363, 53.338695917030343 ], [ -2.832268092480208, 53.337265042464317 ], [ -2.838774968852121, 53.338107555291835 ], [ -2.841008847525604, 53.33812166141572 ], [ -2.840951868641086, 53.338435381172076 ], [ -2.837308956867473, 53.341072153896633 ], [ -2.83078863577778, 53.339430071554709 ], [ -2.829330486095494, 53.342826261380374 ], [ -2.827014579064175, 53.343087816949804 ], [ -2.823270217495363, 53.338695917030343 ] ] ] } },
{ "type": "Feature", "properties": { "LSOA21CD": "E01006758", "LSOA21NM": "Liverpool 059F", "area_km2": 0.23186873289595233, "pm25_street_mean": 8.7500541261788278, "pm25_street_p25": 7.22955232269618, "pm25_street_p75": 8.4561339819298453, "pm10_street_mean": 17.715256733308003, "pm10_street_p25": 15.120637544639798, "pm10_street_p75": 17.186716283946836, "n_streets": 13, "PM2.5_lsoa_pred": 10.053113054950936, "PM10_lsoa_pred": 19.861351049565613, "PM2.5_final": 8.7500541261788278, "PM10_final": 17.715256733308003, "score_pm25": "B" }, "geometry": { "type": "Polygon", "coordinates": [ [ [ -2.843853501635674, 53.343727336542578 ], [ -2.851212713524945, 53.342400675902717 ], [ -2.849626377601622, 53.347680922675607 ], [ -2.841212304832719, 53.346396592477774 ], [ -2.843853501635674, 53.343727336542578 ] ] ] } },
{ "type": "Feature", "properties": { "LSOA21CD": "E01006759", "LSOA21NM": "Liverpool 028D", "area_km2": 0.62705987820581366, "pm25_street_mean": 11.949934753598331, "pm25_street_p25": 8.9322603837382477, "pm25_street_p75": 14.6820481328787, "pm10_street_mean": 23.153914133841564, "pm10_street_p25": 17.831424545925408, "pm10_street_p75": 27.883034047463532, "n_streets": 22, "PM2.5_lsoa_pred": 9.8572120587267769, "PM10_lsoa_pred": 19.564872092331942, "PM2.5_final": 11.949934753598331, "PM10_final": 23.153914133841564, "score_pm25": "C" }, "geometry": { "type": "Polygon", "coordinates": [ [ [ -2.932673183897223, 53.419530261095751 ], [ -2.929784466225584, 53.414471708957947 ], [ -2.937670361154624, 53.413470476643695 ], [ -2.940124887364813, 53.413042517249927 ], [ -2.943494094478785, 53.417765513001072 ], [ -2.942625079273308, 53.421332965558676 ], [ -2.935870701949703, 53.422114197636496 ], [ -2.932673183897223, 53.419530261095751 ] ] ] } },
{ "type": "Feature", "properties": { "LSOA21CD": "E01006760", "LSOA21NM": "Liverpool 028E", "area_km2": 0.26094270828440314, "pm25_street_mean": 12.794441498583549, "pm25_street_p25": 8.8831467272205646, "pm25_street_p75": 16.03992090379219, "pm10_street_mean": 24.509634834226496, "pm10_street_p25": 17.698929033967559, "pm10_street_p75": 30.188412515021703, "n_streets": 23, "PM2.5_lsoa_pred": 10.038700736227732, "PM10_lsoa_pred": 19.839539270612299, "PM2.5_final": 12.794441498583549, "PM10_final": 24.509634834226496, "score_pm25": "C" }, "geometry": { "type": "Polygon", "coordinates": [ [ [ -2.935837986791475, 53.424071357726483 ], [ -2.935744483618744, 53.423903971760744 ], [ -2.935870701949703, 53.422114197636496 ], [ -2.942625079273308, 53.421332965558676 ], [ -2.943494094478785, 53.417765513001072 ], [ -2.946286068322125, 53.417301676306323 ], [ -2.947790653707682, 53.42124713712122 ], [ -2.940485508692774, 53.422506589118392 ], [ -2.944468316450553, 53.425246573534281 ], [ -2.944540417166945, 53.425277104697912 ], [ -2.935837986791475, 53.424071357726483 ] ] ] } },
{ "type": "Feature", "properties": { "LSOA21CD": "E01006761", "LSOA21NM": "Liverpool 020B", "area_km2": 0.3111966526125669, "pm25_street_mean": 9.112097686687024, "pm25_street_p25": 7.9617472327250232, "pm25_street_p75": 9.1486349257101871, "pm10_street_mean": 18.249831274207018, "pm10_street_p25": 16.297496076829106, "pm10_street_p75": 18.378222461758124, "n_streets": 27, "PM2.5_lsoa_pred": 10.013789252569964, "PM10_lsoa_pred": 19.801837927381012, "PM2.5_final": 9.112097686687024, "PM10_final": 18.249831274207018, "score_pm25": "B" }, "geometry": { "type": "Polygon", "coordinates": [ [ [ -2.925736124357472, 53.421079742106244 ], [ -2.932673183897223, 53.419530261095751 ], [ -2.935870701949703, 53.422114197636496 ], [ -2.935744483618744, 53.423903971760744 ], [ -2.929513041372966, 53.421777339714382 ], [ -2.930713702694882, 53.425075888639164 ], [ -2.924145650304718, 53.426852764677179 ], [ -2.925736124357472, 53.421079742106244 ] ] ] } },
{ "type": "Feature", "properties": { "LSOA21CD": "E01006762", "LSOA21NM": "Liverpool 015E", "area_km2": 0.2102823024422372, "pm25_street_mean": 9.9009062587402106, "pm25_street_p25": 9.5254438709090188, "pm25_street_p75": 10.302176928875049, "pm10_street_mean": 19.497044235105903, "pm10_street_p25": 18.833249316080437, "pm10_street_p75": 20.150750330406318, "n_streets": 31, "PM2.5_lsoa_pred": 10.063813707738818, "PM10_lsoa_pred": 19.877545548018499, "PM2.5_final": 9.9009062587402106, "PM10_final": 19.497044235105903, "score_pm25": "B" }, "geometry": { "type": "Polygon", "coordinates": [ [ [ -2.937852660159623, 53.428779477544339 ], [ -2.943370614914242, 53.429857515509191 ], [ -2.947649506778555, 53.43071396340774 ], [ -2.942648053448762, 53.435023654369175 ], [ -2.942029821099915, 53.435236098264909 ], [ -2.937852660159623, 53.428779477544339 ] ] ] } },
{ "type": "Feature", "properties": { "LSOA21CD": "E01006763", "LSOA21NM": "Liverpool 020C", "area_km2": 0.11175577670739339, "pm25_street_mean": 9.7537377803065084, "pm25_street_p25": 9.7083974117529515, "pm25_street_p75": 9.7770522633026218, "pm10_street_mean": 19.148483774421255, "pm10_street_p25": 19.104904916916787, "pm10_street_p75": 19.156234020462485, "n_streets": 16, "PM2.5_lsoa_pred": 10.112654489661772, "PM10_lsoa_pred": 19.95146178312751, "PM2.5_final": 9.7537377803065084, "PM10_final": 19.148483774421255, "score_pm25": "B" }, "geometry": { "type": "Polygon", "coordinates": [ [ [ -2.929323699018537, 53.430191424320817 ], [ -2.933454939543189, 53.427983215682644 ], [ -2.934170046800095, 53.426918241901078 ], [ -2.936607082419086, 53.429507751680305 ], [ -2.931019687121091, 53.431752233074064 ], [ -2.929323699018537, 53.430191424320817 ] ] ] } },
{ "type": "Feature", "properties": { "LSOA21CD": "E01006764", "LSOA21NM": "Liverpool 020D", "area_km2": 0.1362805785605575, "pm25_street_mean": 8.6287283500003351, "pm25_street_p25": 8.2387949109204381, "pm25_street_p75": 9.0430134536105502, "pm10_street_mean": 17.231864970893209, "pm10_street_p25": 16.65395771213305, "pm10_street_p75": 17.882818756772863, "n_streets": 11, "PM2.5_lsoa_pred": 10.10049725088693, "PM10_lsoa_pred": 19.933062869674913, "PM2.5_final": 8.6287283500003351, "PM10_final": 17.231864970893209, "score_pm25": "B" }, "geometry": { "type": "Polygon", "coordinates": [ [ [ -2.930713702694882, 53.425075888639164 ], [ -2.929513041372966, 53.421777339714382 ], [ -2.935744483618744, 53.423903971760744 ], [ -2.935837986791475, 53.424071357726483 ], [ -2.934170046800095, 53.426918241901078 ], [ -2.933454939543189, 53.427983215682644 ], [ -2.930713702694882, 53.425075888639164 ] ] ] } },
{ "type": "Feature", "properties": { "LSOA21CD": "E01006765", "LSOA21NM": "Liverpool 020E", "area_km2": 0.17095592295773132, "pm25_street_mean": 9.5098788084714094, "pm25_street_p25": 9.2740372655924883, "pm25_street_p75": 9.5528557227028728, "pm10_street_mean": 18.788476977194829, "pm10_street_p25": 18.400023616096671, "pm10_street_p75": 18.872108451818356, "n_streets": 17, "PM2.5_lsoa_pred": 10.083308266284313, "PM10_lsoa_pred": 19.90704885071067, "PM2.5_final": 9.5098788084714094, "PM10_final": 18.788476977194829, "score_pm25": "B" }, "geometry": { "type": "Polygon", "coordinates": [ [ [ -2.927205329440833, 53.428230488262372 ], [ -2.924101038288036, 53.426876840524095 ], [ -2.924145650304718, 53.426852764677179 ], [ -2.930713702694882, 53.425075888639164 ], [ -2.933454939543189, 53.427983215682644 ], [ -2.929323699018537, 53.430191424320817 ], [ -2.927205329440833, 53.428230488262372 ] ] ] } },
{ "type": "Feature", "properties": { "LSOA21CD": "E01006766", "LSOA21NM": "Liverpool 019E", "area_km2": 0.1240182421325989, "pm25_street_mean": 10.317985137038081, "pm25_street_p25": 10.068439116205486, "pm25_street_p75": 10.391024698011531, "pm10_street_mean": 20.032690478652516, "pm10_street_p25": 19.639468889229484, "pm10_street_p75": 20.133935857193251, "n_streets": 18, "PM2.5_lsoa_pred": 10.106575838301609, "PM10_lsoa_pred": 19.942262278013274, "PM2.5_final": 10.317985137038081, "PM10_final": 20.032690478652516, "score_pm25": "C" }, "geometry": { "type": "Polygon", "coordinates": [ [ [ -2.943370614914242, 53.429857515509191 ], [ -2.946970780642095, 53.426279865992711 ], [ -2.949006544783619, 53.427109211201262 ], [ -2.950149583149888, 53.429006310307074 ], [ -2.947649506778555, 53.43071396340774 ], [ -2.943370614914242, 53.429857515509191 ] ] ] } },
{ "type": "Feature", "properties": { "LSOA21CD": "E01006767", "LSOA21NM": "Liverpool 019F", "area_km2": 0.35477507544455167, "pm25_street_mean": 9.3743229771158827, "pm25_street_p25": 9.2460457599039891, "pm25_street_p75": 9.4871267575059548, "pm10_street_mean": 18.466948885222493, "pm10_street_p25": 18.277985222706103, "pm10_street_p75": 18.691312048025342, "n_streets": 35, "PM2.5_lsoa_pred": 9.9921869050781709, "PM10_lsoa_pred": 19.769144671187266, "PM2.5_final": 9.3743229771158827, "PM10_final": 18.466948885222493, "score_pm25": "B" }, "geometry": { "type": "Polygon", "coordinates": [ [ [ -2.937852660159623, 53.428779477544339 ], [ -2.936607082419086, 53.429507751680305 ], [ -2.934170046800095, 53.426918241901078 ], [ -2.935837986791475, 53.424071357726483 ], [ -2.944540417166945, 53.425277104697912 ], [ -2.946970780642095, 53.426279865992711 ], [ -2.943370614914242, 53.429857515509191 ], [ -2.937852660159623, 53.428779477544339 ] ] ] } },
{ "type": "Feature", "properties": { "LSOA21CD": "E01006768", "LSOA21NM": "Liverpool 020F", "area_km2": 0.28975229909942468, "pm25_street_mean": 9.6525220232600493, "pm25_street_p25": 8.7196905241768956, "pm25_street_p75": 9.809151273898177, "pm10_street_mean": 19.149540557549297, "pm10_street_p25": 17.496945247374221, "pm10_street_p75": 19.459055697522537, "n_streets": 22, "PM2.5_lsoa_pred": 10.02441947611233, "PM10_lsoa_pred": 19.817925837354657, "PM2.5_final": 9.6525220232600493, "PM10_final": 19.149540557549297, "score_pm25": "B" }, "geometry": { "type": "Polygon", "coordinates": [ [ [ -2.917471304699314, 53.426728871503826 ], [ -2.915311459248241, 53.423701930744613 ], [ -2.925736124357472, 53.421079742106244 ], [ -2.924145650304718, 53.426852764677179 ], [ -2.924101038288036, 53.426876840524095 ], [ -2.918213549287747, 53.427087322284684 ], [ -2.917471304699314, 53.426728871503826 ] ] ] } },
{ "type": "Feature", "properties": { "LSOA21CD": "E01006769", "LSOA21NM": "Liverpool 040B", "area_km2": 0.27212674472981246, "pm25_street_mean": 11.794866768193605, "pm25_street_p25": 9.7681411636792213, "pm25_street_p75": 12.616395976400476, "pm10_street_mean": 22.98532506336792, "pm10_street_p25": 19.481304158145903, "pm10_street_p75": 24.466305066266059, "n_streets": 24, "PM2.5_lsoa_pred": 10.033156675062735, "PM10_lsoa_pred": 19.831148820820218, "PM2.5_final": 11.794866768193605, "PM10_final": 22.98532506336792, "score_pm25": "C" }, "geometry": { "type": "Polygon", "coordinates": [ [ [ -2.872658118055556, 53.399357322001954 ], [ -2.869398084904748, 53.396219315247436 ], [ -2.868159700980022, 53.393561577771777 ], [ -2.869739727901983, 53.392332783174922 ], [ -2.87566082284841, 53.396592327273481 ], [ -2.881010421503663, 53.39997175221356 ], [ -2.872658118055556, 53.399357322001954 ] ] ] } },
{ "type": "Feature", "properties": { "LSOA21CD": "E01006770", "LSOA21NM": "Liverpool 040C", "area_km2": 0.19723382487322627, "pm25_street_mean": 13.431189111972298, "pm25_street_p25": 11.949979265958939, "pm25_street_p75": 15.106755139354775, "pm10_street_mean": 25.648588624868005, "pm10_street_p25": 23.011755654042101, "pm10_street_p75": 28.621497787526629, "n_streets": 16, "PM2.5_lsoa_pred": 10.070281994757176, "PM10_lsoa_pred": 19.887334732490519, "PM2.5_final": 13.431189111972298, "PM10_final": 25.648588624868005, "score_pm25": "C" }, "geometry": { "type": "Polygon", "coordinates": [ [ [ -2.861760967839266, 53.393943759653695 ], [ -2.863065725476187, 53.39063653910496 ], [ -2.868159700980022, 53.393561577771777 ], [ -2.869398084904748, 53.396219315247436 ], [ -2.868672578076697, 53.397989685635366 ], [ -2.861760967839266, 53.393943759653695 ] ] ] } },
{ "type": "Feature", "properties": { "LSOA21CD": "E01006771", "LSOA21NM": "Liverpool 040D", "area_km2": 0.51837878362168854, "pm25_street_mean": 10.979759179407102, "pm25_street_p25": 9.253193740483713, "pm25_street_p75": 11.828705674059593, "pm10_street_mean": 21.569705378151763, "pm10_street_p25": 18.524477444933719, "pm10_street_p75": 22.986513792697252, "n_streets": 74, "PM2.5_lsoa_pred": 9.9110865823653782, "PM10_lsoa_pred": 19.646406453553652, "PM2.5_final": 10.979759179407102, "PM10_final": 21.569705378151763, "score_pm25": "C" }, "geometry": { "type": "Polygon", "coordinates": [ [ [ -2.854399863540662, 53.389532335024398 ], [ -2.856498695944481, 53.387341322058163 ], [ -2.86158305520073, 53.389603423569561 ], [ -2.85876251479846, 53.392158609530561 ], [ -2.856444445133268, 53.395046188734305 ], [ -2.847988279808366, 53.396952070591595 ], [ -2.84942593396466, 53.389600673167003 ], [ -2.854399863540662, 53.389532335024398 ] ] ] } },
{ "type": "Feature", "properties": { "LSOA21CD": "E01006772", "LSOA21NM": "Liverpool 040E", "area_km2": 0.33926313749730225, "pm25_street_mean": 12.263327922746848, "pm25_street_p25": 10.291344416187957, "pm25_street_p75": 12.994843856962742, "pm10_street_mean": 23.729523081451852, "pm10_street_p25": 20.316476977436913, "pm10_street_p75": 24.980099989685918, "n_streets": 35, "PM2.5_lsoa_pred": 9.9998763589874962, "PM10_lsoa_pred": 19.780781984527543, "PM2.5_final": 12.263327922746848, "PM10_final": 23.729523081451852, "score_pm25": "C" }, "geometry": { "type": "Polygon", "coordinates": [ [ [ -2.85876251479846, 53.392158609530561 ], [ -2.86158305520073, 53.389603423569561 ], [ -2.856498695944481, 53.387341322058163 ], [ -2.858989061241568, 53.384132297962076 ], [ -2.860218287858616, 53.385097592863133 ], [ -2.867092229296291, 53.390500491677237 ], [ -2.869739727901983, 53.392332783174922 ], [ -2.868159700980022, 53.393561577771777 ], [ -2.863065725476187, 53.39063653910496 ], [ -2.861760967839266, 53.393943759653695 ], [ -2.85876251479846, 53.392158609530561 ] ] ] } },
{ "type": "Feature", "properties": { "LSOA21CD": "E01006773", "LSOA21NM": "Liverpool 036D", "area_km2": 0.19926675046128647, "pm25_street_mean": 7.3869983799568812, "pm25_street_p25": 7.0812234256556703, "pm25_street_p75": 7.4833516656739976, "pm10_street_mean": 15.508864384172965, "pm10_street_p25": 14.975027612681332, "pm10_street_p75": 15.727197190047388, "n_streets": 11, "PM2.5_lsoa_pred": 10.069274249131604, "PM10_lsoa_pred": 19.885809597968567, "PM2.5_final": 7.3869983799568812, "PM10_final": 15.508864384172965, "score_pm25": "B" }, "geometry": { "type": "Polygon", "coordinates": [ [ [ -2.879804427898661, 53.405610683597033 ], [ -2.88242383457462, 53.404208701884158 ], [ -2.876423515742852, 53.401279778512993 ], [ -2.883388088777502, 53.404212464698162 ], [ -2.884750867076794, 53.401537048880456 ], [ -2.889718882192905, 53.405265631178374 ], [ -2.890040741100819, 53.405752055196039 ], [ -2.881232649400373, 53.406976756167687 ], [ -2.879804427898661, 53.405610683597033 ] ] ] } },
{ "type": "Feature", "properties": { "LSOA21CD": "E01006774", "LSOA21NM": "Liverpool 036E", "area_km2": 0.33205374048623165, "pm25_street_mean": 10.552149042366866, "pm25_street_p25": 8.6017972712674542, "pm25_street_p75": 11.496373000995886, "pm10_street_mean": 20.917113432069851, "pm10_street_p25": 17.493763603453683, "pm10_street_p75": 22.599258035599238, "n_streets": 30, "PM2.5_lsoa_pred": 10.00345014365703, "PM10_lsoa_pred": 19.786190593838487, "PM2.5_final": 10.552149042366866, "PM10_final": 20.917113432069851, "score_pm25": "C" }, "geometry": { "type": "Polygon", "coordinates": [ [ [ -2.872285581682332, 53.400960978311851 ], [ -2.871459678321406, 53.4000995590606 ], [ -2.872658118055556, 53.399357322001954 ], [ -2.881010421503663, 53.39997175221356 ], [ -2.884750867076794, 53.401537048880456 ], [ -2.883388088777502, 53.404212464698162 ], [ -2.876423515742852, 53.401279778512993 ], [ -2.88242383457462, 53.404208701884158 ], [ -2.879804427898661, 53.405610683597033 ], [ -2.872285581682332, 53.400960978311851 ] ] ] } },
{ "type": "Feature", "properties": { "LSOA21CD": "E01006775", "LSOA21NM": "Liverpool 040F", "area_km2": 0.270447266162816, "pm25_street_mean": 11.614114495357036, "pm25_street_p25": 9.5926312290839206, "pm25_street_p75": 12.758326320449223, "pm10_street_mean": 22.668591017392167, "pm10_street_p25": 19.115742129834636, "pm10_street_p75": 24.61324070718058, "n_streets": 36, "PM2.5_lsoa_pred": 10.033989212755738, "PM10_lsoa_pred": 19.832408793519882, "PM2.5_final": 11.614114495357036, "PM10_final": 22.668591017392167, "score_pm25": "C" }, "geometry": { "type": "Polygon", "coordinates": [ [ [ -2.858152438197454, 53.395683483045389 ], [ -2.856444445133268, 53.395046188734305 ], [ -2.85876251479846, 53.392158609530561 ], [ -2.861760967839266, 53.393943759653695 ], [ -2.868672578076697, 53.397989685635366 ], [ -2.869398084904748, 53.396219315247436 ], [ -2.872658118055556, 53.399357322001954 ], [ -2.871459678321406, 53.4000995590606 ], [ -2.858152438197454, 53.395683483045389 ] ] ] } },
{ "type": "Feature", "properties": { "LSOA21CD": "E01006776", "LSOA21NM": "Liverpool 022B", "area_km2": 2.0498526546110454, "pm25_street_mean": 7.8555524873758271, "pm25_street_p25": 7.0820382492268124, "pm25_street_p75": 8.8105118338648669, "pm10_street_mean": 15.98428577969684, "pm10_street_p25": 14.733833438181708, "pm10_street_p75": 17.697413575741596, "n_streets": 67, "PM2.5_lsoa_pred": 9.1519165944273997, "PM10_lsoa_pred": 18.497469333655559, "PM2.5_final": 7.8555524873758271, "PM10_final": 15.98428577969684, "score_pm25": "B" }, "geometry": { "type": "Polygon", "coordinates": [ [ [ -2.996663459264843, 53.423321121102077 ], [ -2.987225834808329, 53.422299831797382 ], [ -2.988506697032149, 53.419069235260281 ], [ -2.984649999106405, 53.417065699049516 ], [ -3.003141975956295, 53.416423441024733 ], [ -3.008621463746887, 53.437838929223574 ], [ -3.008756141417482, 53.438365007879746 ], [ -3.008828080203006, 53.438451814561702 ], [ -3.000097028139094, 53.440384274632819 ], [ -2.995955719396196, 53.438104783842782 ], [ -2.998161818277186, 53.435245873442682 ], [ -2.992343540665886, 53.43490783338374 ], [ -3.000312871587858, 53.422364744364913 ], [ -2.996663459264843, 53.423321121102077 ] ] ] } },
{ "type": "Feature", "properties": { "LSOA21CD": "E01006778", "LSOA21NM": "Liverpool 014E", "area_km2": 1.5153739783500788, "pm25_street_mean": 7.8312951873112615, "pm25_street_p25": 5.9486191206564945, "pm25_street_p75": 9.1300969966882803, "pm10_street_mean": 15.878738488121083, "pm10_street_p25": 12.931861254686817, "pm10_street_p75": 17.476414785295763, "n_streets": 90, "PM2.5_lsoa_pred": 9.4168640923223634, "PM10_lsoa_pred": 18.898444108728615, "PM2.5_final": 7.8312951873112615, "PM10_final": 15.878738488121083, "score_pm25": "B" }, "geometry": { "type": "Polygon", "coordinates": [ [ [ -2.981935847536726, 53.438836156840274 ], [ -2.984849049007641, 53.432885039164297 ], [ -2.982816076092957, 53.428433274998305 ], [ -2.996663459264843, 53.423321121102077 ], [ -3.000312871587858, 53.422364744364913 ], [ -2.992343540665886, 53.43490783338374 ], [ -2.998161818277186, 53.435245873442682 ], [ -2.995955719396196, 53.438104783842782 ], [ -3.000097028139094, 53.440384274632819 ], [ -2.987877504705354, 53.441068002067006 ], [ -2.98106302769515, 53.44230513040435 ], [ -2.981935847536726, 53.438836156840274 ] ] ] } },
{ "type": "Feature", "properties": { "LSOA21CD": "E01006779", "LSOA21NM": "Liverpool 022D", "area_km2": 0.40408010501135394, "pm25_street_mean": 9.8159118757403956, "pm25_street_p25": 8.3297400494372624, "pm25_street_p75": 11.205356515807303, "pm10_street_mean": 19.337940830513986, "pm10_street_p25": 16.856904588922344, "pm10_street_p75": 21.831819311214979, "n_streets": 78, "PM2.5_lsoa_pred": 9.9677458098622722, "PM10_lsoa_pred": 19.732155219561577, "PM2.5_final": 9.8159118757403956, "PM10_final": 19.337940830513986, "score_pm25": "B" }, "geometry": { "type": "Polygon", "coordinates": [ [ [ -2.982818714699042, 53.42832520674412 ], [ -2.98054320382633, 53.425007972788528 ], [ -2.988506697032149, 53.419069235260281 ], [ -2.987225834808329, 53.422299831797382 ], [ -2.996663459264843, 53.423321121102077 ], [ -2.982816076092957, 53.428433274998305 ], [ -2.982818714699042, 53.42832520674412 ] ] ] } },
{ "type": "Feature", "properties": { "LSOA21CD": "E01006780", "LSOA21NM": "Liverpool 002D", "area_km2": 0.15612420212465156, "pm25_street_mean": 9.1858019284898145, "pm25_street_p25": 6.4503442788014684, "pm25_street_p75": 9.0641944821980758, "pm10_street_mean": 18.518668224931336, "pm10_street_p25": 13.973583078395333, "pm10_street_p75": 18.123905933852974, "n_streets": 15, "PM2.5_lsoa_pred": 10.090660528402029, "PM10_lsoa_pred": 19.918175853880552, "PM2.5_final": 9.1858019284898145, "PM10_final": 18.518668224931336, "score_pm25": "B" }, "geometry": { "type": "Polygon", "coordinates": [ [ [ -2.955931728360083, 53.467169699403733 ], [ -2.960748417968597, 53.464943105863327 ], [ -2.962910991168556, 53.465989538664253 ], [ -2.960300112992249, 53.467697811958978 ], [ -2.955089157598422, 53.472464980835184 ], [ -2.955931728360083, 53.467169699403733 ] ] ] } },
{ "type": "Feature", "properties": { "LSOA21CD": "E01006781", "LSOA21NM": "Liverpool 003A", "area_km2": 0.11731000164830105, "pm25_street_mean": 7.6094792972100125, "pm25_street_p25": 7.3459482977819643, "pm25_street_p75": 7.7491583054853397, "pm10_street_mean": 15.703007188206001, "pm10_street_p25": 15.273574601090418, "pm10_street_p75": 15.946549024760365, "n_streets": 29, "PM2.5_lsoa_pred": 10.109901193662886, "PM10_lsoa_pred": 19.947294911378826, "PM2.5_final": 7.6094792972100125, "PM10_final": 15.703007188206001, "score_pm25": "B" }, "geometry": { "type": "Polygon", "coordinates": [ [ [ -2.960300112992249, 53.467697811958978 ], [ -2.962910991168556, 53.465989538664253 ], [ -2.968491716879934, 53.462996085892875 ], [ -2.969232311395583, 53.463106933840379 ], [ -2.970635306803339, 53.464979655346049 ], [ -2.960230789775818, 53.467956423888381 ], [ -2.960300112992249, 53.467697811958978 ] ] ] } },
{ "type": "Feature", "properties": { "LSOA21CD": "E01006782", "LSOA21NM": "Liverpool 003B", "area_km2": 0.1516362305000071, "pm25_street_mean": 8.8846457616614281, "pm25_street_p25": 8.6574701493624531, "pm25_street_p75": 9.0663024888752268, "pm10_street_mean": 17.691335856765232, "pm10_street_p25": 17.364050849482247, "pm10_street_p75": 17.991567095484989, "n_streets": 21, "PM2.5_lsoa_pred": 10.09288526982837, "PM10_lsoa_pred": 19.921542804691978, "PM2.5_final": 8.8846457616614281, "PM10_final": 17.691335856765232, "score_pm25": "B" }, "geometry": { "type": "Polygon", "coordinates": [ [ [ -2.960748417968597, 53.464943105863327 ], [ -2.959533315844369, 53.463167260232261 ], [ -2.961353482727024, 53.461723232351396 ], [ -2.968491716879934, 53.462996085892875 ], [ -2.962910991168556, 53.465989538664253 ], [ -2.960748417968597, 53.464943105863327 ] ] ] } },
{ "type": "Feature", "properties": { "LSOA21CD": "E01006783", "LSOA21NM": "Liverpool 002E", "area_km2": 0.26053509461996338, "pm25_street_mean": 9.2291381899709535, "pm25_street_p25": 7.7537842892307749, "pm25_street_p75": 8.8869424306741216, "pm10_street_mean": 18.372213563483406, "pm10_street_p25": 15.904195510206925, "pm10_street_p75": 17.69905808430245, "n_streets": 35, "PM2.5_lsoa_pred": 10.038902795215858, "PM10_lsoa_pred": 19.839845069149593, "PM2.5_final": 9.2291381899709535, "PM10_final": 18.372213563483406, "score_pm25": "B" }, "geometry": { "type": "Polygon", "coordinates": [ [ [ -2.952215388131398, 53.462630364147685 ], [ -2.956515878630677, 53.460610642593117 ], [ -2.959533315844369, 53.463167260232261 ], [ -2.960748417968597, 53.464943105863327 ], [ -2.955931728360083, 53.467169699403733 ], [ -2.953694644825868, 53.467388462415798 ], [ -2.952215388131398, 53.462630364147685 ] ] ] } },
{ "type": "Feature", "properties": { "LSOA21CD": "E01006784", "LSOA21NM": "Liverpool 003C", "area_km2": 0.082967220399835007, "pm25_street_mean": 8.6677032948958193, "pm25_street_p25": 8.4503998097218016, "pm25_street_p75": 8.8421547011816273, "pm10_street_mean": 17.380826201206485, "pm10_street_p25": 17.0277399261753, "pm10_street_p75": 17.656339983784306, "n_streets": 11, "PM2.5_lsoa_pred": 10.126925322719238, "PM10_lsoa_pred": 19.973059435948489, "PM2.5_final": 8.6677032948958193, "PM10_final": 17.380826201206485, "score_pm25": "B" }, "geometry": { "type": "Polygon", "coordinates": [ [ [ -2.968491716879934, 53.462996085892875 ], [ -2.961353482727024, 53.461723232351396 ], [ -2.964167254412254, 53.460936671590702 ], [ -2.970147109207362, 53.461086349714201 ], [ -2.969232311395583, 53.463106933840379 ], [ -2.968491716879934, 53.462996085892875 ] ] ] } },
{ "type": "Feature", "properties": { "LSOA21CD": "E01006785", "LSOA21NM": "Liverpool 003D", "area_km2": 0.58794737694287935, "pm25_street_mean": 9.2061096976644343, "pm25_street_p25": 7.797434247920112, "pm25_street_p75": 10.038438201500758, "pm10_street_mean": 18.382243846360652, "pm10_street_p25": 16.014196387421084, "pm10_street_p75": 19.480955428074854, "n_streets": 36, "PM2.5_lsoa_pred": 9.8766005952695686, "PM10_lsoa_pred": 19.594214940031989, "PM2.5_final": 9.2061096976644343, "PM10_final": 18.382243846360652, "score_pm25": "B" }, "geometry": { "type": "Polygon", "coordinates": [ [ [ -2.952215388131398, 53.462630364147685 ], [ -2.949739246420584, 53.459950663749197 ], [ -2.948954567429328, 53.459290645867327 ], [ -2.954329499789683, 53.454831404022848 ], [ -2.955262062321313, 53.457421668471795 ], [ -2.959996442607093, 53.455613984316628 ], [ -2.962089747935063, 53.45666245817835 ], [ -2.967849946141555, 53.459510181610035 ], [ -2.964167254412254, 53.460936671590702 ], [ -2.961353482727024, 53.461723232351396 ], [ -2.959533315844369, 53.463167260232261 ], [ -2.956515878630677, 53.460610642593117 ], [ -2.952215388131398, 53.462630364147685 ] ] ] } },
{ "type": "Feature", "properties": { "LSOA21CD": "E01006786", "LSOA21NM": "Liverpool 003E", "area_km2": 0.26144588843163047, "pm25_street_mean": 8.3846922182085244, "pm25_street_p25": 7.6309145149411224, "pm25_street_p75": 8.549531765933974, "pm10_street_mean": 17.086946194645751, "pm10_street_p25": 15.812626664575649, "pm10_street_p75": 17.313712948501017, "n_streets": 30, "PM2.5_lsoa_pred": 10.038451303786514, "PM10_lsoa_pred": 19.839161776513251, "PM2.5_final": 8.3846922182085244, "PM10_final": 17.086946194645751, "score_pm25": "B" }, "geometry": { "type": "Polygon", "coordinates": [ [ [ -2.969232311395583, 53.463106933840379 ], [ -2.970147109207362, 53.461086349714201 ], [ -2.964167254412254, 53.460936671590702 ], [ -2.967849946141555, 53.459510181610035 ], [ -2.962089747935063, 53.45666245817835 ], [ -2.972606961996404, 53.458374700761304 ], [ -2.973720215438207, 53.462788230016905 ], [ -2.972426326637919, 53.463708117012494 ], [ -2.970635306803339, 53.464979655346049 ], [ -2.969232311395583, 53.463106933840379 ] ] ] } },
{ "type": "Feature", "properties": { "LSOA21CD": "E01006787", "LSOA21NM": "Liverpool 006A", "area_km2": 0.37168197518358365, "pm25_street_mean": 8.344766007164985, "pm25_street_p25": 7.6029491271326997, "pm25_street_p75": 8.4919070458537149, "pm10_street_mean": 17.054653569388581, "pm10_street_p25": 15.899202053064876, "pm10_street_p75": 17.243884192985323, "n_streets": 25, "PM2.5_lsoa_pred": 9.9838059518578213, "PM10_lsoa_pred": 19.756460834354961, "PM2.5_final": 8.344766007164985, "PM10_final": 17.054653569388581, "score_pm25": "B" }, "geometry": { "type": "Polygon", "coordinates": [ [ [ -2.962089747935063, 53.45666245817835 ], [ -2.959996442607093, 53.455613984316628 ], [ -2.959398578014361, 53.45353509856443 ], [ -2.967722846563107, 53.4530336923413 ], [ -2.971579619686119, 53.452178211626951 ], [ -2.971757970878327, 53.456255825276912 ], [ -2.972606961996404, 53.458374700761304 ], [ -2.962089747935063, 53.45666245817835 ] ] ] } },
{ "type": "Feature", "properties": { "LSOA21CD": "E01006788", "LSOA21NM": "Liverpool 006B", "area_km2": 0.15220547177823762, "pm25_street_mean": 9.7064088992469468, "pm25_street_p25": 8.5399145086372545, "pm25_street_p75": 10.71022971548547, "pm10_street_mean": 19.189853888780323, "pm10_street_p25": 17.174484302483091, "pm10_street_p75": 20.894560382414429, "n_streets": 16, "PM2.5_lsoa_pred": 10.092603090091245, "PM10_lsoa_pred": 19.92111575043586, "PM2.5_final": 9.7064088992469468, "PM10_final": 19.189853888780323, "score_pm25": "B" }, "geometry": { "type": "Polygon", "coordinates": [ [ [ -2.954329499789683, 53.454831404022848 ], [ -2.956740907937768, 53.452367813453876 ], [ -2.961044429132194, 53.451783712094496 ], [ -2.959398578014361, 53.45353509856443 ], [ -2.959996442607093, 53.455613984316628 ], [ -2.955262062321313, 53.457421668471795 ], [ -2.954329499789683, 53.454831404022848 ] ] ] } },
{ "type": "Feature", "properties": { "LSOA21CD": "E01006790", "LSOA21NM": "Liverpool 006C", "area_km2": 0.22393197148888838, "pm25_street_mean": 7.7606440100552785, "pm25_street_p25": 7.4668947050985057, "pm25_street_p75": 8.081848774949826, "pm10_street_mean": 15.950027070148776, "pm10_street_p25": 15.503162223858494, "pm10_street_p75": 16.3751291360891, "n_streets": 33, "PM2.5_lsoa_pred": 10.057047402885827, "PM10_lsoa_pred": 19.867305339720403, "PM2.5_final": 7.7606440100552785, "PM10_final": 15.950027070148776, "score_pm25": "B" }, "geometry": { "type": "Polygon", "coordinates": [ [ [ -2.965967318405994, 53.447703635662045 ], [ -2.966036096552151, 53.447663356713285 ], [ -2.967016366573453, 53.447584862056978 ], [ -2.973377411126326, 53.447430940166079 ], [ -2.973574518577955, 53.448709485710467 ], [ -2.971579619686119, 53.452178211626951 ], [ -2.967722846563107, 53.4530336923413 ], [ -2.965967318405994, 53.447703635662045 ] ] ] } },
{ "type": "Feature", "properties": { "LSOA21CD": "E01006791", "LSOA21NM": "Liverpool 006D", "area_km2": 0.33206467074971702, "pm25_street_mean": 9.9154553405669912, "pm25_street_p25": 8.1418664771910567, "pm25_street_p75": 11.196031928360336, "pm10_street_mean": 19.681579967913645, "pm10_street_p25": 16.65102304874037, "pm10_street_p75": 21.913998655434305, "n_streets": 46, "PM2.5_lsoa_pred": 10.00344472539417, "PM10_lsoa_pred": 19.786182393773384, "PM2.5_final": 9.9154553405669912, "PM10_final": 19.681579967913645, "score_pm25": "B" }, "geometry": { "type": "Polygon", "coordinates": [ [ [ -2.956740907937768, 53.452367813453876 ], [ -2.954150001521395, 53.450638277413759 ], [ -2.965967318405994, 53.447703635662045 ], [ -2.967722846563107, 53.4530336923413 ], [ -2.959398578014361, 53.45353509856443 ], [ -2.961044429132194, 53.451783712094496 ], [ -2.956740907937768, 53.452367813453876 ] ] ] } },
{ "type": "Feature", "properties": { "LSOA21CD": "E01006792", "LSOA21NM": "Liverpool 046A", "area_km2": 0.65540989071761402, "pm25_street_mean": 11.412262350243932, "pm25_street_p25": 10.945533665817592, "pm25_street_p75": 11.419346315581889, "pm10_street_mean": 22.313625741246433, "pm10_street_p25": 21.574384981888606, "pm10_street_p75": 22.290396573180789, "n_streets": 37, "PM2.5_lsoa_pred": 9.8431586170949448, "PM10_lsoa_pred": 19.5436034423462, "PM2.5_final": 11.412262350243932, "PM10_final": 22.313625741246433, "score_pm25": "C" }, "geometry": { "type": "Polygon", "coordinates": [ [ [ -2.87187112507256, 53.386688304192646 ], [ -2.868649805109948, 53.385205353985413 ], [ -2.871320986667523, 53.378278653864804 ], [ -2.877619463088093, 53.378987488317669 ], [ -2.884515331450452, 53.383778580836129 ], [ -2.874259840401645, 53.387532305001798 ], [ -2.87187112507256, 53.386688304192646 ] ] ] } },
{ "type": "Feature", "properties": { "LSOA21CD": "E01006793", "LSOA21NM": "Liverpool 051A", "area_km2": 0.33635540336551578, "pm25_street_mean": 10.1399582951751, "pm25_street_p25": 9.7169654723535963, "pm25_street_p75": 10.728026956486815, "pm10_street_mean": 20.157360202545814, "pm10_street_p25": 19.422070158016012, "pm10_street_p75": 21.153575326280396, "n_streets": 26, "PM2.5_lsoa_pred": 10.001317757712979, "PM10_lsoa_pred": 19.782963414940486, "PM2.5_final": 10.1399582951751, "PM10_final": 20.157360202545814, "score_pm25": "C" }, "geometry": { "type": "Polygon", "coordinates": [ [ [ -2.855555944523579, 53.381291581399488 ], [ -2.853905498339512, 53.379843644479486 ], [ -2.856179836565611, 53.378738122709883 ], [ -2.859447885138853, 53.377663616578296 ], [ -2.869493817588185, 53.377460391104719 ], [ -2.870204813376609, 53.378181205404395 ], [ -2.865540574354939, 53.381548166162162 ], [ -2.861728533847403, 53.379506610530129 ], [ -2.858853174866218, 53.382648931652895 ], [ -2.855555944523579, 53.381291581399488 ] ] ] } },
{ "type": "Feature", "properties": { "LSOA21CD": "E01006794", "LSOA21NM": "Liverpool 046B", "area_km2": 0.40058711396526941, "pm25_street_mean": 10.942555385518808, "pm25_street_p25": 10.112160609855044, "pm25_street_p75": 10.697386036513727, "pm10_street_mean": 21.473355817166809, "pm10_street_p25": 20.034198466920511, "pm10_street_p75": 20.976239649982929, "n_streets": 36, "PM2.5_lsoa_pred": 9.9694773274679953, "PM10_lsoa_pred": 19.734775719426665, "PM2.5_final": 10.942555385518808, "PM10_final": 21.473355817166809, "score_pm25": "C" }, "geometry": { "type": "Polygon", "coordinates": [ [ [ -2.860218287858616, 53.385097592863133 ], [ -2.858989061241568, 53.384132297962076 ], [ -2.856768842995885, 53.382326946960966 ], [ -2.855555944523579, 53.381291581399488 ], [ -2.858853174866218, 53.382648931652895 ], [ -2.861728533847403, 53.379506610530129 ], [ -2.865540574354939, 53.381548166162162 ], [ -2.870204813376609, 53.378181205404395 ], [ -2.871320986667523, 53.378278653864804 ], [ -2.868649805109948, 53.385205353985413 ], [ -2.860218287858616, 53.385097592863133 ] ] ] } },
{ "type": "Feature", "properties": { "LSOA21CD": "E01006795", "LSOA21NM": "Liverpool 051B", "area_km2": 0.30704003523508272, "pm25_street_mean": 10.840667660378987, "pm25_street_p25": 9.9904987822808451, "pm25_street_p75": 11.04750024160383, "pm10_street_mean": 21.415618579377703, "pm10_street_p25": 19.975357459761575, "pm10_street_p75": 21.711800790499684, "n_streets": 30, "PM2.5_lsoa_pred": 10.015849737717053, "PM10_lsoa_pred": 19.804956290735863, "PM2.5_final": 10.840667660378987, "PM10_final": 21.415618579377703, "score_pm25": "C" }, "geometry": { "type": "Polygon", "coordinates": [ [ [ -2.871320986667523, 53.378278653864804 ], [ -2.870204813376609, 53.378181205404395 ], [ -2.869493817588185, 53.377460391104719 ], [ -2.860345364349621, 53.370991487340483 ], [ -2.863487960024683, 53.372084137159305 ], [ -2.869539959764173, 53.373346459339835 ], [ -2.876463264034103, 53.376994958710199 ], [ -2.877619463088093, 53.378987488317669 ], [ -2.871320986667523, 53.378278653864804 ] ] ] } },
{ "type": "Feature", "properties": { "LSOA21CD": "E01006796", "LSOA21NM": "Liverpool 047E", "area_km2": 0.62894960151057877, "pm25_street_mean": 10.222316135705634, "pm25_street_p25": 9.6729807334354287, "pm25_street_p75": 10.801448469929426, "pm10_street_mean": 20.354062110964311, "pm10_street_p25": 19.431186948397745, "pm10_street_p75": 21.368124357115569, "n_streets": 32, "PM2.5_lsoa_pred": 9.8562753001926229, "PM10_lsoa_pred": 19.56345439054002, "PM2.5_final": 10.222316135705634, "PM10_final": 20.354062110964311, "score_pm25": "C" }, "geometry": { "type": "Polygon", "coordinates": [ [ [ -2.874259840401645, 53.387532305001798 ], [ -2.884515331450452, 53.383778580836129 ], [ -2.877619463088093, 53.378987488317669 ], [ -2.876463264034103, 53.376994958710199 ], [ -2.882891097190615, 53.37776959133592 ], [ -2.891418199412396, 53.383090350812168 ], [ -2.892681600700233, 53.383857386549103 ], [ -2.889954438085041, 53.384332636304741 ], [ -2.885436992197083, 53.38511136989721 ], [ -2.886710639467944, 53.387865161099299 ], [ -2.878019937238076, 53.389628217893566 ], [ -2.878806908780338, 53.38713443024487 ], [ -2.874259840401645, 53.387532305001798 ] ] ] } },
{ "type": "Feature", "properties": { "LSOA21CD": "E01006797", "LSOA21NM": "Liverpool 051C", "area_km2": 0.2266772844963747, "pm25_street_mean": 10.681029272005414, "pm25_street_p25": 10.0090301698372, "pm25_street_p75": 11.189753206389053, "pm10_street_mean": 21.098846721294841, "pm10_street_p25": 19.960193296987825, "pm10_street_p75": 21.999975752402705, "n_streets": 13, "PM2.5_lsoa_pred": 10.055686518262029, "PM10_lsoa_pred": 19.865245760331039, "PM2.5_final": 10.681029272005414, "PM10_final": 21.098846721294841, "score_pm25": "C" }, "geometry": { "type": "Polygon", "coordinates": [ [ [ -2.853146650095787, 53.374756845323311 ], [ -2.852425487411297, 53.372209973954654 ], [ -2.85754094305783, 53.37176476784223 ], [ -2.859447885138853, 53.377663616578296 ], [ -2.856179836565611, 53.378738122709883 ], [ -2.853146650095787, 53.374756845323311 ] ] ] } },
{ "type": "Feature", "properties": { "LSOA21CD": "E01006798", "LSOA21NM": "Liverpool 051D", "area_km2": 0.31407528374964716, "pm25_street_mean": 12.083437506123591, "pm25_street_p25": 10.851506067099908, "pm25_street_p75": 12.474501952929183, "pm10_street_mean": 23.437458792068785, "pm10_street_p25": 21.230691043377121, "pm10_street_p75": 24.084183860160358, "n_streets": 37, "PM2.5_lsoa_pred": 10.012362280548428, "PM10_lsoa_pred": 19.799678330517796, "PM2.5_final": 12.083437506123591, "PM10_final": 23.437458792068785, "score_pm25": "C" }, "geometry": { "type": "Polygon", "coordinates": [ [ [ -2.85754094305783, 53.37176476784223 ], [ -2.860345364349621, 53.370991487340483 ], [ -2.869493817588185, 53.377460391104719 ], [ -2.859447885138853, 53.377663616578296 ], [ -2.85754094305783, 53.37176476784223 ] ] ] } },
{ "type": "Feature", "properties": { "LSOA21CD": "E01006799", "LSOA21NM": "Liverpool 051E", "area_km2": 0.23778559319363068, "pm25_street_mean": 9.7254114635332432, "pm25_street_p25": 9.3838368660636498, "pm25_street_p75": 10.34886010160621, "pm10_street_mean": 19.59312459454107, "pm10_street_p25": 19.007351232436157, "pm10_street_p75": 20.564839734569802, "n_streets": 18, "PM2.5_lsoa_pred": 10.050179996251138, "PM10_lsoa_pred": 19.856912122752671, "PM2.5_final": 9.7254114635332432, "PM10_final": 19.59312459454107, "score_pm25": "B" }, "geometry": { "type": "Polygon", "coordinates": [ [ [ -2.876463264034103, 53.376994958710199 ], [ -2.869539959764173, 53.373346459339835 ], [ -2.873947061321984, 53.371384025311073 ], [ -2.87630890931314, 53.373018307501468 ], [ -2.882891097190615, 53.37776959133592 ], [ -2.876463264034103, 53.376994958710199 ] ] ] } },
{ "type": "Feature", "properties": { "LSOA21CD": "E01006800", "LSOA21NM": "Liverpool 046C", "area_km2": 0.41925277927750987, "pm25_street_mean": 11.422213728581177, "pm25_street_p25": 9.9324597952853928, "pm25_street_p75": 11.873646245640906, "pm10_street_mean": 22.318083637943673, "pm10_street_p25": 19.817956922258887, "pm10_street_p75": 23.132928164952204, "n_streets": 29, "PM2.5_lsoa_pred": 9.9602245330335766, "PM10_lsoa_pred": 19.7207724274665, "PM2.5_final": 11.422213728581177, "PM10_final": 22.318083637943673, "score_pm25": "C" }, "geometry": { "type": "Polygon", "coordinates": [ [ [ -2.869739727901983, 53.392332783174922 ], [ -2.867092229296291, 53.390500491677237 ], [ -2.872967471980802, 53.389757432230844 ], [ -2.87187112507256, 53.386688304192646 ], [ -2.874259840401645, 53.387532305001798 ], [ -2.878806908780338, 53.38713443024487 ], [ -2.878019937238076, 53.389628217893566 ], [ -2.874395091266053, 53.391477960389658 ], [ -2.880868175649294, 53.394655869026579 ], [ -2.87566082284841, 53.396592327273481 ], [ -2.869739727901983, 53.392332783174922 ] ] ] } },
{ "type": "Feature", "properties": { "LSOA21CD": "E01006801", "LSOA21NM": "Liverpool 046D", "area_km2": 0.30720631517256997, "pm25_street_mean": 10.85034561444771, "pm25_street_p25": 10.545711377912102, "pm25_street_p75": 11.190260552914353, "pm10_street_mean": 21.179757881099601, "pm10_street_p25": 20.637663714218672, "pm10_street_p75": 21.772194568516561, "n_streets": 29, "PM2.5_lsoa_pred": 10.015767310755335, "PM10_lsoa_pred": 19.804831544766575, "PM2.5_final": 10.85034561444771, "PM10_final": 21.179757881099601, "score_pm25": "C" }, "geometry": { "type": "Polygon", "coordinates": [ [ [ -2.860218287858616, 53.385097592863133 ], [ -2.868649805109948, 53.385205353985413 ], [ -2.87187112507256, 53.386688304192646 ], [ -2.872967471980802, 53.389757432230844 ], [ -2.867092229296291, 53.390500491677237 ], [ -2.860218287858616, 53.385097592863133 ] ] ] } },
{ "type": "Feature", "properties": { "LSOA21CD": "E01032505", "LSOA21NM": "Liverpool 050F", "area_km2": 0.44628394181133169, "pm25_street_mean": 9.0777539090581136, "pm25_street_p25": 8.1034469407717058, "pm25_street_p75": 9.6334190038496708, "pm10_street_mean": 18.30468765354966, "pm10_street_p25": 16.708569087153958, "pm10_street_p75": 19.305013185124125, "n_streets": 37, "PM2.5_lsoa_pred": 9.9468248611727095, "PM10_lsoa_pred": 19.700493200626646, "PM2.5_final": 9.0777539090581136, "PM10_final": 18.30468765354966, "score_pm25": "B" }, "geometry": { "type": "Polygon", "coordinates": [ [ [ -2.960107839959053, 53.379125513814699 ], [ -2.95552872794896, 53.377148442881818 ], [ -2.953096963431237, 53.375759050220495 ], [ -2.953679257806323, 53.373476354868849 ], [ -2.95781059415914, 53.374780154189843 ], [ -2.958442955560313, 53.371819543452965 ], [ -2.966909430384859, 53.374913847390125 ], [ -2.966464724127558, 53.3752232262947 ], [ -2.968425968512801, 53.379336343311763 ], [ -2.967048033105931, 53.380229054561816 ], [ -2.963480005630483, 53.37650726202245 ], [ -2.960107839959053, 53.379125513814699 ] ] ] } },
{ "type": "Feature", "properties": { "LSOA21CD": "E01032506", "LSOA21NM": "Liverpool 050G", "area_km2": 0.17813025671473373, "pm25_street_mean": 11.356405749744258, "pm25_street_p25": 10.137453871229592, "pm25_street_p75": 11.68748670141373, "pm10_street_mean": 21.959547332641677, "pm10_street_p25": 19.800615139535388, "pm10_street_p75": 22.559252743136099, "n_streets": 21, "PM2.5_lsoa_pred": 10.079751862890863, "PM10_lsoa_pred": 19.901666546434964, "PM2.5_final": 11.356405749744258, "PM10_final": 21.959547332641677, "score_pm25": "C" }, "geometry": { "type": "Polygon", "coordinates": [ [ [ -2.956020927732287, 53.381665039411011 ], [ -2.952163815805153, 53.380201987243545 ], [ -2.95552872794896, 53.377148442881818 ], [ -2.960107839959053, 53.379125513814699 ], [ -2.959760803125744, 53.382209941637818 ], [ -2.956020927732287, 53.381665039411011 ] ] ] } },
{ "type": "Feature", "properties": { "LSOA21CD": "E01032507", "LSOA21NM": "Liverpool 050H", "area_km2": 0.10662197427713128, "pm25_street_mean": 10.774305424321602, "pm25_street_p25": 10.537300338797937, "pm25_street_p75": 11.034200961991589, "pm10_street_mean": 20.968555992904154, "pm10_street_p25": 20.597805369232649, "pm10_street_p75": 21.396866144962598, "n_streets": 14, "PM2.5_lsoa_pred": 10.115199377173656, "PM10_lsoa_pred": 19.955313246929855, "PM2.5_final": 10.774305424321602, "PM10_final": 20.968555992904154, "score_pm25": "C" }, "geometry": { "type": "Polygon", "coordinates": [ [ [ -2.950640911375279, 53.379624798054415 ], [ -2.948680460516184, 53.378881296061152 ], [ -2.953096963431237, 53.375759050220495 ], [ -2.95552872794896, 53.377148442881818 ], [ -2.952163815805153, 53.380201987243545 ], [ -2.950640911375279, 53.379624798054415 ] ] ] } },
{ "type": "Feature", "properties": { "LSOA21CD": "E01032508", "LSOA21NM": "Liverpool 027G", "area_km2": 0.30641789861873669, "pm25_street_mean": 9.4240899193921717, "pm25_street_p25": 8.8276685596528388, "pm25_street_p75": 9.9200737520385509, "pm10_street_mean": 18.625049294781469, "pm10_street_p25": 17.617442103276389, "pm10_street_p75": 19.383466940981613, "n_streets": 67, "PM2.5_lsoa_pred": 10.016158138308453, "PM10_lsoa_pred": 19.805423027952678, "PM2.5_final": 9.4240899193921717, "PM10_final": 18.625049294781469, "score_pm25": "B" }, "geometry": { "type": "Polygon", "coordinates": [ [ [ -2.913990424546433, 53.415224752660492 ], [ -2.911487968587191, 53.413731552693299 ], [ -2.914393085428671, 53.41019609203866 ], [ -2.920894257729818, 53.41011365275628 ], [ -2.920519205819442, 53.414341315730013 ], [ -2.916108843747773, 53.416431460324517 ], [ -2.913990424546433, 53.415224752660492 ] ] ] } },
{ "type": "Feature", "properties": { "LSOA21CD": "E01032509", "LSOA21NM": "Liverpool 027H", "area_km2": 0.20805416505650745, "pm25_street_mean": 7.7092803884493204, "pm25_street_p25": 7.1893570642422668, "pm25_street_p75": 7.9674745454067359, "pm10_street_mean": 15.849080170673002, "pm10_street_p25": 14.987256755520026, "pm10_street_p75": 16.243891158153325, "n_streets": 21, "PM2.5_lsoa_pred": 10.064918222196617, "PM10_lsoa_pred": 19.879217133671503, "PM2.5_final": 7.7092803884493204, "PM10_final": 15.849080170673002, "score_pm25": "B" }, "geometry": { "type": "Polygon", "coordinates": [ [ [ -2.920894257729818, 53.41011365275628 ], [ -2.922744980357458, 53.406711156620823 ], [ -2.927950149209228, 53.411202366529494 ], [ -2.920519205819442, 53.414341315730013 ], [ -2.920894257729818, 53.41011365275628 ] ] ] } },
{ "type": "Feature", "properties": { "LSOA21CD": "E01032510", "LSOA21NM": "Liverpool 008F", "area_km2": 0.39797667230924794, "pm25_street_mean": 8.2228357398444878, "pm25_street_p25": 7.0724406340045514, "pm25_street_p75": 8.6061965481140454, "pm10_street_mean": 16.638692646167698, "pm10_street_p25": 14.82733002747668, "pm10_street_p75": 17.320720467336081, "n_streets": 38, "PM2.5_lsoa_pred": 9.9707713547433254, "PM10_lsoa_pred": 19.736734116089348, "PM2.5_final": 8.2228357398444878, "PM10_final": 16.638692646167698, "score_pm25": "B" }, "geometry": { "type": "Polygon", "coordinates": [ [ [ -2.935597295243565, 53.450587314702496 ], [ -2.932957830801362, 53.447610691017516 ], [ -2.933406897963617, 53.44652734489749 ], [ -2.933794429182944, 53.446930925338918 ], [ -2.935984696948914, 53.449225420070285 ], [ -2.942265427170475, 53.447848993821474 ], [ -2.942619501757791, 53.448240099621188 ], [ -2.943889697694835, 53.4493115597379 ], [ -2.946133814133709, 53.450660106474068 ], [ -2.939149577587335, 53.453742003367566 ], [ -2.934864003202791, 53.454539069734075 ], [ -2.931984629917971, 53.451673382766224 ], [ -2.935597295243565, 53.450587314702496 ] ] ] } },
{ "type": "Feature", "properties": { "LSOA21CD": "E01032511", "LSOA21NM": "Liverpool 008G", "area_km2": 0.65680157311200849, "pm25_street_mean": 10.888709067423109, "pm25_street_p25": 9.2148364200451311, "pm25_street_p75": 13.306323841670926, "pm10_street_mean": 21.364986039543354, "pm10_street_p25": 18.506830751873583, "pm10_street_p75": 25.658228561860732, "n_streets": 47, "PM2.5_lsoa_pred": 9.8424687434205858, "PM10_lsoa_pred": 19.542559379112529, "PM2.5_final": 10.888709067423109, "PM10_final": 21.364986039543354, "score_pm25": "C" }, "geometry": { "type": "Polygon", "coordinates": [ [ [ -2.939149577587335, 53.453742003367566 ], [ -2.946133814133709, 53.450660106474068 ], [ -2.943889697694835, 53.4493115597379 ], [ -2.949021380747485, 53.450480422752705 ], [ -2.954150001521395, 53.450638277413759 ], [ -2.956740907937768, 53.452367813453876 ], [ -2.954329499789683, 53.454831404022848 ], [ -2.948954567429328, 53.459290645867327 ], [ -2.939149577587335, 53.453742003367566 ] ] ] } },
{ "type": "Feature", "properties": { "LSOA21CD": "E01033747", "LSOA21NM": "Liverpool 018F", "area_km2": 0.2418752290642005, "pm25_street_mean": 11.51097181329815, "pm25_street_p25": 10.891710525394195, "pm25_street_p75": 12.243774420648325, "pm10_street_mean": 22.106272283330743, "pm10_street_p25": 20.980006631467113, "pm10_street_p75": 23.324888973553765, "n_streets": 44, "PM2.5_lsoa_pred": 10.048152714641347, "PM10_lsoa_pred": 19.853844010036177, "PM2.5_final": 11.51097181329815, "PM10_final": 22.106272283330743, "score_pm25": "C" }, "geometry": { "type": "Polygon", "coordinates": [ [ [ -2.960799449619252, 53.429681794244807 ], [ -2.958496341716504, 53.427887444764892 ], [ -2.964184488525894, 53.425679238525902 ], [ -2.969571946446279, 53.427112775423616 ], [ -2.967270611230007, 53.429108149788121 ], [ -2.963488606980628, 53.431318214713954 ], [ -2.960799449619252, 53.429681794244807 ] ] ] } },
{ "type": "Feature", "properties": { "LSOA21CD": "E01033748", "LSOA21NM": "Liverpool 050I", "area_km2": 0.44827472828862325, "pm25_street_mean": 7.072141376439034, "pm25_street_p25": 6.7399053681186842, "pm25_street_p75": 7.2647240037533694, "pm10_street_mean": 14.74783610792562, "pm10_street_p25": 14.077527499364491, "pm10_street_p75": 15.321511907456378, "n_streets": 24, "PM2.5_lsoa_pred": 9.9458380044103567, "PM10_lsoa_pred": 19.698999679565084, "PM2.5_final": 7.072141376439034, "PM10_final": 14.74783610792562, "score_pm25": "B" }, "geometry": { "type": "Polygon", "coordinates": [ [ [ -2.97166382339879, 53.381138505808515 ], [ -2.968425968512801, 53.379336343311763 ], [ -2.966464724127558, 53.3752232262947 ], [ -2.966909430384859, 53.374913847390125 ], [ -2.967998809853905, 53.375311914070032 ], [ -2.969299802114885, 53.375787282359148 ], [ -2.984977180616677, 53.386492911587034 ], [ -2.981446872560491, 53.387094237653415 ], [ -2.979995495078112, 53.387325875048852 ], [ -2.97166382339879, 53.381138505808515 ] ] ] } },
{ "type": "Feature", "properties": { "LSOA21CD": "E01033750", "LSOA21NM": "Liverpool 061A", "area_km2": 0.47257735600409001, "pm25_street_mean": 5.9282972321968135, "pm25_street_p25": 5.6020933719650667, "pm25_street_p75": 6.2215771469591621, "pm10_street_mean": 12.977610487453344, "pm10_street_p25": 12.264832176446726, "pm10_street_p75": 13.725705935496567, "n_streets": 5, "PM2.5_lsoa_pred": 9.9337909000234603, "PM10_lsoa_pred": 19.680767444838594, "PM2.5_final": 5.9282972321968135, "PM10_final": 12.977610487453344, "score_pm25": "B" }, "geometry": { "type": "Polygon", "coordinates": [ [ [ -2.98701261258905, 53.398504526970825 ], [ -2.983920264698088, 53.393773007723034 ], [ -2.979633044863794, 53.394068284818793 ], [ -2.980777920370563, 53.392845375425544 ], [ -2.986315083720991, 53.390524366319063 ], [ -2.981446872560491, 53.387094237653415 ], [ -2.984977180616677, 53.386492911587034 ], [ -2.990985707096721, 53.395084050676665 ], [ -2.990714400853487, 53.395120704409713 ], [ -2.992852945001838, 53.398642298996535 ], [ -2.987962698282097, 53.399842447023225 ], [ -2.98701261258905, 53.398504526970825 ] ] ] } },
{ "type": "Feature", "properties": { "LSOA21CD": "E01033751", "LSOA21NM": "Liverpool 062A", "area_km2": 0.7247879331333511, "pm25_street_mean": 6.9158249126743847, "pm25_street_p25": 6.1490722979363168, "pm25_street_p75": 7.1666170186342892, "pm10_street_mean": 14.547873413171148, "pm10_street_p25": 13.340482906224622, "pm10_street_p75": 15.052910511364253, "n_streets": 60, "PM2.5_lsoa_pred": 9.8087670883711215, "PM10_lsoa_pred": 19.491554883276883, "PM2.5_final": 6.9158249126743847, "PM10_final": 14.547873413171148, "score_pm25": "B" }, "geometry": { "type": "Polygon", "coordinates": [ [ [ -2.98233762175727, 53.415001269631645 ], [ -2.985518222623825, 53.41270415060108 ], [ -2.989483391222707, 53.411221538224012 ], [ -3.001234006020185, 53.411301711954302 ], [ -3.001809414203104, 53.411211996956119 ], [ -3.001944951691176, 53.411742124551559 ], [ -3.003141975956295, 53.416423441024733 ], [ -2.984649999106405, 53.417065699049516 ], [ -2.98233762175727, 53.415001269631645 ] ] ] } },
{ "type": "Feature", "properties": { "LSOA21CD": "E01033756", "LSOA21NM": "Liverpool 061C", "area_km2": 0.49385974852201914, "pm25_street_mean": 6.0874258160975527, "pm25_street_p25": 5.2631487606514966, "pm25_street_p75": 6.8419580899708166, "pm10_street_mean": 13.413146309505169, "pm10_street_p25": 12.00100662226362, "pm10_street_p75": 14.734024464887527, "n_streets": 34, "PM2.5_lsoa_pred": 9.9232409624912652, "PM10_lsoa_pred": 19.664801040692051, "PM2.5_final": 6.0874258160975527, "PM10_final": 13.413146309505169, "score_pm25": "B" }, "geometry": { "type": "Polygon", "coordinates": [ [ [ -2.974575052616169, 53.403088961044382 ], [ -2.976669131732737, 53.402884617153845 ], [ -2.981960439176232, 53.40393618489766 ], [ -2.983235403000903, 53.401598365490976 ], [ -2.98690329918655, 53.400857971722814 ], [ -2.987962698282097, 53.399842447023225 ], [ -2.992852945001838, 53.398642298996535 ], [ -2.990714400853487, 53.395120704409713 ], [ -2.990985707096721, 53.395084050676665 ], [ -2.995061042722981, 53.400908895315801 ], [ -2.995341852445851, 53.401333130964751 ], [ -2.988298188536871, 53.405270876606018 ], [ -2.978264314609218, 53.405515961606412 ], [ -2.974575052616169, 53.403088961044382 ] ] ] } },
{ "type": "Feature", "properties": { "LSOA21CD": "E01033757", "LSOA21NM": "Liverpool 037E", "area_km2": 0.041205974567004026, "pm25_street_mean": 7.924160788578881, "pm25_street_p25": 7.6618038251619165, "pm25_street_p75": 8.1918295303056539, "pm10_street_mean": 16.299128022434132, "pm10_street_p25": 15.869401166979053, "pm10_street_p75": 16.782250950827848, "n_streets": 6, "PM2.5_lsoa_pred": 10.147626873751712, "PM10_lsoa_pred": 20.004389415793025, "PM2.5_final": 7.924160788578881, "PM10_final": 16.299128022434132, "score_pm25": "B" }, "geometry": { "type": "Polygon", "coordinates": [ [ [ -2.962303998058883, 53.399180134559828 ], [ -2.966484723130073, 53.398498229679575 ], [ -2.967382076368513, 53.400927876830281 ], [ -2.967203864722897, 53.400939393898412 ], [ -2.962303998058883, 53.399180134559828 ] ] ] } },
{ "type": "Feature", "properties": { "LSOA21CD": "E01033758", "LSOA21NM": "Liverpool 060B", "area_km2": 0.2152543408438988, "pm25_street_mean": 8.0670529954341248, "pm25_street_p25": 5.9624853878903341, "pm25_street_p75": 9.5210949857608096, "pm10_street_mean": 16.889564002499515, "pm10_street_p25": 13.259789230473512, "pm10_street_p75": 19.405796040085193, "n_streets": 17, "PM2.5_lsoa_pred": 10.061349008598389, "PM10_lsoa_pred": 19.873815442275632, "PM2.5_final": 8.0670529954341248, "PM10_final": 16.889564002499515, "score_pm25": "B" }, "geometry": { "type": "Polygon", "coordinates": [ [ [ -2.967934684344516, 53.411751402325706 ], [ -2.968142868193297, 53.408723246510135 ], [ -2.974566758232736, 53.409228904416281 ], [ -2.976449946121247, 53.411362099762556 ], [ -2.973873011625526, 53.412488776008765 ], [ -2.968635274781536, 53.413717931650915 ], [ -2.967934684344516, 53.411751402325706 ] ] ] } },
{ "type": "Feature", "properties": { "LSOA21CD": "E01033760", "LSOA21NM": "Liverpool 060C", "area_km2": 0.43280247116337978, "pm25_street_mean": 8.1012697735351473, "pm25_street_p25": 6.1231350153160902, "pm25_street_p75": 9.8432813252544644, "pm10_street_mean": 16.971859841825161, "pm10_street_p25": 13.536842582985873, "pm10_street_p75": 20.02452998489758, "n_streets": 47, "PM2.5_lsoa_pred": 9.9535077880597225, "PM10_lsoa_pred": 19.710607223694005, "PM2.5_final": 8.1012697735351473, "PM10_final": 16.971859841825161, "score_pm25": "B" }, "geometry": { "type": "Polygon", "coordinates": [ [ [ -2.974566758232736, 53.409228904416281 ], [ -2.97360265358598, 53.407771791067596 ], [ -2.978264314609218, 53.405515961606412 ], [ -2.988298188536871, 53.405270876606018 ], [ -2.988747873103748, 53.406460793521866 ], [ -2.988677841597215, 53.407998620267001 ], [ -2.982624062156534, 53.409627727134612 ], [ -2.976449946121247, 53.411362099762556 ], [ -2.974566758232736, 53.409228904416281 ] ] ] } },
{ "type": "Feature", "properties": { "LSOA21CD": "E01033761", "LSOA21NM": "Liverpool 060D", "area_km2": 0.13396398090800429, "pm25_street_mean": 7.434302096251173, "pm25_street_p25": 6.9432945749645985, "pm25_street_p75": 7.7535473650646747, "pm10_street_mean": 15.471133541115034, "pm10_street_p25": 14.709950863107251, "pm10_street_p75": 15.998189869039109, "n_streets": 5, "PM2.5_lsoa_pred": 10.101645616161234, "PM10_lsoa_pred": 19.934800819688498, "PM2.5_final": 7.434302096251173, "PM10_final": 15.471133541115034, "score_pm25": "B" }, "geometry": { "type": "Polygon", "coordinates": [ [ [ -2.976669131732737, 53.402884617153845 ], [ -2.976886588433223, 53.400156798740383 ], [ -2.97759677121682, 53.399550155410154 ], [ -2.983235403000903, 53.401598365490976 ], [ -2.981960439176232, 53.40393618489766 ], [ -2.976669131732737, 53.402884617153845 ] ] ] } },
{ "type": "Feature", "properties": { "LSOA21CD": "E01033762", "LSOA21NM": "Liverpool 060E", "area_km2": 0.11953156250486867, "pm25_street_mean": 6.9800442154677311, "pm25_street_p25": 6.439929919739404, "pm25_street_p75": 7.36981355530716, "pm10_street_mean": 14.930120618073808, "pm10_street_p25": 14.000869855962279, "pm10_street_p75": 15.57473680995329, "n_streets": 22, "PM2.5_lsoa_pred": 10.108799939269565, "PM10_lsoa_pred": 19.945628259547167, "PM2.5_final": 6.9800442154677311, "PM10_final": 14.930120618073808, "score_pm25": "B" }, "geometry": { "type": "Polygon", "coordinates": [ [ [ -2.982624062156534, 53.409627727134612 ], [ -2.988677841597215, 53.407998620267001 ], [ -2.98975400105311, 53.409625549078633 ], [ -2.985337663640222, 53.409257579550733 ], [ -2.989483391222707, 53.411221538224012 ], [ -2.985518222623825, 53.41270415060108 ], [ -2.982624062156534, 53.409627727134612 ] ] ] } },
{ "type": "Feature", "properties": { "LSOA21CD": "E01033763", "LSOA21NM": "Liverpool 031G", "area_km2": 0.36182372313239414, "pm25_street_mean": 9.1435399428132857, "pm25_street_p25": 8.6112261796619922, "pm25_street_p75": 9.7006205140804269, "pm10_street_mean": 18.345374469366853, "pm10_street_p25": 17.45766583112853, "pm10_street_p75": 19.284885823898847, "n_streets": 66, "PM2.5_lsoa_pred": 9.9886928057784541, "PM10_lsoa_pred": 19.763856658686986, "PM2.5_final": 9.1435399428132857, "PM10_final": 18.345374469366853, "score_pm25": "B" }, "geometry": { "type": "Polygon", "coordinates": [ [ [ -2.945344031296218, 53.408196670580992 ], [ -2.943809074702455, 53.403728722742414 ], [ -2.948665927250949, 53.403047372101376 ], [ -2.95650646836165, 53.406214096825899 ], [ -2.954460574748627, 53.408744763007938 ], [ -2.945344031296218, 53.408196670580992 ] ] ] } },
{ "type": "Feature", "properties": { "LSOA21CD": "E01033765", "LSOA21NM": "Liverpool 061D", "area_km2": 0.34118665578620699, "pm25_street_mean": 7.7889276507986338, "pm25_street_p25": 6.662274845740467, "pm25_street_p75": 8.5675067772760016, "pm10_street_mean": 15.953252590816946, "pm10_street_p25": 14.227928730546322, "pm10_street_p75": 17.092037985454773, "n_streets": 42, "PM2.5_lsoa_pred": 9.9989228478738887, "PM10_lsoa_pred": 19.779338929177538, "PM2.5_final": 7.7889276507986338, "PM10_final": 15.953252590816946, "score_pm25": "B" }, "geometry": { "type": "Polygon", "coordinates": [ [ [ -2.974722013422127, 53.391626983832246 ], [ -2.973833693771105, 53.3883201541246 ], [ -2.979995495078112, 53.387325875048852 ], [ -2.981446872560491, 53.387094237653415 ], [ -2.986315083720991, 53.390524366319063 ], [ -2.980777920370563, 53.392845375425544 ], [ -2.974722013422127, 53.391626983832246 ] ] ] } },
{ "type": "Feature", "properties": { "LSOA21CD": "E01033767", "LSOA21NM": "Liverpool 050J", "area_km2": 0.082715494570947096, "pm25_street_mean": 10.030927211188375, "pm25_street_p25": 8.7526067022312315, "pm25_street_p75": 10.332004907090734, "pm10_street_mean": 19.764054155697647, "pm10_street_p25": 17.497495959187916, "pm10_street_p75": 20.318667949500533, "n_streets": 12, "PM2.5_lsoa_pred": 10.127050106235366, "PM10_lsoa_pred": 19.973248284843876, "PM2.5_final": 10.030927211188375, "PM10_final": 19.764054155697647, "score_pm25": "C" }, "geometry": { "type": "Polygon", "coordinates": [ [ [ -2.966433492874955, 53.381832412312981 ], [ -2.967048033105931, 53.380229054561816 ], [ -2.968425968512801, 53.379336343311763 ], [ -2.97166382339879, 53.381138505808515 ], [ -2.969894206017285, 53.383097543499289 ], [ -2.966433492874955, 53.381832412312981 ] ] ] } },
{ "type": "Feature", "properties": { "LSOA21CD": "E01033768", "LSOA21NM": "Liverpool 037F", "area_km2": 0.078072887565105054, "pm25_street_mean": 11.318464220279028, "pm25_street_p25": 9.6221725875532051, "pm25_street_p75": 12.451849116736994, "pm10_street_mean": 22.048058930004238, "pm10_street_p25": 19.039608437397924, "pm10_street_p75": 24.051896053232412, "n_streets": 14, "PM2.5_lsoa_pred": 10.129351502277043, "PM10_lsoa_pred": 19.976731245685162, "PM2.5_final": 11.318464220279028, "PM10_final": 22.048058930004238, "score_pm25": "C" }, "geometry": { "type": "Polygon", "coordinates": [ [ [ -2.963332835584789, 53.396696609406675 ], [ -2.968369361732968, 53.395950998412879 ], [ -2.966484723130073, 53.398498229679575 ], [ -2.962303998058883, 53.399180134559828 ], [ -2.963332835584789, 53.396696609406675 ] ] ] } },
{ "type": "Feature", "properties": { "LSOA21CD": "E01034396", "LSOA21NM": "Liverpool 010G", "area_km2": 0.32269164420621504, "pm25_street_mean": 12.098386300645672, "pm25_street_p25": 11.259272835855729, "pm25_street_p75": 12.488287108587842, "pm10_street_mean": 23.190335958097091, "pm10_street_p25": 21.719847394998254, "pm10_street_p75": 23.807176455367774, "n_streets": 38, "PM2.5_lsoa_pred": 10.008091047204006, "PM10_lsoa_pred": 19.793214193874984, "PM2.5_final": 12.098386300645672, "PM10_final": 23.190335958097091, "score_pm25": "C" }, "geometry": { "type": "Polygon", "coordinates": [ [ [ -2.919578272517349, 53.442546585493758 ], [ -2.919386316972266, 53.439932313952042 ], [ -2.921162016933545, 53.438507383264714 ], [ -2.928209103388862, 53.440664070816048 ], [ -2.931517781878795, 53.442323931233716 ], [ -2.928029782568001, 53.443434708749152 ], [ -2.923163159072594, 53.444992482714099 ], [ -2.919578272517349, 53.442546585493758 ] ] ] } },
{ "type": "Feature", "properties": { "LSOA21CD": "E01034397", "LSOA21NM": "Liverpool 010H", "area_km2": 0.16999709641299021, "pm25_street_mean": 12.959786756307077, "pm25_street_p25": 12.500380118618649, "pm25_street_p75": 13.247060744068966, "pm10_street_mean": 24.544456949321766, "pm10_street_p25": 23.792474004013464, "pm10_street_p75": 25.062484187200432, "n_streets": 21, "PM2.5_lsoa_pred": 10.083783568116225, "PM10_lsoa_pred": 19.907768178300689, "PM2.5_final": 12.959786756307077, "PM10_final": 24.544456949321766, "score_pm25": "C" }, "geometry": { "type": "Polygon", "coordinates": [ [ [ -2.91360893453392, 53.438464030324432 ], [ -2.919386316972266, 53.439932313952042 ], [ -2.919578272517349, 53.442546585493758 ], [ -2.918578763653682, 53.443102667945446 ], [ -2.913027649341778, 53.442706464794391 ], [ -2.91360893453392, 53.438464030324432 ] ] ] } },
{ "type": "Feature", "properties": { "LSOA21CD": "E01034398", "LSOA21NM": "Liverpool 022F", "area_km2": 0.12612938117072403, "pm25_street_mean": 9.220055675726794, "pm25_street_p25": 8.4817751775929704, "pm25_street_p75": 10.003936176714461, "pm10_street_mean": 18.356825576897265, "pm10_street_p25": 17.092990043314572, "pm10_street_p75": 19.688604413744205, "n_streets": 18, "PM2.5_lsoa_pred": 10.105529321329646, "PM10_lsoa_pred": 19.940678466462771, "PM2.5_final": 9.220055675726794, "PM10_final": 18.356825576897265, "score_pm25": "B" }, "geometry": { "type": "Polygon", "coordinates": [ [ [ -2.978405413607823, 53.432317200152958 ], [ -2.982818714699042, 53.42832520674412 ], [ -2.982816076092957, 53.428433274998305 ], [ -2.984849049007641, 53.432885039164297 ], [ -2.979027592195183, 53.433322793191529 ], [ -2.978405413607823, 53.432317200152958 ] ] ] } },
{ "type": "Feature", "properties": { "LSOA21CD": "E01034399", "LSOA21NM": "Liverpool 022G", "area_km2": 0.28317417187360522, "pm25_street_mean": 9.5584943760278129, "pm25_street_p25": 8.3982738797481122, "pm25_street_p75": 10.338125015039681, "pm10_street_mean": 19.043066827647042, "pm10_street_p25": 17.030308701319264, "pm10_street_p75": 20.35960290007991, "n_streets": 32, "PM2.5_lsoa_pred": 10.027680332768966, "PM10_lsoa_pred": 19.82286085759387, "PM2.5_final": 9.5584943760278129, "PM10_final": 19.043066827647042, "score_pm25": "B" }, "geometry": { "type": "Polygon", "coordinates": [ [ [ -2.976037746285774, 53.430430725419157 ], [ -2.975585461411641, 53.427015209353975 ], [ -2.97868364010587, 53.423671325655 ], [ -2.98054320382633, 53.425007972788528 ], [ -2.982818714699042, 53.42832520674412 ], [ -2.978405413607823, 53.432317200152958 ], [ -2.976908116067114, 53.43253546617138 ], [ -2.976037746285774, 53.430430725419157 ] ] ] } },
{ "type": "Feature", "properties": { "LSOA21CD": "E01034400", "LSOA21NM": "Liverpool 022H", "area_km2": 0.4899797896234242, "pm25_street_mean": 9.2092160237985699, "pm25_street_p25": 7.9765741198640869, "pm25_street_p75": 9.9700629935244507, "pm10_street_mean": 18.393224888884951, "pm10_street_p25": 16.358813155597709, "pm10_street_p75": 19.742705063954496, "n_streets": 49, "PM2.5_lsoa_pred": 9.9251643047082254, "PM10_lsoa_pred": 19.667711850263611, "PM2.5_final": 9.2092160237985699, "PM10_final": 18.393224888884951, "score_pm25": "B" }, "geometry": { "type": "Polygon", "coordinates": [ [ [ -2.97868364010587, 53.423671325655 ], [ -2.978445308420656, 53.422547410099412 ], [ -2.976574356689179, 53.415991208480669 ], [ -2.98233762175727, 53.415001269631645 ], [ -2.984649999106405, 53.417065699049516 ], [ -2.988506697032149, 53.419069235260281 ], [ -2.98054320382633, 53.425007972788528 ], [ -2.97868364010587, 53.423671325655 ] ] ] } },
{ "type": "Feature", "properties": { "LSOA21CD": "E01034401", "LSOA21NM": "Liverpool 035G", "area_km2": 0.79611439432273068, "pm25_street_mean": 9.147983229207636, "pm25_street_p25": 7.9824593593747561, "pm25_street_p75": 9.9056446397545663, "pm10_street_mean": 18.20559527597915, "pm10_street_p25": 16.180658788180274, "pm10_street_p75": 19.632899513263197, "n_streets": 93, "PM2.5_lsoa_pred": 9.7734097050643989, "PM10_lsoa_pred": 19.438044588100571, "PM2.5_final": 9.147983229207636, "PM10_final": 18.20559527597915, "score_pm25": "B" }, "geometry": { "type": "Polygon", "coordinates": [ [ [ -2.929662473700412, 53.400588655960497 ], [ -2.933065365998491, 53.401112251585481 ], [ -2.939001236033647, 53.397998161602615 ], [ -2.94139550206917, 53.395937512512468 ], [ -2.94974913130432, 53.398539064325277 ], [ -2.952709971616295, 53.398342882711098 ], [ -2.95417864661231, 53.401030415700461 ], [ -2.949530127775359, 53.400171755133861 ], [ -2.948665927250949, 53.403047372101376 ], [ -2.943809074702455, 53.403728722742414 ], [ -2.933139814092348, 53.404074809160065 ], [ -2.932055355381882, 53.404186461175478 ], [ -2.929662473700412, 53.400588655960497 ] ] ] } },
{ "type": "Feature", "properties": { "LSOA21CD": "E01034402", "LSOA21NM": "Liverpool 037G", "area_km2": 0.018297828872006223, "pm25_street_mean": 11.31474414331899, "pm25_street_p25": 11.237462742789535, "pm25_street_p75": 11.392025543848442, "pm10_street_mean": 22.195659293136831, "pm10_street_p25": 22.067986025338641, "pm10_street_p75": 22.323332560935022, "n_streets": 2, "PM2.5_lsoa_pred": 10.158982716655983, "PM10_lsoa_pred": 20.02157548695989, "PM2.5_final": 11.31474414331899, "PM10_final": 22.195659293136831, "score_pm25": "C" }, "geometry": { "type": "Polygon", "coordinates": [ [ [ -2.976376208787447, 53.399605188633629 ], [ -2.981750154832735, 53.395884635389052 ], [ -2.97759677121682, 53.399550155410154 ], [ -2.976886588433223, 53.400156798740383 ], [ -2.976376208787447, 53.399605188633629 ] ] ] } },
{ "type": "Feature", "properties": { "LSOA21CD": "E01034403", "LSOA21NM": "Liverpool 037H", "area_km2": 0.33286674479619027, "pm25_street_mean": 10.500955087227522, "pm25_street_p25": 8.83410093556936, "pm25_street_p75": 11.28735556165314, "pm10_street_mean": 20.588818422718422, "pm10_street_p25": 17.692762406366764, "pm10_street_p75": 21.99745876053575, "n_streets": 47, "PM2.5_lsoa_pred": 10.003047127657949, "PM10_lsoa_pred": 19.785580664509595, "PM2.5_final": 10.500955087227522, "PM10_final": 20.588818422718422, "score_pm25": "C" }, "geometry": { "type": "Polygon", "coordinates": [ [ [ -2.976197649548444, 53.397718388343485 ], [ -2.971365404773834, 53.395287570491881 ], [ -2.968854926472242, 53.392908753004491 ], [ -2.974318378248805, 53.393919016852728 ], [ -2.974722013422127, 53.391626983832246 ], [ -2.980777920370563, 53.392845375425544 ], [ -2.979633044863794, 53.394068284818793 ], [ -2.981750154832735, 53.395884635389052 ], [ -2.976376208787447, 53.399605188633629 ], [ -2.976197649548444, 53.397718388343485 ] ] ] } },
{ "type": "Feature", "properties": { "LSOA21CD": "E01034404", "LSOA21NM": "Liverpool 042H", "area_km2": 0.25838786480204046, "pm25_street_mean": 10.991801315876, "pm25_street_p25": 10.574971855564769, "pm25_street_p75": 11.183375384634065, "pm10_street_mean": 21.567089255436109, "pm10_street_p25": 20.811095581809035, "pm10_street_p75": 21.987886461430694, "n_streets": 16, "PM2.5_lsoa_pred": 10.039967202820749, "PM10_lsoa_pred": 19.841455956602196, "PM2.5_final": 10.991801315876, "PM10_final": 21.567089255436109, "score_pm25": "C" }, "geometry": { "type": "Polygon", "coordinates": [ [ [ -2.917475894809825, 53.387854588485702 ], [ -2.919872977250538, 53.384505998166354 ], [ -2.918665124703482, 53.383113857738167 ], [ -2.922739094768077, 53.381517323958356 ], [ -2.925660187222252, 53.385291533401613 ], [ -2.922213351234424, 53.388988333252506 ], [ -2.917475894809825, 53.387854588485702 ] ] ] } },
{ "type": "Feature", "properties": { "LSOA21CD": "E01034405", "LSOA21NM": "Liverpool 060F", "area_km2": 0.39391571506581591, "pm25_street_mean": 7.8332064062611577, "pm25_street_p25": 6.5977674443927423, "pm25_street_p75": 7.8698906991956106, "pm10_street_mean": 16.351186668775927, "pm10_street_p25": 14.265174421795344, "pm10_street_p75": 16.299621056188407, "n_streets": 7, "PM2.5_lsoa_pred": 9.9727844200132676, "PM10_lsoa_pred": 19.739780713623713, "PM2.5_final": 7.8332064062611577, "PM10_final": 16.351186668775927, "score_pm25": "B" }, "geometry": { "type": "Polygon", "coordinates": [ [ [ -2.962349883045968, 53.406220766598913 ], [ -2.960810069655345, 53.4030540421899 ], [ -2.966728725101451, 53.403953447638344 ], [ -2.967203864722897, 53.400939393898412 ], [ -2.967382076368513, 53.400927876830281 ], [ -2.970450823839442, 53.401538318459444 ], [ -2.974575052616169, 53.403088961044382 ], [ -2.978264314609218, 53.405515961606412 ], [ -2.97360265358598, 53.407771791067596 ], [ -2.973090126067157, 53.405510824680249 ], [ -2.962349883045968, 53.406220766598913 ] ] ] } },
{ "type": "Feature", "properties": { "LSOA21CD": "E01034406", "LSOA21NM": "Liverpool 060G", "area_km2": 0.13732132139721498, "pm25_street_mean": 8.8146345436606754, "pm25_street_p25": 8.0893774643806537, "pm25_street_p75": 9.310103197428635, "pm10_street_mean": 17.867657768278121, "pm10_street_p25": 16.496424508279723, "pm10_street_p75": 18.841398320968729, "n_streets": 33, "PM2.5_lsoa_pred": 10.099981342165457, "PM10_lsoa_pred": 19.932282087122921, "PM2.5_final": 8.8146345436606754, "PM10_final": 17.867657768278121, "score_pm25": "B" }, "geometry": { "type": "Polygon", "coordinates": [ [ [ -2.970450823839442, 53.401538318459444 ], [ -2.976197649548444, 53.397718388343485 ], [ -2.976376208787447, 53.399605188633629 ], [ -2.976886588433223, 53.400156798740383 ], [ -2.976669131732737, 53.402884617153845 ], [ -2.974575052616169, 53.403088961044382 ], [ -2.970450823839442, 53.401538318459444 ] ] ] } },
{ "type": "Feature", "properties": { "LSOA21CD": "E01034407", "LSOA21NM": "Liverpool 061E", "area_km2": 0.036566086725010861, "pm25_street_mean": 7.9990239641412115, "pm25_street_p25": 6.999184597689629, "pm25_street_p75": 8.6509932105549012, "pm10_street_mean": 16.65422066141566, "pm10_street_p25": 14.924814748685286, "pm10_street_p75": 17.779886504760029, "n_streets": 7, "PM2.5_lsoa_pred": 10.149926921871216, "PM10_lsoa_pred": 20.007870336672458, "PM2.5_final": 7.9990239641412115, "PM10_final": 16.65422066141566, "score_pm25": "B" }, "geometry": { "type": "Polygon", "coordinates": [ [ [ -2.98701261258905, 53.398504526970825 ], [ -2.987962698282097, 53.399842447023225 ], [ -2.98690329918655, 53.400857971722814 ], [ -2.983780280497278, 53.399456513508994 ], [ -2.98701261258905, 53.398504526970825 ] ] ] } },
{ "type": "Feature", "properties": { "LSOA21CD": "E01034408", "LSOA21NM": "Liverpool 061F", "area_km2": 0.30189105482313316, "pm25_street_mean": 8.2952205263982002, "pm25_street_p25": 7.580137156256594, "pm25_street_p75": 9.3096485821116168, "pm10_street_mean": 17.098028040590489, "pm10_street_p25": 15.756592142134084, "pm10_street_p75": 18.794181739237239, "n_streets": 37, "PM2.5_lsoa_pred": 10.018402149136717, "PM10_lsoa_pred": 19.808819141312018, "PM2.5_final": 8.2952205263982002, "PM10_final": 17.098028040590489, "score_pm25": "B" }, "geometry": { "type": "Polygon", "coordinates": [ [ [ -2.97759677121682, 53.399550155410154 ], [ -2.981750154832735, 53.395884635389052 ], [ -2.979633044863794, 53.394068284818793 ], [ -2.983920264698088, 53.393773007723034 ], [ -2.98701261258905, 53.398504526970825 ], [ -2.983780280497278, 53.399456513508994 ], [ -2.98690329918655, 53.400857971722814 ], [ -2.983235403000903, 53.401598365490976 ], [ -2.97759677121682, 53.399550155410154 ] ] ] } },
{ "type": "Feature", "properties": { "LSOA21CD": "E01034409", "LSOA21NM": "Liverpool 062E", "area_km2": 0.19676178347505069, "pm25_street_mean": 6.5540173757148175, "pm25_street_p25": 6.2791523238801554, "pm25_street_p75": 6.7741273627770919, "pm10_street_mean": 14.187061096838512, "pm10_street_p25": 13.68959212924918, "pm10_street_p75": 14.531535855344393, "n_streets": 25, "PM2.5_lsoa_pred": 10.070515991346571, "PM10_lsoa_pred": 19.88768886578314, "PM2.5_final": 6.5540173757148175, "PM10_final": 14.187061096838512, "score_pm25": "B" }, "geometry": { "type": "Polygon", "coordinates": [ [ [ -2.989483391222707, 53.411221538224012 ], [ -2.985337663640222, 53.409257579550733 ], [ -2.98975400105311, 53.409625549078633 ], [ -2.996933732328884, 53.409121414294589 ], [ -2.99597605755407, 53.406436142391982 ], [ -3.001234006020185, 53.411301711954302 ], [ -2.989483391222707, 53.411221538224012 ] ] ] } },
{ "type": "Feature", "properties": { "LSOA21CD": "E01034410", "LSOA21NM": "Liverpool 062F", "area_km2": 0.21550534458120632, "pm25_street_mean": 6.558532105588351, "pm25_street_p25": 6.4792224245258776, "pm25_street_p75": 6.5690117035051889, "pm10_street_mean": 14.222452220536551, "pm10_street_p25": 14.073838358304899, "pm10_street_p75": 14.221436849557881, "n_streets": 29, "PM2.5_lsoa_pred": 10.061224583031729, "PM10_lsoa_pred": 19.873627135105338, "PM2.5_final": 6.558532105588351, "PM10_final": 14.222452220536551, "score_pm25": "B" }, "geometry": { "type": "Polygon", "coordinates": [ [ [ -2.988677841597215, 53.407998620267001 ], [ -2.988747873103748, 53.406460793521866 ], [ -2.9960734659154, 53.404521206692905 ], [ -2.99597605755407, 53.406436142391982 ], [ -2.996933732328884, 53.409121414294589 ], [ -2.98975400105311, 53.409625549078633 ], [ -2.988677841597215, 53.407998620267001 ] ] ] } },
{ "type": "Feature", "properties": { "LSOA21CD": "E01034411", "LSOA21NM": "Liverpool 062G", "area_km2": 0.23644635028702829, "pm25_street_mean": 6.398734218452617, "pm25_street_p25": 6.2144624148755572, "pm25_street_p75": 6.3227459110785489, "pm10_street_mean": 14.089276048125843, "pm10_street_p25": 13.74621469081719, "pm10_street_p75": 13.947236839994506, "n_streets": 8, "PM2.5_lsoa_pred": 10.0508438750417, "PM10_lsoa_pred": 19.857916845012127, "PM2.5_final": 6.398734218452617, "PM10_final": 14.089276048125843, "score_pm25": "B" }, "geometry": { "type": "Polygon", "coordinates": [ [ [ -2.99597605755407, 53.406436142391982 ], [ -2.9960734659154, 53.404521206692905 ], [ -2.988747873103748, 53.406460793521866 ], [ -2.988298188536871, 53.405270876606018 ], [ -2.995341852445851, 53.401333130964751 ], [ -2.995978385103338, 53.402294739343901 ], [ -3.001763388099424, 53.411031971612772 ], [ -3.001809414203104, 53.411211996956119 ], [ -3.001234006020185, 53.411301711954302 ], [ -2.99597605755407, 53.406436142391982 ] ] ] } }
]
}
