{
"type": "FeatureCollection",
"name": "lur_lsoa_predictions",
"crs": { "type": "name", "properties": { "name": "urn:ogc:def:crs:OGC:1.3:CRS84" } },
"features": [
{ "type": "Feature", "properties": { "LSOA21CD": "E01006512", "LSOA21NM": "Liverpool 031A", "area_km2": 0.29734122069553792, "pct_industrial": 0.0, "pct_commercial": 0.0, "pct_residential": 34.558017255723314, "pct_green": 1.3796818797671582, "bcr": 26.497002299142576, "n_buildings": 174, "mean_bldg_area": 452.79603496549009, "street_density_motorway": 0.0, "street_density_primary": 2368.6712457298381, "street_density_secondary": 0.0, "street_density_residential": 4422.2258751358968, "street_density_total": 6790.8971208657349, "pop_density_km2": 7620.8740742349582, "population": 2266, "PM2.5_mean": 8.3874468532991315, "PM10_mean": 17.415707110349022, "n_sensores": 1.0, "pm25_street_mean": 7.5594381513939082, "pm25_street_p25": 6.7953988498732194, "pm25_street_p75": 7.4047217622556998, "pm10_street_mean": 15.74071609478416, "pm10_street_p25": 14.381830748642294, "pm10_street_p75": 15.457109303695102, "n_streets": 22, "PM2.5_lsoa_pred": 8.8559901914710721, "PM10_lsoa_pred": 17.999256305446639, "PM2.5_final": 8.3874468532991315, "PM10_final": 17.415707110349022, "score_pm25": "B" }, "geometry": { "type": "Polygon", "coordinates": [ [ [ -2.960810069655345, 53.4030540421899 ], [ -2.956529573887368, 53.397672307299828 ], [ -2.961396639488082, 53.396975240885261 ], [ -2.963332835584789, 53.396696609406675 ], [ -2.962303998058883, 53.399180134559828 ], [ -2.967203864722897, 53.400939393898412 ], [ -2.966728725101451, 53.403953447638344 ], [ -2.960810069655345, 53.4030540421899 ] ] ] } },
{ "type": "Feature", "properties": { "LSOA21CD": "E01006514", "LSOA21NM": "Liverpool 037A", "area_km2": 0.27110906664680662, "pct_industrial": 0.0, "pct_commercial": 0.0, "pct_residential": 58.263616140443297, "pct_green": 0.58520688926736286, "bcr": 26.914415051073924, "n_buildings": 457, "mean_bldg_area": 159.6661256858078, "street_density_motorway": 0.0, "street_density_primary": 1900.5777886889143, "street_density_secondary": 0.0, "street_density_residential": 14161.770310627126, "street_density_total": 16062.348099316045, "pop_density_km2": 9394.7429774385273, "population": 2547, "PM2.5_mean": null, "PM10_mean": null, "n_sensores": null, "pm25_street_mean": 9.7607541309181318, "pm25_street_p25": 8.4367448340482412, "pm25_street_p75": 10.383623039670059, "pm10_street_mean": 19.336069911825088, "pm10_street_p25": 17.119148322417345, "pm10_street_p75": 20.402620471834499, "n_streets": 41, "PM2.5_lsoa_pred": 9.7090340448747785, "PM10_lsoa_pred": 19.211958079050699, "PM2.5_final": 9.7607541309181318, "PM10_final": 19.336069911825088, "score_pm25": "B" }, "geometry": { "type": "Polygon", "coordinates": [ [ [ -2.967382076368513, 53.400927876830281 ], [ -2.966484723130073, 53.398498229679575 ], [ -2.968369361732968, 53.395950998412879 ], [ -2.971365404773834, 53.395287570491881 ], [ -2.976197649548444, 53.397718388343485 ], [ -2.970450823839442, 53.401538318459444 ], [ -2.967382076368513, 53.400927876830281 ] ] ] } },
{ "type": "Feature", "properties": { "LSOA21CD": "E01006518", "LSOA21NM": "Liverpool 044A", "area_km2": 0.20862115999412534, "pct_industrial": 4.145055800808124, "pct_commercial": 0.0, "pct_residential": 72.032560596696968, "pct_green": 0.54351588973692866, "bcr": 20.529065341755881, "n_buildings": 390, "mean_bldg_area": 109.81531859467452, "street_density_motorway": 0.0, "street_density_primary": 0.0, "street_density_secondary": 1262.858185372198, "street_density_residential": 15616.070696123585, "street_density_total": 16878.928881495784, "pop_density_km2": 8795.8479382037403, "population": 1835, "PM2.5_mean": null, "PM10_mean": null, "n_sensores": null, "pm25_street_mean": 9.4615337090173703, "pm25_street_p25": 8.9748459089794057, "pm25_street_p75": 9.573882444687996, "pm10_street_mean": 18.605331487378532, "pm10_street_p25": 17.839726702199204, "pm10_street_p75": 18.831747137432764, "n_streets": 33, "PM2.5_lsoa_pred": 10.046666196144676, "PM10_lsoa_pred": 19.755699024658458, "PM2.5_final": 9.4615337090173703, "PM10_final": 18.605331487378532, "score_pm25": "B" }, "geometry": { "type": "Polygon", "coordinates": [ [ [ -2.968854926472242, 53.392908753004491 ], [ -2.967227828405889, 53.391339859958883 ], [ -2.969773841007703, 53.389019425274256 ], [ -2.973833693771105, 53.3883201541246 ], [ -2.974722013422127, 53.391626983832246 ], [ -2.974318378248805, 53.393919016852728 ], [ -2.968854926472242, 53.392908753004491 ] ] ] } },
{ "type": "Feature", "properties": { "LSOA21CD": "E01006519", "LSOA21NM": "Liverpool 056A", "area_km2": 0.40183573668774403, "pct_industrial": 0.0, "pct_commercial": 0.0, "pct_residential": 49.392502083427011, "pct_green": 0.99203625408093976, "bcr": 15.247901666478311, "n_buildings": 677, "mean_bldg_area": 90.504457889092961, "street_density_motorway": 0.0, "street_density_primary": 0.0, "street_density_secondary": 0.0, "street_density_residential": 8267.3164569797009, "street_density_total": 8267.3164569797009, "pop_density_km2": 3269.9928852298044, "population": 1314, "PM2.5_mean": null, "PM10_mean": null, "n_sensores": null, "pm25_street_mean": 9.7441937238900955, "pm25_street_p25": 9.3693260901229358, "pm25_street_p75": 10.177530283156999, "pm10_street_mean": 19.475034998415655, "pm10_street_p25": 18.880136339410114, "pm10_street_p75": 20.233915637997224, "n_streets": 23, "PM2.5_lsoa_pred": 9.7336656413500773, "PM10_lsoa_pred": 19.372096391768007, "PM2.5_final": 9.7441937238900955, "PM10_final": 19.475034998415655, "score_pm25": "B" }, "geometry": { "type": "Polygon", "coordinates": [ [ [ -2.930033260945294, 53.369763486291816 ], [ -2.926218372505587, 53.367735462603868 ], [ -2.918142003922008, 53.369379210510658 ], [ -2.91847755912968, 53.367847700079743 ], [ -2.930426954266604, 53.362004958825004 ], [ -2.932855293131144, 53.371189856547495 ], [ -2.930033260945294, 53.369763486291816 ] ] ] } },
{ "type": "Feature", "properties": { "LSOA21CD": "E01006520", "LSOA21NM": "Liverpool 043A", "area_km2": 0.32190423458689771, "pct_industrial": 0.0, "pct_commercial": 0.0, "pct_residential": 78.97570205218129, "pct_green": 0.070943828552198204, "bcr": 17.160075361208506, "n_buildings": 289, "mean_bldg_area": 191.13844029769223, "street_density_motorway": 0.0, "street_density_primary": 0.0, "street_density_secondary": 668.64184903715739, "street_density_residential": 9277.8950687416836, "street_density_total": 9946.5369177788398, "pop_density_km2": 4861.694354559756, "population": 1565, "PM2.5_mean": null, "PM10_mean": null, "n_sensores": null, "pm25_street_mean": 9.9918680087555902, "pm25_street_p25": 8.7519548114806831, "pm25_street_p75": 10.809874623793096, "pm10_street_mean": 19.838951567645978, "pm10_street_p25": 17.767663240794413, "pm10_street_p75": 20.972484296567266, "n_streets": 16, "PM2.5_lsoa_pred": 9.4966775984518961, "PM10_lsoa_pred": 18.973866668671803, "PM2.5_final": 9.9918680087555902, "PM10_final": 19.838951567645978, "score_pm25": "B" }, "geometry": { "type": "Polygon", "coordinates": [ [ [ -2.942401844999313, 53.388174673614181 ], [ -2.950640911375279, 53.379624798054415 ], [ -2.952163815805153, 53.380201987243545 ], [ -2.956020927732287, 53.381665039411011 ], [ -2.955310844922678, 53.382172833361572 ], [ -2.94797135413138, 53.387025792810697 ], [ -2.942746232222756, 53.388695486887599 ], [ -2.942401844999313, 53.388174673614181 ] ] ] } },
{ "type": "Feature", "properties": { "LSOA21CD": "E01006521", "LSOA21NM": "Liverpool 052A", "area_km2": 0.58759535368904892, "pct_industrial": 0.0, "pct_commercial": 0.0, "pct_residential": 37.251671559761327, "pct_green": 0.0, "bcr": 7.4987159873076541, "n_buildings": 230, "mean_bldg_area": 191.57437707720723, "street_density_motorway": 0.0, "street_density_primary": 973.91567801792723, "street_density_secondary": 0.0, "street_density_residential": 2704.8236621802062, "street_density_total": 3678.739340198133, "pop_density_km2": 2665.0993582034271, "population": 1566, "PM2.5_mean": null, "PM10_mean": null, "n_sensores": null, "pm25_street_mean": 11.68934063757483, "pm25_street_p25": 11.40905823840745, "pm25_street_p75": 12.108384646561346, "pm10_street_mean": 22.836184474169304, "pm10_street_p25": 22.324400176819417, "pm10_street_p75": 23.505928909372816, "n_streets": 20, "PM2.5_lsoa_pred": 9.4056424783751797, "PM10_lsoa_pred": 18.97715190074976, "PM2.5_final": 11.68934063757483, "PM10_final": 22.836184474169304, "score_pm25": "C" }, "geometry": { "type": "Polygon", "coordinates": [ [ [ -2.932225702644057, 53.374524360814803 ], [ -2.933945693685547, 53.372857936295979 ], [ -2.938951606339639, 53.370539308949375 ], [ -2.940072287099026, 53.375415932866424 ], [ -2.940732148381435, 53.375765796343323 ], [ -2.942102688871554, 53.380640729588627 ], [ -2.939312978071781, 53.383030389809456 ], [ -2.930313503666565, 53.377105264063196 ], [ -2.932225702644057, 53.374524360814803 ] ] ] } },
{ "type": "Feature", "properties": { "LSOA21CD": "E01006522", "LSOA21NM": "Liverpool 048A", "area_km2": 0.39962171548239622, "pct_industrial": 0.0, "pct_commercial": 0.0, "pct_residential": 46.865290336386565, "pct_green": 0.60403686024728587, "bcr": 12.334159351095732, "n_buildings": 250, "mean_bldg_area": 197.15991675672461, "street_density_motorway": 0.0, "street_density_primary": 0.0, "street_density_secondary": 0.0, "street_density_residential": 8782.1525489494943, "street_density_total": 8782.1525489494943, "pop_density_km2": 4294.0609419299481, "population": 1716, "PM2.5_mean": null, "PM10_mean": null, "n_sensores": null, "pm25_street_mean": 10.329389197358696, "pm25_street_p25": 9.7531747250453567, "pm25_street_p75": 11.015823018229524, "pm10_street_mean": 20.336424909475838, "pm10_street_p25": 19.431770854069217, "pm10_street_p75": 21.412673978766755, "n_streets": 24, "PM2.5_lsoa_pred": 10.029631382766544, "PM10_lsoa_pred": 19.923511565973069, "PM2.5_final": 10.329389197358696, "PM10_final": 20.336424909475838, "score_pm25": "C" }, "geometry": { "type": "Polygon", "coordinates": [ [ [ -2.939864228218227, 53.387835147643571 ], [ -2.939312978071781, 53.383030389809456 ], [ -2.942102688871554, 53.380640729588627 ], [ -2.948380853204712, 53.378766781487684 ], [ -2.948680460516184, 53.378881296061152 ], [ -2.950640911375279, 53.379624798054415 ], [ -2.942401844999313, 53.388174673614181 ], [ -2.939864228218227, 53.387835147643571 ] ] ] } },
{ "type": "Feature", "properties": { "LSOA21CD": "E01006523", "LSOA21NM": "Liverpool 052B", "area_km2": 0.12400364761985577, "pct_industrial": 0.0, "pct_commercial": 0.0, "pct_residential": 96.735190698372861, "pct_green": 0.0, "bcr": 20.778596974274851, "n_buildings": 188, "mean_bldg_area": 137.05435198047769, "street_density_motorway": 0.0, "street_density_primary": 0.0, "street_density_secondary": 0.0, "street_density_residential": 8815.239292630793, "street_density_total": 8815.239292630793, "pop_density_km2": 11814.168600032541, "population": 1465, "PM2.5_mean": null, "PM10_mean": null, "n_sensores": null, "pm25_street_mean": 10.714411421361405, "pm25_street_p25": 10.583539456199182, "pm25_street_p75": 10.847980760951586, "pm10_street_mean": 21.062858766158765, "pm10_street_p25": 20.875704065522392, "pm10_street_p75": 21.274541226455618, "n_streets": 7, "PM2.5_lsoa_pred": 9.1149516159074793, "PM10_lsoa_pred": 18.352477375865377, "PM2.5_final": 10.714411421361405, "PM10_final": 21.062858766158765, "score_pm25": "C" }, "geometry": { "type": "Polygon", "coordinates": [ [ [ -2.940732148381435, 53.375765796343323 ], [ -2.945353729743839, 53.377535609623287 ], [ -2.948380853204712, 53.378766781487684 ], [ -2.942102688871554, 53.380640729588627 ], [ -2.940732148381435, 53.375765796343323 ] ] ] } },
{ "type": "Feature", "properties": { "LSOA21CD": "E01006524", "LSOA21NM": "Liverpool 048B", "area_km2": 0.41742701568352658, "pct_industrial": 0.0, "pct_commercial": 0.0, "pct_residential": 82.542514506097575, "pct_green": 0.057316665698447802, "bcr": 18.09214966443523, "n_buildings": 300, "mean_bldg_area": 251.73840139083049, "street_density_motorway": 0.0, "street_density_primary": 1371.6571051854417, "street_density_secondary": 0.0, "street_density_residential": 6432.4056627734399, "street_density_total": 7804.0627679588815, "pop_density_km2": 3114.316877337902, "population": 1300, "PM2.5_mean": null, "PM10_mean": null, "n_sensores": null, "pm25_street_mean": 10.586008457402546, "pm25_street_p25": 9.9629946214429292, "pm25_street_p75": 11.11332768740246, "pm10_street_mean": 21.058790373089057, "pm10_street_p25": 20.034799075370493, "pm10_street_p75": 21.91920155805262, "n_streets": 23, "PM2.5_lsoa_pred": 8.9710120875849846, "PM10_lsoa_pred": 18.119587413645423, "PM2.5_final": 10.586008457402546, "PM10_final": 21.058790373089057, "score_pm25": "C" }, "geometry": { "type": "Polygon", "coordinates": [ [ [ -2.915367704232064, 53.379189786638101 ], [ -2.925709453714221, 53.374928548207457 ], [ -2.925188444166658, 53.378411807561548 ], [ -2.930498894765267, 53.3787128374383 ], [ -2.927636210861448, 53.381283852020346 ], [ -2.922739094768077, 53.381517323958356 ], [ -2.918665124703482, 53.383113857738167 ], [ -2.915367704232064, 53.379189786638101 ] ] ] } },
{ "type": "Feature", "properties": { "LSOA21CD": "E01006525", "LSOA21NM": "Liverpool 049A", "area_km2": 0.4591438104965796, "pct_industrial": 0.0, "pct_commercial": 0.0, "pct_residential": 45.092747632858618, "pct_green": 3.1558235366703351, "bcr": 6.7200687453748191, "n_buildings": 294, "mean_bldg_area": 104.94823029082868, "street_density_motorway": 0.0, "street_density_primary": 0.0, "street_density_secondary": 0.0, "street_density_residential": 7469.3214014657697, "street_density_total": 7469.3214014657697, "pop_density_km2": 2587.4246213079464, "population": 1188, "PM2.5_mean": null, "PM10_mean": null, "n_sensores": null, "pm25_street_mean": 11.808990435443002, "pm25_street_p25": 11.042424687986344, "pm25_street_p75": 12.29523107128384, "pm10_street_mean": 23.102294758529041, "pm10_street_p25": 21.658802874113356, "pm10_street_p75": 23.983841914125179, "n_streets": 22, "PM2.5_lsoa_pred": 10.449282339173273, "PM10_lsoa_pred": 20.682463882213391, "PM2.5_final": 11.808990435443002, "PM10_final": 23.102294758529041, "score_pm25": "C" }, "geometry": { "type": "Polygon", "coordinates": [ [ [ -2.912320865260289, 53.374347999861762 ], [ -2.914234326134674, 53.37326862712446 ], [ -2.918911403030987, 53.371830071694589 ], [ -2.925931783174552, 53.371916770756314 ], [ -2.925709453714221, 53.374928548207457 ], [ -2.915367704232064, 53.379189786638101 ], [ -2.912320865260289, 53.374347999861762 ] ] ] } },
{ "type": "Feature", "properties": { "LSOA21CD": "E01006526", "LSOA21NM": "Liverpool 048C", "area_km2": 0.43521050535350492, "pct_industrial": 0.0, "pct_commercial": 0.0, "pct_residential": 43.266957590827737, "pct_green": 0.0, "bcr": 4.7192076633024103, "n_buildings": 256, "mean_bldg_area": 80.228466875545905, "street_density_motorway": 0.0, "street_density_primary": 1071.9048544742579, "street_density_secondary": 0.0, "street_density_residential": 5212.6627296028819, "street_density_total": 6284.5675840771391, "pop_density_km2": 3182.3680333153202, "population": 1385, "PM2.5_mean": null, "PM10_mean": null, "n_sensores": null, "pm25_street_mean": 10.454545279996424, "pm25_street_p25": 9.9893683900415695, "pm25_street_p75": 11.005230962041493, "pm10_street_mean": 20.826591093703929, "pm10_street_p25": 20.09069829363656, "pm10_street_p75": 21.685849235279008, "n_streets": 21, "PM2.5_lsoa_pred": 9.818057596601653, "PM10_lsoa_pred": 19.632126569458844, "PM2.5_final": 10.454545279996424, "PM10_final": 20.826591093703929, "score_pm25": "C" }, "geometry": { "type": "Polygon", "coordinates": [ [ [ -2.927636210861448, 53.381283852020346 ], [ -2.930498894765267, 53.3787128374383 ], [ -2.925188444166658, 53.378411807561548 ], [ -2.925709453714221, 53.374928548207457 ], [ -2.929492924704991, 53.373385394031672 ], [ -2.932225702644057, 53.374524360814803 ], [ -2.930313503666565, 53.377105264063196 ], [ -2.939312978071781, 53.383030389809456 ], [ -2.939864228218227, 53.387835147643571 ], [ -2.931461125950978, 53.380376427184665 ], [ -2.927636210861448, 53.381283852020346 ] ] ] } },
{ "type": "Feature", "properties": { "LSOA21CD": "E01006527", "LSOA21NM": "Liverpool 053A", "area_km2": 0.33947621214249263, "pct_industrial": 0.0, "pct_commercial": 0.0, "pct_residential": 66.918362356079996, "pct_green": 2.5490047211135098, "bcr": 16.17096086559998, "n_buildings": 524, "mean_bldg_area": 104.76443781218254, "street_density_motorway": 0.0, "street_density_primary": 0.0, "street_density_secondary": 0.0, "street_density_residential": 10238.840491749505, "street_density_total": 10238.840491749505, "pop_density_km2": 4076.8688659076834, "population": 1384, "PM2.5_mean": null, "PM10_mean": null, "n_sensores": null, "pm25_street_mean": 11.221769198682141, "pm25_street_p25": 10.804652191203338, "pm25_street_p75": 11.411247871122491, "pm10_street_mean": 21.962277786360747, "pm10_street_p25": 21.240092764499828, "pm10_street_p75": 22.260522328054535, "n_streets": 31, "PM2.5_lsoa_pred": 10.029352758411397, "PM10_lsoa_pred": 19.860053136568371, "PM2.5_final": 11.221769198682141, "PM10_final": 21.962277786360747, "score_pm25": "C" }, "geometry": { "type": "Polygon", "coordinates": [ [ [ -2.918911403030987, 53.371830071694589 ], [ -2.918142003922008, 53.369379210510658 ], [ -2.926218372505587, 53.367735462603868 ], [ -2.930033260945294, 53.369763486291816 ], [ -2.929492924704991, 53.373385394031672 ], [ -2.925709453714221, 53.374928548207457 ], [ -2.925931783174552, 53.371916770756314 ], [ -2.918911403030987, 53.371830071694589 ] ] ] } },
{ "type": "Feature", "properties": { "LSOA21CD": "E01006528", "LSOA21NM": "Liverpool 052C", "area_km2": 0.87202782144209345, "pct_industrial": 0.0, "pct_commercial": 0.0, "pct_residential": 25.96059621737502, "pct_green": 0.0, "bcr": 6.0788629544045074, "n_buildings": 534, "mean_bldg_area": 99.268494737348519, "street_density_motorway": 0.0, "street_density_primary": 0.0, "street_density_secondary": 0.0, "street_density_residential": 3678.2622508196441, "street_density_total": 3678.2622508196441, "pop_density_km2": 1552.7027540943104, "population": 1354, "PM2.5_mean": null, "PM10_mean": null, "n_sensores": null, "pm25_street_mean": 11.017660008627363, "pm25_street_p25": 10.59428127405471, "pm25_street_p75": 11.473454516821622, "pm10_street_mean": 21.704325646777903, "pm10_street_p25": 21.017214750100038, "pm10_street_p75": 22.373148925986516, "n_streets": 31, "PM2.5_lsoa_pred": 9.6109087878585484, "PM10_lsoa_pred": 19.275713191625201, "PM2.5_final": 11.017660008627363, "PM10_final": 21.704325646777903, "score_pm25": "C" }, "geometry": { "type": "Polygon", "coordinates": [ [ [ -2.933945693685547, 53.372857936295979 ], [ -2.932855293131144, 53.371189856547495 ], [ -2.930426954266604, 53.362004958825004 ], [ -2.931712417990489, 53.361208308411122 ], [ -2.944769572467899, 53.366761470035321 ], [ -2.945736016003777, 53.367173467559311 ], [ -2.948827864481221, 53.368304168194378 ], [ -2.94379977663761, 53.371581050100914 ], [ -2.940072287099026, 53.375415932866424 ], [ -2.938951606339639, 53.370539308949375 ], [ -2.933945693685547, 53.372857936295979 ] ] ] } },
{ "type": "Feature", "properties": { "LSOA21CD": "E01006529", "LSOA21NM": "Liverpool 048D", "area_km2": 0.094412159078417823, "pct_industrial": 0.0, "pct_commercial": 0.0, "pct_residential": 95.710082072617396, "pct_green": 0.0, "bcr": 33.122689194582165, "n_buildings": 399, "mean_bldg_area": 78.375553918393052, "street_density_motorway": 0.0, "street_density_primary": 0.0, "street_density_secondary": 0.0, "street_density_residential": 22565.37952878232, "street_density_total": 22565.37952878232, "pop_density_km2": 14214.270842861964, "population": 1342, "PM2.5_mean": null, "PM10_mean": null, "n_sensores": null, "pm25_street_mean": 12.490329873577464, "pm25_street_p25": 11.158125895233971, "pm25_street_p75": 11.636135321126405, "pm10_street_mean": 24.191071653397028, "pm10_street_p25": 21.884066319905155, "pm10_street_p75": 22.669720568025856, "n_streets": 12, "PM2.5_lsoa_pred": 10.228829381723594, "PM10_lsoa_pred": 19.932192407088607, "PM2.5_final": 12.490329873577464, "PM10_final": 24.191071653397028, "score_pm25": "C" }, "geometry": { "type": "Polygon", "coordinates": [ [ [ -2.929492924704991, 53.373385394031672 ], [ -2.930033260945294, 53.369763486291816 ], [ -2.932855293131144, 53.371189856547495 ], [ -2.933945693685547, 53.372857936295979 ], [ -2.932225702644057, 53.374524360814803 ], [ -2.929492924704991, 53.373385394031672 ] ] ] } },
{ "type": "Feature", "properties": { "LSOA21CD": "E01006530", "LSOA21NM": "Liverpool 055A", "area_km2": 0.22217599523632217, "pct_industrial": 0.0, "pct_commercial": 0.0, "pct_residential": 95.657088252468554, "pct_green": 0.0, "bcr": 11.504295736650056, "n_buildings": 197, "mean_bldg_area": 129.74509415143172, "street_density_motorway": 0.0, "street_density_primary": 0.0, "street_density_secondary": 0.0, "street_density_residential": 11499.641894612072, "street_density_total": 11499.641894612072, "pop_density_km2": 6377.8267246773357, "population": 1417, "PM2.5_mean": null, "PM10_mean": null, "n_sensores": null, "pm25_street_mean": 9.4322799973934899, "pm25_street_p25": 8.9828833194530642, "pm25_street_p75": 9.8219818052886829, "pm10_street_mean": 18.955799948569975, "pm10_street_p25": 18.250560998748067, "pm10_street_p75": 19.55304829311217, "n_streets": 13, "PM2.5_lsoa_pred": 9.910583740387791, "PM10_lsoa_pred": 19.659618865405164, "PM2.5_final": 9.4322799973934899, "PM10_final": 18.955799948569975, "score_pm25": "B" }, "geometry": { "type": "Polygon", "coordinates": [ [ [ -2.852918147849623, 53.367571117540315 ], [ -2.853351420995468, 53.366663997882988 ], [ -2.863311457049679, 53.371298870756547 ], [ -2.863487960024683, 53.372084137159305 ], [ -2.860345364349621, 53.370991487340483 ], [ -2.85754094305783, 53.37176476784223 ], [ -2.852425487411297, 53.372209973954654 ], [ -2.852918147849623, 53.367571117540315 ] ] ] } },
{ "type": "Feature", "properties": { "LSOA21CD": "E01006531", "LSOA21NM": "Liverpool 055B", "area_km2": 0.34639623032621492, "pct_industrial": 0.0, "pct_commercial": 0.0, "pct_residential": 55.25599414349265, "pct_green": 0.0, "bcr": 0.83107948643264884, "n_buildings": 39, "mean_bldg_area": 73.816102872234936, "street_density_motorway": 0.0, "street_density_primary": 0.0, "street_density_secondary": 0.0, "street_density_residential": 7873.180601854946, "street_density_total": 7873.180601854946, "pop_density_km2": 4139.7679144762806, "population": 1434, "PM2.5_mean": null, "PM10_mean": null, "n_sensores": null, "pm25_street_mean": 8.372612901532932, "pm25_street_p25": 7.3504087627157384, "pm25_street_p75": 9.103336795125772, "pm10_street_mean": 17.181754329156494, "pm10_street_p25": 15.553191494298751, "pm10_street_p75": 18.402612486144555, "n_streets": 17, "PM2.5_lsoa_pred": 10.37708292660624, "PM10_lsoa_pred": 20.571845213637165, "PM2.5_final": 8.372612901532932, "PM10_final": 17.181754329156494, "score_pm25": "B" }, "geometry": { "type": "Polygon", "coordinates": [ [ [ -2.853351420995468, 53.366663997882988 ], [ -2.853596097333631, 53.36492436540555 ], [ -2.853355854520967, 53.363274037626802 ], [ -2.862126795168221, 53.360175991814494 ], [ -2.86249154976436, 53.360778219457949 ], [ -2.858498045891929, 53.363152242416668 ], [ -2.863311457049679, 53.371298870756547 ], [ -2.853351420995468, 53.366663997882988 ] ] ] } },
{ "type": "Feature", "properties": { "LSOA21CD": "E01006532", "LSOA21NM": "Liverpool 047A", "area_km2": 0.7387895939717124, "pct_industrial": 0.0, "pct_commercial": 0.0, "pct_residential": 38.532203447239091, "pct_green": 7.1606055094268966, "bcr": 0.46422322191445192, "n_buildings": 11, "mean_bldg_area": 311.78480511856191, "street_density_motorway": 0.0, "street_density_primary": 0.0, "street_density_secondary": 388.61379986383503, "street_density_residential": 4760.4667540762684, "street_density_total": 5149.0805539401044, "pop_density_km2": 2110.2083904821388, "population": 1559, "PM2.5_mean": null, "PM10_mean": null, "n_sensores": null, "pm25_street_mean": 11.783739357605304, "pm25_street_p25": 9.9627011502519416, "pm25_street_p75": 11.950204563137239, "pm10_street_mean": 23.18435819073234, "pm10_street_p25": 20.036172738943449, "pm10_street_p75": 23.46419814983869, "n_streets": 24, "PM2.5_lsoa_pred": 10.894776413247229, "PM10_lsoa_pred": 21.5679009716232, "PM2.5_final": 11.783739357605304, "PM10_final": 23.18435819073234, "score_pm25": "C" }, "geometry": { "type": "Polygon", "coordinates": [ [ [ -2.882891097190615, 53.37776959133592 ], [ -2.87630890931314, 53.373018307501468 ], [ -2.893031970228717, 53.374873171094713 ], [ -2.889833986008431, 53.37069587671278 ], [ -2.896694258096256, 53.370525622418789 ], [ -2.898756128216782, 53.372710226159946 ], [ -2.892188504846155, 53.377095263423691 ], [ -2.891418199412396, 53.383090350812168 ], [ -2.882891097190615, 53.37776959133592 ] ] ] } },
{ "type": "Feature", "properties": { "LSOA21CD": "E01006533", "LSOA21NM": "Liverpool 055C", "area_km2": 0.92345457234261652, "pct_industrial": 0.0, "pct_commercial": 0.0, "pct_residential": 24.397901452237715, "pct_green": 0.59466724690720074, "bcr": 1.2281920724007125, "n_buildings": 24, "mean_bldg_area": 472.57482707224648, "street_density_motorway": 0.0, "street_density_primary": 0.0, "street_density_secondary": 423.74195201672819, "street_density_residential": 3789.9080430639879, "street_density_total": 4213.6499950807156, "pop_density_km2": 1457.570345431797, "population": 1346, "PM2.5_mean": null, "PM10_mean": null, "n_sensores": null, "pm25_street_mean": 9.0440926475772088, "pm25_street_p25": 7.6083739735970362, "pm25_street_p75": 8.7180052824179732, "pm10_street_mean": 18.453124183212889, "pm10_street_p25": 15.973578872745792, "pm10_street_p75": 17.914266330632898, "n_streets": 43, "PM2.5_lsoa_pred": 9.9809832405904686, "PM10_lsoa_pred": 19.984578442110852, "PM2.5_final": 9.0440926475772088, "PM10_final": 18.453124183212889, "score_pm25": "B" }, "geometry": { "type": "Polygon", "coordinates": [ [ [ -2.863487960024683, 53.372084137159305 ], [ -2.863311457049679, 53.371298870756547 ], [ -2.858498045891929, 53.363152242416668 ], [ -2.86249154976436, 53.360778219457949 ], [ -2.871830757312969, 53.363497179110794 ], [ -2.873947061321984, 53.371384025311073 ], [ -2.869539959764173, 53.373346459339835 ], [ -2.863487960024683, 53.372084137159305 ] ] ] } },
{ "type": "Feature", "properties": { "LSOA21CD": "E01006534", "LSOA21NM": "Liverpool 054A", "area_km2": 0.21719186547389358, "pct_industrial": 0.0, "pct_commercial": 0.0, "pct_residential": 93.523655637130005, "pct_green": 1.8894406312188816, "bcr": 0.99109429265026439, "n_buildings": 2, "mean_bldg_area": 1076.2880914061998, "street_density_motorway": 0.0, "street_density_primary": 0.0, "street_density_secondary": 4020.9108528500815, "street_density_residential": 9309.0249235371502, "street_density_total": 13329.935776387232, "pop_density_km2": 8701.9833633096059, "population": 1890, "PM2.5_mean": null, "PM10_mean": null, "n_sensores": null, "pm25_street_mean": 10.107189856832099, "pm25_street_p25": 9.6303357921096051, "pm25_street_p75": 9.9037928840000919, "pm10_street_mean": 20.055511877427826, "pm10_street_p25": 19.216983765186544, "pm10_street_p75": 19.613094372766252, "n_streets": 17, "PM2.5_lsoa_pred": 9.8708451686040135, "PM10_lsoa_pred": 19.711614946136123, "PM2.5_final": 10.107189856832099, "PM10_final": 20.055511877427826, "score_pm25": "C" }, "geometry": { "type": "Polygon", "coordinates": [ [ [ -2.89108424336196, 53.364469847319064 ], [ -2.898600224349076, 53.365577010202564 ], [ -2.896694258096256, 53.370525622418789 ], [ -2.889833986008431, 53.37069587671278 ], [ -2.89450309331141, 53.365943988469773 ], [ -2.89108424336196, 53.364469847319064 ] ] ] } },
{ "type": "Feature", "properties": { "LSOA21CD": "E01006535", "LSOA21NM": "Liverpool 054B", "area_km2": 1.892580357599378, "pct_industrial": 0.012064893622198701, "pct_commercial": 0.0, "pct_residential": 16.154355372816642, "pct_green": 11.0238127288659, "bcr": 0.83013839012252666, "n_buildings": 35, "mean_bldg_area": 448.88674606716108, "street_density_motorway": 0.0, "street_density_primary": 0.0, "street_density_secondary": 1658.3467903110111, "street_density_residential": 2956.5861017421744, "street_density_total": 4614.9328920531852, "pop_density_km2": 876.58100927579085, "population": 1659, "PM2.5_mean": null, "PM10_mean": null, "n_sensores": null, "pm25_street_mean": 12.531302607988458, "pm25_street_p25": 9.4056346340870203, "pm25_street_p75": 15.42188455363975, "pm10_street_mean": 24.448041896477189, "pm10_street_p25": 18.792565665311525, "pm10_street_p75": 29.507580913434559, "n_streets": 36, "PM2.5_lsoa_pred": 10.975947228164019, "PM10_lsoa_pred": 21.738845598650144, "PM2.5_final": 12.531302607988458, "PM10_final": 24.448041896477189, "score_pm25": "C" }, "geometry": { "type": "Polygon", "coordinates": [ [ [ -2.87630890931314, 53.373018307501468 ], [ -2.873947061321984, 53.371384025311073 ], [ -2.871830757312969, 53.363497179110794 ], [ -2.873720308095798, 53.357704230888885 ], [ -2.88655140474365, 53.358877677402482 ], [ -2.884291934940279, 53.362938057561585 ], [ -2.89108424336196, 53.364469847319064 ], [ -2.89450309331141, 53.365943988469773 ], [ -2.889833986008431, 53.37069587671278 ], [ -2.893031970228717, 53.374873171094713 ], [ -2.87630890931314, 53.373018307501468 ] ] ] } },
{ "type": "Feature", "properties": { "LSOA21CD": "E01006536", "LSOA21NM": "Liverpool 054C", "area_km2": 0.67604286895877064, "pct_industrial": 45.613164462304937, "pct_commercial": 0.0, "pct_residential": 43.099060912658992, "pct_green": 4.1458883364792776, "bcr": 13.123415427575011, "n_buildings": 21, "mean_bldg_area": 4224.7578172360018, "street_density_motorway": 0.0, "street_density_primary": 0.0, "street_density_secondary": 3471.5596728028868, "street_density_residential": 6796.941061464735, "street_density_total": 10268.500734267624, "pop_density_km2": 2686.2201842273275, "population": 1816, "PM2.5_mean": null, "PM10_mean": null, "n_sensores": null, "pm25_street_mean": 9.5105938683004609, "pm25_street_p25": 8.8526840741580841, "pm25_street_p75": 9.9984064126947452, "pm10_street_mean": 19.079265165791835, "pm10_street_p25": 17.860207021308661, "pm10_street_p75": 20.086651853745295, "n_streets": 40, "PM2.5_lsoa_pred": 7.1726826954917451, "PM10_lsoa_pred": 15.003868739993322, "PM2.5_final": 9.5105938683004609, "PM10_final": 19.079265165791835, "score_pm25": "B" }, "geometry": { "type": "Polygon", "coordinates": [ [ [ -2.89108424336196, 53.364469847319064 ], [ -2.884291934940279, 53.362938057561585 ], [ -2.88655140474365, 53.358877677402482 ], [ -2.873720308095798, 53.357704230888885 ], [ -2.875754625483811, 53.353174206349372 ], [ -2.891280176850374, 53.359624503074521 ], [ -2.899380895075681, 53.36451068691526 ], [ -2.898600224349076, 53.365577010202564 ], [ -2.89108424336196, 53.364469847319064 ] ] ] } },
{ "type": "Feature", "properties": { "LSOA21CD": "E01006537", "LSOA21NM": "Liverpool 055D", "area_km2": 1.1079888021364204, "pct_industrial": 33.51011141025883, "pct_commercial": 0.0, "pct_residential": 28.579039320143689, "pct_green": 0.7603612580974477, "bcr": 18.38338205826204, "n_buildings": 435, "mean_bldg_area": 468.24325209080257, "street_density_motorway": 0.0, "street_density_primary": 0.0, "street_density_secondary": 0.0, "street_density_residential": 6109.1346707080074, "street_density_total": 6109.1346707080074, "pop_density_km2": 2275.2937530948111, "population": 2521, "PM2.5_mean": null, "PM10_mean": null, "n_sensores": null, "pm25_street_mean": 7.689228120521852, "pm25_street_p25": 7.1686118719690004, "pm25_street_p75": 8.3107233485123242, "pm10_street_mean": 15.7925892195989, "pm10_street_p25": 14.987028111200914, "pm10_street_p75": 16.849334094460879, "n_streets": 40, "PM2.5_lsoa_pred": 8.1997820567503528, "PM10_lsoa_pred": 16.630169417997095, "PM2.5_final": 7.689228120521852, "PM10_final": 15.7925892195989, "score_pm25": "B" }, "geometry": { "type": "Polygon", "coordinates": [ [ [ -2.86249154976436, 53.360778219457949 ], [ -2.862126795168221, 53.360175991814494 ], [ -2.856063071068853, 53.359212048157815 ], [ -2.852385799315926, 53.353815177578888 ], [ -2.862825829097336, 53.353504660873732 ], [ -2.875754625483811, 53.353174206349372 ], [ -2.873720308095798, 53.357704230888885 ], [ -2.871830757312969, 53.363497179110794 ], [ -2.86249154976436, 53.360778219457949 ] ] ] } },
{ "type": "Feature", "properties": { "LSOA21CD": "E01006538", "LSOA21NM": "Liverpool 055E", "area_km2": 0.42059379397398566, "pct_industrial": 30.26184329146076, "pct_commercial": 0.0, "pct_residential": 41.810311430900256, "pct_green": 2.401943272985164, "bcr": 15.891872240856902, "n_buildings": 33, "mean_bldg_area": 2025.4614664035969, "street_density_motorway": 0.0, "street_density_primary": 0.0, "street_density_secondary": 0.0, "street_density_residential": 8404.3147964901382, "street_density_total": 8404.3147964901382, "pop_density_km2": 3017.1629210451201, "population": 1269, "PM2.5_mean": null, "PM10_mean": null, "n_sensores": null, "pm25_street_mean": 8.1009931924238163, "pm25_street_p25": 7.1871337908396544, "pm25_street_p75": 8.5765634999852658, "pm10_street_mean": 16.495462811144606, "pm10_street_p25": 15.04747013181991, "pm10_street_p75": 17.277086910820419, "n_streets": 27, "PM2.5_lsoa_pred": 8.5462386049991075, "PM10_lsoa_pred": 17.326314524415004, "PM2.5_final": 8.1009931924238163, "PM10_final": 16.495462811144606, "score_pm25": "B" }, "geometry": { "type": "Polygon", "coordinates": [ [ [ -2.847015971809916, 53.354802639857986 ], [ -2.846310856016087, 53.353990875444339 ], [ -2.852385799315926, 53.353815177578888 ], [ -2.856063071068853, 53.359212048157815 ], [ -2.862126795168221, 53.360175991814494 ], [ -2.853355854520967, 53.363274037626802 ], [ -2.847015971809916, 53.354802639857986 ] ] ] } },
{ "type": "Feature", "properties": { "LSOA21CD": "E01006539", "LSOA21NM": "Liverpool 047B", "area_km2": 0.87612514834059263, "pct_industrial": 0.0, "pct_commercial": 0.0, "pct_residential": 36.187520567358881, "pct_green": 17.220170958901427, "bcr": 3.8292813466374769, "n_buildings": 113, "mean_bldg_area": 296.89643255403746, "street_density_motorway": 0.0, "street_density_primary": 0.0, "street_density_secondary": 774.42766074143481, "street_density_residential": 7754.7984835083216, "street_density_total": 8529.2261442497584, "pop_density_km2": 1557.9965973872008, "population": 1365, "PM2.5_mean": null, "PM10_mean": null, "n_sensores": null, "pm25_street_mean": 13.142329872526952, "pm25_street_p25": 10.464765770103895, "pm25_street_p75": 13.087972393826785, "pm10_street_mean": 25.400574944975592, "pm10_street_p25": 20.692303929131445, "pm10_street_p75": 25.283443392290266, "n_streets": 28, "PM2.5_lsoa_pred": 12.304584169928848, "PM10_lsoa_pred": 23.957001431301745, "PM2.5_final": 13.142329872526952, "PM10_final": 25.400574944975592, "score_pm25": "C" }, "geometry": { "type": "Polygon", "coordinates": [ [ [ -2.892681600700233, 53.383857386549103 ], [ -2.891418199412396, 53.383090350812168 ], [ -2.892188504846155, 53.377095263423691 ], [ -2.898756128216782, 53.372710226159946 ], [ -2.901266230986476, 53.375219769560431 ], [ -2.903525772202662, 53.377262268731208 ], [ -2.907920338021177, 53.382849998039234 ], [ -2.905943651266063, 53.383778273763966 ], [ -2.892681600700233, 53.383857386549103 ] ] ] } },
{ "type": "Feature", "properties": { "LSOA21CD": "E01006540", "LSOA21NM": "Liverpool 024A", "area_km2": 0.15257674515971897, "pct_industrial": 0.62658658790377786, "pct_commercial": 0.0, "pct_residential": 71.536429976671613, "pct_green": 2.9774560407161443, "bcr": 26.434536137065844, "n_buildings": 444, "mean_bldg_area": 90.839988369380123, "street_density_motorway": 0.0, "street_density_primary": 0.0, "street_density_secondary": 0.0, "street_density_residential": 16411.400258225232, "street_density_total": 16411.400258225232, "pop_density_km2": 11659.706058991649, "population": 1779, "PM2.5_mean": null, "PM10_mean": null, "n_sensores": null, "pm25_street_mean": 9.3545971076000001, "pm25_street_p25": 9.01779027009853, "pm25_street_p75": 9.693501077324914, "pm10_street_mean": 18.41476215812137, "pm10_street_p25": 17.748883994342489, "pm10_street_p75": 19.143810128541645, "n_streets": 20, "PM2.5_lsoa_pred": 10.31301464114828, "PM10_lsoa_pred": 20.227168327352768, "PM2.5_final": 9.3545971076000001, "PM10_final": 18.41476215812137, "score_pm25": "B" }, "geometry": { "type": "Polygon", "coordinates": [ [ [ -2.947790653707682, 53.42124713712122 ], [ -2.949885440982139, 53.422801809408739 ], [ -2.950371941462955, 53.423079775398037 ], [ -2.944468316450553, 53.425246573534281 ], [ -2.940485508692774, 53.422506589118392 ], [ -2.947790653707682, 53.42124713712122 ] ] ] } },
{ "type": "Feature", "properties": { "LSOA21CD": "E01006541", "LSOA21NM": "Liverpool 015A", "area_km2": 0.66552866198237959, "pct_industrial": 0.0, "pct_commercial": 0.0, "pct_residential": 18.508480469929111, "pct_green": 1.1125548690395064, "bcr": 5.3898792468788725, "n_buildings": 608, "mean_bldg_area": 58.99866979312322, "street_density_motorway": 0.0, "street_density_primary": 0.0, "street_density_secondary": 0.0, "street_density_residential": 3461.193603151984, "street_density_total": 3461.193603151984, "pop_density_km2": 2214.7806461249379, "population": 1474, "PM2.5_mean": 14.926057175598416, "PM10_mean": 28.571204600605995, "n_sensores": 1.0, "pm25_street_mean": 9.8719556236174455, "pm25_street_p25": 9.5883957944199949, "pm25_street_p75": 9.9253762708422588, "pm10_street_mean": 19.57398523332186, "pm10_street_p25": 19.151103542502845, "pm10_street_p75": 19.65878498100875, "n_streets": 11, "PM2.5_lsoa_pred": 9.8361043482893784, "PM10_lsoa_pred": 19.673519311120081, "PM2.5_final": 14.926057175598416, "PM10_final": 28.571204600605995, "score_pm25": "C" }, "geometry": { "type": "Polygon", "coordinates": [ [ [ -2.95527413851813, 53.441250219022848 ], [ -2.950777655987979, 53.439685956473852 ], [ -2.94530815088206, 53.437529252679141 ], [ -2.950972416284606, 53.438741090887213 ], [ -2.948769949779359, 53.434342203426333 ], [ -2.952858328680777, 53.433235008290929 ], [ -2.954602655687687, 53.432725588700862 ], [ -2.963595368100126, 53.43785670410977 ], [ -2.961969898015457, 53.441211589982281 ], [ -2.960684463166074, 53.442753369373783 ], [ -2.95527413851813, 53.441250219022848 ] ] ] } },
{ "type": "Feature", "properties": { "LSOA21CD": "E01006542", "LSOA21NM": "Liverpool 018A", "area_km2": 0.49845939536788386, "pct_industrial": 0.0, "pct_commercial": 0.0, "pct_residential": 19.292379878075799, "pct_green": 1.4461343023474924, "bcr": 10.850613058289596, "n_buildings": 409, "mean_bldg_area": 132.23936489989967, "street_density_motorway": 0.0, "street_density_primary": 0.0, "street_density_secondary": 0.0, "street_density_residential": 4804.9289120567564, "street_density_total": 4804.9289120567564, "pop_density_km2": 3143.6863555224763, "population": 1567, "PM2.5_mean": null, "PM10_mean": null, "n_sensores": null, "pm25_street_mean": 13.343912666568784, "pm25_street_p25": 10.211577366007321, "pm25_street_p75": 15.790388268810172, "pm10_street_mean": 25.567726989221125, "pm10_street_p25": 20.047070084275941, "pm10_street_p75": 29.763517833707198, "n_streets": 21, "PM2.5_lsoa_pred": 9.9086224949888635, "PM10_lsoa_pred": 19.790647560794792, "PM2.5_final": 13.343912666568784, "PM10_final": 25.567726989221125, "score_pm25": "C" }, "geometry": { "type": "Polygon", "coordinates": [ [ [ -2.954602655687687, 53.432725588700862 ], [ -2.95386420740983, 53.431728898244813 ], [ -2.960799449619252, 53.429681794244807 ], [ -2.963488606980628, 53.431318214713954 ], [ -2.969019286695744, 53.433251329572556 ], [ -2.967459417361264, 53.437139027375714 ], [ -2.963595368100126, 53.43785670410977 ], [ -2.954602655687687, 53.432725588700862 ] ] ] } },
{ "type": "Feature", "properties": { "LSOA21CD": "E01006543", "LSOA21NM": "Liverpool 015B", "area_km2": 0.15516153316288575, "pct_industrial": 0.0, "pct_commercial": 0.0, "pct_residential": 81.115805511089746, "pct_green": 4.0783423079783887, "bcr": 17.55889202798804, "n_buildings": 469, "mean_bldg_area": 58.090929801795234, "street_density_motorway": 0.0, "street_density_primary": 0.0, "street_density_secondary": 0.0, "street_density_residential": 16245.335994455279, "street_density_total": 16245.335994455279, "pop_density_km2": 7334.2920555273731, "population": 1138, "PM2.5_mean": null, "PM10_mean": null, "n_sensores": null, "pm25_street_mean": 12.023009175088781, "pm25_street_p25": 10.435334251861494, "pm25_street_p75": 13.067811853597686, "pm10_street_mean": 23.222422395450359, "pm10_street_p25": 20.449211528217766, "pm10_street_p75": 25.036143167272773, "n_streets": 18, "PM2.5_lsoa_pred": 10.794471764581507, "PM10_lsoa_pred": 21.064497868897625, "PM2.5_final": 12.023009175088781, "PM10_final": 23.222422395450359, "score_pm25": "C" }, "geometry": { "type": "Polygon", "coordinates": [ [ [ -2.94530815088206, 53.437529252679141 ], [ -2.943643833548424, 53.436508337033573 ], [ -2.942029821099915, 53.435236098264909 ], [ -2.942648053448762, 53.435023654369175 ], [ -2.948769949779359, 53.434342203426333 ], [ -2.950972416284606, 53.438741090887213 ], [ -2.94530815088206, 53.437529252679141 ] ] ] } },
{ "type": "Feature", "properties": { "LSOA21CD": "E01006544", "LSOA21NM": "Liverpool 015C", "area_km2": 0.20991950092046802, "pct_industrial": 0.0, "pct_commercial": 0.0, "pct_residential": 94.695469765843598, "pct_green": 0.0, "bcr": 28.410419700343699, "n_buildings": 735, "mean_bldg_area": 81.141511897104508, "street_density_motorway": 0.0, "street_density_primary": 0.0, "street_density_secondary": 0.0, "street_density_residential": 21880.779915887146, "street_density_total": 21880.779915887146, "pop_density_km2": 7760.1175348505503, "population": 1629, "PM2.5_mean": null, "PM10_mean": null, "n_sensores": null, "pm25_street_mean": 10.63102480640338, "pm25_street_p25": 10.460454526178642, "pm25_street_p75": 10.810726241812119, "pm10_street_mean": 20.58999690741657, "pm10_street_p25": 20.269571711680619, "pm10_street_p75": 20.883698962881837, "n_streets": 27, "PM2.5_lsoa_pred": 10.28471787813846, "PM10_lsoa_pred": 19.997204661114992, "PM2.5_final": 10.63102480640338, "PM10_final": 20.58999690741657, "score_pm25": "C" }, "geometry": { "type": "Polygon", "coordinates": [ [ [ -2.947649506778555, 53.43071396340774 ], [ -2.950149583149888, 53.429006310307074 ], [ -2.951131080065523, 53.429598197834004 ], [ -2.952858328680777, 53.433235008290929 ], [ -2.948769949779359, 53.434342203426333 ], [ -2.942648053448762, 53.435023654369175 ], [ -2.947649506778555, 53.43071396340774 ] ] ] } },
{ "type": "Feature", "properties": { "LSOA21CD": "E01006545", "LSOA21NM": "Liverpool 019A", "area_km2": 0.070229973756482544, "pct_industrial": 0.0, "pct_commercial": 0.0, "pct_residential": 99.401404290193398, "pct_green": 0.59859570979937404, "bcr": 40.266923742582883, "n_buildings": 539, "mean_bldg_area": 52.466512016621138, "street_density_motorway": 0.0, "street_density_primary": 0.0, "street_density_secondary": 0.0, "street_density_residential": 24317.983652645456, "street_density_total": 24317.983652645456, "pop_density_km2": 19293.756319749831, "population": 1355, "PM2.5_mean": null, "PM10_mean": null, "n_sensores": null, "pm25_street_mean": 10.413947667218208, "pm25_street_p25": 10.094842312817777, "pm25_street_p75": 10.540070521777647, "pm10_street_mean": 20.24219196168303, "pm10_street_p25": 19.704301209790216, "pm10_street_p75": 20.336298428604827, "n_streets": 9, "PM2.5_lsoa_pred": 10.049345979086324, "PM10_lsoa_pred": 19.575383659078582, "PM2.5_final": 10.413947667218208, "PM10_final": 20.24219196168303, "score_pm25": "C" }, "geometry": { "type": "Polygon", "coordinates": [ [ [ -2.951131080065523, 53.429598197834004 ], [ -2.951517513907261, 53.429473432288091 ], [ -2.955373015093702, 53.429147407534224 ], [ -2.95386420740983, 53.431728898244813 ], [ -2.954602655687687, 53.432725588700862 ], [ -2.952858328680777, 53.433235008290929 ], [ -2.951131080065523, 53.429598197834004 ] ] ] } },
{ "type": "Feature", "properties": { "LSOA21CD": "E01006546", "LSOA21NM": "Liverpool 019B", "area_km2": 0.15454830749915235, "pct_industrial": 0.0, "pct_commercial": 0.0, "pct_residential": 98.032714849232121, "pct_green": 0.32469946958641283, "bcr": 36.862112474021394, "n_buildings": 730, "mean_bldg_area": 78.040782105526006, "street_density_motorway": 0.0, "street_density_primary": 0.0, "street_density_secondary": 0.0, "street_density_residential": 18447.931981267026, "street_density_total": 18447.931981267026, "pop_density_km2": 8657.4872391102599, "population": 1338, "PM2.5_mean": null, "PM10_mean": null, "n_sensores": null, "pm25_street_mean": 10.487323851541639, "pm25_street_p25": 10.133485528688237, "pm25_street_p75": 10.6252896085606, "pm10_street_mean": 20.290314399581469, "pm10_street_p25": 19.722458982899926, "pm10_street_p75": 20.442225714746481, "n_streets": 20, "PM2.5_lsoa_pred": 9.5293807763195986, "PM10_lsoa_pred": 18.763686271414322, "PM2.5_final": 10.487323851541639, "PM10_final": 20.290314399581469, "score_pm25": "C" }, "geometry": { "type": "Polygon", "coordinates": [ [ [ -2.951517513907261, 53.429473432288091 ], [ -2.952096478831451, 53.427242772379962 ], [ -2.958496341716504, 53.427887444764892 ], [ -2.960799449619252, 53.429681794244807 ], [ -2.95386420740983, 53.431728898244813 ], [ -2.955373015093702, 53.429147407534224 ], [ -2.951517513907261, 53.429473432288091 ] ] ] } },
{ "type": "Feature", "properties": { "LSOA21CD": "E01006547", "LSOA21NM": "Liverpool 019C", "area_km2": 0.13670114510895823, "pct_industrial": 0.0, "pct_commercial": 0.0, "pct_residential": 87.26129265748412, "pct_green": 1.1162770204969763, "bcr": 32.189169266318167, "n_buildings": 512, "mean_bldg_area": 85.943287086167558, "street_density_motorway": 0.0, "street_density_primary": 3726.7781268553822, "street_density_secondary": 0.0, "street_density_residential": 18188.546337753189, "street_density_total": 21915.32446460857, "pop_density_km2": 12194.484535380523, "population": 1667, "PM2.5_mean": null, "PM10_mean": null, "n_sensores": null, "pm25_street_mean": 10.297586413560101, "pm25_street_p25": 10.126081224790351, "pm25_street_p75": 10.521117786058458, "pm10_street_mean": 19.861535960601429, "pm10_street_p25": 19.567519944813505, "pm10_street_p75": 20.230430959967617, "n_streets": 20, "PM2.5_lsoa_pred": 9.6245339027583157, "PM10_lsoa_pred": 18.958385065995508, "PM2.5_final": 10.297586413560101, "PM10_final": 19.861535960601429, "score_pm25": "C" }, "geometry": { "type": "Polygon", "coordinates": [ [ [ -2.950149583149888, 53.429006310307074 ], [ -2.949006544783619, 53.427109211201262 ], [ -2.954226559702588, 53.42455609002333 ], [ -2.954481908573429, 53.424651335729934 ], [ -2.958496341716504, 53.427887444764892 ], [ -2.952096478831451, 53.427242772379962 ], [ -2.951517513907261, 53.429473432288091 ], [ -2.951131080065523, 53.429598197834004 ], [ -2.950149583149888, 53.429006310307074 ] ] ] } },
{ "type": "Feature", "properties": { "LSOA21CD": "E01006548", "LSOA21NM": "Liverpool 019D", "area_km2": 0.14198512658735049, "pct_industrial": 0.23123059037365459, "pct_commercial": 0.0, "pct_residential": 94.637471077528758, "pct_green": 0.0, "bcr": 36.503848899476097, "n_buildings": 469, "mean_bldg_area": 110.51180398545053, "street_density_motorway": 0.0, "street_density_primary": 0.0, "street_density_secondary": 0.0, "street_density_residential": 22088.393236498945, "street_density_total": 22088.393236498945, "pop_density_km2": 12754.857100372812, "population": 1811, "PM2.5_mean": null, "PM10_mean": null, "n_sensores": null, "pm25_street_mean": 9.2818534344004018, "pm25_street_p25": 9.1667346777396759, "pm25_street_p75": 9.4211714561869258, "pm10_street_mean": 18.201961913107048, "pm10_street_p25": 17.842802633241529, "pm10_street_p75": 18.513626878307072, "n_streets": 25, "PM2.5_lsoa_pred": 10.011541618567751, "PM10_lsoa_pred": 19.55145641467589, "PM2.5_final": 9.2818534344004018, "PM10_final": 18.201961913107048, "score_pm25": "B" }, "geometry": { "type": "Polygon", "coordinates": [ [ [ -2.946970780642095, 53.426279865992711 ], [ -2.944540417166945, 53.425277104697912 ], [ -2.944468316450553, 53.425246573534281 ], [ -2.950371941462955, 53.423079775398037 ], [ -2.954226559702588, 53.42455609002333 ], [ -2.949006544783619, 53.427109211201262 ], [ -2.946970780642095, 53.426279865992711 ] ] ] } },
{ "type": "Feature", "properties": { "LSOA21CD": "E01006549", "LSOA21NM": "Liverpool 043B", "area_km2": 0.2320209460970519, "pct_industrial": 0.0, "pct_commercial": 0.0, "pct_residential": 72.414040447193969, "pct_green": 0.0, "bcr": 15.95429124606979, "n_buildings": 180, "mean_bldg_area": 205.65165273450145, "street_density_motorway": 0.0, "street_density_primary": 0.0, "street_density_secondary": 3986.802300107589, "street_density_residential": 4839.7917254212161, "street_density_total": 8826.5940255288042, "pop_density_km2": 6270.9855488279445, "population": 1455, "PM2.5_mean": null, "PM10_mean": null, "n_sensores": null, "pm25_street_mean": 7.0451729798208378, "pm25_street_p25": 6.9430096373922385, "pm25_street_p75": 7.1178099524539942, "pm10_street_mean": 14.987491131233128, "pm10_street_p25": 14.834445144077533, "pm10_street_p75": 15.100039593065457, "n_streets": 15, "PM2.5_lsoa_pred": 8.9723920148506231, "PM10_lsoa_pred": 18.171209387589023, "PM2.5_final": 7.0451729798208378, "PM10_final": 14.987491131233128, "score_pm25": "B" }, "geometry": { "type": "Polygon", "coordinates": [ [ [ -2.939973050034371, 53.39332650799804 ], [ -2.939055141726728, 53.392604381351752 ], [ -2.941222690731557, 53.389490122554065 ], [ -2.942746232222756, 53.388695486887599 ], [ -2.94797135413138, 53.387025792810697 ], [ -2.949400718535957, 53.390399752245408 ], [ -2.944987890338835, 53.389960991915849 ], [ -2.943643206169411, 53.393840354032626 ], [ -2.939973050034371, 53.39332650799804 ] ] ] } },
{ "type": "Feature", "properties": { "LSOA21CD": "E01006550", "LSOA21NM": "Liverpool 038A", "area_km2": 0.085616915263777654, "pct_industrial": 0.0, "pct_commercial": 0.0, "pct_residential": 66.149330852530355, "pct_green": 0.0, "bcr": 34.488074607408223, "n_buildings": 203, "mean_bldg_area": 145.45628380656706, "street_density_motorway": 0.0, "street_density_primary": 0.0, "street_density_secondary": 55.642360896031242, "street_density_residential": 14854.302624837501, "street_density_total": 14909.944985733537, "pop_density_km2": 20860.363801913467, "population": 1786, "PM2.5_mean": null, "PM10_mean": null, "n_sensores": null, "pm25_street_mean": 10.179477761152771, "pm25_street_p25": 9.8072261357503283, "pm25_street_p75": 10.276226463474154, "pm10_street_mean": 20.114069744563949, "pm10_street_p25": 19.457014353075817, "pm10_street_p75": 20.257218309889904, "n_streets": 8, "PM2.5_lsoa_pred": 9.4312622987406023, "PM10_lsoa_pred": 18.773374584756546, "PM2.5_final": 10.179477761152771, "PM10_final": 20.114069744563949, "score_pm25": "C" }, "geometry": { "type": "Polygon", "coordinates": [ [ [ -2.924463649218429, 53.39001435047286 ], [ -2.928400267948078, 53.388082064734746 ], [ -2.930044988709789, 53.390303095136865 ], [ -2.931095110983291, 53.39087918726748 ], [ -2.926750883633452, 53.391565357718228 ], [ -2.924463649218429, 53.39001435047286 ] ] ] } },
{ "type": "Feature", "properties": { "LSOA21CD": "E01006551", "LSOA21NM": "Liverpool 048E", "area_km2": 0.74082408020046542, "pct_industrial": 0.0, "pct_commercial": 0.0, "pct_residential": 19.596461513683561, "pct_green": 3.0488759731214952, "bcr": 7.0168271333559504, "n_buildings": 107, "mean_bldg_area": 485.81630906486828, "street_density_motorway": 0.0, "street_density_primary": 203.85812384621889, "street_density_secondary": 1246.8617237109622, "street_density_residential": 877.75216555469831, "street_density_total": 2328.4720131118802, "pop_density_km2": 1663.0128972948928, "population": 1232, "PM2.5_mean": null, "PM10_mean": null, "n_sensores": null, "pm25_street_mean": 9.2335650394256099, "pm25_street_p25": 8.378662555617252, "pm25_street_p75": 9.5816573837542656, "pm10_street_mean": 18.766138834450459, "pm10_street_p25": 17.473206894582074, "pm10_street_p75": 19.112899839514942, "n_streets": 16, "PM2.5_lsoa_pred": 9.6882546506787008, "PM10_lsoa_pred": 19.539711939008072, "PM2.5_final": 9.2335650394256099, "PM10_final": 18.766138834450459, "score_pm25": "B" }, "geometry": { "type": "Polygon", "coordinates": [ [ [ -2.928400267948078, 53.388082064734746 ], [ -2.925660187222252, 53.385291533401613 ], [ -2.922739094768077, 53.381517323958356 ], [ -2.927636210861448, 53.381283852020346 ], [ -2.931461125950978, 53.380376427184665 ], [ -2.939864228218227, 53.387835147643571 ], [ -2.942401844999313, 53.388174673614181 ], [ -2.942746232222756, 53.388695486887599 ], [ -2.941222690731557, 53.389490122554065 ], [ -2.930044988709789, 53.390303095136865 ], [ -2.928400267948078, 53.388082064734746 ] ] ] } },
{ "type": "Feature", "properties": { "LSOA21CD": "E01006552", "LSOA21NM": "Liverpool 039A", "area_km2": 0.1586474438589873, "pct_industrial": 1.2249586407120712, "pct_commercial": 0.0, "pct_residential": 81.21426476404865, "pct_green": 4.7988473196799335, "bcr": 27.788602085731647, "n_buildings": 418, "mean_bldg_area": 105.4686767778911, "street_density_motorway": 0.0, "street_density_primary": 0.0, "street_density_secondary": 1701.6593022968889, "street_density_residential": 16206.513531814571, "street_density_total": 17908.172834111461, "pop_density_km2": 11749.322615350826, "population": 1864, "PM2.5_mean": null, "PM10_mean": null, "n_sensores": null, "pm25_street_mean": 8.5515446745612849, "pm25_street_p25": 7.7462616257551096, "pm25_street_p75": 9.0855890493998146, "pm10_street_mean": 17.315931059688612, "pm10_street_p25": 15.846131269427742, "pm10_street_p75": 18.177110651907441, "n_streets": 17, "PM2.5_lsoa_pred": 10.288376112527025, "PM10_lsoa_pred": 20.185399058051946, "PM2.5_final": 8.5515446745612849, "PM10_final": 17.315931059688612, "score_pm25": "B" }, "geometry": { "type": "Polygon", "coordinates": [ [ [ -2.943643206169411, 53.393840354032626 ], [ -2.944987890338835, 53.389960991915849 ], [ -2.949400718535957, 53.390399752245408 ], [ -2.949383195385964, 53.391542572899681 ], [ -2.949403564816606, 53.394784149058083 ], [ -2.943643206169411, 53.393840354032626 ] ] ] } },
{ "type": "Feature", "properties": { "LSOA21CD": "E01006553", "LSOA21NM": "Liverpool 042A", "area_km2": 0.13212132891693745, "pct_industrial": 0.0, "pct_commercial": 0.0, "pct_residential": 51.667941661039471, "pct_green": 0.0, "bcr": 16.629677791575759, "n_buildings": 120, "mean_bldg_area": 183.09459410695592, "street_density_motorway": 0.0, "street_density_primary": 0.0, "street_density_secondary": 0.0, "street_density_residential": 12382.093900410877, "street_density_total": 12382.093900410877, "pop_density_km2": 11232.100162517794, "population": 1484, "PM2.5_mean": null, "PM10_mean": null, "n_sensores": null, "pm25_street_mean": 12.453893247606112, "pm25_street_p25": 10.705500270765231, "pm25_street_p75": 13.099959470972001, "pm10_street_mean": 24.097564531028066, "pm10_street_p25": 21.053714523780478, "pm10_street_p75": 25.296937787961326, "n_streets": 12, "PM2.5_lsoa_pred": 10.179420833906157, "PM10_lsoa_pred": 20.129147824232618, "PM2.5_final": 12.453893247606112, "PM10_final": 24.097564531028066, "score_pm25": "C" }, "geometry": { "type": "Polygon", "coordinates": [ [ [ -2.921691680990064, 53.389869124721017 ], [ -2.917475894809825, 53.387854588485702 ], [ -2.922213351234424, 53.388988333252506 ], [ -2.925660187222252, 53.385291533401613 ], [ -2.928400267948078, 53.388082064734746 ], [ -2.924463649218429, 53.39001435047286 ], [ -2.923271621006746, 53.390057357469708 ], [ -2.921691680990064, 53.389869124721017 ] ] ] } },
{ "type": "Feature", "properties": { "LSOA21CD": "E01006554", "LSOA21NM": "Liverpool 048F", "area_km2": 0.13252984201501108, "pct_industrial": 0.0, "pct_commercial": 0.0, "pct_residential": 72.99841741366626, "pct_green": 0.0, "bcr": 33.070609353373115, "n_buildings": 106, "mean_bldg_area": 413.47572008893269, "street_density_motorway": 0.0, "street_density_primary": 0.0, "street_density_secondary": 30.197867216452451, "street_density_residential": 12005.604646350846, "street_density_total": 12035.802513567298, "pop_density_km2": 12593.390097084395, "population": 1669, "PM2.5_mean": null, "PM10_mean": null, "n_sensores": null, "pm25_street_mean": 8.2170911983534971, "pm25_street_p25": 7.3291949636641069, "pm25_street_p75": 9.136535018236442, "pm10_street_mean": 16.894976975165726, "pm10_street_p25": 15.482256780860158, "pm10_street_p75": 18.351385085929479, "n_streets": 10, "PM2.5_lsoa_pred": 9.1715812949909381, "PM10_lsoa_pred": 18.38666679281943, "PM2.5_final": 8.2170911983534971, "PM10_final": 16.894976975165726, "score_pm25": "B" }, "geometry": { "type": "Polygon", "coordinates": [ [ [ -2.931095110983291, 53.39087918726748 ], [ -2.930044988709789, 53.390303095136865 ], [ -2.941222690731557, 53.389490122554065 ], [ -2.939055141726728, 53.392604381351752 ], [ -2.931095110983291, 53.39087918726748 ] ] ] } },
{ "type": "Feature", "properties": { "LSOA21CD": "E01006556", "LSOA21NM": "Liverpool 039B", "area_km2": 0.23217697155461256, "pct_industrial": 0.0, "pct_commercial": 0.0, "pct_residential": 49.260900956591655, "pct_green": 2.1013813020045813, "bcr": 21.009856635121292, "n_buildings": 278, "mean_bldg_area": 175.46780166687213, "street_density_motorway": 0.0, "street_density_primary": 0.0, "street_density_secondary": 74.659511630308074, "street_density_residential": 12538.414963242178, "street_density_total": 12613.074474872485, "pop_density_km2": 8915.6128884775972, "population": 2070, "PM2.5_mean": null, "PM10_mean": null, "n_sensores": null, "pm25_street_mean": 9.4914703944915555, "pm25_street_p25": 8.5725853054304011, "pm25_street_p75": 10.537727343677295, "pm10_street_mean": 18.802251258428797, "pm10_street_p25": 17.199010732392118, "pm10_street_p75": 20.598306659281199, "n_streets": 18, "PM2.5_lsoa_pred": 10.253352550779329, "PM10_lsoa_pred": 20.231722556636672, "PM2.5_final": 9.4914703944915555, "PM10_final": 18.802251258428797, "score_pm25": "B" }, "geometry": { "type": "Polygon", "coordinates": [ [ [ -2.94139550206917, 53.395937512512468 ], [ -2.938816761574985, 53.395199522232417 ], [ -2.937324511873251, 53.394689506251808 ], [ -2.939973050034371, 53.39332650799804 ], [ -2.943643206169411, 53.393840354032626 ], [ -2.949403564816606, 53.394784149058083 ], [ -2.949492156442817, 53.395252899728149 ], [ -2.94974913130432, 53.398539064325277 ], [ -2.94139550206917, 53.395937512512468 ] ] ] } },
{ "type": "Feature", "properties": { "LSOA21CD": "E01006557", "LSOA21NM": "Liverpool 038B", "area_km2": 0.1982663990387584, "pct_industrial": 0.0, "pct_commercial": 0.0, "pct_residential": 57.008103736914663, "pct_green": 0.0, "bcr": 29.590896778010787, "n_buildings": 452, "mean_bldg_area": 129.79824222353534, "street_density_motorway": 0.0, "street_density_primary": 0.0, "street_density_secondary": 982.2862926622538, "street_density_residential": 13887.617470610379, "street_density_total": 14869.903763272634, "pop_density_km2": 9567.9349057485142, "population": 1897, "PM2.5_mean": null, "PM10_mean": null, "n_sensores": null, "pm25_street_mean": 9.8636022112381827, "pm25_street_p25": 9.6698873812336714, "pm25_street_p75": 10.055918441556344, "pm10_street_mean": 19.482236299596359, "pm10_street_p25": 19.091887649846186, "pm10_street_p75": 19.728647767377019, "n_streets": 13, "PM2.5_lsoa_pred": 9.6509741371703619, "PM10_lsoa_pred": 19.11763668475912, "PM2.5_final": 9.8636022112381827, "PM10_final": 19.482236299596359, "score_pm25": "B" }, "geometry": { "type": "Polygon", "coordinates": [ [ [ -2.932061989277833, 53.394082002634178 ], [ -2.926750883633452, 53.391565357718228 ], [ -2.931095110983291, 53.39087918726748 ], [ -2.939055141726728, 53.392604381351752 ], [ -2.939973050034371, 53.39332650799804 ], [ -2.937324511873251, 53.394689506251808 ], [ -2.932061989277833, 53.394082002634178 ] ] ] } },
{ "type": "Feature", "properties": { "LSOA21CD": "E01006558", "LSOA21NM": "Liverpool 018B", "area_km2": 0.11849200049588936, "pct_industrial": 0.0, "pct_commercial": 0.0, "pct_residential": 93.949733664869839, "pct_green": 1.5764945465897486, "bcr": 27.761065690710709, "n_buildings": 646, "mean_bldg_area": 50.920498600466097, "street_density_motorway": 0.0, "street_density_primary": 0.0, "street_density_secondary": 0.0, "street_density_residential": 21813.14817783963, "street_density_total": 21813.14817783963, "pop_density_km2": 11004.962314272325, "population": 1304, "PM2.5_mean": null, "PM10_mean": null, "n_sensores": null, "pm25_street_mean": 11.609259606758371, "pm25_street_p25": 10.839921830688676, "pm25_street_p75": 12.155184428147207, "pm10_street_mean": 22.416001864215172, "pm10_street_p25": 21.06503650421471, "pm10_street_p75": 23.286636125863112, "n_streets": 28, "PM2.5_lsoa_pred": 10.510701510651003, "PM10_lsoa_pred": 20.415508853049911, "PM2.5_final": 11.609259606758371, "PM10_final": 22.416001864215172, "score_pm25": "C" }, "geometry": { "type": "Polygon", "coordinates": [ [ [ -2.963488606980628, 53.431318214713954 ], [ -2.967270611230007, 53.429108149788121 ], [ -2.971235032139763, 53.431339919543561 ], [ -2.969019286695744, 53.433251329572556 ], [ -2.963488606980628, 53.431318214713954 ] ] ] } },
{ "type": "Feature", "properties": { "LSOA21CD": "E01006560", "LSOA21NM": "Liverpool 023A", "area_km2": 0.30604777299304037, "pct_industrial": 0.0, "pct_commercial": 0.0, "pct_residential": 99.000495907222543, "pct_green": 4.1399667574387307, "bcr": 15.752404687465294, "n_buildings": 562, "mean_bldg_area": 85.782711279072657, "street_density_motorway": 0.0, "street_density_primary": 2096.6282702823901, "street_density_secondary": 0.0, "street_density_residential": 14008.507511464551, "street_density_total": 16105.135781746942, "pop_density_km2": 6211.4485637614143, "population": 1901, "PM2.5_mean": null, "PM10_mean": null, "n_sensores": null, "pm25_street_mean": 11.382809429805047, "pm25_street_p25": 10.261202630813083, "pm25_street_p75": 12.396495355497654, "pm10_street_mean": 22.097369862841092, "pm10_street_p25": 20.250054507084386, "pm10_street_p75": 23.749557425179034, "n_streets": 44, "PM2.5_lsoa_pred": 10.193642164161183, "PM10_lsoa_pred": 20.052801914969653, "PM2.5_final": 11.382809429805047, "PM10_final": 22.097369862841092, "score_pm25": "C" }, "geometry": { "type": "Polygon", "coordinates": [ [ [ -2.967270611230007, 53.429108149788121 ], [ -2.969571946446279, 53.427112775423616 ], [ -2.964184488525894, 53.425679238525902 ], [ -2.963799159139048, 53.424820815905804 ], [ -2.970746590662645, 53.42535662722856 ], [ -2.975585461411641, 53.427015209353975 ], [ -2.976037746285774, 53.430430725419157 ], [ -2.971235032139763, 53.431339919543561 ], [ -2.967270611230007, 53.429108149788121 ] ] ] } },
{ "type": "Feature", "properties": { "LSOA21CD": "E01006562", "LSOA21NM": "Liverpool 018E", "area_km2": 0.16883592475845291, "pct_industrial": 0.0, "pct_commercial": 0.0, "pct_residential": 100.00000000000126, "pct_green": 2.011794157939236, "bcr": 27.017869801705285, "n_buildings": 274, "mean_bldg_area": 166.48127857570771, "street_density_motorway": 0.0, "street_density_primary": 5.315538770199276, "street_density_secondary": 0.0, "street_density_residential": 23267.790969436999, "street_density_total": 23273.106508207195, "pop_density_km2": 8789.5985532883587, "population": 1484, "PM2.5_mean": null, "PM10_mean": null, "n_sensores": null, "pm25_street_mean": 11.816440743229728, "pm25_street_p25": 10.600085132739256, "pm25_street_p75": 12.65846938057628, "pm10_street_mean": 22.585404325238947, "pm10_street_p25": 20.375360936875524, "pm10_street_p75": 24.1219429381621, "n_streets": 21, "PM2.5_lsoa_pred": 10.879007756526967, "PM10_lsoa_pred": 21.054263216307444, "PM2.5_final": 11.816440743229728, "PM10_final": 22.585404325238947, "score_pm25": "C" }, "geometry": { "type": "Polygon", "coordinates": [ [ [ -2.954481908573429, 53.424651335729934 ], [ -2.96194129286928, 53.423663757618932 ], [ -2.963799159139048, 53.424820815905804 ], [ -2.964184488525894, 53.425679238525902 ], [ -2.958496341716504, 53.427887444764892 ], [ -2.954481908573429, 53.424651335729934 ] ] ] } },
{ "type": "Feature", "properties": { "LSOA21CD": "E01006563", "LSOA21NM": "Liverpool 024B", "area_km2": 0.28843906375821349, "pct_industrial": 10.24964174594694, "pct_commercial": 0.0, "pct_residential": 99.968841741503539, "pct_green": 1.4075385672426717, "bcr": 24.135992302660348, "n_buildings": 354, "mean_bldg_area": 196.65997239137849, "street_density_motorway": 0.0, "street_density_primary": 2138.1805786191499, "street_density_secondary": 0.0, "street_density_residential": 13434.595098324024, "street_density_total": 15572.775676943174, "pop_density_km2": 5938.8627104820198, "population": 1713, "PM2.5_mean": null, "PM10_mean": null, "n_sensores": null, "pm25_street_mean": 9.7474851339242541, "pm25_street_p25": 9.4311550237557658, "pm25_street_p75": 9.8108376666553845, "pm10_street_mean": 18.973788437608487, "pm10_street_p25": 18.278207116953038, "pm10_street_p75": 19.193101218758454, "n_streets": 48, "PM2.5_lsoa_pred": 9.1642576791435229, "PM10_lsoa_pred": 18.239013169539017, "PM2.5_final": 9.7474851339242541, "PM10_final": 18.973788437608487, "score_pm25": "B" }, "geometry": { "type": "Polygon", "coordinates": [ [ [ -2.954226559702588, 53.42455609002333 ], [ -2.950371941462955, 53.423079775398037 ], [ -2.949885440982139, 53.422801809408739 ], [ -2.957174323820008, 53.420238280578388 ], [ -2.962957687907435, 53.419756561415433 ], [ -2.96194129286928, 53.423663757618932 ], [ -2.954481908573429, 53.424651335729934 ], [ -2.954226559702588, 53.42455609002333 ] ] ] } },
{ "type": "Feature", "properties": { "LSOA21CD": "E01006564", "LSOA21NM": "Liverpool 023B", "area_km2": 0.30233092846097936, "pct_industrial": 0.0, "pct_commercial": 0.0, "pct_residential": 100.0, "pct_green": 5.9902341432371209, "bcr": 17.374081245889077, "n_buildings": 354, "mean_bldg_area": 148.38198062785688, "street_density_motorway": 0.0, "street_density_primary": 3628.8855932985821, "street_density_secondary": 0.0, "street_density_residential": 14522.723868666668, "street_density_total": 18151.60946196525, "pop_density_km2": 5394.7507398685038, "population": 1631, "PM2.5_mean": null, "PM10_mean": null, "n_sensores": null, "pm25_street_mean": 12.109697365569756, "pm25_street_p25": 10.005828285254152, "pm25_street_p75": 13.465266991847317, "pm10_street_mean": 23.440049365553346, "pm10_street_p25": 19.80563102037754, "pm10_street_p75": 25.867169179893089, "n_streets": 57, "PM2.5_lsoa_pred": 10.381935871634957, "PM10_lsoa_pred": 20.384585051421546, "PM2.5_final": 12.109697365569756, "PM10_final": 23.440049365553346, "score_pm25": "C" }, "geometry": { "type": "Polygon", "coordinates": [ [ [ -2.963799159139048, 53.424820815905804 ], [ -2.96194129286928, 53.423663757618932 ], [ -2.962957687907435, 53.419756561415433 ], [ -2.962980557453833, 53.419608653480132 ], [ -2.967095165794222, 53.417847334633869 ], [ -2.970746590662645, 53.42535662722856 ], [ -2.963799159139048, 53.424820815905804 ] ] ] } },
{ "type": "Feature", "properties": { "LSOA21CD": "E01006565", "LSOA21NM": "Liverpool 029A", "area_km2": 0.20925333922355285, "pct_industrial": 0.0, "pct_commercial": 0.0, "pct_residential": 86.408738772257109, "pct_green": 3.1932138225892013, "bcr": 22.351025905836845, "n_buildings": 572, "mean_bldg_area": 81.766202899798856, "street_density_motorway": 0.0, "street_density_primary": 101.65233716960046, "street_density_secondary": 0.0, "street_density_residential": 17354.367622852733, "street_density_total": 17456.019960022331, "pop_density_km2": 7230.470039876438, "population": 1513, "PM2.5_mean": null, "PM10_mean": null, "n_sensores": null, "pm25_street_mean": 9.723865893042273, "pm25_street_p25": 8.5067799171927163, "pm25_street_p75": 10.853397659330565, "pm10_street_mean": 19.363855657114105, "pm10_street_p25": 17.371342731272343, "pm10_street_p75": 21.343239426594472, "n_streets": 22, "PM2.5_lsoa_pred": 10.508512708347476, "PM10_lsoa_pred": 20.523420767533768, "PM2.5_final": 9.723865893042273, "PM10_final": 19.363855657114105, "score_pm25": "B" }, "geometry": { "type": "Polygon", "coordinates": [ [ [ -2.905232355733022, 53.410865202002277 ], [ -2.909064456907409, 53.411109983265462 ], [ -2.907665510141284, 53.414803041075821 ], [ -2.90766804950616, 53.41486193835582 ], [ -2.903778577200939, 53.413445952169866 ], [ -2.900964261984398, 53.416214631480152 ], [ -2.897786066581765, 53.413959467292472 ], [ -2.905232355733022, 53.410865202002277 ] ] ] } },
{ "type": "Feature", "properties": { "LSOA21CD": "E01006566", "LSOA21NM": "Liverpool 032A", "area_km2": 0.17554520632780529, "pct_industrial": 0.0, "pct_commercial": 0.0, "pct_residential": 91.045080309677516, "pct_green": 1.8836603861180381, "bcr": 20.42301443348325, "n_buildings": 368, "mean_bldg_area": 97.422888113085918, "street_density_motorway": 0.0, "street_density_primary": 0.0, "street_density_secondary": 2919.6230556711653, "street_density_residential": 12395.845328423209, "street_density_total": 15315.468384094374, "pop_density_km2": 7781.47138606105, "population": 1366, "PM2.5_mean": null, "PM10_mean": null, "n_sensores": null, "pm25_street_mean": 8.9874628668703291, "pm25_street_p25": 8.7577672613702262, "pm25_street_p75": 9.0019158787552591, "pm10_street_mean": 18.05570707322374, "pm10_street_p25": 17.665635071346994, "pm10_street_p75": 18.066214840662624, "n_streets": 20, "PM2.5_lsoa_pred": 9.7584512186070125, "PM10_lsoa_pred": 19.344833224555018, "PM2.5_final": 8.9874628668703291, "PM10_final": 18.05570707322374, "score_pm25": "B" }, "geometry": { "type": "Polygon", "coordinates": [ [ [ -2.905232355733022, 53.410865202002277 ], [ -2.903940082381087, 53.407820073759282 ], [ -2.909472005133615, 53.4078466971918 ], [ -2.914358929759597, 53.409470007801787 ], [ -2.91437156972072, 53.409738741210298 ], [ -2.909064456907409, 53.411109983265462 ], [ -2.905232355733022, 53.410865202002277 ] ] ] } },
{ "type": "Feature", "properties": { "LSOA21CD": "E01006567", "LSOA21NM": "Liverpool 026A", "area_km2": 0.65707064916053171, "pct_industrial": 0.0, "pct_commercial": 0.0, "pct_residential": 34.377960542853955, "pct_green": 2.2789455152251739, "bcr": 20.206157562439341, "n_buildings": 349, "mean_bldg_area": 380.42616236653305, "street_density_motorway": 0.0, "street_density_primary": 0.0, "street_density_secondary": 38.547177718092641, "street_density_residential": 4664.0004667172152, "street_density_total": 4702.547644435308, "pop_density_km2": 2540.06171502608, "population": 1669, "PM2.5_mean": null, "PM10_mean": null, "n_sensores": null, "pm25_street_mean": 9.1512414620898284, "pm25_street_p25": 8.0882329410625733, "pm25_street_p75": 10.075197615679498, "pm10_street_mean": 18.529147716552387, "pm10_street_p25": 16.721341158030867, "pm10_street_p75": 20.060720294687243, "n_streets": 19, "PM2.5_lsoa_pred": 9.3872397646919801, "PM10_lsoa_pred": 18.893595727313709, "PM2.5_final": 9.1512414620898284, "PM10_final": 18.529147716552387, "score_pm25": "B" }, "geometry": { "type": "Polygon", "coordinates": [ [ [ -2.888644013203951, 53.414028691699464 ], [ -2.892363713517536, 53.410954455530451 ], [ -2.901584617258648, 53.407269852529254 ], [ -2.903940082381087, 53.407820073759282 ], [ -2.905232355733022, 53.410865202002277 ], [ -2.897786066581765, 53.413959467292472 ], [ -2.900964261984398, 53.416214631480152 ], [ -2.9001408262736, 53.416860767961609 ], [ -2.893334490451395, 53.417535769530375 ], [ -2.888644013203951, 53.414028691699464 ] ] ] } },
{ "type": "Feature", "properties": { "LSOA21CD": "E01006568", "LSOA21NM": "Liverpool 026B", "area_km2": 0.31903556028203872, "pct_industrial": 0.0, "pct_commercial": 0.0, "pct_residential": 50.796890809026429, "pct_green": 9.6774354869541597, "bcr": 15.776391309050281, "n_buildings": 471, "mean_bldg_area": 106.86262931022382, "street_density_motorway": 0.0, "street_density_primary": 0.0, "street_density_secondary": 0.0, "street_density_residential": 9150.9350173436596, "street_density_total": 9150.9350173436596, "pop_density_km2": 4827.0481153843339, "population": 1540, "PM2.5_mean": null, "PM10_mean": null, "n_sensores": null, "pm25_street_mean": 12.260797624368211, "pm25_street_p25": 11.341308609294572, "pm25_street_p75": 13.114714538901357, "pm10_street_mean": 23.714693021998283, "pm10_street_p25": 22.085823044720858, "pm10_street_p75": 25.239365917623275, "n_streets": 27, "PM2.5_lsoa_pred": 10.946582996267729, "PM10_lsoa_pred": 21.510305070930031, "PM2.5_final": 12.260797624368211, "PM10_final": 23.714693021998283, "score_pm25": "C" }, "geometry": { "type": "Polygon", "coordinates": [ [ [ -2.878300630275766, 53.424627264074701 ], [ -2.877970387341095, 53.424466932194136 ], [ -2.884294606586518, 53.42033212288267 ], [ -2.884932812018175, 53.420403035415738 ], [ -2.890281225636304, 53.424235733727535 ], [ -2.890032903367994, 53.424800073854982 ], [ -2.886267068956898, 53.42696734577806 ], [ -2.878300630275766, 53.424627264074701 ] ] ] } },
{ "type": "Feature", "properties": { "LSOA21CD": "E01006569", "LSOA21NM": "Liverpool 029B", "area_km2": 0.39269840732454525, "pct_industrial": 0.0, "pct_commercial": 0.0, "pct_residential": 42.600099124832894, "pct_green": 2.6761078647958865, "bcr": 12.691816413445938, "n_buildings": 238, "mean_bldg_area": 209.41412149645976, "street_density_motorway": 0.0, "street_density_primary": 717.06335339603845, "street_density_secondary": 0.0, "street_density_residential": 6178.1946441098507, "street_density_total": 6895.2579975058898, "pop_density_km2": 3613.4600332801165, "population": 1419, "PM2.5_mean": null, "PM10_mean": null, "n_sensores": null, "pm25_street_mean": 10.182743837792017, "pm25_street_p25": 9.0018102826491759, "pm25_street_p75": 10.388053461135719, "pm10_street_mean": 20.115184902088327, "pm10_street_p25": 18.121128553902892, "pm10_street_p75": 20.251555432006761, "n_streets": 17, "PM2.5_lsoa_pred": 9.9458717889062491, "PM10_lsoa_pred": 19.843045301512795, "PM2.5_final": 10.182743837792017, "PM10_final": 20.115184902088327, "score_pm25": "C" }, "geometry": { "type": "Polygon", "coordinates": [ [ [ -2.9001408262736, 53.416860767961609 ], [ -2.900964261984398, 53.416214631480152 ], [ -2.903778577200939, 53.413445952169866 ], [ -2.90766804950616, 53.41486193835582 ], [ -2.907512447501989, 53.418021586530955 ], [ -2.907901345097682, 53.419243334374904 ], [ -2.899220724121042, 53.421481811851592 ], [ -2.895587532272557, 53.419996162222425 ], [ -2.9001408262736, 53.416860767961609 ] ] ] } },
{ "type": "Feature", "properties": { "LSOA21CD": "E01006570", "LSOA21NM": "Liverpool 026C", "area_km2": 0.41251286812458643, "pct_industrial": 0.0, "pct_commercial": 0.0, "pct_residential": 44.762341953929649, "pct_green": 2.8362605083852244, "bcr": 18.026594970537957, "n_buildings": 307, "mean_bldg_area": 242.22157634582589, "street_density_motorway": 0.0, "street_density_primary": 0.0, "street_density_secondary": 0.0, "street_density_residential": 8479.7325307400406, "street_density_total": 8479.7325307400406, "pop_density_km2": 3447.1651913911446, "population": 1422, "PM2.5_mean": null, "PM10_mean": null, "n_sensores": null, "pm25_street_mean": 10.289730069120633, "pm25_street_p25": 9.5486674179039834, "pm25_street_p75": 10.555067497868025, "pm10_street_mean": 20.416101779308235, "pm10_street_p25": 19.154423908238762, "pm10_street_p75": 20.810979706510185, "n_streets": 33, "PM2.5_lsoa_pred": 10.029834174722771, "PM10_lsoa_pred": 19.926462103982011, "PM2.5_final": 10.289730069120633, "PM10_final": 20.416101779308235, "score_pm25": "C" }, "geometry": { "type": "Polygon", "coordinates": [ [ [ -2.884932812018175, 53.420403035415738 ], [ -2.893334490451395, 53.417535769530375 ], [ -2.9001408262736, 53.416860767961609 ], [ -2.895587532272557, 53.419996162222425 ], [ -2.899220724121042, 53.421481811851592 ], [ -2.898813612482501, 53.421593480460167 ], [ -2.890281225636304, 53.424235733727535 ], [ -2.884932812018175, 53.420403035415738 ] ] ] } },
{ "type": "Feature", "properties": { "LSOA21CD": "E01006571", "LSOA21NM": "Liverpool 026D", "area_km2": 0.46916323465976401, "pct_industrial": 0.0, "pct_commercial": 0.0, "pct_residential": 49.129023492924894, "pct_green": 5.8982398496432422, "bcr": 10.337171564588273, "n_buildings": 161, "mean_bldg_area": 301.23110860094204, "street_density_motorway": 0.0, "street_density_primary": 0.0, "street_density_secondary": 0.0, "street_density_residential": 7686.8708655382788, "street_density_total": 7686.8708655382788, "pop_density_km2": 3060.7683934172369, "population": 1436, "PM2.5_mean": null, "PM10_mean": null, "n_sensores": null, "pm25_street_mean": 11.469009215153427, "pm25_street_p25": 9.3030885628572619, "pm25_street_p75": 12.607573853451076, "pm10_street_mean": 22.456547299005152, "pm10_street_p25": 18.743700604523085, "pm10_street_p75": 24.43593608713396, "n_streets": 22, "PM2.5_lsoa_pred": 10.607408858331176, "PM10_lsoa_pred": 20.979767963863516, "PM2.5_final": 11.469009215153427, "PM10_final": 22.456547299005152, "score_pm25": "C" }, "geometry": { "type": "Polygon", "coordinates": [ [ [ -2.884294606586518, 53.42033212288267 ], [ -2.876952725181184, 53.42000176259225 ], [ -2.876179158010567, 53.419442017481757 ], [ -2.880469069839618, 53.415755791836325 ], [ -2.880832910201012, 53.415918948552189 ], [ -2.888644013203951, 53.414028691699464 ], [ -2.893334490451395, 53.417535769530375 ], [ -2.884932812018175, 53.420403035415738 ], [ -2.884294606586518, 53.42033212288267 ] ] ] } },
{ "type": "Feature", "properties": { "LSOA21CD": "E01006572", "LSOA21NM": "Liverpool 025A", "area_km2": 0.16393754017297235, "pct_industrial": 0.0, "pct_commercial": 0.0, "pct_residential": 80.092198961416216, "pct_green": 0.1535074076817837, "bcr": 20.677181281431025, "n_buildings": 156, "mean_bldg_area": 217.29270749925837, "street_density_motorway": 0.0, "street_density_primary": 0.0, "street_density_secondary": 0.0, "street_density_residential": 18114.254056850848, "street_density_total": 18114.254056850848, "pop_density_km2": 7704.1536591765034, "population": 1263, "PM2.5_mean": null, "PM10_mean": null, "n_sensores": null, "pm25_street_mean": 10.83378708308843, "pm25_street_p25": 10.366290228101024, "pm25_street_p75": 11.370112377472747, "pm10_street_mean": 21.170039780484665, "pm10_street_p25": 20.413902466775482, "pm10_street_p75": 22.028627764445272, "n_streets": 12, "PM2.5_lsoa_pred": 10.513057548451016, "PM10_lsoa_pred": 20.553358574136148, "PM2.5_final": 10.83378708308843, "PM10_final": 21.170039780484665, "score_pm25": "C" }, "geometry": { "type": "Polygon", "coordinates": [ [ [ -2.870465292758346, 53.417551057550341 ], [ -2.875889204590064, 53.415796400726578 ], [ -2.876411171593599, 53.417854105672127 ], [ -2.875857504669807, 53.414002272507609 ], [ -2.880469069839618, 53.415755791836325 ], [ -2.876179158010567, 53.419442017481757 ], [ -2.870465292758346, 53.417551057550341 ] ] ] } },
{ "type": "Feature", "properties": { "LSOA21CD": "E01006573", "LSOA21NM": "Liverpool 029C", "area_km2": 0.11559084102218585, "pct_industrial": 0.0, "pct_commercial": 0.0, "pct_residential": 54.438033111317289, "pct_green": 3.6476400642995159, "bcr": 27.982798143383157, "n_buildings": 299, "mean_bldg_area": 108.17910272734848, "street_density_motorway": 0.0, "street_density_primary": 2968.0645870761768, "street_density_secondary": 2303.1743872428106, "street_density_residential": 13412.076775786263, "street_density_total": 18683.315750105248, "pop_density_km2": 12526.944065767972, "population": 1448, "PM2.5_mean": null, "PM10_mean": null, "n_sensores": null, "pm25_street_mean": 10.818985179712767, "pm25_street_p25": 10.091948169630841, "pm25_street_p75": 11.376091768729868, "pm10_street_mean": 21.090039848319538, "pm10_street_p25": 19.804443150368197, "pm10_street_p75": 22.076009310247429, "n_streets": 15, "PM2.5_lsoa_pred": 9.8892885299142677, "PM10_lsoa_pred": 19.560365616370994, "PM2.5_final": 10.818985179712767, "PM10_final": 21.090039848319538, "score_pm25": "C" }, "geometry": { "type": "Polygon", "coordinates": [ [ [ -2.909064456907409, 53.411109983265462 ], [ -2.91437156972072, 53.409738741210298 ], [ -2.914393085428671, 53.41019609203866 ], [ -2.911487968587191, 53.413731552693299 ], [ -2.907665510141284, 53.414803041075821 ], [ -2.909064456907409, 53.411109983265462 ] ] ] } },
{ "type": "Feature", "properties": { "LSOA21CD": "E01006574", "LSOA21NM": "Liverpool 025B", "area_km2": 0.18147461148359578, "pct_industrial": 0.0, "pct_commercial": 0.0, "pct_residential": 79.863497841746835, "pct_green": 9.8713370928945245, "bcr": 19.459779576117008, "n_buildings": 158, "mean_bldg_area": 223.50986950204089, "street_density_motorway": 0.0, "street_density_primary": 0.0, "street_density_secondary": 0.0, "street_density_residential": 12312.606195341379, "street_density_total": 12312.606195341379, "pop_density_km2": 8430.9313985681292, "population": 1530, "PM2.5_mean": null, "PM10_mean": null, "n_sensores": null, "pm25_street_mean": 10.667540875662917, "pm25_street_p25": 9.0755955764259202, "pm25_street_p75": 12.394842850728086, "pm10_street_mean": 21.119829616241596, "pm10_street_p25": 18.404644562445199, "pm10_street_p75": 24.004419996145526, "n_streets": 14, "PM2.5_lsoa_pred": 11.003791862114937, "PM10_lsoa_pred": 21.577902914366938, "PM2.5_final": 10.667540875662917, "PM10_final": 21.119829616241596, "score_pm25": "C" }, "geometry": { "type": "Polygon", "coordinates": [ [ [ -2.870465292758346, 53.417551057550341 ], [ -2.867464542077045, 53.416786573040106 ], [ -2.868714617399859, 53.415553176221081 ], [ -2.869406973105099, 53.414516552760333 ], [ -2.872303241788027, 53.412673159016613 ], [ -2.875086768457451, 53.41370109931804 ], [ -2.875857504669807, 53.414002272507609 ], [ -2.876411171593599, 53.417854105672127 ], [ -2.875889204590064, 53.415796400726578 ], [ -2.870465292758346, 53.417551057550341 ] ] ] } },
{ "type": "Feature", "properties": { "LSOA21CD": "E01006575", "LSOA21NM": "Liverpool 034A", "area_km2": 0.23220508064951825, "pct_industrial": 0.0, "pct_commercial": 1.6204997974837481, "pct_residential": 82.442735839114803, "pct_green": 1.6437236926454053, "bcr": 13.408992061013214, "n_buildings": 215, "mean_bldg_area": 144.8202829282011, "street_density_motorway": 0.0, "street_density_primary": 0.0, "street_density_secondary": 0.0, "street_density_residential": 10669.448802184141, "street_density_total": 10669.448802184141, "pop_density_km2": 5555.4339999436888, "population": 1290, "PM2.5_mean": null, "PM10_mean": null, "n_sensores": null, "pm25_street_mean": 8.7355474511418425, "pm25_street_p25": 8.3858909277438425, "pm25_street_p75": 8.66630240107167, "pm10_street_mean": 17.607453003613124, "pm10_street_p25": 16.988822661921201, "pm10_street_p75": 17.480972075962299, "n_streets": 20, "PM2.5_lsoa_pred": 9.9999134153831317, "PM10_lsoa_pred": 19.839510421819767, "PM2.5_final": 8.7355474511418425, "PM10_final": 17.607453003613124, "score_pm25": "B" }, "geometry": { "type": "Polygon", "coordinates": [ [ [ -2.903940082381087, 53.407820073759282 ], [ -2.901584617258648, 53.407269852529254 ], [ -2.900087245079913, 53.40648802803257 ], [ -2.899473981465378, 53.403628895591439 ], [ -2.899451622157814, 53.403454581087246 ], [ -2.906423662714779, 53.40259164539826 ], [ -2.908151921315204, 53.403925049200907 ], [ -2.904446424530152, 53.406123535669153 ], [ -2.909472005133615, 53.4078466971918 ], [ -2.903940082381087, 53.407820073759282 ] ] ] } },
{ "type": "Feature", "properties": { "LSOA21CD": "E01006576", "LSOA21NM": "Liverpool 034B", "area_km2": 0.36634096694120227, "pct_industrial": 1.0185887757300849, "pct_commercial": 1.0851025409856347, "pct_residential": 70.267603851892318, "pct_green": 0.16785304927796491, "bcr": 15.358521545343018, "n_buildings": 500, "mean_bldg_area": 112.52911267416501, "street_density_motorway": 2169.0409862378901, "street_density_primary": 2407.428648226492, "street_density_secondary": 0.0, "street_density_residential": 11838.183929093806, "street_density_total": 16414.653563558189, "pop_density_km2": 4798.8081013122373, "population": 1758, "PM2.5_mean": null, "PM10_mean": null, "n_sensores": null, "pm25_street_mean": 7.9257749377278151, "pm25_street_p25": 7.1202065373769248, "pm25_street_p75": 8.5515667707657954, "pm10_street_mean": 16.257289473239407, "pm10_street_p25": 14.873616414913833, "pm10_street_p75": 17.343165735819802, "n_streets": 48, "PM2.5_lsoa_pred": 8.5506189628759746, "PM10_lsoa_pred": 17.303703800597269, "PM2.5_final": 7.9257749377278151, "PM10_final": 16.257289473239407, "score_pm25": "B" }, "geometry": { "type": "Polygon", "coordinates": [ [ [ -2.890040741100819, 53.405752055196039 ], [ -2.889718882192905, 53.405265631178374 ], [ -2.887711218088588, 53.401591240720713 ], [ -2.892702311536119, 53.402123080156365 ], [ -2.899473981465378, 53.403628895591439 ], [ -2.900087245079913, 53.40648802803257 ], [ -2.892661556754906, 53.408179757824698 ], [ -2.890040741100819, 53.405752055196039 ] ] ] } },
{ "type": "Feature", "properties": { "LSOA21CD": "E01006577", "LSOA21NM": "Liverpool 034C", "area_km2": 0.37044874191664806, "pct_industrial": 0.0, "pct_commercial": 0.0, "pct_residential": 57.05469216914414, "pct_green": 0.5034400408388261, "bcr": 10.75083512870647, "n_buildings": 205, "mean_bldg_area": 194.27479746256665, "street_density_motorway": 0.0, "street_density_primary": 0.0, "street_density_secondary": 596.82722434239849, "street_density_residential": 6984.8324277418942, "street_density_total": 7581.6596520842932, "pop_density_km2": 4119.3283370452209, "population": 1526, "PM2.5_mean": null, "PM10_mean": null, "n_sensores": null, "pm25_street_mean": 7.8532562511994923, "pm25_street_p25": 7.1784480579659231, "pm25_street_p75": 8.1518362030988847, "pm10_street_mean": 16.233231914358029, "pm10_street_p25": 15.144919666743057, "pm10_street_p75": 16.748594778129693, "n_streets": 21, "PM2.5_lsoa_pred": 9.7711921240716428, "PM10_lsoa_pred": 19.519386196302314, "PM2.5_final": 7.8532562511994923, "PM10_final": 16.233231914358029, "score_pm25": "B" }, "geometry": { "type": "Polygon", "coordinates": [ [ [ -2.898029652981997, 53.400262362676088 ], [ -2.904689374818444, 53.396512242472156 ], [ -2.909892361965612, 53.397639668346962 ], [ -2.906423662714779, 53.40259164539826 ], [ -2.899451622157814, 53.403454581087246 ], [ -2.898029652981997, 53.400262362676088 ] ] ] } },
{ "type": "Feature", "properties": { "LSOA21CD": "E01006578", "LSOA21NM": "Liverpool 036A", "area_km2": 0.20567683594217956, "pct_industrial": 0.0, "pct_commercial": 0.0, "pct_residential": 71.289197431861069, "pct_green": 0.96288195775024943, "bcr": 15.635043412811376, "n_buildings": 268, "mean_bldg_area": 119.9912783196142, "street_density_motorway": 0.0, "street_density_primary": 0.0, "street_density_secondary": 3289.5003792425441, "street_density_residential": 10937.357733547236, "street_density_total": 14226.858112789783, "pop_density_km2": 6539.3849231427794, "population": 1345, "PM2.5_mean": null, "PM10_mean": null, "n_sensores": null, "pm25_street_mean": 8.9368035270846207, "pm25_street_p25": 8.4880902406257359, "pm25_street_p75": 9.3843952784724145, "pm10_street_mean": 17.969844709201919, "pm10_street_p25": 17.189550965596123, "pm10_street_p75": 18.759438518165588, "n_streets": 17, "PM2.5_lsoa_pred": 9.8868900414637846, "PM10_lsoa_pred": 19.609762860664102, "PM2.5_final": 8.9368035270846207, "PM10_final": 17.969844709201919, "score_pm25": "B" }, "geometry": { "type": "Polygon", "coordinates": [ [ [ -2.884750867076794, 53.401537048880456 ], [ -2.881010421503663, 53.39997175221356 ], [ -2.890621338684906, 53.39837015734436 ], [ -2.894047710662416, 53.398234939455968 ], [ -2.889257882633224, 53.399697848227433 ], [ -2.892702311536119, 53.402123080156365 ], [ -2.887711218088588, 53.401591240720713 ], [ -2.889718882192905, 53.405265631178374 ], [ -2.884750867076794, 53.401537048880456 ] ] ] } },
{ "type": "Feature", "properties": { "LSOA21CD": "E01006579", "LSOA21NM": "Liverpool 034D", "area_km2": 0.30427638694003639, "pct_industrial": 0.51809905422843761, "pct_commercial": 0.0, "pct_residential": 80.693460619072212, "pct_green": 0.015540803639402899, "bcr": 19.492060642126585, "n_buildings": 391, "mean_bldg_area": 151.68730911003485, "street_density_motorway": 0.0, "street_density_primary": 0.0, "street_density_secondary": 1363.5944850666588, "street_density_residential": 10433.435316576675, "street_density_total": 11797.029801643335, "pop_density_km2": 5136.7771772182232, "population": 1563, "PM2.5_mean": null, "PM10_mean": null, "n_sensores": null, "pm25_street_mean": 7.6277784099656225, "pm25_street_p25": 7.3446129317245186, "pm25_street_p75": 7.9366475485829726, "pm10_street_mean": 15.767719295409226, "pm10_street_p25": 15.299041784251864, "pm10_street_p75": 16.246633753125163, "n_streets": 18, "PM2.5_lsoa_pred": 9.4493675255359726, "PM10_lsoa_pred": 18.845626512439893, "PM2.5_final": 7.6277784099656225, "PM10_final": 15.767719295409226, "score_pm25": "B" }, "geometry": { "type": "Polygon", "coordinates": [ [ [ -2.892702311536119, 53.402123080156365 ], [ -2.889257882633224, 53.399697848227433 ], [ -2.894047710662416, 53.398234939455968 ], [ -2.890621338684906, 53.39837015734436 ], [ -2.890566831074514, 53.397972482802487 ], [ -2.892939661489642, 53.395617198864514 ], [ -2.896132380798762, 53.396914475608462 ], [ -2.898029652981997, 53.400262362676088 ], [ -2.899451622157814, 53.403454581087246 ], [ -2.899473981465378, 53.403628895591439 ], [ -2.892702311536119, 53.402123080156365 ] ] ] } },
{ "type": "Feature", "properties": { "LSOA21CD": "E01006580", "LSOA21NM": "Liverpool 036B", "area_km2": 0.37589521188000297, "pct_industrial": 0.0, "pct_commercial": 1.4855916451793043, "pct_residential": 51.868991939817768, "pct_green": 0.2490987817507398, "bcr": 11.027559730366358, "n_buildings": 310, "mean_bldg_area": 133.71635165695002, "street_density_motorway": 0.0, "street_density_primary": 0.0, "street_density_secondary": 0.0, "street_density_residential": 9653.9470106132594, "street_density_total": 9653.9470106132594, "pop_density_km2": 3437.1281122156065, "population": 1292, "PM2.5_mean": null, "PM10_mean": null, "n_sensores": null, "pm25_street_mean": 9.7381933987848583, "pm25_street_p25": 8.2663254693283683, "pm25_street_p75": 9.9883772769324342, "pm10_street_mean": 19.444044249948458, "pm10_street_p25": 16.883214113975761, "pm10_street_p75": 19.838990649572839, "n_streets": 27, "PM2.5_lsoa_pred": 10.062747275316129, "PM10_lsoa_pred": 19.953595572039379, "PM2.5_final": 9.7381933987848583, "PM10_final": 19.444044249948458, "score_pm25": "B" }, "geometry": { "type": "Polygon", "coordinates": [ [ [ -2.87566082284841, 53.396592327273481 ], [ -2.880868175649294, 53.394655869026579 ], [ -2.890059682277231, 53.394552861283785 ], [ -2.886421589804097, 53.395300266631416 ], [ -2.890566831074514, 53.397972482802487 ], [ -2.890621338684906, 53.39837015734436 ], [ -2.881010421503663, 53.39997175221356 ], [ -2.87566082284841, 53.396592327273481 ] ] ] } },
{ "type": "Feature", "properties": { "LSOA21CD": "E01006581", "LSOA21NM": "Liverpool 036C", "area_km2": 0.22895393923718482, "pct_industrial": 0.0, "pct_commercial": 0.2387159189557638, "pct_residential": 82.497369305096015, "pct_green": 0.0, "bcr": 20.319408247126063, "n_buildings": 364, "mean_bldg_area": 127.80792750406739, "street_density_motorway": 0.0, "street_density_primary": 0.0, "street_density_secondary": 0.0, "street_density_residential": 12603.287752134684, "street_density_total": 12603.287752134684, "pop_density_km2": 6713.1406654145612, "population": 1537, "PM2.5_mean": null, "PM10_mean": null, "n_sensores": null, "pm25_street_mean": 8.2362686304147097, "pm25_street_p25": 8.0786344284625695, "pm25_street_p75": 8.5200371827208699, "pm10_street_mean": 16.804749817721774, "pm10_street_p25": 16.490456271164241, "pm10_street_p75": 17.308190484753428, "n_streets": 14, "PM2.5_lsoa_pred": 9.7307379169335988, "PM10_lsoa_pred": 19.298831662188672, "PM2.5_final": 8.2362686304147097, "PM10_final": 16.804749817721774, "score_pm25": "B" }, "geometry": { "type": "Polygon", "coordinates": [ [ [ -2.890059682277231, 53.394552861283785 ], [ -2.889189009355555, 53.392526245925836 ], [ -2.895058374105993, 53.391936895649494 ], [ -2.896132380798762, 53.396914475608462 ], [ -2.892939661489642, 53.395617198864514 ], [ -2.890566831074514, 53.397972482802487 ], [ -2.886421589804097, 53.395300266631416 ], [ -2.890059682277231, 53.394552861283785 ] ] ] } },
{ "type": "Feature", "properties": { "LSOA21CD": "E01006582", "LSOA21NM": "Liverpool 041A", "area_km2": 0.53989873697630619, "pct_industrial": 0.0, "pct_commercial": 0.3724661794906905, "pct_residential": 54.601865612913748, "pct_green": 1.7705935783241955, "bcr": 17.769166295226814, "n_buildings": 458, "mean_bldg_area": 209.46616681036917, "street_density_motorway": 0.0, "street_density_primary": 0.0, "street_density_secondary": 1887.6624694283312, "street_density_residential": 4960.8307822640118, "street_density_total": 6848.4932516923427, "pop_density_km2": 3178.3737995210531, "population": 1716, "PM2.5_mean": null, "PM10_mean": null, "n_sensores": null, "pm25_street_mean": 7.6100990929578298, "pm25_street_p25": 7.2102806144168836, "pm25_street_p75": 7.8872916252451937, "pm10_street_mean": 15.844379865885859, "pm10_street_p25": 15.186494628154463, "pm10_street_p75": 16.287812500286627, "n_streets": 13, "PM2.5_lsoa_pred": 9.2157322483882336, "PM10_lsoa_pred": 18.566261095918044, "PM2.5_final": 7.6100990929578298, "PM10_final": 15.844379865885859, "score_pm25": "B" }, "geometry": { "type": "Polygon", "coordinates": [ [ [ -2.896132380798762, 53.396914475608462 ], [ -2.895058374105993, 53.391936895649494 ], [ -2.89470435447854, 53.389465547554728 ], [ -2.897145942301533, 53.390023650839289 ], [ -2.904846768906729, 53.392340744568266 ], [ -2.90654655707377, 53.393047443502063 ], [ -2.904689374818444, 53.396512242472156 ], [ -2.898029652981997, 53.400262362676088 ], [ -2.896132380798762, 53.396914475608462 ] ] ] } },
{ "type": "Feature", "properties": { "LSOA21CD": "E01006583", "LSOA21NM": "Liverpool 047C", "area_km2": 0.67702183369695568, "pct_industrial": 0.0, "pct_commercial": 5.2509878149969209, "pct_residential": 33.214493999738679, "pct_green": 0.49240763187975761, "bcr": 7.0923275485351436, "n_buildings": 141, "mean_bldg_area": 340.54330511267358, "street_density_motorway": 0.0, "street_density_primary": 0.0, "street_density_secondary": 0.0, "street_density_residential": 4511.4867890630139, "street_density_total": 4511.4867890630139, "pop_density_km2": 2407.6032985512406, "population": 1630, "PM2.5_mean": null, "PM10_mean": null, "n_sensores": null, "pm25_street_mean": 8.7459985950500876, "pm25_street_p25": 8.2928399618140247, "pm25_street_p75": 9.0325244182838027, "pm10_street_mean": 17.760698037340223, "pm10_street_p25": 17.10009767138407, "pm10_street_p75": 18.177697600441547, "n_streets": 13, "PM2.5_lsoa_pred": 9.5996951725590431, "PM10_lsoa_pred": 19.305922655925876, "PM2.5_final": 8.7459985950500876, "PM10_final": 17.760698037340223, "score_pm25": "B" }, "geometry": { "type": "Polygon", "coordinates": [ [ [ -2.878019937238076, 53.389628217893566 ], [ -2.886710639467944, 53.387865161099299 ], [ -2.89470435447854, 53.389465547554728 ], [ -2.895058374105993, 53.391936895649494 ], [ -2.889189009355555, 53.392526245925836 ], [ -2.890059682277231, 53.394552861283785 ], [ -2.880868175649294, 53.394655869026579 ], [ -2.874395091266053, 53.391477960389658 ], [ -2.878019937238076, 53.389628217893566 ] ] ] } },
{ "type": "Feature", "properties": { "LSOA21CD": "E01006584", "LSOA21NM": "Liverpool 034E", "area_km2": 0.22907257307054751, "pct_industrial": 0.0, "pct_commercial": 0.0, "pct_residential": 58.995387613234719, "pct_green": 0.23525439504281059, "bcr": 13.109516359184086, "n_buildings": 211, "mean_bldg_area": 142.32372720894475, "street_density_motorway": 5446.5159246371268, "street_density_primary": 3305.6022673099724, "street_density_secondary": 0.0, "street_density_residential": 8434.1683699957939, "street_density_total": 17186.286561942892, "pop_density_km2": 6172.7162752239665, "population": 1414, "PM2.5_mean": null, "PM10_mean": null, "n_sensores": null, "pm25_street_mean": 7.0198103183769254, "pm25_street_p25": 6.7924112840481508, "pm25_street_p75": 6.9889710298223235, "pm10_street_mean": 14.844592796315622, "pm10_street_p25": 14.457796805603497, "pm10_street_p75": 14.867606756576947, "n_streets": 25, "PM2.5_lsoa_pred": 6.782785086564088, "PM10_lsoa_pred": 14.447527263718825, "PM2.5_final": 7.0198103183769254, "PM10_final": 14.844592796315622, "score_pm25": "B" }, "geometry": { "type": "Polygon", "coordinates": [ [ [ -2.883794492516297, 53.407836679460921 ], [ -2.881766425154459, 53.407991907944343 ], [ -2.881232649400373, 53.406976756167687 ], [ -2.890040741100819, 53.405752055196039 ], [ -2.892661556754906, 53.408179757824698 ], [ -2.900087245079913, 53.40648802803257 ], [ -2.901584617258648, 53.407269852529254 ], [ -2.892363713517536, 53.410954455530451 ], [ -2.890535292268586, 53.406896469177433 ], [ -2.883794492516297, 53.407836679460921 ] ] ] } },
{ "type": "Feature", "properties": { "LSOA21CD": "E01006637", "LSOA21NM": "Liverpool 017A", "area_km2": 0.22006991763733105, "pct_industrial": 0.0, "pct_commercial": 0.0, "pct_residential": 73.607764150157792, "pct_green": 12.179096759169862, "bcr": 7.7768673569625353, "n_buildings": 351, "mean_bldg_area": 48.759389137412931, "street_density_motorway": 0.0, "street_density_primary": 0.0, "street_density_secondary": 0.0, "street_density_residential": 10750.169907090931, "street_density_total": 10750.169907090931, "pop_density_km2": 6879.631783636275, "population": 1514, "PM2.5_mean": null, "PM10_mean": null, "n_sensores": null, "pm25_street_mean": 13.13073070924621, "pm25_street_p25": 12.066821275191339, "pm25_street_p75": 13.432012520885829, "pm10_street_mean": 25.336658867514661, "pm10_street_p25": 23.395707091059663, "pm10_street_p75": 25.784689028885378, "n_streets": 19, "PM2.5_lsoa_pred": 11.608717350291217, "PM10_lsoa_pred": 22.653313415081943, "PM2.5_final": 13.13073070924621, "PM10_final": 25.336658867514661, "score_pm25": "C" }, "geometry": { "type": "Polygon", "coordinates": [ [ [ -2.867912139249442, 53.42967797460647 ], [ -2.866889974200832, 53.428247644956315 ], [ -2.870164424588435, 53.425138209423714 ], [ -2.872859663540033, 53.425469849638077 ], [ -2.872390144029705, 53.428581548456357 ], [ -2.878648581660796, 53.430571411340956 ], [ -2.878320482814134, 53.431297541669679 ], [ -2.878096785746679, 53.43139806383428 ], [ -2.867912139249442, 53.42967797460647 ] ] ] } },
{ "type": "Feature", "properties": { "LSOA21CD": "E01006638", "LSOA21NM": "Liverpool 017B", "area_km2": 0.24871317497347747, "pct_industrial": 0.0, "pct_commercial": 0.0, "pct_residential": 52.282046178448397, "pct_green": 9.664644171646982, "bcr": 13.085727755406523, "n_buildings": 638, "mean_bldg_area": 51.012427850873259, "street_density_motorway": 0.0, "street_density_primary": 0.0, "street_density_secondary": 0.0, "street_density_residential": 14720.304863757614, "street_density_total": 14720.304863757614, "pop_density_km2": 5222.8837500808877, "population": 1299, "PM2.5_mean": null, "PM10_mean": null, "n_sensores": null, "pm25_street_mean": 14.061649232848362, "pm25_street_p25": 12.383965414824248, "pm25_street_p75": 14.72855610506349, "pm10_street_mean": 26.788242022912975, "pm10_street_p25": 23.887719659901787, "pm10_street_p75": 27.943616463342078, "n_streets": 16, "PM2.5_lsoa_pred": 11.682478659168652, "PM10_lsoa_pred": 22.642451348971438, "PM2.5_final": 14.061649232848362, "PM10_final": 26.788242022912975, "score_pm25": "C" }, "geometry": { "type": "Polygon", "coordinates": [ [ [ -2.872859663540033, 53.425469849638077 ], [ -2.876686293334167, 53.4221582570812 ], [ -2.877970387341095, 53.424466932194136 ], [ -2.878300630275766, 53.424627264074701 ], [ -2.878648581660796, 53.430571411340956 ], [ -2.872390144029705, 53.428581548456357 ], [ -2.872859663540033, 53.425469849638077 ] ] ] } },
{ "type": "Feature", "properties": { "LSOA21CD": "E01006639", "LSOA21NM": "Liverpool 017C", "area_km2": 0.40555037446231257, "pct_industrial": 0.0, "pct_commercial": 0.0, "pct_residential": 41.682411956896367, "pct_green": 0.32598943214726578, "bcr": 3.3275778485209142, "n_buildings": 167, "mean_bldg_area": 80.808409731745698, "street_density_motorway": 0.0, "street_density_primary": 0.0, "street_density_secondary": 0.0, "street_density_residential": 5961.5269464647172, "street_density_total": 5961.5269464647172, "pop_density_km2": 3989.6400099375555, "population": 1618, "PM2.5_mean": null, "PM10_mean": null, "n_sensores": null, "pm25_street_mean": 11.596022843914819, "pm25_street_p25": 11.263645482420131, "pm25_street_p75": 11.990898000715921, "pm10_street_mean": 22.630036003644975, "pm10_street_p25": 22.095008965713305, "pm10_street_p75": 23.203972936575823, "n_streets": 19, "PM2.5_lsoa_pred": 10.136479582920703, "PM10_lsoa_pred": 20.185824842727968, "PM2.5_final": 11.596022843914819, "PM10_final": 22.630036003644975, "score_pm25": "C" }, "geometry": { "type": "Polygon", "coordinates": [ [ [ -2.878320482814134, 53.431297541669679 ], [ -2.878648581660796, 53.430571411340956 ], [ -2.878300630275766, 53.424627264074701 ], [ -2.886267068956898, 53.42696734577806 ], [ -2.888260165815411, 53.432432230850289 ], [ -2.881816039686616, 53.431735646765453 ], [ -2.882719570634201, 53.433674105862146 ], [ -2.878320482814134, 53.431297541669679 ] ] ] } },
{ "type": "Feature", "properties": { "LSOA21CD": "E01006640", "LSOA21NM": "Liverpool 021F", "area_km2": 0.53855052140221538, "pct_industrial": 0.0, "pct_commercial": 0.0, "pct_residential": 42.658451450018298, "pct_green": 0.14423177327589271, "bcr": 1.6690011756267946, "n_buildings": 62, "mean_bldg_area": 144.97442796043882, "street_density_motorway": 0.0, "street_density_primary": 0.0, "street_density_secondary": 0.0, "street_density_residential": 8347.7563132574323, "street_density_total": 8347.7563132574323, "pop_density_km2": 3540.9862663112358, "population": 1907, "PM2.5_mean": null, "PM10_mean": null, "n_sensores": null, "pm25_street_mean": 11.692819359592322, "pm25_street_p25": 10.409132728199546, "pm25_street_p75": 12.118063325875429, "pm10_street_mean": 22.817112005686226, "pm10_street_p25": 20.718840442004783, "pm10_street_p75": 23.457974950077556, "n_streets": 39, "PM2.5_lsoa_pred": 10.469301235901961, "PM10_lsoa_pred": 20.717014068125543, "PM2.5_final": 11.692819359592322, "PM10_final": 22.817112005686226, "score_pm25": "C" }, "geometry": { "type": "Polygon", "coordinates": [ [ [ -2.888260165815411, 53.432432230850289 ], [ -2.886267068956898, 53.42696734577806 ], [ -2.890032903367994, 53.424800073854982 ], [ -2.895337006587348, 53.426999501527398 ], [ -2.898861841698076, 53.429935226304067 ], [ -2.892738422549129, 53.434135153315687 ], [ -2.890267827557866, 53.434815586747746 ], [ -2.888260165815411, 53.432432230850289 ] ] ] } },
{ "type": "Feature", "properties": { "LSOA21CD": "E01006641", "LSOA21NM": "Liverpool 025C", "area_km2": 0.17680900914328504, "pct_industrial": 0.0, "pct_commercial": 0.0, "pct_residential": 99.169355087668563, "pct_green": 2.8066661069591898, "bcr": 6.5799043960771897, "n_buildings": 208, "mean_bldg_area": 55.932037333074668, "street_density_motorway": 0.0, "street_density_primary": 0.0, "street_density_secondary": 0.0, "street_density_residential": 14811.403150318198, "street_density_total": 14811.403150318198, "pop_density_km2": 9315.1361911953281, "population": 1647, "PM2.5_mean": null, "PM10_mean": null, "n_sensores": null, "pm25_street_mean": 12.935298098700091, "pm25_street_p25": 12.136944759872959, "pm25_street_p75": 13.97932952875005, "pm10_street_mean": 24.872515879239295, "pm10_street_p25": 23.319360313836409, "pm10_street_p75": 26.817272901542264, "n_streets": 28, "PM2.5_lsoa_pred": 10.799729595004834, "PM10_lsoa_pred": 21.143870853574207, "PM2.5_final": 12.935298098700091, "PM10_final": 24.872515879239295, "score_pm25": "C" }, "geometry": { "type": "Polygon", "coordinates": [ [ [ -2.870164424588435, 53.425138209423714 ], [ -2.868313236850449, 53.42387965135638 ], [ -2.868477078583202, 53.42199469055069 ], [ -2.876639809684888, 53.420203438189553 ], [ -2.872859663540033, 53.425469849638077 ], [ -2.870164424588435, 53.425138209423714 ] ] ] } },
{ "type": "Feature", "properties": { "LSOA21CD": "E01006642", "LSOA21NM": "Liverpool 025D", "area_km2": 0.16298949026204942, "pct_industrial": 0.0, "pct_commercial": 0.0, "pct_residential": 72.904333987951844, "pct_green": 6.3015979946932239, "bcr": 15.980734603758764, "n_buildings": 395, "mean_bldg_area": 65.941564229866728, "street_density_motorway": 0.0, "street_density_primary": 0.0, "street_density_secondary": 0.0, "street_density_residential": 16116.376989472839, "street_density_total": 16116.376989472839, "pop_density_km2": 8571.1047856763453, "population": 1397, "PM2.5_mean": null, "PM10_mean": null, "n_sensores": null, "pm25_street_mean": 13.573005536968031, "pm25_street_p25": 11.380918884411763, "pm25_street_p75": 15.259535324966393, "pm10_street_mean": 25.874766631357613, "pm10_street_p25": 22.087146473994995, "pm10_street_p75": 28.764467533946036, "n_streets": 11, "PM2.5_lsoa_pred": 11.195178972685831, "PM10_lsoa_pred": 21.783463265721451, "PM2.5_final": 13.573005536968031, "PM10_final": 25.874766631357613, "score_pm25": "C" }, "geometry": { "type": "Polygon", "coordinates": [ [ [ -2.876639809684888, 53.420203438189553 ], [ -2.876952725181184, 53.42000176259225 ], [ -2.884294606586518, 53.42033212288267 ], [ -2.877970387341095, 53.424466932194136 ], [ -2.876686293334167, 53.4221582570812 ], [ -2.872859663540033, 53.425469849638077 ], [ -2.876639809684888, 53.420203438189553 ] ] ] } },
{ "type": "Feature", "properties": { "LSOA21CD": "E01006643", "LSOA21NM": "Liverpool 025E", "area_km2": 0.19348660993930097, "pct_industrial": 0.0, "pct_commercial": 0.0, "pct_residential": 80.479574456711546, "pct_green": 2.0261664947152318, "bcr": 15.102451886524642, "n_buildings": 199, "mean_bldg_area": 146.84031242688712, "street_density_motorway": 0.0, "street_density_primary": 0.0, "street_density_secondary": 0.0, "street_density_residential": 15674.915277369488, "street_density_total": 15674.915277369488, "pop_density_km2": 9328.8109216769553, "population": 1805, "PM2.5_mean": null, "PM10_mean": null, "n_sensores": null, "pm25_street_mean": 11.544943048514066, "pm25_street_p25": 11.083486967946062, "pm25_street_p75": 12.058987652663575, "pm10_street_mean": 22.461427363277146, "pm10_street_p25": 21.687119136432784, "pm10_street_p75": 23.372725613065576, "n_streets": 17, "PM2.5_lsoa_pred": 10.620320884800353, "PM10_lsoa_pred": 20.806570648703307, "PM2.5_final": 11.544943048514066, "PM10_final": 22.461427363277146, "score_pm25": "C" }, "geometry": { "type": "Polygon", "coordinates": [ [ [ -2.868007568352811, 53.420524297361247 ], [ -2.867464542077045, 53.416786573040106 ], [ -2.870465292758346, 53.417551057550341 ], [ -2.876179158010567, 53.419442017481757 ], [ -2.876952725181184, 53.42000176259225 ], [ -2.876639809684888, 53.420203438189553 ], [ -2.868477078583202, 53.42199469055069 ], [ -2.868007568352811, 53.420524297361247 ] ] ] } },
{ "type": "Feature", "properties": { "LSOA21CD": "E01006644", "LSOA21NM": "Liverpool 017D", "area_km2": 0.44131471806597961, "pct_industrial": 0.0, "pct_commercial": 0.0, "pct_residential": 59.601589763145633, "pct_green": 3.247873197554727, "bcr": 2.2083416928142832, "n_buildings": 15, "mean_bldg_area": 649.715794371789, "street_density_motorway": 0.0, "street_density_primary": 0.0, "street_density_secondary": 0.0, "street_density_residential": 12040.24305895472, "street_density_total": 12040.24305895472, "pop_density_km2": 4411.817508676223, "population": 1947, "PM2.5_mean": null, "PM10_mean": null, "n_sensores": null, "pm25_street_mean": 14.714211975272326, "pm25_street_p25": 12.923970825565974, "pm25_street_p75": 16.126757318298093, "pm10_street_mean": 27.989744363763339, "pm10_street_p25": 24.87077298111338, "pm10_street_p75": 30.442265255211872, "n_streets": 44, "PM2.5_lsoa_pred": 10.969284751608788, "PM10_lsoa_pred": 21.53897676341397, "PM2.5_final": 14.714211975272326, "PM10_final": 27.989744363763339, "score_pm25": "C" }, "geometry": { "type": "Polygon", "coordinates": [ [ [ -2.873516868219828, 53.436182267163289 ], [ -2.880868438562096, 53.433687775405026 ], [ -2.878096785746679, 53.43139806383428 ], [ -2.878320482814134, 53.431297541669679 ], [ -2.882719570634201, 53.433674105862146 ], [ -2.881816039686616, 53.431735646765453 ], [ -2.888260165815411, 53.432432230850289 ], [ -2.890267827557866, 53.434815586747746 ], [ -2.879328281410224, 53.438850576914199 ], [ -2.873516868219828, 53.436182267163289 ] ] ] } },
{ "type": "Feature", "properties": { "LSOA21CD": "E01006645", "LSOA21NM": "Liverpool 017E", "area_km2": 0.30753472002262783, "pct_industrial": 0.0, "pct_commercial": 0.0, "pct_residential": 54.26826022432364, "pct_green": 0.0, "bcr": 2.0433285664942957, "n_buildings": 84, "mean_bldg_area": 74.808866501316743, "street_density_motorway": 0.0, "street_density_primary": 0.0, "street_density_secondary": 0.0, "street_density_residential": 12352.832259465717, "street_density_total": 12352.832259465717, "pop_density_km2": 4929.524705010399, "population": 1516, "PM2.5_mean": null, "PM10_mean": null, "n_sensores": null, "pm25_street_mean": 14.965456927122013, "pm25_street_p25": 13.09057939721971, "pm25_street_p75": 15.835791159992004, "pm10_street_mean": 28.514571623067759, "pm10_street_p25": 25.191716976304225, "pm10_street_p75": 29.944003116327515, "n_streets": 32, "PM2.5_lsoa_pred": 10.868358094619227, "PM10_lsoa_pred": 21.31606481257678, "PM2.5_final": 14.965456927122013, "PM10_final": 28.514571623067759, "score_pm25": "C" }, "geometry": { "type": "Polygon", "coordinates": [ [ [ -2.867912139249442, 53.42967797460647 ], [ -2.878096785746679, 53.43139806383428 ], [ -2.880868438562096, 53.433687775405026 ], [ -2.873516868219828, 53.436182267163289 ], [ -2.873260953740225, 53.436394494881284 ], [ -2.867912139249442, 53.42967797460647 ] ] ] } },
{ "type": "Feature", "properties": { "LSOA21CD": "E01006646", "LSOA21NM": "Liverpool 023C", "area_km2": 0.75030486072111724, "pct_industrial": 0.0, "pct_commercial": 0.0, "pct_residential": 100.00000000000004, "pct_green": 9.8606771843777512, "bcr": 9.2663991259080376, "n_buildings": 362, "mean_bldg_area": 192.06144490471584, "street_density_motorway": 0.0, "street_density_primary": 779.86133723823536, "street_density_secondary": 0.0, "street_density_residential": 5300.3052370162832, "street_density_total": 6080.1665742545183, "pop_density_km2": 2877.4970189117357, "population": 2159, "PM2.5_mean": null, "PM10_mean": null, "n_sensores": null, "pm25_street_mean": 11.456488425542965, "pm25_street_p25": 7.5481941332874101, "pm25_street_p75": 15.062356577670164, "pm10_street_mean": 22.551362169240139, "pm10_street_p25": 15.642592682506846, "pm10_street_p75": 28.830684889799159, "n_streets": 49, "PM2.5_lsoa_pred": 10.168471034245764, "PM10_lsoa_pred": 20.252440751243896, "PM2.5_final": 11.456488425542965, "PM10_final": 22.551362169240139, "score_pm25": "C" }, "geometry": { "type": "Polygon", "coordinates": [ [ [ -2.970746590662645, 53.42535662722856 ], [ -2.967095165794222, 53.417847334633869 ], [ -2.962980557453833, 53.419608653480132 ], [ -2.964647912577413, 53.413114151880116 ], [ -2.967934684344516, 53.411751402325706 ], [ -2.968635274781536, 53.413717931650915 ], [ -2.973873011625526, 53.412488776008765 ], [ -2.972159700299882, 53.421141077663606 ], [ -2.978445308420656, 53.422547410099412 ], [ -2.97868364010587, 53.423671325655 ], [ -2.975585461411641, 53.427015209353975 ], [ -2.970746590662645, 53.42535662722856 ] ] ] } },
{ "type": "Feature", "properties": { "LSOA21CD": "E01006647", "LSOA21NM": "Liverpool 024C", "area_km2": 0.32959370738888499, "pct_industrial": 0.0, "pct_commercial": 1.1746658408591395, "pct_residential": 93.851434690421115, "pct_green": 1.6498769286150337, "bcr": 18.345336335466691, "n_buildings": 474, "mean_bldg_area": 127.5634475970989, "street_density_motorway": 0.0, "street_density_primary": 988.44751834042677, "street_density_secondary": 0.0, "street_density_residential": 13826.239409781008, "street_density_total": 14814.686928121431, "pop_density_km2": 6383.6170194763672, "population": 2104, "PM2.5_mean": null, "PM10_mean": null, "n_sensores": null, "pm25_street_mean": 9.9551325724250415, "pm25_street_p25": 8.9972177264353483, "pm25_street_p75": 10.509098394984493, "pm10_street_mean": 19.552938509730339, "pm10_street_p25": 17.882503127180371, "pm10_street_p75": 20.556979773420224, "n_streets": 58, "PM2.5_lsoa_pred": 9.873519790601037, "PM10_lsoa_pred": 19.509609890559044, "PM2.5_final": 9.9551325724250415, "PM10_final": 19.552938509730339, "score_pm25": "B" }, "geometry": { "type": "Polygon", "coordinates": [ [ [ -2.955072628944264, 53.416666503332621 ], [ -2.956504066619956, 53.416124177918562 ], [ -2.962592642777035, 53.414134450552417 ], [ -2.964647912577413, 53.413114151880116 ], [ -2.962980557453833, 53.419608653480132 ], [ -2.962957687907435, 53.419756561415433 ], [ -2.957174323820008, 53.420238280578388 ], [ -2.952400250068326, 53.417826977043845 ], [ -2.955072628944264, 53.416666503332621 ] ] ] } },
{ "type": "Feature", "properties": { "LSOA21CD": "E01006648", "LSOA21NM": "Liverpool 023D", "area_km2": 0.57659755635363219, "pct_industrial": 0.0, "pct_commercial": 4.0495532897922617, "pct_residential": 89.208383681749964, "pct_green": 8.6898849397809457, "bcr": 20.092579223169469, "n_buildings": 312, "mean_bldg_area": 371.32474618337432, "street_density_motorway": 0.0, "street_density_primary": 259.78623350482508, "street_density_secondary": 1719.447100440432, "street_density_residential": 4758.4683473697451, "street_density_total": 6737.7016813150012, "pop_density_km2": 4125.9279956797791, "population": 2379, "PM2.5_mean": null, "PM10_mean": null, "n_sensores": null, "pm25_street_mean": 10.604549258973078, "pm25_street_p25": 9.2373451759132408, "pm25_street_p75": 11.731204081675511, "pm10_street_mean": 21.222031247966612, "pm10_street_p25": 18.875236007437287, "pm10_street_p75": 23.208321378142248, "n_streets": 41, "PM2.5_lsoa_pred": 9.4429615262771609, "PM10_lsoa_pred": 19.017356126869764, "PM2.5_final": 10.604549258973078, "PM10_final": 21.222031247966612, "score_pm25": "C" }, "geometry": { "type": "Polygon", "coordinates": [ [ [ -2.973873011625526, 53.412488776008765 ], [ -2.976449946121247, 53.411362099762556 ], [ -2.982624062156534, 53.409627727134612 ], [ -2.985518222623825, 53.41270415060108 ], [ -2.98233762175727, 53.415001269631645 ], [ -2.976574356689179, 53.415991208480669 ], [ -2.978445308420656, 53.422547410099412 ], [ -2.972159700299882, 53.421141077663606 ], [ -2.973873011625526, 53.412488776008765 ] ] ] } },
{ "type": "Feature", "properties": { "LSOA21CD": "E01006651", "LSOA21NM": "Liverpool 001A", "area_km2": 0.26368297154645703, "pct_industrial": 0.0, "pct_commercial": 0.0, "pct_residential": 72.809124057240922, "pct_green": 0.0, "bcr": 4.2046032608310302, "n_buildings": 190, "mean_bldg_area": 58.351699052097317, "street_density_motorway": 0.0, "street_density_primary": 4.8806548188694343, "street_density_secondary": 0.0, "street_density_residential": 14265.918341238839, "street_density_total": 14270.798996057711, "pop_density_km2": 6128.5717106509655, "population": 1616, "PM2.5_mean": null, "PM10_mean": null, "n_sensores": null, "pm25_street_mean": 8.3158705371201318, "pm25_street_p25": 7.9856049375765874, "pm25_street_p75": 8.4188738315915899, "pm10_street_mean": 17.132619402352677, "pm10_street_p25": 16.526177065595796, "pm10_street_p75": 17.238834196347632, "n_streets": 39, "PM2.5_lsoa_pred": 10.786237340293535, "PM10_lsoa_pred": 21.118601306671565, "PM2.5_final": 8.3158705371201318, "PM10_final": 17.132619402352677, "score_pm25": "B" }, "geometry": { "type": "Polygon", "coordinates": [ [ [ -2.930691522668624, 53.473514834060467 ], [ -2.930661176469403, 53.472340287582504 ], [ -2.93658723151352, 53.472085380415876 ], [ -2.938145672498802, 53.468719871033777 ], [ -2.939985120296454, 53.471556394036099 ], [ -2.945354629007569, 53.469550549214119 ], [ -2.946577790055544, 53.471216736521825 ], [ -2.947434044656326, 53.472470745575933 ], [ -2.936138503437184, 53.473715213383983 ], [ -2.930691522668624, 53.473514834060467 ] ] ] } },
{ "type": "Feature", "properties": { "LSOA21CD": "E01006652", "LSOA21NM": "Liverpool 002A", "area_km2": 0.20296511478014542, "pct_industrial": 0.0, "pct_commercial": 0.0, "pct_residential": 39.371492831263112, "pct_green": 0.0, "bcr": 3.9365489636289226, "n_buildings": 145, "mean_bldg_area": 55.102214637283232, "street_density_motorway": 0.0, "street_density_primary": 4201.7854952194848, "street_density_secondary": 0.0, "street_density_residential": 9688.2232223495339, "street_density_total": 13890.008717569017, "pop_density_km2": 7139.1578871550246, "population": 1449, "PM2.5_mean": null, "PM10_mean": null, "n_sensores": null, "pm25_street_mean": 7.751256379687308, "pm25_street_p25": 7.583521617700522, "pm25_street_p75": 8.0278548261641944, "pm10_street_mean": 15.912113518533797, "pm10_street_p25": 15.582803732262132, "pm10_street_p75": 16.379081859098001, "n_streets": 16, "PM2.5_lsoa_pred": 10.239029918717064, "PM10_lsoa_pred": 20.26918403602442, "PM2.5_final": 7.751256379687308, "PM10_final": 15.912113518533797, "score_pm25": "B" }, "geometry": { "type": "Polygon", "coordinates": [ [ [ -2.945354629007569, 53.469550549214119 ], [ -2.942084054136508, 53.466946621153845 ], [ -2.949009746216996, 53.464752463271068 ], [ -2.950494186997706, 53.468121174581597 ], [ -2.946577790055544, 53.471216736521825 ], [ -2.945354629007569, 53.469550549214119 ] ] ] } },
{ "type": "Feature", "properties": { "LSOA21CD": "E01006653", "LSOA21NM": "Liverpool 001B", "area_km2": 0.52340930477274283, "pct_industrial": 0.0, "pct_commercial": 0.0, "pct_residential": 62.728185202571765, "pct_green": 13.033003513201203, "bcr": 6.7747812897655004, "n_buildings": 297, "mean_bldg_area": 119.39338602234162, "street_density_motorway": 0.0, "street_density_primary": 2514.5787489254003, "street_density_secondary": 0.0, "street_density_residential": 12170.313033072522, "street_density_total": 14684.891781997923, "pop_density_km2": 3456.1861692264779, "population": 1809, "PM2.5_mean": null, "PM10_mean": null, "n_sensores": null, "pm25_street_mean": 11.071256250403126, "pm25_street_p25": 8.7864295707727855, "pm25_street_p75": 13.299196037237046, "pm10_street_mean": 21.789675494082591, "pm10_street_p25": 17.90935967665801, "pm10_street_p75": 25.770931099795291, "n_streets": 52, "PM2.5_lsoa_pred": 11.832131105609534, "PM10_lsoa_pred": 22.992851854166048, "PM2.5_final": 11.071256250403126, "PM10_final": 21.789675494082591, "score_pm25": "C" }, "geometry": { "type": "Polygon", "coordinates": [ [ [ -2.918714172421553, 53.468576588768315 ], [ -2.921479622879034, 53.466563257082818 ], [ -2.922194125403524, 53.466150308173084 ], [ -2.928110301229285, 53.467199683929081 ], [ -2.930661176469403, 53.472340287582504 ], [ -2.930691522668624, 53.473514834060467 ], [ -2.92256833137211, 53.474982957657204 ], [ -2.918714172421553, 53.468576588768315 ] ] ] } },
{ "type": "Feature", "properties": { "LSOA21CD": "E01006654", "LSOA21NM": "Liverpool 005A", "area_km2": 0.68799136533912753, "pct_industrial": 23.010204104321456, "pct_commercial": 0.0, "pct_residential": 26.175297653863751, "pct_green": 0.70140181966346504, "bcr": 14.173821400682929, "n_buildings": 341, "mean_bldg_area": 285.96676649644559, "street_density_motorway": 0.0, "street_density_primary": 1122.3654809420163, "street_density_secondary": 142.81893845247524, "street_density_residential": 6066.6842378664669, "street_density_total": 7331.8686572609604, "pop_density_km2": 1986.9435415460086, "population": 1367, "PM2.5_mean": null, "PM10_mean": null, "n_sensores": null, "pm25_street_mean": 7.643769909576327, "pm25_street_p25": 6.9458074801503553, "pm25_street_p75": 8.0934494036903999, "pm10_street_mean": 15.785109143886379, "pm10_street_p25": 14.601880017131659, "pm10_street_p75": 16.575720947736571, "n_streets": 43, "PM2.5_lsoa_pred": 8.8596659015740684, "PM10_lsoa_pred": 17.829600056131522, "PM2.5_final": 7.643769909576327, "PM10_final": 15.785109143886379, "score_pm25": "B" }, "geometry": { "type": "Polygon", "coordinates": [ [ [ -2.938145672498802, 53.468719871033777 ], [ -2.932737444586857, 53.467316597399055 ], [ -2.933902454803827, 53.464276407414651 ], [ -2.942879846443909, 53.464046574495065 ], [ -2.943691015100751, 53.460614800551483 ], [ -2.949739246420584, 53.459950663749197 ], [ -2.952215388131398, 53.462630364147685 ], [ -2.949009746216996, 53.464752463271068 ], [ -2.942084054136508, 53.466946621153845 ], [ -2.945354629007569, 53.469550549214119 ], [ -2.939985120296454, 53.471556394036099 ], [ -2.938145672498802, 53.468719871033777 ] ] ] } },
{ "type": "Feature", "properties": { "LSOA21CD": "E01006655", "LSOA21NM": "Liverpool 001C", "area_km2": 0.30863976411398386, "pct_industrial": 0.0, "pct_commercial": 0.0, "pct_residential": 51.036277324783001, "pct_green": 0.022850110267125901, "bcr": 9.5805236151991515, "n_buildings": 240, "mean_bldg_area": 123.20543952847991, "street_density_motorway": 0.0, "street_density_primary": 3848.9607148675041, "street_density_secondary": 0.0, "street_density_residential": 8494.3297108554307, "street_density_total": 12343.290425722937, "pop_density_km2": 5942.2025715477312, "population": 1834, "PM2.5_mean": null, "PM10_mean": null, "n_sensores": null, "pm25_street_mean": 8.2943608844247212, "pm25_street_p25": 8.1518396790574652, "pm25_street_p75": 8.425303044752237, "pm10_street_mean": 17.017183861250555, "pm10_street_p25": 16.752864537453245, "pm10_street_p75": 17.24599595324753, "n_streets": 22, "PM2.5_lsoa_pred": 9.7145658869046603, "PM10_lsoa_pred": 19.371049085249176, "PM2.5_final": 8.2943608844247212, "PM10_final": 17.017183861250555, "score_pm25": "B" }, "geometry": { "type": "Polygon", "coordinates": [ [ [ -2.922194125403524, 53.466150308173084 ], [ -2.929421188009826, 53.466352958235191 ], [ -2.932737444586857, 53.467316597399055 ], [ -2.938145672498802, 53.468719871033777 ], [ -2.93658723151352, 53.472085380415876 ], [ -2.930661176469403, 53.472340287582504 ], [ -2.928110301229285, 53.467199683929081 ], [ -2.922194125403524, 53.466150308173084 ] ] ] } },
{ "type": "Feature", "properties": { "LSOA21CD": "E01006656", "LSOA21NM": "Liverpool 002B", "area_km2": 0.2576616932999653, "pct_industrial": 1.1336981330024094, "pct_commercial": 0.0, "pct_residential": 50.368905988574951, "pct_green": 7.1065904236139925, "bcr": 4.3572901606705701, "n_buildings": 145, "mean_bldg_area": 77.428052482597039, "street_density_motorway": 0.0, "street_density_primary": 0.0, "street_density_secondary": 0.0, "street_density_residential": 8086.8849258142218, "street_density_total": 8086.8849258142218, "pop_density_km2": 5421.8381557154353, "population": 1397, "PM2.5_mean": null, "PM10_mean": null, "n_sensores": null, "pm25_street_mean": 6.8697828282048468, "pm25_street_p25": 6.549479813536462, "pm25_street_p75": 7.1853145077129321, "pm10_street_mean": 14.559503143845918, "pm10_street_p25": 14.035339175383346, "pm10_street_p75": 14.960178920702855, "n_streets": 25, "PM2.5_lsoa_pred": 11.084157504515863, "PM10_lsoa_pred": 21.804594045652454, "PM2.5_final": 6.8697828282048468, "PM10_final": 14.559503143845918, "score_pm25": "B" }, "geometry": { "type": "Polygon", "coordinates": [ [ [ -2.947434044656326, 53.472470745575933 ], [ -2.946577790055544, 53.471216736521825 ], [ -2.950494186997706, 53.468121174581597 ], [ -2.953694644825868, 53.467388462415798 ], [ -2.955931728360083, 53.467169699403733 ], [ -2.955089157598422, 53.472464980835184 ], [ -2.947434044656326, 53.472470745575933 ] ] ] } },
{ "type": "Feature", "properties": { "LSOA21CD": "E01006657", "LSOA21NM": "Liverpool 002C", "area_km2": 0.11176276693609884, "pct_industrial": 0.0, "pct_commercial": 0.0, "pct_residential": 90.556040426316883, "pct_green": 0.0, "bcr": 0.25321690848747269, "n_buildings": 2, "mean_bldg_area": 141.50111163782441, "street_density_motorway": 0.0, "street_density_primary": 2187.8292648975253, "street_density_secondary": 217.25730825526301, "street_density_residential": 16500.233192590302, "street_density_total": 18905.319765743094, "pop_density_km2": 10021.226484490742, "population": 1120, "PM2.5_mean": null, "PM10_mean": null, "n_sensores": null, "pm25_street_mean": 7.7814722958607678, "pm25_street_p25": 7.7344665998332172, "pm25_street_p75": 7.8975676515054802, "pm10_street_mean": 15.879784245991422, "pm10_street_p25": 15.812910657957861, "pm10_street_p75": 16.106866762584772, "n_streets": 13, "PM2.5_lsoa_pred": 10.890576950971612, "PM10_lsoa_pred": 21.275215298605993, "PM2.5_final": 7.7814722958607678, "PM10_final": 15.879784245991422, "score_pm25": "B" }, "geometry": { "type": "Polygon", "coordinates": [ [ [ -2.949009746216996, 53.464752463271068 ], [ -2.952215388131398, 53.462630364147685 ], [ -2.953694644825868, 53.467388462415798 ], [ -2.950494186997706, 53.468121174581597 ], [ -2.949009746216996, 53.464752463271068 ] ] ] } },
{ "type": "Feature", "properties": { "LSOA21CD": "E01006658", "LSOA21NM": "Liverpool 001D", "area_km2": 0.074249373528780763, "pct_industrial": 0.0, "pct_commercial": 0.0, "pct_residential": 93.008607730122378, "pct_green": 0.0, "bcr": 0.0, "n_buildings": 0, "mean_bldg_area": 0.0, "street_density_motorway": 0.0, "street_density_primary": 0.0, "street_density_secondary": 0.0, "street_density_residential": 16980.359277327716, "street_density_total": 16980.359277327716, "pop_density_km2": 18774.569181511728, "population": 1394, "PM2.5_mean": null, "PM10_mean": null, "n_sensores": null, "pm25_street_mean": 7.8215034901153961, "pm25_street_p25": 7.4421697724608338, "pm25_street_p75": 8.0943526798845085, "pm10_street_mean": 16.202510934195178, "pm10_street_p25": 15.603424848890466, "pm10_street_p75": 16.703112567889612, "n_streets": 13, "PM2.5_lsoa_pred": 10.998508109629485, "PM10_lsoa_pred": 21.483624782318607, "PM2.5_final": 7.8215034901153961, "PM10_final": 16.202510934195178, "score_pm25": "B" }, "geometry": { "type": "Polygon", "coordinates": [ [ [ -2.913897731831423, 53.46496852772848 ], [ -2.913811848389844, 53.464893840719604 ], [ -2.921479622879034, 53.466563257082818 ], [ -2.918714172421553, 53.468576588768315 ], [ -2.913897731831423, 53.46496852772848 ] ] ] } },
{ "type": "Feature", "properties": { "LSOA21CD": "E01006659", "LSOA21NM": "Liverpool 005B", "area_km2": 1.5972289045046673, "pct_industrial": 10.539041696070839, "pct_commercial": 0.0, "pct_residential": 11.821970064721924, "pct_green": 1.6044870250480563, "bcr": 10.411836378266605, "n_buildings": 158, "mean_bldg_area": 1052.5370893886463, "street_density_motorway": 0.0, "street_density_primary": 0.0, "street_density_secondary": 66.12242131537208, "street_density_residential": 1475.0226107666908, "street_density_total": 1541.1450320820627, "pop_density_km2": 1144.4821683632752, "population": 1828, "PM2.5_mean": null, "PM10_mean": null, "n_sensores": null, "pm25_street_mean": 7.1956314725377579, "pm25_street_p25": 6.3395800360227819, "pm25_street_p75": 7.1649462042695511, "pm10_street_mean": 15.09820525555025, "pm10_street_p25": 13.714541952610201, "pm10_street_p75": 15.083388782697268, "n_streets": 22, "PM2.5_lsoa_pred": 8.796149305339819, "PM10_lsoa_pred": 17.933675883472905, "PM2.5_final": 7.1956314725377579, "PM10_final": 15.09820525555025, "score_pm25": "B" }, "geometry": { "type": "Polygon", "coordinates": [ [ [ -2.929421188009826, 53.466352958235191 ], [ -2.921218910443561, 53.456350807673481 ], [ -2.925904846180442, 53.453821518121622 ], [ -2.934864003202791, 53.454539069734075 ], [ -2.939149577587335, 53.453742003367566 ], [ -2.948954567429328, 53.459290645867327 ], [ -2.949739246420584, 53.459950663749197 ], [ -2.943691015100751, 53.460614800551483 ], [ -2.942879846443909, 53.464046574495065 ], [ -2.933902454803827, 53.464276407414651 ], [ -2.932737444586857, 53.467316597399055 ], [ -2.929421188009826, 53.466352958235191 ] ] ] } },
{ "type": "Feature", "properties": { "LSOA21CD": "E01006660", "LSOA21NM": "Liverpool 001E", "area_km2": 0.99405431996864502, "pct_industrial": 6.5018201188957443, "pct_commercial": 0.0, "pct_residential": 20.10397651838484, "pct_green": 7.6284811274232354, "bcr": 1.7646445689090258, "n_buildings": 16, "mean_bldg_area": 1096.3453480832652, "street_density_motorway": 0.0, "street_density_primary": 0.0, "street_density_secondary": 0.0, "street_density_residential": 3561.5018933952042, "street_density_total": 3561.5018933952042, "pop_density_km2": 1396.301964709314, "population": 1388, "PM2.5_mean": null, "PM10_mean": null, "n_sensores": null, "pm25_street_mean": 9.449116088199311, "pm25_street_p25": 7.7958980187592264, "pm25_street_p75": 10.790913419585678, "pm10_street_mean": 19.03006139368027, "pm10_street_p25": 16.028469769844076, "pm10_street_p75": 21.468349629143084, "n_streets": 26, "PM2.5_lsoa_pred": 10.386296444933691, "PM10_lsoa_pred": 20.718044358387012, "PM2.5_final": 9.449116088199311, "PM10_final": 19.03006139368027, "score_pm25": "B" }, "geometry": { "type": "Polygon", "coordinates": [ [ [ -2.913811848389844, 53.464893840719604 ], [ -2.913768733390782, 53.464856489528778 ], [ -2.910454704116376, 53.458445656888244 ], [ -2.919990341792529, 53.454579423004724 ], [ -2.925228068375946, 53.453302211317578 ], [ -2.925904846180442, 53.453821518121622 ], [ -2.921218910443561, 53.456350807673481 ], [ -2.929421188009826, 53.466352958235191 ], [ -2.922194125403524, 53.466150308173084 ], [ -2.921479622879034, 53.466563257082818 ], [ -2.913811848389844, 53.464893840719604 ] ] ] } },
{ "type": "Feature", "properties": { "LSOA21CD": "E01006661", "LSOA21NM": "Liverpool 004A", "area_km2": 0.35573464817870276, "pct_industrial": 0.0, "pct_commercial": 0.0, "pct_residential": 78.499488838339985, "pct_green": 2.123773230977124, "bcr": 4.3193573373029679, "n_buildings": 73, "mean_bldg_area": 210.48562503336569, "street_density_motorway": 0.0, "street_density_primary": 0.0, "street_density_secondary": 0.0, "street_density_residential": 17340.98110006241, "street_density_total": 17340.98110006241, "pop_density_km2": 4632.6665351195415, "population": 1648, "PM2.5_mean": null, "PM10_mean": null, "n_sensores": null, "pm25_street_mean": 8.1748285548401398, "pm25_street_p25": 7.8254366687509727, "pm25_street_p75": 8.5575212098927533, "pm10_street_mean": 16.640213067002676, "pm10_street_p25": 16.045417061380824, "pm10_street_p75": 17.243506829495065, "n_streets": 49, "PM2.5_lsoa_pred": 11.375782025845337, "PM10_lsoa_pred": 22.087237125181328, "PM2.5_final": 8.1748285548401398, "PM10_final": 16.640213067002676, "score_pm25": "B" }, "geometry": { "type": "Polygon", "coordinates": [ [ [ -2.891441265083034, 53.463099866260208 ], [ -2.888156336706688, 53.460644395410192 ], [ -2.893202623660259, 53.45595320961489 ], [ -2.896501113180376, 53.456969300518111 ], [ -2.898117106865496, 53.458136417809207 ], [ -2.897898097219054, 53.462139467551218 ], [ -2.89210176569157, 53.463263951205505 ], [ -2.891441265083034, 53.463099866260208 ] ] ] } },
{ "type": "Feature", "properties": { "LSOA21CD": "E01006662", "LSOA21NM": "Liverpool 004B", "area_km2": 0.94115413693277683, "pct_industrial": 0.0, "pct_commercial": 0.0, "pct_residential": 36.902537249485171, "pct_green": 13.875133281455316, "bcr": 7.3231213183381163, "n_buildings": 269, "mean_bldg_area": 256.21509011206422, "street_density_motorway": 0.0, "street_density_primary": 0.0, "street_density_secondary": 0.0, "street_density_residential": 7004.3140781278262, "street_density_total": 7004.3140781278262, "pop_density_km2": 2021.9854807225101, "population": 1903, "PM2.5_mean": null, "PM10_mean": null, "n_sensores": null, "pm25_street_mean": 9.7075468226832164, "pm25_street_p25": 8.5890268458820955, "pm25_street_p75": 10.479934860334492, "pm10_street_mean": 19.373016501155345, "pm10_street_p25": 17.313615294363373, "pm10_street_p75": 20.495739284402838, "n_streets": 57, "PM2.5_lsoa_pred": 11.601492027435112, "PM10_lsoa_pred": 22.727479765428917, "PM2.5_final": 9.7075468226832164, "PM10_final": 19.373016501155345, "score_pm25": "B" }, "geometry": { "type": "Polygon", "coordinates": [ [ [ -2.898117106865496, 53.458136417809207 ], [ -2.896501113180376, 53.456969300518111 ], [ -2.896874107166123, 53.451341456611367 ], [ -2.901486285504592, 53.452170817944506 ], [ -2.907828498005147, 53.45116237073232 ], [ -2.909393546593035, 53.454184195444192 ], [ -2.91244838203147, 53.449554968656379 ], [ -2.913149481807602, 53.449207043968343 ], [ -2.917033324365954, 53.451840440813356 ], [ -2.919990341792529, 53.454579423004724 ], [ -2.910454704116376, 53.458445656888244 ], [ -2.91023225397805, 53.454672181920273 ], [ -2.906731217784196, 53.458187759472501 ], [ -2.898117106865496, 53.458136417809207 ] ] ] } },
{ "type": "Feature", "properties": { "LSOA21CD": "E01006663", "LSOA21NM": "Liverpool 004C", "area_km2": 1.0007875603510625, "pct_industrial": 47.952850366892967, "pct_commercial": 0.0, "pct_residential": 16.111342398123035, "pct_green": 9.4636209939408804, "bcr": 17.974259475750877, "n_buildings": 79, "mean_bldg_area": 2277.014593652365, "street_density_motorway": 0.0, "street_density_primary": 0.0, "street_density_secondary": 0.0, "street_density_residential": 3030.3757485553115, "street_density_total": 3030.3757485553115, "pop_density_km2": 1098.1351522939453, "population": 1099, "PM2.5_mean": null, "PM10_mean": null, "n_sensores": null, "pm25_street_mean": 7.1321520550305104, "pm25_street_p25": 5.5281874058093692, "pm25_street_p75": 7.6822355224312453, "pm10_street_mean": 14.99302886629336, "pm10_street_p25": 12.20021737682632, "pm10_street_p75": 16.053925865070678, "n_streets": 24, "PM2.5_lsoa_pred": 8.0863872974748823, "PM10_lsoa_pred": 16.588898868131029, "PM2.5_final": 7.1321520550305104, "PM10_final": 14.99302886629336, "score_pm25": "B" }, "geometry": { "type": "Polygon", "coordinates": [ [ [ -2.89210176569157, 53.463263951205505 ], [ -2.897898097219054, 53.462139467551218 ], [ -2.898117106865496, 53.458136417809207 ], [ -2.906731217784196, 53.458187759472501 ], [ -2.91023225397805, 53.454672181920273 ], [ -2.910454704116376, 53.458445656888244 ], [ -2.913768733390782, 53.464856489528778 ], [ -2.905087755911326, 53.465148108699587 ], [ -2.904628899049245, 53.468053531780164 ], [ -2.905872266193257, 53.470157047800768 ], [ -2.89210176569157, 53.463263951205505 ] ] ] } },
{ "type": "Feature", "properties": { "LSOA21CD": "E01006664", "LSOA21NM": "Liverpool 004D", "area_km2": 0.26225669870859575, "pct_industrial": 0.0, "pct_commercial": 0.0, "pct_residential": 82.195117756753262, "pct_green": 0.75615119045880674, "bcr": 10.037645322683264, "n_buildings": 386, "mean_bldg_area": 68.197920340276937, "street_density_motorway": 0.0, "street_density_primary": 0.0, "street_density_secondary": 0.0, "street_density_residential": 14842.011284901026, "street_density_total": 14842.011284901026, "pop_density_km2": 7454.5283671563384, "population": 1955, "PM2.5_mean": null, "PM10_mean": null, "n_sensores": null, "pm25_street_mean": 9.9442036964999296, "pm25_street_p25": 9.1660584357202808, "pm25_street_p75": 10.416500141165956, "pm10_street_mean": 19.619666282999972, "pm10_street_p25": 18.34851488041803, "pm10_street_p75": 20.348722592406595, "n_streets": 30, "PM2.5_lsoa_pred": 10.50853401393379, "PM10_lsoa_pred": 20.605176187938035, "PM2.5_final": 9.9442036964999296, "PM10_final": 19.619666282999972, "score_pm25": "B" }, "geometry": { "type": "Polygon", "coordinates": [ [ [ -2.901486285504592, 53.452170817944506 ], [ -2.898415194159709, 53.450049320696884 ], [ -2.901733841086753, 53.448672304647175 ], [ -2.91244838203147, 53.449554968656379 ], [ -2.909393546593035, 53.454184195444192 ], [ -2.907828498005147, 53.45116237073232 ], [ -2.901486285504592, 53.452170817944506 ] ] ] } },
{ "type": "Feature", "properties": { "LSOA21CD": "E01006665", "LSOA21NM": "Liverpool 007A", "area_km2": 0.76465271704744997, "pct_industrial": 0.0, "pct_commercial": 0.0, "pct_residential": 33.749425209119146, "pct_green": 0.0, "bcr": 0.0, "n_buildings": 0, "mean_bldg_area": 0.0, "street_density_motorway": 0.0, "street_density_primary": 0.0, "street_density_secondary": 0.0, "street_density_residential": 5575.7729670355693, "street_density_total": 5575.7729670355693, "pop_density_km2": 1934.2113969212794, "population": 1479, "PM2.5_mean": null, "PM10_mean": null, "n_sensores": null, "pm25_street_mean": 9.3842572837466687, "pm25_street_p25": 9.0050799489194873, "pm25_street_p75": 9.8364526926687184, "pm10_street_mean": 18.823689858834566, "pm10_street_p25": 18.200875119297059, "pm10_street_p75": 19.556004244303505, "n_streets": 78, "PM2.5_lsoa_pred": 10.315891088534578, "PM10_lsoa_pred": 20.508011625930131, "PM2.5_final": 9.3842572837466687, "PM10_final": 18.823689858834566, "score_pm25": "B" }, "geometry": { "type": "Polygon", "coordinates": [ [ [ -2.876841501535585, 53.455452344947638 ], [ -2.8841768859616, 53.454864622742214 ], [ -2.879303594636858, 53.452855111488851 ], [ -2.883228682324392, 53.45073747946482 ], [ -2.889229821306632, 53.4505687426131 ], [ -2.894440391179632, 53.450833952501405 ], [ -2.893202623660259, 53.45595320961489 ], [ -2.888156336706688, 53.460644395410192 ], [ -2.876841501535585, 53.455452344947638 ] ] ] } },
{ "type": "Feature", "properties": { "LSOA21CD": "E01006689", "LSOA21NM": "Liverpool 049D", "area_km2": 0.40756280583715593, "pct_industrial": 0.0, "pct_commercial": 0.0, "pct_residential": 37.343167201177273, "pct_green": 1.1498229334280503, "bcr": 6.4730921333820426, "n_buildings": 218, "mean_bldg_area": 121.01796295062417, "street_density_motorway": 0.0, "street_density_primary": 0.0, "street_density_secondary": 3252.4733364793456, "street_density_residential": 5201.8639756369676, "street_density_total": 8454.3373121163131, "pop_density_km2": 3874.2495080154554, "population": 1579, "PM2.5_mean": null, "PM10_mean": null, "n_sensores": null, "pm25_street_mean": 10.667193298076677, "pm25_street_p25": 10.466653428800445, "pm25_street_p75": 10.818374451490195, "pm10_street_mean": 21.128021740774201, "pm10_street_p25": 20.804836912993061, "pm10_street_p75": 21.394366808392817, "n_streets": 19, "PM2.5_lsoa_pred": 9.9119930955330915, "PM10_lsoa_pred": 19.794739445198445, "PM2.5_final": 10.667193298076677, "PM10_final": 21.128021740774201, "score_pm25": "C" }, "geometry": { "type": "Polygon", "coordinates": [ [ [ -2.903525772202662, 53.377262268731208 ], [ -2.912320865260289, 53.374347999861762 ], [ -2.915367704232064, 53.379189786638101 ], [ -2.911428929627377, 53.381255391629104 ], [ -2.907920338021177, 53.382849998039234 ], [ -2.903525772202662, 53.377262268731208 ] ] ] } },
{ "type": "Feature", "properties": { "LSOA21CD": "E01006690", "LSOA21NM": "Liverpool 028A", "area_km2": 0.72101160277006682, "pct_industrial": 6.1388263787169128, "pct_commercial": 21.143511731580329, "pct_residential": 17.427594234078626, "pct_green": 3.1491684556930042, "bcr": 15.952183725972471, "n_buildings": 511, "mean_bldg_area": 225.08237878563577, "street_density_motorway": 0.0, "street_density_primary": 265.79258007816435, "street_density_secondary": 1.8569892448860936, "street_density_residential": 1961.4777412560795, "street_density_total": 2229.1273105791288, "pop_density_km2": 2543.6483864530392, "population": 1834, "PM2.5_mean": null, "PM10_mean": null, "n_sensores": null, "pm25_street_mean": 9.1716032296707315, "pm25_street_p25": 7.9160979655899251, "pm25_street_p75": 9.0490719582503161, "pm10_street_mean": 18.271095176629057, "pm10_street_p25": 16.04797089934776, "pm10_street_p75": 18.034796472278693, "n_streets": 9, "PM2.5_lsoa_pred": 8.454783773710874, "PM10_lsoa_pred": 17.355800988355064, "PM2.5_final": 9.1716032296707315, "PM10_final": 18.271095176629057, "score_pm25": "B" }, "geometry": { "type": "Polygon", "coordinates": [ [ [ -2.933139814092348, 53.404074809160065 ], [ -2.943809074702455, 53.403728722742414 ], [ -2.945344031296218, 53.408196670580992 ], [ -2.946136486455631, 53.412109561908302 ], [ -2.940547178295188, 53.41017235935626 ], [ -2.941041807555143, 53.412852849514266 ], [ -2.940124887364813, 53.413042517249927 ], [ -2.937670361154624, 53.413470476643695 ], [ -2.936058317490715, 53.409420437919714 ], [ -2.929478110890296, 53.409139253115804 ], [ -2.933139814092348, 53.404074809160065 ] ] ] } },
{ "type": "Feature", "properties": { "LSOA21CD": "E01006691", "LSOA21NM": "Liverpool 030A", "area_km2": 0.17618601018427182, "pct_industrial": 0.0, "pct_commercial": 0.0, "pct_residential": 60.31494451926627, "pct_green": 9.6449245249067594, "bcr": 29.530062749945863, "n_buildings": 867, "mean_bldg_area": 60.009041942377728, "street_density_motorway": 0.0, "street_density_primary": 539.84921694153411, "street_density_secondary": 2327.0906353024875, "street_density_residential": 18614.912847320589, "street_density_total": 21481.85269956461, "pop_density_km2": 10125.662066665371, "population": 1784, "PM2.5_mean": null, "PM10_mean": null, "n_sensores": null, "pm25_street_mean": 11.850822545658577, "pm25_street_p25": 9.4790370369513912, "pm25_street_p75": 13.789277231300725, "pm10_street_mean": 22.752890561682165, "pm10_street_p25": 18.657689681514455, "pm10_street_p75": 26.036044305511169, "n_streets": 34, "PM2.5_lsoa_pred": 11.124547059318459, "PM10_lsoa_pred": 21.545755049960452, "PM2.5_final": 11.850822545658577, "PM10_final": 22.752890561682165, "score_pm25": "C" }, "geometry": { "type": "Polygon", "coordinates": [ [ [ -2.946136486455631, 53.412109561908302 ], [ -2.945344031296218, 53.408196670580992 ], [ -2.954460574748627, 53.408744763007938 ], [ -2.954414291124128, 53.409844116300853 ], [ -2.947575632936402, 53.41212754166925 ], [ -2.946136486455631, 53.412109561908302 ] ] ] } },
{ "type": "Feature", "properties": { "LSOA21CD": "E01006692", "LSOA21NM": "Liverpool 028B", "area_km2": 0.57669175584716803, "pct_industrial": 5.4205674335370517, "pct_commercial": 14.410005490909011, "pct_residential": 35.369224520454566, "pct_green": 2.9442282855073896, "bcr": 21.855001875560674, "n_buildings": 1017, "mean_bldg_area": 123.92919769577421, "street_density_motorway": 0.0, "street_density_primary": 74.927328155388608, "street_density_secondary": 0.18716241458148181, "street_density_residential": 8432.0992737783745, "street_density_total": 8507.2137643483456, "pop_density_km2": 4352.4117946038186, "population": 2510, "PM2.5_mean": null, "PM10_mean": null, "n_sensores": null, "pm25_street_mean": 7.6796675790757973, "pm25_street_p25": 7.2354075653475398, "pm25_street_p75": 7.7284953247356434, "pm10_street_mean": 15.875659419707972, "pm10_street_p25": 15.121038105170996, "pm10_street_p75": 15.936246181778456, "n_streets": 35, "PM2.5_lsoa_pred": 8.9148924077687752, "PM10_lsoa_pred": 17.934087522836393, "PM2.5_final": 7.6796675790757973, "PM10_final": 15.875659419707972, "score_pm25": "B" }, "geometry": { "type": "Polygon", "coordinates": [ [ [ -2.927950149209228, 53.411202366529494 ], [ -2.922744980357458, 53.406711156620823 ], [ -2.921862140516344, 53.405198253712193 ], [ -2.932055355381882, 53.404186461175478 ], [ -2.933139814092348, 53.404074809160065 ], [ -2.929478110890296, 53.409139253115804 ], [ -2.936058317490715, 53.409420437919714 ], [ -2.937670361154624, 53.413470476643695 ], [ -2.929784466225584, 53.414471708957947 ], [ -2.927950149209228, 53.411202366529494 ] ] ] } },
{ "type": "Feature", "properties": { "LSOA21CD": "E01006693", "LSOA21NM": "Liverpool 024D", "area_km2": 0.28262916574944452, "pct_industrial": 6.0985750844957929, "pct_commercial": 1.0407474283108031, "pct_residential": 79.280992119212058, "pct_green": 6.3413908192033714, "bcr": 17.376171455188867, "n_buildings": 459, "mean_bldg_area": 106.99374384094423, "street_density_motorway": 0.0, "street_density_primary": 0.0, "street_density_secondary": 1125.7953261172149, "street_density_residential": 15145.667745220704, "street_density_total": 16271.463071337916, "pop_density_km2": 5374.5337851883942, "population": 1519, "PM2.5_mean": null, "PM10_mean": null, "n_sensores": null, "pm25_street_mean": 11.01321069289955, "pm25_street_p25": 9.176703050208463, "pm25_street_p75": 12.514453204279874, "pm10_street_mean": 21.25246951465531, "pm10_street_p25": 18.071895990459659, "pm10_street_p75": 23.91819338556958, "n_streets": 53, "PM2.5_lsoa_pred": 10.670615101170915, "PM10_lsoa_pred": 20.847819892566626, "PM2.5_final": 11.01321069289955, "PM10_final": 21.25246951465531, "score_pm25": "C" }, "geometry": { "type": "Polygon", "coordinates": [ [ [ -2.947790653707682, 53.42124713712122 ], [ -2.946286068322125, 53.417301676306323 ], [ -2.946266273110854, 53.417250177671605 ], [ -2.955072628944264, 53.416666503332621 ], [ -2.952400250068326, 53.417826977043845 ], [ -2.957174323820008, 53.420238280578388 ], [ -2.949885440982139, 53.422801809408739 ], [ -2.947790653707682, 53.42124713712122 ] ] ] } },
{ "type": "Feature", "properties": { "LSOA21CD": "E01006694", "LSOA21NM": "Liverpool 030B", "area_km2": 0.16446920895962286, "pct_industrial": 8.1762717778395242, "pct_commercial": 3.1599991075971152, "pct_residential": 69.9436616705826, "pct_green": 0.28246714110932708, "bcr": 36.377235059617483, "n_buildings": 819, "mean_bldg_area": 73.051710310055512, "street_density_motorway": 0.0, "street_density_primary": 0.0, "street_density_secondary": 0.0, "street_density_residential": 23308.187356347611, "street_density_total": 23308.187356347611, "pop_density_km2": 11917.124259296337, "population": 1960, "PM2.5_mean": null, "PM10_mean": null, "n_sensores": null, "pm25_street_mean": 10.255260683241143, "pm25_street_p25": 10.103157844905045, "pm25_street_p75": 10.342023094806519, "pm10_street_mean": 19.779762409400025, "pm10_street_p25": 19.544161222948674, "pm10_street_p75": 19.9198558632852, "n_streets": 26, "PM2.5_lsoa_pred": 9.9176931181105719, "PM10_lsoa_pred": 19.297766248934003, "PM2.5_final": 10.255260683241143, "PM10_final": 19.779762409400025, "score_pm25": "C" }, "geometry": { "type": "Polygon", "coordinates": [ [ [ -2.945729021846585, 53.414737546325554 ], [ -2.948891586029092, 53.414264140636121 ], [ -2.955914397119602, 53.415359550107418 ], [ -2.956504066619956, 53.416124177918562 ], [ -2.955072628944264, 53.416666503332621 ], [ -2.946266273110854, 53.417250177671605 ], [ -2.945729021846585, 53.414737546325554 ] ] ] } },
{ "type": "Feature", "properties": { "LSOA21CD": "E01006695", "LSOA21NM": "Liverpool 028C", "area_km2": 0.11377742871483953, "pct_industrial": 0.0, "pct_commercial": 0.0, "pct_residential": 80.193441198246092, "pct_green": 0.0, "bcr": 32.648549093558685, "n_buildings": 415, "mean_bldg_area": 89.510071497236439, "street_density_motorway": 0.0, "street_density_primary": 389.23187584232039, "street_density_secondary": 2769.8017968680347, "street_density_residential": 18270.806685221309, "street_density_total": 21429.840357931665, "pop_density_km2": 15837.939214783577, "population": 1802, "PM2.5_mean": null, "PM10_mean": null, "n_sensores": null, "pm25_street_mean": 10.46194119743134, "pm25_street_p25": 10.06792465568979, "pm25_street_p75": 10.16626800031084, "pm10_street_mean": 20.284488023912459, "pm10_street_p25": 19.553210576089469, "pm10_street_p75": 19.756620973154885, "n_streets": 9, "PM2.5_lsoa_pred": 9.6882088916733409, "PM10_lsoa_pred": 19.085702665443147, "PM2.5_final": 10.46194119743134, "PM10_final": 20.284488023912459, "score_pm25": "C" }, "geometry": { "type": "Polygon", "coordinates": [ [ [ -2.940124887364813, 53.413042517249927 ], [ -2.941041807555143, 53.412852849514266 ], [ -2.945729021846585, 53.414737546325554 ], [ -2.946266273110854, 53.417250177671605 ], [ -2.946286068322125, 53.417301676306323 ], [ -2.943494094478785, 53.417765513001072 ], [ -2.940124887364813, 53.413042517249927 ] ] ] } },
{ "type": "Feature", "properties": { "LSOA21CD": "E01006585", "LSOA21NM": "Liverpool 032B", "area_km2": 0.24616433197096713, "pct_industrial": 0.0, "pct_commercial": 0.0, "pct_residential": 83.168132113853048, "pct_green": 0.24227983815876, "bcr": 13.276242546106134, "n_buildings": 187, "mean_bldg_area": 174.76670467629668, "street_density_motorway": 0.0, "street_density_primary": 0.0, "street_density_secondary": 0.0, "street_density_residential": 11168.140720572759, "street_density_total": 11168.140720572759, "pop_density_km2": 5439.4557866243722, "population": 1339, "PM2.5_mean": null, "PM10_mean": null, "n_sensores": null, "pm25_street_mean": 8.9618962928695538, "pm25_street_p25": 8.7184770148279362, "pm25_street_p75": 9.0942811811869575, "pm10_street_mean": 17.963425794296768, "pm10_street_p25": 17.537374650031893, "pm10_street_p75": 18.197007215861056, "n_streets": 20, "PM2.5_lsoa_pred": 9.9496383366115477, "PM10_lsoa_pred": 19.734702428781038, "PM2.5_final": 8.9618962928695538, "PM10_final": 17.963425794296768, "score_pm25": "B" }, "geometry": { "type": "Polygon", "coordinates": [ [ [ -2.909472005133615, 53.4078466971918 ], [ -2.904446424530152, 53.406123535669153 ], [ -2.908151921315204, 53.403925049200907 ], [ -2.912947327406253, 53.40316982860444 ], [ -2.913628183946271, 53.405623878316462 ], [ -2.914358929759597, 53.409470007801787 ], [ -2.909472005133615, 53.4078466971918 ] ] ] } },
{ "type": "Feature", "properties": { "LSOA21CD": "E01006586", "LSOA21NM": "Liverpool 032C", "area_km2": 0.33572936804057968, "pct_industrial": 0.0, "pct_commercial": 0.0, "pct_residential": 57.650601434892181, "pct_green": 1.3850470635889189, "bcr": 16.843118575670328, "n_buildings": 340, "mean_bldg_area": 166.31557515418669, "street_density_motorway": 0.0, "street_density_primary": 0.0, "street_density_secondary": 3200.1558973016445, "street_density_residential": 11896.697876926202, "street_density_total": 15096.853774227846, "pop_density_km2": 5155.938576665636, "population": 1731, "PM2.5_mean": null, "PM10_mean": null, "n_sensores": null, "pm25_street_mean": 10.241806585518704, "pm25_street_p25": 8.8040267089278714, "pm25_street_p75": 11.473081728071527, "pm10_street_mean": 20.258429683216352, "pm10_street_p25": 17.779151142632728, "pm10_street_p75": 22.414958190770388, "n_streets": 54, "PM2.5_lsoa_pred": 10.089084341962703, "PM10_lsoa_pred": 19.928239862966802, "PM2.5_final": 10.241806585518704, "PM10_final": 20.258429683216352, "score_pm25": "C" }, "geometry": { "type": "Polygon", "coordinates": [ [ [ -2.906423662714779, 53.40259164539826 ], [ -2.909892361965612, 53.397639668346962 ], [ -2.916154904072865, 53.397192444499602 ], [ -2.920490875349259, 53.399885876509728 ], [ -2.914501924506568, 53.399602965467437 ], [ -2.912947327406253, 53.40316982860444 ], [ -2.908151921315204, 53.403925049200907 ], [ -2.906423662714779, 53.40259164539826 ] ] ] } },
{ "type": "Feature", "properties": { "LSOA21CD": "E01006587", "LSOA21NM": "Liverpool 032D", "area_km2": 0.32553025895534687, "pct_industrial": 0.0, "pct_commercial": 0.0, "pct_residential": 80.424871648501977, "pct_green": 0.0, "bcr": 16.891271165237399, "n_buildings": 374, "mean_bldg_area": 147.02192183167685, "street_density_motorway": 0.0, "street_density_primary": 0.0, "street_density_secondary": 0.0, "street_density_residential": 15165.273308940725, "street_density_total": 15165.273308940725, "pop_density_km2": 4684.6643531506079, "population": 1525, "PM2.5_mean": null, "PM10_mean": null, "n_sensores": null, "pm25_street_mean": 9.848646428927271, "pm25_street_p25": 8.5354369371979946, "pm25_street_p75": 11.122990198383956, "pm10_street_mean": 19.411134477977278, "pm10_street_p25": 17.1568967339749, "pm10_street_p75": 21.557222811742832, "n_streets": 36, "PM2.5_lsoa_pred": 10.219341853619872, "PM10_lsoa_pred": 20.081075362129006, "PM2.5_final": 9.848646428927271, "PM10_final": 19.411134477977278, "score_pm25": "B" }, "geometry": { "type": "Polygon", "coordinates": [ [ [ -2.912947327406253, 53.40316982860444 ], [ -2.914501924506568, 53.399602965467437 ], [ -2.920490875349259, 53.399885876509728 ], [ -2.921589301288002, 53.400597950823752 ], [ -2.920883777199905, 53.402347078415303 ], [ -2.921862140516344, 53.405198253712193 ], [ -2.913628183946271, 53.405623878316462 ], [ -2.912947327406253, 53.40316982860444 ] ] ] } },
{ "type": "Feature", "properties": { "LSOA21CD": "E01006588", "LSOA21NM": "Liverpool 042C", "area_km2": 0.41189201657816638, "pct_industrial": 0.0, "pct_commercial": 0.0, "pct_residential": 35.35251774134791, "pct_green": 1.4283971665911832, "bcr": 14.617891237465511, "n_buildings": 277, "mean_bldg_area": 217.36435739783312, "street_density_motorway": 0.0, "street_density_primary": 0.0, "street_density_secondary": 656.28762207805903, "street_density_residential": 6946.4199037104318, "street_density_total": 7602.707525788489, "pop_density_km2": 3833.529023256383, "population": 1579, "PM2.5_mean": null, "PM10_mean": null, "n_sensores": null, "pm25_street_mean": 10.207468350477976, "pm25_street_p25": 9.5285813246174165, "pm25_street_p75": 10.302573961491531, "pm10_street_mean": 20.168663354914955, "pm10_street_p25": 19.011598732497202, "pm10_street_p75": 20.215414488724072, "n_streets": 21, "PM2.5_lsoa_pred": 9.8854995726760055, "PM10_lsoa_pred": 19.71150100127366, "PM2.5_final": 10.207468350477976, "PM10_final": 20.168663354914955, "score_pm25": "C" }, "geometry": { "type": "Polygon", "coordinates": [ [ [ -2.920490875349259, 53.399885876509728 ], [ -2.916154904072865, 53.397192444499602 ], [ -2.910673194418504, 53.393933949358484 ], [ -2.911640987589412, 53.391290738734035 ], [ -2.923006941091511, 53.394409117588701 ], [ -2.92293686897222, 53.395491903284658 ], [ -2.922212112823681, 53.399177219451403 ], [ -2.921589301288002, 53.400597950823752 ], [ -2.920490875349259, 53.399885876509728 ] ] ] } },
{ "type": "Feature", "properties": { "LSOA21CD": "E01006589", "LSOA21NM": "Liverpool 041B", "area_km2": 0.21812346362486867, "pct_industrial": 0.0, "pct_commercial": 0.0, "pct_residential": 68.172615429913293, "pct_green": 1.1137512595435255, "bcr": 17.103623668228437, "n_buildings": 281, "mean_bldg_area": 132.76518274200245, "street_density_motorway": 0.0, "street_density_primary": 0.0, "street_density_secondary": 2464.1610859284806, "street_density_residential": 11274.819221928705, "street_density_total": 13738.980307857184, "pop_density_km2": 6665.9495307694478, "population": 1454, "PM2.5_mean": null, "PM10_mean": null, "n_sensores": null, "pm25_street_mean": 8.7434549088585491, "pm25_street_p25": 8.6010071645291646, "pm25_street_p75": 9.0490574870911669, "pm10_street_mean": 17.707099031357423, "pm10_street_p25": 17.45632765607359, "pm10_street_p75": 18.201969436432911, "n_streets": 19, "PM2.5_lsoa_pred": 9.9307993435676707, "PM10_lsoa_pred": 19.680734382914782, "PM2.5_final": 8.7434549088585491, "PM10_final": 17.707099031357423, "score_pm25": "B" }, "geometry": { "type": "Polygon", "coordinates": [ [ [ -2.904689374818444, 53.396512242472156 ], [ -2.90654655707377, 53.393047443502063 ], [ -2.910673194418504, 53.393933949358484 ], [ -2.916154904072865, 53.397192444499602 ], [ -2.909892361965612, 53.397639668346962 ], [ -2.904689374818444, 53.396512242472156 ] ] ] } },
{ "type": "Feature", "properties": { "LSOA21CD": "E01006590", "LSOA21NM": "Liverpool 042D", "area_km2": 0.22983428712634701, "pct_industrial": 0.0, "pct_commercial": 1.1362325443360239, "pct_residential": 44.642318474015987, "pct_green": 1.063067382319282, "bcr": 18.18734802966959, "n_buildings": 444, "mean_bldg_area": 94.145859664817166, "street_density_motorway": 0.0, "street_density_primary": 0.0, "street_density_secondary": 0.0, "street_density_residential": 10465.377508700696, "street_density_total": 10465.377508700696, "pop_density_km2": 6861.4653614892295, "population": 1577, "PM2.5_mean": null, "PM10_mean": null, "n_sensores": null, "pm25_street_mean": 11.818086240876875, "pm25_street_p25": 11.025354270734898, "pm25_street_p75": 12.531608306872927, "pm10_street_mean": 22.877931264047803, "pm10_street_p25": 21.404248921861594, "pm10_street_p75": 23.953195279045985, "n_streets": 18, "PM2.5_lsoa_pred": 9.980368655998058, "PM10_lsoa_pred": 19.784910447924776, "PM2.5_final": 11.818086240876875, "PM10_final": 22.877931264047803, "score_pm25": "C" }, "geometry": { "type": "Polygon", "coordinates": [ [ [ -2.911640987589412, 53.391290738734035 ], [ -2.913320024177862, 53.388715364865021 ], [ -2.916923140902941, 53.391099525000818 ], [ -2.921691680990064, 53.389869124721017 ], [ -2.923271621006746, 53.390057357469708 ], [ -2.923006941091511, 53.394409117588701 ], [ -2.911640987589412, 53.391290738734035 ] ] ] } },
{ "type": "Feature", "properties": { "LSOA21CD": "E01006591", "LSOA21NM": "Liverpool 041C", "area_km2": 0.19817931845488393, "pct_industrial": 0.0, "pct_commercial": 1.590928022581982, "pct_residential": 81.292928775732676, "pct_green": 0.39710100165380119, "bcr": 26.36087689007433, "n_buildings": 548, "mean_bldg_area": 95.331763064745104, "street_density_motorway": 0.0, "street_density_primary": 2131.1486138955297, "street_density_secondary": 1831.2758072248644, "street_density_residential": 17785.038087873963, "street_density_total": 21747.462508994358, "pop_density_km2": 7548.7190674771064, "population": 1496, "PM2.5_mean": null, "PM10_mean": null, "n_sensores": null, "pm25_street_mean": 10.944360958528884, "pm25_street_p25": 10.685080456709771, "pm25_street_p75": 11.407578580366152, "pm10_street_mean": 21.257854147990233, "pm10_street_p25": 20.793634845954234, "pm10_street_p75": 22.053880755707485, "n_streets": 36, "PM2.5_lsoa_pred": 9.8362863259988025, "PM10_lsoa_pred": 19.32392365112975, "PM2.5_final": 10.944360958528884, "PM10_final": 21.257854147990233, "score_pm25": "C" }, "geometry": { "type": "Polygon", "coordinates": [ [ [ -2.90654655707377, 53.393047443502063 ], [ -2.904846768906729, 53.392340744568266 ], [ -2.910135635216029, 53.390974078133453 ], [ -2.90857397882842, 53.386527877252796 ], [ -2.908731176180278, 53.38646720990522 ], [ -2.913163444044352, 53.386730815091006 ], [ -2.913320024177862, 53.388715364865021 ], [ -2.911640987589412, 53.391290738734035 ], [ -2.910673194418504, 53.393933949358484 ], [ -2.90654655707377, 53.393047443502063 ] ] ] } },
{ "type": "Feature", "properties": { "LSOA21CD": "E01006592", "LSOA21NM": "Liverpool 041D", "area_km2": 0.41281469045612307, "pct_industrial": 0.0, "pct_commercial": 0.0, "pct_residential": 75.074949413816881, "pct_green": 4.5899365282404698, "bcr": 15.370282214434624, "n_buildings": 387, "mean_bldg_area": 163.95551148772827, "street_density_motorway": 0.0, "street_density_primary": 0.0, "street_density_secondary": 0.0, "street_density_residential": 12130.389185084883, "street_density_total": 12130.389185084883, "pop_density_km2": 3703.8410583465252, "population": 1529, "PM2.5_mean": null, "PM10_mean": null, "n_sensores": null, "pm25_street_mean": 10.524461512304915, "pm25_street_p25": 9.2571048655739059, "pm25_street_p75": 11.02184953634039, "pm10_street_mean": 20.64187216610393, "pm10_street_p25": 18.522909623482715, "pm10_street_p75": 21.382463078174169, "n_streets": 26, "PM2.5_lsoa_pred": 10.49865438371457, "PM10_lsoa_pred": 20.649798560823463, "PM2.5_final": 10.524461512304915, "PM10_final": 20.64187216610393, "score_pm25": "C" }, "geometry": { "type": "Polygon", "coordinates": [ [ [ -2.897145942301533, 53.390023650839289 ], [ -2.898922885200425, 53.386633954108767 ], [ -2.90857397882842, 53.386527877252796 ], [ -2.910135635216029, 53.390974078133453 ], [ -2.904846768906729, 53.392340744568266 ], [ -2.897145942301533, 53.390023650839289 ] ] ] } },
{ "type": "Feature", "properties": { "LSOA21CD": "E01006593", "LSOA21NM": "Liverpool 042E", "area_km2": 0.19815982545426208, "pct_industrial": 0.0, "pct_commercial": 0.35514714220529969, "pct_residential": 83.000226565472246, "pct_green": 0.066403087902598495, "bcr": 26.465432876931789, "n_buildings": 437, "mean_bldg_area": 120.00882287103644, "street_density_motorway": 0.0, "street_density_primary": 0.0, "street_density_secondary": 0.0, "street_density_residential": 16081.345222414517, "street_density_total": 16081.345222414517, "pop_density_km2": 7312.2793516713527, "population": 1449, "PM2.5_mean": null, "PM10_mean": null, "n_sensores": null, "pm25_street_mean": 12.546457255889413, "pm25_street_p25": 11.473774627019896, "pm25_street_p75": 12.8415218246789, "pm10_street_mean": 24.02086164138699, "pm10_street_p25": 22.24447255910642, "pm10_street_p75": 24.431576920437152, "n_streets": 22, "PM2.5_lsoa_pred": 9.8835204893364192, "PM10_lsoa_pred": 19.470791113554018, "PM2.5_final": 12.546457255889413, "PM10_final": 24.02086164138699, "score_pm25": "C" }, "geometry": { "type": "Polygon", "coordinates": [ [ [ -2.913320024177862, 53.388715364865021 ], [ -2.913163444044352, 53.386730815091006 ], [ -2.91742018924287, 53.385284008910816 ], [ -2.919872977250538, 53.384505998166354 ], [ -2.917475894809825, 53.387854588485702 ], [ -2.921691680990064, 53.389869124721017 ], [ -2.916923140902941, 53.391099525000818 ], [ -2.913320024177862, 53.388715364865021 ] ] ] } },
{ "type": "Feature", "properties": { "LSOA21CD": "E01006594", "LSOA21NM": "Liverpool 047D", "area_km2": 0.33756357610560933, "pct_industrial": 0.0, "pct_commercial": 0.0, "pct_residential": 90.935961256672442, "pct_green": 0.0, "bcr": 5.0562015530509878, "n_buildings": 84, "mean_bldg_area": 203.18922354269367, "street_density_motorway": 0.0, "street_density_primary": 0.0, "street_density_secondary": 0.0, "street_density_residential": 14048.766892061923, "street_density_total": 14048.766892061923, "pop_density_km2": 3928.148929152092, "population": 1326, "PM2.5_mean": null, "PM10_mean": null, "n_sensores": null, "pm25_street_mean": 9.545741874343312, "pm25_street_p25": 9.3829712355825645, "pm25_street_p75": 9.6488947409949883, "pm10_street_mean": 19.045704184990463, "pm10_street_p25": 18.761559703173209, "pm10_street_p75": 19.232809198612458, "n_streets": 31, "PM2.5_lsoa_pred": 10.575230902999484, "PM10_lsoa_pred": 20.764126232555782, "PM2.5_final": 9.545741874343312, "PM10_final": 19.045704184990463, "score_pm25": "B" }, "geometry": { "type": "Polygon", "coordinates": [ [ [ -2.89470435447854, 53.389465547554728 ], [ -2.886710639467944, 53.387865161099299 ], [ -2.885436992197083, 53.38511136989721 ], [ -2.889954438085041, 53.384332636304741 ], [ -2.898922885200425, 53.386633954108767 ], [ -2.897145942301533, 53.390023650839289 ], [ -2.89470435447854, 53.389465547554728 ] ] ] } },
{ "type": "Feature", "properties": { "LSOA21CD": "E01006595", "LSOA21NM": "Liverpool 049B", "area_km2": 0.1651865849159542, "pct_industrial": 0.0, "pct_commercial": 0.0, "pct_residential": 79.387471806967753, "pct_green": 0.0041443010675068998, "bcr": 25.533819031750639, "n_buildings": 585, "mean_bldg_area": 72.099903687468128, "street_density_motorway": 0.0, "street_density_primary": 1331.5442729840429, "street_density_secondary": 0.0, "street_density_residential": 12777.007271350156, "street_density_total": 14108.551544334205, "pop_density_km2": 10630.403194626493, "population": 1756, "PM2.5_mean": null, "PM10_mean": null, "n_sensores": null, "pm25_street_mean": 11.2819490506071, "pm25_street_p25": 11.230761000452745, "pm25_street_p75": 11.389427757348143, "pm10_street_mean": 22.02704421308621, "pm10_street_p25": 21.921004023849527, "pm10_street_p75": 22.185866972997886, "n_streets": 14, "PM2.5_lsoa_pred": 9.3358930804368576, "PM10_lsoa_pred": 18.587651587409269, "PM2.5_final": 11.2819490506071, "PM10_final": 22.02704421308621, "score_pm25": "C" }, "geometry": { "type": "Polygon", "coordinates": [ [ [ -2.911428929627377, 53.381255391629104 ], [ -2.915367704232064, 53.379189786638101 ], [ -2.918665124703482, 53.383113857738167 ], [ -2.919872977250538, 53.384505998166354 ], [ -2.91742018924287, 53.385284008910816 ], [ -2.911428929627377, 53.381255391629104 ] ] ] } },
{ "type": "Feature", "properties": { "LSOA21CD": "E01006596", "LSOA21NM": "Liverpool 049C", "area_km2": 0.26462535389094627, "pct_industrial": 0.0, "pct_commercial": 0.0, "pct_residential": 78.700384054475549, "pct_green": 0.92551806023191918, "bcr": 21.320115793673779, "n_buildings": 436, "mean_bldg_area": 129.40007309396506, "street_density_motorway": 0.0, "street_density_primary": 1330.313938181559, "street_density_secondary": 2837.116661264969, "street_density_residential": 12721.013285230203, "street_density_total": 16888.44388467673, "pop_density_km2": 5369.8558324294308, "population": 1421, "PM2.5_mean": null, "PM10_mean": null, "n_sensores": null, "pm25_street_mean": 11.569682493318764, "pm25_street_p25": 11.244440334552625, "pm25_street_p75": 11.978779087417717, "pm10_street_mean": 22.434454732253059, "pm10_street_p25": 21.842545151940527, "pm10_street_p75": 23.191176884252336, "n_streets": 31, "PM2.5_lsoa_pred": 9.6480614475810889, "PM10_lsoa_pred": 19.122718505687828, "PM2.5_final": 11.569682493318764, "PM10_final": 22.434454732253059, "score_pm25": "C" }, "geometry": { "type": "Polygon", "coordinates": [ [ [ -2.908731176180278, 53.38646720990522 ], [ -2.905943651266063, 53.383778273763966 ], [ -2.907920338021177, 53.382849998039234 ], [ -2.911428929627377, 53.381255391629104 ], [ -2.91742018924287, 53.385284008910816 ], [ -2.913163444044352, 53.386730815091006 ], [ -2.908731176180278, 53.38646720990522 ] ] ] } },
{ "type": "Feature", "properties": { "LSOA21CD": "E01006597", "LSOA21NM": "Liverpool 041E", "area_km2": 0.27848533921274277, "pct_industrial": 0.0, "pct_commercial": 0.0, "pct_residential": 67.290338846445081, "pct_green": 0.52921925337094411, "bcr": 11.609745634051698, "n_buildings": 204, "mean_bldg_area": 158.48744858198756, "street_density_motorway": 0.0, "street_density_primary": 0.0, "street_density_secondary": 500.74761420266958, "street_density_residential": 12727.372913673573, "street_density_total": 13228.120527876245, "pop_density_km2": 6029.0426948377517, "population": 1679, "PM2.5_mean": null, "PM10_mean": null, "n_sensores": null, "pm25_street_mean": 12.006423879926404, "pm25_street_p25": 10.360079352369127, "pm25_street_p75": 10.961546765044019, "pm10_street_mean": 23.26342147007502, "pm10_street_p25": 20.374410921319093, "pm10_street_p75": 21.28209430270217, "n_streets": 21, "PM2.5_lsoa_pred": 10.357730436092398, "PM10_lsoa_pred": 20.406152986954329, "PM2.5_final": 12.006423879926404, "PM10_final": 23.26342147007502, "score_pm25": "C" }, "geometry": { "type": "Polygon", "coordinates": [ [ [ -2.889954438085041, 53.384332636304741 ], [ -2.892681600700233, 53.383857386549103 ], [ -2.905943651266063, 53.383778273763966 ], [ -2.908731176180278, 53.38646720990522 ], [ -2.90857397882842, 53.386527877252796 ], [ -2.898922885200425, 53.386633954108767 ], [ -2.889954438085041, 53.384332636304741 ] ] ] } },
{ "type": "Feature", "properties": { "LSOA21CD": "E01006598", "LSOA21NM": "Liverpool 010A", "area_km2": 0.22770327897712195, "pct_industrial": 0.0, "pct_commercial": 0.0, "pct_residential": 100.0, "pct_green": 0.1710651766246381, "bcr": 15.789864879168288, "n_buildings": 402, "mean_bldg_area": 89.437910636624807, "street_density_motorway": 0.0, "street_density_primary": 0.0, "street_density_secondary": 0.0, "street_density_residential": 18997.227309456397, "street_density_total": 18997.227309456397, "pop_density_km2": 7518.5566395467231, "population": 1712, "PM2.5_mean": null, "PM10_mean": null, "n_sensores": null, "pm25_street_mean": 11.628762682227336, "pm25_street_p25": 11.212172288022515, "pm25_street_p75": 12.142990917690817, "pm10_street_mean": 22.267042140323397, "pm10_street_p25": 21.576213412018731, "pm10_street_p75": 23.06933062157556, "n_streets": 29, "PM2.5_lsoa_pred": 10.548011783917884, "PM10_lsoa_pred": 20.566361003785826, "PM2.5_final": 11.628762682227336, "PM10_final": 22.267042140323397, "score_pm25": "C" }, "geometry": { "type": "Polygon", "coordinates": [ [ [ -2.91216942700377, 53.446566422051255 ], [ -2.918578763653682, 53.443102667945446 ], [ -2.919578272517349, 53.442546585493758 ], [ -2.923163159072594, 53.444992482714099 ], [ -2.916217830818538, 53.447923684027579 ], [ -2.913563461338929, 53.4489855155282 ], [ -2.91216942700377, 53.446566422051255 ] ] ] } },
{ "type": "Feature", "properties": { "LSOA21CD": "E01006599", "LSOA21NM": "Liverpool 010B", "area_km2": 0.19293477438282222, "pct_industrial": 0.0, "pct_commercial": 0.0, "pct_residential": 99.649626010274162, "pct_green": 5.4359161545150982, "bcr": 18.09737651272156, "n_buildings": 653, "mean_bldg_area": 53.470340802494952, "street_density_motorway": 0.0, "street_density_primary": 0.0, "street_density_secondary": 0.0, "street_density_residential": 19698.329836889221, "street_density_total": 19698.329836889221, "pop_density_km2": 9733.8595699376729, "population": 1878, "PM2.5_mean": null, "PM10_mean": null, "n_sensores": null, "pm25_street_mean": 13.139845505008823, "pm25_street_p25": 12.352291851247454, "pm25_street_p75": 12.548089969072421, "pm10_street_mean": 24.889971391367592, "pm10_street_p25": 23.576609433898803, "pm10_street_p75": 23.917912552896272, "n_streets": 18, "PM2.5_lsoa_pred": 11.049251733834666, "PM10_lsoa_pred": 21.417063041854533, "PM2.5_final": 13.139845505008823, "PM10_final": 24.889971391367592, "score_pm25": "C" }, "geometry": { "type": "Polygon", "coordinates": [ [ [ -2.909699401739371, 53.440444145399702 ], [ -2.913560445718063, 53.438432445985264 ], [ -2.91360893453392, 53.438464030324432 ], [ -2.913027649341778, 53.442706464794391 ], [ -2.918578763653682, 53.443102667945446 ], [ -2.91216942700377, 53.446566422051255 ], [ -2.909699401739371, 53.440444145399702 ] ] ] } },
{ "type": "Feature", "properties": { "LSOA21CD": "E01006600", "LSOA21NM": "Liverpool 011A", "area_km2": 0.18563388841977407, "pct_industrial": 0.0, "pct_commercial": 0.0, "pct_residential": 100.0, "pct_green": 15.087821211315791, "bcr": 11.529549057472479, "n_buildings": 357, "mean_bldg_area": 59.951681323953991, "street_density_motorway": 0.0, "street_density_primary": 3770.5971400945782, "street_density_secondary": 0.0, "street_density_residential": 13084.224431109473, "street_density_total": 16854.821571204051, "pop_density_km2": 7638.6914699188728, "population": 1418, "PM2.5_mean": null, "PM10_mean": null, "n_sensores": null, "pm25_street_mean": 12.774318004421762, "pm25_street_p25": 11.177236638334485, "pm25_street_p75": 14.518256111428068, "pm10_street_mean": 24.481313781110611, "pm10_street_p25": 21.75993774940688, "pm10_street_p75": 27.426454874924779, "n_streets": 15, "PM2.5_lsoa_pred": 11.54648167539262, "PM10_lsoa_pred": 22.479798550448205, "PM2.5_final": 12.774318004421762, "PM10_final": 24.481313781110611, "score_pm25": "C" }, "geometry": { "type": "Polygon", "coordinates": [ [ [ -2.928209103388862, 53.440664070816048 ], [ -2.921162016933545, 53.438507383264714 ], [ -2.925374457492997, 53.437408595498837 ], [ -2.932958707956295, 53.436878712428701 ], [ -2.933266391881637, 53.440735452473916 ], [ -2.931444651424681, 53.438282948385442 ], [ -2.928209103388862, 53.440664070816048 ] ] ] } },
{ "type": "Feature", "properties": { "LSOA21CD": "E01006603", "LSOA21NM": "Liverpool 011B", "area_km2": 0.25255901594783553, "pct_industrial": 0.0, "pct_commercial": 0.0, "pct_residential": 76.61894692004276, "pct_green": 2.9746851182978897, "bcr": 16.155602908643345, "n_buildings": 247, "mean_bldg_area": 165.1920312814151, "street_density_motorway": 0.0, "street_density_primary": 2541.5141665927622, "street_density_secondary": 0.0, "street_density_residential": 13013.588431853515, "street_density_total": 15555.102598446279, "pop_density_km2": 5812.5028500396365, "population": 1468, "PM2.5_mean": null, "PM10_mean": null, "n_sensores": null, "pm25_street_mean": 10.744061738804715, "pm25_street_p25": 10.050094404745693, "pm25_street_p75": 10.705623955931884, "pm10_street_mean": 21.057181569460653, "pm10_street_p25": 19.859802949687499, "pm10_street_p75": 20.961524475548423, "n_streets": 27, "PM2.5_lsoa_pred": 10.230539025893005, "PM10_lsoa_pred": 20.168336087394334, "PM2.5_final": 10.744061738804715, "PM10_final": 21.057181569460653, "score_pm25": "C" }, "geometry": { "type": "Polygon", "coordinates": [ [ [ -2.928209103388862, 53.440664070816048 ], [ -2.931444651424681, 53.438282948385442 ], [ -2.933266391881637, 53.440735452473916 ], [ -2.932958707956295, 53.436878712428701 ], [ -2.933030613976243, 53.436725340248529 ], [ -2.937493024480159, 53.436479790564135 ], [ -2.938158449423199, 53.440785922494214 ], [ -2.938170974677309, 53.440874723767045 ], [ -2.931692566904759, 53.44230574067025 ], [ -2.931517781878795, 53.442323931233716 ], [ -2.928209103388862, 53.440664070816048 ] ] ] } },
{ "type": "Feature", "properties": { "LSOA21CD": "E01006604", "LSOA21NM": "Liverpool 016A", "area_km2": 0.36572261047859778, "pct_industrial": 0.0, "pct_commercial": 0.0, "pct_residential": 90.770855850458673, "pct_green": 8.1204951132337353, "bcr": 8.7348631821180049, "n_buildings": 411, "mean_bldg_area": 77.725960222325739, "street_density_motorway": 0.0, "street_density_primary": 0.0, "street_density_secondary": 0.0, "street_density_residential": 12194.113313397511, "street_density_total": 12194.113313397511, "pop_density_km2": 4295.6053440177866, "population": 1571, "PM2.5_mean": null, "PM10_mean": null, "n_sensores": null, "pm25_street_mean": 13.657448658120936, "pm25_street_p25": 11.080172353463901, "pm25_street_p75": 14.443951195251385, "pm10_street_mean": 26.000867818753608, "pm10_street_p25": 21.551702983704686, "pm10_street_p75": 27.389562556712413, "n_streets": 27, "PM2.5_lsoa_pred": 11.069179940102327, "PM10_lsoa_pred": 21.652396737882611, "PM2.5_final": 13.657448658120936, "PM10_final": 26.000867818753608, "score_pm25": "C" }, "geometry": { "type": "Polygon", "coordinates": [ [ [ -2.91360893453392, 53.438464030324432 ], [ -2.913560445718063, 53.438432445985264 ], [ -2.917183553847389, 53.436661649442193 ], [ -2.923918769912425, 53.431807307918234 ], [ -2.927723014565597, 53.434623310692608 ], [ -2.925374457492997, 53.437408595498837 ], [ -2.921162016933545, 53.438507383264714 ], [ -2.919386316972266, 53.439932313952042 ], [ -2.91360893453392, 53.438464030324432 ] ] ] } },
{ "type": "Feature", "properties": { "LSOA21CD": "E01006605", "LSOA21NM": "Liverpool 016B", "area_km2": 0.32679782466912499, "pct_industrial": 0.0, "pct_commercial": 0.0, "pct_residential": 93.879378776593725, "pct_green": 0.19652139513196459, "bcr": 16.486839412268218, "n_buildings": 617, "mean_bldg_area": 87.323553575339517, "street_density_motorway": 0.0, "street_density_primary": 154.47706348677207, "street_density_secondary": 0.0, "street_density_residential": 12384.304700119428, "street_density_total": 12538.781763606205, "pop_density_km2": 4935.7733688500648, "population": 1613, "PM2.5_mean": null, "PM10_mean": null, "n_sensores": null, "pm25_street_mean": 11.172834779820915, "pm25_street_p25": 9.9454194107688423, "pm25_street_p75": 10.8591816256247, "pm10_street_mean": 21.734589276986132, "pm10_street_p25": 19.601677067548351, "pm10_street_p75": 21.198059312290994, "n_streets": 27, "PM2.5_lsoa_pred": 9.6758482442826548, "PM10_lsoa_pred": 19.178645950290534, "PM2.5_final": 11.172834779820915, "PM10_final": 21.734589276986132, "score_pm25": "C" }, "geometry": { "type": "Polygon", "coordinates": [ [ [ -2.923918769912425, 53.431807307918234 ], [ -2.927205329440833, 53.428230488262372 ], [ -2.929323699018537, 53.430191424320817 ], [ -2.931019687121091, 53.431752233074064 ], [ -2.933030613976243, 53.436725340248529 ], [ -2.932958707956295, 53.436878712428701 ], [ -2.925374457492997, 53.437408595498837 ], [ -2.927723014565597, 53.434623310692608 ], [ -2.923918769912425, 53.431807307918234 ] ] ] } },
{ "type": "Feature", "properties": { "LSOA21CD": "E01006606", "LSOA21NM": "Liverpool 020A", "area_km2": 0.42588088674499425, "pct_industrial": 0.0, "pct_commercial": 0.0, "pct_residential": 46.564784293022285, "pct_green": 0.0, "bcr": 9.0965315511683364, "n_buildings": 385, "mean_bldg_area": 100.62438761858157, "street_density_motorway": 0.0, "street_density_primary": 3127.6312779960431, "street_density_secondary": 0.0, "street_density_residential": 7922.0052920771232, "street_density_total": 11049.636570073164, "pop_density_km2": 3557.3326889101277, "population": 1515, "PM2.5_mean": null, "PM10_mean": null, "n_sensores": null, "pm25_street_mean": 9.5246100375416898, "pm25_street_p25": 9.4077251436196203, "pm25_street_p75": 9.6574350133702715, "pm10_street_mean": 18.898593276308961, "pm10_street_p25": 18.711875293879842, "pm10_street_p75": 19.066699316297488, "n_streets": 27, "PM2.5_lsoa_pred": 9.7184065411224339, "PM10_lsoa_pred": 19.371164344948216, "PM2.5_final": 9.5246100375416898, "PM10_final": 18.898593276308961, "score_pm25": "B" }, "geometry": { "type": "Polygon", "coordinates": [ [ [ -2.931019687121091, 53.431752233074064 ], [ -2.936607082419086, 53.429507751680305 ], [ -2.937852660159623, 53.428779477544339 ], [ -2.942029821099915, 53.435236098264909 ], [ -2.943643833548424, 53.436508337033573 ], [ -2.937493024480159, 53.436479790564135 ], [ -2.933030613976243, 53.436725340248529 ], [ -2.931019687121091, 53.431752233074064 ] ] ] } },
{ "type": "Feature", "properties": { "LSOA21CD": "E01006607", "LSOA21NM": "Liverpool 008A", "area_km2": 0.14537853435398235, "pct_industrial": 0.0, "pct_commercial": 0.0, "pct_residential": 97.714947562363875, "pct_green": 0.51600720848505766, "bcr": 20.270059350043805, "n_buildings": 523, "mean_bldg_area": 56.344770928826087, "street_density_motorway": 0.0, "street_density_primary": 0.0, "street_density_secondary": 0.0, "street_density_residential": 19916.809840382542, "street_density_total": 19916.809840382542, "pop_density_km2": 10613.671453331257, "population": 1543, "PM2.5_mean": null, "PM10_mean": null, "n_sensores": null, "pm25_street_mean": 9.3857209357088447, "pm25_street_p25": 8.9743735262671507, "pm25_street_p75": 9.7535030800579285, "pm10_street_mean": 18.600092078873526, "pm10_street_p25": 17.904068675671134, "pm10_street_p75": 19.216784228999892, "n_streets": 11, "PM2.5_lsoa_pred": 10.462580724634023, "PM10_lsoa_pred": 20.391155494769865, "PM2.5_final": 9.3857209357088447, "PM10_final": 18.600092078873526, "score_pm25": "B" }, "geometry": { "type": "Polygon", "coordinates": [ [ [ -2.945012574420935, 53.441808853235756 ], [ -2.945826410578275, 53.440813484285428 ], [ -2.950616177318304, 53.444964257714567 ], [ -2.945303608543714, 53.44754014688629 ], [ -2.945012574420935, 53.441808853235756 ] ] ] } },
{ "type": "Feature", "properties": { "LSOA21CD": "E01006608", "LSOA21NM": "Liverpool 009A", "area_km2": 0.29870414599301787, "pct_industrial": 0.0, "pct_commercial": 0.0, "pct_residential": 45.931022253622643, "pct_green": 0.31576395563192489, "bcr": 15.86079229276586, "n_buildings": 548, "mean_bldg_area": 86.454095193125298, "street_density_motorway": 0.0, "street_density_primary": 0.0, "street_density_secondary": 0.0, "street_density_residential": 8610.8568758455312, "street_density_total": 8610.8568758455312, "pop_density_km2": 3766.2684468607831, "population": 1125, "PM2.5_mean": null, "PM10_mean": null, "n_sensores": null, "pm25_street_mean": 10.874303891940173, "pm25_street_p25": 9.3720516725705565, "pm25_street_p75": 12.209414597199951, "pm10_street_mean": 21.263961699981579, "pm10_street_p25": 18.515374750684117, "pm10_street_p75": 23.717331711166729, "n_streets": 16, "PM2.5_lsoa_pred": 9.7797129485794478, "PM10_lsoa_pred": 19.456378189323541, "PM2.5_final": 10.874303891940173, "PM10_final": 21.263961699981579, "score_pm25": "C" }, "geometry": { "type": "Polygon", "coordinates": [ [ [ -2.949021380747485, 53.450480422752705 ], [ -2.959028923978468, 53.448141973609779 ], [ -2.954704825902688, 53.444838437791482 ], [ -2.962770499219046, 53.444500040870857 ], [ -2.966036096552151, 53.447663356713285 ], [ -2.965967318405994, 53.447703635662045 ], [ -2.954150001521395, 53.450638277413759 ], [ -2.949021380747485, 53.450480422752705 ] ] ] } },
{ "type": "Feature", "properties": { "LSOA21CD": "E01006609", "LSOA21NM": "Liverpool 009B", "area_km2": 0.13009823660693784, "pct_industrial": 0.0, "pct_commercial": 0.0, "pct_residential": 74.640811137797286, "pct_green": 1.3290276807879242, "bcr": 22.378247322151715, "n_buildings": 183, "mean_bldg_area": 159.09128497081238, "street_density_motorway": 0.0, "street_density_primary": 0.0, "street_density_secondary": 0.0, "street_density_residential": 17198.967265510106, "street_density_total": 17198.967265510106, "pop_density_km2": 9246.858615267709, "population": 1203, "PM2.5_mean": null, "PM10_mean": null, "n_sensores": null, "pm25_street_mean": 9.2730768431329924, "pm25_street_p25": 9.1601623330348012, "pm25_street_p75": 9.4260621522777974, "pm10_street_mean": 18.416081172540967, "pm10_street_p25": 18.24556481328047, "pm10_street_p75": 18.626471878349605, "n_streets": 20, "PM2.5_lsoa_pred": 10.513002603233117, "PM10_lsoa_pred": 20.577483882120834, "PM2.5_final": 9.2730768431329924, "PM10_final": 18.416081172540967, "score_pm25": "B" }, "geometry": { "type": "Polygon", "coordinates": [ [ [ -2.95527413851813, 53.441250219022848 ], [ -2.960684463166074, 53.442753369373783 ], [ -2.960779152743432, 53.442763899436535 ], [ -2.962770499219046, 53.444500040870857 ], [ -2.954704825902688, 53.444838437791482 ], [ -2.95527413851813, 53.441250219022848 ] ] ] } },
{ "type": "Feature", "properties": { "LSOA21CD": "E01006610", "LSOA21NM": "Liverpool 009C", "area_km2": 0.18330873827550356, "pct_industrial": 0.21081120396826869, "pct_commercial": 0.0, "pct_residential": 90.986242182346885, "pct_green": 0.98208138036532, "bcr": 33.728730081608923, "n_buildings": 176, "mean_bldg_area": 351.29380425538369, "street_density_motorway": 0.0, "street_density_primary": 13.808367863605865, "street_density_secondary": 0.0, "street_density_residential": 17602.285029040344, "street_density_total": 17616.093396903947, "pop_density_km2": 7959.2495902033779, "population": 1459, "PM2.5_mean": null, "PM10_mean": null, "n_sensores": null, "pm25_street_mean": 10.183288523634815, "pm25_street_p25": 9.7502546292526482, "pm25_street_p75": 10.591345595940876, "pm10_street_mean": 19.696061354821897, "pm10_street_p25": 19.049417594363973, "pm10_street_p75": 20.388086322705426, "n_streets": 24, "PM2.5_lsoa_pred": 9.8530822232087427, "PM10_lsoa_pred": 19.412307437529794, "PM2.5_final": 10.183288523634815, "PM10_final": 19.696061354821897, "score_pm25": "C" }, "geometry": { "type": "Polygon", "coordinates": [ [ [ -2.962770499219046, 53.444500040870857 ], [ -2.960779152743432, 53.442763899436535 ], [ -2.967849986312062, 53.443084290716854 ], [ -2.970648388936223, 53.443086253595297 ], [ -2.97048295712283, 53.44338366429745 ], [ -2.967016366573453, 53.447584862056978 ], [ -2.966036096552151, 53.447663356713285 ], [ -2.962770499219046, 53.444500040870857 ] ] ] } },
{ "type": "Feature", "properties": { "LSOA21CD": "E01006611", "LSOA21NM": "Liverpool 012A", "area_km2": 0.062802837505440412, "pct_industrial": 0.0, "pct_commercial": 0.0, "pct_residential": 81.52750971321673, "pct_green": 0.48594005610377111, "bcr": 35.031972454754438, "n_buildings": 427, "mean_bldg_area": 51.524760505175813, "street_density_motorway": 0.0, "street_density_primary": 0.0, "street_density_secondary": 0.0, "street_density_residential": 22294.251138066891, "street_density_total": 22294.251138066891, "pop_density_km2": 21209.23278163368, "population": 1332, "PM2.5_mean": null, "PM10_mean": null, "n_sensores": null, "pm25_street_mean": 11.264230315203426, "pm25_street_p25": 11.151845581937195, "pm25_street_p75": 11.404877263949816, "pm10_street_mean": 21.45526949270571, "pm10_street_p25": 21.256981770827004, "pm10_street_p75": 21.683578123724061, "n_streets": 9, "PM2.5_lsoa_pred": 10.1778949685055, "PM10_lsoa_pred": 19.869266040066528, "PM2.5_final": 11.264230315203426, "PM10_final": 21.45526949270571, "score_pm25": "C" }, "geometry": { "type": "Polygon", "coordinates": [ [ [ -2.967849986312062, 53.443084290716854 ], [ -2.967866260478109, 53.440045311019922 ], [ -2.967569709819014, 53.438601208250461 ], [ -2.970772447075599, 53.441521172536611 ], [ -2.970648388936223, 53.443086253595297 ], [ -2.967849986312062, 53.443084290716854 ] ] ] } },
{ "type": "Feature", "properties": { "LSOA21CD": "E01006612", "LSOA21NM": "Liverpool 008B", "area_km2": 0.24954039110911491, "pct_industrial": 0.0, "pct_commercial": 0.0, "pct_residential": 97.914265380772207, "pct_green": 16.91421769586881, "bcr": 18.404320509097129, "n_buildings": 541, "mean_bldg_area": 84.891337115297645, "street_density_motorway": 0.0, "street_density_primary": 0.0, "street_density_secondary": 0.0, "street_density_residential": 13216.279131689686, "street_density_total": 13216.279131689686, "pop_density_km2": 5766.6015253249234, "population": 1439, "PM2.5_mean": null, "PM10_mean": null, "n_sensores": null, "pm25_street_mean": 11.872519734573078, "pm25_street_p25": 10.077031318001698, "pm25_street_p75": 11.843507533512115, "pm10_street_mean": 22.843881376794528, "pm10_street_p25": 19.707888104654018, "pm10_street_p75": 22.769300267178711, "n_streets": 13, "PM2.5_lsoa_pred": 11.752780439300679, "PM10_lsoa_pred": 22.827695099239406, "PM2.5_final": 11.872519734573078, "PM10_final": 22.843881376794528, "score_pm25": "C" }, "geometry": { "type": "Polygon", "coordinates": [ [ [ -2.942265427170475, 53.447848993821474 ], [ -2.939554190943222, 53.444267645443738 ], [ -2.938170974677309, 53.440874723767045 ], [ -2.938158449423199, 53.440785922494214 ], [ -2.945012574420935, 53.441808853235756 ], [ -2.945303608543714, 53.44754014688629 ], [ -2.942619501757791, 53.448240099621188 ], [ -2.942265427170475, 53.447848993821474 ] ] ] } },
{ "type": "Feature", "properties": { "LSOA21CD": "E01006613", "LSOA21NM": "Liverpool 009D", "area_km2": 0.62730555601832216, "pct_industrial": 0.0, "pct_commercial": 0.0, "pct_residential": 32.372348043515572, "pct_green": 2.5907787470306438, "bcr": 7.0957189424896718, "n_buildings": 648, "mean_bldg_area": 68.691109823583702, "street_density_motorway": 0.0, "street_density_primary": 0.0, "street_density_secondary": 0.0, "street_density_residential": 7092.5606908552381, "street_density_total": 7092.5606908552381, "pop_density_km2": 2010.184650689064, "population": 1261, "PM2.5_mean": null, "PM10_mean": null, "n_sensores": null, "pm25_street_mean": 10.987536910134478, "pm25_street_p25": 9.6891479329574537, "pm25_street_p75": 10.762957380293168, "pm10_street_mean": 21.473225958275663, "pm10_street_p25": 19.2424626087519, "pm10_street_p75": 21.002248248499196, "n_streets": 25, "PM2.5_lsoa_pred": 10.259284014265745, "PM10_lsoa_pred": 20.320816910581591, "PM2.5_final": 10.987536910134478, "PM10_final": 21.473225958275663, "score_pm25": "C" }, "geometry": { "type": "Polygon", "coordinates": [ [ [ -2.943889697694835, 53.4493115597379 ], [ -2.942619501757791, 53.448240099621188 ], [ -2.945303608543714, 53.44754014688629 ], [ -2.950616177318304, 53.444964257714567 ], [ -2.945826410578275, 53.440813484285428 ], [ -2.950777655987979, 53.439685956473852 ], [ -2.95527413851813, 53.441250219022848 ], [ -2.954704825902688, 53.444838437791482 ], [ -2.959028923978468, 53.448141973609779 ], [ -2.949021380747485, 53.450480422752705 ], [ -2.943889697694835, 53.4493115597379 ] ] ] } },
{ "type": "Feature", "properties": { "LSOA21CD": "E01006614", "LSOA21NM": "Liverpool 012B", "area_km2": 0.10870811971714624, "pct_industrial": 0.0, "pct_commercial": 0.0, "pct_residential": 97.585725918772297, "pct_green": 0.0, "bcr": 36.813512896326557, "n_buildings": 651, "mean_bldg_area": 61.473544810177813, "street_density_motorway": 0.0, "street_density_primary": 0.0, "street_density_secondary": 0.0, "street_density_residential": 30783.64787850056, "street_density_total": 30783.64787850056, "pop_density_km2": 10238.425638268578, "population": 1113, "PM2.5_mean": null, "PM10_mean": null, "n_sensores": null, "pm25_street_mean": 10.296096702926976, "pm25_street_p25": 9.9367371267833668, "pm25_street_p75": 10.582481368352834, "pm10_street_mean": 19.968901098665693, "pm10_street_p25": 19.383931579765402, "pm10_street_p75": 20.370812250959915, "n_streets": 24, "PM2.5_lsoa_pred": 11.053065685964414, "PM10_lsoa_pred": 21.126881073927937, "PM2.5_final": 10.296096702926976, "PM10_final": 19.968901098665693, "score_pm25": "C" }, "geometry": { "type": "Polygon", "coordinates": [ [ [ -2.960779152743432, 53.442763899436535 ], [ -2.960684463166074, 53.442753369373783 ], [ -2.961969898015457, 53.441211589982281 ], [ -2.967866260478109, 53.440045311019922 ], [ -2.967849986312062, 53.443084290716854 ], [ -2.960779152743432, 53.442763899436535 ] ] ] } },
{ "type": "Feature", "properties": { "LSOA21CD": "E01006615", "LSOA21NM": "Liverpool 012C", "area_km2": 0.10856168591754158, "pct_industrial": 0.0, "pct_commercial": 0.0, "pct_residential": 42.980496646361452, "pct_green": 0.0, "bcr": 33.933229965261361, "n_buildings": 287, "mean_bldg_area": 128.3570959462165, "street_density_motorway": 0.0, "street_density_primary": 0.0, "street_density_secondary": 0.0, "street_density_residential": 17331.761394450736, "street_density_total": 17331.761394450736, "pop_density_km2": 12859.048643186481, "population": 1396, "PM2.5_mean": null, "PM10_mean": null, "n_sensores": null, "pm25_street_mean": 9.9916359244021979, "pm25_street_p25": 9.4015583998961816, "pm25_street_p75": 10.373528109138844, "pm10_street_mean": 19.646840900230341, "pm10_street_p25": 18.658205245814905, "pm10_street_p75": 20.147588296196865, "n_streets": 14, "PM2.5_lsoa_pred": 10.108254580034638, "PM10_lsoa_pred": 19.857822986346946, "PM2.5_final": 9.9916359244021979, "PM10_final": 19.646840900230341, "score_pm25": "B" }, "geometry": { "type": "Polygon", "coordinates": [ [ [ -2.963595368100126, 53.43785670410977 ], [ -2.967459417361264, 53.437139027375714 ], [ -2.967666685139359, 53.437691305216276 ], [ -2.967569709819014, 53.438601208250461 ], [ -2.967866260478109, 53.440045311019922 ], [ -2.961969898015457, 53.441211589982281 ], [ -2.963595368100126, 53.43785670410977 ] ] ] } },
{ "type": "Feature", "properties": { "LSOA21CD": "E01006616", "LSOA21NM": "Liverpool 015D", "area_km2": 0.32837727389612736, "pct_industrial": 0.0, "pct_commercial": 0.0, "pct_residential": 83.042388314788013, "pct_green": 0.0, "bcr": 11.918052252242145, "n_buildings": 471, "mean_bldg_area": 83.091666852290359, "street_density_motorway": 0.0, "street_density_primary": 0.0, "street_density_secondary": 0.0, "street_density_residential": 10421.715612842772, "street_density_total": 10421.715612842772, "pop_density_km2": 3977.1327184265356, "population": 1306, "PM2.5_mean": null, "PM10_mean": null, "n_sensores": null, "pm25_street_mean": 11.059233980697641, "pm25_street_p25": 10.147758370319622, "pm25_street_p75": 12.020589918798322, "pm10_street_mean": 21.589609425775798, "pm10_street_p25": 19.967962608062916, "pm10_street_p75": 23.380373117580632, "n_streets": 21, "PM2.5_lsoa_pred": 9.7927022411192102, "PM10_lsoa_pred": 19.443879934363654, "PM2.5_final": 11.059233980697641, "PM10_final": 21.589609425775798, "score_pm25": "C" }, "geometry": { "type": "Polygon", "coordinates": [ [ [ -2.938158449423199, 53.440785922494214 ], [ -2.937493024480159, 53.436479790564135 ], [ -2.943643833548424, 53.436508337033573 ], [ -2.94530815088206, 53.437529252679141 ], [ -2.950777655987979, 53.439685956473852 ], [ -2.945826410578275, 53.440813484285428 ], [ -2.945012574420935, 53.441808853235756 ], [ -2.938158449423199, 53.440785922494214 ] ] ] } },
{ "type": "Feature", "properties": { "LSOA21CD": "E01006617", "LSOA21NM": "Liverpool 021A", "area_km2": 0.40988077822180236, "pct_industrial": 0.0, "pct_commercial": 0.49328024490945871, "pct_residential": 56.82175531188016, "pct_green": 1.1065374135555208, "bcr": 13.619275657666799, "n_buildings": 340, "mean_bldg_area": 164.1846854524035, "street_density_motorway": 0.0, "street_density_primary": 0.0, "street_density_secondary": 0.0, "street_density_residential": 14402.138792789779, "street_density_total": 14402.138792789779, "pop_density_km2": 3625.4444681371906, "population": 1486, "PM2.5_mean": null, "PM10_mean": null, "n_sensores": null, "pm25_street_mean": 10.759860677515261, "pm25_street_p25": 10.351873012102978, "pm25_street_p75": 11.150678202741688, "pm10_street_mean": 21.014418974456486, "pm10_street_p25": 20.31806997469284, "pm10_street_p75": 21.629257910755204, "n_streets": 57, "PM2.5_lsoa_pred": 10.607010194955373, "PM10_lsoa_pred": 20.781158855064398, "PM2.5_final": 10.759860677515261, "PM10_final": 21.014418974456486, "score_pm25": "C" }, "geometry": { "type": "Polygon", "coordinates": [ [ [ -2.910962548850713, 53.433005068628319 ], [ -2.908719809446341, 53.432286319988265 ], [ -2.910934836752415, 53.427872176229677 ], [ -2.917471304699314, 53.426728871503826 ], [ -2.918213549287747, 53.427087322284684 ], [ -2.921806634680191, 53.429342769845498 ], [ -2.916579569343474, 53.433063453035082 ], [ -2.910962548850713, 53.433005068628319 ] ] ] } },
{ "type": "Feature", "properties": { "LSOA21CD": "E01006618", "LSOA21NM": "Liverpool 016C", "area_km2": 0.22618904093528802, "pct_industrial": 0.0, "pct_commercial": 0.0, "pct_residential": 73.068247043250352, "pct_green": 2.4756995525715131, "bcr": 14.907022200893284, "n_buildings": 226, "mean_bldg_area": 149.19491393013709, "street_density_motorway": 0.0, "street_density_primary": 0.0, "street_density_secondary": 0.0, "street_density_residential": 11311.340863102288, "street_density_total": 11311.340863102288, "pop_density_km2": 7109.0977412121565, "population": 1608, "PM2.5_mean": null, "PM10_mean": null, "n_sensores": null, "pm25_street_mean": 10.587686326501183, "pm25_street_p25": 9.0989083584862485, "pm25_street_p75": 11.831087968044287, "pm10_street_mean": 20.80567269627322, "pm10_street_p25": 18.205500695363387, "pm10_street_p75": 23.007730365440953, "n_streets": 18, "PM2.5_lsoa_pred": 10.234175762929477, "PM10_lsoa_pred": 20.232104939320905, "PM2.5_final": 10.587686326501183, "PM10_final": 20.80567269627322, "score_pm25": "C" }, "geometry": { "type": "Polygon", "coordinates": [ [ [ -2.918213549287747, 53.427087322284684 ], [ -2.924101038288036, 53.426876840524095 ], [ -2.927205329440833, 53.428230488262372 ], [ -2.923918769912425, 53.431807307918234 ], [ -2.916579569343474, 53.433063453035082 ], [ -2.921806634680191, 53.429342769845498 ], [ -2.918213549287747, 53.427087322284684 ] ] ] } },
{ "type": "Feature", "properties": { "LSOA21CD": "E01006619", "LSOA21NM": "Liverpool 021B", "area_km2": 0.3368292222468251, "pct_industrial": 0.0, "pct_commercial": 0.48787894540905041, "pct_residential": 53.003091519179335, "pct_green": 1.0913894534688031, "bcr": 6.8164122328604373, "n_buildings": 363, "mean_bldg_area": 63.249774956146723, "street_density_motorway": 0.0, "street_density_primary": 0.0, "street_density_secondary": 0.0, "street_density_residential": 10588.374138724645, "street_density_total": 10588.374138724645, "pop_density_km2": 5222.2309818208778, "population": 1759, "PM2.5_mean": null, "PM10_mean": null, "n_sensores": null, "pm25_street_mean": 11.80886908248922, "pm25_street_p25": 10.793975585867621, "pm25_street_p75": 11.572345263092878, "pm10_street_mean": 22.860427252834018, "pm10_street_p25": 21.107662480413424, "pm10_street_p75": 22.455896880763586, "n_streets": 25, "PM2.5_lsoa_pred": 10.448554698989561, "PM10_lsoa_pred": 20.603289011741371, "PM2.5_final": 11.80886908248922, "PM10_final": 22.860427252834018, "score_pm25": "C" }, "geometry": { "type": "Polygon", "coordinates": [ [ [ -2.900517938876456, 53.429403788821404 ], [ -2.9060995111814, 53.426527795192754 ], [ -2.910934836752415, 53.427872176229677 ], [ -2.908719809446341, 53.432286319988265 ], [ -2.903470834588952, 53.434394287582002 ], [ -2.900842623416256, 53.432237718876941 ], [ -2.904885638473786, 53.430438425919334 ], [ -2.900517938876456, 53.429403788821404 ] ] ] } },
{ "type": "Feature", "properties": { "LSOA21CD": "E01006620", "LSOA21NM": "Liverpool 021C", "area_km2": 0.22664310023919329, "pct_industrial": 0.0, "pct_commercial": 0.0, "pct_residential": 74.965550297201901, "pct_green": 0.0, "bcr": 7.6623968944411311, "n_buildings": 192, "mean_bldg_area": 90.449447261422122, "street_density_motorway": 0.0, "street_density_primary": 0.0, "street_density_secondary": 0.0, "street_density_residential": 15731.516952131771, "street_density_total": 15731.516952131771, "pop_density_km2": 6155.0517025568079, "population": 1395, "PM2.5_mean": null, "PM10_mean": null, "n_sensores": null, "pm25_street_mean": 11.370548505101766, "pm25_street_p25": 11.324683477547229, "pm25_street_p75": 11.434537053643121, "pm10_street_mean": 22.03991479714319, "pm10_street_p25": 21.928321907623133, "pm10_street_p75": 22.18099580923198, "n_streets": 16, "PM2.5_lsoa_pred": 10.807443008482592, "PM10_lsoa_pred": 21.118976575583986, "PM2.5_final": 11.370548505101766, "PM10_final": 22.03991479714319, "score_pm25": "C" }, "geometry": { "type": "Polygon", "coordinates": [ [ [ -2.895337006587348, 53.426999501527398 ], [ -2.901652051511067, 53.424283141544123 ], [ -2.9060995111814, 53.426527795192754 ], [ -2.900517938876456, 53.429403788821404 ], [ -2.898861841698076, 53.429935226304067 ], [ -2.895337006587348, 53.426999501527398 ] ] ] } },
{ "type": "Feature", "properties": { "LSOA21CD": "E01006621", "LSOA21NM": "Liverpool 021D", "area_km2": 0.67940008416035658, "pct_industrial": 0.0, "pct_commercial": 0.0, "pct_residential": 40.401588542837409, "pct_green": 0.9526381037878614, "bcr": 6.4398199831445817, "n_buildings": 278, "mean_bldg_area": 157.38180714122211, "street_density_motorway": 0.0, "street_density_primary": 0.0, "street_density_secondary": 0.0, "street_density_residential": 9019.5191137468155, "street_density_total": 9019.5191137468155, "pop_density_km2": 2369.7377105711353, "population": 1610, "PM2.5_mean": null, "PM10_mean": null, "n_sensores": null, "pm25_street_mean": 10.237915489165204, "pm25_street_p25": 9.3766071339579522, "pm25_street_p75": 10.221878038653561, "pm10_street_mean": 20.202384945942988, "pm10_street_p25": 18.643970278449903, "pm10_street_p75": 20.138663861259033, "n_streets": 51, "PM2.5_lsoa_pred": 10.368048447797076, "PM10_lsoa_pred": 20.497473524167539, "PM2.5_final": 10.237915489165204, "PM10_final": 20.202384945942988, "score_pm25": "C" }, "geometry": { "type": "Polygon", "coordinates": [ [ [ -2.9060995111814, 53.426527795192754 ], [ -2.901652051511067, 53.424283141544123 ], [ -2.898813612482501, 53.421593480460167 ], [ -2.899220724121042, 53.421481811851592 ], [ -2.907901345097682, 53.419243334374904 ], [ -2.914320523637889, 53.422316619366612 ], [ -2.915311459248241, 53.423701930744613 ], [ -2.917471304699314, 53.426728871503826 ], [ -2.910934836752415, 53.427872176229677 ], [ -2.9060995111814, 53.426527795192754 ] ] ] } },
{ "type": "Feature", "properties": { "LSOA21CD": "E01006622", "LSOA21NM": "Liverpool 021E", "area_km2": 0.24094112927420161, "pct_industrial": 0.0, "pct_commercial": 0.0, "pct_residential": 84.145228449794899, "pct_green": 0.0, "bcr": 19.117765848541559, "n_buildings": 309, "mean_bldg_area": 149.06977646431611, "street_density_motorway": 0.0, "street_density_primary": 0.0, "street_density_secondary": 0.0, "street_density_residential": 15779.658011480711, "street_density_total": 15779.658011480711, "pop_density_km2": 6358.3996830052065, "population": 1532, "PM2.5_mean": null, "PM10_mean": null, "n_sensores": null, "pm25_street_mean": 10.826299328576571, "pm25_street_p25": 10.655548108643041, "pm25_street_p75": 10.931894841350934, "pm10_street_mean": 21.211581658043681, "pm10_street_p25": 20.97026521642815, "pm10_street_p75": 21.346682125736287, "n_streets": 16, "PM2.5_lsoa_pred": 10.188547130393898, "PM10_lsoa_pred": 20.023340386924975, "PM2.5_final": 10.826299328576571, "PM10_final": 21.211581658043681, "score_pm25": "C" }, "geometry": { "type": "Polygon", "coordinates": [ [ [ -2.890032903367994, 53.424800073854982 ], [ -2.890281225636304, 53.424235733727535 ], [ -2.898813612482501, 53.421593480460167 ], [ -2.901652051511067, 53.424283141544123 ], [ -2.895337006587348, 53.426999501527398 ], [ -2.890032903367994, 53.424800073854982 ] ] ] } },
{ "type": "Feature", "properties": { "LSOA21CD": "E01006623", "LSOA21NM": "Liverpool 013A", "area_km2": 0.48480054308111709, "pct_industrial": 0.0, "pct_commercial": 0.0, "pct_residential": 49.185470092220072, "pct_green": 2.0109752637587195, "bcr": 1.5364396048548059, "n_buildings": 82, "mean_bldg_area": 90.837409127432537, "street_density_motorway": 0.0, "street_density_primary": 0.0, "street_density_secondary": 0.0, "street_density_residential": 8714.596248341868, "street_density_total": 8714.596248341868, "pop_density_km2": 2698.0167796164055, "population": 1308, "PM2.5_mean": null, "PM10_mean": null, "n_sensores": null, "pm25_street_mean": 13.586366059271022, "pm25_street_p25": 11.442401418428535, "pm25_street_p75": 14.934909118826345, "pm10_street_mean": 26.091918967983226, "pm10_street_p25": 22.319404407861395, "pm10_street_p75": 28.329358377518048, "n_streets": 45, "PM2.5_lsoa_pred": 10.725798110671708, "PM10_lsoa_pred": 21.153179136011225, "PM2.5_final": 13.586366059271022, "PM10_final": 26.091918967983226, "score_pm25": "C" }, "geometry": { "type": "Polygon", "coordinates": [ [ [ -2.90699805015818, 53.437516214348406 ], [ -2.907845158062155, 53.441389416806487 ], [ -2.903703871047597, 53.443412367419953 ], [ -2.89919289500339, 53.445979036000828 ], [ -2.896079804233909, 53.441802530085717 ], [ -2.902889237522653, 53.435799896251822 ], [ -2.90699805015818, 53.437516214348406 ] ] ] } },
{ "type": "Feature", "properties": { "LSOA21CD": "E01006624", "LSOA21NM": "Liverpool 013B", "area_km2": 0.38213826040586851, "pct_industrial": 0.0, "pct_commercial": 0.0, "pct_residential": 64.918230595480907, "pct_green": 2.9473017717511105, "bcr": 2.229206464660515, "n_buildings": 54, "mean_bldg_area": 157.75279268349729, "street_density_motorway": 0.0, "street_density_primary": 0.0, "street_density_secondary": 0.0, "street_density_residential": 11461.687776640019, "street_density_total": 11461.687776640019, "pop_density_km2": 4050.88984901923, "population": 1548, "PM2.5_mean": null, "PM10_mean": null, "n_sensores": null, "pm25_street_mean": 13.360164796114629, "pm25_street_p25": 12.345886340419751, "pm25_street_p75": 14.415573056180001, "pm10_street_mean": 25.680988431648313, "pm10_street_p25": 23.991525031253353, "pm10_street_p75": 27.501409505354253, "n_streets": 43, "PM2.5_lsoa_pred": 10.990542977084345, "PM10_lsoa_pred": 21.560758636910833, "PM2.5_final": 13.360164796114629, "PM10_final": 25.680988431648313, "score_pm25": "C" }, "geometry": { "type": "Polygon", "coordinates": [ [ [ -2.887081203848412, 53.442598615085039 ], [ -2.879328281410224, 53.438850576914199 ], [ -2.890267827557866, 53.434815586747746 ], [ -2.892738422549129, 53.434135153315687 ], [ -2.896863976149316, 53.434260589112178 ], [ -2.888413474924671, 53.43873481209986 ], [ -2.888167942702156, 53.443290413397868 ], [ -2.887081203848412, 53.442598615085039 ] ] ] } },
{ "type": "Feature", "properties": { "LSOA21CD": "E01006625", "LSOA21NM": "Liverpool 016D", "area_km2": 0.23795112505328567, "pct_industrial": 0.0, "pct_commercial": 0.0, "pct_residential": 77.022229583091828, "pct_green": 4.2779456765631414, "bcr": 13.186554389893084, "n_buildings": 227, "mean_bldg_area": 138.22711245160363, "street_density_motorway": 0.0, "street_density_primary": 0.0, "street_density_secondary": 0.0, "street_density_residential": 15288.113564686209, "street_density_total": 15288.113564686209, "pop_density_km2": 5761.6874040540242, "population": 1371, "PM2.5_mean": null, "PM10_mean": null, "n_sensores": null, "pm25_street_mean": 12.657753171077772, "pm25_street_p25": 11.809714409501437, "pm25_street_p75": 12.93195568928331, "pm10_street_mean": 24.258717458077225, "pm10_street_p25": 22.793099974443127, "pm10_street_p75": 24.694252275068102, "n_streets": 23, "PM2.5_lsoa_pred": 11.006735272079521, "PM10_lsoa_pred": 21.481045563214472, "PM2.5_final": 12.657753171077772, "PM10_final": 24.258717458077225, "score_pm25": "C" }, "geometry": { "type": "Polygon", "coordinates": [ [ [ -2.90699805015818, 53.437516214348406 ], [ -2.909380808181192, 53.434888896514316 ], [ -2.917183553847389, 53.436661649442193 ], [ -2.913560445718063, 53.438432445985264 ], [ -2.909699401739371, 53.440444145399702 ], [ -2.907845158062155, 53.441389416806487 ], [ -2.90699805015818, 53.437516214348406 ] ] ] } },
{ "type": "Feature", "properties": { "LSOA21CD": "E01006626", "LSOA21NM": "Liverpool 016E", "area_km2": 0.23967522627980903, "pct_industrial": 0.0, "pct_commercial": 0.0, "pct_residential": 86.848123697877341, "pct_green": 0.41109115552691972, "bcr": 13.208731405262952, "n_buildings": 225, "mean_bldg_area": 140.70247504113857, "street_density_motorway": 0.0, "street_density_primary": 0.0, "street_density_secondary": 0.0, "street_density_residential": 13820.187168909522, "street_density_total": 13820.187168909522, "pop_density_km2": 5912.1671521683356, "population": 1417, "PM2.5_mean": null, "PM10_mean": null, "n_sensores": null, "pm25_street_mean": 11.489726174485192, "pm25_street_p25": 11.411048472893771, "pm25_street_p75": 11.705799969740225, "pm10_street_mean": 22.219946613580149, "pm10_street_p25": 22.073503740017959, "pm10_street_p75": 22.595007937353063, "n_streets": 26, "PM2.5_lsoa_pred": 10.25438081774023, "PM10_lsoa_pred": 20.197523705165754, "PM2.5_final": 11.489726174485192, "PM10_final": 22.219946613580149, "score_pm25": "C" }, "geometry": { "type": "Polygon", "coordinates": [ [ [ -2.909380808181192, 53.434888896514316 ], [ -2.910962548850713, 53.433005068628319 ], [ -2.916579569343474, 53.433063453035082 ], [ -2.923918769912425, 53.431807307918234 ], [ -2.917183553847389, 53.436661649442193 ], [ -2.909380808181192, 53.434888896514316 ] ] ] } },
{ "type": "Feature", "properties": { "LSOA21CD": "E01006627", "LSOA21NM": "Liverpool 013C", "area_km2": 1.1642581559804286, "pct_industrial": 0.0, "pct_commercial": 0.0, "pct_residential": 15.011830724936416, "pct_green": 0.92222970290985595, "bcr": 2.9073441311708543, "n_buildings": 139, "mean_bldg_area": 243.51792208327345, "street_density_motorway": 0.0, "street_density_primary": 0.0, "street_density_secondary": 0.0, "street_density_residential": 4262.7830851905073, "street_density_total": 4262.7830851905073, "pop_density_km2": 1176.7149690665599, "population": 1370, "PM2.5_mean": null, "PM10_mean": null, "n_sensores": null, "pm25_street_mean": 14.351006454731518, "pm25_street_p25": 11.901304666081066, "pm25_street_p75": 15.774126178135887, "pm10_street_mean": 27.406331224271415, "pm10_street_p25": 23.123253420818994, "pm10_street_p75": 29.83312236651927, "n_streets": 28, "PM2.5_lsoa_pred": 10.093045319230418, "PM10_lsoa_pred": 20.142882026062328, "PM2.5_final": 14.351006454731518, "PM10_final": 27.406331224271415, "score_pm25": "C" }, "geometry": { "type": "Polygon", "coordinates": [ [ [ -2.892604314648237, 53.44487842385405 ], [ -2.888167942702156, 53.443290413397868 ], [ -2.888413474924671, 53.43873481209986 ], [ -2.896863976149316, 53.434260589112178 ], [ -2.892738422549129, 53.434135153315687 ], [ -2.898861841698076, 53.429935226304067 ], [ -2.900517938876456, 53.429403788821404 ], [ -2.904885638473786, 53.430438425919334 ], [ -2.900842623416256, 53.432237718876941 ], [ -2.903470834588952, 53.434394287582002 ], [ -2.908719809446341, 53.432286319988265 ], [ -2.910962548850713, 53.433005068628319 ], [ -2.909380808181192, 53.434888896514316 ], [ -2.90699805015818, 53.437516214348406 ], [ -2.902889237522653, 53.435799896251822 ], [ -2.896079804233909, 53.441802530085717 ], [ -2.89919289500339, 53.445979036000828 ], [ -2.89655646430555, 53.44764800599296 ], [ -2.892604314648237, 53.44487842385405 ] ] ] } },
{ "type": "Feature", "properties": { "LSOA21CD": "E01006628", "LSOA21NM": "Liverpool 052D", "area_km2": 0.51337775618963033, "pct_industrial": 0.0, "pct_commercial": 0.0, "pct_residential": 25.986040083575617, "pct_green": 6.5177073969096844, "bcr": 7.7692675176636143, "n_buildings": 421, "mean_bldg_area": 94.740359274468517, "street_density_motorway": 0.0, "street_density_primary": 0.0, "street_density_secondary": 0.0, "street_density_residential": 6289.2907576886819, "street_density_total": 6289.2907576886819, "pop_density_km2": 3416.5874521297169, "population": 1754, "PM2.5_mean": null, "PM10_mean": null, "n_sensores": null, "pm25_street_mean": 11.735769098459034, "pm25_street_p25": 10.699626364250959, "pm25_street_p75": 12.279102546087099, "pm10_street_mean": 22.84890024791078, "pm10_street_p25": 21.046503970903633, "pm10_street_p75": 23.885444098751464, "n_streets": 43, "PM2.5_lsoa_pred": 10.768195476938242, "PM10_lsoa_pred": 21.264423273221873, "PM2.5_final": 11.735769098459034, "PM10_final": 22.84890024791078, "score_pm25": "C" }, "geometry": { "type": "Polygon", "coordinates": [ [ [ -2.948380853204712, 53.378766781487684 ], [ -2.945353729743839, 53.377535609623287 ], [ -2.951284924063456, 53.375931677684072 ], [ -2.94379977663761, 53.371581050100914 ], [ -2.948827864481221, 53.368304168194378 ], [ -2.958442955560313, 53.371819543452965 ], [ -2.95781059415914, 53.374780154189843 ], [ -2.953679257806323, 53.373476354868849 ], [ -2.953096963431237, 53.375759050220495 ], [ -2.948680460516184, 53.378881296061152 ], [ -2.948380853204712, 53.378766781487684 ] ] ] } },
{ "type": "Feature", "properties": { "LSOA21CD": "E01006629", "LSOA21NM": "Liverpool 052E", "area_km2": 0.24580118797444722, "pct_industrial": 0.0, "pct_commercial": 0.0, "pct_residential": 70.969876952158089, "pct_green": 0.0, "bcr": 18.626435137188952, "n_buildings": 439, "mean_bldg_area": 104.29156912186858, "street_density_motorway": 0.0, "street_density_primary": 0.0, "street_density_secondary": 0.0, "street_density_residential": 14957.865290750906, "street_density_total": 14957.865290750906, "pop_density_km2": 5349.8520932156907, "population": 1315, "PM2.5_mean": null, "PM10_mean": null, "n_sensores": null, "pm25_street_mean": 11.263044115774367, "pm25_street_p25": 11.148149565143683, "pm25_street_p75": 11.421280688479598, "pm10_street_mean": 21.915949786546122, "pm10_street_p25": 21.766875806148022, "pm10_street_p75": 22.157748770164641, "n_streets": 34, "PM2.5_lsoa_pred": 10.206919715279263, "PM10_lsoa_pred": 20.058611395491127, "PM2.5_final": 11.263044115774367, "PM10_final": 21.915949786546122, "score_pm25": "C" }, "geometry": { "type": "Polygon", "coordinates": [ [ [ -2.940732148381435, 53.375765796343323 ], [ -2.940072287099026, 53.375415932866424 ], [ -2.94379977663761, 53.371581050100914 ], [ -2.951284924063456, 53.375931677684072 ], [ -2.945353729743839, 53.377535609623287 ], [ -2.940732148381435, 53.375765796343323 ] ] ] } },
{ "type": "Feature", "properties": { "LSOA21CD": "E01006630", "LSOA21NM": "Liverpool 044B", "area_km2": 0.31924227713305353, "pct_industrial": 7.4284575888734032, "pct_commercial": 0.0, "pct_residential": 59.855490772545537, "pct_green": 4.2119662460997596, "bcr": 15.919370853600698, "n_buildings": 736, "mean_bldg_area": 69.050763611807724, "street_density_motorway": 0.0, "street_density_primary": 0.0, "street_density_secondary": 0.0, "street_density_residential": 13747.998002644808, "street_density_total": 13747.998002644808, "pop_density_km2": 6850.5964173676912, "population": 2187, "PM2.5_mean": null, "PM10_mean": null, "n_sensores": null, "pm25_street_mean": 9.6986917133499499, "pm25_street_p25": 8.5500788066117828, "pm25_street_p75": 10.278270324194278, "pm10_street_mean": 19.162932039734496, "pm10_street_p25": 17.121917418734526, "pm10_street_p75": 20.124937021387812, "n_streets": 52, "PM2.5_lsoa_pred": 10.358586329327649, "PM10_lsoa_pred": 20.308128973787195, "PM2.5_final": 9.6986917133499499, "PM10_final": 19.162932039734496, "score_pm25": "B" }, "geometry": { "type": "Polygon", "coordinates": [ [ [ -2.967468493578092, 53.386313036471499 ], [ -2.971782618344199, 53.386788489068188 ], [ -2.969894206017285, 53.383097543499289 ], [ -2.97166382339879, 53.381138505808515 ], [ -2.979995495078112, 53.387325875048852 ], [ -2.973833693771105, 53.3883201541246 ], [ -2.969773841007703, 53.389019425274256 ], [ -2.967468493578092, 53.386313036471499 ] ] ] } },
{ "type": "Feature", "properties": { "LSOA21CD": "E01006632", "LSOA21NM": "Liverpool 044C", "area_km2": 0.18749734062028053, "pct_industrial": 0.10363247810795061, "pct_commercial": 0.0, "pct_residential": 53.760133019968649, "pct_green": 6.0122553998386445, "bcr": 23.582633568876016, "n_buildings": 679, "mean_bldg_area": 65.120487172117947, "street_density_motorway": 0.0, "street_density_primary": 0.0, "street_density_secondary": 0.0, "street_density_residential": 18833.1496980761, "street_density_total": 18833.1496980761, "pop_density_km2": 9514.8016185091146, "population": 1784, "PM2.5_mean": null, "PM10_mean": null, "n_sensores": null, "pm25_street_mean": 9.7454089993665942, "pm25_street_p25": 8.7743461831965366, "pm25_street_p75": 10.376134114410524, "pm10_street_mean": 19.20295047763458, "pm10_street_p25": 17.461180786023302, "pm10_street_p75": 20.259050766774088, "n_streets": 32, "PM2.5_lsoa_pred": 11.219992981957631, "PM10_lsoa_pred": 21.729974675352139, "PM2.5_final": 9.7454089993665942, "PM10_final": 19.20295047763458, "score_pm25": "B" }, "geometry": { "type": "Polygon", "coordinates": [ [ [ -2.967468493578092, 53.386313036471499 ], [ -2.962007472241241, 53.383394331999838 ], [ -2.966433492874955, 53.381832412312981 ], [ -2.969894206017285, 53.383097543499289 ], [ -2.971782618344199, 53.386788489068188 ], [ -2.967468493578092, 53.386313036471499 ] ] ] } },
{ "type": "Feature", "properties": { "LSOA21CD": "E01006633", "LSOA21NM": "Liverpool 050B", "area_km2": 0.23277135922272091, "pct_industrial": 0.0, "pct_commercial": 0.0, "pct_residential": 87.750247533165009, "pct_green": 4.5002205011113724e-06, "bcr": 18.742301279852665, "n_buildings": 764, "mean_bldg_area": 57.103022825563443, "street_density_motorway": 0.0, "street_density_primary": 0.0, "street_density_secondary": 0.0, "street_density_residential": 17152.219234656248, "street_density_total": 17152.219234656248, "pop_density_km2": 5919.972305018412, "population": 1378, "PM2.5_mean": 6.8024658657244732, "PM10_mean": 16.857471531804563, "n_sensores": 1.0, "pm25_street_mean": 10.554108047615543, "pm25_street_p25": 9.3198709319089605, "pm25_street_p75": 10.498705810661743, "pm10_street_mean": 20.583897722022083, "pm10_street_p25": 18.472929154921445, "pm10_street_p75": 20.415343488898603, "n_streets": 47, "PM2.5_lsoa_pred": 10.172578297090274, "PM10_lsoa_pred": 19.915400995750897, "PM2.5_final": 6.8024658657244732, "PM10_final": 16.857471531804563, "score_pm25": "B" }, "geometry": { "type": "Polygon", "coordinates": [ [ [ -2.959760803125744, 53.382209941637818 ], [ -2.960107839959053, 53.379125513814699 ], [ -2.963480005630483, 53.37650726202245 ], [ -2.967048033105931, 53.380229054561816 ], [ -2.966433492874955, 53.381832412312981 ], [ -2.962007472241241, 53.383394331999838 ], [ -2.959760803125744, 53.382209941637818 ] ] ] } },
{ "type": "Feature", "properties": { "LSOA21CD": "E01006666", "LSOA21NM": "Liverpool 007B", "area_km2": 0.21652043986611116, "pct_industrial": 0.0, "pct_commercial": 0.0, "pct_residential": 85.687565293456316, "pct_green": 1.5613627087822175, "bcr": 6.2781098658796095, "n_buildings": 175, "mean_bldg_area": 77.676520553601449, "street_density_motorway": 0.0, "street_density_primary": 0.0, "street_density_secondary": 0.0, "street_density_residential": 13597.939241881051, "street_density_total": 13597.939241881051, "pop_density_km2": 6308.8731985058212, "population": 1366, "PM2.5_mean": null, "PM10_mean": null, "n_sensores": null, "pm25_street_mean": 10.188329506072174, "pm25_street_p25": 9.3088823929506805, "pm25_street_p75": 10.718021208533244, "pm10_street_mean": 20.16607259459769, "pm10_street_p25": 18.759413957426698, "pm10_street_p75": 20.965346709642962, "n_streets": 51, "PM2.5_lsoa_pred": 10.696322837261421, "PM10_lsoa_pred": 20.984253685993103, "PM2.5_final": 10.188329506072174, "PM10_final": 20.16607259459769, "score_pm25": "C" }, "geometry": { "type": "Polygon", "coordinates": [ [ [ -2.874146345581239, 53.453969293574282 ], [ -2.877154556416642, 53.450277891910375 ], [ -2.883228682324392, 53.45073747946482 ], [ -2.879303594636858, 53.452855111488851 ], [ -2.8841768859616, 53.454864622742214 ], [ -2.876841501535585, 53.455452344947638 ], [ -2.874146345581239, 53.453969293574282 ] ] ] } },
{ "type": "Feature", "properties": { "LSOA21CD": "E01006667", "LSOA21NM": "Liverpool 007C", "area_km2": 0.38125388867379156, "pct_industrial": 0.0, "pct_commercial": 0.0, "pct_residential": 44.835685060571386, "pct_green": 1.2473732524743717, "bcr": 5.3208046122569375, "n_buildings": 227, "mean_bldg_area": 89.364645343453873, "street_density_motorway": 0.0, "street_density_primary": 0.0, "street_density_secondary": 0.0, "street_density_residential": 9185.0634672250508, "street_density_total": 9185.0634672250508, "pop_density_km2": 3771.7648074414305, "population": 1438, "PM2.5_mean": null, "PM10_mean": null, "n_sensores": null, "pm25_street_mean": 10.498563116431834, "pm25_street_p25": 9.2245389934419553, "pm25_street_p75": 10.913196772765428, "pm10_street_mean": 20.747550041397954, "pm10_street_p25": 18.57780419077087, "pm10_street_p75": 21.42056925307099, "n_streets": 42, "PM2.5_lsoa_pred": 10.520183464016498, "PM10_lsoa_pred": 20.770628557639558, "PM2.5_final": 10.498563116431834, "PM10_final": 20.747550041397954, "score_pm25": "C" }, "geometry": { "type": "Polygon", "coordinates": [ [ [ -2.893202623660259, 53.45595320961489 ], [ -2.894440391179632, 53.450833952501405 ], [ -2.889229821306632, 53.4505687426131 ], [ -2.892604314648237, 53.44487842385405 ], [ -2.89655646430555, 53.44764800599296 ], [ -2.898415194159709, 53.450049320696884 ], [ -2.901486285504592, 53.452170817944506 ], [ -2.896874107166123, 53.451341456611367 ], [ -2.896501113180376, 53.456969300518111 ], [ -2.893202623660259, 53.45595320961489 ] ] ] } },
{ "type": "Feature", "properties": { "LSOA21CD": "E01006668", "LSOA21NM": "Liverpool 007D", "area_km2": 0.20733365756675001, "pct_industrial": 0.0, "pct_commercial": 0.0, "pct_residential": 93.715651017483324, "pct_green": 0.0, "bcr": 6.9572633414763354, "n_buildings": 181, "mean_bldg_area": 79.694743383610927, "street_density_motorway": 0.0, "street_density_primary": 0.0, "street_density_secondary": 0.0, "street_density_residential": 17120.38684152536, "street_density_total": 17120.38684152536, "pop_density_km2": 7254.0079485926926, "population": 1504, "PM2.5_mean": null, "PM10_mean": null, "n_sensores": null, "pm25_street_mean": 10.335690780562045, "pm25_street_p25": 10.131858292769405, "pm25_street_p75": 10.417737248876229, "pm10_street_mean": 20.532403542853636, "pm10_street_p25": 20.272173259546875, "pm10_street_p75": 20.690491773107524, "n_streets": 51, "PM2.5_lsoa_pred": 10.820225139909619, "PM10_lsoa_pred": 21.112071666157153, "PM2.5_final": 10.335690780562045, "PM10_final": 20.532403542853636, "score_pm25": "C" }, "geometry": { "type": "Polygon", "coordinates": [ [ [ -2.867872782175907, 53.449274362343978 ], [ -2.875996945379929, 53.446801569817907 ], [ -2.873333507161546, 53.449401603940814 ], [ -2.877154556416642, 53.450277891910375 ], [ -2.874146345581239, 53.453969293574282 ], [ -2.867872782175907, 53.449274362343978 ] ] ] } },
{ "type": "Feature", "properties": { "LSOA21CD": "E01006669", "LSOA21NM": "Liverpool 004E", "area_km2": 0.23464733148696995, "pct_industrial": 0.0, "pct_commercial": 0.0, "pct_residential": 83.079935376768503, "pct_green": 8.0234037859426675, "bcr": 3.495987908946756, "n_buildings": 136, "mean_bldg_area": 60.317958363607971, "street_density_motorway": 0.0, "street_density_primary": 0.0, "street_density_secondary": 0.0, "street_density_residential": 16668.938750492776, "street_density_total": 16668.938750492776, "pop_density_km2": 6209.3184302030204, "population": 1457, "PM2.5_mean": null, "PM10_mean": null, "n_sensores": null, "pm25_street_mean": 11.667756873126896, "pm25_street_p25": 10.523721515582949, "pm25_street_p75": 12.215724643607516, "pm10_street_mean": 22.653516948501959, "pm10_street_p25": 20.609740718383101, "pm10_street_p75": 23.676929545078103, "n_streets": 49, "PM2.5_lsoa_pred": 12.023132523196992, "PM10_lsoa_pred": 23.240624349380795, "PM2.5_final": 11.667756873126896, "PM10_final": 22.653516948501959, "score_pm25": "C" }, "geometry": { "type": "Polygon", "coordinates": [ [ [ -2.89655646430555, 53.44764800599296 ], [ -2.89919289500339, 53.445979036000828 ], [ -2.903703871047597, 53.443412367419953 ], [ -2.907646202791468, 53.444542813415453 ], [ -2.901733841086753, 53.448672304647175 ], [ -2.898415194159709, 53.450049320696884 ], [ -2.89655646430555, 53.44764800599296 ] ] ] } },
{ "type": "Feature", "properties": { "LSOA21CD": "E01006670", "LSOA21NM": "Liverpool 007E", "area_km2": 0.71252347288713369, "pct_industrial": 0.0, "pct_commercial": 0.0, "pct_residential": 42.441095359151973, "pct_green": 0.51525083830674268, "bcr": 1.1247531139639426, "n_buildings": 29, "mean_bldg_area": 276.34930858696777, "street_density_motorway": 0.0, "street_density_primary": 0.0, "street_density_secondary": 0.0, "street_density_residential": 5903.2712411370549, "street_density_total": 5903.2712411370549, "pop_density_km2": 2053.2656897209959, "population": 1463, "PM2.5_mean": null, "PM10_mean": null, "n_sensores": null, "pm25_street_mean": 11.689604363992892, "pm25_street_p25": 10.262325973981689, "pm25_street_p75": 12.602213898558361, "pm10_street_mean": 22.814961706144807, "pm10_street_p25": 20.322844895914983, "pm10_street_p75": 24.267989397351954, "n_streets": 62, "PM2.5_lsoa_pred": 10.188798364456876, "PM10_lsoa_pred": 20.291605930876457, "PM2.5_final": 11.689604363992892, "PM10_final": 22.814961706144807, "score_pm25": "C" }, "geometry": { "type": "Polygon", "coordinates": [ [ [ -2.877154556416642, 53.450277891910375 ], [ -2.873333507161546, 53.449401603940814 ], [ -2.875996945379929, 53.446801569817907 ], [ -2.887081203848412, 53.442598615085039 ], [ -2.888167942702156, 53.443290413397868 ], [ -2.892604314648237, 53.44487842385405 ], [ -2.889229821306632, 53.4505687426131 ], [ -2.883228682324392, 53.45073747946482 ], [ -2.877154556416642, 53.450277891910375 ] ] ] } },
{ "type": "Feature", "properties": { "LSOA21CD": "E01006671", "LSOA21NM": "Liverpool 013D", "area_km2": 0.89445102297978374, "pct_industrial": 0.0, "pct_commercial": 0.0, "pct_residential": 24.557391029590129, "pct_green": 0.2347889758164001, "bcr": 0.37702077032742659, "n_buildings": 8, "mean_bldg_area": 421.53326712999103, "street_density_motorway": 0.0, "street_density_primary": 0.0, "street_density_secondary": 0.0, "street_density_residential": 4932.3111805537019, "street_density_total": 4932.3111805537019, "pop_density_km2": 1436.6353964458972, "population": 1285, "PM2.5_mean": null, "PM10_mean": null, "n_sensores": null, "pm25_street_mean": 14.029024203664743, "pm25_street_p25": 11.957105574241847, "pm25_street_p75": 16.219150890641728, "pm10_street_mean": 27.038277806129404, "pm10_street_p25": 23.400909028918072, "pm10_street_p75": 30.94725164399717, "n_streets": 36, "PM2.5_lsoa_pred": 10.159392732049826, "PM10_lsoa_pred": 20.268383437844129, "PM2.5_final": 14.029024203664743, "PM10_final": 27.038277806129404, "score_pm25": "C" }, "geometry": { "type": "Polygon", "coordinates": [ [ [ -2.870123611118363, 53.441679501599921 ], [ -2.870572271808328, 53.439103071968958 ], [ -2.872447601416284, 53.436981211927126 ], [ -2.873260953740225, 53.436394494881284 ], [ -2.873516868219828, 53.436182267163289 ], [ -2.879328281410224, 53.438850576914199 ], [ -2.887081203848412, 53.442598615085039 ], [ -2.875996945379929, 53.446801569817907 ], [ -2.867872782175907, 53.449274362343978 ], [ -2.870123611118363, 53.441679501599921 ] ] ] } },
{ "type": "Feature", "properties": { "LSOA21CD": "E01006672", "LSOA21NM": "Liverpool 010E", "area_km2": 0.39510474855432748, "pct_industrial": 0.0, "pct_commercial": 0.0, "pct_residential": 63.678291470319841, "pct_green": 11.58054900238708, "bcr": 10.337421332304045, "n_buildings": 649, "mean_bldg_area": 62.933193469955782, "street_density_motorway": 0.0, "street_density_primary": 0.0, "street_density_secondary": 0.0, "street_density_residential": 11012.330522642113, "street_density_total": 11012.330522642113, "pop_density_km2": 4793.6654948594532, "population": 1894, "PM2.5_mean": null, "PM10_mean": null, "n_sensores": null, "pm25_street_mean": 11.314869160084042, "pm25_street_p25": 10.364362215146999, "pm25_street_p75": 12.243259661502222, "pm10_street_mean": 21.950605705048282, "pm10_street_p25": 20.316843769506775, "pm10_street_p75": 23.511441757745047, "n_streets": 26, "PM2.5_lsoa_pred": 11.417358316855905, "PM10_lsoa_pred": 22.274328468175433, "PM2.5_final": 11.314869160084042, "PM10_final": 21.950605705048282, "score_pm25": "C" }, "geometry": { "type": "Polygon", "coordinates": [ [ [ -2.901733841086753, 53.448672304647175 ], [ -2.907646202791468, 53.444542813415453 ], [ -2.903703871047597, 53.443412367419953 ], [ -2.907845158062155, 53.441389416806487 ], [ -2.909699401739371, 53.440444145399702 ], [ -2.91216942700377, 53.446566422051255 ], [ -2.913563461338929, 53.4489855155282 ], [ -2.913149481807602, 53.449207043968343 ], [ -2.91244838203147, 53.449554968656379 ], [ -2.901733841086753, 53.448672304647175 ] ] ] } },
{ "type": "Feature", "properties": { "LSOA21CD": "E01006673", "LSOA21NM": "Liverpool 037D", "area_km2": 0.26970221277850864, "pct_industrial": 0.0, "pct_commercial": 0.0, "pct_residential": 58.469066334534666, "pct_green": 5.1080683068956327, "bcr": 19.065948025733327, "n_buildings": 239, "mean_bldg_area": 215.1518146970844, "street_density_motorway": 0.0, "street_density_primary": 0.20709238749784559, "street_density_secondary": 3682.7184610835679, "street_density_residential": 12876.266168736343, "street_density_total": 16559.191722207408, "pop_density_km2": 8257.2552040161081, "population": 2227, "PM2.5_mean": null, "PM10_mean": null, "n_sensores": null, "pm25_street_mean": 10.538061621635217, "pm25_street_p25": 9.7831385757632106, "pm25_street_p75": 10.836424141271861, "pm10_street_mean": 20.524185627408258, "pm10_street_p25": 19.161129152625882, "pm10_street_p75": 21.055913105039458, "n_streets": 43, "PM2.5_lsoa_pred": 10.535353382722711, "PM10_lsoa_pred": 20.709583985926216, "PM2.5_final": 10.538061621635217, "PM10_final": 20.524185627408258, "score_pm25": "C" }, "geometry": { "type": "Polygon", "coordinates": [ [ [ -2.959309576868114, 53.392297618294272 ], [ -2.959824339579084, 53.391729248326619 ], [ -2.962247525058118, 53.390011880749334 ], [ -2.963550350941039, 53.39310254436672 ], [ -2.967227828405889, 53.391339859958883 ], [ -2.968854926472242, 53.392908753004491 ], [ -2.971365404773834, 53.395287570491881 ], [ -2.968369361732968, 53.395950998412879 ], [ -2.963332835584789, 53.396696609406675 ], [ -2.961396639488082, 53.396975240885261 ], [ -2.963686879423732, 53.394385610092009 ], [ -2.959309576868114, 53.392297618294272 ] ] ] } },
{ "type": "Feature", "properties": { "LSOA21CD": "E01006674", "LSOA21NM": "Liverpool 039C", "area_km2": 0.16777641765675835, "pct_industrial": 0.0, "pct_commercial": 0.0, "pct_residential": 85.348864000661706, "pct_green": 0.0, "bcr": 24.297207096183691, "n_buildings": 563, "mean_bldg_area": 72.406720526857342, "street_density_motorway": 0.0, "street_density_primary": 0.0, "street_density_secondary": 927.9064438125464, "street_density_residential": 13707.183232593252, "street_density_total": 14635.089676405798, "pop_density_km2": 14453.75955613221, "population": 2425, "PM2.5_mean": null, "PM10_mean": null, "n_sensores": null, "pm25_street_mean": 8.7141841070249892, "pm25_street_p25": 8.2717457441448552, "pm25_street_p75": 8.6421492223125576, "pm10_street_mean": 17.486398605990846, "pm10_street_p25": 16.710228032855895, "pm10_street_p75": 17.36809977749089, "n_streets": 17, "PM2.5_lsoa_pred": 9.4468584013040147, "PM10_lsoa_pred": 18.7745387713823, "PM2.5_final": 8.7141841070249892, "PM10_final": 17.486398605990846, "score_pm25": "B" }, "geometry": { "type": "Polygon", "coordinates": [ [ [ -2.949403564816606, 53.394784149058083 ], [ -2.949383195385964, 53.391542572899681 ], [ -2.95535489510695, 53.390426797303704 ], [ -2.957076697127076, 53.392897220360688 ], [ -2.949492156442817, 53.395252899728149 ], [ -2.949403564816606, 53.394784149058083 ] ] ] } },
{ "type": "Feature", "properties": { "LSOA21CD": "E01006675", "LSOA21NM": "Liverpool 043C", "area_km2": 0.4902311282107516, "pct_industrial": 0.0, "pct_commercial": 0.0, "pct_residential": 51.740450008579863, "pct_green": 1.6537992443424825, "bcr": 10.991716746900057, "n_buildings": 207, "mean_bldg_area": 260.31312569110275, "street_density_motorway": 0.0, "street_density_primary": 0.0, "street_density_secondary": 5950.3499810187204, "street_density_residential": 4128.4475181287326, "street_density_total": 10078.797499147451, "pop_density_km2": 4081.748148680932, "population": 2001, "PM2.5_mean": null, "PM10_mean": null, "n_sensores": null, "pm25_street_mean": 11.013205124750092, "pm25_street_p25": 9.9095213044127171, "pm25_street_p75": 12.342095313812171, "pm10_street_mean": 21.621012861756501, "pm10_street_p25": 19.558945871242088, "pm10_street_p75": 23.860216904687597, "n_streets": 38, "PM2.5_lsoa_pred": 9.3610542413780085, "PM10_lsoa_pred": 18.853653504020603, "PM2.5_final": 11.013205124750092, "PM10_final": 21.621012861756501, "score_pm25": "C" }, "geometry": { "type": "Polygon", "coordinates": [ [ [ -2.949383195385964, 53.391542572899681 ], [ -2.949400718535957, 53.390399752245408 ], [ -2.94797135413138, 53.387025792810697 ], [ -2.955310844922678, 53.382172833361572 ], [ -2.958988429706293, 53.387493980838101 ], [ -2.956313669627772, 53.38934238902123 ], [ -2.959824339579084, 53.391729248326619 ], [ -2.959309576868114, 53.392297618294272 ], [ -2.957076697127076, 53.392897220360688 ], [ -2.95535489510695, 53.390426797303704 ], [ -2.949383195385964, 53.391542572899681 ] ] ] } },
{ "type": "Feature", "properties": { "LSOA21CD": "E01006676", "LSOA21NM": "Liverpool 044D", "area_km2": 0.18983865113083345, "pct_industrial": 0.70220436615115933, "pct_commercial": 0.0, "pct_residential": 78.786467409473374, "pct_green": 4.3606113171648007, "bcr": 24.214497566979311, "n_buildings": 851, "mean_bldg_area": 54.017010057887198, "street_density_motorway": 0.0, "street_density_primary": 0.0, "street_density_secondary": 1486.0368693632408, "street_density_residential": 18462.88079938036, "street_density_total": 19948.917668743601, "pop_density_km2": 10424.642127467014, "population": 1979, "PM2.5_mean": null, "PM10_mean": null, "n_sensores": null, "pm25_street_mean": 9.381471694386585, "pm25_street_p25": 8.7372794048000273, "pm25_street_p75": 9.6896192210995746, "pm10_street_mean": 18.536692463523273, "pm10_street_p25": 17.381374286061288, "pm10_street_p75": 19.044556538449463, "n_streets": 28, "PM2.5_lsoa_pred": 10.542212280374587, "PM10_lsoa_pred": 20.531065545832899, "PM2.5_final": 9.381471694386585, "PM10_final": 18.536692463523273, "score_pm25": "B" }, "geometry": { "type": "Polygon", "coordinates": [ [ [ -2.962247525058118, 53.390011880749334 ], [ -2.964363655947153, 53.388502629060383 ], [ -2.967468493578092, 53.386313036471499 ], [ -2.969773841007703, 53.389019425274256 ], [ -2.967227828405889, 53.391339859958883 ], [ -2.963550350941039, 53.39310254436672 ], [ -2.962247525058118, 53.390011880749334 ] ] ] } },
{ "type": "Feature", "properties": { "LSOA21CD": "E01006696", "LSOA21NM": "Liverpool 030C", "area_km2": 0.19843762491690514, "pct_industrial": 0.0, "pct_commercial": 0.1135895822431094, "pct_residential": 72.833433089809802, "pct_green": 5.1984902982449936, "bcr": 26.578883732330773, "n_buildings": 854, "mean_bldg_area": 61.75937424808297, "street_density_motorway": 0.0, "street_density_primary": 2396.8859643334185, "street_density_secondary": 42.215868173650001, "street_density_residential": 22337.610208002861, "street_density_total": 24776.71204050993, "pop_density_km2": 10053.536978359811, "population": 1995, "PM2.5_mean": null, "PM10_mean": null, "n_sensores": null, "pm25_street_mean": 12.006756272272815, "pm25_street_p25": 10.259914385635565, "pm25_street_p75": 12.520821987843469, "pm10_street_mean": 22.832665242361976, "pm10_street_p25": 19.770539403402289, "pm10_street_p75": 23.717351314396677, "n_streets": 49, "PM2.5_lsoa_pred": 10.974134672461586, "PM10_lsoa_pred": 21.187994451429034, "PM2.5_final": 12.006756272272815, "PM10_final": 22.832665242361976, "score_pm25": "C" }, "geometry": { "type": "Polygon", "coordinates": [ [ [ -2.948891586029092, 53.414264140636121 ], [ -2.947575632936402, 53.41212754166925 ], [ -2.954414291124128, 53.409844116300853 ], [ -2.954386435862871, 53.410437624470283 ], [ -2.955914397119602, 53.415359550107418 ], [ -2.948891586029092, 53.414264140636121 ] ] ] } },
{ "type": "Feature", "properties": { "LSOA21CD": "E01006697", "LSOA21NM": "Liverpool 030D", "area_km2": 0.14155159791433417, "pct_industrial": 0.0, "pct_commercial": 5.4576349500051489, "pct_residential": 60.855325208864798, "pct_green": 0.0, "bcr": 35.8180338771351, "n_buildings": 745, "mean_bldg_area": 68.055032610177548, "street_density_motorway": 0.0, "street_density_primary": 2505.6441754344701, "street_density_secondary": 1821.7700098525561, "street_density_residential": 14311.375391180309, "street_density_total": 18638.78957646733, "pop_density_km2": 13606.345872305865, "population": 1926, "PM2.5_mean": null, "PM10_mean": null, "n_sensores": null, "pm25_street_mean": 9.8786585997319367, "pm25_street_p25": 8.8037473329106426, "pm25_street_p75": 10.729821893652705, "pm10_street_mean": 19.261346129083616, "pm10_street_p25": 17.572358534317836, "pm10_street_p75": 20.568985937359535, "n_streets": 14, "PM2.5_lsoa_pred": 8.8171925785929659, "PM10_lsoa_pred": 17.637435641563499, "PM2.5_final": 9.8786585997319367, "PM10_final": 19.261346129083616, "score_pm25": "B" }, "geometry": { "type": "Polygon", "coordinates": [ [ [ -2.941041807555143, 53.412852849514266 ], [ -2.940547178295188, 53.41017235935626 ], [ -2.946136486455631, 53.412109561908302 ], [ -2.947575632936402, 53.41212754166925 ], [ -2.948891586029092, 53.414264140636121 ], [ -2.945729021846585, 53.414737546325554 ], [ -2.941041807555143, 53.412852849514266 ] ] ] } },
{ "type": "Feature", "properties": { "LSOA21CD": "E01006698", "LSOA21NM": "Liverpool 012D", "area_km2": 0.17241033677885412, "pct_industrial": 0.0, "pct_commercial": 0.0, "pct_residential": 88.761665445291911, "pct_green": 0.80502816150222822, "bcr": 49.842449303457727, "n_buildings": 109, "mean_bldg_area": 788.38105232037708, "street_density_motorway": 0.0, "street_density_primary": 2489.06216152456, "street_density_secondary": 0.0, "street_density_residential": 19429.120525325063, "street_density_total": 21918.182686849621, "pop_density_km2": 9065.5817348400415, "population": 1563, "PM2.5_mean": null, "PM10_mean": null, "n_sensores": null, "pm25_street_mean": 10.056898107764356, "pm25_street_p25": 9.4391844142139849, "pm25_street_p75": 10.811084819218824, "pm10_street_mean": 19.597041921383664, "pm10_street_p25": 18.654541013851933, "pm10_street_p75": 20.742934967711726, "n_streets": 20, "PM2.5_lsoa_pred": 9.1106071405890283, "PM10_lsoa_pred": 18.083644302039374, "PM2.5_final": 10.056898107764356, "PM10_final": 19.597041921383664, "score_pm25": "C" }, "geometry": { "type": "Polygon", "coordinates": [ [ [ -2.97048295712283, 53.44338366429745 ], [ -2.970648388936223, 53.443086253595297 ], [ -2.970772447075599, 53.441521172536611 ], [ -2.974688454084324, 53.440775209873721 ], [ -2.976954237846094, 53.44292553094126 ], [ -2.975985567867593, 53.444731462151729 ], [ -2.976135958671879, 53.445002529195094 ], [ -2.972762382485262, 53.446215146857028 ], [ -2.97048295712283, 53.44338366429745 ] ] ] } },
{ "type": "Feature", "properties": { "LSOA21CD": "E01006699", "LSOA21NM": "Liverpool 014A", "area_km2": 0.22187140661072408, "pct_industrial": 0.0, "pct_commercial": 0.0, "pct_residential": 71.600557265428918, "pct_green": 0.2614386999734738, "bcr": 20.262427814823894, "n_buildings": 119, "mean_bldg_area": 377.78599669102846, "street_density_motorway": 0.0, "street_density_primary": 5822.1221558935322, "street_density_secondary": 0.0, "street_density_residential": 10624.529458399476, "street_density_total": 16446.651614293009, "pop_density_km2": 7797.3093803624042, "population": 1730, "PM2.5_mean": null, "PM10_mean": null, "n_sensores": null, "pm25_street_mean": 8.0956152943471693, "pm25_street_p25": 7.4647746572311835, "pm25_street_p75": 8.7010225172230058, "pm10_street_mean": 16.45954137328723, "pm10_street_p25": 15.439466985004536, "pm10_street_p75": 17.417998641970517, "n_streets": 29, "PM2.5_lsoa_pred": 9.183906082379151, "PM10_lsoa_pred": 18.40967618873584, "PM2.5_final": 8.0956152943471693, "PM10_final": 16.45954137328723, "score_pm25": "B" }, "geometry": { "type": "Polygon", "coordinates": [ [ [ -2.976954237846094, 53.44292553094126 ], [ -2.974688454084324, 53.440775209873721 ], [ -2.973921524554028, 53.439742227350514 ], [ -2.979396929529074, 53.437221003026842 ], [ -2.981935847536726, 53.438836156840274 ], [ -2.98106302769515, 53.44230513040435 ], [ -2.979311132415184, 53.443088127900729 ], [ -2.976954237846094, 53.44292553094126 ] ] ] } },
{ "type": "Feature", "properties": { "LSOA21CD": "E01006700", "LSOA21NM": "Liverpool 012E", "area_km2": 0.17725586806074123, "pct_industrial": 0.0, "pct_commercial": 4.2454890633087352, "pct_residential": 60.583682439696453, "pct_green": 1.55569823471882, "bcr": 36.994677895830883, "n_buildings": 572, "mean_bldg_area": 114.6420234974304, "street_density_motorway": 0.0, "street_density_primary": 0.0, "street_density_secondary": 0.0, "street_density_residential": 17812.105455909237, "street_density_total": 17812.105455909237, "pop_density_km2": 8862.8941720657567, "population": 1571, "PM2.5_mean": null, "PM10_mean": null, "n_sensores": null, "pm25_street_mean": 10.599864293824725, "pm25_street_p25": 10.458686701318227, "pm25_street_p75": 10.846412832707742, "pm10_street_mean": 20.541885052576362, "pm10_street_p25": 20.247566817442575, "pm10_street_p75": 20.928416304356048, "n_streets": 24, "PM2.5_lsoa_pred": 9.8491979000188969, "PM10_lsoa_pred": 19.36893697244475, "PM2.5_final": 10.599864293824725, "PM10_final": 20.541885052576362, "score_pm25": "C" }, "geometry": { "type": "Polygon", "coordinates": [ [ [ -2.967569709819014, 53.438601208250461 ], [ -2.967666685139359, 53.437691305216276 ], [ -2.972567104002537, 53.43569077935939 ], [ -2.973921524554028, 53.439742227350514 ], [ -2.974688454084324, 53.440775209873721 ], [ -2.970772447075599, 53.441521172536611 ], [ -2.967569709819014, 53.438601208250461 ] ] ] } },
{ "type": "Feature", "properties": { "LSOA21CD": "E01006701", "LSOA21NM": "Liverpool 014B", "area_km2": 0.23433536010152578, "pct_industrial": 0.0, "pct_commercial": 0.0, "pct_residential": 98.906273287861481, "pct_green": 0.58977939953758252, "bcr": 19.328764924449299, "n_buildings": 273, "mean_bldg_area": 165.91256735855558, "street_density_motorway": 0.0, "street_density_primary": 0.0, "street_density_secondary": 0.0, "street_density_residential": 14912.717490235802, "street_density_total": 14912.717490235802, "pop_density_km2": 6780.8801851823209, "population": 1589, "PM2.5_mean": null, "PM10_mean": null, "n_sensores": null, "pm25_street_mean": 10.657885916222845, "pm25_street_p25": 9.7024249990537061, "pm25_street_p75": 10.758975804128795, "pm10_street_mean": 20.744921243920952, "pm10_street_p25": 19.050344138811433, "pm10_street_p75": 20.921590435217098, "n_streets": 38, "PM2.5_lsoa_pred": 10.006562862206483, "PM10_lsoa_pred": 19.734426294349756, "PM2.5_final": 10.657885916222845, "PM10_final": 20.744921243920952, "score_pm25": "C" }, "geometry": { "type": "Polygon", "coordinates": [ [ [ -2.972567104002537, 53.43569077935939 ], [ -2.976908116067114, 53.43253546617138 ], [ -2.978405413607823, 53.432317200152958 ], [ -2.979027592195183, 53.433322793191529 ], [ -2.979396929529074, 53.437221003026842 ], [ -2.973921524554028, 53.439742227350514 ], [ -2.972567104002537, 53.43569077935939 ] ] ] } },
{ "type": "Feature", "properties": { "LSOA21CD": "E01006702", "LSOA21NM": "Liverpool 014C", "area_km2": 0.15770768514346378, "pct_industrial": 0.0, "pct_commercial": 0.0, "pct_residential": 100.0, "pct_green": 0.94948397664556139, "bcr": 22.539619683282368, "n_buildings": 169, "mean_bldg_area": 210.33557658369909, "street_density_motorway": 0.0, "street_density_primary": 1.5901909163553978, "street_density_secondary": 0.0, "street_density_residential": 18317.062113055978, "street_density_total": 18318.652303972329, "pop_density_km2": 10500.439458568981, "population": 1656, "PM2.5_mean": null, "PM10_mean": null, "n_sensores": null, "pm25_street_mean": 9.9101847254862498, "pm25_street_p25": 8.3156884192201126, "pm25_street_p75": 9.7412481094016705, "pm10_street_mean": 19.58485798770911, "pm10_street_p25": 16.870541641550254, "pm10_street_p75": 19.16839226372085, "n_streets": 16, "PM2.5_lsoa_pred": 10.312341005333195, "PM10_lsoa_pred": 20.206888953684491, "PM2.5_final": 9.9101847254862498, "PM10_final": 19.58485798770911, "score_pm25": "B" }, "geometry": { "type": "Polygon", "coordinates": [ [ [ -2.979396929529074, 53.437221003026842 ], [ -2.979027592195183, 53.433322793191529 ], [ -2.984849049007641, 53.432885039164297 ], [ -2.981935847536726, 53.438836156840274 ], [ -2.979396929529074, 53.437221003026842 ] ] ] } },
{ "type": "Feature", "properties": { "LSOA21CD": "E01006703", "LSOA21NM": "Liverpool 014D", "area_km2": 0.24725382972338686, "pct_industrial": 0.0, "pct_commercial": 0.0, "pct_residential": 91.883604552212276, "pct_green": 0.069766323027571797, "bcr": 18.253182294730429, "n_buildings": 461, "mean_bldg_area": 97.899549392868039, "street_density_motorway": 0.0, "street_density_primary": 0.0, "street_density_secondary": 0.0, "street_density_residential": 14940.022298896069, "street_density_total": 14940.022298896069, "pop_density_km2": 6669.2596909208842, "population": 1649, "PM2.5_mean": 12.987072759157028, "PM10_mean": 25.653713685769372, "n_sensores": 1.0, "pm25_street_mean": 10.908299691992172, "pm25_street_p25": 9.8663009290172212, "pm25_street_p75": 11.163872415743803, "pm10_street_mean": 21.234020867972415, "pm10_street_p25": 19.418105021389465, "pm10_street_p75": 21.688120678020759, "n_streets": 49, "PM2.5_lsoa_pred": 9.9928151773976346, "PM10_lsoa_pred": 19.688504375279575, "PM2.5_final": 12.987072759157028, "PM10_final": 25.653713685769372, "score_pm25": "C" }, "geometry": { "type": "Polygon", "coordinates": [ [ [ -2.967459417361264, 53.437139027375714 ], [ -2.969019286695744, 53.433251329572556 ], [ -2.971235032139763, 53.431339919543561 ], [ -2.976037746285774, 53.430430725419157 ], [ -2.976908116067114, 53.43253546617138 ], [ -2.972567104002537, 53.43569077935939 ], [ -2.967666685139359, 53.437691305216276 ], [ -2.967459417361264, 53.437139027375714 ] ] ] } },
{ "type": "Feature", "properties": { "LSOA21CD": "E01006705", "LSOA21NM": "Liverpool 009E", "area_km2": 0.11848968523470632, "pct_industrial": 2.6070028208333382, "pct_commercial": 0.0, "pct_residential": 81.887337710868309, "pct_green": 0.0, "bcr": 48.189993470342444, "n_buildings": 98, "mean_bldg_area": 582.65481201667649, "street_density_motorway": 0.0, "street_density_primary": 0.0, "street_density_secondary": 0.0, "street_density_residential": 23348.920904506969, "street_density_total": 23348.920904506969, "pop_density_km2": 10937.660923251351, "population": 1296, "PM2.5_mean": null, "PM10_mean": null, "n_sensores": null, "pm25_street_mean": 9.7800363446875398, "pm25_street_p25": 8.9270996579190331, "pm25_street_p75": 9.9175769302369154, "pm10_street_mean": 19.19758145778448, "pm10_street_p25": 17.721566842499627, "pm10_street_p75": 19.262913244337113, "n_streets": 33, "PM2.5_lsoa_pred": 9.7912321267277029, "PM10_lsoa_pred": 19.168705639893624, "PM2.5_final": 9.7800363446875398, "PM10_final": 19.19758145778448, "score_pm25": "B" }, "geometry": { "type": "Polygon", "coordinates": [ [ [ -2.97048295712283, 53.44338366429745 ], [ -2.972762382485262, 53.446215146857028 ], [ -2.976135958671879, 53.445002529195094 ], [ -2.973377411126326, 53.447430940166079 ], [ -2.967016366573453, 53.447584862056978 ], [ -2.97048295712283, 53.44338366429745 ] ] ] } },
{ "type": "Feature", "properties": { "LSOA21CD": "E01006706", "LSOA21NM": "Liverpool 045A", "area_km2": 0.57974324791455334, "pct_industrial": 4.4967498758910667, "pct_commercial": 0.0, "pct_residential": 27.240521408770508, "pct_green": 1.5692519818763098, "bcr": 7.0633411725873243, "n_buildings": 323, "mean_bldg_area": 126.7778437314045, "street_density_motorway": 0.0, "street_density_primary": 0.0, "street_density_secondary": 425.27459966971651, "street_density_residential": 5275.7511829070163, "street_density_total": 5701.0257825767339, "pop_density_km2": 2263.0707726558494, "population": 1312, "PM2.5_mean": null, "PM10_mean": null, "n_sensores": null, "pm25_street_mean": 7.7151621920092008, "pm25_street_p25": 6.8321526467316378, "pm25_street_p75": 8.0351595496310182, "pm10_street_mean": 15.965276988800184, "pm10_street_p25": 14.508618790607827, "pm10_street_p75": 16.521744331970986, "n_streets": 33, "PM2.5_lsoa_pred": 9.9290942044841319, "PM10_lsoa_pred": 19.799788878591816, "PM2.5_final": 7.7151621920092008, "PM10_final": 15.965276988800184, "score_pm25": "B" }, "geometry": { "type": "Polygon", "coordinates": [ [ [ -2.832294787723854, 53.392864715502846 ], [ -2.83232160775328, 53.387948942823925 ], [ -2.840198387961591, 53.389615828841187 ], [ -2.847518501530961, 53.390497441605419 ], [ -2.841773319070976, 53.395282106105277 ], [ -2.833655853565359, 53.396160548131391 ], [ -2.832294787723854, 53.392864715502846 ] ] ] } },
{ "type": "Feature", "properties": { "LSOA21CD": "E01006707", "LSOA21NM": "Liverpool 045B", "area_km2": 0.58706664419546084, "pct_industrial": 0.0, "pct_commercial": 0.0, "pct_residential": 30.316452885862155, "pct_green": 1.9065257335639183, "bcr": 6.3235396430114292, "n_buildings": 430, "mean_bldg_area": 86.333469713015859, "street_density_motorway": 0.0, "street_density_primary": 0.0, "street_density_secondary": 985.84710294392642, "street_density_residential": 6713.7052935431293, "street_density_total": 7699.5523964870554, "pop_density_km2": 2394.958074865312, "population": 1406, "PM2.5_mean": null, "PM10_mean": null, "n_sensores": null, "pm25_street_mean": 9.6668685104100085, "pm25_street_p25": 7.8594223527541685, "pm25_street_p75": 10.683304372113458, "pm10_street_mean": 19.408277318403837, "pm10_street_p25": 16.240765307163294, "pm10_street_p75": 21.100263965883883, "n_streets": 39, "PM2.5_lsoa_pred": 10.242418417633683, "PM10_lsoa_pred": 20.317383700299473, "PM2.5_final": 9.6668685104100085, "PM10_final": 19.408277318403837, "score_pm25": "B" }, "geometry": { "type": "Polygon", "coordinates": [ [ [ -2.83232160775328, 53.387948942823925 ], [ -2.824647503643551, 53.383447554631793 ], [ -2.833554512028829, 53.383875417946975 ], [ -2.833180740899151, 53.38147207946578 ], [ -2.844103045752213, 53.382004845177448 ], [ -2.844333865932688, 53.384777894659976 ], [ -2.837166356587502, 53.387381040511478 ], [ -2.840198387961591, 53.389615828841187 ], [ -2.83232160775328, 53.387948942823925 ] ] ] } },
{ "type": "Feature", "properties": { "LSOA21CD": "E01006708", "LSOA21NM": "Liverpool 045C", "area_km2": 1.2342120258999321, "pct_industrial": 0.0, "pct_commercial": 0.0, "pct_residential": 27.50044454820117, "pct_green": 5.0360533172941953, "bcr": 3.7612576940416762, "n_buildings": 395, "mean_bldg_area": 117.52378426569328, "street_density_motorway": 0.0, "street_density_primary": 0.0, "street_density_secondary": 562.61144146290474, "street_density_residential": 4401.6018248335013, "street_density_total": 4964.2132662964068, "pop_density_km2": 1508.6548833797929, "population": 1862, "PM2.5_mean": null, "PM10_mean": null, "n_sensores": null, "pm25_street_mean": 9.4364472077679888, "pm25_street_p25": 8.3729669315654345, "pm25_street_p75": 10.087107843253349, "pm10_street_mean": 18.916279821387608, "pm10_street_p25": 17.049333264122911, "pm10_street_p75": 20.136832782214597, "n_streets": 51, "PM2.5_lsoa_pred": 10.34177584749108, "PM10_lsoa_pred": 20.550277042327682, "PM2.5_final": 9.4364472077679888, "PM10_final": 18.916279821387608, "score_pm25": "B" }, "geometry": { "type": "Polygon", "coordinates": [ [ [ -2.833655853565359, 53.396160548131391 ], [ -2.841773319070976, 53.395282106105277 ], [ -2.847518501530961, 53.390497441605419 ], [ -2.840198387961591, 53.389615828841187 ], [ -2.837166356587502, 53.387381040511478 ], [ -2.844333865932688, 53.384777894659976 ], [ -2.844103045752213, 53.382004845177448 ], [ -2.853905498339512, 53.379843644479486 ], [ -2.855555944523579, 53.381291581399488 ], [ -2.856768842995885, 53.382326946960966 ], [ -2.85017365580119, 53.386390605123019 ], [ -2.854399863540662, 53.389532335024398 ], [ -2.84942593396466, 53.389600673167003 ], [ -2.847988279808366, 53.396952070591595 ], [ -2.837345581076422, 53.39985318389828 ], [ -2.833655853565359, 53.396160548131391 ] ] ] } },
{ "type": "Feature", "properties": { "LSOA21CD": "E01006709", "LSOA21NM": "Liverpool 040A", "area_km2": 0.2199606290650222, "pct_industrial": 0.0, "pct_commercial": 0.0, "pct_residential": 82.214606565625687, "pct_green": 7.640713128425622, "bcr": 1.0909130911296931, "n_buildings": 26, "mean_bldg_area": 92.291511453905841, "street_density_motorway": 0.0, "street_density_primary": 0.0, "street_density_secondary": 1895.7110824826116, "street_density_residential": 15655.992330539157, "street_density_total": 17551.703413021765, "pop_density_km2": 6810.3096739061366, "population": 1498, "PM2.5_mean": null, "PM10_mean": null, "n_sensores": null, "pm25_street_mean": 10.012698092220983, "pm25_street_p25": 9.0423625937798189, "pm25_street_p75": 11.098672946210732, "pm10_street_mean": 19.904201508932058, "pm10_street_p25": 18.214579983664471, "pm10_street_p75": 21.776623423985757, "n_streets": 26, "PM2.5_lsoa_pred": 11.920377037622634, "PM10_lsoa_pred": 23.092250987827114, "PM2.5_final": 10.012698092220983, "PM10_final": 19.904201508932058, "score_pm25": "C" }, "geometry": { "type": "Polygon", "coordinates": [ [ [ -2.856768842995885, 53.382326946960966 ], [ -2.858989061241568, 53.384132297962076 ], [ -2.856498695944481, 53.387341322058163 ], [ -2.854399863540662, 53.389532335024398 ], [ -2.85017365580119, 53.386390605123019 ], [ -2.856768842995885, 53.382326946960966 ] ] ] } },
{ "type": "Feature", "properties": { "LSOA21CD": "E01006710", "LSOA21NM": "Liverpool 045D", "area_km2": 0.1896423554103219, "pct_industrial": 0.0, "pct_commercial": 0.0, "pct_residential": 71.197082751114408, "pct_green": 3.555287624692121, "bcr": 14.093542715124126, "n_buildings": 105, "mean_bldg_area": 254.54596538782124, "street_density_motorway": 0.0, "street_density_primary": 0.0, "street_density_secondary": 0.0, "street_density_residential": 15625.381068978984, "street_density_total": 15625.381068978984, "pop_density_km2": 7440.3210029060929, "population": 1411, "PM2.5_mean": null, "PM10_mean": null, "n_sensores": null, "pm25_street_mean": 9.3844010277620349, "pm25_street_p25": 8.3886784464967992, "pm25_street_p75": 8.6972836965994933, "pm10_street_mean": 19.01691651880644, "pm10_street_p25": 17.285867789097182, "pm10_street_p75": 17.830294603151753, "n_streets": 33, "PM2.5_lsoa_pred": 10.97315823424195, "PM10_lsoa_pred": 21.434865163781588, "PM2.5_final": 9.3844010277620349, "PM10_final": 19.01691651880644, "score_pm25": "B" }, "geometry": { "type": "Polygon", "coordinates": [ [ [ -2.824647503643551, 53.383447554631793 ], [ -2.824222968731572, 53.380029905381974 ], [ -2.833180740899151, 53.38147207946578 ], [ -2.833554512028829, 53.383875417946975 ], [ -2.824647503643551, 53.383447554631793 ] ] ] } },
{ "type": "Feature", "properties": { "LSOA21CD": "E01006711", "LSOA21NM": "Liverpool 027A", "area_km2": 0.67790466286059281, "pct_industrial": 27.380522727039253, "pct_commercial": 1.4033938529421579, "pct_residential": 24.878352179492939, "pct_green": 1.3683364944507872, "bcr": 19.620057088447712, "n_buildings": 692, "mean_bldg_area": 192.20416453540071, "street_density_motorway": 0.0, "street_density_primary": 1101.1900727087009, "street_density_secondary": 1182.1804073935359, "street_density_residential": 6391.5063767038437, "street_density_total": 8674.8768568060823, "pop_density_km2": 2317.4350112459206, "population": 1571, "PM2.5_mean": null, "PM10_mean": null, "n_sensores": null, "pm25_street_mean": 8.782276326548784, "pm25_street_p25": 8.2969308124266306, "pm25_street_p75": 9.2607644834905951, "pm10_street_mean": 17.327290861824604, "pm10_street_p25": 16.538701108813306, "pm10_street_p75": 18.000435536265382, "n_streets": 42, "PM2.5_lsoa_pred": 8.4119959793064893, "PM10_lsoa_pred": 16.984636555874552, "PM2.5_final": 8.782276326548784, "PM10_final": 17.327290861824604, "score_pm25": "B" }, "geometry": { "type": "Polygon", "coordinates": [ [ [ -2.923442171277028, 53.42033773405894 ], [ -2.916134040693944, 53.417512041153124 ], [ -2.916108843747773, 53.416431460324517 ], [ -2.920519205819442, 53.414341315730013 ], [ -2.927950149209228, 53.411202366529494 ], [ -2.929784466225584, 53.414471708957947 ], [ -2.932673183897223, 53.419530261095751 ], [ -2.925736124357472, 53.421079742106244 ], [ -2.923442171277028, 53.42033773405894 ] ] ] } },
{ "type": "Feature", "properties": { "LSOA21CD": "E01006712", "LSOA21NM": "Liverpool 029D", "area_km2": 0.10352663922434169, "pct_industrial": 0.0, "pct_commercial": 0.0, "pct_residential": 100.0, "pct_green": 0.0, "bcr": 25.937641422592623, "n_buildings": 269, "mean_bldg_area": 99.822931073869398, "street_density_motorway": 0.0, "street_density_primary": 0.0, "street_density_secondary": 0.0, "street_density_residential": 17150.224002039664, "street_density_total": 17150.224002039664, "pop_density_km2": 11823.043896437113, "population": 1224, "PM2.5_mean": null, "PM10_mean": null, "n_sensores": null, "pm25_street_mean": 11.083627953042399, "pm25_street_p25": 9.7908501772615111, "pm25_street_p75": 11.046927037844991, "pm10_street_mean": 21.37113454427648, "pm10_street_p25": 19.137234276515947, "pm10_street_p75": 21.298304532635022, "n_streets": 11, "PM2.5_lsoa_pred": 9.8971717742224534, "PM10_lsoa_pred": 19.497796249722192, "PM2.5_final": 11.083627953042399, "PM10_final": 21.37113454427648, "score_pm25": "C" }, "geometry": { "type": "Polygon", "coordinates": [ [ [ -2.908228846333466, 53.417838636063486 ], [ -2.913990424546433, 53.415224752660492 ], [ -2.916108843747773, 53.416431460324517 ], [ -2.916134040693944, 53.417512041153124 ], [ -2.915566637604791, 53.418415790352348 ], [ -2.908228846333466, 53.417838636063486 ] ] ] } },
{ "type": "Feature", "properties": { "LSOA21CD": "E01006713", "LSOA21NM": "Liverpool 029E", "area_km2": 0.10949459175677517, "pct_industrial": 0.0, "pct_commercial": 0.0, "pct_residential": 89.077009436246016, "pct_green": 0.034208847100711703, "bcr": 33.721661166971302, "n_buildings": 700, "mean_bldg_area": 52.747707469111731, "street_density_motorway": 0.0, "street_density_primary": 675.15465673097174, "street_density_secondary": 0.0, "street_density_residential": 24428.067522384488, "street_density_total": 25103.222179115462, "pop_density_km2": 11863.599645958058, "population": 1299, "PM2.5_mean": null, "PM10_mean": null, "n_sensores": null, "pm25_street_mean": 9.9930382427761284, "pm25_street_p25": 9.601293036092553, "pm25_street_p75": 9.967035289375989, "pm10_street_mean": 19.568852034805399, "pm10_street_p25": 18.90195672394821, "pm10_street_p75": 19.541582982809842, "n_streets": 16, "PM2.5_lsoa_pred": 10.365496824496805, "PM10_lsoa_pred": 20.085293359325597, "PM2.5_final": 9.9930382427761284, "PM10_final": 19.568852034805399, "score_pm25": "B" }, "geometry": { "type": "Polygon", "coordinates": [ [ [ -2.90766804950616, 53.41486193835582 ], [ -2.907665510141284, 53.414803041075821 ], [ -2.911487968587191, 53.413731552693299 ], [ -2.913990424546433, 53.415224752660492 ], [ -2.908228846333466, 53.417838636063486 ], [ -2.907512447501989, 53.418021586530955 ], [ -2.90766804950616, 53.41486193835582 ] ] ] } },
{ "type": "Feature", "properties": { "LSOA21CD": "E01006716", "LSOA21NM": "Liverpool 032E", "area_km2": 0.27830966560299292, "pct_industrial": 4.7033557572072864, "pct_commercial": 0.0, "pct_residential": 60.619648982659783, "pct_green": 0.66666796808905149, "bcr": 12.971157177191689, "n_buildings": 127, "mean_bldg_area": 284.25184381638422, "street_density_motorway": 0.0, "street_density_primary": 356.54397342162991, "street_density_secondary": 3058.9621468542573, "street_density_residential": 9937.1941115931259, "street_density_total": 13352.700231869014, "pop_density_km2": 5077.0784296641568, "population": 1413, "PM2.5_mean": null, "PM10_mean": null, "n_sensores": null, "pm25_street_mean": 8.6234362191394034, "pm25_street_p25": 7.5203160493926449, "pm25_street_p75": 9.4278273522076184, "pm10_street_mean": 17.434179608967771, "pm10_street_p25": 15.53362827828628, "pm10_street_p75": 18.839433913093245, "n_streets": 46, "PM2.5_lsoa_pred": 9.7728394724836587, "PM10_lsoa_pred": 19.431235221921803, "PM2.5_final": 8.6234362191394034, "PM10_final": 17.434179608967771, "score_pm25": "B" }, "geometry": { "type": "Polygon", "coordinates": [ [ [ -2.91437156972072, 53.409738741210298 ], [ -2.914358929759597, 53.409470007801787 ], [ -2.913628183946271, 53.405623878316462 ], [ -2.921862140516344, 53.405198253712193 ], [ -2.922744980357458, 53.406711156620823 ], [ -2.920894257729818, 53.41011365275628 ], [ -2.914393085428671, 53.41019609203866 ], [ -2.91437156972072, 53.409738741210298 ] ] ] } },
{ "type": "Feature", "properties": { "LSOA21CD": "E01006717", "LSOA21NM": "Liverpool 027D", "area_km2": 0.15608395909651315, "pct_industrial": 0.0, "pct_commercial": 0.0, "pct_residential": 93.746341985790167, "pct_green": 0.0, "bcr": 21.338261383124809, "n_buildings": 310, "mean_bldg_area": 107.43742957788255, "street_density_motorway": 0.0, "street_density_primary": 0.0, "street_density_secondary": 19.349174453267658, "street_density_residential": 16996.432339720999, "street_density_total": 17015.781514174269, "pop_density_km2": 8879.8362626295184, "population": 1386, "PM2.5_mean": null, "PM10_mean": null, "n_sensores": null, "pm25_street_mean": 9.0028581746539267, "pm25_street_p25": 8.309016944411507, "pm25_street_p75": 9.6112970470975334, "pm10_street_mean": 17.902501055949713, "pm10_street_p25": 16.785886721561628, "pm10_street_p75": 18.871735285792461, "n_streets": 22, "PM2.5_lsoa_pred": 10.144077374074962, "PM10_lsoa_pred": 19.921554437938934, "PM2.5_final": 9.0028581746539267, "PM10_final": 17.902501055949713, "score_pm25": "B" }, "geometry": { "type": "Polygon", "coordinates": [ [ [ -2.914320523637889, 53.422316619366612 ], [ -2.91474114074989, 53.420704895903498 ], [ -2.923442171277028, 53.42033773405894 ], [ -2.925736124357472, 53.421079742106244 ], [ -2.915311459248241, 53.423701930744613 ], [ -2.914320523637889, 53.422316619366612 ] ] ] } },
{ "type": "Feature", "properties": { "LSOA21CD": "E01006718", "LSOA21NM": "Liverpool 027E", "area_km2": 0.10286706418241998, "pct_industrial": 0.0, "pct_commercial": 0.0, "pct_residential": 100.0, "pct_green": 0.0, "bcr": 26.069958470131084, "n_buildings": 164, "mean_bldg_area": 163.520737267073, "street_density_motorway": 0.0, "street_density_primary": 0.0, "street_density_secondary": 0.0, "street_density_residential": 20017.198926543591, "street_density_total": 20017.198926543591, "pop_density_km2": 14980.499465477673, "population": 1541, "PM2.5_mean": null, "PM10_mean": null, "n_sensores": null, "pm25_street_mean": 9.7751871072377128, "pm25_street_p25": 9.4920051993216514, "pm25_street_p75": 10.249090656876444, "pm10_street_mean": 19.142825702330718, "pm10_street_p25": 18.624217163640235, "pm10_street_p75": 19.95873618257977, "n_streets": 16, "PM2.5_lsoa_pred": 10.210846215765702, "PM10_lsoa_pred": 19.99677579758119, "PM2.5_final": 9.7751871072377128, "PM10_final": 19.142825702330718, "score_pm25": "B" }, "geometry": { "type": "Polygon", "coordinates": [ [ [ -2.915566637604791, 53.418415790352348 ], [ -2.916134040693944, 53.417512041153124 ], [ -2.923442171277028, 53.42033773405894 ], [ -2.91474114074989, 53.420704895903498 ], [ -2.915566637604791, 53.418415790352348 ] ] ] } },
{ "type": "Feature", "properties": { "LSOA21CD": "E01006719", "LSOA21NM": "Liverpool 027F", "area_km2": 0.14768835737755295, "pct_industrial": 0.0, "pct_commercial": 0.0, "pct_residential": 83.277612817641128, "pct_green": 1.8076964845392389, "bcr": 23.128193014455263, "n_buildings": 364, "mean_bldg_area": 93.839693280656405, "street_density_motorway": 0.0, "street_density_primary": 0.0, "street_density_secondary": 0.0, "street_density_residential": 18195.352896267126, "street_density_total": 18195.352896267126, "pop_density_km2": 9350.7709376818966, "population": 1381, "PM2.5_mean": null, "PM10_mean": null, "n_sensores": null, "pm25_street_mean": 10.332858470851559, "pm25_street_p25": 9.5590736058104291, "pm25_street_p75": 10.207148426768869, "pm10_street_mean": 20.194168401314254, "pm10_street_p25": 18.821892127028114, "pm10_street_p75": 20.058908602314673, "n_streets": 18, "PM2.5_lsoa_pred": 10.516009958891209, "PM10_lsoa_pred": 20.539379496752648, "PM2.5_final": 10.332858470851559, "PM10_final": 20.194168401314254, "score_pm25": "C" }, "geometry": { "type": "Polygon", "coordinates": [ [ [ -2.907901345097682, 53.419243334374904 ], [ -2.907512447501989, 53.418021586530955 ], [ -2.908228846333466, 53.417838636063486 ], [ -2.915566637604791, 53.418415790352348 ], [ -2.91474114074989, 53.420704895903498 ], [ -2.914320523637889, 53.422316619366612 ], [ -2.907901345097682, 53.419243334374904 ] ] ] } },
{ "type": "Feature", "properties": { "LSOA21CD": "E01006721", "LSOA21NM": "Liverpool 038C", "area_km2": 0.18178418719898584, "pct_industrial": 0.0, "pct_commercial": 0.0, "pct_residential": 56.73902247903262, "pct_green": 0.5998488396736511, "bcr": 26.547765845587111, "n_buildings": 279, "mean_bldg_area": 172.97362136878317, "street_density_motorway": 0.0, "street_density_primary": 0.0, "street_density_secondary": 4466.1228834405329, "street_density_residential": 16054.22698048858, "street_density_total": 20520.34986392911, "pop_density_km2": 8686.1240481361801, "population": 1579, "PM2.5_mean": null, "PM10_mean": null, "n_sensores": null, "pm25_street_mean": 10.671446629958886, "pm25_street_p25": 10.084246175363155, "pm25_street_p75": 10.52633277137949, "pm10_street_mean": 20.71135066987036, "pm10_street_p25": 19.64864788271662, "pm10_street_p75": 20.531674482370981, "n_streets": 34, "PM2.5_lsoa_pred": 10.084566810288541, "PM10_lsoa_pred": 19.822561367927438, "PM2.5_final": 10.671446629958886, "PM10_final": 20.71135066987036, "score_pm25": "C" }, "geometry": { "type": "Polygon", "coordinates": [ [ [ -2.922212112823681, 53.399177219451403 ], [ -2.92293686897222, 53.395491903284658 ], [ -2.926157455972278, 53.399139761261402 ], [ -2.929481271485569, 53.395244293838566 ], [ -2.93323057516904, 53.398047542528147 ], [ -2.929343930644474, 53.399411939458538 ], [ -2.925588267095059, 53.399864501270557 ], [ -2.922212112823681, 53.399177219451403 ] ] ] } },
{ "type": "Feature", "properties": { "LSOA21CD": "E01006722", "LSOA21NM": "Liverpool 038D", "area_km2": 0.07244085474037984, "pct_industrial": 0.0, "pct_commercial": 0.0, "pct_residential": 93.730862048165875, "pct_green": 0.0, "bcr": 40.681695538027554, "n_buildings": 300, "mean_bldg_area": 98.233893235420425, "street_density_motorway": 0.0, "street_density_primary": 0.0, "street_density_secondary": 0.0, "street_density_residential": 22220.531566339621, "street_density_total": 22220.531566339621, "pop_density_km2": 27663.947466966238, "population": 2004, "PM2.5_mean": null, "PM10_mean": null, "n_sensores": null, "pm25_street_mean": 9.4087088755529926, "pm25_street_p25": 9.3334670312664354, "pm25_street_p75": 9.437330508427987, "pm10_street_mean": 18.548147537839991, "pm10_street_p25": 18.425417321642911, "pm10_street_p75": 18.595532856091545, "n_streets": 6, "PM2.5_lsoa_pred": 9.6782476582841195, "PM10_lsoa_pred": 19.02955774008549, "PM2.5_final": 9.4087088755529926, "PM10_final": 18.548147537839991, "score_pm25": "B" }, "geometry": { "type": "Polygon", "coordinates": [ [ [ -2.934479451944639, 53.397168160306165 ], [ -2.938816761574985, 53.395199522232417 ], [ -2.94139550206917, 53.395937512512468 ], [ -2.939001236033647, 53.397998161602615 ], [ -2.934479451944639, 53.397168160306165 ] ] ] } },
{ "type": "Feature", "properties": { "LSOA21CD": "E01006723", "LSOA21NM": "Liverpool 038E", "area_km2": 0.14160359445406254, "pct_industrial": 0.0, "pct_commercial": 0.0, "pct_residential": 97.968822633878247, "pct_green": 0.0, "bcr": 39.809488620013923, "n_buildings": 428, "mean_bldg_area": 131.70950191523525, "street_density_motorway": 0.0, "street_density_primary": 0.0, "street_density_secondary": 1579.2952354687641, "street_density_residential": 20034.404494407849, "street_density_total": 21613.699729876611, "pop_density_km2": 13763.774906379746, "population": 1949, "PM2.5_mean": null, "PM10_mean": null, "n_sensores": null, "pm25_street_mean": 10.323397166950935, "pm25_street_p25": 10.2717901036314, "pm25_street_p75": 10.378256971063289, "pm10_street_mean": 20.018351584291555, "pm10_street_p25": 19.983809181770901, "pm10_street_p75": 20.099623506697611, "n_streets": 17, "PM2.5_lsoa_pred": 9.5381604352904841, "PM10_lsoa_pred": 18.776172334603924, "PM2.5_final": 10.323397166950935, "PM10_final": 20.018351584291555, "score_pm25": "C" }, "geometry": { "type": "Polygon", "coordinates": [ [ [ -2.93323057516904, 53.398047542528147 ], [ -2.929481271485569, 53.395244293838566 ], [ -2.932061989277833, 53.394082002634178 ], [ -2.937324511873251, 53.394689506251808 ], [ -2.938816761574985, 53.395199522232417 ], [ -2.934479451944639, 53.397168160306165 ], [ -2.933695046219839, 53.398347780241146 ], [ -2.93323057516904, 53.398047542528147 ] ] ] } },
{ "type": "Feature", "properties": { "LSOA21CD": "E01006724", "LSOA21NM": "Liverpool 038F", "area_km2": 0.30865649596013034, "pct_industrial": 0.0, "pct_commercial": 0.0, "pct_residential": 32.33770255677986, "pct_green": 0.0, "bcr": 16.76489051303906, "n_buildings": 369, "mean_bldg_area": 140.23285530921052, "street_density_motorway": 0.0, "street_density_primary": 0.0, "street_density_secondary": 0.0, "street_density_residential": 8012.8813772066942, "street_density_total": 8012.8813772066942, "pop_density_km2": 5141.6381018107431, "population": 1587, "PM2.5_mean": null, "PM10_mean": null, "n_sensores": null, "pm25_street_mean": 10.24675548318187, "pm25_street_p25": 9.7853474854128049, "pm25_street_p75": 10.152910716935393, "pm10_street_mean": 20.108671677155499, "pm10_street_p25": 19.301461312232572, "pm10_street_p75": 19.838539393231798, "n_streets": 10, "PM2.5_lsoa_pred": 9.7946294898799096, "PM10_lsoa_pred": 19.518632662625471, "PM2.5_final": 10.24675548318187, "PM10_final": 20.108671677155499, "score_pm25": "C" }, "geometry": { "type": "Polygon", "coordinates": [ [ [ -2.92293686897222, 53.395491903284658 ], [ -2.923006941091511, 53.394409117588701 ], [ -2.923271621006746, 53.390057357469708 ], [ -2.924463649218429, 53.39001435047286 ], [ -2.926750883633452, 53.391565357718228 ], [ -2.932061989277833, 53.394082002634178 ], [ -2.929481271485569, 53.395244293838566 ], [ -2.926157455972278, 53.399139761261402 ], [ -2.92293686897222, 53.395491903284658 ] ] ] } },
{ "type": "Feature", "properties": { "LSOA21CD": "E01006725", "LSOA21NM": "Liverpool 035B", "area_km2": 0.26280812696366612, "pct_industrial": 0.0, "pct_commercial": 23.243974281493276, "pct_residential": 48.786652943420691, "pct_green": 0.8452493308990936, "bcr": 22.537629595746083, "n_buildings": 409, "mean_bldg_area": 144.81839169337201, "street_density_motorway": 0.0, "street_density_primary": 0.0, "street_density_secondary": 2275.2112561645058, "street_density_residential": 12104.174308157801, "street_density_total": 14379.385564322303, "pop_density_km2": 5699.9759379857469, "population": 1498, "PM2.5_mean": null, "PM10_mean": null, "n_sensores": null, "pm25_street_mean": 8.8590907380003454, "pm25_street_p25": 8.4955003245065406, "pm25_street_p75": 9.1596335281074985, "pm10_street_mean": 17.745845072141297, "pm10_street_p25": 17.089423992743228, "pm10_street_p75": 18.331079827885226, "n_streets": 27, "PM2.5_lsoa_pred": 9.0749523806125065, "PM10_lsoa_pred": 18.222865695051809, "PM2.5_final": 8.8590907380003454, "PM10_final": 17.745845072141297, "score_pm25": "B" }, "geometry": { "type": "Polygon", "coordinates": [ [ [ -2.920883777199905, 53.402347078415303 ], [ -2.925240935316681, 53.402784871744529 ], [ -2.925588267095059, 53.399864501270557 ], [ -2.929343930644474, 53.399411939458538 ], [ -2.929662473700412, 53.400588655960497 ], [ -2.932055355381882, 53.404186461175478 ], [ -2.921862140516344, 53.405198253712193 ], [ -2.920883777199905, 53.402347078415303 ] ] ] } },
{ "type": "Feature", "properties": { "LSOA21CD": "E01006726", "LSOA21NM": "Liverpool 035C", "area_km2": 0.075587803661407382, "pct_industrial": 0.0, "pct_commercial": 0.0, "pct_residential": 100.0, "pct_green": 0.0, "bcr": 37.604277962053352, "n_buildings": 294, "mean_bldg_area": 96.68111494641758, "street_density_motorway": 0.0, "street_density_primary": 0.0, "street_density_secondary": 0.0, "street_density_residential": 23947.984126585023, "street_density_total": 23947.984126585023, "pop_density_km2": 22860.830931673958, "population": 1728, "PM2.5_mean": null, "PM10_mean": null, "n_sensores": null, "pm25_street_mean": 10.005807244773244, "pm25_street_p25": 9.8398762895204932, "pm25_street_p75": 10.220354691413995, "pm10_street_mean": 19.397187103851948, "pm10_street_p25": 19.133644184314711, "pm10_street_p75": 19.728905437518804, "n_streets": 13, "PM2.5_lsoa_pred": 10.054556863120727, "PM10_lsoa_pred": 19.629947607390839, "PM2.5_final": 10.005807244773244, "PM10_final": 19.397187103851948, "score_pm25": "C" }, "geometry": { "type": "Polygon", "coordinates": [ [ [ -2.933695046219839, 53.398347780241146 ], [ -2.934479451944639, 53.397168160306165 ], [ -2.939001236033647, 53.397998161602615 ], [ -2.933065365998491, 53.401112251585481 ], [ -2.933695046219839, 53.398347780241146 ] ] ] } },
{ "type": "Feature", "properties": { "LSOA21CD": "E01006727", "LSOA21NM": "Liverpool 035D", "area_km2": 0.09091262611158242, "pct_industrial": 0.0, "pct_commercial": 0.0, "pct_residential": 87.922775586650644, "pct_green": 0.0, "bcr": 37.482724188041416, "n_buildings": 216, "mean_bldg_area": 157.76170785884148, "street_density_motorway": 0.0, "street_density_primary": 0.0, "street_density_secondary": 3551.5892334953755, "street_density_residential": 22313.052097678152, "street_density_total": 25864.641331173527, "pop_density_km2": 13705.467032386798, "population": 1246, "PM2.5_mean": null, "PM10_mean": null, "n_sensores": null, "pm25_street_mean": 8.8627471582983244, "pm25_street_p25": 8.6840194200172167, "pm25_street_p75": 9.0798552961336547, "pm10_street_mean": 17.738300052558273, "pm10_street_p25": 17.447622783520384, "pm10_street_p75": 18.106107184626172, "n_streets": 15, "PM2.5_lsoa_pred": 10.045534798720485, "PM10_lsoa_pred": 19.617773974385599, "PM2.5_final": 8.8627471582983244, "PM10_final": 17.738300052558273, "score_pm25": "B" }, "geometry": { "type": "Polygon", "coordinates": [ [ [ -2.920883777199905, 53.402347078415303 ], [ -2.921589301288002, 53.400597950823752 ], [ -2.922212112823681, 53.399177219451403 ], [ -2.925588267095059, 53.399864501270557 ], [ -2.925240935316681, 53.402784871744529 ], [ -2.920883777199905, 53.402347078415303 ] ] ] } },
{ "type": "Feature", "properties": { "LSOA21CD": "E01006728", "LSOA21NM": "Liverpool 035E", "area_km2": 0.062869974246202748, "pct_industrial": 0.0, "pct_commercial": 0.0, "pct_residential": 85.89392267093929, "pct_green": 0.0, "bcr": 33.82125104221798, "n_buildings": 309, "mean_bldg_area": 68.81363048539167, "street_density_motorway": 0.0, "street_density_primary": 0.0, "street_density_secondary": 0.0, "street_density_residential": 26009.295481266705, "street_density_total": 26009.295481266705, "pop_density_km2": 25067.610077718269, "population": 1576, "PM2.5_mean": null, "PM10_mean": null, "n_sensores": null, "pm25_street_mean": 9.7814659904242021, "pm25_street_p25": 9.611621981348442, "pm25_street_p75": 10.082453972203403, "pm10_street_mean": 19.088051186817768, "pm10_street_p25": 18.800660131716175, "pm10_street_p75": 19.579407508295731, "n_streets": 12, "PM2.5_lsoa_pred": 10.557745706292859, "PM10_lsoa_pred": 20.463682438213013, "PM2.5_final": 9.7814659904242021, "PM10_final": 19.088051186817768, "score_pm25": "B" }, "geometry": { "type": "Polygon", "coordinates": [ [ [ -2.929662473700412, 53.400588655960497 ], [ -2.929343930644474, 53.399411939458538 ], [ -2.93323057516904, 53.398047542528147 ], [ -2.933695046219839, 53.398347780241146 ], [ -2.933065365998491, 53.401112251585481 ], [ -2.929662473700412, 53.400588655960497 ] ] ] } },
{ "type": "Feature", "properties": { "LSOA21CD": "E01006729", "LSOA21NM": "Liverpool 008C", "area_km2": 0.16728393278460338, "pct_industrial": 0.0, "pct_commercial": 0.0, "pct_residential": 91.082772249774763, "pct_green": 7.301837817744028, "bcr": 16.569418843388458, "n_buildings": 213, "mean_bldg_area": 130.1313402853209, "street_density_motorway": 0.0, "street_density_primary": 0.0, "street_density_secondary": 0.0, "street_density_residential": 20573.39410546319, "street_density_total": 20573.39410546319, "pop_density_km2": 8620.0747196488683, "population": 1442, "PM2.5_mean": null, "PM10_mean": null, "n_sensores": null, "pm25_street_mean": 10.643182402989241, "pm25_street_p25": 8.7337290608748752, "pm25_street_p75": 11.892306180565585, "pm10_street_mean": 20.769447042235402, "pm10_street_p25": 17.471570978556539, "pm10_street_p75": 22.887839711094582, "n_streets": 12, "PM2.5_lsoa_pred": 11.73349757369926, "PM10_lsoa_pred": 22.633598207141983, "PM2.5_final": 10.643182402989241, "PM10_final": 20.769447042235402, "score_pm25": "C" }, "geometry": { "type": "Polygon", "coordinates": [ [ [ -2.933794429182944, 53.446930925338918 ], [ -2.939554190943222, 53.444267645443738 ], [ -2.942265427170475, 53.447848993821474 ], [ -2.935984696948914, 53.449225420070285 ], [ -2.933794429182944, 53.446930925338918 ] ] ] } },
{ "type": "Feature", "properties": { "LSOA21CD": "E01006730", "LSOA21NM": "Liverpool 011C", "area_km2": 0.20119163914329596, "pct_industrial": 0.0, "pct_commercial": 0.0, "pct_residential": 71.560264911066767, "pct_green": 0.13585414294132081, "bcr": 16.047107329751164, "n_buildings": 324, "mean_bldg_area": 99.646414419167755, "street_density_motorway": 0.0, "street_density_primary": 5053.119893154254, "street_density_secondary": 2175.5281319568285, "street_density_residential": 10731.305981577543, "street_density_total": 17959.954006688626, "pop_density_km2": 6968.4804297530718, "population": 1402, "PM2.5_mean": null, "PM10_mean": null, "n_sensores": null, "pm25_street_mean": 9.5979596678156085, "pm25_street_p25": 9.4516179366422612, "pm25_street_p75": 9.6663927299296173, "pm10_street_mean": 18.97340686597844, "pm10_street_p25": 18.708758617523156, "pm10_street_p75": 19.114734933029791, "n_streets": 20, "PM2.5_lsoa_pred": 9.3618519306814552, "PM10_lsoa_pred": 18.678161823682348, "PM2.5_final": 9.5979596678156085, "PM10_final": 18.97340686597844, "score_pm25": "B" }, "geometry": { "type": "Polygon", "coordinates": [ [ [ -2.925306464698735, 53.4471549188777 ], [ -2.928029782568001, 53.443434708749152 ], [ -2.931517781878795, 53.442323931233716 ], [ -2.931692566904759, 53.44230574067025 ], [ -2.933406897963617, 53.44652734489749 ], [ -2.932957830801362, 53.447610691017516 ], [ -2.925306464698735, 53.4471549188777 ] ] ] } },
{ "type": "Feature", "properties": { "LSOA21CD": "E01006731", "LSOA21NM": "Liverpool 011D", "area_km2": 0.17239475309271513, "pct_industrial": 0.0, "pct_commercial": 0.0, "pct_residential": 99.999999999999957, "pct_green": 0.0, "bcr": 20.116599856382852, "n_buildings": 279, "mean_bldg_area": 124.30094140881975, "street_density_motorway": 0.0, "street_density_primary": 0.0, "street_density_secondary": 0.0, "street_density_residential": 14786.185590104216, "street_density_total": 14786.185590104216, "pop_density_km2": 7088.3827847289513, "population": 1222, "PM2.5_mean": null, "PM10_mean": null, "n_sensores": null, "pm25_street_mean": 10.768651736745655, "pm25_street_p25": 10.530658107756237, "pm25_street_p75": 11.110592710480924, "pm10_street_mean": 20.872381328946766, "pm10_street_p25": 20.475820246864789, "pm10_street_p75": 21.40436668639018, "n_streets": 10, "PM2.5_lsoa_pred": 9.8986271179147796, "PM10_lsoa_pred": 19.546762123255377, "PM2.5_final": 10.768651736745655, "PM10_final": 20.872381328946766, "score_pm25": "C" }, "geometry": { "type": "Polygon", "coordinates": [ [ [ -2.916217830818538, 53.447923684027579 ], [ -2.923163159072594, 53.444992482714099 ], [ -2.928029782568001, 53.443434708749152 ], [ -2.925306464698735, 53.4471549188777 ], [ -2.926157154915169, 53.448068820264218 ], [ -2.92285225251676, 53.448275437917189 ], [ -2.916217830818538, 53.447923684027579 ] ] ] } },
{ "type": "Feature", "properties": { "LSOA21CD": "E01006732", "LSOA21NM": "Liverpool 011E", "area_km2": 0.21115264786631796, "pct_industrial": 0.0, "pct_commercial": 0.0, "pct_residential": 89.40044622807504, "pct_green": 1.1938063520047424, "bcr": 17.610919326405533, "n_buildings": 617, "mean_bldg_area": 60.268918105845074, "street_density_motorway": 0.0, "street_density_primary": 1025.1171659819613, "street_density_secondary": 0.0, "street_density_residential": 17085.149902807942, "street_density_total": 18110.267068789901, "pop_density_km2": 8150.5016270957476, "population": 1721, "PM2.5_mean": null, "PM10_mean": null, "n_sensores": null, "pm25_street_mean": 10.149752323346972, "pm25_street_p25": 9.5943956060898881, "pm25_street_p75": 10.391708564755831, "pm10_street_mean": 19.935384449575142, "pm10_street_p25": 18.985961901741053, "pm10_street_p75": 20.359754132106271, "n_streets": 22, "PM2.5_lsoa_pred": 10.286769504160969, "PM10_lsoa_pred": 20.136712369751884, "PM2.5_final": 10.149752323346972, "PM10_final": 19.935384449575142, "score_pm25": "C" }, "geometry": { "type": "Polygon", "coordinates": [ [ [ -2.933406897963617, 53.44652734489749 ], [ -2.931692566904759, 53.44230574067025 ], [ -2.938170974677309, 53.440874723767045 ], [ -2.939554190943222, 53.444267645443738 ], [ -2.933794429182944, 53.446930925338918 ], [ -2.933406897963617, 53.44652734489749 ] ] ] } },
{ "type": "Feature", "properties": { "LSOA21CD": "E01006734", "LSOA21NM": "Liverpool 005C", "area_km2": 0.14376887597578805, "pct_industrial": 0.0, "pct_commercial": 0.0, "pct_residential": 96.086229364607917, "pct_green": 0.0, "bcr": 20.060108407017701, "n_buildings": 218, "mean_bldg_area": 132.29446044171519, "street_density_motorway": 0.0, "street_density_primary": 0.0, "street_density_secondary": 0.0, "street_density_residential": 15099.49824843683, "street_density_total": 15099.49824843683, "pop_density_km2": 10043.898515581233, "population": 1444, "PM2.5_mean": null, "PM10_mean": null, "n_sensores": null, "pm25_street_mean": 9.3165462808985602, "pm25_street_p25": 9.0271000368138701, "pm25_street_p75": 9.6870825823963553, "pm10_street_mean": 18.549116800681542, "pm10_street_p25": 18.09072659816416, "pm10_street_p75": 19.127875375676933, "n_streets": 10, "PM2.5_lsoa_pred": 9.9502110522795224, "PM10_lsoa_pred": 19.644974851065943, "PM2.5_final": 9.3165462808985602, "PM10_final": 18.549116800681542, "score_pm25": "B" }, "geometry": { "type": "Polygon", "coordinates": [ [ [ -2.913149481807602, 53.449207043968343 ], [ -2.913563461338929, 53.4489855155282 ], [ -2.916217830818538, 53.447923684027579 ], [ -2.92285225251676, 53.448275437917189 ], [ -2.917033324365954, 53.451840440813356 ], [ -2.913149481807602, 53.449207043968343 ] ] ] } },
{ "type": "Feature", "properties": { "LSOA21CD": "E01006735", "LSOA21NM": "Liverpool 005D", "area_km2": 0.17181270759953932, "pct_industrial": 0.0, "pct_commercial": 0.0, "pct_residential": 84.923869019809359, "pct_green": 1.9271559944332839, "bcr": 4.4505322914495151, "n_buildings": 130, "mean_bldg_area": 58.819846404086398, "street_density_motorway": 0.0, "street_density_primary": 1792.3279344524265, "street_density_secondary": 0.0, "street_density_residential": 11465.314949854688, "street_density_total": 13257.642884307112, "pop_density_km2": 8567.4687313055711, "population": 1472, "PM2.5_mean": null, "PM10_mean": null, "n_sensores": null, "pm25_street_mean": 8.9843821238737185, "pm25_street_p25": 8.2073110960855118, "pm25_street_p75": 9.2408886410192039, "pm10_street_mean": 17.996642273282866, "pm10_street_p25": 16.707748575589903, "pm10_street_p75": 18.334358509177004, "n_streets": 15, "PM2.5_lsoa_pred": 10.409595854000965, "PM10_lsoa_pred": 20.543432930935467, "PM2.5_final": 8.9843821238737185, "PM10_final": 17.996642273282866, "score_pm25": "B" }, "geometry": { "type": "Polygon", "coordinates": [ [ [ -2.925904846180442, 53.453821518121622 ], [ -2.925228068375946, 53.453302211317578 ], [ -2.92785562699102, 53.450990901495729 ], [ -2.935597295243565, 53.450587314702496 ], [ -2.931984629917971, 53.451673382766224 ], [ -2.934864003202791, 53.454539069734075 ], [ -2.925904846180442, 53.453821518121622 ] ] ] } },
{ "type": "Feature", "properties": { "LSOA21CD": "E01006736", "LSOA21NM": "Liverpool 005E", "area_km2": 0.31237383908979061, "pct_industrial": 0.0, "pct_commercial": 0.0, "pct_residential": 92.273330144624637, "pct_green": 1.4315455797421537, "bcr": 13.54994950045651, "n_buildings": 511, "mean_bldg_area": 82.83071907887259, "street_density_motorway": 0.0, "street_density_primary": 0.0, "street_density_secondary": 0.0, "street_density_residential": 14224.916793456119, "street_density_total": 14224.916793456119, "pop_density_km2": 4798.737321818805, "population": 1499, "PM2.5_mean": null, "PM10_mean": null, "n_sensores": null, "pm25_street_mean": 9.6552972422767152, "pm25_street_p25": 8.8055087332240376, "pm25_street_p75": 9.8727220635808877, "pm10_street_mean": 19.072194000905007, "pm10_street_p25": 17.677166613681287, "pm10_street_p75": 19.355539966212834, "n_streets": 21, "PM2.5_lsoa_pred": 10.256266522491149, "PM10_lsoa_pred": 20.159744596457983, "PM2.5_final": 9.6552972422767152, "PM10_final": 19.072194000905007, "score_pm25": "B" }, "geometry": { "type": "Polygon", "coordinates": [ [ [ -2.917033324365954, 53.451840440813356 ], [ -2.92285225251676, 53.448275437917189 ], [ -2.926157154915169, 53.448068820264218 ], [ -2.92785562699102, 53.450990901495729 ], [ -2.925228068375946, 53.453302211317578 ], [ -2.919990341792529, 53.454579423004724 ], [ -2.917033324365954, 53.451840440813356 ] ] ] } },
{ "type": "Feature", "properties": { "LSOA21CD": "E01006737", "LSOA21NM": "Liverpool 005F", "area_km2": 0.18977755982458258, "pct_industrial": 0.0, "pct_commercial": 0.0, "pct_residential": 90.139907076475623, "pct_green": 0.0, "bcr": 13.700493428045307, "n_buildings": 437, "mean_bldg_area": 59.497624969500428, "street_density_motorway": 0.0, "street_density_primary": 4088.4279020194936, "street_density_secondary": 0.0, "street_density_residential": 15944.884604649777, "street_density_total": 20033.31250666927, "pop_density_km2": 7292.748422307016, "population": 1384, "PM2.5_mean": null, "PM10_mean": null, "n_sensores": null, "pm25_street_mean": 9.3079057280936723, "pm25_street_p25": 9.1431649730188269, "pm25_street_p75": 9.427544260834992, "pm10_street_mean": 18.433693048586683, "pm10_street_p25": 18.142047819197941, "pm10_street_p75": 18.628569058336829, "n_streets": 16, "PM2.5_lsoa_pred": 10.016330726321915, "PM10_lsoa_pred": 19.695100010196047, "PM2.5_final": 9.3079057280936723, "PM10_final": 18.433693048586683, "score_pm25": "B" }, "geometry": { "type": "Polygon", "coordinates": [ [ [ -2.926157154915169, 53.448068820264218 ], [ -2.925306464698735, 53.4471549188777 ], [ -2.932957830801362, 53.447610691017516 ], [ -2.935597295243565, 53.450587314702496 ], [ -2.92785562699102, 53.450990901495729 ], [ -2.926157154915169, 53.448068820264218 ] ] ] } },
{ "type": "Feature", "properties": { "LSOA21CD": "E01006738", "LSOA21NM": "Liverpool 058A", "area_km2": 0.15334992665277364, "pct_industrial": 0.54678195166011301, "pct_commercial": 0.0, "pct_residential": 79.874333604035456, "pct_green": 0.0, "bcr": 25.253171375889782, "n_buildings": 727, "mean_bldg_area": 53.267840140888872, "street_density_motorway": 0.0, "street_density_primary": 0.0, "street_density_secondary": 0.0, "street_density_residential": 18055.124266193623, "street_density_total": 18055.124266193623, "pop_density_km2": 9142.4888854007295, "population": 1402, "PM2.5_mean": null, "PM10_mean": null, "n_sensores": null, "pm25_street_mean": 7.1373734833824196, "pm25_street_p25": 6.4816517645485447, "pm25_street_p75": 7.3500963041692025, "pm10_street_mean": 14.795531879199089, "pm10_street_p25": 13.582601736005655, "pm10_street_p75": 15.23852973975165, "n_streets": 17, "PM2.5_lsoa_pred": 10.057112502136455, "PM10_lsoa_pred": 19.699437339100296, "PM2.5_final": 7.1373734833824196, "PM10_final": 14.795531879199089, "score_pm25": "B" }, "geometry": { "type": "Polygon", "coordinates": [ [ [ -2.888134714606439, 53.347565396844921 ], [ -2.893206866676951, 53.344068959018017 ], [ -2.896420950942965, 53.348721210724044 ], [ -2.892864777999694, 53.349018418040217 ], [ -2.888134714606439, 53.347565396844921 ] ] ] } },
{ "type": "Feature", "properties": { "LSOA21CD": "E01006739", "LSOA21NM": "Liverpool 058B", "area_km2": 5.411371718842255, "pct_industrial": 21.3322959169464, "pct_commercial": 0.88719321137394669, "pct_residential": 6.1091676494498337, "pct_green": 16.399208932060073, "bcr": 8.7708482646104056, "n_buildings": 1143, "mean_bldg_area": 415.24339675738781, "street_density_motorway": 0.0, "street_density_primary": 0.0, "street_density_secondary": 0.0, "street_density_residential": 1191.3676780545811, "street_density_total": 1191.3676780545811, "pop_density_km2": 470.49068744157688, "population": 2546, "PM2.5_mean": null, "PM10_mean": null, "n_sensores": null, "pm25_street_mean": 7.1436853022072579, "pm25_street_p25": 6.6482279897657577, "pm25_street_p75": 7.688117408582233, "pm10_street_mean": 14.920732013572808, "pm10_street_p25": 14.141682664036182, "pm10_street_p75": 15.817313739330315, "n_streets": 50, "PM2.5_lsoa_pred": 9.1314398184263119, "PM10_lsoa_pred": 18.333919551804726, "PM2.5_final": 7.1436853022072579, "PM10_final": 14.920732013572808, "score_pm25": "B" }, "geometry": { "type": "Polygon", "coordinates": [ [ [ -2.838774968852121, 53.338107555291835 ], [ -2.832268092480208, 53.337265042464317 ], [ -2.825679180925278, 53.331811689633156 ], [ -2.825756819793645, 53.331798195546845 ], [ -2.826661005162548, 53.331641042758093 ], [ -2.836410259234967, 53.32700224273205 ], [ -2.854972794288684, 53.327455823732727 ], [ -2.878158577790993, 53.334182799769025 ], [ -2.89560358421256, 53.34262476649829 ], [ -2.893206866676951, 53.344068959018017 ], [ -2.888134714606439, 53.347565396844921 ], [ -2.885467498816689, 53.349129891609245 ], [ -2.880094955635734, 53.342764555775751 ], [ -2.874326253622705, 53.346132657345557 ], [ -2.866744895059917, 53.345403576772725 ], [ -2.862825829097336, 53.353504660873732 ], [ -2.852385799315926, 53.353815177578888 ], [ -2.858474751256185, 53.336753096491165 ], [ -2.862474948882064, 53.336567510444318 ], [ -2.86151560963321, 53.330942947629232 ], [ -2.838774968852121, 53.338107555291835 ] ] ] } },
{ "type": "Feature", "properties": { "LSOA21CD": "E01006740", "LSOA21NM": "Liverpool 057A", "area_km2": 0.84832324598310693, "pct_industrial": 50.327917396717012, "pct_commercial": 0.0, "pct_residential": 17.071166139501422, "pct_green": 0.48299789943114169, "bcr": 10.289908032988549, "n_buildings": 641, "mean_bldg_area": 136.18047088007009, "street_density_motorway": 0.0, "street_density_primary": 0.0, "street_density_secondary": 0.0, "street_density_residential": 2948.4057435753712, "street_density_total": 2948.4057435753712, "pop_density_km2": 1860.1399967193913, "population": 1578, "PM2.5_mean": null, "PM10_mean": null, "n_sensores": null, "pm25_street_mean": 8.4642495891213354, "pm25_street_p25": 6.2771208019045703, "pm25_street_p75": 9.8358300185345122, "pm10_street_mean": 17.134400007666237, "pm10_street_p25": 13.28075538048288, "pm10_street_p75": 19.596651397936672, "n_streets": 29, "PM2.5_lsoa_pred": 7.7317561080982582, "PM10_lsoa_pred": 15.792592373967576, "PM2.5_final": 8.4642495891213354, "PM10_final": 17.134400007666237, "score_pm25": "B" }, "geometry": { "type": "Polygon", "coordinates": [ [ [ -2.892864777999694, 53.349018418040217 ], [ -2.896420950942965, 53.348721210724044 ], [ -2.893206866676951, 53.344068959018017 ], [ -2.89560358421256, 53.34262476649829 ], [ -2.9027196293255, 53.346066654724183 ], [ -2.909869461076313, 53.349523892837055 ], [ -2.910337784331914, 53.349811313591076 ], [ -2.910612686893302, 53.349980748400661 ], [ -2.906880982472793, 53.352245336437562 ], [ -2.893470524621854, 53.353047618106814 ], [ -2.888480833106677, 53.351893171087525 ], [ -2.892864777999694, 53.349018418040217 ] ] ] } },
{ "type": "Feature", "properties": { "LSOA21CD": "E01006741", "LSOA21NM": "Liverpool 058C", "area_km2": 1.4777720166191566, "pct_industrial": 24.452110986222038, "pct_commercial": 0.0, "pct_residential": 19.65699341536525, "pct_green": 13.20479651199552, "bcr": 12.958122930196769, "n_buildings": 893, "mean_bldg_area": 214.4361864967056, "street_density_motorway": 0.0, "street_density_primary": 0.0, "street_density_secondary": 0.0, "street_density_residential": 3555.106213954974, "street_density_total": 3555.106213954974, "pop_density_km2": 1273.5387995136323, "population": 1882, "PM2.5_mean": null, "PM10_mean": null, "n_sensores": null, "pm25_street_mean": 9.2186743463018086, "pm25_street_p25": 7.3722636167979143, "pm25_street_p75": 10.157393244909922, "pm10_street_mean": 18.453297104270735, "pm10_street_p25": 15.262815898821145, "pm10_street_p75": 19.996005656418774, "n_streets": 23, "PM2.5_lsoa_pred": 9.8132610760263255, "PM10_lsoa_pred": 19.515065537529754, "PM2.5_final": 9.2186743463018086, "PM10_final": 18.453297104270735, "score_pm25": "B" }, "geometry": { "type": "Polygon", "coordinates": [ [ [ -2.840489019654281, 53.347385342726774 ], [ -2.849626377601622, 53.347680922675607 ], [ -2.851212713524945, 53.342400675902717 ], [ -2.852149231472858, 53.339241760440402 ], [ -2.841008847525604, 53.33812166141572 ], [ -2.838774968852121, 53.338107555291835 ], [ -2.86151560963321, 53.330942947629232 ], [ -2.862474948882064, 53.336567510444318 ], [ -2.858474751256185, 53.336753096491165 ], [ -2.852385799315926, 53.353815177578888 ], [ -2.846310856016087, 53.353990875444339 ], [ -2.840489019654281, 53.347385342726774 ] ] ] } },
{ "type": "Feature", "properties": { "LSOA21CD": "E01006742", "LSOA21NM": "Liverpool 057B", "area_km2": 0.33382727344568686, "pct_industrial": 0.0, "pct_commercial": 0.0, "pct_residential": 58.49766997080097, "pct_green": 0.3255990571402077, "bcr": 6.0490243039146714, "n_buildings": 330, "mean_bldg_area": 61.191796678258434, "street_density_motorway": 0.0, "street_density_primary": 0.0, "street_density_secondary": 0.0, "street_density_residential": 10616.59809768388, "street_density_total": 10616.59809768388, "pop_density_km2": 4846.8178866854805, "population": 1618, "PM2.5_mean": null, "PM10_mean": null, "n_sensores": null, "pm25_street_mean": 9.2848936006750247, "pm25_street_p25": 8.7943498692203974, "pm25_street_p75": 9.5599856416551283, "pm10_street_mean": 18.554478366852702, "pm10_street_p25": 17.810717804116919, "pm10_street_p75": 18.962470748343843, "n_streets": 28, "PM2.5_lsoa_pred": 10.378688327507412, "PM10_lsoa_pred": 20.479753356927361, "PM2.5_final": 9.2848936006750247, "PM10_final": 18.554478366852702, "score_pm25": "B" }, "geometry": { "type": "Polygon", "coordinates": [ [ [ -2.891280176850374, 53.359624503074521 ], [ -2.893601155598515, 53.357161374974389 ], [ -2.902867992297909, 53.360930802613666 ], [ -2.900264390088217, 53.358189675895318 ], [ -2.905391241508837, 53.359653528304825 ], [ -2.903293468711183, 53.361220761947209 ], [ -2.900498524801931, 53.363188246993168 ], [ -2.899380895075681, 53.36451068691526 ], [ -2.891280176850374, 53.359624503074521 ] ] ] } },
{ "type": "Feature", "properties": { "LSOA21CD": "E01006743", "LSOA21NM": "Liverpool 058D", "area_km2": 1.862863662062276, "pct_industrial": 23.097443872082479, "pct_commercial": 17.557690479266782, "pct_residential": 10.339598271297389, "pct_green": 2.9036171518898786, "bcr": 11.623331182561676, "n_buildings": 627, "mean_bldg_area": 345.33781965086905, "street_density_motorway": 0.0, "street_density_primary": 0.0, "street_density_secondary": 780.03029060566973, "street_density_residential": 1851.7978207247329, "street_density_total": 2631.828111330402, "pop_density_km2": 1073.0790667670306, "population": 1999, "PM2.5_mean": 7.6018092534611981, "PM10_mean": 17.537461105006514, "n_sensores": 1.0, "pm25_street_mean": 7.1444978394674354, "pm25_street_p25": 6.5946461497339621, "pm25_street_p75": 7.8895548883243114, "pm10_street_mean": 15.08726026902486, "pm10_street_p25": 14.153274369577288, "pm10_street_p75": 16.328699769491905, "n_streets": 50, "PM2.5_lsoa_pred": 7.8516663228932559, "PM10_lsoa_pred": 16.195483756405498, "PM2.5_final": 7.6018092534611981, "PM10_final": 17.537461105006514, "score_pm25": "B" }, "geometry": { "type": "Polygon", "coordinates": [ [ [ -2.875754625483811, 53.353174206349372 ], [ -2.862825829097336, 53.353504660873732 ], [ -2.866744895059917, 53.345403576772725 ], [ -2.874326253622705, 53.346132657345557 ], [ -2.880094955635734, 53.342764555775751 ], [ -2.885467498816689, 53.349129891609245 ], [ -2.888134714606439, 53.347565396844921 ], [ -2.892864777999694, 53.349018418040217 ], [ -2.888480833106677, 53.351893171087525 ], [ -2.893470524621854, 53.353047618106814 ], [ -2.893601155598515, 53.357161374974389 ], [ -2.891280176850374, 53.359624503074521 ], [ -2.875754625483811, 53.353174206349372 ] ] ] } },
{ "type": "Feature", "properties": { "LSOA21CD": "E01006677", "LSOA21NM": "Liverpool 043D", "area_km2": 0.12882631008175605, "pct_industrial": 0.0, "pct_commercial": 0.0, "pct_residential": 97.891535731595084, "pct_green": 0.061290052280033203, "bcr": 27.71411565186575, "n_buildings": 537, "mean_bldg_area": 66.486168651934918, "street_density_motorway": 0.0, "street_density_primary": 0.0, "street_density_secondary": 0.0, "street_density_residential": 20950.76916187636, "street_density_total": 20950.76916187636, "pop_density_km2": 12218.00111329048, "population": 1574, "PM2.5_mean": null, "PM10_mean": null, "n_sensores": null, "pm25_street_mean": 9.4468118751372074, "pm25_street_p25": 8.8316529897515696, "pm25_street_p75": 9.8126679926757081, "pm10_street_mean": 18.763218643153241, "pm10_street_p25": 17.661543389316208, "pm10_street_p75": 19.369112600107961, "n_streets": 24, "PM2.5_lsoa_pred": 10.200772583213674, "PM10_lsoa_pred": 19.907361508291508, "PM2.5_final": 9.4468118751372074, "PM10_final": 18.763218643153241, "score_pm25": "B" }, "geometry": { "type": "Polygon", "coordinates": [ [ [ -2.958988429706293, 53.387493980838101 ], [ -2.964363655947153, 53.388502629060383 ], [ -2.962247525058118, 53.390011880749334 ], [ -2.959824339579084, 53.391729248326619 ], [ -2.956313669627772, 53.38934238902123 ], [ -2.958988429706293, 53.387493980838101 ] ] ] } },
{ "type": "Feature", "properties": { "LSOA21CD": "E01006678", "LSOA21NM": "Liverpool 044E", "area_km2": 0.31347307092491877, "pct_industrial": 0.0, "pct_commercial": 0.0, "pct_residential": 56.58867016396362, "pct_green": 4.1386753546864297, "bcr": 22.694012816400285, "n_buildings": 502, "mean_bldg_area": 141.71238823040761, "street_density_motorway": 0.0, "street_density_primary": 0.0, "street_density_secondary": 1845.550038393166, "street_density_residential": 9476.3995063695183, "street_density_total": 11321.949544762683, "pop_density_km2": 6150.4485674362222, "population": 1928, "PM2.5_mean": null, "PM10_mean": null, "n_sensores": null, "pm25_street_mean": 9.9643111497494488, "pm25_street_p25": 9.0327002426428216, "pm25_street_p75": 10.136525194983957, "pm10_street_mean": 19.695742920108618, "pm10_street_p25": 18.043364977620893, "pm10_street_p75": 19.976808039454827, "n_streets": 44, "PM2.5_lsoa_pred": 9.8672386881855125, "PM10_lsoa_pred": 19.59745498641195, "PM2.5_final": 9.9643111497494488, "PM10_final": 19.695742920108618, "score_pm25": "B" }, "geometry": { "type": "Polygon", "coordinates": [ [ [ -2.958988429706293, 53.387493980838101 ], [ -2.955310844922678, 53.382172833361572 ], [ -2.956020927732287, 53.381665039411011 ], [ -2.959760803125744, 53.382209941637818 ], [ -2.962007472241241, 53.383394331999838 ], [ -2.967468493578092, 53.386313036471499 ], [ -2.964363655947153, 53.388502629060383 ], [ -2.958988429706293, 53.387493980838101 ] ] ] } },
{ "type": "Feature", "properties": { "LSOA21CD": "E01006679", "LSOA21NM": "Liverpool 039D", "area_km2": 0.40449084411758435, "pct_industrial": 0.65209901357052802, "pct_commercial": 5.1484126856481618, "pct_residential": 67.687711762256868, "pct_green": 2.4425379206003943, "bcr": 22.06752008968834, "n_buildings": 864, "mean_bldg_area": 103.31145635022902, "street_density_motorway": 0.0, "street_density_primary": 0.0, "street_density_secondary": 1788.3693096521708, "street_density_residential": 10208.325609803162, "street_density_total": 11996.694919455333, "pop_density_km2": 6724.5032602253505, "population": 2720, "PM2.5_mean": null, "PM10_mean": null, "n_sensores": null, "pm25_street_mean": 9.182964976266824, "pm25_street_p25": 8.2443123733405823, "pm25_street_p75": 10.307671891141183, "pm10_street_mean": 18.329307513900147, "pm10_street_p25": 16.685245644019389, "pm10_street_p75": 20.235057155801009, "n_streets": 61, "PM2.5_lsoa_pred": 9.2739558708200018, "PM10_lsoa_pred": 18.521671971981618, "PM2.5_final": 9.182964976266824, "PM10_final": 18.329307513900147, "score_pm25": "B" }, "geometry": { "type": "Polygon", "coordinates": [ [ [ -2.949492156442817, 53.395252899728149 ], [ -2.957076697127076, 53.392897220360688 ], [ -2.959309576868114, 53.392297618294272 ], [ -2.963686879423732, 53.394385610092009 ], [ -2.961396639488082, 53.396975240885261 ], [ -2.956529573887368, 53.397672307299828 ], [ -2.952709971616295, 53.398342882711098 ], [ -2.94974913130432, 53.398539064325277 ], [ -2.949492156442817, 53.395252899728149 ] ] ] } },
{ "type": "Feature", "properties": { "LSOA21CD": "E01006680", "LSOA21NM": "Liverpool 053B", "area_km2": 0.48907546549090747, "pct_industrial": 0.0, "pct_commercial": 0.0, "pct_residential": 46.878965963430652, "pct_green": 1.6160140790097792, "bcr": 4.8326503618669712, "n_buildings": 209, "mean_bldg_area": 113.08759451123882, "street_density_motorway": 0.0, "street_density_primary": 0.0, "street_density_secondary": 575.21593634932583, "street_density_residential": 7529.5133600793506, "street_density_total": 8104.729296428678, "pop_density_km2": 3050.6539486752035, "population": 1492, "PM2.5_mean": null, "PM10_mean": null, "n_sensores": null, "pm25_street_mean": 10.873059294257354, "pm25_street_p25": 10.427709449503494, "pm25_street_p75": 11.447087576551983, "pm10_street_mean": 21.446191895830854, "pm10_street_p25": 20.698649075946363, "pm10_street_p75": 22.429037117931134, "n_streets": 24, "PM2.5_lsoa_pred": 10.326913498021147, "PM10_lsoa_pred": 20.471863122918943, "PM2.5_final": 10.873059294257354, "PM10_final": 21.446191895830854, "score_pm25": "C" }, "geometry": { "type": "Polygon", "coordinates": [ [ [ -2.901266230986476, 53.375219769560431 ], [ -2.902181319118103, 53.371025763206688 ], [ -2.911311444910486, 53.369014303492193 ], [ -2.914234326134674, 53.37326862712446 ], [ -2.912320865260289, 53.374347999861762 ], [ -2.903525772202662, 53.377262268731208 ], [ -2.901266230986476, 53.375219769560431 ] ] ] } },
{ "type": "Feature", "properties": { "LSOA21CD": "E01006681", "LSOA21NM": "Liverpool 054D", "area_km2": 0.34624636976711276, "pct_industrial": 0.0, "pct_commercial": 0.0, "pct_residential": 73.206172446658229, "pct_green": 1.6822714086766191, "bcr": 2.5632649798727933, "n_buildings": 32, "mean_bldg_area": 277.35037313503943, "street_density_motorway": 0.0, "street_density_primary": 0.0, "street_density_secondary": 1737.7248886949519, "street_density_residential": 8501.480939264211, "street_density_total": 10239.205827959166, "pop_density_km2": 4427.4832427300371, "population": 1533, "PM2.5_mean": null, "PM10_mean": null, "n_sensores": null, "pm25_street_mean": 10.386491991897671, "pm25_street_p25": 9.7811828738992794, "pm25_street_p75": 10.179354759387916, "pm10_street_mean": 20.52960598269744, "pm10_street_p25": 19.486659198998552, "pm10_street_p75": 20.25863858737624, "n_streets": 17, "PM2.5_lsoa_pred": 10.284414807748165, "PM10_lsoa_pred": 20.401535633803441, "PM2.5_final": 10.386491991897671, "PM10_final": 20.52960598269744, "score_pm25": "C" }, "geometry": { "type": "Polygon", "coordinates": [ [ [ -2.898756128216782, 53.372710226159946 ], [ -2.896694258096256, 53.370525622418789 ], [ -2.898600224349076, 53.365577010202564 ], [ -2.899380895075681, 53.36451068691526 ], [ -2.900498524801931, 53.363188246993168 ], [ -2.903836156103364, 53.365305874793407 ], [ -2.902181319118103, 53.371025763206688 ], [ -2.901266230986476, 53.375219769560431 ], [ -2.898756128216782, 53.372710226159946 ] ] ] } },
{ "type": "Feature", "properties": { "LSOA21CD": "E01006682", "LSOA21NM": "Liverpool 053C", "area_km2": 0.2519738059731349, "pct_industrial": 0.0, "pct_commercial": 0.0, "pct_residential": 91.69961934493756, "pct_green": 0.80450984370797407, "bcr": 16.015733326724508, "n_buildings": 550, "mean_bldg_area": 73.373550577919119, "street_density_motorway": 0.0, "street_density_primary": 0.0, "street_density_secondary": 0.0, "street_density_residential": 15478.832312403854, "street_density_total": 15478.832312403854, "pop_density_km2": 5024.3317757202876, "population": 1266, "PM2.5_mean": null, "PM10_mean": null, "n_sensores": null, "pm25_street_mean": 10.462155440974801, "pm25_street_p25": 10.067628179308791, "pm25_street_p75": 10.217831883739459, "pm10_street_mean": 20.620132661157971, "pm10_street_p25": 19.9510217455238, "pm10_street_p75": 20.186460125403528, "n_streets": 20, "PM2.5_lsoa_pred": 10.239385156321427, "PM10_lsoa_pred": 20.093787508138536, "PM2.5_final": 10.462155440974801, "PM10_final": 20.620132661157971, "score_pm25": "C" }, "geometry": { "type": "Polygon", "coordinates": [ [ [ -2.911311444910486, 53.369014303492193 ], [ -2.911827961003331, 53.367771826833604 ], [ -2.916053603400794, 53.366523007920321 ], [ -2.91847755912968, 53.367847700079743 ], [ -2.918142003922008, 53.369379210510658 ], [ -2.918911403030987, 53.371830071694589 ], [ -2.914234326134674, 53.37326862712446 ], [ -2.911311444910486, 53.369014303492193 ] ] ] } },
{ "type": "Feature", "properties": { "LSOA21CD": "E01006683", "LSOA21NM": "Liverpool 053D", "area_km2": 0.23950197304449261, "pct_industrial": 0.0, "pct_commercial": 0.0, "pct_residential": 86.536934732328319, "pct_green": 0.48601912599328789, "bcr": 0.85536052090860026, "n_buildings": 30, "mean_bldg_area": 68.28684414065826, "street_density_motorway": 0.0, "street_density_primary": 0.0, "street_density_secondary": 0.0, "street_density_residential": 10998.300418704859, "street_density_total": 10998.300418704859, "pop_density_km2": 6375.7303565775928, "population": 1527, "PM2.5_mean": null, "PM10_mean": null, "n_sensores": null, "pm25_street_mean": 10.121008358693421, "pm25_street_p25": 9.9373155396225439, "pm25_street_p75": 10.211952264509414, "pm10_street_mean": 19.97590034821248, "pm10_street_p25": 19.65344183745654, "pm10_street_p75": 20.118515836836721, "n_streets": 11, "PM2.5_lsoa_pred": 10.512153758953168, "PM10_lsoa_pred": 20.741227375076186, "PM2.5_final": 10.121008358693421, "PM10_final": 19.97590034821248, "score_pm25": "C" }, "geometry": { "type": "Polygon", "coordinates": [ [ [ -2.903836156103364, 53.365305874793407 ], [ -2.909748550026886, 53.366554344641571 ], [ -2.911827961003331, 53.367771826833604 ], [ -2.911311444910486, 53.369014303492193 ], [ -2.902181319118103, 53.371025763206688 ], [ -2.903836156103364, 53.365305874793407 ] ] ] } },
{ "type": "Feature", "properties": { "LSOA21CD": "E01006684", "LSOA21NM": "Liverpool 056B", "area_km2": 0.56339014280835309, "pct_industrial": 0.0, "pct_commercial": 0.0, "pct_residential": 47.775786868172112, "pct_green": 0.72867737555228629, "bcr": 10.066739859814923, "n_buildings": 549, "mean_bldg_area": 103.30604749063151, "street_density_motorway": 0.0, "street_density_primary": 0.0, "street_density_secondary": 0.0, "street_density_residential": 7031.7193839339852, "street_density_total": 7031.7193839339852, "pop_density_km2": 3865.8823335872321, "population": 2178, "PM2.5_mean": null, "PM10_mean": null, "n_sensores": null, "pm25_street_mean": 9.0730217513271807, "pm25_street_p25": 8.4822464114406202, "pm25_street_p75": 9.6550698893817852, "pm10_street_mean": 18.310757334715074, "pm10_street_p25": 17.370321566758481, "pm10_street_p75": 19.201406748275325, "n_streets": 43, "PM2.5_lsoa_pred": 9.7713593048389082, "PM10_lsoa_pred": 19.483010636800028, "PM2.5_final": 9.0730217513271807, "PM10_final": 18.310757334715074, "score_pm25": "B" }, "geometry": { "type": "Polygon", "coordinates": [ [ [ -2.916053603400794, 53.366523007920321 ], [ -2.917635964343007, 53.362222108908711 ], [ -2.923486849842954, 53.357708520124589 ], [ -2.931712417990489, 53.361208308411122 ], [ -2.930426954266604, 53.362004958825004 ], [ -2.91847755912968, 53.367847700079743 ], [ -2.916053603400794, 53.366523007920321 ] ] ] } },
{ "type": "Feature", "properties": { "LSOA21CD": "E01006685", "LSOA21NM": "Liverpool 056C", "area_km2": 0.28041048195166735, "pct_industrial": 0.0, "pct_commercial": 0.0, "pct_residential": 93.473142530337597, "pct_green": 0.82695685376890471, "bcr": 13.297483361641124, "n_buildings": 403, "mean_bldg_area": 92.524906158363905, "street_density_motorway": 0.0, "street_density_primary": 0.0, "street_density_secondary": 0.0, "street_density_residential": 14105.257404482454, "street_density_total": 14105.257404482454, "pop_density_km2": 5331.4697424816095, "population": 1495, "PM2.5_mean": null, "PM10_mean": null, "n_sensores": null, "pm25_street_mean": 9.8239905996460148, "pm25_street_p25": 9.5965703194546954, "pm25_street_p75": 9.8744807727867503, "pm10_street_mean": 19.397212796919764, "pm10_street_p25": 18.924217740198646, "pm10_street_p75": 19.504912776216866, "n_streets": 28, "PM2.5_lsoa_pred": 10.209993389743731, "PM10_lsoa_pred": 20.093201061697133, "PM2.5_final": 9.8239905996460148, "PM10_final": 19.397212796919764, "score_pm25": "B" }, "geometry": { "type": "Polygon", "coordinates": [ [ [ -2.909748550026886, 53.366554344641571 ], [ -2.909196476314295, 53.36301823319716 ], [ -2.912961070244107, 53.361400774537096 ], [ -2.917635964343007, 53.362222108908711 ], [ -2.916053603400794, 53.366523007920321 ], [ -2.911827961003331, 53.367771826833604 ], [ -2.909748550026886, 53.366554344641571 ] ] ] } },
{ "type": "Feature", "properties": { "LSOA21CD": "E01006686", "LSOA21NM": "Liverpool 053E", "area_km2": 0.206730188121276, "pct_industrial": 0.0, "pct_commercial": 0.0, "pct_residential": 94.661642045969103, "pct_green": 0.0, "bcr": 1.3759657504644125, "n_buildings": 6, "mean_bldg_area": 474.08943073656775, "street_density_motorway": 0.0, "street_density_primary": 0.0, "street_density_secondary": 0.0, "street_density_residential": 13115.51099809629, "street_density_total": 13115.51099809629, "pop_density_km2": 6539.9253601359087, "population": 1352, "PM2.5_mean": null, "PM10_mean": null, "n_sensores": null, "pm25_street_mean": 9.8093419750808959, "pm25_street_p25": 9.7404479474219361, "pm25_street_p75": 9.8833368272442126, "pm10_street_mean": 19.33057429430686, "pm10_street_p25": 19.198984477662986, "pm10_street_p75": 19.493750036782085, "n_streets": 14, "PM2.5_lsoa_pred": 10.487203315895645, "PM10_lsoa_pred": 20.668014238772013, "PM2.5_final": 9.8093419750808959, "PM10_final": 19.33057429430686, "score_pm25": "B" }, "geometry": { "type": "Polygon", "coordinates": [ [ [ -2.903836156103364, 53.365305874793407 ], [ -2.900498524801931, 53.363188246993168 ], [ -2.903293468711183, 53.361220761947209 ], [ -2.909196476314295, 53.36301823319716 ], [ -2.909748550026886, 53.366554344641571 ], [ -2.903836156103364, 53.365305874793407 ] ] ] } },
{ "type": "Feature", "properties": { "LSOA21CD": "E01006687", "LSOA21NM": "Liverpool 056D", "area_km2": 0.84751560326812847, "pct_industrial": 26.080790834309401, "pct_commercial": 0.0019053431530903001, "pct_residential": 58.807419806793348, "pct_green": 0.3207457655612912, "bcr": 13.570546204270221, "n_buildings": 1102, "mean_bldg_area": 104.36705674219679, "street_density_motorway": 0.0, "street_density_primary": 0.0, "street_density_secondary": 0.0, "street_density_residential": 9557.9584530461216, "street_density_total": 9557.9584530461216, "pop_density_km2": 2900.2415890889065, "population": 2458, "PM2.5_mean": null, "PM10_mean": null, "n_sensores": null, "pm25_street_mean": 8.5944205407315586, "pm25_street_p25": 7.3475193442185862, "pm25_street_p75": 8.7673658357569266, "pm10_street_mean": 17.346976190974306, "pm10_street_p25": 15.25476813764822, "pm10_street_p75": 17.62842012823188, "n_streets": 66, "PM2.5_lsoa_pred": 8.6014491218200515, "PM10_lsoa_pred": 17.208407469841976, "PM2.5_final": 8.5944205407315586, "PM10_final": 17.346976190974306, "score_pm25": "B" }, "geometry": { "type": "Polygon", "coordinates": [ [ [ -2.912961070244107, 53.361400774537096 ], [ -2.916156806511403, 53.359137583021891 ], [ -2.905783317634309, 53.357348078197873 ], [ -2.902811171765805, 53.355932860449641 ], [ -2.906880982472793, 53.352245336437562 ], [ -2.910612686893302, 53.349980748400661 ], [ -2.922410895709447, 53.357250641529454 ], [ -2.923486849842954, 53.357708520124589 ], [ -2.917635964343007, 53.362222108908711 ], [ -2.912961070244107, 53.361400774537096 ] ] ] } },
{ "type": "Feature", "properties": { "LSOA21CD": "E01006688", "LSOA21NM": "Liverpool 056E", "area_km2": 0.29313738082549601, "pct_industrial": 0.0, "pct_commercial": 5.9447954538162593, "pct_residential": 82.998180876225973, "pct_green": 0.012468110310068, "bcr": 15.780949699214192, "n_buildings": 616, "mean_bldg_area": 75.097179574132255, "street_density_motorway": 0.0, "street_density_primary": 0.0, "street_density_secondary": 0.0, "street_density_residential": 15795.037291669378, "street_density_total": 15795.037291669378, "pop_density_km2": 5427.4893072989507, "population": 1591, "PM2.5_mean": null, "PM10_mean": null, "n_sensores": null, "pm25_street_mean": 9.2941663586907559, "pm25_street_p25": 8.9617575563239598, "pm25_street_p75": 9.5290188466094374, "pm10_street_mean": 18.42348722814117, "pm10_street_p25": 17.880102898368836, "pm10_street_p75": 18.7840819030666, "n_streets": 36, "PM2.5_lsoa_pred": 10.008421103350257, "PM10_lsoa_pred": 19.695208405897485, "PM2.5_final": 9.2941663586907559, "PM10_final": 18.42348722814117, "score_pm25": "B" }, "geometry": { "type": "Polygon", "coordinates": [ [ [ -2.903293468711183, 53.361220761947209 ], [ -2.905391241508837, 53.359653528304825 ], [ -2.905783317634309, 53.357348078197873 ], [ -2.916156806511403, 53.359137583021891 ], [ -2.912961070244107, 53.361400774537096 ], [ -2.909196476314295, 53.36301823319716 ], [ -2.903293468711183, 53.361220761947209 ] ] ] } },
{ "type": "Feature", "properties": { "LSOA21CD": "E01006744", "LSOA21NM": "Liverpool 057C", "area_km2": 0.13323578093109409, "pct_industrial": 0.0, "pct_commercial": 0.0, "pct_residential": 66.277503198823666, "pct_green": 0.0, "bcr": 25.914454280343001, "n_buildings": 692, "mean_bldg_area": 49.894979096020698, "street_density_motorway": 0.0, "street_density_primary": 0.0, "street_density_secondary": 0.0, "street_density_residential": 21667.485045755198, "street_density_total": 21667.485045755198, "pop_density_km2": 11100.621692343278, "population": 1479, "PM2.5_mean": null, "PM10_mean": null, "n_sensores": null, "pm25_street_mean": 8.2154355447563443, "pm25_street_p25": 7.7766929001961493, "pm25_street_p75": 8.6488310758959557, "pm10_street_mean": 16.658465328155934, "pm10_street_p25": 15.915998481528474, "pm10_street_p75": 17.341091227192084, "n_streets": 22, "PM2.5_lsoa_pred": 10.612048792787309, "PM10_lsoa_pred": 20.589119896827857, "PM2.5_final": 8.2154355447563443, "PM10_final": 16.658465328155934, "score_pm25": "B" }, "geometry": { "type": "Polygon", "coordinates": [ [ [ -2.900264390088217, 53.358189675895318 ], [ -2.896544506903102, 53.356272074375752 ], [ -2.902811171765805, 53.355932860449641 ], [ -2.905783317634309, 53.357348078197873 ], [ -2.905391241508837, 53.359653528304825 ], [ -2.900264390088217, 53.358189675895318 ] ] ] } },
{ "type": "Feature", "properties": { "LSOA21CD": "E01006745", "LSOA21NM": "Liverpool 057D", "area_km2": 0.38582719088779055, "pct_industrial": 3.5590218394918951, "pct_commercial": 0.0, "pct_residential": 33.287508167371413, "pct_green": 0.12549633682858541, "bcr": 17.496403709624943, "n_buildings": 638, "mean_bldg_area": 105.8085939486412, "street_density_motorway": 0.0, "street_density_primary": 0.0, "street_density_secondary": 0.0, "street_density_residential": 5811.9653480437619, "street_density_total": 5811.9653480437619, "pop_density_km2": 4631.6072122550586, "population": 1787, "PM2.5_mean": null, "PM10_mean": null, "n_sensores": null, "pm25_street_mean": 6.9439801776757797, "pm25_street_p25": 6.3883360658314983, "pm25_street_p75": 7.253444649934135, "pm10_street_mean": 14.6454369705756, "pm10_street_p25": 13.796598094513415, "pm10_street_p75": 15.074369501232553, "n_streets": 18, "PM2.5_lsoa_pred": 9.2563783422011685, "PM10_lsoa_pred": 18.590400170037725, "PM2.5_final": 6.9439801776757797, "PM10_final": 14.6454369705756, "score_pm25": "B" }, "geometry": { "type": "Polygon", "coordinates": [ [ [ -2.893601155598515, 53.357161374974389 ], [ -2.893470524621854, 53.353047618106814 ], [ -2.906880982472793, 53.352245336437562 ], [ -2.902811171765805, 53.355932860449641 ], [ -2.896544506903102, 53.356272074375752 ], [ -2.900264390088217, 53.358189675895318 ], [ -2.902867992297909, 53.360930802613666 ], [ -2.893601155598515, 53.357161374974389 ] ] ] } },
{ "type": "Feature", "properties": { "LSOA21CD": "E01006746", "LSOA21NM": "Liverpool 030E", "area_km2": 0.20711810383477705, "pct_industrial": 0.0, "pct_commercial": 13.943205706304456, "pct_residential": 58.343075894085686, "pct_green": 2.2616184807289863, "bcr": 24.595262255334919, "n_buildings": 486, "mean_bldg_area": 104.81736793506236, "street_density_motorway": 0.0, "street_density_primary": 1546.5928982874989, "street_density_secondary": 0.0, "street_density_residential": 17815.470103856351, "street_density_total": 19362.063002143856, "pop_density_km2": 8005.0945296535992, "population": 1658, "PM2.5_mean": null, "PM10_mean": null, "n_sensores": null, "pm25_street_mean": 10.922481661107181, "pm25_street_p25": 8.6956086370377328, "pm25_street_p75": 12.35525489613935, "pm10_street_mean": 21.155153515268047, "pm10_street_p25": 17.37305764213593, "pm10_street_p75": 23.567554680575647, "n_streets": 41, "PM2.5_lsoa_pred": 10.02820086165956, "PM10_lsoa_pred": 19.720297985603505, "PM2.5_final": 10.922481661107181, "PM10_final": 21.155153515268047, "score_pm25": "C" }, "geometry": { "type": "Polygon", "coordinates": [ [ [ -2.955914397119602, 53.415359550107418 ], [ -2.954386435862871, 53.410437624470283 ], [ -2.958606930576988, 53.410457473951091 ], [ -2.962592642777035, 53.414134450552417 ], [ -2.956504066619956, 53.416124177918562 ], [ -2.955914397119602, 53.415359550107418 ] ] ] } },
{ "type": "Feature", "properties": { "LSOA21CD": "E01006747", "LSOA21NM": "Liverpool 031B", "area_km2": 0.53242678290431367, "pct_industrial": 5.412903669549233, "pct_commercial": 0.0, "pct_residential": 28.229338773363001, "pct_green": 3.8145675129469647, "bcr": 30.377967655872229, "n_buildings": 497, "mean_bldg_area": 325.43347263958441, "street_density_motorway": 0.0, "street_density_primary": 3631.6615307686561, "street_density_secondary": 0.0, "street_density_residential": 4526.8129633881754, "street_density_total": 8158.4744941568297, "pop_density_km2": 5176.2985794335991, "population": 2756, "PM2.5_mean": 12.120395111735682, "PM10_mean": 25.706537229551859, "n_sensores": 1.0, "pm25_street_mean": 7.2080211170799338, "pm25_street_p25": 6.1788672959856124, "pm25_street_p75": 7.8928438491933353, "pm10_street_mean": 15.215736320176598, "pm10_street_p25": 13.615750908040685, "pm10_street_p75": 16.121027994900871, "n_streets": 63, "PM2.5_lsoa_pred": 8.6789434995000949, "PM10_lsoa_pred": 17.615368109075597, "PM2.5_final": 12.120395111735682, "PM10_final": 25.706537229551859, "score_pm25": "C" }, "geometry": { "type": "Polygon", "coordinates": [ [ [ -2.958606930576988, 53.410457473951091 ], [ -2.961227204830224, 53.407421565976492 ], [ -2.962349883045968, 53.406220766598913 ], [ -2.973090126067157, 53.405510824680249 ], [ -2.97360265358598, 53.407771791067596 ], [ -2.974566758232736, 53.409228904416281 ], [ -2.968142868193297, 53.408723246510135 ], [ -2.967934684344516, 53.411751402325706 ], [ -2.964647912577413, 53.413114151880116 ], [ -2.962592642777035, 53.414134450552417 ], [ -2.958606930576988, 53.410457473951091 ] ] ] } },
{ "type": "Feature", "properties": { "LSOA21CD": "E01006748", "LSOA21NM": "Liverpool 031C", "area_km2": 0.14288457923712894, "pct_industrial": 0.0, "pct_commercial": 0.0076832248453830004, "pct_residential": 68.842633385205403, "pct_green": 5.0311395630336433, "bcr": 32.204117474568328, "n_buildings": 830, "mean_bldg_area": 55.439418976587547, "street_density_motorway": 0.0, "street_density_primary": 0.0, "street_density_secondary": 1619.9241692130488, "street_density_residential": 18669.853748220798, "street_density_total": 20289.777917433839, "pop_density_km2": 15362.049646779682, "population": 2195, "PM2.5_mean": null, "PM10_mean": null, "n_sensores": null, "pm25_street_mean": 10.500074552883477, "pm25_street_p25": 9.4698465399193221, "pm25_street_p75": 11.535805248955914, "pm10_street_mean": 20.656700709363466, "pm10_street_p25": 18.825941393141967, "pm10_street_p75": 22.595226299406065, "n_streets": 26, "PM2.5_lsoa_pred": 10.368527315410233, "PM10_lsoa_pred": 20.239957814423036, "PM2.5_final": 10.500074552883477, "PM10_final": 20.656700709363466, "score_pm25": "C" }, "geometry": { "type": "Polygon", "coordinates": [ [ [ -2.954386435862871, 53.410437624470283 ], [ -2.954414291124128, 53.409844116300853 ], [ -2.954460574748627, 53.408744763007938 ], [ -2.95650646836165, 53.406214096825899 ], [ -2.961227204830224, 53.407421565976492 ], [ -2.958606930576988, 53.410457473951091 ], [ -2.954386435862871, 53.410437624470283 ] ] ] } },
{ "type": "Feature", "properties": { "LSOA21CD": "E01006751", "LSOA21NM": "Liverpool 031F", "area_km2": 0.52093339868598998, "pct_industrial": 6.1600127176278541, "pct_commercial": 5.8050782387765034, "pct_residential": 42.336094465138551, "pct_green": 5.3186393448233149, "bcr": 18.586510951624497, "n_buildings": 328, "mean_bldg_area": 295.19311950439402, "street_density_motorway": 0.0, "street_density_primary": 901.01689637884465, "street_density_secondary": 381.1054551553575, "street_density_residential": 6788.9555447904804, "street_density_total": 8071.0778963246812, "pop_density_km2": 5177.2453192729672, "population": 2697, "PM2.5_mean": null, "PM10_mean": null, "n_sensores": null, "pm25_street_mean": 8.2702560597274655, "pm25_street_p25": 7.094605244634403, "pm25_street_p75": 8.6428949836942319, "pm10_street_mean": 16.94193422097732, "pm10_street_p25": 14.885115083271774, "pm10_street_p75": 17.51520674087099, "n_streets": 57, "PM2.5_lsoa_pred": 9.5295438372268251, "PM10_lsoa_pred": 19.092662760435946, "PM2.5_final": 8.2702560597274655, "PM10_final": 16.94193422097732, "score_pm25": "B" }, "geometry": { "type": "Polygon", "coordinates": [ [ [ -2.95650646836165, 53.406214096825899 ], [ -2.948665927250949, 53.403047372101376 ], [ -2.949530127775359, 53.400171755133861 ], [ -2.95417864661231, 53.401030415700461 ], [ -2.952709971616295, 53.398342882711098 ], [ -2.956529573887368, 53.397672307299828 ], [ -2.960810069655345, 53.4030540421899 ], [ -2.962349883045968, 53.406220766598913 ], [ -2.961227204830224, 53.407421565976492 ], [ -2.95650646836165, 53.406214096825899 ] ] ] } },
{ "type": "Feature", "properties": { "LSOA21CD": "E01006753", "LSOA21NM": "Liverpool 059A", "area_km2": 0.30550253870623872, "pct_industrial": 0.0, "pct_commercial": 0.0, "pct_residential": 81.515959649757505, "pct_green": 8.4483780929464647, "bcr": 12.113620713591304, "n_buildings": 722, "mean_bldg_area": 51.256812755216373, "street_density_motorway": 0.0, "street_density_primary": 0.0, "street_density_secondary": 0.0, "street_density_residential": 14782.32054668112, "street_density_total": 14782.32054668112, "pop_density_km2": 6107.9688826883521, "population": 1866, "PM2.5_mean": null, "PM10_mean": null, "n_sensores": null, "pm25_street_mean": 8.9223883203718906, "pm25_street_p25": 7.4023902496087191, "pm25_street_p75": 8.6284761849028015, "pm10_street_mean": 18.04297101364422, "pm10_street_p25": 15.433132597136789, "pm10_street_p75": 17.447203879453298, "n_streets": 19, "PM2.5_lsoa_pred": 11.229503707341092, "PM10_lsoa_pred": 21.843992606132929, "PM2.5_final": 8.9223883203718906, "PM10_final": 18.04297101364422, "score_pm25": "B" }, "geometry": { "type": "Polygon", "coordinates": [ [ [ -2.840951868641086, 53.338435381172076 ], [ -2.841008847525604, 53.33812166141572 ], [ -2.852149231472858, 53.339241760440402 ], [ -2.851212713524945, 53.342400675902717 ], [ -2.843853501635674, 53.343727336542578 ], [ -2.840951868641086, 53.338435381172076 ] ] ] } },
{ "type": "Feature", "properties": { "LSOA21CD": "E01006754", "LSOA21NM": "Liverpool 059B", "area_km2": 0.44863240514247621, "pct_industrial": 0.0, "pct_commercial": 0.0, "pct_residential": 54.228747307960582, "pct_green": 6.4761729828795866, "bcr": 7.9111706757912517, "n_buildings": 599, "mean_bldg_area": 59.252212483687117, "street_density_motorway": 0.0, "street_density_primary": 0.0, "street_density_secondary": 0.0, "street_density_residential": 11397.163562304377, "street_density_total": 11397.163562304377, "pop_density_km2": 4009.964459497025, "population": 1799, "PM2.5_mean": null, "PM10_mean": null, "n_sensores": null, "pm25_street_mean": 11.678460305320243, "pm25_street_p25": 9.5974808115345311, "pm25_street_p75": 12.483653268244643, "pm10_street_mean": 22.809695763287635, "pm10_street_p25": 19.16573387017619, "pm10_street_p75": 24.254017067301746, "n_streets": 22, "PM2.5_lsoa_pred": 11.056855480759502, "PM10_lsoa_pred": 21.627003091340875, "PM2.5_final": 11.678460305320243, "PM10_final": 22.809695763287635, "score_pm25": "C" }, "geometry": { "type": "Polygon", "coordinates": [ [ [ -2.823270217495363, 53.338695917030343 ], [ -2.827014579064175, 53.343087816949804 ], [ -2.824665972112296, 53.345917603531802 ], [ -2.829336459839781, 53.346867193484869 ], [ -2.818438001724131, 53.34800365829097 ], [ -2.818779735227976, 53.33975612531551 ], [ -2.823270217495363, 53.338695917030343 ] ] ] } },
{ "type": "Feature", "properties": { "LSOA21CD": "E01006755", "LSOA21NM": "Liverpool 059C", "area_km2": 0.48731193976249515, "pct_industrial": 0.0, "pct_commercial": 0.0, "pct_residential": 44.558609324187984, "pct_green": 6.9492053612824733, "bcr": 15.968385877821548, "n_buildings": 755, "mean_bldg_area": 103.06735227810933, "street_density_motorway": 0.0, "street_density_primary": 0.0, "street_density_secondary": 0.0, "street_density_residential": 7908.0346830673134, "street_density_total": 7908.0346830673134, "pop_density_km2": 3229.963954437751, "population": 1574, "PM2.5_mean": null, "PM10_mean": null, "n_sensores": null, "pm25_street_mean": 9.0745451321273389, "pm25_street_p25": 7.8608120453065631, "pm25_street_p75": 9.7287216510409174, "pm10_street_mean": 18.31005586437113, "pm10_street_p25": 16.281958597502918, "pm10_street_p75": 19.329442794613435, "n_streets": 20, "PM2.5_lsoa_pred": 10.371671113991704, "PM10_lsoa_pred": 20.49871261952779, "PM2.5_final": 9.0745451321273389, "PM10_final": 18.31005586437113, "score_pm25": "B" }, "geometry": { "type": "Polygon", "coordinates": [ [ [ -2.840489019654281, 53.347385342726774 ], [ -2.839771160610404, 53.347265245269725 ], [ -2.833824689365524, 53.344723055912347 ], [ -2.83637191656037, 53.341554510713635 ], [ -2.829330486095494, 53.342826261380374 ], [ -2.83078863577778, 53.339430071554709 ], [ -2.837308956867473, 53.341072153896633 ], [ -2.840951868641086, 53.338435381172076 ], [ -2.843853501635674, 53.343727336542578 ], [ -2.841212304832719, 53.346396592477774 ], [ -2.849626377601622, 53.347680922675607 ], [ -2.840489019654281, 53.347385342726774 ] ] ] } },
{ "type": "Feature", "properties": { "LSOA21CD": "E01006756", "LSOA21NM": "Liverpool 059D", "area_km2": 0.31815970969066987, "pct_industrial": 0.0, "pct_commercial": 0.0, "pct_residential": 79.275256675079774, "pct_green": 8.3265635685252199, "bcr": 12.124015173024532, "n_buildings": 714, "mean_bldg_area": 54.024834001887406, "street_density_motorway": 0.0, "street_density_primary": 0.0, "street_density_secondary": 0.0, "street_density_residential": 10148.129078231494, "street_density_total": 10148.129078231494, "pop_density_km2": 5538.0990940465117, "population": 1762, "PM2.5_mean": null, "PM10_mean": null, "n_sensores": null, "pm25_street_mean": 10.357701908887368, "pm25_street_p25": 9.0836719896542011, "pm25_street_p75": 11.072814823043677, "pm10_street_mean": 20.52667827406286, "pm10_street_p25": 18.307649536494534, "pm10_street_p75": 21.852265597488479, "n_streets": 18, "PM2.5_lsoa_pred": 10.670146006263103, "PM10_lsoa_pred": 20.981695061832351, "PM2.5_final": 10.357701908887368, "PM10_final": 20.52667827406286, "score_pm25": "C" }, "geometry": { "type": "Polygon", "coordinates": [ [ [ -2.829503364858331, 53.346846365379712 ], [ -2.829336459839781, 53.346867193484869 ], [ -2.824665972112296, 53.345917603531802 ], [ -2.827014579064175, 53.343087816949804 ], [ -2.829330486095494, 53.342826261380374 ], [ -2.83637191656037, 53.341554510713635 ], [ -2.833824689365524, 53.344723055912347 ], [ -2.839771160610404, 53.347265245269725 ], [ -2.829503364858331, 53.346846365379712 ] ] ] } },
{ "type": "Feature", "properties": { "LSOA21CD": "E01006757", "LSOA21NM": "Liverpool 059E", "area_km2": 0.369765751748453, "pct_industrial": 0.0, "pct_commercial": 0.0, "pct_residential": 68.820808283100348, "pct_green": 6.2443629281471953, "bcr": 12.763899375913004, "n_buildings": 851, "mean_bldg_area": 55.460080469754203, "street_density_motorway": 0.0, "street_density_primary": 0.0, "street_density_secondary": 0.0, "street_density_residential": 12990.762284342318, "street_density_total": 12990.762284342318, "pop_density_km2": 3975.4898690564037, "population": 1470, "PM2.5_mean": null, "PM10_mean": null, "n_sensores": null, "pm25_street_mean": 10.012784804900662, "pm25_street_p25": 8.7061799817006822, "pm25_street_p75": 11.371691769367336, "pm10_street_mean": 19.948677759850671, "pm10_street_p25": 17.66901060766476, "pm10_street_p75": 22.091124160953569, "n_streets": 21, "PM2.5_lsoa_pred": 10.799496924447601, "PM10_lsoa_pred": 21.113482713224066, "PM2.5_final": 10.012784804900662, "PM10_final": 19.948677759850671, "score_pm25": "C" }, "geometry": { "type": "Polygon", "coordinates": [ [ [ -2.823270217495363, 53.338695917030343 ], [ -2.832268092480208, 53.337265042464317 ], [ -2.838774968852121, 53.338107555291835 ], [ -2.841008847525604, 53.33812166141572 ], [ -2.840951868641086, 53.338435381172076 ], [ -2.837308956867473, 53.341072153896633 ], [ -2.83078863577778, 53.339430071554709 ], [ -2.829330486095494, 53.342826261380374 ], [ -2.827014579064175, 53.343087816949804 ], [ -2.823270217495363, 53.338695917030343 ] ] ] } },
{ "type": "Feature", "properties": { "LSOA21CD": "E01006758", "LSOA21NM": "Liverpool 059F", "area_km2": 0.23186873289595233, "pct_industrial": 0.0, "pct_commercial": 0.0, "pct_residential": 65.396143333122751, "pct_green": 5.690174509140892, "bcr": 13.42276598109928, "n_buildings": 602, "mean_bldg_area": 51.699663455089443, "street_density_motorway": 0.0, "street_density_primary": 0.0, "street_density_secondary": 0.0, "street_density_residential": 11039.813758517155, "street_density_total": 11039.813758517155, "pop_density_km2": 6206.0976571848951, "population": 1439, "PM2.5_mean": null, "PM10_mean": null, "n_sensores": null, "pm25_street_mean": 8.7500541261788278, "pm25_street_p25": 7.22955232269618, "pm25_street_p75": 8.4561339819298453, "pm10_street_mean": 17.715256733308003, "pm10_street_p25": 15.120637544639798, "pm10_street_p75": 17.186716283946836, "n_streets": 13, "PM2.5_lsoa_pred": 10.601953109333953, "PM10_lsoa_pred": 20.84695309020303, "PM2.5_final": 8.7500541261788278, "PM10_final": 17.715256733308003, "score_pm25": "B" }, "geometry": { "type": "Polygon", "coordinates": [ [ [ -2.843853501635674, 53.343727336542578 ], [ -2.851212713524945, 53.342400675902717 ], [ -2.849626377601622, 53.347680922675607 ], [ -2.841212304832719, 53.346396592477774 ], [ -2.843853501635674, 53.343727336542578 ] ] ] } },
{ "type": "Feature", "properties": { "LSOA21CD": "E01006759", "LSOA21NM": "Liverpool 028D", "area_km2": 0.62705987820581366, "pct_industrial": 0.0, "pct_commercial": 0.0, "pct_residential": 30.374467874008079, "pct_green": 0.030519003078848, "bcr": 9.2409535288211035, "n_buildings": 732, "mean_bldg_area": 79.161628337269761, "street_density_motorway": 0.0, "street_density_primary": 787.90317425424519, "street_density_secondary": 0.0, "street_density_residential": 9101.2068787236167, "street_density_total": 9889.1100529778578, "pop_density_km2": 1653.7495637053592, "population": 1037, "PM2.5_mean": null, "PM10_mean": null, "n_sensores": null, "pm25_street_mean": 11.949934753598331, "pm25_street_p25": 8.9322603837382477, "pm25_street_p75": 14.6820481328787, "pm10_street_mean": 23.153914133841564, "pm10_street_p25": 17.831424545925408, "pm10_street_p75": 27.883034047463532, "n_streets": 22, "PM2.5_lsoa_pred": 10.034758582034467, "PM10_lsoa_pred": 19.861010668829358, "PM2.5_final": 11.949934753598331, "PM10_final": 23.153914133841564, "score_pm25": "C" }, "geometry": { "type": "Polygon", "coordinates": [ [ [ -2.932673183897223, 53.419530261095751 ], [ -2.929784466225584, 53.414471708957947 ], [ -2.937670361154624, 53.413470476643695 ], [ -2.940124887364813, 53.413042517249927 ], [ -2.943494094478785, 53.417765513001072 ], [ -2.942625079273308, 53.421332965558676 ], [ -2.935870701949703, 53.422114197636496 ], [ -2.932673183897223, 53.419530261095751 ] ] ] } },
{ "type": "Feature", "properties": { "LSOA21CD": "E01006760", "LSOA21NM": "Liverpool 028E", "area_km2": 0.26094270828440314, "pct_industrial": 0.00049724681782479998, "pct_commercial": 0.0, "pct_residential": 56.520508960637862, "pct_green": 2.773921499819572, "bcr": 17.219348871716175, "n_buildings": 325, "mean_bldg_area": 138.25426244552614, "street_density_motorway": 0.0, "street_density_primary": 0.0, "street_density_secondary": 613.26999225874624, "street_density_residential": 16758.020476235441, "street_density_total": 17371.290468494182, "pop_density_km2": 5510.7882088535489, "population": 1438, "PM2.5_mean": null, "PM10_mean": null, "n_sensores": null, "pm25_street_mean": 12.794441498583549, "pm25_street_p25": 8.8831467272205646, "pm25_street_p75": 16.03992090379219, "pm10_street_mean": 24.509634834226496, "pm10_street_p25": 17.698929033967559, "pm10_street_p75": 30.188412515021703, "n_streets": 23, "PM2.5_lsoa_pred": 10.975842144426109, "PM10_lsoa_pred": 21.371363139570057, "PM2.5_final": 12.794441498583549, "PM10_final": 24.509634834226496, "score_pm25": "C" }, "geometry": { "type": "Polygon", "coordinates": [ [ [ -2.935837986791475, 53.424071357726483 ], [ -2.935744483618744, 53.423903971760744 ], [ -2.935870701949703, 53.422114197636496 ], [ -2.942625079273308, 53.421332965558676 ], [ -2.943494094478785, 53.417765513001072 ], [ -2.946286068322125, 53.417301676306323 ], [ -2.947790653707682, 53.42124713712122 ], [ -2.940485508692774, 53.422506589118392 ], [ -2.944468316450553, 53.425246573534281 ], [ -2.944540417166945, 53.425277104697912 ], [ -2.935837986791475, 53.424071357726483 ] ] ] } },
{ "type": "Feature", "properties": { "LSOA21CD": "E01006761", "LSOA21NM": "Liverpool 020B", "area_km2": 0.3111966526125669, "pct_industrial": 2.987506806616917, "pct_commercial": 0.0, "pct_residential": 64.346560583439498, "pct_green": 2.9745456743106198, "bcr": 17.212729409187698, "n_buildings": 278, "mean_bldg_area": 192.68143073615465, "street_density_motorway": 0.0, "street_density_primary": 0.0, "street_density_secondary": 1754.6727112227195, "street_density_residential": 9114.1030649520435, "street_density_total": 10868.775776174763, "pop_density_km2": 4608.018717300597, "population": 1434, "PM2.5_mean": null, "PM10_mean": null, "n_sensores": null, "pm25_street_mean": 9.112097686687024, "pm25_street_p25": 7.9617472327250232, "pm25_street_p75": 9.1486349257101871, "pm10_street_mean": 18.249831274207018, "pm10_street_p25": 16.297496076829106, "pm10_street_p75": 18.378222461758124, "n_streets": 27, "PM2.5_lsoa_pred": 9.8424362996200845, "PM10_lsoa_pred": 19.569739784399751, "PM2.5_final": 9.112097686687024, "PM10_final": 18.249831274207018, "score_pm25": "B" }, "geometry": { "type": "Polygon", "coordinates": [ [ [ -2.925736124357472, 53.421079742106244 ], [ -2.932673183897223, 53.419530261095751 ], [ -2.935870701949703, 53.422114197636496 ], [ -2.935744483618744, 53.423903971760744 ], [ -2.929513041372966, 53.421777339714382 ], [ -2.930713702694882, 53.425075888639164 ], [ -2.924145650304718, 53.426852764677179 ], [ -2.925736124357472, 53.421079742106244 ] ] ] } },
{ "type": "Feature", "properties": { "LSOA21CD": "E01006762", "LSOA21NM": "Liverpool 015E", "area_km2": 0.2102823024422372, "pct_industrial": 0.0, "pct_commercial": 0.0, "pct_residential": 76.114629322144907, "pct_green": 0.50708832621043409, "bcr": 18.204111460871609, "n_buildings": 491, "mean_bldg_area": 77.963390466541739, "street_density_motorway": 0.0, "street_density_primary": 3275.1078654832786, "street_density_secondary": 0.0, "street_density_residential": 16405.615495692367, "street_density_total": 19680.723361175649, "pop_density_km2": 8222.2801439742743, "population": 1729, "PM2.5_mean": null, "PM10_mean": null, "n_sensores": null, "pm25_street_mean": 9.9009062587402106, "pm25_street_p25": 9.5254438709090188, "pm25_street_p75": 10.302176928875049, "pm10_street_mean": 19.497044235105903, "pm10_street_p25": 18.833249316080437, "pm10_street_p75": 20.150750330406318, "n_streets": 31, "PM2.5_lsoa_pred": 10.098802486723745, "PM10_lsoa_pred": 19.827180128548243, "PM2.5_final": 9.9009062587402106, "PM10_final": 19.497044235105903, "score_pm25": "B" }, "geometry": { "type": "Polygon", "coordinates": [ [ [ -2.937852660159623, 53.428779477544339 ], [ -2.943370614914242, 53.429857515509191 ], [ -2.947649506778555, 53.43071396340774 ], [ -2.942648053448762, 53.435023654369175 ], [ -2.942029821099915, 53.435236098264909 ], [ -2.937852660159623, 53.428779477544339 ] ] ] } },
{ "type": "Feature", "properties": { "LSOA21CD": "E01006763", "LSOA21NM": "Liverpool 020C", "area_km2": 0.11175577670739339, "pct_industrial": 0.0, "pct_commercial": 0.0, "pct_residential": 100.0, "pct_green": 0.0, "bcr": 32.29502062675116, "n_buildings": 453, "mean_bldg_area": 79.672298320615141, "street_density_motorway": 0.0, "street_density_primary": 0.0, "street_density_secondary": 0.0, "street_density_residential": 24149.267852684134, "street_density_total": 24149.267852684134, "pop_density_km2": 13099.993961235174, "population": 1464, "PM2.5_mean": null, "PM10_mean": null, "n_sensores": null, "pm25_street_mean": 9.7537377803065084, "pm25_street_p25": 9.7083974117529515, "pm25_street_p75": 9.7770522633026218, "pm10_street_mean": 19.148483774421255, "pm10_street_p25": 19.104904916916787, "pm10_street_p75": 19.156234020462485, "n_streets": 16, "PM2.5_lsoa_pred": 10.410275101485981, "PM10_lsoa_pred": 20.201403380500377, "PM2.5_final": 9.7537377803065084, "PM10_final": 19.148483774421255, "score_pm25": "B" }, "geometry": { "type": "Polygon", "coordinates": [ [ [ -2.929323699018537, 53.430191424320817 ], [ -2.933454939543189, 53.427983215682644 ], [ -2.934170046800095, 53.426918241901078 ], [ -2.936607082419086, 53.429507751680305 ], [ -2.931019687121091, 53.431752233074064 ], [ -2.929323699018537, 53.430191424320817 ] ] ] } },
{ "type": "Feature", "properties": { "LSOA21CD": "E01006764", "LSOA21NM": "Liverpool 020D", "area_km2": 0.1362805785605575, "pct_industrial": 0.075934768589706395, "pct_commercial": 0.0, "pct_residential": 88.632305452470234, "pct_green": 0.0, "bcr": 34.882433179874532, "n_buildings": 297, "mean_bldg_area": 160.06054462468987, "street_density_motorway": 0.0, "street_density_primary": 0.0, "street_density_secondary": 0.0, "street_density_residential": 18043.987649647028, "street_density_total": 18043.987649647028, "pop_density_km2": 11468.985650845816, "population": 1563, "PM2.5_mean": null, "PM10_mean": null, "n_sensores": null, "pm25_street_mean": 8.6287283500003351, "pm25_street_p25": 8.2387949109204381, "pm25_street_p75": 9.0430134536105502, "pm10_street_mean": 17.231864970893209, "pm10_street_p25": 16.65395771213305, "pm10_street_p75": 17.882818756772863, "n_streets": 11, "PM2.5_lsoa_pred": 9.7245843719116554, "PM10_lsoa_pred": 19.166566104478523, "PM2.5_final": 8.6287283500003351, "PM10_final": 17.231864970893209, "score_pm25": "B" }, "geometry": { "type": "Polygon", "coordinates": [ [ [ -2.930713702694882, 53.425075888639164 ], [ -2.929513041372966, 53.421777339714382 ], [ -2.935744483618744, 53.423903971760744 ], [ -2.935837986791475, 53.424071357726483 ], [ -2.934170046800095, 53.426918241901078 ], [ -2.933454939543189, 53.427983215682644 ], [ -2.930713702694882, 53.425075888639164 ] ] ] } },
{ "type": "Feature", "properties": { "LSOA21CD": "E01006765", "LSOA21NM": "Liverpool 020E", "area_km2": 0.17095592295773132, "pct_industrial": 0.0, "pct_commercial": 0.0, "pct_residential": 86.36244787411384, "pct_green": 0.54427144032859698, "bcr": 21.69526466915725, "n_buildings": 472, "mean_bldg_area": 78.579110070509273, "street_density_motorway": 0.0, "street_density_primary": 0.0, "street_density_secondary": 26.500909531324218, "street_density_residential": 14793.937659162388, "street_density_total": 14820.438568693711, "pop_density_km2": 8733.2452375408066, "population": 1493, "PM2.5_mean": null, "PM10_mean": null, "n_sensores": null, "pm25_street_mean": 9.5098788084714094, "pm25_street_p25": 9.2740372655924883, "pm25_street_p75": 9.5528557227028728, "pm10_street_mean": 18.788476977194829, "pm10_street_p25": 18.400023616096671, "pm10_street_p75": 18.872108451818356, "n_streets": 17, "PM2.5_lsoa_pred": 9.9271875490239534, "PM10_lsoa_pred": 19.582067010812352, "PM2.5_final": 9.5098788084714094, "PM10_final": 18.788476977194829, "score_pm25": "B" }, "geometry": { "type": "Polygon", "coordinates": [ [ [ -2.927205329440833, 53.428230488262372 ], [ -2.924101038288036, 53.426876840524095 ], [ -2.924145650304718, 53.426852764677179 ], [ -2.930713702694882, 53.425075888639164 ], [ -2.933454939543189, 53.427983215682644 ], [ -2.929323699018537, 53.430191424320817 ], [ -2.927205329440833, 53.428230488262372 ] ] ] } },
{ "type": "Feature", "properties": { "LSOA21CD": "E01006766", "LSOA21NM": "Liverpool 019E", "area_km2": 0.1240182421325989, "pct_industrial": 0.0, "pct_commercial": 0.0, "pct_residential": 74.77173571412871, "pct_green": 0.33996100387014189, "bcr": 32.046291264422258, "n_buildings": 109, "mean_bldg_area": 364.61694582412002, "street_density_motorway": 0.0, "street_density_primary": 3267.0442582425494, "street_density_secondary": 0.0, "street_density_residential": 17322.775512956901, "street_density_total": 20589.819771199451, "pop_density_km2": 10296.872282987579, "population": 1277, "PM2.5_mean": null, "PM10_mean": null, "n_sensores": null, "pm25_street_mean": 10.317985137038081, "pm25_street_p25": 10.068439116205486, "pm25_street_p75": 10.391024698011531, "pm10_street_mean": 20.032690478652516, "pm10_street_p25": 19.639468889229484, "pm10_street_p75": 20.133935857193251, "n_streets": 18, "PM2.5_lsoa_pred": 9.7108638790469843, "PM10_lsoa_pred": 19.174334731672047, "PM2.5_final": 10.317985137038081, "PM10_final": 20.032690478652516, "score_pm25": "C" }, "geometry": { "type": "Polygon", "coordinates": [ [ [ -2.943370614914242, 53.429857515509191 ], [ -2.946970780642095, 53.426279865992711 ], [ -2.949006544783619, 53.427109211201262 ], [ -2.950149583149888, 53.429006310307074 ], [ -2.947649506778555, 53.43071396340774 ], [ -2.943370614914242, 53.429857515509191 ] ] ] } },
{ "type": "Feature", "properties": { "LSOA21CD": "E01006767", "LSOA21NM": "Liverpool 019F", "area_km2": 0.35477507544455167, "pct_industrial": 0.0, "pct_commercial": 0.0, "pct_residential": 66.100917944360475, "pct_green": 0.0, "bcr": 18.17533440240021, "n_buildings": 788, "mean_bldg_area": 81.829386216262563, "street_density_motorway": 0.0, "street_density_primary": 0.0, "street_density_secondary": 0.0, "street_density_residential": 13056.974717340612, "street_density_total": 13056.974717340612, "pop_density_km2": 5186.3846345304391, "population": 1840, "PM2.5_mean": null, "PM10_mean": null, "n_sensores": null, "pm25_street_mean": 9.3743229771158827, "pm25_street_p25": 9.2460457599039891, "pm25_street_p75": 9.4871267575059548, "pm10_street_mean": 18.466948885222493, "pm10_street_p25": 18.277985222706103, "pm10_street_p75": 18.691312048025342, "n_streets": 35, "PM2.5_lsoa_pred": 9.85733265945019, "PM10_lsoa_pred": 19.46185685191805, "PM2.5_final": 9.3743229771158827, "PM10_final": 18.466948885222493, "score_pm25": "B" }, "geometry": { "type": "Polygon", "coordinates": [ [ [ -2.937852660159623, 53.428779477544339 ], [ -2.936607082419086, 53.429507751680305 ], [ -2.934170046800095, 53.426918241901078 ], [ -2.935837986791475, 53.424071357726483 ], [ -2.944540417166945, 53.425277104697912 ], [ -2.946970780642095, 53.426279865992711 ], [ -2.943370614914242, 53.429857515509191 ], [ -2.937852660159623, 53.428779477544339 ] ] ] } },
{ "type": "Feature", "properties": { "LSOA21CD": "E01006768", "LSOA21NM": "Liverpool 020F", "area_km2": 0.28975229909942468, "pct_industrial": 0.0, "pct_commercial": 0.0, "pct_residential": 61.189123354086817, "pct_green": 10.111305240566866, "bcr": 17.434668039772703, "n_buildings": 334, "mean_bldg_area": 151.24955534608983, "street_density_motorway": 0.0, "street_density_primary": 0.0, "street_density_secondary": 5.4609620002195411, "street_density_residential": 11518.688501845329, "street_density_total": 11524.149463845546, "pop_density_km2": 4603.9324075984487, "population": 1334, "PM2.5_mean": null, "PM10_mean": null, "n_sensores": null, "pm25_street_mean": 9.6525220232600493, "pm25_street_p25": 8.7196905241768956, "pm25_street_p75": 9.809151273898177, "pm10_street_mean": 19.149540557549297, "pm10_street_p25": 17.496945247374221, "pm10_street_p75": 19.459055697522537, "n_streets": 22, "PM2.5_lsoa_pred": 11.187977964151095, "PM10_lsoa_pred": 21.886754933971172, "PM2.5_final": 9.6525220232600493, "PM10_final": 19.149540557549297, "score_pm25": "B" }, "geometry": { "type": "Polygon", "coordinates": [ [ [ -2.917471304699314, 53.426728871503826 ], [ -2.915311459248241, 53.423701930744613 ], [ -2.925736124357472, 53.421079742106244 ], [ -2.924145650304718, 53.426852764677179 ], [ -2.924101038288036, 53.426876840524095 ], [ -2.918213549287747, 53.427087322284684 ], [ -2.917471304699314, 53.426728871503826 ] ] ] } },
{ "type": "Feature", "properties": { "LSOA21CD": "E01006769", "LSOA21NM": "Liverpool 040B", "area_km2": 0.27212674472981246, "pct_industrial": 0.0, "pct_commercial": 0.0, "pct_residential": 61.806806145732885, "pct_green": 3.9819610551136639, "bcr": 15.052506460768717, "n_buildings": 176, "mean_bldg_area": 232.73804449962853, "street_density_motorway": 0.0, "street_density_primary": 0.0, "street_density_secondary": 0.0, "street_density_residential": 13097.193780718142, "street_density_total": 13097.193780718142, "pop_density_km2": 4924.176053810701, "population": 1340, "PM2.5_mean": null, "PM10_mean": null, "n_sensores": null, "pm25_street_mean": 11.794866768193605, "pm25_street_p25": 9.7681411636792213, "pm25_street_p75": 12.616395976400476, "pm10_street_mean": 22.98532506336792, "pm10_street_p25": 19.481304158145903, "pm10_street_p75": 24.466305066266059, "n_streets": 24, "PM2.5_lsoa_pred": 10.767794512865573, "PM10_lsoa_pred": 21.122385414228955, "PM2.5_final": 11.794866768193605, "PM10_final": 22.98532506336792, "score_pm25": "C" }, "geometry": { "type": "Polygon", "coordinates": [ [ [ -2.872658118055556, 53.399357322001954 ], [ -2.869398084904748, 53.396219315247436 ], [ -2.868159700980022, 53.393561577771777 ], [ -2.869739727901983, 53.392332783174922 ], [ -2.87566082284841, 53.396592327273481 ], [ -2.881010421503663, 53.39997175221356 ], [ -2.872658118055556, 53.399357322001954 ] ] ] } },
{ "type": "Feature", "properties": { "LSOA21CD": "E01006770", "LSOA21NM": "Liverpool 040C", "area_km2": 0.19723382487322627, "pct_industrial": 0.0, "pct_commercial": 0.0, "pct_residential": 55.501231572045761, "pct_green": 12.799712886240547, "bcr": 13.589330375882016, "n_buildings": 126, "mean_bldg_area": 212.7202863096133, "street_density_motorway": 0.0, "street_density_primary": 0.0, "street_density_secondary": 3171.8877434491342, "street_density_residential": 16063.61909590391, "street_density_total": 19235.506839353038, "pop_density_km2": 5881.3441393513503, "population": 1160, "PM2.5_mean": null, "PM10_mean": null, "n_sensores": null, "pm25_street_mean": 13.431189111972298, "pm25_street_p25": 11.949979265958939, "pm25_street_p75": 15.106755139354775, "pm10_street_mean": 25.648588624868005, "pm10_street_p25": 23.011755654042101, "pm10_street_p75": 28.621497787526629, "n_streets": 16, "PM2.5_lsoa_pred": 12.251446612833117, "PM10_lsoa_pred": 23.650315095509953, "PM2.5_final": 13.431189111972298, "PM10_final": 25.648588624868005, "score_pm25": "C" }, "geometry": { "type": "Polygon", "coordinates": [ [ [ -2.861760967839266, 53.393943759653695 ], [ -2.863065725476187, 53.39063653910496 ], [ -2.868159700980022, 53.393561577771777 ], [ -2.869398084904748, 53.396219315247436 ], [ -2.868672578076697, 53.397989685635366 ], [ -2.861760967839266, 53.393943759653695 ] ] ] } },
{ "type": "Feature", "properties": { "LSOA21CD": "E01006771", "LSOA21NM": "Liverpool 040D", "area_km2": 0.51837878362168854, "pct_industrial": 0.0, "pct_commercial": 0.0, "pct_residential": 47.790891716354047, "pct_green": 11.903483744250378, "bcr": 15.947253491981344, "n_buildings": 265, "mean_bldg_area": 311.95161763320806, "street_density_motorway": 0.0, "street_density_primary": 0.0, "street_density_secondary": 2132.2178359997406, "street_density_residential": 11493.046915153884, "street_density_total": 13625.264751153623, "pop_density_km2": 3055.6806143439676, "population": 1584, "PM2.5_mean": null, "PM10_mean": null, "n_sensores": null, "pm25_street_mean": 10.979759179407102, "pm25_street_p25": 9.253193740483713, "pm25_street_p75": 11.828705674059593, "pm10_street_mean": 21.569705378151763, "pm10_street_p25": 18.524477444933719, "pm10_street_p75": 22.986513792697252, "n_streets": 74, "PM2.5_lsoa_pred": 11.46653537342606, "PM10_lsoa_pred": 22.373913698310563, "PM2.5_final": 10.979759179407102, "PM10_final": 21.569705378151763, "score_pm25": "C" }, "geometry": { "type": "Polygon", "coordinates": [ [ [ -2.854399863540662, 53.389532335024398 ], [ -2.856498695944481, 53.387341322058163 ], [ -2.86158305520073, 53.389603423569561 ], [ -2.85876251479846, 53.392158609530561 ], [ -2.856444445133268, 53.395046188734305 ], [ -2.847988279808366, 53.396952070591595 ], [ -2.84942593396466, 53.389600673167003 ], [ -2.854399863540662, 53.389532335024398 ] ] ] } },
{ "type": "Feature", "properties": { "LSOA21CD": "E01006772", "LSOA21NM": "Liverpool 040E", "area_km2": 0.33926313749730225, "pct_industrial": 0.0, "pct_commercial": 0.0, "pct_residential": 44.292518792947902, "pct_green": 10.597501120325241, "bcr": 13.309925661947233, "n_buildings": 219, "mean_bldg_area": 206.19028036201263, "street_density_motorway": 0.0, "street_density_primary": 0.0, "street_density_secondary": 793.7357772016818, "street_density_residential": 10506.199017159912, "street_density_total": 11299.934794361596, "pop_density_km2": 3292.429611539751, "population": 1117, "PM2.5_mean": null, "PM10_mean": null, "n_sensores": null, "pm25_street_mean": 12.263327922746848, "pm25_street_p25": 10.291344416187957, "pm25_street_p75": 12.994843856962742, "pm10_street_mean": 23.729523081451852, "pm10_street_p25": 20.316476977436913, "pm10_street_p75": 24.980099989685918, "n_streets": 35, "PM2.5_lsoa_pred": 11.467332704649563, "PM10_lsoa_pred": 22.40709987887832, "PM2.5_final": 12.263327922746848, "PM10_final": 23.729523081451852, "score_pm25": "C" }, "geometry": { "type": "Polygon", "coordinates": [ [ [ -2.85876251479846, 53.392158609530561 ], [ -2.86158305520073, 53.389603423569561 ], [ -2.856498695944481, 53.387341322058163 ], [ -2.858989061241568, 53.384132297962076 ], [ -2.860218287858616, 53.385097592863133 ], [ -2.867092229296291, 53.390500491677237 ], [ -2.869739727901983, 53.392332783174922 ], [ -2.868159700980022, 53.393561577771777 ], [ -2.863065725476187, 53.39063653910496 ], [ -2.861760967839266, 53.393943759653695 ], [ -2.85876251479846, 53.392158609530561 ] ] ] } },
{ "type": "Feature", "properties": { "LSOA21CD": "E01006773", "LSOA21NM": "Liverpool 036D", "area_km2": 0.19926675046128647, "pct_industrial": 0.0, "pct_commercial": 0.0, "pct_residential": 73.337289167444325, "pct_green": 0.0, "bcr": 16.000846028569359, "n_buildings": 246, "mean_bldg_area": 129.61124360749585, "street_density_motorway": 0.0, "street_density_primary": 0.0, "street_density_secondary": 0.0, "street_density_residential": 10228.928412857307, "street_density_total": 10228.928412857307, "pop_density_km2": 6594.1758821187977, "population": 1314, "PM2.5_mean": null, "PM10_mean": null, "n_sensores": null, "pm25_street_mean": 7.3869983799568812, "pm25_street_p25": 7.0812234256556703, "pm25_street_p75": 7.4833516656739976, "pm10_street_mean": 15.508864384172965, "pm10_street_p25": 14.975027612681332, "pm10_street_p75": 15.727197190047388, "n_streets": 11, "PM2.5_lsoa_pred": 9.7666885516495814, "PM10_lsoa_pred": 19.433196000767243, "PM2.5_final": 7.3869983799568812, "PM10_final": 15.508864384172965, "score_pm25": "B" }, "geometry": { "type": "Polygon", "coordinates": [ [ [ -2.879804427898661, 53.405610683597033 ], [ -2.88242383457462, 53.404208701884158 ], [ -2.876423515742852, 53.401279778512993 ], [ -2.883388088777502, 53.404212464698162 ], [ -2.884750867076794, 53.401537048880456 ], [ -2.889718882192905, 53.405265631178374 ], [ -2.890040741100819, 53.405752055196039 ], [ -2.881232649400373, 53.406976756167687 ], [ -2.879804427898661, 53.405610683597033 ] ] ] } },
{ "type": "Feature", "properties": { "LSOA21CD": "E01006774", "LSOA21NM": "Liverpool 036E", "area_km2": 0.33205374048623165, "pct_industrial": 0.0, "pct_commercial": 0.0, "pct_residential": 60.040264720720238, "pct_green": 1.4973481755644682, "bcr": 13.828051176788838, "n_buildings": 401, "mean_bldg_area": 114.50514007201424, "street_density_motorway": 0.0, "street_density_primary": 0.0, "street_density_secondary": 1797.0613223449832, "street_density_residential": 9997.1908295763205, "street_density_total": 11794.252151921304, "pop_density_km2": 4258.3468505111759, "population": 1414, "PM2.5_mean": null, "PM10_mean": null, "n_sensores": null, "pm25_street_mean": 10.552149042366866, "pm25_street_p25": 8.6017972712674542, "pm25_street_p75": 11.496373000995886, "pm10_street_mean": 20.917113432069851, "pm10_street_p25": 17.493763603453683, "pm10_street_p75": 22.599258035599238, "n_streets": 30, "PM2.5_lsoa_pred": 10.020260958925279, "PM10_lsoa_pred": 19.853235401435828, "PM2.5_final": 10.552149042366866, "PM10_final": 20.917113432069851, "score_pm25": "C" }, "geometry": { "type": "Polygon", "coordinates": [ [ [ -2.872285581682332, 53.400960978311851 ], [ -2.871459678321406, 53.4000995590606 ], [ -2.872658118055556, 53.399357322001954 ], [ -2.881010421503663, 53.39997175221356 ], [ -2.884750867076794, 53.401537048880456 ], [ -2.883388088777502, 53.404212464698162 ], [ -2.876423515742852, 53.401279778512993 ], [ -2.88242383457462, 53.404208701884158 ], [ -2.879804427898661, 53.405610683597033 ], [ -2.872285581682332, 53.400960978311851 ] ] ] } },
{ "type": "Feature", "properties": { "LSOA21CD": "E01006775", "LSOA21NM": "Liverpool 040F", "area_km2": 0.270447266162816, "pct_industrial": 0.0, "pct_commercial": 0.0, "pct_residential": 67.723148178747266, "pct_green": 9.2732194479676977, "bcr": 17.933695479290648, "n_buildings": 243, "mean_bldg_area": 199.59337096998388, "street_density_motorway": 0.0, "street_density_primary": 0.0, "street_density_secondary": 1227.4845650229854, "street_density_residential": 17007.440530087744, "street_density_total": 18234.925095110728, "pop_density_km2": 5468.7186192875215, "population": 1479, "PM2.5_mean": null, "PM10_mean": null, "n_sensores": null, "pm25_street_mean": 11.614114495357036, "pm25_street_p25": 9.5926312290839206, "pm25_street_p75": 12.758326320449223, "pm10_street_mean": 22.668591017392167, "pm10_street_p25": 19.115742129834636, "pm10_street_p75": 24.61324070718058, "n_streets": 36, "PM2.5_lsoa_pred": 11.656877811067154, "PM10_lsoa_pred": 22.57452783219334, "PM2.5_final": 11.614114495357036, "PM10_final": 22.668591017392167, "score_pm25": "C" }, "geometry": { "type": "Polygon", "coordinates": [ [ [ -2.858152438197454, 53.395683483045389 ], [ -2.856444445133268, 53.395046188734305 ], [ -2.85876251479846, 53.392158609530561 ], [ -2.861760967839266, 53.393943759653695 ], [ -2.868672578076697, 53.397989685635366 ], [ -2.869398084904748, 53.396219315247436 ], [ -2.872658118055556, 53.399357322001954 ], [ -2.871459678321406, 53.4000995590606 ], [ -2.858152438197454, 53.395683483045389 ] ] ] } },
{ "type": "Feature", "properties": { "LSOA21CD": "E01006776", "LSOA21NM": "Liverpool 022B", "area_km2": 2.0498526546110454, "pct_industrial": 65.497071481190872, "pct_commercial": 0.1807596995688954, "pct_residential": 13.661657239381071, "pct_green": 0.18582248269116181, "bcr": 19.02010517335432, "n_buildings": 681, "mean_bldg_area": 572.5170790100093, "street_density_motorway": 0.0, "street_density_primary": 1743.4429072551695, "street_density_secondary": 0.0, "street_density_residential": 2300.7754094921115, "street_density_total": 4044.2183167472808, "pop_density_km2": 897.62549315971967, "population": 1840, "PM2.5_mean": null, "PM10_mean": null, "n_sensores": null, "pm25_street_mean": 7.8555524873758271, "pm25_street_p25": 7.0820382492268124, "pm25_street_p75": 8.8105118338648669, "pm10_street_mean": 15.98428577969684, "pm10_street_p25": 14.733833438181708, "pm10_street_p75": 17.697413575741596, "n_streets": 67, "PM2.5_lsoa_pred": 6.192855738706422, "PM10_lsoa_pred": 13.043273076744198, "PM2.5_final": 7.8555524873758271, "PM10_final": 15.98428577969684, "score_pm25": "B" }, "geometry": { "type": "Polygon", "coordinates": [ [ [ -2.996663459264843, 53.423321121102077 ], [ -2.987225834808329, 53.422299831797382 ], [ -2.988506697032149, 53.419069235260281 ], [ -2.984649999106405, 53.417065699049516 ], [ -3.003141975956295, 53.416423441024733 ], [ -3.008621463746887, 53.437838929223574 ], [ -3.008756141417482, 53.438365007879746 ], [ -3.008828080203006, 53.438451814561702 ], [ -3.000097028139094, 53.440384274632819 ], [ -2.995955719396196, 53.438104783842782 ], [ -2.998161818277186, 53.435245873442682 ], [ -2.992343540665886, 53.43490783338374 ], [ -3.000312871587858, 53.422364744364913 ], [ -2.996663459264843, 53.423321121102077 ] ] ] } },
{ "type": "Feature", "properties": { "LSOA21CD": "E01006778", "LSOA21NM": "Liverpool 014E", "area_km2": 1.5153739783500788, "pct_industrial": 59.422746285093972, "pct_commercial": 0.45003951463861802, "pct_residential": 23.937167966006989, "pct_green": 3.8880289560954329, "bcr": 20.665744057068441, "n_buildings": 590, "mean_bldg_area": 530.7852675817677, "street_density_motorway": 0.0, "street_density_primary": 2945.6464829237743, "street_density_secondary": 339.70717521903839, "street_density_residential": 3443.6057939793159, "street_density_total": 6728.9594521221297, "pop_density_km2": 1435.9491657427052, "population": 2176, "PM2.5_mean": 9.1832900120690528, "PM10_mean": 20.118843321823025, "n_sensores": 2.0, "pm25_street_mean": 7.8312951873112615, "pm25_street_p25": 5.9486191206564945, "pm25_street_p75": 9.1300969966882803, "pm10_street_mean": 15.878738488121083, "pm10_street_p25": 12.931861254686817, "pm10_street_p75": 17.476414785295763, "n_streets": 90, "PM2.5_lsoa_pred": 6.8922951172855313, "PM10_lsoa_pred": 14.27894958003753, "PM2.5_final": 9.1832900120690528, "PM10_final": 20.118843321823025, "score_pm25": "B" }, "geometry": { "type": "Polygon", "coordinates": [ [ [ -2.981935847536726, 53.438836156840274 ], [ -2.984849049007641, 53.432885039164297 ], [ -2.982816076092957, 53.428433274998305 ], [ -2.996663459264843, 53.423321121102077 ], [ -3.000312871587858, 53.422364744364913 ], [ -2.992343540665886, 53.43490783338374 ], [ -2.998161818277186, 53.435245873442682 ], [ -2.995955719396196, 53.438104783842782 ], [ -3.000097028139094, 53.440384274632819 ], [ -2.987877504705354, 53.441068002067006 ], [ -2.98106302769515, 53.44230513040435 ], [ -2.981935847536726, 53.438836156840274 ] ] ] } },
{ "type": "Feature", "properties": { "LSOA21CD": "E01006779", "LSOA21NM": "Liverpool 022D", "area_km2": 0.40408010501135394, "pct_industrial": 4.709849221755726, "pct_commercial": 0.0, "pct_residential": 90.621896224842416, "pct_green": 5.3827692115496495, "bcr": 15.234222514086015, "n_buildings": 492, "mean_bldg_area": 125.11882587923191, "street_density_motorway": 0.0, "street_density_primary": 4060.826880595388, "street_density_secondary": 0.0, "street_density_residential": 14790.759234285635, "street_density_total": 18851.586114881025, "pop_density_km2": 5028.7058798475227, "population": 2032, "PM2.5_mean": null, "PM10_mean": null, "n_sensores": null, "pm25_street_mean": 9.8159118757403956, "pm25_street_p25": 8.3297400494372624, "pm25_street_p75": 11.205356515807303, "pm10_street_mean": 19.337940830513986, "pm10_street_p25": 16.856904588922344, "pm10_street_p75": 21.831819311214979, "n_streets": 78, "PM2.5_lsoa_pred": 10.249637091360526, "PM10_lsoa_pred": 20.109132223452953, "PM2.5_final": 9.8159118757403956, "PM10_final": 19.337940830513986, "score_pm25": "B" }, "geometry": { "type": "Polygon", "coordinates": [ [ [ -2.982818714699042, 53.42832520674412 ], [ -2.98054320382633, 53.425007972788528 ], [ -2.988506697032149, 53.419069235260281 ], [ -2.987225834808329, 53.422299831797382 ], [ -2.996663459264843, 53.423321121102077 ], [ -2.982816076092957, 53.428433274998305 ], [ -2.982818714699042, 53.42832520674412 ] ] ] } },
{ "type": "Feature", "properties": { "LSOA21CD": "E01006780", "LSOA21NM": "Liverpool 002D", "area_km2": 0.15612420212465156, "pct_industrial": 0.0, "pct_commercial": 0.0, "pct_residential": 60.421511117915323, "pct_green": 4.3744263122308134, "bcr": 11.968621842933629, "n_buildings": 305, "mean_bldg_area": 61.26529625441605, "street_density_motorway": 0.0, "street_density_primary": 0.0, "street_density_secondary": 2.9184326873688304, "street_density_residential": 12112.309066662869, "street_density_total": 12115.227499350238, "pop_density_km2": 8704.6081357389867, "population": 1359, "PM2.5_mean": null, "PM10_mean": null, "n_sensores": null, "pm25_street_mean": 9.1858019284898145, "pm25_street_p25": 6.4503442788014684, "pm25_street_p75": 9.0641944821980758, "pm10_street_mean": 18.518668224931336, "pm10_street_p25": 13.973583078395333, "pm10_street_p75": 18.123905933852974, "n_streets": 15, "PM2.5_lsoa_pred": 10.782938593757697, "PM10_lsoa_pred": 21.170326029085135, "PM2.5_final": 9.1858019284898145, "PM10_final": 18.518668224931336, "score_pm25": "B" }, "geometry": { "type": "Polygon", "coordinates": [ [ [ -2.955931728360083, 53.467169699403733 ], [ -2.960748417968597, 53.464943105863327 ], [ -2.962910991168556, 53.465989538664253 ], [ -2.960300112992249, 53.467697811958978 ], [ -2.955089157598422, 53.472464980835184 ], [ -2.955931728360083, 53.467169699403733 ] ] ] } },
{ "type": "Feature", "properties": { "LSOA21CD": "E01006781", "LSOA21NM": "Liverpool 003A", "area_km2": 0.11731000164830105, "pct_industrial": 0.31707952871535661, "pct_commercial": 0.0, "pct_residential": 81.065027548374303, "pct_green": 0.0, "bcr": 25.940277566084259, "n_buildings": 384, "mean_bldg_area": 79.246198021737783, "street_density_motorway": 0.0, "street_density_primary": 0.0, "street_density_secondary": 0.0, "street_density_residential": 18478.282976976239, "street_density_total": 18478.282976976239, "pop_density_km2": 11303.384036898988, "population": 1326, "PM2.5_mean": null, "PM10_mean": null, "n_sensores": null, "pm25_street_mean": 7.6094792972100125, "pm25_street_p25": 7.3459482977819643, "pm25_street_p75": 7.7491583054853397, "pm10_street_mean": 15.703007188206001, "pm10_street_p25": 15.273574601090418, "pm10_street_p75": 15.946549024760365, "n_streets": 29, "PM2.5_lsoa_pred": 10.19406300128913, "PM10_lsoa_pred": 19.967789608120093, "PM2.5_final": 7.6094792972100125, "PM10_final": 15.703007188206001, "score_pm25": "B" }, "geometry": { "type": "Polygon", "coordinates": [ [ [ -2.960300112992249, 53.467697811958978 ], [ -2.962910991168556, 53.465989538664253 ], [ -2.968491716879934, 53.462996085892875 ], [ -2.969232311395583, 53.463106933840379 ], [ -2.970635306803339, 53.464979655346049 ], [ -2.960230789775818, 53.467956423888381 ], [ -2.960300112992249, 53.467697811958978 ] ] ] } },
{ "type": "Feature", "properties": { "LSOA21CD": "E01006782", "LSOA21NM": "Liverpool 003B", "area_km2": 0.1516362305000071, "pct_industrial": 0.0, "pct_commercial": 0.0, "pct_residential": 67.443905002640548, "pct_green": 0.5807937533779417, "bcr": 27.674504693375969, "n_buildings": 622, "mean_bldg_area": 67.467163547560887, "street_density_motorway": 0.0, "street_density_primary": 1711.632614217332, "street_density_secondary": 0.0, "street_density_residential": 15797.515025898463, "street_density_total": 17509.1476401158, "pop_density_km2": 9812.9582560411272, "population": 1488, "PM2.5_mean": null, "PM10_mean": null, "n_sensores": null, "pm25_street_mean": 8.8846457616614281, "pm25_street_p25": 8.6574701493624531, "pm25_street_p75": 9.0663024888752268, "pm10_street_mean": 17.691335856765232, "pm10_street_p25": 17.364050849482247, "pm10_street_p75": 17.991567095484989, "n_streets": 21, "PM2.5_lsoa_pred": 9.7864936751472964, "PM10_lsoa_pred": 19.29074893219213, "PM2.5_final": 8.8846457616614281, "PM10_final": 17.691335856765232, "score_pm25": "B" }, "geometry": { "type": "Polygon", "coordinates": [ [ [ -2.960748417968597, 53.464943105863327 ], [ -2.959533315844369, 53.463167260232261 ], [ -2.961353482727024, 53.461723232351396 ], [ -2.968491716879934, 53.462996085892875 ], [ -2.962910991168556, 53.465989538664253 ], [ -2.960748417968597, 53.464943105863327 ] ] ] } },
{ "type": "Feature", "properties": { "LSOA21CD": "E01006783", "LSOA21NM": "Liverpool 002E", "area_km2": 0.26053509461996338, "pct_industrial": 0.95319234690810961, "pct_commercial": 0.0, "pct_residential": 41.62528328777428, "pct_green": 1.457174911057054, "bcr": 16.421877872827089, "n_buildings": 394, "mean_bldg_area": 108.59074886889566, "street_density_motorway": 0.0, "street_density_primary": 1356.0837034368597, "street_density_secondary": 2603.4501662223024, "street_density_residential": 11251.820771237681, "street_density_total": 15211.354640896843, "pop_density_km2": 5131.7462699228736, "population": 1337, "PM2.5_mean": null, "PM10_mean": null, "n_sensores": null, "pm25_street_mean": 9.2291381899709535, "pm25_street_p25": 7.7537842892307749, "pm25_street_p75": 8.8869424306741216, "pm10_street_mean": 18.372213563483406, "pm10_street_p25": 15.904195510206925, "pm10_street_p75": 17.69905808430245, "n_streets": 35, "PM2.5_lsoa_pred": 10.085739256890037, "PM10_lsoa_pred": 19.925350927431161, "PM2.5_final": 9.2291381899709535, "PM10_final": 18.372213563483406, "score_pm25": "B" }, "geometry": { "type": "Polygon", "coordinates": [ [ [ -2.952215388131398, 53.462630364147685 ], [ -2.956515878630677, 53.460610642593117 ], [ -2.959533315844369, 53.463167260232261 ], [ -2.960748417968597, 53.464943105863327 ], [ -2.955931728360083, 53.467169699403733 ], [ -2.953694644825868, 53.467388462415798 ], [ -2.952215388131398, 53.462630364147685 ] ] ] } },
{ "type": "Feature", "properties": { "LSOA21CD": "E01006784", "LSOA21NM": "Liverpool 003C", "area_km2": 0.082967220399835007, "pct_industrial": 0.0, "pct_commercial": 0.0, "pct_residential": 96.097293139358356, "pct_green": 0.0, "bcr": 34.748542492836961, "n_buildings": 74, "mean_bldg_area": 389.59324102381566, "street_density_motorway": 0.0, "street_density_primary": 5199.8510728025276, "street_density_secondary": 0.0, "street_density_residential": 19124.874956764677, "street_density_total": 24324.726029567199, "pop_density_km2": 14644.33777755457, "population": 1215, "PM2.5_mean": null, "PM10_mean": null, "n_sensores": null, "pm25_street_mean": 8.6677032948958193, "pm25_street_p25": 8.4503998097218016, "pm25_street_p75": 8.8421547011816273, "pm10_street_mean": 17.380826201206485, "pm10_street_p25": 17.0277399261753, "pm10_street_p75": 17.656339983784306, "n_streets": 11, "PM2.5_lsoa_pred": 9.3622937186981705, "PM10_lsoa_pred": 18.53138275185789, "PM2.5_final": 8.6677032948958193, "PM10_final": 17.380826201206485, "score_pm25": "B" }, "geometry": { "type": "Polygon", "coordinates": [ [ [ -2.968491716879934, 53.462996085892875 ], [ -2.961353482727024, 53.461723232351396 ], [ -2.964167254412254, 53.460936671590702 ], [ -2.970147109207362, 53.461086349714201 ], [ -2.969232311395583, 53.463106933840379 ], [ -2.968491716879934, 53.462996085892875 ] ] ] } },
{ "type": "Feature", "properties": { "LSOA21CD": "E01006785", "LSOA21NM": "Liverpool 003D", "area_km2": 0.58794737694287935, "pct_industrial": 14.266798545375742, "pct_commercial": 0.0, "pct_residential": 31.033036547947567, "pct_green": 7.4156731913207752, "bcr": 12.150737366577689, "n_buildings": 185, "mean_bldg_area": 386.16184662709088, "street_density_motorway": 0.0, "street_density_primary": 467.2482955935107, "street_density_secondary": 668.24132497124947, "street_density_residential": 6494.9002860647906, "street_density_total": 7630.3899066295489, "pop_density_km2": 2910.1243871460083, "population": 1711, "PM2.5_mean": null, "PM10_mean": null, "n_sensores": null, "pm25_street_mean": 9.2061096976644343, "pm25_street_p25": 7.797434247920112, "pm25_street_p75": 10.038438201500758, "pm10_street_mean": 18.382243846360652, "pm10_street_p25": 16.014196387421084, "pm10_street_p75": 19.480955428074854, "n_streets": 36, "PM2.5_lsoa_pred": 10.135785967197613, "PM10_lsoa_pred": 20.122407839375899, "PM2.5_final": 9.2061096976644343, "PM10_final": 18.382243846360652, "score_pm25": "B" }, "geometry": { "type": "Polygon", "coordinates": [ [ [ -2.952215388131398, 53.462630364147685 ], [ -2.949739246420584, 53.459950663749197 ], [ -2.948954567429328, 53.459290645867327 ], [ -2.954329499789683, 53.454831404022848 ], [ -2.955262062321313, 53.457421668471795 ], [ -2.959996442607093, 53.455613984316628 ], [ -2.962089747935063, 53.45666245817835 ], [ -2.967849946141555, 53.459510181610035 ], [ -2.964167254412254, 53.460936671590702 ], [ -2.961353482727024, 53.461723232351396 ], [ -2.959533315844369, 53.463167260232261 ], [ -2.956515878630677, 53.460610642593117 ], [ -2.952215388131398, 53.462630364147685 ] ] ] } },
{ "type": "Feature", "properties": { "LSOA21CD": "E01006786", "LSOA21NM": "Liverpool 003E", "area_km2": 0.26144588843163047, "pct_industrial": 0.0, "pct_commercial": 0.0, "pct_residential": 73.445609693354996, "pct_green": 0.0, "bcr": 18.827549600823435, "n_buildings": 274, "mean_bldg_area": 179.6491033714552, "street_density_motorway": 0.0, "street_density_primary": 2202.0136475106606, "street_density_secondary": 0.0, "street_density_residential": 13535.950584680257, "street_density_total": 15737.96423219092, "pop_density_km2": 8804.8812463998092, "population": 2302, "PM2.5_mean": null, "PM10_mean": null, "n_sensores": null, "pm25_street_mean": 8.3846922182085244, "pm25_street_p25": 7.6309145149411224, "pm25_street_p75": 8.549531765933974, "pm10_street_mean": 17.086946194645751, "pm10_street_p25": 15.812626664575649, "pm10_street_p75": 17.313712948501017, "n_streets": 30, "PM2.5_lsoa_pred": 9.8034882709303659, "PM10_lsoa_pred": 19.411327118970981, "PM2.5_final": 8.3846922182085244, "PM10_final": 17.086946194645751, "score_pm25": "B" }, "geometry": { "type": "Polygon", "coordinates": [ [ [ -2.969232311395583, 53.463106933840379 ], [ -2.970147109207362, 53.461086349714201 ], [ -2.964167254412254, 53.460936671590702 ], [ -2.967849946141555, 53.459510181610035 ], [ -2.962089747935063, 53.45666245817835 ], [ -2.972606961996404, 53.458374700761304 ], [ -2.973720215438207, 53.462788230016905 ], [ -2.972426326637919, 53.463708117012494 ], [ -2.970635306803339, 53.464979655346049 ], [ -2.969232311395583, 53.463106933840379 ] ] ] } },
{ "type": "Feature", "properties": { "LSOA21CD": "E01006787", "LSOA21NM": "Liverpool 006A", "area_km2": 0.37168197518358365, "pct_industrial": 0.0, "pct_commercial": 0.0, "pct_residential": 46.585742121134935, "pct_green": 0.38572850143489562, "bcr": 5.4973118423353702, "n_buildings": 33, "mean_bldg_area": 619.16718901797435, "street_density_motorway": 0.0, "street_density_primary": 2102.6959700387656, "street_density_secondary": 0.0, "street_density_residential": 9188.9701017425632, "street_density_total": 11291.666071781332, "pop_density_km2": 3578.3279491642757, "population": 1330, "PM2.5_mean": null, "PM10_mean": null, "n_sensores": null, "pm25_street_mean": 8.344766007164985, "pm25_street_p25": 7.6029491271326997, "pm25_street_p75": 8.4919070458537149, "pm10_street_mean": 17.054653569388581, "pm10_street_p25": 15.899202053064876, "pm10_street_p75": 17.243884192985323, "n_streets": 25, "PM2.5_lsoa_pred": 10.133844511973809, "PM10_lsoa_pred": 20.130591899678382, "PM2.5_final": 8.344766007164985, "PM10_final": 17.054653569388581, "score_pm25": "B" }, "geometry": { "type": "Polygon", "coordinates": [ [ [ -2.962089747935063, 53.45666245817835 ], [ -2.959996442607093, 53.455613984316628 ], [ -2.959398578014361, 53.45353509856443 ], [ -2.967722846563107, 53.4530336923413 ], [ -2.971579619686119, 53.452178211626951 ], [ -2.971757970878327, 53.456255825276912 ], [ -2.972606961996404, 53.458374700761304 ], [ -2.962089747935063, 53.45666245817835 ] ] ] } },
{ "type": "Feature", "properties": { "LSOA21CD": "E01006788", "LSOA21NM": "Liverpool 006B", "area_km2": 0.15220547177823762, "pct_industrial": 0.0, "pct_commercial": 0.0, "pct_residential": 96.169226782217294, "pct_green": 0.0, "bcr": 14.789660117815856, "n_buildings": 161, "mean_bldg_area": 139.81783824049359, "street_density_motorway": 0.0, "street_density_primary": 0.0, "street_density_secondary": 0.0, "street_density_residential": 21928.37399360483, "street_density_total": 21928.37399360483, "pop_density_km2": 10932.589877086923, "population": 1664, "PM2.5_mean": null, "PM10_mean": null, "n_sensores": null, "pm25_street_mean": 9.7064088992469468, "pm25_street_p25": 8.5399145086372545, "pm25_street_p75": 10.71022971548547, "pm10_street_mean": 19.189853888780323, "pm10_street_p25": 17.174484302483091, "pm10_street_p75": 20.894560382414429, "n_streets": 16, "PM2.5_lsoa_pred": 11.0116648553659, "PM10_lsoa_pred": 21.339102136392217, "PM2.5_final": 9.7064088992469468, "PM10_final": 19.189853888780323, "score_pm25": "B" }, "geometry": { "type": "Polygon", "coordinates": [ [ [ -2.954329499789683, 53.454831404022848 ], [ -2.956740907937768, 53.452367813453876 ], [ -2.961044429132194, 53.451783712094496 ], [ -2.959398578014361, 53.45353509856443 ], [ -2.959996442607093, 53.455613984316628 ], [ -2.955262062321313, 53.457421668471795 ], [ -2.954329499789683, 53.454831404022848 ] ] ] } },
{ "type": "Feature", "properties": { "LSOA21CD": "E01006790", "LSOA21NM": "Liverpool 006C", "area_km2": 0.22393197148888838, "pct_industrial": 0.0, "pct_commercial": 0.0, "pct_residential": 65.198660200998589, "pct_green": 0.48684286024916701, "bcr": 4.4349850860044837, "n_buildings": 5, "mean_bldg_area": 1986.2699076656024, "street_density_motorway": 0.0, "street_density_primary": 0.0, "street_density_secondary": 0.0, "street_density_residential": 12235.269872924457, "street_density_total": 12235.269872924457, "pop_density_km2": 8105.1400920214792, "population": 1815, "PM2.5_mean": null, "PM10_mean": null, "n_sensores": null, "pm25_street_mean": 7.7606440100552785, "pm25_street_p25": 7.4668947050985057, "pm25_street_p75": 8.081848774949826, "pm10_street_mean": 15.950027070148776, "pm10_street_p25": 15.503162223858494, "pm10_street_p75": 16.3751291360891, "n_streets": 33, "PM2.5_lsoa_pred": 10.016084307995206, "PM10_lsoa_pred": 19.94930829289342, "PM2.5_final": 7.7606440100552785, "PM10_final": 15.950027070148776, "score_pm25": "B" }, "geometry": { "type": "Polygon", "coordinates": [ [ [ -2.965967318405994, 53.447703635662045 ], [ -2.966036096552151, 53.447663356713285 ], [ -2.967016366573453, 53.447584862056978 ], [ -2.973377411126326, 53.447430940166079 ], [ -2.973574518577955, 53.448709485710467 ], [ -2.971579619686119, 53.452178211626951 ], [ -2.967722846563107, 53.4530336923413 ], [ -2.965967318405994, 53.447703635662045 ] ] ] } },
{ "type": "Feature", "properties": { "LSOA21CD": "E01006791", "LSOA21NM": "Liverpool 006D", "area_km2": 0.33206467074971702, "pct_industrial": 0.0, "pct_commercial": 0.0, "pct_residential": 54.828923133294879, "pct_green": 0.26995226808517059, "bcr": 14.935859772222797, "n_buildings": 207, "mean_bldg_area": 239.59765012691335, "street_density_motorway": 0.0, "street_density_primary": 0.0, "street_density_secondary": 0.0, "street_density_residential": 10502.548043755403, "street_density_total": 10502.548043755403, "pop_density_km2": 4944.8199240611302, "population": 1642, "PM2.5_mean": null, "PM10_mean": null, "n_sensores": null, "pm25_street_mean": 9.9154553405669912, "pm25_street_p25": 8.1418664771910567, "pm25_street_p75": 11.196031928360336, "pm10_street_mean": 19.681579967913645, "pm10_street_p25": 16.65102304874037, "pm10_street_p75": 21.913998655434305, "n_streets": 46, "PM2.5_lsoa_pred": 10.031854154862382, "PM10_lsoa_pred": 19.891494525117768, "PM2.5_final": 9.9154553405669912, "PM10_final": 19.681579967913645, "score_pm25": "B" }, "geometry": { "type": "Polygon", "coordinates": [ [ [ -2.956740907937768, 53.452367813453876 ], [ -2.954150001521395, 53.450638277413759 ], [ -2.965967318405994, 53.447703635662045 ], [ -2.967722846563107, 53.4530336923413 ], [ -2.959398578014361, 53.45353509856443 ], [ -2.961044429132194, 53.451783712094496 ], [ -2.956740907937768, 53.452367813453876 ] ] ] } },
{ "type": "Feature", "properties": { "LSOA21CD": "E01006792", "LSOA21NM": "Liverpool 046A", "area_km2": 0.65540989071761402, "pct_industrial": 0.0, "pct_commercial": 0.0, "pct_residential": 61.715478019638518, "pct_green": 1.1178666760207705, "bcr": 3.8104143113032807, "n_buildings": 75, "mean_bldg_area": 332.98443031468207, "street_density_motorway": 0.0, "street_density_primary": 0.0, "street_density_secondary": 0.0, "street_density_residential": 8337.1333557626804, "street_density_total": 8337.1333557626804, "pop_density_km2": 2073.5115829759893, "population": 1359, "PM2.5_mean": null, "PM10_mean": null, "n_sensores": null, "pm25_street_mean": 11.412262350243932, "pm25_street_p25": 10.945533665817592, "pm25_street_p75": 11.419346315581889, "pm10_street_mean": 22.313625741246433, "pm10_street_p25": 21.574384981888606, "pm10_street_p75": 22.290396573180789, "n_streets": 37, "PM2.5_lsoa_pred": 10.246005067889989, "PM10_lsoa_pred": 20.330640926785961, "PM2.5_final": 11.412262350243932, "PM10_final": 22.313625741246433, "score_pm25": "C" }, "geometry": { "type": "Polygon", "coordinates": [ [ [ -2.87187112507256, 53.386688304192646 ], [ -2.868649805109948, 53.385205353985413 ], [ -2.871320986667523, 53.378278653864804 ], [ -2.877619463088093, 53.378987488317669 ], [ -2.884515331450452, 53.383778580836129 ], [ -2.874259840401645, 53.387532305001798 ], [ -2.87187112507256, 53.386688304192646 ] ] ] } },
{ "type": "Feature", "properties": { "LSOA21CD": "E01006793", "LSOA21NM": "Liverpool 051A", "area_km2": 0.33635540336551578, "pct_industrial": 0.0, "pct_commercial": 0.0, "pct_residential": 79.782415587054771, "pct_green": 1.7252804328418094, "bcr": 13.473483453421808, "n_buildings": 309, "mean_bldg_area": 146.66274957004188, "street_density_motorway": 0.0, "street_density_primary": 0.0, "street_density_secondary": 1124.6202204244944, "street_density_residential": 10028.320939325931, "street_density_total": 11152.941159750426, "pop_density_km2": 4108.7492163703619, "population": 1382, "PM2.5_mean": null, "PM10_mean": null, "n_sensores": null, "pm25_street_mean": 10.1399582951751, "pm25_street_p25": 9.7169654723535963, "pm25_street_p75": 10.728026956486815, "pm10_street_mean": 20.157360202545814, "pm10_street_p25": 19.422070158016012, "pm10_street_p75": 21.153575326280396, "n_streets": 26, "PM2.5_lsoa_pred": 9.9328645115288658, "PM10_lsoa_pred": 19.713525519436718, "PM2.5_final": 10.1399582951751, "PM10_final": 20.157360202545814, "score_pm25": "C" }, "geometry": { "type": "Polygon", "coordinates": [ [ [ -2.855555944523579, 53.381291581399488 ], [ -2.853905498339512, 53.379843644479486 ], [ -2.856179836565611, 53.378738122709883 ], [ -2.859447885138853, 53.377663616578296 ], [ -2.869493817588185, 53.377460391104719 ], [ -2.870204813376609, 53.378181205404395 ], [ -2.865540574354939, 53.381548166162162 ], [ -2.861728533847403, 53.379506610530129 ], [ -2.858853174866218, 53.382648931652895 ], [ -2.855555944523579, 53.381291581399488 ] ] ] } },
{ "type": "Feature", "properties": { "LSOA21CD": "E01006794", "LSOA21NM": "Liverpool 046B", "area_km2": 0.40058711396526941, "pct_industrial": 0.0, "pct_commercial": 3.0336823254107204, "pct_residential": 73.587196402680561, "pct_green": 4.4159570851866103, "bcr": 6.7941098167580911, "n_buildings": 158, "mean_bldg_area": 172.25524325684995, "street_density_motorway": 0.0, "street_density_primary": 0.0, "street_density_secondary": 1752.7110908654572, "street_density_residential": 8663.8123357509576, "street_density_total": 10416.523426616415, "pop_density_km2": 3979.1594497924825, "population": 1594, "PM2.5_mean": null, "PM10_mean": null, "n_sensores": null, "pm25_street_mean": 10.942555385518808, "pm25_street_p25": 10.112160609855044, "pm25_street_p75": 10.697386036513727, "pm10_street_mean": 21.473355817166809, "pm10_street_p25": 20.034198466920511, "pm10_street_p75": 20.976239649982929, "n_streets": 36, "PM2.5_lsoa_pred": 10.330458523585619, "PM10_lsoa_pred": 20.471548992031426, "PM2.5_final": 10.942555385518808, "PM10_final": 21.473355817166809, "score_pm25": "C" }, "geometry": { "type": "Polygon", "coordinates": [ [ [ -2.860218287858616, 53.385097592863133 ], [ -2.858989061241568, 53.384132297962076 ], [ -2.856768842995885, 53.382326946960966 ], [ -2.855555944523579, 53.381291581399488 ], [ -2.858853174866218, 53.382648931652895 ], [ -2.861728533847403, 53.379506610530129 ], [ -2.865540574354939, 53.381548166162162 ], [ -2.870204813376609, 53.378181205404395 ], [ -2.871320986667523, 53.378278653864804 ], [ -2.868649805109948, 53.385205353985413 ], [ -2.860218287858616, 53.385097592863133 ] ] ] } },
{ "type": "Feature", "properties": { "LSOA21CD": "E01006795", "LSOA21NM": "Liverpool 051B", "area_km2": 0.30704003523508272, "pct_industrial": 0.0, "pct_commercial": 0.0, "pct_residential": 65.002573754675637, "pct_green": 1.1660733414026565, "bcr": 15.844382060271908, "n_buildings": 361, "mean_bldg_area": 134.76065446160663, "street_density_motorway": 0.0, "street_density_primary": 0.0, "street_density_secondary": 2277.0630303148623, "street_density_residential": 9546.6979161090003, "street_density_total": 11823.760946423865, "pop_density_km2": 4699.7128530654927, "population": 1443, "PM2.5_mean": null, "PM10_mean": null, "n_sensores": null, "pm25_street_mean": 10.840667660378987, "pm25_street_p25": 9.9904987822808451, "pm25_street_p75": 11.04750024160383, "pm10_street_mean": 21.415618579377703, "pm10_street_p25": 19.975357459761575, "pm10_street_p75": 21.711800790499684, "n_streets": 30, "PM2.5_lsoa_pred": 9.7885848335706793, "PM10_lsoa_pred": 19.462455070692229, "PM2.5_final": 10.840667660378987, "PM10_final": 21.415618579377703, "score_pm25": "C" }, "geometry": { "type": "Polygon", "coordinates": [ [ [ -2.871320986667523, 53.378278653864804 ], [ -2.870204813376609, 53.378181205404395 ], [ -2.869493817588185, 53.377460391104719 ], [ -2.860345364349621, 53.370991487340483 ], [ -2.863487960024683, 53.372084137159305 ], [ -2.869539959764173, 53.373346459339835 ], [ -2.876463264034103, 53.376994958710199 ], [ -2.877619463088093, 53.378987488317669 ], [ -2.871320986667523, 53.378278653864804 ] ] ] } },
{ "type": "Feature", "properties": { "LSOA21CD": "E01006796", "LSOA21NM": "Liverpool 047E", "area_km2": 0.62894960151057877, "pct_industrial": 0.0, "pct_commercial": 0.0, "pct_residential": 67.530228919211154, "pct_green": 1.0208706034744861, "bcr": 3.5770868397104945, "n_buildings": 99, "mean_bldg_area": 227.25326690956069, "street_density_motorway": 0.0, "street_density_primary": 0.0, "street_density_secondary": 0.0, "street_density_residential": 7839.4830412849651, "street_density_total": 7839.4830412849651, "pop_density_km2": 2561.4134997951874, "population": 1611, "PM2.5_mean": null, "PM10_mean": null, "n_sensores": null, "pm25_street_mean": 10.222316135705634, "pm25_street_p25": 9.6729807334354287, "pm25_street_p75": 10.801448469929426, "pm10_street_mean": 20.354062110964311, "pm10_street_p25": 19.431186948397745, "pm10_street_p75": 21.368124357115569, "n_streets": 32, "PM2.5_lsoa_pred": 10.14959142705062, "PM10_lsoa_pred": 20.169335430017128, "PM2.5_final": 10.222316135705634, "PM10_final": 20.354062110964311, "score_pm25": "C" }, "geometry": { "type": "Polygon", "coordinates": [ [ [ -2.874259840401645, 53.387532305001798 ], [ -2.884515331450452, 53.383778580836129 ], [ -2.877619463088093, 53.378987488317669 ], [ -2.876463264034103, 53.376994958710199 ], [ -2.882891097190615, 53.37776959133592 ], [ -2.891418199412396, 53.383090350812168 ], [ -2.892681600700233, 53.383857386549103 ], [ -2.889954438085041, 53.384332636304741 ], [ -2.885436992197083, 53.38511136989721 ], [ -2.886710639467944, 53.387865161099299 ], [ -2.878019937238076, 53.389628217893566 ], [ -2.878806908780338, 53.38713443024487 ], [ -2.874259840401645, 53.387532305001798 ] ] ] } },
{ "type": "Feature", "properties": { "LSOA21CD": "E01006797", "LSOA21NM": "Liverpool 051C", "area_km2": 0.2266772844963747, "pct_industrial": 0.0, "pct_commercial": 0.0, "pct_residential": 97.512405678716803, "pct_green": 1.3272433516641666, "bcr": 16.758638072527514, "n_buildings": 215, "mean_bldg_area": 176.68849163433006, "street_density_motorway": 0.0, "street_density_primary": 0.0, "street_density_secondary": 0.0, "street_density_residential": 11078.970048471198, "street_density_total": 11078.970048471198, "pop_density_km2": 6035.0114173962529, "population": 1368, "PM2.5_mean": null, "PM10_mean": null, "n_sensores": null, "pm25_street_mean": 10.681029272005414, "pm25_street_p25": 10.0090301698372, "pm25_street_p75": 11.189753206389053, "pm10_street_mean": 21.098846721294841, "pm10_street_p25": 19.960193296987825, "pm10_street_p75": 21.999975752402705, "n_streets": 13, "PM2.5_lsoa_pred": 9.7745513249293019, "PM10_lsoa_pred": 19.431610957753357, "PM2.5_final": 10.681029272005414, "PM10_final": 21.098846721294841, "score_pm25": "C" }, "geometry": { "type": "Polygon", "coordinates": [ [ [ -2.853146650095787, 53.374756845323311 ], [ -2.852425487411297, 53.372209973954654 ], [ -2.85754094305783, 53.37176476784223 ], [ -2.859447885138853, 53.377663616578296 ], [ -2.856179836565611, 53.378738122709883 ], [ -2.853146650095787, 53.374756845323311 ] ] ] } },
{ "type": "Feature", "properties": { "LSOA21CD": "E01006798", "LSOA21NM": "Liverpool 051D", "area_km2": 0.31407528374964716, "pct_industrial": 0.0, "pct_commercial": 0.0, "pct_residential": 73.406559239241119, "pct_green": 3.9816376510576208, "bcr": 16.095808895712153, "n_buildings": 403, "mean_bldg_area": 125.44158178910396, "street_density_motorway": 0.0, "street_density_primary": 0.0, "street_density_secondary": 638.79158845927498, "street_density_residential": 14657.406941965111, "street_density_total": 15296.19853042439, "pop_density_km2": 4155.0547512685835, "population": 1305, "PM2.5_mean": null, "PM10_mean": null, "n_sensores": null, "pm25_street_mean": 12.083437506123591, "pm25_street_p25": 10.851506067099908, "pm25_street_p75": 12.474501952929183, "pm10_street_mean": 23.437458792068785, "pm10_street_p25": 21.230691043377121, "pm10_street_p75": 24.084183860160358, "n_streets": 37, "PM2.5_lsoa_pred": 10.726224821764699, "PM10_lsoa_pred": 20.978872497217811, "PM2.5_final": 12.083437506123591, "PM10_final": 23.437458792068785, "score_pm25": "C" }, "geometry": { "type": "Polygon", "coordinates": [ [ [ -2.85754094305783, 53.37176476784223 ], [ -2.860345364349621, 53.370991487340483 ], [ -2.869493817588185, 53.377460391104719 ], [ -2.859447885138853, 53.377663616578296 ], [ -2.85754094305783, 53.37176476784223 ] ] ] } },
{ "type": "Feature", "properties": { "LSOA21CD": "E01006799", "LSOA21NM": "Liverpool 051E", "area_km2": 0.23778559319363068, "pct_industrial": 0.0, "pct_commercial": 0.0, "pct_residential": 52.148932806928848, "pct_green": 1.1813137269549268, "bcr": 12.84932432367655, "n_buildings": 371, "mean_bldg_area": 82.355369445896926, "street_density_motorway": 0.0, "street_density_primary": 0.0, "street_density_secondary": 1724.6979842847977, "street_density_residential": 6008.715678211488, "street_density_total": 7733.4136624962848, "pop_density_km2": 7094.6266228428003, "population": 1687, "PM2.5_mean": null, "PM10_mean": null, "n_sensores": null, "pm25_street_mean": 9.7254114635332432, "pm25_street_p25": 9.3838368660636498, "pm25_street_p75": 10.34886010160621, "pm10_street_mean": 19.59312459454107, "pm10_street_p25": 19.007351232436157, "pm10_street_p75": 20.564839734569802, "n_streets": 18, "PM2.5_lsoa_pred": 9.5939157815284002, "PM10_lsoa_pred": 19.220532506731821, "PM2.5_final": 9.7254114635332432, "PM10_final": 19.59312459454107, "score_pm25": "B" }, "geometry": { "type": "Polygon", "coordinates": [ [ [ -2.876463264034103, 53.376994958710199 ], [ -2.869539959764173, 53.373346459339835 ], [ -2.873947061321984, 53.371384025311073 ], [ -2.87630890931314, 53.373018307501468 ], [ -2.882891097190615, 53.37776959133592 ], [ -2.876463264034103, 53.376994958710199 ] ] ] } },
{ "type": "Feature", "properties": { "LSOA21CD": "E01006800", "LSOA21NM": "Liverpool 046C", "area_km2": 0.41925277927750987, "pct_industrial": 0.0, "pct_commercial": 0.0, "pct_residential": 76.205094603544055, "pct_green": 2.8998980670822654, "bcr": 6.4745845343640571, "n_buildings": 182, "mean_bldg_area": 149.14766817029195, "street_density_motorway": 0.0, "street_density_primary": 0.0, "street_density_secondary": 0.0, "street_density_residential": 11632.623285934507, "street_density_total": 11632.623285934507, "pop_density_km2": 3460.919215611355, "population": 1451, "PM2.5_mean": null, "PM10_mean": null, "n_sensores": null, "pm25_street_mean": 11.422213728581177, "pm25_street_p25": 9.9324597952853928, "pm25_street_p75": 11.873646245640906, "pm10_street_mean": 22.318083637943673, "pm10_street_p25": 19.817956922258887, "pm10_street_p75": 23.132928164952204, "n_streets": 29, "PM2.5_lsoa_pred": 10.67616072772317, "PM10_lsoa_pred": 20.990909603521679, "PM2.5_final": 11.422213728581177, "PM10_final": 22.318083637943673, "score_pm25": "C" }, "geometry": { "type": "Polygon", "coordinates": [ [ [ -2.869739727901983, 53.392332783174922 ], [ -2.867092229296291, 53.390500491677237 ], [ -2.872967471980802, 53.389757432230844 ], [ -2.87187112507256, 53.386688304192646 ], [ -2.874259840401645, 53.387532305001798 ], [ -2.878806908780338, 53.38713443024487 ], [ -2.878019937238076, 53.389628217893566 ], [ -2.874395091266053, 53.391477960389658 ], [ -2.880868175649294, 53.394655869026579 ], [ -2.87566082284841, 53.396592327273481 ], [ -2.869739727901983, 53.392332783174922 ] ] ] } },
{ "type": "Feature", "properties": { "LSOA21CD": "E01006801", "LSOA21NM": "Liverpool 046D", "area_km2": 0.30720631517256997, "pct_industrial": 0.0, "pct_commercial": 0.0, "pct_residential": 91.659688416964798, "pct_green": 0.0, "bcr": 0.0, "n_buildings": 0, "mean_bldg_area": 0.0, "street_density_motorway": 0.0, "street_density_primary": 0.0, "street_density_secondary": 0.0, "street_density_residential": 15895.238919754922, "street_density_total": 15895.238919754922, "pop_density_km2": 6256.3818029598006, "population": 1922, "PM2.5_mean": null, "PM10_mean": null, "n_sensores": null, "pm25_street_mean": 10.85034561444771, "pm25_street_p25": 10.545711377912102, "pm25_street_p75": 11.190260552914353, "pm10_street_mean": 21.179757881099601, "pm10_street_p25": 20.637663714218672, "pm10_street_p75": 21.772194568516561, "n_streets": 29, "PM2.5_lsoa_pred": 11.071337071534737, "PM10_lsoa_pred": 21.592464918232466, "PM2.5_final": 10.85034561444771, "PM10_final": 21.179757881099601, "score_pm25": "C" }, "geometry": { "type": "Polygon", "coordinates": [ [ [ -2.860218287858616, 53.385097592863133 ], [ -2.868649805109948, 53.385205353985413 ], [ -2.87187112507256, 53.386688304192646 ], [ -2.872967471980802, 53.389757432230844 ], [ -2.867092229296291, 53.390500491677237 ], [ -2.860218287858616, 53.385097592863133 ] ] ] } },
{ "type": "Feature", "properties": { "LSOA21CD": "E01032505", "LSOA21NM": "Liverpool 050F", "area_km2": 0.44628394181133169, "pct_industrial": 0.0, "pct_commercial": 0.0, "pct_residential": 47.95422054309153, "pct_green": 3.1437070183411984, "bcr": 10.206217726160055, "n_buildings": 618, "mean_bldg_area": 73.703415498631017, "street_density_motorway": 0.0, "street_density_primary": 0.0, "street_density_secondary": 0.0, "street_density_residential": 7859.5117385096382, "street_density_total": 7859.5117385096382, "pop_density_km2": 2859.1662850809766, "population": 1276, "PM2.5_mean": null, "PM10_mean": null, "n_sensores": null, "pm25_street_mean": 9.0777539090581136, "pm25_street_p25": 8.1034469407717058, "pm25_street_p75": 9.6334190038496708, "pm10_street_mean": 18.30468765354966, "pm10_street_p25": 16.708569087153958, "pm10_street_p75": 19.305013185124125, "n_streets": 37, "PM2.5_lsoa_pred": 10.189429125576087, "PM10_lsoa_pred": 20.187842242334373, "PM2.5_final": 9.0777539090581136, "PM10_final": 18.30468765354966, "score_pm25": "B" }, "geometry": { "type": "Polygon", "coordinates": [ [ [ -2.960107839959053, 53.379125513814699 ], [ -2.95552872794896, 53.377148442881818 ], [ -2.953096963431237, 53.375759050220495 ], [ -2.953679257806323, 53.373476354868849 ], [ -2.95781059415914, 53.374780154189843 ], [ -2.958442955560313, 53.371819543452965 ], [ -2.966909430384859, 53.374913847390125 ], [ -2.966464724127558, 53.3752232262947 ], [ -2.968425968512801, 53.379336343311763 ], [ -2.967048033105931, 53.380229054561816 ], [ -2.963480005630483, 53.37650726202245 ], [ -2.960107839959053, 53.379125513814699 ] ] ] } },
{ "type": "Feature", "properties": { "LSOA21CD": "E01032506", "LSOA21NM": "Liverpool 050G", "area_km2": 0.17813025671473373, "pct_industrial": 0.0, "pct_commercial": 0.0, "pct_residential": 72.563787743912044, "pct_green": 0.0, "bcr": 26.439423509112629, "n_buildings": 815, "mean_bldg_area": 57.787255178746001, "street_density_motorway": 0.0, "street_density_primary": 0.0, "street_density_secondary": 15.64103283499422, "street_density_residential": 19365.14277334154, "street_density_total": 19380.783806176536, "pop_density_km2": 7982.9223076754361, "population": 1422, "PM2.5_mean": null, "PM10_mean": null, "n_sensores": null, "pm25_street_mean": 11.356405749744258, "pm25_street_p25": 10.137453871229592, "pm25_street_p75": 11.68748670141373, "pm10_street_mean": 21.959547332641677, "pm10_street_p25": 19.800615139535388, "pm10_street_p75": 22.559252743136099, "n_streets": 21, "PM2.5_lsoa_pred": 10.235876881633587, "PM10_lsoa_pred": 19.968237618517716, "PM2.5_final": 11.356405749744258, "PM10_final": 21.959547332641677, "score_pm25": "C" }, "geometry": { "type": "Polygon", "coordinates": [ [ [ -2.956020927732287, 53.381665039411011 ], [ -2.952163815805153, 53.380201987243545 ], [ -2.95552872794896, 53.377148442881818 ], [ -2.960107839959053, 53.379125513814699 ], [ -2.959760803125744, 53.382209941637818 ], [ -2.956020927732287, 53.381665039411011 ] ] ] } },
{ "type": "Feature", "properties": { "LSOA21CD": "E01032507", "LSOA21NM": "Liverpool 050H", "area_km2": 0.10662197427713128, "pct_industrial": 0.0, "pct_commercial": 0.0, "pct_residential": 89.396038122790344, "pct_green": 0.014153613214879301, "bcr": 35.995279942839609, "n_buildings": 704, "mean_bldg_area": 54.515451877323649, "street_density_motorway": 0.0, "street_density_primary": 0.0, "street_density_secondary": 0.0, "street_density_residential": 23333.348075911901, "street_density_total": 23333.348075911901, "pop_density_km2": 12942.922970204163, "population": 1380, "PM2.5_mean": null, "PM10_mean": null, "n_sensores": null, "pm25_street_mean": 10.774305424321602, "pm25_street_p25": 10.537300338797937, "pm25_street_p75": 11.034200961991589, "pm10_street_mean": 20.968555992904154, "pm10_street_p25": 20.597805369232649, "pm10_street_p75": 21.396866144962598, "n_streets": 14, "PM2.5_lsoa_pred": 10.162449298072834, "PM10_lsoa_pred": 19.762548942063034, "PM2.5_final": 10.774305424321602, "PM10_final": 20.968555992904154, "score_pm25": "C" }, "geometry": { "type": "Polygon", "coordinates": [ [ [ -2.950640911375279, 53.379624798054415 ], [ -2.948680460516184, 53.378881296061152 ], [ -2.953096963431237, 53.375759050220495 ], [ -2.95552872794896, 53.377148442881818 ], [ -2.952163815805153, 53.380201987243545 ], [ -2.950640911375279, 53.379624798054415 ] ] ] } },
{ "type": "Feature", "properties": { "LSOA21CD": "E01032508", "LSOA21NM": "Liverpool 027G", "area_km2": 0.30641789861873669, "pct_industrial": 0.0, "pct_commercial": 0.0, "pct_residential": 60.878959117460397, "pct_green": 1.3324188058637698, "bcr": 21.206378915461464, "n_buildings": 525, "mean_bldg_area": 123.77169646835024, "street_density_motorway": 0.0, "street_density_primary": 5379.5702824547225, "street_density_secondary": 512.30305786203928, "street_density_residential": 14427.225544000084, "street_density_total": 20319.098884316845, "pop_density_km2": 5658.9383577672315, "population": 1734, "PM2.5_mean": null, "PM10_mean": null, "n_sensores": null, "pm25_street_mean": 9.4240899193921717, "pm25_street_p25": 8.8276685596528388, "pm25_street_p75": 9.9200737520385509, "pm10_street_mean": 18.625049294781469, "pm10_street_p25": 17.617442103276389, "pm10_street_p75": 19.383466940981613, "n_streets": 67, "PM2.5_lsoa_pred": 9.795268156020791, "PM10_lsoa_pred": 19.325088871587052, "PM2.5_final": 9.4240899193921717, "PM10_final": 18.625049294781469, "score_pm25": "B" }, "geometry": { "type": "Polygon", "coordinates": [ [ [ -2.913990424546433, 53.415224752660492 ], [ -2.911487968587191, 53.413731552693299 ], [ -2.914393085428671, 53.41019609203866 ], [ -2.920894257729818, 53.41011365275628 ], [ -2.920519205819442, 53.414341315730013 ], [ -2.916108843747773, 53.416431460324517 ], [ -2.913990424546433, 53.415224752660492 ] ] ] } },
{ "type": "Feature", "properties": { "LSOA21CD": "E01032509", "LSOA21NM": "Liverpool 027H", "area_km2": 0.20805416505650745, "pct_industrial": 0.65243078909353336, "pct_commercial": 0.0, "pct_residential": 41.37877948579748, "pct_green": 0.0, "bcr": 21.972091287933221, "n_buildings": 598, "mean_bldg_area": 76.444567014319531, "street_density_motorway": 0.0, "street_density_primary": 0.0, "street_density_secondary": 0.0, "street_density_residential": 11296.79693977922, "street_density_total": 11296.79693977922, "pop_density_km2": 6238.7599865999491, "population": 1298, "PM2.5_mean": null, "PM10_mean": null, "n_sensores": null, "pm25_street_mean": 7.7092803884493204, "pm25_street_p25": 7.1893570642422668, "pm25_street_p75": 7.9674745454067359, "pm10_street_mean": 15.849080170673002, "pm10_street_p25": 14.987256755520026, "pm10_street_p75": 16.243891158153325, "n_streets": 21, "PM2.5_lsoa_pred": 9.8078111401235706, "PM10_lsoa_pred": 19.435477931428895, "PM2.5_final": 7.7092803884493204, "PM10_final": 15.849080170673002, "score_pm25": "B" }, "geometry": { "type": "Polygon", "coordinates": [ [ [ -2.920894257729818, 53.41011365275628 ], [ -2.922744980357458, 53.406711156620823 ], [ -2.927950149209228, 53.411202366529494 ], [ -2.920519205819442, 53.414341315730013 ], [ -2.920894257729818, 53.41011365275628 ] ] ] } },
{ "type": "Feature", "properties": { "LSOA21CD": "E01032510", "LSOA21NM": "Liverpool 008F", "area_km2": 0.39797667230924794, "pct_industrial": 23.855723209768414, "pct_commercial": 0.0, "pct_residential": 59.224851400635352, "pct_green": 6.152789571289663, "bcr": 10.51597670520451, "n_buildings": 91, "mean_bldg_area": 459.90257310097371, "street_density_motorway": 0.0, "street_density_primary": 0.0, "street_density_secondary": 2523.441929206052, "street_density_residential": 9135.2958967336308, "street_density_total": 11658.737825939679, "pop_density_km2": 5407.3521131605112, "population": 2152, "PM2.5_mean": null, "PM10_mean": null, "n_sensores": null, "pm25_street_mean": 8.2228357398444878, "pm25_street_p25": 7.0724406340045514, "pm25_street_p75": 8.6061965481140454, "pm10_street_mean": 16.638692646167698, "pm10_street_p25": 14.82733002747668, "pm10_street_p75": 17.320720467336081, "n_streets": 38, "PM2.5_lsoa_pred": 9.7674075776790303, "PM10_lsoa_pred": 19.388951532445521, "PM2.5_final": 8.2228357398444878, "PM10_final": 16.638692646167698, "score_pm25": "B" }, "geometry": { "type": "Polygon", "coordinates": [ [ [ -2.935597295243565, 53.450587314702496 ], [ -2.932957830801362, 53.447610691017516 ], [ -2.933406897963617, 53.44652734489749 ], [ -2.933794429182944, 53.446930925338918 ], [ -2.935984696948914, 53.449225420070285 ], [ -2.942265427170475, 53.447848993821474 ], [ -2.942619501757791, 53.448240099621188 ], [ -2.943889697694835, 53.4493115597379 ], [ -2.946133814133709, 53.450660106474068 ], [ -2.939149577587335, 53.453742003367566 ], [ -2.934864003202791, 53.454539069734075 ], [ -2.931984629917971, 53.451673382766224 ], [ -2.935597295243565, 53.450587314702496 ] ] ] } },
{ "type": "Feature", "properties": { "LSOA21CD": "E01032511", "LSOA21NM": "Liverpool 008G", "area_km2": 0.65680157311200849, "pct_industrial": 37.372425970220249, "pct_commercial": 0.0, "pct_residential": 28.715759321139451, "pct_green": 4.8064501182978852, "bcr": 18.658394834407684, "n_buildings": 231, "mean_bldg_area": 530.51355320276787, "street_density_motorway": 0.0, "street_density_primary": 0.0, "street_density_secondary": 1360.8927320329651, "street_density_residential": 5992.777232868636, "street_density_total": 7353.6699649016, "pop_density_km2": 2037.1449380981041, "population": 1338, "PM2.5_mean": null, "PM10_mean": null, "n_sensores": null, "pm25_street_mean": 10.888709067423109, "pm25_street_p25": 9.2148364200451311, "pm25_street_p75": 13.306323841670926, "pm10_street_mean": 21.364986039543354, "pm10_street_p25": 18.506830751873583, "pm10_street_p75": 25.658228561860732, "n_streets": 47, "PM2.5_lsoa_pred": 8.677835278845464, "PM10_lsoa_pred": 17.480519280452668, "PM2.5_final": 10.888709067423109, "PM10_final": 21.364986039543354, "score_pm25": "C" }, "geometry": { "type": "Polygon", "coordinates": [ [ [ -2.939149577587335, 53.453742003367566 ], [ -2.946133814133709, 53.450660106474068 ], [ -2.943889697694835, 53.4493115597379 ], [ -2.949021380747485, 53.450480422752705 ], [ -2.954150001521395, 53.450638277413759 ], [ -2.956740907937768, 53.452367813453876 ], [ -2.954329499789683, 53.454831404022848 ], [ -2.948954567429328, 53.459290645867327 ], [ -2.939149577587335, 53.453742003367566 ] ] ] } },
{ "type": "Feature", "properties": { "LSOA21CD": "E01033747", "LSOA21NM": "Liverpool 018F", "area_km2": 0.2418752290642005, "pct_industrial": 0.0, "pct_commercial": 0.0, "pct_residential": 93.610384065613559, "pct_green": 3.5514425859148697, "bcr": 19.528635191994809, "n_buildings": 491, "mean_bldg_area": 96.201489009673139, "street_density_motorway": 0.0, "street_density_primary": 0.0, "street_density_secondary": 0.0, "street_density_residential": 19947.539460956606, "street_density_total": 19947.539460956606, "pop_density_km2": 7983.454971684836, "population": 1931, "PM2.5_mean": null, "PM10_mean": null, "n_sensores": null, "pm25_street_mean": 11.51097181329815, "pm25_street_p25": 10.891710525394195, "pm25_street_p75": 12.243774420648325, "pm10_street_mean": 22.106272283330743, "pm10_street_p25": 20.980006631467113, "pm10_street_p75": 23.324888973553765, "n_streets": 44, "PM2.5_lsoa_pred": 10.93468385072133, "PM10_lsoa_pred": 21.215718044150194, "PM2.5_final": 11.51097181329815, "PM10_final": 22.106272283330743, "score_pm25": "C" }, "geometry": { "type": "Polygon", "coordinates": [ [ [ -2.960799449619252, 53.429681794244807 ], [ -2.958496341716504, 53.427887444764892 ], [ -2.964184488525894, 53.425679238525902 ], [ -2.969571946446279, 53.427112775423616 ], [ -2.967270611230007, 53.429108149788121 ], [ -2.963488606980628, 53.431318214713954 ], [ -2.960799449619252, 53.429681794244807 ] ] ] } },
{ "type": "Feature", "properties": { "LSOA21CD": "E01033748", "LSOA21NM": "Liverpool 050I", "area_km2": 0.44827472828862325, "pct_industrial": 32.666179401208211, "pct_commercial": 2.3100455033517204, "pct_residential": 13.457584587083844, "pct_green": 1.0823512206848509, "bcr": 14.224963199564169, "n_buildings": 227, "mean_bldg_area": 280.9115204052992, "street_density_motorway": 0.0, "street_density_primary": 654.83580780193643, "street_density_secondary": 0.0, "street_density_residential": 3305.3661242291669, "street_density_total": 3960.2019320311033, "pop_density_km2": 2688.0837217844601, "population": 1205, "PM2.5_mean": 7.4003262938858221, "PM10_mean": 15.876869515489124, "n_sensores": 1.0, "pm25_street_mean": 7.072141376439034, "pm25_street_p25": 6.7399053681186842, "pm25_street_p75": 7.2647240037533694, "pm10_street_mean": 14.74783610792562, "pm10_street_p25": 14.077527499364491, "pm10_street_p75": 15.321511907456378, "n_streets": 24, "PM2.5_lsoa_pred": 8.4124503399032804, "PM10_lsoa_pred": 17.103050416253886, "PM2.5_final": 7.4003262938858221, "PM10_final": 15.876869515489124, "score_pm25": "B" }, "geometry": { "type": "Polygon", "coordinates": [ [ [ -2.97166382339879, 53.381138505808515 ], [ -2.968425968512801, 53.379336343311763 ], [ -2.966464724127558, 53.3752232262947 ], [ -2.966909430384859, 53.374913847390125 ], [ -2.967998809853905, 53.375311914070032 ], [ -2.969299802114885, 53.375787282359148 ], [ -2.984977180616677, 53.386492911587034 ], [ -2.981446872560491, 53.387094237653415 ], [ -2.979995495078112, 53.387325875048852 ], [ -2.97166382339879, 53.381138505808515 ] ] ] } },
{ "type": "Feature", "properties": { "LSOA21CD": "E01033750", "LSOA21NM": "Liverpool 061A", "area_km2": 0.47257735600409001, "pct_industrial": 0.95949195312335345, "pct_commercial": 26.885462832299407, "pct_residential": 22.23822047227674, "pct_green": 1.3122286779025585, "bcr": 18.228466778858841, "n_buildings": 102, "mean_bldg_area": 844.54516023151984, "street_density_motorway": 0.0, "street_density_primary": 484.92069095284586, "street_density_secondary": 0.0, "street_density_residential": 883.54681068627951, "street_density_total": 1368.4675016391252, "pop_density_km2": 4623.5816681430024, "population": 2185, "PM2.5_mean": null, "PM10_mean": null, "n_sensores": null, "pm25_street_mean": 5.9282972321968135, "pm25_street_p25": 5.6020933719650667, "pm25_street_p75": 6.2215771469591621, "pm10_street_mean": 12.977610487453344, "pm10_street_p25": 12.264832176446726, "pm10_street_p75": 13.725705935496567, "n_streets": 5, "PM2.5_lsoa_pred": 7.8948326361842902, "PM10_lsoa_pred": 16.518820898646954, "PM2.5_final": 5.9282972321968135, "PM10_final": 12.977610487453344, "score_pm25": "B" }, "geometry": { "type": "Polygon", "coordinates": [ [ [ -2.98701261258905, 53.398504526970825 ], [ -2.983920264698088, 53.393773007723034 ], [ -2.979633044863794, 53.394068284818793 ], [ -2.980777920370563, 53.392845375425544 ], [ -2.986315083720991, 53.390524366319063 ], [ -2.981446872560491, 53.387094237653415 ], [ -2.984977180616677, 53.386492911587034 ], [ -2.990985707096721, 53.395084050676665 ], [ -2.990714400853487, 53.395120704409713 ], [ -2.992852945001838, 53.398642298996535 ], [ -2.987962698282097, 53.399842447023225 ], [ -2.98701261258905, 53.398504526970825 ] ] ] } },
{ "type": "Feature", "properties": { "LSOA21CD": "E01033751", "LSOA21NM": "Liverpool 062A", "area_km2": 0.7247879331333511, "pct_industrial": 17.435671572286999, "pct_commercial": 8.4822545436313632, "pct_residential": 18.316827486759259, "pct_green": 2.11502726843218, "bcr": 17.954269378334072, "n_buildings": 220, "mean_bldg_area": 591.50171789282592, "street_density_motorway": 0.0, "street_density_primary": 2038.3738909574663, "street_density_secondary": 237.9615503458657, "street_density_residential": 3752.1069719855896, "street_density_total": 6028.4424132889208, "pop_density_km2": 3432.7282316139799, "population": 2488, "PM2.5_mean": null, "PM10_mean": null, "n_sensores": null, "pm25_street_mean": 6.9158249126743847, "pm25_street_p25": 6.1490722979363168, "pm25_street_p75": 7.1666170186342892, "pm10_street_mean": 14.547873413171148, "pm10_street_p25": 13.340482906224622, "pm10_street_p75": 15.052910511364253, "n_streets": 60, "PM2.5_lsoa_pred": 8.3818516460360364, "PM10_lsoa_pred": 17.131447040430114, "PM2.5_final": 6.9158249126743847, "PM10_final": 14.547873413171148, "score_pm25": "B" }, "geometry": { "type": "Polygon", "coordinates": [ [ [ -2.98233762175727, 53.415001269631645 ], [ -2.985518222623825, 53.41270415060108 ], [ -2.989483391222707, 53.411221538224012 ], [ -3.001234006020185, 53.411301711954302 ], [ -3.001809414203104, 53.411211996956119 ], [ -3.001944951691176, 53.411742124551559 ], [ -3.003141975956295, 53.416423441024733 ], [ -2.984649999106405, 53.417065699049516 ], [ -2.98233762175727, 53.415001269631645 ] ] ] } },
{ "type": "Feature", "properties": { "LSOA21CD": "E01033756", "LSOA21NM": "Liverpool 061C", "area_km2": 0.49385974852201914, "pct_industrial": 1.4977950778175819, "pct_commercial": 6.4090056431915325, "pct_residential": 0.1781265236328847, "pct_green": 1.3829977289076656, "bcr": 39.839447448587499, "n_buildings": 338, "mean_bldg_area": 582.10353545016631, "street_density_motorway": 0.0, "street_density_primary": 1667.5613105345251, "street_density_secondary": 1716.3839311650029, "street_density_residential": 173.7292140378475, "street_density_total": 3557.6744557373754, "pop_density_km2": 2053.2145068202294, "population": 1014, "PM2.5_mean": 9.3243526978941311, "PM10_mean": 17.240202041766373, "n_sensores": 2.0, "pm25_street_mean": 6.0874258160975527, "pm25_street_p25": 5.2631487606514966, "pm25_street_p75": 6.8419580899708166, "pm10_street_mean": 13.413146309505169, "pm10_street_p25": 12.00100662226362, "pm10_street_p75": 14.734024464887527, "n_streets": 34, "PM2.5_lsoa_pred": 7.7806145078115909, "PM10_lsoa_pred": 16.198073035766264, "PM2.5_final": 9.3243526978941311, "PM10_final": 17.240202041766373, "score_pm25": "B" }, "geometry": { "type": "Polygon", "coordinates": [ [ [ -2.974575052616169, 53.403088961044382 ], [ -2.976669131732737, 53.402884617153845 ], [ -2.981960439176232, 53.40393618489766 ], [ -2.983235403000903, 53.401598365490976 ], [ -2.98690329918655, 53.400857971722814 ], [ -2.987962698282097, 53.399842447023225 ], [ -2.992852945001838, 53.398642298996535 ], [ -2.990714400853487, 53.395120704409713 ], [ -2.990985707096721, 53.395084050676665 ], [ -2.995061042722981, 53.400908895315801 ], [ -2.995341852445851, 53.401333130964751 ], [ -2.988298188536871, 53.405270876606018 ], [ -2.978264314609218, 53.405515961606412 ], [ -2.974575052616169, 53.403088961044382 ] ] ] } },
{ "type": "Feature", "properties": { "LSOA21CD": "E01033757", "LSOA21NM": "Liverpool 037E", "area_km2": 0.041205974567004026, "pct_industrial": 0.0, "pct_commercial": 0.0, "pct_residential": 91.80924443090052, "pct_green": 0.0, "bcr": 26.754281519009385, "n_buildings": 71, "mean_bldg_area": 155.27271039869953, "street_density_motorway": 0.0, "street_density_primary": 0.0, "street_density_secondary": 0.0, "street_density_residential": 17360.068357208194, "street_density_total": 17360.068357208194, "pop_density_km2": 31961.38457685204, "population": 1317, "PM2.5_mean": null, "PM10_mean": null, "n_sensores": null, "pm25_street_mean": 7.924160788578881, "pm25_street_p25": 7.6618038251619165, "pm25_street_p75": 8.1918295303056539, "pm10_street_mean": 16.299128022434132, "pm10_street_p25": 15.869401166979053, "pm10_street_p75": 16.782250950827848, "n_streets": 6, "PM2.5_lsoa_pred": 9.6503347493754745, "PM10_lsoa_pred": 19.149289778943348, "PM2.5_final": 7.924160788578881, "PM10_final": 16.299128022434132, "score_pm25": "B" }, "geometry": { "type": "Polygon", "coordinates": [ [ [ -2.962303998058883, 53.399180134559828 ], [ -2.966484723130073, 53.398498229679575 ], [ -2.967382076368513, 53.400927876830281 ], [ -2.967203864722897, 53.400939393898412 ], [ -2.962303998058883, 53.399180134559828 ] ] ] } },
{ "type": "Feature", "properties": { "LSOA21CD": "E01033758", "LSOA21NM": "Liverpool 060B", "area_km2": 0.2152543408438988, "pct_industrial": 0.0, "pct_commercial": 0.0, "pct_residential": 37.97219997114162, "pct_green": 10.248778977474206, "bcr": 30.957651639362471, "n_buildings": 113, "mean_bldg_area": 589.71406174389483, "street_density_motorway": 0.0, "street_density_primary": 1751.5246258581999, "street_density_secondary": 1370.9049917311347, "street_density_residential": 1588.5292472152812, "street_density_total": 4710.9588648046156, "pop_density_km2": 9100.8617634366565, "population": 1959, "PM2.5_mean": null, "PM10_mean": null, "n_sensores": null, "pm25_street_mean": 8.0670529954341248, "pm25_street_p25": 5.9624853878903341, "pm25_street_p75": 9.5210949857608096, "pm10_street_mean": 16.889564002499515, "pm10_street_p25": 13.259789230473512, "pm10_street_p75": 19.405796040085193, "n_streets": 17, "PM2.5_lsoa_pred": 9.3452678517525314, "PM10_lsoa_pred": 18.95421159595648, "PM2.5_final": 8.0670529954341248, "PM10_final": 16.889564002499515, "score_pm25": "B" }, "geometry": { "type": "Polygon", "coordinates": [ [ [ -2.967934684344516, 53.411751402325706 ], [ -2.968142868193297, 53.408723246510135 ], [ -2.974566758232736, 53.409228904416281 ], [ -2.976449946121247, 53.411362099762556 ], [ -2.973873011625526, 53.412488776008765 ], [ -2.968635274781536, 53.413717931650915 ], [ -2.967934684344516, 53.411751402325706 ] ] ] } },
{ "type": "Feature", "properties": { "LSOA21CD": "E01033760", "LSOA21NM": "Liverpool 060C", "area_km2": 0.43280247116337978, "pct_industrial": 0.0, "pct_commercial": 19.969420185146788, "pct_residential": 4.4611299069591688, "pct_green": 2.0330652429723339, "bcr": 48.911301473852653, "n_buildings": 307, "mean_bldg_area": 689.54176370359892, "street_density_motorway": 0.0, "street_density_primary": 3967.1565258668343, "street_density_secondary": 535.02412075523966, "street_density_residential": 1503.2891281486045, "street_density_total": 6005.4697747706787, "pop_density_km2": 5725.4756271125198, "population": 2478, "PM2.5_mean": 7.4215966662586066, "PM10_mean": 16.37678849288621, "n_sensores": 1.0, "pm25_street_mean": 8.1012697735351473, "pm25_street_p25": 6.1231350153160902, "pm25_street_p75": 9.8432813252544644, "pm10_street_mean": 16.971859841825161, "pm10_street_p25": 13.536842582985873, "pm10_street_p75": 20.02452998489758, "n_streets": 47, "PM2.5_lsoa_pred": 6.9596240531833899, "PM10_lsoa_pred": 14.795780700841938, "PM2.5_final": 7.4215966662586066, "PM10_final": 16.37678849288621, "score_pm25": "B" }, "geometry": { "type": "Polygon", "coordinates": [ [ [ -2.974566758232736, 53.409228904416281 ], [ -2.97360265358598, 53.407771791067596 ], [ -2.978264314609218, 53.405515961606412 ], [ -2.988298188536871, 53.405270876606018 ], [ -2.988747873103748, 53.406460793521866 ], [ -2.988677841597215, 53.407998620267001 ], [ -2.982624062156534, 53.409627727134612 ], [ -2.976449946121247, 53.411362099762556 ], [ -2.974566758232736, 53.409228904416281 ] ] ] } },
{ "type": "Feature", "properties": { "LSOA21CD": "E01033761", "LSOA21NM": "Liverpool 060D", "area_km2": 0.13396398090800429, "pct_industrial": 0.0, "pct_commercial": 0.0, "pct_residential": 0.0, "pct_green": 0.0, "bcr": 55.712687389195622, "n_buildings": 213, "mean_bldg_area": 350.39875069201008, "street_density_motorway": 0.0, "street_density_primary": 0.0, "street_density_secondary": 0.0, "street_density_residential": 6123.8625434713485, "street_density_total": 6123.8625434713485, "pop_density_km2": 16108.807646451931, "population": 2158, "PM2.5_mean": null, "PM10_mean": null, "n_sensores": null, "pm25_street_mean": 7.434302096251173, "pm25_street_p25": 6.9432945749645985, "pm25_street_p75": 7.7535473650646747, "pm10_street_mean": 15.471133541115034, "pm10_street_p25": 14.709950863107251, "pm10_street_p75": 15.998189869039109, "n_streets": 5, "PM2.5_lsoa_pred": 8.1446660816662337, "PM10_lsoa_pred": 16.722635072336196, "PM2.5_final": 7.434302096251173, "PM10_final": 15.471133541115034, "score_pm25": "B" }, "geometry": { "type": "Polygon", "coordinates": [ [ [ -2.976669131732737, 53.402884617153845 ], [ -2.976886588433223, 53.400156798740383 ], [ -2.97759677121682, 53.399550155410154 ], [ -2.983235403000903, 53.401598365490976 ], [ -2.981960439176232, 53.40393618489766 ], [ -2.976669131732737, 53.402884617153845 ] ] ] } },
{ "type": "Feature", "properties": { "LSOA21CD": "E01033762", "LSOA21NM": "Liverpool 060E", "area_km2": 0.11953156250486867, "pct_industrial": 0.0, "pct_commercial": 39.446661787838423, "pct_residential": 16.191459693160855, "pct_green": 4.826004146106551, "bcr": 36.82589685652006, "n_buildings": 89, "mean_bldg_area": 494.59067324752522, "street_density_motorway": 0.0, "street_density_primary": 12583.307617147366, "street_density_secondary": 0.0, "street_density_residential": 3014.1407815529528, "street_density_total": 15597.44839870032, "pop_density_km2": 30761.749641231632, "population": 3677, "PM2.5_mean": 7.9097334469688922, "PM10_mean": 16.523078786978083, "n_sensores": 1.0, "pm25_street_mean": 6.9800442154677311, "pm25_street_p25": 6.439929919739404, "pm25_street_p75": 7.36981355530716, "pm10_street_mean": 14.930120618073808, "pm10_street_p25": 14.000869855962279, "pm10_street_p75": 15.57473680995329, "n_streets": 22, "PM2.5_lsoa_pred": 6.238801629153194, "PM10_lsoa_pred": 13.644656106085552, "PM2.5_final": 7.9097334469688922, "PM10_final": 16.523078786978083, "score_pm25": "B" }, "geometry": { "type": "Polygon", "coordinates": [ [ [ -2.982624062156534, 53.409627727134612 ], [ -2.988677841597215, 53.407998620267001 ], [ -2.98975400105311, 53.409625549078633 ], [ -2.985337663640222, 53.409257579550733 ], [ -2.989483391222707, 53.411221538224012 ], [ -2.985518222623825, 53.41270415060108 ], [ -2.982624062156534, 53.409627727134612 ] ] ] } },
{ "type": "Feature", "properties": { "LSOA21CD": "E01033763", "LSOA21NM": "Liverpool 031G", "area_km2": 0.36182372313239414, "pct_industrial": 1.9690212586395524, "pct_commercial": 1.2011494750398422, "pct_residential": 66.392496204156146, "pct_green": 7.982955822438913, "bcr": 22.626543824174089, "n_buildings": 890, "mean_bldg_area": 91.986745259336502, "street_density_motorway": 0.0, "street_density_primary": 0.0, "street_density_secondary": 3599.9872318713501, "street_density_residential": 12942.19417042796, "street_density_total": 16542.181402299309, "pop_density_km2": 6818.2372859429825, "population": 2467, "PM2.5_mean": null, "PM10_mean": null, "n_sensores": null, "pm25_street_mean": 9.1435399428132857, "pm25_street_p25": 8.6112261796619922, "pm25_street_p75": 9.7006205140804269, "pm10_street_mean": 18.345374469366853, "pm10_street_p25": 17.45766583112853, "pm10_street_p75": 19.284885823898847, "n_streets": 66, "PM2.5_lsoa_pred": 10.31798628897843, "PM10_lsoa_pred": 20.258326927462512, "PM2.5_final": 9.1435399428132857, "PM10_final": 18.345374469366853, "score_pm25": "B" }, "geometry": { "type": "Polygon", "coordinates": [ [ [ -2.945344031296218, 53.408196670580992 ], [ -2.943809074702455, 53.403728722742414 ], [ -2.948665927250949, 53.403047372101376 ], [ -2.95650646836165, 53.406214096825899 ], [ -2.954460574748627, 53.408744763007938 ], [ -2.945344031296218, 53.408196670580992 ] ] ] } },
{ "type": "Feature", "properties": { "LSOA21CD": "E01033765", "LSOA21NM": "Liverpool 061D", "area_km2": 0.34118665578620699, "pct_industrial": 11.365733860796208, "pct_commercial": 0.0, "pct_residential": 53.93540227988899, "pct_green": 0.79475196839023321, "bcr": 16.758691781375653, "n_buildings": 397, "mean_bldg_area": 144.02624695817008, "street_density_motorway": 0.0, "street_density_primary": 1658.7108455022787, "street_density_secondary": 0.0, "street_density_residential": 12619.723192079457, "street_density_total": 14278.434037581739, "pop_density_km2": 4399.3514240502727, "population": 1501, "PM2.5_mean": null, "PM10_mean": null, "n_sensores": null, "pm25_street_mean": 7.7889276507986338, "pm25_street_p25": 6.662274845740467, "pm25_street_p75": 8.5675067772760016, "pm10_street_mean": 15.953252590816946, "pm10_street_p25": 14.227928730546322, "pm10_street_p75": 17.092037985454773, "n_streets": 42, "PM2.5_lsoa_pred": 9.7377794077225008, "PM10_lsoa_pred": 19.247215067328884, "PM2.5_final": 7.7889276507986338, "PM10_final": 15.953252590816946, "score_pm25": "B" }, "geometry": { "type": "Polygon", "coordinates": [ [ [ -2.974722013422127, 53.391626983832246 ], [ -2.973833693771105, 53.3883201541246 ], [ -2.979995495078112, 53.387325875048852 ], [ -2.981446872560491, 53.387094237653415 ], [ -2.986315083720991, 53.390524366319063 ], [ -2.980777920370563, 53.392845375425544 ], [ -2.974722013422127, 53.391626983832246 ] ] ] } },
{ "type": "Feature", "properties": { "LSOA21CD": "E01033767", "LSOA21NM": "Liverpool 050J", "area_km2": 0.082715494570947096, "pct_industrial": 0.0, "pct_commercial": 0.0, "pct_residential": 76.659150412941315, "pct_green": 3.4989039633644818, "bcr": 29.575175130970361, "n_buildings": 502, "mean_bldg_area": 48.731578445828447, "street_density_motorway": 0.0, "street_density_primary": 0.0, "street_density_secondary": 0.0, "street_density_residential": 12516.251201476338, "street_density_total": 12516.251201476338, "pop_density_km2": 12162.171129099994, "population": 1006, "PM2.5_mean": null, "PM10_mean": null, "n_sensores": null, "pm25_street_mean": 10.030927211188375, "pm25_street_p25": 8.7526067022312315, "pm25_street_p75": 10.332004907090734, "pm10_street_mean": 19.764054155697647, "pm10_street_p25": 17.497495959187916, "pm10_street_p75": 20.318667949500533, "n_streets": 12, "PM2.5_lsoa_pred": 9.7350418130439689, "PM10_lsoa_pred": 19.31276969835017, "PM2.5_final": 10.030927211188375, "PM10_final": 19.764054155697647, "score_pm25": "C" }, "geometry": { "type": "Polygon", "coordinates": [ [ [ -2.966433492874955, 53.381832412312981 ], [ -2.967048033105931, 53.380229054561816 ], [ -2.968425968512801, 53.379336343311763 ], [ -2.97166382339879, 53.381138505808515 ], [ -2.969894206017285, 53.383097543499289 ], [ -2.966433492874955, 53.381832412312981 ] ] ] } },
{ "type": "Feature", "properties": { "LSOA21CD": "E01033768", "LSOA21NM": "Liverpool 037F", "area_km2": 0.078072887565105054, "pct_industrial": 0.0, "pct_commercial": 0.0, "pct_residential": 75.212753123323623, "pct_green": 7.9546679460090832, "bcr": 23.222939799609215, "n_buildings": 147, "mean_bldg_area": 123.33890938136692, "street_density_motorway": 0.0, "street_density_primary": 679.94172648949632, "street_density_secondary": 0.0, "street_density_residential": 18441.755331885499, "street_density_total": 19121.697058375001, "pop_density_km2": 14512.08012583357, "population": 1133, "PM2.5_mean": null, "PM10_mean": null, "n_sensores": null, "pm25_street_mean": 11.318464220279028, "pm25_street_p25": 9.6221725875532051, "pm25_street_p75": 12.451849116736994, "pm10_street_mean": 22.048058930004238, "pm10_street_p25": 19.039608437397924, "pm10_street_p75": 24.051896053232412, "n_streets": 14, "PM2.5_lsoa_pred": 11.319821096096774, "PM10_lsoa_pred": 21.985046242499294, "PM2.5_final": 11.318464220279028, "PM10_final": 22.048058930004238, "score_pm25": "C" }, "geometry": { "type": "Polygon", "coordinates": [ [ [ -2.963332835584789, 53.396696609406675 ], [ -2.968369361732968, 53.395950998412879 ], [ -2.966484723130073, 53.398498229679575 ], [ -2.962303998058883, 53.399180134559828 ], [ -2.963332835584789, 53.396696609406675 ] ] ] } },
{ "type": "Feature", "properties": { "LSOA21CD": "E01034396", "LSOA21NM": "Liverpool 010G", "area_km2": 0.32269164420621504, "pct_industrial": 0.0, "pct_commercial": 0.0, "pct_residential": 87.338575231828898, "pct_green": 0.74096835764727365, "bcr": 17.883067930507067, "n_buildings": 417, "mean_bldg_area": 138.38648906347152, "street_density_motorway": 0.0, "street_density_primary": 0.0, "street_density_secondary": 0.0, "street_density_residential": 15902.620360962876, "street_density_total": 15902.620360962876, "pop_density_km2": 5742.3240832844322, "population": 1853, "PM2.5_mean": null, "PM10_mean": null, "n_sensores": null, "pm25_street_mean": 12.098386300645672, "pm25_street_p25": 11.259272835855729, "pm25_street_p75": 12.488287108587842, "pm10_street_mean": 23.190335958097091, "pm10_street_p25": 21.719847394998254, "pm10_street_p75": 23.807176455367774, "n_streets": 38, "PM2.5_lsoa_pred": 10.258416221838862, "PM10_lsoa_pred": 20.131304775542912, "PM2.5_final": 12.098386300645672, "PM10_final": 23.190335958097091, "score_pm25": "C" }, "geometry": { "type": "Polygon", "coordinates": [ [ [ -2.919578272517349, 53.442546585493758 ], [ -2.919386316972266, 53.439932313952042 ], [ -2.921162016933545, 53.438507383264714 ], [ -2.928209103388862, 53.440664070816048 ], [ -2.931517781878795, 53.442323931233716 ], [ -2.928029782568001, 53.443434708749152 ], [ -2.923163159072594, 53.444992482714099 ], [ -2.919578272517349, 53.442546585493758 ] ] ] } },
{ "type": "Feature", "properties": { "LSOA21CD": "E01034397", "LSOA21NM": "Liverpool 010H", "area_km2": 0.16999709641299021, "pct_industrial": 0.0, "pct_commercial": 0.0, "pct_residential": 99.999999999999957, "pct_green": 1.907025581791062, "bcr": 16.168101471860549, "n_buildings": 339, "mean_bldg_area": 81.077590109937674, "street_density_motorway": 0.0, "street_density_primary": 0.0, "street_density_secondary": 0.0, "street_density_residential": 21644.600155830703, "street_density_total": 21644.600155830703, "pop_density_km2": 10829.596733390566, "population": 1841, "PM2.5_mean": null, "PM10_mean": null, "n_sensores": null, "pm25_street_mean": 12.959786756307077, "pm25_street_p25": 12.500380118618649, "pm25_street_p75": 13.247060744068966, "pm10_street_mean": 24.544456949321766, "pm10_street_p25": 23.792474004013464, "pm10_street_p75": 25.062484187200432, "n_streets": 21, "PM2.5_lsoa_pred": 11.053759290904864, "PM10_lsoa_pred": 21.403458688217114, "PM2.5_final": 12.959786756307077, "PM10_final": 24.544456949321766, "score_pm25": "C" }, "geometry": { "type": "Polygon", "coordinates": [ [ [ -2.91360893453392, 53.438464030324432 ], [ -2.919386316972266, 53.439932313952042 ], [ -2.919578272517349, 53.442546585493758 ], [ -2.918578763653682, 53.443102667945446 ], [ -2.913027649341778, 53.442706464794391 ], [ -2.91360893453392, 53.438464030324432 ] ] ] } },
{ "type": "Feature", "properties": { "LSOA21CD": "E01034398", "LSOA21NM": "Liverpool 022F", "area_km2": 0.12612938117072403, "pct_industrial": 0.0, "pct_commercial": 0.0, "pct_residential": 100.0, "pct_green": 1.6948844612739895, "bcr": 19.0376470602274, "n_buildings": 164, "mean_bldg_area": 146.41503918616678, "street_density_motorway": 0.0, "street_density_primary": 3888.7191491064632, "street_density_secondary": 0.0, "street_density_residential": 17975.785068443518, "street_density_total": 21864.504217549984, "pop_density_km2": 9109.6934697931829, "population": 1149, "PM2.5_mean": null, "PM10_mean": null, "n_sensores": null, "pm25_street_mean": 9.220055675726794, "pm25_street_p25": 8.4817751775929704, "pm25_street_p75": 10.003936176714461, "pm10_street_mean": 18.356825576897265, "pm10_street_p25": 17.092990043314572, "pm10_street_p75": 19.688604413744205, "n_streets": 18, "PM2.5_lsoa_pred": 10.259611392599819, "PM10_lsoa_pred": 20.10567018223529, "PM2.5_final": 9.220055675726794, "PM10_final": 18.356825576897265, "score_pm25": "B" }, "geometry": { "type": "Polygon", "coordinates": [ [ [ -2.978405413607823, 53.432317200152958 ], [ -2.982818714699042, 53.42832520674412 ], [ -2.982816076092957, 53.428433274998305 ], [ -2.984849049007641, 53.432885039164297 ], [ -2.979027592195183, 53.433322793191529 ], [ -2.978405413607823, 53.432317200152958 ] ] ] } },
{ "type": "Feature", "properties": { "LSOA21CD": "E01034399", "LSOA21NM": "Liverpool 022G", "area_km2": 0.28317417187360522, "pct_industrial": 0.0, "pct_commercial": 0.0, "pct_residential": 95.915057278716887, "pct_green": 2.7467710861197161, "bcr": 14.2242724949155, "n_buildings": 178, "mean_bldg_area": 226.28913394675263, "street_density_motorway": 0.0, "street_density_primary": 106.82786808222652, "street_density_secondary": 0.0, "street_density_residential": 9668.4252545657782, "street_density_total": 9775.253122648006, "pop_density_km2": 3810.3757587101254, "population": 1079, "PM2.5_mean": null, "PM10_mean": null, "n_sensores": null, "pm25_street_mean": 9.5584943760278129, "pm25_street_p25": 8.3982738797481122, "pm25_street_p75": 10.338125015039681, "pm10_street_mean": 19.043066827647042, "pm10_street_p25": 17.030308701319264, "pm10_street_p75": 20.35960290007991, "n_streets": 32, "PM2.5_lsoa_pred": 9.9096278275671974, "PM10_lsoa_pred": 19.704310659298265, "PM2.5_final": 9.5584943760278129, "PM10_final": 19.043066827647042, "score_pm25": "B" }, "geometry": { "type": "Polygon", "coordinates": [ [ [ -2.976037746285774, 53.430430725419157 ], [ -2.975585461411641, 53.427015209353975 ], [ -2.97868364010587, 53.423671325655 ], [ -2.98054320382633, 53.425007972788528 ], [ -2.982818714699042, 53.42832520674412 ], [ -2.978405413607823, 53.432317200152958 ], [ -2.976908116067114, 53.43253546617138 ], [ -2.976037746285774, 53.430430725419157 ] ] ] } },
{ "type": "Feature", "properties": { "LSOA21CD": "E01034400", "LSOA21NM": "Liverpool 022H", "area_km2": 0.4899797896234242, "pct_industrial": 3.6852874357661047, "pct_commercial": 0.0, "pct_residential": 89.88225308846107, "pct_green": 8.9441073310197172, "bcr": 17.128414881675951, "n_buildings": 331, "mean_bldg_area": 253.55217886121784, "street_density_motorway": 0.0, "street_density_primary": 0.0, "street_density_secondary": 938.69489492057539, "street_density_residential": 10529.917779441685, "street_density_total": 11468.612674362261, "pop_density_km2": 2169.4772366365819, "population": 1063, "PM2.5_mean": null, "PM10_mean": null, "n_sensores": null, "pm25_street_mean": 9.2092160237985699, "pm25_street_p25": 7.9765741198640869, "pm25_street_p75": 9.9700629935244507, "pm10_street_mean": 18.393224888884951, "pm10_street_p25": 16.358813155597709, "pm10_street_p75": 19.742705063954496, "n_streets": 49, "PM2.5_lsoa_pred": 10.467545507165781, "PM10_lsoa_pred": 20.627134084763046, "PM2.5_final": 9.2092160237985699, "PM10_final": 18.393224888884951, "score_pm25": "B" }, "geometry": { "type": "Polygon", "coordinates": [ [ [ -2.97868364010587, 53.423671325655 ], [ -2.978445308420656, 53.422547410099412 ], [ -2.976574356689179, 53.415991208480669 ], [ -2.98233762175727, 53.415001269631645 ], [ -2.984649999106405, 53.417065699049516 ], [ -2.988506697032149, 53.419069235260281 ], [ -2.98054320382633, 53.425007972788528 ], [ -2.97868364010587, 53.423671325655 ] ] ] } },
{ "type": "Feature", "properties": { "LSOA21CD": "E01034401", "LSOA21NM": "Liverpool 035G", "area_km2": 0.79611439432273068, "pct_industrial": 10.153178141020067, "pct_commercial": 0.076219143589210198, "pct_residential": 42.308824254755123, "pct_green": 3.4722689359541543, "bcr": 19.205050024776419, "n_buildings": 1197, "mean_bldg_area": 127.73113423903612, "street_density_motorway": 0.0, "street_density_primary": 0.0, "street_density_secondary": 1904.5105167754164, "street_density_residential": 10525.271724882045, "street_density_total": 12429.782241657458, "pop_density_km2": 4759.3662757767024, "population": 3789, "PM2.5_mean": null, "PM10_mean": null, "n_sensores": null, "pm25_street_mean": 9.147983229207636, "pm25_street_p25": 7.9824593593747561, "pm25_street_p75": 9.9056446397545663, "pm10_street_mean": 18.20559527597915, "pm10_street_p25": 16.180658788180274, "pm10_street_p75": 19.632899513263197, "n_streets": 93, "PM2.5_lsoa_pred": 9.4343901152554501, "PM10_lsoa_pred": 18.699210026441694, "PM2.5_final": 9.147983229207636, "PM10_final": 18.20559527597915, "score_pm25": "B" }, "geometry": { "type": "Polygon", "coordinates": [ [ [ -2.929662473700412, 53.400588655960497 ], [ -2.933065365998491, 53.401112251585481 ], [ -2.939001236033647, 53.397998161602615 ], [ -2.94139550206917, 53.395937512512468 ], [ -2.94974913130432, 53.398539064325277 ], [ -2.952709971616295, 53.398342882711098 ], [ -2.95417864661231, 53.401030415700461 ], [ -2.949530127775359, 53.400171755133861 ], [ -2.948665927250949, 53.403047372101376 ], [ -2.943809074702455, 53.403728722742414 ], [ -2.933139814092348, 53.404074809160065 ], [ -2.932055355381882, 53.404186461175478 ], [ -2.929662473700412, 53.400588655960497 ] ] ] } },
{ "type": "Feature", "properties": { "LSOA21CD": "E01034402", "LSOA21NM": "Liverpool 037G", "area_km2": 0.018297828872006223, "pct_industrial": 0.0, "pct_commercial": 0.0, "pct_residential": 3.3859681606565561, "pct_green": 0.0, "bcr": 33.988008359953561, "n_buildings": 34, "mean_bldg_area": 182.91375313845504, "street_density_motorway": 0.0, "street_density_primary": 1784.237298855714, "street_density_secondary": 0.0, "street_density_residential": 11211.798370236467, "street_density_total": 12996.03566909218, "pop_density_km2": 60061.770589698528, "population": 1099, "PM2.5_mean": null, "PM10_mean": null, "n_sensores": null, "pm25_street_mean": 11.31474414331899, "pm25_street_p25": 11.237462742789535, "pm25_street_p75": 11.392025543848442, "pm10_street_mean": 22.195659293136831, "pm10_street_p25": 22.067986025338641, "pm10_street_p75": 22.323332560935022, "n_streets": 2, "PM2.5_lsoa_pred": 8.753187435138079, "PM10_lsoa_pred": 17.821096782515223, "PM2.5_final": 11.31474414331899, "PM10_final": 22.195659293136831, "score_pm25": "C" }, "geometry": { "type": "Polygon", "coordinates": [ [ [ -2.976376208787447, 53.399605188633629 ], [ -2.981750154832735, 53.395884635389052 ], [ -2.97759677121682, 53.399550155410154 ], [ -2.976886588433223, 53.400156798740383 ], [ -2.976376208787447, 53.399605188633629 ] ] ] } },
{ "type": "Feature", "properties": { "LSOA21CD": "E01034403", "LSOA21NM": "Liverpool 037H", "area_km2": 0.33286674479619027, "pct_industrial": 13.542132139305121, "pct_commercial": 0.0, "pct_residential": 32.765310674465709, "pct_green": 5.2116821562345272, "bcr": 23.41921570655845, "n_buildings": 224, "mean_bldg_area": 348.01241508580017, "street_density_motorway": 0.0, "street_density_primary": 3299.9458572323583, "street_density_secondary": 0.0, "street_density_residential": 10231.51363278301, "street_density_total": 13531.45949001537, "pop_density_km2": 3707.1891959515547, "population": 1234, "PM2.5_mean": null, "PM10_mean": null, "n_sensores": null, "pm25_street_mean": 10.500955087227522, "pm25_street_p25": 8.83410093556936, "pm25_street_p75": 11.28735556165314, "pm10_street_mean": 20.588818422718422, "pm10_street_p25": 17.692762406366764, "pm10_street_p75": 21.99745876053575, "n_streets": 47, "PM2.5_lsoa_pred": 9.7396630037859993, "PM10_lsoa_pred": 19.322411112222412, "PM2.5_final": 10.500955087227522, "PM10_final": 20.588818422718422, "score_pm25": "C" }, "geometry": { "type": "Polygon", "coordinates": [ [ [ -2.976197649548444, 53.397718388343485 ], [ -2.971365404773834, 53.395287570491881 ], [ -2.968854926472242, 53.392908753004491 ], [ -2.974318378248805, 53.393919016852728 ], [ -2.974722013422127, 53.391626983832246 ], [ -2.980777920370563, 53.392845375425544 ], [ -2.979633044863794, 53.394068284818793 ], [ -2.981750154832735, 53.395884635389052 ], [ -2.976376208787447, 53.399605188633629 ], [ -2.976197649548444, 53.397718388343485 ] ] ] } },
{ "type": "Feature", "properties": { "LSOA21CD": "E01034404", "LSOA21NM": "Liverpool 042H", "area_km2": 0.25838786480204046, "pct_industrial": 0.0, "pct_commercial": 0.0, "pct_residential": 41.780556471436967, "pct_green": 0.5008182344423171, "bcr": 19.675487674839054, "n_buildings": 312, "mean_bldg_area": 162.94574516796564, "street_density_motorway": 0.0, "street_density_primary": 315.7553191081351, "street_density_secondary": 0.0, "street_density_residential": 8090.7831743567331, "street_density_total": 8406.5384934648682, "pop_density_km2": 8491.1108409866556, "population": 2194, "PM2.5_mean": null, "PM10_mean": null, "n_sensores": null, "pm25_street_mean": 10.991801315876, "pm25_street_p25": 10.574971855564769, "pm25_street_p75": 11.183375384634065, "pm10_street_mean": 21.567089255436109, "pm10_street_p25": 20.811095581809035, "pm10_street_p75": 21.987886461430694, "n_streets": 16, "PM2.5_lsoa_pred": 9.5982625122084588, "PM10_lsoa_pred": 19.190282285589319, "PM2.5_final": 10.991801315876, "PM10_final": 21.567089255436109, "score_pm25": "C" }, "geometry": { "type": "Polygon", "coordinates": [ [ [ -2.917475894809825, 53.387854588485702 ], [ -2.919872977250538, 53.384505998166354 ], [ -2.918665124703482, 53.383113857738167 ], [ -2.922739094768077, 53.381517323958356 ], [ -2.925660187222252, 53.385291533401613 ], [ -2.922213351234424, 53.388988333252506 ], [ -2.917475894809825, 53.387854588485702 ] ] ] } },
{ "type": "Feature", "properties": { "LSOA21CD": "E01034405", "LSOA21NM": "Liverpool 060F", "area_km2": 0.39391571506581591, "pct_industrial": 0.0, "pct_commercial": 6.7309830329223468, "pct_residential": 1.0263840730209342, "pct_green": 9.3039829457357754, "bcr": 40.36653575597375, "n_buildings": 228, "mean_bldg_area": 697.41284197562379, "street_density_motorway": 0.0, "street_density_primary": 1027.3982755437946, "street_density_secondary": 0.0, "street_density_residential": 1004.9626250292092, "street_density_total": 2032.3609005730041, "pop_density_km2": 6100.289752589596, "population": 2403, "PM2.5_mean": 9.1472863435747325, "PM10_mean": 20.097915716251183, "n_sensores": 1.0, "pm25_street_mean": 7.8332064062611577, "pm25_street_p25": 6.5977674443927423, "pm25_street_p75": 7.8698906991956106, "pm10_street_mean": 16.351186668775927, "pm10_street_p25": 14.265174421795344, "pm10_street_p75": 16.299621056188407, "n_streets": 7, "PM2.5_lsoa_pred": 8.9199535564928158, "PM10_lsoa_pred": 18.230427483162966, "PM2.5_final": 9.1472863435747325, "PM10_final": 20.097915716251183, "score_pm25": "B" }, "geometry": { "type": "Polygon", "coordinates": [ [ [ -2.962349883045968, 53.406220766598913 ], [ -2.960810069655345, 53.4030540421899 ], [ -2.966728725101451, 53.403953447638344 ], [ -2.967203864722897, 53.400939393898412 ], [ -2.967382076368513, 53.400927876830281 ], [ -2.970450823839442, 53.401538318459444 ], [ -2.974575052616169, 53.403088961044382 ], [ -2.978264314609218, 53.405515961606412 ], [ -2.97360265358598, 53.407771791067596 ], [ -2.973090126067157, 53.405510824680249 ], [ -2.962349883045968, 53.406220766598913 ] ] ] } },
{ "type": "Feature", "properties": { "LSOA21CD": "E01034406", "LSOA21NM": "Liverpool 060G", "area_km2": 0.13732132139721498, "pct_industrial": 0.0, "pct_commercial": 0.0, "pct_residential": 40.430796692403668, "pct_green": 1.2795416765516143, "bcr": 36.462821873263337, "n_buildings": 242, "mean_bldg_area": 206.90590419453704, "street_density_motorway": 0.0, "street_density_primary": 9257.8952358926126, "street_density_secondary": 0.0, "street_density_residential": 10235.435991970948, "street_density_total": 19493.33122786356, "pop_density_km2": 10617.433514076058, "population": 1458, "PM2.5_mean": null, "PM10_mean": null, "n_sensores": null, "pm25_street_mean": 8.8146345436606754, "pm25_street_p25": 8.0893774643806537, "pm25_street_p75": 9.310103197428635, "pm10_street_mean": 17.867657768278121, "pm10_street_p25": 16.496424508279723, "pm10_street_p75": 18.841398320968729, "n_streets": 33, "PM2.5_lsoa_pred": 8.6187712610010525, "PM10_lsoa_pred": 17.401370903915591, "PM2.5_final": 8.8146345436606754, "PM10_final": 17.867657768278121, "score_pm25": "B" }, "geometry": { "type": "Polygon", "coordinates": [ [ [ -2.970450823839442, 53.401538318459444 ], [ -2.976197649548444, 53.397718388343485 ], [ -2.976376208787447, 53.399605188633629 ], [ -2.976886588433223, 53.400156798740383 ], [ -2.976669131732737, 53.402884617153845 ], [ -2.974575052616169, 53.403088961044382 ], [ -2.970450823839442, 53.401538318459444 ] ] ] } },
{ "type": "Feature", "properties": { "LSOA21CD": "E01034407", "LSOA21NM": "Liverpool 061E", "area_km2": 0.036566086725010861, "pct_industrial": 0.0, "pct_commercial": 26.3390593333928, "pct_residential": 32.000736772862084, "pct_green": 0.0, "bcr": 34.316962937721065, "n_buildings": 22, "mean_bldg_area": 570.38047405440545, "street_density_motorway": 0.0, "street_density_primary": 723.32715455273433, "street_density_secondary": 0.0, "street_density_residential": 7029.754105839761, "street_density_total": 7753.0812603924951, "pop_density_km2": 34157.332978858132, "population": 1249, "PM2.5_mean": null, "PM10_mean": null, "n_sensores": null, "pm25_street_mean": 7.9990239641412115, "pm25_street_p25": 6.999184597689629, "pm25_street_p75": 8.6509932105549012, "pm10_street_mean": 16.65422066141566, "pm10_street_p25": 14.924814748685286, "pm10_street_p75": 17.779886504760029, "n_streets": 7, "PM2.5_lsoa_pred": 7.4509241024814195, "PM10_lsoa_pred": 15.676823827603393, "PM2.5_final": 7.9990239641412115, "PM10_final": 16.65422066141566, "score_pm25": "B" }, "geometry": { "type": "Polygon", "coordinates": [ [ [ -2.98701261258905, 53.398504526970825 ], [ -2.987962698282097, 53.399842447023225 ], [ -2.98690329918655, 53.400857971722814 ], [ -2.983780280497278, 53.399456513508994 ], [ -2.98701261258905, 53.398504526970825 ] ] ] } },
{ "type": "Feature", "properties": { "LSOA21CD": "E01034408", "LSOA21NM": "Liverpool 061F", "area_km2": 0.30189105482313316, "pct_industrial": 0.0, "pct_commercial": 2.061330777780741, "pct_residential": 34.598622641355966, "pct_green": 2.0245087863932492, "bcr": 23.81800854275906, "n_buildings": 267, "mean_bldg_area": 269.30500834306849, "street_density_motorway": 0.0, "street_density_primary": 3449.1390662911099, "street_density_secondary": 0.0, "street_density_residential": 8913.7914826168981, "street_density_total": 12362.930548908003, "pop_density_km2": 4259.8148552411394, "population": 1286, "PM2.5_mean": null, "PM10_mean": null, "n_sensores": null, "pm25_street_mean": 8.2952205263982002, "pm25_street_p25": 7.580137156256594, "pm25_street_p75": 9.3096485821116168, "pm10_street_mean": 17.098028040590489, "pm10_street_p25": 15.756592142134084, "pm10_street_p75": 18.794181739237239, "n_streets": 37, "PM2.5_lsoa_pred": 9.5301608925945835, "PM10_lsoa_pred": 19.04069254504034, "PM2.5_final": 8.2952205263982002, "PM10_final": 17.098028040590489, "score_pm25": "B" }, "geometry": { "type": "Polygon", "coordinates": [ [ [ -2.97759677121682, 53.399550155410154 ], [ -2.981750154832735, 53.395884635389052 ], [ -2.979633044863794, 53.394068284818793 ], [ -2.983920264698088, 53.393773007723034 ], [ -2.98701261258905, 53.398504526970825 ], [ -2.983780280497278, 53.399456513508994 ], [ -2.98690329918655, 53.400857971722814 ], [ -2.983235403000903, 53.401598365490976 ], [ -2.97759677121682, 53.399550155410154 ] ] ] } },
{ "type": "Feature", "properties": { "LSOA21CD": "E01034409", "LSOA21NM": "Liverpool 062E", "area_km2": 0.19676178347505069, "pct_industrial": 0.0, "pct_commercial": 68.529888469889983, "pct_residential": 0.58486325666002603, "pct_green": 0.97916341465326617, "bcr": 35.109782531723667, "n_buildings": 81, "mean_bldg_area": 852.87202819297897, "street_density_motorway": 0.0, "street_density_primary": 3086.7132463881489, "street_density_secondary": 1222.5791365883815, "street_density_residential": 6551.0697176506337, "street_density_total": 10860.362100627162, "pop_density_km2": 10347.537840132272, "population": 2036, "PM2.5_mean": null, "PM10_mean": null, "n_sensores": null, "pm25_street_mean": 6.5540173757148175, "pm25_street_p25": 6.2791523238801554, "pm25_street_p75": 6.7741273627770919, "pm10_street_mean": 14.187061096838512, "pm10_street_p25": 13.68959212924918, "pm10_street_p75": 14.531535855344393, "n_streets": 25, "PM2.5_lsoa_pred": 6.3277783434330068, "PM10_lsoa_pred": 13.778552780837696, "PM2.5_final": 6.5540173757148175, "PM10_final": 14.187061096838512, "score_pm25": "B" }, "geometry": { "type": "Polygon", "coordinates": [ [ [ -2.989483391222707, 53.411221538224012 ], [ -2.985337663640222, 53.409257579550733 ], [ -2.98975400105311, 53.409625549078633 ], [ -2.996933732328884, 53.409121414294589 ], [ -2.99597605755407, 53.406436142391982 ], [ -3.001234006020185, 53.411301711954302 ], [ -2.989483391222707, 53.411221538224012 ] ] ] } },
{ "type": "Feature", "properties": { "LSOA21CD": "E01034410", "LSOA21NM": "Liverpool 062F", "area_km2": 0.21550534458120632, "pct_industrial": 0.0, "pct_commercial": 41.885494372839098, "pct_residential": 0.0, "pct_green": 0.56149349831296069, "bcr": 49.624449117547016, "n_buildings": 107, "mean_bldg_area": 999.4704679186458, "street_density_motorway": 0.0, "street_density_primary": 12440.347565573729, "street_density_secondary": 0.0, "street_density_residential": 2533.6664792100496, "street_density_total": 14974.01404478378, "pop_density_km2": 4774.8235757199709, "population": 1029, "PM2.5_mean": null, "PM10_mean": null, "n_sensores": null, "pm25_street_mean": 6.558532105588351, "pm25_street_p25": 6.4792224245258776, "pm25_street_p75": 6.5690117035051889, "pm10_street_mean": 14.222452220536551, "pm10_street_p25": 14.073838358304899, "pm10_street_p75": 14.221436849557881, "n_streets": 29, "PM2.5_lsoa_pred": 5.5391652792353483, "PM10_lsoa_pred": 12.36255281350704, "PM2.5_final": 6.558532105588351, "PM10_final": 14.222452220536551, "score_pm25": "B" }, "geometry": { "type": "Polygon", "coordinates": [ [ [ -2.988677841597215, 53.407998620267001 ], [ -2.988747873103748, 53.406460793521866 ], [ -2.9960734659154, 53.404521206692905 ], [ -2.99597605755407, 53.406436142391982 ], [ -2.996933732328884, 53.409121414294589 ], [ -2.98975400105311, 53.409625549078633 ], [ -2.988677841597215, 53.407998620267001 ] ] ] } },
{ "type": "Feature", "properties": { "LSOA21CD": "E01034411", "LSOA21NM": "Liverpool 062G", "area_km2": 0.23644635028702829, "pct_industrial": 0.0, "pct_commercial": 15.867110876561547, "pct_residential": 0.0, "pct_green": 0.73051693948115481, "bcr": 24.786660072351527, "n_buildings": 78, "mean_bldg_area": 751.37375768111895, "street_density_motorway": 0.0, "street_density_primary": 1723.6849145347633, "street_density_secondary": 0.0, "street_density_residential": 1187.1790313803572, "street_density_total": 2910.8639459151204, "pop_density_km2": 4732.5746353945287, "population": 1119, "PM2.5_mean": null, "PM10_mean": null, "n_sensores": null, "pm25_street_mean": 6.398734218452617, "pm25_street_p25": 6.2144624148755572, "pm25_street_p75": 6.3227459110785489, "pm10_street_mean": 14.089276048125843, "pm10_street_p25": 13.74621469081719, "pm10_street_p75": 13.947236839994506, "n_streets": 8, "PM2.5_lsoa_pred": 8.2542835030337756, "PM10_lsoa_pred": 17.097435695249203, "PM2.5_final": 6.398734218452617, "PM10_final": 14.089276048125843, "score_pm25": "B" }, "geometry": { "type": "Polygon", "coordinates": [ [ [ -2.99597605755407, 53.406436142391982 ], [ -2.9960734659154, 53.404521206692905 ], [ -2.988747873103748, 53.406460793521866 ], [ -2.988298188536871, 53.405270876606018 ], [ -2.995341852445851, 53.401333130964751 ], [ -2.995978385103338, 53.402294739343901 ], [ -3.001763388099424, 53.411031971612772 ], [ -3.001809414203104, 53.411211996956119 ], [ -3.001234006020185, 53.411301711954302 ], [ -2.99597605755407, 53.406436142391982 ] ] ] } }
]
}
